# Blender 5.0.1
# www.blender.org
mtllib annotator_coif.mtl
o SM_AnnotatorCoif
v 0.000000 8.499999 15.000001
v 0.000000 9.529180 14.942217
v 0.000000 10.548448 14.769423
v 0.000000 11.547989 14.483285
v 0.000000 13.449666 13.583055
v 0.000000 14.333488 12.977636
v 0.000000 15.161130 12.276126
v 0.000000 15.924621 11.485282
v 0.000000 16.616610 10.612721
v 0.000000 18.200735 7.592202
v 0.000000 18.547873 6.483417
v 0.000000 18.798246 5.341084
v 0.000000 18.949440 4.176207
v 0.000000 19.000000 3.000001
v 0.000000 18.949440 1.823795
v 0.000000 18.798246 0.658917
v 0.000000 18.547873 -0.483416
v 0.000000 18.200735 -1.592201
v 0.000000 17.230431 -3.666842
v 0.000000 16.616610 -4.612719
v 0.000000 15.161130 -6.276125
v 0.000000 13.449666 -7.583054
v 0.000000 11.547990 -8.483283
v 0.000000 10.548450 -8.769422
v 0.000000 9.529181 -8.942216
v 0.000000 8.500001 -9.000000
v 0.112585 9.520374 14.942217
v 0.224087 10.530923 14.769423
v 0.333430 11.521913 14.483285
v 0.439562 12.483799 14.086554
v 0.541461 13.407321 13.583055
v 0.638145 14.283581 12.977636
v 0.728684 15.104143 12.276126
v 0.812204 15.861103 11.485282
v 0.887903 16.547171 10.612721
v 0.955051 17.155741 9.666843
v 1.013002 17.680950 8.656762
v 1.061196 18.117744 7.592202
v 1.099171 18.461912 6.483417
v 1.126560 18.710142 5.341084
v 1.143100 18.860044 4.176207
v 1.148631 18.910172 3.000001
v 1.143100 18.860044 1.823795
v 1.126560 18.710142 0.658917
v 1.099171 18.461912 -0.483416
v 1.061196 18.117744 -1.592201
v 1.013002 17.680950 -2.656760
v 0.955051 17.155741 -3.666842
v 0.887903 16.547171 -4.612719
v 0.812204 15.861103 -5.485281
v 0.728684 15.104143 -6.276125
v 0.638145 14.283581 -6.977634
v 0.541461 13.407321 -7.583054
v 0.439562 12.483800 -8.086554
v 0.333430 11.521914 -8.483283
v 0.224087 10.530925 -8.769422
v 0.112585 9.520376 -8.942216
v 0.223245 9.494111 14.942217
v 0.444339 10.478648 14.769423
v 0.661155 11.444131 14.483285
v 0.871603 12.381259 14.086554
v 1.073657 13.281010 13.583055
v 1.265371 14.134717 12.977636
v 1.444899 14.934158 12.276126
v 1.610512 15.671633 11.485282
v 1.760615 16.340042 10.612721
v 1.893762 16.932947 9.666843
v 2.008671 17.444641 8.656762
v 2.104235 17.870192 7.592202
v 2.179535 18.205502 6.483417
v 2.233844 18.447342 5.341084
v 2.266640 18.593384 4.176207
v 2.277608 18.642221 3.000001
v 2.266640 18.593384 1.823795
v 2.233844 18.447342 0.658917
v 2.179535 18.205502 -0.483416
v 2.104235 17.870192 -1.592201
v 2.008671 17.444641 -2.656760
v 1.893762 16.932947 -3.666842
v 1.760615 16.340042 -4.612719
v 1.610512 15.671633 -5.485281
v 1.444899 14.934158 -6.276125
v 1.265371 14.134717 -6.977634
v 1.073657 13.281010 -7.583054
v 0.871603 12.381260 -8.086554
v 0.661155 11.444131 -8.483283
v 0.444339 10.478650 -8.769422
v 0.223245 9.494112 -8.942216
v 0.330084 9.450838 14.942217
v 0.656989 10.392518 14.769423
v 0.977567 11.315974 14.483285
v 1.288730 12.212310 14.086554
v 1.587483 13.072896 13.583055
v 1.870946 13.889441 12.977636
v 2.136392 14.654082 12.276126
v 2.381263 15.359457 11.485282
v 2.603201 15.998771 10.612721
v 2.800069 16.565866 9.666843
v 2.969971 17.055285 8.656762
v 3.111270 17.462311 7.592202
v 3.222606 17.783026 6.483417
v 3.302907 18.014339 5.341084
v 3.351398 18.154024 4.176207
v 3.367615 18.200735 3.000001
v 3.351398 18.154024 1.823795
v 3.302907 18.014339 0.658917
v 3.222606 17.783026 -0.483416
v 3.111270 17.462311 -1.592201
v 2.969971 17.055285 -2.656760
v 2.800069 16.565866 -3.666842
v 2.603201 15.998771 -4.612719
v 2.381263 15.359457 -5.485281
v 2.136392 14.654082 -6.276125
v 1.870946 13.889441 -6.977634
v 1.587483 13.072896 -7.583054
v 1.288730 12.212311 -8.086554
v 0.977567 11.315974 -8.483283
v 0.656989 10.392520 -8.769422
v 0.330084 9.450839 -8.942216
v 0.431276 9.391295 14.942217
v 0.858397 10.274007 14.769423
v 1.277253 11.139635 14.483285
v 1.683807 11.979842 14.086554
v 2.074146 12.786537 13.583055
v 2.444510 13.551949 12.977636
v 2.791331 14.268708 12.276126
v 3.111270 14.929912 11.485282
v 3.401247 15.529192 10.612721
v 3.658467 16.060776 9.666843
v 3.880454 16.519545 8.656762
v 4.065070 16.901083 7.592202
v 4.210538 17.201714 6.483417
v 4.315455 17.418543 5.341084
v 4.378813 17.549480 4.176207
v 4.400001 17.593267 3.000001
v 4.378813 17.549480 1.823795
v 4.315455 17.418543 0.658917
v 4.210538 17.201714 -0.483416
v 4.065070 16.901083 -1.592201
v 3.880454 16.519545 -2.656760
v 3.658467 16.060776 -3.666842
v 3.401247 15.529192 -4.612719
v 3.111270 14.929912 -5.485281
v 2.791331 14.268708 -6.276125
v 2.444510 13.551949 -6.977634
v 2.074146 12.786537 -7.583054
v 1.683807 11.979843 -8.086554
v 1.277253 11.139636 -8.483283
v 0.858397 10.274009 -8.769422
v 0.431276 9.391296 -8.942216
v 0.525088 9.316503 14.942217
v 1.045119 10.125142 14.769423
v 1.555084 10.918132 14.483285
v 2.050074 11.687833 14.086554
v 2.525320 12.426834 13.583055
v 2.976246 13.128016 12.977636
v 3.398510 13.784631 12.276126
v 3.788043 14.390349 11.485282
v 4.141096 14.939341 10.612721
v 4.454267 15.426317 9.666843
v 4.724542 15.846589 8.656762
v 4.949316 16.196112 7.592202
v 5.126426 16.471516 6.483417
v 5.254166 16.670149 5.341084
v 5.331305 16.790098 4.176207
v 5.357101 16.830210 3.000001
v 5.331305 16.790098 1.823795
v 5.254166 16.670149 0.658917
v 5.126426 16.471516 -0.483416
v 4.949316 16.196112 -1.592201
v 4.724542 15.846589 -2.656760
v 4.454267 15.426317 -3.666842
v 4.141096 14.939341 -4.612719
v 3.788043 14.390349 -5.485281
v 3.398510 13.784631 -6.276125
v 2.976246 13.128016 -6.977634
v 2.525320 12.426834 -7.583054
v 2.050074 11.687834 -8.086554
v 1.555084 10.918132 -8.483283
v 1.045119 10.125144 -8.769422
v 0.525088 9.316504 -8.942216
v 0.609916 9.227739 14.942217
v 1.213957 9.948471 14.769423
v 1.806308 10.655253 14.483285
v 2.381263 11.341279 14.086554
v 2.933285 11.999943 13.583055
v 3.457058 12.624900 12.977636
v 3.947539 13.210132 12.276126
v 4.400001 13.750002 11.485282
v 4.810089 14.239311 10.612721
v 5.173853 14.673347 9.666843
v 5.487791 15.047932 8.656762
v 5.748878 15.359457 7.592202
v 5.954600 15.604920 6.483417
v 6.102977 15.781960 5.341084
v 6.192577 15.888870 4.176207
v 6.222541 15.924623 3.000001
v 6.192577 15.888870 1.823795
v 6.102977 15.781960 0.658917
v 5.954600 15.604920 -0.483416
v 5.748878 15.359457 -1.592201
v 5.487791 15.047932 -2.656760
v 5.173853 14.673347 -3.666842
v 4.810089 14.239311 -4.612719
v 4.400001 13.750002 -5.485281
v 3.947539 13.210132 -6.276125
v 3.457058 12.624900 -6.977634
v 2.933285 11.999943 -7.583054
v 2.381263 11.341280 -8.086554
v 1.806308 10.655254 -8.483283
v 1.213957 9.948473 -8.769422
v 0.609916 9.227741 -8.942216
v 0.684308 9.126525 14.942217
v 1.362025 9.747016 14.769423
v 2.026626 10.355498 14.483285
v 2.671708 10.946111 14.086554
v 3.291061 11.513165 13.583055
v 3.878719 12.051203 12.977636
v 4.429025 12.555040 12.276126
v 4.936674 13.019824 11.485282
v 5.396781 13.441080 10.612721
v 5.804914 13.814751 9.666843
v 6.157142 14.137237 8.656762
v 6.450075 14.405434 7.592202
v 6.680889 14.616759 6.483417
v 6.847363 14.769176 5.341084
v 6.947893 14.861217 4.176207
v 6.981512 14.891995 3.000000
v 6.947893 14.861217 1.823795
v 6.847363 14.769176 0.658917
v 6.680889 14.616759 -0.483416
v 6.450075 14.405434 -1.592201
v 6.157142 14.137237 -2.656760
v 5.804914 13.814751 -3.666842
v 5.396781 13.441080 -4.612719
v 4.936674 13.019824 -5.485281
v 4.429025 12.555040 -6.276125
v 3.878719 12.051203 -6.977634
v 3.291061 11.513166 -7.583054
v 2.671708 10.946112 -8.086554
v 2.026626 10.355498 -8.483283
v 1.362025 9.747017 -8.769422
v 0.684308 9.126526 -8.942216
v 0.746991 9.014589 14.942217
v 1.486788 9.524224 14.769423
v 2.212267 10.023994 14.483285
v 2.916440 10.509088 14.086554
v 3.592526 10.974833 13.583055
v 4.234015 11.416743 12.977636
v 4.834728 11.830564 12.276126
v 5.388879 12.212311 11.485282
v 5.891133 12.558307 10.612721
v 6.336650 12.865215 9.666843
v 6.721144 13.130087 8.656762
v 7.040909 13.350369 7.592202
v 7.292866 13.523938 6.483417
v 7.474589 13.649124 5.341084
v 7.584328 13.724720 4.176207
v 7.621025 13.750000 3.000000
v 7.584328 13.724720 1.823795
v 7.474589 13.649124 0.658917
v 7.292866 13.523938 -0.483416
v 7.040909 13.350369 -1.592201
v 6.721144 13.130087 -2.656760
v 6.336650 12.865215 -3.666842
v 5.891133 12.558307 -4.612720
v 5.388879 12.212312 -5.485281
v 4.834728 11.830565 -6.276125
v 4.234015 11.416744 -6.977634
v 3.592526 10.974833 -7.583054
v 2.916440 10.509089 -8.086554
v 2.212267 10.023994 -8.483283
v 1.486788 9.524225 -8.769422
v 0.746991 9.014591 -8.942216
v 0.796893 8.893849 14.942217
v 1.586112 9.283907 14.769423
v 2.360055 9.666414 14.483285
v 3.111271 10.037689 14.086554
v 3.832522 10.394155 13.583055
v 4.516865 10.732379 12.977636
v 5.157708 11.049104 12.276126
v 5.748879 11.341280 11.485282
v 6.284686 11.606092 10.612721
v 6.759965 11.840991 9.666843
v 7.170145 12.043715 8.656762
v 7.511271 12.212312 7.592202
v 7.780060 12.345155 6.483417
v 7.973924 12.440969 5.341084
v 8.090993 12.498828 4.176206
v 8.130142 12.518176 3.000000
v 8.090993 12.498828 1.823795
v 7.973924 12.440969 0.658917
v 7.780060 12.345155 -0.483416
v 7.511271 12.212312 -1.592201
v 7.170145 12.043715 -2.656760
v 6.759965 11.840992 -3.666843
v 6.284686 11.606093 -4.612720
v 5.748879 11.341281 -5.485281
v 5.157708 11.049105 -6.276125
v 4.516865 10.732380 -6.977634
v 3.832522 10.394156 -7.583054
v 3.111271 10.037689 -8.086554
v 2.360055 9.666415 -8.483283
v 1.586112 9.283909 -8.769422
v 0.796893 8.893851 -8.942216
v 0.833160 8.766371 14.942217
v 1.658297 9.030177 14.769423
v 2.467463 9.288877 14.483285
v 3.252866 9.539980 14.086554
v 4.006943 9.781067 13.583055
v 4.722430 10.009817 12.977636
v 5.392438 10.224027 12.276126
v 6.010514 10.421633 11.485282
v 6.570706 10.600734 10.612721
v 7.067616 10.759601 9.666843
v 7.496462 10.896708 8.656762
v 7.853115 11.010736 7.592202
v 8.134135 11.100580 6.483417
v 8.336822 11.165382 5.341084
v 8.459219 11.204515 4.176206
v 8.500150 11.217600 3.000000
v 8.459219 11.204515 1.823795
v 8.336822 11.165382 0.658917
v 8.134135 11.100580 -0.483416
v 7.853115 11.010736 -1.592201
v 7.496462 10.896708 -2.656760
v 7.067616 10.759602 -3.666843
v 6.570706 10.600735 -4.612720
v 6.010514 10.421634 -5.485281
v 5.392438 10.224028 -6.276125
v 4.722430 10.009818 -6.977634
v 4.006943 9.781068 -7.583054
v 3.252866 9.539981 -8.086554
v 2.467463 9.288878 -8.483283
v 1.658297 9.030178 -8.769422
v 0.833160 8.766373 -8.942216
v 0.855172 8.634334 14.942217
v 1.702108 8.767375 14.769423
v 2.532652 8.897841 14.483285
v 3.338804 9.024476 14.086554
v 4.112803 9.146060 13.583055
v 4.847194 9.261422 12.977636
v 5.534903 9.369451 12.276126
v 6.169307 9.469107 11.485282
v 6.744299 9.559430 10.612721
v 7.254337 9.639549 9.666843
v 7.694513 9.708694 8.656762
v 8.060588 9.766200 7.592202
v 8.349033 9.811510 6.483417
v 8.557076 9.844191 5.341084
v 8.682705 9.863926 4.176206
v 8.724718 9.870524 3.000000
v 8.682705 9.863926 1.823795
v 8.557076 9.844191 0.658917
v 8.349033 9.811510 -0.483416
v 8.060588 9.766200 -1.592201
v 7.694513 9.708695 -2.656761
v 7.254337 9.639550 -3.666843
v 6.744299 9.559431 -4.612720
v 6.169307 9.469108 -5.485281
v 5.534903 9.369452 -6.276125
v 4.847194 9.261422 -6.977634
v 4.112803 9.146061 -7.583054
v 3.338804 9.024477 -8.086554
v 2.532652 8.897842 -8.483283
v 1.702108 8.767377 -8.769422
v 0.855172 8.634336 -8.942216
v 0.862551 8.499999 14.942217
v 1.716795 8.499999 14.769423
v 2.554506 8.499999 14.483285
v 3.367615 8.499999 14.086554
v 4.148293 8.499999 13.583055
v 4.889019 8.499999 12.977636
v 5.582664 8.499999 12.276125
v 6.222542 8.499999 11.485282
v 6.802495 8.499999 10.612720
v 7.316934 8.499999 9.666843
v 7.760909 8.499999 8.656761
v 8.130143 8.499999 7.592201
v 8.421077 8.499999 6.483416
v 8.630915 8.499999 5.341084
v 8.757628 8.500000 4.176206
v 8.800003 8.499999 3.000000
v 8.757628 8.500000 1.823795
v 8.630915 8.499999 0.658916
v 8.421077 8.499999 -0.483416
v 8.130143 8.499999 -1.592201
v 7.760909 8.499999 -2.656761
v 7.316934 8.499999 -3.666843
v 6.802495 8.500000 -4.612720
v 6.222542 8.500000 -5.485281
v 5.582664 8.499999 -6.276125
v 4.889019 8.500000 -6.977635
v 4.148293 8.500000 -7.583055
v 3.367615 8.500000 -8.086554
v 2.554506 8.500000 -8.483284
v 1.716795 8.500001 -8.769423
v 0.862551 8.500001 -8.942217
v 0.855172 8.365664 14.942217
v 1.702108 8.232622 14.769423
v 2.532652 8.102157 14.483285
v 3.338805 7.975522 14.086554
v 4.112803 7.853938 13.583055
v 4.847194 7.738576 12.977636
v 5.534904 7.630547 12.276125
v 6.169307 7.530891 11.485282
v 6.744299 7.440568 10.612720
v 7.254337 7.360449 9.666843
v 7.694514 7.291303 8.656761
v 8.060589 7.233799 7.592201
v 8.349033 7.188488 6.483416
v 8.557076 7.155808 5.341084
v 8.682706 7.136074 4.176206
v 8.724718 7.129474 3.000000
v 8.682706 7.136074 1.823795
v 8.557076 7.155808 0.658916
v 8.349033 7.188488 -0.483416
v 8.060589 7.233799 -1.592201
v 7.694514 7.291304 -2.656761
v 7.254337 7.360449 -3.666843
v 6.744299 7.440569 -4.612720
v 6.169307 7.530892 -5.485281
v 5.534904 7.630547 -6.276125
v 4.847194 7.738577 -6.977635
v 4.112803 7.853939 -7.583055
v 3.338805 7.975523 -8.086554
v 2.532652 8.102157 -8.483284
v 1.702108 8.232624 -8.769423
v 0.855172 8.365665 -8.942217
v 0.833161 8.233627 14.942217
v 1.658297 7.969821 14.769423
v 2.467463 7.711122 14.483285
v 3.252867 7.460018 14.086554
v 4.006944 7.218931 13.583055
v 4.722431 6.990181 12.977636
v 5.392439 6.775971 12.276125
v 6.010513 6.578365 11.485282
v 6.570706 6.399265 10.612720
v 7.067616 6.240396 9.666843
v 7.496463 6.103289 8.656761
v 7.853116 5.989263 7.592201
v 8.134135 5.899416 6.483416
v 8.336823 5.834616 5.341084
v 8.459219 5.795485 4.176206
v 8.500151 5.782398 3.000000
v 8.459219 5.795485 1.823794
v 8.336823 5.834616 0.658916
v 8.134135 5.899417 -0.483416
v 7.853116 5.989264 -1.592201
v 7.496463 6.103289 -2.656761
v 7.067616 6.240397 -3.666843
v 6.570706 6.399266 -4.612720
v 6.010513 6.578366 -5.485281
v 5.392439 6.775971 -6.276125
v 4.722431 6.990181 -6.977635
v 4.006944 7.218932 -7.583055
v 3.252867 7.460019 -8.086554
v 2.467463 7.711122 -8.483284
v 1.658297 7.969823 -8.769423
v 0.833161 8.233629 -8.942217
v 0.796893 8.106149 14.942217
v 1.586112 7.716092 14.769423
v 2.360056 7.333583 14.483285
v 3.111271 6.962309 14.086554
v 3.832523 6.605843 13.583055
v 4.516866 6.267619 12.977636
v 5.157709 5.950894 12.276125
v 5.748878 5.658719 11.485282
v 6.284688 5.393906 10.612720
v 6.759966 5.159007 9.666843
v 7.170146 4.956282 8.656761
v 7.511273 4.787687 7.592201
v 7.780060 4.654842 6.483416
v 7.973925 4.559029 5.341084
v 8.090994 4.501171 4.176206
v 8.130143 4.481821 3.000000
v 8.090994 4.501171 1.823794
v 7.973925 4.559029 0.658916
v 7.780060 4.654843 -0.483416
v 7.511273 4.787687 -1.592201
v 7.170146 4.956283 -2.656761
v 6.759966 5.159007 -3.666843
v 6.284688 5.393907 -4.612720
v 5.748878 5.658720 -5.485281
v 5.157709 5.950894 -6.276125
v 4.516866 6.267620 -6.977635
v 3.832523 6.605844 -7.583055
v 3.111271 6.962310 -8.086554
v 2.360056 7.333584 -8.483284
v 1.586112 7.716093 -8.769423
v 0.796893 8.106151 -8.942217
v 0.746991 7.985409 14.942217
v 1.486788 7.475775 14.769423
v 2.212267 6.976004 14.483285
v 2.916440 6.490911 14.086554
v 3.592527 6.025165 13.583055
v 4.234015 5.583254 12.977636
v 4.834729 5.169433 12.276125
v 5.388879 4.787687 11.485282
v 5.891135 4.441692 10.612720
v 6.336652 4.134782 9.666843
v 6.721145 3.869910 8.656761
v 7.040911 3.649629 7.592201
v 7.292867 3.476060 6.483416
v 7.474592 3.350873 5.341084
v 7.584328 3.275278 4.176206
v 7.621027 3.249996 3.000000
v 7.584328 3.275278 1.823794
v 7.474592 3.350874 0.658916
v 7.292867 3.476061 -0.483416
v 7.040911 3.649630 -1.592201
v 6.721145 3.869910 -2.656761
v 6.336652 4.134782 -3.666843
v 5.891135 4.441693 -4.612720
v 5.388879 4.787688 -5.485281
v 4.834729 5.169434 -6.276125
v 4.234015 5.583255 -6.977635
v 3.592527 6.025166 -7.583055
v 2.916440 6.490911 -8.086554
v 2.212267 6.976005 -8.483284
v 1.486788 7.475776 -8.769423
v 0.746991 7.985410 -8.942217
v 0.684308 7.873474 14.942217
v 1.362025 7.252982 14.769423
v 2.026626 6.644500 14.483285
v 2.671709 6.053888 14.086554
v 3.291062 5.486832 13.583055
v 3.878721 4.948795 12.977636
v 4.429025 4.444958 12.276125
v 4.936674 3.980175 11.485282
v 5.396784 3.558917 10.612720
v 5.804915 3.185247 9.666843
v 6.157144 2.862760 8.656761
v 6.450077 2.594563 7.592201
v 6.680890 2.383239 6.483416
v 6.847365 2.230821 5.341084
v 6.947894 2.138781 4.176206
v 6.981513 2.108001 3.000000
v 6.947894 2.138781 1.823794
v 6.847365 2.230821 0.658916
v 6.680890 2.383240 -0.483416
v 6.450077 2.594563 -1.592201
v 6.157144 2.862761 -2.656761
v 5.804915 3.185248 -3.666843
v 5.396784 3.558918 -4.612720
v 4.936674 3.980175 -5.485281
v 4.429025 4.444959 -6.276125
v 3.878721 4.948796 -6.977635
v 3.291062 5.486833 -7.583055
v 2.671709 6.053889 -8.086554
v 2.026626 6.644501 -8.483284
v 1.362025 7.252984 -8.769423
v 0.684308 7.873476 -8.942217
v 0.609916 7.772259 14.942217
v 1.213958 7.051527 14.769423
v 1.806308 6.344745 14.483285
v 2.381264 5.658719 14.086554
v 2.933286 5.000055 13.583055
v 3.457059 4.375099 12.977636
v 3.947539 3.789867 12.276125
v 4.400001 3.249997 11.485282
v 4.810092 2.760685 10.612720
v 5.173854 2.326650 9.666843
v 5.487792 1.952064 8.656761
v 5.748880 1.640539 7.592201
v 5.954600 1.395077 6.483416
v 6.102978 1.218035 5.341084
v 6.192578 1.111127 4.176206
v 6.222543 1.075373 3.000000
v 6.192578 1.111127 1.823794
v 6.102978 1.218036 0.658916
v 5.954600 1.395078 -0.483416
v 5.748880 1.640540 -1.592202
v 5.487792 1.952065 -2.656761
v 4.400001 3.249998 -5.485281
v 3.947539 3.789867 -6.276125
v 3.457059 4.375100 -6.977635
v 2.933286 5.000056 -7.583055
v 2.381264 5.658720 -8.086554
v 1.806308 6.344745 -8.483284
v 1.213958 7.051528 -8.769423
v 0.609916 7.772260 -8.942217
v 0.525088 7.683496 14.942217
v 1.045119 6.874855 14.769423
v 1.555085 6.081866 14.483285
v 2.050075 5.312165 14.086554
v 2.525321 4.573163 13.583055
v 2.976247 3.871980 12.977636
v 3.398510 3.215366 12.276125
v 3.788043 2.609648 11.485282
v 4.141098 2.060655 10.612720
v 4.454268 1.573679 9.666843
v 4.724543 1.153406 8.656761
v 4.949318 0.803883 7.592201
v 5.126426 0.528483 6.483416
v 5.254168 0.329846 5.341084
v 5.331306 0.209898 4.176206
v 5.357103 0.169784 3.000000
v 5.331306 0.209898 1.823794
v 5.254168 0.329847 0.658916
v 5.126426 0.528483 -0.483416
v 4.949318 0.803884 -1.592202
v 4.724543 1.153407 -2.656761
v 3.398510 3.215367 -6.276125
v 2.976247 3.871981 -6.977635
v 2.525321 4.573164 -7.583055
v 2.050075 5.312166 -8.086554
v 1.555085 6.081867 -8.483284
v 1.045119 6.874856 -8.769423
v 0.525088 7.683497 -8.942217
v 0.431276 7.608703 14.942217
v 0.858398 6.725990 14.769423
v 1.277253 5.860362 14.483285
v 1.683808 5.020155 14.086554
v 2.074147 4.213460 13.583055
v 2.444510 3.448048 12.977636
v 2.791332 2.731288 12.276125
v 3.111270 2.070086 11.485282
v 3.401249 1.470803 10.612720
v 3.658468 0.939220 9.666843
v 3.880455 0.480450 8.656761
v 4.065072 0.098911 7.592201
v 4.210538 -0.201717 6.483416
v 4.315457 -0.418549 5.341084
v 4.378814 -0.549484 4.176206
v 4.400002 -0.593274 3.000000
v 4.378814 -0.549484 1.823794
v 4.315457 -0.418548 0.658916
v 4.210538 -0.201717 -0.483416
v 4.065072 0.098911 -1.592202
v 3.880455 0.480450 -2.656761
v 2.444510 3.448049 -6.977635
v 2.074147 4.213462 -7.583055
v 1.683808 5.020156 -8.086554
v 1.277253 5.860363 -8.483284
v 0.858398 6.725992 -8.769423
v 0.431276 7.608704 -8.942217
v 0.330084 7.549160 14.942217
v 0.656989 6.607478 14.769423
v 0.977567 5.684023 14.483285
v 1.288731 4.787687 14.086554
v 1.587483 3.927102 13.583055
v 1.870947 3.110557 12.977636
v 2.136393 2.345913 12.276125
v 2.381263 1.640540 11.485282
v 2.603204 1.001222 10.612720
v 2.800070 0.434128 9.666843
v 2.969971 -0.055290 8.656761
v 3.111271 -0.462317 7.592201
v 3.222606 -0.783029 6.483416
v 3.302907 -1.014345 5.341084
v 3.351399 -1.154028 4.176206
v 3.367615 -1.200742 3.000000
v 3.351399 -1.154028 1.823794
v 3.302907 -1.014345 0.658916
v 3.222606 -0.783028 -0.483416
v 3.111271 -0.462317 -1.592202
v 2.969971 -0.055289 -2.656761
v 1.870947 3.110557 -6.977635
v 1.587483 3.927103 -7.583055
v 1.288731 4.787688 -8.086554
v 0.977567 5.684024 -8.483284
v 0.656989 6.607480 -8.769423
v 0.330084 7.549161 -8.942217
v 0.223245 7.505887 14.942217
v 0.444339 6.521348 14.769423
v 0.661155 5.555866 14.483285
v 0.871603 4.618738 14.086554
v 1.073657 3.718987 13.583055
v 1.265371 2.865280 12.977636
v 1.444899 2.065837 12.276125
v 1.610511 1.328362 11.485282
v 1.760617 0.659948 10.612720
v 1.893762 0.067045 9.666843
v 2.008671 -0.444646 8.656761
v 2.104236 -0.870198 7.592201
v 2.179534 -1.205505 6.483416
v 2.233844 -1.447349 5.341084
v 2.266641 -1.593388 4.176206
v 2.277608 -1.642229 3.000000
v 2.266641 -1.593388 1.823794
v 2.233844 -1.447349 0.658916
v 2.179534 -1.205504 -0.483416
v 2.104236 -0.870198 -1.592202
v 2.008671 -0.444646 -2.656761
v 1.073657 3.718988 -7.583055
v 0.871603 4.618739 -8.086554
v 0.661155 5.555867 -8.483284
v 0.444339 6.521350 -8.769423
v 0.223245 7.505888 -8.942217
v 0.112585 7.479623 14.942217
v 0.224087 6.469075 14.769423
v 0.333430 5.478085 14.483285
v 0.439562 4.516197 14.086554
v 0.541461 3.592676 13.583055
v 0.638145 2.716415 12.977636
v 0.728683 1.895852 12.276125
v 0.812204 1.138893 11.485282
v 0.887904 0.452820 10.612720
v 0.955051 -0.155747 9.666843
v 1.013002 -0.680957 8.656761
v 1.061196 -1.117752 7.592201
v 1.099170 -1.461917 6.483416
v 1.126559 -1.710151 5.341084
v 1.143099 -1.860048 4.176206
v 1.148630 -1.910180 3.000000
v 1.143099 -1.860048 1.823794
v 1.126559 -1.710151 0.658916
v 1.099170 -1.461917 -0.483416
v 1.061196 -1.117752 -1.592202
v 1.013002 -0.680957 -2.656761
v 0.541461 3.592677 -7.583055
v 0.439562 4.516199 -8.086554
v 0.333430 5.478086 -8.483284
v 0.224087 6.469076 -8.769423
v 0.112585 7.479624 -8.942217
v -0.000000 7.470819 14.942217
v -0.000000 6.451550 14.769423
v -0.000000 5.452009 14.483285
v -0.000000 4.481821 14.086554
v -0.000000 3.550331 13.583055
v -0.000000 2.666508 12.977636
v -0.000001 1.838864 12.276125
v -0.000001 1.075374 11.485282
v 0.000000 0.383381 10.612720
v -0.000001 -0.230437 9.666843
v -0.000001 -0.760180 8.656761
v -0.000001 -1.200743 7.592201
v -0.000001 -1.547878 6.483416
v -0.000002 -1.798254 5.341084
v -0.000001 -1.949445 4.176206
v -0.000001 -2.000009 3.000000
v -0.000001 -1.949445 1.823794
v -0.000002 -1.798253 0.658916
v -0.000001 -1.547878 -0.483416
v -0.000001 -1.200743 -1.592202
v -0.000001 -0.760179 -2.656761
v -0.000000 3.550332 -7.583055
v -0.000000 4.481822 -8.086554
v -0.000000 5.452010 -8.483284
v -0.000000 6.451551 -8.769423
v -0.000000 7.470820 -8.942217
v -0.112586 7.479623 14.942217
v -0.224087 6.469075 14.769423
v -0.333430 5.478085 14.483285
v -0.439562 4.516197 14.086554
v -0.541461 3.592675 13.583055
v -0.638146 2.716415 12.977636
v -0.728685 1.895851 12.276125
v -0.812206 1.138893 11.485282
v -0.887904 0.452819 10.612720
v -0.955053 -0.155747 9.666843
v -1.013003 -0.680958 8.656761
v -1.061198 -1.117753 7.592201
v -1.099173 -1.461917 6.483416
v -1.126562 -1.710151 5.341084
v -1.143101 -1.860048 4.176206
v -1.148633 -1.910180 3.000000
v -1.143101 -1.860048 1.823794
v -1.126562 -1.710151 0.658916
v -1.099173 -1.461917 -0.483416
v -1.061198 -1.117752 -1.592202
v -1.013003 -0.680957 -2.656761
v -0.541461 3.592677 -7.583055
v -0.439562 4.516198 -8.086554
v -0.333430 5.478086 -8.483284
v -0.224087 6.469076 -8.769423
v -0.112586 7.479624 -8.942217
v -0.223245 7.505887 14.942217
v -0.444340 6.521348 14.769423
v -0.661155 5.555866 14.483285
v -0.871603 4.618737 14.086554
v -1.073658 3.718986 13.583055
v -1.265372 2.865280 12.977636
v -1.444901 2.065837 12.276125
v -1.610514 1.328362 11.485282
v -1.760617 0.659948 10.612720
v -1.893764 0.067045 9.666843
v -2.008673 -0.444647 8.656761
v -2.104238 -0.870199 7.592201
v -2.179537 -1.205505 6.483416
v -2.233848 -1.447350 5.341084
v -2.266642 -1.593389 4.176206
v -2.277611 -1.642231 3.000000
v -2.266642 -1.593389 1.823794
v -2.233848 -1.447349 0.658916
v -2.179537 -1.205504 -0.483416
v -2.104238 -0.870199 -1.592202
v -2.008673 -0.444647 -2.656761
v -1.073658 3.718987 -7.583055
v -0.871603 4.618738 -8.086554
v -0.661155 5.555867 -8.483284
v -0.444340 6.521350 -8.769423
v -0.223245 7.505888 -8.942217
v -0.330084 7.549160 14.942217
v -0.656990 6.607479 14.769423
v -0.977568 5.684022 14.483285
v -1.288731 4.787686 14.086554
v -1.587484 3.927101 13.583055
v -1.870948 3.110556 12.977636
v -2.136395 2.345913 12.276125
v -2.381266 1.640541 11.485282
v -2.603204 1.001222 10.612720
v -2.800072 0.434127 9.666843
v -2.969974 -0.055291 8.656761
v -3.111274 -0.462319 7.592201
v -3.222609 -0.783029 6.483416
v -3.302911 -1.014346 5.341084
v -3.351401 -1.154029 4.176206
v -3.367619 -1.200744 3.000000
v -3.351401 -1.154028 1.823794
v -3.302911 -1.014346 0.658916
v -3.222609 -0.783028 -0.483416
v -3.111274 -0.462319 -1.592202
v -2.969974 -0.055291 -2.656761
v -1.870948 3.110557 -6.977635
v -1.587484 3.927102 -7.583055
v -1.288731 4.787688 -8.086554
v -0.977568 5.684024 -8.483284
v -0.656990 6.607481 -8.769423
v -0.330084 7.549161 -8.942217
v -0.431276 7.608702 14.942217
v -0.858398 6.725990 14.769423
v -1.277254 5.860362 14.483285
v -1.683808 5.020154 14.086554
v -2.074147 4.213460 13.583055
v -2.444511 3.448047 12.977636
v -2.791334 2.731287 12.276125
v -3.111273 2.070086 11.485282
v -3.401250 1.470801 10.612720
v -3.658471 0.939219 9.666843
v -3.880457 0.480449 8.656761
v -4.065075 0.098909 7.592201
v -4.210540 -0.201718 6.483416
v -4.315461 -0.418550 5.341084
v -4.378816 -0.549485 4.176206
v -4.400005 -0.593275 3.000000
v -4.378816 -0.549485 1.823794
v -4.315461 -0.418550 0.658916
v -4.210540 -0.201717 -0.483416
v -4.065075 0.098909 -1.592202
v -3.880457 0.480449 -2.656761
v -2.444511 3.448049 -6.977635
v -2.074147 4.213461 -7.583055
v -1.683808 5.020156 -8.086554
v -1.277254 5.860363 -8.483284
v -0.858398 6.725992 -8.769423
v -0.431276 7.608704 -8.942217
v -0.525088 7.683496 14.942217
v -1.045120 6.874855 14.769423
v -1.555086 6.081866 14.483285
v -2.050075 5.312164 14.086554
v -2.525322 4.573163 13.583055
v -2.976248 3.871979 12.977636
v -3.398513 3.215365 12.276125
v -3.788045 2.609648 11.485282
v -4.141100 2.060652 10.612720
v -4.454271 1.573678 9.666843
v -4.724546 1.153405 8.656761
v -4.949321 0.803882 7.592201
v -5.126429 0.528482 6.483416
v -5.254172 0.329846 5.341084
v -5.331308 0.209898 4.176206
v -5.357107 0.169782 3.000000
v -5.331308 0.209898 1.823794
v -5.254172 0.329846 0.658916
v -5.126429 0.528482 -0.483416
v -4.949321 0.803883 -1.592202
v -4.724546 1.153405 -2.656761
v -3.398513 3.215366 -6.276125
v -2.976248 3.871981 -6.977635
v -2.525322 4.573164 -7.583055
v -2.050075 5.312165 -8.086554
v -1.555086 6.081867 -8.483284
v -1.045120 6.874856 -8.769423
v -0.525088 7.683497 -8.942217
v -0.609916 7.772259 14.942217
v -1.213959 7.051527 14.769423
v -1.806310 6.344745 14.483285
v -2.381264 5.658718 14.086554
v -2.933287 5.000055 13.583055
v -3.457061 4.375098 12.977636
v -3.947542 3.789865 12.276125
v -4.400004 3.249996 11.485282
v -4.810094 2.760682 10.612720
v -5.173858 2.326648 9.666843
v -5.487795 1.952064 8.656761
v -5.748884 1.640538 7.592201
v -5.954603 1.395077 6.483416
v -6.102983 1.218035 5.341084
v -6.192581 1.111127 4.176206
v -6.222547 1.075372 3.000000
v -6.192581 1.111127 1.823794
v -6.102983 1.218035 0.658916
v -5.954603 1.395078 -0.483416
v -5.748884 1.640538 -1.592202
v -5.487795 1.952064 -2.656761
v -4.400004 3.249997 -5.485281
v -3.947542 3.789866 -6.276125
v -3.457061 4.375099 -6.977635
v -2.933287 5.000056 -7.583055
v -2.381264 5.658719 -8.086554
v -1.806310 6.344745 -8.483284
v -1.213959 7.051528 -8.769423
v -0.609916 7.772260 -8.942217
v -0.684308 7.873473 14.942217
v -1.362026 7.252982 14.769423
v -2.026627 6.644500 14.483285
v -2.671710 6.053887 14.086554
v -3.291063 5.486832 13.583055
v -3.878722 4.948795 12.977636
v -4.429028 4.444957 12.276125
v -4.936677 3.980174 11.485282
v -5.396787 3.558914 10.612720
v -5.804919 3.185246 9.666843
v -6.157147 2.862760 8.656761
v -6.450081 2.594561 7.592201
v -6.680892 2.383240 6.483416
v -6.847370 2.230821 5.341084
v -6.947896 2.138782 4.176206
v -6.981517 2.107999 3.000000
v -6.947896 2.138782 1.823794
v -6.847370 2.230821 0.658916
v -6.680892 2.383240 -0.483416
v -6.450081 2.594562 -1.592201
v -6.157147 2.862760 -2.656761
v -5.804919 3.185246 -3.666843
v -5.396787 3.558915 -4.612720
v -4.936677 3.980175 -5.485281
v -4.429028 4.444958 -6.276125
v -3.878722 4.948796 -6.977635
v -3.291063 5.486833 -7.583055
v -2.671710 6.053888 -8.086554
v -2.026627 6.644501 -8.483284
v -1.362026 7.252984 -8.769423
v -0.684308 7.873475 -8.942217
v -0.746992 7.985409 14.942217
v -1.486789 7.475775 14.769423
v -2.212268 6.976004 14.483285
v -2.916442 6.490910 14.086554
v -3.592528 6.025166 13.583055
v -4.234017 5.583254 12.977636
v -4.834732 5.169432 12.276125
v -5.388882 4.787687 11.485282
v -5.891139 4.441689 10.612720
v -6.336656 4.134781 9.666843
v -6.721149 3.869910 8.656761
v -7.040915 3.649628 7.592201
v -7.292868 3.476062 6.483416
v -7.474597 3.350873 5.341084
v -7.584332 3.275278 4.176206
v -7.621032 3.249996 3.000000
v -7.584332 3.275278 1.823794
v -7.474597 3.350874 0.658916
v -7.292868 3.476062 -0.483416
v -7.040915 3.649629 -1.592201
v -6.721149 3.869910 -2.656761
v -6.336656 4.134781 -3.666843
v -5.891139 4.441690 -4.612720
v -5.388882 4.787688 -5.485281
v -4.834732 5.169433 -6.276125
v -4.234017 5.583255 -6.977635
v -3.592528 6.025167 -7.583055
v -2.916442 6.490911 -8.086554
v -2.212268 6.976005 -8.483284
v -1.486789 7.475776 -8.769423
v -0.746992 7.985410 -8.942217
v -0.796894 8.106149 14.942217
v -1.586113 7.716092 14.769423
v -2.360057 7.333584 14.483285
v -3.111273 6.962309 14.086554
v -3.832524 6.605844 13.583055
v -4.516868 6.267619 12.977636
v -5.157712 5.950894 12.276125
v -5.748882 5.658719 11.485282
v -6.284692 5.393903 10.612720
v -6.759972 5.159006 9.666843
v -7.170150 4.956283 8.656761
v -7.511278 4.787686 7.592201
v -7.780063 4.654844 6.483416
v -7.973931 4.559029 5.341084
v -8.090997 4.501171 4.176206
v -8.130149 4.481821 3.000000
v -8.090997 4.501171 1.823794
v -7.973931 4.559030 0.658916
v -7.780063 4.654844 -0.483416
v -7.511278 4.787686 -1.592201
v -7.170150 4.956283 -2.656761
v -6.759972 5.159007 -3.666843
v -6.284692 5.393904 -4.612720
v -5.748882 5.658720 -5.485281
v -5.157712 5.950894 -6.276125
v -4.516868 6.267620 -6.977635
v -3.832524 6.605844 -7.583055
v -3.111273 6.962310 -8.086554
v -2.360057 7.333585 -8.483284
v -1.586113 7.716093 -8.769423
v -0.796894 8.106151 -8.942217
v -0.833161 8.233627 14.942217
v -1.658298 7.969822 14.769423
v -2.467464 7.711122 14.483285
v -3.252868 7.460018 14.086554
v -4.006944 7.218932 13.583055
v -4.722433 6.990181 12.977636
v -5.392443 6.775971 12.276125
v -6.010517 6.578365 11.485282
v -6.570713 6.399263 10.612720
v -7.067622 6.240396 9.666843
v -7.496467 6.103290 8.656761
v -7.853121 5.989263 7.592201
v -8.134138 5.899418 6.483416
v -8.336829 5.834617 5.341084
v -8.459223 5.795485 4.176206
v -8.500156 5.782399 3.000000
v -8.459223 5.795485 1.823794
v -8.336829 5.834617 0.658916
v -8.134138 5.899419 -0.483416
v -7.853121 5.989264 -1.592201
v -7.496467 6.103290 -2.656761
v -7.067622 6.240397 -3.666843
v -6.570713 6.399264 -4.612720
v -6.010517 6.578366 -5.485281
v -5.392443 6.775972 -6.276125
v -4.722433 6.990181 -6.977635
v -4.006944 7.218932 -7.583055
v -3.252868 7.460019 -8.086554
v -2.467464 7.711123 -8.483284
v -1.658298 7.969823 -8.769423
v -0.833161 8.233629 -8.942217
v -0.855173 8.365664 14.942217
v -1.702109 8.232623 14.769423
v -2.532653 8.102158 14.483285
v -3.338806 7.975522 14.086554
v -4.112805 7.853939 13.583055
v -4.847196 7.738576 12.977636
v -5.534907 7.630547 12.276125
v -6.169311 7.530892 11.485282
v -6.744306 7.440568 10.612720
v -7.254344 7.360449 9.666843
v -7.694519 7.291304 8.656761
v -8.060594 7.233800 7.592201
v -8.349036 7.188490 6.483416
v -8.557082 7.155810 5.341084
v -8.682709 7.136075 4.176206
v -8.724725 7.129475 3.000000
v -8.682709 7.136075 1.823795
v -8.557082 7.155810 0.658916
v -8.349036 7.188490 -0.483416
v -8.060594 7.233800 -1.592201
v -7.694519 7.291305 -2.656761
v -7.254344 7.360450 -3.666843
v -6.744306 7.440568 -4.612720
v -6.169311 7.530893 -5.485281
v -5.534907 7.630548 -6.276125
v -4.847196 7.738577 -6.977635
v -4.112805 7.853940 -7.583055
v -3.338806 7.975523 -8.086554
v -2.532653 8.102159 -8.483284
v -1.702109 8.232625 -8.769423
v -0.855173 8.365666 -8.942217
v -0.862552 8.499999 14.942217
v -1.716797 8.499999 14.769423
v -2.554507 8.500000 14.483285
v -3.367617 8.499999 14.086554
v -4.148294 8.500000 13.583055
v -4.889022 8.500000 12.977636
v -5.582667 8.500000 12.276125
v -6.222545 8.500000 11.485282
v -6.802502 8.499999 10.612720
v -7.316941 8.500001 9.666843
v -7.760914 8.500001 8.656761
v -8.130149 8.500002 7.592201
v -8.421080 8.500002 6.483416
v -8.630920 8.500002 5.341084
v -8.757631 8.500002 4.176206
v -8.800010 8.500002 3.000000
v -8.757631 8.500002 1.823795
v -8.630920 8.500002 0.658916
v -8.421080 8.500002 -0.483416
v -8.130149 8.500002 -1.592201
v -7.760914 8.500002 -2.656761
v -7.316941 8.500002 -3.666843
v -6.802502 8.500000 -4.612720
v -6.222545 8.500001 -5.485281
v -5.582667 8.500001 -6.276125
v -4.889022 8.500001 -6.977635
v -4.148294 8.500001 -7.583055
v -3.367617 8.500000 -8.086554
v -2.554507 8.500001 -8.483284
v -1.716797 8.500001 -8.769423
v -0.862552 8.500001 -8.942217
v -0.855173 8.634335 14.942217
v -1.702109 8.767376 14.769423
v -2.532653 8.897843 14.483285
v -3.338807 9.024477 14.086554
v -4.112805 9.146062 13.583055
v -4.847196 9.261423 12.977636
v -5.534907 9.369453 12.276126
v -6.169311 9.469109 11.485282
v -6.744307 9.559432 10.612721
v -7.254344 9.639552 9.666843
v -7.694520 9.708697 8.656762
v -8.060595 9.766202 7.592202
v -8.349036 9.811513 6.483417
v -8.557081 9.844195 5.341084
v -8.682709 9.863928 4.176206
v -8.724725 9.870527 3.000000
v -8.682709 9.863928 1.823795
v -8.557081 9.844195 0.658917
v -8.349036 9.811513 -0.483416
v -8.060595 9.766202 -1.592201
v -7.694520 9.708698 -2.656761
v -7.254344 9.639553 -3.666843
v -6.744307 9.559432 -4.612720
v -6.169311 9.469110 -5.485281
v -5.534907 9.369453 -6.276125
v -4.847196 9.261424 -6.977634
v -4.112805 9.146062 -7.583054
v -3.338807 9.024478 -8.086554
v -2.532653 8.897844 -8.483283
v -1.702109 8.767378 -8.769422
v -0.855173 8.634336 -8.942216
v -0.833161 8.766371 14.942217
v -1.658298 9.030177 14.769423
v -2.467464 9.288878 14.483285
v -3.252868 9.539981 14.086554
v -4.006945 9.781069 13.583055
v -4.722433 10.009819 12.977636
v -5.392443 10.224030 12.276126
v -6.010517 10.421636 11.485282
v -6.570713 10.600736 10.612721
v -7.067622 10.759605 9.666843
v -7.496469 10.896712 8.656762
v -7.853121 11.010739 7.592202
v -8.134138 11.100584 6.483417
v -8.336828 11.165388 5.341084
v -8.459223 11.204517 4.176206
v -8.500156 11.217605 3.000000
v -8.459223 11.204517 1.823795
v -8.336828 11.165388 0.658917
v -8.134138 11.100584 -0.483416
v -7.853121 11.010739 -1.592201
v -7.496469 10.896713 -2.656760
v -7.067622 10.759606 -3.666843
v -6.570713 10.600737 -4.612720
v -6.010517 10.421637 -5.485281
v -5.392443 10.224030 -6.276125
v -4.722433 10.009820 -6.977634
v -4.006945 9.781070 -7.583054
v -3.252868 9.539982 -8.086554
v -2.467464 9.288879 -8.483283
v -1.658298 9.030179 -8.769422
v -0.833161 8.766373 -8.942216
v -0.796894 8.893849 14.942217
v -1.586113 9.283908 14.769423
v -2.360057 9.666416 14.483285
v -3.111273 10.037690 14.086554
v -3.832524 10.394156 13.583055
v -4.516868 10.732381 12.977636
v -5.157712 11.049108 12.276126
v -5.748882 11.341283 11.485282
v -6.284693 11.606096 10.612721
v -6.759972 11.840996 9.666843
v -7.170151 12.043719 8.656762
v -7.511278 12.212316 7.592202
v -7.780063 12.345160 6.483417
v -7.973929 12.440975 5.341084
v -8.090997 12.498833 4.176206
v -8.130149 12.518183 3.000000
v -8.090997 12.498833 1.823795
v -7.973929 12.440975 0.658917
v -7.780063 12.345160 -0.483416
v -7.511278 12.212316 -1.592201
v -7.170151 12.043719 -2.656760
v -6.759972 11.840997 -3.666843
v -6.284693 11.606097 -4.612720
v -5.748882 11.341284 -5.485281
v -5.157712 11.049109 -6.276125
v -4.516868 10.732382 -6.977634
v -3.832524 10.394157 -7.583054
v -3.111273 10.037691 -8.086554
v -2.360057 9.666417 -8.483283
v -1.586113 9.283909 -8.769422
v -0.796894 8.893851 -8.942216
v -0.746992 9.014590 14.942217
v -1.486789 9.524224 14.769423
v -2.212268 10.023996 14.483285
v -2.916442 10.509089 14.086554
v -3.592528 10.974834 13.583055
v -4.234018 11.416747 12.977636
v -4.834732 11.830570 12.276126
v -5.388882 12.212315 11.485282
v -5.891140 12.558311 10.612721
v -6.336657 12.865223 9.666843
v -6.721149 13.130093 8.656762
v -7.040915 13.350375 7.592202
v -7.292869 13.523942 6.483417
v -7.474595 13.649132 5.341084
v -7.584332 13.724727 4.176207
v -7.621032 13.750008 3.000000
v -7.584332 13.724727 1.823795
v -7.474595 13.649132 0.658917
v -7.292869 13.523942 -0.483416
v -7.040915 13.350375 -1.592201
v -6.721149 13.130093 -2.656760
v -6.336657 12.865223 -3.666842
v -5.891140 12.558311 -4.612720
v -5.388882 12.212316 -5.485281
v -4.834732 11.830570 -6.276125
v -4.234018 11.416747 -6.977634
v -3.592528 10.974835 -7.583054
v -2.916442 10.509090 -8.086554
v -2.212268 10.023997 -8.483283
v -1.486789 9.524226 -8.769422
v -0.746992 9.014591 -8.942216
v -0.684308 9.126525 14.942217
v -1.362026 9.747017 14.769423
v -2.026627 10.355500 14.483285
v -2.671710 10.946112 14.086554
v -3.291063 11.513168 13.583055
v -3.878722 12.051206 12.977636
v -4.429028 12.555045 12.276126
v -4.936677 13.019829 11.485282
v -5.396788 13.441088 10.612721
v -5.804920 13.814757 9.666843
v -6.157148 14.137244 8.656762
v -6.450080 14.405441 7.592202
v -6.680892 14.616764 6.483417
v -6.847367 14.769184 5.341084
v -6.947896 14.861223 4.176207
v -6.981517 14.892004 3.000000
v -6.947896 14.861223 1.823795
v -6.847367 14.769184 0.658917
v -6.680892 14.616764 -0.483416
v -6.450080 14.405441 -1.592201
v -6.157148 14.137244 -2.656760
v -5.804920 13.814757 -3.666842
v -5.396788 13.441088 -4.612719
v -4.936677 13.019829 -5.485281
v -4.429028 12.555045 -6.276125
v -3.878722 12.051206 -6.977634
v -3.291063 11.513169 -7.583054
v -2.671710 10.946113 -8.086554
v -2.026627 10.355501 -8.483283
v -1.362026 9.747019 -8.769422
v -0.684308 9.126527 -8.942216
v -0.609916 9.227741 14.942217
v -1.213959 9.948473 14.769423
v -1.806309 10.655255 14.483285
v -2.381265 11.341282 14.086554
v -2.933287 11.999946 13.583055
v -3.457061 12.624903 12.977636
v -3.947542 13.210137 12.276126
v -4.400003 13.750007 11.485282
v -4.810096 14.239320 10.612721
v -5.173859 14.673357 9.666843
v -5.487796 15.047940 8.656762
v -5.748883 15.359465 7.592202
v -5.954602 15.604925 6.483417
v -6.102980 15.781970 5.341084
v -6.192581 15.888879 4.176207
v -6.222546 15.924631 3.000001
v -6.192581 15.888879 1.823795
v -6.102980 15.781970 0.658917
v -5.954602 15.604925 -0.483416
v -5.748883 15.359465 -1.592201
v -5.487796 15.047940 -2.656760
v -5.173859 14.673357 -3.666842
v -4.810096 14.239320 -4.612719
v -4.400003 13.750007 -5.485281
v -3.947542 13.210137 -6.276125
v -3.457061 12.624903 -6.977634
v -2.933287 11.999946 -7.583054
v -2.381265 11.341283 -8.086554
v -1.806309 10.655256 -8.483283
v -1.213959 9.948474 -8.769422
v -0.609916 9.227742 -8.942216
v -0.525088 9.316504 14.942217
v -1.045120 10.125145 14.769423
v -1.555085 10.918135 14.483285
v -2.050076 11.687836 14.086554
v -2.525321 12.426838 13.583055
v -2.976248 13.128021 12.977636
v -3.398512 13.784638 12.276126
v -3.788045 14.390355 11.485282
v -4.141101 14.939351 10.612721
v -4.454271 15.426328 9.666843
v -4.724546 15.846600 8.656762
v -4.949321 16.196121 7.592202
v -5.126428 16.471521 6.483417
v -5.254169 16.670158 5.341084
v -5.331307 16.790108 4.176207
v -5.357106 16.830223 3.000001
v -5.331307 16.790108 1.823795
v -5.254169 16.670158 0.658917
v -5.126428 16.471521 -0.483416
v -4.949321 16.196121 -1.592201
v -4.724546 15.846600 -2.656760
v -4.454271 15.426328 -3.666842
v -4.141101 14.939351 -4.612719
v -3.788045 14.390355 -5.485281
v -3.398512 13.784638 -6.276125
v -2.976248 13.128021 -6.977634
v -2.525321 12.426838 -7.583054
v -2.050076 11.687837 -8.086554
v -1.555085 10.918136 -8.483283
v -1.045120 10.125147 -8.769422
v -0.525088 9.316505 -8.942216
v -0.431276 9.391296 14.942217
v -0.858398 10.274010 14.769423
v -1.277253 11.139639 14.483285
v -1.683809 11.979845 14.086554
v -2.074147 12.786540 13.583055
v -2.444511 13.551953 12.977636
v -2.791333 14.268716 12.276126
v -3.111272 14.929917 11.485282
v -3.401251 15.529203 10.612721
v -3.658470 16.060785 9.666843
v -3.880457 16.519556 8.656762
v -4.065074 16.901094 7.592202
v -4.210539 17.201721 6.483417
v -4.315458 17.418554 5.341084
v -4.378815 17.549492 4.176207
v -4.400004 17.593279 3.000001
v -4.378815 17.549492 1.823795
v -4.315458 17.418554 0.658917
v -4.210539 17.201721 -0.483416
v -4.065074 16.901094 -1.592201
v -3.880457 16.519556 -2.656760
v -3.658470 16.060785 -3.666842
v -3.401251 15.529203 -4.612719
v -3.111272 14.929917 -5.485281
v -2.791333 14.268716 -6.276125
v -2.444511 13.551953 -6.977634
v -2.074147 12.786540 -7.583054
v -1.683809 11.979846 -8.086554
v -1.277253 11.139640 -8.483283
v -0.858398 10.274012 -8.769422
v -0.431276 9.391298 -8.942216
v -0.330084 9.450839 14.942217
v -0.656990 10.392521 14.769423
v -0.977567 11.315977 14.483285
v -1.288732 12.212314 14.086554
v -1.587483 13.072899 13.583055
v -1.870947 13.889445 12.977636
v -2.136394 14.654091 12.276126
v -2.381264 15.359463 11.485282
v -2.603205 15.998784 10.612721
v -2.800071 16.565878 9.666843
v -2.969973 17.055298 8.656762
v -3.111273 17.462322 7.592202
v -3.222606 17.783031 6.483417
v -3.302908 18.014353 5.341084
v -3.351399 18.154034 4.176207
v -3.367617 18.200748 3.000001
v -3.351399 18.154034 1.823795
v -3.302908 18.014353 0.658917
v -3.222606 17.783031 -0.483416
v -3.111273 17.462322 -1.592201
v -2.969973 17.055298 -2.656760
v -2.800071 16.565878 -3.666842
v -2.603205 15.998784 -4.612719
v -2.381264 15.359463 -5.485281
v -2.136394 14.654091 -6.276125
v -1.870947 13.889445 -6.977634
v -1.587483 13.072899 -7.583054
v -1.288732 12.212315 -8.086554
v -0.977567 11.315978 -8.483283
v -0.656990 10.392523 -8.769422
v -0.330084 9.450840 -8.942216
v -0.223245 9.494112 14.942217
v -0.444339 10.478651 14.769423
v -0.661154 11.444135 14.483285
v -0.871604 12.381264 14.086554
v -1.073657 13.281014 13.583055
v -1.265371 14.134722 12.977636
v -1.444900 14.934167 12.276126
v -1.610512 15.671640 11.485282
v -1.760617 16.340057 10.612721
v -1.893763 16.932961 9.666843
v -2.008672 17.444654 8.656762
v -2.104237 17.870203 7.592202
v -2.179534 18.205509 6.483417
v -2.233844 18.447355 5.341084
v -2.266640 18.593395 4.176207
v -2.277609 18.642235 3.000001
v -2.266640 18.593395 1.823795
v -2.233844 18.447355 0.658917
v -2.179534 18.205509 -0.483416
v -2.104237 17.870203 -1.592201
v -2.008672 17.444654 -2.656760
v -1.893763 16.932961 -3.666842
v -1.760617 16.340057 -4.612719
v -1.610512 15.671640 -5.485281
v -1.444900 14.934167 -6.276125
v -1.265371 14.134722 -6.977634
v -1.073657 13.281014 -7.583054
v -0.871604 12.381265 -8.086554
v -0.661154 11.444135 -8.483283
v -0.444339 10.478653 -8.769422
v -0.223245 9.494114 -8.942216
v -0.112585 9.520376 14.942217
v -0.224087 10.530926 14.769423
v -0.333429 11.521915 14.483285
v -0.439562 12.483804 14.086554
v -0.541460 13.407326 13.583055
v -0.638145 14.283587 12.977636
v -0.728683 15.104153 12.276126
v -0.812204 15.861111 11.485282
v -0.887904 16.547186 10.612721
v -0.955051 17.155754 9.666843
v -1.013001 17.680964 8.656762
v -1.061196 18.117758 7.592202
v -1.099169 18.461920 6.483417
v -1.126559 18.710155 5.341084
v -1.143098 18.860054 4.176207
v -1.148631 18.910185 3.000001
v -1.143098 18.860054 1.823795
v -1.126559 18.710155 0.658917
v -1.099169 18.461920 -0.483416
v -1.061196 18.117758 -1.592201
v -1.013001 17.680964 -2.656760
v -0.955051 17.155754 -3.666842
v -0.887904 16.547186 -4.612719
v -0.812204 15.861111 -5.485281
v -0.728683 15.104153 -6.276125
v -0.638145 14.283587 -6.977634
v -0.541460 13.407326 -7.583054
v -0.439562 12.483805 -8.086554
v -0.333429 11.521916 -8.483283
v -0.224087 10.530927 -8.769422
v -0.112585 9.520378 -8.942216
v 0.000000 12.518181 14.086554
v 0.000002 17.230446 9.666843
v 0.000002 17.760187 8.656762
v 0.000002 17.760187 -2.656760
v 0.000001 15.924628 -5.485281
v 0.000001 14.333494 -6.977634
v 0.000000 12.518181 -8.086554
v -0.000000 8.499999 14.700000
v -0.000000 9.494825 14.644191
v -0.000001 10.481209 14.477055
v -0.000001 11.449059 14.200066
v -0.000001 13.292787 13.327342
v -0.000001 14.151011 12.739513
v -0.000001 14.955576 12.057613
v -0.000001 15.698597 11.288017
v -0.000002 16.372742 10.437997
v -0.000002 17.918631 7.490137
v -0.000001 18.257881 6.406573
v -0.000001 18.502674 5.289724
v -0.000002 18.650545 4.150488
v -0.000002 18.699999 3.000001
v -0.000002 18.650545 1.849513
v -0.000001 18.502674 0.710278
v -0.000001 18.257881 -0.406572
v -0.000002 17.918631 -1.490136
v -0.000002 16.971312 -3.515656
v -0.000002 16.372742 -4.437996
v -0.000001 14.955576 -6.057612
v -0.000001 13.292787 -7.327341
v -0.000001 11.449059 -8.200065
v -0.000000 10.481209 -8.477055
v 0.000000 9.494827 -8.644190
v 0.000000 8.500001 -8.700001
v 0.107199 9.486326 14.644204
v 0.213585 10.464282 14.477107
v 0.318004 11.423879 14.200174
v 0.419479 12.356059 13.815853
v 0.517049 13.251945 13.327591
v 0.609775 14.102912 12.739825
v 0.696750 14.900695 12.057977
v 0.777116 15.637471 11.288414
v 0.850068 16.305960 10.438406
v 0.914871 16.899521 9.516057
v 0.970869 17.412224 8.530231
v 1.017491 17.838930 7.490456
v 1.054258 18.175354 6.406827
v 1.080793 18.418104 5.289900
v 1.096824 18.564745 4.150578
v 1.102186 18.613789 3.000001
v 1.096824 18.564745 1.849423
v 1.080793 18.418104 0.710102
v 1.054258 18.175354 -0.406826
v 1.017491 17.838930 -1.490455
v 0.970870 17.412224 -2.530229
v 0.914872 16.899521 -3.516055
v 0.850068 16.305960 -4.438405
v 0.777115 15.637471 -5.288413
v 0.696750 14.900695 -6.057976
v 0.609774 14.102912 -6.739824
v 0.517049 13.251945 -7.327590
v 0.419479 12.356060 -7.815852
v 0.318004 11.423879 -8.200173
v 0.213585 10.464282 -8.477106
v 0.107200 9.486328 -8.644203
v 0.212576 9.460974 14.644244
v 0.423537 10.413787 14.477259
v 0.630612 11.348758 14.200494
v 0.831868 12.257074 13.816370
v 1.025398 13.130088 13.328312
v 1.209339 13.959394 12.740734
v 1.381892 14.736927 12.059031
v 1.541347 15.455047 11.289563
v 1.686105 16.106647 10.439589
v 1.814702 16.685240 9.517209
v 1.925831 17.185034 8.531293
v 2.018355 17.601009 7.491374
v 2.091324 17.928980 6.407557
v 2.143988 18.165636 5.290407
v 2.175805 18.308594 4.150838
v 2.186447 18.356407 3.000001
v 2.175805 18.308594 1.849164
v 2.143988 18.165636 0.709595
v 2.091324 17.928980 -0.407556
v 2.018355 17.601009 -1.491373
v 1.925831 17.185034 -2.531291
v 1.814702 16.685240 -3.517208
v 1.686105 16.106647 -4.439586
v 1.541347 15.455047 -5.289561
v 1.381892 14.736927 -6.059031
v 1.209339 13.959396 -6.740732
v 1.025398 13.130088 -7.328311
v 0.831868 12.257075 -7.816369
v 0.630611 11.348759 -8.200491
v 0.423536 10.413788 -8.477257
v 0.212577 9.460976 -8.644242
v 0.314337 9.419194 14.644307
v 0.626279 10.330577 14.477499
v 0.932510 11.224960 14.200997
v 1.230179 12.093934 13.817186
v 1.516468 12.929228 13.329448
v 1.788615 13.722794 12.742157
v 2.043954 14.466898 12.060678
v 2.279942 15.154214 11.291350
v 2.494206 15.777917 10.441421
v 2.684569 16.331776 9.518990
v 2.849085 16.810230 8.532931
v 2.986065 17.208458 7.492787
v 3.094100 17.522448 6.408678
v 3.172074 17.749022 5.291183
v 3.219183 17.885891 4.151235
v 3.234940 17.931669 3.000001
v 3.219183 17.885891 1.848767
v 3.172074 17.749022 0.708819
v 3.094100 17.522448 -0.408676
v 2.986065 17.208458 -1.492786
v 2.849085 16.810230 -2.532929
v 2.684569 16.331776 -3.518989
v 2.494206 15.777917 -4.441419
v 2.279942 15.154214 -5.291348
v 2.043954 14.466898 -6.060678
v 1.788615 13.722794 -6.742155
v 1.516468 12.929228 -7.329448
v 1.230180 12.093934 -7.817186
v 0.932510 11.224962 -8.200994
v 0.626279 10.330577 -8.477497
v 0.314335 9.419195 -8.644305
v 0.410743 9.361693 14.644387
v 0.818354 10.216060 14.477809
v 1.218558 11.054571 14.201649
v 1.607642 11.869363 13.818238
v 1.981927 12.652686 13.330905
v 2.337797 13.396983 12.743974
v 2.671751 14.094983 12.062771
v 2.980447 14.739789 11.293609
v 3.260764 15.324972 10.443726
v 3.509839 15.844666 9.521220
v 3.725113 16.293631 8.534974
v 3.904366 16.667337 7.494544
v 4.045747 16.961998 6.410069
v 4.147793 17.174629 5.292144
v 4.209446 17.303076 4.151726
v 4.230068 17.346037 3.000001
v 4.209446 17.303076 1.848276
v 4.147793 17.174629 0.707857
v 4.045747 16.961998 -0.410067
v 3.904366 16.667337 -1.494543
v 3.725113 16.293631 -2.534972
v 3.509839 15.844666 -3.521219
v 3.260764 15.324974 -4.443724
v 2.980447 14.739789 -5.293607
v 2.671751 14.094983 -6.062770
v 2.337797 13.396983 -6.743972
v 1.981927 12.652686 -7.330904
v 1.607642 11.869364 -7.818238
v 1.218557 11.054572 -8.201647
v 0.818354 10.216061 -8.477809
v 0.410742 9.361694 -8.644387
v 0.500145 9.289447 14.644483
v 0.996476 10.072178 14.478169
v 1.483864 10.840467 14.202401
v 1.957808 11.587131 13.819448
v 2.413827 12.305069 13.332571
v 2.847506 12.987347 12.746037
v 3.254558 13.627277 12.065133
v 3.630889 14.218508 11.296144
v 3.972669 14.755124 10.446298
v 4.276389 15.231720 9.523697
v 4.538913 15.643477 8.537233
v 4.757522 15.986225 7.496480
v 4.929950 16.256483 6.411596
v 5.054407 16.451508 5.293198
v 5.129602 16.569321 4.152263
v 5.154755 16.608725 3.000001
v 5.129602 16.569321 1.847738
v 5.054407 16.451508 0.706803
v 4.929950 16.256483 -0.411594
v 4.757522 15.986225 -1.496479
v 4.538913 15.643477 -2.537231
v 4.276389 15.231720 -3.523695
v 3.972669 14.755124 -4.446296
v 3.630889 14.218508 -5.296143
v 3.254559 13.627277 -6.065133
v 2.847506 12.987347 -6.746036
v 2.413826 12.305070 -7.332570
v 1.957807 11.587132 -7.819447
v 1.483863 10.840468 -8.202399
v 0.996476 10.072179 -8.478168
v 0.500145 9.289448 -8.644482
v 0.581011 9.203681 14.644584
v 1.157591 9.901376 14.478554
v 1.723876 10.586277 14.203201
v 2.274659 11.251997 13.820725
v 2.804734 11.892212 13.334320
v 3.308952 12.500721 12.748192
v 3.782304 13.071537 12.067585
v 4.220001 13.598975 11.298758
v 4.617562 14.077733 10.448935
v 4.970882 14.502971 9.526221
v 5.276299 14.870374 8.539525
v 5.530638 15.176209 7.498438
v 5.731252 15.417367 6.413135
v 5.876057 15.591394 5.294259
v 5.963546 15.696524 4.152803
v 5.992811 15.731688 3.000001
v 5.963546 15.696524 1.847198
v 5.876057 15.591394 0.705743
v 5.731252 15.417367 -0.413134
v 5.530638 15.176209 -1.498437
v 5.276299 14.870374 -2.539524
v 4.970882 14.502971 -3.526220
v 4.617562 14.077733 -4.448933
v 4.220001 13.598975 -5.298756
v 3.782305 13.071537 -6.067584
v 3.308952 12.500721 -6.748190
v 2.804734 11.892212 -7.334320
v 2.274659 11.251998 -7.820725
v 1.723876 10.586278 -8.203198
v 1.157591 9.901377 -8.478553
v 0.581011 9.203683 -8.644583
v 0.651951 9.105860 14.644684
v 1.298931 9.706564 14.478935
v 1.934463 10.296322 14.203993
v 2.552726 10.869645 13.821985
v 3.147874 11.421086 13.336036
v 3.714107 11.945295 12.750289
v 4.245771 12.437095 12.069953
v 4.737454 12.891565 11.301268
v 5.184098 13.304120 10.451451
v 5.581067 13.670574 9.528620
v 5.924231 13.987200 8.541693
v 6.210011 14.250772 7.500282
v 6.435430 14.458609 6.414581
v 6.598141 14.608590 5.295252
v 6.696448 14.699194 4.153310
v 6.729332 14.729497 3.000000
v 6.696448 14.699194 1.846692
v 6.598141 14.608590 0.704749
v 6.435430 14.458609 -0.414580
v 6.210011 14.250772 -1.500281
v 5.924231 13.987200 -2.541692
v 5.581067 13.670574 -3.528619
v 5.184098 13.304120 -4.451449
v 4.737454 12.891565 -5.301266
v 4.245771 12.437096 -6.069952
v 3.714107 11.945296 -6.750287
v 3.147874 11.421087 -7.336034
v 2.552726 10.869646 -7.821985
v 1.934463 10.296323 -8.203991
v 1.298931 9.706565 -8.478935
v 0.651951 9.105862 -8.644683
v 0.711743 8.997651 14.644776
v 1.418061 9.491070 14.479290
v 2.111985 9.975545 14.204724
v 2.787181 10.446584 13.823143
v 3.437259 10.899705 13.337601
v 4.055864 11.330503 12.752193
v 4.636787 11.734708 12.072090
v 5.174086 12.108263 11.303518
v 5.662204 12.447386 10.453697
v 6.096058 12.748623 9.530750
v 6.471120 13.008906 8.543611
v 6.783469 13.225582 7.501908
v 7.029848 13.396436 6.415854
v 7.207687 13.519732 5.296125
v 7.315136 13.594216 4.153753
v 7.351077 13.619128 3.000000
v 7.315136 13.594216 1.846248
v 7.207687 13.519732 0.703876
v 7.029848 13.396436 -0.415852
v 6.783469 13.225582 -1.501907
v 6.471120 13.008906 -2.543609
v 6.096058 12.748623 -3.530749
v 5.662204 12.447386 -4.453696
v 5.174086 12.108263 -5.303518
v 4.636787 11.734709 -6.072089
v 4.055864 11.330503 -6.752191
v 3.437259 10.899706 -7.337600
v 2.787181 10.446585 -7.823143
v 2.111985 9.975546 -8.204722
v 1.418061 9.491071 -8.479289
v 0.711743 8.997653 -8.644775
v 0.759355 8.880908 14.644856
v 1.512925 9.258577 14.479592
v 2.253366 9.629434 14.205347
v 2.973937 9.990044 13.824123
v 3.667812 10.336976 13.338922
v 4.328188 10.666849 12.753789
v 4.948409 10.976386 12.073874
v 5.522103 11.262468 11.305388
v 6.043316 11.522191 10.455555
v 6.506601 11.752905 9.532504
v 6.907113 11.952255 8.545185
v 7.240661 12.118208 7.503239
v 7.503761 12.249066 6.416892
v 7.693670 12.343500 5.296836
v 7.808411 12.400547 4.154114
v 7.846790 12.419627 3.000000
v 7.808411 12.400547 1.845887
v 7.693670 12.343500 0.703165
v 7.503761 12.249066 -0.416891
v 7.240661 12.118208 -1.503238
v 6.907113 11.952256 -2.545183
v 6.506601 11.752906 -3.532503
v 6.043316 11.522192 -4.455554
v 5.522103 11.262469 -5.305388
v 4.948409 10.976387 -6.073873
v 4.328188 10.666850 -6.753788
v 3.667812 10.336976 -7.338920
v 2.973937 9.990044 -7.824124
v 2.253366 9.629435 -8.205344
v 1.512925 9.258578 -8.479590
v 0.759355 8.880910 -8.644855
v 0.793964 8.757630 14.644917
v 1.581883 9.013069 14.479823
v 2.356149 9.263918 14.205821
v 3.109725 9.507855 13.824870
v 3.835471 9.742559 13.339920
v 4.526248 9.965740 12.754993
v 5.175075 10.175174 12.075212
v 5.775265 10.368746 11.306786
v 6.320570 10.544489 10.456938
v 6.805280 10.700603 9.533806
v 7.224319 10.835496 8.546350
v 7.573298 10.947792 7.504222
v 7.848568 11.036339 6.417658
v 8.047262 11.100240 5.297360
v 8.167310 11.138842 4.154380
v 8.207466 11.151752 3.000000
v 8.167310 11.138842 1.845621
v 8.047262 11.100240 0.702640
v 7.848568 11.036339 -0.417657
v 7.573298 10.947792 -1.504221
v 7.224319 10.835497 -2.546348
v 6.805280 10.700603 -3.533805
v 6.320570 10.544489 -4.456936
v 5.775265 10.368747 -5.306785
v 5.175075 10.175175 -6.075211
v 4.526248 9.965741 -6.754992
v 3.835471 9.742560 -7.339920
v 3.109725 9.507855 -7.824869
v 2.356149 9.263919 -8.205819
v 1.581883 9.013069 -8.479822
v 0.793964 8.757631 -8.644917
v 0.814973 8.629930 14.644955
v 1.623741 8.758755 14.479968
v 2.418545 8.885270 14.206118
v 3.192165 9.008307 13.825335
v 3.937269 9.126692 13.340542
v 4.646517 9.239269 12.755739
v 5.312723 9.344916 12.076039
v 5.929012 9.442564 11.307649
v 6.488956 9.531220 10.457788
v 6.986684 9.609974 9.534606
v 7.416978 9.678023 8.547064
v 7.775332 9.734674 7.504823
v 8.057997 9.779343 6.418127
v 8.262029 9.811578 5.297681
v 8.385299 9.831052 4.154543
v 8.426534 9.837564 3.000000
v 8.385299 9.831052 1.845458
v 8.262029 9.811578 0.702320
v 8.057997 9.779343 -0.418125
v 7.775332 9.734674 -1.504822
v 7.416978 9.678024 -2.547063
v 6.986684 9.609975 -3.534605
v 6.488956 9.531220 -4.457787
v 5.929012 9.442565 -5.307647
v 5.312723 9.344916 -6.076039
v 4.646517 9.239270 -6.755738
v 3.937269 9.126692 -7.340541
v 3.192165 9.008307 -7.825334
v 2.418545 8.885271 -8.206117
v 1.623741 8.758756 -8.479967
v 0.814973 8.629930 -8.644954
v 0.822016 8.499999 14.644968
v 1.637775 8.499999 14.480017
v 2.439465 8.499999 14.206219
v 3.219808 8.499999 13.825493
v 3.971403 8.499999 13.340754
v 4.686846 8.499999 12.755993
v 5.358883 8.499999 12.076319
v 5.980571 8.499999 11.307939
v 6.545426 8.499999 10.458075
v 7.047520 8.499999 9.534875
v 7.481591 8.499999 8.547304
v 7.843088 8.499999 7.505025
v 8.128233 8.499999 6.418283
v 8.334055 8.499999 5.297788
v 8.458408 8.500000 4.154598
v 8.500003 8.499999 3.000000
v 8.458408 8.500000 1.845403
v 8.334055 8.499999 0.702212
v 8.128233 8.499999 -0.418283
v 7.843088 8.499999 -1.505025
v 7.481591 8.499999 -2.547303
v 7.047520 8.499999 -3.534874
v 6.545426 8.500000 -4.458074
v 5.980571 8.500000 -5.307938
v 5.358883 8.499999 -6.076319
v 4.686846 8.500000 -6.755991
v 3.971403 8.500000 -7.340753
v 3.219808 8.500000 -7.825493
v 2.439465 8.500000 -8.206218
v 1.637775 8.500000 -8.480017
v 0.822016 8.500001 -8.644967
v 0.814973 8.370069 14.644955
v 1.623741 8.241243 14.479968
v 2.418545 8.114728 14.206118
v 3.192165 7.991692 13.825335
v 3.937269 7.873306 13.340542
v 4.646517 7.760729 12.755739
v 5.312724 7.655081 12.076039
v 5.929012 7.557434 11.307648
v 6.488956 7.468779 10.457788
v 6.986684 7.390024 9.534605
v 7.416979 7.321974 8.547063
v 7.775333 7.265326 7.504822
v 8.057997 7.220655 6.418126
v 8.262029 7.188421 5.297680
v 8.385300 7.168948 4.154543
v 8.426534 7.162435 3.000000
v 8.385300 7.168948 1.845458
v 8.262029 7.188421 0.702320
v 8.057997 7.220655 -0.418126
v 7.775333 7.265326 -1.504823
v 7.416979 7.321975 -2.547063
v 6.986684 7.390025 -3.534605
v 6.488956 7.468780 -4.457787
v 5.929012 7.557435 -5.307647
v 5.312724 7.655082 -6.076039
v 4.646517 7.760730 -6.755739
v 3.937269 7.873307 -7.340542
v 3.192166 7.991693 -7.825335
v 2.418545 8.114728 -8.206118
v 1.623741 8.241243 -8.479968
v 0.814973 8.370070 -8.644955
v 0.793964 8.242369 14.644917
v 1.581883 7.986929 14.479823
v 2.356149 7.736081 14.205821
v 3.109726 7.492143 13.824870
v 3.835471 7.257439 13.339920
v 4.526249 7.034258 12.754993
v 5.175076 6.824823 12.075212
v 5.775264 6.631252 11.306785
v 6.320571 6.455510 10.456936
v 6.805281 6.299395 9.533806
v 7.224320 6.164501 8.546349
v 7.573298 6.052207 7.504221
v 7.848568 5.963658 6.417657
v 8.047263 5.899758 5.297360
v 8.167311 5.861157 4.154380
v 8.207466 5.848246 3.000000
v 8.167311 5.861157 1.845620
v 8.047263 5.899759 0.702640
v 7.848568 5.963658 -0.417657
v 7.573298 6.052207 -1.504221
v 7.224320 6.164501 -2.546348
v 6.805281 6.299395 -3.533805
v 6.320571 6.455511 -4.456936
v 5.775264 6.631253 -5.306785
v 5.175076 6.824824 -6.075211
v 4.526249 7.034258 -6.754992
v 3.835471 7.257439 -7.339920
v 3.109726 7.492144 -7.824870
v 2.356149 7.736082 -8.205820
v 1.581882 7.986930 -8.479823
v 0.793964 8.242371 -8.644917
v 0.759355 8.119091 14.644856
v 1.512925 7.741422 14.479592
v 2.253366 7.370564 14.205347
v 2.973937 7.009955 13.824123
v 3.667814 6.663022 13.338921
v 4.328189 6.333148 12.753789
v 4.948409 6.023612 12.073873
v 5.522103 5.737530 11.305388
v 6.043318 5.477808 10.455554
v 6.506602 5.247093 9.532504
v 6.907115 5.047741 8.545184
v 7.240663 4.881790 7.503238
v 7.503761 4.750931 6.416892
v 7.693671 4.656498 5.296836
v 7.808412 4.599452 4.154114
v 7.846792 4.580371 3.000000
v 7.808412 4.599452 1.845886
v 7.693671 4.656498 0.703164
v 7.503761 4.750932 -0.416891
v 7.240663 4.881791 -1.503238
v 6.907115 5.047742 -2.545183
v 6.506602 5.247093 -3.532503
v 6.043318 5.477808 -4.455554
v 5.522103 5.737531 -5.305387
v 4.948409 6.023612 -6.073873
v 4.328189 6.333149 -6.753789
v 3.667814 6.663022 -7.338921
v 2.973937 7.009955 -7.824124
v 2.253366 7.370565 -8.205345
v 1.512924 7.741422 -8.479591
v 0.759355 8.119092 -8.644855
v 0.711743 8.002347 14.644776
v 1.418060 7.508929 14.479290
v 2.111985 7.024453 14.204724
v 2.787181 6.553415 13.823143
v 3.437261 6.100293 13.337601
v 4.055865 5.669496 12.752193
v 4.636787 5.265289 12.072089
v 5.174086 4.891735 11.303518
v 5.662207 4.552612 10.453696
v 6.096059 4.251374 9.530749
v 6.471120 3.991090 8.543610
v 6.783471 3.774416 7.501908
v 7.029849 3.603561 6.415853
v 7.207689 3.480264 5.296124
v 7.315136 3.405783 4.153753
v 7.351079 3.380869 3.000000
v 7.315136 3.405783 1.846248
v 7.207689 3.480264 0.703876
v 7.029849 3.603562 -0.415852
v 6.783471 3.774417 -1.501907
v 6.471120 3.991091 -2.543610
v 6.096059 4.251375 -3.530750
v 5.662207 4.552613 -4.453696
v 5.174086 4.891736 -5.303517
v 4.636787 5.265290 -6.072089
v 4.055865 5.669496 -6.752192
v 3.437260 6.100294 -7.337600
v 2.787181 6.553416 -7.823143
v 2.111985 7.024454 -8.204723
v 1.418061 7.508930 -8.479290
v 0.711744 8.002348 -8.644776
v 0.651950 7.894139 14.644684
v 1.298931 7.293434 14.478935
v 1.934463 6.703676 14.203993
v 2.552727 6.130353 13.821985
v 3.147875 5.578910 13.336036
v 3.714108 5.054703 12.750289
v 4.245771 4.562903 12.069952
v 4.737455 4.108433 11.301267
v 5.184101 3.695877 10.451450
v 5.581068 3.329423 9.528619
v 5.924232 3.012797 8.541692
v 6.210013 2.749225 7.500281
v 6.435431 2.541390 6.414580
v 6.598143 2.391406 5.295252
v 6.696449 2.300804 4.153309
v 6.729334 2.270498 3.000000
v 6.696449 2.300804 1.846691
v 6.598143 2.391406 0.704748
v 6.435431 2.541391 -0.414580
v 6.210013 2.749225 -1.500282
v 5.919598 3.008872 -2.546201
v 5.571731 3.315830 -3.530560
v 5.174909 3.683168 -4.453556
v 4.736937 4.103069 -5.298192
v 4.245771 4.562903 -6.069952
v 3.714108 5.054703 -6.750288
v 3.147875 5.578912 -7.336035
v 2.552727 6.130354 -7.821986
v 1.934463 6.703677 -8.203992
v 1.298931 7.293435 -8.478936
v 0.651951 7.894140 -8.644684
v 0.581012 7.796317 14.644583
v 1.157592 7.098622 14.478554
v 1.723876 6.413721 14.203201
v 2.274660 5.748000 13.820725
v 2.804735 5.107786 13.334320
v 3.308953 4.499278 12.748192
v 3.782305 3.928460 12.067583
v 4.220002 3.401023 11.298757
v 4.617566 2.922263 10.448934
v 4.970884 2.497027 9.526220
v 5.276301 2.129622 8.539524
v 5.530640 1.823786 7.498437
v 5.731252 1.582630 6.413134
v 5.876059 1.408600 5.294258
v 5.963547 1.303472 4.152803
v 5.992812 1.268308 3.000000
v 5.963547 1.303472 1.847197
v 5.876059 1.408600 0.705742
v 5.731252 1.582631 -0.413134
v 5.530640 1.823787 -1.498438
v 5.272226 2.132046 -2.551224
v 4.217203 3.384352 -5.288981
v 3.781556 3.923125 -6.064721
v 3.308953 4.499279 -6.748191
v 2.804735 5.107787 -7.334321
v 2.274660 5.748001 -7.820726
v 1.723876 6.413721 -8.203199
v 1.157591 7.098623 -8.478554
v 0.581011 7.796318 -8.644583
v 0.500147 7.710551 14.644483
v 0.996476 6.927820 14.478169
v 1.483863 6.159530 14.202401
v 1.957808 5.412868 13.819448
v 2.413828 4.694928 13.332571
v 2.847507 4.012650 12.746037
v 3.254559 3.372720 12.065133
v 3.630890 2.781490 11.296143
v 3.972672 2.244872 10.446297
v 4.276390 1.768277 9.523697
v 4.538913 1.356519 8.537231
v 4.757524 1.013770 7.496480
v 4.929950 0.743515 6.411595
v 5.054409 0.548486 5.293198
v 5.129603 0.430675 4.152263
v 5.154756 0.391269 3.000000
v 5.129603 0.430675 1.847737
v 5.054409 0.548486 0.706803
v 4.929950 0.743515 -0.411595
v 4.757524 1.013770 -1.496480
v 4.535068 1.359565 -2.549067
v 3.251292 3.356058 -6.055823
v 2.846554 4.007339 -6.743417
v 2.413828 4.694929 -7.332570
v 1.957808 5.412869 -7.819448
v 1.483863 6.159531 -8.202400
v 0.996476 6.927820 -8.478169
v 0.500145 7.710553 -8.644483
v 0.410741 7.638305 14.644387
v 0.818354 6.783937 14.477809
v 1.218557 5.945426 14.201649
v 1.607643 5.130635 13.818238
v 1.981928 4.347312 13.330905
v 2.337798 3.603014 12.743974
v 2.671751 2.905013 12.062771
v 2.980447 2.260208 11.293608
v 3.260767 1.675021 10.443725
v 3.509839 1.155330 9.521220
v 3.725113 0.706363 8.534973
v 3.904368 0.332657 7.494544
v 4.045747 0.037999 6.410068
v 4.147794 -0.174635 5.292143
v 4.209446 -0.303080 4.151725
v 4.230070 -0.346043 3.000000
v 4.209446 -0.303079 1.848275
v 4.147794 -0.174635 0.707857
v 4.045747 0.038000 -0.410067
v 3.904368 0.332657 -1.494544
v 3.721664 0.710064 -2.546929
v 2.345965 3.592963 -6.734142
v 1.981928 4.347313 -7.330905
v 1.607643 5.130636 -7.818238
v 1.218558 5.945426 -8.201648
v 0.818354 6.783938 -8.477809
v 0.410742 7.638306 -8.644388
v 0.314335 7.580804 14.644307
v 0.626279 6.669420 14.477499
v 0.932510 5.775036 14.200997
v 1.230180 4.906063 13.817186
v 1.516468 4.070770 13.329448
v 1.788616 3.277204 12.742157
v 2.043954 2.533097 12.060678
v 2.279942 1.845782 11.291349
v 2.494208 1.222075 10.441420
v 2.684569 0.668220 9.518990
v 2.849085 0.189766 8.532929
v 2.986066 -0.208466 7.492786
v 3.094099 -0.522452 6.408677
v 3.172075 -0.749029 5.291182
v 3.219183 -0.885895 4.151234
v 3.234941 -0.931675 3.000000
v 3.219183 -0.885895 1.848766
v 3.172075 -0.749029 0.708818
v 3.094099 -0.522452 -0.408677
v 2.986066 -0.208466 -1.492787
v 2.846233 0.194100 -2.544985
v 1.782512 3.260852 -6.733522
v 1.514479 4.065484 -7.327084
v 1.230180 4.906064 -7.817186
v 0.932511 5.775037 -8.200995
v 0.626279 6.669421 -8.477498
v 0.314336 7.580806 -8.644306
v 0.212576 7.539024 14.644243
v 0.423536 6.586210 14.477259
v 0.630611 5.651239 14.200494
v 0.831868 4.742922 13.816370
v 1.025398 3.869908 13.328312
v 1.209340 3.040602 12.740734
v 1.381892 2.263069 12.059031
v 1.541346 1.544948 11.289561
v 1.686106 0.893343 10.439587
v 1.814703 0.314753 9.517208
v 1.925832 -0.185040 8.531293
v 2.018355 -0.601017 7.491374
v 2.091323 -0.928983 6.407557
v 2.143988 -1.165644 5.290405
v 2.175805 -1.308598 4.150837
v 2.186447 -1.356415 3.000000
v 2.175805 -1.308598 1.849163
v 2.143988 -1.165644 0.709594
v 2.091323 -0.928983 -0.407557
v 2.018355 -0.601017 -1.491374
v 1.923782 -0.180170 -2.543418
v 1.030308 3.856479 -7.319964
v 0.831868 4.742923 -7.816370
v 0.630612 5.651240 -8.200492
v 0.423537 6.586211 -8.477258
v 0.212576 7.539026 -8.644243
v 0.107200 7.513670 14.644204
v 0.213585 6.535717 14.477107
v 0.318004 5.576119 14.200174
v 0.419480 4.643938 13.815853
v 0.517050 3.748052 13.327590
v 0.609775 2.897084 12.739825
v 0.696750 2.099300 12.057976
v 0.777115 1.362525 11.288413
v 0.850069 0.694031 10.438405
v 0.914872 0.100473 9.516056
v 0.970871 -0.412229 8.530230
v 1.017492 -0.838937 7.490455
v 1.054257 -1.175357 6.406826
v 1.080792 -1.418114 5.289899
v 1.096824 -1.564748 4.150578
v 1.102185 -1.613797 3.000000
v 1.096824 -1.564748 1.849423
v 1.080792 -1.418114 0.710101
v 1.054257 -1.175356 -0.406826
v 1.017492 -0.838937 -1.490455
v 0.969796 -0.406996 -2.542397
v 0.519565 3.734031 -7.319351
v 0.419479 4.643939 -7.815853
v 0.318004 5.576120 -8.200173
v 0.213585 6.535717 -8.477107
v 0.107200 7.513672 -8.644204
v -0.000000 7.505173 14.644191
v -0.000000 6.518789 14.477055
v -0.000000 5.550938 14.200066
v -0.000000 4.610759 13.815676
v -0.000000 3.707210 13.327342
v -0.000000 2.848985 12.739513
v -0.000001 2.044418 12.057612
v -0.000001 1.301397 11.288016
v -0.000000 0.627249 10.437997
v -0.000001 0.028682 9.515657
v -0.000001 -0.488341 8.529861
v -0.000001 -0.918639 7.490136
v -0.000001 -1.257886 6.406572
v -0.000002 -1.502683 5.289723
v -0.000001 -1.650549 4.150487
v -0.000001 -1.700009 3.000000
v -0.000001 -1.650549 1.849513
v -0.000002 -1.502683 0.710277
v -0.000001 -1.257886 -0.406573
v -0.000001 -0.918639 -1.490136
v -0.000001 -0.482979 -2.542043
v -0.000000 3.692985 -7.319142
v -0.000000 4.610760 -7.815675
v -0.000000 5.550939 -8.200065
v -0.000000 6.518790 -8.477056
v -0.000000 7.505174 -8.644191
v -0.107200 7.513670 14.644204
v -0.213586 6.535717 14.477107
v -0.318005 5.576119 14.200174
v -0.419480 4.643937 13.815853
v -0.517050 3.748052 13.327590
v -0.609775 2.897084 12.739825
v -0.696751 2.099300 12.057976
v -0.777118 1.362525 11.288413
v -0.850069 0.694030 10.438405
v -0.914874 0.100473 9.516056
v -0.970872 -0.412230 8.530230
v -1.017493 -0.838938 7.490455
v -1.054260 -1.175357 6.406826
v -1.080796 -1.418114 5.289899
v -1.096825 -1.564749 4.150578
v -1.102188 -1.613797 3.000000
v -1.096825 -1.564749 1.849423
v -1.080796 -1.418114 0.710101
v -1.054260 -1.175356 -0.406826
v -1.017493 -0.838937 -1.490455
v -0.969798 -0.406997 -2.542397
v -0.519566 3.734030 -7.319351
v -0.419480 4.643939 -7.815853
v -0.318005 5.576120 -8.200173
v -0.213585 6.535717 -8.477107
v -0.107200 7.513672 -8.644204
v -0.212577 7.539024 14.644243
v -0.423537 6.586210 14.477259
v -0.630612 5.651239 14.200494
v -0.831869 4.742922 13.816370
v -1.025399 3.869908 13.328312
v -1.209340 3.040601 12.740734
v -1.381894 2.263068 12.059031
v -1.541349 1.544949 11.289561
v -1.686106 0.893342 10.439587
v -1.814705 0.314753 9.517208
v -1.925833 -0.185041 8.531292
v -2.018357 -0.601018 7.491374
v -2.091326 -0.928983 6.407557
v -2.143991 -1.165645 5.290405
v -2.175806 -1.308599 4.150836
v -2.186450 -1.356416 3.000000
v -2.175806 -1.308599 1.849163
v -2.143991 -1.165645 0.709594
v -2.091326 -0.928983 -0.407557
v -2.018357 -0.601018 -1.491374
v -1.923784 -0.180171 -2.543418
v -1.030308 3.856478 -7.319964
v -0.831868 4.742923 -7.816370
v -0.630612 5.651240 -8.200492
v -0.423537 6.586211 -8.477258
v -0.212576 7.539026 -8.644243
v -0.314336 7.580804 14.644307
v -0.626280 6.669421 14.477497
v -0.932512 5.775035 14.200997
v -1.230180 4.906063 13.817186
v -1.516469 4.070769 13.329448
v -1.788617 3.277203 12.742157
v -2.043956 2.533097 12.060678
v -2.279945 1.845783 11.291349
v -2.494209 1.222075 10.441420
v -2.684572 0.668219 9.518990
v -2.849087 0.189765 8.532929
v -2.986069 -0.208468 7.492786
v -3.094102 -0.522452 6.408677
v -3.172078 -0.749030 5.291182
v -3.219185 -0.885895 4.151234
v -3.234944 -0.931676 3.000000
v -3.219185 -0.885895 1.848766
v -3.172078 -0.749030 0.708818
v -3.094102 -0.522452 -0.408677
v -2.986069 -0.208468 -1.492787
v -2.846236 0.194098 -2.544985
v -1.782513 3.260851 -6.733522
v -1.514479 4.065483 -7.327084
v -1.230180 4.906064 -7.817186
v -0.932512 5.775037 -8.200995
v -0.626280 6.669422 -8.477498
v -0.314336 7.580806 -8.644306
v -0.410741 7.638304 14.644387
v -0.818355 6.783937 14.477809
v -1.218559 5.945426 14.201649
v -1.607643 5.130634 13.818238
v -1.981929 4.347311 13.330905
v -2.337799 3.603014 12.743974
v -2.671753 2.905012 12.062771
v -2.980450 2.260208 11.293608
v -3.260767 1.675019 10.443724
v -3.509842 1.155329 9.521219
v -3.725116 0.706361 8.534972
v -3.904371 0.332655 7.494544
v -4.045750 0.037999 6.410068
v -4.147798 -0.174636 5.292143
v -4.209448 -0.303080 4.151725
v -4.230072 -0.346045 3.000000
v -4.209448 -0.303080 1.848275
v -4.147798 -0.174636 0.707857
v -4.045750 0.037999 -0.410067
v -3.904371 0.332655 -1.494545
v -3.721667 0.710063 -2.546929
v -2.345966 3.592962 -6.734142
v -1.981928 4.347313 -7.330905
v -1.607643 5.130635 -7.818238
v -1.218559 5.945426 -8.201648
v -0.818355 6.783938 -8.477809
v -0.410742 7.638306 -8.644388
v -0.500146 7.710551 14.644483
v -0.996477 6.927820 14.478169
v -1.483864 6.159530 14.202401
v -1.957808 5.412867 13.819448
v -2.413828 4.694928 13.332571
v -2.847508 4.012650 12.746037
v -3.254561 3.372719 12.065133
v -3.630892 2.781489 11.296143
v -3.972674 2.244869 10.446297
v -4.276392 1.768276 9.523697
v -4.538917 1.356517 8.537231
v -4.757527 1.013769 7.496480
v -4.929953 0.743514 6.411595
v -5.054413 0.548486 5.293198
v -5.129605 0.430675 4.152263
v -5.154760 0.391267 3.000000
v -5.129605 0.430675 1.847737
v -5.054413 0.548486 0.706803
v -4.929953 0.743514 -0.411595
v -4.757527 1.013769 -1.496480
v -4.535071 1.359564 -2.549067
v -3.251296 3.356056 -6.055823
v -2.846555 4.007338 -6.743417
v -2.413828 4.694929 -7.332570
v -1.957808 5.412868 -7.819448
v -1.483865 6.159531 -8.202400
v -0.996477 6.927820 -8.478169
v -0.500146 7.710553 -8.644483
v -0.581013 7.796317 14.644583
v -1.157593 7.098622 14.478554
v -1.723877 6.413721 14.203201
v -2.274660 5.748000 13.820725
v -2.804736 5.107786 13.334320
v -3.308955 4.499278 12.748192
v -3.782308 3.928459 12.067583
v -4.220005 3.401022 11.298757
v -4.617568 2.922260 10.448934
v -4.970888 2.497025 9.526220
v -5.276304 2.129622 8.539524
v -5.530643 1.823785 7.498437
v -5.731255 1.582630 6.413134
v -5.876063 1.408599 5.294258
v -5.963550 1.303473 4.152803
v -5.992816 1.268307 3.000000
v -5.963550 1.303473 1.847197
v -5.876063 1.408599 0.705742
v -5.731255 1.582631 -0.413134
v -5.530643 1.823786 -1.498438
v -5.272230 2.132046 -2.551224
v -4.217206 3.384352 -5.288981
v -3.781559 3.923123 -6.064721
v -3.308955 4.499278 -6.748191
v -2.804736 5.107787 -7.334321
v -2.274660 5.748001 -7.820726
v -1.723877 6.413721 -8.203199
v -1.157592 7.098623 -8.478554
v -0.581012 7.796318 -8.644583
v -0.651952 7.894138 14.644684
v -1.298932 7.293434 14.478935
v -1.934464 6.703676 14.203993
v -2.552728 6.130352 13.821985
v -3.147876 5.578910 13.336036
v -3.714110 5.054702 12.750289
v -4.245775 4.562901 12.069952
v -4.737458 4.108433 11.301267
v -5.184104 3.695874 10.451450
v -5.581072 3.329422 9.528620
v -5.924236 3.012797 8.541692
v -6.210017 2.749223 7.500282
v -6.435433 2.541391 6.414580
v -6.598148 2.391406 5.295252
v -6.696452 2.300804 4.153309
v -6.729338 2.270497 3.000000
v -6.696452 2.300804 1.846691
v -6.598148 2.391406 0.704748
v -6.435433 2.541391 -0.414581
v -6.210018 2.749224 -1.500282
v -5.919602 3.008871 -2.546201
v -5.571734 3.315828 -3.530560
v -5.174911 3.683164 -4.453556
v -4.736940 4.103068 -5.298192
v -4.245775 4.562902 -6.069952
v -3.714110 5.054703 -6.750288
v -3.147876 5.578912 -7.336035
v -2.552728 6.130353 -7.821986
v -1.934464 6.703677 -8.203992
v -1.298932 7.293435 -8.478936
v -0.651952 7.894140 -8.644684
v -0.711744 8.002347 14.644776
v -1.418062 7.508929 14.479290
v -2.111987 7.024453 14.204724
v -2.787183 6.553414 13.823143
v -3.437261 6.100293 13.337601
v -4.055866 5.669496 12.752192
v -4.636790 5.265289 12.072089
v -5.174089 4.891735 11.303518
v -5.662210 4.552609 10.453696
v -6.096064 4.251373 9.530750
v -6.471125 3.991090 8.543610
v -6.783476 3.774415 7.501908
v -7.029850 3.603563 6.415853
v -7.207695 3.480264 5.296124
v -7.315140 3.405783 4.153753
v -7.351083 3.380869 3.000000
v -7.315140 3.405783 1.846248
v -7.207695 3.480265 0.703876
v -7.029850 3.603563 -0.415852
v -6.783476 3.774416 -1.501908
v -6.471125 3.991091 -2.543610
v -6.096064 4.251374 -3.530750
v -5.662210 4.552610 -4.453696
v -5.174089 4.891735 -5.303517
v -4.636790 5.265290 -6.072089
v -4.055866 5.669496 -6.752192
v -3.437261 6.100295 -7.337600
v -2.787183 6.553415 -7.823143
v -2.111987 7.024454 -8.204723
v -1.418062 7.508930 -8.479290
v -0.711744 8.002348 -8.644776
v -0.759356 8.119091 14.644856
v -1.512926 7.741422 14.479592
v -2.253368 7.370565 14.205347
v -2.973938 7.009955 13.824123
v -3.667814 6.663022 13.338922
v -4.328191 6.333148 12.753789
v -4.948413 6.023612 12.073873
v -5.522107 5.737530 11.305388
v -6.043323 5.477805 10.455554
v -6.506606 5.247093 9.532504
v -6.907118 5.047742 8.545184
v -7.240668 4.881790 7.503238
v -7.503764 4.750933 6.416892
v -7.693677 4.656498 5.296836
v -7.808415 4.599452 4.154114
v -7.846797 4.580371 3.000000
v -7.808415 4.599452 1.845886
v -7.693677 4.656498 0.703164
v -7.503764 4.750934 -0.416891
v -7.240668 4.881790 -1.503238
v -6.907118 5.047742 -2.545183
v -6.506606 5.247093 -3.532504
v -6.043323 5.477806 -4.455553
v -5.522107 5.737531 -5.305387
v -4.948413 6.023612 -6.073873
v -4.328191 6.333149 -6.753789
v -3.667814 6.663023 -7.338921
v -2.973938 7.009955 -7.824124
v -2.253368 7.370566 -8.205345
v -1.512926 7.741422 -8.479592
v -0.759356 8.119092 -8.644855
v -0.793965 8.242369 14.644917
v -1.581884 7.986930 14.479823
v -2.356150 7.736082 14.205821
v -3.109727 7.492143 13.824870
v -3.835472 7.257439 13.339920
v -4.526251 7.034258 12.754993
v -5.175079 6.824824 12.075212
v -5.775269 6.631251 11.306785
v -6.320577 6.455509 10.456936
v -6.805286 6.299395 9.533806
v -7.224324 6.164501 8.546349
v -7.573304 6.052207 7.504221
v -7.848571 5.963660 6.417657
v -8.047270 5.899759 5.297360
v -8.167315 5.861158 4.154380
v -8.207473 5.848247 3.000000
v -8.167315 5.861158 1.845620
v -8.047270 5.899760 0.702640
v -7.848571 5.963660 -0.417657
v -7.573304 6.052207 -1.504221
v -7.224324 6.164502 -2.546349
v -6.805286 6.299395 -3.533805
v -6.320577 6.455509 -4.456935
v -5.775269 6.631252 -5.306785
v -5.175079 6.824825 -6.075211
v -4.526251 7.034258 -6.754992
v -3.835472 7.257440 -7.339920
v -3.109727 7.492144 -7.824870
v -2.356151 7.736083 -8.205820
v -1.581884 7.986931 -8.479823
v -0.793965 8.242371 -8.644917
v -0.814973 8.370070 14.644955
v -1.623743 8.241243 14.479968
v -2.418546 8.114729 14.206118
v -3.192167 7.991692 13.825335
v -3.937271 7.873307 13.340542
v -4.646520 7.760729 12.755739
v -5.312727 7.655082 12.076039
v -5.929016 7.557435 11.307647
v -6.488963 7.468778 10.457787
v -6.986690 7.390025 9.534605
v -7.416984 7.321975 8.547063
v -7.775338 7.265327 7.504823
v -8.058000 7.220658 6.418126
v -8.262035 7.188423 5.297680
v -8.385303 7.168950 4.154543
v -8.426540 7.162436 3.000000
v -8.385303 7.168950 1.845458
v -8.262035 7.188423 0.702320
v -8.058000 7.220658 -0.418125
v -7.775338 7.265327 -1.504823
v -7.416984 7.321976 -2.547063
v -6.986690 7.390025 -3.534605
v -6.488963 7.468779 -4.457787
v -5.929016 7.557436 -5.307646
v -5.312727 7.655083 -6.076039
v -4.646520 7.760730 -6.755738
v -3.937270 7.873308 -7.340542
v -3.192167 7.991693 -7.825335
v -2.418546 8.114730 -8.206118
v -1.623742 8.241244 -8.479968
v -0.814973 8.370070 -8.644955
v -0.822017 8.499999 14.644968
v -1.637777 8.499999 14.480017
v -2.439466 8.500000 14.206219
v -3.219810 8.499999 13.825493
v -3.971405 8.500000 13.340754
v -4.686849 8.500000 12.755992
v -5.358888 8.500000 12.076319
v -5.980576 8.500000 11.307939
v -6.545433 8.499999 10.458075
v -7.047526 8.500001 9.534875
v -7.481596 8.500001 8.547304
v -7.843094 8.500002 7.505025
v -8.128236 8.500002 6.418283
v -8.334061 8.500002 5.297788
v -8.458411 8.500002 4.154598
v -8.500010 8.500002 3.000000
v -8.458411 8.500002 1.845403
v -8.334061 8.500002 0.702212
v -8.128236 8.500002 -0.418283
v -7.843094 8.500002 -1.505025
v -7.481596 8.500002 -2.547303
v -7.047526 8.500002 -3.534874
v -6.545434 8.500000 -4.458074
v -5.980576 8.500001 -5.307938
v -5.358888 8.500001 -6.076319
v -4.686849 8.500001 -6.755991
v -3.971405 8.500001 -7.340753
v -3.219810 8.500000 -7.825493
v -2.439466 8.500001 -8.206218
v -1.637776 8.500000 -8.480017
v -0.822017 8.500001 -8.644967
v -0.814974 8.629930 14.644955
v -1.623743 8.758756 14.479968
v -2.418546 8.885272 14.206118
v -3.192167 9.008307 13.825335
v -3.937270 9.126693 13.340542
v -4.646520 9.239270 12.755739
v -5.312728 9.344918 12.076039
v -5.929016 9.442566 11.307648
v -6.488964 9.531221 10.457788
v -6.986691 9.609977 9.534606
v -7.416985 9.678026 8.547064
v -7.775339 9.734675 7.504824
v -8.058000 9.779346 6.418127
v -8.262034 9.811583 5.297680
v -8.385303 9.831054 4.154543
v -8.426540 9.837567 3.000000
v -8.385303 9.831054 1.845458
v -8.262034 9.811583 0.702320
v -8.058000 9.779346 -0.418126
v -7.775339 9.734675 -1.504823
v -7.416985 9.678028 -2.547063
v -6.986691 9.609978 -3.534605
v -6.488964 9.531222 -4.457786
v -5.929016 9.442567 -5.307646
v -5.312728 9.344919 -6.076039
v -4.646520 9.239271 -6.755737
v -3.937270 9.126694 -7.340541
v -3.192168 9.008307 -7.825334
v -2.418546 8.885273 -8.206117
v -1.623742 8.758757 -8.479967
v -0.814973 8.629931 -8.644954
v -0.793965 8.757630 14.644917
v -1.581884 9.013069 14.479823
v -2.356150 9.263919 14.205821
v -3.109727 9.507856 13.824870
v -3.835473 9.742561 13.339920
v -4.526251 9.965742 12.754993
v -5.175080 10.175177 12.075212
v -5.775269 10.368749 11.306786
v -6.320578 10.544491 10.456937
v -6.805286 10.700607 9.533806
v -7.224325 10.835501 8.546350
v -7.573304 10.947796 7.504222
v -7.848571 11.036344 6.417658
v -8.047269 11.100245 5.297360
v -8.167315 11.138844 4.154380
v -8.207473 11.151757 3.000000
v -8.167315 11.138844 1.845621
v -8.047269 11.100245 0.702640
v -7.848571 11.036344 -0.417657
v -7.573304 10.947796 -1.504221
v -7.224325 10.835502 -2.546348
v -6.805286 10.700608 -3.533805
v -6.320578 10.544492 -4.456935
v -5.775269 10.368750 -5.306785
v -5.175080 10.175178 -6.075211
v -4.526251 9.965743 -6.754991
v -3.835473 9.742561 -7.339920
v -3.109728 9.507857 -7.824869
v -2.356150 9.263920 -8.205819
v -1.581884 9.013070 -8.479822
v -0.793965 8.757631 -8.644917
v -0.759355 8.880908 14.644856
v -1.512926 9.258578 14.479592
v -2.253367 9.629436 14.205347
v -2.973939 9.990045 13.824123
v -3.667815 10.336978 13.338922
v -4.328192 10.666852 12.753789
v -4.948413 10.976390 12.073874
v -5.522107 11.262471 11.305388
v -6.043324 11.522195 10.455554
v -6.506607 11.752911 9.532504
v -6.907120 11.952260 8.545185
v -7.240668 12.118212 7.503239
v -7.503764 12.249070 6.416892
v -7.693676 12.343507 5.296836
v -7.808415 12.400551 4.154114
v -7.846797 12.419633 3.000000
v -7.808415 12.400551 1.845887
v -7.693676 12.343507 0.703165
v -7.503764 12.249070 -0.416891
v -7.240668 12.118212 -1.503238
v -6.907120 11.952261 -2.545183
v -6.506607 11.752911 -3.532503
v -6.043324 11.522196 -4.455553
v -5.522107 11.262472 -5.305387
v -4.948413 10.976391 -6.073873
v -4.328192 10.666852 -6.753788
v -3.667815 10.336979 -7.338920
v -2.973939 9.990046 -7.824124
v -2.253367 9.629436 -8.205344
v -1.512926 9.258578 -8.479590
v -0.759356 8.880910 -8.644855
v -0.711745 8.997652 14.644776
v -1.418061 9.491071 14.479290
v -2.111986 9.975548 14.204724
v -2.787183 10.446585 13.823143
v -3.437261 10.899707 13.337601
v -4.055867 11.330505 12.752192
v -4.636790 11.734713 12.072090
v -5.174089 12.108267 11.303518
v -5.662211 12.447391 10.453697
v -6.096064 12.748631 9.530750
v -6.471125 13.008912 8.543611
v -6.783476 13.225588 7.501908
v -7.029851 13.396441 6.415854
v -7.207693 13.519740 5.296125
v -7.315140 13.594222 4.153753
v -7.351083 13.619135 3.000000
v -7.315140 13.594222 1.846248
v -7.207693 13.519740 0.703876
v -7.029851 13.396441 -0.415852
v -6.783476 13.225588 -1.501907
v -6.471125 13.008912 -2.543609
v -6.096064 12.748631 -3.530749
v -5.662211 12.447392 -4.453696
v -5.174089 12.108268 -5.303517
v -4.636790 11.734714 -6.072089
v -4.055867 11.330506 -6.752191
v -3.437261 10.899708 -7.337599
v -2.787183 10.446586 -7.823143
v -2.111986 9.975548 -8.204721
v -1.418062 9.491071 -8.479289
v -0.711744 8.997653 -8.644776
v -0.651953 9.105861 14.644684
v -1.298932 9.706566 14.478935
v -1.934464 10.296324 14.203993
v -2.552728 10.869647 13.821985
v -3.147876 11.421089 13.336036
v -3.714110 11.945298 12.750289
v -4.245775 12.437100 12.069952
v -4.737458 12.891570 11.301268
v -5.184105 13.304128 10.451451
v -5.581073 13.670582 9.528621
v -5.924236 13.987207 8.541694
v -6.210017 14.250779 7.500283
v -6.435433 14.458613 6.414581
v -6.598145 14.608600 5.295252
v -6.696452 14.699200 4.153309
v -6.729338 14.729506 3.000000
v -6.696452 14.699200 1.846692
v -6.598145 14.608600 0.704749
v -6.435433 14.458613 -0.414580
v -6.210017 14.250779 -1.500281
v -5.924236 13.987207 -2.541692
v -5.581073 13.670582 -3.528619
v -5.184105 13.304128 -4.451449
v -4.737458 12.891570 -5.301265
v -4.245775 12.437100 -6.069952
v -3.714110 11.945299 -6.750287
v -3.147876 11.421090 -7.336034
v -2.552728 10.869648 -7.821985
v -1.934464 10.296325 -8.203991
v -1.298932 9.706567 -8.478935
v -0.651951 9.105862 -8.644683
v -0.581012 9.203683 14.644583
v -1.157593 9.901378 14.478554
v -1.723877 10.586280 14.203201
v -2.274661 11.252000 13.820725
v -2.804735 11.892215 13.334320
v -3.308955 12.500724 12.748192
v -3.782308 13.071543 12.067584
v -4.220004 13.598982 11.298757
v -4.617569 14.077743 10.448934
v -4.970888 14.502980 9.526221
v -5.276304 14.870383 8.539525
v -5.530643 15.176217 7.498439
v -5.731255 15.417372 6.413135
v -5.876061 15.591405 5.294258
v -5.963549 15.696533 4.152803
v -5.992815 15.731697 3.000001
v -5.963549 15.696533 1.847198
v -5.876061 15.591405 0.705743
v -5.731255 15.417372 -0.413133
v -5.530643 15.176217 -1.498437
v -5.276304 14.870383 -2.539524
v -4.970888 14.502980 -3.526221
v -4.617569 14.077743 -4.448932
v -4.220004 13.598982 -5.298755
v -3.782308 13.071543 -6.067583
v -3.308955 12.500724 -6.748190
v -2.804735 11.892215 -7.334320
v -2.274661 11.252001 -7.820725
v -1.723877 10.586281 -8.203198
v -1.157592 9.901379 -8.478553
v -0.581012 9.203684 -8.644583
v -0.500145 9.289448 14.644483
v -0.996477 10.072181 14.478169
v -1.483864 10.840470 14.202401
v -1.957809 11.587133 13.819448
v -2.413828 12.305073 13.332571
v -2.847508 12.987351 12.746037
v -3.254561 13.627285 12.065133
v -3.630891 14.218513 11.296144
v -3.972675 14.755135 10.446298
v -4.276393 15.231730 9.523697
v -4.538917 15.643488 8.537233
v -4.757526 15.986234 7.496481
v -4.929952 16.256491 6.411596
v -5.054410 16.451519 5.293198
v -5.129604 16.569330 4.152263
v -5.154758 16.608738 3.000001
v -5.129604 16.569330 1.847738
v -5.054410 16.451519 0.706803
v -4.929952 16.256491 -0.411594
v -4.757526 15.986234 -1.496480
v -4.538917 15.643488 -2.537231
v -4.276393 15.231730 -3.523695
v -3.972675 14.755135 -4.446296
v -3.630891 14.218513 -5.296142
v -3.254561 13.627285 -6.065133
v -2.847508 12.987351 -6.746035
v -2.413828 12.305074 -7.332569
v -1.957809 11.587134 -7.819447
v -1.483864 10.840471 -8.202399
v -0.996477 10.072182 -8.478168
v -0.500146 9.289450 -8.644482
v -0.410742 9.361694 14.644387
v -0.818355 10.216063 14.477809
v -1.218558 11.054575 14.201649
v -1.607644 11.869366 13.818238
v -1.981928 12.652689 13.330905
v -2.337799 13.396987 12.743974
v -2.671753 14.094991 12.062771
v -2.980449 14.739795 11.293609
v -3.260769 15.324986 10.443725
v -3.509841 15.844676 9.521220
v -3.725116 16.293644 8.534974
v -3.904370 16.667349 7.494545
v -4.045748 16.962006 6.410069
v -4.147795 17.174641 5.292144
v -4.209447 17.303087 4.151726
v -4.230072 17.346048 3.000001
v -4.209447 17.303087 1.848276
v -4.147795 17.174641 0.707858
v -4.045748 16.962006 -0.410067
v -3.904370 16.667349 -1.494544
v -3.725116 16.293644 -2.534972
v -3.509842 15.844676 -3.521219
v -3.260769 15.324986 -4.443723
v -2.980448 14.739795 -5.293607
v -2.671753 14.094991 -6.062770
v -2.337799 13.396987 -6.743971
v -1.981928 12.652689 -7.330904
v -1.607644 11.869367 -7.818238
v -1.218558 11.054576 -8.201647
v -0.818355 10.216063 -8.477809
v -0.410742 9.361696 -8.644387
v -0.314337 9.419194 14.644307
v -0.626279 10.330580 14.477499
v -0.932510 11.224965 14.200997
v -1.230181 12.093937 13.817186
v -1.516468 12.929231 13.329448
v -1.788616 13.722798 12.742156
v -2.043955 14.466908 12.060678
v -2.279943 15.154221 11.291349
v -2.494210 15.777930 10.441421
v -2.684571 16.331787 9.518990
v -2.849087 16.810242 8.532931
v -2.986068 17.208471 7.492788
v -3.094100 17.522455 6.408678
v -3.172075 17.749035 5.291183
v -3.219184 17.885900 4.151235
v -3.234943 17.931681 3.000001
v -3.219184 17.885900 1.848767
v -3.172075 17.749035 0.708819
v -3.094100 17.522455 -0.408676
v -2.986068 17.208471 -1.492787
v -2.849087 16.810242 -2.532929
v -2.684571 16.331787 -3.518989
v -2.494210 15.777930 -4.441418
v -2.279943 15.154221 -5.291348
v -2.043955 14.466908 -6.060678
v -1.788616 13.722799 -6.742155
v -1.516468 12.929231 -7.329448
v -1.230181 12.093938 -7.817186
v -0.932510 11.224966 -8.200994
v -0.626280 10.330580 -8.477497
v -0.314336 9.419196 -8.644305
v -0.212578 9.460976 14.644243
v -0.423537 10.413790 14.477259
v -0.630611 11.348762 14.200494
v -0.831869 12.257079 13.816370
v -1.025398 13.130093 13.328312
v -1.209340 13.959400 12.740733
v -1.381893 14.736936 12.059031
v -1.541347 15.455053 11.289562
v -1.686107 16.106663 10.439588
v -1.814703 16.685253 9.517209
v -1.925832 17.185047 8.531293
v -2.018356 17.601023 7.491375
v -2.091323 17.928988 6.407557
v -2.143988 18.165649 5.290406
v -2.175805 18.308605 4.150838
v -2.186448 18.356421 3.000001
v -2.175805 18.308605 1.849164
v -2.143988 18.165649 0.709596
v -2.091323 17.928988 -0.407556
v -2.018356 17.601023 -1.491374
v -1.925832 17.185047 -2.531291
v -1.814703 16.685253 -3.517208
v -1.686107 16.106663 -4.439586
v -1.541347 15.455053 -5.289560
v -1.381893 14.736936 -6.059031
v -1.209339 13.959400 -6.740732
v -1.025398 13.130093 -7.328311
v -0.831869 12.257080 -7.816369
v -0.630611 11.348763 -8.200491
v -0.423537 10.413791 -8.477257
v -0.212577 9.460977 -8.644242
v -0.107199 9.486328 14.644204
v -0.213586 10.464284 14.477107
v -0.318004 11.423882 14.200174
v -0.419480 12.356064 13.815853
v -0.517049 13.251950 13.327590
v -0.609775 14.102918 12.739825
v -0.696751 14.900703 12.057977
v -0.777117 15.637478 11.288413
v -0.850071 16.305975 10.438405
v -0.914873 16.899534 9.516057
v -0.970871 17.412235 8.530231
v -1.017493 17.838942 7.490456
v -1.054258 18.175360 6.406827
v -1.080793 18.418118 5.289899
v -1.096824 18.564754 4.150578
v -1.102188 18.613802 3.000001
v -1.096824 18.564754 1.849423
v -1.080793 18.418118 0.710102
v -1.054258 18.175360 -0.406826
v -1.017493 17.838942 -1.490455
v -0.970871 17.412237 -2.530229
v -0.914874 16.899534 -3.516055
v -0.850071 16.305975 -4.438404
v -0.777116 15.637478 -5.288412
v -0.696751 14.900703 -6.057975
v -0.609775 14.102918 -6.739823
v -0.517049 13.251950 -7.327590
v -0.419480 12.356065 -7.815852
v -0.318003 11.423882 -8.200173
v -0.213585 10.464285 -8.477106
v -0.107200 9.486330 -8.644203
v -0.000001 12.389242 13.815676
v -0.000000 16.971325 9.515657
v -0.000000 17.488348 8.529862
v -0.000000 17.488348 -2.529861
v -0.000000 15.698605 -5.288016
v 0.000000 14.151017 -6.739512
v -0.000001 12.389243 -7.815675
v 0.000000 15.300001 -19.500000
v 0.000000 15.299999 -6.499999
v 1.063755 15.216284 -19.500000
v 1.063755 15.216282 -6.499999
v 2.101316 14.967187 -19.500000
v 2.101316 14.967185 -6.499999
v 3.087136 14.558846 -19.500000
v 3.087136 14.558845 -6.499999
v 3.996940 14.001317 -19.500000
v 3.996940 14.001316 -6.499999
v 4.808326 13.308329 -19.500000
v 4.808326 13.308327 -6.499999
v 5.501316 12.496941 -19.500000
v 5.501316 12.496940 -6.499999
v 6.058845 11.587137 -19.500000
v 6.058845 11.587136 -6.499999
v 6.467185 10.601316 -19.500000
v 6.467185 10.601315 -6.499999
v 6.716281 9.563755 -19.500000
v 6.716281 9.563754 -6.499999
v 6.800000 8.500001 -19.500000
v 6.800000 8.500000 -6.500000
v 6.716281 7.436246 -19.500000
v 6.716281 7.436246 -6.500000
v 6.467185 6.398685 -19.500000
v 6.467185 6.398685 -6.500000
v 6.058845 5.412865 -19.500000
v 6.058845 5.412864 -6.500000
v 5.501316 4.503061 -19.500000
v 5.501316 4.503060 -6.500000
v 4.808326 3.691674 -19.500000
v 4.808326 3.691674 -6.500000
v 3.996940 2.998685 -19.500000
v 3.996940 2.998685 -6.500000
v 3.087136 2.441156 -19.500000
v 3.087136 2.441156 -6.500000
v 2.101316 2.032816 -19.500000
v 2.101316 2.032815 -6.500000
v 1.063755 1.783720 -19.500000
v 1.063755 1.783719 -6.500000
v 0.000000 1.700001 -19.500000
v 0.000000 1.700000 -6.500000
v -1.063755 1.783720 -19.500000
v -1.063755 1.783719 -6.500000
v -2.101316 2.032816 -19.500000
v -2.101316 2.032815 -6.500000
v -3.087136 2.441156 -19.500000
v -3.087136 2.441156 -6.500000
v -3.996940 2.998685 -19.500000
v -3.996940 2.998685 -6.500000
v -4.808326 3.691674 -19.500000
v -4.808326 3.691674 -6.500000
v -5.501316 4.503061 -19.500000
v -5.501316 4.503060 -6.500000
v -6.058845 5.412865 -19.500000
v -6.058845 5.412864 -6.500000
v -6.467185 6.398685 -19.500000
v -6.467185 6.398685 -6.500000
v -6.716281 7.436246 -19.500000
v -6.716281 7.436246 -6.500000
v -6.800000 8.500001 -19.500000
v -6.800000 8.500000 -6.500000
v -6.716281 9.563755 -19.500000
v -6.716281 9.563754 -6.499999
v -6.467185 10.601316 -19.500000
v -6.467185 10.601315 -6.499999
v -6.058845 11.587137 -19.500000
v -6.058845 11.587136 -6.499999
v -5.501316 12.496941 -19.500000
v -5.501316 12.496940 -6.499999
v -4.808326 13.308329 -19.500000
v -4.808326 13.308327 -6.499999
v -3.996940 14.001317 -19.500000
v -3.996940 14.001316 -6.499999
v -3.087136 14.558846 -19.500000
v -3.087136 14.558845 -6.499999
v -2.101316 14.967187 -19.500000
v -2.101316 14.967185 -6.499999
v -1.063755 15.216284 -19.500000
v -1.063755 15.216282 -6.499999
v 0.000000 15.082823 -19.293037
v 0.000000 15.082821 -6.706961
v 1.029780 15.001777 -19.293037
v 1.029780 15.001776 -6.706961
v 2.034204 14.760635 -19.293037
v 2.034204 14.760634 -6.706961
v 2.988538 14.365337 -19.293037
v 2.988538 14.365336 -6.706961
v 3.869285 13.825615 -19.293037
v 3.869285 13.825613 -6.706961
v 4.654757 13.154758 -19.293037
v 4.654757 13.154757 -6.706961
v 5.325613 12.369287 -19.293037
v 5.325613 12.369286 -6.706961
v 5.865336 11.488539 -19.293037
v 5.865336 11.488538 -6.706961
v 6.260635 10.534204 -19.293037
v 6.260635 10.534204 -6.706961
v 6.501775 9.529780 -19.293037
v 6.501775 9.529779 -6.706961
v 6.582820 8.500001 -19.293037
v 6.582820 8.500000 -6.706961
v 6.501775 7.470221 -19.293037
v 6.501775 7.470221 -6.706961
v 6.260635 6.465797 -19.293037
v 6.260635 6.465796 -6.706961
v 5.865336 5.511463 -19.293037
v 5.865336 5.511462 -6.706961
v 5.325613 4.630716 -19.293037
v 5.325613 4.630715 -6.706961
v 4.654757 3.845243 -19.293037
v 4.654757 3.845243 -6.706961
v 3.869285 3.174387 -19.293037
v 3.869285 3.174387 -6.706961
v 2.988538 2.634665 -19.293037
v 2.988538 2.634664 -6.706961
v 2.034204 2.239366 -19.293037
v 2.034204 2.239366 -6.706961
v 1.029780 1.998226 -19.293037
v 1.029780 1.998225 -6.706961
v 0.000000 1.917181 -19.293037
v 0.000000 1.917180 -6.706961
v -1.029780 1.998226 -19.293037
v -1.029780 1.998225 -6.706961
v -2.034204 2.239366 -19.293037
v -2.034204 2.239366 -6.706961
v -2.988538 2.634665 -19.293037
v -2.988538 2.634664 -6.706961
v -3.869285 3.174387 -19.293037
v -3.869285 3.174387 -6.706961
v -4.654757 3.845243 -19.293037
v -4.654757 3.845243 -6.706961
v -5.325613 4.630716 -19.293037
v -5.325613 4.630715 -6.706961
v -5.865336 5.511463 -19.293037
v -5.865336 5.511462 -6.706961
v -6.260635 6.465797 -19.293037
v -6.260635 6.465796 -6.706961
v -6.501775 7.470221 -19.293037
v -6.501775 7.470221 -6.706961
v -6.582820 8.500001 -19.293037
v -6.582820 8.500000 -6.706961
v -6.501775 9.529780 -19.293037
v -6.501775 9.529779 -6.706961
v -6.260635 10.534204 -19.293037
v -6.260635 10.534204 -6.706961
v -5.865336 11.488539 -19.293037
v -5.865336 11.488538 -6.706961
v -5.325613 12.369287 -19.293037
v -5.325613 12.369286 -6.706961
v -4.654757 13.154758 -19.293037
v -4.654757 13.154757 -6.706961
v -3.869285 13.825615 -19.293037
v -3.869285 13.825613 -6.706961
v -2.988538 14.365337 -19.293037
v -2.988538 14.365336 -6.706961
v -2.034204 14.760635 -19.293037
v -2.034204 14.760634 -6.706961
v -1.029780 15.001777 -19.293037
v -1.029780 15.001776 -6.706961
vn -0.0000 -0.0000 1.0000
vn -0.0000 0.1145 0.9934
vn -0.0000 0.2241 0.9746
vn -0.0000 0.3298 0.9441
vn -0.0000 0.5229 0.8524
vn -0.0000 0.6083 0.7937
vn -0.0000 0.6852 0.7284
vn -0.0000 0.7534 0.6575
vn -0.0000 0.8129 0.5824
vn -0.0000 0.9403 0.3402
vn -0.0000 0.9666 0.2561
vn -0.0000 0.9852 0.1712
vn -0.0000 0.9963 0.0857
vn -0.0000 1.0000 -0.0000
vn -0.0000 0.9963 -0.0857
vn -0.0000 0.9852 -0.1712
vn -0.0000 0.9666 -0.2561
vn -0.0000 0.9403 -0.3402
vn -0.0000 0.8637 -0.5040
vn -0.0000 0.8129 -0.5824
vn -0.0000 0.6852 -0.7284
vn -0.0000 0.5229 -0.8524
vn -0.0000 0.3298 -0.9441
vn -0.0000 0.2241 -0.9746
vn -0.0000 0.1145 -0.9934
vn -0.0000 -0.0000 -1.0000
vn 0.0180 0.1135 0.9934
vn 0.0350 0.2221 0.9744
vn 0.0514 0.3268 0.9437
vn 0.0669 0.4258 0.9023
vn 0.0814 0.5179 0.8515
vn 0.0946 0.6022 0.7927
vn 0.1064 0.6782 0.7272
vn 0.1170 0.7454 0.6562
vn 0.1261 0.8040 0.5811
vn 0.1339 0.8541 0.5026
vn 0.1404 0.8958 0.4218
vn 0.1457 0.9294 0.3392
vn 0.1497 0.9552 0.2553
vn 0.1526 0.9735 0.1706
vn 0.1543 0.9843 0.0854
vn 0.1548 0.9879 -0.0000
vn 0.1543 0.9843 -0.0854
vn 0.1526 0.9735 -0.1706
vn 0.1497 0.9552 -0.2553
vn 0.1457 0.9294 -0.3392
vn 0.1404 0.8958 -0.4218
vn 0.1339 0.8541 -0.5026
vn 0.1261 0.8040 -0.5810
vn 0.1170 0.7454 -0.6562
vn 0.1064 0.6782 -0.7272
vn 0.0946 0.6022 -0.7927
vn 0.0814 0.5179 -0.8515
vn 0.0669 0.4258 -0.9023
vn 0.0514 0.3268 -0.9437
vn 0.0350 0.2221 -0.9744
vn 0.0180 0.1135 -0.9934
vn 0.0356 0.1105 0.9932
vn 0.0693 0.2162 0.9739
vn 0.1018 0.3179 0.9426
vn 0.1325 0.4139 0.9006
vn 0.1609 0.5031 0.8491
vn 0.1868 0.5844 0.7897
vn 0.2100 0.6574 0.7236
vn 0.2306 0.7220 0.6524
vn 0.2484 0.7780 0.5771
vn 0.2635 0.8257 0.4988
vn 0.2761 0.8654 0.4182
vn 0.2863 0.8973 0.3361
vn 0.2940 0.9217 0.2529
vn 0.2995 0.9390 0.1689
vn 0.3028 0.9493 0.0846
vn 0.3039 0.9527 -0.0000
vn 0.3028 0.9493 -0.0846
vn 0.2995 0.9390 -0.1689
vn 0.2940 0.9217 -0.2529
vn 0.2863 0.8973 -0.3361
vn 0.2761 0.8654 -0.4182
vn 0.2635 0.8257 -0.4988
vn 0.2484 0.7780 -0.5771
vn 0.2306 0.7220 -0.6524
vn 0.2100 0.6574 -0.7236
vn 0.1868 0.5844 -0.7897
vn 0.1609 0.5031 -0.8491
vn 0.1325 0.4139 -0.9006
vn 0.1018 0.3179 -0.9426
vn 0.0693 0.2162 -0.9739
vn 0.0356 0.1105 -0.9932
vn 0.0525 0.1055 0.9930
vn 0.1024 0.2065 0.9731
vn 0.1502 0.3034 0.9410
vn 0.1952 0.3946 0.8979
vn 0.2367 0.4789 0.8454
vn 0.2744 0.5555 0.7849
vn 0.3081 0.6239 0.7182
vn 0.3377 0.6841 0.6464
vn 0.3633 0.7362 0.5710
vn 0.3850 0.7803 0.4928
vn 0.4030 0.8169 0.4128
vn 0.4174 0.8462 0.3314
vn 0.4284 0.8686 0.2491
vn 0.4361 0.8844 0.1663
vn 0.4407 0.8938 0.0832
vn 0.4422 0.8969 -0.0000
vn 0.4407 0.8938 -0.0832
vn 0.4361 0.8844 -0.1663
vn 0.4284 0.8686 -0.2491
vn 0.4174 0.8462 -0.3314
vn 0.4030 0.8169 -0.4128
vn 0.3850 0.7803 -0.4928
vn 0.3633 0.7362 -0.5710
vn 0.3377 0.6841 -0.6464
vn 0.3081 0.6239 -0.7182
vn 0.2744 0.5555 -0.7849
vn 0.2367 0.4789 -0.8454
vn 0.1952 0.3946 -0.8979
vn 0.1502 0.3034 -0.9410
vn 0.1024 0.2065 -0.9731
vn 0.0525 0.1055 -0.9930
vn 0.0684 0.0987 0.9928
vn 0.1335 0.1932 0.9720
vn 0.1957 0.2835 0.9388
vn 0.2539 0.3683 0.8944
vn 0.3074 0.4462 0.8405
vn 0.3557 0.5166 0.7789
vn 0.3986 0.5791 0.7112
vn 0.4361 0.6337 0.6389
vn 0.4683 0.6807 0.5633
vn 0.4954 0.7204 0.4854
vn 0.5178 0.7530 0.4060
vn 0.5357 0.7792 0.3255
vn 0.5493 0.7991 0.2445
vn 0.5589 0.8130 0.1631
vn 0.5646 0.8213 0.0816
vn 0.5664 0.8241 -0.0000
vn 0.5646 0.8213 -0.0816
vn 0.5589 0.8130 -0.1631
vn 0.5493 0.7991 -0.2445
vn 0.5357 0.7792 -0.3255
vn 0.5178 0.7530 -0.4060
vn 0.4954 0.7204 -0.4854
vn 0.4683 0.6807 -0.5633
vn 0.4361 0.6337 -0.6389
vn 0.3986 0.5791 -0.7112
vn 0.3557 0.5166 -0.7789
vn 0.3074 0.4462 -0.8405
vn 0.2539 0.3683 -0.8944
vn 0.1957 0.2835 -0.9388
vn 0.1335 0.1932 -0.9720
vn 0.0684 0.0987 -0.9928
vn 0.0831 0.0902 0.9924
vn 0.1621 0.1765 0.9708
vn 0.2374 0.2589 0.9363
vn 0.3076 0.3357 0.8904
vn 0.3716 0.4059 0.8349
vn 0.4291 0.4689 0.7720
vn 0.4798 0.5245 0.7033
vn 0.5238 0.5728 0.6305
vn 0.5614 0.6141 0.5547
vn 0.5929 0.6487 0.4772
vn 0.6188 0.6770 0.3984
vn 0.6393 0.6996 0.3191
vn 0.6549 0.7168 0.2394
vn 0.6659 0.7288 0.1596
vn 0.6723 0.7359 0.0798
vn 0.6745 0.7383 -0.0000
vn 0.6723 0.7359 -0.0798
vn 0.6659 0.7288 -0.1596
vn 0.6549 0.7168 -0.2394
vn 0.6393 0.6996 -0.3191
vn 0.6188 0.6770 -0.3984
vn 0.5929 0.6487 -0.4772
vn 0.5614 0.6141 -0.5547
vn 0.5238 0.5728 -0.6305
vn 0.4798 0.5245 -0.7033
vn 0.4291 0.4689 -0.7720
vn 0.3716 0.4059 -0.8349
vn 0.3076 0.3357 -0.8904
vn 0.2374 0.2589 -0.9363
vn 0.1621 0.1766 -0.9708
vn 0.0831 0.0902 -0.9924
vn 0.0963 0.0802 0.9921
vn 0.1879 0.1570 0.9696
vn 0.2748 0.2299 0.9336
vn 0.3553 0.2976 0.8861
vn 0.4285 0.3591 0.8291
vn 0.4937 0.4139 0.7648
vn 0.5508 0.4620 0.6951
vn 0.6000 0.5034 0.6217
vn 0.6418 0.5386 0.5460
vn 0.6766 0.5679 0.4687
vn 0.7050 0.5919 0.3908
vn 0.7275 0.6108 0.3125
vn 0.7445 0.6252 0.2343
vn 0.7564 0.6352 0.1561
vn 0.7634 0.6412 0.0780
vn 0.7658 0.6431 -0.0000
vn 0.7634 0.6412 -0.0780
vn 0.7564 0.6352 -0.1561
vn 0.7445 0.6252 -0.2343
vn 0.7275 0.6108 -0.3125
vn 0.7050 0.5919 -0.3908
vn 0.6766 0.5679 -0.4687
vn 0.6418 0.5386 -0.5460
vn 0.6000 0.5034 -0.6217
vn 0.5508 0.4620 -0.6951
vn 0.4937 0.4139 -0.7648
vn 0.4285 0.3591 -0.8291
vn 0.3553 0.2976 -0.8861
vn 0.2748 0.2299 -0.9336
vn 0.1879 0.1570 -0.9696
vn 0.0963 0.0802 -0.9921
vn 0.1079 0.0689 0.9918
vn 0.2103 0.1348 0.9683
vn 0.3072 0.1973 0.9310
vn 0.3966 0.2549 0.8819
vn 0.4773 0.3069 0.8234
vn 0.5487 0.3530 0.7578
vn 0.6108 0.3931 0.6872
vn 0.6641 0.4275 0.6134
vn 0.7089 0.4565 0.5376
vn 0.7462 0.4806 0.4607
vn 0.7764 0.5001 0.3836
vn 0.8002 0.5155 0.3064
vn 0.8182 0.5272 0.2295
vn 0.8307 0.5353 0.1528
vn 0.8381 0.5401 0.0763
vn 0.8406 0.5417 -0.0000
vn 0.8381 0.5401 -0.0763
vn 0.8307 0.5353 -0.1528
vn 0.8182 0.5272 -0.2295
vn 0.8002 0.5155 -0.3064
vn 0.7764 0.5001 -0.3836
vn 0.7462 0.4806 -0.4607
vn 0.7089 0.4565 -0.5376
vn 0.6641 0.4275 -0.6134
vn 0.6108 0.3931 -0.6872
vn 0.5487 0.3530 -0.7578
vn 0.4773 0.3069 -0.8234
vn 0.3966 0.2549 -0.8819
vn 0.3072 0.1973 -0.9310
vn 0.2103 0.1348 -0.9683
vn 0.1079 0.0689 -0.9918
vn 0.1175 0.0565 0.9915
vn 0.2291 0.1105 0.9671
vn 0.3343 0.1615 0.9285
vn 0.4309 0.2083 0.8780
vn 0.5176 0.2504 0.8182
vn 0.5938 0.2875 0.7515
vn 0.6598 0.3195 0.6801
vn 0.7160 0.3468 0.6059
vn 0.7631 0.3697 0.5301
vn 0.8020 0.3886 0.4536
vn 0.8334 0.4039 0.3772
vn 0.8581 0.4160 0.3010
vn 0.8767 0.4250 0.2252
vn 0.8897 0.4313 0.1499
vn 0.8973 0.4350 0.0748
vn 0.8998 0.4362 -0.0000
vn 0.8973 0.4350 -0.0748
vn 0.8897 0.4313 -0.1499
vn 0.8767 0.4250 -0.2252
vn 0.8581 0.4160 -0.3010
vn 0.8334 0.4039 -0.3772
vn 0.8020 0.3886 -0.4536
vn 0.7631 0.3697 -0.5301
vn 0.7160 0.3468 -0.6059
vn 0.6598 0.3195 -0.6801
vn 0.5938 0.2875 -0.7515
vn 0.5176 0.2504 -0.8182
vn 0.4309 0.2083 -0.8780
vn 0.3343 0.1615 -0.9285
vn 0.2291 0.1105 -0.9671
vn 0.1175 0.0565 -0.9915
vn 0.1251 0.0431 0.9912
vn 0.2440 0.0844 0.9661
vn 0.3556 0.1233 0.9265
vn 0.4578 0.1588 0.8748
vn 0.5490 0.1906 0.8138
vn 0.6289 0.2184 0.7462
vn 0.6977 0.2424 0.6742
vn 0.7559 0.2627 0.5996
vn 0.8046 0.2797 0.5239
vn 0.8445 0.2936 0.4478
vn 0.8768 0.3049 0.3719
vn 0.9020 0.3137 0.2965
vn 0.9210 0.3203 0.2217
vn 0.9342 0.3249 0.1475
vn 0.9419 0.3276 0.0736
vn 0.9445 0.3285 -0.0000
vn 0.9419 0.3276 -0.0736
vn 0.9342 0.3249 -0.1475
vn 0.9210 0.3203 -0.2217
vn 0.9020 0.3137 -0.2965
vn 0.8768 0.3049 -0.3719
vn 0.8445 0.2936 -0.4478
vn 0.8046 0.2797 -0.5239
vn 0.7559 0.2627 -0.5996
vn 0.6977 0.2424 -0.6742
vn 0.6289 0.2184 -0.7462
vn 0.5490 0.1906 -0.8138
vn 0.4578 0.1588 -0.8748
vn 0.3556 0.1233 -0.9265
vn 0.2440 0.0844 -0.9661
vn 0.1251 0.0431 -0.9912
vn 0.1307 0.0291 0.9910
vn 0.2547 0.0570 0.9653
vn 0.3710 0.0832 0.9249
vn 0.4771 0.1071 0.8723
vn 0.5716 0.1284 0.8104
vn 0.6539 0.1469 0.7421
vn 0.7245 0.1628 0.6697
vn 0.7842 0.1763 0.5950
vn 0.8338 0.1875 0.5193
vn 0.8745 0.1967 0.4435
vn 0.9071 0.2040 0.3680
vn 0.9327 0.2098 0.2933
vn 0.9519 0.2141 0.2192
vn 0.9652 0.2171 0.1457
vn 0.9730 0.2189 0.0728
vn 0.9756 0.2195 -0.0000
vn 0.9730 0.2189 -0.0728
vn 0.9652 0.2171 -0.1457
vn 0.9519 0.2141 -0.2192
vn 0.9327 0.2098 -0.2933
vn 0.9071 0.2040 -0.3680
vn 0.8745 0.1967 -0.4435
vn 0.8338 0.1875 -0.5193
vn 0.7842 0.1763 -0.5950
vn 0.7245 0.1628 -0.6697
vn 0.6539 0.1469 -0.7421
vn 0.5716 0.1284 -0.8104
vn 0.4771 0.1071 -0.8723
vn 0.3710 0.0832 -0.9249
vn 0.2547 0.0570 -0.9653
vn 0.1307 0.0291 -0.9910
vn 0.1340 0.0147 0.9909
vn 0.2612 0.0287 0.9649
vn 0.3804 0.0419 0.9239
vn 0.4888 0.0539 0.8707
vn 0.5851 0.0646 0.8084
vn 0.6689 0.0738 0.7397
vn 0.7406 0.0818 0.6670
vn 0.8010 0.0885 0.5921
vn 0.8511 0.0940 0.5164
vn 0.8922 0.0986 0.4408
vn 0.9251 0.1022 0.3657
vn 0.9509 0.1051 0.2913
vn 0.9701 0.1072 0.2176
vn 0.9835 0.1087 0.1447
vn 0.9914 0.1096 0.0722
vn 0.9939 0.1099 -0.0000
vn 0.9914 0.1096 -0.0722
vn 0.9835 0.1087 -0.1447
vn 0.9701 0.1072 -0.2176
vn 0.9509 0.1051 -0.2913
vn 0.9251 0.1022 -0.3657
vn 0.8922 0.0986 -0.4408
vn 0.8511 0.0940 -0.5164
vn 0.8010 0.0885 -0.5921
vn 0.7406 0.0818 -0.6670
vn 0.6689 0.0738 -0.7397
vn 0.5851 0.0646 -0.8084
vn 0.4888 0.0539 -0.8707
vn 0.3804 0.0419 -0.9239
vn 0.2612 0.0287 -0.9649
vn 0.1340 0.0147 -0.9909
vn 0.1351 -0.0000 0.9908
vn 0.2634 -0.0000 0.9647
vn 0.3835 -0.0000 0.9236
vn 0.4927 -0.0000 0.8702
vn 0.5896 -0.0000 0.8077
vn 0.6739 -0.0000 0.7388
vn 0.7459 -0.0000 0.6660
vn 0.8066 -0.0000 0.5911
vn 0.8569 -0.0000 0.5155
vn 0.8980 -0.0000 0.4399
vn 0.9311 -0.0000 0.3649
vn 0.9568 -0.0000 0.2906
vn 0.9761 -0.0000 0.2171
vn 0.9895 -0.0000 0.1443
vn 0.9974 -0.0000 0.0720
vn 1.0000 -0.0000 -0.0000
vn 0.9974 -0.0000 -0.0720
vn 0.9895 -0.0000 -0.1443
vn 0.9761 -0.0000 -0.2171
vn 0.9568 -0.0000 -0.2906
vn 0.9311 -0.0000 -0.3649
vn 0.8980 -0.0000 -0.4399
vn 0.8569 -0.0000 -0.5155
vn 0.8066 -0.0000 -0.5911
vn 0.7459 -0.0000 -0.6660
vn 0.6739 -0.0000 -0.7388
vn 0.5896 -0.0000 -0.8077
vn 0.4927 -0.0000 -0.8702
vn 0.3835 -0.0000 -0.9236
vn 0.2634 -0.0000 -0.9647
vn 0.1351 -0.0000 -0.9908
vn 0.1340 -0.0147 0.9909
vn 0.2612 -0.0287 0.9649
vn 0.3804 -0.0419 0.9239
vn 0.4888 -0.0539 0.8707
vn 0.5851 -0.0646 0.8084
vn 0.6689 -0.0738 0.7397
vn 0.7406 -0.0818 0.6670
vn 0.8010 -0.0885 0.5921
vn 0.8511 -0.0940 0.5164
vn 0.8922 -0.0986 0.4408
vn 0.9251 -0.1022 0.3657
vn 0.9509 -0.1051 0.2913
vn 0.9701 -0.1072 0.2176
vn 0.9835 -0.1087 0.1447
vn 0.9914 -0.1096 0.0722
vn 0.9939 -0.1099 -0.0000
vn 0.9914 -0.1096 -0.0722
vn 0.9835 -0.1087 -0.1447
vn 0.9701 -0.1072 -0.2176
vn 0.9509 -0.1051 -0.2913
vn 0.9251 -0.1022 -0.3657
vn 0.8922 -0.0986 -0.4408
vn 0.8511 -0.0940 -0.5164
vn 0.8010 -0.0885 -0.5921
vn 0.7406 -0.0818 -0.6670
vn 0.6689 -0.0738 -0.7397
vn 0.5851 -0.0646 -0.8084
vn 0.4888 -0.0539 -0.8707
vn 0.3804 -0.0419 -0.9239
vn 0.2612 -0.0287 -0.9649
vn 0.1340 -0.0147 -0.9909
vn 0.1307 -0.0291 0.9910
vn 0.2547 -0.0570 0.9653
vn 0.3710 -0.0832 0.9249
vn 0.4771 -0.1071 0.8723
vn 0.5716 -0.1284 0.8104
vn 0.6539 -0.1469 0.7421
vn 0.7245 -0.1628 0.6697
vn 0.7842 -0.1763 0.5950
vn 0.8338 -0.1875 0.5193
vn 0.8745 -0.1967 0.4435
vn 0.9071 -0.2040 0.3680
vn 0.9327 -0.2098 0.2933
vn 0.9519 -0.2141 0.2192
vn 0.9652 -0.2171 0.1457
vn 0.9730 -0.2189 0.0728
vn 0.9756 -0.2195 -0.0000
vn 0.9730 -0.2189 -0.0728
vn 0.9652 -0.2171 -0.1457
vn 0.9519 -0.2141 -0.2192
vn 0.9327 -0.2098 -0.2933
vn 0.9071 -0.2040 -0.3680
vn 0.8745 -0.1967 -0.4435
vn 0.8338 -0.1875 -0.5193
vn 0.7842 -0.1763 -0.5950
vn 0.7245 -0.1628 -0.6697
vn 0.6539 -0.1469 -0.7421
vn 0.5716 -0.1284 -0.8104
vn 0.4771 -0.1071 -0.8723
vn 0.3710 -0.0832 -0.9249
vn 0.2547 -0.0570 -0.9653
vn 0.1307 -0.0291 -0.9910
vn 0.1251 -0.0431 0.9912
vn 0.2440 -0.0844 0.9661
vn 0.3556 -0.1233 0.9265
vn 0.4578 -0.1588 0.8748
vn 0.5490 -0.1906 0.8138
vn 0.6289 -0.2184 0.7462
vn 0.6977 -0.2424 0.6742
vn 0.7559 -0.2627 0.5996
vn 0.8046 -0.2797 0.5239
vn 0.8445 -0.2936 0.4478
vn 0.8768 -0.3049 0.3719
vn 0.9020 -0.3137 0.2965
vn 0.9210 -0.3203 0.2217
vn 0.9342 -0.3249 0.1475
vn 0.9419 -0.3276 0.0736
vn 0.9445 -0.3285 -0.0000
vn 0.9419 -0.3276 -0.0736
vn 0.9342 -0.3249 -0.1475
vn 0.9210 -0.3203 -0.2217
vn 0.9020 -0.3137 -0.2965
vn 0.8768 -0.3049 -0.3719
vn 0.8445 -0.2936 -0.4478
vn 0.8046 -0.2797 -0.5239
vn 0.7559 -0.2627 -0.5996
vn 0.6977 -0.2424 -0.6742
vn 0.6289 -0.2184 -0.7462
vn 0.5490 -0.1906 -0.8138
vn 0.4578 -0.1588 -0.8748
vn 0.3556 -0.1233 -0.9265
vn 0.2440 -0.0844 -0.9661
vn 0.1251 -0.0431 -0.9912
vn 0.1175 -0.0565 0.9915
vn 0.2291 -0.1105 0.9671
vn 0.3343 -0.1615 0.9285
vn 0.4309 -0.2083 0.8780
vn 0.5176 -0.2504 0.8182
vn 0.5938 -0.2875 0.7515
vn 0.6598 -0.3195 0.6801
vn 0.7160 -0.3468 0.6059
vn 0.7631 -0.3697 0.5301
vn 0.8020 -0.3886 0.4536
vn 0.8334 -0.4039 0.3772
vn 0.8581 -0.4160 0.3010
vn 0.8767 -0.4250 0.2252
vn 0.8897 -0.4313 0.1499
vn 0.8973 -0.4350 0.0748
vn 0.8998 -0.4362 -0.0000
vn 0.8973 -0.4350 -0.0748
vn 0.8897 -0.4313 -0.1499
vn 0.8767 -0.4250 -0.2252
vn 0.8581 -0.4160 -0.3010
vn 0.8334 -0.4039 -0.3772
vn 0.8020 -0.3886 -0.4536
vn 0.7631 -0.3697 -0.5301
vn 0.7160 -0.3468 -0.6059
vn 0.6598 -0.3195 -0.6801
vn 0.5938 -0.2875 -0.7515
vn 0.5176 -0.2504 -0.8182
vn 0.4309 -0.2083 -0.8780
vn 0.3343 -0.1615 -0.9285
vn 0.2291 -0.1105 -0.9671
vn 0.1175 -0.0565 -0.9915
vn 0.1079 -0.0689 0.9918
vn 0.2103 -0.1348 0.9683
vn 0.3072 -0.1973 0.9310
vn 0.3966 -0.2549 0.8819
vn 0.4773 -0.3069 0.8234
vn 0.5487 -0.3530 0.7578
vn 0.6108 -0.3931 0.6872
vn 0.6641 -0.4275 0.6134
vn 0.7089 -0.4565 0.5376
vn 0.7462 -0.4806 0.4607
vn 0.7764 -0.5001 0.3836
vn 0.8002 -0.5155 0.3064
vn 0.8182 -0.5272 0.2295
vn 0.8307 -0.5353 0.1528
vn 0.8381 -0.5401 0.0763
vn 0.8406 -0.5417 -0.0000
vn 0.8381 -0.5401 -0.0763
vn 0.8307 -0.5353 -0.1528
vn 0.8182 -0.5272 -0.2295
vn 0.8002 -0.5155 -0.3064
vn 0.4720 -0.6225 -0.6243
vn 0.1817 -0.9030 -0.3893
vn 0.1445 -0.8794 -0.4537
vn 0.5903 -0.7147 -0.3751
vn 0.6108 -0.3931 -0.6872
vn 0.5487 -0.3530 -0.7578
vn 0.4773 -0.3069 -0.8234
vn 0.3966 -0.2549 -0.8819
vn 0.3072 -0.1973 -0.9310
vn 0.2103 -0.1348 -0.9683
vn 0.1079 -0.0689 -0.9918
vn 0.0963 -0.0802 0.9921
vn 0.1879 -0.1570 0.9696
vn 0.2748 -0.2299 0.9336
vn 0.3553 -0.2976 0.8861
vn 0.4285 -0.3591 0.8291
vn 0.4937 -0.4139 0.7648
vn 0.5508 -0.4620 0.6951
vn 0.6000 -0.5034 0.6218
vn 0.6418 -0.5386 0.5460
vn 0.6766 -0.5679 0.4687
vn 0.7050 -0.5919 0.3908
vn 0.7275 -0.6108 0.3125
vn 0.7445 -0.6252 0.2343
vn 0.7564 -0.6352 0.1561
vn 0.7634 -0.6412 0.0780
vn 0.7658 -0.6431 -0.0000
vn 0.7634 -0.6412 -0.0780
vn 0.7564 -0.6352 -0.1561
vn 0.7445 -0.6252 -0.2343
vn 0.7275 -0.6108 -0.3125
vn 0.3336 -0.2772 -0.9010
vn 0.2481 -0.9677 0.0453
vn 0.4580 -0.7530 -0.4724
vn 0.4937 -0.4139 -0.7648
vn 0.4285 -0.3591 -0.8291
vn 0.3553 -0.2976 -0.8861
vn 0.2748 -0.2299 -0.9336
vn 0.1879 -0.1570 -0.9696
vn 0.0963 -0.0802 -0.9921
vn 0.0831 -0.0902 0.9924
vn 0.1621 -0.1766 0.9708
vn 0.2374 -0.2589 0.9363
vn 0.3076 -0.3357 0.8904
vn 0.3716 -0.4059 0.8349
vn 0.4291 -0.4689 0.7720
vn 0.4798 -0.5245 0.7033
vn 0.5238 -0.5728 0.6305
vn 0.5614 -0.6141 0.5547
vn 0.5929 -0.6487 0.4772
vn 0.6188 -0.6770 0.3984
vn 0.6393 -0.6996 0.3191
vn 0.6549 -0.7168 0.2394
vn 0.6659 -0.7288 0.1596
vn 0.6723 -0.7359 0.0798
vn 0.6745 -0.7383 -0.0000
vn 0.6723 -0.7359 -0.0798
vn 0.6659 -0.7288 -0.1596
vn 0.6549 -0.7168 -0.2394
vn 0.6393 -0.6996 -0.3191
vn 0.2916 -0.3172 -0.9024
vn 0.1158 -0.9923 -0.0432
vn 0.3136 -0.7625 -0.5659
vn 0.3716 -0.4059 -0.8349
vn 0.3076 -0.3357 -0.8904
vn 0.2374 -0.2589 -0.9363
vn 0.1621 -0.1765 -0.9708
vn 0.0831 -0.0902 -0.9924
vn 0.0684 -0.0987 0.9928
vn 0.1335 -0.1932 0.9720
vn 0.1957 -0.2835 0.9388
vn 0.2539 -0.3683 0.8944
vn 0.3074 -0.4462 0.8405
vn 0.3557 -0.5166 0.7789
vn 0.3986 -0.5791 0.7112
vn 0.4361 -0.6337 0.6389
vn 0.4683 -0.6807 0.5633
vn 0.4954 -0.7204 0.4854
vn 0.5178 -0.7530 0.4060
vn 0.5357 -0.7792 0.3255
vn 0.5493 -0.7991 0.2445
vn 0.5589 -0.8130 0.1631
vn 0.5646 -0.8213 0.0816
vn 0.5664 -0.8241 -0.0000
vn 0.5646 -0.8213 -0.0816
vn 0.5589 -0.8130 -0.1631
vn 0.5493 -0.7991 -0.2445
vn 0.5357 -0.7792 -0.3255
vn 0.2419 -0.3497 -0.9051
vn 0.5616 -0.8137 -0.1501
vn 0.3074 -0.4462 -0.8405
vn 0.2539 -0.3683 -0.8944
vn 0.1957 -0.2835 -0.9388
vn 0.1335 -0.1932 -0.9720
vn 0.0684 -0.0987 -0.9928
vn 0.0525 -0.1055 0.9930
vn 0.1024 -0.2065 0.9731
vn 0.1502 -0.3034 0.9410
vn 0.1952 -0.3946 0.8979
vn 0.2367 -0.4789 0.8454
vn 0.2744 -0.5555 0.7849
vn 0.3081 -0.6239 0.7182
vn 0.3377 -0.6841 0.6464
vn 0.3633 -0.7362 0.5710
vn 0.3850 -0.7803 0.4928
vn 0.4030 -0.8169 0.4128
vn 0.4174 -0.8462 0.3314
vn 0.4284 -0.8686 0.2491
vn 0.4361 -0.8844 0.1663
vn 0.4407 -0.8938 0.0832
vn 0.4422 -0.8969 -0.0000
vn 0.4407 -0.8938 -0.0832
vn 0.4361 -0.8844 -0.1663
vn 0.4284 -0.8686 -0.2491
vn 0.4174 -0.8462 -0.3314
vn 0.1868 -0.3763 -0.9075
vn -0.1578 -0.9765 -0.1470
vn 0.0527 -0.7571 -0.6511
vn 0.1952 -0.3946 -0.8979
vn 0.1502 -0.3034 -0.9410
vn 0.1024 -0.2065 -0.9731
vn 0.0525 -0.1055 -0.9930
vn 0.0356 -0.1105 0.9932
vn 0.0693 -0.2162 0.9739
vn 0.1018 -0.3179 0.9426
vn 0.1325 -0.4139 0.9006
vn 0.1609 -0.5031 0.8491
vn 0.1868 -0.5844 0.7897
vn 0.2100 -0.6574 0.7236
vn 0.2306 -0.7220 0.6524
vn 0.2484 -0.7780 0.5771
vn 0.2635 -0.8257 0.4988
vn 0.2761 -0.8654 0.4182
vn 0.2863 -0.8973 0.3361
vn 0.2940 -0.9217 0.2529
vn 0.2995 -0.9390 0.1689
vn 0.3028 -0.9493 0.0846
vn 0.3039 -0.9527 -0.0000
vn 0.3028 -0.9493 -0.0846
vn 0.2995 -0.9390 -0.1689
vn 0.2940 -0.9217 -0.2529
vn 0.2863 -0.8973 -0.3361
vn 0.1272 -0.3961 -0.9094
vn 0.2964 -0.9171 -0.2665
vn 0.1324 -0.4139 -0.9006
vn 0.1018 -0.3179 -0.9426
vn 0.0693 -0.2162 -0.9739
vn 0.0356 -0.1105 -0.9932
vn 0.0180 -0.1135 0.9934
vn 0.0350 -0.2221 0.9744
vn 0.0514 -0.3268 0.9437
vn 0.0669 -0.4258 0.9023
vn 0.0814 -0.5179 0.8515
vn 0.0946 -0.6022 0.7927
vn 0.1064 -0.6782 0.7272
vn 0.1170 -0.7454 0.6562
vn 0.1261 -0.8040 0.5811
vn 0.1339 -0.8541 0.5026
vn 0.1404 -0.8958 0.4218
vn 0.1457 -0.9294 0.3392
vn 0.1497 -0.9552 0.2553
vn 0.1526 -0.9735 0.1706
vn 0.1543 -0.9843 0.0854
vn 0.1548 -0.9879 -0.0000
vn 0.1543 -0.9843 -0.0854
vn 0.1526 -0.9735 -0.1706
vn 0.1497 -0.9552 -0.2553
vn 0.1457 -0.9294 -0.3392
vn 0.0644 -0.4083 -0.9106
vn 0.1489 -0.9499 -0.2750
vn 0.0669 -0.4258 -0.9023
vn 0.0514 -0.3268 -0.9437
vn 0.0350 -0.2221 -0.9744
vn 0.0180 -0.1135 -0.9934
vn -0.0000 -0.1145 0.9934
vn -0.0000 -0.2241 0.9746
vn -0.0000 -0.3298 0.9441
vn -0.0000 -0.4298 0.9029
vn -0.0000 -0.5229 0.8524
vn -0.0000 -0.6083 0.7937
vn -0.0000 -0.6852 0.7284
vn -0.0000 -0.7534 0.6576
vn -0.0000 -0.8129 0.5824
vn -0.0000 -0.8637 0.5040
vn -0.0000 -0.9061 0.4230
vn -0.0000 -0.9403 0.3402
vn -0.0000 -0.9666 0.2561
vn -0.0000 -0.9852 0.1712
vn -0.0000 -0.9963 0.0857
vn -0.0000 -1.0000 -0.0000
vn -0.0000 -0.9963 -0.0857
vn -0.0000 -0.9852 -0.1712
vn -0.0000 -0.9666 -0.2561
vn -0.0000 -0.9403 -0.3402
vn -0.0000 -0.4124 -0.9110
vn -0.0000 -0.9611 -0.2763
vn -0.0000 -0.4298 -0.9029
vn -0.0000 -0.3298 -0.9441
vn -0.0000 -0.2241 -0.9746
vn -0.0000 -0.1145 -0.9934
vn -0.0180 -0.1135 0.9934
vn -0.0350 -0.2221 0.9744
vn -0.0514 -0.3268 0.9437
vn -0.0669 -0.4258 0.9023
vn -0.0814 -0.5179 0.8515
vn -0.0946 -0.6022 0.7927
vn -0.1064 -0.6782 0.7272
vn -0.1170 -0.7454 0.6562
vn -0.1261 -0.8040 0.5811
vn -0.1339 -0.8541 0.5026
vn -0.1404 -0.8958 0.4218
vn -0.1457 -0.9294 0.3392
vn -0.1497 -0.9552 0.2553
vn -0.1526 -0.9735 0.1706
vn -0.1543 -0.9843 0.0854
vn -0.1548 -0.9879 -0.0000
vn -0.1543 -0.9843 -0.0854
vn -0.1526 -0.9735 -0.1706
vn -0.1497 -0.9552 -0.2553
vn -0.1457 -0.9294 -0.3392
vn -0.0644 -0.4083 -0.9106
vn -0.1489 -0.9499 -0.2750
vn -0.0669 -0.4258 -0.9023
vn -0.0514 -0.3268 -0.9437
vn -0.0350 -0.2221 -0.9744
vn -0.0180 -0.1135 -0.9934
vn -0.0356 -0.1105 0.9932
vn -0.0693 -0.2162 0.9739
vn -0.1018 -0.3179 0.9426
vn -0.1324 -0.4139 0.9006
vn -0.1609 -0.5031 0.8491
vn -0.1868 -0.5844 0.7897
vn -0.2100 -0.6574 0.7236
vn -0.2306 -0.7220 0.6524
vn -0.2484 -0.7780 0.5771
vn -0.2635 -0.8257 0.4988
vn -0.2761 -0.8654 0.4182
vn -0.2863 -0.8973 0.3361
vn -0.2940 -0.9217 0.2529
vn -0.2995 -0.9390 0.1689
vn -0.3028 -0.9493 0.0846
vn -0.3039 -0.9527 -0.0000
vn -0.3028 -0.9493 -0.0846
vn -0.2995 -0.9390 -0.1689
vn -0.2940 -0.9217 -0.2529
vn -0.2863 -0.8973 -0.3361
vn -0.1272 -0.3961 -0.9094
vn -0.2964 -0.9171 -0.2665
vn -0.1324 -0.4139 -0.9006
vn -0.1018 -0.3179 -0.9426
vn -0.0693 -0.2162 -0.9739
vn -0.0356 -0.1105 -0.9932
vn -0.0525 -0.1055 0.9930
vn -0.1024 -0.2065 0.9731
vn -0.1502 -0.3034 0.9410
vn -0.1952 -0.3946 0.8979
vn -0.2367 -0.4789 0.8454
vn -0.2744 -0.5555 0.7849
vn -0.3081 -0.6239 0.7182
vn -0.3377 -0.6841 0.6464
vn -0.3633 -0.7362 0.5710
vn -0.3850 -0.7803 0.4928
vn -0.4030 -0.8169 0.4128
vn -0.4173 -0.8462 0.3314
vn -0.4284 -0.8686 0.2491
vn -0.4361 -0.8844 0.1663
vn -0.4407 -0.8938 0.0832
vn -0.4422 -0.8969 -0.0000
vn -0.4407 -0.8938 -0.0832
vn -0.4361 -0.8844 -0.1663
vn -0.4284 -0.8686 -0.2491
vn -0.4173 -0.8462 -0.3314
vn -0.1868 -0.3763 -0.9075
vn 0.1578 -0.9765 -0.1470
vn -0.0527 -0.7571 -0.6511
vn -0.1952 -0.3946 -0.8979
vn -0.1502 -0.3034 -0.9410
vn -0.1024 -0.2065 -0.9731
vn -0.0525 -0.1055 -0.9930
vn -0.0684 -0.0987 0.9928
vn -0.1335 -0.1932 0.9720
vn -0.1957 -0.2835 0.9388
vn -0.2539 -0.3683 0.8944
vn -0.3074 -0.4462 0.8405
vn -0.3557 -0.5166 0.7789
vn -0.3986 -0.5791 0.7112
vn -0.4361 -0.6337 0.6389
vn -0.4683 -0.6807 0.5633
vn -0.4954 -0.7204 0.4854
vn -0.5178 -0.7530 0.4060
vn -0.5357 -0.7792 0.3255
vn -0.5493 -0.7991 0.2445
vn -0.5589 -0.8130 0.1631
vn -0.5646 -0.8213 0.0816
vn -0.5664 -0.8241 -0.0000
vn -0.5646 -0.8213 -0.0816
vn -0.5589 -0.8130 -0.1631
vn -0.5493 -0.7991 -0.2445
vn -0.5357 -0.7792 -0.3255
vn -0.2419 -0.3497 -0.9051
vn -0.5616 -0.8137 -0.1501
vn -0.3074 -0.4462 -0.8405
vn -0.2539 -0.3683 -0.8944
vn -0.1957 -0.2835 -0.9388
vn -0.1335 -0.1932 -0.9720
vn -0.0684 -0.0987 -0.9928
vn -0.0831 -0.0902 0.9924
vn -0.1621 -0.1765 0.9708
vn -0.2374 -0.2589 0.9363
vn -0.3076 -0.3357 0.8904
vn -0.3716 -0.4059 0.8349
vn -0.4291 -0.4689 0.7720
vn -0.4798 -0.5245 0.7033
vn -0.5238 -0.5728 0.6305
vn -0.5614 -0.6141 0.5547
vn -0.5929 -0.6487 0.4772
vn -0.6188 -0.6770 0.3984
vn -0.6393 -0.6996 0.3191
vn -0.6549 -0.7168 0.2394
vn -0.6659 -0.7288 0.1596
vn -0.6723 -0.7359 0.0798
vn -0.6745 -0.7383 -0.0000
vn -0.6723 -0.7359 -0.0798
vn -0.6659 -0.7288 -0.1596
vn -0.6549 -0.7168 -0.2394
vn -0.6393 -0.6996 -0.3191
vn -0.2916 -0.3172 -0.9024
vn -0.1158 -0.9923 -0.0432
vn -0.3136 -0.7625 -0.5659
vn -0.3716 -0.4059 -0.8349
vn -0.3076 -0.3357 -0.8904
vn -0.2374 -0.2589 -0.9363
vn -0.1621 -0.1765 -0.9708
vn -0.0831 -0.0902 -0.9924
vn -0.0963 -0.0802 0.9921
vn -0.1879 -0.1570 0.9696
vn -0.2748 -0.2299 0.9336
vn -0.3553 -0.2976 0.8861
vn -0.4285 -0.3591 0.8291
vn -0.4937 -0.4139 0.7648
vn -0.5508 -0.4620 0.6951
vn -0.6000 -0.5034 0.6218
vn -0.6418 -0.5386 0.5460
vn -0.6766 -0.5679 0.4687
vn -0.7050 -0.5919 0.3908
vn -0.7275 -0.6108 0.3125
vn -0.7445 -0.6252 0.2343
vn -0.7564 -0.6352 0.1561
vn -0.7634 -0.6412 0.0780
vn -0.7658 -0.6431 -0.0000
vn -0.7634 -0.6412 -0.0780
vn -0.7564 -0.6352 -0.1561
vn -0.7445 -0.6252 -0.2343
vn -0.7275 -0.6108 -0.3125
vn -0.3336 -0.2772 -0.9010
vn -0.2481 -0.9677 0.0453
vn -0.4580 -0.7530 -0.4724
vn -0.4937 -0.4139 -0.7648
vn -0.4285 -0.3591 -0.8291
vn -0.3553 -0.2976 -0.8861
vn -0.2748 -0.2299 -0.9336
vn -0.1879 -0.1570 -0.9696
vn -0.0963 -0.0802 -0.9921
vn -0.1079 -0.0689 0.9918
vn -0.2103 -0.1348 0.9683
vn -0.3072 -0.1973 0.9310
vn -0.3966 -0.2549 0.8819
vn -0.4773 -0.3069 0.8234
vn -0.5487 -0.3530 0.7578
vn -0.6108 -0.3931 0.6872
vn -0.6641 -0.4275 0.6134
vn -0.7089 -0.4565 0.5376
vn -0.7462 -0.4806 0.4607
vn -0.7764 -0.5001 0.3836
vn -0.8002 -0.5155 0.3064
vn -0.8182 -0.5272 0.2295
vn -0.8307 -0.5353 0.1528
vn -0.8381 -0.5401 0.0763
vn -0.8406 -0.5417 -0.0000
vn -0.8381 -0.5401 -0.0763
vn -0.8307 -0.5353 -0.1528
vn -0.8182 -0.5272 -0.2295
vn -0.8002 -0.5155 -0.3064
vn -0.4720 -0.6225 -0.6243
vn -0.1817 -0.9030 -0.3893
vn -0.1445 -0.8794 -0.4537
vn -0.5903 -0.7147 -0.3751
vn -0.6108 -0.3931 -0.6872
vn -0.5487 -0.3530 -0.7578
vn -0.4773 -0.3069 -0.8234
vn -0.3966 -0.2549 -0.8819
vn -0.3072 -0.1973 -0.9310
vn -0.2103 -0.1348 -0.9683
vn -0.1079 -0.0689 -0.9918
vn -0.1175 -0.0565 0.9915
vn -0.2291 -0.1105 0.9671
vn -0.3343 -0.1615 0.9285
vn -0.4309 -0.2083 0.8780
vn -0.5176 -0.2504 0.8182
vn -0.5938 -0.2875 0.7515
vn -0.6598 -0.3195 0.6801
vn -0.7160 -0.3468 0.6059
vn -0.7631 -0.3697 0.5301
vn -0.8020 -0.3886 0.4536
vn -0.8334 -0.4039 0.3772
vn -0.8581 -0.4160 0.3010
vn -0.8767 -0.4250 0.2252
vn -0.8897 -0.4313 0.1499
vn -0.8973 -0.4350 0.0748
vn -0.8998 -0.4362 -0.0000
vn -0.8973 -0.4350 -0.0748
vn -0.8897 -0.4313 -0.1499
vn -0.8767 -0.4250 -0.2252
vn -0.8581 -0.4160 -0.3010
vn -0.8334 -0.4039 -0.3772
vn -0.8020 -0.3886 -0.4536
vn -0.7631 -0.3697 -0.5301
vn -0.7160 -0.3468 -0.6059
vn -0.6598 -0.3195 -0.6801
vn -0.5938 -0.2875 -0.7515
vn -0.5176 -0.2504 -0.8182
vn -0.4309 -0.2083 -0.8780
vn -0.3343 -0.1615 -0.9285
vn -0.2291 -0.1105 -0.9671
vn -0.1175 -0.0565 -0.9915
vn -0.1251 -0.0431 0.9912
vn -0.2440 -0.0844 0.9661
vn -0.3556 -0.1233 0.9265
vn -0.4578 -0.1588 0.8748
vn -0.5490 -0.1906 0.8138
vn -0.6289 -0.2184 0.7462
vn -0.6977 -0.2424 0.6742
vn -0.7559 -0.2627 0.5996
vn -0.8046 -0.2797 0.5239
vn -0.8445 -0.2936 0.4478
vn -0.8768 -0.3049 0.3719
vn -0.9020 -0.3137 0.2965
vn -0.9210 -0.3203 0.2217
vn -0.9342 -0.3249 0.1475
vn -0.9419 -0.3276 0.0736
vn -0.9445 -0.3285 -0.0000
vn -0.9419 -0.3276 -0.0736
vn -0.9342 -0.3249 -0.1475
vn -0.9210 -0.3203 -0.2217
vn -0.9020 -0.3137 -0.2965
vn -0.8768 -0.3049 -0.3719
vn -0.8445 -0.2936 -0.4478
vn -0.8046 -0.2797 -0.5239
vn -0.7559 -0.2627 -0.5996
vn -0.6977 -0.2424 -0.6742
vn -0.6289 -0.2184 -0.7462
vn -0.5490 -0.1906 -0.8138
vn -0.4578 -0.1588 -0.8748
vn -0.3556 -0.1233 -0.9265
vn -0.2440 -0.0844 -0.9661
vn -0.1251 -0.0431 -0.9912
vn -0.1307 -0.0291 0.9910
vn -0.2547 -0.0570 0.9653
vn -0.3710 -0.0832 0.9249
vn -0.4771 -0.1071 0.8723
vn -0.5716 -0.1284 0.8104
vn -0.6539 -0.1469 0.7421
vn -0.7245 -0.1628 0.6697
vn -0.7842 -0.1763 0.5950
vn -0.8338 -0.1875 0.5193
vn -0.8745 -0.1967 0.4435
vn -0.9071 -0.2040 0.3680
vn -0.9327 -0.2098 0.2933
vn -0.9519 -0.2141 0.2192
vn -0.9652 -0.2171 0.1457
vn -0.9730 -0.2189 0.0728
vn -0.9756 -0.2195 -0.0000
vn -0.9730 -0.2189 -0.0728
vn -0.9652 -0.2171 -0.1457
vn -0.9519 -0.2141 -0.2192
vn -0.9327 -0.2098 -0.2933
vn -0.9071 -0.2040 -0.3680
vn -0.8745 -0.1967 -0.4435
vn -0.8338 -0.1875 -0.5193
vn -0.7842 -0.1763 -0.5950
vn -0.7245 -0.1628 -0.6697
vn -0.6539 -0.1469 -0.7421
vn -0.5716 -0.1284 -0.8104
vn -0.4771 -0.1071 -0.8723
vn -0.3710 -0.0832 -0.9249
vn -0.2547 -0.0570 -0.9653
vn -0.1307 -0.0291 -0.9910
vn -0.1340 -0.0147 0.9909
vn -0.2612 -0.0287 0.9649
vn -0.3804 -0.0419 0.9239
vn -0.4888 -0.0539 0.8707
vn -0.5851 -0.0646 0.8084
vn -0.6689 -0.0738 0.7397
vn -0.7406 -0.0818 0.6670
vn -0.8010 -0.0885 0.5921
vn -0.8511 -0.0940 0.5164
vn -0.8922 -0.0986 0.4408
vn -0.9251 -0.1022 0.3657
vn -0.9509 -0.1051 0.2913
vn -0.9701 -0.1072 0.2176
vn -0.9835 -0.1087 0.1447
vn -0.9914 -0.1096 0.0722
vn -0.9939 -0.1099 -0.0000
vn -0.9914 -0.1096 -0.0722
vn -0.9835 -0.1087 -0.1447
vn -0.9701 -0.1072 -0.2176
vn -0.9509 -0.1051 -0.2913
vn -0.9251 -0.1022 -0.3657
vn -0.8922 -0.0986 -0.4408
vn -0.8511 -0.0940 -0.5164
vn -0.8010 -0.0885 -0.5921
vn -0.7406 -0.0818 -0.6670
vn -0.6689 -0.0738 -0.7397
vn -0.5851 -0.0646 -0.8084
vn -0.4888 -0.0539 -0.8707
vn -0.3804 -0.0419 -0.9239
vn -0.2612 -0.0287 -0.9649
vn -0.1340 -0.0147 -0.9909
vn -0.1351 -0.0000 0.9908
vn -0.2634 -0.0000 0.9647
vn -0.3835 -0.0000 0.9236
vn -0.4927 -0.0000 0.8702
vn -0.5896 -0.0000 0.8077
vn -0.6739 -0.0000 0.7388
vn -0.7459 -0.0000 0.6660
vn -0.8066 -0.0000 0.5911
vn -0.8569 -0.0000 0.5155
vn -0.8980 -0.0000 0.4399
vn -0.9311 -0.0000 0.3649
vn -0.9568 -0.0000 0.2906
vn -0.9761 -0.0000 0.2171
vn -0.9895 -0.0000 0.1443
vn -0.9974 -0.0000 0.0720
vn -1.0000 -0.0000 -0.0000
vn -0.9974 -0.0000 -0.0720
vn -0.9895 -0.0000 -0.1443
vn -0.9761 -0.0000 -0.2171
vn -0.9568 -0.0000 -0.2906
vn -0.9311 -0.0000 -0.3649
vn -0.8980 -0.0000 -0.4399
vn -0.8569 -0.0000 -0.5155
vn -0.8066 -0.0000 -0.5911
vn -0.7459 -0.0000 -0.6660
vn -0.6739 -0.0000 -0.7388
vn -0.5896 -0.0000 -0.8077
vn -0.4927 -0.0000 -0.8702
vn -0.3835 -0.0000 -0.9236
vn -0.2634 -0.0000 -0.9647
vn -0.1351 -0.0000 -0.9908
vn -0.1340 0.0147 0.9909
vn -0.2612 0.0287 0.9649
vn -0.3804 0.0419 0.9239
vn -0.4888 0.0539 0.8707
vn -0.5851 0.0646 0.8084
vn -0.6689 0.0738 0.7397
vn -0.7406 0.0818 0.6670
vn -0.8010 0.0885 0.5921
vn -0.8511 0.0940 0.5164
vn -0.8922 0.0986 0.4408
vn -0.9251 0.1022 0.3657
vn -0.9509 0.1051 0.2913
vn -0.9701 0.1072 0.2176
vn -0.9835 0.1087 0.1447
vn -0.9914 0.1096 0.0722
vn -0.9939 0.1099 -0.0000
vn -0.9914 0.1096 -0.0722
vn -0.9835 0.1087 -0.1447
vn -0.9701 0.1072 -0.2176
vn -0.9509 0.1051 -0.2913
vn -0.9251 0.1022 -0.3657
vn -0.8922 0.0986 -0.4408
vn -0.8511 0.0940 -0.5164
vn -0.8010 0.0885 -0.5921
vn -0.7406 0.0818 -0.6670
vn -0.6689 0.0738 -0.7397
vn -0.5851 0.0646 -0.8084
vn -0.4888 0.0539 -0.8707
vn -0.3804 0.0419 -0.9239
vn -0.2612 0.0287 -0.9649
vn -0.1340 0.0147 -0.9909
vn -0.1307 0.0291 0.9910
vn -0.2547 0.0570 0.9653
vn -0.3710 0.0832 0.9249
vn -0.4771 0.1071 0.8723
vn -0.5716 0.1284 0.8104
vn -0.6539 0.1469 0.7421
vn -0.7245 0.1628 0.6697
vn -0.7842 0.1763 0.5950
vn -0.8338 0.1875 0.5193
vn -0.8745 0.1967 0.4435
vn -0.9071 0.2040 0.3680
vn -0.9327 0.2098 0.2933
vn -0.9519 0.2141 0.2192
vn -0.9652 0.2171 0.1457
vn -0.9730 0.2189 0.0728
vn -0.9756 0.2195 -0.0000
vn -0.9730 0.2189 -0.0728
vn -0.9652 0.2171 -0.1457
vn -0.9519 0.2141 -0.2192
vn -0.9327 0.2098 -0.2933
vn -0.9071 0.2040 -0.3680
vn -0.8745 0.1967 -0.4435
vn -0.8338 0.1875 -0.5193
vn -0.7842 0.1763 -0.5950
vn -0.7245 0.1628 -0.6697
vn -0.6539 0.1469 -0.7421
vn -0.5716 0.1284 -0.8104
vn -0.4771 0.1071 -0.8723
vn -0.3710 0.0832 -0.9249
vn -0.2547 0.0570 -0.9653
vn -0.1307 0.0291 -0.9910
vn -0.1251 0.0431 0.9912
vn -0.2440 0.0844 0.9661
vn -0.3556 0.1233 0.9265
vn -0.4578 0.1588 0.8748
vn -0.5490 0.1906 0.8138
vn -0.6289 0.2184 0.7462
vn -0.6977 0.2424 0.6742
vn -0.7559 0.2627 0.5996
vn -0.8046 0.2797 0.5239
vn -0.8445 0.2936 0.4478
vn -0.8768 0.3049 0.3719
vn -0.9020 0.3137 0.2965
vn -0.9210 0.3203 0.2217
vn -0.9342 0.3249 0.1475
vn -0.9419 0.3276 0.0736
vn -0.9445 0.3285 -0.0000
vn -0.9419 0.3276 -0.0736
vn -0.9342 0.3249 -0.1475
vn -0.9210 0.3203 -0.2217
vn -0.9020 0.3137 -0.2965
vn -0.8768 0.3049 -0.3719
vn -0.8445 0.2936 -0.4478
vn -0.8046 0.2797 -0.5239
vn -0.7559 0.2627 -0.5996
vn -0.6977 0.2424 -0.6742
vn -0.6289 0.2184 -0.7462
vn -0.5490 0.1906 -0.8138
vn -0.4578 0.1588 -0.8748
vn -0.3556 0.1233 -0.9265
vn -0.2440 0.0844 -0.9661
vn -0.1251 0.0431 -0.9912
vn -0.1175 0.0565 0.9915
vn -0.2291 0.1105 0.9671
vn -0.3343 0.1615 0.9285
vn -0.4309 0.2083 0.8780
vn -0.5176 0.2504 0.8182
vn -0.5938 0.2875 0.7515
vn -0.6598 0.3195 0.6801
vn -0.7160 0.3468 0.6059
vn -0.7631 0.3697 0.5301
vn -0.8020 0.3886 0.4536
vn -0.8334 0.4039 0.3772
vn -0.8581 0.4160 0.3010
vn -0.8767 0.4250 0.2252
vn -0.8897 0.4313 0.1499
vn -0.8973 0.4350 0.0748
vn -0.8998 0.4362 -0.0000
vn -0.8973 0.4350 -0.0748
vn -0.8897 0.4313 -0.1499
vn -0.8767 0.4250 -0.2252
vn -0.8581 0.4160 -0.3010
vn -0.8334 0.4039 -0.3772
vn -0.8020 0.3886 -0.4536
vn -0.7631 0.3697 -0.5301
vn -0.7160 0.3468 -0.6059
vn -0.6598 0.3195 -0.6801
vn -0.5938 0.2875 -0.7515
vn -0.5176 0.2504 -0.8182
vn -0.4309 0.2083 -0.8780
vn -0.3343 0.1615 -0.9285
vn -0.2291 0.1105 -0.9671
vn -0.1175 0.0565 -0.9915
vn -0.1079 0.0689 0.9918
vn -0.2103 0.1348 0.9683
vn -0.3072 0.1973 0.9310
vn -0.3966 0.2549 0.8819
vn -0.4773 0.3069 0.8234
vn -0.5487 0.3530 0.7578
vn -0.6108 0.3931 0.6872
vn -0.6641 0.4275 0.6134
vn -0.7089 0.4565 0.5376
vn -0.7462 0.4806 0.4607
vn -0.7764 0.5001 0.3836
vn -0.8002 0.5155 0.3064
vn -0.8182 0.5272 0.2295
vn -0.8307 0.5353 0.1528
vn -0.8381 0.5401 0.0763
vn -0.8406 0.5417 -0.0000
vn -0.8381 0.5401 -0.0763
vn -0.8307 0.5353 -0.1528
vn -0.8182 0.5272 -0.2295
vn -0.8002 0.5155 -0.3064
vn -0.7764 0.5001 -0.3836
vn -0.7462 0.4806 -0.4607
vn -0.7089 0.4565 -0.5376
vn -0.6641 0.4275 -0.6134
vn -0.6108 0.3931 -0.6872
vn -0.5487 0.3530 -0.7578
vn -0.4773 0.3069 -0.8234
vn -0.3966 0.2549 -0.8819
vn -0.3072 0.1973 -0.9310
vn -0.2103 0.1348 -0.9683
vn -0.1079 0.0689 -0.9918
vn -0.0963 0.0802 0.9921
vn -0.1879 0.1570 0.9696
vn -0.2748 0.2299 0.9336
vn -0.3553 0.2976 0.8861
vn -0.4285 0.3591 0.8291
vn -0.4937 0.4139 0.7648
vn -0.5508 0.4620 0.6951
vn -0.6000 0.5034 0.6218
vn -0.6418 0.5386 0.5460
vn -0.6766 0.5679 0.4687
vn -0.7050 0.5919 0.3908
vn -0.7275 0.6108 0.3125
vn -0.7445 0.6252 0.2343
vn -0.7564 0.6352 0.1561
vn -0.7634 0.6412 0.0780
vn -0.7658 0.6431 -0.0000
vn -0.7634 0.6412 -0.0780
vn -0.7564 0.6352 -0.1561
vn -0.7445 0.6252 -0.2343
vn -0.7275 0.6108 -0.3125
vn -0.7050 0.5919 -0.3908
vn -0.6766 0.5679 -0.4687
vn -0.6418 0.5386 -0.5460
vn -0.6000 0.5034 -0.6218
vn -0.5508 0.4620 -0.6951
vn -0.4937 0.4139 -0.7648
vn -0.4285 0.3591 -0.8291
vn -0.3553 0.2976 -0.8861
vn -0.2748 0.2299 -0.9336
vn -0.1879 0.1570 -0.9696
vn -0.0963 0.0802 -0.9921
vn -0.0831 0.0902 0.9924
vn -0.1621 0.1766 0.9708
vn -0.2374 0.2589 0.9363
vn -0.3076 0.3357 0.8904
vn -0.3716 0.4059 0.8349
vn -0.4291 0.4689 0.7720
vn -0.4798 0.5245 0.7033
vn -0.5238 0.5728 0.6305
vn -0.5614 0.6141 0.5547
vn -0.5929 0.6487 0.4772
vn -0.6188 0.6770 0.3984
vn -0.6393 0.6996 0.3191
vn -0.6549 0.7168 0.2394
vn -0.6659 0.7288 0.1596
vn -0.6723 0.7359 0.0798
vn -0.6745 0.7383 -0.0000
vn -0.6723 0.7359 -0.0798
vn -0.6659 0.7288 -0.1596
vn -0.6549 0.7168 -0.2394
vn -0.6393 0.6996 -0.3191
vn -0.6188 0.6770 -0.3984
vn -0.5929 0.6487 -0.4772
vn -0.5614 0.6141 -0.5547
vn -0.5238 0.5728 -0.6305
vn -0.4798 0.5245 -0.7033
vn -0.4291 0.4689 -0.7720
vn -0.3716 0.4059 -0.8349
vn -0.3076 0.3357 -0.8904
vn -0.2374 0.2589 -0.9363
vn -0.1621 0.1765 -0.9708
vn -0.0831 0.0902 -0.9924
vn -0.0684 0.0987 0.9928
vn -0.1335 0.1932 0.9720
vn -0.1957 0.2835 0.9388
vn -0.2539 0.3683 0.8944
vn -0.3074 0.4462 0.8405
vn -0.3557 0.5166 0.7789
vn -0.3986 0.5791 0.7112
vn -0.4361 0.6337 0.6389
vn -0.4683 0.6807 0.5633
vn -0.4954 0.7204 0.4854
vn -0.5178 0.7530 0.4060
vn -0.5357 0.7792 0.3255
vn -0.5493 0.7991 0.2445
vn -0.5589 0.8130 0.1631
vn -0.5646 0.8213 0.0816
vn -0.5664 0.8241 -0.0000
vn -0.5646 0.8213 -0.0816
vn -0.5589 0.8130 -0.1631
vn -0.5493 0.7991 -0.2445
vn -0.5357 0.7792 -0.3255
vn -0.5178 0.7530 -0.4060
vn -0.4954 0.7204 -0.4854
vn -0.4683 0.6807 -0.5633
vn -0.4361 0.6337 -0.6389
vn -0.3986 0.5791 -0.7112
vn -0.3557 0.5166 -0.7789
vn -0.3074 0.4462 -0.8405
vn -0.2539 0.3683 -0.8944
vn -0.1957 0.2835 -0.9388
vn -0.1335 0.1932 -0.9720
vn -0.0684 0.0987 -0.9928
vn -0.0525 0.1055 0.9930
vn -0.1024 0.2065 0.9731
vn -0.1502 0.3034 0.9410
vn -0.1952 0.3946 0.8979
vn -0.2367 0.4789 0.8454
vn -0.2744 0.5555 0.7849
vn -0.3081 0.6239 0.7182
vn -0.3377 0.6841 0.6464
vn -0.3633 0.7362 0.5710
vn -0.3850 0.7803 0.4928
vn -0.4030 0.8169 0.4128
vn -0.4174 0.8462 0.3314
vn -0.4284 0.8686 0.2491
vn -0.4361 0.8844 0.1663
vn -0.4407 0.8938 0.0832
vn -0.4422 0.8969 -0.0000
vn -0.4407 0.8938 -0.0832
vn -0.4361 0.8844 -0.1663
vn -0.4284 0.8686 -0.2491
vn -0.4174 0.8462 -0.3314
vn -0.4030 0.8169 -0.4128
vn -0.3850 0.7803 -0.4928
vn -0.3633 0.7362 -0.5710
vn -0.3377 0.6841 -0.6464
vn -0.3081 0.6239 -0.7182
vn -0.2744 0.5555 -0.7849
vn -0.2367 0.4789 -0.8454
vn -0.1952 0.3946 -0.8979
vn -0.1502 0.3034 -0.9410
vn -0.1024 0.2065 -0.9731
vn -0.0525 0.1055 -0.9930
vn -0.0356 0.1105 0.9932
vn -0.0693 0.2162 0.9739
vn -0.1018 0.3179 0.9426
vn -0.1325 0.4139 0.9006
vn -0.1609 0.5031 0.8491
vn -0.1868 0.5844 0.7897
vn -0.2100 0.6574 0.7236
vn -0.2306 0.7220 0.6524
vn -0.2484 0.7780 0.5771
vn -0.2635 0.8257 0.4988
vn -0.2761 0.8654 0.4182
vn -0.2863 0.8973 0.3361
vn -0.2940 0.9217 0.2529
vn -0.2995 0.9390 0.1689
vn -0.3028 0.9493 0.0846
vn -0.3039 0.9527 -0.0000
vn -0.3028 0.9493 -0.0846
vn -0.2995 0.9390 -0.1689
vn -0.2940 0.9217 -0.2529
vn -0.2863 0.8973 -0.3361
vn -0.2761 0.8654 -0.4182
vn -0.2635 0.8257 -0.4988
vn -0.2484 0.7780 -0.5771
vn -0.2306 0.7220 -0.6524
vn -0.2100 0.6574 -0.7236
vn -0.1868 0.5844 -0.7897
vn -0.1609 0.5031 -0.8491
vn -0.1325 0.4139 -0.9006
vn -0.1018 0.3179 -0.9426
vn -0.0693 0.2162 -0.9739
vn -0.0356 0.1105 -0.9932
vn -0.0180 0.1135 0.9934
vn -0.0350 0.2221 0.9744
vn -0.0514 0.3268 0.9437
vn -0.0669 0.4258 0.9023
vn -0.0814 0.5179 0.8515
vn -0.0946 0.6022 0.7927
vn -0.1064 0.6782 0.7272
vn -0.1170 0.7454 0.6562
vn -0.1261 0.8040 0.5811
vn -0.1339 0.8541 0.5026
vn -0.1404 0.8958 0.4218
vn -0.1457 0.9294 0.3392
vn -0.1497 0.9552 0.2553
vn -0.1526 0.9735 0.1706
vn -0.1542 0.9843 0.0854
vn -0.1548 0.9879 -0.0000
vn -0.1542 0.9843 -0.0854
vn -0.1526 0.9735 -0.1706
vn -0.1497 0.9552 -0.2553
vn -0.1457 0.9294 -0.3392
vn -0.1404 0.8958 -0.4218
vn -0.1339 0.8541 -0.5026
vn -0.1261 0.8040 -0.5811
vn -0.1170 0.7454 -0.6562
vn -0.1064 0.6782 -0.7272
vn -0.0946 0.6022 -0.7927
vn -0.0814 0.5179 -0.8515
vn -0.0669 0.4258 -0.9023
vn -0.0514 0.3268 -0.9437
vn -0.0350 0.2221 -0.9744
vn -0.0180 0.1135 -0.9934
vn -0.0000 0.4298 0.9029
vn -0.0000 0.8637 0.5040
vn -0.0000 0.9061 0.4230
vn -0.0000 0.9061 -0.4230
vn -0.0000 0.7534 -0.6575
vn -0.0000 0.6083 -0.7937
vn -0.0000 0.4298 -0.9029
vn -0.0000 -0.3297 -0.9441
vn -0.0000 -0.5229 -0.8524
vn -0.0000 -0.6082 -0.7938
vn -0.0000 -0.6852 -0.7284
vn -0.0000 -0.7534 -0.6576
vn -0.0000 -0.8129 -0.5824
vn -0.0000 -0.9666 -0.2562
vn -0.0000 -0.9666 0.2562
vn -0.0000 -0.3297 0.9441
vn -0.0179 -0.1135 -0.9934
vn -0.0514 -0.3267 -0.9437
vn -0.0669 -0.4258 -0.9024
vn -0.0814 -0.5179 -0.8516
vn -0.0946 -0.6022 -0.7927
vn -0.1065 -0.6781 -0.7272
vn -0.1170 -0.7454 -0.6562
vn -0.1261 -0.8040 -0.5811
vn -0.1340 -0.8541 -0.5026
vn -0.1405 -0.8958 -0.4218
vn -0.1405 -0.8958 0.4218
vn -0.1065 -0.6781 0.7272
vn -0.0814 -0.5179 0.8516
vn -0.0669 -0.4258 0.9024
vn -0.0514 -0.3267 0.9437
vn -0.0179 -0.1135 0.9934
vn -0.0354 -0.1105 -0.9933
vn -0.1018 -0.3179 -0.9427
vn -0.1609 -0.5030 -0.8492
vn -0.1868 -0.5844 -0.7897
vn -0.2100 -0.6574 -0.7237
vn -0.2306 -0.7219 -0.6524
vn -0.2484 -0.7780 -0.5771
vn -0.2636 -0.8257 -0.4988
vn -0.2762 -0.8653 -0.4182
vn -0.2941 -0.9217 -0.2529
vn -0.2996 -0.9390 -0.1689
vn -0.2996 -0.9390 0.1689
vn -0.2941 -0.9217 0.2529
vn -0.2762 -0.8653 0.4182
vn -0.2636 -0.8257 0.4988
vn -0.2306 -0.7219 0.6524
vn -0.2100 -0.6574 0.7237
vn -0.1609 -0.5030 0.8492
vn -0.1018 -0.3179 0.9427
vn -0.0354 -0.1105 0.9933
vn -0.0523 -0.1055 -0.9930
vn -0.1023 -0.2064 -0.9731
vn -0.1501 -0.3033 -0.9410
vn -0.1951 -0.3946 -0.8979
vn -0.2367 -0.4789 -0.8454
vn -0.2744 -0.5555 -0.7850
vn -0.3081 -0.6239 -0.7182
vn -0.3378 -0.6841 -0.6465
vn -0.3634 -0.7362 -0.5710
vn -0.3850 -0.7803 -0.4929
vn -0.4030 -0.8168 -0.4128
vn -0.4174 -0.8461 -0.3314
vn -0.4362 -0.8844 -0.1663
vn -0.4408 -0.8938 -0.0832
vn -0.4423 -0.8969 -0.0000
vn -0.4408 -0.8938 0.0832
vn -0.4362 -0.8844 0.1663
vn -0.4174 -0.8461 0.3314
vn -0.4030 -0.8168 0.4128
vn -0.3850 -0.7803 0.4929
vn -0.3634 -0.7362 0.5710
vn -0.3378 -0.6841 0.6465
vn -0.2744 -0.5555 0.7850
vn -0.1951 -0.3946 0.8979
vn -0.1501 -0.3033 0.9410
vn -0.1023 -0.2064 0.9731
vn -0.0523 -0.1055 0.9930
vn -0.0682 -0.0987 -0.9928
vn -0.1334 -0.1931 -0.9721
vn -0.1956 -0.2835 -0.9388
vn -0.2539 -0.3682 -0.8944
vn -0.3074 -0.4461 -0.8405
vn -0.3557 -0.5165 -0.7789
vn -0.3986 -0.5791 -0.7112
vn -0.4361 -0.6337 -0.6389
vn -0.4683 -0.6807 -0.5633
vn -0.4955 -0.7203 -0.4854
vn -0.5179 -0.7530 -0.4060
vn -0.5357 -0.7791 -0.3255
vn -0.5494 -0.7990 -0.2445
vn -0.5665 -0.8241 -0.0000
vn -0.5494 -0.7990 0.2445
vn -0.5357 -0.7791 0.3255
vn -0.5179 -0.7530 0.4060
vn -0.4955 -0.7203 0.4854
vn -0.3557 -0.5165 0.7789
vn -0.3074 -0.4461 0.8405
vn -0.2538 -0.3682 0.8944
vn -0.1956 -0.2835 0.9388
vn -0.1334 -0.1931 0.9721
vn -0.0682 -0.0987 0.9928
vn -0.0829 -0.0903 -0.9925
vn -0.1620 -0.1765 -0.9709
vn -0.2373 -0.2589 -0.9363
vn -0.3075 -0.3357 -0.8904
vn -0.3716 -0.4059 -0.8350
vn -0.4291 -0.4689 -0.7720
vn -0.4799 -0.5245 -0.7033
vn -0.5239 -0.5728 -0.6305
vn -0.5615 -0.6140 -0.5547
vn -0.5930 -0.6486 -0.4772
vn -0.6188 -0.6770 -0.3984
vn -0.6394 -0.6996 -0.3191
vn -0.6550 -0.7167 -0.2394
vn -0.6724 -0.7359 -0.0798
vn -0.6745 -0.7382 -0.0000
vn -0.6724 -0.7359 0.0798
vn -0.6550 -0.7167 0.2394
vn -0.6394 -0.6996 0.3191
vn -0.5930 -0.6486 0.4772
vn -0.5615 -0.6140 0.5547
vn -0.5239 -0.5728 0.6305
vn -0.4799 -0.5245 0.7033
vn -0.3716 -0.4059 0.8350
vn -0.3075 -0.3357 0.8904
vn -0.2373 -0.2589 0.9363
vn -0.1620 -0.1765 0.9709
vn -0.0829 -0.0903 0.9925
vn -0.0961 -0.0803 -0.9921
vn -0.1878 -0.1570 -0.9696
vn -0.2747 -0.2299 -0.9336
vn -0.5508 -0.4620 -0.6951
vn -0.6000 -0.5034 -0.6218
vn -0.6418 -0.5386 -0.5460
vn -0.6766 -0.5679 -0.4687
vn -0.7050 -0.5918 -0.3908
vn -0.7445 -0.6251 -0.2343
vn -0.7635 -0.6411 -0.0780
vn -0.7635 -0.6411 0.0780
vn -0.7445 -0.6251 0.2343
vn -0.7050 -0.5918 0.3908
vn -0.2747 -0.2299 0.9336
vn -0.1878 -0.1570 0.9696
vn -0.0961 -0.0803 0.9921
vn -0.1076 -0.0690 -0.9918
vn -0.2102 -0.1349 -0.9683
vn -0.3071 -0.1973 -0.9310
vn -0.6109 -0.3931 -0.6872
vn -0.6641 -0.4275 -0.6134
vn -0.7090 -0.4565 -0.5376
vn -0.7462 -0.4806 -0.4607
vn -0.7764 -0.5001 -0.3836
vn -0.8182 -0.5271 -0.2294
vn -0.8308 -0.5352 -0.1528
vn -0.8382 -0.5400 -0.0763
vn -0.8406 -0.5416 -0.0000
vn -0.8382 -0.5400 0.0763
vn -0.8308 -0.5352 0.1528
vn -0.8182 -0.5271 0.2294
vn -0.7090 -0.4565 0.5376
vn -0.6109 -0.3931 0.6872
vn -0.3071 -0.1973 0.9310
vn -0.2102 -0.1349 0.9683
vn -0.1076 -0.0690 0.9918
vn -0.1173 -0.0566 -0.9915
vn -0.2290 -0.1105 -0.9671
vn -0.3342 -0.1615 -0.9286
vn -0.4308 -0.2083 -0.8781
vn -0.8581 -0.4159 -0.3010
vn -0.8581 -0.4159 0.3010
vn -0.4308 -0.2083 0.8781
vn -0.3342 -0.1615 0.9286
vn -0.2290 -0.1105 0.9671
vn -0.1173 -0.0566 0.9915
vn -0.1250 -0.0433 -0.9912
vn -0.2439 -0.0845 -0.9661
vn -0.8446 -0.2936 -0.4478
vn -0.8768 -0.3048 -0.3719
vn -0.8768 -0.3048 0.3719
vn -0.8446 -0.2936 0.4478
vn -0.2439 -0.0845 0.9661
vn -0.1250 -0.0433 0.9912
vn -0.1305 -0.0292 -0.9910
vn -0.2546 -0.0570 -0.9654
vn -0.5716 -0.1284 -0.8105
vn -0.7246 -0.1628 -0.6697
vn -0.8745 -0.1966 -0.4434
vn -0.9072 -0.2040 -0.3680
vn -0.9072 -0.2040 0.3680
vn -0.8745 -0.1966 0.4434
vn -0.7246 -0.1628 0.6697
vn -0.2546 -0.0570 0.9654
vn -0.1305 -0.0292 0.9910
vn -0.1339 -0.0147 -0.9909
vn -0.3803 -0.0419 -0.9239
vn -0.6689 -0.0738 -0.7396
vn -0.7406 -0.0818 -0.6669
vn -0.8512 -0.0940 -0.5164
vn -0.9251 -0.1022 -0.3656
vn -0.9251 -0.1022 0.3656
vn -0.8512 -0.0940 0.5164
vn -0.7406 -0.0818 0.6669
vn -0.6689 -0.0738 0.7396
vn -0.3803 -0.0419 0.9239
vn -0.1339 -0.0147 0.9909
vn -0.1350 -0.0000 -0.9908
vn -0.2633 -0.0000 -0.9647
vn -0.3834 -0.0000 -0.9236
vn -0.8981 -0.0000 -0.4399
vn -0.9311 -0.0000 -0.3648
vn -0.9569 -0.0000 -0.2906
vn -0.9569 -0.0000 0.2906
vn -0.9311 -0.0000 0.3648
vn -0.8981 -0.0000 0.4399
vn -0.3834 -0.0000 0.9236
vn -0.2633 -0.0000 0.9647
vn -0.1350 -0.0000 0.9908
vn -0.1339 0.0147 -0.9909
vn -0.3803 0.0419 -0.9239
vn -0.6689 0.0738 -0.7396
vn -0.7406 0.0818 -0.6669
vn -0.8512 0.0940 -0.5164
vn -0.9251 0.1022 0.3656
vn -0.8512 0.0940 0.5164
vn -0.7406 0.0818 0.6669
vn -0.6689 0.0738 0.7396
vn -0.3803 0.0419 0.9239
vn -0.1339 0.0147 0.9909
vn -0.1305 0.0292 -0.9910
vn -0.2546 0.0570 -0.9654
vn -0.5716 0.1284 -0.8105
vn -0.7246 0.1628 -0.6697
vn -0.8745 0.1966 -0.4434
vn -0.9072 0.2040 -0.3680
vn -0.9072 0.2040 0.3680
vn -0.8745 0.1966 0.4434
vn -0.7246 0.1628 0.6697
vn -0.2546 0.0570 0.9654
vn -0.1305 0.0292 0.9910
vn -0.1250 0.0433 -0.9912
vn -0.2439 0.0845 -0.9661
vn -0.8446 0.2936 -0.4478
vn -0.8768 0.3048 -0.3719
vn -0.9420 0.3276 -0.0736
vn -0.9420 0.3276 0.0736
vn -0.8768 0.3048 0.3719
vn -0.8446 0.2936 0.4478
vn -0.2439 0.0845 0.9661
vn -0.1250 0.0433 0.9912
vn -0.1173 0.0566 -0.9915
vn -0.2290 0.1105 -0.9671
vn -0.3342 0.1615 -0.9286
vn -0.4308 0.2083 -0.8781
vn -0.5175 0.2504 -0.8182
vn -0.8581 0.4159 -0.3010
vn -0.8334 0.4040 0.3772
vn -0.8019 0.3888 0.4537
vn -0.7631 0.3698 0.5300
vn -0.7160 0.3469 0.6059
vn -0.6598 0.3196 0.6801
vn -0.4308 0.2083 0.8781
vn -0.3342 0.1615 0.9286
vn -0.2290 0.1105 0.9671
vn -0.1173 0.0566 0.9915
vn -0.1076 0.0690 -0.9918
vn -0.2102 0.1349 -0.9683
vn -0.3071 0.1972 -0.9310
vn -0.6109 0.3931 -0.6872
vn -0.7090 0.4565 -0.5376
vn -0.8182 0.5271 -0.2294
vn -0.8308 0.5352 -0.1528
vn -0.8382 0.5400 -0.0763
vn -0.8406 0.5416 -0.0000
vn -0.8382 0.5400 0.0763
vn -0.8308 0.5352 0.1528
vn -0.8182 0.5271 0.2294
vn -0.8002 0.5155 0.3065
vn -0.9702 0.2421 0.0107
vn -0.9204 -0.3010 0.2496
vn -0.9055 -0.3078 0.2921
vn -0.6252 0.0030 0.7805
vn -0.6108 0.3933 0.6872
vn -0.5487 0.3531 0.7578
vn -0.3071 0.1973 0.9310
vn -0.2102 0.1349 0.9683
vn -0.1076 0.0690 0.9918
vn -0.0961 0.0803 -0.9921
vn -0.1878 0.1570 -0.9696
vn -0.2747 0.2299 -0.9336
vn -0.7050 0.5918 -0.3908
vn -0.7445 0.6251 -0.2343
vn -0.7635 0.6411 -0.0780
vn -0.7635 0.6411 0.0780
vn -0.7445 0.6251 0.2343
vn -0.7274 0.6108 0.3126
vn -0.6950 0.5819 -0.4223
vn -0.4431 -0.4414 0.7803
vn -0.5575 0.0285 0.8297
vn -0.4936 0.4140 0.7648
vn -0.2747 0.2299 0.9336
vn -0.1878 0.1570 0.9696
vn -0.0961 0.0803 0.9921
vn -0.0829 0.0903 -0.9925
vn -0.1620 0.1765 -0.9709
vn -0.2373 0.2589 -0.9363
vn -0.3075 0.3357 -0.8904
vn -0.3716 0.4059 -0.8350
vn -0.4799 0.5245 -0.7033
vn -0.5239 0.5728 -0.6305
vn -0.5615 0.6140 -0.5547
vn -0.5930 0.6486 -0.4772
vn -0.6394 0.6996 -0.3191
vn -0.6550 0.7167 -0.2394
vn -0.6724 0.7359 -0.0798
vn -0.6745 0.7382 -0.0000
vn -0.6724 0.7359 0.0798
vn -0.6550 0.7167 0.2394
vn -0.6393 0.6996 0.3192
vn -0.6147 0.6690 -0.4177
vn -0.4381 -0.4424 0.7825
vn -0.4863 0.0322 0.8732
vn -0.3716 0.4060 0.8349
vn -0.3075 0.3356 0.8904
vn -0.2373 0.2589 0.9363
vn -0.1620 0.1765 0.9709
vn -0.0829 0.0903 0.9925
vn -0.0682 0.0987 -0.9928
vn -0.1334 0.1931 -0.9721
vn -0.1956 0.2835 -0.9388
vn -0.2539 0.3682 -0.8944
vn -0.3074 0.4461 -0.8405
vn -0.3557 0.5165 -0.7789
vn -0.4955 0.7203 -0.4854
vn -0.5179 0.7530 -0.4060
vn -0.5357 0.7791 -0.3255
vn -0.5494 0.7990 -0.2445
vn -0.5665 0.8241 -0.0000
vn -0.5494 0.7990 0.2445
vn -0.5357 0.7791 0.3256
vn -0.5184 0.7498 -0.4112
vn 0.1119 -0.1514 0.9821
vn -0.3073 0.4463 0.8405
vn -0.2538 0.3683 0.8944
vn -0.1956 0.2835 0.9388
vn -0.1334 0.1931 0.9721
vn -0.0682 0.0987 0.9928
vn -0.0523 0.1055 -0.9930
vn -0.1023 0.2064 -0.9731
vn -0.1501 0.3033 -0.9410
vn -0.1951 0.3946 -0.8979
vn -0.2744 0.5555 -0.7850
vn -0.3378 0.6841 -0.6465
vn -0.3634 0.7362 -0.5710
vn -0.3850 0.7803 -0.4929
vn -0.4030 0.8168 -0.4128
vn -0.4174 0.8461 -0.3314
vn -0.4362 0.8844 -0.1663
vn -0.4408 0.8937 -0.0832
vn -0.4423 0.8969 -0.0000
vn -0.4408 0.8937 0.0832
vn -0.4362 0.8844 0.1663
vn -0.4174 0.8461 0.3315
vn -0.4063 0.8190 -0.4052
vn -0.4897 -0.3983 0.7756
vn -0.4081 0.0566 0.9112
vn -0.1951 0.3947 0.8979
vn -0.1501 0.3033 0.9410
vn -0.1023 0.2064 0.9731
vn -0.0523 0.1055 0.9930
vn -0.0354 0.1105 -0.9933
vn -0.1018 0.3179 -0.9427
vn -0.1324 0.4139 -0.9006
vn -0.1609 0.5030 -0.8492
vn -0.2100 0.6574 -0.7237
vn -0.2306 0.7219 -0.6524
vn -0.2636 0.8257 -0.4988
vn -0.2762 0.8653 -0.4182
vn -0.2941 0.9217 -0.2529
vn -0.2996 0.9390 -0.1689
vn -0.2996 0.9390 0.1689
vn -0.2941 0.9217 0.2529
vn -0.2863 0.8972 0.3362
vn -0.2800 0.8726 -0.4003
vn 0.1000 -0.2924 0.9511
vn -0.1324 0.4141 0.9006
vn -0.1018 0.3179 0.9427
vn -0.0354 0.1105 0.9933
vn -0.0179 0.1135 -0.9934
vn -0.0514 0.3267 -0.9437
vn -0.0669 0.4258 -0.9024
vn -0.0814 0.5179 -0.8516
vn -0.1065 0.6781 -0.7272
vn -0.1405 0.8958 -0.4218
vn -0.1543 0.9843 -0.0854
vn -0.1543 0.9843 0.0854
vn -0.1457 0.9293 0.3393
vn -0.1429 0.9066 -0.3971
vn 0.0501 -0.3115 0.9489
vn -0.0670 0.4260 0.9023
vn -0.0514 0.3267 0.9437
vn -0.0179 0.1135 0.9934
vn -0.0000 0.3297 -0.9441
vn -0.0000 0.6082 -0.7938
vn -0.0000 0.7534 -0.6576
vn -0.0000 0.9666 -0.2562
vn -0.0000 0.9666 0.2562
vn -0.0000 0.9403 0.3403
vn -0.0000 0.9182 -0.3960
vn -0.0000 -0.3171 0.9484
vn -0.0000 0.4300 0.9028
vn -0.0000 0.3297 0.9441
vn 0.0179 0.1135 -0.9934
vn 0.0514 0.3267 -0.9437
vn 0.0669 0.4258 -0.9024
vn 0.0814 0.5179 -0.8516
vn 0.1065 0.6781 -0.7272
vn 0.1261 0.8040 -0.5811
vn 0.1405 0.8958 -0.4218
vn 0.1457 0.9293 0.3393
vn 0.1429 0.9066 -0.3971
vn -0.0501 -0.3115 0.9489
vn 0.0670 0.4260 0.9023
vn 0.0514 0.3267 0.9437
vn 0.0179 0.1135 0.9934
vn 0.0354 0.1105 -0.9933
vn 0.1018 0.3179 -0.9427
vn 0.1324 0.4139 -0.9006
vn 0.1609 0.5030 -0.8492
vn 0.2100 0.6574 -0.7237
vn 0.2306 0.7219 -0.6524
vn 0.2636 0.8257 -0.4988
vn 0.2762 0.8653 -0.4182
vn 0.2941 0.9217 -0.2529
vn 0.2996 0.9390 -0.1689
vn 0.2996 0.9390 0.1689
vn 0.2941 0.9217 0.2529
vn 0.2863 0.8972 0.3362
vn 0.2800 0.8726 -0.4003
vn -0.1000 -0.2924 0.9511
vn 0.1324 0.4141 0.9006
vn 0.1018 0.3179 0.9427
vn 0.0354 0.1105 0.9933
vn 0.0523 0.1055 -0.9930
vn 0.1023 0.2064 -0.9731
vn 0.1501 0.3033 -0.9410
vn 0.1951 0.3946 -0.8979
vn 0.2744 0.5555 -0.7850
vn 0.3378 0.6841 -0.6465
vn 0.3634 0.7362 -0.5710
vn 0.3850 0.7803 -0.4929
vn 0.4030 0.8168 -0.4128
vn 0.4174 0.8461 -0.3314
vn 0.4362 0.8844 -0.1663
vn 0.4408 0.8937 -0.0832
vn 0.4423 0.8969 -0.0000
vn 0.4408 0.8937 0.0832
vn 0.4362 0.8844 0.1663
vn 0.4174 0.8461 0.3315
vn 0.4063 0.8190 -0.4052
vn 0.4897 -0.3983 0.7756
vn 0.4081 0.0566 0.9112
vn 0.1951 0.3947 0.8979
vn 0.1501 0.3033 0.9410
vn 0.1023 0.2064 0.9731
vn 0.0523 0.1055 0.9930
vn 0.0682 0.0987 -0.9928
vn 0.1334 0.1931 -0.9721
vn 0.1956 0.2835 -0.9388
vn 0.2539 0.3682 -0.8944
vn 0.3074 0.4461 -0.8405
vn 0.3557 0.5165 -0.7789
vn 0.4955 0.7203 -0.4854
vn 0.5179 0.7530 -0.4060
vn 0.5357 0.7791 -0.3255
vn 0.5494 0.7990 -0.2445
vn 0.5665 0.8241 -0.0000
vn 0.5494 0.7990 0.2445
vn 0.5357 0.7791 0.3256
vn 0.5184 0.7498 -0.4112
vn -0.1119 -0.1514 0.9821
vn 0.3073 0.4463 0.8405
vn 0.2538 0.3683 0.8944
vn 0.1956 0.2835 0.9388
vn 0.1334 0.1931 0.9721
vn 0.0682 0.0987 0.9928
vn 0.0829 0.0903 -0.9925
vn 0.1620 0.1765 -0.9709
vn 0.2373 0.2589 -0.9363
vn 0.3075 0.3357 -0.8904
vn 0.3716 0.4059 -0.8350
vn 0.4799 0.5245 -0.7033
vn 0.5239 0.5728 -0.6305
vn 0.5615 0.6140 -0.5547
vn 0.5930 0.6486 -0.4772
vn 0.6394 0.6996 -0.3191
vn 0.6550 0.7167 -0.2394
vn 0.6724 0.7359 -0.0798
vn 0.6745 0.7382 -0.0000
vn 0.6724 0.7359 0.0798
vn 0.6550 0.7167 0.2394
vn 0.6393 0.6996 0.3192
vn 0.6147 0.6690 -0.4177
vn 0.4381 -0.4424 0.7825
vn 0.4863 0.0322 0.8732
vn 0.3716 0.4060 0.8349
vn 0.3075 0.3357 0.8904
vn 0.2373 0.2589 0.9363
vn 0.1620 0.1765 0.9709
vn 0.0829 0.0903 0.9925
vn 0.0961 0.0803 -0.9921
vn 0.1878 0.1570 -0.9696
vn 0.2747 0.2299 -0.9336
vn 0.6000 0.5034 -0.6218
vn 0.7050 0.5918 -0.3908
vn 0.7445 0.6251 -0.2343
vn 0.7635 0.6411 -0.0780
vn 0.7635 0.6411 0.0780
vn 0.7445 0.6251 0.2343
vn 0.7274 0.6108 0.3126
vn 0.6950 0.5819 -0.4223
vn 0.4431 -0.4414 0.7803
vn 0.5575 0.0285 0.8297
vn 0.4936 0.4140 0.7648
vn 0.2747 0.2299 0.9336
vn 0.1878 0.1570 0.9696
vn 0.0961 0.0803 0.9921
vn 0.1076 0.0690 -0.9918
vn 0.2102 0.1349 -0.9683
vn 0.3071 0.1973 -0.9310
vn 0.6109 0.3931 -0.6872
vn 0.7090 0.4565 -0.5376
vn 0.8182 0.5271 -0.2294
vn 0.8308 0.5352 -0.1528
vn 0.8382 0.5400 -0.0763
vn 0.8406 0.5416 -0.0000
vn 0.8382 0.5400 0.0763
vn 0.8308 0.5352 0.1528
vn 0.8182 0.5271 0.2294
vn 0.8002 0.5155 0.3065
vn 0.9702 0.2421 0.0107
vn 0.9204 -0.3010 0.2496
vn 0.9055 -0.3078 0.2921
vn 0.6252 0.0030 0.7805
vn 0.6108 0.3933 0.6872
vn 0.5487 0.3531 0.7578
vn 0.3071 0.1973 0.9310
vn 0.2102 0.1349 0.9683
vn 0.1076 0.0690 0.9918
vn 0.1173 0.0566 -0.9915
vn 0.2290 0.1105 -0.9671
vn 0.3342 0.1615 -0.9286
vn 0.4308 0.2083 -0.8781
vn 0.8582 0.4159 -0.3010
vn 0.8334 0.4040 0.3772
vn 0.8019 0.3888 0.4537
vn 0.7631 0.3698 0.5300
vn 0.7160 0.3469 0.6059
vn 0.6598 0.3196 0.6801
vn 0.5175 0.2504 0.8182
vn 0.4308 0.2083 0.8781
vn 0.3342 0.1615 0.9286
vn 0.2290 0.1105 0.9671
vn 0.1173 0.0566 0.9915
vn 0.1250 0.0433 -0.9912
vn 0.2439 0.0845 -0.9661
vn 0.8446 0.2936 -0.4478
vn 0.8768 0.3048 -0.3719
vn 0.8768 0.3048 0.3719
vn 0.8446 0.2936 0.4478
vn 0.2439 0.0845 0.9661
vn 0.1250 0.0433 0.9912
vn 0.1305 0.0292 -0.9910
vn 0.2546 0.0570 -0.9654
vn 0.5716 0.1284 -0.8105
vn 0.7246 0.1628 -0.6697
vn 0.8745 0.1966 -0.4434
vn 0.9072 0.2040 -0.3680
vn 0.9072 0.2040 0.3680
vn 0.8745 0.1966 0.4434
vn 0.7246 0.1628 0.6697
vn 0.2546 0.0570 0.9654
vn 0.1305 0.0292 0.9910
vn 0.1339 0.0147 -0.9909
vn 0.3803 0.0419 -0.9239
vn 0.6689 0.0738 -0.7396
vn 0.7406 0.0818 -0.6669
vn 0.8512 0.0940 -0.5164
vn 0.9251 0.1022 -0.3656
vn 0.9251 0.1022 0.3656
vn 0.8512 0.0940 0.5164
vn 0.7406 0.0818 0.6669
vn 0.6689 0.0738 0.7396
vn 0.3803 0.0419 0.9239
vn 0.1339 0.0147 0.9909
vn 0.1350 -0.0000 -0.9908
vn 0.2633 -0.0000 -0.9647
vn 0.3834 -0.0000 -0.9236
vn 0.8981 -0.0000 -0.4399
vn 0.9311 -0.0000 -0.3648
vn 0.9569 -0.0000 -0.2906
vn 0.9569 -0.0000 0.2906
vn 0.9311 -0.0000 0.3648
vn 0.8981 -0.0000 0.4399
vn 0.3834 -0.0000 0.9236
vn 0.2633 -0.0000 0.9647
vn 0.1350 -0.0000 0.9908
vn 0.1339 -0.0147 -0.9909
vn 0.3803 -0.0419 -0.9239
vn 0.6689 -0.0738 -0.7396
vn 0.7406 -0.0818 -0.6669
vn 0.8512 -0.0940 -0.5164
vn 0.9251 -0.1022 -0.3656
vn 0.9251 -0.1022 0.3656
vn 0.8512 -0.0940 0.5164
vn 0.7406 -0.0818 0.6669
vn 0.6689 -0.0738 0.7396
vn 0.3803 -0.0419 0.9239
vn 0.1339 -0.0147 0.9909
vn 0.1305 -0.0292 -0.9910
vn 0.2546 -0.0570 -0.9654
vn 0.5716 -0.1284 -0.8105
vn 0.7246 -0.1628 -0.6697
vn 0.8745 -0.1966 -0.4434
vn 0.9072 -0.2040 -0.3680
vn 0.9072 -0.2040 0.3680
vn 0.8745 -0.1966 0.4434
vn 0.7246 -0.1628 0.6697
vn 0.2546 -0.0570 0.9654
vn 0.1305 -0.0292 0.9910
vn 0.1250 -0.0433 -0.9912
vn 0.2439 -0.0845 -0.9661
vn 0.8446 -0.2936 -0.4478
vn 0.8768 -0.3048 -0.3719
vn 0.8768 -0.3048 0.3719
vn 0.8446 -0.2936 0.4478
vn 0.2439 -0.0845 0.9661
vn 0.1250 -0.0433 0.9912
vn 0.1173 -0.0566 -0.9915
vn 0.2290 -0.1105 -0.9671
vn 0.3342 -0.1615 -0.9286
vn 0.4308 -0.2083 -0.8781
vn 0.5175 -0.2504 -0.8182
vn 0.8582 -0.4159 -0.3010
vn 0.8582 -0.4159 0.3010
vn 0.4308 -0.2083 0.8781
vn 0.3342 -0.1615 0.9286
vn 0.2290 -0.1105 0.9671
vn 0.1173 -0.0566 0.9915
vn 0.1076 -0.0690 -0.9918
vn 0.2102 -0.1349 -0.9683
vn 0.3071 -0.1973 -0.9310
vn 0.6109 -0.3931 -0.6872
vn 0.6641 -0.4275 -0.6134
vn 0.7090 -0.4565 -0.5376
vn 0.7462 -0.4806 -0.4607
vn 0.7764 -0.5001 -0.3836
vn 0.8182 -0.5271 -0.2294
vn 0.8308 -0.5352 -0.1528
vn 0.8382 -0.5400 -0.0763
vn 0.8406 -0.5416 -0.0000
vn 0.8382 -0.5400 0.0763
vn 0.8308 -0.5352 0.1528
vn 0.8182 -0.5271 0.2294
vn 0.7090 -0.4565 0.5376
vn 0.6109 -0.3931 0.6872
vn 0.3071 -0.1973 0.9310
vn 0.2102 -0.1349 0.9683
vn 0.1076 -0.0690 0.9918
vn 0.0961 -0.0803 -0.9921
vn 0.1878 -0.1570 -0.9696
vn 0.2747 -0.2299 -0.9336
vn 0.5508 -0.4620 -0.6951
vn 0.6000 -0.5034 -0.6218
vn 0.6418 -0.5386 -0.5460
vn 0.6766 -0.5679 -0.4687
vn 0.7050 -0.5918 -0.3908
vn 0.7445 -0.6251 -0.2343
vn 0.7635 -0.6411 -0.0780
vn 0.7635 -0.6411 0.0780
vn 0.7445 -0.6251 0.2343
vn 0.7050 -0.5918 0.3908
vn 0.2747 -0.2299 0.9336
vn 0.1878 -0.1570 0.9696
vn 0.0961 -0.0803 0.9921
vn 0.0829 -0.0903 -0.9925
vn 0.1620 -0.1765 -0.9709
vn 0.2373 -0.2589 -0.9363
vn 0.3075 -0.3357 -0.8904
vn 0.3716 -0.4059 -0.8350
vn 0.4291 -0.4689 -0.7720
vn 0.4799 -0.5245 -0.7033
vn 0.5239 -0.5728 -0.6305
vn 0.5615 -0.6140 -0.5547
vn 0.5930 -0.6486 -0.4772
vn 0.6188 -0.6770 -0.3984
vn 0.6394 -0.6996 -0.3191
vn 0.6550 -0.7167 -0.2394
vn 0.6724 -0.7359 -0.0798
vn 0.6745 -0.7382 -0.0000
vn 0.6724 -0.7359 0.0798
vn 0.6550 -0.7167 0.2394
vn 0.6394 -0.6996 0.3191
vn 0.5930 -0.6486 0.4772
vn 0.5615 -0.6140 0.5547
vn 0.5239 -0.5728 0.6305
vn 0.4799 -0.5245 0.7033
vn 0.3716 -0.4059 0.8350
vn 0.3075 -0.3357 0.8904
vn 0.2373 -0.2589 0.9363
vn 0.1620 -0.1765 0.9709
vn 0.0829 -0.0903 0.9925
vn 0.0682 -0.0987 -0.9928
vn 0.1334 -0.1931 -0.9721
vn 0.1956 -0.2835 -0.9388
vn 0.2539 -0.3682 -0.8944
vn 0.3074 -0.4461 -0.8405
vn 0.3557 -0.5165 -0.7789
vn 0.3986 -0.5791 -0.7112
vn 0.4361 -0.6337 -0.6389
vn 0.4683 -0.6807 -0.5633
vn 0.4955 -0.7203 -0.4854
vn 0.5179 -0.7530 -0.4060
vn 0.5357 -0.7791 -0.3255
vn 0.5494 -0.7990 -0.2445
vn 0.5665 -0.8241 -0.0000
vn 0.5494 -0.7990 0.2445
vn 0.5357 -0.7791 0.3255
vn 0.5179 -0.7530 0.4060
vn 0.4955 -0.7203 0.4854
vn 0.3557 -0.5165 0.7789
vn 0.3074 -0.4461 0.8405
vn 0.2539 -0.3682 0.8944
vn 0.1956 -0.2835 0.9388
vn 0.1334 -0.1931 0.9721
vn 0.0682 -0.0987 0.9928
vn 0.0523 -0.1055 -0.9930
vn 0.1023 -0.2064 -0.9731
vn 0.1501 -0.3033 -0.9410
vn 0.1951 -0.3946 -0.8979
vn 0.2367 -0.4789 -0.8454
vn 0.2744 -0.5555 -0.7850
vn 0.3081 -0.6239 -0.7182
vn 0.3378 -0.6841 -0.6465
vn 0.3634 -0.7362 -0.5710
vn 0.3850 -0.7803 -0.4929
vn 0.4030 -0.8168 -0.4128
vn 0.4174 -0.8461 -0.3314
vn 0.4362 -0.8844 -0.1663
vn 0.4408 -0.8938 -0.0832
vn 0.4423 -0.8969 -0.0000
vn 0.4408 -0.8937 0.0832
vn 0.4362 -0.8844 0.1663
vn 0.4174 -0.8461 0.3314
vn 0.4030 -0.8168 0.4128
vn 0.3850 -0.7803 0.4929
vn 0.3634 -0.7362 0.5710
vn 0.3378 -0.6841 0.6465
vn 0.2744 -0.5555 0.7850
vn 0.1951 -0.3946 0.8979
vn 0.1501 -0.3033 0.9410
vn 0.1023 -0.2064 0.9731
vn 0.0523 -0.1055 0.9930
vn 0.0354 -0.1105 -0.9933
vn 0.1018 -0.3179 -0.9427
vn 0.1609 -0.5030 -0.8492
vn 0.1868 -0.5844 -0.7897
vn 0.2100 -0.6574 -0.7237
vn 0.2306 -0.7219 -0.6524
vn 0.2484 -0.7780 -0.5771
vn 0.2636 -0.8257 -0.4988
vn 0.2762 -0.8653 -0.4182
vn 0.2941 -0.9217 -0.2529
vn 0.2996 -0.9390 -0.1689
vn 0.2996 -0.9390 0.1689
vn 0.2941 -0.9217 0.2529
vn 0.2762 -0.8653 0.4182
vn 0.2636 -0.8257 0.4988
vn 0.2306 -0.7219 0.6524
vn 0.2100 -0.6574 0.7237
vn 0.1609 -0.5030 0.8492
vn 0.1324 -0.4139 0.9006
vn 0.1018 -0.3179 0.9427
vn 0.0354 -0.1105 0.9933
vn 0.0179 -0.1135 -0.9934
vn 0.0514 -0.3267 -0.9437
vn 0.0669 -0.4258 -0.9024
vn 0.0814 -0.5179 -0.8516
vn 0.0946 -0.6022 -0.7927
vn 0.1064 -0.6781 -0.7272
vn 0.1170 -0.7454 -0.6562
vn 0.1261 -0.8040 -0.5811
vn 0.1339 -0.8541 -0.5026
vn 0.1405 -0.8958 -0.4218
vn 0.1405 -0.8958 0.4218
vn 0.1065 -0.6781 0.7272
vn 0.0814 -0.5179 0.8516
vn 0.0669 -0.4258 0.9024
vn 0.0514 -0.3267 0.9437
vn 0.0179 -0.1135 0.9934
vn -0.0000 -0.8637 -0.5040
vn -0.0000 -0.9061 -0.4230
vn -0.0000 -0.6082 0.7938
vn -0.0000 0.7239 -0.6899
vn -0.0000 0.7239 0.6899
vn 0.1132 0.7150 -0.6899
vn 0.1132 0.7150 0.6899
vn 0.2237 0.6885 -0.6899
vn 0.2237 0.6885 0.6899
vn 0.3287 0.6450 -0.6899
vn 0.3287 0.6450 0.6899
vn 0.4255 0.5857 -0.6899
vn 0.4255 0.5857 0.6899
vn 0.5119 0.5119 -0.6899
vn 0.5119 0.5119 0.6899
vn 0.5857 0.4255 -0.6899
vn 0.5857 0.4255 0.6899
vn 0.6450 0.3287 -0.6899
vn 0.6450 0.3287 0.6899
vn 0.6885 0.2237 -0.6899
vn 0.6885 0.2237 0.6899
vn 0.7150 0.1132 -0.6899
vn 0.7150 0.1132 0.6899
vn 0.7239 -0.0000 -0.6899
vn 0.7239 -0.0000 0.6899
vn 0.7150 -0.1132 -0.6899
vn 0.7150 -0.1132 0.6899
vn 0.6885 -0.2237 -0.6899
vn 0.6885 -0.2237 0.6899
vn 0.6450 -0.3287 -0.6899
vn 0.6450 -0.3287 0.6899
vn 0.5857 -0.4255 -0.6899
vn 0.5857 -0.4255 0.6899
vn 0.5119 -0.5119 -0.6899
vn 0.5119 -0.5119 0.6899
vn 0.4255 -0.5857 -0.6899
vn 0.4255 -0.5857 0.6899
vn 0.3287 -0.6450 -0.6899
vn 0.3287 -0.6450 0.6899
vn 0.2237 -0.6885 -0.6899
vn 0.2237 -0.6885 0.6899
vn 0.1132 -0.7150 -0.6899
vn 0.1132 -0.7150 0.6899
vn -0.0000 -0.7239 -0.6899
vn -0.0000 -0.7239 0.6899
vn -0.1132 -0.7150 -0.6899
vn -0.1132 -0.7150 0.6899
vn -0.2237 -0.6885 -0.6899
vn -0.2237 -0.6885 0.6899
vn -0.3287 -0.6450 -0.6899
vn -0.3287 -0.6450 0.6899
vn -0.4255 -0.5857 -0.6899
vn -0.4255 -0.5857 0.6899
vn -0.5119 -0.5119 -0.6899
vn -0.5119 -0.5119 0.6899
vn -0.5857 -0.4255 -0.6899
vn -0.5857 -0.4255 0.6899
vn -0.6450 -0.3287 -0.6899
vn -0.6450 -0.3287 0.6899
vn -0.6885 -0.2237 -0.6899
vn -0.6885 -0.2237 0.6899
vn -0.7150 -0.1132 -0.6899
vn -0.7150 -0.1132 0.6899
vn -0.7239 -0.0000 -0.6899
vn -0.7239 -0.0000 0.6899
vn -0.7150 0.1132 -0.6899
vn -0.7150 0.1132 0.6899
vn -0.6885 0.2237 -0.6899
vn -0.6885 0.2237 0.6899
vn -0.6450 0.3287 -0.6899
vn -0.6450 0.3287 0.6899
vn -0.5857 0.4255 -0.6899
vn -0.5857 0.4255 0.6899
vn -0.5119 0.5119 -0.6899
vn -0.5119 0.5119 0.6899
vn -0.4255 0.5857 -0.6899
vn -0.4255 0.5857 0.6899
vn -0.3287 0.6450 -0.6899
vn -0.3287 0.6450 0.6899
vn -0.2237 0.6885 -0.6899
vn -0.2237 0.6885 0.6899
vn -0.1132 0.7150 -0.6899
vn -0.1132 0.7150 0.6899
vt 0.505515 0.277834
vt 0.504924 0.265365
vt 0.515974 0.265223
vt 0.517401 0.277680
vt 0.504284 0.466127
vt 0.504947 0.455917
vt 0.515998 0.455774
vt 0.514392 0.465996
vt 0.506025 0.291019
vt 0.518633 0.290857
vt 0.219659 0.723071
vt 0.220226 0.713408
vt 0.230361 0.714802
vt 0.228752 0.724321
vt 0.506450 0.304795
vt 0.519657 0.304625
vt 0.219046 0.733527
vt 0.227009 0.734622
vt 0.506785 0.319028
vt 0.520465 0.318852
vt 0.218392 0.744677
vt 0.225148 0.745606
vt 0.507027 0.333582
vt 0.521048 0.333401
vt 0.648137 0.451348
vt 0.647130 0.438464
vt 0.649538 0.451128
vt 0.217703 0.756412
vt 0.223189 0.757166
vt 0.507174 0.348316
vt 0.521401 0.348133
vt 0.649135 0.464109
vt 0.651924 0.463670
vt 0.216987 0.768620
vt 0.221148 0.769192
vt 0.507225 0.363089
vt 0.521520 0.362904
vt 0.650114 0.476623
vt 0.654263 0.475970
vt 0.216250 0.781183
vt 0.219047 0.781568
vt 0.507178 0.377758
vt 0.521405 0.377574
vt 0.651064 0.488769
vt 0.656533 0.487908
vt 0.215500 0.793980
vt 0.216905 0.794174
vt 0.507035 0.392181
vt 0.521055 0.392000
vt 0.651976 0.500431
vt 0.658713 0.499370
vt 0.214743 0.806889
vt 0.506796 0.406221
vt 0.520476 0.406044
vt 0.652841 0.511496
vt 0.660782 0.510246
vt 0.506464 0.419741
vt 0.519671 0.419571
vt 0.653652 0.521857
vt 0.662718 0.520430
vt 0.506043 0.432612
vt 0.518650 0.432449
vt 0.504258 0.253734
vt 0.503523 0.243053
vt 0.512592 0.242936
vt 0.514366 0.253604
vt 0.505535 0.444709
vt 0.517422 0.444556
vt 0.661842 0.486201
vt 0.665252 0.497268
vt 0.218273 0.794584
vt 0.534667 0.391641
vt 0.533757 0.405694
vt 0.668488 0.507768
vt 0.532493 0.419233
vt 0.671519 0.517601
vt 0.530890 0.432126
vt 0.521397 0.242703
vt 0.524180 0.253345
vt 0.528961 0.444252
vt 0.526703 0.264940
vt 0.526726 0.455491
vt 0.528941 0.277376
vt 0.524206 0.465737
vt 0.530872 0.290534
vt 0.240229 0.717764
vt 0.237606 0.726979
vt 0.532479 0.304287
vt 0.234762 0.736950
vt 0.533746 0.318502
vt 0.231727 0.747581
vt 0.534660 0.333042
vt 0.650898 0.450691
vt 0.228529 0.758769
vt 0.535213 0.347769
vt 0.654630 0.462800
vt 0.225199 0.770408
vt 0.535399 0.362539
vt 0.658290 0.474675
vt 0.221769 0.782385
vt 0.535216 0.377210
vt 0.675830 0.504104
vt 0.679902 0.513417
vt 0.544711 0.418733
vt 0.542552 0.431649
vt 0.529786 0.242360
vt 0.533530 0.252963
vt 0.539956 0.443802
vt 0.536925 0.264522
vt 0.536948 0.455073
vt 0.539936 0.276926
vt 0.533556 0.465355
vt 0.542535 0.290057
vt 0.249662 0.722244
vt 0.246068 0.730998
vt 0.544697 0.303787
vt 0.242174 0.740469
vt 0.546400 0.317984
vt 0.238016 0.750567
vt 0.547630 0.332512
vt 0.652193 0.450044
vt 0.233634 0.761194
vt 0.548373 0.347230
vt 0.657208 0.461514
vt 0.229072 0.772247
vt 0.548623 0.361998
vt 0.662125 0.472761
vt 0.224372 0.783621
vt 0.548376 0.376672
vt 0.666899 0.483678
vt 0.219580 0.795205
vt 0.547637 0.391111
vt 0.671481 0.494159
vt 0.546411 0.405176
vt 0.542258 0.252463
vt 0.546466 0.263976
vt 0.550219 0.443214
vt 0.546489 0.454527
vt 0.550199 0.276339
vt 0.252920 0.714292
vt 0.262579 0.720765
vt 0.258498 0.728165
vt 0.553420 0.289434
vt 0.253995 0.736310
vt 0.556100 0.303134
vt 0.249116 0.745122
vt 0.558212 0.317308
vt 0.243906 0.754515
vt 0.559735 0.331819
vt 0.653402 0.449200
vt 0.238416 0.764399
vt 0.560656 0.346527
vt 0.659613 0.459833
vt 0.232699 0.774678
vt 0.560965 0.361291
vt 0.665705 0.470260
vt 0.226810 0.785255
vt 0.560660 0.375968
vt 0.671617 0.480381
vt 0.220805 0.796026
vt 0.559743 0.390418
vt 0.677294 0.490098
vt 0.558222 0.404500
vt 0.682680 0.499318
vt 0.556114 0.418080
vt 0.687724 0.507952
vt 0.553438 0.431026
vt 0.683658 0.522009
vt 0.692376 0.515916
vt 0.015956 0.058383
vt 0.021012 0.045699
vt 0.030882 0.045699
vt 0.026425 0.058383
vt 0.266585 0.735427
vt 0.261251 0.742825
vt 0.011751 0.071752
vt 0.022719 0.071752
vt 0.255470 0.750827
vt 0.008438 0.085675
vt 0.019798 0.085675
vt 0.249297 0.759356
vt 0.006049 0.100020
vt 0.017692 0.100020
vt 0.654503 0.448172
vt 0.242793 0.768328
vt 0.004606 0.114649
vt 0.016419 0.114649
vt 0.661805 0.457786
vt 0.236019 0.777659
vt 0.004123 0.129419
vt 0.015994 0.129419
vt 0.668966 0.467215
vt 0.229041 0.787258
vt 0.004606 0.144189
vt 0.016419 0.144189
vt 0.675917 0.476366
vt 0.221926 0.797033
vt 0.006049 0.158817
vt 0.017692 0.158817
vt 0.682590 0.485153
vt 0.008438 0.173162
vt 0.019798 0.173162
vt 0.688922 0.493490
vt 0.011751 0.187086
vt 0.022719 0.187086
vt 0.694851 0.501297
vt 0.015956 0.200455
vt 0.026425 0.200455
vt 0.700321 0.508499
vt 0.021012 0.213139
vt 0.030882 0.213139
vt 0.550214 0.251854
vt 0.555163 0.263310
vt 0.026870 0.225017
vt 0.036047 0.225017
vt 0.559553 0.275623
vt 0.033475 0.235974
vt 0.041869 0.235974
vt 0.035082 0.071752
vt 0.032604 0.085675
vt 0.261128 0.757487
vt 0.254098 0.765007
vt 0.030817 0.100020
vt 0.655478 0.446977
vt 0.246690 0.772916
vt 0.029738 0.114649
vt 0.663746 0.455409
vt 0.238975 0.781139
vt 0.029377 0.129419
vt 0.671854 0.463678
vt 0.231028 0.789597
vt 0.029738 0.144189
vt 0.679724 0.471703
vt 0.222924 0.798208
vt 0.030817 0.158817
vt 0.687280 0.479409
vt 0.032604 0.173163
vt 0.694449 0.486720
vt 0.035083 0.187086
vt 0.701162 0.493567
vt 0.038228 0.200455
vt 0.707355 0.499883
vt 0.042010 0.213139
vt 0.036047 0.033821
vt 0.041869 0.022864
vt 0.051332 0.022864
vt 0.046392 0.033821
vt 0.046392 0.225017
vt 0.042009 0.045699
vt 0.051332 0.235974
vt 0.038228 0.058383
vt 0.273786 0.743904
vt 0.267711 0.750430
vt 0.045200 0.100020
vt 0.044332 0.114649
vt 0.656310 0.445637
vt 0.665402 0.452742
vt 0.250040 0.778083
vt 0.241517 0.785059
vt 0.044042 0.129419
vt 0.674319 0.459709
vt 0.232736 0.792231
vt 0.044332 0.144189
vt 0.682973 0.466472
vt 0.223782 0.799531
vt 0.045200 0.158817
vt 0.691282 0.472964
vt 0.046638 0.173163
vt 0.699166 0.479125
vt 0.048631 0.187086
vt 0.706549 0.484894
vt 0.051161 0.200455
vt 0.056782 0.012932
vt 0.066086 0.012932
vt 0.061701 0.022864
vt 0.054203 0.213139
vt 0.057728 0.033821
vt 0.057728 0.225017
vt 0.054203 0.045699
vt 0.061701 0.235974
vt 0.051161 0.058383
vt 0.056782 0.245905
vt 0.066086 0.245905
vt 0.048631 0.071752
vt 0.273266 0.758996
vt 0.265992 0.764989
vt 0.046638 0.085675
vt 0.258225 0.771372
vt 0.059738 0.129419
vt 0.059953 0.144189
vt 0.676318 0.455377
vt 0.685609 0.460761
vt 0.234136 0.795116
vt 0.224486 0.800980
vt 0.060595 0.158817
vt 0.694529 0.465930
vt 0.061659 0.173163
vt 0.702993 0.470834
vt 0.063133 0.187086
vt 0.710919 0.475427
vt 0.065004 0.200455
vt 0.076044 0.012932
vt 0.072801 0.022864
vt 0.067254 0.213139
vt 0.069862 0.033821
vt 0.069862 0.225017
vt 0.067254 0.045699
vt 0.072801 0.235974
vt 0.065004 0.058383
vt 0.076044 0.245905
vt 0.063133 0.071752
vt 0.277819 0.768376
vt 0.269979 0.773204
vt 0.061659 0.085675
vt 0.261608 0.778342
vt 0.060595 0.100020
vt 0.656985 0.444175
vt 0.252787 0.783742
vt 0.059953 0.114649
vt 0.666746 0.449831
vt 0.243600 0.789351
vt 0.076739 0.158818
vt 0.077410 0.173163
vt 0.696965 0.458425
vt 0.705864 0.461989
vt 0.078340 0.187086
vt 0.714197 0.465327
vt 0.079521 0.200455
vt 0.086486 0.012932
vt 0.084440 0.022864
vt 0.080940 0.213139
vt 0.082585 0.033821
vt 0.082585 0.225017
vt 0.080940 0.045699
vt 0.084440 0.235974
vt 0.079521 0.058383
vt 0.086486 0.245905
vt 0.078340 0.071752
vt 0.281293 0.778410
vt 0.273022 0.781991
vt 0.077410 0.085675
vt 0.264190 0.785798
vt 0.076739 0.100020
vt 0.657492 0.442614
vt 0.254883 0.789794
vt 0.076334 0.114649
vt 0.667754 0.446725
vt 0.245190 0.793942
vt 0.076198 0.129419
vt 0.677818 0.450756
vt 0.235204 0.798201
vt 0.076334 0.144189
vt 0.687587 0.454668
vt 0.225023 0.802531
vt 0.093992 0.187086
vt 0.094462 0.200455
vt 0.097233 0.012932
vt 0.096419 0.022864
vt 0.095026 0.213139
vt 0.095681 0.033821
vt 0.095681 0.225017
vt 0.095026 0.045699
vt 0.096419 0.235974
vt 0.094462 0.058383
vt 0.097233 0.245905
vt 0.093992 0.071752
vt 0.283629 0.788925
vt 0.275068 0.791199
vt 0.093622 0.085675
vt 0.265926 0.793611
vt 0.093355 0.100020
vt 0.657821 0.440983
vt 0.256292 0.796137
vt 0.093193 0.114649
vt 0.668410 0.443477
vt 0.246259 0.798754
vt 0.093139 0.129419
vt 0.678793 0.445924
vt 0.235923 0.801435
vt 0.093193 0.144189
vt 0.688872 0.448299
vt 0.225384 0.804155
vt 0.093355 0.158818
vt 0.698549 0.450579
vt 0.093622 0.173163
vt 0.707730 0.452742
vt 0.716328 0.454768
vt 0.109272 0.213139
vt 0.108925 0.225017
vt 0.108925 0.033821
vt 0.109272 0.045699
vt 0.108534 0.235974
vt 0.109571 0.058383
vt 0.108102 0.245905
vt 0.109820 0.071752
vt 0.098115 0.254715
vt 0.107634 0.254715
vt 0.110017 0.085675
vt 0.276081 0.800673
vt 0.266786 0.801649
vt 0.110158 0.100020
vt 0.657968 0.439308
vt 0.256990 0.802663
vt 0.110244 0.114649
vt 0.668701 0.440144
vt 0.246788 0.803704
vt 0.110272 0.129419
vt 0.679227 0.440965
vt 0.236279 0.804762
vt 0.110244 0.144189
vt 0.689443 0.441761
vt 0.225562 0.805827
vt 0.110158 0.158818
vt 0.699252 0.442525
vt 0.110017 0.173163
vt 0.708559 0.443250
vt 0.109820 0.187086
vt 0.098115 0.004123
vt 0.107634 0.004123
vt 0.108102 0.012932
vt 0.109571 0.200455
vt 0.108534 0.022864
vt 0.120576 0.235974
vt 0.118906 0.245905
vt 0.124592 0.058383
vt 0.125555 0.071752
vt 0.117096 0.254715
vt 0.126315 0.085675
vt 0.276046 0.810248
vt 0.266756 0.809774
vt 0.126862 0.100020
vt 0.657928 0.437619
vt 0.256966 0.809259
vt 0.127193 0.114649
vt 0.668623 0.436783
vt 0.246770 0.808707
vt 0.127304 0.129419
vt 0.679111 0.435962
vt 0.236266 0.808124
vt 0.127193 0.144189
vt 0.689290 0.435166
vt 0.225556 0.807516
vt 0.126862 0.158817
vt 0.699064 0.434402
vt 0.126315 0.173163
vt 0.708337 0.433677
vt 0.125555 0.187086
vt 0.117096 0.004123
vt 0.118906 0.012932
vt 0.124592 0.200455
vt 0.120576 0.022864
vt 0.123433 0.213139
vt 0.122090 0.033821
vt 0.122090 0.225017
vt 0.123433 0.045699
vt 0.274962 0.819763
vt 0.265836 0.817847
vt 0.142236 0.085675
vt 0.143181 0.100020
vt 0.657704 0.435944
vt 0.256219 0.815812
vt 0.143751 0.114649
vt 0.668177 0.433450
vt 0.246203 0.813678
vt 0.143942 0.129419
vt 0.678448 0.431003
vt 0.235886 0.811465
vt 0.143751 0.144189
vt 0.688416 0.428628
vt 0.225365 0.809195
vt 0.143181 0.158817
vt 0.697987 0.426348
vt 0.142236 0.173163
vt 0.707068 0.424185
vt 0.140927 0.187086
vt 0.717022 0.432998
vt 0.715572 0.422159
vt 0.139265 0.200455
vt 0.129462 0.012932
vt 0.132342 0.022864
vt 0.137267 0.213139
vt 0.134952 0.033821
vt 0.134952 0.225017
vt 0.137267 0.045699
vt 0.132342 0.235974
vt 0.139265 0.058383
vt 0.129462 0.245905
vt 0.140927 0.071752
vt 0.284746 0.810677
vt 0.283508 0.821541
vt 0.657300 0.434313
vt 0.667372 0.430202
vt 0.254763 0.822211
vt 0.245099 0.818532
vt 0.159635 0.114649
vt 0.159902 0.129419
vt 0.677249 0.426171
vt 0.235143 0.814727
vt 0.159635 0.144189
vt 0.686836 0.422259
vt 0.224992 0.810834
vt 0.158835 0.158817
vt 0.696040 0.418502
vt 0.157510 0.173162
vt 0.704774 0.414938
vt 0.155673 0.187086
vt 0.712952 0.411600
vt 0.153341 0.200455
vt 0.139587 0.012932
vt 0.143627 0.022864
vt 0.150538 0.213139
vt 0.147289 0.033821
vt 0.147289 0.225017
vt 0.150538 0.045699
vt 0.143627 0.235974
vt 0.153341 0.058383
vt 0.139587 0.245905
vt 0.155673 0.071752
vt 0.281094 0.832149
vt 0.272847 0.829052
vt 0.157510 0.085675
vt 0.264042 0.825729
vt 0.158835 0.100020
vt 0.675534 0.421550
vt 0.684576 0.416166
vt 0.234052 0.817855
vt 0.224444 0.812405
vt 0.174572 0.144189
vt 0.173556 0.158817
vt 0.693256 0.410997
vt 0.171873 0.173162
vt 0.701493 0.406093
vt 0.169540 0.187086
vt 0.709206 0.401500
vt 0.166579 0.200455
vt 0.149109 0.012932
vt 0.154241 0.022864
vt 0.163018 0.213139
vt 0.158892 0.033821
vt 0.158892 0.225017
vt 0.163018 0.045699
vt 0.154241 0.235974
vt 0.166579 0.058383
vt 0.149109 0.245905
vt 0.169540 0.071752
vt 0.277545 0.842319
vt 0.269739 0.837959
vt 0.171873 0.085675
vt 0.261405 0.833286
vt 0.173556 0.100020
vt 0.656721 0.432753
vt 0.252622 0.828346
vt 0.174572 0.114649
vt 0.666219 0.427097
vt 0.243475 0.823186
vt 0.174912 0.129419
vt 0.689683 0.403963
vt 0.697281 0.397802
vt 0.185081 0.173162
vt 0.182292 0.187086
vt 0.704397 0.392033
vt 0.178751 0.200455
vt 0.716321 0.397264
vt 0.710961 0.386711
vt 0.174494 0.213139
vt 0.164001 0.022864
vt 0.169561 0.033821
vt 0.169561 0.225017
vt 0.174494 0.045699
vt 0.164001 0.235974
vt 0.178751 0.058383
vt 0.284746 0.846324
vt 0.279593 0.856979
vt 0.272921 0.851878
vt 0.182292 0.071752
vt 0.265690 0.846330
vt 0.185081 0.085675
vt 0.257969 0.840389
vt 0.187093 0.100020
vt 0.655978 0.431290
vt 0.249833 0.834112
vt 0.188308 0.114649
vt 0.664741 0.424185
vt 0.241359 0.827559
vt 0.188715 0.129419
vt 0.673334 0.417218
vt 0.232630 0.820794
vt 0.188308 0.144189
vt 0.681675 0.410455
vt 0.223729 0.813882
vt 0.187093 0.158817
vt 0.698608 0.383360
vt 0.704509 0.377045
vt 0.189650 0.200455
vt 0.184770 0.213139
vt 0.172739 0.022864
vt 0.179115 0.033821
vt 0.179115 0.225017
vt 0.184770 0.045699
vt 0.172739 0.235974
vt 0.189650 0.058383
vt 0.273330 0.866769
vt 0.267303 0.860661
vt 0.193709 0.071752
vt 0.260770 0.854022
vt 0.196908 0.085675
vt 0.253794 0.846916
vt 0.199214 0.100020
vt 0.655083 0.429950
vt 0.246443 0.839410
vt 0.200607 0.114648
vt 0.662961 0.421518
vt 0.238788 0.831578
vt 0.201073 0.129419
vt 0.670685 0.413250
vt 0.230902 0.823495
vt 0.200607 0.144189
vt 0.678183 0.405224
vt 0.222861 0.815239
vt 0.199214 0.158817
vt 0.685382 0.397518
vt 0.196908 0.173162
vt 0.692212 0.390207
vt 0.193709 0.187086
vt 0.371740 0.548213
vt 0.376599 0.536271
vt 0.384795 0.536615
vt 0.380556 0.548583
vt 0.367515 0.560952
vt 0.376865 0.561345
vt 0.266066 0.875527
vt 0.260785 0.868519
vt 0.363965 0.574365
vt 0.373760 0.574776
vt 0.255062 0.860904
vt 0.361124 0.588322
vt 0.371269 0.588748
vt 0.248951 0.852755
vt 0.207150 0.085675
vt 0.209712 0.100020
vt 0.654053 0.428756
vt 0.242512 0.844150
vt 0.211259 0.114648
vt 0.660910 0.419141
vt 0.235806 0.835174
vt 0.211776 0.129419
vt 0.667634 0.409712
vt 0.228898 0.825912
vt 0.211259 0.144189
vt 0.674160 0.400561
vt 0.221854 0.816453
vt 0.209712 0.158817
vt 0.680426 0.391774
vt 0.207150 0.173162
vt 0.686372 0.383437
vt 0.203598 0.187086
vt 0.691939 0.375630
vt 0.199090 0.200455
vt 0.697075 0.368429
vt 0.709857 0.371320
vt 0.701730 0.361901
vt 0.387270 0.561712
vt 0.384660 0.575161
vt 0.253480 0.875317
vt 0.248664 0.866857
vt 0.382559 0.589147
vt 0.243523 0.857806
vt 0.369417 0.603126
vt 0.380989 0.603535
vt 0.652904 0.427727
vt 0.238105 0.848251
vt 0.368222 0.617771
vt 0.379963 0.618186
vt 0.658623 0.417094
vt 0.232463 0.838285
vt 0.367694 0.632544
vt 0.379492 0.632961
vt 0.664231 0.406667
vt 0.226651 0.828002
vt 0.367840 0.647300
vt 0.379581 0.647715
vt 0.669674 0.396547
vt 0.220725 0.817503
vt 0.368657 0.661899
vt 0.380228 0.662308
vt 0.674901 0.386829
vt 0.370138 0.676199
vt 0.381428 0.676598
vt 0.679859 0.377609
vt 0.372269 0.690063
vt 0.383169 0.690449
vt 0.684503 0.368976
vt 0.375028 0.703358
vt 0.385433 0.703726
vt 0.688787 0.361011
vt 0.389543 0.525555
vt 0.397885 0.525850
vt 0.393915 0.536937
vt 0.390365 0.548930
vt 0.394800 0.589512
vt 0.393535 0.603909
vt 0.651656 0.426883
vt 0.237602 0.861983
vt 0.233299 0.851642
vt 0.392693 0.618567
vt 0.656139 0.415414
vt 0.228817 0.840857
vt 0.392284 0.633343
vt 0.660536 0.404166
vt 0.224201 0.829731
vt 0.392311 0.648095
vt 0.664803 0.393249
vt 0.219494 0.818372
vt 0.392774 0.662683
vt 0.668900 0.382768
vt 0.393669 0.676964
vt 0.672787 0.372823
vt 0.394987 0.690802
vt 0.676428 0.363510
vt 0.396715 0.704063
vt 0.679786 0.354919
vt 0.406930 0.526120
vt 0.403803 0.537233
vt 0.401001 0.549248
vt 0.398552 0.562049
vt 0.396478 0.575514
vt 0.241687 0.871780
vt 0.406195 0.618905
vt 0.405851 0.633683
vt 0.653502 0.414127
vt 0.656611 0.402252
vt 0.224931 0.842847
vt 0.221589 0.831069
vt 0.405813 0.648434
vt 0.659629 0.390726
vt 0.218182 0.819044
vt 0.406081 0.663017
vt 0.662527 0.379659
vt 0.406652 0.677290
vt 0.665276 0.369159
vt 0.407521 0.691116
vt 0.667851 0.359326
vt 0.408680 0.704363
vt 0.670226 0.350256
vt 0.416524 0.526361
vt 0.414291 0.537496
vt 0.412282 0.549531
vt 0.410517 0.562350
vt 0.409012 0.575829
vt 0.407783 0.589838
vt 0.234248 0.875589
vt 0.231291 0.865215
vt 0.406841 0.604243
vt 0.650331 0.426236
vt 0.228175 0.854266
vt 0.419855 0.648726
vt 0.419920 0.663304
vt 0.654242 0.389019
vt 0.655890 0.377557
vt 0.216811 0.819508
vt 0.420154 0.677570
vt 0.657455 0.366681
vt 0.420557 0.691387
vt 0.658919 0.356497
vt 0.421124 0.704622
vt 0.418960 0.516232
vt 0.427911 0.516418
vt 0.426501 0.526568
vt 0.425198 0.537722
vt 0.424014 0.549775
vt 0.422961 0.562608
vt 0.422048 0.576099
vt 0.421286 0.590119
vt 0.420680 0.604531
vt 0.648951 0.425799
vt 0.224697 0.867446
vt 0.222822 0.856077
vt 0.420237 0.619197
vt 0.650755 0.413257
vt 0.220870 0.844221
vt 0.419961 0.633976
vt 0.652524 0.400957
vt 0.218860 0.831992
vt 0.433945 0.677801
vt 0.433872 0.691610
vt 0.649456 0.365432
vt 0.649786 0.355070
vt 0.433834 0.704834
vt 0.437054 0.516571
vt 0.436691 0.526738
vt 0.436338 0.537909
vt 0.435997 0.549975
vt 0.435671 0.562820
vt 0.435363 0.576322
vt 0.435077 0.590349
vt 0.434815 0.604767
vt 0.647540 0.425579
vt 0.217932 0.868638
vt 0.217330 0.857045
vt 0.434579 0.619437
vt 0.647947 0.412818
vt 0.216704 0.844955
vt 0.434373 0.634217
vt 0.648345 0.400304
vt 0.216060 0.832485
vt 0.434197 0.648966
vt 0.648732 0.388158
vt 0.215404 0.819756
vt 0.434054 0.663540
vt 0.649104 0.376497
vt 0.446921 0.526868
vt 0.447521 0.538051
vt 0.448025 0.550128
vt 0.448429 0.562983
vt 0.448728 0.576492
vt 0.448920 0.590526
vt 0.449003 0.604948
vt 0.646122 0.425579
vt 0.211113 0.868771
vt 0.211795 0.857153
vt 0.448976 0.619620
vt 0.645124 0.412818
vt 0.212505 0.845037
vt 0.448839 0.634401
vt 0.644145 0.400304
vt 0.213238 0.832540
vt 0.448594 0.649149
vt 0.643196 0.388158
vt 0.213986 0.819783
vt 0.448243 0.663721
vt 0.642284 0.376497
vt 0.447789 0.677977
vt 0.641418 0.365432
vt 0.447237 0.691780
vt 0.640608 0.355070
vt 0.446592 0.704997
vt 0.446231 0.516688
vt 0.459894 0.550232
vt 0.461017 0.563093
vt 0.461916 0.576607
vt 0.462580 0.590645
vt 0.463003 0.605070
vt 0.644721 0.425799
vt 0.204356 0.867842
vt 0.206309 0.856398
vt 0.463181 0.619744
vt 0.642336 0.413257
vt 0.208344 0.844465
vt 0.463113 0.634526
vt 0.639997 0.400957
vt 0.210442 0.832156
vt 0.462799 0.649273
vt 0.637726 0.389019
vt 0.212582 0.819590
vt 0.462243 0.663843
vt 0.635546 0.377557
vt 0.461448 0.678096
vt 0.633478 0.366681
vt 0.460424 0.691895
vt 0.631541 0.356497
vt 0.459180 0.705106
vt 0.455286 0.516767
vt 0.457014 0.526957
vt 0.458555 0.538147
vt 0.474700 0.576665
vt 0.475821 0.590705
vt 0.476574 0.605132
vt 0.643362 0.426236
vt 0.197778 0.865867
vt 0.200969 0.854795
vt 0.476952 0.619807
vt 0.639630 0.414127
vt 0.204293 0.843249
vt 0.476950 0.634589
vt 0.635970 0.402252
vt 0.207719 0.831339
vt 0.476570 0.649336
vt 0.632418 0.390726
vt 0.211214 0.819179
vt 0.475814 0.663905
vt 0.629007 0.379659
vt 0.474690 0.678156
vt 0.625771 0.369159
vt 0.473208 0.691953
vt 0.622741 0.359326
vt 0.471384 0.705162
vt 0.464065 0.516807
vt 0.466799 0.527001
vt 0.469251 0.538196
vt 0.471399 0.550284
vt 0.473221 0.563148
vt 0.479427 0.538196
vt 0.482344 0.550284
vt 0.484830 0.563148
vt 0.486861 0.576665
vt 0.488418 0.590705
vt 0.489485 0.605132
vt 0.642066 0.426883
vt 0.191489 0.862881
vt 0.195864 0.852371
vt 0.490052 0.619807
vt 0.637052 0.415414
vt 0.200421 0.841410
vt 0.490114 0.634589
vt 0.632134 0.404166
vt 0.205117 0.830102
vt 0.489670 0.649336
vt 0.627361 0.393249
vt 0.209906 0.818558
vt 0.488725 0.663905
vt 0.622778 0.382768
vt 0.487287 0.678156
vt 0.618430 0.372823
vt 0.485370 0.691953
vt 0.614358 0.363510
vt 0.482993 0.705162
vt 0.619945 0.350256
vt 0.610602 0.354919
vt 0.476107 0.527001
vt 0.495647 0.563093
vt 0.498193 0.576607
vt 0.500155 0.590645
vt 0.187339 0.872838
vt 0.180397 0.868185
vt 0.185599 0.858933
vt 0.501514 0.605070
vt 0.640858 0.427727
vt 0.191082 0.849166
vt 0.502258 0.619744
vt 0.634646 0.417094
vt 0.196794 0.838979
vt 0.502379 0.634526
vt 0.628555 0.406667
vt 0.202679 0.828469
vt 0.501876 0.649273
vt 0.622642 0.396547
vt 0.208681 0.817738
vt 0.500754 0.663843
vt 0.616966 0.386829
vt 0.499023 0.678096
vt 0.611580 0.377609
vt 0.496701 0.691895
vt 0.606536 0.368976
vt 0.493810 0.705106
vt 0.601883 0.361011
vt 0.484779 0.526957
vt 0.488908 0.538147
vt 0.492542 0.550232
vt 0.510831 0.590526
vt 0.512456 0.604948
vt 0.639757 0.428756
vt 0.180207 0.854092
vt 0.186705 0.845236
vt 0.513361 0.619620
vt 0.632454 0.419141
vt 0.193474 0.835998
vt 0.513535 0.634401
vt 0.625293 0.409712
vt 0.200448 0.826465
vt 0.512979 0.649149
vt 0.618343 0.400561
vt 0.207560 0.816731
vt 0.511696 0.663721
vt 0.611669 0.391774
vt 0.509699 0.677977
vt 0.605338 0.383437
vt 0.507008 0.691780
vt 0.599408 0.375630
vt 0.503649 0.704997
vt 0.593938 0.368429
vt 0.492668 0.526868
vt 0.497532 0.538051
vt 0.501818 0.550128
vt 0.505486 0.562983
vt 0.508500 0.576492
vt 0.174043 0.862480
vt 0.220023 0.129415
vt 0.220500 0.114644
vt 0.232623 0.114641
vt 0.232205 0.129411
vt 0.630513 0.421518
vt 0.622406 0.413250
vt 0.190518 0.832518
vt 0.198461 0.824127
vt 0.220500 0.144185
vt 0.232624 0.144182
vt 0.614536 0.405224
vt 0.206562 0.815556
vt 0.221926 0.158814
vt 0.233875 0.158810
vt 0.606980 0.397518
vt 0.224289 0.173159
vt 0.235946 0.173156
vt 0.599811 0.390207
vt 0.227564 0.187084
vt 0.238819 0.187081
vt 0.593097 0.383360
vt 0.231720 0.200453
vt 0.242464 0.200450
vt 0.586904 0.377044
vt 0.242508 0.033823
vt 0.249037 0.022867
vt 0.257651 0.022864
vt 0.251925 0.033820
vt 0.236717 0.045699
vt 0.246846 0.045696
vt 0.231719 0.058382
vt 0.242463 0.058379
vt 0.227563 0.071749
vt 0.238818 0.071746
vt 0.168272 0.870319
vt 0.161811 0.862714
vt 0.168386 0.855820
vt 0.224288 0.085672
vt 0.235946 0.085669
vt 0.175407 0.848441
vt 0.221926 0.100017
vt 0.233874 0.100013
vt 0.638781 0.429950
vt 0.182808 0.840649
vt 0.246227 0.144179
vt 0.247281 0.158807
vt 0.611287 0.410455
vt 0.602977 0.403963
vt 0.205704 0.814232
vt 0.249027 0.173153
vt 0.595093 0.397802
vt 0.251447 0.187078
vt 0.587711 0.392033
vt 0.254519 0.200448
vt 0.580900 0.386711
vt 0.267316 0.022862
vt 0.262491 0.033817
vt 0.258212 0.045694
vt 0.254518 0.058376
vt 0.155748 0.869057
vt 0.149557 0.859509
vt 0.156257 0.854148
vt 0.251446 0.071743
vt 0.163521 0.848318
vt 0.249026 0.085666
vt 0.171280 0.842076
vt 0.247280 0.100010
vt 0.637949 0.431290
vt 0.179458 0.835481
vt 0.246226 0.114638
vt 0.628857 0.424185
vt 0.187976 0.828598
vt 0.245874 0.129408
vt 0.619941 0.417218
vt 0.196753 0.821492
vt 0.263306 0.173151
vt 0.265233 0.187075
vt 0.591267 0.406093
vt 0.583341 0.401500
vt 0.267679 0.200445
vt 0.272640 0.012933
vt 0.282106 0.012932
vt 0.277867 0.022860
vt 0.258213 0.213133
vt 0.270620 0.213131
vt 0.274026 0.033815
vt 0.262493 0.225013
vt 0.274027 0.225011
vt 0.270618 0.045691
vt 0.267318 0.235973
vt 0.277869 0.235971
vt 0.267678 0.058374
vt 0.272642 0.245906
vt 0.282108 0.245905
vt 0.265232 0.071741
vt 0.151704 0.844768
vt 0.159534 0.840103
vt 0.263305 0.085663
vt 0.167896 0.835106
vt 0.261915 0.100008
vt 0.637274 0.432753
vt 0.176711 0.829823
vt 0.261076 0.114635
vt 0.627513 0.427097
vt 0.185893 0.824306
vt 0.260795 0.129405
vt 0.617941 0.421550
vt 0.195353 0.818608
vt 0.261076 0.144176
vt 0.608651 0.416166
vt 0.205000 0.812783
vt 0.261916 0.158805
vt 0.599730 0.410997
vt 0.281718 0.200444
vt 0.283856 0.213130
vt 0.289124 0.022859
vt 0.286332 0.033814
vt 0.286333 0.225010
vt 0.283855 0.045690
vt 0.289126 0.235970
vt 0.281717 0.058372
vt 0.292207 0.245903
vt 0.279939 0.071739
vt 0.148229 0.834734
vt 0.156491 0.831316
vt 0.278539 0.085662
vt 0.165315 0.827650
vt 0.277528 0.100006
vt 0.636768 0.434313
vt 0.174615 0.823771
vt 0.276918 0.114633
vt 0.626505 0.430202
vt 0.184303 0.819715
vt 0.276714 0.129404
vt 0.616441 0.426171
vt 0.194284 0.815522
vt 0.276919 0.144174
vt 0.606673 0.422259
vt 0.204464 0.811233
vt 0.277529 0.158803
vt 0.597294 0.418502
vt 0.278539 0.173149
vt 0.588395 0.414938
vt 0.279940 0.187074
vt 0.580062 0.411600
vt 0.292205 0.012931
vt 0.299199 0.225009
vt 0.300895 0.235969
vt 0.297694 0.045689
vt 0.296396 0.058371
vt 0.302765 0.245903
vt 0.295316 0.071738
vt 0.145893 0.824219
vt 0.154445 0.822108
vt 0.294466 0.085660
vt 0.163579 0.819836
vt 0.293852 0.100004
vt 0.636438 0.435944
vt 0.173206 0.817427
vt 0.293482 0.114632
vt 0.625850 0.433450
vt 0.183234 0.814903
vt 0.293358 0.129402
vt 0.615466 0.431003
vt 0.193566 0.812288
vt 0.293482 0.144173
vt 0.605387 0.428628
vt 0.204103 0.809608
vt 0.293853 0.158801
vt 0.595711 0.426348
vt 0.294466 0.173147
vt 0.586529 0.424185
vt 0.295317 0.187072
vt 0.577931 0.422159
vt 0.296397 0.200442
vt 0.302764 0.012930
vt 0.300893 0.022858
vt 0.297695 0.213129
vt 0.299197 0.033813
vt 0.304793 0.254715
vt 0.313603 0.245902
vt 0.314285 0.254715
vt 0.311100 0.071737
vt 0.310814 0.085660
vt 0.153432 0.812634
vt 0.162719 0.811799
vt 0.310608 0.100004
vt 0.636292 0.437619
vt 0.172508 0.810902
vt 0.310484 0.114631
vt 0.625559 0.436783
vt 0.182704 0.809953
vt 0.310442 0.129402
vt 0.615033 0.435963
vt 0.193210 0.808962
vt 0.310484 0.144172
vt 0.604816 0.435166
vt 0.203924 0.807937
vt 0.310609 0.158801
vt 0.595007 0.434402
vt 0.310815 0.173147
vt 0.585700 0.433677
vt 0.311101 0.187072
vt 0.304791 0.004123
vt 0.314283 0.004123
vt 0.313602 0.012929
vt 0.311464 0.200442
vt 0.312973 0.022858
vt 0.311900 0.213128
vt 0.312404 0.033812
vt 0.312405 0.225008
vt 0.311898 0.045688
vt 0.312975 0.235968
vt 0.311462 0.058370
vt 0.636331 0.439308
vt 0.162749 0.803674
vt 0.172532 0.804306
vt 0.327509 0.100004
vt 0.327633 0.114631
vt 0.625636 0.440144
vt 0.182723 0.804950
vt 0.327674 0.129402
vt 0.615149 0.440965
vt 0.193222 0.805599
vt 0.327633 0.144172
vt 0.604969 0.441761
vt 0.203930 0.806248
vt 0.327510 0.158801
vt 0.595195 0.442525
vt 0.327305 0.173147
vt 0.585922 0.443250
vt 0.327021 0.187072
vt 0.323856 0.004123
vt 0.324534 0.012929
vt 0.326661 0.200442
vt 0.325158 0.022858
vt 0.326228 0.213128
vt 0.325724 0.033812
vt 0.325726 0.225008
vt 0.326226 0.045688
vt 0.325160 0.235968
vt 0.326660 0.058370
vt 0.324535 0.245902
vt 0.327020 0.071737
vt 0.323858 0.254715
vt 0.327304 0.085660
vt 0.153467 0.803059
vt 0.626082 0.443478
vt 0.615812 0.445924
vt 0.183289 0.799979
vt 0.193603 0.802258
vt 0.344760 0.129402
vt 0.344636 0.144173
vt 0.605843 0.448299
vt 0.204121 0.804569
vt 0.344266 0.158801
vt 0.596272 0.450579
vt 0.343654 0.173147
vt 0.587191 0.452742
vt 0.342806 0.187072
vt 0.333348 0.004123
vt 0.335372 0.012930
vt 0.341729 0.200442
vt 0.337239 0.022858
vt 0.340433 0.213129
vt 0.338931 0.033813
vt 0.338933 0.225009
vt 0.340432 0.045689
vt 0.337241 0.235969
vt 0.341727 0.058371
vt 0.335374 0.245903
vt 0.342805 0.071738
vt 0.333350 0.254715
vt 0.343654 0.085660
vt 0.154551 0.793545
vt 0.163669 0.795601
vt 0.344266 0.100004
vt 0.636555 0.440983
vt 0.173279 0.797753
vt 0.344636 0.114632
vt 0.607424 0.454668
vt 0.598219 0.458425
vt 0.204494 0.802930
vt 0.360592 0.158803
vt 0.359583 0.173149
vt 0.589486 0.461989
vt 0.358184 0.187074
vt 0.578687 0.454768
vt 0.581307 0.465327
vt 0.356409 0.200444
vt 0.345932 0.012931
vt 0.349009 0.022859
vt 0.354274 0.213130
vt 0.351799 0.033814
vt 0.351800 0.225010
vt 0.354273 0.045690
vt 0.349011 0.235970
vt 0.356408 0.058372
vt 0.345934 0.245903
vt 0.358184 0.071739
vt 0.146014 0.791603
vt 0.148429 0.780995
vt 0.156666 0.784255
vt 0.359583 0.085662
vt 0.165463 0.787719
vt 0.360592 0.100006
vt 0.636960 0.442614
vt 0.174735 0.791354
vt 0.361201 0.114633
vt 0.626888 0.446725
vt 0.184394 0.795125
vt 0.361405 0.129404
vt 0.617011 0.450756
vt 0.194346 0.798996
vt 0.361202 0.144174
vt 0.592767 0.470834
vt 0.585054 0.475427
vt 0.372894 0.187075
vt 0.370451 0.200445
vt 0.356033 0.012932
vt 0.360268 0.022860
vt 0.367512 0.213131
vt 0.364106 0.033816
vt 0.364108 0.225011
vt 0.367511 0.045691
vt 0.360269 0.235971
vt 0.370449 0.058374
vt 0.356035 0.245905
vt 0.372893 0.071741
vt 0.151978 0.770825
vt 0.159774 0.775348
vt 0.374819 0.085663
vt 0.168100 0.780161
vt 0.376208 0.100008
vt 0.637539 0.444175
vt 0.176876 0.785219
vt 0.377046 0.114635
vt 0.628040 0.449831
vt 0.186018 0.790471
vt 0.377327 0.129405
vt 0.618725 0.455377
vt 0.195437 0.795869
vt 0.377047 0.144176
vt 0.609684 0.460761
vt 0.205043 0.801359
vt 0.376208 0.158805
vt 0.601003 0.465930
vt 0.374819 0.173151
vt 0.370821 0.022862
vt 0.375643 0.033817
vt 0.379922 0.213133
vt 0.375645 0.225013
vt 0.379921 0.045694
vt 0.370823 0.235973
vt 0.383612 0.058376
vt 0.365503 0.245906
vt 0.386682 0.071743
vt 0.156601 0.761266
vt 0.163823 0.766977
vt 0.389101 0.085666
vt 0.171536 0.773059
vt 0.390846 0.100010
vt 0.638282 0.445637
vt 0.179665 0.779453
vt 0.391900 0.114638
vt 0.629519 0.452742
vt 0.188134 0.786098
vt 0.392252 0.129408
vt 0.620926 0.459709
vt 0.196859 0.792929
vt 0.391900 0.144179
vt 0.612585 0.466472
vt 0.205757 0.799882
vt 0.390847 0.158807
vt 0.604576 0.472964
vt 0.389102 0.173153
vt 0.596978 0.479125
vt 0.386683 0.187078
vt 0.589863 0.484894
vt 0.383613 0.200448
vt 0.365501 0.012934
vt 0.391290 0.045696
vt 0.395671 0.058379
vt 0.149941 0.755982
vt 0.156203 0.746192
vt 0.162220 0.752483
vt 0.399315 0.071746
vt 0.168744 0.759285
vt 0.402186 0.085669
vt 0.175711 0.766532
vt 0.404257 0.100013
vt 0.639176 0.446977
vt 0.183055 0.774154
vt 0.405507 0.114641
vt 0.631299 0.455409
vt 0.190705 0.782079
vt 0.405925 0.129411
vt 0.623574 0.463678
vt 0.198587 0.790228
vt 0.405507 0.144182
vt 0.616076 0.471703
vt 0.206625 0.798525
vt 0.404257 0.158810
vt 0.608878 0.479409
vt 0.402186 0.173156
vt 0.602047 0.486720
vt 0.399316 0.187081
vt 0.595651 0.493567
vt 0.395672 0.200450
vt 0.583299 0.490216
vt 0.589751 0.499883
vt 0.391291 0.213136
vt 0.380490 0.022864
vt 0.386213 0.033820
vt 0.386215 0.225016
vt 0.380492 0.235975
vt 0.410574 0.071749
vt 0.413848 0.085672
vt 0.174451 0.752404
vt 0.180554 0.760693
vt 0.416210 0.100017
vt 0.640206 0.448172
vt 0.186986 0.769414
vt 0.417636 0.114645
vt 0.633350 0.457786
vt 0.193687 0.778483
vt 0.418113 0.129415
vt 0.626626 0.467215
vt 0.200591 0.787812
vt 0.417636 0.144185
vt 0.620100 0.476366
vt 0.207632 0.797311
vt 0.416210 0.158814
vt 0.613833 0.485153
vt 0.413849 0.173159
vt 0.607888 0.493490
vt 0.410575 0.187084
vt 0.602320 0.501297
vt 0.406420 0.200453
vt 0.597184 0.508499
vt 0.401424 0.213139
vt 0.389108 0.022867
vt 0.395634 0.033823
vt 0.395636 0.225019
vt 0.401423 0.045699
vt 0.389109 0.235978
vt 0.406419 0.058382
vt 0.163468 0.737433
vt 0.168738 0.744625
vt 0.426698 0.345671
vt 0.427716 0.330975
vt 0.439197 0.331819
vt 0.438348 0.346527
vt 0.641355 0.449200
vt 0.635637 0.459833
vt 0.191393 0.765314
vt 0.197030 0.775372
vt 0.426359 0.360430
vt 0.438065 0.361291
vt 0.630029 0.470260
vt 0.202838 0.785721
vt 0.426702 0.375112
vt 0.438351 0.375968
vt 0.624585 0.480381
vt 0.208761 0.796260
vt 0.427723 0.389574
vt 0.439204 0.390418
vt 0.619359 0.490098
vt 0.429412 0.403677
vt 0.440614 0.404500
vt 0.614400 0.499318
vt 0.431754 0.417285
vt 0.442569 0.418080
vt 0.609756 0.507952
vt 0.434725 0.430267
vt 0.445049 0.431026
vt 0.605473 0.515916
vt 0.438298 0.442499
vt 0.448031 0.443214
vt 0.442414 0.263310
vt 0.447077 0.251854
vt 0.455355 0.252463
vt 0.451463 0.263976
vt 0.442437 0.453862
vt 0.451486 0.454527
vt 0.438278 0.275623
vt 0.448011 0.276339
vt 0.158693 0.730896
vt 0.167594 0.722613
vt 0.171610 0.729856
vt 0.434708 0.288675
vt 0.445032 0.289434
vt 0.176043 0.737827
vt 0.431740 0.302339
vt 0.442555 0.303134
vt 0.180849 0.746450
vt 0.429402 0.316484
vt 0.440603 0.317308
vt 0.185982 0.755642
vt 0.450782 0.361998
vt 0.451007 0.376672
vt 0.633724 0.472761
vt 0.629457 0.483678
vt 0.205288 0.783992
vt 0.209992 0.795392
vt 0.451676 0.391111
vt 0.625360 0.494159
vt 0.452783 0.405176
vt 0.621472 0.504105
vt 0.454318 0.418733
vt 0.617832 0.513418
vt 0.456264 0.431649
vt 0.614474 0.522009
vt 0.458605 0.443802
vt 0.464347 0.252963
vt 0.461293 0.264522
vt 0.461316 0.455073
vt 0.458584 0.276926
vt 0.455380 0.464855
vt 0.464373 0.465355
vt 0.456247 0.290057
vt 0.180491 0.723590
vt 0.184010 0.732205
vt 0.454303 0.303787
vt 0.187826 0.741527
vt 0.452773 0.317984
vt 0.191902 0.751465
vt 0.451669 0.332512
vt 0.642603 0.450044
vt 0.196199 0.761922
vt 0.451003 0.347230
vt 0.638120 0.461514
vt 0.200675 0.772800
vt 0.464926 0.391641
vt 0.465711 0.405694
vt 0.631733 0.497268
vt 0.628983 0.507768
vt 0.466799 0.419233
vt 0.626409 0.517601
vt 0.468179 0.432126
vt 0.467716 0.242360
vt 0.476287 0.242703
vt 0.473899 0.253345
vt 0.469838 0.444252
vt 0.471736 0.264940
vt 0.471759 0.455491
vt 0.469817 0.277376
vt 0.473925 0.465737
vt 0.468162 0.290534
vt 0.189958 0.718742
vt 0.192504 0.727856
vt 0.466785 0.304287
vt 0.195265 0.737718
vt 0.465701 0.318502
vt 0.198214 0.748233
vt 0.464919 0.333042
vt 0.643928 0.450691
vt 0.201323 0.759299
vt 0.464448 0.347769
vt 0.640758 0.462800
vt 0.204562 0.770810
vt 0.464292 0.362539
vt 0.637648 0.474675
vt 0.207900 0.782655
vt 0.464452 0.377210
vt 0.634630 0.486201
vt 0.211304 0.794720
vt 0.479800 0.419571
vt 0.480589 0.432449
vt 0.485214 0.242936
vt 0.483850 0.253604
vt 0.481538 0.444556
vt 0.482614 0.265223
vt 0.482637 0.455774
vt 0.481518 0.277680
vt 0.483876 0.465996
vt 0.480572 0.290857
vt 0.199850 0.715395
vt 0.201379 0.724854
vt 0.479786 0.304625
vt 0.203037 0.735089
vt 0.479167 0.318852
vt 0.204808 0.746002
vt 0.478721 0.333401
vt 0.645308 0.451128
vt 0.206676 0.757488
vt 0.478452 0.348133
vt 0.643504 0.463670
vt 0.208623 0.769436
vt 0.478363 0.362904
vt 0.641735 0.475970
vt 0.210629 0.781731
vt 0.478456 0.377574
vt 0.640018 0.487908
vt 0.212675 0.794256
vt 0.478728 0.392000
vt 0.638369 0.499370
vt 0.479177 0.406044
vt 0.636805 0.510246
vt 0.635340 0.520430
vt 0.493505 0.444709
vt 0.493763 0.455917
vt 0.493740 0.265365
vt 0.493485 0.277834
vt 0.494053 0.466127
vt 0.493266 0.291019
vt 0.209997 0.713607
vt 0.210482 0.723249
vt 0.493083 0.304795
vt 0.211009 0.733684
vt 0.492940 0.319028
vt 0.211573 0.744810
vt 0.492837 0.333582
vt 0.646719 0.451348
vt 0.212168 0.756520
vt 0.492776 0.348316
vt 0.646313 0.464109
vt 0.212788 0.768702
vt 0.492757 0.363089
vt 0.645914 0.476623
vt 0.213428 0.781238
vt 0.492780 0.377758
vt 0.645527 0.488769
vt 0.214082 0.794008
vt 0.492844 0.392181
vt 0.645156 0.500431
vt 0.492951 0.406221
vt 0.644803 0.511496
vt 0.493097 0.419741
vt 0.644473 0.521857
vt 0.493283 0.432612
vt 0.494345 0.243053
vt 0.494027 0.253734
vt 0.501206 0.035895
vt 0.489905 0.034649
vt 0.492637 0.023495
vt 0.503137 0.024653
vt 0.481450 0.221094
vt 0.471851 0.220044
vt 0.471463 0.209048
vt 0.481964 0.210196
vt 0.499269 0.047964
vt 0.487276 0.046642
vt 0.481123 0.231018
vt 0.472516 0.230077
vt 0.497344 0.060744
vt 0.484776 0.059359
vt 0.640123 0.853109
vt 0.647736 0.852088
vt 0.649373 0.862032
vt 0.640674 0.863197
vt 0.495452 0.074110
vt 0.482429 0.072676
vt 0.639535 0.842348
vt 0.645990 0.841482
vt 0.493609 0.087933
vt 0.480258 0.086464
vt 0.072214 0.789150
vt 0.073548 0.789362
vt 0.071235 0.801597
vt 0.638916 0.831018
vt 0.644153 0.830315
vt 0.491835 0.102077
vt 0.478286 0.100588
vt 0.073184 0.776821
vt 0.075841 0.777243
vt 0.638272 0.819229
vt 0.642242 0.818696
vt 0.490146 0.116405
vt 0.476531 0.114909
vt 0.074134 0.764737
vt 0.078091 0.765366
vt 0.637609 0.807094
vt 0.640276 0.806735
vt 0.488560 0.130776
vt 0.475011 0.129289
vt 0.075057 0.753012
vt 0.080275 0.753841
vt 0.636934 0.794725
vt 0.638272 0.794545
vt 0.487091 0.145051
vt 0.473740 0.143586
vt 0.075942 0.741758
vt 0.082375 0.742778
vt 0.636252 0.782251
vt 0.485755 0.159088
vt 0.472731 0.157660
vt 0.076782 0.731083
vt 0.084368 0.732285
vt 0.484563 0.172751
vt 0.471993 0.171375
vt 0.077568 0.721090
vt 0.086236 0.722463
vt 0.483527 0.185908
vt 0.471534 0.184595
vt 0.505043 0.014346
vt 0.495444 0.013287
vt 0.498300 0.004123
vt 0.506906 0.005073
vt 0.482658 0.198430
vt 0.471357 0.197194
vt 0.088619 0.744804
vt 0.085341 0.755486
vt 0.639576 0.794155
vt 0.460090 0.156334
vt 0.460780 0.142224
vt 0.091733 0.734672
vt 0.459793 0.170098
vt 0.094652 0.725188
vt 0.459893 0.183379
vt 0.087961 0.713408
vt 0.097349 0.716444
vt 0.460388 0.196050
vt 0.482449 0.022404
vt 0.486132 0.012289
vt 0.461272 0.207987
vt 0.478940 0.033476
vt 0.462535 0.219075
vt 0.475638 0.045399
vt 0.464164 0.229209
vt 0.472578 0.058059
vt 0.655155 0.849878
vt 0.657852 0.859509
vt 0.469789 0.071332
vt 0.652281 0.839605
vt 0.467300 0.085089
vt 0.074842 0.789783
vt 0.649256 0.828791
vt 0.465135 0.099195
vt 0.078420 0.778082
vt 0.646111 0.817540
vt 0.463315 0.113514
vt 0.081930 0.766614
vt 0.642874 0.805958
vt 0.461859 0.127903
vt 0.102675 0.729220
vt 0.098752 0.738204
vt 0.448798 0.182279
vt 0.448164 0.168941
vt 0.106299 0.720937
vt 0.449935 0.195017
vt 0.472743 0.021401
vt 0.477262 0.011371
vt 0.451561 0.207029
vt 0.468491 0.032398
vt 0.453660 0.218201
vt 0.464548 0.044259
vt 0.665968 0.855670
vt 0.669398 0.864127
vt 0.660343 0.868405
vt 0.460953 0.056867
vt 0.662257 0.846515
vt 0.457743 0.070101
vt 0.658301 0.836751
vt 0.454948 0.083831
vt 0.076075 0.790406
vt 0.654139 0.826473
vt 0.452599 0.097924
vt 0.080876 0.779324
vt 0.649811 0.815781
vt 0.450717 0.112241
vt 0.085588 0.768461
vt 0.645359 0.804776
vt 0.449322 0.126642
vt 0.090166 0.757920
vt 0.640823 0.793562
vt 0.448426 0.140985
vt 0.094569 0.747802
vt 0.448039 0.155131
vt 0.463683 0.020504
vt 0.468983 0.010550
vt 0.442494 0.206190
vt 0.440173 0.194110
vt 0.458736 0.031436
vt 0.445374 0.217436
vt 0.454192 0.043241
vt 0.673585 0.850577
vt 0.677898 0.858450
vt 0.450097 0.055804
vt 0.668920 0.842053
vt 0.446491 0.069005
vt 0.663948 0.832964
vt 0.443411 0.082713
vt 0.077225 0.791221
vt 0.658718 0.823398
vt 0.440889 0.096795
vt 0.083168 0.780946
vt 0.653282 0.813448
vt 0.438949 0.111113
vt 0.089001 0.770876
vt 0.647689 0.803208
vt 0.437610 0.125525
vt 0.094671 0.761103
vt 0.641993 0.792775
vt 0.436886 0.139892
vt 0.100123 0.751722
vt 0.436784 0.154070
vt 0.105306 0.742824
vt 0.437303 0.167922
vt 0.110168 0.734494
vt 0.438437 0.181312
vt 0.114660 0.726815
vt 0.444748 0.042365
vt 0.449842 0.030607
vt 0.680573 0.844313
vt 0.685697 0.851469
vt 0.440195 0.054892
vt 0.675031 0.836568
vt 0.436228 0.068065
vt 0.669125 0.828310
vt 0.432887 0.081756
vt 0.078273 0.792213
vt 0.662916 0.819620
vt 0.430206 0.095830
vt 0.085256 0.782923
vt 0.656462 0.810582
vt 0.428213 0.110149
vt 0.092112 0.773817
vt 0.649824 0.801282
vt 0.426926 0.124573
vt 0.098777 0.764981
vt 0.643064 0.791808
vt 0.426359 0.138960
vt 0.105188 0.756499
vt 0.426516 0.153168
vt 0.111284 0.748453
vt 0.427395 0.167058
vt 0.117004 0.740922
vt 0.428986 0.180493
vt 0.122290 0.733981
vt 0.431272 0.193342
vt 0.118738 0.719864
vt 0.127089 0.727698
vt 0.434227 0.205481
vt 0.455424 0.019731
vt 0.437822 0.216791
vt 0.403129 0.342602
vt 0.391842 0.342590
vt 0.389014 0.328961
vt 0.399909 0.328978
vt 0.673744 0.822865
vt 0.680483 0.830150
vt 0.405454 0.356646
vt 0.393884 0.356640
vt 0.079201 0.793367
vt 0.666659 0.815201
vt 0.406861 0.370973
vt 0.395120 0.370974
vt 0.087105 0.785220
vt 0.659297 0.807230
vt 0.407335 0.385443
vt 0.395537 0.385451
vt 0.094866 0.777235
vt 0.651727 0.799030
vt 0.406871 0.399913
vt 0.395130 0.399927
vt 0.102413 0.769488
vt 0.644020 0.790677
vt 0.405475 0.414240
vt 0.393904 0.414261
vt 0.109675 0.762052
vt 0.403159 0.428285
vt 0.391872 0.428312
vt 0.116581 0.754999
vt 0.399949 0.441909
vt 0.389053 0.441940
vt 0.123063 0.748399
vt 0.395876 0.454979
vt 0.385477 0.455014
vt 0.129055 0.742316
vt 0.390981 0.467367
vt 0.381180 0.467405
vt 0.385249 0.291937
vt 0.376139 0.291910
vt 0.370530 0.281238
vt 0.378861 0.281265
vt 0.385315 0.478953
vt 0.376205 0.478992
vt 0.390924 0.303522
vt 0.381122 0.303497
vt 0.378934 0.489626
vt 0.370603 0.489664
vt 0.395827 0.315909
vt 0.385428 0.315887
vt 0.686810 0.836983
vt 0.692659 0.843297
vt 0.381918 0.370975
vt 0.380875 0.356635
vt 0.088682 0.787798
vt 0.079993 0.794661
vt 0.661739 0.803450
vt 0.669884 0.810216
vt 0.382271 0.385458
vt 0.097217 0.781072
vt 0.653366 0.796491
vt 0.381929 0.399941
vt 0.105518 0.774548
vt 0.644842 0.789402
vt 0.380895 0.414281
vt 0.113507 0.768288
vt 0.379181 0.428337
vt 0.121107 0.762351
vt 0.376804 0.441971
vt 0.128241 0.756797
vt 0.373788 0.455048
vt 0.134836 0.751681
vt 0.370163 0.467441
vt 0.365901 0.291884
vt 0.361168 0.281212
vt 0.365966 0.479029
vt 0.370105 0.303473
vt 0.361241 0.489700
vt 0.373739 0.315867
vt 0.692187 0.828710
vt 0.698663 0.834072
vt 0.376764 0.328945
vt 0.685183 0.822908
vt 0.379151 0.342579
vt 0.677724 0.816723
vt 0.367491 0.399954
vt 0.367763 0.385466
vt 0.108036 0.780075
vt 0.099123 0.785263
vt 0.645518 0.788004
vt 0.654712 0.793707
vt 0.366668 0.414299
vt 0.116617 0.775099
vt 0.365303 0.428360
vt 0.124780 0.770384
vt 0.363409 0.441998
vt 0.132444 0.765975
vt 0.361006 0.455079
vt 0.350935 0.281189
vt 0.346779 0.271536
vt 0.355955 0.271558
vt 0.358118 0.467474
vt 0.354708 0.291861
vt 0.354774 0.479063
vt 0.358060 0.303452
vt 0.351008 0.489734
vt 0.360957 0.315849
vt 0.356035 0.499353
vt 0.346859 0.499384
vt 0.363370 0.328931
vt 0.689047 0.814965
vt 0.696608 0.819635
vt 0.365273 0.342570
vt 0.680996 0.809987
vt 0.366648 0.356631
vt 0.080635 0.796075
vt 0.672534 0.804750
vt 0.367481 0.370977
vt 0.089961 0.790612
vt 0.663745 0.799307
vt 0.350476 0.428380
vt 0.351468 0.414315
vt 0.127535 0.778960
vt 0.118949 0.782371
vt 0.349099 0.442021
vt 0.135599 0.775774
vt 0.347352 0.455105
vt 0.340006 0.281170
vt 0.336981 0.271518
vt 0.345251 0.467502
vt 0.342753 0.291844
vt 0.342819 0.479092
vt 0.345194 0.303436
vt 0.340080 0.489763
vt 0.347303 0.315836
vt 0.337061 0.499411
vt 0.349059 0.328921
vt 0.692008 0.806457
vt 0.699996 0.809913
vt 0.350446 0.342564
vt 0.683501 0.802773
vt 0.351448 0.356629
vt 0.081116 0.797583
vt 0.674563 0.798898
vt 0.352055 0.370980
vt 0.090920 0.793616
vt 0.665281 0.794870
vt 0.352261 0.385473
vt 0.100552 0.789735
vt 0.655743 0.790727
vt 0.352065 0.399966
vt 0.109925 0.785974
vt 0.646035 0.786507
vt 0.333061 0.455125
vt 0.334121 0.442040
vt 0.328570 0.281157
vt 0.326729 0.271506
vt 0.331785 0.467524
vt 0.330242 0.291831
vt 0.330308 0.479115
vt 0.331728 0.303425
vt 0.328643 0.489785
vt 0.333012 0.315827
vt 0.326809 0.499432
vt 0.334082 0.328915
vt 0.694011 0.797530
vt 0.702290 0.799712
vt 0.334926 0.342561
vt 0.685196 0.795205
vt 0.335537 0.356630
vt 0.081428 0.799160
vt 0.675935 0.792759
vt 0.335909 0.370983
vt 0.091542 0.796758
vt 0.666319 0.790216
vt 0.336036 0.385480
vt 0.101479 0.794412
vt 0.656439 0.787601
vt 0.335919 0.399976
vt 0.111150 0.792144
vt 0.646384 0.784938
vt 0.335558 0.414328
vt 0.120462 0.789977
vt 0.334956 0.428396
vt 0.129325 0.787931
vt 0.137647 0.786027
vt 0.317458 0.479130
vt 0.317954 0.467539
vt 0.317896 0.303421
vt 0.317392 0.291826
vt 0.316898 0.489800
vt 0.318333 0.315824
vt 0.316280 0.499447
vt 0.318697 0.328913
vt 0.324823 0.507967
vt 0.315611 0.507980
vt 0.318985 0.342561
vt 0.686051 0.787413
vt 0.695021 0.788339
vt 0.319194 0.356632
vt 0.081565 0.800779
vt 0.676627 0.786439
vt 0.319323 0.370987
vt 0.091815 0.799982
vt 0.666842 0.785426
vt 0.319369 0.385486
vt 0.101888 0.799213
vt 0.656790 0.784384
vt 0.319333 0.399984
vt 0.111690 0.798479
vt 0.646560 0.783322
vt 0.319214 0.414339
vt 0.121130 0.797787
vt 0.319015 0.428408
vt 0.130115 0.797144
vt 0.318736 0.442053
vt 0.316200 0.271499
vt 0.315525 0.262961
vt 0.324737 0.262967
vt 0.318381 0.455140
vt 0.316825 0.281151
vt 0.305657 0.499454
vt 0.305047 0.489808
vt 0.303173 0.328916
vt 0.303521 0.315826
vt 0.306316 0.507986
vt 0.302899 0.342564
vt 0.686050 0.779531
vt 0.695021 0.779041
vt 0.302703 0.356636
vt 0.081525 0.802413
vt 0.676626 0.780046
vt 0.302587 0.370992
vt 0.091736 0.803235
vt 0.666841 0.780580
vt 0.302551 0.385492
vt 0.101770 0.804057
vt 0.656788 0.781130
vt 0.302597 0.399991
vt 0.111536 0.804869
vt 0.646560 0.781688
vt 0.302723 0.414346
vt 0.120940 0.805666
vt 0.302929 0.428416
vt 0.129892 0.806438
vt 0.303212 0.442061
vt 0.305577 0.271499
vt 0.306230 0.262961
vt 0.303570 0.455148
vt 0.304974 0.281151
vt 0.303998 0.467547
vt 0.304426 0.291826
vt 0.304492 0.479138
vt 0.303940 0.303422
vt 0.685193 0.771697
vt 0.694009 0.769799
vt 0.286353 0.356642
vt 0.286951 0.342571
vt 0.081309 0.804033
vt 0.675931 0.773691
vt 0.285994 0.370998
vt 0.091306 0.806461
vt 0.666315 0.775764
vt 0.285877 0.385497
vt 0.101129 0.808859
vt 0.656435 0.777895
vt 0.286004 0.399995
vt 0.110689 0.811205
vt 0.646382 0.780064
vt 0.286373 0.414349
vt 0.119896 0.813477
vt 0.286981 0.428418
vt 0.128659 0.815653
vt 0.287821 0.442063
vt 0.295044 0.271506
vt 0.297014 0.262967
vt 0.288884 0.455149
vt 0.293224 0.281159
vt 0.290161 0.467548
vt 0.291571 0.291834
vt 0.291636 0.479139
vt 0.290103 0.303430
vt 0.293297 0.489808
vt 0.288836 0.315833
vt 0.295124 0.499454
vt 0.287781 0.328923
vt 0.297100 0.507986
vt 0.090531 0.809603
vt 0.080920 0.805610
vt 0.665273 0.771059
vt 0.674555 0.767484
vt 0.269638 0.385501
vt 0.269834 0.371004
vt 0.099975 0.813538
vt 0.655736 0.774734
vt 0.269844 0.399997
vt 0.109165 0.817378
vt 0.646031 0.778477
vt 0.270449 0.414349
vt 0.118015 0.821087
vt 0.271448 0.428417
vt 0.126438 0.824629
vt 0.272830 0.442060
vt 0.136889 0.817710
vt 0.134348 0.827968
vt 0.274581 0.455144
vt 0.281778 0.281173
vt 0.284784 0.271519
vt 0.276683 0.467542
vt 0.279049 0.291848
vt 0.279115 0.479131
vt 0.276626 0.303443
vt 0.281851 0.489800
vt 0.274532 0.315846
vt 0.284864 0.499446
vt 0.272790 0.328935
vt 0.692003 0.760772
vt 0.699995 0.757702
vt 0.702290 0.768018
vt 0.271418 0.342581
vt 0.683494 0.764044
vt 0.270429 0.356651
vt 0.106990 0.823280
vt 0.098328 0.818012
vt 0.645513 0.776955
vt 0.654703 0.771703
vt 0.255229 0.414346
vt 0.254398 0.399997
vt 0.115331 0.828363
vt 0.256602 0.428410
vt 0.123268 0.833211
vt 0.258502 0.442050
vt 0.130721 0.837775
vt 0.260909 0.455133
vt 0.270836 0.281192
vt 0.274974 0.271538
vt 0.263800 0.467528
vt 0.267079 0.291868
vt 0.267145 0.479116
vt 0.263743 0.303462
vt 0.270909 0.489785
vt 0.260861 0.315864
vt 0.275054 0.499431
vt 0.258462 0.328950
vt 0.689039 0.752117
vt 0.696604 0.747811
vt 0.256572 0.342594
vt 0.680985 0.756705
vt 0.255209 0.356661
vt 0.080366 0.807120
vt 0.672522 0.761531
vt 0.254388 0.371011
vt 0.089426 0.812609
vt 0.663734 0.766546
vt 0.254116 0.385504
vt 0.119205 0.841251
vt 0.111890 0.835181
vt 0.245084 0.442036
vt 0.242699 0.428400
vt 0.126073 0.846962
vt 0.248106 0.455115
vt 0.260587 0.281218
vt 0.265784 0.271562
vt 0.251735 0.467508
vt 0.255868 0.291893
vt 0.255934 0.479095
vt 0.251677 0.303487
vt 0.260660 0.489763
vt 0.248057 0.315886
vt 0.265864 0.499411
vt 0.245044 0.328969
vt 0.685170 0.743982
vt 0.692178 0.738516
vt 0.242669 0.342609
vt 0.677709 0.749807
vt 0.240957 0.356672
vt 0.079655 0.808534
vt 0.669868 0.755934
vt 0.239925 0.371018
vt 0.088010 0.815426
vt 0.661724 0.762303
vt 0.239583 0.385507
vt 0.096217 0.822206
vt 0.653355 0.768853
vt 0.239935 0.399995
vt 0.104203 0.828812
vt 0.644836 0.775524
vt 0.240977 0.414340
vt 0.132425 0.852256
vt 0.126188 0.861632
vt 0.120487 0.855370
vt 0.240534 0.467507
vt 0.236347 0.455149
vt 0.245609 0.291923
vt 0.251206 0.281247
vt 0.245524 0.479095
vt 0.240638 0.303515
vt 0.251212 0.489697
vt 0.236343 0.315911
vt 0.686794 0.729976
vt 0.692637 0.723874
vt 0.698659 0.733464
vt 0.232769 0.328991
vt 0.680464 0.736507
vt 0.229952 0.342627
vt 0.673723 0.743468
vt 0.227920 0.356684
vt 0.078800 0.809830
vt 0.666638 0.750790
vt 0.226695 0.371025
vt 0.086306 0.818006
vt 0.659278 0.758402
vt 0.226288 0.385508
vt 0.093679 0.826047
vt 0.651713 0.766232
vt 0.226705 0.399991
vt 0.100851 0.833877
vt 0.644012 0.774208
vt 0.227940 0.414330
vt 0.107754 0.841423
vt 0.229982 0.428385
vt 0.114321 0.848611
vt 0.232808 0.442017
vt 0.230812 0.303545
vt 0.236476 0.291955
vt 0.225918 0.315939
vt 0.680535 0.722272
vt 0.685628 0.715218
vt 0.221846 0.329015
vt 0.675003 0.729820
vt 0.218635 0.342645
vt 0.669098 0.737795
vt 0.216320 0.356697
vt 0.077815 0.810985
vt 0.662890 0.746186
vt 0.214924 0.371032
vt 0.084345 0.820306
vt 0.656439 0.754911
vt 0.214460 0.385509
vt 0.090757 0.829469
vt 0.649808 0.763887
vt 0.214934 0.399985
vt 0.096993 0.838390
vt 0.643056 0.773030
vt 0.216340 0.414318
vt 0.102994 0.846983
vt 0.218665 0.428367
vt 0.108702 0.855165
vt 0.221885 0.441994
vt 0.114060 0.862856
vt 0.226001 0.455212
vt 0.119013 0.869979
vt 0.242855 0.281279
vt 0.416898 0.760515
vt 0.406435 0.759843
vt 0.403938 0.747204
vt 0.413918 0.747840
vt 0.668868 0.723968
vt 0.673497 0.715525
vt 0.419273 0.773818
vt 0.408429 0.773115
vt 0.663913 0.732886
vt 0.421016 0.787619
vt 0.409897 0.786892
vt 0.076718 0.811979
vt 0.658687 0.742201
vt 0.422111 0.801782
vt 0.410825 0.801038
vt 0.082160 0.822285
vt 0.653256 0.751888
vt 0.422545 0.816169
vt 0.411204 0.815414
vt 0.087502 0.832415
vt 0.647670 0.761855
vt 0.422315 0.830637
vt 0.411029 0.829879
vt 0.092697 0.842273
vt 0.641983 0.772010
vt 0.421422 0.845044
vt 0.410303 0.844291
vt 0.097694 0.851766
vt 0.419877 0.859249
vt 0.409032 0.858508
vt 0.102446 0.860803
vt 0.417694 0.873111
vt 0.407231 0.872390
vt 0.106906 0.869293
vt 0.414850 0.886645
vt 0.404873 0.885953
vt 0.111028 0.877154
vt 0.123511 0.876462
vt 0.114770 0.884307
vt 0.410362 0.735918
vt 0.400962 0.735322
vt 0.397539 0.724313
vt 0.406269 0.724863
vt 0.397847 0.786319
vt 0.396676 0.772562
vt 0.075528 0.812795
vt 0.654103 0.738902
vt 0.658260 0.728823
vt 0.398595 0.800450
vt 0.079788 0.823911
vt 0.649782 0.749385
vt 0.398914 0.814817
vt 0.083970 0.834834
vt 0.645338 0.760173
vt 0.398799 0.829278
vt 0.088035 0.845462
vt 0.640813 0.771165
vt 0.398252 0.843692
vt 0.091945 0.855693
vt 0.397279 0.857917
vt 0.095662 0.865429
vt 0.395890 0.871813
vt 0.099149 0.874575
vt 0.394061 0.885399
vt 0.102372 0.883040
vt 0.388075 0.723883
vt 0.385056 0.713890
vt 0.393704 0.714282
vt 0.390772 0.734856
vt 0.393120 0.746705
vt 0.395095 0.759314
vt 0.662308 0.719115
vt 0.385888 0.814386
vt 0.385633 0.800027
vt 0.080221 0.836686
vt 0.077271 0.825156
vt 0.642852 0.758869
vt 0.646079 0.747444
vt 0.385837 0.828843
vt 0.083088 0.847901
vt 0.639564 0.770510
vt 0.385480 0.843257
vt 0.085845 0.858697
vt 0.384822 0.857487
vt 0.088466 0.868967
vt 0.383869 0.871393
vt 0.090923 0.878612
vt 0.382601 0.884995
vt 0.093194 0.887538
vt 0.378040 0.723578
vt 0.375885 0.713613
vt 0.379969 0.734525
vt 0.381653 0.746350
vt 0.383074 0.758938
vt 0.384219 0.772167
vt 0.652205 0.725610
vt 0.655015 0.715337
vt 0.385075 0.785909
vt 0.074264 0.813420
vt 0.649216 0.736344
vt 0.372205 0.842994
vt 0.372365 0.828581
vt 0.079500 0.860728
vt 0.077941 0.849552
vt 0.638260 0.770056
vt 0.371874 0.857226
vt 0.080981 0.871359
vt 0.371373 0.871136
vt 0.082369 0.881341
vt 0.370690 0.884748
vt 0.083651 0.890577
vt 0.367604 0.723400
vt 0.366347 0.713452
vt 0.368736 0.734332
vt 0.369731 0.746142
vt 0.370579 0.758717
vt 0.371271 0.771934
vt 0.371800 0.785665
vt 0.072949 0.813843
vt 0.644110 0.734572
vt 0.645991 0.723321
vt 0.372161 0.799776
vt 0.074651 0.825998
vt 0.642209 0.746099
vt 0.372350 0.814128
vt 0.076320 0.837938
vt 0.640252 0.757964
vt 0.358612 0.871050
vt 0.358651 0.857139
vt 0.073630 0.882717
vt 0.073333 0.872565
vt 0.358526 0.884663
vt 0.073904 0.892108
vt 0.356944 0.723352
vt 0.356603 0.713408
vt 0.357263 0.734278
vt 0.357555 0.746084
vt 0.357818 0.758653
vt 0.358048 0.771865
vt 0.358245 0.785592
vt 0.071605 0.814056
vt 0.638871 0.733613
vt 0.639503 0.722135
vt 0.358404 0.799698
vt 0.071972 0.826423
vt 0.638237 0.745371
vt 0.358526 0.814047
vt 0.072332 0.838571
vt 0.637585 0.757475
vt 0.358608 0.828497
vt 0.072681 0.850385
vt 0.636921 0.769810
vt 0.358650 0.842908
vt 0.073016 0.861752
vt 0.346237 0.723431
vt 0.346814 0.713481
vt 0.345739 0.734363
vt 0.345326 0.746173
vt 0.345002 0.758746
vt 0.344769 0.771961
vt 0.344631 0.785688
vt 0.070255 0.814057
vt 0.633589 0.733484
vt 0.632960 0.721976
vt 0.344589 0.799795
vt 0.069282 0.826425
vt 0.634233 0.745273
vt 0.344643 0.814143
vt 0.068326 0.838573
vt 0.634896 0.757409
vt 0.344793 0.828592
vt 0.067397 0.850387
vt 0.635571 0.769777
vt 0.345036 0.843000
vt 0.066503 0.861755
vt 0.345372 0.857228
vt 0.065652 0.872566
vt 0.345796 0.871134
vt 0.064854 0.882717
vt 0.346311 0.884744
vt 0.064115 0.892108
vt 0.333244 0.746408
vt 0.334354 0.734585
vt 0.332340 0.758994
vt 0.331650 0.772218
vt 0.331181 0.785953
vt 0.068921 0.813845
vt 0.628352 0.734187
vt 0.626473 0.722847
vt 0.330940 0.800065
vt 0.066625 0.826002
vt 0.630262 0.745807
vt 0.330927 0.814415
vt 0.064370 0.837944
vt 0.632229 0.757767
vt 0.331143 0.828864
vt 0.062178 0.849558
vt 0.634233 0.769957
vt 0.331587 0.843270
vt 0.060070 0.860734
vt 0.332253 0.857491
vt 0.058066 0.871364
vt 0.333134 0.871390
vt 0.056185 0.881344
vt 0.334242 0.884988
vt 0.054447 0.890578
vt 0.335658 0.723636
vt 0.337144 0.713668
vt 0.318904 0.772634
vt 0.320039 0.759392
vt 0.318115 0.786382
vt 0.067627 0.813424
vt 0.623249 0.735711
vt 0.620153 0.724732
vt 0.317679 0.800504
vt 0.064046 0.825163
vt 0.626394 0.746963
vt 0.317601 0.814859
vt 0.060530 0.836696
vt 0.629631 0.758544
vt 0.317882 0.829309
vt 0.057113 0.847913
vt 0.632929 0.770347
vt 0.318520 0.843711
vt 0.053826 0.858708
vt 0.319507 0.857925
vt 0.050701 0.868977
vt 0.320834 0.871812
vt 0.047769 0.878619
vt 0.322518 0.885392
vt 0.045059 0.887541
vt 0.325384 0.723965
vt 0.327752 0.713968
vt 0.323296 0.734939
vt 0.321508 0.746787
vt 0.312747 0.735423
vt 0.315585 0.724412
vt 0.310311 0.747303
vt 0.308303 0.759937
vt 0.306743 0.773202
vt 0.305646 0.786970
vt 0.066394 0.812801
vt 0.618366 0.738029
vt 0.614225 0.727684
vt 0.305025 0.801105
vt 0.061590 0.823922
vt 0.622693 0.748722
vt 0.304885 0.815468
vt 0.056873 0.834849
vt 0.627146 0.759727
vt 0.305228 0.829920
vt 0.052287 0.845479
vt 0.631681 0.770941
vt 0.306051 0.844318
vt 0.047876 0.855710
vt 0.307346 0.858522
vt 0.043682 0.865444
vt 0.309098 0.872392
vt 0.039747 0.874587
vt 0.311331 0.885947
vt 0.036109 0.883048
vt 0.318795 0.714376
vt 0.297329 0.760621
vt 0.299843 0.747951
vt 0.295370 0.773916
vt 0.608557 0.731538
vt 0.603476 0.722329
vt 0.610313 0.717779
vt 0.293986 0.787707
vt 0.065244 0.811986
vt 0.613787 0.741104
vt 0.293190 0.801859
vt 0.059298 0.822299
vt 0.619223 0.751054
vt 0.292992 0.816232
vt 0.053460 0.832434
vt 0.624816 0.761294
vt 0.293394 0.830686
vt 0.047783 0.842295
vt 0.630512 0.771728
vt 0.294391 0.845079
vt 0.042321 0.851789
vt 0.295974 0.859270
vt 0.037128 0.860825
vt 0.298125 0.873119
vt 0.032254 0.869313
vt 0.300870 0.886645
vt 0.027747 0.877170
vt 0.032804 0.890743
vt 0.023654 0.884318
vt 0.302886 0.736030
vt 0.306425 0.724974
vt 0.204313 0.356652
vt 0.193064 0.356643
vt 0.190989 0.342599
vt 0.201963 0.342615
vt 0.064196 0.810994
vt 0.609589 0.744883
vt 0.603379 0.736193
vt 0.205735 0.370973
vt 0.194320 0.370970
vt 0.057210 0.820323
vt 0.616043 0.753920
vt 0.206214 0.385436
vt 0.194744 0.385440
vt 0.050349 0.829493
vt 0.622681 0.763220
vt 0.205745 0.399899
vt 0.194330 0.399909
vt 0.043677 0.838417
vt 0.629440 0.772695
vt 0.204333 0.414220
vt 0.193084 0.414237
vt 0.037257 0.847012
vt 0.201992 0.428260
vt 0.191018 0.428283
vt 0.031150 0.855194
vt 0.198746 0.441879
vt 0.188153 0.441907
vt 0.025418 0.862883
vt 0.194592 0.455096
vt 0.184491 0.455126
vt 0.020118 0.870003
vt 0.183886 0.291968
vt 0.175028 0.291938
vt 0.169325 0.281268
vt 0.177426 0.281297
vt 0.189623 0.303550
vt 0.180094 0.303522
vt 0.194581 0.315933
vt 0.184470 0.315909
vt 0.198708 0.328997
vt 0.188114 0.328977
vt 0.597483 0.727867
vt 0.181783 0.385444
vt 0.181423 0.370968
vt 0.047595 0.826074
vt 0.055361 0.818026
vt 0.620778 0.765472
vt 0.613208 0.757272
vt 0.181433 0.399921
vt 0.040040 0.833910
vt 0.628485 0.773826
vt 0.180375 0.414255
vt 0.032770 0.841459
vt 0.178620 0.428306
vt 0.025853 0.848648
vt 0.176186 0.441936
vt 0.019359 0.855406
vt 0.173078 0.455157
vt 0.013353 0.861667
vt 0.165024 0.291909
vt 0.160177 0.281239
vt 0.169329 0.303494
vt 0.173049 0.315884
vt 0.176147 0.328956
vt 0.592022 0.734353
vt 0.585701 0.727452
vt 0.591962 0.719978
vt 0.178590 0.342584
vt 0.598761 0.741637
vt 0.180355 0.356634
vt 0.063268 0.809840
vt 0.605846 0.749302
vt 0.166418 0.414272
vt 0.167269 0.399932
vt 0.028938 0.835223
vt 0.036936 0.828849
vt 0.627663 0.775101
vt 0.165005 0.428329
vt 0.021328 0.841296
vt 0.163045 0.441964
vt 0.014181 0.847008
vt 0.160618 0.455099
vt 0.150137 0.281211
vt 0.145835 0.271559
vt 0.154838 0.271586
vt 0.154043 0.291881
vt 0.157512 0.303468
vt 0.160510 0.315861
vt 0.154983 0.499285
vt 0.145913 0.499354
vt 0.150276 0.489661
vt 0.160461 0.489542
vt 0.163006 0.328938
vt 0.587322 0.741594
vt 0.580318 0.735792
vt 0.164975 0.342571
vt 0.594781 0.747780
vt 0.166398 0.356626
vt 0.062476 0.808546
vt 0.602621 0.754287
vt 0.167259 0.370966
vt 0.053783 0.815448
vt 0.610766 0.761052
vt 0.167551 0.385449
vt 0.045244 0.822237
vt 0.619139 0.768012
vt 0.148956 0.441989
vt 0.150406 0.428350
vt 0.009978 0.837829
vt 0.017655 0.833263
vt 0.147114 0.455071
vt 0.139376 0.281186
vt 0.136187 0.271536
vt 0.157760 0.467461
vt 0.144900 0.467468
vt 0.142271 0.291857
vt 0.154287 0.479053
vt 0.142336 0.479059
vt 0.144843 0.303446
vt 0.139448 0.489731
vt 0.147066 0.315841
vt 0.136265 0.499384
vt 0.148917 0.328922
vt 0.583458 0.749537
vt 0.575897 0.744867
vt 0.150377 0.342560
vt 0.591509 0.754516
vt 0.151432 0.356621
vt 0.061834 0.807132
vt 0.599971 0.759752
vt 0.152072 0.370966
vt 0.052504 0.812633
vt 0.608760 0.765196
vt 0.152289 0.385454
vt 0.043337 0.818046
vt 0.617793 0.770795
vt 0.152081 0.399943
vt 0.034417 0.823322
vt 0.626987 0.776499
vt 0.151452 0.414288
vt 0.025828 0.828411
vt 0.131597 0.467494
vt 0.132996 0.455095
vt 0.129912 0.291838
vt 0.128078 0.281166
vt 0.129977 0.479086
vt 0.131541 0.303428
vt 0.128150 0.489759
vt 0.132949 0.315826
vt 0.126137 0.499410
vt 0.134121 0.328910
vt 0.580497 0.758045
vt 0.572508 0.754589
vt 0.135046 0.342552
vt 0.589004 0.761729
vt 0.135716 0.356617
vt 0.061353 0.805624
vt 0.597942 0.765604
vt 0.136122 0.370967
vt 0.051546 0.809629
vt 0.607224 0.769633
vt 0.136261 0.385460
vt 0.041908 0.813574
vt 0.616762 0.773776
vt 0.136132 0.399953
vt 0.032529 0.817423
vt 0.626470 0.777995
vt 0.135735 0.414303
vt 0.023496 0.821139
vt 0.135076 0.428368
vt 0.014899 0.824686
vt 0.134160 0.442011
vt 0.006823 0.828029
vt 0.126058 0.271517
vt 0.116512 0.489780
vt 0.117243 0.479108
vt 0.118403 0.315817
vt 0.117835 0.303417
vt 0.115704 0.499430
vt 0.118876 0.328903
vt 0.578494 0.766972
vt 0.570215 0.764791
vt 0.119250 0.342548
vt 0.587309 0.769298
vt 0.119521 0.356616
vt 0.061041 0.804047
vt 0.596569 0.771744
vt 0.119687 0.370969
vt 0.050924 0.806488
vt 0.606186 0.774286
vt 0.119746 0.385465
vt 0.040982 0.808897
vt 0.616066 0.776901
vt 0.119697 0.399962
vt 0.031304 0.811253
vt 0.626121 0.779565
vt 0.119541 0.414315
vt 0.021983 0.813533
vt 0.119280 0.428383
vt 0.013110 0.815714
vt 0.118915 0.442028
vt 0.004775 0.817776
vt 0.118451 0.455115
vt 0.116440 0.281153
vt 0.115625 0.271504
vt 0.117892 0.467515
vt 0.117179 0.291825
vt 0.114827 0.507967
vt 0.105590 0.507980
vt 0.105146 0.499444
vt 0.103263 0.342547
vt 0.103447 0.328901
vt 0.586454 0.777090
vt 0.577484 0.776164
vt 0.103131 0.356618
vt 0.060904 0.802427
vt 0.595878 0.778064
vt 0.103054 0.370973
vt 0.050650 0.803263
vt 0.605663 0.779077
vt 0.103031 0.385471
vt 0.040573 0.804096
vt 0.615715 0.780119
vt 0.103064 0.399969
vt 0.030764 0.804918
vt 0.625945 0.781180
vt 0.103151 0.414325
vt 0.021315 0.805723
vt 0.103293 0.428395
vt 0.012319 0.806501
vt 0.103486 0.442041
vt 0.105067 0.271497
vt 0.105506 0.262961
vt 0.114743 0.262967
vt 0.103730 0.455129
vt 0.104662 0.281146
vt 0.104022 0.467530
vt 0.104293 0.291818
vt 0.104357 0.479123
vt 0.103965 0.303412
vt 0.104734 0.489795
vt 0.103682 0.315813
vt 0.060944 0.800794
vt 0.595879 0.784456
vt 0.586455 0.784971
vt 0.086513 0.370978
vt 0.086833 0.356622
vt 0.050730 0.800010
vt 0.605664 0.783922
vt 0.086410 0.385477
vt 0.040691 0.799252
vt 0.615716 0.783373
vt 0.086523 0.399976
vt 0.030918 0.798528
vt 0.625945 0.782814
vt 0.086853 0.414332
vt 0.021505 0.797844
vt 0.087395 0.428402
vt 0.012543 0.797207
vt 0.088144 0.442049
vt 0.094568 0.271497
vt 0.096320 0.262961
vt 0.089092 0.455137
vt 0.092949 0.281146
vt 0.090229 0.467538
vt 0.091479 0.291819
vt 0.091543 0.479131
vt 0.090172 0.303413
vt 0.093021 0.489803
vt 0.089044 0.315815
vt 0.094647 0.499451
vt 0.088105 0.328904
vt 0.096404 0.507986
vt 0.087365 0.342551
vt 0.577484 0.785461
vt 0.041332 0.794450
vt 0.051160 0.796784
vt 0.616070 0.786608
vt 0.606190 0.788739
vt 0.070364 0.399981
vt 0.070171 0.385482
vt 0.031765 0.792192
vt 0.626123 0.784439
vt 0.070930 0.414336
vt 0.022549 0.790032
vt 0.071863 0.428406
vt 0.013775 0.787992
vt 0.073154 0.442052
vt 0.004123 0.796624
vt 0.005533 0.786093
vt 0.074790 0.455139
vt 0.081506 0.281154
vt 0.084310 0.271504
vt 0.076753 0.467540
vt 0.078959 0.291827
vt 0.079024 0.479132
vt 0.076697 0.303421
vt 0.081578 0.489803
vt 0.074742 0.315823
vt 0.084389 0.499451
vt 0.073115 0.328911
vt 0.578496 0.794703
vt 0.570215 0.796484
vt 0.569058 0.785921
vt 0.071834 0.342558
vt 0.587312 0.792806
vt 0.070910 0.356629
vt 0.061160 0.799174
vt 0.596574 0.790811
vt 0.070354 0.370984
vt 0.024430 0.782423
vt 0.033289 0.786019
vt 0.626473 0.786025
vt 0.056970 0.428405
vt 0.055661 0.414337
vt 0.015996 0.779017
vt 0.058780 0.442049
vt 0.008074 0.775835
vt 0.061075 0.455135
vt 0.070530 0.281169
vt 0.074471 0.271518
vt 0.063830 0.467534
vt 0.066952 0.291842
vt 0.067017 0.479125
vt 0.063773 0.303435
vt 0.070602 0.489796
vt 0.061027 0.315837
vt 0.074550 0.499444
vt 0.058741 0.328924
vt 0.580502 0.803730
vt 0.572510 0.806801
vt 0.056940 0.342569
vt 0.589011 0.800458
vt 0.055641 0.356638
vt 0.061548 0.797596
vt 0.597950 0.797019
vt 0.054859 0.370991
vt 0.051935 0.793642
vt 0.607232 0.793444
vt 0.054600 0.385488
vt 0.042486 0.789771
vt 0.616769 0.789768
vt 0.054869 0.399984
vt 0.011700 0.766028
vt 0.019166 0.770435
vt 0.048185 0.455125
vt 0.045272 0.442041
vt 0.060213 0.281190
vt 0.065221 0.271538
vt 0.051684 0.467522
vt 0.055666 0.291863
vt 0.055731 0.479112
vt 0.051627 0.303456
vt 0.060285 0.489782
vt 0.048137 0.315856
vt 0.065300 0.499431
vt 0.045233 0.328941
vt 0.583465 0.812386
vt 0.575900 0.816692
vt 0.042943 0.342584
vt 0.591520 0.807797
vt 0.041293 0.356650
vt 0.062103 0.796087
vt 0.599983 0.802972
vt 0.040297 0.371000
vt 0.053040 0.790637
vt 0.608771 0.797956
vt 0.039968 0.385493
vt 0.044133 0.785297
vt 0.617801 0.792799
vt 0.040307 0.399986
vt 0.035463 0.780117
vt 0.626992 0.787547
vt 0.041312 0.414335
vt 0.027114 0.775147
vt 0.042973 0.428400
vt 0.045296 0.291890
vt 0.050732 0.281217
vt 0.045361 0.479092
vt 0.040524 0.467504
vt 0.040468 0.303482
vt 0.050804 0.489762
vt 0.036296 0.315879
vt 0.580327 0.825987
vt 0.573846 0.831039
vt 0.568903 0.820672
vt 0.032824 0.328962
vt 0.587335 0.820521
vt 0.030087 0.342601
vt 0.594796 0.814695
vt 0.028113 0.356663
vt 0.062814 0.794673
vt 0.602637 0.808568
vt 0.026922 0.371009
vt 0.054456 0.787820
vt 0.610781 0.802200
vt 0.026528 0.385498
vt 0.046243 0.781103
vt 0.619150 0.795649
vt 0.026932 0.399986
vt 0.038251 0.774586
vt 0.627669 0.788979
vt 0.028133 0.414331
vt 0.030554 0.768330
vt 0.030116 0.428391
vt 0.023229 0.762395
vt 0.032863 0.442029
vt 0.016348 0.756842
vt 0.036344 0.455109
vt 0.004793 0.761971
vt 0.009983 0.751726
vt 0.025706 0.315907
vt 0.030487 0.303512
vt 0.585711 0.834526
vt 0.579857 0.840562
vt 0.021728 0.328986
vt 0.592041 0.827995
vt 0.018591 0.342621
vt 0.598782 0.821035
vt 0.016329 0.356678
vt 0.063669 0.793377
vt 0.605867 0.813712
vt 0.014964 0.371019
vt 0.056160 0.785239
vt 0.613227 0.806100
vt 0.014511 0.385502
vt 0.048782 0.777262
vt 0.620792 0.798270
vt 0.014974 0.399984
vt 0.041603 0.769521
vt 0.628493 0.790295
vt 0.016349 0.414324
vt 0.034691 0.762088
vt 0.018621 0.428379
vt 0.028113 0.755036
vt 0.021766 0.442012
vt 0.021935 0.748435
vt 0.025754 0.455089
vt 0.016220 0.742350
vt 0.030544 0.467480
vt 0.036020 0.291922
vt 0.042250 0.281248
vt 0.036085 0.479067
vt 0.042322 0.489737
vt 0.008652 0.342643
vt 0.012133 0.329013
vt 0.603407 0.826707
vt 0.597502 0.834682
vt 0.006141 0.356694
vt 0.064654 0.792222
vt 0.609615 0.818316
vt 0.004626 0.371029
vt 0.058121 0.782940
vt 0.616066 0.809592
vt 0.004123 0.385505
vt 0.051704 0.773840
vt 0.622697 0.800616
vt 0.004636 0.399982
vt 0.045460 0.765008
vt 0.629449 0.791473
vt 0.006161 0.414315
vt 0.039450 0.756528
vt 0.008682 0.428365
vt 0.033732 0.748482
vt 0.565552 0.183125
vt 0.556151 0.181751
vt 0.559941 0.168388
vt 0.569685 0.169806
vt 0.028362 0.740949
vt 0.560789 0.195832
vt 0.551823 0.194516
vt 0.023395 0.734005
vt 0.555444 0.207803
vt 0.547001 0.206559
vt 0.011027 0.736845
vt 0.018881 0.727718
vt 0.549573 0.218921
vt 0.541734 0.217763
vt 0.021855 0.303545
vt 0.027996 0.291956
vt 0.586830 0.849077
vt 0.582173 0.855353
vt 0.574539 0.846041
vt 0.016549 0.315938
vt 0.591957 0.842164
vt 0.569040 0.111640
vt 0.557768 0.110104
vt 0.558579 0.095820
vt 0.569685 0.097327
vt 0.060306 0.780960
vt 0.065750 0.791228
vt 0.619249 0.812615
vt 0.613818 0.822302
vt 0.567727 0.126043
vt 0.556400 0.124493
vt 0.054959 0.770894
vt 0.624834 0.802647
vt 0.565758 0.140397
vt 0.554488 0.138847
vt 0.049757 0.761125
vt 0.630522 0.792493
vt 0.563154 0.154558
vt 0.552051 0.153025
vt 0.044751 0.751745
vt 0.549113 0.166886
vt 0.039988 0.742845
vt 0.545704 0.180296
vt 0.035516 0.734512
vt 0.541859 0.193123
vt 0.031380 0.726829
vt 0.537616 0.205242
vt 0.562937 0.031947
vt 0.554215 0.030786
vt 0.551730 0.019945
vt 0.559698 0.021004
vt 0.533019 0.216536
vt 0.565578 0.043761
vt 0.556186 0.042507
vt 0.536075 0.228019
vt 0.528114 0.226895
vt 0.567592 0.056331
vt 0.557621 0.054995
vt 0.598955 0.848771
vt 0.594641 0.856442
vt 0.568956 0.069536
vt 0.558504 0.068130
vt 0.603621 0.840468
vt 0.569657 0.083246
vt 0.558825 0.081783
vt 0.608592 0.831616
vt 0.542290 0.137239
vt 0.544141 0.122884
vt 0.054419 0.757937
vt 0.058491 0.768476
vt 0.631692 0.793337
vt 0.627166 0.804329
vt 0.540033 0.151433
vt 0.050500 0.747819
vt 0.537393 0.165328
vt 0.046772 0.738219
vt 0.534396 0.178787
vt 0.043273 0.729231
vt 0.531072 0.191678
vt 0.040036 0.720945
vt 0.527455 0.203876
vt 0.544771 0.029577
vt 0.543100 0.018843
vt 0.523582 0.215263
vt 0.546018 0.041202
vt 0.519492 0.225730
vt 0.546828 0.053606
vt 0.606583 0.854236
vt 0.603154 0.862533
vt 0.547190 0.066669
vt 0.610293 0.845255
vt 0.547100 0.080263
vt 0.614245 0.835679
vt 0.546558 0.094255
vt 0.066941 0.790412
vt 0.618402 0.825601
vt 0.545568 0.108509
vt 0.062678 0.779334
vt 0.622723 0.815118
vt 0.524983 0.163741
vt 0.527309 0.149812
vt 0.053968 0.734682
vt 0.056599 0.744816
vt 0.522421 0.177250
vt 0.051498 0.725194
vt 0.519649 0.190207
vt 0.049214 0.716447
vt 0.516694 0.202487
vt 0.534769 0.028341
vt 0.533959 0.017715
vt 0.513586 0.213970
vt 0.535251 0.039869
vt 0.510357 0.224546
vt 0.535399 0.052187
vt 0.614710 0.858470
vt 0.612222 0.867250
vt 0.535210 0.065176
vt 0.617402 0.848965
vt 0.534686 0.078711
vt 0.620271 0.838828
vt 0.533831 0.092658
vt 0.068204 0.789787
vt 0.623289 0.828158
vt 0.532653 0.106882
vt 0.065195 0.778090
vt 0.626426 0.817058
vt 0.531163 0.121243
vt 0.062240 0.766624
vt 0.629653 0.805634
vt 0.529376 0.135600
vt 0.059365 0.755498
vt 0.632941 0.793992
vt 0.507784 0.188738
vt 0.509985 0.175714
vt 0.058756 0.713408
vt 0.060053 0.722466
vt 0.505516 0.201100
vt 0.524379 0.027096
vt 0.524462 0.016578
vt 0.503201 0.212679
vt 0.524067 0.038526
vt 0.500865 0.223364
vt 0.523530 0.050758
vt 0.507037 0.234114
vt 0.498529 0.233054
vt 0.522770 0.063675
vt 0.624828 0.851535
vt 0.623197 0.861402
vt 0.521796 0.077151
vt 0.626566 0.841010
vt 0.520616 0.091055
vt 0.069519 0.789364
vt 0.628395 0.829931
vt 0.519242 0.105250
vt 0.067815 0.777248
vt 0.630296 0.818404
vt 0.517687 0.119598
vt 0.066141 0.765372
vt 0.632252 0.806538
vt 0.515966 0.133958
vt 0.064512 0.753848
vt 0.634245 0.794446
vt 0.514097 0.148190
vt 0.062945 0.742785
vt 0.512096 0.162154
vt 0.061453 0.732290
vt 0.492602 0.211413
vt 0.494107 0.199739
vt 0.512656 0.037194
vt 0.513776 0.025860
vt 0.491176 0.222206
vt 0.511419 0.049343
vt 0.489842 0.232016
vt 0.510078 0.062190
vt 0.632444 0.852924
vt 0.631900 0.862987
vt 0.508646 0.075610
vt 0.633024 0.842190
vt 0.507135 0.089471
vt 0.070864 0.789151
vt 0.633634 0.830890
vt 0.505561 0.103640
vt 0.070493 0.776823
vt 0.634268 0.819131
vt 0.503940 0.117976
vt 0.070128 0.764739
vt 0.634920 0.807028
vt 0.502286 0.132341
vt 0.069773 0.753015
vt 0.635584 0.794692
vt 0.500617 0.146594
vt 0.069429 0.741760
vt 0.498948 0.160594
vt 0.069101 0.731084
vt 0.497296 0.174206
vt 0.068791 0.721091
vt 0.495677 0.187297
vt 0.514769 0.015449
vt 0.515626 0.006062
vt 0.524316 0.007074
vt 0.884962 0.567570
vt 0.885844 0.554392
vt 0.888992 0.554096
vt 0.888192 0.566965
vt 0.884983 0.580222
vt 0.888194 0.579302
vt 0.885908 0.592224
vt 0.888992 0.590878
vt 0.884962 0.748954
vt 0.884962 0.736689
vt 0.887915 0.735785
vt 0.888002 0.747879
vt 0.687828 0.713408
vt 0.695058 0.722196
vt 0.886809 0.344114
vt 0.898245 0.352520
vt 0.895973 0.355227
vt 0.884962 0.347097
vt 0.884962 0.706610
vt 0.885025 0.694278
vt 0.888326 0.693652
vt 0.888326 0.705802
vt 0.675247 0.713660
vt 0.682525 0.720487
vt 0.908274 0.362104
vt 0.905672 0.364484
vt 0.916724 0.372704
vt 0.913828 0.374698
vt 0.884969 0.655550
vt 0.885011 0.648440
vt 0.888014 0.649884
vt 0.888087 0.656593
vt 0.884962 0.685406
vt 0.884986 0.672443
vt 0.888624 0.672246
vt 0.888624 0.684989
vt 0.923452 0.384138
vt 0.920307 0.385692
vt 0.884962 0.663090
vt 0.888087 0.664000
vt 0.928341 0.396209
vt 0.925007 0.397275
vt 0.888308 0.633542
vt 0.888242 0.640194
vt 0.884984 0.639423
vt 0.884962 0.633140
vt 0.931308 0.408713
vt 0.927855 0.409255
vt 0.888349 0.626747
vt 0.884993 0.626618
vt 0.932303 0.421434
vt 0.928809 0.421434
vt 0.888362 0.619927
vt 0.885004 0.620073
vt 0.888349 0.613198
vt 0.884993 0.613617
vt 0.931308 0.434155
vt 0.927855 0.433612
vt 0.888308 0.606676
vt 0.884962 0.607359
vt 0.928341 0.446658
vt 0.925007 0.445592
vt 0.888360 0.715534
vt 0.888408 0.727539
vt 0.884962 0.726685
vt 0.884962 0.714857
vt 0.888242 0.600471
vt 0.884984 0.601526
vt 0.923452 0.458729
vt 0.920307 0.457176
vt 0.888094 0.817390
vt 0.888094 0.824204
vt 0.884962 0.825416
vt 0.884969 0.818723
vt 0.916724 0.470163
vt 0.913828 0.468169
vt 0.888191 0.779031
vt 0.888103 0.789518
vt 0.884962 0.788055
vt 0.884962 0.777838
vt 0.908274 0.480763
vt 0.905672 0.478383
vt 0.595764 0.726259
vt 0.602141 0.720579
vt 0.888358 0.758000
vt 0.888358 0.769592
vt 0.885038 0.768519
vt 0.884962 0.757201
vt 0.898245 0.490347
vt 0.895973 0.487640
vt 0.583528 0.725895
vt 0.590019 0.718315
vt 0.888401 0.506999
vt 0.889416 0.520416
vt 0.885906 0.520127
vt 0.884962 0.507029
vt 0.889400 0.533408
vt 0.885904 0.532797
vt 0.888353 0.545850
vt 0.884962 0.544804
vt 0.886809 0.498753
vt 0.884962 0.495770
vt 0.884962 0.809144
vt 0.884962 0.797764
vt 0.887810 0.797764
vt 0.887897 0.808902
vt 0.947079 0.168489
vt 0.947079 0.005790
vt 0.960318 0.005620
vt 0.960318 0.168319
vt 0.973069 0.005283
vt 0.973069 0.167982
vt 0.985021 0.004786
vt 0.985021 0.167485
vt 0.995877 0.004141
vt 0.995877 0.166840
vt 0.750998 0.505867
vt 0.750998 0.342618
vt 0.761628 0.342618
vt 0.761628 0.505867
vt 0.773403 0.342618
vt 0.773403 0.505867
vt 0.786034 0.342618
vt 0.786034 0.505867
vt 0.799209 0.342618
vt 0.799209 0.505867
vt 0.812604 0.342618
vt 0.812604 0.505867
vt 0.825889 0.342618
vt 0.825889 0.505867
vt 0.838737 0.342618
vt 0.838737 0.505867
vt 0.850831 0.342618
vt 0.850831 0.505867
vt 0.861875 0.342618
vt 0.861875 0.505867
vt 0.871595 0.342618
vt 0.871595 0.505867
vt 0.750998 0.333628
vt 0.750998 0.170431
vt 0.760541 0.170670
vt 0.760541 0.333867
vt 0.771438 0.170869
vt 0.771438 0.334065
vt 0.783421 0.171021
vt 0.783421 0.334218
vt 0.796195 0.171124
vt 0.796195 0.334321
vt 0.809444 0.171175
vt 0.809444 0.334372
vt 0.822843 0.171172
vt 0.822843 0.334369
vt 0.836062 0.171117
vt 0.836062 0.334313
vt 0.848776 0.171009
vt 0.848776 0.334206
vt 0.860671 0.170852
vt 0.860671 0.334049
vt 0.871454 0.170650
vt 0.871454 0.333847
vt 0.430791 0.876668
vt 0.430791 0.713419
vt 0.440259 0.713415
vt 0.440259 0.876665
vt 0.451094 0.713412
vt 0.451094 0.876662
vt 0.463028 0.713410
vt 0.463028 0.876660
vt 0.475769 0.713409
vt 0.475769 0.876658
vt 0.489002 0.713408
vt 0.489002 0.876658
vt 0.502402 0.713408
vt 0.502402 0.876658
vt 0.515638 0.713409
vt 0.515638 0.876658
vt 0.528385 0.713410
vt 0.528385 0.876660
vt 0.540328 0.713412
vt 0.540328 0.876662
vt 0.551175 0.713415
vt 0.551175 0.876665
vt 0.560657 0.713418
vt 0.560657 0.876668
vt 0.884962 0.166822
vt 0.884962 0.004123
vt 0.895786 0.004771
vt 0.895786 0.167470
vt 0.907713 0.005272
vt 0.907713 0.167971
vt 0.920449 0.005614
vt 0.920449 0.168313
vt 0.006219 0.621295
vt 0.004123 0.608061
vt 0.004123 0.594661
vt 0.006219 0.581427
vt 0.010360 0.568683
vt 0.016443 0.556744
vt 0.024319 0.545903
vt 0.033794 0.536428
vt 0.044635 0.528552
vt 0.056574 0.522469
vt 0.069318 0.518328
vt 0.082552 0.516232
vt 0.095952 0.516232
vt 0.109186 0.518328
vt 0.121930 0.522469
vt 0.133869 0.528552
vt 0.144710 0.536428
vt 0.154185 0.545903
vt 0.162061 0.556744
vt 0.168144 0.568683
vt 0.172285 0.581427
vt 0.174381 0.594661
vt 0.174381 0.608061
vt 0.172285 0.621295
vt 0.168144 0.634039
vt 0.162061 0.645978
vt 0.154185 0.656819
vt 0.144710 0.666294
vt 0.133869 0.674170
vt 0.121930 0.680253
vt 0.109186 0.684394
vt 0.095952 0.686490
vt 0.082552 0.686490
vt 0.069318 0.684394
vt 0.056574 0.680253
vt 0.044635 0.674170
vt 0.033794 0.666294
vt 0.024319 0.656819
vt 0.016443 0.645978
vt 0.010360 0.634039
vt 0.933679 0.005788
vt 0.933679 0.168487
vt 0.182627 0.594662
vt 0.184723 0.581427
vt 0.188864 0.568683
vt 0.194947 0.556744
vt 0.202822 0.545904
vt 0.212297 0.536429
vt 0.223137 0.528553
vt 0.235076 0.522469
vt 0.247819 0.518328
vt 0.261053 0.516232
vt 0.274452 0.516232
vt 0.287686 0.518328
vt 0.300429 0.522469
vt 0.312368 0.528552
vt 0.323208 0.536428
vt 0.332682 0.545903
vt 0.340558 0.556743
vt 0.346641 0.568682
vt 0.350781 0.581426
vt 0.352877 0.594661
vt 0.352877 0.608060
vt 0.350781 0.621295
vt 0.346641 0.634039
vt 0.340558 0.645978
vt 0.332682 0.656818
vt 0.323208 0.666293
vt 0.312368 0.674169
vt 0.300429 0.680253
vt 0.287686 0.684394
vt 0.274452 0.686490
vt 0.261053 0.686490
vt 0.247819 0.684394
vt 0.235076 0.680253
vt 0.223137 0.674170
vt 0.212297 0.666294
vt 0.202822 0.656819
vt 0.194947 0.645979
vt 0.188864 0.634040
vt 0.184723 0.621296
vt 0.182627 0.608061
vt 0.798055 0.672117
vt 0.785259 0.672171
vt 0.785259 0.514170
vt 0.798055 0.514116
vt 0.772951 0.672275
vt 0.772951 0.514274
vt 0.761436 0.672427
vt 0.761436 0.514426
vt 0.750998 0.672622
vt 0.750998 0.514622
vt 0.876715 0.162175
vt 0.867550 0.162178
vt 0.867550 0.004126
vt 0.876715 0.004123
vt 0.857061 0.162181
vt 0.857061 0.004129
vt 0.845508 0.162183
vt 0.845508 0.004131
vt 0.833174 0.162184
vt 0.833174 0.004133
vt 0.820364 0.162185
vt 0.820364 0.004133
vt 0.807392 0.162185
vt 0.807392 0.004133
vt 0.794579 0.162184
vt 0.794579 0.004133
vt 0.782239 0.162183
vt 0.782239 0.004131
vt 0.770677 0.162181
vt 0.770677 0.004129
vt 0.760177 0.162178
vt 0.760177 0.004126
vt 0.750998 0.162175
vt 0.750998 0.004123
vt 0.992334 0.335868
vt 0.981855 0.335241
vt 0.981855 0.177722
vt 0.992334 0.178349
vt 0.970309 0.334756
vt 0.970309 0.177237
vt 0.957981 0.334425
vt 0.957981 0.176906
vt 0.945173 0.334257
vt 0.945173 0.176738
vt 0.932201 0.334254
vt 0.932201 0.176736
vt 0.919385 0.334419
vt 0.919385 0.176900
vt 0.907040 0.334746
vt 0.907040 0.177227
vt 0.895471 0.335227
vt 0.895471 0.177708
vt 0.884962 0.335851
vt 0.884962 0.178332
vt 0.867744 0.839132
vt 0.857453 0.839132
vt 0.857453 0.681080
vt 0.867744 0.681080
vt 0.846054 0.839132
vt 0.846054 0.681080
vt 0.833827 0.839132
vt 0.833827 0.681080
vt 0.821073 0.839132
vt 0.821073 0.681080
vt 0.808105 0.839132
vt 0.808105 0.681080
vt 0.795245 0.839132
vt 0.795245 0.681080
vt 0.782807 0.839132
vt 0.782807 0.681080
vt 0.771098 0.839132
vt 0.771098 0.681080
vt 0.760408 0.839132
vt 0.760408 0.681080
vt 0.750998 0.839132
vt 0.750998 0.681080
vt 0.867607 0.672834
vt 0.858368 0.672603
vt 0.858368 0.514602
vt 0.867607 0.514834
vt 0.847819 0.672411
vt 0.847819 0.514410
vt 0.836218 0.672263
vt 0.836218 0.514263
vt 0.823853 0.672163
vt 0.823853 0.514163
vt 0.742745 0.266086
vt 0.740715 0.278897
vt 0.736707 0.291234
vt 0.730818 0.302792
vt 0.723194 0.313286
vt 0.714022 0.322458
vt 0.703529 0.330083
vt 0.691971 0.335972
vt 0.679635 0.339980
vt 0.666824 0.342009
vt 0.653853 0.342009
vt 0.641041 0.339980
vt 0.628705 0.335971
vt 0.617148 0.330082
vt 0.606654 0.322458
vt 0.597482 0.313285
vt 0.589858 0.302791
vt 0.583969 0.291233
vt 0.579961 0.278897
vt 0.577932 0.266085
vt 0.577932 0.253113
vt 0.579961 0.240301
vt 0.583969 0.227964
vt 0.589858 0.216407
vt 0.597482 0.205913
vt 0.606654 0.196740
vt 0.617148 0.189116
vt 0.628705 0.183227
vt 0.641041 0.179218
vt 0.653852 0.177189
vt 0.666823 0.177189
vt 0.679635 0.179219
vt 0.691971 0.183227
vt 0.703528 0.189116
vt 0.714022 0.196741
vt 0.723194 0.205913
vt 0.730818 0.216407
vt 0.736707 0.227965
vt 0.740715 0.240302
vt 0.742745 0.253114
vt 0.811027 0.672114
vt 0.811027 0.514114
vt 0.666827 0.168943
vt 0.653856 0.168943
vt 0.641044 0.166914
vt 0.628707 0.162905
vt 0.617149 0.157016
vt 0.606655 0.149392
vt 0.597483 0.140220
vt 0.589858 0.129725
vt 0.583969 0.118168
vt 0.579961 0.105831
vt 0.577932 0.093019
vt 0.577932 0.080047
vt 0.579961 0.067235
vt 0.583969 0.054899
vt 0.589858 0.043341
vt 0.597483 0.032847
vt 0.606655 0.023674
vt 0.617149 0.016050
vt 0.628707 0.010161
vt 0.641044 0.006152
vt 0.653856 0.004123
vt 0.666827 0.004123
vt 0.679639 0.006152
vt 0.691976 0.010161
vt 0.703534 0.016050
vt 0.714028 0.023674
vt 0.723200 0.032847
vt 0.730825 0.043341
vt 0.736714 0.054899
vt 0.740722 0.067235
vt 0.742752 0.080047
vt 0.742752 0.093019
vt 0.740722 0.105831
vt 0.736714 0.118168
vt 0.730825 0.129725
vt 0.723200 0.140220
vt 0.714028 0.149392
vt 0.703534 0.157016
vt 0.691976 0.162905
vt 0.679639 0.166914
s 1
usemtl M_Linen
f 1434/1/1434 9/2/9 35/3/35 36/4/36
f 1437/5/1437 20/6/20 49/7/49 50/8/50
f 1435/9/1435 1434/1/1434 36/4/36 37/10/37
f 21/11/21 1437/12/1437 50/13/50 51/14/51
f 10/15/10 1435/9/1435 37/10/37 38/16/38
f 1438/17/1438 21/11/21 51/14/51 52/18/52
f 11/19/11 10/15/10 38/16/38 39/20/39
f 22/21/22 1438/17/1438 52/18/52 53/22/53
f 12/23/12 11/19/11 39/20/39 40/24/40
f 2/25/2 1/26/1 27/27/27
f 1439/28/1439 22/21/22 53/22/53 54/29/54
f 13/30/13 12/23/12 40/24/40 41/31/41
f 3/32/3 2/25/2 27/27/27 28/33/28
f 23/34/23 1439/28/1439 54/29/54 55/35/55
f 14/36/14 13/30/13 41/31/41 42/37/42
f 4/38/4 3/32/3 28/33/28 29/39/29
f 24/40/24 23/34/23 55/35/55 56/41/56
f 15/42/15 14/36/14 42/37/42 43/43/43
f 1433/44/1433 4/38/4 29/39/29 30/45/30
f 25/46/25 24/40/24 56/41/56 57/47/57
f 16/48/16 15/42/15 43/43/43 44/49/44
f 5/50/5 1433/44/1433 30/45/30 31/51/31
f 26/52/26 25/46/25 57/47/57
f 17/53/17 16/48/16 44/49/44 45/54/45
f 6/55/6 5/50/5 31/51/31 32/56/32
f 18/57/18 17/53/17 45/54/45 46/58/46
f 7/59/7 6/55/6 32/56/32 33/60/33
f 1436/61/1436 18/57/18 46/58/46 47/62/47
f 8/63/8 7/64/7 33/65/33 34/66/34
f 19/67/19 1436/61/1436 47/62/47 48/68/48
f 9/2/9 8/63/8 34/66/34 35/3/35
f 20/6/20 19/67/19 48/68/48 49/7/49
f 31/51/31 30/45/30 61/69/61 62/70/62
f 26/52/26 57/47/57 88/71/88
f 45/54/45 44/49/44 75/72/75 76/73/76
f 32/56/32 31/51/31 62/70/62 63/74/63
f 46/58/46 45/54/45 76/73/76 77/75/77
f 33/60/33 32/56/32 63/74/63 64/76/64
f 47/62/47 46/58/46 77/75/77 78/77/78
f 34/66/34 33/65/33 64/78/64 65/79/65
f 48/68/48 47/62/47 78/77/78 79/80/79
f 35/3/35 34/66/34 65/79/65 66/81/66
f 49/7/49 48/68/48 79/80/79 80/82/80
f 36/4/36 35/3/35 66/81/66 67/83/67
f 50/8/50 49/7/49 80/82/80 81/84/81
f 37/10/37 36/4/36 67/83/67 68/85/68
f 51/14/51 50/13/50 81/86/81 82/87/82
f 38/16/38 37/10/37 68/85/68 69/88/69
f 52/18/52 51/14/51 82/87/82 83/89/83
f 39/20/39 38/16/38 69/88/69 70/90/70
f 53/22/53 52/18/52 83/89/83 84/91/84
f 40/24/40 39/20/39 70/90/70 71/92/71
f 27/27/27 1/26/1 58/93/58
f 54/29/54 53/22/53 84/91/84 85/94/85
f 41/31/41 40/24/40 71/92/71 72/95/72
f 28/33/28 27/27/27 58/93/58 59/96/59
f 55/35/55 54/29/54 85/94/85 86/97/86
f 42/37/42 41/31/41 72/95/72 73/98/73
f 29/39/29 28/33/28 59/96/59 60/99/60
f 56/41/56 55/35/55 86/97/86 87/100/87
f 43/43/43 42/37/42 73/98/73 74/101/74
f 30/45/30 29/39/29 60/99/60 61/69/61
f 57/47/57 56/41/56 87/100/87 88/71/88
f 44/49/44 43/43/43 74/101/74 75/72/75
f 64/76/64 63/74/63 94/102/94 95/103/95
f 78/77/78 77/75/77 108/104/108 109/105/109
f 65/79/65 64/78/64 95/106/95 96/107/96
f 79/80/79 78/77/78 109/105/109 110/108/110
f 66/81/66 65/79/65 96/107/96 97/109/97
f 80/82/80 79/80/79 110/108/110 111/110/111
f 67/83/67 66/81/66 97/109/97 98/111/98
f 81/84/81 80/82/80 111/110/111 112/112/112
f 68/85/68 67/83/67 98/111/98 99/113/99
f 82/87/82 81/86/81 112/114/112 113/115/113
f 69/88/69 68/85/68 99/113/99 100/116/100
f 83/89/83 82/87/82 113/115/113 114/117/114
f 70/90/70 69/88/69 100/116/100 101/118/101
f 84/91/84 83/89/83 114/117/114 115/119/115
f 71/92/71 70/90/70 101/118/101 102/120/102
f 58/93/58 1/26/1 89/121/89
f 85/94/85 84/91/84 115/119/115 116/122/116
f 72/95/72 71/92/71 102/120/102 103/123/103
f 59/96/59 58/93/58 89/121/89 90/124/90
f 86/97/86 85/94/85 116/122/116 117/125/117
f 73/98/73 72/95/72 103/123/103 104/126/104
f 60/99/60 59/96/59 90/124/90 91/127/91
f 87/100/87 86/97/86 117/125/117 118/128/118
f 74/101/74 73/98/73 104/126/104 105/129/105
f 61/69/61 60/99/60 91/127/91 92/130/92
f 88/71/88 87/100/87 118/128/118 119/131/119
f 75/72/75 74/101/74 105/129/105 106/132/106
f 62/70/62 61/69/61 92/130/92 93/133/93
f 26/52/26 88/71/88 119/131/119
f 76/73/76 75/72/75 106/132/106 107/134/107
f 63/74/63 62/70/62 93/133/93 94/102/94
f 77/75/77 76/73/76 107/134/107 108/104/108
f 97/109/97 96/107/96 127/135/127 128/136/128
f 111/110/111 110/108/110 141/137/141 142/138/142
f 98/111/98 97/109/97 128/136/128 129/139/129
f 112/114/112 111/140/111 142/141/142 143/142/143
f 99/113/99 98/111/98 129/139/129 130/143/130
f 113/115/113 112/114/112 143/142/143 144/144/144
f 100/116/100 99/113/99 130/143/130 131/145/131
f 114/117/114 113/115/113 144/144/144 145/146/145
f 101/118/101 100/116/100 131/145/131 132/147/132
f 115/119/115 114/117/114 145/146/145 146/148/146
f 102/120/102 101/118/101 132/147/132 133/149/133
f 89/121/89 1/26/1 120/150/120
f 116/122/116 115/119/115 146/148/146 147/151/147
f 103/123/103 102/120/102 133/149/133 134/152/134
f 90/124/90 89/121/89 120/150/120 121/153/121
f 117/125/117 116/122/116 147/151/147 148/154/148
f 104/126/104 103/123/103 134/152/134 135/155/135
f 91/127/91 90/124/90 121/153/121 122/156/122
f 118/128/118 117/125/117 148/154/148 149/157/149
f 105/129/105 104/126/104 135/155/135 136/158/136
f 92/130/92 91/127/91 122/156/122 123/159/123
f 119/131/119 118/128/118 149/157/149 150/160/150
f 106/132/106 105/129/105 136/158/136 137/161/137
f 93/133/93 92/130/92 123/159/123 124/162/124
f 26/52/26 119/131/119 150/160/150
f 107/134/107 106/132/106 137/161/137 138/163/138
f 94/102/94 93/133/93 124/162/124 125/164/125
f 108/104/108 107/134/107 138/163/138 139/165/139
f 95/103/95 94/102/94 125/164/125 126/166/126
f 109/105/109 108/104/108 139/165/139 140/167/140
f 96/168/96 95/103/95 126/166/126 127/169/127
f 110/108/110 109/105/109 140/167/140 141/137/141
f 130/170/130 129/171/129 160/172/160 161/173/161
f 144/144/144 143/142/143 174/174/174 175/175/175
f 131/176/131 130/170/130 161/173/161 162/177/162
f 145/146/145 144/144/144 175/175/175 176/178/176
f 132/179/132 131/176/131 162/177/162 163/180/163
f 146/148/146 145/146/145 176/178/176 177/181/177
f 133/182/133 132/179/132 163/180/163 164/183/164
f 120/150/120 1/26/1 151/184/151
f 147/151/147 146/148/146 177/181/177 178/185/178
f 134/186/134 133/182/133 164/183/164 165/187/165
f 121/153/121 120/150/120 151/184/151 152/188/152
f 148/154/148 147/151/147 178/185/178 179/189/179
f 135/190/135 134/186/134 165/187/165 166/191/166
f 122/156/122 121/153/121 152/188/152 153/192/153
f 149/157/149 148/154/148 179/189/179 180/193/180
f 136/194/136 135/190/135 166/191/166 167/195/167
f 123/159/123 122/156/122 153/192/153 154/196/154
f 150/160/150 149/157/149 180/193/180 181/197/181
f 137/198/137 136/194/136 167/195/167 168/199/168
f 124/162/124 123/159/123 154/196/154 155/200/155
f 26/52/26 150/160/150 181/197/181
f 138/201/138 137/198/137 168/199/168 169/202/169
f 125/164/125 124/162/124 155/200/155 156/203/156
f 139/204/139 138/201/138 169/202/169 170/205/170
f 126/166/126 125/164/125 156/203/156 157/206/157
f 140/207/140 139/204/139 170/205/170 171/208/171
f 127/169/127 126/166/126 157/206/157 158/209/158
f 141/210/141 140/207/140 171/208/171 172/211/172
f 128/136/128 127/135/127 158/212/158 159/213/159
f 142/214/142 141/210/141 172/211/172 173/215/173
f 129/139/129 128/136/128 159/213/159 160/216/160
f 143/217/143 142/214/142 173/215/173 174/218/174
f 163/180/163 162/177/162 193/219/193 194/220/194
f 177/181/177 176/178/176 207/221/207 208/222/208
f 164/183/164 163/180/163 194/220/194 195/223/195
f 151/184/151 1/26/1 182/224/182
f 178/185/178 177/181/177 208/222/208 209/225/209
f 165/187/165 164/183/164 195/223/195 196/226/196
f 152/188/152 151/184/151 182/224/182 183/227/183
f 179/189/179 178/185/178 209/225/209 210/228/210
f 166/191/166 165/187/165 196/226/196 197/229/197
f 153/192/153 152/188/152 183/227/183 184/230/184
f 180/193/180 179/189/179 210/228/210 211/231/211
f 167/195/167 166/191/166 197/229/197 198/232/198
f 154/196/154 153/192/153 184/230/184 185/233/185
f 181/197/181 180/193/180 211/231/211 212/234/212
f 168/199/168 167/195/167 198/232/198 199/235/199
f 155/200/155 154/196/154 185/233/185 186/236/186
f 26/52/26 181/197/181 212/234/212
f 169/202/169 168/199/168 199/235/199 200/237/200
f 156/203/156 155/200/155 186/236/186 187/238/187
f 170/205/170 169/202/169 200/237/200 201/239/201
f 157/206/157 156/203/156 187/238/187 188/240/188
f 171/208/171 170/205/170 201/239/201 202/241/202
f 158/209/158 157/206/157 188/240/188 189/242/189
f 172/211/172 171/208/171 202/241/202 203/243/203
f 159/244/159 158/245/158 189/246/189 190/247/190
f 173/215/173 172/211/172 203/243/203 204/248/204
f 160/172/160 159/244/159 190/247/190 191/249/191
f 174/218/174 173/215/173 204/248/204 205/250/205
f 161/173/161 160/172/160 191/249/191 192/251/192
f 175/175/175 174/174/174 205/252/205 206/253/206
f 162/177/162 161/173/161 192/251/192 193/219/193
f 176/178/176 175/175/175 206/253/206 207/221/207
f 196/226/196 195/223/195 226/254/226 227/255/227
f 183/227/183 182/224/182 213/256/213 214/257/214
f 210/228/210 209/225/209 240/258/240 241/259/241
f 197/229/197 196/226/196 227/255/227 228/260/228
f 184/230/184 183/227/183 214/257/214 215/261/215
f 211/231/211 210/228/210 241/259/241 242/262/242
f 198/232/198 197/229/197 228/260/228 229/263/229
f 185/233/185 184/230/184 215/261/215 216/264/216
f 212/234/212 211/231/211 242/262/242 243/265/243
f 199/235/199 198/232/198 229/263/229 230/266/230
f 186/236/186 185/233/185 216/264/216 217/267/217
f 26/52/26 212/234/212 243/265/243
f 200/237/200 199/235/199 230/266/230 231/268/231
f 187/238/187 186/236/186 217/267/217 218/269/218
f 201/239/201 200/237/200 231/268/231 232/270/232
f 188/240/188 187/238/187 218/269/218 219/271/219
f 202/241/202 201/239/201 232/270/232 233/272/233
f 189/246/189 188/273/188 219/274/219 220/275/220
f 203/243/203 202/241/202 233/272/233 234/276/234
f 190/247/190 189/246/189 220/275/220 221/277/221
f 204/248/204 203/243/203 234/276/234 235/278/235
f 191/249/191 190/247/190 221/277/221 222/279/222
f 205/250/205 204/248/204 235/278/235 236/280/236
f 192/251/192 191/249/191 222/279/222 223/281/223
f 206/282/206 205/250/205 236/280/236 237/283/237
f 193/219/193 192/251/192 223/281/223 224/284/224
f 207/221/207 206/253/206 237/285/237 238/286/238
f 194/220/194 193/219/193 224/284/224 225/287/225
f 208/222/208 207/221/207 238/286/238 239/288/239
f 195/223/195 194/220/194 225/287/225 226/254/226
f 182/224/182 1/26/1 213/256/213
f 209/225/209 208/222/208 239/288/239 240/258/240
f 229/263/229 228/260/228 259/289/259 260/290/260
f 216/264/216 215/261/215 246/291/246 247/292/247
f 243/265/243 242/262/242 273/293/273 274/294/274
f 230/266/230 229/263/229 260/290/260 261/295/261
f 217/267/217 216/264/216 247/292/247 248/296/248
f 26/52/26 243/265/243 274/294/274
f 231/268/231 230/266/230 261/295/261 262/297/262
f 218/269/218 217/267/217 248/296/248 249/298/249
f 232/270/232 231/268/231 262/297/262 263/299/263
f 219/271/219 218/269/218 249/298/249 250/300/250
f 233/272/233 232/270/232 263/299/263 264/301/264
f 220/275/220 219/274/219 250/302/250 251/303/251
f 234/276/234 233/272/233 264/301/264 265/304/265
f 221/277/221 220/275/220 251/303/251 252/305/252
f 235/278/235 234/276/234 265/304/265 266/306/266
f 222/279/222 221/277/221 252/305/252 253/307/253
f 236/280/236 235/278/235 266/306/266 267/308/267
f 223/281/223 222/279/222 253/307/253 254/309/254
f 237/283/237 236/280/236 267/308/267 268/310/268
f 224/284/224 223/281/223 254/309/254 255/311/255
f 238/286/238 237/285/237 268/312/268 269/313/269
f 225/287/225 224/284/224 255/311/255 256/314/256
f 239/288/239 238/286/238 269/313/269 270/315/270
f 226/254/226 225/287/225 256/314/256 257/316/257
f 213/256/213 1/26/1 244/317/244
f 240/258/240 239/288/239 270/315/270 271/318/271
f 227/255/227 226/254/226 257/316/257 258/319/258
f 214/257/214 213/256/213 244/317/244 245/320/245
f 241/259/241 240/258/240 271/318/271 272/321/272
f 228/260/228 227/255/227 258/319/258 259/289/259
f 215/261/215 214/257/214 245/320/245 246/291/246
f 242/262/242 241/259/241 272/321/272 273/293/273
f 262/297/262 261/295/261 292/322/292 293/323/293
f 249/298/249 248/296/248 279/324/279 280/325/280
f 263/299/263 262/297/262 293/323/293 294/326/294
f 250/300/250 249/298/249 280/325/280 281/327/281
f 264/301/264 263/299/263 294/326/294 295/328/295
f 251/303/251 250/302/250 281/329/281 282/330/282
f 265/304/265 264/301/264 295/328/295 296/331/296
f 252/305/252 251/303/251 282/330/282 283/332/283
f 266/306/266 265/304/265 296/331/296 297/333/297
f 253/307/253 252/305/252 283/332/283 284/334/284
f 267/308/267 266/306/266 297/333/297 298/335/298
f 254/309/254 253/307/253 284/334/284 285/336/285
f 268/310/268 267/308/267 298/335/298 299/337/299
f 255/311/255 254/309/254 285/336/285 286/338/286
f 269/313/269 268/312/268 299/339/299 300/340/300
f 256/314/256 255/311/255 286/338/286 287/341/287
f 270/315/270 269/313/269 300/340/300 301/342/301
f 257/316/257 256/314/256 287/341/287 288/343/288
f 244/317/244 1/26/1 275/344/275
f 271/318/271 270/315/270 301/342/301 302/345/302
f 258/319/258 257/316/257 288/343/288 289/346/289
f 245/320/245 244/317/244 275/344/275 276/347/276
f 272/321/272 271/318/271 302/345/302 303/348/303
f 259/289/259 258/319/258 289/346/289 290/349/290
f 246/291/246 245/320/245 276/347/276 277/350/277
f 273/293/273 272/321/272 303/348/303 304/351/304
f 260/290/260 259/289/259 290/349/290 291/352/291
f 247/292/247 246/291/246 277/350/277 278/353/278
f 274/294/274 273/293/273 304/351/304 305/354/305
f 261/295/261 260/290/260 291/352/291 292/322/292
f 248/296/248 247/292/247 278/353/278 279/324/279
f 26/52/26 274/294/274 305/354/305
f 295/328/295 294/326/294 325/355/325 326/356/326
f 282/330/282 281/329/281 312/357/312 313/358/313
f 296/331/296 295/328/295 326/356/326 327/359/327
f 283/332/283 282/330/282 313/358/313 314/360/314
f 297/333/297 296/331/296 327/359/327 328/361/328
f 284/334/284 283/332/283 314/360/314 315/362/315
f 298/335/298 297/333/297 328/361/328 329/363/329
f 285/336/285 284/334/284 315/362/315 316/364/316
f 299/337/299 298/335/298 329/363/329 330/365/330
f 286/338/286 285/336/285 316/364/316 317/366/317
f 300/340/300 299/339/299 330/367/330 331/368/331
f 287/341/287 286/338/286 317/366/317 318/369/318
f 301/342/301 300/340/300 331/368/331 332/370/332
f 288/343/288 287/341/287 318/369/318 319/371/319
f 275/344/275 1/26/1 306/372/306
f 302/345/302 301/342/301 332/370/332 333/373/333
f 289/346/289 288/343/288 319/371/319 320/374/320
f 276/347/276 275/344/275 306/372/306 307/375/307
f 303/348/303 302/345/302 333/373/333 334/376/334
f 290/349/290 289/346/289 320/374/320 321/377/321
f 277/350/277 276/347/276 307/375/307 308/378/308
f 304/351/304 303/348/303 334/376/334 335/379/335
f 291/352/291 290/349/290 321/377/321 322/380/322
f 278/353/278 277/350/277 308/378/308 309/381/309
f 305/354/305 304/351/304 335/379/335 336/382/336
f 292/322/292 291/352/291 322/380/322 323/383/323
f 279/324/279 278/353/278 309/381/309 310/384/310
f 26/52/26 305/354/305 336/382/336
f 293/323/293 292/322/292 323/383/323 324/385/324
f 280/325/280 279/324/279 310/384/310 311/386/311
f 294/326/294 293/323/293 324/385/324 325/355/325
f 281/327/281 280/325/280 311/386/311 312/387/312
f 328/361/328 327/359/327 358/388/358 359/389/359
f 315/362/315 314/360/314 345/390/345 346/391/346
f 329/363/329 328/361/328 359/389/359 360/392/360
f 316/364/316 315/362/315 346/391/346 347/393/347
f 330/365/330 329/363/329 360/392/360 361/394/361
f 317/366/317 316/364/316 347/393/347 348/395/348
f 331/396/331 330/365/330 361/394/361 362/397/362
f 318/369/318 317/366/317 348/395/348 349/398/349
f 332/370/332 331/368/331 362/399/362 363/400/363
f 319/371/319 318/369/318 349/398/349 350/401/350
f 306/372/306 1/26/1 337/402/337
f 333/373/333 332/370/332 363/400/363 364/403/364
f 320/374/320 319/371/319 350/401/350 351/404/351
f 307/375/307 306/372/306 337/402/337 338/405/338
f 334/376/334 333/373/333 364/403/364 365/406/365
f 321/377/321 320/374/320 351/404/351 352/407/352
f 308/378/308 307/375/307 338/405/338 339/408/339
f 335/379/335 334/376/334 365/406/365 366/409/366
f 322/380/322 321/377/321 352/407/352 353/410/353
f 309/381/309 308/378/308 339/408/339 340/411/340
f 336/382/336 335/379/335 366/409/366 367/412/367
f 323/383/323 322/380/322 353/410/353 354/413/354
f 310/384/310 309/381/309 340/411/340 341/414/341
f 26/52/26 336/382/336 367/412/367
f 324/385/324 323/383/323 354/413/354 355/415/355
f 311/386/311 310/384/310 341/414/341 342/416/342
f 325/355/325 324/385/324 355/415/355 356/417/356
f 312/357/312 311/418/311 342/419/342 343/420/343
f 326/356/326 325/355/325 356/417/356 357/421/357
f 313/358/313 312/357/312 343/420/343 344/422/344
f 327/359/327 326/356/326 357/421/357 358/388/358
f 314/360/314 313/358/313 344/422/344 345/390/345
f 361/394/361 360/392/360 391/423/391 392/424/392
f 348/395/348 347/393/347 378/425/378 379/426/379
f 362/397/362 361/394/361 392/424/392 393/427/393
f 349/398/349 348/395/348 379/426/379 380/428/380
f 363/400/363 362/399/362 393/429/393 394/430/394
f 350/401/350 349/398/349 380/428/380 381/431/381
f 337/402/337 1/26/1 368/432/368
f 364/403/364 363/400/363 394/430/394 395/433/395
f 351/404/351 350/401/350 381/431/381 382/434/382
f 338/405/338 337/402/337 368/432/368 369/435/369
f 365/406/365 364/403/364 395/433/395 396/436/396
f 352/407/352 351/404/351 382/434/382 383/437/383
f 339/408/339 338/405/338 369/435/369 370/438/370
f 366/409/366 365/406/365 396/436/396 397/439/397
f 353/410/353 352/407/352 383/437/383 384/440/384
f 340/411/340 339/408/339 370/438/370 371/441/371
f 367/412/367 366/409/366 397/439/397 398/442/398
f 354/413/354 353/410/353 384/440/384 385/443/385
f 341/414/341 340/411/340 371/441/371 372/444/372
f 26/52/26 367/412/367 398/442/398
f 355/415/355 354/413/354 385/443/385 386/445/386
f 342/416/342 341/414/341 372/444/372 373/446/373
f 356/417/356 355/415/355 386/445/386 387/447/387
f 343/420/343 342/419/342 373/448/373 374/449/374
f 357/421/357 356/417/356 387/447/387 388/450/388
f 344/422/344 343/420/343 374/449/374 375/451/375
f 358/388/358 357/421/357 388/450/388 389/452/389
f 345/390/345 344/422/344 375/451/375 376/453/376
f 359/389/359 358/388/358 389/452/389 390/454/390
f 346/391/346 345/390/345 376/453/376 377/455/377
f 360/392/360 359/389/359 390/454/390 391/423/391
f 347/393/347 346/391/346 377/455/377 378/425/378
f 394/430/394 393/429/393 424/456/424 425/457/425
f 381/431/381 380/428/380 411/458/411 412/459/412
f 368/432/368 1/26/1 399/460/399
f 395/433/395 394/430/394 425/457/425 426/461/426
f 382/434/382 381/431/381 412/459/412 413/462/413
f 369/435/369 368/432/368 399/460/399 400/463/400
f 396/436/396 395/433/395 426/461/426 427/464/427
f 383/437/383 382/434/382 413/462/413 414/465/414
f 370/438/370 369/435/369 400/463/400 401/466/401
f 397/439/397 396/436/396 427/464/427 428/467/428
f 384/440/384 383/437/383 414/465/414 415/468/415
f 371/441/371 370/438/370 401/466/401 402/469/402
f 398/442/398 397/439/397 428/467/428 429/470/429
f 385/443/385 384/440/384 415/468/415 416/471/416
f 372/444/372 371/441/371 402/469/402 403/472/403
f 26/52/26 398/442/398 429/470/429
f 386/445/386 385/443/385 416/471/416 417/473/417
f 373/446/373 372/444/372 403/472/403 404/474/404
f 387/447/387 386/445/386 417/473/417 418/475/418
f 374/476/374 373/446/373 404/474/404 405/477/405
f 388/450/388 387/447/387 418/475/418 419/478/419
f 375/451/375 374/449/374 405/479/405 406/480/406
f 389/452/389 388/450/388 419/478/419 420/481/420
f 376/453/376 375/451/375 406/480/406 407/482/407
f 390/454/390 389/452/389 420/481/420 421/483/421
f 377/455/377 376/453/376 407/482/407 408/484/408
f 391/423/391 390/454/390 421/483/421 422/485/422
f 378/425/378 377/455/377 408/484/408 409/486/409
f 392/424/392 391/423/391 422/485/422 423/487/423
f 379/426/379 378/425/378 409/486/409 410/488/410
f 393/429/393 392/489/392 423/490/423 424/456/424
f 380/428/380 379/426/379 410/488/410 411/458/411
f 400/463/400 399/460/399 430/491/430 431/492/431
f 427/464/427 426/461/426 457/493/457 458/494/458
f 414/465/414 413/462/413 444/495/444 445/496/445
f 401/466/401 400/463/400 431/492/431 432/497/432
f 428/467/428 427/464/427 458/494/458 459/498/459
f 415/468/415 414/465/414 445/496/445 446/499/446
f 402/469/402 401/466/401 432/497/432 433/500/433
f 429/470/429 428/467/428 459/498/459 460/501/460
f 416/471/416 415/468/415 446/499/446 447/502/447
f 403/472/403 402/469/402 433/500/433 434/503/434
f 26/52/26 429/470/429 460/501/460
f 417/473/417 416/471/416 447/502/447 448/504/448
f 404/474/404 403/472/403 434/503/434 435/505/435
f 418/475/418 417/473/417 448/504/448 449/506/449
f 405/477/405 404/474/404 435/505/435 436/507/436
f 419/478/419 418/475/418 449/506/449 450/508/450
f 406/480/406 405/479/405 436/509/436 437/510/437
f 420/481/420 419/478/419 450/508/450 451/511/451
f 407/482/407 406/480/406 437/510/437 438/512/438
f 421/483/421 420/481/420 451/511/451 452/513/452
f 408/484/408 407/482/407 438/512/438 439/514/439
f 422/485/422 421/483/421 452/513/452 453/515/453
f 409/486/409 408/484/408 439/514/439 440/516/440
f 423/487/423 422/485/422 453/515/453 454/517/454
f 410/488/410 409/486/409 440/516/440 441/518/441
f 424/456/424 423/490/423 454/519/454 455/520/455
f 411/458/411 410/488/410 441/518/441 442/521/442
f 425/457/425 424/456/424 455/520/455 456/522/456
f 412/459/412 411/458/411 442/521/442 443/523/443
f 399/460/399 1/26/1 430/491/430
f 426/461/426 425/457/425 456/522/456 457/493/457
f 413/462/413 412/459/412 443/523/443 444/495/444
f 433/500/433 432/497/432 463/524/463 464/525/464
f 460/501/460 459/498/459 490/526/490 491/527/491
f 447/502/447 446/499/446 477/528/477 478/529/478
f 434/503/434 433/500/433 464/525/464 465/530/465
f 26/52/26 460/501/460 491/527/491
f 448/504/448 447/502/447 478/529/478 479/531/479
f 435/505/435 434/503/434 465/530/465 466/532/466
f 449/506/449 448/504/448 479/531/479 480/533/480
f 436/507/436 435/505/435 466/532/466 467/534/467
f 450/508/450 449/506/449 480/533/480 481/535/481
f 437/510/437 436/509/436 467/536/467 468/537/468
f 451/511/451 450/508/450 481/535/481 482/538/482
f 438/512/438 437/510/437 468/537/468 469/539/469
f 452/513/452 451/511/451 482/538/482 483/540/483
f 439/514/439 438/512/438 469/539/469 470/541/470
f 453/515/453 452/513/452 483/540/483 484/542/484
f 440/516/440 439/514/439 470/541/470 471/543/471
f 454/517/454 453/515/453 484/542/484 485/544/485
f 441/518/441 440/516/440 471/543/471 472/545/472
f 455/520/455 454/519/454 485/546/485 486/547/486
f 442/521/442 441/518/441 472/545/472 473/548/473
f 456/522/456 455/520/455 486/547/486 487/549/487
f 443/523/443 442/521/442 473/548/473 474/550/474
f 430/491/430 1/26/1 461/551/461
f 457/493/457 456/522/456 487/549/487 488/552/488
f 444/495/444 443/523/443 474/550/474 475/553/475
f 431/492/431 430/491/430 461/551/461 462/554/462
f 458/494/458 457/493/457 488/552/488 489/555/489
f 445/496/445 444/495/444 475/553/475 476/556/476
f 432/497/432 431/492/431 462/554/462 463/524/463
f 459/498/459 458/494/458 489/555/489 490/526/490
f 446/499/446 445/496/445 476/556/476 477/528/477
f 466/532/466 465/530/465 496/557/496 497/558/497
f 480/533/480 479/531/479 510/559/510 511/560/511
f 467/534/467 466/532/466 497/558/497 498/561/498
f 481/535/481 480/533/480 511/560/511 512/562/512
f 468/563/468 467/534/467 498/561/498 499/564/499
f 482/538/482 481/535/481 512/562/512 513/565/513
f 469/539/469 468/537/468 499/566/499 500/567/500
f 483/540/483 482/538/482 513/565/513 514/568/514
f 470/541/470 469/539/469 500/567/500 501/569/501
f 484/542/484 483/540/483 514/568/514 515/570/515
f 471/543/471 470/541/470 501/569/501 502/571/502
f 485/546/485 484/572/484 515/573/515 516/574/516
f 472/545/472 471/543/471 502/571/502 503/575/503
f 486/547/486 485/546/485 516/574/516 517/576/517
f 473/548/473 472/545/472 503/575/503 504/577/504
f 487/549/487 486/547/486 517/576/517 518/578/518
f 474/550/474 473/548/473 504/577/504 505/579/505
f 461/551/461 1/26/1 492/580/492
f 488/552/488 487/549/487 518/578/518 519/581/519
f 475/553/475 474/550/474 505/579/505 506/582/506
f 462/554/462 461/551/461 492/580/492 493/583/493
f 489/555/489 488/552/488 519/581/519 520/584/520
f 476/556/476 475/553/475 506/582/506 507/585/507
f 463/524/463 462/554/462 493/583/493 494/586/494
f 490/526/490 489/555/489 520/584/520 521/587/521
f 477/528/477 476/556/476 507/585/507 508/588/508
f 464/525/464 463/524/463 494/586/494 495/589/495
f 491/527/491 490/526/490 521/587/521 522/590/522
f 478/529/478 477/528/477 508/588/508 509/591/509
f 465/530/465 464/525/464 495/589/495 496/557/496
f 26/52/26 491/527/491 522/590/522
f 479/531/479 478/529/478 509/591/509 510/559/510
f 499/564/499 498/561/498 529/592/529 530/593/530
f 513/565/513 512/562/512 543/594/543 544/595/544
f 500/567/500 499/566/499 530/596/530 531/597/531
f 514/568/514 513/565/513 544/595/544 545/598/545
f 501/569/501 500/567/500 531/597/531 532/599/532
f 515/570/515 514/568/514 545/598/545 546/600/546
f 502/571/502 501/569/501 532/599/532 533/601/533
f 516/574/516 515/573/515 546/602/546 547/603/547
f 503/575/503 502/571/502 533/601/533 534/604/534
f 517/576/517 516/574/516 547/603/547 548/605/548
f 504/577/504 503/575/503 534/604/534 535/606/535
f 518/578/518 517/576/517 548/605/548 549/607/549
f 505/579/505 504/577/504 535/606/535 536/608/536
f 492/580/492 1/26/1 523/609/523
f 519/581/519 518/578/518 549/607/549 550/610/550
f 506/582/506 505/579/505 536/608/536 537/611/537
f 493/583/493 492/580/492 523/609/523 524/612/524
f 520/584/520 519/581/519 550/610/550 551/613/551
f 507/585/507 506/582/506 537/611/537 538/614/538
f 494/586/494 493/583/493 524/612/524 525/615/525
f 521/587/521 520/584/520 551/613/551 552/616/552
f 508/588/508 507/585/507 538/614/538 539/617/539
f 495/589/495 494/586/494 525/615/525 526/618/526
f 522/590/522 521/587/521 552/616/552 553/619/553
f 509/591/509 508/588/508 539/617/539 540/620/540
f 496/557/496 495/589/495 526/618/526 527/621/527
f 26/52/26 522/590/522 553/619/553
f 510/559/510 509/591/509 540/620/540 541/622/541
f 497/558/497 496/557/496 527/621/527 528/623/528
f 511/560/511 510/559/510 541/622/541 542/624/542
f 498/561/498 497/558/497 528/623/528 529/592/529
f 512/562/512 511/560/511 542/624/542 543/594/543
f 532/625/532 531/626/531 562/627/562 563/628/563
f 533/629/533 532/625/532 563/628/563 564/630/564
f 547/603/547 546/602/546 575/631/575 576/632/576
f 534/633/534 533/629/533 564/630/564 565/634/565
f 548/605/548 547/603/547 576/632/576 577/635/577
f 535/636/535 534/633/534 565/634/565 566/637/566
f 549/607/549 548/605/548 577/635/577 578/638/578
f 536/608/536 535/606/535 566/639/566 567/640/567
f 523/609/523 1/26/1 554/641/554
f 550/610/550 549/607/549 578/638/578 579/642/579
f 537/611/537 536/608/536 567/640/567 568/643/568
f 524/612/524 523/609/523 554/641/554 555/644/555
f 551/613/551 550/610/550 579/642/579 580/645/580
f 538/614/538 537/611/537 568/643/568 569/646/569
f 525/615/525 524/612/524 555/644/555 556/647/556
f 552/616/552 551/613/551 580/645/580 581/648/581
f 539/617/539 538/614/538 569/646/569 570/649/570
f 526/618/526 525/615/525 556/647/556 557/650/557
f 553/619/553 552/616/552 581/648/581 582/651/582
f 540/620/540 539/617/539 570/649/570 571/652/571
f 527/621/527 526/618/526 557/650/557 558/653/558
f 26/52/26 553/619/553 582/651/582
f 541/622/541 540/620/540 571/652/571 572/654/572
f 528/623/528 527/621/527 558/653/558 559/655/559
f 542/624/542 541/622/541 572/654/572 573/656/573
f 529/592/529 528/623/528 559/655/559 560/657/560
f 543/594/543 542/624/542 573/656/573 574/658/574
f 530/593/530 529/592/529 560/657/560 561/659/561
f 531/660/531 530/593/530 561/659/561 562/661/562
f 565/634/565 564/630/564 593/662/593 594/663/594
f 577/635/577 576/632/576 604/664/604 605/665/605
f 566/637/566 565/634/565 594/663/594 595/666/595
f 578/638/578 577/635/577 605/665/605 606/667/606
f 567/668/567 566/637/566 595/666/595 596/669/596
f 554/641/554 1/26/1 583/670/583
f 579/642/579 578/638/578 606/667/606 607/671/607
f 568/672/568 567/668/567 596/669/596 597/673/597
f 555/644/555 554/641/554 583/670/583 584/674/584
f 580/645/580 579/642/579 607/671/607 608/675/608
f 569/676/569 568/672/568 597/673/597 598/677/598
f 556/647/556 555/644/555 584/674/584 585/678/585
f 581/648/581 580/645/580 608/675/608 609/679/609
f 570/680/570 569/676/569 598/677/598 599/681/599
f 557/650/557 556/647/556 585/678/585 586/682/586
f 582/651/582 581/648/581 609/679/609 610/683/610
f 571/684/571 570/680/570 599/681/599 600/685/600
f 558/653/558 557/650/557 586/682/586 587/686/587
f 26/52/26 582/651/582 610/683/610
f 572/687/572 571/684/571 600/685/600 601/688/601
f 559/655/559 558/653/558 587/686/587 588/689/588
f 573/690/573 572/687/572 601/688/601 602/691/602
f 560/657/560 559/655/559 588/689/588 589/692/589
f 574/693/574 573/690/573 602/691/602 603/694/603
f 561/659/561 560/657/560 589/692/589 590/695/590
f 562/627/562 561/696/561 590/697/590 591/698/591
f 563/628/563 562/627/562 591/698/591 592/699/592
f 564/630/564 563/628/563 592/699/592 593/662/593
f 596/669/596 595/666/595 623/700/623 624/701/624
f 583/670/583 1/26/1 611/702/611
f 607/671/607 606/667/606 633/703/633 634/704/634
f 597/673/597 596/669/596 624/701/624 625/705/625
f 584/674/584 583/670/583 611/702/611 612/706/612
f 608/675/608 607/671/607 634/704/634 635/707/635
f 598/677/598 597/673/597 625/705/625 626/708/626
f 585/678/585 584/674/584 612/706/612 613/709/613
f 609/679/609 608/675/608 635/707/635 636/710/636
f 599/681/599 598/677/598 626/708/626 627/711/627
f 586/682/586 585/678/585 613/709/613 614/712/614
f 610/683/610 609/679/609 636/710/636 637/713/637
f 600/685/600 599/681/599 627/711/627 628/714/628
f 587/686/587 586/682/586 614/712/614 615/715/615
f 26/52/26 610/683/610 637/713/637
f 601/688/601 600/685/600 628/714/628 629/716/629
f 588/689/588 587/686/587 615/715/615 616/717/616
f 602/691/602 601/688/601 629/716/629 630/718/630
f 589/692/589 588/689/588 616/717/616 617/719/617
f 603/694/603 602/691/602 630/718/630 631/720/631
f 590/695/590 589/692/589 617/719/617 618/721/618
f 591/698/591 590/697/590 618/722/618 619/723/619
f 592/699/592 591/698/591 619/723/619 620/724/620
f 593/662/593 592/699/592 620/724/620 621/725/621
f 594/663/594 593/662/593 621/725/621 622/726/622
f 595/666/595 594/663/594 622/726/622 623/700/623
f 606/667/606 605/665/605 632/727/632 633/703/633
f 626/708/626 625/705/625 652/728/652 653/729/653
f 613/709/613 612/706/612 639/730/639 640/731/640
f 636/710/636 635/707/635 662/732/662 663/733/663
f 627/711/627 626/708/626 653/729/653 654/734/654
f 614/712/614 613/709/613 640/731/640 641/735/641
f 637/713/637 636/710/636 663/733/663 664/736/664
f 628/714/628 627/711/627 654/734/654 655/737/655
f 615/715/615 614/712/614 641/735/641 642/738/642
f 26/52/26 637/713/637 664/736/664
f 629/716/629 628/714/628 655/737/655 656/739/656
f 616/717/616 615/715/615 642/738/642 643/740/643
f 630/718/630 629/716/629 656/739/656 657/741/657
f 617/719/617 616/717/616 643/740/643 644/742/644
f 631/720/631 630/718/630 657/741/657 658/743/658
f 618/721/618 617/719/617 644/742/644 645/744/645
f 619/723/619 618/722/618 645/745/645 646/746/646
f 620/724/620 619/723/619 646/746/646 647/747/647
f 621/725/621 620/724/620 647/747/647 648/748/648
f 622/726/622 621/725/621 648/748/648 649/749/649
f 623/700/623 622/726/622 649/749/649 650/750/650
f 633/703/633 632/727/632 659/751/659 660/752/660
f 624/701/624 623/700/623 650/750/650 651/753/651
f 611/702/611 1/26/1 638/754/638
f 634/704/634 633/703/633 660/752/660 661/755/661
f 625/705/625 624/701/624 651/753/651 652/728/652
f 612/706/612 611/702/611 638/754/638 639/730/639
f 635/707/635 634/704/634 661/755/661 662/732/662
f 655/737/655 654/734/654 681/756/681 682/757/682
f 642/738/642 641/735/641 668/758/668 669/759/669
f 26/52/26 664/736/664 690/760/690
f 656/739/656 655/737/655 682/757/682 683/761/683
f 643/740/643 642/738/642 669/759/669 670/762/670
f 657/741/657 656/739/656 683/761/683 684/763/684
f 644/742/644 643/740/643 670/762/670 671/764/671
f 658/743/658 657/741/657 684/763/684 685/765/685
f 645/745/645 644/766/644 671/767/671 672/768/672
f 646/746/646 645/745/645 672/768/672 673/769/673
f 647/747/647 646/746/646 673/769/673 674/770/674
f 648/748/648 647/747/647 674/770/674 675/771/675
f 649/749/649 648/748/648 675/771/675 676/772/676
f 650/750/650 649/749/649 676/772/676 677/773/677
f 651/753/651 650/750/650 677/773/677 678/774/678
f 638/754/638 1/26/1 665/775/665
f 661/755/661 660/752/660 686/776/686 687/777/687
f 652/728/652 651/753/651 678/774/678 679/778/679
f 639/730/639 638/754/638 665/775/665 666/779/666
f 662/732/662 661/755/661 687/777/687 688/780/688
f 653/729/653 652/728/652 679/778/679 680/781/680
f 640/731/640 639/730/639 666/779/666 667/782/667
f 663/733/663 662/732/662 688/780/688 689/783/689
f 654/734/654 653/729/653 680/781/680 681/756/681
f 641/735/641 640/731/640 667/782/667 668/758/668
f 664/736/664 663/733/663 689/783/689 690/760/690
f 684/763/684 683/761/683 709/784/709 710/785/710
f 671/764/671 670/762/670 696/786/696 697/787/697
f 685/765/685 684/763/684 710/785/710 711/788/711
f 672/768/672 671/767/671 697/789/697 698/790/698
f 673/769/673 672/768/672 698/790/698 699/791/699
f 674/770/674 673/769/673 699/791/699 700/792/700
f 675/771/675 674/770/674 700/792/700 701/793/701
f 676/772/676 675/771/675 701/793/701 702/794/702
f 677/773/677 676/772/676 702/794/702 703/795/703
f 678/774/678 677/773/677 703/795/703 704/796/704
f 665/775/665 1/26/1 691/797/691
f 687/777/687 686/776/686 712/798/712 713/799/713
f 679/778/679 678/774/678 704/796/704 705/800/705
f 666/779/666 665/775/665 691/797/691 692/801/692
f 688/780/688 687/777/687 713/799/713 714/802/714
f 680/781/680 679/778/679 705/800/705 706/803/706
f 667/782/667 666/779/666 692/801/692 693/804/693
f 689/783/689 688/780/688 714/802/714 715/805/715
f 681/756/681 680/781/680 706/803/706 707/806/707
f 668/758/668 667/782/667 693/804/693 694/807/694
f 690/760/690 689/783/689 715/805/715 716/808/716
f 682/757/682 681/756/681 707/806/707 708/809/708
f 669/759/669 668/758/668 694/807/694 695/810/695
f 26/52/26 690/760/690 716/808/716
f 683/761/683 682/757/682 708/809/708 709/784/709
f 670/762/670 669/759/669 695/810/695 696/786/696
f 699/791/699 698/790/698 724/811/724 725/812/725
f 700/792/700 699/791/699 725/812/725 726/813/726
f 701/793/701 700/792/700 726/813/726 727/814/727
f 702/794/702 701/793/701 727/814/727 728/815/728
f 703/795/703 702/794/702 728/815/728 729/816/729
f 704/796/704 703/795/703 729/816/729 730/817/730
f 691/797/691 1/26/1 717/818/717
f 713/799/713 712/798/712 738/819/738 739/820/739
f 705/800/705 704/796/704 730/817/730 731/821/731
f 692/801/692 691/797/691 717/818/717 718/822/718
f 714/802/714 713/799/713 739/820/739 740/823/740
f 706/803/706 705/800/705 731/821/731 732/824/732
f 693/804/693 692/801/692 718/822/718 719/825/719
f 715/805/715 714/802/714 740/823/740 741/826/741
f 707/806/707 706/803/706 732/824/732 733/827/733
f 694/807/694 693/804/693 719/825/719 720/828/720
f 716/808/716 715/805/715 741/826/741 742/829/742
f 708/809/708 707/806/707 733/827/733 734/830/734
f 695/810/695 694/807/694 720/828/720 721/831/721
f 26/52/26 716/808/716 742/829/742
f 709/784/709 708/809/708 734/830/734 735/832/735
f 696/786/696 695/810/695 721/831/721 722/833/722
f 710/785/710 709/784/709 735/832/735 736/834/736
f 697/787/697 696/786/696 722/833/722 723/835/723
f 711/788/711 710/785/710 736/834/736 737/836/737
f 698/790/698 697/789/697 723/837/723 724/811/724
f 727/814/727 726/813/726 752/838/752 753/839/753
f 728/815/728 727/814/727 753/839/753 754/840/754
f 729/816/729 728/815/728 754/840/754 755/841/755
f 730/817/730 729/816/729 755/841/755 756/842/756
f 717/818/717 1/26/1 743/843/743
f 739/820/739 738/819/738 764/844/764 765/845/765
f 731/821/731 730/817/730 756/842/756 757/846/757
f 718/822/718 717/818/717 743/843/743 744/847/744
f 740/823/740 739/820/739 765/845/765 766/848/766
f 732/824/732 731/821/731 757/846/757 758/849/758
f 719/825/719 718/822/718 744/847/744 745/850/745
f 741/826/741 740/823/740 766/848/766 767/851/767
f 733/827/733 732/824/732 758/849/758 759/852/759
f 720/828/720 719/825/719 745/850/745 746/853/746
f 742/829/742 741/826/741 767/851/767 768/854/768
f 734/830/734 733/827/733 759/852/759 760/855/760
f 721/831/721 720/828/720 746/853/746 747/856/747
f 26/52/26 742/829/742 768/854/768
f 735/832/735 734/830/734 760/855/760 761/857/761
f 722/833/722 721/831/721 747/856/747 748/858/748
f 736/834/736 735/832/735 761/857/761 762/859/762
f 723/835/723 722/833/722 748/858/748 749/860/749
f 737/836/737 736/834/736 762/859/762 763/861/763
f 724/811/724 723/837/723 749/862/749 750/863/750
f 725/812/725 724/811/724 750/863/750 751/864/751
f 726/813/726 725/812/725 751/864/751 752/838/752
f 755/841/755 754/840/754 780/865/780 781/866/781
f 756/842/756 755/841/755 781/866/781 782/867/782
f 743/843/743 1/26/1 769/868/769
f 765/845/765 764/844/764 790/869/790 791/870/791
f 757/846/757 756/842/756 782/867/782 783/871/783
f 744/847/744 743/843/743 769/868/769 770/872/770
f 766/848/766 765/845/765 791/870/791 792/873/792
f 758/849/758 757/846/757 783/871/783 784/874/784
f 745/850/745 744/847/744 770/872/770 771/875/771
f 767/851/767 766/848/766 792/873/792 793/876/793
f 759/852/759 758/849/758 784/874/784 785/877/785
f 746/853/746 745/850/745 771/875/771 772/878/772
f 768/854/768 767/851/767 793/876/793 794/879/794
f 760/855/760 759/852/759 785/877/785 786/880/786
f 747/856/747 746/853/746 772/878/772 773/881/773
f 26/52/26 768/854/768 794/879/794
f 761/857/761 760/855/760 786/880/786 787/882/787
f 748/858/748 747/856/747 773/881/773 774/883/774
f 762/859/762 761/857/761 787/882/787 788/884/788
f 749/860/749 748/858/748 774/883/774 775/885/775
f 763/861/763 762/859/762 788/884/788 789/886/789
f 750/863/750 749/862/749 775/887/775 776/888/776
f 751/864/751 750/863/750 776/888/776 777/889/777
f 752/838/752 751/864/751 777/889/777 778/890/778
f 753/839/753 752/838/752 778/890/778 779/891/779
f 754/840/754 753/839/753 779/891/779 780/865/780
f 778/890/778 777/889/777 803/892/803 804/893/804
f 779/891/779 778/890/778 804/893/804 805/894/805
f 780/865/780 779/891/779 805/894/805 806/895/806
f 781/866/781 780/865/780 806/895/806 807/896/807
f 782/867/782 781/866/781 807/896/807 808/897/808
f 769/868/769 1/26/1 795/898/795
f 791/870/791 790/869/790 817/899/817 818/900/818
f 783/871/783 782/867/782 808/897/808 809/901/809
f 770/872/770 769/868/769 795/898/795 796/902/796
f 792/873/792 791/870/791 818/900/818 819/903/819
f 784/874/784 783/871/783 809/901/809 810/904/810
f 771/875/771 770/872/770 796/902/796 797/905/797
f 793/876/793 792/873/792 819/903/819 820/906/820
f 785/877/785 784/874/784 810/904/810 811/907/811
f 772/878/772 771/875/771 797/905/797 798/908/798
f 794/879/794 793/876/793 820/906/820 821/909/821
f 786/880/786 785/877/785 811/907/811 812/910/812
f 773/881/773 772/878/772 798/908/798 799/911/799
f 26/52/26 794/879/794 821/909/821
f 787/882/787 786/880/786 812/910/812 813/912/813
f 774/883/774 773/881/773 799/911/799 800/913/800
f 788/884/788 787/882/787 813/912/813 814/914/814
f 775/885/775 774/883/774 800/913/800 801/915/801
f 789/886/789 788/884/788 814/914/814 815/916/815
f 776/917/776 775/885/775 801/915/801 802/918/802
f 777/889/777 776/888/776 802/919/802 803/892/803
f 806/895/806 805/894/805 832/920/832 833/921/833
f 807/896/807 806/895/806 833/921/833 834/922/834
f 817/899/817 816/923/816 843/924/843 844/925/844
f 808/897/808 807/896/807 834/922/834 835/926/835
f 795/898/795 1/26/1 822/927/822
f 818/900/818 817/899/817 844/925/844 845/928/845
f 809/901/809 808/897/808 835/926/835 836/929/836
f 796/902/796 795/898/795 822/927/822 823/930/823
f 819/903/819 818/900/818 845/928/845 846/931/846
f 810/904/810 809/901/809 836/929/836 837/932/837
f 797/905/797 796/902/796 823/930/823 824/933/824
f 820/906/820 819/903/819 846/931/846 847/934/847
f 811/907/811 810/904/810 837/932/837 838/935/838
f 798/908/798 797/905/797 824/933/824 825/936/825
f 821/909/821 820/906/820 847/934/847 848/937/848
f 812/910/812 811/907/811 838/935/838 839/938/839
f 799/911/799 798/908/798 825/936/825 826/939/826
f 26/52/26 821/909/821 848/937/848
f 813/912/813 812/910/812 839/938/839 840/940/840
f 800/913/800 799/911/799 826/939/826 827/941/827
f 814/914/814 813/912/813 840/940/840 841/942/841
f 801/915/801 800/913/800 827/941/827 828/943/828
f 815/916/815 814/914/814 841/942/841 842/944/842
f 802/918/802 801/915/801 828/943/828 829/945/829
f 803/892/803 802/919/802 829/946/829 830/947/830
f 804/893/804 803/892/803 830/947/830 831/948/831
f 805/894/805 804/893/804 831/948/831 832/920/832
f 835/926/835 834/922/834 861/949/861 862/950/862
f 822/927/822 1/26/1 849/951/849
f 845/928/845 844/925/844 872/952/872 873/953/873
f 836/929/836 835/926/835 862/950/862 863/954/863
f 823/930/823 822/927/822 849/951/849 850/955/850
f 846/931/846 845/928/845 873/953/873 874/956/874
f 837/932/837 836/929/836 863/954/863 864/957/864
f 824/933/824 823/930/823 850/955/850 851/958/851
f 847/934/847 846/931/846 874/956/874 875/959/875
f 838/935/838 837/932/837 864/957/864 865/960/865
f 825/936/825 824/933/824 851/958/851 852/961/852
f 848/937/848 847/934/847 875/959/875 876/962/876
f 839/938/839 838/935/838 865/960/865 866/963/866
f 826/939/826 825/936/825 852/961/852 853/964/853
f 26/52/26 848/937/848 876/962/876
f 840/940/840 839/938/839 866/963/866 867/965/867
f 827/941/827 826/939/826 853/964/853 854/966/854
f 841/942/841 840/940/840 867/965/867 868/967/868
f 828/943/828 827/941/827 854/966/854 855/968/855
f 842/944/842 841/942/841 868/967/868 869/969/869
f 829/945/829 828/943/828 855/968/855 856/970/856
f 830/947/830 829/946/829 856/971/856 857/972/857
f 831/948/831 830/947/830 857/972/857 858/973/858
f 832/920/832 831/948/831 858/973/858 859/974/859
f 833/921/833 832/920/832 859/974/859 860/975/860
f 834/922/834 833/921/833 860/975/860 861/949/861
f 844/925/844 843/924/843 871/976/871 872/952/872
f 864/977/864 863/978/863 891/979/891 892/980/892
f 851/958/851 850/955/850 878/981/878 879/982/879
f 875/959/875 874/956/874 903/983/903 904/984/904
f 865/985/865 864/977/864 892/980/892 893/986/893
f 852/961/852 851/958/851 879/982/879 880/987/880
f 876/962/876 875/959/875 904/984/904 905/988/905
f 866/989/866 865/985/865 893/986/893 894/990/894
f 853/964/853 852/961/852 880/987/880 881/991/881
f 26/52/26 876/962/876 905/988/905
f 867/992/867 866/989/866 894/990/894 895/993/895
f 854/966/854 853/964/853 881/991/881 882/994/882
f 868/995/868 867/992/867 895/993/895 896/996/896
f 855/968/855 854/966/854 882/994/882 883/997/883
f 869/998/869 868/995/868 896/996/896 897/999/897
f 856/970/856 855/968/855 883/997/883 884/1000/884
f 857/1001/857 856/1002/856 884/1003/884 885/1004/885
f 858/1005/858 857/1001/857 885/1004/885 886/1006/886
f 859/1007/859 858/1005/858 886/1006/886 887/1008/887
f 860/1009/860 859/1007/859 887/1008/887 888/1010/888
f 871/976/871 870/1011/870 899/1012/899 900/1013/900
f 861/1014/861 860/1009/860 888/1010/888 889/1015/889
f 872/952/872 871/976/871 900/1013/900 901/1016/901
f 862/1017/862 861/1014/861 889/1015/889 890/1018/890
f 849/951/849 1/26/1 877/1019/877
f 873/953/873 872/952/872 901/1016/901 902/1020/902
f 863/978/863 862/1017/862 890/1018/890 891/979/891
f 850/955/850 849/951/849 877/1019/877 878/981/878
f 874/956/874 873/953/873 902/1020/902 903/983/903
f 894/990/894 893/986/893 922/1021/922 923/1022/923
f 881/991/881 880/987/880 909/1023/909 910/1024/910
f 26/52/26 905/988/905 936/1025/936
f 895/993/895 894/990/894 923/1022/923 924/1026/924
f 882/994/882 881/991/881 910/1024/910 911/1027/911
f 896/996/896 895/993/895 924/1026/924 925/1028/925
f 883/997/883 882/994/882 911/1027/911 912/1029/912
f 897/999/897 896/996/896 925/1028/925 926/1030/926
f 884/1000/884 883/997/883 912/1029/912 913/1031/913
f 885/1004/885 884/1003/884 913/1032/913 914/1033/914
f 886/1006/886 885/1004/885 914/1033/914 915/1034/915
f 887/1008/887 886/1006/886 915/1034/915 916/1035/916
f 899/1012/899 898/1036/898 929/1037/929 930/1038/930
f 888/1010/888 887/1008/887 916/1035/916 917/1039/917
f 900/1013/900 899/1012/899 930/1038/930 931/1040/931
f 889/1015/889 888/1010/888 917/1039/917 918/1041/918
f 901/1016/901 900/1013/900 931/1040/931 932/1042/932
f 890/1018/890 889/1015/889 918/1041/918 919/1043/919
f 877/1019/877 1/26/1 906/1044/906
f 902/1020/902 901/1016/901 932/1042/932 933/1045/933
f 891/979/891 890/1018/890 919/1043/919 920/1046/920
f 878/981/878 877/1019/877 906/1044/906 907/1047/907
f 903/983/903 902/1020/902 933/1045/933 934/1048/934
f 892/980/892 891/979/891 920/1046/920 921/1049/921
f 879/982/879 878/981/878 907/1047/907 908/1050/908
f 904/984/904 903/983/903 934/1048/934 935/1051/935
f 893/986/893 892/980/892 921/1049/921 922/1021/922
f 880/987/880 879/982/879 908/1050/908 909/1023/909
f 905/988/905 904/984/904 935/1051/935 936/1025/936
f 925/1028/925 924/1026/924 955/1052/955 956/1053/956
f 912/1029/912 911/1027/911 942/1054/942 943/1055/943
f 926/1030/926 925/1028/925 956/1053/956 957/1056/957
f 913/1032/913 912/1057/912 943/1058/943 944/1059/944
f 927/1060/927 926/1030/926 957/1056/957 958/1061/958
f 914/1033/914 913/1032/913 944/1059/944 945/1062/945
f 928/1063/928 927/1060/927 958/1061/958 959/1064/959
f 915/1034/915 914/1033/914 945/1062/945 946/1065/946
f 929/1066/929 928/1063/928 959/1064/959 960/1067/960
f 916/1035/916 915/1034/915 946/1065/946 947/1068/947
f 930/1069/930 929/1066/929 960/1067/960 961/1070/961
f 917/1039/917 916/1035/916 947/1068/947 948/1071/948
f 931/1040/931 930/1038/930 961/1072/961 962/1073/962
f 918/1041/918 917/1039/917 948/1071/948 949/1074/949
f 932/1042/932 931/1040/931 962/1073/962 963/1075/963
f 919/1043/919 918/1041/918 949/1074/949 950/1076/950
f 906/1044/906 1/26/1 937/1077/937
f 933/1045/933 932/1042/932 963/1075/963 964/1078/964
f 920/1046/920 919/1043/919 950/1076/950 951/1079/951
f 907/1047/907 906/1044/906 937/1077/937 938/1080/938
f 934/1048/934 933/1045/933 964/1078/964 965/1081/965
f 921/1049/921 920/1046/920 951/1079/951 952/1082/952
f 908/1050/908 907/1047/907 938/1080/938 939/1083/939
f 935/1051/935 934/1048/934 965/1081/965 966/1084/966
f 922/1021/922 921/1049/921 952/1082/952 953/1085/953
f 909/1023/909 908/1050/908 939/1083/939 940/1086/940
f 936/1025/936 935/1051/935 966/1084/966 967/1087/967
f 923/1022/923 922/1021/922 953/1085/953 954/1088/954
f 910/1024/910 909/1023/909 940/1086/940 941/1089/941
f 26/52/26 936/1025/936 967/1087/967
f 924/1026/924 923/1022/923 954/1088/954 955/1052/955
f 911/1027/911 910/1024/910 941/1089/941 942/1054/942
f 958/1061/958 957/1056/957 988/1090/988 989/1091/989
f 945/1062/945 944/1059/944 975/1092/975 976/1093/976
f 959/1064/959 958/1061/958 989/1091/989 990/1094/990
f 946/1065/946 945/1062/945 976/1093/976 977/1095/977
f 960/1067/960 959/1064/959 990/1094/990 991/1096/991
f 947/1068/947 946/1065/946 977/1095/977 978/1097/978
f 961/1070/961 960/1067/960 991/1096/991 992/1098/992
f 948/1071/948 947/1068/947 978/1097/978 979/1099/979
f 962/1073/962 961/1072/961 992/1100/992 993/1101/993
f 949/1074/949 948/1071/948 979/1099/979 980/1102/980
f 963/1075/963 962/1073/962 993/1101/993 994/1103/994
f 950/1076/950 949/1074/949 980/1102/980 981/1104/981
f 937/1077/937 1/26/1 968/1105/968
f 964/1078/964 963/1075/963 994/1103/994 995/1106/995
f 951/1079/951 950/1076/950 981/1104/981 982/1107/982
f 938/1080/938 937/1077/937 968/1105/968 969/1108/969
f 965/1081/965 964/1078/964 995/1106/995 996/1109/996
f 952/1082/952 951/1079/951 982/1107/982 983/1110/983
f 939/1083/939 938/1080/938 969/1108/969 970/1111/970
f 966/1084/966 965/1081/965 996/1109/996 997/1112/997
f 953/1085/953 952/1082/952 983/1110/983 984/1113/984
f 940/1086/940 939/1083/939 970/1111/970 971/1114/971
f 967/1087/967 966/1084/966 997/1112/997 998/1115/998
f 954/1088/954 953/1085/953 984/1113/984 985/1116/985
f 941/1089/941 940/1086/940 971/1114/971 972/1117/972
f 26/52/26 967/1087/967 998/1115/998
f 955/1052/955 954/1088/954 985/1116/985 986/1118/986
f 942/1054/942 941/1089/941 972/1117/972 973/1119/973
f 956/1053/956 955/1052/955 986/1118/986 987/1120/987
f 943/1055/943 942/1054/942 973/1119/973 974/1121/974
f 957/1056/957 956/1053/956 987/1120/987 988/1090/988
f 944/1059/944 943/1058/943 974/1122/974 975/1092/975
f 991/1096/991 990/1094/990 1021/1123/1021 1022/1124/1022
f 978/1097/978 977/1095/977 1008/1125/1008 1009/1126/1009
f 992/1098/992 991/1096/991 1022/1124/1022 1023/1127/1023
f 979/1099/979 978/1097/978 1009/1126/1009 1010/1128/1010
f 993/1101/993 992/1100/992 1023/1129/1023 1024/1130/1024
f 980/1102/980 979/1099/979 1010/1128/1010 1011/1131/1011
f 994/1103/994 993/1101/993 1024/1130/1024 1025/1132/1025
f 981/1104/981 980/1102/980 1011/1131/1011 1012/1133/1012
f 968/1105/968 1/26/1 999/1134/999
f 995/1106/995 994/1103/994 1025/1132/1025 1026/1135/1026
f 982/1107/982 981/1104/981 1012/1133/1012 1013/1136/1013
f 969/1108/969 968/1105/968 999/1134/999 1000/1137/1000
f 996/1109/996 995/1106/995 1026/1135/1026 1027/1138/1027
f 983/1110/983 982/1107/982 1013/1136/1013 1014/1139/1014
f 970/1111/970 969/1108/969 1000/1137/1000 1001/1140/1001
f 997/1112/997 996/1109/996 1027/1138/1027 1028/1141/1028
f 984/1113/984 983/1110/983 1014/1139/1014 1015/1142/1015
f 971/1114/971 970/1111/970 1001/1140/1001 1002/1143/1002
f 998/1115/998 997/1112/997 1028/1141/1028 1029/1144/1029
f 985/1116/985 984/1113/984 1015/1142/1015 1016/1145/1016
f 972/1117/972 971/1114/971 1002/1143/1002 1003/1146/1003
f 26/52/26 998/1115/998 1029/1144/1029
f 986/1118/986 985/1116/985 1016/1145/1016 1017/1147/1017
f 973/1119/973 972/1117/972 1003/1146/1003 1004/1148/1004
f 987/1120/987 986/1118/986 1017/1147/1017 1018/1149/1018
f 974/1121/974 973/1119/973 1004/1148/1004 1005/1150/1005
f 988/1090/988 987/1120/987 1018/1149/1018 1019/1151/1019
f 975/1092/975 974/1122/974 1005/1152/1005 1006/1153/1006
f 989/1091/989 988/1090/988 1019/1151/1019 1020/1154/1020
f 976/1093/976 975/1092/975 1006/1153/1006 1007/1155/1007
f 990/1094/990 989/1091/989 1020/1154/1020 1021/1123/1021
f 977/1095/977 976/1093/976 1007/1155/1007 1008/1125/1008
f 1024/1156/1024 1023/1127/1023 1054/1157/1054 1055/1158/1055
f 1011/1131/1011 1010/1128/1010 1041/1159/1041 1042/1160/1042
f 1025/1132/1025 1024/1130/1024 1055/1161/1055 1056/1162/1056
f 1012/1133/1012 1011/1131/1011 1042/1160/1042 1043/1163/1043
f 999/1134/999 1/26/1 1030/1164/1030
f 1026/1135/1026 1025/1132/1025 1056/1162/1056 1057/1165/1057
f 1013/1136/1013 1012/1133/1012 1043/1163/1043 1044/1166/1044
f 1000/1137/1000 999/1134/999 1030/1164/1030 1031/1167/1031
f 1027/1138/1027 1026/1135/1026 1057/1165/1057 1058/1168/1058
f 1014/1139/1014 1013/1136/1013 1044/1166/1044 1045/1169/1045
f 1001/1140/1001 1000/1137/1000 1031/1167/1031 1032/1170/1032
f 1028/1141/1028 1027/1138/1027 1058/1168/1058 1059/1171/1059
f 1015/1142/1015 1014/1139/1014 1045/1169/1045 1046/1172/1046
f 1002/1143/1002 1001/1140/1001 1032/1170/1032 1033/1173/1033
f 1029/1144/1029 1028/1141/1028 1059/1171/1059 1060/1174/1060
f 1016/1145/1016 1015/1142/1015 1046/1172/1046 1047/1175/1047
f 1003/1146/1003 1002/1143/1002 1033/1173/1033 1034/1176/1034
f 26/52/26 1029/1144/1029 1060/1174/1060
f 1017/1147/1017 1016/1145/1016 1047/1175/1047 1048/1177/1048
f 1004/1148/1004 1003/1146/1003 1034/1176/1034 1035/1178/1035
f 1018/1149/1018 1017/1147/1017 1048/1177/1048 1049/1179/1049
f 1005/1152/1005 1004/1180/1004 1035/1181/1035 1036/1182/1036
f 1019/1151/1019 1018/1149/1018 1049/1179/1049 1050/1183/1050
f 1006/1153/1006 1005/1152/1005 1036/1182/1036 1037/1184/1037
f 1020/1154/1020 1019/1151/1019 1050/1183/1050 1051/1185/1051
f 1007/1155/1007 1006/1153/1006 1037/1184/1037 1038/1186/1038
f 1021/1123/1021 1020/1154/1020 1051/1185/1051 1052/1187/1052
f 1008/1125/1008 1007/1155/1007 1038/1186/1038 1039/1188/1039
f 1022/1124/1022 1021/1123/1021 1052/1187/1052 1053/1189/1053
f 1009/1126/1009 1008/1125/1008 1039/1188/1039 1040/1190/1040
f 1023/1127/1023 1022/1124/1022 1053/1189/1053 1054/1157/1054
f 1010/1128/1010 1009/1126/1009 1040/1190/1040 1041/1159/1041
f 1030/1164/1030 1/26/1 1061/1191/1061
f 1057/1165/1057 1056/1162/1056 1087/1192/1087 1088/1193/1088
f 1044/1166/1044 1043/1163/1043 1074/1194/1074 1075/1195/1075
f 1031/1167/1031 1030/1164/1030 1061/1191/1061 1062/1196/1062
f 1058/1168/1058 1057/1165/1057 1088/1193/1088 1089/1197/1089
f 1045/1169/1045 1044/1166/1044 1075/1195/1075 1076/1198/1076
f 1032/1170/1032 1031/1167/1031 1062/1196/1062 1063/1199/1063
f 1059/1171/1059 1058/1168/1058 1089/1197/1089 1090/1200/1090
f 1046/1172/1046 1045/1169/1045 1076/1198/1076 1077/1201/1077
f 1033/1173/1033 1032/1170/1032 1063/1199/1063 1064/1202/1064
f 1060/1174/1060 1059/1171/1059 1090/1200/1090 1091/1203/1091
f 1047/1175/1047 1046/1172/1046 1077/1201/1077 1078/1204/1078
f 1034/1176/1034 1033/1173/1033 1064/1202/1064 1065/1205/1065
f 26/52/26 1060/1174/1060 1091/1203/1091
f 1048/1177/1048 1047/1175/1047 1078/1204/1078 1079/1206/1079
f 1035/1178/1035 1034/1176/1034 1065/1205/1065 1066/1207/1066
f 1049/1179/1049 1048/1177/1048 1079/1206/1079 1080/1208/1080
f 1036/1182/1036 1035/1181/1035 1066/1209/1066 1067/1210/1067
f 1050/1183/1050 1049/1179/1049 1080/1208/1080 1081/1211/1081
f 1037/1184/1037 1036/1182/1036 1067/1210/1067 1068/1212/1068
f 1051/1185/1051 1050/1183/1050 1081/1211/1081 1082/1213/1082
f 1038/1186/1038 1037/1184/1037 1068/1212/1068 1069/1214/1069
f 1052/1187/1052 1051/1185/1051 1082/1213/1082 1083/1215/1083
f 1039/1188/1039 1038/1186/1038 1069/1214/1069 1070/1216/1070
f 1053/1189/1053 1052/1187/1052 1083/1215/1083 1084/1217/1084
f 1040/1190/1040 1039/1188/1039 1070/1216/1070 1071/1218/1071
f 1054/1157/1054 1053/1189/1053 1084/1217/1084 1085/1219/1085
f 1041/1159/1041 1040/1190/1040 1071/1218/1071 1072/1220/1072
f 1055/1158/1055 1054/1157/1054 1085/1219/1085 1086/1221/1086
f 1042/1160/1042 1041/1159/1041 1072/1220/1072 1073/1222/1073
f 1056/1162/1056 1055/1161/1055 1086/1223/1086 1087/1192/1087
f 1043/1163/1043 1042/1160/1042 1073/1222/1073 1074/1194/1074
f 1063/1199/1063 1062/1196/1062 1093/1224/1093 1094/1225/1094
f 1090/1200/1090 1089/1197/1089 1120/1226/1120 1121/1227/1121
f 1077/1201/1077 1076/1198/1076 1107/1228/1107 1108/1229/1108
f 1064/1202/1064 1063/1199/1063 1094/1225/1094 1095/1230/1095
f 1091/1203/1091 1090/1200/1090 1121/1227/1121 1122/1231/1122
f 1078/1204/1078 1077/1201/1077 1108/1229/1108 1109/1232/1109
f 1065/1205/1065 1064/1202/1064 1095/1230/1095 1096/1233/1096
f 26/52/26 1091/1203/1091 1122/1231/1122
f 1079/1206/1079 1078/1204/1078 1109/1232/1109 1110/1234/1110
f 1066/1207/1066 1065/1205/1065 1096/1233/1096 1097/1235/1097
f 1080/1208/1080 1079/1206/1079 1110/1234/1110 1111/1236/1111
f 1067/1210/1067 1066/1209/1066 1097/1237/1097 1098/1238/1098
f 1081/1211/1081 1080/1208/1080 1111/1236/1111 1112/1239/1112
f 1068/1212/1068 1067/1210/1067 1098/1238/1098 1099/1240/1099
f 1082/1213/1082 1081/1211/1081 1112/1239/1112 1113/1241/1113
f 1069/1214/1069 1068/1212/1068 1099/1240/1099 1100/1242/1100
f 1083/1215/1083 1082/1213/1082 1113/1241/1113 1114/1243/1114
f 1070/1216/1070 1069/1214/1069 1100/1242/1100 1101/1244/1101
f 1084/1217/1084 1083/1215/1083 1114/1243/1114 1115/1245/1115
f 1071/1218/1071 1070/1216/1070 1101/1244/1101 1102/1246/1102
f 1085/1219/1085 1084/1217/1084 1115/1245/1115 1116/1247/1116
f 1072/1220/1072 1071/1218/1071 1102/1246/1102 1103/1248/1103
f 1086/1221/1086 1085/1219/1085 1116/1247/1116 1117/1249/1117
f 1073/1222/1073 1072/1220/1072 1103/1248/1103 1104/1250/1104
f 1087/1192/1087 1086/1223/1086 1117/1251/1117 1118/1252/1118
f 1074/1194/1074 1073/1222/1073 1104/1250/1104 1105/1253/1105
f 1061/1191/1061 1/26/1 1092/1254/1092
f 1088/1193/1088 1087/1192/1087 1118/1252/1118 1119/1255/1119
f 1075/1195/1075 1074/1194/1074 1105/1253/1105 1106/1256/1106
f 1062/1196/1062 1061/1191/1061 1092/1254/1092 1093/1224/1093
f 1089/1197/1089 1088/1193/1088 1119/1255/1119 1120/1226/1120
f 1076/1198/1076 1075/1195/1075 1106/1256/1106 1107/1228/1107
f 1096/1233/1096 1095/1230/1095 1126/1257/1126 1127/1258/1127
f 26/52/26 1122/1231/1122 1153/1259/1153
f 1110/1234/1110 1109/1232/1109 1140/1260/1140 1141/1261/1141
f 1097/1235/1097 1096/1233/1096 1127/1258/1127 1128/1262/1128
f 1111/1236/1111 1110/1234/1110 1141/1261/1141 1142/1263/1142
f 1098/1264/1098 1097/1235/1097 1128/1262/1128 1129/1265/1129
f 1112/1239/1112 1111/1236/1111 1142/1263/1142 1143/1266/1143
f 1099/1240/1099 1098/1238/1098 1129/1267/1129 1130/1268/1130
f 1113/1241/1113 1112/1239/1112 1143/1266/1143 1144/1269/1144
f 1100/1242/1100 1099/1240/1099 1130/1268/1130 1131/1270/1131
f 1114/1243/1114 1113/1241/1113 1144/1269/1144 1145/1271/1145
f 1101/1244/1101 1100/1242/1100 1131/1270/1131 1132/1272/1132
f 1115/1245/1115 1114/1243/1114 1145/1271/1145 1146/1273/1146
f 1102/1246/1102 1101/1244/1101 1132/1272/1132 1133/1274/1133
f 1116/1247/1116 1115/1245/1115 1146/1273/1146 1147/1275/1147
f 1103/1248/1103 1102/1246/1102 1133/1274/1133 1134/1276/1134
f 1117/1251/1117 1116/1277/1116 1147/1278/1147 1148/1279/1148
f 1104/1250/1104 1103/1248/1103 1134/1276/1134 1135/1280/1135
f 1118/1252/1118 1117/1251/1117 1148/1279/1148 1149/1281/1149
f 1105/1253/1105 1104/1250/1104 1135/1280/1135 1136/1282/1136
f 1092/1254/1092 1/26/1 1123/1283/1123
f 1119/1255/1119 1118/1252/1118 1149/1281/1149 1150/1284/1150
f 1106/1256/1106 1105/1253/1105 1136/1282/1136 1137/1285/1137
f 1093/1224/1093 1092/1254/1092 1123/1283/1123 1124/1286/1124
f 1120/1226/1120 1119/1255/1119 1150/1284/1150 1151/1287/1151
f 1107/1228/1107 1106/1256/1106 1137/1285/1137 1138/1288/1138
f 1094/1225/1094 1093/1224/1093 1124/1286/1124 1125/1289/1125
f 1121/1227/1121 1120/1226/1120 1151/1287/1151 1152/1290/1152
f 1108/1229/1108 1107/1228/1107 1138/1288/1138 1139/1291/1139
f 1095/1230/1095 1094/1225/1094 1125/1289/1125 1126/1257/1126
f 1122/1231/1122 1121/1227/1121 1152/1290/1152 1153/1259/1153
f 1109/1232/1109 1108/1229/1108 1139/1291/1139 1140/1260/1140
f 1129/1265/1129 1128/1262/1128 1159/1292/1159 1160/1293/1160
f 1143/1266/1143 1142/1263/1142 1173/1294/1173 1174/1295/1174
f 1130/1268/1130 1129/1267/1129 1160/1296/1160 1161/1297/1161
f 1144/1269/1144 1143/1266/1143 1174/1295/1174 1175/1298/1175
f 1131/1270/1131 1130/1268/1130 1161/1297/1161 1162/1299/1162
f 1145/1271/1145 1144/1269/1144 1175/1298/1175 1176/1300/1176
f 1132/1272/1132 1131/1270/1131 1162/1299/1162 1163/1301/1163
f 1146/1273/1146 1145/1271/1145 1176/1300/1176 1177/1302/1177
f 1133/1274/1133 1132/1272/1132 1163/1301/1163 1164/1303/1164
f 1147/1275/1147 1146/1273/1146 1177/1302/1177 1178/1304/1178
f 1134/1276/1134 1133/1274/1133 1164/1303/1164 1165/1305/1165
f 1148/1279/1148 1147/1278/1147 1178/1306/1178 1179/1307/1179
f 1135/1280/1135 1134/1276/1134 1165/1305/1165 1166/1308/1166
f 1149/1281/1149 1148/1279/1148 1179/1307/1179 1180/1309/1180
f 1136/1282/1136 1135/1280/1135 1166/1308/1166 1167/1310/1167
f 1123/1283/1123 1/26/1 1154/1311/1154
f 1150/1284/1150 1149/1281/1149 1180/1309/1180 1181/1312/1181
f 1137/1285/1137 1136/1282/1136 1167/1310/1167 1168/1313/1168
f 1124/1286/1124 1123/1283/1123 1154/1311/1154 1155/1314/1155
f 1151/1287/1151 1150/1284/1150 1181/1312/1181 1182/1315/1182
f 1138/1288/1138 1137/1285/1137 1168/1313/1168 1169/1316/1169
f 1125/1289/1125 1124/1286/1124 1155/1314/1155 1156/1317/1156
f 1152/1290/1152 1151/1287/1151 1182/1315/1182 1183/1318/1183
f 1139/1291/1139 1138/1288/1138 1169/1316/1169 1170/1319/1170
f 1126/1257/1126 1125/1289/1125 1156/1317/1156 1157/1320/1157
f 1153/1259/1153 1152/1290/1152 1183/1318/1183 1184/1321/1184
f 1140/1260/1140 1139/1291/1139 1170/1319/1170 1171/1322/1171
f 1127/1258/1127 1126/1257/1126 1157/1320/1157 1158/1323/1158
f 26/52/26 1153/1259/1153 1184/1321/1184
f 1141/1261/1141 1140/1260/1140 1171/1322/1171 1172/1324/1172
f 1128/1262/1128 1127/1258/1127 1158/1323/1158 1159/1292/1159
f 1142/1263/1142 1141/1261/1141 1172/1324/1172 1173/1294/1173
f 1162/1299/1162 1161/1297/1161 1192/1325/1192 1193/1326/1193
f 1176/1300/1176 1175/1298/1175 1206/1327/1206 1207/1328/1207
f 1163/1301/1163 1162/1299/1162 1193/1326/1193 1194/1329/1194
f 1177/1302/1177 1176/1300/1176 1207/1328/1207 1208/1330/1208
f 1164/1303/1164 1163/1301/1163 1194/1329/1194 1195/1331/1195
f 1178/1304/1178 1177/1302/1177 1208/1330/1208 1209/1332/1209
f 1165/1305/1165 1164/1303/1164 1195/1331/1195 1196/1333/1196
f 1179/1307/1179 1178/1306/1178 1209/1334/1209 1210/1335/1210
f 1166/1308/1166 1165/1305/1165 1196/1333/1196 1197/1336/1197
f 1180/1309/1180 1179/1307/1179 1210/1335/1210 1211/1337/1211
f 1167/1310/1167 1166/1308/1166 1197/1336/1197 1198/1338/1198
f 1154/1311/1154 1/26/1 1185/1339/1185
f 1181/1312/1181 1180/1309/1180 1211/1337/1211 1212/1340/1212
f 1168/1313/1168 1167/1310/1167 1198/1338/1198 1199/1341/1199
f 1155/1314/1155 1154/1311/1154 1185/1339/1185 1186/1342/1186
f 1182/1315/1182 1181/1312/1181 1212/1340/1212 1213/1343/1213
f 1169/1316/1169 1168/1313/1168 1199/1341/1199 1200/1344/1200
f 1156/1317/1156 1155/1314/1155 1186/1342/1186 1187/1345/1187
f 1183/1318/1183 1182/1315/1182 1213/1343/1213 1214/1346/1214
f 1170/1319/1170 1169/1316/1169 1200/1344/1200 1201/1347/1201
f 1157/1320/1157 1156/1317/1156 1187/1345/1187 1188/1348/1188
f 1184/1321/1184 1183/1318/1183 1214/1346/1214 1215/1349/1215
f 1171/1322/1171 1170/1319/1170 1201/1347/1201 1202/1350/1202
f 1158/1323/1158 1157/1320/1157 1188/1348/1188 1189/1351/1189
f 26/52/26 1184/1321/1184 1215/1349/1215
f 1172/1324/1172 1171/1322/1171 1202/1350/1202 1203/1352/1203
f 1159/1292/1159 1158/1323/1158 1189/1351/1189 1190/1353/1190
f 1173/1294/1173 1172/1324/1172 1203/1352/1203 1204/1354/1204
f 1160/1293/1160 1159/1292/1159 1190/1353/1190 1191/1355/1191
f 1174/1295/1174 1173/1294/1173 1204/1354/1204 1205/1356/1205
f 1161/1297/1161 1160/1296/1160 1191/1357/1191 1192/1325/1192
f 1175/1298/1175 1174/1295/1174 1205/1356/1205 1206/1327/1206
f 1195/1331/1195 1194/1329/1194 1225/1358/1225 1226/1359/1226
f 1209/1334/1209 1208/1360/1208 1239/1361/1239 1240/1362/1240
f 1196/1333/1196 1195/1331/1195 1226/1359/1226 1227/1363/1227
f 1210/1335/1210 1209/1334/1209 1240/1362/1240 1241/1364/1241
f 1197/1336/1197 1196/1333/1196 1227/1363/1227 1228/1365/1228
f 1211/1337/1211 1210/1335/1210 1241/1364/1241 1242/1366/1242
f 1198/1338/1198 1197/1336/1197 1228/1365/1228 1229/1367/1229
f 1185/1339/1185 1/26/1 1216/1368/1216
f 1212/1340/1212 1211/1337/1211 1242/1366/1242 1243/1369/1243
f 1199/1341/1199 1198/1338/1198 1229/1367/1229 1230/1370/1230
f 1186/1342/1186 1185/1339/1185 1216/1368/1216 1217/1371/1217
f 1213/1343/1213 1212/1340/1212 1243/1369/1243 1244/1372/1244
f 1200/1344/1200 1199/1341/1199 1230/1370/1230 1231/1373/1231
f 1187/1345/1187 1186/1342/1186 1217/1371/1217 1218/1374/1218
f 1214/1346/1214 1213/1343/1213 1244/1372/1244 1245/1375/1245
f 1201/1347/1201 1200/1344/1200 1231/1373/1231 1232/1376/1232
f 1188/1348/1188 1187/1345/1187 1218/1374/1218 1219/1377/1219
f 1215/1349/1215 1214/1346/1214 1245/1375/1245 1246/1378/1246
f 1202/1350/1202 1201/1347/1201 1232/1376/1232 1233/1379/1233
f 1189/1351/1189 1188/1348/1188 1219/1377/1219 1220/1380/1220
f 26/52/26 1215/1349/1215 1246/1378/1246
f 1203/1352/1203 1202/1350/1202 1233/1379/1233 1234/1381/1234
f 1190/1353/1190 1189/1351/1189 1220/1380/1220 1221/1382/1221
f 1204/1354/1204 1203/1352/1203 1234/1381/1234 1235/1383/1235
f 1191/1355/1191 1190/1353/1190 1221/1382/1221 1222/1384/1222
f 1205/1356/1205 1204/1354/1204 1235/1383/1235 1236/1385/1236
f 1192/1386/1192 1191/1355/1191 1222/1384/1222 1223/1387/1223
f 1206/1327/1206 1205/1356/1205 1236/1385/1236 1237/1388/1237
f 1193/1326/1193 1192/1325/1192 1223/1389/1223 1224/1390/1224
f 1207/1328/1207 1206/1327/1206 1237/1388/1237 1238/1391/1238
f 1194/1329/1194 1193/1326/1193 1224/1390/1224 1225/1358/1225
f 1208/1330/1208 1207/1328/1207 1238/1391/1238 1239/1392/1239
f 1228/1365/1228 1227/1363/1227 1258/1393/1258 1259/1394/1259
f 1242/1366/1242 1241/1364/1241 1272/1395/1272 1273/1396/1273
f 1229/1367/1229 1228/1365/1228 1259/1394/1259 1260/1397/1260
f 1216/1368/1216 1/26/1 1247/1398/1247
f 1243/1369/1243 1242/1366/1242 1273/1396/1273 1274/1399/1274
f 1230/1370/1230 1229/1367/1229 1260/1397/1260 1261/1400/1261
f 1217/1371/1217 1216/1368/1216 1247/1398/1247 1248/1401/1248
f 1244/1372/1244 1243/1369/1243 1274/1399/1274 1275/1402/1275
f 1231/1373/1231 1230/1370/1230 1261/1400/1261 1262/1403/1262
f 1218/1374/1218 1217/1371/1217 1248/1401/1248 1249/1404/1249
f 1245/1375/1245 1244/1372/1244 1275/1402/1275 1276/1405/1276
f 1232/1376/1232 1231/1373/1231 1262/1403/1262 1263/1406/1263
f 1219/1377/1219 1218/1374/1218 1249/1404/1249 1250/1407/1250
f 1246/1378/1246 1245/1375/1245 1276/1405/1276 1277/1408/1277
f 1233/1379/1233 1232/1376/1232 1263/1406/1263 1264/1409/1264
f 1220/1380/1220 1219/1377/1219 1250/1407/1250 1251/1410/1251
f 26/52/26 1246/1378/1246 1277/1408/1277
f 1234/1381/1234 1233/1379/1233 1264/1409/1264 1265/1411/1265
f 1221/1382/1221 1220/1380/1220 1251/1410/1251 1252/1412/1252
f 1235/1383/1235 1234/1381/1234 1265/1411/1265 1266/1413/1266
f 1222/1384/1222 1221/1382/1221 1252/1412/1252 1253/1414/1253
f 1236/1385/1236 1235/1383/1235 1266/1413/1266 1267/1415/1267
f 1223/1387/1223 1222/1384/1222 1253/1414/1253 1254/1416/1254
f 1237/1388/1237 1236/1385/1236 1267/1415/1267 1268/1417/1268
f 1224/1390/1224 1223/1389/1223 1254/1418/1254 1255/1419/1255
f 1238/1391/1238 1237/1388/1237 1268/1417/1268 1269/1420/1269
f 1225/1358/1225 1224/1390/1224 1255/1419/1255 1256/1421/1256
f 1239/1392/1239 1238/1391/1238 1269/1420/1269 1270/1422/1270
f 1226/1359/1226 1225/1358/1225 1256/1421/1256 1257/1423/1257
f 1240/1362/1240 1239/1361/1239 1270/1424/1270 1271/1425/1271
f 1227/1363/1227 1226/1359/1226 1257/1423/1257 1258/1393/1258
f 1241/1364/1241 1240/1362/1240 1271/1425/1271 1272/1395/1272
f 1261/1426/1261 1260/1427/1260 1291/1428/1291 1292/1429/1292
f 1248/1401/1248 1247/1398/1247 1278/1430/1278 1279/1431/1279
f 1275/1402/1275 1274/1399/1274 1305/1432/1305 1306/1433/1306
f 1262/1434/1262 1261/1426/1261 1292/1429/1292 1293/1435/1293
f 1249/1404/1249 1248/1401/1248 1279/1431/1279 1280/1436/1280
f 1276/1405/1276 1275/1402/1275 1306/1433/1306 1307/1437/1307
f 1263/1438/1263 1262/1434/1262 1293/1435/1293 1294/1439/1294
f 1250/1407/1250 1249/1404/1249 1280/1436/1280 1281/1440/1281
f 1277/1408/1277 1276/1405/1276 1307/1437/1307 1308/1441/1308
f 1264/1442/1264 1263/1438/1263 1294/1439/1294 1295/1443/1295
f 1251/1410/1251 1250/1407/1250 1281/1440/1281 1282/1444/1282
f 26/52/26 1277/1408/1277 1308/1441/1308
f 1265/1445/1265 1264/1442/1264 1295/1443/1295 1296/1446/1296
f 1252/1412/1252 1251/1410/1251 1282/1444/1282 1283/1447/1283
f 1266/1448/1266 1265/1445/1265 1296/1446/1296 1297/1449/1297
f 1253/1414/1253 1252/1412/1252 1283/1447/1283 1284/1450/1284
f 1267/1451/1267 1266/1448/1266 1297/1449/1297 1298/1452/1298
f 1254/1416/1254 1253/1414/1253 1284/1450/1284 1285/1453/1285
f 1268/1454/1268 1267/1451/1267 1298/1452/1298 1299/1455/1299
f 1255/1456/1255 1254/1457/1254 1285/1458/1285 1286/1459/1286
f 1269/1460/1269 1268/1454/1268 1299/1455/1299 1300/1461/1300
f 1256/1462/1256 1255/1456/1255 1286/1459/1286 1287/1463/1287
f 1270/1424/1270 1269/1464/1269 1300/1465/1300 1301/1466/1301
f 1257/1467/1257 1256/1462/1256 1287/1463/1287 1288/1468/1288
f 1271/1425/1271 1270/1424/1270 1301/1466/1301 1302/1469/1302
f 1258/1470/1258 1257/1467/1257 1288/1468/1288 1289/1471/1289
f 1272/1395/1272 1271/1425/1271 1302/1469/1302 1303/1472/1303
f 1259/1473/1259 1258/1470/1258 1289/1471/1289 1290/1474/1290
f 1273/1396/1273 1272/1395/1272 1303/1472/1303 1304/1475/1304
f 1260/1427/1260 1259/1473/1259 1290/1474/1290 1291/1428/1291
f 1247/1398/1247 1/26/1 1278/1430/1278
f 1274/1399/1274 1273/1396/1273 1304/1475/1304 1305/1432/1305
f 1294/1439/1294 1293/1435/1293 1324/1476/1324 1325/1477/1325
f 1281/1440/1281 1280/1436/1280 1311/1478/1311 1312/1479/1312
f 1308/1441/1308 1307/1437/1307 1338/1480/1338 1339/1481/1339
f 1295/1443/1295 1294/1439/1294 1325/1477/1325 1326/1482/1326
f 1282/1444/1282 1281/1440/1281 1312/1479/1312 1313/1483/1313
f 26/52/26 1308/1441/1308 1339/1481/1339
f 1296/1446/1296 1295/1443/1295 1326/1482/1326 1327/1484/1327
f 1283/1447/1283 1282/1444/1282 1313/1483/1313 1314/1485/1314
f 1297/1449/1297 1296/1446/1296 1327/1484/1327 1328/1486/1328
f 1284/1450/1284 1283/1447/1283 1314/1485/1314 1315/1487/1315
f 1298/1452/1298 1297/1449/1297 1328/1486/1328 1329/1488/1329
f 1285/1453/1285 1284/1450/1284 1315/1487/1315 1316/1489/1316
f 1299/1455/1299 1298/1452/1298 1329/1488/1329 1330/1490/1330
f 1286/1459/1286 1285/1458/1285 1316/1491/1316 1317/1492/1317
f 1300/1461/1300 1299/1455/1299 1330/1490/1330 1331/1493/1331
f 1287/1463/1287 1286/1459/1286 1317/1492/1317 1318/1494/1318
f 1301/1495/1301 1300/1461/1300 1331/1493/1331 1332/1496/1332
f 1288/1468/1288 1287/1463/1287 1318/1494/1318 1319/1497/1319
f 1302/1469/1302 1301/1466/1301 1332/1498/1332 1333/1499/1333
f 1289/1471/1289 1288/1468/1288 1319/1497/1319 1320/1500/1320
f 1303/1472/1303 1302/1469/1302 1333/1499/1333 1334/1501/1334
f 1290/1474/1290 1289/1471/1289 1320/1500/1320 1321/1502/1321
f 1304/1475/1304 1303/1472/1303 1334/1501/1334 1335/1503/1335
f 1291/1428/1291 1290/1474/1290 1321/1502/1321 1322/1504/1322
f 1278/1430/1278 1/26/1 1309/1505/1309
f 1305/1432/1305 1304/1475/1304 1335/1503/1335 1336/1506/1336
f 1292/1429/1292 1291/1428/1291 1322/1504/1322 1323/1507/1323
f 1279/1431/1279 1278/1430/1278 1309/1505/1309 1310/1508/1310
f 1306/1433/1306 1305/1432/1305 1336/1506/1336 1337/1509/1337
f 1293/1435/1293 1292/1429/1292 1323/1507/1323 1324/1476/1324
f 1280/1436/1280 1279/1431/1279 1310/1508/1310 1311/1478/1311
f 1307/1437/1307 1306/1433/1306 1337/1509/1337 1338/1480/1338
f 1327/1484/1327 1326/1482/1326 1357/1510/1357 1358/1511/1358
f 1314/1485/1314 1313/1483/1313 1344/1512/1344 1345/1513/1345
f 1328/1486/1328 1327/1484/1327 1358/1511/1358 1359/1514/1359
f 1315/1487/1315 1314/1485/1314 1345/1513/1345 1346/1515/1346
f 1329/1488/1329 1328/1486/1328 1359/1514/1359 1360/1516/1360
f 1316/1491/1316 1315/1517/1315 1346/1518/1346 1347/1519/1347
f 1330/1490/1330 1329/1488/1329 1360/1516/1360 1361/1520/1361
f 1317/1492/1317 1316/1491/1316 1347/1519/1347 1348/1521/1348
f 1331/1493/1331 1330/1490/1330 1361/1520/1361 1362/1522/1362
f 1318/1494/1318 1317/1492/1317 1348/1521/1348 1349/1523/1349
f 1332/1496/1332 1331/1493/1331 1362/1522/1362 1363/1524/1363
f 1319/1497/1319 1318/1494/1318 1349/1523/1349 1350/1525/1350
f 1333/1499/1333 1332/1498/1332 1363/1526/1363 1364/1527/1364
f 1320/1500/1320 1319/1497/1319 1350/1525/1350 1351/1528/1351
f 1334/1501/1334 1333/1499/1333 1364/1527/1364 1365/1529/1365
f 1321/1502/1321 1320/1500/1320 1351/1528/1351 1352/1530/1352
f 1335/1503/1335 1334/1501/1334 1365/1529/1365 1366/1531/1366
f 1322/1504/1322 1321/1502/1321 1352/1530/1352 1353/1532/1353
f 1309/1505/1309 1/26/1 1340/1533/1340
f 1336/1506/1336 1335/1503/1335 1366/1531/1366 1367/1534/1367
f 1323/1507/1323 1322/1504/1322 1353/1532/1353 1354/1535/1354
f 1310/1508/1310 1309/1505/1309 1340/1533/1340 1341/1536/1341
f 1337/1509/1337 1336/1506/1336 1367/1534/1367 1368/1537/1368
f 1324/1476/1324 1323/1507/1323 1354/1535/1354 1355/1538/1355
f 1311/1478/1311 1310/1508/1310 1341/1536/1341 1342/1539/1342
f 1338/1480/1338 1337/1509/1337 1368/1537/1368 1369/1540/1369
f 1325/1477/1325 1324/1476/1324 1355/1538/1355 1356/1541/1356
f 1312/1479/1312 1311/1478/1311 1342/1539/1342 1343/1542/1343
f 1339/1481/1339 1338/1480/1338 1369/1540/1369 1370/1543/1370
f 1326/1482/1326 1325/1477/1325 1356/1541/1356 1357/1510/1357
f 1313/1483/1313 1312/1479/1312 1343/1542/1343 1344/1512/1344
f 26/52/26 1339/1481/1339 1370/1543/1370
f 1360/1516/1360 1359/1514/1359 1390/1544/1390 1391/1545/1391
f 1347/1519/1347 1346/1518/1346 1377/1546/1377 1378/1547/1378
f 1361/1520/1361 1360/1516/1360 1391/1545/1391 1392/1548/1392
f 1348/1521/1348 1347/1519/1347 1378/1547/1378 1379/1549/1379
f 1362/1522/1362 1361/1520/1361 1392/1548/1392 1393/1550/1393
f 1349/1523/1349 1348/1521/1348 1379/1549/1379 1380/1551/1380
f 1363/1524/1363 1362/1522/1362 1393/1550/1393 1394/1552/1394
f 1350/1525/1350 1349/1523/1349 1380/1551/1380 1381/1553/1381
f 1364/1527/1364 1363/1526/1363 1394/1554/1394 1395/1555/1395
f 1351/1528/1351 1350/1525/1350 1381/1553/1381 1382/1556/1382
f 1365/1529/1365 1364/1527/1364 1395/1555/1395 1396/1557/1396
f 1352/1530/1352 1351/1528/1351 1382/1556/1382 1383/1558/1383
f 1366/1531/1366 1365/1529/1365 1396/1557/1396 1397/1559/1397
f 1353/1532/1353 1352/1530/1352 1383/1558/1383 1384/1560/1384
f 1340/1533/1340 1/26/1 1371/1561/1371
f 1367/1534/1367 1366/1531/1366 1397/1559/1397 1398/1562/1398
f 1354/1535/1354 1353/1532/1353 1384/1560/1384 1385/1563/1385
f 1341/1536/1341 1340/1533/1340 1371/1561/1371 1372/1564/1372
f 1368/1537/1368 1367/1534/1367 1398/1562/1398 1399/1565/1399
f 1355/1538/1355 1354/1535/1354 1385/1563/1385 1386/1566/1386
f 1342/1539/1342 1341/1536/1341 1372/1564/1372 1373/1567/1373
f 1369/1540/1369 1368/1537/1368 1399/1565/1399 1400/1568/1400
f 1356/1541/1356 1355/1538/1355 1386/1566/1386 1387/1569/1387
f 1343/1542/1343 1342/1539/1342 1373/1567/1373 1374/1570/1374
f 1370/1543/1370 1369/1540/1369 1400/1568/1400 1401/1571/1401
f 1357/1510/1357 1356/1541/1356 1387/1569/1387 1388/1572/1388
f 1344/1512/1344 1343/1542/1343 1374/1570/1374 1375/1573/1375
f 26/52/26 1370/1543/1370 1401/1571/1401
f 1358/1511/1358 1357/1510/1357 1388/1572/1388 1389/1574/1389
f 1345/1513/1345 1344/1512/1344 1375/1573/1375 1376/1575/1376
f 1359/1514/1359 1358/1511/1358 1389/1574/1389 1390/1544/1390
f 1346/1515/1346 1345/1513/1345 1376/1575/1376 1377/1576/1377
f 1393/1550/1393 1392/1548/1392 1423/1577/1423 1424/1578/1424
f 1380/1551/1380 1379/1549/1379 1410/1579/1410 1411/1580/1411
f 1394/1552/1394 1393/1550/1393 1424/1578/1424 1425/1581/1425
f 1381/1553/1381 1380/1551/1380 1411/1580/1411 1412/1582/1412
f 1395/1555/1395 1394/1554/1394 1425/1583/1425 1426/1584/1426
f 1382/1556/1382 1381/1553/1381 1412/1582/1412 1413/1585/1413
f 1396/1557/1396 1395/1555/1395 1426/1584/1426 1427/1586/1427
f 1383/1558/1383 1382/1556/1382 1413/1585/1413 1414/1587/1414
f 1397/1559/1397 1396/1557/1396 1427/1586/1427 1428/1588/1428
f 1384/1560/1384 1383/1558/1383 1414/1587/1414 1415/1589/1415
f 1371/1561/1371 1/26/1 1402/1590/1402
f 1398/1562/1398 1397/1559/1397 1428/1588/1428 1429/1591/1429
f 1385/1563/1385 1384/1560/1384 1415/1589/1415 1416/1592/1416
f 1372/1564/1372 1371/1561/1371 1402/1590/1402 1403/1593/1403
f 1399/1565/1399 1398/1562/1398 1429/1591/1429 1430/1594/1430
f 1386/1566/1386 1385/1563/1385 1416/1592/1416 1417/1595/1417
f 1373/1567/1373 1372/1564/1372 1403/1593/1403 1404/1596/1404
f 1400/1568/1400 1399/1565/1399 1430/1594/1430 1431/1597/1431
f 1387/1569/1387 1386/1566/1386 1417/1595/1417 1418/1598/1418
f 1374/1570/1374 1373/1567/1373 1404/1596/1404 1405/1599/1405
f 1401/1571/1401 1400/1568/1400 1431/1597/1431 1432/1600/1432
f 1388/1572/1388 1387/1569/1387 1418/1598/1418 1419/1601/1419
f 1375/1573/1375 1374/1570/1374 1405/1599/1405 1406/1602/1406
f 26/52/26 1401/1571/1401 1432/1600/1432
f 1389/1574/1389 1388/1572/1388 1419/1601/1419 1420/1603/1420
f 1376/1575/1376 1375/1573/1375 1406/1602/1406 1407/1604/1407
f 1390/1544/1390 1389/1574/1389 1420/1603/1420 1421/1605/1421
f 1377/1576/1377 1376/1575/1376 1407/1604/1407 1408/1606/1408
f 1391/1545/1391 1390/1544/1390 1421/1605/1421 1422/1607/1422
f 1378/1547/1378 1377/1546/1377 1408/1608/1408 1409/1609/1409
f 1392/1548/1392 1391/1545/1391 1422/1607/1422 1423/1577/1423
f 1379/1549/1379 1378/1547/1378 1409/1609/1409 1410/1579/1410
f 1426/1584/1426 1425/1583/1425 1437/12/1437 21/11/21
f 1413/1585/1413 1412/1582/1412 1435/9/1435 10/15/10
f 1427/1586/1427 1426/1584/1426 21/11/21 1438/17/1438
f 1414/1587/1414 1413/1585/1413 10/15/10 11/19/11
f 1428/1588/1428 1427/1586/1427 1438/17/1438 22/21/22
f 1415/1589/1415 1414/1587/1414 11/19/11 12/23/12
f 1402/1590/1402 1/26/1 2/25/2
f 1429/1591/1429 1428/1588/1428 22/21/22 1439/28/1439
f 1416/1592/1416 1415/1589/1415 12/23/12 13/30/13
f 1403/1593/1403 1402/1590/1402 2/25/2 3/32/3
f 1430/1594/1430 1429/1591/1429 1439/28/1439 23/34/23
f 1417/1595/1417 1416/1592/1416 13/30/13 14/36/14
f 1404/1596/1404 1403/1593/1403 3/32/3 4/38/4
f 1431/1597/1431 1430/1594/1430 23/34/23 24/40/24
f 1418/1598/1418 1417/1595/1417 14/36/14 15/42/15
f 1405/1599/1405 1404/1596/1404 4/38/4 1433/44/1433
f 1432/1600/1432 1431/1597/1431 24/40/24 25/46/25
f 1419/1601/1419 1418/1598/1418 15/42/15 16/48/16
f 1406/1602/1406 1405/1599/1405 1433/44/1433 5/50/5
f 26/52/26 1432/1600/1432 25/46/25
f 1420/1603/1420 1419/1601/1419 16/48/16 17/53/17
f 1407/1604/1407 1406/1602/1406 5/50/5 6/55/6
f 1421/1605/1421 1420/1603/1420 17/53/17 18/57/18
f 1408/1606/1408 1407/1604/1407 6/55/6 7/59/7
f 1422/1607/1422 1421/1605/1421 18/57/18 1436/61/1436
f 1409/1609/1409 1408/1608/1408 7/64/7 8/63/8
f 1423/1577/1423 1422/1607/1422 1436/61/1436 19/67/19
f 1410/1579/1410 1409/1609/1409 8/63/8 9/2/9
f 1424/1578/1424 1423/1577/1423 19/67/19 20/6/20
f 1411/1580/1411 1410/1579/1410 9/2/9 1434/1/1434
f 1425/1581/1425 1424/1578/1424 20/6/20 1437/5/1437
f 1412/1582/1412 1411/1580/1411 1434/1/1434 1435/9/1435
f 2873/1610/2234 1475/1611/1457 1474/1612/1456 1448/1613/1445
f 2876/1614/724 1489/1615/750 1488/1616/751 1459/1617/725
f 2874/1618/2235 1476/1619/1458 1475/1611/1457 2873/1610/2234
f 1460/1620/723 1490/1621/1460 1489/1615/750 2876/1614/724
f 1449/1622/736 1477/1623/762 1476/1619/1458 2874/1618/2235
f 2877/1624/2236 1491/1625/748 1490/1626/1460 1460/1627/723
f 1450/1628/1446 1478/1629/761 1477/1623/762 1449/1622/736
f 1461/1630/721 1492/1631/1461 1491/1625/748 2877/1624/2236
f 1451/1632/734 1479/1633/760 1478/1629/761 1450/1628/1446
f 1441/1634/742 1466/1635/1449 1440/1636/26
f 2878/1637/720 1493/1638/1462 1492/1631/1461 1461/1630/721
f 1452/1639/733 1480/1640/759 1479/1633/760 1451/1632/734
f 1442/1641/741 1467/1642/767 1466/1635/1449 1441/1634/742
f 1462/1643/1448 1494/1644/1463 1493/1638/1462 2878/1637/720
f 1453/1645/732 1481/1646/758 1480/1640/759 1452/1639/733
f 1443/1647/1440 1468/1648/1450 1467/1642/767 1442/1641/741
f 1463/1649/718 1495/1650/744 1494/1644/1463 1462/1643/1448
f 1454/1651/731 1482/1652/757 1481/1646/758 1453/1645/732
f 2872/1653/739 1469/1654/1451 1468/1648/1450 1443/1647/1440
f 1464/1655/717 1496/1656/1464 1495/1650/744 1463/1649/718
f 1455/1657/730 1483/1658/756 1482/1652/757 1454/1651/731
f 1444/1659/1441 1470/1660/1452 1469/1654/1451 2872/1653/739
f 1465/1661/1 1496/1656/1464 1464/1655/717
f 1456/1662/1447 1484/1663/755 1483/1658/756 1455/1657/730
f 1445/1664/1442 1471/1665/1453 1470/1660/1452 1444/1659/1441
f 1457/1666/728 1485/1667/754 1484/1663/755 1456/1662/1447
f 1446/1668/1443 1472/1669/1454 1471/1665/1453 1445/1664/1442
f 2875/1670/727 1486/1671/1459 1485/1667/754 1457/1666/728
f 1447/1672/1444 1473/1673/1455 1472/1674/1454 1446/1675/1443
f 1458/1676/726 1487/1677/752 1486/1671/1459 2875/1670/727
f 1448/1613/1445 1474/1612/1456 1473/1673/1455 1447/1672/1444
f 1459/1617/725 1488/1616/751 1487/1677/752 1458/1676/726
f 1470/1660/1452 1501/1678/1467 1500/1679/791 1469/1654/1451
f 1465/1661/1 1527/1680/1484 1496/1656/1464
f 1484/1663/755 1515/1681/1477 1514/1682/1476 1483/1658/756
f 1471/1665/1453 1502/1683/1468 1501/1678/1467 1470/1660/1452
f 1485/1667/754 1516/1684/780 1515/1681/1477 1484/1663/755
f 1472/1669/1454 1503/1685/1469 1502/1683/1468 1471/1665/1453
f 1486/1671/1459 1517/1686/1478 1516/1684/780 1485/1667/754
f 1473/1687/1455 1504/1688/1470 1503/1685/1469 1472/1669/1454
f 1487/1677/752 1518/1689/1479 1517/1686/1478 1486/1671/1459
f 1474/1612/1456 1505/1690/1471 1504/1691/1470 1473/1673/1455
f 1488/1616/751 1519/1692/777 1518/1689/1479 1487/1677/752
f 1475/1611/1457 1506/1693/1472 1505/1690/1471 1474/1612/1456
f 1489/1615/750 1520/1694/1480 1519/1692/777 1488/1616/751
f 1476/1619/1458 1507/1695/1473 1506/1693/1472 1475/1611/1457
f 1490/1621/1460 1521/1696/1481 1520/1694/1480 1489/1615/750
f 1477/1623/762 1508/1697/788 1507/1695/1473 1476/1619/1458
f 1491/1625/748 1522/1698/774 1521/1699/1481 1490/1626/1460
f 1478/1629/761 1509/1700/1474 1508/1697/788 1477/1623/762
f 1492/1631/1461 1523/1701/1482 1522/1698/774 1491/1625/748
f 1479/1633/760 1510/1702/1475 1509/1700/1474 1478/1629/761
f 1466/1635/1449 1497/1703/1465 1440/1636/26
f 1493/1638/1462 1524/1704/772 1523/1701/1482 1492/1631/1461
f 1480/1640/759 1511/1705/785 1510/1702/1475 1479/1633/760
f 1467/1642/767 1498/1706/793 1497/1703/1465 1466/1635/1449
f 1494/1644/1463 1525/1707/1483 1524/1704/772 1493/1638/1462
f 1481/1646/758 1512/1708/784 1511/1705/785 1480/1640/759
f 1468/1648/1450 1499/1709/1466 1498/1706/793 1467/1642/767
f 1495/1650/744 1526/1710/770 1525/1707/1483 1494/1644/1463
f 1482/1652/757 1513/1711/783 1512/1708/784 1481/1646/758
f 1469/1654/1451 1500/1679/791 1499/1709/1466 1468/1648/1450
f 1496/1656/1464 1527/1680/1484 1526/1710/770 1495/1650/744
f 1483/1658/756 1514/1682/1476 1513/1711/783 1482/1652/757
f 1503/1685/1469 1534/1712/1491 1533/1713/1490 1502/1683/1468
f 1517/1686/1478 1548/1714/1503 1547/1715/1502 1516/1684/780
f 1504/1688/1470 1535/1716/1492 1534/1712/1491 1503/1685/1469
f 1518/1689/1479 1549/1717/1504 1548/1714/1503 1517/1686/1478
f 1505/1690/1471 1536/1718/1493 1535/1719/1492 1504/1691/1470
f 1519/1692/777 1550/1720/1505 1549/1717/1504 1518/1689/1479
f 1506/1693/1472 1537/1721/1494 1536/1718/1493 1505/1690/1471
f 1520/1694/1480 1551/1722/1506 1550/1720/1505 1519/1692/777
f 1507/1695/1473 1538/1723/1495 1537/1721/1494 1506/1693/1472
f 1521/1699/1481 1552/1724/801 1551/1725/1506 1520/1726/1480
f 1508/1697/788 1539/1727/1496 1538/1723/1495 1507/1695/1473
f 1522/1698/774 1553/1728/1507 1552/1724/801 1521/1699/1481
f 1509/1700/1474 1540/1729/813 1539/1727/1496 1508/1697/788
f 1523/1701/1482 1554/1730/799 1553/1728/1507 1522/1698/774
f 1510/1702/1475 1541/1731/1497 1540/1729/813 1509/1700/1474
f 1497/1703/1465 1528/1732/1485 1440/1636/26
f 1524/1704/772 1555/1733/1508 1554/1730/799 1523/1701/1482
f 1511/1705/785 1542/1734/1498 1541/1731/1497 1510/1702/1475
f 1498/1706/793 1529/1735/1486 1528/1732/1485 1497/1703/1465
f 1525/1707/1483 1556/1736/1509 1555/1733/1508 1524/1704/772
f 1512/1708/784 1543/1737/1499 1542/1734/1498 1511/1705/785
f 1499/1709/1466 1530/1738/1487 1529/1735/1486 1498/1706/793
f 1526/1710/770 1557/1739/1510 1556/1736/1509 1525/1707/1483
f 1513/1711/783 1544/1740/1500 1543/1737/1499 1512/1708/784
f 1500/1679/791 1531/1741/1488 1530/1738/1487 1499/1709/1466
f 1527/1680/1484 1558/1742/1511 1557/1739/1510 1526/1710/770
f 1514/1682/1476 1545/1743/1501 1544/1740/1500 1513/1711/783
f 1501/1678/1467 1532/1744/1489 1531/1741/1488 1500/1679/791
f 1465/1661/1 1558/1742/1511 1527/1680/1484
f 1515/1681/1477 1546/1745/807 1545/1743/1501 1514/1682/1476
f 1502/1683/1468 1533/1713/1490 1532/1744/1489 1501/1678/1467
f 1516/1684/780 1547/1715/1502 1546/1745/807 1515/1681/1477
f 1536/1718/1493 1567/1746/1520 1566/1747/1519 1535/1719/1492
f 1550/1720/1505 1581/1748/830 1580/1749/1529 1549/1717/1504
f 1537/1721/1494 1568/1750/1521 1567/1746/1520 1536/1718/1493
f 1551/1722/1506 1582/1751/829 1581/1748/830 1550/1720/1505
f 1538/1723/1495 1569/1752/1522 1568/1750/1521 1537/1721/1494
f 1552/1724/801 1583/1753/828 1582/1754/829 1551/1725/1506
f 1539/1727/1496 1570/1755/1523 1569/1752/1522 1538/1723/1495
f 1553/1728/1507 1584/1756/1530 1583/1753/828 1552/1724/801
f 1540/1729/813 1571/1757/1524 1570/1755/1523 1539/1727/1496
f 1554/1730/799 1585/1758/1531 1584/1756/1530 1553/1728/1507
f 1541/1731/1497 1572/1759/839 1571/1757/1524 1540/1729/813
f 1528/1732/1485 1559/1760/1512 1440/1636/26
f 1555/1733/1508 1586/1761/1532 1585/1758/1531 1554/1730/799
f 1542/1734/1498 1573/1762/838 1572/1759/839 1541/1731/1497
f 1529/1735/1486 1560/1763/1513 1559/1760/1512 1528/1732/1485
f 1556/1736/1509 1587/1764/1533 1586/1761/1532 1555/1733/1508
f 1543/1737/1499 1574/1765/1525 1573/1762/838 1542/1734/1498
f 1530/1738/1487 1561/1766/1514 1560/1763/1513 1529/1735/1486
f 1557/1739/1510 1588/1767/1534 1587/1764/1533 1556/1736/1509
f 1544/1740/1500 1575/1768/836 1574/1765/1525 1543/1737/1499
f 1531/1741/1488 1562/1769/1515 1561/1766/1514 1530/1738/1487
f 1558/1742/1511 1589/1770/1535 1588/1767/1534 1557/1739/1510
f 1545/1743/1501 1576/1771/835 1575/1768/836 1544/1740/1500
f 1532/1744/1489 1563/1772/1516 1562/1769/1515 1531/1741/1488
f 1465/1661/1 1589/1770/1535 1558/1742/1511
f 1546/1745/807 1577/1773/1526 1576/1771/835 1545/1743/1501
f 1533/1713/1490 1564/1774/1517 1563/1772/1516 1532/1744/1489
f 1547/1715/1502 1578/1775/1527 1577/1773/1526 1546/1745/807
f 1534/1712/1491 1565/1776/1518 1564/1774/1517 1533/1713/1490
f 1548/1714/1503 1579/1777/1528 1578/1775/1527 1547/1715/1502
f 1535/1716/1492 1566/1778/1519 1565/1776/1518 1534/1712/1491
f 1549/1717/1504 1580/1749/1529 1579/1777/1528 1548/1714/1503
f 1569/1752/1522 1600/1779/1546 1599/1780/1545 1568/1750/1521
f 1583/1753/828 1614/1781/1557 1613/1782/1556 1582/1754/829
f 1570/1755/1523 1601/1783/1547 1600/1779/1546 1569/1752/1522
f 1584/1756/1530 1615/1784/854 1614/1781/1557 1583/1753/828
f 1571/1757/1524 1602/1785/1548 1601/1783/1547 1570/1755/1523
f 1585/1758/1531 1616/1786/1558 1615/1784/854 1584/1756/1530
f 1572/1759/839 1603/1787/866 1602/1785/1548 1571/1757/1524
f 1559/1760/1512 1590/1788/1536 1440/1636/26
f 1586/1761/1532 1617/1789/1559 1616/1786/1558 1585/1758/1531
f 1573/1762/838 1604/1790/1549 1603/1787/866 1572/1759/839
f 1560/1763/1513 1591/1791/1537 1590/1788/1536 1559/1760/1512
f 1587/1764/1533 1618/1792/1560 1617/1789/1559 1586/1761/1532
f 1574/1765/1525 1605/1793/1550 1604/1790/1549 1573/1762/838
f 1561/1766/1514 1592/1794/1538 1591/1791/1537 1560/1763/1513
f 1588/1767/1534 1619/1795/1561 1618/1792/1560 1587/1764/1533
f 1575/1768/836 1606/1796/1551 1605/1793/1550 1574/1765/1525
f 1562/1769/1515 1593/1797/1539 1592/1794/1538 1561/1766/1514
f 1589/1770/1535 1620/1798/1562 1619/1795/1561 1588/1767/1534
f 1576/1771/835 1607/1799/862 1606/1796/1551 1575/1768/836
f 1563/1772/1516 1594/1800/1540 1593/1797/1539 1562/1769/1515
f 1465/1661/1 1620/1798/1562 1589/1770/1535
f 1577/1773/1526 1608/1801/1552 1607/1799/862 1576/1771/835
f 1564/1774/1517 1595/1802/1541 1594/1800/1540 1563/1772/1516
f 1578/1775/1527 1609/1803/1553 1608/1801/1552 1577/1773/1526
f 1565/1776/1518 1596/1804/1542 1595/1802/1541 1564/1774/1517
f 1579/1777/1528 1610/1805/859 1609/1803/1553 1578/1775/1527
f 1566/1778/1519 1597/1806/1543 1596/1804/1542 1565/1776/1518
f 1580/1749/1529 1611/1807/1554 1610/1805/859 1579/1777/1528
f 1567/1808/1520 1598/1809/1544 1597/1806/1543 1566/1778/1519
f 1581/1748/830 1612/1810/1555 1611/1807/1554 1580/1749/1529
f 1568/1750/1521 1599/1780/1545 1598/1811/1544 1567/1746/1520
f 1582/1751/829 1613/1812/1556 1612/1810/1555 1581/1748/830
f 1602/1813/1548 1633/1814/1571 1632/1815/896 1601/1816/1547
f 1616/1786/1558 1647/1817/881 1646/1818/882 1615/1784/854
f 1603/1819/866 1634/1820/894 1633/1814/1571 1602/1813/1548
f 1590/1788/1536 1621/1821/1563 1440/1636/26
f 1617/1789/1559 1648/1822/880 1647/1817/881 1616/1786/1558
f 1604/1823/1549 1635/1824/1572 1634/1820/894 1603/1819/866
f 1591/1791/1537 1622/1825/1564 1621/1821/1563 1590/1788/1536
f 1618/1792/1560 1649/1826/1576 1648/1822/880 1617/1789/1559
f 1605/1827/1550 1636/1828/892 1635/1824/1572 1604/1823/1549
f 1592/1794/1538 1623/1829/1565 1622/1825/1564 1591/1791/1537
f 1619/1795/1561 1650/1830/1577 1649/1826/1576 1618/1792/1560
f 1606/1831/1551 1637/1832/1573 1636/1828/892 1605/1827/1550
f 1593/1797/1539 1624/1833/902 1623/1829/1565 1592/1794/1538
f 1620/1798/1562 1651/1834/1578 1650/1830/1577 1619/1795/1561
f 1607/1835/862 1638/1836/890 1637/1832/1573 1606/1831/1551
f 1594/1800/1540 1625/1837/901 1624/1833/902 1593/1797/1539
f 1465/1661/1 1651/1834/1578 1620/1798/1562
f 1608/1838/1552 1639/1839/1574 1638/1836/890 1607/1835/862
f 1595/1802/1541 1626/1840/900 1625/1837/901 1594/1800/1540
f 1609/1841/1553 1640/1842/888 1639/1839/1574 1608/1838/1552
f 1596/1804/1542 1627/1843/1566 1626/1840/900 1595/1802/1541
f 1610/1844/859 1641/1845/1575 1640/1842/888 1609/1841/1553
f 1597/1806/1543 1628/1846/1567 1627/1843/1566 1596/1804/1542
f 1611/1847/1554 1642/1848/886 1641/1845/1575 1610/1844/859
f 1598/1849/1544 1629/1850/1568 1628/1851/1567 1597/1852/1543
f 1612/1853/1555 1643/1854/885 1642/1848/886 1611/1847/1554
f 1599/1855/1545 1630/1856/1569 1629/1850/1568 1598/1849/1544
f 1613/1857/1556 1644/1858/884 1643/1854/885 1612/1853/1555
f 1600/1859/1546 1631/1860/1570 1630/1856/1569 1599/1855/1545
f 1614/1781/1557 1645/1861/883 1644/1862/884 1613/1782/1556
f 1601/1816/1547 1632/1815/896 1631/1860/1570 1600/1859/1546
f 1615/1784/854 1646/1818/882 1645/1861/883 1614/1781/1557
f 1635/1824/1572 1666/1863/1589 1665/1864/1588 1634/1820/894
f 1622/1825/1564 1653/1865/1580 1652/1866/1579 1621/1821/1563
f 1649/1826/1576 1680/1867/1596 1679/1868/909 1648/1822/880
f 1636/1828/892 1667/1869/1590 1666/1863/1589 1635/1824/1572
f 1623/1829/1565 1654/1870/1581 1653/1865/1580 1622/1825/1564
f 1650/1830/1577 1681/1871/1597 1680/1867/1596 1649/1826/1576
f 1637/1832/1573 1668/1872/1591 1667/1869/1590 1636/1828/892
f 1624/1833/902 1655/1873/933 1654/1870/1581 1623/1829/1565
f 1651/1834/1578 1682/1874/1598 1681/1871/1597 1650/1830/1577
f 1638/1836/890 1669/1875/1592 1668/1872/1591 1637/1832/1573
f 1625/1837/901 1656/1876/932 1655/1873/933 1624/1833/902
f 1465/1661/1 1682/1874/1598 1651/1834/1578
f 1639/1839/1574 1670/1877/1593 1669/1875/1592 1638/1836/890
f 1626/1840/900 1657/1878/931 1656/1876/932 1625/1837/901
f 1640/1842/888 1671/1879/917 1670/1877/1593 1639/1839/1574
f 1627/1843/1566 1658/1880/1582 1657/1878/931 1626/1840/900
f 1641/1845/1575 1672/1881/916 1671/1879/917 1640/1842/888
f 1628/1846/1567 1659/1882/1583 1658/1880/1582 1627/1843/1566
f 1642/1848/886 1673/1883/915 1672/1881/916 1641/1845/1575
f 1629/1850/1568 1660/1884/1584 1659/1885/1583 1628/1851/1567
f 1643/1854/885 1674/1886/1594 1673/1883/915 1642/1848/886
f 1630/1856/1569 1661/1887/1585 1660/1884/1584 1629/1850/1568
f 1644/1858/884 1675/1888/913 1674/1886/1594 1643/1854/885
f 1631/1860/1570 1662/1889/1586 1661/1887/1585 1630/1856/1569
f 1645/1861/883 1676/1890/1595 1675/1891/913 1644/1862/884
f 1632/1815/896 1663/1892/925 1662/1889/1586 1631/1860/1570
f 1646/1818/882 1677/1893/911 1676/1890/1595 1645/1861/883
f 1633/1814/1571 1664/1894/1587 1663/1892/925 1632/1815/896
f 1647/1817/881 1678/1895/910 1677/1893/911 1646/1818/882
f 1634/1820/894 1665/1864/1588 1664/1894/1587 1633/1814/1571
f 1621/1821/1563 1652/1866/1579 1440/1636/26
f 1648/1822/880 1679/1868/909 1678/1895/910 1647/1817/881
f 1668/1872/1591 1699/1896/951 1698/1897/952 1667/1869/1590
f 1655/1873/933 1686/1898/1602 1685/1899/1601 1654/1870/1581
f 1682/1874/1598 1713/1900/1608 1712/1901/1607 1681/1871/1597
f 1669/1875/1592 1700/1902/950 1699/1896/951 1668/1872/1591
f 1656/1876/932 1687/1903/963 1686/1898/1602 1655/1873/933
f 1465/1661/1 1713/1900/1608 1682/1874/1598
f 1670/1877/1593 1701/1904/949 1700/1902/950 1669/1875/1592
f 1657/1878/931 1688/1905/962 1687/1903/963 1656/1876/932
f 1671/1879/917 1702/1906/1604 1701/1904/949 1670/1877/1593
f 1658/1880/1582 1689/1907/961 1688/1905/962 1657/1878/931
f 1672/1881/916 1703/1908/947 1702/1906/1604 1671/1879/917
f 1659/1885/1583 1690/1909/960 1689/1910/961 1658/1911/1582
f 1673/1883/915 1704/1912/946 1703/1908/947 1672/1881/916
f 1660/1884/1584 1691/1913/959 1690/1909/960 1659/1885/1583
f 1674/1886/1594 1705/1914/945 1704/1912/946 1673/1883/915
f 1661/1887/1585 1692/1915/958 1691/1913/959 1660/1884/1584
f 1675/1888/913 1706/1916/944 1705/1914/945 1674/1886/1594
f 1662/1889/1586 1693/1917/957 1692/1915/958 1661/1887/1585
f 1676/1918/1595 1707/1919/943 1706/1916/944 1675/1888/913
f 1663/1892/925 1694/1920/1603 1693/1917/957 1662/1889/1586
f 1677/1893/911 1708/1921/942 1707/1922/943 1676/1890/1595
f 1664/1894/1587 1695/1923/955 1694/1920/1603 1663/1892/925
f 1678/1895/910 1709/1924/941 1708/1921/942 1677/1893/911
f 1665/1864/1588 1696/1925/954 1695/1923/955 1664/1894/1587
f 1652/1866/1579 1683/1926/1599 1440/1636/26
f 1679/1868/909 1710/1927/1605 1709/1924/941 1678/1895/910
f 1666/1863/1589 1697/1928/953 1696/1925/954 1665/1864/1588
f 1653/1865/1580 1684/1929/1600 1683/1926/1599 1652/1866/1579
f 1680/1867/1596 1711/1930/1606 1710/1927/1605 1679/1868/909
f 1667/1869/1590 1698/1897/952 1697/1928/953 1666/1863/1589
f 1654/1870/1581 1685/1899/1601 1684/1929/1600 1653/1865/1580
f 1681/1871/1597 1712/1901/1607 1711/1930/1606 1680/1867/1596
f 1701/1904/949 1732/1931/980 1731/1932/981 1700/1902/950
f 1688/1905/962 1719/1933/993 1718/1934/994 1687/1903/963
f 1702/1906/1604 1733/1935/979 1732/1931/980 1701/1904/949
f 1689/1907/961 1720/1936/992 1719/1933/993 1688/1905/962
f 1703/1908/947 1734/1937/1613 1733/1935/979 1702/1906/1604
f 1690/1909/960 1721/1938/991 1720/1939/992 1689/1910/961
f 1704/1912/946 1735/1940/1614 1734/1937/1613 1703/1908/947
f 1691/1913/959 1722/1941/990 1721/1938/991 1690/1909/960
f 1705/1914/945 1736/1942/976 1735/1940/1614 1704/1912/946
f 1692/1915/958 1723/1943/1611 1722/1941/990 1691/1913/959
f 1706/1916/944 1737/1944/975 1736/1942/976 1705/1914/945
f 1693/1917/957 1724/1945/1612 1723/1943/1611 1692/1915/958
f 1707/1919/943 1738/1946/974 1737/1944/975 1706/1916/944
f 1694/1920/1603 1725/1947/987 1724/1945/1612 1693/1917/957
f 1708/1921/942 1739/1948/973 1738/1949/974 1707/1922/943
f 1695/1923/955 1726/1950/986 1725/1947/987 1694/1920/1603
f 1709/1924/941 1740/1951/972 1739/1948/973 1708/1921/942
f 1696/1925/954 1727/1952/985 1726/1950/986 1695/1923/955
f 1683/1926/1599 1714/1953/1609 1440/1636/26
f 1710/1927/1605 1741/1954/971 1740/1951/972 1709/1924/941
f 1697/1928/953 1728/1955/984 1727/1952/985 1696/1925/954
f 1684/1929/1600 1715/1956/1610 1714/1953/1609 1683/1926/1599
f 1711/1930/1606 1742/1957/970 1741/1954/971 1710/1927/1605
f 1698/1897/952 1729/1958/983 1728/1955/984 1697/1928/953
f 1685/1899/1601 1716/1959/996 1715/1956/1610 1684/1929/1600
f 1712/1901/1607 1743/1960/1615 1742/1957/970 1711/1930/1606
f 1699/1896/951 1730/1961/982 1729/1958/983 1698/1897/952
f 1686/1898/1602 1717/1962/995 1716/1959/996 1685/1899/1601
f 1713/1900/1608 1744/1963/1616 1743/1960/1615 1712/1901/1607
f 1700/1902/950 1731/1932/981 1730/1961/982 1699/1896/951
f 1687/1903/963 1718/1934/994 1717/1962/995 1686/1898/1602
f 1465/1661/1 1744/1963/1616 1713/1900/1608
f 1734/1937/1613 1765/1964/1623 1764/1965/1010 1733/1935/979
f 1721/1938/991 1752/1966/1022 1751/1967/1620 1720/1939/992
f 1735/1940/1614 1766/1968/1624 1765/1964/1623 1734/1937/1613
f 1722/1941/990 1753/1969/1021 1752/1966/1022 1721/1938/991
f 1736/1942/976 1767/1970/1007 1766/1968/1624 1735/1940/1614
f 1723/1943/1611 1754/1971/1621 1753/1969/1021 1722/1941/990
f 1737/1944/975 1768/1972/1006 1767/1970/1007 1736/1942/976
f 1724/1945/1612 1755/1973/1622 1754/1971/1621 1723/1943/1611
f 1738/1946/974 1769/1974/1625 1768/1972/1006 1737/1944/975
f 1725/1947/987 1756/1975/1018 1755/1973/1622 1724/1945/1612
f 1739/1948/973 1770/1976/1004 1769/1977/1625 1738/1949/974
f 1726/1950/986 1757/1978/1017 1756/1975/1018 1725/1947/987
f 1740/1951/972 1771/1979/1003 1770/1976/1004 1739/1948/973
f 1727/1952/985 1758/1980/1016 1757/1978/1017 1726/1950/986
f 1714/1953/1609 1745/1981/1617 1440/1636/26
f 1741/1954/971 1772/1982/1002 1771/1979/1003 1740/1951/972
f 1728/1955/984 1759/1983/1015 1758/1980/1016 1727/1952/985
f 1715/1956/1610 1746/1984/1618 1745/1981/1617 1714/1953/1609
f 1742/1957/970 1773/1985/1001 1772/1982/1002 1741/1954/971
f 1729/1958/983 1760/1986/1014 1759/1983/1015 1728/1955/984
f 1716/1959/996 1747/1987/1027 1746/1984/1618 1715/1956/1610
f 1743/1960/1615 1774/1988/1626 1773/1985/1001 1742/1957/970
f 1730/1961/982 1761/1989/1013 1760/1986/1014 1729/1958/983
f 1717/1962/995 1748/1990/1026 1747/1987/1027 1716/1959/996
f 1744/1963/1616 1775/1991/1627 1774/1988/1626 1743/1960/1615
f 1731/1932/981 1762/1992/1012 1761/1989/1013 1730/1961/982
f 1718/1934/994 1749/1993/1619 1748/1990/1026 1717/1962/995
f 1465/1661/1 1775/1991/1627 1744/1963/1616
f 1732/1931/980 1763/1994/1011 1762/1992/1012 1731/1932/981
f 1719/1933/993 1750/1995/1024 1749/1993/1619 1718/1934/994
f 1733/1935/979 1764/1965/1010 1763/1994/1011 1732/1931/980
f 1720/1936/992 1751/1996/1620 1750/1995/1024 1719/1933/993
f 1767/1970/1007 1798/1997/1635 1797/1998/1039 1766/1968/1624
f 1754/1971/1621 1785/1999/1051 1784/2000/1632 1753/1969/1021
f 1768/1972/1006 1799/2001/1037 1798/1997/1635 1767/1970/1007
f 1755/1973/1622 1786/2002/1633 1785/1999/1051 1754/1971/1621
f 1769/1974/1625 1800/2003/1636 1799/2001/1037 1768/1972/1006
f 1756/1975/1018 1787/2004/1049 1786/2002/1633 1755/1973/1622
f 1770/2005/1004 1801/2006/1637 1800/2003/1636 1769/1974/1625
f 1757/1978/1017 1788/2007/1048 1787/2004/1049 1756/1975/1018
f 1771/1979/1003 1802/2008/1034 1801/2009/1637 1770/1976/1004
f 1758/1980/1016 1789/2010/1047 1788/2007/1048 1757/1978/1017
f 1745/1981/1617 1776/2011/1628 1440/1636/26
f 1772/1982/1002 1803/2012/1033 1802/2008/1034 1771/1979/1003
f 1759/1983/1015 1790/2013/1046 1789/2010/1047 1758/1980/1016
f 1746/1984/1618 1777/2014/1059 1776/2011/1628 1745/1981/1617
f 1773/1985/1001 1804/2015/1638 1803/2012/1033 1772/1982/1002
f 1760/1986/1014 1791/2016/1045 1790/2013/1046 1759/1983/1015
f 1747/1987/1027 1778/2017/1629 1777/2014/1059 1746/1984/1618
f 1774/1988/1626 1805/2018/1031 1804/2015/1638 1773/1985/1001
f 1761/1989/1013 1792/2019/1044 1791/2016/1045 1760/1986/1014
f 1748/1990/1026 1779/2020/1057 1778/2017/1629 1747/1987/1027
f 1775/1991/1627 1806/2021/1639 1805/2018/1031 1774/1988/1626
f 1762/1992/1012 1793/2022/1043 1792/2019/1044 1761/1989/1013
f 1749/1993/1619 1780/2023/1056 1779/2020/1057 1748/1990/1026
f 1465/1661/1 1806/2021/1639 1775/1991/1627
f 1763/1994/1011 1794/2024/1042 1793/2022/1043 1762/1992/1012
f 1750/1995/1024 1781/2025/1630 1780/2023/1056 1749/1993/1619
f 1764/1965/1010 1795/2026/1041 1794/2024/1042 1763/1994/1011
f 1751/1967/1620 1782/2027/1631 1781/2028/1630 1750/2029/1024
f 1765/1964/1623 1796/2030/1634 1795/2026/1041 1764/1965/1010
f 1752/1966/1022 1783/2031/1053 1782/2027/1631 1751/1967/1620
f 1766/1968/1624 1797/1998/1039 1796/2030/1634 1765/1964/1623
f 1753/1969/1021 1784/2000/1632 1783/2031/1053 1752/1966/1022
f 1800/2003/1636 1831/2032/1067 1830/2033/1068 1799/2001/1037
f 1787/2004/1049 1818/2034/1645 1817/2035/1644 1786/2002/1633
f 1801/2006/1637 1832/2036/1066 1831/2032/1067 1800/2003/1636
f 1788/2007/1048 1819/2037/1079 1818/2034/1645 1787/2004/1049
f 1802/2008/1034 1833/2038/1065 1832/2039/1066 1801/2009/1637
f 1789/2010/1047 1820/2040/1078 1819/2037/1079 1788/2007/1048
f 1776/2011/1628 1807/2041/1640 1440/1636/26
f 1803/2012/1033 1834/2042/1064 1833/2038/1065 1802/2008/1034
f 1790/2013/1046 1821/2043/1077 1820/2040/1078 1789/2010/1047
f 1777/2014/1059 1808/2044/1641 1807/2041/1640 1776/2011/1628
f 1804/2015/1638 1835/2045/1649 1834/2042/1064 1803/2012/1033
f 1791/2016/1045 1822/2046/1076 1821/2043/1077 1790/2013/1046
f 1778/2017/1629 1809/2047/1642 1808/2044/1641 1777/2014/1059
f 1805/2018/1031 1836/2048/1650 1835/2045/1649 1804/2015/1638
f 1792/2019/1044 1823/2049/1075 1822/2046/1076 1791/2016/1045
f 1779/2020/1057 1810/2050/1088 1809/2047/1642 1778/2017/1629
f 1806/2021/1639 1837/2051/1651 1836/2048/1650 1805/2018/1031
f 1793/2022/1043 1824/2052/1074 1823/2049/1075 1792/2019/1044
f 1780/2023/1056 1811/2053/1087 1810/2050/1088 1779/2020/1057
f 1465/1661/1 1837/2051/1651 1806/2021/1639
f 1794/2024/1042 1825/2054/1073 1824/2052/1074 1793/2022/1043
f 1781/2025/1630 1812/2055/1086 1811/2053/1087 1780/2023/1056
f 1795/2026/1041 1826/2056/1646 1825/2054/1073 1794/2024/1042
f 1782/2027/1631 1813/2057/1085 1812/2058/1086 1781/2028/1630
f 1796/2030/1634 1827/2059/1647 1826/2056/1646 1795/2026/1041
f 1783/2031/1053 1814/2060/1084 1813/2057/1085 1782/2027/1631
f 1797/1998/1039 1828/2061/1648 1827/2059/1647 1796/2030/1634
f 1784/2000/1632 1815/2062/1083 1814/2060/1084 1783/2031/1053
f 1798/1997/1635 1829/2063/1069 1828/2061/1648 1797/1998/1039
f 1785/1999/1051 1816/2064/1643 1815/2062/1083 1784/2000/1632
f 1799/2001/1037 1830/2033/1068 1829/2063/1069 1798/1997/1635
f 1786/2002/1633 1817/2035/1644 1816/2064/1643 1785/1999/1051
f 1833/2038/1065 1864/2065/1096 1863/2066/1660 1832/2039/1066
f 1820/2040/1078 1851/2067/1109 1850/2068/1110 1819/2037/1079
f 1807/2041/1640 1838/2069/1652 1440/1636/26
f 1834/2042/1064 1865/2070/1095 1864/2065/1096 1833/2038/1065
f 1821/2043/1077 1852/2071/1108 1851/2067/1109 1820/2040/1078
f 1808/2044/1641 1839/2072/1121 1838/2069/1652 1807/2041/1640
f 1835/2045/1649 1866/2073/1661 1865/2070/1095 1834/2042/1064
f 1822/2046/1076 1853/2074/1107 1852/2071/1108 1821/2043/1077
f 1809/2047/1642 1840/2075/1653 1839/2072/1121 1808/2044/1641
f 1836/2048/1650 1867/2076/1093 1866/2073/1661 1835/2045/1649
f 1823/2049/1075 1854/2077/1106 1853/2074/1107 1822/2046/1076
f 1810/2050/1088 1841/2078/1119 1840/2075/1653 1809/2047/1642
f 1837/2051/1651 1868/2079/1662 1867/2076/1093 1836/2048/1650
f 1824/2052/1074 1855/2080/1105 1854/2077/1106 1823/2049/1075
f 1811/2053/1087 1842/2081/1118 1841/2078/1119 1810/2050/1088
f 1465/1661/1 1868/2079/1662 1837/2051/1651
f 1825/2054/1073 1856/2082/1104 1855/2080/1105 1824/2052/1074
f 1812/2055/1086 1843/2083/1654 1842/2081/1118 1811/2053/1087
f 1826/2056/1646 1857/2084/1103 1856/2082/1104 1825/2054/1073
f 1813/2057/1085 1844/2085/1655 1843/2086/1654 1812/2058/1086
f 1827/2059/1647 1858/2087/1657 1857/2084/1103 1826/2056/1646
f 1814/2060/1084 1845/2088/1115 1844/2085/1655 1813/2057/1085
f 1828/2061/1648 1859/2089/1101 1858/2087/1657 1827/2059/1647
f 1815/2062/1083 1846/2090/1656 1845/2088/1115 1814/2060/1084
f 1829/2063/1069 1860/2091/1658 1859/2089/1101 1828/2061/1648
f 1816/2064/1643 1847/2092/1113 1846/2090/1656 1815/2062/1083
f 1830/2033/1068 1861/2093/1099 1860/2091/1658 1829/2063/1069
f 1817/2035/1644 1848/2094/1112 1847/2092/1113 1816/2064/1643
f 1831/2032/1067 1862/2095/1659 1861/2093/1099 1830/2033/1068
f 1818/2034/1645 1849/2096/1111 1848/2094/1112 1817/2035/1644
f 1832/2036/1066 1863/2097/1660 1862/2095/1659 1831/2032/1067
f 1819/2037/1079 1850/2068/1110 1849/2096/1111 1818/2034/1645
f 1839/2072/1121 1870/2098/1664 1869/2099/1663 1838/2069/1652
f 1866/2073/1661 1897/2100/1125 1896/2101/1126 1865/2070/1095
f 1853/2074/1107 1884/2102/1138 1883/2103/1139 1852/2071/1108
f 1840/2075/1653 1871/2104/1151 1870/2098/1664 1839/2072/1121
f 1867/2076/1093 1898/2105/1672 1897/2100/1125 1866/2073/1661
f 1854/2077/1106 1885/2106/1137 1884/2102/1138 1853/2074/1107
f 1841/2078/1119 1872/2107/1150 1871/2104/1151 1840/2075/1653
f 1868/2079/1662 1899/2108/1673 1898/2105/1672 1867/2076/1093
f 1855/2080/1105 1886/2109/1136 1885/2106/1137 1854/2077/1106
f 1842/2081/1118 1873/2110/1665 1872/2107/1150 1841/2078/1119
f 1465/1661/1 1899/2108/1673 1868/2079/1662
f 1856/2082/1104 1887/2111/1135 1886/2109/1136 1855/2080/1105
f 1843/2083/1654 1874/2112/1148 1873/2110/1665 1842/2081/1118
f 1857/2084/1103 1888/2113/1134 1887/2111/1135 1856/2082/1104
f 1844/2114/1655 1875/2115/1666 1874/2112/1148 1843/2083/1654
f 1858/2087/1657 1889/2116/1669 1888/2113/1134 1857/2084/1103
f 1845/2088/1115 1876/2117/1146 1875/2118/1666 1844/2085/1655
f 1859/2089/1101 1890/2119/1670 1889/2116/1669 1858/2087/1657
f 1846/2090/1656 1877/2120/1145 1876/2117/1146 1845/2088/1115
f 1860/2091/1658 1891/2121/1131 1890/2119/1670 1859/2089/1101
f 1847/2092/1113 1878/2122/1667 1877/2120/1145 1846/2090/1656
f 1861/2093/1099 1892/2123/1130 1891/2121/1131 1860/2091/1658
f 1848/2094/1112 1879/2124/1668 1878/2122/1667 1847/2092/1113
f 1862/2095/1659 1893/2125/1671 1892/2123/1130 1861/2093/1099
f 1849/2096/1111 1880/2126/1142 1879/2124/1668 1848/2094/1112
f 1863/2066/1660 1894/2127/1128 1893/2128/1671 1862/2129/1659
f 1850/2068/1110 1881/2130/1141 1880/2126/1142 1849/2096/1111
f 1864/2065/1096 1895/2131/1127 1894/2127/1128 1863/2066/1660
f 1851/2067/1109 1882/2132/1140 1881/2130/1141 1850/2068/1110
f 1838/2069/1652 1869/2099/1663 1440/1636/26
f 1865/2070/1095 1896/2101/1126 1895/2131/1127 1864/2065/1096
f 1852/2071/1108 1883/2103/1139 1882/2132/1140 1851/2067/1109
f 1872/2107/1150 1903/2133/1181 1902/2134/1182 1871/2104/1151
f 1899/2108/1673 1930/2135/1683 1929/2136/1682 1898/2105/1672
f 1886/2109/1136 1917/2137/1167 1916/2138/1679 1885/2106/1137
f 1873/2110/1665 1904/2139/1180 1903/2133/1181 1872/2107/1150
f 1465/1661/1 1930/2135/1683 1899/2108/1673
f 1887/2111/1135 1918/2140/1166 1917/2137/1167 1886/2109/1136
f 1874/2112/1148 1905/2141/1179 1904/2139/1180 1873/2110/1665
f 1888/2113/1134 1919/2142/1165 1918/2140/1166 1887/2111/1135
f 1875/2115/1666 1906/2143/1178 1905/2141/1179 1874/2112/1148
f 1889/2116/1669 1920/2144/1680 1919/2142/1165 1888/2113/1134
f 1876/2117/1146 1907/2145/1177 1906/2146/1178 1875/2118/1666
f 1890/2119/1670 1921/2147/1681 1920/2144/1680 1889/2116/1669
f 1877/2120/1145 1908/2148/1176 1907/2145/1177 1876/2117/1146
f 1891/2121/1131 1922/2149/1162 1921/2147/1681 1890/2119/1670
f 1878/2122/1667 1909/2150/1676 1908/2148/1176 1877/2120/1145
f 1892/2123/1130 1923/2151/1161 1922/2149/1162 1891/2121/1131
f 1879/2124/1668 1910/2152/1677 1909/2150/1676 1878/2122/1667
f 1893/2125/1671 1924/2153/1160 1923/2151/1161 1892/2123/1130
f 1880/2126/1142 1911/2154/1173 1910/2152/1677 1879/2124/1668
f 1894/2127/1128 1925/2155/1159 1924/2156/1160 1893/2128/1671
f 1881/2130/1141 1912/2157/1172 1911/2154/1173 1880/2126/1142
f 1895/2131/1127 1926/2158/1158 1925/2155/1159 1894/2127/1128
f 1882/2132/1140 1913/2159/1171 1912/2157/1172 1881/2130/1141
f 1869/2099/1663 1900/2160/1674 1440/1636/26
f 1896/2101/1126 1927/2161/1157 1926/2158/1158 1895/2131/1127
f 1883/2103/1139 1914/2162/1678 1913/2159/1171 1882/2132/1140
f 1870/2098/1664 1901/2163/1675 1900/2160/1674 1869/2099/1663
f 1897/2100/1125 1928/2164/1156 1927/2161/1157 1896/2101/1126
f 1884/2102/1138 1915/2165/1169 1914/2162/1678 1883/2103/1139
f 1871/2104/1151 1902/2134/1182 1901/2163/1675 1870/2098/1664
f 1898/2105/1672 1929/2136/1682 1928/2164/1156 1897/2100/1125
f 1885/2106/1137 1916/2138/1679 1915/2165/1169 1884/2102/1138
f 1905/2141/1179 1936/2166/1210 1935/2167/1688 1904/2139/1180
f 1919/2142/1165 1950/2168/1196 1949/2169/1197 1918/2140/1166
f 1906/2143/1178 1937/2170/1209 1936/2166/1210 1905/2141/1179
f 1920/2144/1680 1951/2171/1690 1950/2168/1196 1919/2142/1165
f 1907/2145/1177 1938/2172/1208 1937/2173/1209 1906/2146/1178
f 1921/2147/1681 1952/2174/1691 1951/2171/1690 1920/2144/1680
f 1908/2148/1176 1939/2175/1207 1938/2172/1208 1907/2145/1177
f 1922/2149/1162 1953/2176/1692 1952/2174/1691 1921/2147/1681
f 1909/2150/1676 1940/2177/1206 1939/2175/1207 1908/2148/1176
f 1923/2151/1161 1954/2178/1693 1953/2176/1692 1922/2149/1162
f 1910/2152/1677 1941/2179/1205 1940/2177/1206 1909/2150/1676
f 1924/2153/1160 1955/2180/1694 1954/2178/1693 1923/2151/1161
f 1911/2154/1173 1942/2181/1689 1941/2179/1205 1910/2152/1677
f 1925/2155/1159 1956/2182/1190 1955/2183/1694 1924/2156/1160
f 1912/2157/1172 1943/2184/1203 1942/2181/1689 1911/2154/1173
f 1926/2158/1158 1957/2185/1189 1956/2182/1190 1925/2155/1159
f 1913/2159/1171 1944/2186/1202 1943/2184/1203 1912/2157/1172
f 1900/2160/1674 1931/2187/1684 1440/1636/26
f 1927/2161/1157 1958/2188/1695 1957/2185/1189 1926/2158/1158
f 1914/2162/1678 1945/2189/1201 1944/2186/1202 1913/2159/1171
f 1901/2163/1675 1932/2190/1685 1931/2187/1684 1900/2160/1674
f 1928/2164/1156 1959/2191/1696 1958/2188/1695 1927/2161/1157
f 1915/2165/1169 1946/2192/1200 1945/2189/1201 1914/2162/1678
f 1902/2134/1182 1933/2193/1686 1932/2190/1685 1901/2163/1675
f 1929/2136/1682 1960/2194/1697 1959/2191/1696 1928/2164/1156
f 1916/2138/1679 1947/2195/1199 1946/2192/1200 1915/2165/1169
f 1903/2133/1181 1934/2196/1687 1933/2193/1686 1902/2134/1182
f 1930/2135/1683 1961/2197/1698 1960/2194/1697 1929/2136/1682
f 1917/2137/1167 1948/2198/1198 1947/2195/1199 1916/2138/1679
f 1904/2139/1180 1935/2167/1688 1934/2196/1687 1903/2133/1181
f 1465/1661/1 1961/2197/1698 1930/2135/1683
f 1918/2140/1166 1949/2169/1197 1948/2198/1198 1917/2137/1167
f 1938/2199/1208 1969/2200/1239 1968/2201/1702 1937/2170/1209
f 1952/2174/1691 1983/2202/1713 1982/2203/1712 1951/2171/1690
f 1939/2175/1207 1970/2204/1703 1969/2205/1239 1938/2172/1208
f 1953/2176/1692 1984/2206/1714 1983/2202/1713 1952/2174/1691
f 1940/2177/1206 1971/2207/1237 1970/2204/1703 1939/2175/1207
f 1954/2178/1693 1985/2208/1715 1984/2206/1714 1953/2176/1692
f 1941/2179/1205 1972/2209/1236 1971/2207/1237 1940/2177/1206
f 1955/2183/1694 1986/2210/1716 1985/2211/1715 1954/2212/1693
f 1942/2181/1689 1973/2213/1235 1972/2209/1236 1941/2179/1205
f 1956/2182/1190 1987/2214/1717 1986/2210/1716 1955/2183/1694
f 1943/2184/1203 1974/2215/1704 1973/2213/1235 1942/2181/1689
f 1957/2185/1189 1988/2216/1220 1987/2214/1717 1956/2182/1190
f 1944/2186/1202 1975/2217/1705 1974/2215/1704 1943/2184/1203
f 1931/2187/1684 1962/2218/1699 1440/1636/26
f 1958/2188/1695 1989/2219/1219 1988/2216/1220 1957/2185/1189
f 1945/2189/1201 1976/2220/1706 1975/2217/1705 1944/2186/1202
f 1932/2190/1685 1963/2221/1700 1962/2218/1699 1931/2187/1684
f 1959/2191/1696 1990/2222/1718 1989/2219/1219 1958/2188/1695
f 1946/2192/1200 1977/2223/1707 1976/2220/1706 1945/2189/1201
f 1933/2193/1686 1964/2224/1701 1963/2221/1700 1932/2190/1685
f 1960/2194/1697 1991/2225/1719 1990/2222/1718 1959/2191/1696
f 1947/2195/1199 1978/2226/1708 1977/2223/1707 1946/2192/1200
f 1934/2196/1687 1965/2227/1243 1964/2224/1701 1933/2193/1686
f 1961/2197/1698 1992/2228/1720 1991/2225/1719 1960/2194/1697
f 1948/2198/1198 1979/2229/1709 1978/2226/1708 1947/2195/1199
f 1935/2167/1688 1966/2230/1242 1965/2227/1243 1934/2196/1687
f 1465/1661/1 1992/2228/1720 1961/2197/1698
f 1949/2169/1197 1980/2231/1710 1979/2229/1709 1948/2198/1198
f 1936/2166/1210 1967/2232/1241 1966/2230/1242 1935/2167/1688
f 1950/2168/1196 1981/2233/1711 1980/2231/1710 1949/2169/1197
f 1937/2170/1209 1968/2201/1702 1967/2232/1241 1936/2166/1210
f 1951/2171/1690 1982/2203/1712 1981/2233/1711 1950/2168/1196
f 1971/2207/1237 2002/2234/1268 2001/2235/1269 1970/2204/1703
f 1972/2209/1236 2003/2236/1724 2002/2234/1268 1971/2207/1237
f 1986/2210/1716 2015/2237/1732 2014/2238/1731 1985/2211/1715
f 1973/2213/1235 2004/2239/1266 2003/2236/1724 1972/2209/1236
f 1987/2214/1717 2016/2240/1733 2015/2237/1732 1986/2210/1716
f 1974/2215/1704 2005/2241/1725 2004/2239/1266 1973/2213/1235
f 1988/2216/1220 2017/2242/1251 2016/2240/1733 1987/2214/1717
f 1975/2217/1705 2006/2243/1264 2005/2241/1725 1974/2215/1704
f 1962/2218/1699 1993/2244/1721 1440/1636/26
f 1989/2219/1219 2018/2245/1250 2017/2242/1251 1988/2216/1220
f 1976/2220/1706 2007/2246/1726 2006/2243/1264 1975/2217/1705
f 1963/2221/1700 1994/2247/1722 1993/2244/1721 1962/2218/1699
f 1990/2222/1718 2019/2248/1734 2018/2245/1250 1989/2219/1219
f 1977/2223/1707 2008/2249/1262 2007/2246/1726 1976/2220/1706
f 1964/2224/1701 1995/2250/1723 1994/2247/1722 1963/2221/1700
f 1991/2225/1719 2020/2251/1735 2019/2248/1734 1990/2222/1718
f 1978/2226/1708 2009/2252/1727 2008/2249/1262 1977/2223/1707
f 1965/2227/1243 1996/2253/1274 1995/2250/1723 1964/2224/1701
f 1992/2228/1720 2021/2254/1736 2020/2251/1735 1991/2225/1719
f 1979/2229/1709 2010/2255/1260 2009/2252/1727 1978/2226/1708
f 1966/2230/1242 1997/2256/1273 1996/2253/1274 1965/2227/1243
f 1465/1661/1 2021/2254/1736 1992/2228/1720
f 1980/2231/1710 2011/2257/1728 2010/2255/1260 1979/2229/1709
f 1967/2232/1241 1998/2258/1272 1997/2256/1273 1966/2230/1242
f 1981/2233/1711 2012/2259/1729 2011/2257/1728 1980/2231/1710
f 1968/2201/1702 1999/2260/1271 1998/2258/1272 1967/2232/1241
f 1982/2203/1712 2013/2261/1730 2012/2259/1729 1981/2233/1711
f 1969/2200/1239 2000/2262/1270 1999/2260/1271 1968/2201/1702
f 1970/2204/1703 2001/2235/1269 2000/2263/1270 1969/2205/1239
f 2004/2264/1266 2033/2265/1746 2032/2266/1298 2003/2267/1724
f 2016/2240/1733 2044/2268/1755 2043/2269/1754 2015/2237/1732
f 2005/2270/1725 2034/2271/1747 2033/2265/1746 2004/2264/1266
f 2017/2242/1251 2045/2272/1756 2044/2268/1755 2016/2240/1733
f 2006/2273/1264 2035/2274/1295 2034/2271/1747 2005/2270/1725
f 1993/2244/1721 2022/2275/1737 1440/1636/26
f 2018/2245/1250 2046/2276/1757 2045/2272/1756 2017/2242/1251
f 2007/2277/1726 2036/2278/1748 2035/2274/1295 2006/2273/1264
f 1994/2247/1722 2023/2279/1738 2022/2275/1737 1993/2244/1721
f 2019/2248/1734 2047/2280/1758 2046/2276/1757 2018/2245/1250
f 2008/2281/1262 2037/2282/1749 2036/2278/1748 2007/2277/1726
f 1995/2250/1723 2024/2283/1739 2023/2279/1738 1994/2247/1722
f 2020/2251/1735 2048/2284/1759 2047/2280/1758 2019/2248/1734
f 2009/2285/1727 2038/2286/1750 2037/2282/1749 2008/2281/1262
f 1996/2253/1274 2025/2287/1740 2024/2283/1739 1995/2250/1723
f 2021/2254/1736 2049/2288/1760 2048/2284/1759 2020/2251/1735
f 2010/2289/1260 2039/2290/1291 2038/2286/1750 2009/2285/1727
f 1997/2256/1273 2026/2291/1741 2025/2287/1740 1996/2253/1274
f 1465/1661/1 2049/2288/1760 2021/2254/1736
f 2011/2292/1728 2040/2293/1751 2039/2290/1291 2010/2289/1260
f 1998/2258/1272 2027/2294/1303 2026/2291/1741 1997/2256/1273
f 2012/2295/1729 2041/2296/1752 2040/2293/1751 2011/2292/1728
f 1999/2260/1271 2028/2297/1742 2027/2294/1303 1998/2258/1272
f 2013/2298/1730 2042/2299/1753 2041/2296/1752 2012/2295/1729
f 2000/2262/1270 2029/2300/1743 2028/2297/1742 1999/2260/1271
f 2001/2301/1269 2030/2302/1744 2029/2300/1743 2000/2262/1270
f 2002/2303/1268 2031/2304/1745 2030/2305/1744 2001/2306/1269
f 2003/2267/1724 2032/2266/1298 2031/2304/1745 2002/2303/1268
f 2035/2274/1295 2063/2307/1326 2062/2308/1770 2034/2271/1747
f 2022/2275/1737 2050/2309/1761 1440/1636/26
f 2046/2276/1757 2073/2310/1777 2072/2311/1776 2045/2272/1756
f 2036/2278/1748 2064/2312/1325 2063/2307/1326 2035/2274/1295
f 2023/2279/1738 2051/2313/1762 2050/2309/1761 2022/2275/1737
f 2047/2280/1758 2074/2314/1778 2073/2310/1777 2046/2276/1757
f 2037/2282/1749 2065/2315/1771 2064/2312/1325 2036/2278/1748
f 2024/2283/1739 2052/2316/1763 2051/2313/1762 2023/2279/1738
f 2048/2284/1759 2075/2317/1779 2074/2314/1778 2047/2280/1758
f 2038/2286/1750 2066/2318/1323 2065/2315/1771 2037/2282/1749
f 2025/2287/1740 2053/2319/1764 2052/2316/1763 2024/2283/1739
f 2049/2288/1760 2076/2320/1780 2075/2317/1779 2048/2284/1759
f 2039/2290/1291 2067/2321/1322 2066/2318/1323 2038/2286/1750
f 2026/2291/1741 2054/2322/1765 2053/2319/1764 2025/2287/1740
f 1465/1661/1 2076/2320/1780 2049/2288/1760
f 2040/2293/1751 2068/2323/1772 2067/2321/1322 2039/2290/1291
f 2027/2294/1303 2055/2324/1766 2054/2322/1765 2026/2291/1741
f 2041/2296/1752 2069/2325/1773 2068/2323/1772 2040/2293/1751
f 2028/2297/1742 2056/2326/1333 2055/2324/1766 2027/2294/1303
f 2042/2299/1753 2070/2327/1774 2069/2325/1773 2041/2296/1752
f 2029/2300/1743 2057/2328/1332 2056/2326/1333 2028/2297/1742
f 2030/2305/1744 2058/2329/1331 2057/2330/1332 2029/2331/1743
f 2031/2304/1745 2059/2332/1767 2058/2329/1331 2030/2305/1744
f 2032/2266/1298 2060/2333/1768 2059/2332/1767 2031/2304/1745
f 2033/2265/1746 2061/2334/1769 2060/2333/1768 2032/2266/1298
f 2034/2271/1747 2062/2308/1770 2061/2334/1769 2033/2265/1746
f 2045/2272/1756 2072/2311/1776 2071/2335/1775 2044/2268/1755
f 2065/2315/1771 2092/2336/1793 2091/2337/1792 2064/2312/1325
f 2052/2316/1763 2079/2338/1783 2078/2339/1782 2051/2313/1762
f 2075/2317/1779 2102/2340/1802 2101/2341/1801 2074/2314/1778
f 2066/2318/1323 2093/2342/1794 2092/2336/1793 2065/2315/1771
f 2053/2319/1764 2080/2343/1784 2079/2338/1783 2052/2316/1763
f 2076/2320/1780 2103/2344/1803 2102/2340/1802 2075/2317/1779
f 2067/2321/1322 2094/2345/1795 2093/2342/1794 2066/2318/1323
f 2054/2322/1765 2081/2346/1366 2080/2343/1784 2053/2319/1764
f 1465/1661/1 2103/2344/1803 2076/2320/1780
f 2068/2323/1772 2095/2347/1352 2094/2345/1795 2067/2321/1322
f 2055/2324/1766 2082/2348/1785 2081/2346/1366 2054/2322/1765
f 2069/2325/1773 2096/2349/1796 2095/2347/1352 2068/2323/1772
f 2056/2326/1333 2083/2350/1364 2082/2348/1785 2055/2324/1766
f 2070/2327/1774 2097/2351/1797 2096/2349/1796 2069/2325/1773
f 2057/2328/1332 2084/2352/1786 2083/2350/1364 2056/2326/1333
f 2058/2329/1331 2085/2353/1787 2084/2354/1786 2057/2330/1332
f 2059/2332/1767 2086/2355/1788 2085/2353/1787 2058/2329/1331
f 2060/2333/1768 2087/2356/1789 2086/2355/1788 2059/2332/1767
f 2061/2334/1769 2088/2357/1790 2087/2356/1789 2060/2333/1768
f 2062/2308/1770 2089/2358/1358 2088/2357/1790 2061/2334/1769
f 2072/2311/1776 2099/2359/1799 2098/2360/1798 2071/2335/1775
f 2063/2307/1326 2090/2361/1791 2089/2358/1358 2062/2308/1770
f 2050/2309/1761 2077/2362/1781 1440/1636/26
f 2073/2310/1777 2100/2363/1800 2099/2359/1799 2072/2311/1776
f 2064/2312/1325 2091/2337/1792 2090/2361/1791 2063/2307/1326
f 2051/2313/1762 2078/2339/1782 2077/2362/1781 2050/2309/1761
f 2074/2314/1778 2101/2341/1801 2100/2363/1800 2073/2310/1777
f 2094/2345/1795 2121/2364/1814 2120/2365/1385 2093/2342/1794
f 2081/2346/1366 2108/2366/1807 2107/2367/1806 2080/2343/1784
f 1465/1661/1 2129/2368/1821 2103/2344/1803
f 2095/2347/1352 2122/2369/1815 2121/2364/1814 2094/2345/1795
f 2082/2348/1785 2109/2370/1396 2108/2366/1807 2081/2346/1366
f 2096/2349/1796 2123/2371/1816 2122/2369/1815 2095/2347/1352
f 2083/2350/1364 2110/2372/1808 2109/2370/1396 2082/2348/1785
f 2097/2351/1797 2124/2373/1817 2123/2371/1816 2096/2349/1796
f 2084/2352/1786 2111/2374/1809 2110/2372/1808 2083/2350/1364
f 2085/2353/1787 2112/2375/1393 2111/2376/1809 2084/2354/1786
f 2086/2355/1788 2113/2377/1810 2112/2375/1393 2085/2353/1787
f 2087/2356/1789 2114/2378/1811 2113/2377/1810 2086/2355/1788
f 2088/2357/1790 2115/2379/1390 2114/2378/1811 2087/2356/1789
f 2089/2358/1358 2116/2380/1812 2115/2379/1390 2088/2357/1790
f 2090/2361/1791 2117/2381/1813 2116/2380/1812 2089/2358/1358
f 2077/2362/1781 2104/2382/1804 1440/1636/26
f 2100/2363/1800 2126/2383/1819 2125/2384/1818 2099/2359/1799
f 2091/2337/1792 2118/2385/1387 2117/2381/1813 2090/2361/1791
f 2078/2339/1782 2105/2386/1400 2104/2382/1804 2077/2362/1781
f 2101/2341/1801 2127/2387/1820 2126/2383/1819 2100/2363/1800
f 2092/2336/1793 2119/2388/1386 2118/2385/1387 2091/2337/1792
f 2079/2338/1783 2106/2389/1805 2105/2386/1400 2078/2339/1782
f 2102/2340/1802 2128/2390/1372 2127/2387/1820 2101/2341/1801
f 2093/2342/1794 2120/2365/1385 2119/2388/1386 2092/2336/1793
f 2080/2343/1784 2107/2367/1806 2106/2389/1805 2079/2338/1783
f 2103/2344/1803 2129/2368/1821 2128/2390/1372 2102/2340/1802
f 2123/2371/1816 2149/2391/1830 2148/2392/1414 2122/2369/1815
f 2110/2372/1808 2136/2393/1826 2135/2394/1427 2109/2370/1396
f 2124/2373/1817 2150/2395/1831 2149/2391/1830 2123/2371/1816
f 2111/2374/1809 2137/2396/1425 2136/2393/1826 2110/2372/1808
f 2112/2375/1393 2138/2397/1424 2137/2398/1425 2111/2376/1809
f 2113/2377/1810 2139/2399/1423 2138/2397/1424 2112/2375/1393
f 2114/2378/1811 2140/2400/1827 2139/2399/1423 2113/2377/1810
f 2115/2379/1390 2141/2401/1421 2140/2400/1827 2114/2378/1811
f 2116/2380/1812 2142/2402/1420 2141/2401/1421 2115/2379/1390
f 2117/2381/1813 2143/2403/1419 2142/2402/1420 2116/2380/1812
f 2104/2382/1804 2130/2404/1822 1440/1636/26
f 2126/2383/1819 2152/2405/1833 2151/2406/1832 2125/2384/1818
f 2118/2385/1387 2144/2407/1828 2143/2403/1419 2117/2381/1813
f 2105/2386/1400 2131/2408/1431 2130/2404/1822 2104/2382/1804
f 2127/2387/1820 2153/2409/1834 2152/2405/1833 2126/2383/1819
f 2119/2388/1386 2145/2410/1417 2144/2407/1828 2118/2385/1387
f 2106/2389/1805 2132/2411/1823 2131/2408/1431 2105/2386/1400
f 2128/2390/1372 2154/2412/1403 2153/2409/1834 2127/2387/1820
f 2120/2365/1385 2146/2413/1829 2145/2410/1417 2119/2388/1386
f 2107/2367/1806 2133/2414/1824 2132/2411/1823 2106/2389/1805
f 2129/2368/1821 2155/2415/1835 2154/2412/1403 2128/2390/1372
f 2121/2364/1814 2147/2416/1415 2146/2413/1829 2120/2365/1385
f 2108/2366/1807 2134/2417/1825 2133/2414/1824 2107/2367/1806
f 1465/1661/1 2155/2415/1835 2129/2368/1821
f 2122/2369/1815 2148/2392/1414 2147/2416/1415 2121/2364/1814
f 2109/2370/1396 2135/2394/1427 2134/2417/1825 2108/2366/1807
f 2138/2397/1424 2164/2418/20 2163/2419/1838 2137/2398/1425
f 2139/2399/1423 2165/2420/19 2164/2418/20 2138/2397/1424
f 2140/2400/1827 2166/2421/1436 2165/2420/19 2139/2399/1423
f 2141/2401/1421 2167/2422/18 2166/2421/1436 2140/2400/1827
f 2142/2402/1420 2168/2423/1839 2167/2422/18 2141/2401/1421
f 2143/2403/1419 2169/2424/16 2168/2423/1839 2142/2402/1420
f 2130/2404/1822 2156/2425/25 1440/1636/26
f 2152/2405/1833 2178/2426/1844 2177/2427/1843 2151/2406/1832
f 2144/2407/1828 2170/2428/15 2169/2424/16 2143/2403/1419
f 2131/2408/1431 2157/2429/24 2156/2425/25 2130/2404/1822
f 2153/2409/1834 2179/2430/1845 2178/2426/1844 2152/2405/1833
f 2145/2410/1417 2171/2431/14 2170/2428/15 2144/2407/1828
f 2132/2411/1823 2158/2432/1836 2157/2429/24 2131/2408/1431
f 2154/2412/1403 2180/2433/3 2179/2430/1845 2153/2409/1834
f 2146/2413/1829 2172/2434/13 2171/2431/14 2145/2410/1417
f 2133/2414/1824 2159/2435/1439 2158/2432/1836 2132/2411/1823
f 2155/2415/1835 2181/2436/2 2180/2433/3 2154/2412/1403
f 2147/2416/1415 2173/2437/12 2172/2434/13 2146/2413/1829
f 2134/2417/1825 2160/2438/22 2159/2435/1439 2133/2414/1824
f 1465/1661/1 2181/2436/2 2155/2415/1835
f 2148/2392/1414 2174/2439/1840 2173/2437/12 2147/2416/1415
f 2135/2394/1427 2161/2440/1837 2160/2438/22 2134/2417/1825
f 2149/2391/1830 2175/2441/1841 2174/2439/1840 2148/2392/1414
f 2136/2393/1826 2162/2442/21 2161/2440/1837 2135/2394/1427
f 2150/2395/1831 2176/2443/1842 2175/2441/1841 2149/2391/1830
f 2137/2396/1425 2163/2444/1838 2162/2442/21 2136/2393/1826
f 2166/2421/1436 2192/2445/1852 2191/2446/48 2165/2420/19
f 2167/2422/18 2193/2447/46 2192/2445/1852 2166/2421/1436
f 2168/2423/1839 2194/2448/45 2193/2447/46 2167/2422/18
f 2169/2424/16 2195/2449/44 2194/2448/45 2168/2423/1839
f 2156/2425/25 2182/2450/1846 1440/1636/26
f 2178/2426/1844 2204/2451/1856 2203/2452/1855 2177/2427/1843
f 2170/2428/15 2196/2453/43 2195/2449/44 2169/2424/16
f 2157/2429/24 2183/2454/56 2182/2450/1846 2156/2425/25
f 2179/2430/1845 2205/2455/1857 2204/2451/1856 2178/2426/1844
f 2171/2431/14 2197/2456/42 2196/2453/43 2170/2428/15
f 2158/2432/1836 2184/2457/1847 2183/2454/56 2157/2429/24
f 2180/2433/3 2206/2458/28 2205/2455/1857 2179/2430/1845
f 2172/2434/13 2198/2459/41 2197/2456/42 2171/2431/14
f 2159/2435/1439 2185/2460/1848 2184/2457/1847 2158/2432/1836
f 2181/2436/2 2207/2461/1858 2206/2458/28 2180/2433/3
f 2173/2437/12 2199/2462/40 2198/2459/41 2172/2434/13
f 2160/2438/22 2186/2463/1849 2185/2460/1848 2159/2435/1439
f 1465/1661/1 2207/2461/1858 2181/2436/2
f 2174/2439/1840 2200/2464/39 2199/2462/40 2173/2437/12
f 2161/2440/1837 2187/2465/52 2186/2463/1849 2160/2438/22
f 2175/2441/1841 2201/2466/1853 2200/2464/39 2174/2439/1840
f 2162/2442/21 2188/2467/1850 2187/2465/52 2161/2440/1837
f 2176/2443/1842 2202/2468/1854 2201/2466/1853 2175/2441/1841
f 2163/2444/1838 2189/2469/50 2188/2467/1850 2162/2442/21
f 2164/2418/20 2190/2470/1851 2189/2471/50 2163/2419/1838
f 2165/2420/19 2191/2446/48 2190/2470/1851 2164/2418/20
f 2194/2448/45 2220/2472/1867 2219/2473/77 2193/2447/46
f 2195/2449/44 2221/2474/1868 2220/2472/1867 2194/2448/45
f 2182/2450/1846 2208/2475/1859 1440/1636/26
f 2204/2451/1856 2230/2476/1874 2229/2477/1873 2203/2452/1855
f 2196/2453/43 2222/2478/74 2221/2474/1868 2195/2449/44
f 2183/2454/56 2209/2479/87 2208/2475/1859 2182/2450/1846
f 2205/2455/1857 2231/2480/1875 2230/2476/1874 2204/2451/1856
f 2197/2456/42 2223/2481/73 2222/2478/74 2196/2453/43
f 2184/2457/1847 2210/2482/1860 2209/2479/87 2183/2454/56
f 2206/2458/28 2232/2483/59 2231/2480/1875 2205/2455/1857
f 2198/2459/41 2224/2484/72 2223/2481/73 2197/2456/42
f 2185/2460/1848 2211/2485/1861 2210/2482/1860 2184/2457/1847
f 2207/2461/1858 2233/2486/1876 2232/2483/59 2206/2458/28
f 2199/2462/40 2225/2487/1869 2224/2484/72 2198/2459/41
f 2186/2463/1849 2212/2488/1862 2211/2485/1861 2185/2460/1848
f 1465/1661/1 2233/2486/1876 2207/2461/1858
f 2200/2464/39 2226/2489/1870 2225/2487/1869 2199/2462/40
f 2187/2465/52 2213/2490/83 2212/2488/1862 2186/2463/1849
f 2201/2466/1853 2227/2491/1871 2226/2489/1870 2200/2464/39
f 2188/2467/1850 2214/2492/1863 2213/2490/83 2187/2465/52
f 2202/2468/1854 2228/2493/1872 2227/2491/1871 2201/2466/1853
f 2189/2469/50 2215/2494/1864 2214/2492/1863 2188/2467/1850
f 2190/2470/1851 2216/2495/80 2215/2496/1864 2189/2471/50
f 2191/2446/48 2217/2497/1865 2216/2495/80 2190/2470/1851
f 2192/2445/1852 2218/2498/1866 2217/2497/1865 2191/2446/48
f 2193/2447/46 2219/2473/77 2218/2498/1866 2192/2445/1852
f 2217/2497/1865 2243/2499/1884 2242/2500/1883 2216/2495/80
f 2218/2498/1866 2244/2501/1885 2243/2499/1884 2217/2497/1865
f 2219/2473/77 2245/2502/1886 2244/2501/1885 2218/2498/1866
f 2220/2472/1867 2246/2503/107 2245/2502/1886 2219/2473/77
f 2221/2474/1868 2247/2504/1887 2246/2503/107 2220/2472/1867
f 2208/2475/1859 2234/2505/1877 1440/1636/26
f 2230/2476/1874 2257/2506/1896 2256/2507/1895 2229/2477/1873
f 2222/2478/74 2248/2508/1888 2247/2504/1887 2221/2474/1868
f 2209/2479/87 2235/2509/1878 2234/2505/1877 2208/2475/1859
f 2231/2480/1875 2258/2510/1897 2257/2506/1896 2230/2476/1874
f 2223/2481/73 2249/2511/1889 2248/2508/1888 2222/2478/74
f 2210/2482/1860 2236/2512/1879 2235/2509/1878 2209/2479/87
f 2232/2483/59 2259/2513/1898 2258/2510/1897 2231/2480/1875
f 2224/2484/72 2250/2514/1890 2249/2511/1889 2223/2481/73
f 2211/2485/1861 2237/2515/1880 2236/2512/1879 2210/2482/1860
f 2233/2486/1876 2260/2516/1899 2259/2513/1898 2232/2483/59
f 2225/2487/1869 2251/2517/1891 2250/2514/1890 2224/2484/72
f 2212/2488/1862 2238/2518/115 2237/2515/1880 2211/2485/1861
f 1465/1661/1 2260/2516/1899 2233/2486/1876
f 2226/2489/1870 2252/2519/101 2251/2517/1891 2225/2487/1869
f 2213/2490/83 2239/2520/1881 2238/2518/115 2212/2488/1862
f 2227/2491/1871 2253/2521/1892 2252/2519/101 2226/2489/1870
f 2214/2492/1863 2240/2522/113 2239/2520/1881 2213/2490/83
f 2228/2493/1872 2254/2523/1893 2253/2521/1892 2227/2491/1871
f 2215/2494/1864 2241/2524/1882 2240/2522/113 2214/2492/1863
f 2216/2495/80 2242/2500/1883 2241/2525/1882 2215/2496/1864
f 2245/2502/1886 2272/2526/1908 2271/2527/1907 2244/2501/1885
f 2246/2503/107 2273/2528/1909 2272/2526/1908 2245/2502/1886
f 2256/2507/1895 2283/2529/1915 2282/2530/1914 2255/2531/1894
f 2247/2504/1887 2274/2532/137 2273/2528/1909 2246/2503/107
f 2234/2505/1877 2261/2533/1900 1440/1636/26
f 2257/2506/1896 2284/2534/1916 2283/2529/1915 2256/2507/1895
f 2248/2508/1888 2275/2535/136 2274/2532/137 2247/2504/1887
f 2235/2509/1878 2262/2536/1901 2261/2533/1900 2234/2505/1877
f 2258/2510/1897 2285/2537/1917 2284/2534/1916 2257/2506/1896
f 2249/2511/1889 2276/2538/1910 2275/2535/136 2248/2508/1888
f 2236/2512/1879 2263/2539/1902 2262/2536/1901 2235/2509/1878
f 2259/2513/1898 2286/2540/1918 2285/2537/1917 2258/2510/1897
f 2250/2514/1890 2277/2541/134 2276/2538/1910 2249/2511/1889
f 2237/2515/1880 2264/2542/1903 2263/2539/1902 2236/2512/1879
f 2260/2516/1899 2287/2543/1919 2286/2540/1918 2259/2513/1898
f 2251/2517/1891 2278/2544/133 2277/2541/134 2250/2514/1890
f 2238/2518/115 2265/2545/1904 2264/2542/1903 2237/2515/1880
f 1465/1661/1 2287/2543/1919 2260/2516/1899
f 2252/2519/101 2279/2546/1911 2278/2544/133 2251/2517/1891
f 2239/2520/1881 2266/2547/1905 2265/2545/1904 2238/2518/115
f 2253/2521/1892 2280/2548/1912 2279/2546/1911 2252/2519/101
f 2240/2522/113 2267/2549/144 2266/2547/1905 2239/2520/1881
f 2254/2523/1893 2281/2550/1913 2280/2548/1912 2253/2521/1892
f 2241/2524/1882 2268/2551/143 2267/2549/144 2240/2522/113
f 2242/2552/1883 2269/2553/142 2268/2551/143 2241/2524/1882
f 2243/2499/1884 2270/2554/1906 2269/2555/142 2242/2500/1883
f 2244/2501/1885 2271/2527/1907 2270/2554/1906 2243/2499/1884
f 2274/2556/137 2301/2557/168 2300/2558/1930 2273/2559/1909
f 2261/2533/1900 2288/2560/1920 1440/1636/26
f 2284/2534/1916 2312/2561/1940 2311/2562/1939 2283/2529/1915
f 2275/2563/136 2302/2564/1931 2301/2557/168 2274/2556/137
f 2262/2536/1901 2289/2565/1921 2288/2560/1920 2261/2533/1900
f 2285/2537/1917 2313/2566/1941 2312/2561/1940 2284/2534/1916
f 2276/2567/1910 2303/2568/1932 2302/2564/1931 2275/2563/136
f 2263/2539/1902 2290/2569/1922 2289/2565/1921 2262/2536/1901
f 2286/2540/1918 2314/2570/1942 2313/2566/1941 2285/2537/1917
f 2277/2571/134 2304/2572/1933 2303/2568/1932 2276/2567/1910
f 2264/2542/1903 2291/2573/1923 2290/2569/1922 2263/2539/1902
f 2287/2543/1919 2315/2574/1943 2314/2570/1942 2286/2540/1918
f 2278/2575/133 2305/2576/164 2304/2572/1933 2277/2571/134
f 2265/2545/1904 2292/2577/1924 2291/2573/1923 2264/2542/1903
f 1465/1661/1 2315/2574/1943 2287/2543/1919
f 2279/2578/1911 2306/2579/1934 2305/2576/164 2278/2575/133
f 2266/2547/1905 2293/2580/176 2292/2577/1924 2265/2545/1904
f 2280/2581/1912 2307/2582/1935 2306/2579/1934 2279/2578/1911
f 2267/2549/144 2294/2583/1925 2293/2580/176 2266/2547/1905
f 2281/2584/1913 2308/2585/1936 2307/2582/1935 2280/2581/1912
f 2268/2551/143 2295/2586/1926 2294/2583/1925 2267/2549/144
f 2269/2587/142 2296/2588/1927 2295/2589/1926 2268/2590/143
f 2270/2591/1906 2297/2592/1928 2296/2588/1927 2269/2587/142
f 2271/2593/1907 2298/2594/171 2297/2592/1928 2270/2591/1906
f 2272/2595/1908 2299/2596/1929 2298/2594/171 2271/2593/1907
f 2273/2559/1909 2300/2558/1930 2299/2596/1929 2272/2595/1908
f 2283/2529/1915 2311/2562/1939 2310/2597/1938 2282/2530/1914
f 2303/2568/1932 2331/2598/197 2330/2599/1950 2302/2564/1931
f 2290/2569/1922 2318/2600/1946 2317/2601/1945 2289/2565/1921
f 2314/2570/1942 2343/2602/1959 2342/2603/1958 2313/2566/1941
f 2304/2572/1933 2332/2604/1951 2331/2598/197 2303/2568/1932
f 2291/2573/1923 2319/2605/209 2318/2600/1946 2290/2569/1922
f 2315/2574/1943 2344/2606/1960 2343/2602/1959 2314/2570/1942
f 2305/2576/164 2333/2607/195 2332/2604/1951 2304/2572/1933
f 2292/2577/1924 2320/2608/208 2319/2605/209 2291/2573/1923
f 1465/1661/1 2344/2606/1960 2315/2574/1943
f 2306/2579/1934 2334/2609/1952 2333/2607/195 2305/2576/164
f 2293/2580/176 2321/2610/207 2320/2608/208 2292/2577/1924
f 2307/2582/1935 2335/2611/1953 2334/2609/1952 2306/2579/1934
f 2294/2583/1925 2322/2612/206 2321/2610/207 2293/2580/176
f 2308/2585/1936 2336/2613/1954 2335/2611/1953 2307/2582/1935
f 2295/2586/1926 2323/2614/1947 2322/2612/206 2294/2583/1925
f 2296/2588/1927 2324/2615/204 2323/2616/1947 2295/2589/1926
f 2297/2592/1928 2325/2617/203 2324/2615/204 2296/2588/1927
f 2298/2594/171 2326/2618/1948 2325/2617/203 2297/2592/1928
f 2299/2596/1929 2327/2619/201 2326/2618/1948 2298/2594/171
f 2310/2597/1938 2339/2620/1957 2338/2621/1956 2309/2622/1937
f 2300/2558/1930 2328/2623/1949 2327/2619/201 2299/2596/1929
f 2311/2562/1939 2340/2624/186 2339/2620/1957 2310/2597/1938
f 2301/2557/168 2329/2625/199 2328/2623/1949 2300/2558/1930
f 2288/2560/1920 2316/2626/1944 1440/1636/26
f 2312/2561/1940 2341/2627/185 2340/2624/186 2311/2562/1939
f 2302/2564/1931 2330/2599/1950 2329/2625/199 2301/2557/168
f 2289/2565/1921 2317/2601/1945 2316/2626/1944 2288/2560/1920
f 2313/2566/1941 2342/2603/1958 2341/2627/185 2312/2561/1940
f 2333/2607/195 2362/2628/1971 2361/2629/1970 2332/2604/1951
f 2320/2608/208 2349/2630/239 2348/2631/240 2319/2605/209
f 1465/1661/1 2375/2632/1982 2344/2606/1960
f 2334/2609/1952 2363/2633/1972 2362/2628/1971 2333/2607/195
f 2321/2610/207 2350/2634/238 2349/2630/239 2320/2608/208
f 2335/2611/1953 2364/2635/1973 2363/2633/1972 2334/2609/1952
f 2322/2612/206 2351/2636/1964 2350/2634/238 2321/2610/207
f 2336/2613/1954 2365/2637/1974 2364/2635/1973 2335/2611/1953
f 2323/2616/1947 2352/2638/236 2351/2639/1964 2322/2640/206
f 2324/2615/204 2353/2641/1965 2352/2638/236 2323/2616/1947
f 2325/2617/203 2354/2642/234 2353/2641/1965 2324/2615/204
f 2326/2618/1948 2355/2643/233 2354/2642/234 2325/2617/203
f 2338/2644/1956 2369/2645/1978 2368/2646/1977 2337/2647/1955
f 2327/2619/201 2356/2648/232 2355/2643/233 2326/2618/1948
f 2339/2620/1957 2370/2649/1979 2369/2650/1978 2338/2621/1956
f 2328/2623/1949 2357/2651/1966 2356/2648/232 2327/2619/201
f 2340/2624/186 2371/2652/217 2370/2649/1979 2339/2620/1957
f 2329/2625/199 2358/2653/1967 2357/2651/1966 2328/2623/1949
f 2316/2626/1944 2345/2654/1961 1440/1636/26
f 2341/2627/185 2372/2655/216 2371/2652/217 2340/2624/186
f 2330/2599/1950 2359/2656/1968 2358/2653/1967 2329/2625/199
f 2317/2601/1945 2346/2657/1962 2345/2654/1961 2316/2626/1944
f 2342/2603/1958 2373/2658/1980 2372/2655/216 2341/2627/185
f 2331/2598/197 2360/2659/1969 2359/2656/1968 2330/2599/1950
f 2318/2600/1946 2347/2660/1963 2346/2657/1962 2317/2601/1945
f 2343/2602/1959 2374/2661/1981 2373/2658/1980 2342/2603/1958
f 2332/2604/1951 2361/2629/1970 2360/2659/1969 2331/2598/197
f 2319/2605/209 2348/2631/240 2347/2660/1963 2318/2600/1946
f 2344/2606/1960 2375/2632/1982 2374/2661/1981 2343/2602/1959
f 2364/2635/1973 2395/2662/255 2394/2663/256 2363/2633/1972
f 2351/2636/1964 2382/2664/268 2381/2665/269 2350/2634/238
f 2365/2637/1974 2396/2666/1988 2395/2662/255 2364/2635/1973
f 2352/2638/236 2383/2667/267 2382/2668/268 2351/2639/1964
f 2366/2669/1975 2397/2670/1989 2396/2666/1988 2365/2637/1974
f 2353/2641/1965 2384/2671/266 2383/2667/267 2352/2638/236
f 2367/2672/1976 2398/2673/1990 2397/2670/1989 2366/2669/1975
f 2354/2642/234 2385/2674/265 2384/2671/266 2353/2641/1965
f 2368/2646/1977 2399/2675/1991 2398/2673/1990 2367/2672/1976
f 2355/2643/233 2386/2676/264 2385/2674/265 2354/2642/234
f 2369/2645/1978 2400/2677/1992 2399/2675/1991 2368/2646/1977
f 2356/2648/232 2387/2678/1987 2386/2676/264 2355/2643/233
f 2370/2649/1979 2401/2679/249 2400/2680/1992 2369/2650/1978
f 2357/2651/1966 2388/2681/262 2387/2678/1987 2356/2648/232
f 2371/2652/217 2402/2682/1993 2401/2679/249 2370/2649/1979
f 2358/2653/1967 2389/2683/261 2388/2681/262 2357/2651/1966
f 2345/2654/1961 2376/2684/1983 1440/1636/26
f 2372/2655/216 2403/2685/1994 2402/2682/1993 2371/2652/217
f 2359/2656/1968 2390/2686/260 2389/2683/261 2358/2653/1967
f 2346/2657/1962 2377/2687/1984 2376/2684/1983 2345/2654/1961
f 2373/2658/1980 2404/2688/1995 2403/2685/1994 2372/2655/216
f 2360/2659/1969 2391/2689/259 2390/2686/260 2359/2656/1968
f 2347/2660/1963 2378/2690/1985 2377/2687/1984 2346/2657/1962
f 2374/2661/1981 2405/2691/1996 2404/2688/1995 2373/2658/1980
f 2361/2629/1970 2392/2692/258 2391/2689/259 2360/2659/1969
f 2348/2631/240 2379/2693/1986 2378/2690/1985 2347/2660/1963
f 2375/2632/1982 2406/2694/1997 2405/2691/1996 2374/2661/1981
f 2362/2628/1971 2393/2695/257 2392/2692/258 2361/2629/1970
f 2349/2630/239 2380/2696/270 2379/2693/1986 2348/2631/240
f 1465/1661/1 2406/2694/1997 2375/2632/1982
f 2363/2633/1972 2394/2663/256 2393/2695/257 2362/2628/1971
f 2350/2634/238 2381/2665/269 2380/2696/270 2349/2630/239
f 2397/2670/1989 2428/2697/2003 2427/2698/2002 2396/2666/1988
f 2384/2671/266 2415/2699/297 2414/2700/298 2383/2667/267
f 2398/2673/1990 2429/2701/283 2428/2697/2003 2397/2670/1989
f 2385/2674/265 2416/2702/2000 2415/2699/297 2384/2671/266
f 2399/2675/1991 2430/2703/282 2429/2701/283 2398/2673/1990
f 2386/2676/264 2417/2704/2001 2416/2702/2000 2385/2674/265
f 2400/2677/1992 2431/2705/281 2430/2703/282 2399/2675/1991
f 2387/2678/1987 2418/2706/294 2417/2704/2001 2386/2676/264
f 2401/2679/249 2432/2707/280 2431/2708/281 2400/2680/1992
f 2388/2681/262 2419/2709/293 2418/2706/294 2387/2678/1987
f 2402/2682/1993 2433/2710/279 2432/2707/280 2401/2679/249
f 2389/2683/261 2420/2711/292 2419/2709/293 2388/2681/262
f 2376/2684/1983 2407/2712/1998 1440/1636/26
f 2403/2685/1994 2434/2713/278 2433/2710/279 2402/2682/1993
f 2390/2686/260 2421/2714/291 2420/2711/292 2389/2683/261
f 2377/2687/1984 2408/2715/1999 2407/2712/1998 2376/2684/1983
f 2404/2688/1995 2435/2716/277 2434/2713/278 2403/2685/1994
f 2391/2689/259 2422/2717/290 2421/2714/291 2390/2686/260
f 2378/2690/1985 2409/2718/303 2408/2715/1999 2377/2687/1984
f 2405/2691/1996 2436/2719/2004 2435/2716/277 2404/2688/1995
f 2392/2692/258 2423/2720/289 2422/2717/290 2391/2689/259
f 2379/2693/1986 2410/2721/302 2409/2718/303 2378/2690/1985
f 2406/2694/1997 2437/2722/2005 2436/2719/2004 2405/2691/1996
f 2393/2695/257 2424/2723/288 2423/2720/289 2392/2692/258
f 2380/2696/270 2411/2724/301 2410/2721/302 2379/2693/1986
f 1465/1661/1 2437/2722/2005 2406/2694/1997
f 2394/2663/256 2425/2725/287 2424/2723/288 2393/2695/257
f 2381/2665/269 2412/2726/300 2411/2724/301 2380/2696/270
f 2395/2662/255 2426/2727/286 2425/2725/287 2394/2663/256
f 2382/2664/268 2413/2728/299 2412/2726/300 2381/2665/269
f 2396/2666/1988 2427/2698/2002 2426/2727/286 2395/2662/255
f 2383/2667/267 2414/2700/298 2413/2729/299 2382/2668/268
f 2430/2703/282 2461/2730/313 2460/2731/314 2429/2701/283
f 2417/2704/2001 2448/2732/2011 2447/2733/2010 2416/2702/2000
f 2431/2705/281 2462/2734/2014 2461/2730/313 2430/2703/282
f 2418/2706/294 2449/2735/325 2448/2732/2011 2417/2704/2001
f 2432/2707/280 2463/2736/311 2462/2737/2014 2431/2708/281
f 2419/2709/293 2450/2738/324 2449/2735/325 2418/2706/294
f 2433/2710/279 2464/2739/310 2463/2736/311 2432/2707/280
f 2420/2711/292 2451/2740/323 2450/2738/324 2419/2709/293
f 2407/2712/1998 2438/2741/2006 1440/1636/26
f 2434/2713/278 2465/2742/309 2464/2739/310 2433/2710/279
f 2421/2714/291 2452/2743/322 2451/2740/323 2420/2711/292
f 2408/2715/1999 2439/2744/2007 2438/2741/2006 2407/2712/1998
f 2435/2716/277 2466/2745/308 2465/2742/309 2434/2713/278
f 2422/2717/290 2453/2746/321 2452/2743/322 2421/2714/291
f 2409/2718/303 2440/2747/334 2439/2744/2007 2408/2715/1999
f 2436/2719/2004 2467/2748/2015 2466/2745/308 2435/2716/277
f 2423/2720/289 2454/2749/320 2453/2746/321 2422/2717/290
f 2410/2721/302 2441/2750/333 2440/2747/334 2409/2718/303
f 2437/2722/2005 2468/2751/2016 2467/2748/2015 2436/2719/2004
f 2424/2723/288 2455/2752/319 2454/2749/320 2423/2720/289
f 2411/2724/301 2442/2753/2008 2441/2750/333 2410/2721/302
f 1465/1661/1 2468/2751/2016 2437/2722/2005
f 2425/2725/287 2456/2754/318 2455/2752/319 2424/2723/288
f 2412/2726/300 2443/2755/331 2442/2753/2008 2411/2724/301
f 2426/2727/286 2457/2756/317 2456/2754/318 2425/2725/287
f 2413/2728/299 2444/2757/2009 2443/2755/331 2412/2726/300
f 2427/2698/2002 2458/2758/2012 2457/2756/317 2426/2727/286
f 2414/2700/298 2445/2759/329 2444/2760/2009 2413/2729/299
f 2428/2697/2003 2459/2761/2013 2458/2758/2012 2427/2698/2002
f 2415/2699/297 2446/2762/328 2445/2759/329 2414/2700/298
f 2429/2701/283 2460/2731/314 2459/2761/2013 2428/2697/2003
f 2416/2702/2000 2447/2733/2010 2446/2762/328 2415/2699/297
f 2463/2763/311 2494/2764/2026 2493/2765/2025 2462/2734/2014
f 2450/2738/324 2481/2766/355 2480/2767/356 2449/2735/325
f 2464/2739/310 2495/2768/341 2494/2769/2026 2463/2736/311
f 2451/2740/323 2482/2770/354 2481/2766/355 2450/2738/324
f 2438/2741/2006 2469/2771/2017 1440/1636/26
f 2465/2742/309 2496/2772/340 2495/2768/341 2464/2739/310
f 2452/2743/322 2483/2773/353 2482/2770/354 2451/2740/323
f 2439/2744/2007 2470/2774/366 2469/2771/2017 2438/2741/2006
f 2466/2745/308 2497/2775/2027 2496/2772/340 2465/2742/309
f 2453/2746/321 2484/2776/352 2483/2773/353 2452/2743/322
f 2440/2747/334 2471/2777/2018 2470/2774/366 2439/2744/2007
f 2467/2748/2015 2498/2778/338 2497/2775/2027 2466/2745/308
f 2454/2749/320 2485/2779/351 2484/2776/352 2453/2746/321
f 2441/2750/333 2472/2780/364 2471/2777/2018 2440/2747/334
f 2468/2751/2016 2499/2781/2028 2498/2778/338 2467/2748/2015
f 2455/2752/319 2486/2782/350 2485/2779/351 2454/2749/320
f 2442/2753/2008 2473/2783/363 2472/2780/364 2441/2750/333
f 1465/1661/1 2499/2781/2028 2468/2751/2016
f 2456/2754/318 2487/2784/349 2486/2782/350 2455/2752/319
f 2443/2755/331 2474/2785/2019 2473/2783/363 2442/2753/2008
f 2457/2756/317 2488/2786/348 2487/2784/349 2456/2754/318
f 2444/2760/2009 2475/2787/2020 2474/2788/2019 2443/2789/331
f 2458/2758/2012 2489/2790/2023 2488/2786/348 2457/2756/317
f 2445/2759/329 2476/2791/360 2475/2787/2020 2444/2760/2009
f 2459/2761/2013 2490/2792/346 2489/2790/2023 2458/2758/2012
f 2446/2762/328 2477/2793/2021 2476/2791/360 2445/2759/329
f 2460/2731/314 2491/2794/2024 2490/2792/346 2459/2761/2013
f 2447/2733/2010 2478/2795/358 2477/2793/2021 2446/2762/328
f 2461/2730/313 2492/2796/344 2491/2794/2024 2460/2731/314
f 2448/2732/2011 2479/2797/2022 2478/2795/358 2447/2733/2010
f 2462/2734/2014 2493/2765/2025 2492/2796/344 2461/2730/313
f 2449/2735/325 2480/2767/356 2479/2797/2022 2448/2732/2011
f 2469/2771/2017 2500/2798/2029 1440/1636/26
f 2496/2772/340 2527/2799/371 2526/2800/372 2495/2768/341
f 2483/2773/353 2514/2801/384 2513/2802/385 2482/2770/354
f 2470/2774/366 2501/2803/2030 2500/2798/2029 2469/2771/2017
f 2497/2775/2027 2528/2804/2038 2527/2799/371 2496/2772/340
f 2484/2776/352 2515/2805/383 2514/2801/384 2483/2773/353
f 2471/2777/2018 2502/2806/2031 2501/2803/2030 2470/2774/366
f 2498/2778/338 2529/2807/2039 2528/2804/2038 2497/2775/2027
f 2485/2779/351 2516/2808/382 2515/2805/383 2484/2776/352
f 2472/2780/364 2503/2809/395 2502/2806/2031 2471/2777/2018
f 2499/2781/2028 2530/2810/2040 2529/2807/2039 2498/2778/338
f 2486/2782/350 2517/2811/381 2516/2808/382 2485/2779/351
f 2473/2783/363 2504/2812/394 2503/2809/395 2472/2780/364
f 1465/1661/1 2530/2810/2040 2499/2781/2028
f 2487/2784/349 2518/2813/380 2517/2811/381 2486/2782/350
f 2474/2785/2019 2505/2814/393 2504/2812/394 2473/2783/363
f 2488/2786/348 2519/2815/2035 2518/2813/380 2487/2784/349
f 2475/2787/2020 2506/2816/392 2505/2817/393 2474/2788/2019
f 2489/2790/2023 2520/2818/2036 2519/2815/2035 2488/2786/348
f 2476/2791/360 2507/2819/391 2506/2816/392 2475/2787/2020
f 2490/2792/346 2521/2820/2037 2520/2818/2036 2489/2790/2023
f 2477/2793/2021 2508/2821/390 2507/2819/391 2476/2791/360
f 2491/2794/2024 2522/2822/376 2521/2820/2037 2490/2792/346
f 2478/2795/358 2509/2823/2032 2508/2821/390 2477/2793/2021
f 2492/2796/344 2523/2824/375 2522/2822/376 2491/2794/2024
f 2479/2797/2022 2510/2825/2033 2509/2823/2032 2478/2795/358
f 2493/2765/2025 2524/2826/374 2523/2824/375 2492/2796/344
f 2480/2767/356 2511/2827/2034 2510/2825/2033 2479/2797/2022
f 2494/2764/2026 2525/2828/373 2524/2826/374 2493/2765/2025
f 2481/2766/355 2512/2829/386 2511/2827/2034 2480/2767/356
f 2495/2768/341 2526/2800/372 2525/2830/373 2494/2769/2026
f 2482/2770/354 2513/2802/385 2512/2829/386 2481/2766/355
f 2502/2806/2031 2533/2831/2042 2532/2832/428 2501/2803/2030
f 2529/2807/2039 2560/2833/400 2559/2834/2051 2528/2804/2038
f 2516/2808/382 2547/2835/413 2546/2836/414 2515/2805/383
f 2503/2809/395 2534/2837/426 2533/2831/2042 2502/2806/2031
f 2530/2810/2040 2561/2838/2052 2560/2833/400 2529/2807/2039
f 2517/2811/381 2548/2839/412 2547/2835/413 2516/2808/382
f 2504/2812/394 2535/2840/425 2534/2837/426 2503/2809/395
f 1465/1661/1 2561/2838/2052 2530/2810/2040
f 2518/2813/380 2549/2841/411 2548/2839/412 2517/2811/381
f 2505/2814/393 2536/2842/2043 2535/2840/425 2504/2812/394
f 2519/2815/2035 2550/2843/410 2549/2841/411 2518/2813/380
f 2506/2844/392 2537/2845/2044 2536/2842/2043 2505/2814/393
f 2520/2818/2036 2551/2846/2047 2550/2843/410 2519/2815/2035
f 2507/2819/391 2538/2847/422 2537/2848/2044 2506/2816/392
f 2521/2820/2037 2552/2849/408 2551/2846/2047 2520/2818/2036
f 2508/2821/390 2539/2850/2045 2538/2847/422 2507/2819/391
f 2522/2822/376 2553/2851/2048 2552/2849/408 2521/2820/2037
f 2509/2823/2032 2540/2852/420 2539/2850/2045 2508/2821/390
f 2523/2824/375 2554/2853/406 2553/2851/2048 2522/2822/376
f 2510/2825/2033 2541/2854/2046 2540/2852/420 2509/2823/2032
f 2524/2826/374 2555/2855/2049 2554/2853/406 2523/2824/375
f 2511/2827/2034 2542/2856/418 2541/2854/2046 2510/2825/2033
f 2525/2830/373 2556/2857/2050 2555/2858/2049 2524/2859/374
f 2512/2829/386 2543/2860/417 2542/2856/418 2511/2827/2034
f 2526/2800/372 2557/2861/403 2556/2857/2050 2525/2830/373
f 2513/2802/385 2544/2862/416 2543/2860/417 2512/2829/386
f 2500/2798/2029 2531/2863/2041 1440/1636/26
f 2527/2799/371 2558/2864/402 2557/2861/403 2526/2800/372
f 2514/2801/384 2545/2865/415 2544/2862/416 2513/2802/385
f 2501/2803/2030 2532/2832/428 2531/2863/2041 2500/2798/2029
f 2528/2804/2038 2559/2834/2051 2558/2864/402 2527/2799/371
f 2515/2805/383 2546/2836/414 2545/2865/415 2514/2801/384
f 2535/2840/425 2566/2866/2055 2565/2867/457 2534/2837/426
f 1465/1661/1 2592/2868/2063 2561/2838/2052
f 2549/2841/411 2580/2869/442 2579/2870/443 2548/2839/412
f 2536/2842/2043 2567/2871/455 2566/2866/2055 2535/2840/425
f 2550/2843/410 2581/2872/441 2580/2869/442 2549/2841/411
f 2537/2845/2044 2568/2873/2056 2567/2871/455 2536/2842/2043
f 2551/2846/2047 2582/2874/2059 2581/2872/441 2550/2843/410
f 2538/2847/422 2569/2875/453 2568/2876/2056 2537/2848/2044
f 2552/2849/408 2583/2877/2060 2582/2874/2059 2551/2846/2047
f 2539/2850/2045 2570/2878/452 2569/2875/453 2538/2847/422
f 2553/2851/2048 2584/2879/438 2583/2877/2060 2552/2849/408
f 2540/2852/420 2571/2880/2057 2570/2878/452 2539/2850/2045
f 2554/2853/406 2585/2881/437 2584/2879/438 2553/2851/2048
f 2541/2854/2046 2572/2882/2058 2571/2880/2057 2540/2852/420
f 2555/2855/2049 2586/2883/2061 2585/2881/437 2554/2853/406
f 2542/2856/418 2573/2884/449 2572/2882/2058 2541/2854/2046
f 2556/2857/2050 2587/2885/435 2586/2886/2061 2555/2858/2049
f 2543/2860/417 2574/2887/448 2573/2884/449 2542/2856/418
f 2557/2861/403 2588/2888/434 2587/2885/435 2556/2857/2050
f 2544/2862/416 2575/2889/447 2574/2887/448 2543/2860/417
f 2531/2863/2041 2562/2890/2053 1440/1636/26
f 2558/2864/402 2589/2891/433 2588/2888/434 2557/2861/403
f 2545/2865/415 2576/2892/446 2575/2889/447 2544/2862/416
f 2532/2832/428 2563/2893/2054 2562/2890/2053 2531/2863/2041
f 2559/2834/2051 2590/2894/432 2589/2891/433 2558/2864/402
f 2546/2836/414 2577/2895/445 2576/2892/446 2545/2865/415
f 2533/2831/2042 2564/2896/458 2563/2893/2054 2532/2832/428
f 2560/2833/400 2591/2897/2062 2590/2894/432 2559/2834/2051
f 2547/2835/413 2578/2898/444 2577/2895/445 2546/2836/414
f 2534/2837/426 2565/2867/457 2564/2896/458 2533/2831/2042
f 2561/2838/2052 2592/2868/2063 2591/2897/2062 2560/2833/400
f 2548/2839/412 2579/2870/443 2578/2898/444 2547/2835/413
f 2568/2873/2056 2599/2899/485 2598/2900/486 2567/2871/455
f 2582/2874/2059 2613/2901/2068 2612/2902/472 2581/2872/441
f 2569/2875/453 2600/2903/484 2599/2904/485 2568/2876/2056
f 2583/2877/2060 2614/2905/2069 2613/2901/2068 2582/2874/2059
f 2570/2878/452 2601/2906/483 2600/2903/484 2569/2875/453
f 2584/2879/438 2615/2907/469 2614/2905/2069 2583/2877/2060
f 2571/2880/2057 2602/2908/2066 2601/2906/483 2570/2878/452
f 2585/2881/437 2616/2909/468 2615/2907/469 2584/2879/438
f 2572/2882/2058 2603/2910/2067 2602/2908/2066 2571/2880/2057
f 2586/2883/2061 2617/2911/467 2616/2909/468 2585/2881/437
f 2573/2884/449 2604/2912/480 2603/2910/2067 2572/2882/2058
f 2587/2885/435 2618/2913/466 2617/2914/467 2586/2886/2061
f 2574/2887/448 2605/2915/479 2604/2912/480 2573/2884/449
f 2588/2888/434 2619/2916/465 2618/2913/466 2587/2885/435
f 2575/2889/447 2606/2917/478 2605/2915/479 2574/2887/448
f 2562/2890/2053 2593/2918/2064 1440/1636/26
f 2589/2891/433 2620/2919/464 2619/2916/465 2588/2888/434
f 2576/2892/446 2607/2920/477 2606/2917/478 2575/2889/447
f 2563/2893/2054 2594/2921/2065 2593/2918/2064 2562/2890/2053
f 2590/2894/432 2621/2922/463 2620/2919/464 2589/2891/433
f 2577/2895/445 2608/2923/476 2607/2920/477 2576/2892/446
f 2564/2896/458 2595/2924/489 2594/2921/2065 2563/2893/2054
f 2591/2897/2062 2622/2925/2070 2621/2922/463 2590/2894/432
f 2578/2898/444 2609/2926/475 2608/2923/476 2577/2895/445
f 2565/2867/457 2596/2927/488 2595/2924/489 2564/2896/458
f 2592/2868/2063 2623/2928/2071 2622/2925/2070 2591/2897/2062
f 2579/2870/443 2610/2929/474 2609/2926/475 2578/2898/444
f 2566/2866/2055 2597/2930/487 2596/2927/488 2565/2867/457
f 1465/1661/1 2623/2928/2071 2592/2868/2063
f 2580/2869/442 2611/2931/473 2610/2929/474 2579/2870/443
f 2567/2871/455 2598/2900/486 2597/2930/487 2566/2866/2055
f 2581/2872/441 2612/2902/472 2611/2931/473 2580/2869/442
f 2601/2906/483 2632/2932/514 2631/2933/515 2600/2903/484
f 2615/2907/469 2646/2934/500 2645/2935/501 2614/2905/2069
f 2602/2908/2066 2633/2936/513 2632/2932/514 2601/2906/483
f 2616/2909/468 2647/2937/499 2646/2934/500 2615/2907/469
f 2603/2910/2067 2634/2938/512 2633/2936/513 2602/2908/2066
f 2617/2914/467 2648/2939/498 2647/2940/499 2616/2941/468
f 2604/2912/480 2635/2942/2077 2634/2938/512 2603/2910/2067
f 2618/2913/466 2649/2943/497 2648/2939/498 2617/2914/467
f 2605/2915/479 2636/2944/510 2635/2942/2077 2604/2912/480
f 2619/2916/465 2650/2945/496 2649/2943/497 2618/2913/466
f 2606/2917/478 2637/2946/509 2636/2944/510 2605/2915/479
f 2593/2918/2064 2624/2947/2072 1440/1636/26
f 2620/2919/464 2651/2948/2079 2650/2945/496 2619/2916/465
f 2607/2920/477 2638/2949/508 2637/2946/509 2606/2917/478
f 2594/2921/2065 2625/2950/2073 2624/2947/2072 2593/2918/2064
f 2621/2922/463 2652/2951/2080 2651/2948/2079 2620/2919/464
f 2608/2923/476 2639/2952/507 2638/2949/508 2607/2920/477
f 2595/2924/489 2626/2953/2074 2625/2950/2073 2594/2921/2065
f 2622/2925/2070 2653/2954/2081 2652/2951/2080 2621/2922/463
f 2609/2926/475 2640/2955/506 2639/2952/507 2608/2923/476
f 2596/2927/488 2627/2956/2075 2626/2953/2074 2595/2924/489
f 2623/2928/2071 2654/2957/2082 2653/2954/2081 2622/2925/2070
f 2610/2929/474 2641/2958/505 2640/2955/506 2609/2926/475
f 2597/2930/487 2628/2959/2076 2627/2956/2075 2596/2927/488
f 1465/1661/1 2654/2957/2082 2623/2928/2071
f 2611/2931/473 2642/2960/504 2641/2958/505 2610/2929/474
f 2598/2900/486 2629/2961/517 2628/2959/2076 2597/2930/487
f 2612/2902/472 2643/2962/2078 2642/2960/504 2611/2931/473
f 2599/2899/485 2630/2963/516 2629/2961/517 2598/2900/486
f 2613/2901/2068 2644/2964/502 2643/2962/2078 2612/2902/472
f 2600/2965/484 2631/2966/515 2630/2963/516 2599/2899/485
f 2614/2905/2069 2645/2935/501 2644/2964/502 2613/2901/2068
f 2634/2938/512 2665/2967/2090 2664/2968/2089 2633/2936/513
f 2648/2939/498 2679/2969/2099 2678/2970/530 2647/2940/499
f 2635/2942/2077 2666/2971/542 2665/2967/2090 2634/2938/512
f 2649/2943/497 2680/2972/528 2679/2969/2099 2648/2939/498
f 2636/2944/510 2667/2973/2091 2666/2971/542 2635/2942/2077
f 2650/2945/496 2681/2974/527 2680/2972/528 2649/2943/497
f 2637/2946/509 2668/2975/2092 2667/2973/2091 2636/2944/510
f 2624/2947/2072 2655/2976/2083 1440/1636/26
f 2651/2948/2079 2682/2977/526 2681/2974/527 2650/2945/496
f 2638/2949/508 2669/2978/2093 2668/2975/2092 2637/2946/509
f 2625/2950/2073 2656/2979/2084 2655/2976/2083 2624/2947/2072
f 2652/2951/2080 2683/2980/2100 2682/2977/526 2651/2948/2079
f 2639/2952/507 2670/2981/2094 2669/2978/2093 2638/2949/508
f 2626/2953/2074 2657/2982/2085 2656/2979/2084 2625/2950/2073
f 2653/2954/2081 2684/2983/2101 2683/2980/2100 2652/2951/2080
f 2640/2955/506 2671/2984/2095 2670/2981/2094 2639/2952/507
f 2627/2956/2075 2658/2985/550 2657/2982/2085 2626/2953/2074
f 2654/2957/2082 2685/2986/2102 2684/2983/2101 2653/2954/2081
f 2641/2958/505 2672/2987/2096 2671/2984/2095 2640/2955/506
f 2628/2959/2076 2659/2988/549 2658/2985/550 2627/2956/2075
f 1465/1661/1 2685/2986/2102 2654/2957/2082
f 2642/2960/504 2673/2989/2097 2672/2987/2096 2641/2958/505
f 2629/2961/517 2660/2990/548 2659/2988/549 2628/2959/2076
f 2643/2962/2078 2674/2991/534 2673/2989/2097 2642/2960/504
f 2630/2963/516 2661/2992/2086 2660/2990/548 2629/2961/517
f 2644/2964/502 2675/2993/533 2674/2991/534 2643/2962/2078
f 2631/2966/515 2662/2994/2087 2661/2992/2086 2630/2963/516
f 2645/2935/501 2676/2995/532 2675/2993/533 2644/2964/502
f 2632/2932/514 2663/2996/2088 2662/2997/2087 2631/2933/515
f 2646/2934/500 2677/2998/2098 2676/2995/532 2645/2935/501
f 2633/2936/513 2664/2968/2089 2663/2996/2088 2632/2932/514
f 2647/2937/499 2678/2999/530 2677/2998/2098 2646/2934/500
f 2667/2973/2091 2698/3000/2111 2697/3001/573 2666/2971/542
f 2681/2974/527 2712/3002/558 2711/3003/559 2680/2972/528
f 2668/2975/2092 2699/3004/571 2698/3000/2111 2667/2973/2091
f 2655/2976/2083 2686/3005/2103 1440/1636/26
f 2682/2977/526 2713/3006/557 2712/3002/558 2681/2974/527
f 2669/2978/2093 2700/3007/2112 2699/3004/571 2668/2975/2092
f 2656/2979/2084 2687/3008/2104 2686/3005/2103 2655/2976/2083
f 2683/2980/2100 2714/3009/2116 2713/3006/557 2682/2977/526
f 2670/2981/2094 2701/3010/569 2700/3007/2112 2669/2978/2093
f 2657/2982/2085 2688/3011/2105 2687/3008/2104 2656/2979/2084
f 2684/2983/2101 2715/3012/2117 2714/3009/2116 2683/2980/2100
f 2671/2984/2095 2702/3013/2113 2701/3010/569 2670/2981/2094
f 2658/2985/550 2689/3014/579 2688/3011/2105 2657/2982/2085
f 2685/2986/2102 2716/3015/2118 2715/3012/2117 2684/2983/2101
f 2672/2987/2096 2703/3016/567 2702/3013/2113 2671/2984/2095
f 2659/2988/549 2690/3017/578 2689/3014/579 2658/2985/550
f 1465/1661/1 2716/3015/2118 2685/2986/2102
f 2673/2989/2097 2704/3018/2114 2703/3016/567 2672/2987/2096
f 2660/2990/548 2691/3019/577 2690/3017/578 2659/2988/549
f 2674/3020/534 2705/3021/565 2704/3022/2114 2673/3023/2097
f 2661/2992/2086 2692/3024/2106 2691/3019/577 2660/2990/548
f 2675/3025/533 2706/3026/2115 2705/3021/565 2674/3020/534
f 2662/2994/2087 2693/3027/2107 2692/3024/2106 2661/2992/2086
f 2676/3028/532 2707/3029/563 2706/3026/2115 2675/3025/533
f 2663/3030/2088 2694/3031/2108 2693/3027/2107 2662/2994/2087
f 2677/3032/2098 2708/3033/562 2707/3029/563 2676/3028/532
f 2664/2968/2089 2695/3034/2109 2694/3035/2108 2663/2996/2088
f 2678/2970/530 2709/3036/561 2708/3037/562 2677/3038/2098
f 2665/2967/2090 2696/3039/2110 2695/3034/2109 2664/2968/2089
f 2679/2969/2099 2710/3040/560 2709/3036/561 2678/2970/530
f 2666/2971/542 2697/3001/573 2696/3039/2110 2665/2967/2090
f 2680/2972/528 2711/3003/559 2710/3040/560 2679/2969/2099
f 2700/3041/2112 2731/3042/2132 2730/3043/600 2699/3044/571
f 2687/3008/2104 2718/3045/2120 2717/3046/2119 2686/3005/2103
f 2714/3009/2116 2745/3047/2143 2744/3048/2142 2713/3006/557
f 2701/3049/569 2732/3050/2133 2731/3042/2132 2700/3041/2112
f 2688/3011/2105 2719/3051/2121 2718/3045/2120 2687/3008/2104
f 2715/3012/2117 2746/3052/2144 2745/3047/2143 2714/3009/2116
f 2702/3053/2113 2733/3054/2134 2732/3050/2133 2701/3049/569
f 2689/3014/579 2720/3055/2122 2719/3051/2121 2688/3011/2105
f 2716/3015/2118 2747/3056/2145 2746/3052/2144 2715/3012/2117
f 2703/3057/567 2734/3058/596 2733/3054/2134 2702/3053/2113
f 2690/3017/578 2721/3059/2123 2720/3055/2122 2689/3014/579
f 1465/1661/1 2747/3056/2145 2716/3015/2118
f 2704/3022/2114 2735/3060/2135 2734/3058/596 2703/3057/567
f 2691/3019/577 2722/3061/2124 2721/3059/2123 2690/3017/578
f 2705/3021/565 2736/3062/2136 2735/3060/2135 2704/3022/2114
f 2692/3024/2106 2723/3063/2125 2722/3061/2124 2691/3019/577
f 2706/3026/2115 2737/3064/593 2736/3062/2136 2705/3021/565
f 2693/3027/2107 2724/3065/2126 2723/3063/2125 2692/3024/2106
f 2707/3029/563 2738/3066/2137 2737/3064/593 2706/3026/2115
f 2694/3067/2108 2725/3068/2127 2724/3069/2126 2693/3070/2107
f 2708/3033/562 2739/3071/2138 2738/3066/2137 2707/3029/563
f 2695/3072/2109 2726/3073/2128 2725/3068/2127 2694/3067/2108
f 2709/3074/561 2740/3075/2139 2739/3071/2138 2708/3033/562
f 2696/3076/2110 2727/3077/2129 2726/3073/2128 2695/3072/2109
f 2710/3040/560 2741/3078/2140 2740/3079/2139 2709/3036/561
f 2697/3080/573 2728/3081/2130 2727/3077/2129 2696/3076/2110
f 2711/3003/559 2742/3082/588 2741/3078/2140 2710/3040/560
f 2698/3083/2111 2729/3084/2131 2728/3081/2130 2697/3080/573
f 2712/3002/558 2743/3085/2141 2742/3082/588 2711/3003/559
f 2699/3044/571 2730/3043/600 2729/3084/2131 2698/3083/2111
f 2686/3005/2103 2717/3046/2119 1440/1636/26
f 2713/3006/557 2744/3048/2142 2743/3085/2141 2712/3002/558
f 2733/3054/2134 2764/3086/625 2763/3087/2159 2732/3050/2133
f 2720/3055/2122 2751/3088/2149 2750/3089/2148 2719/3051/2121
f 2747/3056/2145 2778/3090/2169 2777/3091/2168 2746/3052/2144
f 2734/3058/596 2765/3092/624 2764/3086/625 2733/3054/2134
f 2721/3059/2123 2752/3093/2150 2751/3088/2149 2720/3055/2122
f 1465/1661/1 2778/3090/2169 2747/3056/2145
f 2735/3060/2135 2766/3094/2160 2765/3092/624 2734/3058/596
f 2722/3061/2124 2753/3095/2151 2752/3093/2150 2721/3059/2123
f 2736/3062/2136 2767/3096/2161 2766/3094/2160 2735/3060/2135
f 2723/3063/2125 2754/3097/2152 2753/3095/2151 2722/3061/2124
f 2737/3064/593 2768/3098/2162 2767/3096/2161 2736/3062/2136
f 2724/3065/2126 2755/3099/2153 2754/3097/2152 2723/3063/2125
f 2738/3066/2137 2769/3100/2163 2768/3098/2162 2737/3064/593
f 2725/3068/2127 2756/3101/2154 2755/3102/2153 2724/3069/2126
f 2739/3071/2138 2770/3103/619 2769/3100/2163 2738/3066/2137
f 2726/3073/2128 2757/3104/2155 2756/3101/2154 2725/3068/2127
f 2740/3075/2139 2771/3105/618 2770/3103/619 2739/3071/2138
f 2727/3077/2129 2758/3106/2156 2757/3104/2155 2726/3073/2128
f 2741/3078/2140 2772/3107/617 2771/3108/618 2740/3079/2139
f 2728/3081/2130 2759/3109/2157 2758/3106/2156 2727/3077/2129
f 2742/3082/588 2773/3110/2164 2772/3107/617 2741/3078/2140
f 2729/3084/2131 2760/3111/2158 2759/3109/2157 2728/3081/2130
f 2743/3085/2141 2774/3112/2165 2773/3110/2164 2742/3082/588
f 2730/3043/600 2761/3113/628 2760/3111/2158 2729/3084/2131
f 2717/3046/2119 2748/3114/2146 1440/1636/26
f 2744/3048/2142 2775/3115/2166 2774/3112/2165 2743/3085/2141
f 2731/3042/2132 2762/3116/627 2761/3113/628 2730/3043/600
f 2718/3045/2120 2749/3117/2147 2748/3114/2146 2717/3046/2119
f 2745/3047/2143 2776/3118/2167 2775/3115/2166 2744/3048/2142
f 2732/3050/2133 2763/3087/2159 2762/3116/627 2731/3042/2132
f 2719/3051/2121 2750/3089/2148 2749/3117/2147 2718/3045/2120
f 2746/3052/2144 2777/3091/2168 2776/3118/2167 2745/3047/2143
f 2766/3094/2160 2797/3119/650 2796/3120/2186 2765/3092/624
f 2753/3095/2151 2784/3121/2175 2783/3122/2174 2752/3093/2150
f 2767/3096/2161 2798/3123/2187 2797/3119/650 2766/3094/2160
f 2754/3097/2152 2785/3124/2176 2784/3121/2175 2753/3095/2151
f 2768/3098/2162 2799/3125/2188 2798/3123/2187 2767/3096/2161
f 2755/3099/2153 2786/3126/2177 2785/3124/2176 2754/3097/2152
f 2769/3100/2163 2800/3127/2189 2799/3125/2188 2768/3098/2162
f 2756/3101/2154 2787/3128/2178 2786/3129/2177 2755/3102/2153
f 2770/3103/619 2801/3130/2190 2800/3127/2189 2769/3100/2163
f 2757/3104/2155 2788/3131/2179 2787/3128/2178 2756/3101/2154
f 2771/3105/618 2802/3132/2191 2801/3130/2190 2770/3103/619
f 2758/3106/2156 2789/3133/2180 2788/3131/2179 2757/3104/2155
f 2772/3107/617 2803/3134/644 2802/3135/2191 2771/3108/618
f 2759/3109/2157 2790/3136/2181 2789/3133/2180 2758/3106/2156
f 2773/3110/2164 2804/3137/2192 2803/3134/644 2772/3107/617
f 2760/3111/2158 2791/3138/656 2790/3136/2181 2759/3109/2157
f 2774/3112/2165 2805/3139/642 2804/3137/2192 2773/3110/2164
f 2761/3113/628 2792/3140/2182 2791/3138/656 2760/3111/2158
f 2748/3114/2146 2779/3141/2170 1440/1636/26
f 2775/3115/2166 2806/3142/2193 2805/3139/642 2774/3112/2165
f 2762/3116/627 2793/3143/2183 2792/3140/2182 2761/3113/628
f 2749/3117/2147 2780/3144/2171 2779/3141/2170 2748/3114/2146
f 2776/3118/2167 2807/3145/2194 2806/3142/2193 2775/3115/2166
f 2763/3087/2159 2794/3146/2184 2793/3143/2183 2762/3116/627
f 2750/3089/2148 2781/3147/2172 2780/3144/2171 2749/3117/2147
f 2777/3091/2168 2808/3148/2195 2807/3145/2194 2776/3118/2167
f 2764/3086/625 2795/3149/2185 2794/3146/2184 2763/3087/2159
f 2751/3088/2149 2782/3150/2173 2781/3147/2172 2750/3089/2148
f 2778/3090/2169 2809/3151/2196 2808/3148/2195 2777/3091/2168
f 2765/3092/624 2796/3120/2186 2795/3149/2185 2764/3086/625
f 2752/3093/2150 2783/3122/2174 2782/3150/2173 2751/3088/2149
f 1465/1661/1 2809/3151/2196 2778/3090/2169
f 2799/3125/2188 2830/3152/2210 2829/3153/676 2798/3123/2187
f 2786/3126/2177 2817/3154/2202 2816/3155/2201 2785/3124/2176
f 2800/3127/2189 2831/3156/2211 2830/3152/2210 2799/3125/2188
f 2787/3128/2178 2818/3157/2203 2817/3158/2202 2786/3129/2177
f 2801/3130/2190 2832/3159/673 2831/3156/2211 2800/3127/2189
f 2788/3131/2179 2819/3160/2204 2818/3157/2203 2787/3128/2178
f 2802/3132/2191 2833/3161/2212 2832/3159/673 2801/3130/2190
f 2789/3133/2180 2820/3162/2205 2819/3160/2204 2788/3131/2179
f 2803/3163/644 2834/3164/2213 2833/3161/2212 2802/3132/2191
f 2790/3136/2181 2821/3165/684 2820/3162/2205 2789/3133/2180
f 2804/3137/2192 2835/3166/670 2834/3167/2213 2803/3134/644
f 2791/3138/656 2822/3168/2206 2821/3165/684 2790/3136/2181
f 2805/3139/642 2836/3169/2214 2835/3166/670 2804/3137/2192
f 2792/3140/2182 2823/3170/2207 2822/3168/2206 2791/3138/656
f 2779/3141/2170 2810/3171/2197 1440/1636/26
f 2806/3142/2193 2837/3172/2215 2836/3169/2214 2805/3139/642
f 2793/3143/2183 2824/3173/681 2823/3170/2207 2792/3140/2182
f 2780/3144/2171 2811/3174/689 2810/3171/2197 2779/3141/2170
f 2807/3145/2194 2838/3175/2216 2837/3172/2215 2806/3142/2193
f 2794/3146/2184 2825/3176/680 2824/3173/681 2793/3143/2183
f 2781/3147/2172 2812/3177/2198 2811/3174/689 2780/3144/2171
f 2808/3148/2195 2839/3178/666 2838/3175/2216 2807/3145/2194
f 2795/3149/2185 2826/3179/679 2825/3176/680 2794/3146/2184
f 2782/3150/2173 2813/3180/687 2812/3177/2198 2781/3147/2172
f 2809/3151/2196 2840/3181/2217 2839/3178/666 2808/3148/2195
f 2796/3120/2186 2827/3182/2208 2826/3179/679 2795/3149/2185
f 2783/3122/2174 2814/3183/2199 2813/3180/687 2782/3150/2173
f 1465/1661/1 2840/3181/2217 2809/3151/2196
f 2797/3119/650 2828/3184/2209 2827/3182/2208 2796/3120/2186
f 2784/3121/2175 2815/3185/2200 2814/3183/2199 2783/3122/2174
f 2798/3123/2187 2829/3153/676 2828/3184/2209 2797/3119/650
f 2785/3124/2176 2816/3155/2201 2815/3185/2200 2784/3121/2175
f 2832/3159/673 2863/3186/699 2862/3187/700 2831/3156/2211
f 2819/3160/2204 2850/3188/2226 2849/3189/2225 2818/3157/2203
f 2833/3161/2212 2864/3190/698 2863/3186/699 2832/3159/673
f 2820/3162/2205 2851/3191/2227 2850/3188/2226 2819/3160/2204
f 2834/3164/2213 2865/3192/2229 2864/3190/698 2833/3161/2212
f 2821/3165/684 2852/3193/710 2851/3191/2227 2820/3162/2205
f 2835/3166/670 2866/3194/696 2865/3195/2229 2834/3167/2213
f 2822/3168/2206 2853/3196/709 2852/3193/710 2821/3165/684
f 2836/3169/2214 2867/3197/2230 2866/3194/696 2835/3166/670
f 2823/3170/2207 2854/3198/708 2853/3196/709 2822/3168/2206
f 2810/3171/2197 2841/3199/2218 1440/1636/26
f 2837/3172/2215 2868/3200/2231 2867/3197/2230 2836/3169/2214
f 2824/3173/681 2855/3201/707 2854/3198/708 2823/3170/2207
f 2811/3174/689 2842/3202/715 2841/3199/2218 2810/3171/2197
f 2838/3175/2216 2869/3203/2232 2868/3200/2231 2837/3172/2215
f 2825/3176/680 2856/3204/706 2855/3201/707 2824/3173/681
f 2812/3177/2198 2843/3205/2219 2842/3202/715 2811/3174/689
f 2839/3178/666 2870/3206/692 2869/3203/2232 2838/3175/2216
f 2826/3179/679 2857/3207/705 2856/3204/706 2825/3176/680
f 2813/3180/687 2844/3208/2220 2843/3205/2219 2812/3177/2198
f 2840/3181/2217 2871/3209/2233 2870/3206/692 2839/3178/666
f 2827/3182/2208 2858/3210/704 2857/3207/705 2826/3179/679
f 2814/3183/2199 2845/3211/2221 2844/3208/2220 2813/3180/687
f 1465/1661/1 2871/3209/2233 2840/3181/2217
f 2828/3184/2209 2859/3212/703 2858/3210/704 2827/3182/2208
f 2815/3185/2200 2846/3213/2222 2845/3211/2221 2814/3183/2199
f 2829/3153/676 2860/3214/702 2859/3212/703 2828/3184/2209
f 2816/3155/2201 2847/3215/2223 2846/3213/2222 2815/3185/2200
f 2830/3152/2210 2861/3216/2228 2860/3214/702 2829/3153/676
f 2817/3158/2202 2848/3217/2224 2847/3218/2223 2816/3219/2201
f 2831/3156/2211 2862/3187/700 2861/3216/2228 2830/3152/2210
f 2818/3157/2203 2849/3189/2225 2848/3217/2224 2817/3158/2202
f 2865/3192/2229 1460/1620/723 2876/1614/724 2864/3190/698
f 2852/3193/710 1449/1622/736 2874/1618/2235 2851/3191/2227
f 2866/3194/696 2877/1624/2236 1460/1627/723 2865/3195/2229
f 2853/3196/709 1450/1628/1446 1449/1622/736 2852/3193/710
f 2867/3197/2230 1461/1630/721 2877/1624/2236 2866/3194/696
f 2854/3198/708 1451/1632/734 1450/1628/1446 2853/3196/709
f 2841/3199/2218 1441/1634/742 1440/1636/26
f 2868/3200/2231 2878/1637/720 1461/1630/721 2867/3197/2230
f 2855/3201/707 1452/1639/733 1451/1632/734 2854/3198/708
f 2842/3202/715 1442/1641/741 1441/1634/742 2841/3199/2218
f 2869/3203/2232 1462/1643/1448 2878/1637/720 2868/3200/2231
f 2856/3204/706 1453/1645/732 1452/1639/733 2855/3201/707
f 2843/3205/2219 1443/1647/1440 1442/1641/741 2842/3202/715
f 2870/3206/692 1463/1649/718 1462/1643/1448 2869/3203/2232
f 2857/3207/705 1454/1651/731 1453/1645/732 2856/3204/706
f 2844/3208/2220 2872/1653/739 1443/1647/1440 2843/3205/2219
f 2871/3209/2233 1464/1655/717 1463/1649/718 2870/3206/692
f 2858/3210/704 1455/1657/730 1454/1651/731 2857/3207/705
f 2845/3211/2221 1444/1659/1441 2872/1653/739 2844/3208/2220
f 1465/1661/1 1464/1655/717 2871/3209/2233
f 2859/3212/703 1456/1662/1447 1455/1657/730 2858/3210/704
f 2846/3213/2222 1445/1664/1442 1444/1659/1441 2845/3211/2221
f 2860/3214/702 1457/1666/728 1456/1662/1447 2859/3212/703
f 2847/3215/2223 1446/1668/1443 1445/1664/1442 2846/3213/2222
f 2861/3216/2228 2875/1670/727 1457/1666/728 2860/3214/702
f 2848/3217/2224 1447/1672/1444 1446/1675/1443 2847/3218/2223
f 2862/3187/700 1458/1676/726 2875/1670/727 2861/3216/2228
f 2849/3189/2225 1448/1613/1445 1447/1672/1444 2848/3217/2224
f 2863/3186/699 1459/1617/725 1458/1676/726 2862/3187/700
f 2850/3188/2226 2873/1610/2234 1448/1613/1445 2849/3189/2225
f 2864/3190/698 2876/1614/724 1459/1617/725 2863/3186/699
f 2851/3191/2227 2874/1618/2235 2873/1610/2234 2850/3188/2226
f 544/3220/544 543/3221/543 1982/3222/1712 1983/3223/1713
f 545/3224/545 544/3220/544 1983/3223/1713 1984/3225/1714
f 546/3226/546 545/3224/545 1984/3225/1714 1985/3227/1715
f 576/3228/576 575/3229/575 2014/3230/1731 2015/3231/1732
f 575/3232/575 546/3233/546 1985/2211/1715 2014/2238/1731
f 543/3234/543 574/3235/574 2013/3236/1730 1982/3237/1712
f 605/3238/605 604/3239/604 2043/3240/1754 2044/3241/1755
f 604/3242/604 576/3243/576 2015/2237/1732 2043/2269/1754
f 574/3235/574 603/3244/603 2042/3245/1753 2013/3236/1730
f 603/3244/603 631/3246/631 2070/3247/1774 2042/3245/1753
f 632/3248/632 605/3249/605 2044/3250/1755 2071/3251/1775
f 660/3252/660 659/3253/659 2098/3254/1798 2099/3255/1799
f 631/3246/631 658/3256/658 2097/3257/1797 2070/3247/1774
f 659/3258/659 632/3248/632 2071/3251/1775 2098/3259/1798
f 658/3256/658 685/3260/685 2124/3261/1817 2097/3257/1797
f 686/3262/686 660/3263/660 2099/3264/1799 2125/3265/1818
f 685/3260/685 711/3266/711 2150/3267/1831 2124/3261/1817
f 712/3268/712 686/3262/686 2125/3265/1818 2151/3269/1832
f 711/3266/711 737/3270/737 2176/3271/1842 2150/3267/1831
f 738/3272/738 712/3268/712 2151/3269/1832 2177/3273/1843
f 764/3274/764 738/3272/738 2177/3273/1843 2203/3275/1855
f 737/3270/737 763/3276/763 2202/3277/1854 2176/3271/1842
f 790/3278/790 764/3274/764 2203/3275/1855 2229/3279/1873
f 763/3276/763 789/3280/789 2228/3281/1872 2202/3277/1854
f 816/3282/816 817/3283/817 2256/3284/1895 2255/3285/1894
f 817/3286/817 790/3278/790 2229/3279/1873 2256/3287/1895
f 789/3280/789 815/3288/815 2254/3289/1893 2228/3281/1872
f 843/3290/843 816/3291/816 2255/3292/1894 2282/3293/1914
f 815/3288/815 842/3294/842 2281/3295/1913 2254/3289/1893
f 870/3296/870 871/3297/871 2310/3298/1938 2309/3299/1937
f 842/3294/842 869/3300/869 2308/3301/1936 2281/3295/1913
f 871/3302/871 843/3303/843 2282/2530/1914 2310/2597/1938
f 898/3304/898 899/3305/899 2338/3306/1956 2337/3307/1955
f 869/3300/869 897/3308/897 2336/3309/1954 2308/3301/1936
f 899/3310/899 870/3311/870 2309/2622/1937 2338/2621/1956
f 926/3312/926 927/3313/927 2366/3314/1975 2365/3315/1974
f 927/3313/927 928/3316/928 2367/3317/1976 2366/3314/1975
f 928/3316/928 929/3318/929 2368/3319/1977 2367/3317/1976
f 897/3308/897 926/3320/926 2365/3321/1974 2336/3309/1954
f 929/3322/929 898/3323/898 2337/3324/1955 2368/3325/1977
f 2879/3326/2237 2880/3327/2238 2882/3328/2240 2881/3329/2239
f 2881/3329/2239 2882/3328/2240 2884/3330/2242 2883/3331/2241
f 2883/3331/2241 2884/3330/2242 2886/3332/2244 2885/3333/2243
f 2885/3333/2243 2886/3332/2244 2888/3334/2246 2887/3335/2245
f 2887/3336/2245 2888/3337/2246 2890/3338/2248 2889/3339/2247
f 2889/3339/2247 2890/3338/2248 2892/3340/2250 2891/3341/2249
f 2891/3341/2249 2892/3340/2250 2894/3342/2252 2893/3343/2251
f 2893/3343/2251 2894/3342/2252 2896/3344/2254 2895/3345/2253
f 2895/3345/2253 2896/3344/2254 2898/3346/2256 2897/3347/2255
f 2897/3347/2255 2898/3346/2256 2900/3348/2258 2899/3349/2257
f 2899/3349/2257 2900/3348/2258 2902/3350/2260 2901/3351/2259
f 2901/3351/2259 2902/3350/2260 2904/3352/2262 2903/3353/2261
f 2903/3353/2261 2904/3352/2262 2906/3354/2264 2905/3355/2263
f 2905/3355/2263 2906/3354/2264 2908/3356/2266 2907/3357/2265
f 2907/3358/2265 2908/3359/2266 2910/3360/2268 2909/3361/2267
f 2909/3361/2267 2910/3360/2268 2912/3362/2270 2911/3363/2269
f 2911/3363/2269 2912/3362/2270 2914/3364/2272 2913/3365/2271
f 2913/3365/2271 2914/3364/2272 2916/3366/2274 2915/3367/2273
f 2915/3367/2273 2916/3366/2274 2918/3368/2276 2917/3369/2275
f 2917/3369/2275 2918/3368/2276 2920/3370/2278 2919/3371/2277
f 2919/3371/2277 2920/3370/2278 2922/3372/2280 2921/3373/2279
f 2921/3373/2279 2922/3372/2280 2924/3374/2282 2923/3375/2281
f 2923/3375/2281 2924/3374/2282 2926/3376/2284 2925/3377/2283
f 2925/3377/2283 2926/3376/2284 2928/3378/2286 2927/3379/2285
f 2927/3380/2285 2928/3381/2286 2930/3382/2288 2929/3383/2287
f 2929/3383/2287 2930/3382/2288 2932/3384/2290 2931/3385/2289
f 2931/3385/2289 2932/3384/2290 2934/3386/2292 2933/3387/2291
f 2933/3387/2291 2934/3386/2292 2936/3388/2294 2935/3389/2293
f 2935/3389/2293 2936/3388/2294 2938/3390/2296 2937/3391/2295
f 2937/3391/2295 2938/3390/2296 2940/3392/2298 2939/3393/2297
f 2939/3393/2297 2940/3392/2298 2942/3394/2300 2941/3395/2299
f 2941/3395/2299 2942/3394/2300 2944/3396/2302 2943/3397/2301
f 2943/3397/2301 2944/3396/2302 2946/3398/2304 2945/3399/2303
f 2945/3399/2303 2946/3398/2304 2948/3400/2306 2947/3401/2305
f 2947/3401/2305 2948/3400/2306 2950/3402/2308 2949/3403/2307
f 2949/3404/2307 2950/3405/2308 2952/3406/2310 2951/3407/2309
f 2951/3407/2309 2952/3406/2310 2954/3408/2312 2953/3409/2311
f 2953/3409/2311 2954/3408/2312 2956/3410/2314 2955/3411/2313
f 2882/3412/2240 2880/3413/2238 2958/3414/2316 2956/3415/2314 2954/3416/2312 2952/3417/2310 2950/3418/2308 2948/3419/2306 2946/3420/2304 2944/3421/2302 2942/3422/2300 2940/3423/2298 2938/3424/2296 2936/3425/2294 2934/3426/2292 2932/3427/2290 2930/3428/2288 2928/3429/2286 2926/3430/2284 2924/3431/2282 2922/3432/2280 2920/3433/2278 2918/3434/2276 2916/3435/2274 2914/3436/2272 2912/3437/2270 2910/3438/2268 2908/3439/2266 2906/3440/2264 2904/3441/2262 2902/3442/2260 2900/3443/2258 2898/3444/2256 2896/3445/2254 2894/3446/2252 2892/3447/2250 2890/3448/2248 2888/3449/2246 2886/3450/2244 2884/3451/2242
f 2955/3411/2313 2956/3410/2314 2958/3452/2316 2957/3453/2315
f 2957/3453/2315 2958/3452/2316 2880/3327/2238 2879/3326/2237
f 2879/3454/2237 2881/3455/2239 2883/3456/2241 2885/3457/2243 2887/3458/2245 2889/3459/2247 2891/3460/2249 2893/3461/2251 2895/3462/2253 2897/3463/2255 2899/3464/2257 2901/3465/2259 2903/3466/2261 2905/3467/2263 2907/3468/2265 2909/3469/2267 2911/3470/2269 2913/3471/2271 2915/3472/2273 2917/3473/2275 2919/3474/2277 2921/3475/2279 2923/3476/2281 2925/3477/2283 2927/3478/2285 2929/3479/2287 2931/3480/2289 2933/3481/2291 2935/3482/2293 2937/3483/2295 2939/3484/2297 2941/3485/2299 2943/3486/2301 2945/3487/2303 2947/3488/2305 2949/3489/2307 2951/3490/2309 2953/3491/2311 2955/3492/2313 2957/3493/2315
f 2959/3494/2278 2961/3495/2280 2962/3496/2279 2960/3497/2277
f 2961/3495/2280 2963/3498/2282 2964/3499/2281 2962/3496/2279
f 2963/3498/2282 2965/3500/2284 2966/3501/2283 2964/3499/2281
f 2965/3500/2284 2967/3502/2286 2968/3503/2285 2966/3501/2283
f 2967/3504/2286 2969/3505/2288 2970/3506/2287 2968/3507/2285
f 2969/3505/2288 2971/3508/2290 2972/3509/2289 2970/3506/2287
f 2971/3508/2290 2973/3510/2292 2974/3511/2291 2972/3509/2289
f 2973/3510/2292 2975/3512/2294 2976/3513/2293 2974/3511/2291
f 2975/3512/2294 2977/3514/2296 2978/3515/2295 2976/3513/2293
f 2977/3514/2296 2979/3516/2298 2980/3517/2297 2978/3515/2295
f 2979/3516/2298 2981/3518/2300 2982/3519/2299 2980/3517/2297
f 2981/3518/2300 2983/3520/2302 2984/3521/2301 2982/3519/2299
f 2983/3520/2302 2985/3522/2304 2986/3523/2303 2984/3521/2301
f 2985/3522/2304 2987/3524/2306 2988/3525/2305 2986/3523/2303
f 2987/3524/2306 2989/3526/2308 2990/3527/2307 2988/3525/2305
f 2989/3528/2308 2991/3529/2310 2992/3530/2309 2990/3531/2307
f 2991/3529/2310 2993/3532/2312 2994/3533/2311 2992/3530/2309
f 2993/3532/2312 2995/3534/2314 2996/3535/2313 2994/3533/2311
f 2995/3534/2314 2997/3536/2316 2998/3537/2315 2996/3535/2313
f 2997/3536/2316 2999/3538/2238 3000/3539/2237 2998/3537/2315
f 2999/3538/2238 3001/3540/2240 3002/3541/2239 3000/3539/2237
f 3001/3540/2240 3003/3542/2242 3004/3543/2241 3002/3541/2239
f 3003/3542/2242 3005/3544/2244 3006/3545/2243 3004/3543/2241
f 3005/3544/2244 3007/3546/2246 3008/3547/2245 3006/3545/2243
f 3007/3548/2246 3009/3549/2248 3010/3550/2247 3008/3551/2245
f 3009/3549/2248 3011/3552/2250 3012/3553/2249 3010/3550/2247
f 3011/3552/2250 3013/3554/2252 3014/3555/2251 3012/3553/2249
f 3013/3554/2252 3015/3556/2254 3016/3557/2253 3014/3555/2251
f 3015/3556/2254 3017/3558/2256 3018/3559/2255 3016/3557/2253
f 3017/3558/2256 3019/3560/2258 3020/3561/2257 3018/3559/2255
f 3019/3560/2258 3021/3562/2260 3022/3563/2259 3020/3561/2257
f 3021/3562/2260 3023/3564/2262 3024/3565/2261 3022/3563/2259
f 3023/3564/2262 3025/3566/2264 3026/3567/2263 3024/3565/2261
f 3025/3566/2264 3027/3568/2266 3028/3569/2265 3026/3567/2263
f 3027/3570/2266 3029/3571/2268 3030/3572/2267 3028/3573/2265
f 3029/3571/2268 3031/3574/2270 3032/3575/2269 3030/3572/2267
f 3031/3574/2270 3033/3576/2272 3034/3577/2271 3032/3575/2269
f 3033/3576/2272 3035/3578/2274 3036/3579/2273 3034/3577/2271
f 2962/3580/2279 2964/3581/2281 2966/3582/2283 2968/3583/2285 2970/3584/2287 2972/3585/2289 2974/3586/2291 2976/3587/2293 2978/3588/2295 2980/3589/2297 2982/3590/2299 2984/3591/2301 2986/3592/2303 2988/3593/2305 2990/3594/2307 2992/3595/2309 2994/3596/2311 2996/3597/2313 2998/3598/2315 3000/3599/2237 3002/3600/2239 3004/3601/2241 3006/3602/2243 3008/3603/2245 3010/3604/2247 3012/3605/2249 3014/3606/2251 3016/3607/2253 3018/3608/2255 3020/3609/2257 3022/3610/2259 3024/3611/2261 3026/3612/2263 3028/3613/2265 3030/3614/2267 3032/3615/2269 3034/3616/2271 3036/3617/2273 3038/3618/2275 2960/3619/2277
f 3035/3578/2274 3037/3620/2276 3038/3621/2275 3036/3579/2273
f 3037/3620/2276 2959/3494/2278 2960/3497/2277 3038/3621/2275
f 2959/3622/2278 3037/3623/2276 3035/3624/2274 3033/3625/2272 3031/3626/2270 3029/3627/2268 3027/3628/2266 3025/3629/2264 3023/3630/2262 3021/3631/2260 3019/3632/2258 3017/3633/2256 3015/3634/2254 3013/3635/2252 3011/3636/2250 3009/3637/2248 3007/3638/2246 3005/3639/2244 3003/3640/2242 3001/3641/2240 2999/3642/2238 2997/3643/2316 2995/3644/2314 2993/3645/2312 2991/3646/2310 2989/3647/2308 2987/3648/2306 2985/3649/2304 2983/3650/2302 2981/3651/2300 2979/3652/2298 2977/3653/2296 2975/3654/2294 2973/3655/2292 2971/3656/2290 2969/3657/2288 2967/3658/2286 2965/3659/2284 2963/3660/2282 2961/3661/2280
