# Blender 5.0.1
# www.blender.org
mtllib annotator_mask.mtl
o SM_AnnotatorMask
v -7.650000 -2.577119 2.000000
v -7.200000 -3.016222 2.000000
v -7.200000 -3.155924 1.550000
v -7.650000 -2.722200 1.550000
v -6.750000 -3.398788 2.000000
v -6.750000 -3.551275 1.550000
v -6.300000 -3.719018 2.000000
v -6.300000 -3.891861 1.550000
v -5.850000 -3.990447 2.000000
v -5.850000 -4.174353 1.550000
v -5.400000 -4.238414 2.000000
v -5.400000 -4.414922 1.550000
v -4.950000 -4.481897 2.000000
v -4.950000 -4.638677 1.550000
v -4.500000 -4.720007 2.000000
v -4.500000 -4.861073 1.550000
v -4.050000 -4.934489 2.000000
v -4.050000 -5.076875 1.550000
v -3.600000 -5.106276 2.000000
v -3.600000 -5.265921 1.550000
v -3.150000 -5.232437 2.000000
v -3.150000 -5.410982 1.550000
v -2.700000 -5.329558 2.000000
v -2.700000 -5.512984 1.550000
v -2.250000 -5.420763 2.000000
v -2.250000 -5.591009 1.550000
v -1.800000 -5.517184 2.000000
v -1.800000 -5.667106 1.550000
v -1.350000 -5.609232 2.000000
v -1.350000 -5.748528 1.550000
v -0.900000 -5.674938 2.000000
v -0.900000 -5.822107 1.550000
v -0.450000 -5.698440 2.000000
v -0.450000 -5.865460 1.550000
v 0.000000 -5.683333 2.000000
v 0.000000 -5.865735 1.550000
v 0.450000 -5.649810 2.000000
v 0.450000 -5.830379 1.550000
v 0.900000 -5.617969 2.000000
v 0.900000 -5.781010 1.550000
v -7.200000 -3.291820 1.100000
v -7.650000 -2.875592 1.100000
v -6.750000 -3.685399 1.100000
v -6.300000 -4.041406 1.100000
v -5.850000 -4.343734 1.100000
v -5.400000 -4.592122 1.100000
v -4.950000 -4.805199 1.100000
v -4.500000 -5.007267 1.100000
v -4.050000 -5.209934 1.100000
v -3.600000 -5.403919 1.100000
v -3.150000 -5.567903 1.100000
v -2.700000 -5.687132 1.100000
v -2.250000 -5.766416 1.100000
v -1.800000 -5.826761 1.100000
v -1.350000 -5.888470 1.100000
v -0.900000 -5.954709 1.100000
v -0.450000 -6.009174 1.100000
v 0.000000 -6.029809 1.100000
v 0.450000 -6.007191 1.100000
v 0.900000 -5.952385 1.100000
v -7.200000 -3.434486 0.650000
v -7.650000 -3.038122 0.650000
v -6.750000 -3.812723 0.650000
v -6.300000 -4.170622 0.650000
v -5.850000 -4.490509 0.650000
v -5.400000 -4.757574 0.650000
v -4.950000 -4.974972 0.650000
v -4.500000 -5.163426 0.650000
v -4.050000 -5.345822 0.650000
v -3.600000 -5.529675 0.650000
v -3.150000 -5.702060 0.650000
v -2.700000 -5.841263 0.650000
v -2.250000 -5.935544 0.650000
v -1.800000 -5.993486 0.650000
v -1.350000 -6.037381 0.650000
v -0.900000 -6.085155 0.650000
v -0.450000 -6.135802 0.650000
v 0.000000 -6.170429 0.650000
v 0.450000 -6.168022 0.650000
v 0.900000 -6.122899 0.650000
v -7.200000 -3.586963 0.200000
v -7.650000 -3.201764 0.200000
v -6.750000 -3.944839 0.200000
v -6.300000 -4.290047 0.200000
v -5.850000 -4.615429 0.200000
v -5.400000 -4.901622 0.200000
v -4.950000 -5.135934 0.200000
v -4.500000 -5.325073 0.200000
v -4.050000 -5.491359 0.200000
v -3.600000 -5.655653 0.200000
v -3.150000 -5.821236 0.200000
v -2.700000 -5.972029 0.200000
v -2.250000 -6.086689 0.200000
v -1.800000 -6.156916 0.200000
v -1.350000 -6.194823 0.200000
v -0.900000 -6.223296 0.200000
v -0.450000 -6.257323 0.200000
v 0.000000 -6.291779 0.200000
v 0.450000 -6.305791 0.200000
v 0.900000 -6.280076 0.200000
v -7.200000 -3.743067 -0.250000
v -7.650000 -3.354108 -0.250000
v -6.750000 -4.086905 -0.250000
v -6.300000 -4.411912 -0.250000
v -5.850000 -4.727664 -0.250000
v -5.400000 -5.022778 -0.250000
v -4.950000 -5.277170 -0.250000
v -4.500000 -5.480912 -0.250000
v -4.050000 -5.644225 -0.250000
v -3.600000 -5.790434 -0.250000
v -3.150000 -5.937802 -0.250000
v -2.700000 -6.085342 -0.250000
v -2.250000 -6.214408 -0.250000
v -1.800000 -6.304761 -0.250000
v -1.350000 -6.351842 -0.250000
v -0.900000 -6.370935 -0.250000
v -0.450000 -6.384799 -0.250000
v 0.000000 -6.405015 -0.250000
v 0.450000 -6.422509 -0.250000
v 0.900000 -6.415111 -0.250000
v -7.200000 -3.890826 -0.700000
v -7.650000 -3.485282 -0.700000
v -6.750000 -4.234776 -0.700000
v -6.300000 -4.543327 -0.700000
v -5.850000 -4.839690 -0.700000
v -5.400000 -5.128546 -0.700000
v -4.950000 -5.394996 -0.700000
v -4.500000 -5.619122 -0.700000
v -4.050000 -5.794256 -0.700000
v -3.600000 -5.933929 -0.700000
v -3.150000 -6.061820 -0.700000
v -2.700000 -6.193079 -0.700000
v -2.250000 -6.322548 -0.700000
v -1.800000 -6.429655 -0.700000
v -1.350000 -6.495960 -0.700000
v -0.900000 -6.520820 -0.700000
v -0.450000 -6.522216 -0.700000
v 0.000000 -6.522058 -0.700000
v 0.450000 -6.528152 -0.700000
v 0.900000 -6.527775 -0.700000
v -7.200000 -4.019163 -1.150000
v -7.650000 -3.593447 -1.150000
v -6.750000 -4.377309 -1.150000
v -6.300000 -4.682320 -1.150000
v -5.850000 -4.960339 -1.150000
v -5.400000 -5.231245 -1.150000
v -4.950000 -5.495012 -1.150000
v -4.500000 -5.733943 -1.150000
v -4.050000 -5.929105 -1.150000
v -3.600000 -6.077436 -1.150000
v -3.150000 -6.195440 -1.150000
v -2.700000 -6.306460 -1.150000
v -2.250000 -6.422106 -1.150000
v -1.800000 -6.533258 -1.150000
v -1.350000 -6.618126 -1.150000
v -0.900000 -6.660685 -1.150000
v -0.450000 -6.664255 -1.150000
v 0.000000 -6.648942 -1.150000
v 0.450000 -6.635111 -1.150000
v 0.900000 -6.626544 -1.150000
v -8.100000 -3.104448 -1.150000
v -7.650000 -3.685825 -1.600000
v -8.100000 -3.202534 -1.600000
v -7.200000 -4.124057 -1.600000
v -6.750000 -4.502574 -1.600000
v -6.300000 -4.818933 -1.600000
v -5.850000 -5.089876 -1.600000
v -5.400000 -5.341144 -1.600000
v -4.950000 -5.588980 -1.600000
v -4.500000 -5.828889 -1.600000
v -4.050000 -6.041126 -1.600000
v -3.600000 -6.208482 -1.600000
v -3.150000 -6.331699 -1.600000
v -2.700000 -6.429802 -1.600001
v -2.250000 -6.525101 -1.600001
v -1.800000 -6.625335 -1.600001
v -1.350000 -6.717759 -1.600001
v -0.900000 -6.780089 -1.600001
v -0.450000 -6.799262 -1.600001
v 0.000000 -6.782459 -1.600001
v 0.450000 -6.751278 -1.600001
v 0.900000 -6.723876 -1.600001
v -7.650000 -3.774673 -2.050000
v -8.100000 -3.309053 -2.050000
v -7.200000 -4.210792 -2.050000
v -6.750000 -4.604504 -2.050000
v -6.300000 -4.940776 -2.050000
v -5.850000 -5.219852 -2.050000
v -5.400000 -5.460735 -2.050000
v -4.950000 -5.688272 -2.050000
v -4.500000 -5.914786 -2.050000
v -4.050000 -6.131629 -2.050000
v -3.600000 -6.317777 -2.050000
v -3.150000 -6.458403 -2.050000
v -2.700000 -6.558106 -2.050000
v -2.250000 -6.637873 -2.050000
v -1.800000 -6.718311 -2.050000
v -1.350000 -6.803074 -2.050000
v -0.900000 -6.876229 -2.050000
v -0.450000 -6.915741 -2.050000
v 0.000000 -6.911942 -2.050000
v 0.450000 -6.875655 -2.050000
v 0.900000 -6.829268 -2.050000
v -7.650000 -3.870455 -2.500000
v -8.100000 -3.424619 -2.500000
v -7.200000 -4.291009 -2.500000
v -6.750000 -4.686271 -2.500000
v -6.300000 -5.039926 -2.500000
v -5.850000 -5.337813 -2.500000
v -5.400000 -5.583352 -2.500000
v -4.950000 -5.797532 -2.500000
v -4.500000 -6.003741 -2.500000
v -4.050000 -6.210156 -2.500000
v -3.600000 -6.404392 -2.500000
v -3.150000 -6.564919 -2.500000
v -2.700000 -6.679851 -2.500000
v -2.250000 -6.757555 -2.500000
v -1.800000 -6.820348 -2.500000
v -1.350000 -6.886504 -2.500000
v -0.900000 -6.955504 -2.500000
v -0.450000 -7.008758 -2.500000
v 0.000000 -7.025211 -2.500000
v 0.450000 -6.998908 -2.500000
v 0.900000 -6.943964 -2.500000
v -7.650000 -3.976008 -2.950000
v -8.100000 -3.541048 -2.950000
v -7.200000 -4.376218 -2.950000
v -6.750000 -4.758524 -2.950000
v -6.300000 -5.117342 -2.950000
v -5.850000 -5.434237 -2.950000
v -5.400000 -5.696878 -2.950000
v -4.950000 -5.912086 -2.950000
v -4.500000 -6.102397 -2.950000
v -4.050000 -6.289160 -2.950000
v -3.600000 -6.476271 -2.950000
v -3.150000 -6.648106 -2.950000
v -2.700000 -6.783406 -2.950000
v -2.250000 -6.873666 -2.950000
v -1.800000 -6.930800 -2.950000
v -1.350000 -6.977769 -2.950000
v -0.900000 -7.029952 -2.950000
v -0.450000 -7.082692 -2.950000
v 0.000000 -7.115360 -2.950000
v 0.450000 -7.108565 -2.950000
v 0.900000 -7.060263 -2.950000
v -7.650000 -4.084965 -3.400000
v -8.100000 -3.645910 -3.400000
v -7.200000 -4.471389 -3.400001
v -6.750000 -4.833450 -3.400001
v -6.300000 -5.182338 -3.400001
v -5.850000 -5.507843 -3.400001
v -5.400000 -5.790504 -3.400001
v -4.950000 -6.020552 -3.400001
v -4.500000 -6.208230 -3.400001
v -4.050000 -6.377067 -3.400001
v -3.600000 -6.545812 -3.400001
v -3.150000 -6.714056 -3.400001
v -2.700000 -6.863518 -3.400001
v -2.250000 -6.973957 -3.400001
v -1.800000 -7.040568 -3.400001
v -1.350000 -7.078462 -3.400001
v -0.900000 -7.110536 -3.400001
v -0.450000 -7.148793 -3.400001
v 0.000000 -7.184604 -3.400001
v 0.450000 -7.195973 -3.400001
v 0.900000 -7.165808 -3.400001
v -8.550000 -3.125386 -3.400000
v -8.100000 -3.729461 -3.850000
v -8.550000 -3.189730 -3.850000
v -7.650000 -4.185299 -3.850000
v -7.200000 -4.572177 -3.850000
v -6.750000 -4.917986 -3.850000
v -6.300000 -5.247382 -3.850000
v -5.850000 -5.566305 -3.850000
v -5.400000 -5.860744 -3.850000
v -4.950000 -6.111176 -3.850000
v -4.500000 -6.310953 -3.850000
v -4.050000 -6.473580 -3.850000
v -3.600000 -6.622952 -3.850000
v -3.150000 -6.774711 -3.850000
v -2.700000 -6.924232 -3.850000
v -2.250000 -7.051227 -3.850000
v -1.800000 -7.137174 -3.850000
v -1.350000 -7.181163 -3.850000
v -0.900000 -7.201041 -3.850000
v -0.450000 -7.218917 -3.850000
v 0.000000 -7.243046 -3.850000
v 0.450000 -7.261114 -3.850000
v 0.900000 -7.250474 -3.850000
v -8.100000 -3.790070 -4.300000
v -8.550000 -3.241211 -4.300000
v -7.650000 -4.266027 -4.300001
v -7.200000 -4.667346 -4.300001
v -6.750000 -5.009953 -4.300001
v -6.300000 -5.321157 -4.300001
v -5.850000 -5.621971 -4.300001
v -5.400000 -5.913387 -4.300001
v -4.950000 -6.178386 -4.300001
v -4.500000 -6.398252 -4.300001
v -4.050000 -6.569846 -4.300001
v -3.600000 -6.709633 -4.300001
v -3.150000 -6.841197 -4.300001
v -2.700000 -6.976645 -4.300001
v -2.250000 -7.107349 -4.300001
v -1.800000 -7.211713 -4.300001
v -1.350000 -7.273571 -4.300001
v -0.900000 -7.295962 -4.300001
v -0.450000 -7.298914 -4.300001
v 0.000000 -7.303049 -4.300001
v 0.450000 -7.312613 -4.300001
v 0.900000 -7.312011 -4.300001
v -8.100000 -3.835130 -4.750000
v -8.550000 -3.292308 -4.750000
v -7.650000 -4.323332 -4.750000
v -7.200000 -4.745030 -4.750000
v -6.750000 -5.099269 -4.750000
v -6.300000 -5.403719 -4.750000
v -5.850000 -5.684988 -4.750000
v -5.400000 -5.960264 -4.750000
v -4.950000 -6.225898 -4.750000
v -4.500000 -6.462648 -4.750000
v -4.050000 -6.653389 -4.750000
v -3.600000 -6.798719 -4.750000
v -3.150000 -6.917632 -4.750000
v -2.700000 -7.032715 -4.750000
v -2.250000 -7.152213 -4.750000
v -1.800000 -7.263815 -4.750000
v -1.350000 -7.345356 -4.750000
v -0.900000 -7.383570 -4.750000
v -0.450000 -7.385375 -4.750000
v 0.000000 -7.372341 -4.750000
v 0.450000 -7.362943 -4.750000
v 0.900000 -7.357292 -4.750000
v -8.100000 -3.876936 -5.200000
v -8.550000 -3.351953 -5.200000
v -7.650000 -4.362684 -5.200000
v -7.200000 -4.799346 -5.200000
v -6.750000 -5.173569 -5.200000
v -6.300000 -5.486465 -5.200000
v -5.850000 -5.757647 -5.200000
v -5.400000 -6.012657 -5.200000
v -4.950000 -6.264639 -5.200000
v -4.500000 -6.505661 -5.200000
v -4.050000 -6.715058 -5.200000
v -3.600000 -6.877973 -5.200000
v -3.150000 -6.998828 -5.200000
v -2.700000 -7.098603 -5.200000
v -2.250000 -7.198225 -5.200000
v -1.800000 -7.301851 -5.200000
v -1.350000 -7.393924 -5.200000
v -0.900000 -7.452453 -5.200000
v -0.450000 -7.467523 -5.200000
v 0.000000 -7.449715 -5.200000
v 0.450000 -7.421460 -5.200000
v 0.900000 -7.398490 -5.200000
v -8.100000 -3.925836 -5.650000
v -8.550000 -3.420551 -5.650000
v -7.650000 -4.395799 -5.650000
v -7.200000 -4.833670 -5.650000
v -6.750000 -5.225093 -5.650000
v -6.300000 -5.556931 -5.650000
v -5.850000 -5.833100 -5.650000
v -5.400000 -6.075014 -5.650000
v -4.950000 -6.306664 -5.650000
v -4.500000 -6.536966 -5.650000
v -4.050000 -6.754134 -5.650000
v -3.600000 -6.936874 -5.650000
v -3.150000 -7.073184 -5.650000
v -2.700000 -7.171237 -5.650000
v -2.250000 -7.253389 -5.650000
v -1.800000 -7.338270 -5.650000
v -1.350000 -7.425854 -5.650000
v -0.900000 -7.497868 -5.650000
v -0.450000 -7.533226 -5.650000
v 0.000000 -7.525700 -5.650000
v 0.450000 -7.489200 -5.650000
v 0.900000 -7.446292 -5.650000
v -8.100000 -3.984461 -6.100000
v -8.550000 -3.489760 -6.100000
v -7.650000 -4.434105 -6.100000
v -7.200000 -4.858757 -6.100000
v -6.750000 -5.255012 -6.100000
v -6.300000 -5.605730 -6.100000
v -5.850000 -5.899186 -6.100000
v -5.400000 -6.142469 -6.100000
v -4.950000 -6.358439 -6.100000
v -4.500000 -6.569000 -6.100000
v -4.050000 -6.778724 -6.100000
v -3.600000 -6.972484 -6.100000
v -3.150000 -7.129146 -6.100000
v -2.700000 -7.240024 -6.100000
v -2.250000 -7.316846 -6.100000
v -1.800000 -7.382658 -6.100000
v -1.350000 -7.453234 -6.100000
v -0.900000 -7.524392 -6.100000
v -0.450000 -7.575754 -6.100000
v 0.000000 -7.587834 -6.100000
v 0.450000 -7.558297 -6.100000
v 0.900000 -7.503942 -6.100000
v -8.100000 -4.046266 -6.550000
v -8.550000 -3.547134 -6.550000
v -7.650000 -4.482378 -6.550000
v -7.200000 -4.886748 -6.550000
v -6.750000 -5.272774 -6.550000
v -6.300000 -5.631792 -6.550000
v -5.850000 -5.945199 -6.550000
v -5.400000 -6.203555 -6.550000
v -4.950000 -6.417232 -6.550000
v -4.500000 -6.610033 -6.550000
v -3.600000 -6.991077 -6.550000
v -4.050000 -6.801245 -6.550000
v -2.700000 -7.292754 -6.550000
v -3.150000 -7.161652 -6.550000
v -1.800000 -7.436403 -6.550000
v -2.250000 -7.379357 -6.550000
v -0.900000 -7.543364 -6.550000
v -1.350000 -7.486928 -6.550000
v -0.450000 -7.597530 -6.550000
v 0.000000 -7.627615 -6.550000
v 0.450000 -7.616370 -6.550000
v 0.900000 -7.565435 -6.550000
v -8.100000 -4.099167 -7.000000
v -8.550000 -3.583062 -7.000000
v -7.650000 -4.536077 -7.000000
v -7.200000 -4.924404 -7.000000
v -6.750000 -5.290841 -7.000000
v -6.300000 -5.642952 -7.000000
v -5.850000 -5.967858 -7.000000
v -5.400000 -6.246592 -7.000000
v -4.950000 -6.472641 -7.000000
v -4.050000 -6.831507 -7.000000
v -4.500000 -6.659559 -7.000000
v -3.150000 -7.174946 -7.000000
v -3.600000 -7.004655 -7.000000
v -2.250000 -7.428447 -7.000000
v -2.700000 -7.322404 -7.000000
v -1.350000 -7.530519 -7.000000
v -1.800000 -7.491913 -7.000000
v -0.900000 -7.566571 -7.000000
v -0.450000 -7.608777 -7.000000
v 0.000000 -7.645235 -7.000000
v 0.450000 -7.653416 -7.000000
v 0.900000 -7.618865 -7.000000
v -8.100000 -4.132287 -7.450000
v -8.550000 -3.596120 -7.450000
v -7.650000 -4.583877 -7.450000
v -7.200000 -4.969340 -7.450000
v -6.750000 -5.317743 -7.450000
v -6.300000 -5.651590 -7.450000
v -5.850000 -5.973134 -7.450000
v -5.400000 -6.266194 -7.450000
v -4.950000 -6.512387 -7.450000
v -4.500000 -6.708579 -7.450000
v -3.600000 -7.024247 -7.450000
v -4.050000 -6.871245 -7.450000
v -2.700000 -7.331048 -7.450000
v -3.150000 -7.180220 -7.450000
v -1.800000 -7.536856 -7.450000
v -2.250000 -7.455359 -7.450000
v -0.900000 -7.599680 -7.450000
v -1.350000 -7.578316 -7.450000
v -0.450000 -7.621827 -7.450000
v 0.000000 -7.649473 -7.450000
v 0.450000 -7.667390 -7.450000
v 0.900000 -7.653057 -7.450000
v -8.100000 -4.142004 -7.900001
v -8.550000 -3.593869 -7.900001
v -7.650000 -4.613977 -7.900001
v -7.200000 -5.011353 -7.900001
v -6.750000 -5.353326 -7.900001
v -6.300000 -5.667728 -7.900001
v -5.850000 -5.972924 -7.900001
v -5.400000 -6.266276 -7.900001
v -4.950000 -6.529160 -7.900001
v -4.050000 -6.913152 -7.900001
v -4.500000 -6.744613 -7.900001
v -3.150000 -7.189369 -7.900001
v -3.600000 -7.053773 -7.900001
v -2.250000 -7.459935 -7.900001
v -2.700000 -7.328707 -7.900001
v -1.350000 -7.618519 -7.900001
v -1.800000 -7.561024 -7.900001
v -0.900000 -7.639077 -7.900001
v -0.450000 -7.644244 -7.900001
v 0.000000 -7.652803 -7.900001
v 0.450000 -7.665341 -7.900001
v 0.900000 -7.663793 -7.900001
v -8.100000 -4.133980 -8.349999
v -8.550000 -3.588639 -8.349999
v -7.650000 -4.620682 -8.349999
v -7.200000 -5.038106 -8.349999
v -6.750000 -5.388836 -8.349999
v -6.300000 -5.693450 -8.349999
v -5.850000 -5.978420 -8.349999
v -5.400000 -6.257868 -8.349999
v -4.950000 -6.524688 -8.349999
v -4.500000 -6.758657 -8.349999
v -3.600000 -7.087855 -8.349999
v -4.050000 -6.944950 -8.349999
v -2.700000 -7.327761 -8.349999
v -3.150000 -7.208372 -8.349999
v -1.800000 -7.562023 -8.349999
v -2.250000 -7.450697 -8.349999
v -0.900000 -7.673884 -8.349999
v -1.350000 -7.639802 -8.349999
v -0.450000 -7.674611 -8.349999
v 0.000000 -7.664446 -8.349999
v 0.450000 -7.659487 -8.349999
v 0.900000 -7.656168 -8.349999
v -8.100000 -4.119999 -8.800000
v -8.550000 -3.590656 -8.800000
v -7.650000 -4.607568 -8.800000
v -7.200000 -5.042006 -8.800000
v -6.750000 -5.411800 -8.800000
v -6.300000 -5.721735 -8.800000
v -5.850000 -5.993873 -8.800000
v -5.400000 -6.252967 -8.800000
v -4.950000 -6.508776 -8.800000
v -4.050000 -6.956234 -8.800000
v -4.500000 -6.750198 -8.800000
v -3.150000 -7.233951 -8.800000
v -3.600000 -7.114814 -8.800000
v -2.250000 -7.440108 -8.800000
v -2.700000 -7.336048 -8.800000
v -1.350000 -7.637618 -8.800000
v -1.800000 -7.546611 -8.800000
v -0.900000 -7.692018 -8.800000
v -0.450000 -7.703320 -8.800000
v 0.000000 -7.685225 -8.800000
v 0.450000 -7.660402 -8.800000
v 0.900000 -7.641741 -8.800000
v -8.100000 -4.111404 -9.250000
v -8.550000 -3.602350 -9.250000
v -7.650000 -4.585495 -9.250000
v -7.200000 -5.024431 -9.250000
v -6.750000 -5.412974 -9.250000
v -6.300000 -5.740374 -9.250000
v -5.850000 -6.014225 -9.250000
v -5.400000 -6.257858 -9.250000
v -4.950000 -6.493844 -9.250000
v -4.500000 -6.727502 -9.250000
v -3.600000 -7.123182 -9.250000
v -4.050000 -6.944270 -9.250000
v -2.700000 -7.352506 -9.250000
v -3.150000 -7.255407 -9.250000
v -1.800000 -7.526930 -9.250000
v -2.250000 -7.437621 -9.250000
v -0.900000 -7.686928 -9.250000
v -1.350000 -7.616737 -9.250000
v -0.450000 -7.717927 -9.250000
v 0.000000 -7.707117 -9.250000
v 0.450000 -7.671130 -9.250000
v 0.900000 -7.632107 -9.250000
v -8.100000 -4.112777 -9.700001
v -8.550000 -3.616996 -9.700001
v -7.650000 -4.566553 -9.700001
v -7.200000 -4.994966 -9.700001
v -6.750000 -5.391495 -9.700001
v -6.300000 -5.738773 -9.700001
v -5.850000 -6.027925 -9.700001
v -5.400000 -6.269606 -9.700001
v -4.950000 -6.488003 -9.700001
v -4.050000 -6.915514 -9.700001
v -4.500000 -6.703010 -9.700001
v -3.150000 -7.260574 -9.700001
v -3.600000 -7.108085 -9.700001
v -2.250000 -7.444413 -9.700001
v -2.700000 -7.367753 -9.700001
v -1.350000 -7.588585 -9.700001
v -1.800000 -7.513735 -9.700001
v -0.900000 -7.661240 -9.700001
v -0.450000 -7.710082 -9.700001
v 0.000000 -7.717711 -9.700001
v 0.450000 -7.685483 -9.700001
v 0.900000 -7.632423 -9.700001
v -7.650000 -4.557329 -10.150000
v -8.100000 -4.119380 -10.150000
v -7.200000 -4.966060 -10.150000
v -6.750000 -5.355361 -10.150000
v -6.300000 -5.713852 -10.150000
v -5.850000 -6.023369 -10.150000
v -5.400000 -6.277694 -10.150000
v -4.950000 -6.490538 -10.150000
v -4.500000 -6.686395 -10.150000
v -4.050000 -6.882020 -10.150000
v -3.600000 -7.073966 -10.150000
v -3.150000 -7.242603 -10.150000
v -2.700000 -7.369323 -10.150000
v -2.250000 -7.452728 -10.150000
v -1.800000 -7.510411 -10.150000
v -1.350000 -7.564880 -10.150000
v -0.900000 -7.625299 -10.150000
v -0.450000 -7.680187 -10.150000
v 0.000000 -7.707135 -10.150000
v 0.450000 -7.691493 -10.150000
v 0.900000 -7.638544 -10.150000
v -7.650000 -4.555230 -10.599999
v -8.100000 -4.119805 -10.599999
v -7.200000 -4.946089 -10.599999
v -6.750000 -5.316976 -10.599999
v -6.300000 -5.671768 -10.599999
v -5.850000 -5.995365 -10.599999
v -5.400000 -6.269883 -10.599999
v -4.950000 -6.492303 -10.599999
v -4.500000 -6.679186 -10.599999
v -4.050000 -6.854721 -10.599999
v -3.600000 -7.032105 -10.599999
v -3.150000 -7.203775 -10.599999
v -2.700000 -7.348609 -10.599999
v -2.250000 -7.450202 -10.599999
v -1.800000 -7.511077 -10.599999
v -1.350000 -7.551099 -10.599999
v -0.900000 -7.591400 -10.599999
v -0.450000 -7.637168 -10.599999
v 0.000000 -7.673551 -10.599999
v 0.450000 -7.678080 -10.599999
v 0.900000 -7.639327 -10.599999
v -7.200000 -4.934688 -11.050000
v -7.650000 -4.549932 -11.050000
v -6.750000 -5.286236 -11.050000
v -6.300000 -5.624478 -11.050000
v -5.850000 -5.948024 -11.050000
v -5.400000 -6.239035 -11.050000
v -4.950000 -6.480824 -11.050000
v -4.500000 -6.673907 -11.050000
v -4.050000 -6.837335 -11.050000
v -3.600000 -6.994337 -11.050000
v -3.150000 -7.154235 -11.050000
v -2.700000 -7.305662 -11.050000
v -2.250000 -7.426748 -11.050000
v -1.800000 -7.503870 -11.050000
v -1.350000 -7.543427 -11.050000
v -0.900000 -7.566940 -11.050000
v -0.450000 -7.593504 -11.050000
v 0.000000 -7.624178 -11.050000
v 0.450000 -7.641224 -11.050000
v 0.900000 -7.622842 -11.050000
v -7.200000 -4.922956 -11.500000
v -7.650000 -4.529135 -11.500000
v -6.750000 -5.265017 -11.500000
v -6.300000 -5.583079 -11.500000
v -5.850000 -5.892472 -11.500000
v -5.400000 -6.187082 -11.500000
v -4.950000 -6.447241 -11.500000
v -4.500000 -6.658246 -11.500000
v -4.050000 -6.824297 -11.500000
v -3.600000 -6.966452 -11.500000
v -3.150000 -7.106333 -11.500000
v -2.700000 -7.249157 -11.500000
v -2.250000 -7.380183 -11.500000
v -1.800000 -7.477550 -11.500000
v -1.350000 -7.530887 -11.500000
v -0.900000 -7.550295 -11.500000
v -0.450000 -7.558273 -11.500000
v 0.000000 -7.571276 -11.500000
v 0.450000 -7.586209 -11.500000
v 0.900000 -7.583022 -11.500000
v -7.200000 -4.898415 -11.950000
v -7.650000 -4.485410 -11.950000
v -6.750000 -5.246126 -11.950000
v -6.300000 -5.551625 -11.950000
v -5.850000 -5.840649 -11.950000
v -5.400000 -6.123960 -11.950000
v -4.950000 -6.391253 -11.950000
v -4.500000 -6.621912 -11.950000
v -4.050000 -6.803855 -11.950000
v -3.600000 -6.944973 -11.950000
v -3.150000 -7.067747 -11.950000
v -2.700000 -7.191567 -11.950000
v -2.250000 -7.317438 -11.950000
v -1.800000 -7.427770 -11.950000
v -1.350000 -7.501450 -11.950000
v -0.900000 -7.531725 -11.950000
v -0.450000 -7.532089 -11.950000
v 0.000000 -7.525309 -11.950000
v 0.450000 -7.524675 -11.950000
v 0.900000 -7.523039 -11.950000
v -6.750000 -5.217314 -12.400000
v -7.200000 -4.851963 -12.400000
v -6.300000 -5.524866 -12.400000
v -5.850000 -5.798655 -12.400000
v -5.400000 -6.062067 -12.400000
v -4.950000 -6.321281 -12.400000
v -4.500000 -6.562377 -12.400000
v -4.050000 -6.764624 -12.400000
v -3.600000 -6.919092 -12.400000
v -3.150000 -7.037200 -12.400000
v -2.700000 -7.142205 -12.400000
v -2.250000 -7.250700 -12.400000
v -1.800000 -7.359490 -12.400000
v -1.350000 -7.448742 -12.400000
v -0.900000 -7.498799 -12.400000
v -0.450000 -7.506768 -12.400000
v 0.000000 -7.489111 -12.400000
v 0.450000 -7.468135 -12.400000
v 0.900000 -7.453541 -12.400000
v -6.750000 -5.168097 -12.850000
v -7.200000 -4.782946 -12.850000
v -6.300000 -5.491174 -12.850000
v -5.850000 -5.763353 -12.850000
v -5.400000 -6.009351 -12.850000
v -4.950000 -6.249778 -12.850000
v -4.500000 -6.486276 -12.850000
v -4.050000 -6.701927 -12.850000
v -3.600000 -6.876693 -12.850000
v -3.150000 -7.005177 -12.850000
v -2.700000 -7.102039 -12.850000
v -2.250000 -7.190619 -12.850000
v -1.800000 -7.284222 -12.850000
v -1.350000 -7.375596 -12.850000
v -0.900000 -7.443328 -12.850000
v -0.450000 -7.469880 -12.850000
v 0.000000 -7.456318 -12.850000
v 0.450000 -7.421556 -12.850000
v 0.900000 -7.386718 -12.850000
v -6.300000 -5.439025 -13.300000
v -6.750000 -5.095600 -13.300000
v -5.850000 -5.724114 -13.300000
v -5.400000 -5.964890 -13.300000
v -4.950000 -6.186288 -13.300000
v -4.500000 -6.405716 -13.300000
v -4.050000 -6.620399 -13.300000
v -3.600000 -6.811102 -13.300000
v -3.150000 -6.959222 -13.300000
v -2.700000 -7.063152 -13.300000
v -2.250000 -7.140375 -13.300000
v -1.800000 -7.213606 -13.300000
v -1.350000 -7.292472 -13.300000
v -0.900000 -7.365922 -13.300000
v -0.450000 -7.411680 -13.300000
v 0.000000 -7.414902 -13.300000
v 0.450000 -7.380594 -13.300000
v 0.900000 -7.329504 -13.300000
v -6.300000 -5.363416 -13.750000
v -6.750000 -5.006162 -13.750000
v -5.850000 -5.668743 -13.750000
v -5.400000 -5.919396 -13.750000
v -4.950000 -6.132129 -13.750000
v -4.500000 -6.331528 -13.750000
v -4.050000 -6.531412 -13.750000
v -3.600000 -6.724808 -13.750000
v -3.150000 -6.890882 -13.750000
v -2.700000 -7.013151 -13.750000
v -2.250000 -7.093905 -13.750000
v -1.800000 -7.152932 -13.750000
v -1.350000 -7.211628 -13.750000
v -0.900000 -7.275654 -13.750000
v -0.450000 -7.330541 -13.750000
v 0.000000 -7.353881 -13.750000
v 0.450000 -7.334013 -13.750000
v 0.900000 -7.279721 -13.750000
v -5.850000 -5.590272 -14.200001
v -6.300000 -5.268658 -14.200001
v -5.400000 -5.860400 -14.200001
v -4.950000 -6.079658 -14.200001
v -4.500000 -6.267228 -14.200001
v -4.050000 -6.446729 -14.200001
v -3.600000 -6.628074 -14.200001
v -3.150000 -6.800416 -14.200001
v -2.700000 -6.942077 -14.200001
v -2.250000 -7.039280 -14.200001
v -1.800000 -7.098187 -14.200001
v -1.350000 -7.140292 -14.200001
v -0.900000 -7.185001 -14.200001
v -0.450000 -7.233850 -14.200001
v 0.000000 -7.269435 -14.200001
v 0.450000 -7.269948 -14.200001
v 0.900000 -7.227287 -14.200001
v -5.850000 -5.490844 -14.650001
v -6.300000 -5.165968 -14.650001
v -5.400000 -5.779191 -14.650001
v -4.950000 -6.016530 -14.650001
v -4.500000 -6.207063 -14.650001
v -4.050000 -6.371954 -14.650001
v -3.600000 -6.533221 -14.650001
v -3.150000 -6.696651 -14.650001
v -2.700000 -6.847951 -14.650001
v -2.250000 -6.965357 -14.650001
v -1.800000 -7.038293 -14.650001
v -1.350000 -7.076629 -14.650001
v -0.900000 -7.102895 -14.650001
v -0.450000 -7.133907 -14.650001
v 0.000000 -7.167037 -14.650001
v 0.450000 -7.182514 -14.650001
v 0.900000 -7.159837 -14.650001
v -5.850000 -5.380519 -15.099999
v -6.300000 -5.067225 -15.099999
v -5.400000 -5.675677 -15.099999
v -4.950000 -5.932578 -15.099999
v -4.500000 -6.139215 -15.099999
v -4.050000 -6.303411 -15.099999
v -3.600000 -6.447759 -15.099999
v -3.150000 -6.592063 -15.099999
v -2.700000 -6.737877 -15.099999
v -2.250000 -6.867982 -15.099999
v -1.800000 -6.961281 -15.099999
v -1.350000 -7.010771 -15.099999
v -0.900000 -7.029744 -15.099999
v -0.450000 -7.041056 -15.099999
v 0.000000 -7.058403 -15.099999
v 0.450000 -7.075088 -15.099999
v 0.900000 -7.069612 -15.099999
v -5.400000 -5.558434 -15.549999
v -5.850000 -5.271667 -15.549999
v -4.950000 -5.825475 -15.549999
v -4.500000 -6.052384 -15.549999
v -4.050000 -6.230186 -15.549999
v -3.600000 -6.370203 -15.549999
v -3.150000 -6.495828 -15.549999
v -2.700000 -6.624088 -15.549999
v -2.250000 -6.752311 -15.549999
v -1.800000 -6.860957 -15.549999
v -1.350000 -6.930310 -15.549999
v -0.900000 -6.957203 -15.549999
v -0.450000 -6.957932 -15.549999
v 0.000000 -6.954959 -15.549999
v 0.450000 -6.958424 -15.549999
v 0.900000 -6.957780 -15.549999
v -5.400000 -5.439925 -16.000000
v -5.850000 -5.172078 -16.000000
v -4.950000 -5.702036 -16.000000
v -4.500000 -5.942088 -16.000000
v -4.050000 -6.140218 -16.000000
v -3.600000 -6.290905 -16.000000
v -3.150000 -6.408701 -16.000000
v -2.700000 -6.517122 -16.000000
v -2.250000 -6.629930 -16.000000
v -1.800000 -6.740358 -16.000000
v -1.350000 -6.827213 -16.000000
v -0.900000 -6.872827 -16.000000
v -0.450000 -6.877985 -16.000000
v 0.000000 -6.861482 -16.000000
v 0.450000 -6.844665 -16.000000
v 0.900000 -6.833793 -16.000000
v -5.400000 -5.329559 -16.450001
v -5.850000 -5.080616 -16.450001
v -4.950000 -5.574416 -16.450001
v -4.500000 -5.813159 -16.450001
v -4.050000 -6.027008 -16.450001
v -3.600000 -6.197420 -16.450001
v -3.150000 -6.322605 -16.450001
v -2.700000 -6.419956 -16.450001
v -2.250000 -6.512407 -16.450001
v -1.800000 -6.610057 -16.450001
v -1.350000 -6.702301 -16.450001
v -0.900000 -6.767005 -16.450001
v -0.450000 -6.789138 -16.450001
v 0.000000 -6.773430 -16.450001
v 0.450000 -6.740571 -16.450001
v 0.900000 -6.710109 -16.450001
v -5.400000 -5.228446 -16.900000
v -5.850000 -4.987856 -16.900000
v -4.950000 -5.453340 -16.900000
v -4.500000 -5.677050 -16.900000
v -4.050000 -5.893252 -16.900000
v -3.600000 -6.081453 -16.900000
v -3.150000 -6.225125 -16.900000
v -2.700000 -6.326343 -16.900000
v -2.250000 -6.404839 -16.900000
v -1.800000 -6.482273 -16.900000
v -1.350000 -6.564788 -16.900000
v -0.900000 -6.638313 -16.900000
v -0.450000 -6.680507 -16.900000
v 0.000000 -6.679480 -16.900000
v 0.450000 -6.643758 -16.900000
v 0.900000 -6.595262 -16.900000
v -4.950000 -5.342123 -17.350000
v -5.400000 -5.128777 -17.350000
v -4.500000 -5.545454 -17.350000
v -4.050000 -5.749332 -17.350000
v -3.600000 -5.943473 -17.350000
v -3.150000 -6.106428 -17.350000
v -2.700000 -6.224297 -17.350000
v -2.250000 -6.303015 -17.350000
v -1.800000 -6.364058 -17.350000
v -1.350000 -6.427151 -17.350000
v -0.900000 -6.494312 -17.350000
v -0.450000 -6.548475 -17.350000
v 0.000000 -6.567832 -17.350000
v 0.450000 -6.544021 -17.350000
v 0.900000 -6.489094 -17.350000
v -4.950000 -5.234826 -17.800001
v -5.400000 -5.018178 -17.800001
v -4.500000 -5.423789 -17.800001
v -4.050000 -5.607531 -17.800001
v -3.600000 -5.792454 -17.800001
v -3.150000 -5.964744 -17.800001
v -2.700000 -6.102767 -17.800001
v -2.250000 -6.195761 -17.800001
v -1.800000 -6.253374 -17.800001
v -1.350000 -6.298172 -17.800001
v -0.900000 -6.347332 -17.800001
v -0.450000 -6.398700 -17.800001
v 0.000000 -6.432786 -17.800001
v 0.450000 -6.429023 -17.800001
v 0.900000 -6.382854 -17.800001
v -4.950000 -5.119565 -18.250000
v -5.400000 -4.886605 -18.250000
v -4.500000 -5.308175 -18.250000
v -4.050000 -5.475193 -18.250000
v -3.600000 -5.640874 -18.250000
v -3.150000 -5.807350 -18.250000
v -2.700000 -5.957801 -18.250000
v -2.250000 -6.071170 -18.250000
v -1.800000 -6.140223 -18.250000
v -1.350000 -6.178048 -18.250000
v -0.900000 -6.207599 -18.250000
v -0.450000 -6.242969 -18.250000
v 0.000000 -6.277922 -18.250000
v 0.450000 -6.291173 -18.250000
v 0.900000 -6.264068 -18.250000
v -4.950000 -4.985131 -18.700001
v -5.400000 -4.731939 -18.700001
v -4.500000 -5.187602 -18.700001
v -4.050000 -5.350624 -18.700001
v -3.600000 -5.497764 -18.700001
v -3.150000 -5.646514 -18.700001
v -2.700000 -5.794743 -18.700001
v -2.250000 -5.923232 -18.700001
v -1.800000 -6.012221 -18.700001
v -1.350000 -6.058282 -18.700001
v -0.900000 -6.077543 -18.700001
v -0.450000 -6.092625 -18.700001
v 0.000000 -6.114098 -18.700001
v 0.450000 -6.131848 -18.700001
v 0.900000 -6.123493 -18.700001
v -4.500000 -5.050059 -19.150000
v -4.950000 -4.827240 -19.150000
v -4.050000 -5.224041 -19.150000
v -3.600000 -5.363673 -19.150000
v -3.150000 -5.492665 -19.150000
v -2.700000 -5.625257 -19.150000
v -2.250000 -5.755186 -19.150000
v -1.800000 -5.861499 -19.150000
v -1.350000 -5.926414 -19.150000
v -0.900000 -5.950438 -19.150000
v -0.450000 -5.952247 -19.150000
v 0.000000 -5.953407 -19.150000
v 0.450000 -5.960633 -19.150000
v 0.900000 -5.960263 -19.150000
v -4.050000 -5.083024 -19.600000
v -4.500000 -4.889233 -19.600000
v -3.600000 -5.230361 -19.600000
v -3.150000 -5.348573 -19.600000
v -2.700000 -5.460829 -19.600000
v -2.250000 -5.577715 -19.600000
v -1.800000 -5.689085 -19.600000
v -1.350000 -5.772966 -19.600000
v -0.900000 -5.814154 -19.600000
v -0.450000 -5.817101 -19.600000
v 0.000000 -5.802433 -19.600000
v 0.450000 -5.789977 -19.600000
v 0.900000 -5.782379 -19.600000
v -3.600000 -5.085397 -20.049999
v -4.050000 -4.919431 -20.049999
v -3.150000 -5.207812 -20.049999
v -2.700000 -5.306364 -20.049999
v -2.250000 -5.402992 -20.049999
v -1.800000 -5.504335 -20.049999
v -1.350000 -5.596727 -20.049999
v -0.900000 -5.657912 -20.049999
v -0.450000 -5.675775 -20.049999
v 0.000000 -5.658583 -20.049999
v 0.450000 -5.628256 -20.049999
v 0.900000 -5.602244 -20.049999
v -3.150000 -5.058337 -20.500000
v -3.600000 -4.919077 -20.500000
v -2.700000 -5.157454 -20.500000
v -2.250000 -5.237899 -20.500000
v -1.800000 -5.319717 -20.500000
v -1.350000 -5.405421 -20.500000
v -0.900000 -5.478295 -20.500000
v -0.450000 -5.516540 -20.500000
v 0.000000 -5.511536 -20.500000
v 0.450000 -5.475105 -20.500000
v 0.900000 -5.429754 -20.500000
v -2.700000 -5.002835 -20.950001
v -3.150000 -4.889200 -20.950001
v -2.250000 -5.080187 -20.950001
v -1.800000 -5.143865 -20.950001
v -1.350000 -5.211409 -20.950001
v -0.900000 -5.281150 -20.950001
v -0.450000 -5.333885 -20.950001
v 0.000000 -5.348988 -20.950001
v 0.450000 -5.321623 -20.950001
v 0.900000 -5.266785 -20.950001
v -2.700000 -4.830662 -21.400000
v -3.150000 -4.696644 -21.400000
v -2.250000 -4.919737 -21.400000
v -1.800000 -4.976764 -21.400000
v -1.350000 -5.024796 -21.400000
v -0.900000 -5.078329 -21.400000
v -0.450000 -5.131588 -21.400000
v 0.000000 -5.163513 -21.400000
v 0.450000 -5.155331 -21.400000
v 0.900000 -5.106144 -21.400000
v -0.900000 -4.881085 -21.850000
v -1.350000 -4.847806 -21.850000
v -0.450000 -4.920610 -21.850000
v 0.000000 -4.956699 -21.850000
v 0.450000 -4.967129 -21.850000
v 0.900000 -4.935582 -21.850000
v -7.785779 -2.717125 2.044301
v -7.332007 -3.159316 2.045806
v -7.331195 -3.299844 1.595551
v -7.784896 -2.862890 1.594822
v -6.871279 -3.549299 2.051359
v -6.871982 -3.701945 1.599182
v -6.407481 -3.876834 2.059514
v -6.409164 -4.049674 1.606377
v -5.945257 -4.153828 2.065059
v -5.946251 -4.338049 1.612761
v -5.488919 -4.405488 2.064649
v -5.487801 -4.582695 1.614366
v -5.037485 -4.651521 2.059785
v -5.034775 -4.809249 1.610980
v -4.585381 -4.892083 2.055677
v -4.583157 -5.033992 1.606425
v -4.127512 -5.109851 2.056922
v -4.127575 -5.252647 1.605554
v -3.663304 -5.285089 2.063391
v -3.665734 -5.445008 1.610055
v -3.197687 -5.413498 2.070305
v -3.200491 -5.592592 1.616847
v -2.737491 -5.512101 2.072613
v -2.738048 -5.696071 1.620934
v -2.284991 -5.605134 2.069159
v -2.282634 -5.775638 1.619621
v -1.835814 -5.703525 2.063201
v -1.832407 -5.853642 1.614453
v -1.382755 -5.797153 2.060109
v -1.381083 -5.936751 1.610046
v -0.921750 -5.863546 2.062880
v -0.923293 -6.011332 1.610427
v -0.455483 -5.886031 2.069133
v -0.459036 -6.054263 1.615360
v 0.008691 -5.869119 2.073541
v 0.006208 -6.052739 1.620646
v 0.465504 -5.835433 2.072825
v 0.466155 -6.016240 1.622076
v 0.916800 -5.804154 2.071083
v 0.919078 -5.966850 1.621412
v -7.329772 -3.436947 1.145795
v -7.782130 -3.018208 1.146929
v -6.873824 -3.835796 1.145258
v -6.413702 -4.198283 1.149612
v -5.950222 -4.507175 1.156941
v -5.487686 -4.760656 1.162507
v -5.030463 -4.977180 1.162836
v -4.578395 -5.181676 1.158615
v -4.126620 -5.386536 1.154229
v -3.669897 -5.583277 1.154268
v -3.206877 -5.750187 1.159476
v -2.741501 -5.871297 1.166039
v -2.280182 -5.951662 1.169085
v -1.826144 -6.013497 1.166678
v -1.376316 -6.077068 1.161142
v -0.924066 -6.144798 1.157332
v -0.464784 -6.199801 1.158674
v 0.000253 -6.219296 1.163987
v 0.464892 -6.194424 1.168718
v 0.921107 -6.138437 1.170279
v -7.326721 -3.581580 0.698009
v -7.778606 -3.182945 0.699868
v -6.872813 -3.964096 0.694757
v -6.416328 -4.327019 0.694808
v -5.955212 -4.653120 0.699880
v -5.491231 -4.926121 0.707172
v -5.029335 -5.147859 0.711773
v -4.573416 -5.339230 0.710852
v -4.122117 -5.523767 0.705987
v -3.669905 -5.709704 0.701989
v -3.211894 -5.884707 0.703001
v -2.747816 -6.026353 0.708781
v -2.282602 -6.121881 0.714926
v -1.822586 -6.180623 0.716856
v -1.369809 -6.226013 0.713449
v -0.920087 -6.275580 0.707746
v -0.466687 -6.327457 0.704682
v -0.005950 -6.362058 0.706947
v 0.459589 -6.357774 0.712465
v 0.917890 -6.311018 0.715507
v -7.323883 -3.735869 0.249799
v -7.776529 -3.348067 0.250849
v -6.869652 -4.098126 0.246757
v -6.415890 -4.447149 0.243456
v -5.958646 -4.777409 0.244257
v -5.496510 -5.069512 0.249987
v -5.032241 -5.309085 0.257054
v -4.571234 -5.501870 0.260568
v -4.116631 -5.670642 0.258461
v -3.665867 -5.836859 0.253162
v -3.212947 -6.004437 0.249748
v -2.753560 -6.157644 0.251752
v -2.288606 -6.274179 0.257940
v -1.823853 -6.345065 0.263489
v -1.365257 -6.383602 0.264261
v -0.913568 -6.413608 0.259979
v -0.463655 -6.449322 0.254313
v -0.008926 -6.484663 0.252114
v 0.453163 -6.497989 0.255227
v 0.911048 -6.471148 0.258048
v -7.323094 -3.892883 -0.200983
v -7.777423 -3.500566 -0.201902
v -6.866207 -4.242154 -0.201075
v -6.412792 -4.570804 -0.204929
v -5.958922 -4.890063 -0.208019
v -5.500730 -5.189958 -0.206360
v -5.037609 -5.449890 -0.200079
v -4.573308 -5.658185 -0.193430
v -4.113408 -5.824528 -0.191091
v -3.660064 -5.972884 -0.194287
v -3.209570 -6.122006 -0.199799
v -2.755695 -6.271455 -0.202457
v -2.294902 -6.402643 -0.199489
v -1.829309 -6.494235 -0.193074
v -1.365304 -6.541464 -0.188282
v -0.908178 -6.561127 -0.188676
v -0.457357 -6.576566 -0.193685
v -0.006959 -6.598307 -0.199111
v 0.449223 -6.616249 -0.200361
v 0.904389 -6.608576 -0.199485
v -7.325000 -4.040347 -0.655070
v -7.780878 -3.630565 -0.658004
v -6.864635 -4.391214 -0.651153
v -6.408837 -4.704262 -0.652516
v -5.956072 -5.003688 -0.656950
v -5.501833 -5.295870 -0.659597
v -5.042545 -5.567008 -0.657023
v -4.578545 -5.796221 -0.650336
v -4.114490 -5.975192 -0.644293
v -3.655866 -6.117371 -0.643185
v -3.203665 -6.247149 -0.647336
v -2.753153 -6.380029 -0.652836
v -2.298108 -6.511292 -0.654602
v -1.835949 -6.620131 -0.650738
v -1.369994 -6.687001 -0.644292
v -0.906992 -6.711603 -0.640394
v -0.451319 -6.713594 -0.641928
v -0.001109 -6.715039 -0.647492
v 0.450052 -6.722426 -0.652485
v 0.901808 -6.722438 -0.654144
v -7.328586 -4.167398 -1.111374
v -7.788630 -3.733859 -1.117350
v -6.866048 -4.533758 -1.104653
v -6.406428 -4.844679 -1.101911
v -5.951742 -5.126391 -1.104447
v -5.499418 -5.399925 -1.109219
v -5.044557 -5.666928 -1.111221
v -4.584078 -5.910420 -1.107728
v -4.119363 -6.110127 -1.100810
v -3.655842 -6.261600 -1.095546
v -3.198606 -6.381685 -1.095685
v -2.747370 -6.494393 -1.100630
v -2.296548 -6.611547 -1.105896
v -1.840162 -6.724333 -1.106672
v -1.376743 -6.810434 -1.102020
v -0.910731 -6.852884 -1.095738
v -0.448942 -6.855910 -1.092844
v 0.005362 -6.841287 -1.095459
v 0.455247 -6.829043 -1.101390
v 0.904847 -6.821275 -1.104650
v -8.245279 -3.238925 -1.121541
v -7.790878 -3.824720 -1.570647
v -8.244493 -3.337751 -1.571053
v -7.331934 -4.270828 -1.567571
v -6.869725 -4.657928 -1.560867
v -6.407166 -4.981614 -1.554716
v -5.948497 -5.257535 -1.553218
v -5.494882 -5.511820 -1.556793
v -5.042754 -5.761973 -1.561658
v -4.587035 -6.005085 -1.562849
v -4.125330 -6.221685 -1.558484
v -3.660122 -6.392969 -1.551525
v -3.197413 -6.518685 -1.547195
v -2.741609 -6.618542 -1.548559
v -2.291112 -6.715374 -1.554111
v -1.839691 -6.817006 -1.558932
v -1.381849 -6.910830 -1.558659
v -0.917343 -6.973799 -1.553360
v -0.451589 -6.992225 -1.547437
v 0.008838 -6.974722 -1.545624
v 0.461917 -6.944359 -1.549230
v 0.911773 -6.917743 -1.552279
v -7.789621 -3.914792 -2.020458
v -8.242149 -3.446309 -2.019111
v -7.333423 -4.357010 -2.021390
v -6.873654 -4.758318 -2.017580
v -6.410734 -5.102611 -2.010660
v -5.948406 -5.388121 -2.005257
v -5.490852 -5.633141 -2.005032
v -5.038202 -5.863140 -2.009481
v -4.586006 -6.091763 -2.014196
v -4.129223 -6.311796 -2.014453
v -3.666324 -6.502019 -2.009305
v -3.200887 -6.645900 -2.002510
v -2.739239 -6.747535 -1.999237
v -2.284842 -6.828816 -2.001766
v -1.834821 -6.910664 -2.007720
v -1.382531 -6.996699 -2.011902
v -0.923180 -7.070928 -2.010568
v -0.457816 -7.110407 -2.004787
v 0.007374 -7.105296 -1.999404
v 0.466355 -7.068276 -1.998721
v 0.918697 -7.021996 -1.999937
v -7.787021 -4.012682 -2.468431
v -8.239245 -3.564216 -2.466480
v -7.332471 -4.438190 -2.471906
v -6.875854 -4.839219 -2.472290
v -6.415147 -5.200237 -2.467731
v -5.951651 -5.505525 -2.460764
v -5.489820 -5.756615 -2.456271
v -5.033490 -5.974186 -2.457309
v -4.581642 -6.182413 -2.462436
v -4.129102 -6.390819 -2.466773
v -3.671093 -6.588215 -2.466017
v -3.207097 -6.752422 -2.460216
v -2.741727 -6.869911 -2.453785
v -2.281344 -6.949078 -2.451663
v -1.828260 -7.013220 -2.455261
v -1.378426 -7.080673 -2.461398
v -0.925027 -7.150780 -2.464776
v -0.464183 -7.204681 -2.462409
v 0.001762 -7.220378 -2.456331
v 0.466111 -7.192306 -2.451651
v 0.921875 -7.136468 -2.450364
v -7.784616 -4.120161 -2.916852
v -8.237581 -3.682116 -2.915780
v -7.329698 -4.525489 -2.920057
v -6.875368 -4.912107 -2.923627
v -6.418106 -5.276519 -2.923283
v -5.956409 -5.600533 -2.918021
v -5.492527 -5.869889 -2.911195
v -5.031453 -6.089795 -2.907750
v -4.576391 -6.282853 -2.909999
v -4.125134 -6.471289 -2.915589
v -3.671980 -6.660333 -2.919338
v -3.212633 -6.835250 -2.917537
v -2.747701 -6.973729 -2.911242
v -2.282706 -7.065860 -2.905370
v -1.823734 -7.124093 -2.904455
v -1.371809 -7.172301 -2.908992
v -0.921860 -7.225665 -2.915090
v -0.467155 -7.279291 -2.917527
v -0.004904 -7.312068 -2.914198
v 0.461313 -7.303782 -2.908019
v 0.919599 -7.254111 -2.904848
v -7.783932 -4.229956 -3.367754
v -8.243184 -3.782745 -3.372178
v -7.326704 -4.622809 -3.368094
v -6.872578 -4.989006 -3.372126
v -6.418232 -5.341780 -3.375524
v -5.960129 -5.672806 -3.374328
v -5.497450 -5.962284 -3.368457
v -5.033422 -6.198300 -3.361971
v -4.573340 -6.389876 -3.359681
v -4.119523 -6.560917 -3.363048
v -3.668607 -6.731080 -3.368871
v -3.214585 -6.901236 -3.371848
v -2.753848 -7.053625 -3.369018
v -2.288201 -7.166643 -3.362414
v -1.823883 -7.234486 -3.357280
v -1.366401 -7.273225 -3.357591
v -0.915426 -7.306459 -3.362906
v -0.465061 -7.345761 -3.368743
v -0.008907 -7.382162 -3.370142
v 0.454597 -7.393001 -3.365958
v 0.913004 -7.361859 -3.362654
v -8.701619 -3.254088 -3.378851
v -8.247042 -3.863245 -3.828079
v -8.702593 -3.317666 -3.831347
v -7.785487 -4.329685 -3.821790
v -7.325331 -4.724784 -3.818330
v -6.869066 -5.075839 -3.819903
v -6.415602 -5.408589 -3.824533
v -5.960997 -5.731151 -3.827519
v -5.501888 -6.031079 -3.825402
v -5.038300 -6.287940 -3.819056
v -4.574398 -6.492897 -3.813107
v -4.115503 -6.658698 -3.812043
v -3.662842 -6.809825 -3.816395
v -3.211992 -6.962820 -3.822218
v -2.756873 -7.114242 -3.824274
v -2.294760 -7.243905 -3.820474
v -1.828670 -7.331762 -3.813761
v -1.365306 -7.376424 -3.809519
v -0.909323 -7.396988 -3.811037
v -0.459045 -7.415958 -3.816945
v -0.007976 -7.440959 -3.822310
v 0.449709 -7.459230 -3.822613
v 0.905717 -7.448296 -3.821118
v -8.249138 -3.922276 -4.283283
v -8.703806 -3.368200 -4.285245
v -7.788406 -4.408693 -4.277864
v -7.326512 -4.819669 -4.271852
v -6.866930 -5.169313 -4.269476
v -6.411684 -5.484723 -4.272199
v -5.958704 -5.788293 -4.277188
v -5.503592 -6.083241 -4.279551
v -5.043361 -6.353690 -4.276495
v -4.579005 -6.579494 -4.269842
v -4.115518 -6.755467 -4.264617
v -3.657950 -6.897791 -4.264808
v -3.206292 -7.030749 -4.269982
v -2.755218 -7.167313 -4.275570
v -2.298817 -7.299882 -4.276595
v -1.835413 -7.406541 -4.271924
v -1.369184 -7.469603 -4.265309
v -0.907008 -7.492210 -4.262088
v -0.452461 -7.495769 -4.264754
v -0.002598 -7.500926 -4.271050
v 0.449435 -7.511137 -4.275751
v 0.901930 -7.510672 -4.276975
v -8.249741 -3.966971 -4.736011
v -8.703290 -3.420004 -4.736001
v -7.791085 -4.464154 -4.733747
v -7.329591 -4.895756 -4.727913
v -6.867552 -5.258699 -4.722361
v -6.408761 -5.569064 -4.721154
v -5.954530 -5.853642 -4.724905
v -5.501818 -6.131241 -4.730006
v -5.045963 -6.400402 -4.731573
v -4.584549 -6.642510 -4.727608
v -4.119623 -6.838597 -4.720839
v -3.656839 -6.987524 -4.716505
v -3.200673 -7.108430 -4.717938
v -2.749812 -7.224626 -4.723742
v -2.298225 -7.345159 -4.728875
v -1.840406 -7.458541 -4.728799
v -1.375863 -7.541884 -4.723394
v -0.909816 -7.580598 -4.717082
v -0.449007 -7.582282 -4.714977
v 0.004233 -7.569830 -4.718697
v 0.453981 -7.561355 -4.725163
v 0.903849 -7.556088 -4.728429
v -8.248669 -4.009972 -5.185888
v -8.701391 -3.481699 -5.184286
v -7.792208 -4.502744 -5.187344
v -7.332831 -4.948044 -5.184350
v -6.870612 -5.331615 -5.178224
v -6.408661 -5.652239 -5.173316
v -5.950848 -5.928288 -5.173325
v -5.497563 -6.185847 -5.177944
v -5.044871 -6.439874 -5.182913
v -4.588061 -6.684476 -5.183551
v -4.125468 -6.899051 -5.178757
v -3.660223 -7.066635 -5.172075
v -3.198409 -7.190352 -5.168770
v -2.743647 -7.291675 -5.171394
v -2.293334 -7.392188 -5.177614
v -1.840958 -7.496791 -5.182087
v -1.381645 -7.590478 -5.180887
v -0.916179 -7.650212 -5.174912
v -0.450633 -7.665120 -5.169100
v 0.008699 -7.646974 -5.168170
v 0.460815 -7.619308 -5.172814
v 0.910390 -7.596808 -5.176293
v -8.246543 -4.061012 -5.634112
v -8.699112 -3.552625 -5.632047
v -7.791333 -4.536788 -5.637868
v -7.334573 -4.981200 -5.638817
v -6.874348 -5.381024 -5.635065
v -6.411502 -5.721607 -5.628807
v -5.949898 -6.004509 -5.624714
v -5.493200 -6.250329 -5.625943
v -5.040730 -6.483910 -5.631240
v -4.587800 -6.716105 -5.635844
v -4.129856 -6.936923 -5.635466
v -3.666152 -7.124550 -5.629961
v -3.200876 -7.264790 -5.623572
v -2.740259 -7.365046 -5.621404
v -2.286835 -7.448387 -5.625123
v -1.836789 -7.533988 -5.631533
v -1.383374 -7.622491 -5.635169
v -0.922561 -7.695851 -5.632864
v -0.456439 -7.731737 -5.626506
v 0.008309 -7.723466 -5.621375
v 0.466123 -7.686522 -5.621642
v 0.917861 -7.643714 -5.623438
v -8.244578 -4.121578 -6.082792
v -8.697839 -3.623202 -6.081647
v -7.788983 -4.577264 -6.086236
v -7.334051 -5.006853 -6.090108
v -6.876776 -5.409398 -6.090364
v -6.415621 -5.768311 -6.085884
v -5.952312 -6.069829 -6.079677
v -5.491319 -6.318852 -6.076549
v -5.035810 -6.537866 -6.078958
v -4.584857 -6.749393 -6.083944
v -4.130307 -6.961580 -6.089295
v -3.672343 -7.158462 -6.086639
v -3.202637 -7.320894 -6.078506
v -2.743684 -7.433648 -6.075471
v -2.281370 -7.512676 -6.074183
v -1.831381 -7.579007 -6.078496
v -1.381307 -7.650340 -6.086991
v -0.925444 -7.722409 -6.088093
v -0.463196 -7.774734 -6.084746
v 0.003277 -7.786615 -6.078205
v 0.466968 -7.755861 -6.073914
v 0.922152 -7.700875 -6.073044
v -8.243985 -4.184125 -6.533779
v -8.698474 -3.680233 -6.534500
v -7.786464 -4.627769 -6.534544
v -7.331611 -5.036923 -6.538781
v -6.876756 -5.427296 -6.542507
v -6.418762 -5.792510 -6.541939
v -5.956659 -6.113870 -6.536811
v -5.493103 -6.379525 -6.530853
v -5.034763 -6.597145 -6.528867
v -4.578009 -6.793283 -6.531727
v -3.674590 -7.176516 -6.543011
v -4.126483 -6.985626 -6.537595
v -2.746695 -7.486425 -6.532366
v -3.211339 -7.351638 -6.538061
v -1.823216 -7.633645 -6.526408
v -2.284310 -7.575244 -6.528766
v -0.923240 -7.741719 -6.539271
v -1.372688 -7.684988 -6.533959
v -0.467157 -7.796582 -6.540839
v -0.003608 -7.827130 -6.536550
v 0.462888 -7.814953 -6.530035
v 0.920952 -7.762991 -6.526927
v -8.245159 -4.236193 -6.987630
v -8.700615 -3.714272 -6.990050
v -7.785285 -4.682607 -6.984928
v -7.328581 -5.077026 -6.986830
v -6.874384 -5.447234 -6.991644
v -6.419379 -5.803337 -6.994987
v -5.960496 -6.134436 -6.993516
v -5.497487 -6.420802 -6.987863
v -5.036213 -6.652362 -6.983645
v -4.121322 -7.017803 -6.985612
v -4.576306 -6.843626 -6.982767
v -3.216869 -7.363389 -6.995743
v -3.669420 -7.192005 -6.991016
v -2.286693 -7.624368 -6.983616
v -2.752391 -7.515159 -6.989967
v -1.367569 -7.728920 -6.981879
v -1.825671 -7.689370 -6.981243
v -0.917156 -7.765435 -6.987388
v -0.466118 -7.808003 -6.992984
v -0.008518 -7.844944 -6.993397
v 0.456132 -7.852979 -6.988302
v 0.914850 -7.817724 -6.984676
v -8.247387 -4.267312 -7.443289
v -8.702912 -3.724972 -7.446121
v -7.786195 -4.729875 -7.438356
v -7.326726 -5.123486 -7.436598
v -6.870931 -5.476699 -7.439570
v -6.417248 -5.813533 -7.444732
v -5.961861 -6.138907 -7.447484
v -5.501955 -6.438185 -7.445082
v -5.039807 -6.690749 -7.438967
v -4.573429 -6.893820 -7.432862
v -3.664820 -7.213172 -7.439723
v -4.118432 -7.058630 -7.435711
v -2.758775 -7.522209 -7.448296
v -3.212256 -7.370202 -7.444445
v -1.826743 -7.734495 -7.435049
v -2.293243 -7.650459 -7.441864
v -0.910568 -7.798848 -7.435151
v -1.364606 -7.777093 -7.433446
v -0.460639 -7.821368 -7.441630
v -0.008702 -7.849254 -7.446530
v 0.450450 -7.867345 -7.445765
v 0.907187 -7.852828 -7.443692
v -8.249394 -4.274969 -7.898693
v -8.704159 -3.721285 -7.900413
v -7.788632 -4.758013 -7.894075
v -7.327195 -5.165336 -7.889469
v -6.868354 -5.514154 -7.888754
v -6.413496 -5.832243 -7.892688
v -5.960143 -6.139851 -7.897960
v -5.504144 -6.437021 -7.899948
v -5.046442 -6.704369 -7.899107
v -4.114399 -7.101899 -7.884934
v -4.579221 -6.928028 -7.890896
v -3.208435 -7.380548 -7.893982
v -3.660774 -7.243995 -7.888946
v -2.300287 -7.653508 -7.900655
v -2.754939 -7.521001 -7.897833
v -1.364375 -7.817456 -7.885256
v -1.833937 -7.758024 -7.893767
v -0.907185 -7.838418 -7.885460
v -0.453762 -7.843916 -7.889202
v -0.004033 -7.852720 -7.895846
v 0.449040 -7.865339 -7.899874
v 0.902305 -7.863780 -7.900533
v -8.250169 -4.266061 -8.351978
v -8.703872 -3.716390 -8.351789
v -7.791161 -4.762364 -8.350047
v -7.329688 -5.190279 -8.345061
v -6.868217 -5.549905 -8.340968
v -6.410203 -5.860125 -8.341357
v -5.956251 -6.147818 -8.346107
v -5.503008 -6.429296 -8.351253
v -5.047120 -6.699517 -8.351516
v -4.584630 -6.939864 -8.348764
v -3.655670 -7.279538 -8.337402
v -4.120035 -7.132145 -8.342708
v -2.752095 -7.520849 -8.348316
v -3.203323 -7.400984 -8.342434
v -1.841401 -7.757671 -8.352815
v -2.297426 -7.644989 -8.351138
v -0.908919 -7.873425 -8.339800
v -1.372873 -7.838448 -8.345950
v -0.449336 -7.874290 -8.338712
v 0.002889 -7.864316 -8.343396
v 0.452724 -7.859469 -8.349973
v 0.902983 -7.856122 -8.352998
v -8.249390 -4.252952 -8.802503
v -8.702246 -3.720351 -8.800635
v -7.792449 -4.747893 -8.804156
v -7.332702 -5.191632 -8.801464
v -6.870587 -5.571314 -8.796261
v -6.409322 -5.889059 -8.792855
v -5.952295 -6.165640 -8.794365
v -5.499156 -6.426656 -8.799751
v -5.046563 -6.683863 -8.804466
v -4.125068 -7.141612 -8.800090
v -4.586654 -6.930419 -8.803390
v -3.197289 -7.428036 -8.790257
v -3.660876 -7.305251 -8.794716
v -2.295722 -7.634794 -8.802651
v -2.746060 -7.530633 -8.796131
v -1.377972 -7.835641 -8.802017
v -1.839684 -7.742587 -8.804327
v -0.914774 -7.891455 -8.797414
v -0.449846 -7.903164 -8.792102
v 0.008196 -7.884905 -8.792217
v 0.459444 -7.860166 -8.797679
v 0.908842 -7.841541 -8.801378
v -8.247469 -4.246502 -9.251124
v -8.700073 -3.734548 -9.248601
v -7.791910 -4.726322 -9.255375
v -7.334588 -5.172233 -9.256365
v -6.874004 -5.569864 -9.252934
v -6.411375 -5.906477 -9.247690
v -5.950574 -6.187028 -9.245126
v -5.494638 -6.434035 -9.247726
v -5.043147 -6.670807 -9.252713
v -4.589661 -6.906051 -9.259030
v -3.665268 -7.312227 -9.251431
v -4.128152 -7.128281 -9.255686
v -2.739285 -7.548501 -9.243480
v -3.201801 -7.448558 -9.246926
v -1.839242 -7.722920 -9.256920
v -2.288953 -7.633791 -9.249990
v -0.921454 -7.885692 -9.255704
v -1.381557 -7.814033 -9.258859
v -0.454987 -7.917863 -9.249147
v 0.008930 -7.906845 -9.244631
v 0.465438 -7.870492 -9.245939
v 0.916579 -7.831410 -9.248257
v -8.244486 -4.251066 -9.700255
v -8.698969 -3.750423 -9.697626
v -7.789837 -4.709477 -9.704260
v -7.334436 -5.142807 -9.708363
v -6.876536 -5.546141 -9.708563
v -6.415065 -5.902297 -9.704463
v -5.952110 -6.199893 -9.699367
v -5.492026 -6.447162 -9.697768
v -5.036556 -6.668303 -9.699845
v -4.132298 -7.097431 -9.711547
v -4.583845 -6.884415 -9.707892
v -3.209254 -7.451516 -9.705495
v -3.668632 -7.295728 -9.708930
v -2.282788 -7.641689 -9.697307
v -2.740259 -7.563656 -9.698845
v -1.381234 -7.785880 -9.709970
v -1.830785 -7.711298 -9.704623
v -0.925263 -7.859292 -9.711709
v -0.461872 -7.909585 -9.707574
v 0.004695 -7.917654 -9.700967
v 0.467376 -7.884709 -9.697391
v 0.921874 -7.831202 -9.697041
v -7.787300 -4.702731 -10.152626
v -8.240028 -4.262181 -10.150340
v -7.332350 -5.115809 -10.157659
v -6.876910 -5.509517 -10.161391
v -6.418253 -5.874791 -10.160722
v -5.955909 -6.192917 -10.156062
v -5.492864 -6.454823 -10.151304
v -5.033722 -6.672169 -10.150762
v -4.580025 -6.869610 -10.155283
v -4.128240 -7.065733 -10.161306
v -3.672978 -7.259655 -10.163921
v -3.211435 -7.432619 -10.160945
v -2.745838 -7.563941 -10.154757
v -2.282346 -7.650094 -10.150552
v -1.825850 -7.708723 -10.152038
v -1.375188 -7.763122 -10.158110
v -0.924113 -7.823362 -10.163765
v -0.466674 -7.878974 -10.164340
v -0.002139 -7.906906 -10.159342
v 0.464197 -7.890967 -10.152895
v 0.921836 -7.837348 -10.150056
v -7.784259 -4.703450 -10.602247
v -8.239282 -4.263333 -10.600267
v -7.329382 -5.098488 -10.605903
v -6.874966 -5.472724 -10.611232
v -6.419271 -5.831665 -10.614400
v -5.959713 -6.162094 -10.612830
v -5.496574 -6.444850 -10.607753
v -5.033708 -6.673909 -10.603519
v -4.575692 -6.864264 -10.604081
v -4.123009 -7.040683 -10.609356
v -3.671194 -7.218390 -10.615146
v -3.214858 -7.392223 -10.616759
v -2.752055 -7.541288 -10.612858
v -2.286165 -7.646793 -10.606616
v -1.823732 -7.709636 -10.603333
v -1.368714 -7.750132 -10.605955
v -0.918626 -7.790144 -10.612405
v -0.466738 -7.835709 -10.617360
v -0.007772 -7.872697 -10.616741
v 0.457667 -7.877628 -10.611036
v 0.916463 -7.838514 -10.607307
v -7.327157 -5.088969 -11.055334
v -7.780680 -4.701278 -11.054153
v -6.871669 -5.444686 -11.059492
v -6.417636 -5.785536 -11.064900
v -5.961470 -6.113172 -11.067344
v -5.500908 -6.411069 -11.064885
v -5.037117 -6.660600 -11.059556
v -4.574712 -6.859331 -11.056018
v -4.117948 -7.025281 -11.057689
v -3.666129 -7.182602 -11.063537
v -3.214011 -7.342772 -11.068881
v -2.756436 -7.496549 -11.069419
v -2.292474 -7.621633 -11.064701
v -1.826602 -7.701905 -11.058613
v -1.365448 -7.742728 -11.056367
v -0.911825 -7.766338 -11.060036
v -0.462022 -7.792448 -11.066637
v -0.009073 -7.822895 -11.070720
v 0.451406 -7.840322 -11.068917
v 0.908705 -7.821980 -11.066396
v -7.326963 -5.077304 -11.507532
v -7.782101 -4.679060 -11.508459
v -6.868781 -5.425701 -11.508451
v -6.414147 -5.746764 -11.513324
v -5.960309 -6.058262 -11.518593
v -5.503460 -6.357049 -11.520185
v -5.041845 -6.624100 -11.516893
v -4.577604 -6.842217 -11.511495
v -4.115940 -7.012909 -11.508801
v -3.660488 -7.156735 -11.511543
v -3.209329 -7.296504 -11.517761
v -2.756638 -7.439650 -11.522467
v -2.297708 -7.573172 -11.521893
v -1.832755 -7.674159 -11.516501
v -1.367226 -7.729852 -11.510766
v -0.907510 -7.749922 -11.509637
v -0.455134 -7.757700 -11.514225
v -0.005312 -7.770126 -11.520748
v 0.448903 -7.784783 -11.523813
v 0.902913 -7.781572 -11.523862
v -7.326399 -5.053037 -11.960734
v -7.783290 -4.634093 -11.961278
v -6.867957 -5.407328 -11.960010
v -6.410628 -5.717817 -11.961897
v -5.956790 -6.008862 -11.967323
v -5.502928 -6.293992 -11.972247
v -5.045205 -6.565641 -11.972902
v -4.582551 -6.803101 -11.968866
v -4.118113 -6.991408 -11.963591
v -3.657441 -7.136179 -11.961857
v -3.203292 -7.259884 -11.965593
v -2.752549 -7.383286 -11.971966
v -2.299028 -7.509603 -11.975863
v -1.838690 -7.622496 -11.974180
v -1.372976 -7.699283 -11.968283
v -0.908102 -7.731132 -11.963093
v -0.449916 -7.731658 -11.963119
v 0.001416 -7.724449 -11.968463
v 0.451564 -7.723140 -11.974681
v 0.902317 -7.721160 -11.977247
v -6.869613 -5.376939 -12.414573
v -7.325805 -5.006533 -12.416759
v -6.409063 -5.692023 -12.412788
v -5.952715 -5.969551 -12.415628
v -5.499559 -6.234198 -12.421423
v -5.045437 -6.495136 -12.425813
v -4.586685 -6.740804 -12.425484
v -4.123071 -6.949630 -12.420826
v -3.658721 -7.109618 -12.415864
v -3.199252 -7.230446 -12.415174
v -2.746327 -7.335757 -12.419785
v -2.295726 -7.443646 -12.426092
v -1.841146 -7.553045 -12.429043
v -1.379415 -7.644812 -12.426292
v -0.913216 -7.697350 -12.420074
v -0.449286 -7.706157 -12.415602
v 0.007353 -7.688271 -12.416780
v 0.457891 -7.666687 -12.422690
v 0.907239 -7.651666 -12.426351
v -6.870295 -5.326715 -12.869223
v -7.327440 -4.935771 -12.870076
v -6.410316 -5.657147 -12.866836
v -5.950345 -5.935629 -12.865861
v -5.495049 -6.184227 -12.869592
v -5.042406 -6.425300 -12.875555
v -4.587788 -6.663584 -12.879247
v -4.127892 -6.884007 -12.877925
v -3.663464 -7.064982 -12.872794
v -3.199506 -7.198085 -12.868328
v -2.741391 -7.296811 -12.868727
v -2.289546 -7.385188 -12.874060
v -1.838801 -7.478102 -12.880085
v -1.382972 -7.570249 -12.881983
v -0.919930 -7.640318 -12.878241
v -0.453560 -7.668646 -12.871901
v 0.009185 -7.655268 -12.868296
v 0.464331 -7.619978 -12.870579
v 0.914920 -7.584798 -12.873273
v -6.413489 -5.602089 -13.323030
v -6.870083 -5.253474 -13.325609
v -5.951015 -5.895649 -13.319283
v -5.491856 -6.141507 -13.319209
v -5.037617 -6.364501 -13.323731
v -4.585279 -6.584176 -13.329659
v -4.129932 -6.800826 -13.332513
v -3.668836 -6.996433 -13.330227
v -3.203802 -7.150248 -13.324793
v -2.740534 -7.257873 -13.320992
v -2.283860 -7.336202 -13.322481
v -1.832895 -7.408834 -13.328357
v -1.381716 -7.487010 -13.333896
v -0.924500 -7.561365 -13.334667
v -0.460300 -7.609142 -13.330047
v 0.005916 -7.613394 -13.323787
v 0.467292 -7.578717 -13.321167
v 0.921032 -7.527244 -13.321370
v -6.414768 -5.524767 -13.778183
v -6.871596 -5.162347 -13.778642
v -5.954178 -5.837586 -13.775279
v -5.491786 -6.095733 -13.771927
v -5.033634 -6.312365 -13.772810
v -4.580393 -6.512508 -13.777989
v -4.128121 -6.712418 -13.783675
v -3.671838 -6.908036 -13.785590
v -3.209546 -7.079042 -13.782403
v -2.744165 -7.206357 -13.776848
v -2.281863 -7.289904 -13.773857
v -1.826641 -7.349384 -13.776400
v -1.376313 -7.407187 -13.782618
v -0.924423 -7.470586 -13.787481
v -0.465741 -7.526440 -13.787094
v -0.000598 -7.551347 -13.781734
v 0.465143 -7.531768 -13.775759
v 0.922181 -7.477110 -13.773359
v -5.957830 -5.755689 -14.231779
v -6.413938 -5.429531 -14.233734
v -5.494742 -6.034365 -14.227572
v -5.032702 -6.260064 -14.224778
v -4.575704 -6.450421 -14.226629
v -4.123337 -6.629973 -14.232302
v -3.670877 -6.811284 -14.237557
v -3.213483 -6.986133 -14.238461
v -2.750068 -7.132616 -14.234468
v -2.284634 -7.234115 -14.228982
v -1.823531 -7.294966 -14.226921
v -1.369703 -7.336978 -14.230434
v -0.919737 -7.380597 -14.236782
v -0.466883 -7.428914 -14.240808
v -0.006723 -7.465428 -14.239265
v 0.459096 -7.466941 -14.233330
v 0.917738 -7.424269 -14.229725
v -5.959883 -5.653907 -14.686556
v -6.414180 -5.326037 -14.686617
v -5.498813 -5.949664 -14.684279
v -5.035247 -6.194960 -14.679931
v -4.573832 -6.390841 -14.677837
v -4.118070 -6.557503 -14.680627
v -3.666403 -6.718290 -14.686610
v -3.213493 -6.881763 -14.691260
v -2.754858 -7.035833 -14.691117
v -2.290461 -7.157802 -14.686441
v -1.825287 -7.234217 -14.681214
v -1.365561 -7.273727 -14.680166
v -0.913001 -7.299461 -14.684534
v -0.463101 -7.329264 -14.690797
v -0.009069 -7.361961 -14.693846
v 0.452510 -7.378211 -14.691188
v 0.910172 -7.355853 -14.688401
v -5.959022 -5.543541 -15.139219
v -6.413661 -5.227520 -15.137236
v -5.501616 -5.843303 -15.139696
v -5.039584 -6.107587 -15.136690
v -4.575768 -6.321454 -15.132375
v -4.115232 -6.489899 -15.131095
v -3.660724 -6.635120 -15.134758
v -3.209535 -6.778575 -15.140857
v -2.755924 -6.924613 -15.144749
v -2.295975 -7.057690 -15.143559
v -1.830797 -7.155139 -15.138348
v -1.366195 -7.207269 -15.133564
v -0.907956 -7.226745 -15.133574
v -0.456481 -7.237180 -15.138645
v -0.006347 -7.253261 -15.144608
v 0.449032 -7.269586 -15.146578
v 0.903710 -7.264200 -15.146062
v -5.501637 -5.725400 -15.592332
v -5.954379 -5.437315 -15.590816
v -5.043125 -5.997253 -15.592660
v -4.580184 -6.231400 -15.589035
v -4.116381 -6.415587 -15.584927
v -3.656944 -6.558787 -15.584545
v -3.203638 -6.684517 -15.588975
v -2.752674 -6.811708 -15.594991
v -2.298131 -6.940405 -15.598000
v -1.836858 -7.052124 -15.595791
v -1.371154 -7.125081 -15.590213
v -0.907414 -7.153789 -15.586042
v -0.450702 -7.154457 -15.587113
v -0.000080 -7.150344 -15.592713
v 0.450582 -7.152534 -15.598175
v 0.901896 -7.151381 -15.600146
v -5.498796 -5.608621 -16.042202
v -5.950104 -5.340722 -16.039225
v -5.043925 -5.872501 -16.046043
v -4.584402 -6.117619 -16.045444
v -4.120667 -6.322695 -16.041327
v -3.657167 -6.478836 -16.037598
v -3.198996 -6.598814 -16.038160
v -2.746773 -6.706711 -16.043224
v -2.295762 -6.818367 -16.048962
v -1.840091 -6.929548 -16.050989
v -1.377549 -7.019446 -16.047829
v -0.911613 -7.068008 -16.042065
v -0.448987 -7.074212 -16.038652
v 0.006230 -7.057187 -16.040751
v 0.456268 -7.039041 -16.046680
v 0.905699 -7.027344 -16.050051
v -5.494432 -5.501091 -16.490738
v -5.945715 -5.252140 -16.487656
v -5.041512 -5.746068 -16.496490
v -4.586061 -5.986761 -16.499556
v -4.125450 -6.205888 -16.498053
v -3.661101 -6.382802 -16.493593
v -3.198196 -6.512461 -16.490398
v -2.741395 -6.611083 -16.491917
v -2.290081 -6.702518 -16.497452
v -1.838742 -6.799052 -16.502729
v -1.381791 -6.892313 -16.503708
v -0.918106 -6.959887 -16.499685
v -0.452252 -6.984241 -16.493927
v 0.009062 -6.968889 -16.491396
v 0.462885 -6.935145 -16.494442
v 0.913005 -6.903996 -16.497314
v -5.490003 -5.402444 -16.940302
v -5.943897 -5.160485 -16.937185
v -5.037007 -5.627670 -16.945150
v -4.584250 -5.851223 -16.950651
v -4.128010 -6.069665 -16.952848
v -3.666293 -6.263265 -16.950495
v -3.201563 -6.412844 -16.945854
v -2.739527 -6.517550 -16.943333
v -2.284130 -6.596515 -16.945776
v -1.833501 -6.672575 -16.951605
v -1.381564 -6.754102 -16.956251
v -0.923236 -6.828858 -16.956148
v -0.458595 -6.873602 -16.951387
v 0.006862 -6.874039 -16.945822
v 0.466729 -6.838080 -16.944260
v 0.919686 -6.789144 -16.944967
v -5.032716 -5.518788 -17.394129
v -5.484911 -5.304919 -17.392002
v -4.579788 -5.722027 -17.399555
v -4.126955 -5.925663 -17.404636
v -3.669747 -6.122386 -17.405909
v -3.206970 -6.290733 -17.402784
v -2.742132 -6.413792 -17.398130
v -2.281204 -6.495039 -17.396399
v -1.827175 -6.555868 -17.399702
v -1.376974 -6.617354 -17.405632
v -0.924184 -6.683718 -17.409502
v -0.464445 -6.739238 -17.408316
v 0.000909 -6.760690 -17.402958
v 0.465672 -6.737598 -17.397774
v 0.921972 -6.682506 -17.395924
v -5.030980 -5.411974 -17.845396
v -5.485621 -5.193141 -17.845354
v -4.574932 -5.602836 -17.848244
v -4.122732 -5.785870 -17.853903
v -3.669576 -5.970631 -17.858416
v -3.211260 -6.145847 -17.858728
v -2.747535 -6.289106 -17.854939
v -2.282885 -6.386480 -17.850449
v -1.823252 -6.445728 -17.849588
v -1.370490 -6.489749 -17.853651
v -0.920436 -6.537183 -17.859488
v -0.466573 -6.587974 -17.862457
v -0.005456 -6.623428 -17.860214
v 0.460330 -6.621198 -17.854425
v 0.918607 -6.575308 -17.851141
v -5.032653 -5.294811 -18.299570
v -5.489368 -5.058005 -18.301336
v -4.572310 -5.488132 -18.298851
v -4.117456 -5.656029 -18.302418
v -3.665790 -5.820571 -18.308144
v -3.212067 -5.987096 -18.311960
v -2.752552 -6.140775 -18.311312
v -2.288053 -6.259068 -18.306980
v -1.823892 -6.331637 -18.302820
v -1.365682 -6.370291 -18.302885
v -0.914023 -6.398620 -18.307571
v -0.463825 -6.432241 -18.313126
v -0.008712 -6.466830 -18.315100
v 0.453683 -6.481331 -18.311859
v 0.911503 -6.454821 -18.309002
v -5.033906 -5.158435 -18.754091
v -5.491470 -4.901275 -18.754395
v -4.573306 -5.366151 -18.752407
v -4.113958 -5.532729 -18.752413
v -3.660271 -5.679869 -18.756615
v -3.208907 -5.827227 -18.762236
v -2.754388 -5.975809 -18.765247
v -2.293643 -6.107739 -18.763660
v -1.828597 -6.201190 -18.758934
v -1.365214 -6.249892 -18.755262
v -0.908483 -6.269279 -18.756264
v -0.457716 -6.282804 -18.761419
v -0.007085 -6.302582 -18.766510
v 0.449404 -6.320142 -18.767416
v 0.904634 -6.312073 -18.766453
v -4.574288 -5.226915 -19.206596
v -5.031917 -5.000593 -19.206903
v -4.114132 -5.405234 -19.205282
v -3.655956 -5.547318 -19.206064
v -3.203344 -5.675584 -19.210787
v -2.752024 -5.806694 -19.216135
v -2.296511 -5.937332 -19.218260
v -1.834566 -6.047180 -19.215784
v -1.369244 -6.115967 -19.210821
v -0.906892 -6.141785 -19.207783
v -0.451629 -6.143124 -19.209694
v -0.001501 -6.142495 -19.215143
v 0.449834 -6.148130 -19.219604
v 0.901734 -6.147249 -19.220945
v -4.114690 -5.262822 -19.659058
v -4.572253 -5.066046 -19.659300
v -3.655204 -5.413566 -19.658213
v -3.198317 -5.533210 -19.659786
v -2.746627 -5.644172 -19.664894
v -2.295088 -5.759630 -19.669813
v -1.838418 -5.872072 -19.670994
v -1.375371 -5.959441 -19.667704
v -0.910069 -6.003813 -19.662672
v -0.448954 -6.007764 -19.660385
v 0.004920 -5.992139 -19.663145
v 0.454688 -5.977749 -19.668699
v 0.904325 -5.969072 -19.671602
v -3.655201 -5.267526 -20.111498
v -4.112556 -5.099129 -20.111607
v -3.196580 -5.392431 -20.111202
v -2.741035 -5.491505 -20.113552
v -2.290067 -5.586428 -20.118891
v -1.838044 -5.686513 -20.123238
v -1.380107 -5.780303 -20.123438
v -0.916118 -5.844778 -20.119434
v -0.451139 -5.865082 -20.114511
v 0.008592 -5.848186 -20.113062
v 0.461217 -5.816517 -20.116573
v 0.910980 -5.789491 -20.119411
v -3.195910 -5.242194 -20.563946
v -3.652915 -5.101072 -20.563858
v -2.738308 -5.342936 -20.564259
v -2.284089 -5.423114 -20.567327
v -1.833605 -5.502966 -20.572737
v -1.380848 -5.587667 -20.576385
v -0.921592 -5.662193 -20.575600
v -0.456873 -5.703385 -20.571005
v 0.007491 -5.700058 -20.566359
v 0.465755 -5.663312 -20.565802
v 0.917949 -5.617374 -20.566906
v -2.739878 -5.186658 -21.017962
v -3.196612 -5.070793 -21.019651
v -2.280416 -5.266026 -21.017370
v -1.827442 -5.328782 -21.021082
v -1.377177 -5.394235 -21.026394
v -0.923466 -5.463279 -21.029236
v -0.462898 -5.517814 -21.027485
v 0.002291 -5.535394 -21.022440
v 0.465778 -5.508961 -21.018230
v 0.921254 -5.454041 -21.016958
v -2.742250 -5.012903 -21.470734
v -3.199423 -4.876254 -21.472786
v -2.279758 -5.105411 -21.468113
v -1.824390 -5.162446 -21.470196
v -1.372093 -5.208493 -21.475943
v -0.920723 -5.260532 -21.479828
v -0.465872 -5.313413 -21.481777
v -0.004067 -5.347160 -21.479103
v 0.461306 -5.340886 -21.473766
v 0.919048 -5.292171 -21.470930
v -0.918211 -5.063778 -21.929321
v -1.367743 -5.031749 -21.926487
v -0.466244 -5.101792 -21.933121
v -0.007162 -5.138854 -21.932272
v 0.458132 -5.151469 -21.927155
v 0.916608 -5.120724 -21.923803
v -0.900000 -5.474938 2.000000
v -0.450000 -5.498440 2.000000
v -0.450000 -5.665460 1.550000
v -0.900000 -5.622107 1.550000
v 0.000000 -5.483334 2.000000
v 0.000000 -5.665734 1.550000
v 0.450000 -5.449810 2.000000
v 0.450000 -5.630379 1.550000
v 0.900000 -5.417969 2.000000
v 0.900000 -5.581010 1.550000
v 1.350000 -5.391124 2.000000
v 1.350000 -5.535464 1.550000
v 1.800000 -5.352939 2.000000
v 1.800000 -5.492899 1.550000
v 2.250000 -5.280759 2.000000
v 2.250000 -5.434288 1.550000
v 2.700000 -5.164087 2.000000
v 2.700000 -5.337893 1.550000
v 3.150000 -5.012892 2.000000
v 3.150000 -5.196882 1.550000
v 3.600000 -4.848849 2.000000
v 3.600000 -5.024495 1.550000
v 4.050000 -4.686761 2.000000
v 4.050000 -4.842445 1.550000
v 4.500000 -4.521520 2.000000
v 4.500000 -4.662165 1.550000
v 4.950000 -4.331398 2.000000
v 4.950000 -4.474386 1.550000
v 5.400000 -4.094890 2.000000
v 5.400000 -4.255663 1.550000
v 5.850000 -3.807108 2.000000
v 5.850000 -3.986371 1.550000
v 6.300000 -3.482060 2.000000
v 6.300000 -3.665200 1.550000
v 6.750000 -3.138831 2.000000
v 6.750000 -3.308023 1.550000
v 7.200000 -2.782943 2.000000
v 7.200000 -2.931916 1.550000
v 7.650000 -2.398089 2.000000
v 7.650000 -2.537327 1.550000
v -0.450000 -5.809174 1.100000
v -0.900000 -5.754708 1.100000
v 0.000000 -5.829809 1.100000
v 0.450000 -5.807191 1.100000
v 0.900000 -5.752385 1.100000
v 1.350000 -5.687732 1.100000
v 1.800000 -5.628219 1.100000
v 2.250000 -5.568863 1.100000
v 2.700000 -5.488541 1.100000
v 3.150000 -5.367106 1.100000
v 3.600000 -5.201577 1.100000
v 4.050000 -5.007987 1.100000
v 4.500000 -4.807329 1.100000
v 4.950000 -4.607217 1.100000
v 5.400000 -4.394425 1.100000
v 5.850000 -4.144413 1.100000
v 6.300000 -3.839899 1.100000
v 6.750000 -3.482953 1.100000
v 7.200000 -3.090462 1.100000
v 7.650000 -2.676447 1.100000
v -0.450000 -5.935802 0.650000
v -0.900000 -5.885155 0.650000
v 0.000000 -5.970429 0.650000
v 0.450000 -5.968021 0.650000
v 0.900000 -5.922899 0.650000
v 1.350000 -5.849379 0.650000
v 1.800000 -5.769797 0.650000
v 2.250000 -5.695795 0.650000
v 2.700000 -5.618386 0.650000
v 3.150000 -5.515009 0.650000
v 3.600000 -5.367723 0.650000
v 4.050000 -5.177444 0.650000
v 4.500000 -4.962423 0.650000
v 4.950000 -4.742176 0.650000
v 5.400000 -4.520156 0.650000
v 5.850000 -4.279470 0.650000
v 6.300000 -3.995109 0.650000
v 6.750000 -3.652447 0.650000
v 7.200000 -3.256535 0.650000
v 7.650000 -2.824229 0.650000
v -0.450000 -6.057323 0.200000
v -0.900000 -6.023296 0.200000
v 0.000000 -6.091778 0.200000
v 0.450000 -6.105791 0.200000
v 0.900000 -6.080076 0.200000
v 1.350000 -6.012871 0.200000
v 1.800000 -5.921279 0.200000
v 2.250000 -5.826894 0.200000
v 2.700000 -5.737616 0.200000
v 3.150000 -5.640717 0.200000
v 3.600000 -5.512888 0.200000
v 4.050000 -5.338928 0.200000
v 4.500000 -5.123565 0.200000
v 4.950000 -4.886598 0.200000
v 5.400000 -4.645333 0.200000
v 5.850000 -4.398824 0.200000
v 6.300000 -4.126884 0.200000
v 6.750000 -3.804596 0.200000
v 7.200000 -3.420133 0.200000
v 7.650000 -2.980863 0.200000
v -0.450000 -6.184800 -0.250000
v -0.900000 -6.170935 -0.250000
v 0.000000 -6.205015 -0.250000
v 0.450000 -6.222508 -0.250000
v 0.900000 -6.215110 -0.250000
v 1.350000 -6.165884 -0.250000
v 1.800000 -6.077036 -0.250000
v 2.250000 -5.967886 -0.250000
v 2.700000 -5.858568 -0.250000
v 3.150000 -5.752958 -0.250000
v 3.600000 -5.634963 -0.250000
v 4.050000 -5.481235 -0.250000
v 4.500000 -5.279739 -0.250000
v 4.950000 -5.038785 -0.250000
v 5.400000 -4.778984 -0.250000
v 5.850000 -4.514745 -0.250000
v 6.300000 -4.240571 -0.250000
v 6.750000 -3.933397 -0.250000
v 7.200000 -3.568873 -0.250000
v 7.650000 -3.137847 -0.250000
v -0.450000 -6.322216 -0.700000
v -0.900000 -6.320820 -0.700000
v 0.000000 -6.322058 -0.700000
v 0.450000 -6.328153 -0.700000
v 0.900000 -6.327775 -0.700000
v 1.350000 -6.298170 -0.700000
v 1.800000 -6.225290 -0.700000
v 2.250000 -6.115223 -0.700000
v 2.700000 -5.988864 -0.700000
v 3.150000 -5.864206 -0.700000
v 3.600000 -5.740940 -0.700000
v 4.050000 -5.600082 -0.700000
v 4.500000 -5.418937 -0.700000
v 4.950000 -5.188952 -0.700000
v 5.400000 -4.921651 -0.700000
v 5.850000 -4.637656 -0.700000
v 6.300000 -4.347839 -0.700000
v 6.750000 -4.042096 -0.700000
v 7.200000 -3.694889 -0.700000
v 7.650000 -3.282722 -0.700000
v -0.450000 -6.464254 -1.150000
v -0.900000 -6.460685 -1.150000
v 0.000000 -6.448942 -1.150000
v 0.450000 -6.435111 -1.150000
v 0.900000 -6.426545 -1.150000
v 1.350000 -6.407273 -1.150000
v 1.800000 -6.354686 -1.150000
v 2.250000 -6.258060 -1.150000
v 2.700000 -6.127153 -1.150000
v 3.150000 -5.983727 -1.150000
v 3.600000 -5.843021 -1.150000
v 4.050000 -5.700502 -1.150000
v 4.500000 -5.534850 -1.150000
v 4.950000 -5.324677 -1.150000
v 5.400000 -5.065091 -1.150000
v 5.850000 -4.770323 -1.150000
v 6.300000 -4.460171 -1.150000
v 6.750000 -4.141377 -1.150000
v 7.200000 -3.799218 -1.150000
v 7.650000 -3.406014 -1.150000
v -0.450000 -6.599262 -1.600001
v -0.900000 -6.580089 -1.600001
v 0.000000 -6.582460 -1.600001
v 0.450000 -6.551279 -1.600001
v 0.900000 -6.523877 -1.600001
v 1.350000 -6.499891 -1.600001
v 1.800000 -6.460615 -1.600001
v 2.250000 -6.384299 -1.600000
v 2.700000 -6.263872 -1.600000
v 3.150000 -6.112413 -1.600000
v 3.600000 -5.951819 -1.600000
v 4.050000 -5.794032 -1.600000
v 4.500000 -5.630382 -1.600000
v 4.950000 -5.437823 -1.600000
v 5.400000 -5.196869 -1.600000
v 5.850000 -4.906315 -1.600000
v 6.300000 -4.582466 -1.600000
v 6.750000 -4.243414 -1.600000
v 7.200000 -3.891219 -1.600000
v 7.650000 -3.506517 -1.600000
v 8.100000 -2.939115 -1.150000
v 8.100000 -3.059612 -1.600000
v -0.450000 -6.715741 -2.050000
v -0.900000 -6.676229 -2.050000
v 0.000000 -6.711943 -2.050000
v 0.450000 -6.675655 -2.050000
v 0.900000 -6.629268 -2.050000
v 1.350000 -6.588148 -2.050000
v 1.800000 -6.547784 -2.050000
v 2.250000 -6.487328 -2.050000
v 2.700000 -6.386569 -2.050000
v 3.150000 -6.242291 -2.050000
v 3.600000 -6.070441 -2.050000
v 4.050000 -5.892286 -2.050000
v 4.500000 -5.716033 -2.050000
v 4.950000 -5.529076 -2.050000
v 5.400000 -5.307289 -2.050000
v 5.850000 -5.033586 -2.050000
v 6.300000 -4.710311 -2.050000
v 6.750000 -4.355081 -2.050000
v 7.200000 -3.983359 -2.050000
v 7.650000 -3.591959 -2.050000
v 8.100000 -3.156736 -2.050000
v -0.450000 -6.808759 -2.500000
v -0.900000 -6.755504 -2.500000
v 0.000000 -6.825212 -2.500000
v 0.450000 -6.798907 -2.500000
v 0.900000 -6.743964 -2.500000
v 1.350000 -6.682836 -2.500000
v 1.800000 -6.627591 -2.500000
v 2.250000 -6.569708 -2.500000
v 2.700000 -6.486846 -2.500000
v 3.150000 -6.360960 -2.500000
v 3.600000 -6.192759 -2.500000
v 4.050000 -6.000488 -2.500000
v 4.500000 -5.804048 -2.500000
v 4.950000 -5.607559 -2.500000
v 5.400000 -5.394792 -2.500000
v 5.850000 -5.141188 -2.500000
v 6.300000 -4.832439 -2.500000
v 6.750000 -4.474126 -2.500000
v 7.200000 -4.084267 -2.500000
v 7.650000 -3.674703 -2.500000
v 8.100000 -3.236337 -2.500000
v -0.450000 -6.882692 -2.950000
v -0.900000 -6.829952 -2.950000
v 0.000000 -6.915360 -2.950000
v 0.450000 -6.908565 -2.950000
v 0.900000 -6.860262 -2.950000
v 1.350000 -6.787404 -2.950000
v 1.800000 -6.711776 -2.950000
v 2.250000 -6.641747 -2.950000
v 2.700000 -6.565036 -2.950000
v 3.150000 -6.458505 -2.950000
v 3.600000 -6.306825 -2.950000
v 4.050000 -6.114554 -2.950000
v 4.500000 -5.901593 -2.950000
v 4.950000 -5.685749 -2.950000
v 5.400000 -5.466830 -2.950000
v 5.850000 -5.225373 -2.950000
v 6.300000 -4.937006 -2.950000
v 6.750000 -4.590424 -2.950000
v 7.200000 -4.193925 -2.950000
v 7.650000 -3.764851 -2.950000
v 8.100000 -3.310271 -2.950000
v -0.450000 -6.948794 -3.400001
v -0.900000 -6.910536 -3.400001
v 0.000000 -6.984603 -3.400001
v 0.450000 -6.995974 -3.400001
v 0.900000 -6.965807 -3.400001
v 1.350000 -6.896032 -3.400001
v 1.800000 -6.805878 -3.400001
v 2.250000 -6.715749 -3.400001
v 2.700000 -6.630018 -3.400001
v 3.150000 -6.533019 -3.400001
v 3.600000 -6.401526 -3.400001
v 4.050000 -6.223372 -3.400001
v 4.500000 -6.006761 -3.400001
v 4.950000 -5.772526 -3.400001
v 5.400000 -5.535711 -3.400001
v 5.850000 -5.291680 -3.400001
v 6.300000 -5.018195 -3.400001
v 6.750000 -4.691620 -3.400001
v 7.200000 -4.303677 -3.400001
v 7.650000 -3.864620 -3.400000
v 8.100000 -3.389788 -3.400000
v -0.450000 -7.018917 -3.850000
v -0.900000 -7.001041 -3.850000
v 0.000000 -7.043046 -3.850000
v 0.450000 -7.061113 -3.850000
v 0.900000 -7.050474 -3.850000
v 1.350000 -6.996877 -3.850000
v 1.800000 -6.906149 -3.850000
v 2.250000 -6.799169 -3.850000
v 2.700000 -6.694272 -3.850000
v 3.150000 -6.591671 -3.850000
v 3.600000 -6.472781 -3.850000
v 4.050000 -6.314994 -3.850000
v 4.500000 -6.109639 -3.850000
v 4.950000 -5.868223 -3.850000
v 5.400000 -5.611740 -3.850000
v 5.850000 -5.351849 -3.850000
v 6.300000 -5.079452 -3.850000
v 6.750000 -4.770011 -3.850000
v 7.200000 -4.401054 -3.850000
v 7.650000 -3.967103 -3.850000
v 8.100000 -3.479267 -3.850000
v 8.550000 -2.879985 -3.400000
v 8.550000 -2.949125 -3.850000
v -0.450000 -7.098915 -4.300001
v -0.900000 -7.095962 -4.300001
v 0.000000 -7.103048 -4.300001
v 0.450000 -7.112614 -4.300001
v 0.900000 -7.112010 -4.300001
v 1.350000 -7.078671 -4.300001
v 1.800000 -7.001641 -4.300001
v 2.250000 -6.890448 -4.300001
v 2.700000 -6.766918 -4.300001
v 3.150000 -6.646702 -4.300001
v 3.600000 -6.525810 -4.300001
v 4.050000 -6.383292 -4.300001
v 4.500000 -6.197825 -4.300001
v 4.950000 -5.964442 -4.300001
v 5.400000 -5.697478 -4.300001
v 5.850000 -5.417277 -4.300001
v 6.300000 -5.131569 -4.300001
v 6.750000 -4.826843 -4.300001
v 7.200000 -4.476721 -4.300001
v 7.650000 -4.060120 -4.300000
v 8.100000 -3.573775 -4.300000
v 8.550000 -3.028028 -4.300000
v -0.450000 -7.185374 -4.750000
v -0.900000 -7.183570 -4.750000
v 0.000000 -7.172341 -4.750000
v 0.450000 -7.162943 -4.750000
v 0.900000 -7.157292 -4.750000
v 1.350000 -7.137003 -4.750000
v 1.800000 -7.080308 -4.750000
v 2.250000 -6.979887 -4.750000
v 2.700000 -6.848642 -4.750000
v 3.150000 -6.708616 -4.750000
v 3.600000 -6.572230 -4.750000
v 4.050000 -6.431373 -4.750000
v 4.500000 -6.263347 -4.750000
v 4.950000 -6.048731 -4.750000
v 5.400000 -5.786314 -4.750000
v 5.850000 -5.492673 -4.750000
v 6.300000 -5.186671 -4.750000
v 6.750000 -4.871613 -4.750000
v 7.200000 -4.529680 -4.750000
v 7.650000 -4.133005 -4.750000
v 8.100000 -3.661813 -4.750000
v 8.550000 -3.113894 -4.750000
v -0.450000 -7.267523 -5.200000
v -0.900000 -7.252452 -5.200000
v 0.000000 -7.249715 -5.200000
v 0.450000 -7.221459 -5.200000
v 0.900000 -7.198491 -5.200000
v 1.350000 -7.176772 -5.200000
v 1.800000 -7.135719 -5.200000
v 2.250000 -7.055054 -5.200000
v 2.700000 -6.931309 -5.200000
v 3.150000 -6.780313 -5.200000
v 3.600000 -6.623578 -5.200000
v 4.050000 -6.469850 -5.200000
v 4.500000 -6.307096 -5.200000
v 4.950000 -6.111526 -5.200000
v 5.400000 -5.866152 -5.200000
v 5.850000 -5.573428 -5.200000
v 6.300000 -5.251458 -5.200000
v 6.750000 -4.916777 -5.200000
v 7.200000 -4.567823 -5.200000
v 7.650000 -4.182547 -5.200000
v 8.100000 -3.731729 -5.200000
v 8.550000 -3.196278 -5.200000
v -0.450000 -7.333226 -5.650000
v -0.900000 -7.297868 -5.650000
v 0.000000 -7.325699 -5.650000
v 0.450000 -7.289199 -5.650000
v 0.900000 -7.246293 -5.650000
v 1.350000 -7.209459 -5.650000
v 1.800000 -7.170640 -5.650000
v 2.250000 -7.107705 -5.650000
v 2.700000 -7.002498 -5.650000
v 3.150000 -6.855488 -5.650000
v 3.600000 -6.684885 -5.650000
v 4.050000 -6.510924 -5.650000
v 4.500000 -6.338336 -5.650000
v 4.950000 -6.151479 -5.650000
v 5.400000 -5.926144 -5.650000
v 5.850000 -5.648184 -5.650000
v 6.300000 -5.323471 -5.650000
v 6.750000 -4.970812 -5.650000
v 7.200000 -4.603541 -5.650000
v 7.650000 -4.214784 -5.650000
v 8.100000 -3.778206 -5.650000
v 8.550000 -3.262917 -5.650000
v -0.450000 -7.375754 -6.100000
v -0.900000 -7.324391 -6.100000
v 0.000000 -7.387834 -6.100000
v 0.450000 -7.358298 -6.100000
v 0.900000 -7.303941 -6.100000
v 1.350000 -7.246734 -6.100000
v 1.800000 -7.195493 -6.100000
v 2.250000 -7.138382 -6.100000
v 2.700000 -7.052419 -6.100000
v 3.150000 -6.922130 -6.100000
v 3.600000 -6.702589 -6.100000
v 4.050000 -6.471991 -6.100000
v 4.500000 -6.343304 -6.100000
v 4.950000 -6.176208 -6.100000
v 5.400000 -5.962743 -6.100000
v 5.850000 -5.705167 -6.100000
v 6.300000 -5.392463 -6.100000
v 6.750000 -5.033489 -6.100000
v 7.200000 -4.646811 -6.100000
v 7.650000 -4.241633 -6.100000
v 8.100000 -3.805226 -6.100000
v 8.550000 -3.306559 -6.100000
v -0.450000 -7.397530 -6.550000
v -0.900000 -7.343364 -6.550000
v 0.000000 -7.427616 -6.550000
v 0.450000 -7.416370 -6.550000
v 0.900000 -7.365435 -6.550000
v 1.350000 -7.293943 -6.550000
v 1.800000 -7.222550 -6.550000
v 2.250000 -7.156113 -6.550000
v 2.700000 -7.079377 -6.550000
v 3.150000 -6.862344 -6.550000
v 3.600000 -6.562445 -6.550000
v 4.050000 -6.328536 -6.550000
v 4.500000 -6.181607 -6.550000
v 4.950000 -6.137254 -6.550000
v 5.400000 -5.981675 -6.550000
v 5.850000 -5.738744 -6.550000
v 6.300000 -5.446110 -6.550000
v 6.750000 -5.096003 -6.550000
v 7.200000 -4.699641 -6.550000
v 7.650000 -4.274254 -6.550000
v 8.100000 -3.823854 -6.550000
v 8.550000 -3.329005 -6.550000
v -0.450000 -7.408777 -7.000000
v -0.900000 -7.366571 -7.000000
v 0.000000 -7.445236 -7.000000
v 0.450000 -7.453416 -7.000000
v 0.900000 -7.418865 -7.000000
v 1.350000 -7.347142 -7.000000
v 1.800000 -7.259093 -7.000000
v 2.250000 -7.173376 -7.000000
v 2.700000 -7.090709 -7.000000
v 3.150000 -6.788088 -7.000000
v 3.600000 -6.508568 -7.000000
v 4.050000 -6.286198 -7.000000
v 4.500000 -6.132410 -7.000000
v 4.950000 -6.068482 -7.000000
v 5.400000 -5.994750 -7.000000
v 5.850000 -5.752564 -7.000000
v 6.300000 -5.476878 -7.000000
v 6.750000 -5.145877 -7.000000
v 7.200000 -4.754953 -7.000000
v 7.650000 -4.316828 -7.000000
v 8.100000 -3.846069 -7.000000
v 8.550000 -3.340106 -7.000000
v -0.450000 -7.421826 -7.450000
v -0.900000 -7.399681 -7.450000
v 0.000000 -7.449473 -7.450000
v 0.450000 -7.467390 -7.450000
v 0.900000 -7.453057 -7.450000
v 1.350000 -7.395282 -7.450000
v 1.800000 -7.303356 -7.450000
v 2.250000 -7.199148 -7.450000
v 2.700000 -7.098697 -7.450000
v 3.150000 -6.799493 -7.450000
v 3.600000 -6.535011 -7.450000
v 4.050000 -6.332603 -7.450000
v 4.500000 -6.187160 -7.450000
v 4.950000 -6.113048 -7.450000
v 5.400000 -6.013279 -7.450000
v 5.850000 -5.757524 -7.450000
v 6.300000 -5.486218 -7.450000
v 6.750000 -5.173919 -7.450000
v 7.200000 -4.800522 -7.450000
v 7.650000 -4.364229 -7.450000
v 8.100000 -3.878089 -7.450000
v 8.550000 -3.352275 -7.450000
v -0.450000 -7.444244 -7.900001
v -0.900000 -7.439078 -7.900001
v 0.000000 -7.452804 -7.900001
v 0.450000 -7.465342 -7.900001
v 0.900000 -7.463793 -7.900001
v 1.350000 -7.426375 -7.900001
v 1.800000 -7.345511 -7.900001
v 2.250000 -7.233906 -7.900001
v 2.700000 -7.113727 -7.900001
v 3.150000 -6.908249 -7.900001
v 3.600000 -6.645087 -7.900001
v 4.050000 -6.459939 -7.900001
v 4.500000 -6.333396 -7.900001
v 4.950000 -6.264164 -7.900001
v 5.400000 -6.041774 -7.900001
v 5.850000 -5.765697 -7.900001
v 6.300000 -5.483763 -7.900001
v 6.750000 -5.179338 -7.900001
v 7.200000 -4.825792 -7.900001
v 7.650000 -4.404880 -7.900001
v 8.100000 -3.916908 -7.900001
v 8.550000 -3.373567 -7.900001
v -0.450000 -7.474611 -8.349999
v -0.900000 -7.473885 -8.349999
v 0.000000 -7.464446 -8.349999
v 0.450000 -7.459487 -8.349999
v 0.900000 -7.456167 -8.349999
v 1.350000 -7.434170 -8.349999
v 1.800000 -7.373143 -8.349999
v 2.250000 -7.269356 -8.349999
v 2.700000 -7.138499 -8.349999
v 3.150000 -7.002293 -8.349999
v 3.600000 -6.849516 -8.349999
v 4.050000 -6.669307 -8.349999
v 4.500000 -6.559127 -8.349999
v 4.950000 -6.340083 -8.349999
v 5.400000 -6.075431 -8.349999
v 5.850000 -5.783601 -8.349999
v 6.300000 -5.481956 -8.349999
v 6.750000 -5.170189 -8.349999
v 7.200000 -4.827756 -8.349999
v 7.650000 -4.427204 -8.349999
v 8.100000 -3.951970 -8.349999
v 8.550000 -3.403192 -8.349999
v -0.450000 -7.503320 -8.800000
v -0.900000 -7.492019 -8.800000
v 0.000000 -7.485226 -8.800000
v 0.450000 -7.460402 -8.800000
v 0.900000 -7.441741 -8.800000
v 1.350000 -7.421636 -8.800000
v 1.800000 -7.378167 -8.800000
v 2.250000 -7.293056 -8.800000
v 2.700000 -7.166521 -8.800000
v 3.150000 -7.016701 -8.800000
v 3.600000 -6.864133 -8.800000
v 4.050000 -6.714112 -8.800000
v 4.500000 -6.551532 -8.800000
v 4.950000 -6.352462 -8.800000
v 5.400000 -6.102810 -8.800000
v 5.850000 -5.808577 -8.800000
v 6.300000 -5.489117 -8.800000
v 6.750000 -5.158885 -8.800000
v 7.200000 -4.812635 -8.800000
v 7.650000 -4.426075 -8.800000
v 8.100000 -3.971051 -8.800000
v 8.550000 -3.431955 -8.800000
v -0.450000 -7.517926 -9.250000
v -0.900000 -7.486928 -9.250000
v 0.000000 -7.507117 -9.250000
v 0.450000 -7.471130 -9.250000
v 0.900000 -7.432106 -9.250000
v 1.350000 -7.399311 -9.250000
v 1.800000 -7.361337 -9.250000
v 2.250000 -7.295355 -9.250000
v 2.700000 -7.185733 -9.250000
v 3.150000 -7.036599 -9.250000
v 3.600000 -6.867920 -9.250000
v 4.050000 -6.698341 -9.250000
v 4.500000 -6.528959 -9.250000
v 4.950000 -6.341478 -9.250000
v 5.400000 -6.112206 -9.250000
v 5.850000 -5.830256 -9.250000
v 6.300000 -5.504808 -9.250000
v 6.750000 -5.155277 -9.250000
v 7.200000 -4.792405 -9.250000
v 7.650000 -4.405674 -9.250000
v 8.100000 -3.967070 -9.250000
v 8.550000 -3.447382 -9.250000
v -0.450000 -7.510082 -9.700001
v -0.900000 -7.461240 -9.700001
v 0.000000 -7.517712 -9.700001
v 0.450000 -7.485483 -9.700001
v 0.900000 -7.432423 -9.700001
v 1.350000 -7.379426 -9.700001
v 1.800000 -7.331822 -9.700001
v 2.250000 -7.274760 -9.700001
v 2.700000 -7.185218 -9.700001
v 3.150000 -7.050688 -9.700001
v 3.600000 -6.879036 -9.700001
v 4.050000 -6.691371 -9.700001
v 4.500000 -6.503775 -9.700001
v 4.950000 -6.313042 -9.700001
v 5.400000 -6.098174 -9.700001
v 5.850000 -5.836352 -9.700001
v 6.300000 -5.520077 -9.700001
v 6.750000 -5.161166 -9.700001
v 7.200000 -4.778132 -9.700001
v 7.650000 -4.377161 -9.700001
v 8.100000 -3.942037 -9.700001
v 8.550000 -3.440667 -9.700001
v -0.450000 -7.480187 -10.150000
v -0.900000 -7.425299 -10.150000
v 0.000000 -7.507136 -10.150000
v 0.450000 -7.491493 -10.150000
v 0.900000 -7.438544 -10.150000
v 1.350000 -7.369091 -10.150000
v 1.800000 -7.302098 -10.150000
v 2.250000 -7.238779 -10.150000
v 2.700000 -7.161294 -10.150000
v 3.150000 -7.047147 -10.150000
v 3.600000 -6.887318 -10.150000
v 4.050000 -6.693116 -10.150000
v 4.500000 -6.486043 -10.150000
v 4.950000 -6.279028 -10.150000
v 5.400000 -6.064564 -10.150000
v 5.850000 -5.819496 -10.150000
v 6.300000 -5.522446 -10.150000
v 6.750000 -5.169301 -10.150000
v 7.200000 -4.773798 -10.150000
v 7.650000 -4.352453 -10.150000
v 8.100000 -3.905931 -10.150000
v -0.450000 -7.437168 -10.599999
v -0.900000 -7.391400 -10.599999
v 0.000000 -7.473551 -10.599999
v 0.450000 -7.478079 -10.599999
v 0.900000 -7.439326 -10.599999
v 1.350000 -7.366333 -10.599999
v 1.800000 -7.280996 -10.599999
v 2.250000 -7.199728 -10.599999
v 2.700000 -7.119561 -10.599999
v 3.150000 -7.020219 -10.599999
v 3.600000 -6.880417 -10.599999
v 4.050000 -6.694873 -10.599999
v 4.500000 -6.477913 -10.599999
v 4.950000 -6.250659 -10.599999
v 5.400000 -6.022372 -10.599999
v 5.850000 -5.781349 -10.599999
v 6.300000 -5.502861 -10.599999
v 6.750000 -5.167416 -10.599999
v 7.200000 -4.774086 -10.599999
v 7.650000 -4.337588 -10.599999
v 8.100000 -3.871140 -10.599999
v -0.450000 -7.393505 -11.050000
v -0.900000 -7.366940 -11.050000
v 0.000000 -7.424179 -11.050000
v 0.450000 -7.441224 -11.050000
v 0.900000 -7.422842 -11.050000
v 1.350000 -7.361197 -11.050000
v 1.800000 -7.268784 -11.050000
v 2.250000 -7.167877 -11.050000
v 2.700000 -7.071780 -11.050000
v 3.150000 -6.973414 -11.050000
v 3.600000 -6.850688 -11.050000
v 4.050000 -6.684168 -11.050000
v 4.500000 -6.472422 -11.050000
v 4.950000 -6.232251 -11.050000
v 5.400000 -5.983616 -11.050000
v 5.850000 -5.731676 -11.050000
v 6.300000 -5.460744 -11.050000
v 6.750000 -5.145070 -11.050000
v 7.200000 -4.767344 -11.050000
v 7.650000 -4.329355 -11.050000
v -0.450000 -7.358273 -11.500000
v -0.900000 -7.350295 -11.500000
v 0.000000 -7.371277 -11.500000
v 0.450000 -7.386209 -11.500000
v 0.900000 -7.383022 -11.500000
v 1.350000 -7.341290 -11.500000
v 1.800000 -7.257010 -11.500000
v 2.250000 -7.145719 -11.500000
v 2.700000 -7.029322 -11.500000
v 3.150000 -6.917562 -11.500000
v 3.600000 -6.799441 -11.500000
v 4.050000 -6.651714 -11.500000
v 4.500000 -6.457376 -11.500000
v 4.950000 -6.218806 -11.500000
v 5.400000 -5.954638 -11.500000
v 5.850000 -5.682901 -11.500000
v 6.300000 -5.404310 -11.500000
v 6.750000 -5.099460 -11.500000
v 7.200000 -4.742074 -11.500000
v 7.650000 -4.317088 -11.500000
v -0.450000 -7.332089 -11.950000
v -0.900000 -7.331725 -11.950000
v 0.000000 -7.325308 -11.950000
v 0.450000 -7.324676 -11.950000
v 0.900000 -7.323040 -11.950000
v 1.350000 -7.298688 -11.950000
v 1.800000 -7.233221 -11.950000
v 2.250000 -7.126585 -11.950000
v 2.700000 -6.996831 -11.950000
v 3.150000 -6.864767 -11.950000
v 3.600000 -6.736218 -11.950000
v 4.050000 -6.596579 -11.950000
v 4.500000 -6.422143 -11.950000
v 4.950000 -6.198801 -11.950000
v 5.400000 -5.932570 -11.950000
v 5.850000 -5.643189 -11.950000
v 6.300000 -5.345990 -11.950000
v 6.750000 -5.036985 -11.950000
v 7.200000 -4.693340 -11.950000
v 7.650000 -4.288607 -11.950000
v -0.450000 -7.306768 -12.400000
v -0.900000 -7.298800 -12.400000
v 0.000000 -7.289112 -12.400000
v 0.450000 -7.268135 -12.400000
v 0.900000 -7.253542 -12.400000
v 1.350000 -7.234356 -12.400000
v 1.800000 -7.187895 -12.400000
v 2.250000 -7.098361 -12.400000
v 2.700000 -6.969635 -12.400000
v 3.150000 -6.821672 -12.400000
v 3.600000 -6.673471 -12.400000
v 4.050000 -6.526709 -12.400000
v 4.500000 -6.363579 -12.400000
v 4.950000 -6.160606 -12.400000
v 5.400000 -5.906932 -12.400000
v 5.850000 -5.611890 -12.400000
v 6.300000 -5.295505 -12.400000
v 6.750000 -4.969683 -12.400000
v 7.200000 -4.625524 -12.400000
v -0.450000 -7.269879 -12.850000
v -0.900000 -7.243329 -12.850000
v 0.000000 -7.256319 -12.850000
v 0.450000 -7.221556 -12.850000
v 0.900000 -7.186718 -12.850000
v 1.350000 -7.157601 -12.850000
v 1.800000 -7.119752 -12.850000
v 2.250000 -7.050236 -12.850000
v 2.700000 -6.936350 -12.850000
v 3.150000 -6.785755 -12.850000
v 3.600000 -6.619628 -12.850000
v 4.050000 -6.454499 -12.850000
v 4.500000 -6.287780 -12.850000
v 4.950000 -6.098967 -12.850000
v 5.400000 -5.865471 -12.850000
v 5.850000 -5.579908 -12.850000
v 6.300000 -5.254448 -12.850000
v 6.750000 -4.908517 -12.850000
v 7.200000 -4.549875 -12.850000
v -0.450000 -7.211681 -13.300000
v -0.900000 -7.165922 -13.300000
v 0.000000 -7.214902 -13.300000
v 0.450000 -7.180593 -13.300000
v 0.900000 -7.129504 -13.300000
v 1.350000 -7.080895 -13.300000
v 1.800000 -7.036463 -13.300000
v 2.250000 -6.978728 -13.300000
v 2.700000 -6.885224 -13.300000
v 3.150000 -6.746728 -13.300000
v 3.600000 -6.574391 -13.300000
v 4.050000 -6.389889 -13.300000
v 4.500000 -6.206684 -13.300000
v 4.950000 -6.017931 -13.300000
v 5.400000 -5.800992 -13.300000
v 5.850000 -5.534764 -13.300000
v 6.300000 -5.215399 -13.300000
v 6.750000 -4.857272 -13.300000
v -0.450000 -7.130540 -13.750000
v -0.900000 -7.075653 -13.750000
v 0.000000 -7.153882 -13.750000
v 0.450000 -7.134013 -13.750000
v 0.900000 -7.079721 -13.750000
v 1.350000 -7.012921 -13.750000
v 1.800000 -6.950379 -13.750000
v 2.250000 -6.889621 -13.750000
v 2.700000 -6.810686 -13.750000
v 3.150000 -6.692277 -13.750000
v 3.600000 -6.528908 -13.750000
v 4.050000 -6.334820 -13.750000
v 4.500000 -6.131420 -13.750000
v 4.950000 -5.928594 -13.750000
v 5.400000 -5.715364 -13.750000
v 5.850000 -5.467554 -13.750000
v 6.300000 -5.166055 -13.750000
v 6.750000 -4.810443 -13.750000
v -0.450000 -7.033851 -14.200001
v -0.900000 -6.985001 -14.200001
v 0.000000 -7.069436 -14.200001
v 0.450000 -7.069948 -14.200001
v 0.900000 -7.027288 -14.200001
v 1.350000 -6.953732 -14.200001
v 1.800000 -6.871647 -14.200001
v 2.250000 -6.794747 -14.200001
v 2.700000 -6.716447 -14.200001
v 3.150000 -6.614924 -14.200001
v 3.600000 -6.470700 -14.200001
v 4.050000 -6.282156 -14.200001
v 4.500000 -6.066104 -14.200001
v 4.950000 -5.842915 -14.200001
v 5.400000 -5.618479 -14.200001
v 5.850000 -5.377906 -14.200001
v 6.300000 -5.096091 -14.200001
v -0.450000 -6.933907 -14.650001
v -0.900000 -6.902895 -14.650001
v 0.000000 -6.967038 -14.650001
v 0.450000 -6.982513 -14.650001
v 0.900000 -6.959838 -14.650001
v 1.350000 -6.894729 -14.650001
v 1.800000 -6.802555 -14.650001
v 2.250000 -6.705390 -14.650001
v 2.700000 -6.613439 -14.650001
v 3.150000 -6.516187 -14.650001
v 3.600000 -6.390620 -14.650001
v 4.050000 -6.219660 -14.650001
v 4.500000 -6.005551 -14.650001
v 4.950000 -5.767053 -14.650001
v 5.400000 -5.522741 -14.650001
v 5.850000 -5.274192 -14.650001
v 6.300000 -5.002910 -14.650001
v -0.450000 -6.841056 -15.099999
v -0.900000 -6.829744 -15.099999
v 0.000000 -6.858402 -15.099999
v 0.450000 -6.875087 -15.099999
v 0.900000 -6.869611 -15.099999
v 1.350000 -6.823444 -15.099999
v 1.800000 -6.736259 -15.099999
v 2.250000 -6.625997 -15.099999
v 2.700000 -6.513714 -15.099999
v 3.150000 -6.405742 -15.099999
v 3.600000 -6.287946 -15.099999
v 4.050000 -6.136811 -15.099999
v 4.500000 -5.938156 -15.099999
v 4.950000 -5.697937 -15.099999
v 5.400000 -5.436154 -15.099999
v 5.850000 -5.168860 -15.099999
v 6.300000 -4.893089 -15.099999
v -0.450000 -6.757931 -15.549999
v -0.900000 -6.757203 -15.549999
v 0.000000 -6.754960 -15.549999
v 0.450000 -6.758424 -15.549999
v 0.900000 -6.757780 -15.549999
v 1.350000 -6.730494 -15.549999
v 1.800000 -6.660595 -15.549999
v 2.250000 -6.551703 -15.549999
v 2.700000 -6.423738 -15.549999
v 3.150000 -6.296025 -15.549999
v 3.600000 -6.170785 -15.549999
v 4.050000 -6.030670 -15.549999
v 4.500000 -5.852369 -15.549999
v 4.950000 -5.624974 -15.549999
v 5.400000 -5.357861 -15.549999
v 5.850000 -5.071498 -15.549999
v -0.450000 -6.677986 -16.000000
v -0.900000 -6.672827 -16.000000
v 0.000000 -6.661481 -16.000000
v 0.450000 -6.644665 -16.000000
v 0.900000 -6.633792 -16.000000
v 1.350000 -6.614805 -16.000000
v 1.800000 -6.564857 -16.000000
v 2.250000 -6.471039 -16.000000
v 2.700000 -6.340781 -16.000000
v 3.150000 -6.195309 -16.000000
v 3.600000 -6.051557 -16.000000
v 4.050000 -5.907515 -16.000000
v 4.500000 -5.743124 -16.000000
v 4.950000 -5.535954 -16.000000
v 5.400000 -5.278622 -16.000000
v 5.850000 -4.983493 -16.000000
v -0.450000 -6.589138 -16.450001
v -0.900000 -6.567004 -16.450001
v 0.000000 -6.573431 -16.450001
v 0.450000 -6.540571 -16.450001
v 0.900000 -6.510109 -16.450001
v 1.350000 -6.484216 -16.450001
v 1.800000 -6.445766 -16.450001
v 2.250000 -6.372325 -16.450001
v 2.700000 -6.254440 -16.450001
v 3.150000 -6.103085 -16.450001
v 3.600000 -5.940069 -16.450001
v 4.050000 -5.779342 -16.450001
v 4.500000 -5.614670 -16.450001
v 4.950000 -5.423853 -16.450001
v 5.400000 -5.185962 -16.450001
v 5.850000 -4.897254 -16.450001
v -0.450000 -6.480507 -16.900000
v -0.900000 -6.438313 -16.900000
v 0.000000 -6.479480 -16.900000
v 0.450000 -6.443758 -16.900000
v 0.900000 -6.395261 -16.900000
v 1.350000 -6.351104 -16.900000
v 1.800000 -6.309292 -16.900000
v 2.250000 -6.250177 -16.900000
v 2.700000 -6.152437 -16.900000
v 3.150000 -6.010355 -16.900000
v 3.600000 -5.838057 -16.900000
v 4.050000 -5.657184 -16.900000
v 4.500000 -5.478193 -16.900000
v 4.950000 -5.290748 -16.900000
v 5.400000 -5.071125 -16.900000
v 5.850000 -4.800447 -16.900000
v -0.450000 -6.348475 -17.350000
v -0.900000 -6.294312 -17.350000
v 0.000000 -6.367832 -17.350000
v 0.450000 -6.344020 -17.350000
v 0.900000 -6.289094 -17.350000
v 1.350000 -6.225492 -17.350000
v 1.800000 -6.167333 -17.350000
v 2.250000 -6.108510 -17.350000
v 2.700000 -6.027459 -17.350000
v 3.150000 -5.904638 -17.350000
v 3.600000 -5.738213 -17.350000
v 4.050000 -5.544960 -17.350000
v 4.500000 -5.345592 -17.350000
v 4.950000 -5.146657 -17.350000
v 5.400000 -4.933950 -17.350000
v -0.450000 -6.198700 -17.800001
v -0.900000 -6.147331 -17.800001
v 0.000000 -6.232786 -17.800001
v 0.450000 -6.229023 -17.800001
v 0.900000 -6.182854 -17.800001
v 1.350000 -6.109463 -17.800001
v 1.800000 -6.031079 -17.800001
v 2.250000 -5.958351 -17.800001
v 2.700000 -5.881237 -17.800001
v 3.150000 -5.776932 -17.800001
v 3.600000 -5.628262 -17.800001
v 4.050000 -5.437292 -17.800001
v 4.500000 -5.222845 -17.800001
v 4.950000 -5.003960 -17.800001
v 5.400000 -4.782963 -17.800001
v -0.450000 -6.042969 -18.250000
v -0.900000 -6.007599 -18.250000
v 0.000000 -6.077921 -18.250000
v 0.450000 -6.091173 -18.250000
v 0.900000 -6.064068 -18.250000
v 1.350000 -5.995998 -18.250000
v 1.800000 -5.904781 -18.250000
v 2.250000 -5.811701 -18.250000
v 2.700000 -5.723576 -18.250000
v 3.150000 -5.626724 -18.250000
v 3.600000 -5.497797 -18.250000
v 4.050000 -5.322502 -18.250000
v 4.500000 -5.106675 -18.250000
v 4.950000 -4.870498 -18.250000
v 5.400000 -4.630624 -18.250000
v -0.450000 -5.892625 -18.700001
v -0.900000 -5.877543 -18.700001
v 0.000000 -5.914098 -18.700001
v 0.450000 -5.931848 -18.700001
v 0.900000 -5.923492 -18.700001
v 1.350000 -5.872888 -18.700001
v 1.800000 -5.783383 -18.700001
v 2.250000 -5.674841 -18.700001
v 2.700000 -5.566894 -18.700001
v 3.150000 -5.462279 -18.700001
v 3.600000 -5.344082 -18.700001
v 4.050000 -5.189119 -18.700001
v 4.500000 -4.986381 -18.700001
v 4.950000 -4.745206 -18.700001
v 5.400000 -4.486388 -18.700001
v -0.450000 -5.752247 -19.150000
v -0.900000 -5.750439 -19.150000
v 0.000000 -5.753407 -19.150000
v 0.450000 -5.760633 -19.150000
v 0.900000 -5.760263 -19.150000
v 1.350000 -5.729537 -19.150000
v 1.800000 -5.655333 -19.150000
v 2.250000 -5.544839 -19.150000
v 2.700000 -5.419302 -19.150000
v 3.150000 -5.296035 -19.150000
v 3.600000 -5.173575 -19.150000
v 4.050000 -5.032272 -19.150000
v 4.500000 -4.849798 -19.150000
v 4.950000 -4.618703 -19.150000
v -0.450000 -5.617101 -19.600000
v -0.900000 -5.614154 -19.600000
v 0.000000 -5.602432 -19.600000
v 0.450000 -5.589977 -19.600000
v 0.900000 -5.582379 -19.600000
v 1.350000 -5.562866 -19.600000
v 1.800000 -5.509028 -19.600000
v 2.250000 -5.411178 -19.600000
v 2.700000 -5.280087 -19.600000
v 3.150000 -5.137671 -19.600000
v 3.600000 -4.998332 -19.600000
v 4.050000 -4.856403 -19.600000
v 4.500000 -4.690077 -19.600000
v -0.450000 -5.475775 -20.049999
v -0.900000 -5.457912 -20.049999
v 0.000000 -5.458583 -20.049999
v 0.450000 -5.428256 -20.049999
v 0.900000 -5.402244 -20.049999
v 1.350000 -5.379032 -20.049999
v 1.800000 -5.339274 -20.049999
v 2.250000 -5.261618 -20.049999
v 2.700000 -5.140104 -20.049999
v 3.150000 -4.988712 -20.049999
v 3.600000 -4.829282 -20.049999
v 4.050000 -4.672793 -20.049999
v -0.450000 -5.316540 -20.500000
v -0.900000 -5.278296 -20.500000
v 0.000000 -5.311536 -20.500000
v 0.450000 -5.275105 -20.500000
v 0.900000 -5.229754 -20.500000
v 1.350000 -5.189991 -20.500000
v 1.800000 -5.150183 -20.500000
v 2.250000 -5.089018 -20.500000
v 2.700000 -4.986875 -20.500000
v 3.150000 -4.841683 -20.500000
v 3.600000 -4.670147 -20.500000
v -0.450000 -5.133885 -20.950001
v -0.900000 -5.081150 -20.950001
v 0.000000 -5.148988 -20.950001
v 0.450000 -5.121623 -20.950001
v 0.900000 -5.066785 -20.950001
v 1.350000 -5.006842 -20.950001
v 1.800000 -4.952881 -20.950001
v 2.250000 -4.895316 -20.950001
v 2.700000 -4.811542 -20.950001
v 3.150000 -4.684271 -20.950001
v -0.450000 -4.931587 -21.400000
v -0.900000 -4.878328 -21.400000
v 0.000000 -4.963513 -21.400000
v 0.450000 -4.955331 -21.400000
v 0.900000 -4.906144 -21.400000
v 1.350000 -4.833638 -21.400000
v 1.800000 -4.759307 -21.400000
v 2.250000 -4.690444 -21.400000
v 2.700000 -4.613803 -21.400000
v 3.150000 -4.506188 -21.400000
v -0.450000 -4.720610 -21.850000
v -0.900000 -4.681086 -21.850000
v 0.000000 -4.756700 -21.850000
v 0.450000 -4.767129 -21.850000
v 0.900000 -4.735582 -21.850000
v 1.350000 -4.665129 -21.850000
v -0.913992 -5.663300 2.065757
v -0.455483 -5.686031 2.069133
v -0.459036 -5.854262 1.615360
v -0.917276 -5.811416 1.612157
v 0.008691 -5.669118 2.073541
v 0.006208 -5.852739 1.620646
v 0.465504 -5.635434 2.072825
v 0.466155 -5.816239 1.622076
v 0.915981 -5.605470 2.067733
v 0.919104 -5.767883 1.618657
v 1.366128 -5.580516 2.062213
v 1.369138 -5.724295 1.613062
v 1.822336 -5.542172 2.060760
v 1.822675 -5.682420 1.609728
v 2.285773 -5.466749 2.064248
v 2.283094 -5.621816 1.611140
v 2.751107 -5.344748 2.068917
v 2.747769 -5.520741 1.615458
v 3.212002 -5.189521 2.070413
v 3.210723 -5.374710 1.618483
v 3.666651 -5.024968 2.067378
v 3.668096 -5.200039 1.617431
v 4.118077 -4.864414 2.061683
v 4.120791 -5.018679 1.612691
v 4.571649 -4.699272 2.057189
v 4.573276 -4.839188 1.607389
v 5.030938 -4.505228 2.056851
v 5.030022 -4.649206 1.605083
v 5.494147 -4.260952 2.059664
v 5.491551 -4.424241 1.606568
v 5.956305 -3.964852 2.061773
v 5.954216 -4.146486 1.609179
v 6.414604 -3.634437 2.060392
v 6.414242 -3.818192 1.609517
v 6.869853 -3.288996 2.055552
v 6.870852 -3.457146 1.606187
v 7.324861 -2.931091 2.049615
v 7.325964 -3.078835 1.600477
v 7.777257 -2.545029 2.047055
v 7.778373 -2.683190 1.597374
v -0.464784 -5.999801 1.158674
v -0.921478 -5.945347 1.156530
v 0.000253 -6.019296 1.163987
v 0.464892 -5.994423 1.168718
v 0.923453 -5.938596 1.169103
v 1.375484 -5.875186 1.164894
v 1.825853 -5.817461 1.159322
v 2.280727 -5.758163 1.156757
v 2.742331 -5.674920 1.158914
v 3.207023 -5.548074 1.163235
v 3.668969 -5.377499 1.165534
v 4.125326 -5.182010 1.163577
v 4.577862 -4.982059 1.158369
v 5.031193 -4.782036 1.153349
v 5.489069 -4.565856 1.151750
v 5.950994 -4.308502 1.153620
v 6.413105 -3.995081 1.155907
v 6.872355 -3.631124 1.155450
v 7.328709 -3.234662 1.151386
v 7.781103 -2.819512 1.148419
v -0.466687 -6.127457 0.704682
v -0.920208 -6.076408 0.704898
v -0.005950 -6.162058 0.706947
v 0.459589 -6.157774 0.712465
v 0.923369 -6.110067 0.716499
v 1.380554 -6.035744 0.715835
v 1.831907 -5.957586 0.710968
v 2.282879 -5.885077 0.705597
v 2.739152 -5.806973 0.703872
v 3.201728 -5.699705 0.706672
v 3.666155 -5.546392 0.710834
v 4.127020 -5.351178 0.712326
v 4.582525 -5.134611 0.709509
v 5.035145 -4.914910 0.703974
v 5.489443 -4.692094 0.699370
v 5.948315 -4.446757 0.698471
v 6.410375 -4.154036 0.700593
v 6.871822 -3.802151 0.702421
v 7.330406 -3.399292 0.701135
v 7.783656 -2.964582 0.699368
v -0.463655 -6.249322 0.254313
v -0.914145 -6.214541 0.256793
v -0.008926 -6.284663 0.252114
v 0.453163 -6.297988 0.255227
v 0.918900 -6.269681 0.260767
v 1.381615 -6.199704 0.263985
v 1.837496 -6.107594 0.262297
v 2.288436 -6.014731 0.256921
v 2.740247 -5.926518 0.251924
v 3.197916 -5.828054 0.251074
v 3.661207 -5.695359 0.254390
v 4.125121 -5.514897 0.258238
v 4.584896 -5.294818 0.258865
v 5.039744 -5.056576 0.255258
v 5.492677 -4.815497 0.249551
v 5.948001 -4.567132 0.245476
v 6.407686 -4.289233 0.245235
v 6.869643 -3.957675 0.247461
v 7.330374 -3.563763 0.248711
v 7.784913 -3.120264 0.248641
v -0.457357 -6.376566 -0.193685
v -0.906720 -6.361729 -0.190396
v -0.006959 -6.398307 -0.199111
v 0.449223 -6.416248 -0.200361
v 0.912493 -6.407420 -0.196510
v 1.378119 -6.354944 -0.191130
v 1.839621 -6.263281 -0.188823
v 2.294329 -6.153925 -0.191482
v 2.745131 -6.046119 -0.197199
v 3.197977 -5.941006 -0.201667
v 3.656969 -5.820478 -0.201640
v 4.120692 -5.660940 -0.197955
v 4.583891 -5.452623 -0.194563
v 5.042626 -5.207240 -0.194833
v 5.497037 -4.946307 -0.199138
v 5.950480 -4.681675 -0.204857
v 6.406829 -4.404430 -0.208316
v 6.867106 -4.089986 -0.207972
v 7.328754 -3.715395 -0.205801
v 7.784426 -3.278770 -0.204501
v -0.451319 -6.513594 -0.641928
v -0.902142 -6.511502 -0.639702
v -0.001109 -6.515039 -0.647492
v 0.450052 -6.522427 -0.652485
v 0.907745 -6.521956 -0.652740
v 1.371970 -6.490117 -0.648289
v 1.837186 -6.413428 -0.643245
v 2.297393 -6.300642 -0.641915
v 2.751106 -6.174374 -0.645465
v 3.202047 -6.051085 -0.651346
v 3.656069 -5.927607 -0.655149
v 4.116246 -5.783171 -0.654282
v 4.580112 -5.595346 -0.650384
v 5.042451 -5.358377 -0.647576
v 5.500252 -5.086947 -0.648749
v 5.954451 -4.801791 -0.653635
v 6.408565 -4.510780 -0.659207
v 6.865872 -4.200618 -0.661995
v 7.326500 -3.844856 -0.661173
v 7.782484 -3.427016 -0.659660
v -0.448942 -6.655910 -1.092844
v -0.902955 -6.652339 -1.092904
v 0.005362 -6.641287 -1.095459
v 0.455247 -6.629043 -1.101390
v 0.907414 -6.621452 -1.105775
v 1.366609 -6.601442 -1.105030
v 1.831518 -6.545789 -1.100138
v 2.296056 -6.444925 -1.095592
v 2.754952 -6.311505 -1.095277
v 3.207888 -6.168416 -1.099610
v 3.659229 -6.028788 -1.105471
v 4.114509 -5.885209 -1.108502
v 4.575674 -5.714886 -1.106864
v 5.039405 -5.497275 -1.102919
v 5.500805 -5.230674 -1.100802
v 5.957819 -4.932040 -1.102856
v 6.412028 -4.620487 -1.108187
v 6.866921 -4.299473 -1.113460
v 7.325061 -3.951447 -1.115560
v 7.783879 -3.550536 -1.115506
v -0.451589 -6.792224 -1.547437
v -0.908743 -6.773492 -1.549813
v 0.008838 -6.774723 -1.545625
v 0.461917 -6.744359 -1.549230
v 0.911773 -6.718468 -1.555328
v 1.365150 -6.695046 -1.558951
v 1.825766 -6.654284 -1.557241
v 2.291059 -6.574083 -1.552082
v 2.754696 -6.449136 -1.548180
v 3.212329 -6.295451 -1.548888
v 3.664732 -6.135345 -1.553873
v 4.116709 -5.978184 -1.559529
v 4.573260 -5.812501 -1.561714
v 5.035172 -5.614169 -1.559407
v 5.498525 -5.365153 -1.555579
v 5.958968 -5.067657 -1.554236
v 6.415377 -4.740104 -1.557122
v 6.869801 -4.399168 -1.562742
v 7.325522 -4.043512 -1.567583
v 7.784327 -3.651417 -1.569016
v 8.240424 -3.077417 -1.116039
v 8.239603 -3.199300 -1.568402
v -0.457816 -6.910407 -2.004787
v -0.916372 -6.871144 -2.008287
v 0.007374 -6.905296 -1.999404
v 0.466355 -6.868277 -1.998721
v 0.918407 -6.822841 -2.003196
v 1.368531 -6.783074 -2.009254
v 1.823265 -6.742757 -2.011994
v 2.285155 -6.679980 -2.009391
v 2.750520 -6.574572 -2.004147
v 3.213091 -6.425648 -2.001012
v 3.669569 -6.251893 -2.002720
v 4.121696 -6.074255 -2.008202
v 4.574505 -5.898009 -2.013479
v 5.032272 -5.707936 -2.014778
v 5.494666 -5.479303 -2.011928
v 5.957440 -5.197061 -2.008377
v 6.416972 -4.866971 -2.007868
v 6.872972 -4.508039 -2.011505
v 7.327786 -4.133685 -2.017248
v 7.784328 -3.737377 -2.021548
v 8.238370 -3.298540 -2.022698
v -0.464183 -7.004681 -2.462408
v -0.921599 -6.951247 -2.465099
v 0.001762 -7.020378 -2.456331
v 0.466111 -6.992305 -2.451651
v 0.923631 -6.936702 -2.452109
v 1.374894 -6.876634 -2.457306
v 1.825569 -6.822491 -2.463119
v 2.281746 -6.764026 -2.464889
v 2.744700 -6.677947 -2.461498
v 3.209836 -6.546741 -2.456353
v 3.671241 -6.373911 -2.454082
v 4.126720 -6.180050 -2.456737
v 4.578830 -5.984000 -2.462545
v 5.032619 -5.786735 -2.467282
v 5.491481 -5.569685 -2.467695
v 5.954081 -5.308230 -2.464450
v 6.416137 -4.990604 -2.461323
v 6.874853 -4.625597 -2.461677
v 7.330648 -4.231820 -2.465957
v 7.785990 -3.818588 -2.471653
v 8.238868 -3.377959 -2.474328
v -0.467155 -7.079291 -2.917527
v -0.921493 -7.026174 -2.917832
v -0.004904 -7.112068 -2.914198
v 0.461313 -7.103782 -2.908019
v 0.924588 -7.053384 -2.904184
v 1.380701 -6.980018 -2.905760
v 1.831443 -6.905501 -2.911507
v 2.282926 -6.836218 -2.916881
v 2.740562 -6.758185 -2.917631
v 3.204322 -6.647510 -2.913588
v 3.668955 -6.489967 -2.908717
v 4.129162 -6.293207 -2.907381
v 4.583837 -6.078913 -2.910899
v 5.036178 -5.863159 -2.916848
v 5.491032 -5.642519 -2.920907
v 5.950814 -5.395563 -2.920471
v 6.413359 -5.098439 -2.916995
v 6.874618 -4.742755 -2.914424
v 7.332654 -4.339603 -2.915639
v 7.788446 -3.906124 -2.920426
v 8.240916 -3.449700 -2.923505
v -0.465061 -7.145761 -3.368743
v -0.916100 -7.107046 -3.366465
v -0.008906 -7.182161 -3.370142
v 0.454597 -7.193001 -3.365958
v 0.920764 -7.160637 -3.359877
v 1.382789 -7.088582 -3.357000
v 1.837611 -6.998118 -3.359637
v 2.288117 -6.909071 -3.365745
v 2.740625 -6.823614 -3.370500
v 3.199666 -6.724452 -3.370221
v 3.663942 -6.587896 -3.365682
v 4.127842 -6.403481 -3.361252
v 4.586882 -6.182608 -3.360889
v 5.040975 -5.947196 -3.365158
v 5.493771 -5.709979 -3.371056
v 5.949712 -5.463140 -3.374330
v 6.410195 -5.182921 -3.373121
v 6.872454 -4.846797 -3.369583
v 7.332900 -4.449597 -3.367677
v 7.790425 -4.003773 -3.369717
v 8.245842 -3.524103 -3.373741
v -0.459045 -7.215959 -3.816945
v -0.908421 -7.197482 -3.813390
v -0.007976 -7.240960 -3.822310
v 0.449709 -7.259230 -3.822613
v 0.914247 -7.247336 -3.817714
v 1.380049 -7.190906 -3.811925
v 1.840713 -7.097850 -3.810088
v 2.294415 -6.990766 -3.813698
v 2.744974 -6.886820 -3.819963
v 3.198673 -6.783900 -3.823943
v 3.658993 -6.661918 -3.822666
v 4.123484 -6.498198 -3.817806
v 4.586478 -6.286339 -3.813964
v 5.044439 -6.040927 -3.814581
v 5.498188 -5.783281 -3.819458
v 5.951623 -5.522300 -3.825116
v 6.408609 -5.245882 -3.827534
v 6.869548 -4.928492 -3.825659
v 7.331336 -4.549310 -3.822233
v 7.791016 -4.105947 -3.821074
v 8.248214 -3.610986 -3.823867
v 8.700234 -3.010002 -3.377085
v 8.701166 -3.077922 -3.826337
v -0.452461 -7.295769 -4.264754
v -0.902792 -7.292286 -4.261937
v -0.002598 -7.300925 -4.271050
v 0.449435 -7.311138 -4.275751
v 0.908662 -7.310245 -4.274943
v 1.373967 -7.274873 -4.269494
v 1.839112 -7.194480 -4.264180
v 2.298376 -7.081033 -4.263433
v 2.751171 -6.957577 -4.267893
v 3.202064 -6.838063 -4.274105
v 3.657059 -6.716135 -4.277186
v 4.118471 -6.569533 -4.274981
v 4.582880 -6.377353 -4.269982
v 5.044860 -6.137366 -4.266853
v 5.501883 -5.866661 -4.268422
v 5.955523 -5.585132 -4.273743
v 6.409738 -5.297448 -4.278980
v 6.867664 -4.987391 -4.280510
v 7.328805 -4.628147 -4.278107
v 7.789998 -4.200738 -4.274960
v 8.249007 -3.704739 -4.274599
v 8.702719 -3.154830 -4.275537
v -0.449007 -7.382281 -4.714977
v -0.902367 -7.380373 -4.714460
v 0.004233 -7.369831 -4.718697
v 0.453981 -7.361355 -4.725163
v 0.907200 -7.356060 -4.729030
v 1.367908 -7.334884 -4.727139
v 1.833676 -7.275356 -4.721323
v 2.297916 -7.171178 -4.716652
v 2.755805 -7.037844 -4.717007
v 3.207941 -6.898005 -4.722168
v 3.659423 -6.761940 -4.728119
v 4.115754 -6.619215 -4.730210
v 4.578020 -6.446083 -4.727184
v 5.042078 -6.224088 -4.722229
v 5.503002 -5.955091 -4.719911
v 5.959262 -5.657896 -4.722368
v 6.413023 -5.350194 -4.727948
v 6.868099 -5.032082 -4.732605
v 7.326806 -4.683433 -4.733257
v 7.787915 -4.276527 -4.730487
v 8.248448 -3.793984 -4.727773
v 8.703135 -3.240455 -4.726932
v -0.450633 -7.465120 -5.169100
v -0.907394 -7.450229 -5.171196
v 0.008699 -7.446975 -5.168170
v 0.460815 -7.419308 -5.172814
v 0.910754 -7.397118 -5.179225
v 1.365329 -7.375381 -5.182123
v 1.827385 -7.332742 -5.179215
v 2.293296 -7.248467 -5.173229
v 2.756436 -7.120717 -5.169343
v 3.213043 -6.967855 -5.170781
v 3.664786 -6.811325 -5.176466
v 4.117079 -6.657399 -5.181957
v 4.574711 -6.491837 -5.183009
v 5.037560 -6.290144 -5.179294
v 5.501041 -6.036867 -5.174562
v 5.960930 -5.737659 -5.173122
v 6.416632 -5.412202 -5.176371
v 6.870715 -5.075221 -5.182012
v 7.326673 -4.721955 -5.185953
v 7.785965 -4.328531 -5.185781
v 8.246839 -3.866427 -5.182824
v 8.702250 -3.324556 -5.180892
v -0.456439 -7.531737 -5.626506
v -0.915107 -7.496304 -5.630123
v 0.008309 -7.523466 -5.621375
v 0.466123 -7.486521 -5.621642
v 0.917348 -7.444212 -5.627050
v 1.367774 -7.407957 -5.633184
v 1.823812 -7.368651 -5.635011
v 2.287019 -7.303347 -5.631193
v 2.752756 -7.193818 -5.625235
v 3.217074 -7.042227 -5.624909
v 3.674423 -6.869864 -5.634382
v 4.121037 -6.697778 -5.643733
v 4.571135 -6.525122 -5.642851
v 5.032787 -6.333067 -5.636880
v 5.497020 -6.100037 -5.631333
v 5.959752 -5.813789 -5.626992
v 6.418685 -5.482718 -5.626461
v 6.874043 -5.126464 -5.630368
v 7.328616 -4.756047 -5.635867
v 7.785418 -4.361552 -5.638995
v 8.245076 -3.915360 -5.638095
v 8.700463 -3.393982 -5.636475
v -0.463196 -7.574735 -6.084746
v -0.921193 -7.522896 -6.087880
v 0.003277 -7.586617 -6.078205
v 0.466968 -7.555862 -6.073914
v 0.923296 -7.501046 -6.075359
v 1.373897 -7.444423 -6.081345
v 1.825083 -7.393487 -6.086988
v 2.282625 -7.335320 -6.087687
v 2.752086 -7.245193 -6.088795
v 3.227411 -7.106540 -6.100439
v 3.688072 -6.881091 -6.119508
v 4.123678 -6.655098 -6.132302
v 4.560124 -6.532160 -6.126803
v 5.020733 -6.363139 -6.107328
v 5.490762 -6.140733 -6.090952
v 5.956331 -5.873736 -6.083326
v 6.418207 -5.552487 -6.079521
v 6.876313 -5.187244 -6.079892
v 7.331543 -4.796642 -6.084295
v 7.786728 -4.387214 -6.089453
v 8.244278 -3.943484 -6.091712
v 8.698796 -3.439939 -6.091659
v -0.467157 -7.596581 -6.540839
v -0.922277 -7.541945 -6.541701
v -0.003608 -7.627131 -6.536550
v 0.462888 -7.614953 -6.530035
v 0.925322 -7.562454 -6.526713
v 1.380261 -7.490552 -6.529280
v 1.830527 -7.419684 -6.535636
v 2.282712 -7.353196 -6.540596
v 2.761255 -7.269765 -6.550709
v 3.244927 -7.037196 -6.570391
v 3.696278 -6.734399 -6.584092
v 4.124470 -6.510069 -6.588727
v 4.547067 -6.372426 -6.587054
v 4.998806 -6.330044 -6.571212
v 5.479785 -6.165071 -6.550173
v 5.952516 -5.910184 -6.540060
v 6.415446 -5.608763 -6.535292
v 6.876423 -5.249946 -6.532145
v 7.333864 -4.847301 -6.533368
v 7.789173 -4.417393 -6.538077
v 8.245038 -3.961370 -6.542709
v 8.698408 -3.462961 -6.544452
v -0.466118 -7.608003 -6.992984
v -0.917778 -7.565580 -6.991091
v -0.008518 -7.644945 -6.993397
v 0.456132 -7.652980 -6.988302
v 0.922324 -7.616800 -6.982019
v 1.383361 -7.543299 -6.979764
v 1.837070 -7.454922 -6.983358
v 2.287300 -7.369606 -6.989866
v 2.772721 -7.277015 -6.998668
v 3.255802 -6.957690 -7.006434
v 3.696731 -6.683543 -7.005175
v 4.125455 -6.471417 -7.000561
v 4.545083 -6.327262 -7.000567
v 4.985538 -6.265299 -7.000566
v 5.470509 -6.181887 -6.997094
v 5.950577 -5.925356 -6.994780
v 6.411850 -5.642485 -6.992000
v 6.874332 -5.302015 -6.987249
v 7.334430 -4.902259 -6.984846
v 7.791396 -4.457661 -6.986833
v 8.246960 -3.981468 -6.991634
v 8.699647 -3.472672 -6.994308
v -0.460639 -7.621368 -7.441630
v -0.910162 -7.599064 -7.438044
v -0.008702 -7.649254 -7.446530
v 0.450450 -7.667345 -7.445765
v 0.915943 -7.652171 -7.440028
v 1.381522 -7.592148 -7.434176
v 1.841095 -7.498354 -7.433050
v 2.293782 -7.393899 -7.437541
v 2.775042 -7.283722 -7.438412
v 3.253074 -6.969798 -7.430714
v 3.691300 -6.710797 -7.422368
v 4.120301 -6.516561 -7.415111
v 4.544792 -6.377851 -7.409611
v 4.991672 -6.305737 -7.416316
v 5.476533 -6.197390 -7.434315
v 5.951791 -5.929640 -7.446162
v 6.409509 -5.653551 -7.447232
v 6.871100 -5.332966 -7.443763
v 7.332973 -4.949524 -7.439209
v 7.792269 -4.504249 -7.437600
v 8.248958 -4.011190 -7.440214
v 8.701740 -3.482347 -7.442496
v -0.453762 -7.643917 -7.889202
v -0.903681 -7.638548 -7.885928
v -0.004033 -7.652720 -7.895846
v 0.449040 -7.665339 -7.899874
v 0.909705 -7.663547 -7.897948
v 1.375743 -7.624540 -7.891756
v 1.840437 -7.540916 -7.886518
v 2.298551 -7.427456 -7.886543
v 2.767537 -7.301107 -7.881902
v 3.237182 -7.084370 -7.862841
v 3.681858 -6.818550 -7.843346
v 4.112104 -6.637969 -7.833303
v 4.547955 -6.516163 -7.834453
v 5.012984 -6.448392 -7.854251
v 5.492701 -6.217982 -7.881097
v 5.955486 -5.935537 -7.894818
v 6.409922 -5.650846 -7.899344
v 6.868554 -5.340411 -7.899363
v 7.330206 -4.977531 -7.895370
v 7.791375 -4.546072 -7.891174
v 8.249992 -4.048852 -7.890362
v 8.703508 -3.501461 -7.891145
v -0.449336 -7.674291 -8.338712
v -0.901988 -7.673489 -8.337579
v 0.002889 -7.664316 -8.343397
v 0.452724 -7.659469 -8.349973
v 0.907123 -7.656018 -8.352984
v 1.369190 -7.633247 -8.349961
v 1.835449 -7.569870 -8.343513
v 2.299041 -7.462940 -8.339048
v 2.759913 -7.328775 -8.335676
v 3.219222 -7.188377 -8.325893
v 3.671784 -7.032168 -8.311459
v 4.112016 -6.853563 -8.303060
v 4.562623 -6.744925 -8.310534
v 5.034516 -6.519831 -8.326602
v 5.502424 -6.246782 -8.337814
v 5.959528 -5.950794 -8.342920
v 6.412902 -5.647035 -8.348481
v 6.868287 -5.331446 -8.352160
v 7.327643 -4.981723 -8.351173
v 7.789128 -4.570847 -8.346841
v 8.249560 -4.084577 -8.343136
v 8.704103 -3.530426 -8.342009
v -0.449846 -7.703164 -8.792102
v -0.906030 -7.691830 -8.793744
v 0.008196 -7.684906 -8.792217
v 0.459444 -7.660165 -8.797678
v 0.909689 -7.641467 -8.803957
v 1.365544 -7.620945 -8.805845
v 1.828835 -7.576069 -8.801821
v 2.294989 -7.487875 -8.795325
v 2.757321 -7.357954 -8.791766
v 3.213748 -7.206138 -8.792933
v 3.666799 -7.052576 -8.794780
v 4.115826 -6.902953 -8.797520
v 4.572704 -6.737844 -8.801499
v 5.039126 -6.531505 -8.799657
v 5.502535 -6.274430 -8.794271
v 5.961736 -5.974302 -8.792933
v 6.416700 -5.651502 -8.796500
v 6.870524 -5.318480 -8.801863
v 7.326849 -4.967193 -8.804579
v 7.786713 -4.572028 -8.802672
v 8.247842 -4.105734 -8.798187
v 8.703232 -3.560415 -8.795729
v -0.454987 -7.717863 -9.249147
v -0.913538 -7.686452 -9.252662
v 0.008930 -7.706846 -9.244631
v 0.465438 -7.670492 -9.245939
v 0.915968 -7.631458 -9.251985
v 1.366910 -7.598444 -9.257745
v 1.824284 -7.559677 -9.258442
v 2.288560 -7.491570 -9.253552
v 2.754299 -7.378201 -9.247216
v 3.215285 -7.225568 -9.244660
v 3.669680 -7.055377 -9.247868
v 4.120915 -6.885302 -9.254076
v 4.574811 -6.714263 -9.258095
v 5.034715 -6.522529 -9.256649
v 5.498466 -6.286283 -9.251143
v 5.960985 -5.996594 -9.246267
v 6.419221 -5.665337 -9.245872
v 6.873936 -5.312249 -9.249951
v 7.328366 -4.945696 -9.254893
v 7.785565 -4.552571 -9.256571
v 8.245705 -4.104020 -9.253869
v 8.701218 -3.578268 -9.251494
v -0.461872 -7.709585 -9.707574
v -0.920267 -7.659908 -9.710976
v 0.004695 -7.717654 -9.700967
v 0.467377 -7.684709 -9.697390
v 0.922427 -7.631161 -9.699835
v 1.372529 -7.578054 -9.706252
v 1.824421 -7.530004 -9.711291
v 2.283306 -7.471673 -9.710773
v 2.748286 -7.379233 -9.705180
v 3.213333 -7.240394 -9.699202
v 3.672955 -7.065241 -9.697709
v 4.126499 -6.876154 -9.701755
v 4.578058 -6.687746 -9.707841
v 5.033157 -6.494611 -9.710842
v 5.494017 -6.274501 -9.708324
v 5.957608 -6.004917 -9.702548
v 6.419167 -5.680690 -9.698315
v 6.876595 -5.315997 -9.698813
v 7.331285 -4.928976 -9.703192
v 7.786433 -4.523208 -9.707504
v 8.243145 -4.081507 -9.707608
v 8.699994 -3.572879 -9.704663
v -0.466674 -7.678975 -10.164340
v -0.922493 -7.623407 -10.165718
v -0.002139 -7.706906 -10.159342
v 0.464197 -7.690968 -10.152895
v 0.925479 -7.636914 -10.150368
v 1.379215 -7.566908 -10.153857
v 1.829189 -7.499682 -10.160416
v 2.282243 -7.435624 -10.164559
v 2.742557 -7.356292 -10.162842
v 3.207931 -7.238455 -10.156731
v 3.672059 -7.073881 -10.151293
v 4.130369 -6.876255 -10.150883
v 4.583308 -6.667781 -10.155598
v 5.035432 -6.459508 -10.161332
v 5.491751 -6.241784 -10.163219
v 5.953325 -5.990461 -10.159736
v 6.416517 -5.684953 -10.153886
v 6.877108 -5.323714 -10.150396
v 7.333916 -4.922337 -10.151690
v 7.788793 -4.496324 -10.156135
v 8.241110 -4.047399 -10.158659
v -0.466738 -7.635709 -10.617361
v -0.919053 -7.589848 -10.615984
v -0.007772 -7.672697 -10.616741
v 0.457667 -7.677628 -10.611036
v 0.923452 -7.637885 -10.604955
v 1.383243 -7.563519 -10.603549
v 1.835858 -7.477595 -10.607949
v 2.286008 -7.395931 -10.614417
v 2.740379 -7.314657 -10.617521
v 3.201972 -7.212790 -10.614666
v 3.667423 -7.068529 -10.608233
v 4.130468 -6.877937 -10.603495
v 4.587574 -6.657673 -10.604142
v 5.040172 -6.428935 -10.609327
v 5.493061 -6.198808 -10.614495
v 5.950546 -5.953567 -10.615213
v 6.412570 -5.667813 -10.610906
v 6.875174 -5.323317 -10.605172
v 7.334850 -4.921766 -10.602481
v 7.789932 -4.480422 -10.604180
v 8.242323 -4.011441 -10.607741
v -0.462022 -7.592449 -11.066637
v -0.911813 -7.566150 -11.063274
v -0.009072 -7.622895 -11.070720
v 0.451406 -7.640322 -11.068917
v 0.917463 -7.621674 -11.062685
v 1.382411 -7.558423 -11.057159
v 1.840689 -7.464479 -11.056908
v 2.292422 -7.362954 -11.062052
v 2.743038 -7.266244 -11.068197
v 3.198817 -7.166315 -11.070154
v 3.661476 -7.040309 -11.066257
v 4.126703 -6.868620 -11.059713
v 4.588565 -6.651650 -11.055802
v 5.044629 -6.408291 -11.057439
v 5.497148 -6.157963 -11.062874
v 5.950952 -5.903461 -11.067279
v 6.409486 -5.627267 -11.066818
v 6.871693 -5.303343 -11.061854
v 7.333577 -4.916059 -11.056409
v 7.788862 -4.473228 -11.054221
v -0.455134 -7.557701 -11.514225
v -0.904754 -7.549951 -11.510717
v -0.005311 -7.570127 -11.520748
v 0.448903 -7.584783 -11.523813
v 0.910809 -7.581635 -11.520878
v 1.377167 -7.538918 -11.514315
v 1.841037 -7.452523 -11.509517
v 2.297852 -7.339630 -11.510408
v 2.748973 -7.222564 -11.516103
v 3.200317 -7.109908 -11.521705
v 3.657525 -6.989670 -11.522447
v 4.120995 -6.837855 -11.517642
v 4.585723 -6.637726 -11.511191
v 5.046372 -6.393863 -11.508200
v 5.501594 -6.126580 -11.510713
v 5.954288 -5.852792 -11.516164
v 6.409099 -5.570779 -11.519639
v 6.868510 -5.259554 -11.518035
v 7.330647 -4.892980 -11.512597
v 7.786821 -4.462663 -11.509371
v -0.449916 -7.531659 -11.963119
v -0.901850 -7.531390 -11.961424
v 0.001416 -7.524448 -11.968463
v 0.451564 -7.523140 -11.974681
v 0.907194 -7.521130 -11.976619
v 1.370371 -7.496356 -11.972640
v 1.836704 -7.429176 -11.965954
v 2.299315 -7.320036 -11.962028
v 2.754780 -7.188673 -11.964006
v 3.205577 -7.055842 -11.970035
v 3.657873 -6.926037 -11.974893
v 4.116460 -6.783629 -11.974396
v 4.580452 -6.604275 -11.968845
v 5.044458 -6.374632 -11.962681
v 5.503930 -6.103115 -11.960658
v 5.958535 -5.810602 -11.963897
v 6.411633 -5.510830 -11.969125
v 6.867479 -5.197407 -11.971539
v 7.326297 -4.847301 -11.968577
v 7.785294 -4.435361 -11.962590
v -0.449286 -7.506157 -12.415602
v -0.904741 -7.498047 -12.416668
v 0.007353 -7.488271 -12.416780
v 0.457891 -7.466687 -12.422690
v 0.908656 -7.451328 -12.428388
v 1.365789 -7.431592 -12.429128
v 1.830020 -7.384139 -12.424229
v 2.296009 -7.292198 -12.417628
v 2.757247 -7.160704 -12.414683
v 3.211532 -7.011151 -12.417653
v 3.662296 -6.862028 -12.423784
v 4.115718 -6.713557 -12.427723
v 4.575564 -6.546919 -12.426006
v 5.039782 -6.338211 -12.419893
v 5.502897 -6.077844 -12.414193
v 5.961284 -5.777550 -12.413142
v 6.415518 -5.457891 -12.416917
v 6.869213 -5.128800 -12.421687
v 7.321454 -4.782639 -12.423744
v -0.453560 -7.468645 -12.871901
v -0.911761 -7.441399 -12.875091
v 0.009185 -7.455268 -12.868296
v 0.464331 -7.419977 -12.870579
v 0.914356 -7.384387 -12.876846
v 1.366004 -7.354403 -12.881823
v 1.824657 -7.315737 -12.881334
v 2.289675 -7.244574 -12.875669
v 2.755028 -7.127655 -12.869356
v 3.214853 -6.974141 -12.867466
v 3.668170 -6.806443 -12.871291
v 4.119186 -6.640156 -12.877290
v 4.573846 -6.471183 -12.880166
v 5.034771 -6.278046 -12.877290
v 5.498926 -6.038042 -12.870811
v 5.961048 -5.745502 -12.865724
v 6.418497 -5.414807 -12.865600
v 6.871500 -5.066207 -12.869279
v 7.322219 -4.706388 -12.873793
v -0.460300 -7.409142 -13.330047
v -0.918880 -7.362190 -13.333504
v 0.005916 -7.413395 -13.323787
v 0.467292 -7.378717 -13.321167
v 0.921067 -7.326880 -13.324468
v 1.370878 -7.277393 -13.330868
v 1.823636 -7.231962 -13.334950
v 2.283755 -7.173036 -13.333243
v 2.749259 -7.077176 -13.326986
v 3.213730 -6.935118 -13.321157
v 3.672166 -6.759805 -13.320348
v 4.124764 -6.573717 -13.324855
v 4.576293 -6.389030 -13.330489
v 5.032237 -6.197376 -13.332198
v 5.494014 -5.975241 -13.328261
v 5.957846 -5.701803 -13.321620
v 6.418938 -5.375260 -13.317259
v 6.873366 -5.013852 -13.316241
v -0.465741 -7.326439 -13.787094
v -0.922138 -7.270586 -13.788875
v -0.000598 -7.351347 -13.781734
v 0.465143 -7.331769 -13.775759
v 0.925033 -7.276667 -13.774204
v 1.377617 -7.208959 -13.778395
v 1.827520 -7.145414 -13.784698
v 2.281565 -7.083474 -13.787744
v 2.743024 -7.002867 -13.784864
v 3.208700 -6.881376 -13.778213
v 3.672098 -6.714033 -13.773034
v 4.129235 -6.516972 -13.773291
v 4.581381 -6.311912 -13.778281
v 5.033649 -6.107177 -13.783330
v 5.490857 -5.890299 -13.783807
v 5.953224 -5.636394 -13.778943
v 6.414944 -5.328167 -13.772528
v 6.873840 -4.966600 -13.766686
v -0.466883 -7.228915 -14.240808
v -0.919847 -7.179953 -14.240000
v -0.006723 -7.265429 -14.239265
v 0.459096 -7.266941 -14.233330
v 0.924065 -7.223875 -14.227828
v 1.382426 -7.149178 -14.227383
v 1.834045 -7.066063 -14.232300
v 2.284338 -6.988022 -14.238281
v 2.739786 -6.908287 -14.240181
v 3.202396 -6.804510 -14.236217
v 3.667934 -6.656501 -14.229377
v 4.130135 -6.463689 -14.224988
v 4.586117 -6.244696 -14.226249
v 5.038087 -6.019687 -14.231499
v 5.491277 -5.792806 -14.235761
v 5.949656 -5.547743 -14.234983
v 6.405153 -5.262933 -14.233267
v -0.463101 -7.129263 -14.690797
v -0.913258 -7.098830 -14.687869
v -0.009068 -7.161962 -14.693846
v 0.452510 -7.178210 -14.691188
v 0.918703 -7.155886 -14.684862
v 1.382645 -7.089751 -14.680012
v 1.839503 -6.996202 -14.680670
v 2.290420 -6.897902 -14.686127
v 2.741379 -6.804645 -14.691570
v 3.198279 -6.705618 -14.692251
v 3.661800 -6.577135 -14.687325
v 4.126915 -6.401742 -14.680500
v 4.587858 -6.183179 -14.677006
v 5.042878 -5.941762 -14.679164
v 5.494943 -5.695368 -14.684437
v 5.949180 -5.443719 -14.687737
v 6.402324 -5.170392 -14.688462
v -0.456481 -7.037180 -15.138645
v -0.905930 -7.026539 -15.135163
v -0.006347 -7.053260 -15.144608
v 0.449032 -7.069585 -15.146578
v 0.911900 -7.064598 -15.142878
v 1.378147 -7.018087 -15.136358
v 1.840862 -6.929356 -15.132310
v 2.296309 -6.817564 -15.134027
v 2.746811 -6.704039 -15.139812
v 3.198677 -6.594550 -15.144518
v 3.657008 -6.474544 -15.143948
v 4.121164 -6.319775 -15.138208
v 4.585609 -6.116124 -15.131601
v 5.045305 -5.871349 -15.129066
v 5.499588 -5.606625 -15.131971
v 5.951154 -5.337506 -15.136419
v 6.401780 -5.060535 -15.140028
v -0.450702 -6.954456 -15.587113
v -0.901962 -6.954106 -15.585002
v -0.000080 -6.950345 -15.592713
v 0.450582 -6.952534 -15.598175
v 0.907413 -6.951545 -15.598991
v 1.371379 -6.924337 -15.594358
v 1.837362 -6.853394 -15.587849
v 2.298712 -6.742548 -15.584719
v 2.752902 -6.612954 -15.587406
v 3.203284 -6.483871 -15.593296
v 3.656255 -6.356843 -15.597092
v 4.115925 -6.213984 -15.595278
v 4.580421 -6.031307 -15.588903
v 5.044004 -5.798450 -15.582697
v 5.502525 -5.526738 -15.581133
v 5.955448 -5.238449 -15.581754
v -0.448987 -6.874213 -16.038652
v -0.903610 -6.868934 -16.039104
v 0.006230 -6.857186 -16.040751
v 0.456268 -6.839040 -16.046680
v 0.907729 -6.826905 -16.051455
v 1.366055 -6.807504 -16.051083
v 1.830873 -6.757113 -16.045654
v 2.296294 -6.661585 -16.039354
v 2.756213 -6.529074 -16.037226
v 3.209346 -6.381902 -16.040756
v 3.659902 -6.236617 -16.046520
v 4.114118 -6.090442 -16.049259
v 4.574972 -5.922679 -16.046251
v 5.039515 -5.710402 -16.039431
v 5.502105 -5.447243 -16.033785
v 5.957306 -5.149219 -16.031939
v -0.452252 -6.784241 -16.493927
v -0.909893 -6.761242 -16.496622
v 0.009062 -6.768890 -16.491396
v 0.462885 -6.735145 -16.494442
v 0.912630 -6.703218 -16.500492
v 1.365129 -6.676075 -16.504416
v 1.824922 -6.637039 -16.502855
v 2.290308 -6.562551 -16.496792
v 2.754906 -6.442357 -16.490896
v 3.213396 -6.288547 -16.489807
v 3.665712 -6.123765 -16.494015
v 4.116718 -5.961291 -16.499428
v 4.572256 -5.794052 -16.501001
v 5.034086 -5.599157 -16.496883
v 5.498404 -5.355466 -16.489815
v 5.955334 -5.063357 -16.486256
v -0.458595 -6.673602 -16.951387
v -0.917140 -6.629925 -16.954689
v 0.006862 -6.674039 -16.945822
v 0.466729 -6.638080 -16.944260
v 0.919318 -6.588417 -16.948141
v 1.369073 -6.542702 -16.954098
v 1.822801 -6.499628 -16.957031
v 2.283964 -6.439640 -16.954319
v 2.749612 -6.340195 -16.947803
v 3.213178 -6.195297 -16.942484
v 3.670306 -6.020422 -16.942429
v 4.122072 -5.837698 -16.947123
v 4.573776 -5.656677 -16.951965
v 5.030645 -5.466135 -16.952301
v 5.491957 -5.242379 -16.947077
v 5.953532 -4.967020 -16.939173
v -0.464446 -6.539238 -17.408316
v -0.921272 -6.483801 -17.410341
v 0.000909 -6.560691 -17.402958
v 0.465672 -6.537598 -17.397772
v 0.924026 -6.481948 -17.397224
v 1.375592 -6.416967 -17.401794
v 1.825655 -6.357180 -17.407442
v 2.280751 -6.297030 -17.409281
v 2.743122 -6.214706 -17.405491
v 3.208725 -6.089511 -17.398716
v 3.671108 -5.919865 -17.394119
v 4.127001 -5.723961 -17.395050
v 4.578496 -5.522614 -17.400015
v 5.031106 -5.321289 -17.404085
v 5.483326 -5.107116 -17.405409
v -0.466573 -6.387974 -17.862457
v -0.920145 -6.336347 -17.862186
v -0.005456 -6.423429 -17.860214
v 0.460330 -6.421199 -17.854425
v 0.924135 -6.375048 -17.849791
v 1.380982 -6.300549 -17.850267
v 1.831776 -6.220623 -17.855347
v 2.282430 -6.146206 -17.860489
v 2.738967 -6.067628 -17.861158
v 3.202330 -5.961544 -17.856390
v 3.667596 -5.809851 -17.849558
v 4.128713 -5.615357 -17.845798
v 4.583547 -5.398209 -17.847616
v 5.035053 -5.177155 -17.852623
v 5.485716 -4.954988 -17.855316
v -0.463825 -6.232242 -18.313126
v -0.914412 -6.197601 -18.310759
v -0.008712 -6.266829 -18.315100
v 0.453683 -6.281331 -18.311859
v 0.919595 -6.255118 -18.305820
v 1.382229 -6.186443 -18.301886
v 1.837639 -6.093823 -18.303350
v 2.287940 -5.999075 -18.308746
v 2.739440 -5.909185 -18.313194
v 3.197425 -5.810640 -18.312654
v 3.661520 -5.679349 -18.307045
v 4.126190 -5.500434 -18.300352
v 4.586024 -5.280869 -18.297501
v 5.040016 -5.041933 -18.300072
v 5.491047 -4.800823 -18.302374
v -0.457716 -6.082804 -18.761419
v -0.907123 -6.068758 -18.758192
v -0.007085 -6.102582 -18.766510
v 0.449404 -6.120142 -18.767416
v 0.912911 -6.112782 -18.763268
v 1.378639 -6.062392 -18.757168
v 1.839948 -5.971750 -18.754055
v 2.294054 -5.861588 -18.756437
v 2.744155 -5.751864 -18.761938
v 3.196714 -5.645376 -18.765526
v 3.656085 -5.525155 -18.763773
v 4.120629 -5.367186 -18.757481
v 4.584492 -5.160304 -18.751112
v 5.041650 -4.915982 -18.749353
v 5.493771 -4.655617 -18.750681
v -0.451629 -5.943124 -19.209694
v -0.902304 -5.942023 -19.207359
v -0.001501 -5.942494 -19.215143
v 0.449834 -5.948131 -19.219604
v 0.907761 -5.947673 -19.219406
v 1.372161 -5.917560 -19.214466
v 1.837407 -5.842894 -19.208494
v 2.297303 -5.730833 -19.206291
v 2.750290 -5.603513 -19.209475
v 3.200486 -5.478363 -19.214869
v 3.654267 -5.353867 -19.217453
v 4.114898 -5.210107 -19.214521
v 4.578140 -5.024580 -19.207840
v 5.039966 -4.790151 -19.200117
v -0.448954 -5.807765 -19.660385
v -0.902703 -5.804838 -19.660269
v 0.004920 -5.792139 -19.663145
v 0.454688 -5.777749 -19.668699
v 0.906969 -5.768692 -19.672380
v 1.366332 -5.749097 -19.671070
v 1.831363 -5.695384 -19.665482
v 2.295861 -5.596429 -19.659822
v 2.754322 -5.463438 -19.658579
v 3.206419 -5.319113 -19.662415
v 3.656993 -5.177767 -19.667488
v 4.111446 -5.034038 -19.668341
v 4.568265 -4.866219 -19.665680
v -0.451139 -5.665082 -20.114511
v -0.908054 -5.646319 -20.116619
v 0.008592 -5.648186 -20.113062
v 0.461217 -5.616517 -20.116573
v 0.910917 -5.588498 -20.122042
v 1.364349 -5.563954 -20.124819
v 1.825078 -5.524007 -20.122421
v 2.290451 -5.445906 -20.116343
v 2.753978 -5.322711 -20.111164
v 3.211048 -5.169171 -20.110889
v 3.661599 -5.008189 -20.114790
v 4.108997 -4.850722 -20.119719
v -0.456873 -5.503385 -20.571005
v -0.915175 -5.463486 -20.573988
v 0.007491 -5.500058 -20.566359
v 0.465755 -5.463312 -20.565802
v 0.917323 -5.416325 -20.569937
v 1.367249 -5.374539 -20.575130
v 1.821985 -5.333494 -20.576900
v 2.283948 -5.271912 -20.573467
v 2.749364 -5.168708 -20.567080
v 3.210069 -5.021829 -20.562765
v 3.665758 -4.848964 -20.560831
v -0.462898 -5.317814 -21.027485
v -0.919995 -5.263536 -21.029594
v 0.002291 -5.335394 -21.022440
v 0.465778 -5.308961 -21.018230
v 0.922559 -5.253298 -21.018585
v 1.373307 -5.191504 -21.023188
v 1.823742 -5.135539 -21.027924
v 2.279877 -5.076774 -21.028614
v 2.742883 -4.992237 -21.024233
v 3.200514 -4.864254 -21.021097
v -0.465872 -5.113412 -21.481777
v -0.919985 -5.059670 -21.481949
v -0.004067 -5.147160 -21.479103
v 0.461307 -5.140886 -21.473766
v 0.923695 -5.091937 -21.470140
v 1.377648 -5.018470 -21.471224
v 1.825816 -4.941786 -21.477684
v 2.278943 -4.871237 -21.480474
v 2.739878 -4.793735 -21.477682
v 3.196827 -4.685614 -21.474924
v -0.466244 -4.901793 -21.933123
v -0.918695 -4.862428 -21.932253
v -0.007162 -4.938854 -21.932272
v 0.458132 -4.951469 -21.927155
v 0.923180 -4.920819 -21.921762
v 1.379406 -4.850253 -21.919744
v 7.654261 -2.616963 2.109996
v 7.673673 -2.754348 2.177977
v 7.626749 -2.901559 2.177977
v 7.531410 -3.002365 2.109996
v 7.424074 -3.018263 2.000000
v 7.345740 -2.943181 1.890004
v 7.326327 -2.805796 1.822023
v 7.373252 -2.658585 1.822023
v 7.468591 -2.557779 1.890004
v 7.575926 -2.541880 2.000000
v 7.726299 -2.802424 1.563531
v 7.755338 -2.946663 1.610698
v 7.689685 -3.080540 1.651189
v 7.554416 -3.152918 1.669538
v 7.401201 -3.136153 1.658736
v 7.288561 -3.036646 1.622910
v 7.259521 -2.892407 1.575742
v 7.325175 -2.758530 1.535251
v 7.460443 -2.686152 1.516902
v 7.613659 -2.702918 1.527704
v 7.747077 -2.919925 1.168088
v 7.776377 -3.065657 1.210239
v 7.711109 -3.201745 1.243299
v 7.576203 -3.276209 1.254642
v 7.423190 -3.260605 1.239933
v 7.310515 -3.160894 1.204793
v 7.281216 -3.015162 1.162642
v 7.346483 -2.879074 1.129582
v 7.481389 -2.804611 1.118240
v 7.634402 -2.820215 1.132948
v 7.780113 -3.020597 0.771970
v 7.809817 -3.167575 0.809228
v 7.745136 -3.305470 0.835191
v 7.610775 -3.381612 0.839944
v 7.458056 -3.366916 0.821671
v 7.345313 -3.266996 0.787351
v 7.315609 -3.120018 0.750094
v 7.380291 -2.982123 0.724130
v 7.514652 -2.905982 0.719377
v 7.667370 -2.920678 0.737651
v 7.824110 -3.105401 0.375075
v 7.854335 -3.253395 0.407589
v 7.790392 -3.392727 0.426845
v 7.656703 -3.470176 0.425489
v 7.504334 -3.456161 0.404039
v 7.391484 -3.356034 0.370687
v 7.361259 -3.208040 0.338174
v 7.425202 -3.068708 0.318917
v 7.558890 -2.991259 0.320273
v 7.711259 -3.005274 0.341724
v 7.877764 -3.175241 -0.022678
v 7.908603 -3.324039 0.005267
v 7.845500 -3.464475 0.018253
v 7.712559 -3.542907 0.011318
v 7.560560 -3.529377 -0.012888
v 7.447560 -3.429053 -0.045119
v 7.416721 -3.280254 -0.073064
v 7.479824 -3.139818 -0.086050
v 7.612765 -3.061386 -0.079115
v 7.764764 -3.074916 -0.054909
v 7.939772 -3.230999 -0.421351
v 7.971285 -3.380411 -0.397772
v 7.909080 -3.521661 -0.390582
v 7.776914 -3.600797 -0.402527
v 7.625272 -3.587591 -0.429044
v 7.512075 -3.487088 -0.460006
v 7.480562 -3.337677 -0.483584
v 7.542768 -3.196426 -0.490775
v 7.674933 -3.117291 -0.478829
v 7.826576 -3.130496 -0.452312
v 8.008818 -3.273568 -0.820990
v 8.041042 -3.423423 -0.801549
v 7.979745 -3.565239 -0.799643
v 7.848338 -3.644848 -0.816001
v 7.697014 -3.631841 -0.844375
v 7.583576 -3.531187 -0.873926
v 7.551351 -3.381333 -0.893367
v 7.612648 -3.239516 -0.895272
v 7.744055 -3.159908 -0.878914
v 7.895379 -3.172915 -0.850541
v 8.083577 -3.303879 -1.221632
v 8.116523 -3.454031 -1.206072
v 8.056107 -3.596209 -1.208909
v 7.925404 -3.676107 -1.229060
v 7.774340 -3.663207 -1.258828
v 7.660615 -3.562436 -1.286843
v 7.627670 -3.412284 -1.302403
v 7.688087 -3.270106 -1.299566
v 7.818789 -3.190208 -1.279415
v 7.969853 -3.203109 -1.249647
v 8.162717 -3.322925 -1.623308
v 8.196367 -3.473249 -1.611341
v 8.136768 -3.615628 -1.618349
v 8.006685 -3.695678 -1.641655
v 7.855804 -3.682823 -1.672356
v 7.741757 -3.581972 -1.698726
v 7.708107 -3.431648 -1.710693
v 7.767705 -3.289270 -1.703685
v 7.897789 -3.209219 -1.680380
v 8.048670 -3.222075 -1.649678
v 8.244892 -3.331784 -2.026044
v 8.279208 -3.482183 -2.017351
v 8.220334 -3.624643 -2.027927
v 8.090759 -3.704750 -2.053732
v 7.939974 -3.691905 -2.084909
v 7.825576 -3.591015 -2.109550
v 7.791261 -3.440617 -2.118243
v 7.850134 -3.298157 -2.107667
v 7.979710 -3.218050 -2.081862
v 8.130494 -3.230894 -2.050685
v 8.328750 -3.331641 -2.429869
v 8.363669 -3.482041 -2.424094
v 8.305402 -3.624503 -2.437602
v 8.176204 -3.704611 -2.465233
v 8.025424 -3.691767 -2.496432
v 7.910656 -3.590875 -2.519284
v 7.875737 -3.440475 -2.525058
v 7.934004 -3.298014 -2.511550
v 8.063202 -3.217906 -2.483920
v 8.213982 -3.230751 -2.452720
v 8.412927 -3.323808 -2.834816
v 8.448368 -3.474162 -2.831564
v 8.390568 -3.616582 -2.847331
v 8.261604 -3.696669 -2.876094
v 8.110737 -3.683832 -2.906868
v 7.995591 -3.582975 -2.927896
v 7.960150 -3.432622 -2.931148
v 8.017950 -3.290202 -2.915381
v 8.146914 -3.210115 -2.886618
v 8.297781 -3.222951 -2.855845
v 8.496047 -3.309737 -3.240923
v 8.531913 -3.460021 -3.239755
v 8.474428 -3.602388 -3.257067
v 8.345550 -3.682462 -3.286245
v 8.194504 -3.669654 -3.316147
v 8.078985 -3.568859 -3.335348
v 8.043119 -3.418575 -3.336516
v 8.100604 -3.276207 -3.319205
v 8.229483 -3.196134 -3.290025
v 8.380528 -3.208942 -3.260125
v 8.576725 -3.291033 -3.648237
v 8.612907 -3.441245 -3.648666
v 8.555577 -3.583578 -3.666761
v 8.426633 -3.663666 -3.695610
v 8.275327 -3.650918 -3.724194
v 8.159454 -3.550202 -3.741594
v 8.123273 -3.399991 -3.741165
v 8.180603 -3.257658 -3.723070
v 8.309546 -3.177570 -3.694221
v 8.460853 -3.190318 -3.665637
v 8.653567 -3.269462 -4.056810
v 8.689947 -3.419619 -4.058300
v 8.632610 -3.561954 -4.076365
v 8.503459 -3.642099 -4.104105
v 8.351824 -3.629441 -4.130925
v 8.235623 -3.528817 -4.146580
v 8.199244 -3.378659 -4.145090
v 8.256580 -3.236325 -4.127025
v 8.385732 -3.156180 -4.099284
v 8.537367 -3.168837 -4.072464
v 8.725160 -3.246953 -4.466704
v 8.761622 -3.397084 -4.468665
v 8.704129 -3.539467 -4.485832
v 8.574644 -3.619716 -4.511647
v 8.422623 -3.607177 -4.536251
v 8.306134 -3.506641 -4.550245
v 8.269672 -3.356510 -4.548284
v 8.327165 -3.214127 -4.531117
v 8.456651 -3.133879 -4.505301
v 8.608671 -3.146417 -4.480698
v 8.790079 -3.225590 -4.877982
v 8.826515 -3.375730 -4.879774
v 8.768737 -3.518205 -4.895117
v 8.638814 -3.598594 -4.918153
v 8.486374 -3.586191 -4.940081
v 8.369641 -3.485734 -4.952526
v 8.333206 -3.335594 -4.950735
v 8.390985 -3.193118 -4.935391
v 8.520907 -3.112730 -4.912355
v 8.673347 -3.125132 -4.890428
v 8.846883 -3.207594 -5.290706
v 8.883202 -3.357771 -5.291642
v 8.825041 -3.500364 -5.304187
v 8.694615 -3.580908 -5.323549
v 8.541744 -3.568638 -5.342332
v 8.424819 -3.468240 -5.353362
v 8.388500 -3.318063 -5.352426
v 8.446661 -3.175471 -5.339881
v 8.577086 -3.094927 -5.320519
v 8.729958 -3.107197 -5.301735
v 8.894106 -3.195292 -5.704920
v 8.930246 -3.345513 -5.704283
v 8.871655 -3.488215 -5.713016
v 8.740709 -3.568888 -5.727783
v 8.587429 -3.556721 -5.742944
v 8.470360 -3.456359 -5.752707
v 8.434219 -3.306138 -5.753344
v 8.492812 -3.163437 -5.744611
v 8.623756 -3.082763 -5.729844
v 8.777038 -3.094931 -5.714683
v 8.930265 -3.191073 -6.120644
v 8.966208 -3.341314 -6.117706
v 8.907199 -3.484057 -6.121601
v 8.775778 -3.564780 -6.130839
v 8.622144 -3.552648 -6.141894
v 8.504979 -3.452296 -6.150543
v 8.469037 -3.302055 -6.153481
v 8.528047 -3.159312 -6.149586
v 8.659467 -3.078589 -6.140347
v 8.813101 -3.090721 -6.129292
v 8.953856 -3.197315 -6.537850
v 8.989632 -3.347507 -6.531905
v 8.930297 -3.490155 -6.529959
v 8.798518 -3.570773 -6.532753
v 8.644628 -3.558567 -6.539223
v 8.527410 -3.458199 -6.546895
v 8.491634 -3.308007 -6.552840
v 8.550969 -3.165359 -6.554787
v 8.682748 -3.084741 -6.551992
v 8.836638 -3.096947 -6.545523
v 8.963371 -3.216440 -6.958303
v 8.999060 -3.366413 -6.947932
v 8.939570 -3.508665 -6.938028
v 8.807627 -3.588863 -6.932374
v 8.653625 -3.576372 -6.933127
v 8.536390 -3.475965 -6.940003
v 8.500702 -3.325992 -6.950373
v 8.560191 -3.183740 -6.960277
v 8.692136 -3.103542 -6.965932
v 8.846136 -3.116033 -6.965178
v 8.952988 -3.256240 -7.383696
v 8.988855 -3.405579 -7.366830
v 8.929673 -3.546746 -7.345802
v 8.798047 -3.625821 -7.328643
v 8.644252 -3.612600 -7.321908
v 8.527035 -3.512132 -7.328168
v 8.491167 -3.362793 -7.345034
v 8.550349 -3.221627 -7.366062
v 8.681976 -3.142552 -7.383222
v 8.835771 -3.155773 -7.389956
v 8.916625 -3.324035 -7.810087
v 8.953064 -3.472306 -7.786409
v 8.894862 -3.611642 -7.753681
v 8.764251 -3.688819 -7.724401
v 8.611118 -3.674359 -7.709755
v 8.493958 -3.573785 -7.715336
v 8.457520 -3.425513 -7.739014
v 8.515721 -3.286178 -7.771742
v 8.646334 -3.209001 -7.801023
v 8.799465 -3.223461 -7.815668
v 8.856594 -3.415653 -8.233591
v 8.893790 -3.562770 -8.204504
v 8.836952 -3.700026 -8.162044
v 8.707788 -3.774996 -8.122428
v 8.555637 -3.759042 -8.100789
v 8.438613 -3.658260 -8.105392
v 8.401417 -3.511143 -8.134480
v 8.458255 -3.373887 -8.176940
v 8.587419 -3.298917 -8.216556
v 8.739570 -3.314871 -8.238194
v 8.775251 -3.526686 -8.654222
v 8.813210 -3.672765 -8.621161
v 8.757858 -3.807998 -8.570952
v 8.630337 -3.880732 -8.522777
v 8.479355 -3.863184 -8.495033
v 8.362584 -3.762058 -8.498320
v 8.324625 -3.615979 -8.531381
v 8.379978 -3.480746 -8.581589
v 8.507499 -3.408012 -8.629766
v 8.658481 -3.425560 -8.657509
v 8.674866 -3.652683 -9.072223
v 8.713455 -3.797973 -9.036521
v 8.659514 -3.931439 -8.980395
v 8.533648 -4.002102 -8.925284
v 8.383931 -3.982971 -8.892239
v 8.267553 -3.881353 -8.893880
v 8.228965 -3.736063 -8.929582
v 8.282905 -3.602597 -8.985706
v 8.408772 -3.531934 -9.040817
v 8.558488 -3.551065 -9.073864
v 8.557609 -3.789339 -9.487897
v 8.596606 -3.934152 -9.450737
v 8.543873 -4.066216 -9.390311
v 8.419549 -4.135086 -9.329703
v 8.271122 -4.114455 -9.292061
v 8.155288 -4.012205 -9.291763
v 8.116290 -3.867391 -9.328924
v 8.169024 -3.735327 -9.389349
v 8.293347 -3.666458 -9.449957
v 8.441774 -3.687088 -9.487600
v 8.425584 -3.932610 -9.901552
v 8.464723 -4.077272 -9.863949
v 8.412910 -4.208337 -9.800624
v 8.289935 -4.275745 -9.735766
v 8.142773 -4.253747 -9.694149
v 8.027632 -4.150745 -9.691669
v 7.988493 -4.006083 -9.729272
v 8.040306 -3.875018 -9.792597
v 8.163280 -3.807610 -9.857455
v 8.310442 -3.829608 -9.899073
v 8.280842 -4.078794 -10.313456
v 8.319835 -4.223604 -10.276272
v 8.268617 -4.354071 -10.211248
v 8.146751 -4.420361 -10.143224
v 8.000788 -4.397154 -10.098181
v 7.886478 -4.293314 -10.093324
v 7.847486 -4.148505 -10.130508
v 7.898704 -4.018038 -10.195532
v 8.020570 -3.951748 -10.263556
v 8.166533 -3.974955 -10.308599
v 8.125403 -4.224564 -10.723825
v 8.163962 -4.369779 -10.687789
v 8.112994 -4.500011 -10.622104
v 7.991967 -4.565517 -10.551860
v 7.847108 -4.541276 -10.503888
v 7.733750 -4.436545 -10.496512
v 7.695191 -4.291330 -10.532550
v 7.746159 -4.161098 -10.598235
v 7.867188 -4.095592 -10.668479
v 8.012046 -4.119833 -10.716450
v 7.961268 -4.366979 -11.132832
v 7.999121 -4.512805 -11.098559
v 7.948057 -4.643121 -11.033114
v 7.827579 -4.708150 -10.961494
v 7.683708 -4.683053 -10.911057
v 7.571395 -4.577417 -10.901067
v 7.533542 -4.431591 -10.935340
v 7.584607 -4.301275 -11.000785
v 7.705084 -4.236246 -11.072404
v 7.848956 -4.261343 -11.122842
v 7.790420 -4.503480 -11.540597
v 7.827316 -4.650070 -11.508613
v 7.775818 -4.780732 -11.444206
v 7.655595 -4.845558 -11.371979
v 7.512569 -4.819787 -11.319516
v 7.401371 -4.713262 -11.306860
v 7.364474 -4.566672 -11.338844
v 7.415973 -4.436009 -11.403251
v 7.536195 -4.371183 -11.475479
v 7.679221 -4.396955 -11.527941
v 7.614838 -4.631872 -11.947207
v 7.650555 -4.779324 -11.917965
v 7.598299 -4.910540 -11.855318
v 7.478032 -4.975399 -11.783194
v 7.335690 -4.949127 -11.729143
v 7.225644 -4.841760 -11.713810
v 7.189927 -4.694308 -11.743052
v 7.242183 -4.563093 -11.805699
v 7.362451 -4.498234 -11.877824
v 7.504793 -4.524505 -11.931874
v 7.436496 -4.750295 -12.352715
v 7.470838 -4.898659 -12.326607
v 7.417520 -5.030580 -12.266381
v 7.296907 -5.095667 -12.195044
v 7.155070 -5.069061 -12.139841
v 7.046185 -4.960923 -12.121861
v 7.011844 -4.812560 -12.147970
v 7.065162 -4.680639 -12.208195
v 7.185774 -4.615551 -12.279532
v 7.327611 -4.642158 -12.334735
v 7.257358 -4.857196 -12.757148
v 7.290164 -5.006476 -12.734517
v 7.235500 -5.139199 -12.677338
v 7.114247 -5.204668 -12.607450
v 6.972719 -5.177878 -12.551549
v 6.864974 -5.069061 -12.530987
v 6.832169 -4.919780 -12.553617
v 6.886832 -4.787058 -12.610798
v 7.008086 -4.721588 -12.680684
v 7.149614 -4.748379 -12.736586
v 7.079387 -4.951294 -13.160507
v 7.110527 -5.101454 -13.141662
v 7.054260 -5.235024 -13.088128
v 6.932077 -5.300985 -13.020353
v 6.790648 -5.274142 -12.964227
v 6.683995 -5.164748 -12.941186
v 6.652854 -5.014588 -12.960032
v 6.709121 -4.881019 -13.013565
v 6.831305 -4.815057 -13.081341
v 6.972733 -4.841900 -13.137467
v 6.904534 -5.031552 -13.562783
v 6.933915 -5.182519 -13.547997
v 6.875814 -5.316931 -13.498693
v 6.752425 -5.383445 -13.433703
v 6.610876 -5.356657 -13.377851
v 6.505237 -5.246798 -13.352471
v 6.475856 -5.095831 -13.367258
v 6.533957 -4.961420 -13.416561
v 6.657346 -4.894906 -13.481551
v 6.798895 -4.921694 -13.537404
v 6.734745 -5.097144 -13.963941
v 6.762307 -5.248813 -13.953465
v 6.702177 -5.384008 -13.908974
v 6.577321 -5.451088 -13.847458
v 6.435430 -5.424432 -13.792417
v 6.330703 -5.314221 -13.764874
v 6.303141 -5.162552 -13.775349
v 6.363272 -5.027358 -13.819840
v 6.488128 -4.960277 -13.881355
v 6.630018 -4.986933 -13.936398
v 6.571950 -5.147419 -14.363937
v 6.597670 -5.299657 -14.358004
v 6.535348 -5.435527 -14.318911
v 6.408792 -5.503131 -14.261587
v 6.266341 -5.476648 -14.207931
v 6.162405 -5.366193 -14.178435
v 6.136685 -5.213956 -14.184369
v 6.199007 -5.078086 -14.223462
v 6.325563 -5.010481 -14.280786
v 6.468014 -5.036964 -14.334442
v 6.418065 -5.181877 -14.762722
v 6.441955 -5.334522 -14.761548
v 6.377329 -5.470907 -14.728446
v 6.248873 -5.538936 -14.676064
v 6.105652 -5.512625 -14.624408
v 6.002372 -5.402023 -14.593209
v 5.978482 -5.249377 -14.594385
v 6.043108 -5.112993 -14.627485
v 6.171564 -5.044963 -14.679867
v 6.314785 -5.071275 -14.731524
v 6.274985 -5.200132 -15.160243
v 6.297097 -5.353004 -15.164028
v 6.230104 -5.489688 -15.137531
v 6.099596 -5.557977 -15.090871
v 5.955422 -5.531787 -15.041871
v 5.852653 -5.421120 -15.009250
v 5.830541 -5.268250 -15.005465
v 5.897534 -5.131565 -15.031962
v 6.028042 -5.063275 -15.078622
v 6.172215 -5.089466 -15.127622
v 6.144584 -5.201886 -15.556447
v 6.165007 -5.354777 -15.565385
v 6.095647 -5.491491 -15.546110
v 5.962996 -5.559806 -15.505987
v 5.817725 -5.533629 -15.460340
v 5.715320 -5.422958 -15.426604
v 5.694897 -5.270066 -15.417666
v 5.764257 -5.133353 -15.436941
v 5.896907 -5.065038 -15.477064
v 6.042179 -5.091215 -15.522713
v 6.028705 -5.186889 -15.951298
v 6.047570 -5.339576 -15.965570
v 5.975916 -5.475987 -15.954149
v 5.841113 -5.544020 -15.921397
v 5.694651 -5.517686 -15.879827
v 5.592473 -5.407045 -15.845312
v 5.573608 -5.254358 -15.831039
v 5.645262 -5.117946 -15.842462
v 5.780065 -5.049914 -15.875213
v 5.926527 -5.076248 -15.916784
v 5.929163 -5.154907 -16.344782
v 5.946643 -5.307144 -16.364561
v 5.872856 -5.442863 -16.361622
v 5.735986 -5.510224 -16.337086
v 5.588313 -5.483497 -16.300327
v 5.486242 -5.372891 -16.265387
v 5.468763 -5.220654 -16.245607
v 5.542550 -5.084935 -16.248549
v 5.679420 -5.017574 -16.273083
v 5.827093 -5.044301 -16.309843
v 5.847744 -5.105676 -16.736931
v 5.864055 -5.257200 -16.762375
v 5.788393 -5.391774 -16.768526
v 5.649657 -5.457996 -16.753033
v 5.500841 -5.430572 -16.721817
v 5.398787 -5.319976 -16.686798
v 5.382476 -5.168452 -16.661354
v 5.458138 -5.033877 -16.655203
v 5.596874 -4.967655 -16.670694
v 5.745689 -4.995080 -16.701912
v 5.786209 -5.038857 -17.127825
v 5.801612 -5.189385 -17.159081
v 5.724441 -5.322305 -17.174889
v 5.584173 -5.386845 -17.169216
v 5.434384 -5.358354 -17.144226
v 5.332290 -5.247714 -17.109465
v 5.316886 -5.097185 -17.078209
v 5.394057 -4.964266 -17.062401
v 5.534326 -4.899725 -17.068073
v 5.684114 -4.928217 -17.093063
v 5.746305 -4.953976 -17.517622
v 5.761107 -5.103209 -17.554811
v 5.682909 -5.233914 -17.580774
v 5.541578 -5.296165 -17.585596
v 5.391098 -5.266184 -17.567434
v 5.288948 -5.155424 -17.533226
v 5.274145 -5.006190 -17.496037
v 5.352344 -4.875485 -17.470074
v 5.493674 -4.813234 -17.465252
v 5.644154 -4.843215 -17.483414
v 5.728017 -4.843046 -17.935234
v 5.742917 -4.992521 -17.971403
v 5.665172 -5.124351 -17.992601
v 5.524477 -5.188183 -17.990728
v 5.374574 -5.159634 -17.966499
v 5.272721 -5.049610 -17.929173
v 5.257821 -4.900135 -17.893003
v 5.335566 -4.768304 -17.871805
v 5.476260 -4.704473 -17.873678
v 5.626163 -4.733022 -17.897907
v 5.630723 -4.752604 -18.414248
v 5.649644 -4.904554 -18.434891
v 5.581529 -5.042313 -18.418901
v 5.452396 -5.113262 -18.372383
v 5.311569 -5.090301 -18.313110
v 5.212840 -4.982200 -18.263718
v 5.193919 -4.830250 -18.243074
v 5.262034 -4.692491 -18.259066
v 5.391167 -4.621542 -18.305582
v 5.531994 -4.644504 -18.364855
v 5.323842 -4.768814 -18.890976
v 5.350727 -4.920801 -18.898046
v 5.303211 -5.058657 -18.846949
v 5.199444 -5.129724 -18.757200
v 5.079061 -5.106859 -18.663084
v 4.988044 -4.998794 -18.600548
v 4.961159 -4.846807 -18.593479
v 5.008675 -4.708951 -18.644575
v 5.112442 -4.637884 -18.734324
v 5.232825 -4.660749 -18.828440
v 4.905399 -4.836764 -19.323034
v 4.934005 -4.988513 -19.328228
v 4.896412 -5.124992 -19.266315
v 4.806980 -5.194072 -19.160948
v 4.699867 -5.169366 -19.052368
v 4.615989 -5.060311 -18.982052
v 4.587383 -4.908563 -18.976858
v 4.624976 -4.772083 -19.038769
v 4.714408 -4.703003 -19.144138
v 4.821521 -4.727710 -19.252718
v 4.437369 -4.906301 -19.734365
v 4.462526 -5.058520 -19.742701
v 4.424711 -5.195030 -19.680992
v 4.338366 -5.263689 -19.572809
v 4.236472 -5.238271 -19.459476
v 4.157949 -5.128486 -19.384279
v 4.132792 -4.976267 -19.375944
v 4.170608 -4.839758 -19.437653
v 4.256953 -4.771099 -19.545835
v 4.358847 -4.796516 -19.659168
v 3.977957 -4.946163 -20.132359
v 3.996582 -5.098886 -20.146559
v 3.950990 -5.235996 -20.091831
v 3.858597 -5.305122 -19.989079
v 3.754693 -5.279860 -19.877550
v 3.678967 -5.169859 -19.799845
v 3.660342 -5.017136 -19.785645
v 3.705934 -4.880025 -19.840372
v 3.798327 -4.810900 -19.943125
v 3.902231 -4.836162 -20.054653
v 3.589252 -4.939794 -20.513262
v 3.599407 -5.092250 -20.536219
v 3.539020 -5.228893 -20.496786
v 3.431157 -5.297531 -20.410025
v 3.317018 -5.271945 -20.309076
v 3.240200 -5.161910 -20.232500
v 3.230045 -5.009454 -20.209543
v 3.290432 -4.872811 -20.248976
v 3.398295 -4.804173 -20.335737
v 3.512434 -4.829759 -20.436686
v 3.331916 -4.885333 -20.860956
v 3.332823 -5.035378 -20.897812
v 3.251704 -5.166619 -20.889538
v 3.119543 -5.228925 -20.839293
v 2.986822 -5.198497 -20.766272
v 2.904236 -5.086959 -20.698364
v 2.903328 -4.936913 -20.661509
v 2.984447 -4.805672 -20.669785
v 3.116608 -4.743366 -20.720028
v 3.249329 -4.773794 -20.793049
v 3.163740 -4.742653 -21.336348
v 3.169115 -4.893975 -21.367100
v 3.109945 -5.031483 -21.328848
v 3.008832 -5.102655 -21.236198
v 2.904396 -5.080304 -21.124546
v 2.836529 -4.972968 -21.036533
v 2.831153 -4.821647 -21.005783
v 2.890323 -4.684138 -21.044035
v 2.991437 -4.612967 -21.136683
v 3.095873 -4.635318 -21.248337
v 1.592408 -4.877805 -21.805164
v 1.603864 -5.029450 -21.832466
v 1.590212 -5.169379 -21.768383
v 1.556668 -5.244143 -21.637396
v 1.516043 -5.225185 -21.489534
v 1.483856 -5.119747 -21.381277
v 1.472400 -4.968102 -21.353975
v 1.486051 -4.828173 -21.418056
v 1.519596 -4.753409 -21.549044
v 1.560221 -4.772367 -21.696907
v 0.000000 -4.813073 -22.219175
v 0.000000 -4.964868 -22.248003
v 0.000000 -5.104618 -22.182102
v -0.000000 -5.178942 -22.046644
v -0.000000 -5.159452 -21.893370
v -0.000000 -5.053592 -21.780825
v -0.000000 -4.901796 -21.751997
v 0.000000 -4.762047 -21.817898
v 0.000000 -4.687722 -21.953354
v 0.000000 -4.707212 -22.106630
v -1.592408 -4.877805 -21.805164
v -1.603864 -5.029450 -21.832466
v -1.590212 -5.169379 -21.768383
v -1.556668 -5.244143 -21.637396
v -1.516043 -5.225185 -21.489534
v -1.483856 -5.119747 -21.381277
v -1.472400 -4.968102 -21.353975
v -1.486051 -4.828173 -21.418056
v -1.519596 -4.753409 -21.549044
v -1.560221 -4.772367 -21.696907
v -3.163740 -4.742653 -21.336348
v -3.169115 -4.893975 -21.367100
v -3.109945 -5.031483 -21.328848
v -3.008832 -5.102655 -21.236198
v -2.904396 -5.080304 -21.124546
v -2.836529 -4.972968 -21.036533
v -2.831153 -4.821647 -21.005783
v -2.890323 -4.684138 -21.044035
v -2.991437 -4.612967 -21.136683
v -3.095873 -4.635318 -21.248337
v -3.331916 -4.885333 -20.860956
v -3.332823 -5.035378 -20.897812
v -3.251704 -5.166619 -20.889538
v -3.119543 -5.228925 -20.839293
v -2.986822 -5.198498 -20.766272
v -2.904236 -5.086959 -20.698364
v -2.903328 -4.936913 -20.661509
v -2.984447 -4.805672 -20.669785
v -3.116608 -4.743366 -20.720028
v -3.249329 -4.773794 -20.793049
v -3.589252 -4.939794 -20.513262
v -3.599407 -5.092250 -20.536219
v -3.539020 -5.228893 -20.496786
v -3.431157 -5.297531 -20.410025
v -3.317018 -5.271945 -20.309076
v -3.240200 -5.161910 -20.232500
v -3.230045 -5.009454 -20.209543
v -3.290432 -4.872811 -20.248976
v -3.398295 -4.804173 -20.335737
v -3.512434 -4.829759 -20.436686
v -3.977957 -4.946163 -20.132359
v -3.996582 -5.098886 -20.146559
v -3.950990 -5.235996 -20.091831
v -3.858597 -5.305122 -19.989079
v -3.754693 -5.279860 -19.877550
v -3.678967 -5.169859 -19.799845
v -3.660342 -5.017136 -19.785645
v -3.705934 -4.880025 -19.840372
v -3.798327 -4.810900 -19.943125
v -3.902231 -4.836162 -20.054653
v -4.437368 -4.906301 -19.734365
v -4.462526 -5.058520 -19.742701
v -4.424711 -5.195030 -19.680992
v -4.338366 -5.263689 -19.572809
v -4.236472 -5.238271 -19.459476
v -4.157949 -5.128486 -19.384279
v -4.132792 -4.976267 -19.375944
v -4.170608 -4.839758 -19.437653
v -4.256953 -4.771099 -19.545835
v -4.358847 -4.796516 -19.659168
v -4.905399 -4.836764 -19.323034
v -4.934005 -4.988513 -19.328228
v -4.896412 -5.124992 -19.266315
v -4.806980 -5.194072 -19.160948
v -4.699868 -5.169366 -19.052368
v -4.615989 -5.060311 -18.982052
v -4.587383 -4.908563 -18.976858
v -4.624976 -4.772083 -19.038769
v -4.714408 -4.703003 -19.144138
v -4.821521 -4.727710 -19.252718
v -5.323842 -4.768814 -18.890976
v -5.350727 -4.920801 -18.898046
v -5.303211 -5.058656 -18.846949
v -5.199444 -5.129724 -18.757200
v -5.079061 -5.106859 -18.663084
v -4.988044 -4.998794 -18.600548
v -4.961159 -4.846807 -18.593479
v -5.008675 -4.708951 -18.644575
v -5.112442 -4.637884 -18.734324
v -5.232825 -4.660749 -18.828440
v -5.630723 -4.752604 -18.414248
v -5.649644 -4.904554 -18.434891
v -5.581530 -5.042313 -18.418901
v -5.452396 -5.113262 -18.372383
v -5.311569 -5.090301 -18.313110
v -5.212840 -4.982200 -18.263718
v -5.193919 -4.830250 -18.243074
v -5.262034 -4.692491 -18.259066
v -5.391167 -4.621542 -18.305582
v -5.531994 -4.644504 -18.364855
v -5.728017 -4.843046 -17.935234
v -5.742917 -4.992520 -17.971403
v -5.665172 -5.124351 -17.992601
v -5.524477 -5.188183 -17.990728
v -5.374574 -5.159635 -17.966499
v -5.272721 -5.049610 -17.929173
v -5.257821 -4.900136 -17.893003
v -5.335566 -4.768305 -17.871805
v -5.476260 -4.704473 -17.873678
v -5.626163 -4.733022 -17.897907
v -5.746305 -4.953976 -17.517622
v -5.761108 -5.103209 -17.554811
v -5.682909 -5.233914 -17.580774
v -5.541578 -5.296165 -17.585596
v -5.391098 -5.266184 -17.567434
v -5.288948 -5.155424 -17.533226
v -5.274145 -5.006190 -17.496037
v -5.352343 -4.875485 -17.470074
v -5.493674 -4.813234 -17.465252
v -5.644154 -4.843215 -17.483414
v -5.786208 -5.038857 -17.127825
v -5.801612 -5.189385 -17.159081
v -5.724442 -5.322305 -17.174889
v -5.584173 -5.386845 -17.169214
v -5.434384 -5.358354 -17.144226
v -5.332290 -5.247714 -17.109465
v -5.316886 -5.097186 -17.078209
v -5.394057 -4.964266 -17.062401
v -5.534326 -4.899725 -17.068075
v -5.684114 -4.928217 -17.093063
v -5.847744 -5.105676 -16.736931
v -5.864055 -5.257200 -16.762375
v -5.788393 -5.391774 -16.768526
v -5.649657 -5.457996 -16.753033
v -5.500841 -5.430572 -16.721815
v -5.398787 -5.319976 -16.686798
v -5.382476 -5.168452 -16.661354
v -5.458138 -5.033877 -16.655203
v -5.596874 -4.967655 -16.670694
v -5.745689 -4.995080 -16.701912
v -5.929163 -5.154906 -16.344782
v -5.946643 -5.307144 -16.364561
v -5.872856 -5.442863 -16.361622
v -5.735986 -5.510224 -16.337086
v -5.588313 -5.483497 -16.300327
v -5.486242 -5.372891 -16.265387
v -5.468763 -5.220654 -16.245607
v -5.542550 -5.084935 -16.248549
v -5.679420 -5.017574 -16.273083
v -5.827093 -5.044301 -16.309843
v -6.028705 -5.186889 -15.951298
v -6.047570 -5.339576 -15.965570
v -5.975916 -5.475987 -15.954149
v -5.841113 -5.544020 -15.921397
v -5.694651 -5.517686 -15.879825
v -5.592473 -5.407045 -15.845312
v -5.573608 -5.254358 -15.831039
v -5.645262 -5.117946 -15.842462
v -5.780065 -5.049914 -15.875213
v -5.926527 -5.076248 -15.916785
v -6.144584 -5.201886 -15.556447
v -6.165007 -5.354777 -15.565385
v -6.095647 -5.491491 -15.546110
v -5.962997 -5.559806 -15.505987
v -5.817725 -5.533629 -15.460340
v -5.715320 -5.422958 -15.426604
v -5.694897 -5.270066 -15.417666
v -5.764257 -5.133353 -15.436941
v -5.896906 -5.065038 -15.477064
v -6.042179 -5.091215 -15.522713
v -6.274985 -5.200132 -15.160243
v -6.297097 -5.353004 -15.164028
v -6.230104 -5.489688 -15.137531
v -6.099596 -5.557977 -15.090871
v -5.955422 -5.531787 -15.041871
v -5.852653 -5.421121 -15.009250
v -5.830541 -5.268250 -15.005465
v -5.897534 -5.131565 -15.031962
v -6.028042 -5.063275 -15.078622
v -6.172215 -5.089466 -15.127622
v -6.418065 -5.181876 -14.762722
v -6.441955 -5.334522 -14.761548
v -6.377329 -5.470907 -14.728446
v -6.248873 -5.538936 -14.676064
v -6.105652 -5.512625 -14.624408
v -6.002372 -5.402023 -14.593209
v -5.978482 -5.249378 -14.594383
v -6.043108 -5.112993 -14.627485
v -6.171564 -5.044963 -14.679867
v -6.314785 -5.071275 -14.731524
v -6.571950 -5.147419 -14.363937
v -6.597670 -5.299656 -14.358005
v -6.535348 -5.435527 -14.318911
v -6.408792 -5.503131 -14.261587
v -6.266341 -5.476648 -14.207931
v -6.162405 -5.366193 -14.178435
v -6.136685 -5.213956 -14.184368
v -6.199007 -5.078086 -14.223462
v -6.325563 -5.010481 -14.280786
v -6.468014 -5.036964 -14.334442
v -6.734745 -5.097144 -13.963941
v -6.762307 -5.248813 -13.953465
v -6.702177 -5.384008 -13.908974
v -6.577321 -5.451088 -13.847458
v -6.435430 -5.424432 -13.792417
v -6.330703 -5.314221 -13.764874
v -6.303141 -5.162552 -13.775349
v -6.363272 -5.027358 -13.819840
v -6.488128 -4.960277 -13.881355
v -6.630018 -4.986933 -13.936398
v -6.904534 -5.031552 -13.562783
v -6.933915 -5.182519 -13.547997
v -6.875814 -5.316931 -13.498693
v -6.752425 -5.383445 -13.433703
v -6.610877 -5.356657 -13.377851
v -6.505237 -5.246798 -13.352471
v -6.475856 -5.095831 -13.367258
v -6.533957 -4.961420 -13.416561
v -6.657346 -4.894906 -13.481551
v -6.798894 -4.921694 -13.537404
v -7.079387 -4.951294 -13.160509
v -7.110527 -5.101454 -13.141662
v -7.054260 -5.235024 -13.088128
v -6.932077 -5.300985 -13.020353
v -6.790648 -5.274142 -12.964227
v -6.683995 -5.164748 -12.941185
v -6.652854 -5.014588 -12.960032
v -6.709121 -4.881019 -13.013565
v -6.831305 -4.815057 -13.081341
v -6.972733 -4.841900 -13.137467
v -7.257358 -4.857196 -12.757148
v -7.290164 -5.006476 -12.734517
v -7.235500 -5.139198 -12.677338
v -7.114247 -5.204668 -12.607450
v -6.972719 -5.177878 -12.551549
v -6.864974 -5.069061 -12.530987
v -6.832169 -4.919780 -12.553617
v -6.886832 -4.787058 -12.610798
v -7.008085 -4.721588 -12.680684
v -7.149614 -4.748378 -12.736586
v -7.436496 -4.750295 -12.352715
v -7.470838 -4.898659 -12.326607
v -7.417520 -5.030580 -12.266381
v -7.296907 -5.095667 -12.195044
v -7.155070 -5.069061 -12.139841
v -7.046185 -4.960923 -12.121861
v -7.011844 -4.812560 -12.147970
v -7.065162 -4.680639 -12.208195
v -7.185774 -4.615551 -12.279532
v -7.327611 -4.642158 -12.334735
v -7.614838 -4.631872 -11.947207
v -7.650555 -4.779324 -11.917965
v -7.598300 -4.910540 -11.855318
v -7.478032 -4.975399 -11.783194
v -7.335690 -4.949127 -11.729143
v -7.225644 -4.841760 -11.713810
v -7.189927 -4.694308 -11.743052
v -7.242183 -4.563093 -11.805699
v -7.362451 -4.498234 -11.877824
v -7.504793 -4.524505 -11.931874
v -7.790420 -4.503480 -11.540597
v -7.827316 -4.650070 -11.508613
v -7.775818 -4.780732 -11.444207
v -7.655595 -4.845558 -11.371979
v -7.512569 -4.819787 -11.319516
v -7.401371 -4.713262 -11.306860
v -7.364474 -4.566672 -11.338844
v -7.415973 -4.436009 -11.403250
v -7.536195 -4.371183 -11.475479
v -7.679221 -4.396955 -11.527941
v -7.961268 -4.366979 -11.132832
v -7.999121 -4.512805 -11.098559
v -7.948057 -4.643121 -11.033114
v -7.827579 -4.708150 -10.961494
v -7.683708 -4.683053 -10.911057
v -7.571395 -4.577417 -10.901067
v -7.533542 -4.431591 -10.935339
v -7.584607 -4.301275 -11.000785
v -7.705084 -4.236246 -11.072404
v -7.848956 -4.261343 -11.122842
v -8.125403 -4.224564 -10.723825
v -8.163962 -4.369779 -10.687789
v -8.112994 -4.500011 -10.622104
v -7.991967 -4.565517 -10.551860
v -7.847108 -4.541276 -10.503888
v -7.733750 -4.436545 -10.496512
v -7.695191 -4.291330 -10.532550
v -7.746159 -4.161098 -10.598235
v -7.867188 -4.095592 -10.668479
v -8.012046 -4.119833 -10.716450
v -8.280842 -4.078794 -10.313456
v -8.319835 -4.223604 -10.276272
v -8.268617 -4.354071 -10.211248
v -8.146751 -4.420361 -10.143224
v -8.000788 -4.397154 -10.098181
v -7.886478 -4.293314 -10.093324
v -7.847486 -4.148505 -10.130508
v -7.898704 -4.018038 -10.195531
v -8.020570 -3.951748 -10.263556
v -8.166533 -3.974955 -10.308599
v -8.425584 -3.932610 -9.901552
v -8.464723 -4.077272 -9.863949
v -8.412910 -4.208337 -9.800624
v -8.289935 -4.275745 -9.735766
v -8.142773 -4.253747 -9.694149
v -8.027632 -4.150745 -9.691669
v -7.988493 -4.006083 -9.729272
v -8.040306 -3.875018 -9.792597
v -8.163280 -3.807610 -9.857455
v -8.310442 -3.829608 -9.899073
v -8.557609 -3.789339 -9.487897
v -8.596606 -3.934152 -9.450737
v -8.543873 -4.066216 -9.390311
v -8.419549 -4.135086 -9.329703
v -8.271122 -4.114455 -9.292061
v -8.155288 -4.012205 -9.291763
v -8.116290 -3.867391 -9.328924
v -8.169024 -3.735327 -9.389349
v -8.293347 -3.666458 -9.449957
v -8.441774 -3.687088 -9.487600
v -8.674866 -3.652683 -9.072223
v -8.713455 -3.797973 -9.036521
v -8.659514 -3.931439 -8.980395
v -8.533648 -4.002102 -8.925284
v -8.383931 -3.982971 -8.892239
v -8.267553 -3.881353 -8.893880
v -8.228965 -3.736063 -8.929582
v -8.282905 -3.602597 -8.985706
v -8.408772 -3.531934 -9.040817
v -8.558488 -3.551065 -9.073864
v -8.775251 -3.526686 -8.654222
v -8.813210 -3.672765 -8.621161
v -8.757858 -3.807998 -8.570953
v -8.630337 -3.880732 -8.522777
v -8.479355 -3.863184 -8.495033
v -8.362584 -3.762058 -8.498320
v -8.324625 -3.615979 -8.531381
v -8.379978 -3.480746 -8.581589
v -8.507499 -3.408012 -8.629766
v -8.658481 -3.425560 -8.657509
v -8.856593 -3.415653 -8.233591
v -8.893790 -3.562770 -8.204504
v -8.836952 -3.700026 -8.162044
v -8.707788 -3.774996 -8.122428
v -8.555637 -3.759042 -8.100789
v -8.438613 -3.658260 -8.105392
v -8.401417 -3.511143 -8.134480
v -8.458255 -3.373887 -8.176939
v -8.587419 -3.298917 -8.216556
v -8.739570 -3.314871 -8.238194
v -8.916625 -3.324035 -7.810087
v -8.953064 -3.472306 -7.786409
v -8.894862 -3.611642 -7.753681
v -8.764251 -3.688819 -7.724401
v -8.611118 -3.674359 -7.709755
v -8.493958 -3.573785 -7.715336
v -8.457520 -3.425513 -7.739014
v -8.515721 -3.286178 -7.771742
v -8.646334 -3.209001 -7.801022
v -8.799465 -3.223461 -7.815668
v -8.952988 -3.256240 -7.383696
v -8.988855 -3.405579 -7.366831
v -8.929673 -3.546746 -7.345802
v -8.798047 -3.625821 -7.328643
v -8.644252 -3.612600 -7.321908
v -8.527036 -3.512132 -7.328168
v -8.491167 -3.362794 -7.345034
v -8.550349 -3.221627 -7.366062
v -8.681976 -3.142552 -7.383222
v -8.835771 -3.155773 -7.389956
v -8.963371 -3.216440 -6.958303
v -8.999060 -3.366413 -6.947932
v -8.939570 -3.508665 -6.938028
v -8.807627 -3.588863 -6.932374
v -8.653625 -3.576372 -6.933127
v -8.536390 -3.475965 -6.940003
v -8.500702 -3.325992 -6.950373
v -8.560191 -3.183740 -6.960277
v -8.692135 -3.103542 -6.965932
v -8.846136 -3.116033 -6.965178
v -8.953856 -3.197315 -6.537850
v -8.989632 -3.347507 -6.531905
v -8.930297 -3.490155 -6.529959
v -8.798518 -3.570773 -6.532753
v -8.644628 -3.558567 -6.539223
v -8.527410 -3.458199 -6.546895
v -8.491634 -3.308007 -6.552840
v -8.550969 -3.165359 -6.554787
v -8.682748 -3.084741 -6.551992
v -8.836638 -3.096947 -6.545523
v -8.930265 -3.191073 -6.120645
v -8.966208 -3.341314 -6.117706
v -8.907199 -3.484057 -6.121601
v -8.775778 -3.564780 -6.130839
v -8.622144 -3.552648 -6.141894
v -8.504979 -3.452296 -6.150542
v -8.469037 -3.302055 -6.153481
v -8.528047 -3.159312 -6.149586
v -8.659467 -3.078589 -6.140347
v -8.813101 -3.090721 -6.129292
v -8.894106 -3.195292 -5.704920
v -8.930246 -3.345514 -5.704283
v -8.871655 -3.488215 -5.713016
v -8.740709 -3.568888 -5.727783
v -8.587429 -3.556721 -5.742944
v -8.470360 -3.456359 -5.752707
v -8.434219 -3.306138 -5.753344
v -8.492812 -3.163437 -5.744611
v -8.623756 -3.082763 -5.729844
v -8.777038 -3.094931 -5.714683
v -8.846883 -3.207594 -5.290706
v -8.883202 -3.357771 -5.291642
v -8.825041 -3.500364 -5.304187
v -8.694615 -3.580908 -5.323549
v -8.541744 -3.568638 -5.342332
v -8.424819 -3.468240 -5.353362
v -8.388500 -3.318063 -5.352426
v -8.446661 -3.175471 -5.339880
v -8.577086 -3.094927 -5.320519
v -8.729958 -3.107197 -5.301735
v -8.790079 -3.225590 -4.877982
v -8.826515 -3.375730 -4.879774
v -8.768737 -3.518205 -4.895117
v -8.638814 -3.598594 -4.918153
v -8.486374 -3.586191 -4.940081
v -8.369641 -3.485734 -4.952526
v -8.333206 -3.335593 -4.950735
v -8.390985 -3.193118 -4.935391
v -8.520907 -3.112730 -4.912355
v -8.673347 -3.125132 -4.890428
v -8.725160 -3.246953 -4.466704
v -8.761622 -3.397084 -4.468665
v -8.704129 -3.539467 -4.485832
v -8.574644 -3.619716 -4.511647
v -8.422623 -3.607177 -4.536251
v -8.306134 -3.506641 -4.550245
v -8.269672 -3.356510 -4.548284
v -8.327165 -3.214127 -4.531117
v -8.456651 -3.133879 -4.505301
v -8.608671 -3.146417 -4.480698
v -8.653567 -3.269462 -4.056810
v -8.689947 -3.419619 -4.058300
v -8.632611 -3.561954 -4.076365
v -8.503459 -3.642099 -4.104105
v -8.351824 -3.629441 -4.130925
v -8.235623 -3.528817 -4.146580
v -8.199244 -3.378659 -4.145090
v -8.256579 -3.236325 -4.127025
v -8.385732 -3.156180 -4.099284
v -8.537367 -3.168837 -4.072464
v -8.576725 -3.291033 -3.648237
v -8.612907 -3.441245 -3.648666
v -8.555577 -3.583578 -3.666761
v -8.426633 -3.663666 -3.695610
v -8.275327 -3.650918 -3.724194
v -8.159454 -3.550202 -3.741594
v -8.123273 -3.399991 -3.741164
v -8.180603 -3.257658 -3.723070
v -8.309546 -3.177570 -3.694221
v -8.460853 -3.190318 -3.665637
v -8.496047 -3.309737 -3.240924
v -8.531913 -3.460021 -3.239755
v -8.474428 -3.602388 -3.257067
v -8.345550 -3.682462 -3.286246
v -8.194504 -3.669654 -3.316147
v -8.078985 -3.568859 -3.335348
v -8.043119 -3.418575 -3.336516
v -8.100604 -3.276207 -3.319205
v -8.229483 -3.196134 -3.290025
v -8.380528 -3.208942 -3.260125
v -8.412927 -3.323808 -2.834816
v -8.448368 -3.474162 -2.831564
v -8.390569 -3.616582 -2.847331
v -8.261604 -3.696669 -2.876094
v -8.110737 -3.683832 -2.906868
v -7.995591 -3.582975 -2.927896
v -7.960150 -3.432622 -2.931148
v -8.017949 -3.290202 -2.915381
v -8.146914 -3.210115 -2.886618
v -8.297781 -3.222951 -2.855845
v -8.328750 -3.331641 -2.429869
v -8.363669 -3.482041 -2.424095
v -8.305402 -3.624503 -2.437602
v -8.176204 -3.704611 -2.465233
v -8.025424 -3.691767 -2.496432
v -7.910656 -3.590875 -2.519284
v -7.875737 -3.440475 -2.525058
v -7.934004 -3.298014 -2.511550
v -8.063202 -3.217906 -2.483920
v -8.213982 -3.230751 -2.452720
v -8.244892 -3.331784 -2.026044
v -8.279208 -3.482182 -2.017351
v -8.220334 -3.624643 -2.027927
v -8.090759 -3.704750 -2.053732
v -7.939975 -3.691905 -2.084909
v -7.825576 -3.591015 -2.109550
v -7.791261 -3.440617 -2.118242
v -7.850134 -3.298157 -2.107667
v -7.979710 -3.218050 -2.081862
v -8.130494 -3.230894 -2.050685
v -8.162717 -3.322925 -1.623308
v -8.196367 -3.473249 -1.611341
v -8.136768 -3.615628 -1.618349
v -8.006685 -3.695678 -1.641655
v -7.855804 -3.682823 -1.672356
v -7.741757 -3.581972 -1.698726
v -7.708107 -3.431648 -1.710693
v -7.767705 -3.289270 -1.703685
v -7.897789 -3.209219 -1.680380
v -8.048670 -3.222075 -1.649678
v -8.083577 -3.303879 -1.221632
v -8.116523 -3.454031 -1.206072
v -8.056107 -3.596209 -1.208909
v -7.925404 -3.676107 -1.229060
v -7.774340 -3.663207 -1.258828
v -7.660615 -3.562436 -1.286843
v -7.627670 -3.412284 -1.302403
v -7.688087 -3.270106 -1.299566
v -7.818789 -3.190208 -1.279415
v -7.969853 -3.203108 -1.249647
v -8.008818 -3.273568 -0.820990
v -8.041043 -3.423423 -0.801549
v -7.979745 -3.565239 -0.799643
v -7.848338 -3.644848 -0.816001
v -7.697014 -3.631841 -0.844375
v -7.583576 -3.531187 -0.873926
v -7.551351 -3.381333 -0.893367
v -7.612648 -3.239516 -0.895272
v -7.744055 -3.159908 -0.878914
v -7.895379 -3.172915 -0.850541
v -7.939772 -3.230999 -0.421351
v -7.971285 -3.380410 -0.397772
v -7.909080 -3.521661 -0.390582
v -7.776914 -3.600796 -0.402527
v -7.625272 -3.587591 -0.429044
v -7.512075 -3.487088 -0.460006
v -7.480562 -3.337677 -0.483584
v -7.542768 -3.196426 -0.490774
v -7.674933 -3.117291 -0.478829
v -7.826575 -3.130496 -0.452312
v -7.877764 -3.175241 -0.022678
v -7.908603 -3.324039 0.005267
v -7.845500 -3.464475 0.018253
v -7.712559 -3.542907 0.011318
v -7.560560 -3.529377 -0.012888
v -7.447560 -3.429053 -0.045119
v -7.416721 -3.280254 -0.073064
v -7.479824 -3.139818 -0.086050
v -7.612765 -3.061386 -0.079115
v -7.764764 -3.074916 -0.054909
v -7.824109 -3.105401 0.375075
v -7.854335 -3.253395 0.407589
v -7.790392 -3.392727 0.426845
v -7.656703 -3.470176 0.425489
v -7.504334 -3.456161 0.404039
v -7.391484 -3.356034 0.370687
v -7.361259 -3.208040 0.338174
v -7.425202 -3.068708 0.318917
v -7.558890 -2.991259 0.320273
v -7.711259 -3.005274 0.341724
v -7.780113 -3.020597 0.771970
v -7.809817 -3.167575 0.809228
v -7.745136 -3.305470 0.835191
v -7.610775 -3.381612 0.839944
v -7.458056 -3.366916 0.821671
v -7.345313 -3.266996 0.787351
v -7.315609 -3.120018 0.750094
v -7.380291 -2.982123 0.724130
v -7.514651 -2.905982 0.719377
v -7.667370 -2.920678 0.737651
v -7.747077 -2.919925 1.168088
v -7.776377 -3.065657 1.210239
v -7.711109 -3.201745 1.243299
v -7.576203 -3.276209 1.254642
v -7.423190 -3.260605 1.239933
v -7.310515 -3.160894 1.204793
v -7.281216 -3.015162 1.162642
v -7.346483 -2.879074 1.129582
v -7.481389 -2.804611 1.118240
v -7.634402 -2.820215 1.132948
v -7.726299 -2.802424 1.563531
v -7.755338 -2.946663 1.610698
v -7.689685 -3.080540 1.651189
v -7.554416 -3.152919 1.669538
v -7.401201 -3.136153 1.658736
v -7.288561 -3.036646 1.622910
v -7.259521 -2.892407 1.575742
v -7.325175 -2.758530 1.535251
v -7.460443 -2.686152 1.516902
v -7.613659 -2.702918 1.527704
v -7.654262 -2.616963 2.109996
v -7.673673 -2.754348 2.177977
v -7.626749 -2.901559 2.177977
v -7.531410 -3.002365 2.109996
v -7.424074 -3.018263 2.000000
v -7.345739 -2.943181 1.890004
v -7.326327 -2.805796 1.822023
v -7.373252 -2.658585 1.822023
v -7.468591 -2.557779 1.890004
v -7.575926 -2.541880 2.000000
v -0.700000 -6.312500 0.825000
v -0.700000 -6.312500 2.175000
v -0.700000 -5.912500 0.825000
v -0.700000 -5.912500 2.175000
v 0.700000 -6.312500 0.825000
v 0.700000 -6.312500 2.175000
v 0.700000 -5.912500 0.825000
v 0.700000 -5.912500 2.175000
v -0.700000 -6.645833 -0.175000
v -0.700000 -6.645833 1.175000
v -0.700000 -6.245833 -0.175000
v -0.700000 -6.245833 1.175000
v 0.700000 -6.645833 -0.175000
v 0.700000 -6.645833 1.175000
v 0.700000 -6.245833 -0.175000
v 0.700000 -6.245833 1.175000
v -0.700000 -6.945833 -1.175000
v -0.700000 -6.945833 0.175000
v -0.700000 -6.545834 -1.175000
v -0.700000 -6.545834 0.175000
v 0.700000 -6.945833 -1.175000
v 0.700000 -6.945833 0.175000
v 0.700000 -6.545834 -1.175000
v 0.700000 -6.545834 0.175000
v -0.700000 -7.212500 -2.175000
v -0.700000 -7.212500 -0.825000
v -0.700000 -6.812500 -2.175000
v -0.700000 -6.812500 -0.825000
v 0.700000 -7.212500 -2.175000
v 0.700000 -7.212500 -0.825000
v 0.700000 -6.812500 -2.175000
v 0.700000 -6.812500 -0.825000
v -0.700000 -7.445833 -3.175000
v -0.700000 -7.445833 -1.825000
v -0.700000 -7.045834 -3.175000
v -0.700000 -7.045834 -1.825000
v 0.700000 -7.445833 -3.175000
v 0.700000 -7.445833 -1.825000
v 0.700000 -7.045834 -3.175000
v 0.700000 -7.045834 -1.825000
v -0.700000 -7.645833 -4.175000
v -0.700000 -7.645833 -2.825000
v -0.700000 -7.245833 -4.175000
v -0.700000 -7.245833 -2.825000
v 0.700000 -7.645833 -4.175000
v 0.700000 -7.645833 -2.825000
v 0.700000 -7.245833 -4.175000
v 0.700000 -7.245833 -2.825000
v -0.700000 -7.812500 -5.175000
v -0.700000 -7.812500 -3.825001
v -0.700000 -7.412501 -5.175000
v -0.700000 -7.412501 -3.825001
v 0.700000 -7.812500 -5.175000
v 0.700000 -7.812500 -3.825001
v 0.700000 -7.412501 -5.175000
v 0.700000 -7.412501 -3.825001
v -0.700000 -7.945833 -6.175000
v -0.700000 -7.945833 -4.825000
v -0.700000 -7.545834 -6.175000
v -0.700000 -7.545834 -4.825000
v 0.700000 -7.945833 -6.175000
v 0.700000 -7.945833 -4.825000
v 0.700000 -7.545834 -6.175000
v 0.700000 -7.545834 -4.825000
v -0.700000 -8.045833 -7.175000
v -0.700000 -8.045833 -5.825000
v -0.700000 -7.645833 -7.175000
v -0.700000 -7.645833 -5.825000
v 0.700000 -8.045833 -7.175000
v 0.700000 -8.045833 -5.825000
v 0.700000 -7.645833 -7.175000
v 0.700000 -7.645833 -5.825000
v -0.700000 -8.112500 -8.175000
v -0.700000 -8.112500 -6.825000
v -0.700000 -7.712501 -8.175000
v -0.700000 -7.712501 -6.825000
v 0.700000 -8.112500 -8.175000
v 0.700000 -8.112500 -6.825000
v 0.700000 -7.712501 -8.175000
v 0.700000 -7.712501 -6.825000
v -0.700000 -8.145832 -9.175000
v -0.700000 -8.145833 -7.825000
v -0.700000 -7.745833 -9.175000
v -0.700000 -7.745834 -7.825000
v 0.700000 -8.145832 -9.175000
v 0.700000 -8.145833 -7.825000
v 0.700000 -7.745833 -9.175000
v 0.700000 -7.745834 -7.825000
v -0.700000 -8.145832 -10.175000
v -0.700000 -8.145832 -8.825000
v -0.700000 -7.745833 -10.175000
v -0.700000 -7.745833 -8.825000
v 0.700000 -8.145832 -10.175000
v 0.700000 -8.145832 -8.825000
v 0.700000 -7.745833 -10.175000
v 0.700000 -7.745833 -8.825000
v -0.700000 -8.112499 -11.175000
v -0.700000 -8.112499 -9.825000
v -0.700000 -7.712500 -11.175000
v -0.700000 -7.712500 -9.825000
v 0.700000 -8.112499 -11.175000
v 0.700000 -8.112499 -9.825000
v 0.700000 -7.712500 -11.175000
v 0.700000 -7.712500 -9.825000
v -0.700000 -8.045832 -12.175000
v -0.700000 -8.045832 -10.825000
v -0.700000 -7.645833 -12.175000
v -0.700000 -7.645833 -10.825000
v 0.700000 -8.045832 -12.175000
v 0.700000 -8.045832 -10.825000
v 0.700000 -7.645833 -12.175000
v 0.700000 -7.645833 -10.825000
v -0.700000 -7.945833 -13.175000
v -0.700000 -7.945833 -11.825000
v -0.700000 -7.545833 -13.175000
v -0.700000 -7.545833 -11.825000
v 0.700000 -7.945833 -13.175000
v 0.700000 -7.945833 -11.825000
v 0.700000 -7.545833 -13.175000
v 0.700000 -7.545833 -11.825000
v -0.700000 -7.812499 -14.175001
v -0.700000 -7.812499 -12.825001
v -0.700000 -7.412500 -14.175001
v -0.700000 -7.412500 -12.825001
v 0.700000 -7.812499 -14.175001
v 0.700000 -7.812499 -12.825001
v 0.700000 -7.412500 -14.175001
v 0.700000 -7.412500 -12.825001
v -0.700000 -7.645832 -15.175000
v -0.700000 -7.645832 -13.824999
v -0.700000 -7.245832 -15.175000
v -0.700000 -7.245832 -13.824999
v 0.700000 -7.645832 -15.175000
v 0.700000 -7.645832 -13.824999
v 0.700000 -7.245832 -15.175000
v 0.700000 -7.245832 -13.824999
v -0.700000 -7.445832 -16.175001
v -0.700000 -7.445832 -14.825000
v -0.700000 -7.045833 -16.175001
v -0.700000 -7.045833 -14.825000
v 0.700000 -7.445832 -16.175001
v 0.700000 -7.445832 -14.825000
v 0.700000 -7.045833 -16.175001
v 0.700000 -7.045833 -14.825000
v -0.700000 -7.212499 -17.175001
v -0.700000 -7.212499 -15.825001
v -0.700000 -6.812500 -17.175001
v -0.700000 -6.812500 -15.825001
v 0.700000 -7.212499 -17.175001
v 0.700000 -7.212499 -15.825001
v 0.700000 -6.812500 -17.175001
v 0.700000 -6.812500 -15.825001
v -0.700000 -6.945832 -18.174999
v -0.700000 -6.945832 -16.824999
v -0.700000 -6.545833 -18.174999
v -0.700000 -6.545833 -16.824999
v 0.700000 -6.945832 -18.174999
v 0.700000 -6.945832 -16.824999
v 0.700000 -6.545833 -18.174999
v 0.700000 -6.545833 -16.824999
v -0.700000 -6.645832 -19.175001
v -0.700000 -6.645832 -17.825001
v -0.700000 -6.245832 -19.175001
v -0.700000 -6.245832 -17.825001
v 0.700000 -6.645832 -19.175001
v 0.700000 -6.645832 -17.825001
v 0.700000 -6.245832 -19.175001
v 0.700000 -6.245832 -17.825001
v -0.700000 -6.312499 -20.174999
v -0.700000 -6.312499 -18.824999
v -0.700000 -5.912499 -20.174999
v -0.700000 -5.912499 -18.824999
v 0.700000 -6.312499 -20.174999
v 0.700000 -6.312499 -18.824999
v 0.700000 -5.912499 -20.174999
v 0.700000 -5.912499 -18.824999
v -0.700000 -5.945833 -21.174999
v -0.700000 -5.945833 -19.824999
v -0.700000 -5.545833 -21.174999
v -0.700000 -5.545833 -19.824999
v 0.700000 -5.945833 -21.174999
v 0.700000 -5.945833 -19.824999
v 0.700000 -5.545833 -21.174999
v 0.700000 -5.545833 -19.824999
v 0.000000 -6.777333 0.700000
v 0.000000 -6.560827 0.550000
v 0.000000 -6.527334 0.400000
v 0.000000 -6.560827 0.250000
v 0.000000 -6.777333 0.100000
v 0.075000 -6.669080 0.659807
v 0.129904 -6.589834 0.550000
v 0.150000 -6.560827 0.400000
v 0.129904 -6.589834 0.250000
v 0.075000 -6.669080 0.140192
v 0.129904 -6.714834 0.659807
v 0.225000 -6.669080 0.550000
v 0.259808 -6.652334 0.400000
v 0.225000 -6.669080 0.250000
v 0.129904 -6.714834 0.140192
v 0.150000 -6.777333 0.659807
v 0.259808 -6.777333 0.550000
v 0.300000 -6.777333 0.400000
v 0.259808 -6.777333 0.250000
v 0.150000 -6.777333 0.140192
v 0.129904 -6.839833 0.659807
v 0.225000 -6.885587 0.550000
v 0.259808 -6.902333 0.400000
v 0.225000 -6.885587 0.250000
v 0.129904 -6.839833 0.140192
v 0.075000 -6.885587 0.659807
v 0.129904 -6.964833 0.550000
v 0.150000 -6.993840 0.400000
v 0.129904 -6.964833 0.250000
v 0.075000 -6.885587 0.140192
v -0.000000 -6.902333 0.659807
v 0.000000 -6.993840 0.550000
v -0.000000 -7.027333 0.400000
v 0.000000 -6.993840 0.250000
v -0.000000 -6.902333 0.140192
v -0.075000 -6.885587 0.659807
v -0.129904 -6.964833 0.550000
v -0.150000 -6.993840 0.400000
v -0.129904 -6.964833 0.250000
v -0.075000 -6.885587 0.140192
v -0.129904 -6.839833 0.659807
v -0.225000 -6.885587 0.550000
v -0.259808 -6.902333 0.400000
v -0.225000 -6.885587 0.250000
v -0.129904 -6.839833 0.140192
v -0.150000 -6.777333 0.659807
v -0.259808 -6.777333 0.550000
v -0.300000 -6.777333 0.400000
v -0.259808 -6.777333 0.250000
v -0.150000 -6.777333 0.140192
v -0.129904 -6.714834 0.659807
v -0.225000 -6.669080 0.550000
v -0.259808 -6.652334 0.400000
v -0.225000 -6.669080 0.250000
v -0.129904 -6.714834 0.140192
v -0.075000 -6.669080 0.659807
v -0.129904 -6.589834 0.550000
v -0.150000 -6.560827 0.400000
v -0.129904 -6.589834 0.250000
v -0.075000 -6.669080 0.140192
v 0.000000 -6.652334 0.659807
v 0.000000 -6.652334 0.140192
v 0.000000 -7.479333 -1.900000
v 0.000000 -7.262827 -2.050000
v 0.000000 -7.229333 -2.200000
v 0.000000 -7.262827 -2.350000
v 0.000000 -7.479333 -2.500000
v 0.075000 -7.371080 -1.940193
v 0.129904 -7.291833 -2.050000
v 0.150000 -7.262827 -2.200000
v 0.129904 -7.291833 -2.350000
v 0.075000 -7.371080 -2.459808
v 0.129904 -7.416833 -1.940193
v 0.225000 -7.371080 -2.050000
v 0.259808 -7.354333 -2.200000
v 0.225000 -7.371080 -2.350000
v 0.129904 -7.416833 -2.459808
v 0.150000 -7.479333 -1.940193
v 0.259808 -7.479333 -2.050000
v 0.300000 -7.479333 -2.200000
v 0.259808 -7.479333 -2.350000
v 0.150000 -7.479333 -2.459808
v 0.129904 -7.541833 -1.940193
v 0.225000 -7.587586 -2.050000
v 0.259808 -7.604333 -2.200000
v 0.225000 -7.587586 -2.350000
v 0.129904 -7.541833 -2.459808
v 0.075000 -7.587586 -1.940193
v 0.129904 -7.666833 -2.050000
v 0.150000 -7.695839 -2.200000
v 0.129904 -7.666833 -2.350000
v 0.075000 -7.587586 -2.459808
v -0.000000 -7.604333 -1.940193
v 0.000000 -7.695839 -2.050000
v -0.000000 -7.729333 -2.200000
v 0.000000 -7.695839 -2.350000
v -0.000000 -7.604333 -2.459808
v -0.075000 -7.587586 -1.940193
v -0.129904 -7.666833 -2.050000
v -0.150000 -7.695839 -2.200000
v -0.129904 -7.666833 -2.350000
v -0.075000 -7.587586 -2.459808
v -0.129904 -7.541833 -1.940193
v -0.225000 -7.587586 -2.050000
v -0.259808 -7.604333 -2.200000
v -0.225000 -7.587586 -2.350000
v -0.129904 -7.541833 -2.459808
v -0.150000 -7.479333 -1.940193
v -0.259808 -7.479333 -2.050000
v -0.300000 -7.479333 -2.200000
v -0.259808 -7.479333 -2.350000
v -0.150000 -7.479333 -2.459808
v -0.129904 -7.416833 -1.940193
v -0.225000 -7.371080 -2.050000
v -0.259808 -7.354333 -2.200000
v -0.225000 -7.371080 -2.350000
v -0.129904 -7.416833 -2.459808
v -0.075000 -7.371080 -1.940193
v -0.129904 -7.291833 -2.050000
v -0.150000 -7.262827 -2.200000
v -0.129904 -7.291833 -2.350000
v -0.075000 -7.371080 -2.459808
v 0.000000 -7.354333 -1.940193
v 0.000000 -7.354333 -2.459808
v 0.000000 -7.956000 -4.500000
v 0.000000 -7.739493 -4.650001
v 0.000000 -7.706000 -4.800000
v 0.000000 -7.739493 -4.950000
v 0.000000 -7.956000 -5.100000
v 0.075000 -7.847746 -4.540193
v 0.129904 -7.768500 -4.650001
v 0.150000 -7.739493 -4.800000
v 0.129904 -7.768500 -4.950000
v 0.075000 -7.847746 -5.059808
v 0.129904 -7.893500 -4.540193
v 0.225000 -7.847746 -4.650001
v 0.259808 -7.831000 -4.800000
v 0.225000 -7.847746 -4.950000
v 0.129904 -7.893500 -5.059808
v 0.150000 -7.956000 -4.540193
v 0.259808 -7.956000 -4.650001
v 0.300000 -7.956000 -4.800000
v 0.259808 -7.956000 -4.950000
v 0.150000 -7.956000 -5.059808
v 0.129904 -8.018499 -4.540193
v 0.225000 -8.064253 -4.650001
v 0.259808 -8.080999 -4.800000
v 0.225000 -8.064253 -4.950000
v 0.129904 -8.018499 -5.059808
v 0.075000 -8.064253 -4.540193
v 0.129904 -8.143499 -4.650001
v 0.150000 -8.172506 -4.800000
v 0.129904 -8.143499 -4.950000
v 0.075000 -8.064253 -5.059808
v -0.000000 -8.080999 -4.540193
v 0.000000 -8.172506 -4.650001
v -0.000000 -8.205999 -4.800000
v 0.000000 -8.172506 -4.950000
v -0.000000 -8.080999 -5.059808
v -0.075000 -8.064253 -4.540193
v -0.129904 -8.143499 -4.650001
v -0.150000 -8.172506 -4.800000
v -0.129904 -8.143499 -4.950000
v -0.075000 -8.064253 -5.059808
v -0.129904 -8.018499 -4.540193
v -0.225000 -8.064253 -4.650001
v -0.259808 -8.080999 -4.800000
v -0.225000 -8.064253 -4.950000
v -0.129904 -8.018499 -5.059808
v -0.150000 -7.956000 -4.540193
v -0.259808 -7.956000 -4.650001
v -0.300000 -7.956000 -4.800000
v -0.259808 -7.956000 -4.950000
v -0.150000 -7.956000 -5.059808
v -0.129904 -7.893500 -4.540193
v -0.225000 -7.847746 -4.650001
v -0.259808 -7.831000 -4.800000
v -0.225000 -7.847746 -4.950000
v -0.129904 -7.893500 -5.059808
v -0.075000 -7.847746 -4.540193
v -0.129904 -7.768500 -4.650001
v -0.150000 -7.739493 -4.800000
v -0.129904 -7.768500 -4.950000
v -0.075000 -7.847746 -5.059808
v 0.000000 -7.831000 -4.540193
v 0.000000 -7.831000 -5.059808
v 0.000000 -8.207333 -7.100000
v 0.000000 -7.990827 -7.250000
v 0.000000 -7.957334 -7.400000
v 0.000000 -7.990827 -7.550000
v 0.000000 -8.207333 -7.700000
v 0.075000 -8.099080 -7.140193
v 0.129904 -8.019834 -7.250000
v 0.150000 -7.990827 -7.400000
v 0.129904 -8.019834 -7.550000
v 0.075000 -8.099080 -7.659808
v 0.129904 -8.144834 -7.140193
v 0.225000 -8.099080 -7.250000
v 0.259808 -8.082334 -7.400000
v 0.225000 -8.099080 -7.550000
v 0.129904 -8.144834 -7.659808
v 0.150000 -8.207333 -7.140193
v 0.259808 -8.207333 -7.250000
v 0.300000 -8.207333 -7.400000
v 0.259808 -8.207333 -7.550000
v 0.150000 -8.207333 -7.659808
v 0.129904 -8.269833 -7.140193
v 0.225000 -8.315586 -7.250000
v 0.259808 -8.332333 -7.400000
v 0.225000 -8.315586 -7.550000
v 0.129904 -8.269833 -7.659808
v 0.075000 -8.315586 -7.140193
v 0.129904 -8.394833 -7.250000
v 0.150000 -8.423840 -7.400000
v 0.129904 -8.394833 -7.550000
v 0.075000 -8.315586 -7.659808
v -0.000000 -8.332333 -7.140193
v 0.000000 -8.423840 -7.250000
v -0.000000 -8.457333 -7.400000
v 0.000000 -8.423840 -7.550000
v -0.000000 -8.332333 -7.659808
v -0.075000 -8.315586 -7.140193
v -0.129904 -8.394833 -7.250000
v -0.150000 -8.423840 -7.400000
v -0.129904 -8.394833 -7.550000
v -0.075000 -8.315586 -7.659808
v -0.129904 -8.269833 -7.140193
v -0.225000 -8.315586 -7.250000
v -0.259808 -8.332333 -7.400000
v -0.225000 -8.315586 -7.550000
v -0.129904 -8.269833 -7.659808
v -0.150000 -8.207333 -7.140193
v -0.259808 -8.207333 -7.250000
v -0.300000 -8.207333 -7.400000
v -0.259808 -8.207333 -7.550000
v -0.150000 -8.207333 -7.659808
v -0.129904 -8.144834 -7.140193
v -0.225000 -8.099080 -7.250000
v -0.259808 -8.082334 -7.400000
v -0.225000 -8.099080 -7.550000
v -0.129904 -8.144834 -7.659808
v -0.075000 -8.099080 -7.140193
v -0.129904 -8.019834 -7.250000
v -0.150000 -7.990827 -7.400000
v -0.129904 -8.019834 -7.550000
v -0.075000 -8.099080 -7.659808
v 0.000000 -8.082334 -7.140193
v 0.000000 -8.082334 -7.659808
v 0.000000 -8.233333 -9.700001
v 0.000000 -8.016827 -9.849999
v 0.000000 -7.983333 -10.000000
v 0.000000 -8.016827 -10.150001
v 0.000000 -8.233333 -10.300000
v 0.075000 -8.125079 -9.740192
v 0.129904 -8.045833 -9.849999
v 0.150000 -8.016827 -10.000000
v 0.129904 -8.045833 -10.150001
v 0.075000 -8.125079 -10.259808
v 0.129904 -8.170833 -9.740192
v 0.225000 -8.125079 -9.849999
v 0.259808 -8.108333 -10.000000
v 0.225000 -8.125079 -10.150001
v 0.129904 -8.170833 -10.259808
v 0.150000 -8.233333 -9.740192
v 0.259808 -8.233333 -9.849999
v 0.300000 -8.233333 -10.000000
v 0.259808 -8.233333 -10.150001
v 0.150000 -8.233333 -10.259808
v 0.129904 -8.295833 -9.740192
v 0.225000 -8.341586 -9.849999
v 0.259808 -8.358333 -10.000000
v 0.225000 -8.341586 -10.150001
v 0.129904 -8.295833 -10.259808
v 0.075000 -8.341586 -9.740192
v 0.129904 -8.420833 -9.849999
v 0.150000 -8.449839 -10.000000
v 0.129904 -8.420833 -10.150001
v 0.075000 -8.341586 -10.259808
v -0.000000 -8.358333 -9.740192
v 0.000000 -8.449839 -9.849999
v -0.000000 -8.483333 -10.000000
v 0.000000 -8.449839 -10.150001
v -0.000000 -8.358333 -10.259808
v -0.075000 -8.341586 -9.740192
v -0.129904 -8.420833 -9.849999
v -0.150000 -8.449839 -10.000000
v -0.129904 -8.420833 -10.150001
v -0.075000 -8.341586 -10.259808
v -0.129904 -8.295833 -9.740192
v -0.225000 -8.341586 -9.849999
v -0.259808 -8.358333 -10.000000
v -0.225000 -8.341586 -10.150001
v -0.129904 -8.295833 -10.259808
v -0.150000 -8.233333 -9.740192
v -0.259808 -8.233333 -9.849999
v -0.300000 -8.233333 -10.000000
v -0.259808 -8.233333 -10.150001
v -0.150000 -8.233333 -10.259808
v -0.129904 -8.170833 -9.740192
v -0.225000 -8.125079 -9.849999
v -0.259808 -8.108333 -10.000000
v -0.225000 -8.125079 -10.150001
v -0.129904 -8.170833 -10.259808
v -0.075000 -8.125079 -9.740192
v -0.129904 -8.045833 -9.849999
v -0.150000 -8.016827 -10.000000
v -0.129904 -8.045833 -10.150001
v -0.075000 -8.125079 -10.259808
v 0.000000 -8.108333 -9.740192
v 0.000000 -8.108333 -10.259808
v 0.000000 -8.033999 -12.300000
v 0.000000 -7.817492 -12.450000
v 0.000000 -7.783999 -12.600000
v 0.000000 -7.817492 -12.750000
v 0.000000 -8.033999 -12.900001
v 0.075000 -7.925746 -12.340193
v 0.129904 -7.846499 -12.450000
v 0.150000 -7.817492 -12.600000
v 0.129904 -7.846499 -12.750000
v 0.075000 -7.925746 -12.859808
v 0.129904 -7.971499 -12.340193
v 0.225000 -7.925746 -12.450000
v 0.259808 -7.908999 -12.600000
v 0.225000 -7.925746 -12.750000
v 0.129904 -7.971499 -12.859808
v 0.150000 -8.033999 -12.340193
v 0.259808 -8.033999 -12.450000
v 0.300000 -8.033999 -12.600000
v 0.259808 -8.033999 -12.750000
v 0.150000 -8.033999 -12.859808
v 0.129904 -8.096499 -12.340193
v 0.225000 -8.142252 -12.450000
v 0.259808 -8.158998 -12.600000
v 0.225000 -8.142252 -12.750000
v 0.129904 -8.096499 -12.859808
v 0.075000 -8.142252 -12.340193
v 0.129904 -8.221498 -12.450000
v 0.150000 -8.250505 -12.600000
v 0.129904 -8.221498 -12.750000
v 0.075000 -8.142252 -12.859808
v -0.000000 -8.158998 -12.340193
v 0.000000 -8.250505 -12.450000
v -0.000000 -8.283998 -12.600000
v 0.000000 -8.250505 -12.750000
v -0.000000 -8.158998 -12.859808
v -0.075000 -8.142252 -12.340193
v -0.129904 -8.221498 -12.450000
v -0.150000 -8.250505 -12.600000
v -0.129904 -8.221498 -12.750000
v -0.075000 -8.142252 -12.859808
v -0.129904 -8.096499 -12.340193
v -0.225000 -8.142252 -12.450000
v -0.259808 -8.158998 -12.600000
v -0.225000 -8.142252 -12.750000
v -0.129904 -8.096499 -12.859808
v -0.150000 -8.033999 -12.340193
v -0.259808 -8.033999 -12.450000
v -0.300000 -8.033999 -12.600000
v -0.259808 -8.033999 -12.750000
v -0.150000 -8.033999 -12.859808
v -0.129904 -7.971499 -12.340193
v -0.225000 -7.925746 -12.450000
v -0.259808 -7.908999 -12.600000
v -0.225000 -7.925746 -12.750000
v -0.129904 -7.971499 -12.859808
v -0.075000 -7.925746 -12.340193
v -0.129904 -7.846499 -12.450000
v -0.150000 -7.817492 -12.600000
v -0.129904 -7.846499 -12.750000
v -0.075000 -7.925746 -12.859808
v 0.000000 -7.908999 -12.340193
v 0.000000 -7.908999 -12.859808
v 0.000000 -7.609333 -14.899999
v 0.000000 -7.392826 -15.050000
v 0.000000 -7.359333 -15.200000
v 0.000000 -7.392826 -15.349999
v 0.000000 -7.609333 -15.500000
v 0.075000 -7.501079 -14.940192
v 0.129904 -7.421833 -15.050000
v 0.150000 -7.392826 -15.200000
v 0.129904 -7.421833 -15.349999
v 0.075000 -7.501079 -15.459807
v 0.129904 -7.546833 -14.940192
v 0.225000 -7.501079 -15.050000
v 0.259808 -7.484333 -15.200000
v 0.225000 -7.501079 -15.349999
v 0.129904 -7.546833 -15.459807
v 0.150000 -7.609333 -14.940192
v 0.259808 -7.609333 -15.050000
v 0.300000 -7.609333 -15.200000
v 0.259808 -7.609333 -15.349999
v 0.150000 -7.609333 -15.459807
v 0.129904 -7.671832 -14.940192
v 0.225000 -7.717586 -15.050000
v 0.259808 -7.734332 -15.200000
v 0.225000 -7.717586 -15.349999
v 0.129904 -7.671832 -15.459807
v 0.075000 -7.717586 -14.940192
v 0.129904 -7.796832 -15.050000
v 0.150000 -7.825839 -15.200000
v 0.129904 -7.796832 -15.349999
v 0.075000 -7.717586 -15.459807
v -0.000000 -7.734332 -14.940192
v 0.000000 -7.825839 -15.050000
v -0.000000 -7.859332 -15.200000
v 0.000000 -7.825839 -15.349999
v -0.000000 -7.734332 -15.459807
v -0.075000 -7.717586 -14.940192
v -0.129904 -7.796832 -15.050000
v -0.150000 -7.825839 -15.200000
v -0.129904 -7.796832 -15.349999
v -0.075000 -7.717586 -15.459807
v -0.129904 -7.671832 -14.940192
v -0.225000 -7.717586 -15.050000
v -0.259808 -7.734332 -15.200000
v -0.225000 -7.717586 -15.349999
v -0.129904 -7.671832 -15.459807
v -0.150000 -7.609333 -14.940192
v -0.259808 -7.609333 -15.050000
v -0.300000 -7.609333 -15.200000
v -0.259808 -7.609333 -15.349999
v -0.150000 -7.609333 -15.459807
v -0.129904 -7.546833 -14.940192
v -0.225000 -7.501079 -15.050000
v -0.259808 -7.484333 -15.200000
v -0.225000 -7.501079 -15.349999
v -0.129904 -7.546833 -15.459807
v -0.075000 -7.501079 -14.940192
v -0.129904 -7.421833 -15.050000
v -0.150000 -7.392826 -15.200000
v -0.129904 -7.421833 -15.349999
v -0.075000 -7.501079 -15.459807
v 0.000000 -7.484333 -14.940192
v 0.000000 -7.484333 -15.459807
v 0.000000 -6.959332 -17.500000
v 0.000000 -6.742826 -17.650002
v 0.000000 -6.709333 -17.800001
v 0.000000 -6.742826 -17.950001
v 0.000000 -6.959332 -18.100000
v 0.075000 -6.851079 -17.540192
v 0.129904 -6.771832 -17.650002
v 0.150000 -6.742826 -17.800001
v 0.129904 -6.771832 -17.950001
v 0.075000 -6.851079 -18.059809
v 0.129904 -6.896832 -17.540192
v 0.225000 -6.851079 -17.650002
v 0.259808 -6.834332 -17.800001
v 0.225000 -6.851079 -17.950001
v 0.129904 -6.896832 -18.059809
v 0.150000 -6.959332 -17.540192
v 0.259808 -6.959332 -17.650002
v 0.300000 -6.959332 -17.800001
v 0.259808 -6.959332 -17.950001
v 0.150000 -6.959332 -18.059809
v 0.129904 -7.021832 -17.540192
v 0.225000 -7.067586 -17.650002
v 0.259808 -7.084332 -17.800001
v 0.225000 -7.067586 -17.950001
v 0.129904 -7.021832 -18.059809
v 0.075000 -7.067586 -17.540192
v 0.129904 -7.146832 -17.650002
v 0.150000 -7.175839 -17.800001
v 0.129904 -7.146832 -17.950001
v 0.075000 -7.067586 -18.059809
v -0.000000 -7.084332 -17.540192
v 0.000000 -7.175839 -17.650002
v -0.000000 -7.209332 -17.800001
v 0.000000 -7.175839 -17.950001
v -0.000000 -7.084332 -18.059809
v -0.075000 -7.067586 -17.540192
v -0.129904 -7.146832 -17.650002
v -0.150000 -7.175839 -17.800001
v -0.129904 -7.146832 -17.950001
v -0.075000 -7.067586 -18.059809
v -0.129904 -7.021832 -17.540192
v -0.225000 -7.067586 -17.650002
v -0.259808 -7.084332 -17.800001
v -0.225000 -7.067586 -17.950001
v -0.129904 -7.021832 -18.059809
v -0.150000 -6.959332 -17.540192
v -0.259808 -6.959332 -17.650002
v -0.300000 -6.959332 -17.800001
v -0.259808 -6.959332 -17.950001
v -0.150000 -6.959332 -18.059809
v -0.129904 -6.896832 -17.540192
v -0.225000 -6.851079 -17.650002
v -0.259808 -6.834332 -17.800001
v -0.225000 -6.851079 -17.950001
v -0.129904 -6.896832 -18.059809
v -0.075000 -6.851079 -17.540192
v -0.129904 -6.771832 -17.650002
v -0.150000 -6.742826 -17.800001
v -0.129904 -6.771832 -17.950001
v -0.075000 -6.851079 -18.059809
v 0.000000 -6.834332 -17.540192
v 0.000000 -6.834332 -18.059809
v 0.000000 -6.083999 -20.099998
v 0.000000 -5.867493 -20.250000
v 0.000000 -5.833999 -20.400000
v 0.000000 -5.867493 -20.549999
v 0.000000 -6.083999 -20.700001
v 0.075000 -5.975746 -20.140192
v 0.129904 -5.896499 -20.250000
v 0.150000 -5.867493 -20.400000
v 0.129904 -5.896499 -20.549999
v 0.075000 -5.975746 -20.659807
v 0.129904 -6.021499 -20.140192
v 0.225000 -5.975746 -20.250000
v 0.259808 -5.958999 -20.400000
v 0.225000 -5.975746 -20.549999
v 0.129904 -6.021499 -20.659807
v 0.150000 -6.083999 -20.140192
v 0.259808 -6.083999 -20.250000
v 0.300000 -6.083999 -20.400000
v 0.259808 -6.083999 -20.549999
v 0.150000 -6.083999 -20.659807
v 0.129904 -6.146499 -20.140192
v 0.225000 -6.192253 -20.250000
v 0.259808 -6.208999 -20.400000
v 0.225000 -6.192253 -20.549999
v 0.129904 -6.146499 -20.659807
v 0.075000 -6.192253 -20.140192
v 0.129904 -6.271500 -20.250000
v 0.150000 -6.300505 -20.400000
v 0.129904 -6.271500 -20.549999
v 0.075000 -6.192253 -20.659807
v -0.000000 -6.208999 -20.140192
v 0.000000 -6.300505 -20.250000
v -0.000000 -6.333999 -20.400000
v 0.000000 -6.300505 -20.549999
v -0.000000 -6.208999 -20.659807
v -0.075000 -6.192253 -20.140192
v -0.129904 -6.271500 -20.250000
v -0.150000 -6.300505 -20.400000
v -0.129904 -6.271500 -20.549999
v -0.075000 -6.192253 -20.659807
v -0.129904 -6.146499 -20.140192
v -0.225000 -6.192253 -20.250000
v -0.259808 -6.208999 -20.400000
v -0.225000 -6.192253 -20.549999
v -0.129904 -6.146499 -20.659807
v -0.150000 -6.083999 -20.140192
v -0.259808 -6.083999 -20.250000
v -0.300000 -6.083999 -20.400000
v -0.259808 -6.083999 -20.549999
v -0.150000 -6.083999 -20.659807
v -0.129904 -6.021499 -20.140192
v -0.225000 -5.975746 -20.250000
v -0.259808 -5.958999 -20.400000
v -0.225000 -5.975746 -20.549999
v -0.129904 -6.021499 -20.659807
v -0.075000 -5.975746 -20.140192
v -0.129904 -5.896499 -20.250000
v -0.150000 -5.867493 -20.400000
v -0.129904 -5.896499 -20.549999
v -0.075000 -5.975746 -20.659807
v 0.000000 -5.958999 -20.140192
v 0.000000 -5.958999 -20.659807
v 1.001945 -6.889690 -15.692457
v 1.836983 -6.889690 -9.750850
v 1.001945 -6.739690 -15.692457
v 1.836983 -6.739690 -9.750850
v 4.963017 -6.889690 -16.249149
v 5.798055 -6.889690 -10.307542
v 4.963017 -6.739690 -16.249149
v 5.798055 -6.739690 -10.307542
v 1.800000 -7.571060 -11.000001
v 1.800000 -7.415175 -11.100000
v 1.800000 -7.415175 -11.300000
v 1.800000 -7.571060 -11.400000
v 1.850000 -7.493118 -11.026795
v 1.886603 -7.436060 -11.100000
v 1.900000 -7.415175 -11.200001
v 1.886603 -7.436060 -11.300000
v 1.850000 -7.493118 -11.373205
v 1.886603 -7.526060 -11.026795
v 1.950000 -7.493118 -11.100000
v 1.973205 -7.481060 -11.200001
v 1.950000 -7.493118 -11.300000
v 1.886603 -7.526060 -11.373205
v 1.900000 -7.571060 -11.026795
v 1.973205 -7.571060 -11.100000
v 2.000000 -7.571060 -11.200001
v 1.973205 -7.571060 -11.300000
v 1.900000 -7.571060 -11.373205
v 1.886603 -7.616060 -11.026795
v 1.950000 -7.649002 -11.100000
v 1.973205 -7.661060 -11.200001
v 1.950000 -7.649002 -11.300000
v 1.886603 -7.616060 -11.373205
v 1.850000 -7.649002 -11.026795
v 1.886603 -7.706060 -11.100000
v 1.900000 -7.726945 -11.200001
v 1.886603 -7.706060 -11.300000
v 1.850000 -7.649002 -11.373205
v 1.800000 -7.661060 -11.026795
v 1.800000 -7.726945 -11.100000
v 1.800000 -7.751060 -11.200001
v 1.800000 -7.726945 -11.300000
v 1.800000 -7.661060 -11.373205
v 1.750000 -7.649002 -11.026795
v 1.713397 -7.706060 -11.100000
v 1.700000 -7.726945 -11.200001
v 1.713397 -7.706060 -11.300000
v 1.750000 -7.649002 -11.373205
v 1.713397 -7.616060 -11.026795
v 1.650000 -7.649002 -11.100000
v 1.626795 -7.661060 -11.200001
v 1.650000 -7.649002 -11.300000
v 1.713397 -7.616060 -11.373205
v 1.700000 -7.571060 -11.026795
v 1.626795 -7.571060 -11.100000
v 1.600000 -7.571060 -11.200001
v 1.626795 -7.571060 -11.300000
v 1.700000 -7.571060 -11.373205
v 1.713397 -7.526060 -11.026795
v 1.650000 -7.493118 -11.100000
v 1.626795 -7.481060 -11.200001
v 1.650000 -7.493118 -11.300000
v 1.713397 -7.526060 -11.373205
v 1.750000 -7.493118 -11.026795
v 1.713397 -7.436060 -11.100000
v 1.700000 -7.415175 -11.200001
v 1.713397 -7.436060 -11.300000
v 1.750000 -7.493118 -11.373205
v 1.800000 -7.481060 -11.026795
v 1.800000 -7.391060 -11.200001
v 1.800000 -7.481060 -11.373205
v 5.000000 -6.517292 -11.000001
v 5.000000 -6.361407 -11.100000
v 5.000000 -6.361407 -11.300000
v 5.000000 -6.517292 -11.400000
v 5.050000 -6.439350 -11.026795
v 5.086603 -6.382292 -11.100000
v 5.100000 -6.361407 -11.200001
v 5.086603 -6.382292 -11.300000
v 5.050000 -6.439350 -11.373205
v 5.086603 -6.472292 -11.026795
v 5.150000 -6.439350 -11.100000
v 5.173205 -6.427292 -11.200001
v 5.150000 -6.439350 -11.300000
v 5.086603 -6.472292 -11.373205
v 5.100000 -6.517292 -11.026795
v 5.173205 -6.517292 -11.100000
v 5.200000 -6.517292 -11.200001
v 5.173205 -6.517292 -11.300000
v 5.100000 -6.517292 -11.373205
v 5.086603 -6.562292 -11.026795
v 5.150000 -6.595234 -11.100000
v 5.173205 -6.607292 -11.200001
v 5.150000 -6.595234 -11.300000
v 5.086603 -6.562292 -11.373205
v 5.050000 -6.595234 -11.026795
v 5.086603 -6.652292 -11.100000
v 5.100000 -6.673177 -11.200001
v 5.086603 -6.652292 -11.300000
v 5.050000 -6.595234 -11.373205
v 5.000000 -6.607292 -11.026795
v 5.000000 -6.673177 -11.100000
v 5.000000 -6.697292 -11.200001
v 5.000000 -6.673177 -11.300000
v 5.000000 -6.607292 -11.373205
v 4.950000 -6.595234 -11.026795
v 4.913397 -6.652292 -11.100000
v 4.900000 -6.673177 -11.200001
v 4.913397 -6.652292 -11.300000
v 4.950000 -6.595234 -11.373205
v 4.913397 -6.562292 -11.026795
v 4.850000 -6.595234 -11.100000
v 4.826795 -6.607292 -11.200001
v 4.850000 -6.595234 -11.300000
v 4.913397 -6.562292 -11.373205
v 4.900000 -6.517292 -11.026795
v 4.826795 -6.517292 -11.100000
v 4.800000 -6.517292 -11.200001
v 4.826795 -6.517292 -11.300000
v 4.900000 -6.517292 -11.373205
v 4.913397 -6.472292 -11.026795
v 4.850000 -6.439350 -11.100000
v 4.826795 -6.427292 -11.200001
v 4.850000 -6.439350 -11.300000
v 4.913397 -6.472292 -11.373205
v 4.950000 -6.439350 -11.026795
v 4.913397 -6.382292 -11.100000
v 4.900000 -6.361407 -11.200001
v 4.913397 -6.382292 -11.300000
v 4.950000 -6.439350 -11.373205
v 5.000000 -6.427292 -11.026795
v 5.000000 -6.337292 -11.200001
v 5.000000 -6.427292 -11.373205
v 1.800000 -7.091060 -14.599999
v 1.800000 -6.935175 -14.700000
v 1.800000 -6.935175 -14.900001
v 1.800000 -7.091060 -15.000001
v 1.850000 -7.013118 -14.626795
v 1.886603 -6.956060 -14.700000
v 1.900000 -6.935175 -14.800000
v 1.886603 -6.956060 -14.900001
v 1.850000 -7.013118 -14.973206
v 1.886603 -7.046060 -14.626795
v 1.950000 -7.013118 -14.700000
v 1.973205 -7.001060 -14.800000
v 1.950000 -7.013118 -14.900001
v 1.886603 -7.046060 -14.973206
v 1.900000 -7.091060 -14.626795
v 1.973205 -7.091060 -14.700000
v 2.000000 -7.091060 -14.800000
v 1.973205 -7.091060 -14.900001
v 1.900000 -7.091060 -14.973206
v 1.886603 -7.136060 -14.626795
v 1.950000 -7.169003 -14.700000
v 1.973205 -7.181060 -14.800000
v 1.950000 -7.169003 -14.900001
v 1.886603 -7.136060 -14.973206
v 1.850000 -7.169003 -14.626795
v 1.886603 -7.226060 -14.700000
v 1.900000 -7.246945 -14.800000
v 1.886603 -7.226060 -14.900001
v 1.850000 -7.169003 -14.973206
v 1.800000 -7.181060 -14.626795
v 1.800000 -7.246945 -14.700000
v 1.800000 -7.271060 -14.800000
v 1.800000 -7.246945 -14.900001
v 1.800000 -7.181060 -14.973206
v 1.750000 -7.169003 -14.626795
v 1.713397 -7.226060 -14.700000
v 1.700000 -7.246945 -14.800000
v 1.713397 -7.226060 -14.900001
v 1.750000 -7.169003 -14.973206
v 1.713397 -7.136060 -14.626795
v 1.650000 -7.169003 -14.700000
v 1.626795 -7.181060 -14.800000
v 1.650000 -7.169003 -14.900001
v 1.713397 -7.136060 -14.973206
v 1.700000 -7.091060 -14.626795
v 1.626795 -7.091060 -14.700000
v 1.600000 -7.091060 -14.800000
v 1.626795 -7.091060 -14.900001
v 1.700000 -7.091060 -14.973206
v 1.713397 -7.046060 -14.626795
v 1.650000 -7.013118 -14.700000
v 1.626795 -7.001060 -14.800000
v 1.650000 -7.013118 -14.900001
v 1.713397 -7.046060 -14.973206
v 1.750000 -7.013118 -14.626795
v 1.713397 -6.956060 -14.700000
v 1.700000 -6.935175 -14.800000
v 1.713397 -6.956060 -14.900001
v 1.750000 -7.013118 -14.973206
v 1.800000 -7.001060 -14.626795
v 1.800000 -6.911060 -14.800000
v 1.800000 -7.001060 -14.973206
v 3.400000 -7.233190 -10.100000
v 3.400000 -7.077305 -10.200000
v 3.400000 -7.077305 -10.400001
v 3.400000 -7.233190 -10.500000
v 3.450000 -7.155248 -10.126795
v 3.486603 -7.098190 -10.200000
v 3.500000 -7.077305 -10.300000
v 3.486603 -7.098190 -10.400001
v 3.450000 -7.155248 -10.473206
v 3.486603 -7.188190 -10.126795
v 3.550000 -7.155248 -10.200000
v 3.573205 -7.143190 -10.300000
v 3.550000 -7.155248 -10.400001
v 3.486603 -7.188190 -10.473206
v 3.500000 -7.233190 -10.126795
v 3.573205 -7.233190 -10.200000
v 3.600000 -7.233190 -10.300000
v 3.573205 -7.233190 -10.400001
v 3.500000 -7.233190 -10.473206
v 3.486603 -7.278190 -10.126795
v 3.550000 -7.311132 -10.200000
v 3.573205 -7.323190 -10.300000
v 3.550000 -7.311132 -10.400001
v 3.486603 -7.278190 -10.473206
v 3.450000 -7.311132 -10.126795
v 3.486603 -7.368190 -10.200000
v 3.500000 -7.389074 -10.300000
v 3.486603 -7.368190 -10.400001
v 3.450000 -7.311132 -10.473206
v 3.400000 -7.323190 -10.126795
v 3.400000 -7.389074 -10.200000
v 3.400000 -7.413190 -10.300000
v 3.400000 -7.389074 -10.400001
v 3.400000 -7.323190 -10.473206
v 3.350000 -7.311132 -10.126795
v 3.313398 -7.368190 -10.200000
v 3.300000 -7.389074 -10.300000
v 3.313398 -7.368190 -10.400001
v 3.350000 -7.311132 -10.473206
v 3.313398 -7.278190 -10.126795
v 3.250000 -7.311132 -10.200000
v 3.226795 -7.323190 -10.300000
v 3.250000 -7.311132 -10.400001
v 3.313398 -7.278190 -10.473206
v 3.300000 -7.233190 -10.126795
v 3.226795 -7.233190 -10.200000
v 3.200000 -7.233190 -10.300000
v 3.226795 -7.233190 -10.400001
v 3.300000 -7.233190 -10.473206
v 3.313398 -7.188190 -10.126795
v 3.250000 -7.155248 -10.200000
v 3.226795 -7.143190 -10.300000
v 3.250000 -7.155248 -10.400001
v 3.313398 -7.188190 -10.473206
v 3.350000 -7.155248 -10.126795
v 3.313398 -7.098190 -10.200000
v 3.300000 -7.077305 -10.300000
v 3.313398 -7.098190 -10.400001
v 3.350000 -7.155248 -10.473206
v 3.400000 -7.143190 -10.126795
v 3.400000 -7.053190 -10.300000
v 3.400000 -7.143190 -10.473206
v 3.400000 -6.513190 -15.500000
v 3.400000 -6.357306 -15.600000
v 3.400000 -6.357306 -15.800001
v 3.400000 -6.513190 -15.900001
v 3.450000 -6.435248 -15.526795
v 3.486603 -6.378190 -15.600000
v 3.500000 -6.357306 -15.700001
v 3.486603 -6.378190 -15.800001
v 3.450000 -6.435248 -15.873205
v 3.486603 -6.468190 -15.526795
v 3.550000 -6.435248 -15.600000
v 3.573205 -6.423190 -15.700001
v 3.550000 -6.435248 -15.800001
v 3.486603 -6.468190 -15.873205
v 3.500000 -6.513190 -15.526795
v 3.573205 -6.513190 -15.600000
v 3.600000 -6.513190 -15.700001
v 3.573205 -6.513190 -15.800001
v 3.500000 -6.513190 -15.873205
v 3.486603 -6.558190 -15.526795
v 3.550000 -6.591132 -15.600000
v 3.573205 -6.603190 -15.700001
v 3.550000 -6.591132 -15.800001
v 3.486603 -6.558190 -15.873205
v 3.450000 -6.591132 -15.526795
v 3.486603 -6.648190 -15.600000
v 3.500000 -6.669075 -15.700001
v 3.486603 -6.648190 -15.800001
v 3.450000 -6.591132 -15.873205
v 3.400000 -6.603190 -15.526795
v 3.400000 -6.669075 -15.600000
v 3.400000 -6.693191 -15.700001
v 3.400000 -6.669075 -15.800001
v 3.400000 -6.603190 -15.873205
v 3.350000 -6.591132 -15.526795
v 3.313398 -6.648190 -15.600000
v 3.300000 -6.669075 -15.700001
v 3.313398 -6.648190 -15.800001
v 3.350000 -6.591132 -15.873205
v 3.313398 -6.558190 -15.526795
v 3.250000 -6.591132 -15.600000
v 3.226795 -6.603190 -15.700001
v 3.250000 -6.591132 -15.800001
v 3.313398 -6.558190 -15.873205
v 3.300000 -6.513190 -15.526795
v 3.226795 -6.513190 -15.600000
v 3.200000 -6.513190 -15.700001
v 3.226795 -6.513190 -15.800001
v 3.300000 -6.513190 -15.873205
v 3.313398 -6.468190 -15.526795
v 3.250000 -6.435248 -15.600000
v 3.226795 -6.423190 -15.700001
v 3.250000 -6.435248 -15.800001
v 3.313398 -6.468190 -15.873205
v 3.350000 -6.435248 -15.526795
v 3.313398 -6.378190 -15.600000
v 3.300000 -6.357306 -15.700001
v 3.313398 -6.378190 -15.800001
v 3.350000 -6.435248 -15.873205
v 3.400000 -6.423190 -15.526795
v 3.400000 -6.333190 -15.700001
v 3.400000 -6.423190 -15.873205
v -8.794098 -3.275431 -3.000000
v -8.794098 -3.275431 1.000000
v -9.039844 -3.103358 -3.000000
v -9.039844 -3.103358 1.000000
v -7.360157 -1.227551 -3.000000
v -7.360157 -1.227551 1.000000
v -7.605903 -1.055478 -3.000000
v -7.605903 -1.055478 1.000000
v 7.360157 -1.227551 -3.000000
v 7.360157 -1.227551 1.000000
v 7.605903 -1.055478 -3.000000
v 7.605903 -1.055478 1.000000
v 8.794098 -3.275431 -3.000000
v 8.794098 -3.275431 1.000000
v 9.039844 -3.103358 -3.000000
v 9.039844 -3.103358 1.000000
v 8.352000 3.500000 0.500000
v 8.250073 3.500000 1.235391
v 8.004000 3.500000 1.540000
v 7.757927 3.500000 1.235391
v 7.656000 3.500000 0.500000
v 7.757927 3.500000 -0.235391
v 8.004000 3.500000 -0.540000
v 8.250073 3.500000 -0.235391
v 8.311784 4.516242 0.500000
v 8.210347 4.503840 1.235391
v 7.965459 4.473898 1.540000
v 7.720570 4.443957 1.235391
v 7.619134 4.431555 0.500000
v 7.720570 4.443957 -0.235391
v 7.965459 4.473898 -0.540000
v 8.210347 4.503840 -0.235391
v 8.191519 5.522697 0.500000
v 8.091550 5.498013 1.235391
v 7.850205 5.438418 1.540000
v 7.608860 5.378824 1.235391
v 7.508892 5.354139 0.500000
v 7.608860 5.378824 -0.235391
v 7.850205 5.438418 -0.540000
v 8.091550 5.498013 -0.235391
v 7.992365 6.509673 0.500000
v 7.894827 6.472943 1.235391
v 7.659349 6.384270 1.540000
v 7.423873 6.295596 1.235391
v 7.326335 6.258867 0.500000
v 7.423873 6.295596 -0.235391
v 7.659349 6.384270 -0.540000
v 7.894827 6.472943 -0.235391
v 7.716242 7.467661 0.500000
v 7.622074 7.419240 1.235391
v 7.394732 7.302342 1.540000
v 7.167390 7.185444 1.235391
v 7.073221 7.137023 0.500000
v 7.167390 7.185444 -0.235391
v 7.394732 7.302342 -0.540000
v 7.622074 7.419240 -0.235391
v 7.365807 8.387442 0.500000
v 7.275915 8.327796 1.235391
v 7.058897 8.183798 1.540000
v 6.841881 8.039801 1.235391
v 6.751989 7.980155 0.500000
v 6.841881 8.039801 -0.235391
v 7.058897 8.183798 -0.540000
v 7.275915 8.327796 -0.235391
v 6.944434 9.260152 0.500000
v 6.859685 9.189856 1.235391
v 6.655082 9.020146 1.540000
v 6.450480 8.850436 1.235391
v 6.365731 8.780140 0.500000
v 6.450480 8.850436 -0.235391
v 6.655082 9.020146 -0.540000
v 6.859685 9.189856 -0.235391
v 6.456183 10.077390 0.500000
v 6.377393 9.997121 1.235391
v 6.187176 9.803332 1.540000
v 5.996959 9.609545 1.235391
v 5.918168 9.529275 0.500000
v 5.996959 9.609545 -0.235391
v 6.187176 9.803332 -0.540000
v 6.377393 9.997121 -0.235391
v 5.905756 10.831285 0.500000
v 5.833682 10.741814 1.235391
v 5.659682 10.525814 1.540000
v 5.485682 10.309813 1.235391
v 5.413609 10.220345 0.500000
v 5.485682 10.309813 -0.235391
v 5.659682 10.525814 -0.540000
v 5.833682 10.741814 -0.235391
v 5.298453 11.514571 0.500000
v 5.233792 11.416763 1.235391
v 5.077685 11.180632 1.540000
v 4.921577 10.944501 1.235391
v 4.856916 10.846691 0.500000
v 4.921577 10.944501 -0.235391
v 5.077685 11.180632 -0.540000
v 5.233792 11.416763 -0.235391
v 4.640122 12.120679 0.500000
v 4.583494 12.015472 1.235392
v 4.446783 11.761483 1.540001
v 4.310072 11.507495 1.235391
v 4.253445 11.402288 0.500000
v 4.310072 11.507495 -0.235391
v 4.446783 11.761483 -0.539999
v 4.583494 12.015472 -0.235391
v 3.937106 12.643761 0.500001
v 3.889058 12.532170 1.235392
v 3.773060 12.262771 1.540001
v 3.657062 11.993369 1.235392
v 3.609014 11.881779 0.500000
v 3.657062 11.993369 -0.235391
v 3.773060 12.262771 -0.539999
v 3.889058 12.532170 -0.235391
v 3.196174 13.078782 0.500001
v 3.157168 12.961884 1.235392
v 3.063000 12.679667 1.540001
v 2.968832 12.397449 1.235392
v 2.929826 12.280551 0.500001
v 2.968832 12.397449 -0.235391
v 3.063000 12.679667 -0.539999
v 3.157168 12.961884 -0.235391
v 2.424457 13.421557 0.500001
v 2.394870 13.300477 1.235392
v 2.323438 13.008160 1.540001
v 2.252007 12.715843 1.235392
v 2.222419 12.594763 0.500001
v 2.252007 12.715843 -0.235391
v 2.323438 13.008160 -0.539999
v 2.394870 13.300477 -0.235390
v 1.629396 13.668781 0.500001
v 1.609511 13.544683 1.235392
v 1.561504 13.245084 1.540001
v 1.513498 12.945482 1.235392
v 1.493613 12.821383 0.500001
v 1.513498 12.945482 -0.235391
v 1.561504 13.245084 -0.539999
v 1.609511 13.544683 -0.235390
v 0.818638 13.818076 0.500001
v 0.808648 13.692156 1.235392
v 0.784528 13.388155 1.540001
v 0.760409 13.084157 1.235392
v 0.750418 12.958236 0.500001
v 0.760409 13.084157 -0.235390
v 0.784528 13.388155 -0.539999
v 0.808648 13.692156 -0.235390
v 0.000001 13.868001 0.500001
v 0.000001 13.741471 1.235392
v 0.000001 13.436000 1.540001
v 0.000001 13.130530 1.235392
v 0.000001 13.004001 0.500001
v 0.000001 13.130530 -0.235390
v 0.000001 13.436000 -0.539999
v 0.000001 13.741471 -0.235390
v -0.818641 13.818076 0.500001
v -0.808650 13.692156 1.235392
v -0.784531 13.388155 1.540001
v -0.760411 13.084157 1.235392
v -0.750421 12.958236 0.500001
v -0.760411 13.084157 -0.235390
v -0.784531 13.388155 -0.539999
v -0.808650 13.692156 -0.235390
v -1.629395 13.668781 0.500001
v -1.609509 13.544683 1.235392
v -1.561503 13.245084 1.540001
v -1.513497 12.945482 1.235392
v -1.493611 12.821383 0.500001
v -1.513497 12.945482 -0.235391
v -1.561503 13.245084 -0.539999
v -1.609509 13.544683 -0.235390
v -2.424456 13.421557 0.500001
v -2.394868 13.300477 1.235392
v -2.323437 13.008161 1.540001
v -2.252006 12.715843 1.235392
v -2.222418 12.594763 0.500001
v -2.252006 12.715843 -0.235391
v -2.323437 13.008161 -0.539999
v -2.394868 13.300477 -0.235390
v -3.196173 13.078783 0.500001
v -3.157167 12.961885 1.235392
v -3.062999 12.679667 1.540001
v -2.968831 12.397450 1.235392
v -2.929825 12.280552 0.500001
v -2.968831 12.397450 -0.235391
v -3.062999 12.679667 -0.539999
v -3.157167 12.961885 -0.235391
v -3.937105 12.643761 0.500001
v -3.889057 12.532171 1.235392
v -3.773059 12.262771 1.540001
v -3.657060 11.993369 1.235392
v -3.609012 11.881779 0.500000
v -3.657060 11.993369 -0.235391
v -3.773059 12.262771 -0.539999
v -3.889057 12.532171 -0.235391
v -4.640121 12.120679 0.500000
v -4.583492 12.015472 1.235392
v -4.446782 11.761485 1.540001
v -4.310071 11.507495 1.235391
v -4.253443 11.402289 0.500000
v -4.310071 11.507495 -0.235391
v -4.446782 11.761485 -0.539999
v -4.583492 12.015472 -0.235391
v -5.298452 11.514573 0.500000
v -5.233791 11.416764 1.235391
v -5.077684 11.180634 1.540000
v -4.921577 10.944501 1.235391
v -4.856915 10.846692 0.500000
v -4.921577 10.944501 -0.235391
v -5.077684 11.180634 -0.540000
v -5.233791 11.416764 -0.235391
v -5.905757 10.831282 0.500000
v -5.833684 10.741811 1.235391
v -5.659685 10.525810 1.540000
v -5.485684 10.309811 1.235391
v -5.413611 10.220342 0.500000
v -5.485684 10.309811 -0.235391
v -5.659685 10.525810 -0.540000
v -5.833684 10.741811 -0.235391
v -6.456183 10.077390 0.500000
v -6.377393 9.997121 1.235391
v -6.187176 9.803332 1.540000
v -5.996959 9.609545 1.235391
v -5.918169 9.529274 0.500000
v -5.996959 9.609545 -0.235391
v -6.187176 9.803332 -0.540000
v -6.377393 9.997121 -0.235391
v -6.944434 9.260154 0.500000
v -6.859685 9.189857 1.235391
v -6.655082 9.020147 1.540000
v -6.450480 8.850437 1.235391
v -6.365731 8.780141 0.500000
v -6.450480 8.850437 -0.235391
v -6.655082 9.020147 -0.540000
v -6.859685 9.189857 -0.235391
v -7.365807 8.387441 0.500000
v -7.275916 8.327794 1.235391
v -7.058898 8.183797 1.540000
v -6.841882 8.039800 1.235391
v -6.751989 7.980154 0.500000
v -6.841882 8.039800 -0.235391
v -7.058898 8.183797 -0.540000
v -7.275916 8.327794 -0.235391
v -7.716241 7.467662 0.500000
v -7.622074 7.419242 1.235391
v -7.394732 7.302343 1.540000
v -7.167390 7.185445 1.235391
v -7.073221 7.137024 0.500000
v -7.167390 7.185445 -0.235391
v -7.394732 7.302343 -0.540000
v -7.622074 7.419242 -0.235391
v -7.992365 6.509675 0.500000
v -7.894827 6.472944 1.235391
v -7.659349 6.384272 1.540000
v -7.423872 6.295598 1.235391
v -7.326334 6.258868 0.500000
v -7.423872 6.295598 -0.235391
v -7.659349 6.384272 -0.540000
v -7.894827 6.472944 -0.235391
v -8.191519 5.522696 0.500000
v -8.091550 5.498012 1.235391
v -7.850205 5.438417 1.540000
v -7.608861 5.378823 1.235391
v -7.508892 5.354138 0.500000
v -7.608861 5.378823 -0.235391
v -7.850205 5.438417 -0.540000
v -8.091550 5.498012 -0.235391
v -8.311784 4.516239 0.500000
v -8.210347 4.503837 1.235391
v -7.965460 4.473896 1.540000
v -7.720570 4.443954 1.235391
v -7.619135 4.431552 0.500000
v -7.720570 4.443954 -0.235391
v -7.965460 4.473896 -0.540000
v -8.210347 4.503837 -0.235391
v -8.352000 3.500001 0.500000
v -8.250073 3.500001 1.235391
v -8.004000 3.500001 1.540000
v -7.757927 3.500001 1.235391
v -7.656000 3.500001 0.500000
v -7.757927 3.500001 -0.235391
v -8.004000 3.500001 -0.540000
v -8.250073 3.500001 -0.235391
v -8.311784 2.483761 0.500000
v -8.210347 2.496163 1.235391
v -7.965460 2.526104 1.540000
v -7.720570 2.556046 1.235391
v -7.619135 2.568448 0.500000
v -7.720570 2.556046 -0.235391
v -7.965460 2.526104 -0.540000
v -8.210347 2.496163 -0.235391
v -8.191519 1.477304 0.500000
v -8.091550 1.501988 1.235391
v -7.850205 1.561583 1.540000
v -7.608861 1.621177 1.235391
v -7.508892 1.645862 0.500000
v -7.608861 1.621177 -0.235391
v -7.850205 1.561583 -0.540000
v -8.091550 1.501988 -0.235391
v -7.992366 0.490330 0.500000
v -7.894828 0.527060 1.235391
v -7.659351 0.615733 1.540000
v -7.423873 0.704406 1.235391
v -7.326335 0.741136 0.500000
v -7.423873 0.704407 -0.235391
v -7.659351 0.615733 -0.540000
v -7.894828 0.527060 -0.235391
v -7.716243 -0.467658 0.500000
v -7.622075 -0.419238 1.235391
v -7.394733 -0.302339 1.540000
v -7.167391 -0.185441 1.235391
v -7.073223 -0.137020 0.500000
v -7.167391 -0.185441 -0.235391
v -7.394733 -0.302339 -0.540000
v -7.622075 -0.419237 -0.235391
v -7.365807 -1.387440 0.500000
v -7.275916 -1.327795 1.235391
v -7.058898 -1.183797 1.540000
v -6.841882 -1.039799 1.235391
v -6.751989 -0.980154 0.500000
v -6.841882 -1.039799 -0.235391
v -7.058898 -1.183797 -0.540000
v -7.275916 -1.327794 -0.235391
v -6.944434 -2.260154 0.500000
v -6.859685 -2.189857 1.235391
v -6.655082 -2.020147 1.540000
v -6.450480 -1.850437 1.235391
v -6.365731 -1.780141 0.500000
v -6.450480 -1.850437 -0.235391
v -6.655082 -2.020147 -0.540000
v -6.859685 -2.189857 -0.235391
v -6.456186 -3.077386 0.500000
v -6.377395 -2.997116 1.235391
v -6.187178 -2.803328 1.540000
v -5.996961 -2.609540 1.235391
v -5.918170 -2.529270 0.500000
v -5.996961 -2.609540 -0.235391
v -6.187178 -2.803328 -0.540000
v -6.377395 -2.997116 -0.235391
v -5.905757 -3.831281 0.500000
v -5.833684 -3.741811 1.235391
v -5.659685 -3.525811 1.540000
v -5.485684 -3.309811 1.235391
v -5.413611 -3.220341 0.500000
v -5.485684 -3.309811 -0.235391
v -5.659685 -3.525811 -0.540000
v -5.833684 -3.741811 -0.235391
v -5.298452 -4.514573 0.500000
v -5.233791 -4.416764 1.235391
v -5.077684 -4.180633 1.540000
v -4.921577 -3.944501 1.235391
v -4.856915 -3.846692 0.500000
v -4.921577 -3.944501 -0.235391
v -5.077684 -4.180633 -0.540000
v -5.233791 -4.416764 -0.235391
v -4.640127 -5.120673 0.500000
v -4.583499 -5.015468 1.235391
v -4.446788 -4.761479 1.540000
v -4.310078 -4.507489 1.235391
v -4.253450 -4.402284 0.500000
v -4.310078 -4.507489 -0.235391
v -4.446788 -4.761479 -0.540000
v -4.583499 -5.015468 -0.235391
v -3.937108 -5.643759 0.500000
v -3.889060 -5.532170 1.235391
v -3.773062 -5.262769 1.540000
v -3.657064 -4.993368 1.235391
v -3.609016 -4.881778 0.500000
v -3.657064 -4.993368 -0.235391
v -3.773062 -5.262769 -0.540000
v -3.889060 -5.532170 -0.235391
v -3.196173 -6.078783 0.500000
v -3.157167 -5.961885 1.235391
v -3.062999 -5.679667 1.540000
v -2.968831 -5.397450 1.235391
v -2.929825 -5.280552 0.500000
v -2.968831 -5.397450 -0.235391
v -3.062999 -5.679667 -0.540000
v -3.157167 -5.961885 -0.235391
v -2.424456 -6.421558 0.500000
v -2.394868 -6.300476 1.235391
v -2.323437 -6.008161 1.540000
v -2.252006 -5.715844 1.235391
v -2.222418 -5.594762 0.500000
v -2.252006 -5.715844 -0.235391
v -2.323437 -6.008161 -0.540000
v -2.394868 -6.300476 -0.235391
v -1.629398 -6.668781 0.500000
v -1.609513 -6.544683 1.235391
v -1.561507 -6.245082 1.540000
v -1.513500 -5.945481 1.235391
v -1.493615 -5.821383 0.500000
v -1.513500 -5.945481 -0.235391
v -1.561507 -6.245082 -0.540000
v -1.609513 -6.544683 -0.235391
v -0.818641 -6.818076 0.500000
v -0.808650 -6.692155 1.235391
v -0.784531 -6.388156 1.540000
v -0.760411 -6.084157 1.235391
v -0.750421 -5.958236 0.500000
v -0.760411 -6.084157 -0.235391
v -0.784531 -6.388156 -0.540000
v -0.808650 -6.692155 -0.235391
v 0.000001 -6.868001 0.500000
v 0.000001 -6.741470 1.235391
v 0.000001 -6.436001 1.540000
v 0.000001 -6.130530 1.235391
v 0.000001 -6.004000 0.500000
v 0.000001 -6.130530 -0.235391
v 0.000001 -6.436001 -0.540000
v 0.000001 -6.741470 -0.235391
v 0.818634 -6.818076 0.500000
v 0.808644 -6.692156 1.235391
v 0.784524 -6.388156 1.540000
v 0.760405 -6.084157 1.235391
v 0.750415 -5.958236 0.500000
v 0.760405 -6.084157 -0.235391
v 0.784524 -6.388156 -0.540000
v 0.808644 -6.692156 -0.235391
v 1.629392 -6.668782 0.500000
v 1.609507 -6.544684 1.235391
v 1.561500 -6.245084 1.540000
v 1.513494 -5.945484 1.235391
v 1.493609 -5.821385 0.500000
v 1.513494 -5.945484 -0.235391
v 1.561500 -6.245084 -0.540000
v 1.609507 -6.544684 -0.235391
v 2.424457 -6.421558 0.500000
v 2.394870 -6.300476 1.235391
v 2.323438 -6.008160 1.540000
v 2.252007 -5.715844 1.235391
v 2.222419 -5.594762 0.500000
v 2.252007 -5.715844 -0.235391
v 2.323438 -6.008160 -0.540000
v 2.394870 -6.300476 -0.235391
v 3.196174 -6.078782 0.500000
v 3.157168 -5.961884 1.235391
v 3.063000 -5.679667 1.540000
v 2.968832 -5.397449 1.235391
v 2.929826 -5.280551 0.500000
v 2.968832 -5.397449 -0.235391
v 3.063000 -5.679667 -0.540000
v 3.157168 -5.961884 -0.235391
v 3.937103 -5.643762 0.500000
v 3.889055 -5.532173 1.235391
v 3.773057 -5.262773 1.540000
v 3.657059 -4.993371 1.235391
v 3.609011 -4.881783 0.500000
v 3.657059 -4.993371 -0.235391
v 3.773057 -5.262773 -0.540000
v 3.889055 -5.532173 -0.235391
v 4.640122 -5.120678 0.500000
v 4.583494 -5.015473 1.235391
v 4.446783 -4.761484 1.540000
v 4.310072 -4.507494 1.235391
v 4.253445 -4.402288 0.500000
v 4.310072 -4.507494 -0.235391
v 4.446783 -4.761484 -0.540000
v 4.583494 -5.015473 -0.235391
v 5.298453 -4.514572 0.500000
v 5.233792 -4.416763 1.235391
v 5.077685 -4.180632 1.540000
v 4.921577 -3.944500 1.235391
v 4.856916 -3.846690 0.500000
v 4.921577 -3.944500 -0.235391
v 5.077685 -4.180632 -0.540000
v 5.233792 -4.416763 -0.235391
v 5.905753 -3.831288 0.500000
v 5.833679 -3.741817 1.235391
v 5.659680 -3.525817 1.540000
v 5.485680 -3.309817 1.235391
v 5.413607 -3.220347 0.500000
v 5.485680 -3.309817 -0.235391
v 5.659680 -3.525817 -0.540000
v 5.833679 -3.741817 -0.235391
v 6.456182 -3.077392 0.500000
v 6.377391 -2.997122 1.235391
v 6.187174 -2.803334 1.540000
v 5.996957 -2.609546 1.235391
v 5.918167 -2.529276 0.500000
v 5.996957 -2.609546 -0.235391
v 6.187174 -2.803334 -0.540000
v 6.377391 -2.997122 -0.235391
v 6.944434 -2.260152 0.500000
v 6.859685 -2.189856 1.235391
v 6.655082 -2.020146 1.540000
v 6.450480 -1.850436 1.235391
v 6.365731 -1.780140 0.500000
v 6.450480 -1.850436 -0.235391
v 6.655082 -2.020146 -0.540000
v 6.859685 -2.189856 -0.235391
v 7.365808 -1.387439 0.500000
v 7.275916 -1.327793 1.235391
v 7.058899 -1.183796 1.540000
v 6.841882 -1.039799 1.235391
v 6.751990 -0.980153 0.500000
v 6.841882 -1.039798 -0.235391
v 7.058899 -1.183796 -0.540000
v 7.275916 -1.327793 -0.235391
v 7.716241 -0.467666 0.500000
v 7.622073 -0.419245 1.235391
v 7.394730 -0.302346 1.540000
v 7.167389 -0.185448 1.235391
v 7.073221 -0.137027 0.500000
v 7.167389 -0.185448 -0.235391
v 7.394730 -0.302346 -0.540000
v 7.622073 -0.419245 -0.235391
v 7.992365 0.490327 0.500000
v 7.894827 0.527057 1.235391
v 7.659349 0.615730 1.540000
v 7.423873 0.704404 1.235391
v 7.326335 0.741133 0.500000
v 7.423873 0.704404 -0.235391
v 7.659349 0.615730 -0.540000
v 7.894827 0.527057 -0.235391
v 8.191519 1.477305 0.500000
v 8.091550 1.501990 1.235391
v 7.850205 1.561584 1.540000
v 7.608861 1.621178 1.235391
v 7.508892 1.645863 0.500000
v 7.608861 1.621178 -0.235391
v 7.850205 1.561584 -0.540000
v 8.091550 1.501990 -0.235391
v 8.311783 2.483753 0.500000
v 8.210346 2.496155 1.235391
v 7.965458 2.526097 1.540000
v 7.720570 2.556038 1.235391
v 7.619133 2.568440 0.500000
v 7.720570 2.556038 -0.235391
v 7.965458 2.526097 -0.540000
v 8.210346 2.496155 -0.235391
v -4.900000 -5.832591 -9.700001
v -4.900000 -5.832591 -6.299999
v -4.900000 -5.782590 -9.700001
v -4.900000 -5.782590 -6.299999
v -1.500000 -5.832591 -9.700001
v -1.500000 -5.832591 -6.299999
v -1.500000 -5.782590 -9.700001
v -1.500000 -5.782590 -6.299999
vn 0.0048 0.9262 0.3771
vn 0.5720 0.6251 0.5311
vn 0.6560 0.7196 -0.2278
vn -0.0465 0.9495 -0.3103
vn 0.5338 0.6754 0.5088
vn 0.6099 0.7534 -0.2459
vn 0.4886 0.7331 0.4731
vn 0.5458 0.7891 -0.2819
vn 0.4484 0.7748 0.4456
vn 0.4813 0.8185 -0.3138
vn 0.4248 0.7890 0.4439
vn 0.4390 0.8389 -0.3218
vn 0.4119 0.7844 0.4637
vn 0.4239 0.8529 -0.3049
vn 0.3910 0.7833 0.4832
vn 0.4158 0.8646 -0.2821
vn 0.3492 0.8040 0.4812
vn 0.3879 0.8789 -0.2778
vn 0.2872 0.8432 0.4545
vn 0.3287 0.8954 -0.3003
vn 0.2237 0.8789 0.4213
vn 0.2525 0.9080 -0.3342
vn 0.1852 0.8946 0.4067
vn 0.1902 0.9154 -0.3547
vn 0.1772 0.8903 0.4194
vn 0.1632 0.9231 -0.3481
vn 0.1762 0.8773 0.4465
vn 0.1620 0.9327 -0.3223
vn 0.1524 0.8728 0.4638
vn 0.1554 0.9411 -0.3002
vn 0.0942 0.8853 0.4554
vn 0.1165 0.9461 -0.3021
vn 0.0167 0.9038 0.4276
vn 0.0452 0.9440 -0.3268
vn -0.0462 0.9136 0.4041
vn -0.0310 0.9350 -0.3532
vn -0.0724 0.9130 0.4014
vn -0.0808 0.9293 -0.3604
vn 0.5202 0.7892 0.3265
vn 0.6348 0.7221 -0.2750
vn 0.6489 0.7256 -0.2290
vn -0.0639 0.9441 -0.3235
vn 0.6191 0.7520 -0.2263
vn 0.5685 0.7844 -0.2481
vn 0.5011 0.8172 -0.2847
vn 0.4384 0.8427 -0.3125
vn 0.4023 0.8599 -0.3142
vn 0.3920 0.8720 -0.2931
vn 0.3831 0.8830 -0.2711
vn 0.3495 0.8968 -0.2713
vn 0.2844 0.9114 -0.2974
vn 0.2075 0.9208 -0.3302
vn 0.1509 0.9262 -0.3454
vn 0.1307 0.9337 -0.3334
vn 0.1316 0.9430 -0.3057
vn 0.1203 0.9504 -0.2867
vn 0.0739 0.9531 -0.2934
vn -0.0013 0.9474 -0.3199
vn -0.0745 0.9362 -0.3436
vn 0.6313 0.7253 -0.2746
vn 0.6336 0.7355 -0.2400
vn -0.0855 0.9387 -0.3339
vn 0.6141 0.7569 -0.2238
vn 0.5816 0.7820 -0.2240
vn 0.5261 0.8131 -0.2494
vn 0.4562 0.8427 -0.2859
vn 0.3967 0.8644 -0.3089
vn 0.3671 0.8790 -0.3043
vn 0.3606 0.8897 -0.2799
vn 0.3495 0.9001 -0.2599
vn 0.3095 0.9132 -0.2650
vn 0.2391 0.9255 -0.2939
vn 0.1630 0.9317 -0.3246
vn 0.1129 0.9357 -0.3343
vn 0.0990 0.9432 -0.3172
vn 0.1004 0.9521 -0.2887
vn 0.0834 0.9583 -0.2734
vn 0.0297 0.9581 -0.2847
vn -0.0479 0.9488 -0.3123
vn 0.6456 0.7196 -0.2555
vn 0.6194 0.7445 -0.2490
vn -0.0983 0.9393 -0.3286
vn 0.5983 0.7664 -0.2338
vn 0.5795 0.7855 -0.2173
vn 0.5432 0.8099 -0.2213
vn 0.4825 0.8395 -0.2499
vn 0.4112 0.8658 -0.2853
vn 0.3562 0.8840 -0.3028
vn 0.3332 0.8964 -0.2923
vn 0.3293 0.9060 -0.2658
vn 0.3147 0.9160 -0.2487
vn 0.2678 0.9281 -0.2588
vn 0.1930 0.9374 -0.2897
vn 0.1193 0.9407 -0.3174
vn 0.0763 0.9439 -0.3213
vn 0.0678 0.9516 -0.2999
vn 0.0683 0.9600 -0.2716
vn 0.0446 0.9644 -0.2606
vn -0.0158 0.9610 -0.2761
vn 0.6718 0.7069 -0.2211
vn 0.6155 0.7491 -0.2451
vn -0.0933 0.9483 -0.3032
vn 0.5810 0.7762 -0.2446
vn 0.5640 0.7945 -0.2254
vn 0.5446 0.8120 -0.2099
vn 0.5036 0.8359 -0.2182
vn 0.4380 0.8636 -0.2496
vn 0.3665 0.8864 -0.2829
vn 0.3170 0.9015 -0.2945
vn 0.3003 0.9123 -0.2786
vn 0.2978 0.9210 -0.2510
vn 0.2785 0.9306 -0.2377
vn 0.2245 0.9412 -0.2526
vn 0.1465 0.9474 -0.2846
vn 0.0765 0.9481 -0.3086
vn 0.0409 0.9510 -0.3066
vn 0.0368 0.9588 -0.2816
vn 0.0348 0.9665 -0.2544
vn 0.0039 0.9687 -0.2482
vn 0.6948 0.6949 -0.1855
vn 0.6250 0.7476 -0.2247
vn -0.0687 0.9627 -0.2616
vn 0.5732 0.7822 -0.2442
vn 0.5442 0.8047 -0.2374
vn 0.5304 0.8200 -0.2153
vn 0.5092 0.8366 -0.2020
vn 0.4627 0.8601 -0.2149
vn 0.3927 0.8855 -0.2483
vn 0.3224 0.9047 -0.2785
vn 0.2793 0.9172 -0.2841
vn 0.2683 0.9266 -0.2633
vn 0.2658 0.9347 -0.2358
vn 0.2405 0.9437 -0.2270
vn 0.1797 0.9524 -0.2463
vn 0.1000 0.9552 -0.2785
vn 0.0350 0.9539 -0.2980
vn 0.0066 0.9569 -0.2904
vn 0.0055 0.9649 -0.2625
vn -0.0003 0.9714 -0.2376
vn 0.7015 0.6938 -0.1632
vn 0.6429 0.7412 -0.1931
vn 0.4567 0.8830 0.1088
vn 0.5802 0.7822 -0.2267
vn 0.5321 0.8118 -0.2404
vn 0.5087 0.8303 -0.2278
vn 0.4971 0.8434 -0.2039
vn 0.4728 0.8596 -0.1939
vn 0.4204 0.8824 -0.2114
vn 0.3468 0.9051 -0.2460
vn 0.2792 0.9208 -0.2723
vn 0.2430 0.9312 -0.2716
vn 0.2368 0.9397 -0.2469
vn 0.2327 0.9472 -0.2205
vn 0.2008 0.9554 -0.2166
vn 0.1337 0.9615 -0.2399
vn 0.0537 0.9610 -0.2713
vn -0.0053 0.9583 -0.2858
vn -0.0268 0.9617 -0.2727
vn -0.0262 0.9697 -0.2431
vn 0.6883 0.7075 -0.1605
vn 0.0481 0.8946 0.4442
vn 0.7044 0.6945 -0.1468
vn 0.0205 0.9759 -0.2172
vn 0.6597 0.7339 -0.1621
vn 0.5986 0.7768 -0.1957
vn 0.5358 0.8134 -0.2264
vn 0.4925 0.8383 -0.2339
vn 0.4744 0.8534 -0.2160
vn 0.4638 0.8650 -0.1917
vn 0.4352 0.8810 -0.1858
vn 0.3767 0.9028 -0.2076
vn 0.3006 0.9224 -0.2424
vn 0.2371 0.9349 -0.2640
vn 0.2080 0.9437 -0.2572
vn 0.2056 0.9514 -0.2294
vn 0.1985 0.9584 -0.2053
vn 0.1592 0.9654 -0.2067
vn 0.0867 0.9686 -0.2332
vn 0.0079 0.9648 -0.2628
vn -0.0442 0.9613 -0.2719
vn -0.0596 0.9654 -0.2538
vn 0.6623 0.7290 -0.1732
vn 0.6981 0.7006 -0.1477
vn 0.0048 0.9726 -0.2323
vn 0.6671 0.7311 -0.1431
vn 0.6183 0.7691 -0.1621
vn 0.5537 0.8092 -0.1967
vn 0.4920 0.8413 -0.2237
vn 0.4543 0.8620 -0.2248
vn 0.4410 0.8743 -0.2026
vn 0.4300 0.8849 -0.1790
vn 0.3961 0.9008 -0.1777
vn 0.3316 0.9212 -0.2035
vn 0.2544 0.9375 -0.2375
vn 0.1962 0.9471 -0.2538
vn 0.1742 0.9547 -0.2412
vn 0.1741 0.9618 -0.2114
vn 0.1627 0.9681 -0.1905
vn 0.1159 0.9735 -0.1972
vn 0.0391 0.9733 -0.2261
vn -0.0369 0.9668 -0.2530
vn -0.0818 0.9631 -0.2564
vn 0.6375 0.7469 -0.1892
vn 0.6851 0.7111 -0.1578
vn -0.0140 0.9697 -0.2438
vn 0.6624 0.7359 -0.1405
vn 0.6293 0.7647 -0.1386
vn 0.5757 0.8016 -0.1613
vn 0.5083 0.8386 -0.1962
vn 0.4491 0.8663 -0.2186
vn 0.4174 0.8833 -0.2135
vn 0.4082 0.8934 -0.1878
vn 0.3955 0.9033 -0.1661
vn 0.3555 0.9191 -0.1699
vn 0.2855 0.9375 -0.1989
vn 0.2086 0.9503 -0.2311
vn 0.1567 0.9576 -0.2417
vn 0.1413 0.9644 -0.2237
vn 0.1421 0.9708 -0.1930
vn 0.1251 0.9764 -0.1761
vn 0.0709 0.9796 -0.1880
vn -0.0088 0.9758 -0.2183
vn -0.0806 0.9670 -0.2417
vn 0.6278 0.7538 -0.1939
vn 0.6731 0.7208 -0.1657
vn -0.0205 0.9718 -0.2351
vn 0.6485 0.7464 -0.1497
vn 0.6268 0.7679 -0.1319
vn 0.5905 0.7959 -0.1336
vn 0.5320 0.8315 -0.1599
vn 0.4626 0.8651 -0.1940
vn 0.4073 0.8885 -0.2113
vn 0.3820 0.9023 -0.2000
vn 0.3757 0.9106 -0.1721
vn 0.3599 0.9203 -0.1533
vn 0.3132 0.9357 -0.1623
vn 0.2385 0.9516 -0.1938
vn 0.1635 0.9610 -0.2232
vn 0.1187 0.9665 -0.2277
vn 0.1090 0.9727 -0.2050
vn 0.1093 0.9786 -0.1746
vn 0.0858 0.9830 -0.1624
vn 0.0245 0.9835 -0.1790
vn -0.0566 0.9761 -0.2099
vn 0.6390 0.7482 -0.1787
vn 0.6697 0.7250 -0.1612
vn 0.4768 0.8691 0.1313
vn 0.6335 0.7571 -0.1595
vn 0.6129 0.7778 -0.1394
vn 0.5912 0.7972 -0.1224
vn 0.5506 0.8248 -0.1284
vn 0.4873 0.8589 -0.1577
vn 0.4171 0.8887 -0.1901
vn 0.3667 0.9082 -0.2016
vn 0.3476 0.9193 -0.1848
vn 0.3430 0.9263 -0.1556
vn 0.3229 0.9359 -0.1408
vn 0.2692 0.9505 -0.1549
vn 0.1910 0.9634 -0.1879
vn 0.1194 0.9696 -0.2136
vn 0.0820 0.9738 -0.2120
vn 0.0771 0.9796 -0.1855
vn 0.0753 0.9848 -0.1563
vn 0.0445 0.9878 -0.1493
vn -0.0230 0.9851 -0.1702
vn 0.6649 0.7325 -0.1462
vn 0.0856 0.8733 0.4796
vn 0.7352 0.6689 -0.1096
vn 0.0832 0.9876 -0.1334
vn 0.6774 0.7219 -0.1411
vn 0.6267 0.7630 -0.1584
vn 0.5953 0.7893 -0.1505
vn 0.5780 0.8060 -0.1273
vn 0.5550 0.8242 -0.1124
vn 0.5094 0.8517 -0.1230
vn 0.4415 0.8838 -0.1547
vn 0.3720 0.9097 -0.1845
vn 0.3275 0.9256 -0.1898
vn 0.3142 0.9344 -0.1680
vn 0.3100 0.9405 -0.1389
vn 0.2844 0.9500 -0.1286
vn 0.2238 0.9634 -0.1476
vn 0.1433 0.9729 -0.1812
vn 0.0765 0.9763 -0.2024
vn 0.0466 0.9797 -0.1948
vn 0.0452 0.9852 -0.1653
vn 0.0399 0.9896 -0.1385
vn 0.0015 0.9906 -0.1369
vn 0.6906 0.7149 -0.1093
vn 0.7457 0.6610 -0.0836
vn 0.0902 0.9895 -0.1134
vn 0.6920 0.7133 -0.1107
vn 0.6326 0.7616 -0.1407
vn 0.5846 0.7968 -0.1526
vn 0.5584 0.8178 -0.1390
vn 0.5435 0.8316 -0.1141
vn 0.5180 0.8493 -0.1022
vn 0.4668 0.8765 -0.1175
vn 0.3950 0.9062 -0.1508
vn 0.3276 0.9281 -0.1769
vn 0.2898 0.9408 -0.1760
vn 0.2815 0.9478 -0.1501
vn 0.2761 0.9533 -0.1222
vn 0.2441 0.9627 -0.1170
vn 0.1771 0.9741 -0.1404
vn 0.0959 0.9802 -0.1735
vn 0.0350 0.9812 -0.1896
vn 0.0123 0.9843 -0.1762
vn 0.0130 0.9894 -0.1447
vn 0.0028 0.9926 -0.1212
vn 0.7017 0.7076 -0.0828
vn 0.7487 0.6592 -0.0699
vn 0.0861 0.9894 -0.1171
vn 0.7054 0.7041 -0.0813
vn 0.6480 0.7536 -0.1104
vn 0.5878 0.7971 -0.1382
vn 0.5438 0.8267 -0.1442
vn 0.5226 0.8433 -0.1255
vn 0.5091 0.8549 -0.1000
vn 0.4798 0.8725 -0.0921
vn 0.4227 0.8993 -0.1120
vn 0.3481 0.9260 -0.1458
vn 0.2842 0.9440 -0.1675
vn 0.2534 0.9540 -0.1603
vn 0.2491 0.9595 -0.1313
vn 0.2411 0.9647 -0.1056
vn 0.2020 0.9736 -0.1060
vn 0.1293 0.9826 -0.1330
vn 0.0491 0.9851 -0.1646
vn -0.0050 0.9845 -0.1751
vn -0.0212 0.9874 -0.1565
vn -0.0199 0.9921 -0.1242
vn 0.6923 0.7178 -0.0743
vn 0.7433 0.6652 -0.0706
vn 0.0726 0.9884 -0.1335
vn 0.7110 0.7003 -0.0633
vn 0.6642 0.7435 -0.0783
vn 0.6031 0.7902 -0.1089
vn 0.5433 0.8289 -0.1334
vn 0.5042 0.8532 -0.1334
vn 0.4878 0.8660 -0.1103
vn 0.4744 0.8762 -0.0854
vn 0.4403 0.8941 -0.0822
vn 0.3773 0.9200 -0.1062
vn 0.3011 0.9433 -0.1396
vn 0.2420 0.9576 -0.1562
vn 0.2182 0.9654 -0.1430
vn 0.2167 0.9698 -0.1119
vn 0.2048 0.9747 -0.0896
vn 0.1582 0.9828 -0.0956
vn 0.0809 0.9888 -0.1254
vn 0.0032 0.9880 -0.1545
vn -0.0435 0.9863 -0.1592
vn -0.0541 0.9892 -0.1359
vn 0.6673 0.7403 -0.0823
vn 0.7327 0.6759 -0.0794
vn 0.0570 0.9877 -0.1453
vn 0.7067 0.7049 -0.0607
vn 0.6729 0.7376 -0.0559
vn 0.6217 0.7797 -0.0747
vn 0.5575 0.8234 -0.1060
vn 0.4995 0.8570 -0.1264
vn 0.4660 0.8766 -0.1203
vn 0.4537 0.8862 -0.0938
vn 0.4390 0.8957 -0.0708
vn 0.3993 0.9139 -0.0727
vn 0.3308 0.9384 -0.1002
vn 0.2544 0.9580 -0.1321
vn 0.2013 0.9690 -0.1430
vn 0.1842 0.9750 -0.1244
vn 0.1839 0.9786 -0.0923
vn 0.1669 0.9832 -0.0742
vn 0.1128 0.9899 -0.0857
vn 0.0322 0.9926 -0.1175
vn -0.0415 0.9888 -0.1431
vn -0.0806 0.9866 -0.1418
vn 0.6402 0.7621 -0.0970
vn 0.7229 0.6856 -0.0860
vn 0.0485 0.9892 -0.1380
vn 0.6949 0.7158 -0.0688
vn 0.6703 0.7405 -0.0495
vn 0.6339 0.7719 -0.0482
vn 0.5781 0.8129 -0.0706
vn 0.5116 0.8532 -0.1016
vn 0.4566 0.8819 -0.1173
vn 0.4291 0.8971 -0.1052
vn 0.6450 0.6756 -0.3573
vn 0.0730 0.9291 -0.3627
vn 0.6082 0.7050 -0.3648
vn -0.0652 0.9108 -0.4076
vn 0.4866 0.7700 -0.4128
vn -0.1609 0.8918 -0.4228
vn 0.4279 0.8168 -0.3869
vn -0.1646 0.9148 -0.3689
vn 0.1272 0.9901 -0.0595
vn 0.0660 0.9949 -0.0763
vn -0.0164 0.9939 -0.1090
vn -0.0848 0.9878 -0.1304
vn 0.6262 0.7727 -0.1042
vn 0.7199 0.6893 -0.0811
vn 0.0532 0.9928 -0.1072
vn 0.6823 0.7270 -0.0773
vn 0.6581 0.7509 -0.0561
vn 0.6338 0.7726 -0.0375
vn 0.5938 0.8036 -0.0403
vn 0.5333 0.8434 -0.0659
vn 0.4655 0.8798 -0.0957
vn 0.6421 0.6625 -0.3857
vn 0.3918 0.9154 -0.0925
vn 0.3660 0.9299 -0.0363
vn 0.3874 0.9204 -0.0535
vn 0.2309 0.9696 -0.0807
vn 0.3165 0.9468 -0.0578
vn 0.1219 0.9860 -0.1134
vn 0.1647 0.9792 -0.1181
vn 0.1162 0.9918 -0.0536
vn -0.1873 0.9576 0.2190
vn 0.0858 0.9953 -0.0458
vn 0.0180 0.9976 -0.0673
vn -0.0644 0.9929 -0.0998
vn 0.6334 0.7681 -0.0934
vn 0.7258 0.6851 -0.0618
vn 0.0683 0.9958 -0.0613
vn 0.6764 0.7326 -0.0754
vn 0.6429 0.7631 -0.0659
vn 0.6219 0.7820 -0.0418
vn 0.5969 0.8019 -0.0251
vn 0.5525 0.8329 -0.0324
vn 0.4874 0.8710 -0.0607
vn 0.6717 0.6965 0.2525
vn 0.3582 0.9306 -0.0748
vn 0.3723 0.9233 -0.0945
vn 0.3272 0.9447 -0.0232
vn 0.3537 0.9346 -0.0369
vn 0.1826 0.9803 -0.0753
vn 0.2701 0.9614 -0.0514
vn -0.2219 0.8952 -0.3866
vn 0.1188 0.9874 -0.1049
vn 0.0858 0.9943 -0.0631
vn 0.0806 0.9961 -0.0351
vn 0.0426 0.9985 -0.0330
vn -0.0307 0.9978 -0.0585
vn 0.6580 0.7502 -0.0645
vn 0.7369 0.6751 -0.0336
vn 0.0846 0.9962 -0.0180
vn 0.6810 0.7300 -0.0582
vn 0.6336 0.7707 -0.0670
vn 0.6047 0.7948 -0.0522
vn 0.5862 0.8097 -0.0263
vn 0.5593 0.8289 -0.0126
vn 0.5098 0.8600 -0.0246
vn 0.6727 0.6465 -0.3599
vn 0.3703 0.9258 -0.0759
vn 0.3247 0.9442 -0.0548
vn 0.3341 0.9393 -0.0783
vn 0.2869 0.9579 -0.0098
vn 0.3194 0.9474 -0.0194
vn 0.1343 0.9886 -0.0687
vn 0.2225 0.9740 -0.0426
vn 0.0528 0.9958 -0.0742
vn -0.2362 0.9454 0.2247
vn 0.0532 0.9977 -0.0419
vn 0.0435 0.9989 -0.0173
vn -0.0023 0.9998 -0.0212
vn 0.6858 0.7273 -0.0287
vn 0.7470 0.6648 -0.0065
vn 0.0932 0.9956 0.0065
vn 0.6932 0.7202 -0.0296
vn 0.6360 0.7699 -0.0527
vn 0.5918 0.8041 -0.0562
vn 0.5675 0.8226 -0.0366
vn 0.5507 0.8346 -0.0102
vn 0.5207 0.8537 -0.0003
vn 0.6985 0.6462 0.3074
vn 0.3265 0.9428 -0.0669
vn 0.3937 0.9174 -0.0587
vn 0.2916 0.9559 -0.0340
vn 0.2963 0.9532 -0.0606
vn 0.2450 0.9695 0.0024
vn 0.2841 0.9588 -0.0023
vn -0.2365 0.8977 -0.3717
vn 0.1746 0.9841 -0.0337
vn 0.0359 0.9967 -0.0727
vn 0.0188 0.9984 -0.0540
vn 0.0202 0.9996 -0.0208
vn 0.0048 1.0000 -0.0006
vn 0.7010 0.7131 0.0001
vn 0.7508 0.6604 0.0099
vn 0.0907 0.9959 0.0071
vn 0.7058 0.7084 0.0002
vn 0.6484 0.7609 -0.0247
vn 0.5911 0.8053 -0.0452
vn 0.5510 0.8334 -0.0432
vn 0.5313 0.8470 -0.0195
vn 0.5150 0.8571 0.0063
vn 0.7060 0.6391 -0.3050
vn 0.4208 0.9071 0.0028
vn 0.2838 0.9573 -0.0558
vn 0.3463 0.9368 -0.0495
vn 0.2586 0.9659 -0.0126
vn 0.2601 0.9647 -0.0416
vn 0.2015 0.9794 0.0135
vn 0.2474 0.9688 0.0143
vn 0.0446 0.9977 -0.0510
vn -0.2052 0.9325 0.2972
vn -0.0033 0.9984 -0.0564
vn -0.0144 0.9994 -0.0330
vn -0.0136 0.9999 -0.0001
vn 0.6958 0.7181 0.0135
vn 0.7469 0.6648 0.0125
vn 0.0789 0.9968 -0.0082
vn 0.7122 0.7016 0.0208
vn 0.6635 0.7481 0.0073
vn 0.6029 0.7976 -0.0187
vn 0.5466 0.8366 -0.0357
vn 0.5115 0.8588 -0.0282
vn 0.4958 0.8684 -0.0012
vn 0.6963 0.6432 0.3185
vn 0.3740 0.9274 0.0093
vn 0.4420 0.8968 0.0173
vn 0.2425 0.9692 -0.0427
vn 0.2983 0.9537 -0.0392
vn 0.2255 0.9742 0.0089
vn 0.2253 0.9740 -0.0216
vn -0.1751 0.9384 -0.2978
vn 0.2105 0.9771 0.0303
vn 0.0739 0.9972 -0.0129
vn -0.0008 0.9992 -0.0395
vn -0.0410 0.9984 -0.0389
vn -0.0472 0.9988 -0.0116
vn 0.6730 0.7396 0.0111
vn 0.7373 0.6755 0.0056
vn 0.0642 0.9977 -0.0224
vn 0.7096 0.7041 0.0269
vn 0.6729 0.7390 0.0318
vn 0.6200 0.7845 0.0147
vn 0.5569 0.8305 -0.0115
vn 0.5029 0.8640 -0.0244
vn 0.4732 0.8809 -0.0114
vn 0.6869 0.6676 -0.2873
vn 0.4436 0.8953 0.0416
vn 0.3265 0.9451 0.0152
vn 0.3980 0.9170 0.0277
vn 0.2027 0.9788 -0.0291
vn 0.2507 0.9676 -0.0302
vn 0.1929 0.9808 0.0295
vn 0.1917 0.9815 -0.0014
vn 0.1073 0.9938 0.0285
vn -0.1572 0.9228 0.3518
vn 0.0249 0.9997 -0.0043
vn -0.0447 0.9986 -0.0268
vn -0.0772 0.9968 -0.0203
vn 0.6447 0.7644 -0.0006
vn 0.4423 0.8407 -0.3124
vn 0.0468 0.8066 -0.5893
vn 0.6992 0.7146 0.0213
vn 0.6722 0.7392 0.0418
vn 0.6327 0.7732 0.0428
vn 0.5753 0.8176 0.0223
vn 0.5106 0.8598 -0.0032
vn 0.4601 0.8878 -0.0112
vn 0.6650 0.6819 0.3047
vn 0.6387 0.6873 0.3459
vn 0.1063 0.9336 0.3421
vn 0.5539 0.7630 0.3331
vn 0.0155 0.9340 0.3569
vn 0.4506 0.8420 0.2967
vn -0.1215 0.9459 0.3009
vn 0.1562 0.9865 0.0499
vn -0.1533 0.9356 0.3182
vn 0.1263 0.9903 0.0585
vn 0.0594 0.9975 0.0379
vn -0.0235 0.9997 0.0048
vn -0.0869 0.9961 -0.0131
vn 0.6267 0.7792 -0.0090
vn 0.6865 0.7270 0.0131
vn -0.0064 1.0000 -0.0056
vn 0.6618 0.7487 0.0383
vn 0.6345 0.7708 0.0570
vn 0.5913 0.8047 0.0536
vn 0.5295 0.8477 0.0303
vn 0.4643 0.8856 0.0065
vn 0.4186 0.9082 0.0038
vn 0.4001 0.9161 0.0264
vn 0.3912 0.9186 0.0565
vn 0.3649 0.9284 0.0696
vn 0.3072 0.9501 0.0547
vn 0.2292 0.9731 0.0238
vn 0.1617 0.9868 0.0028
vn 0.1293 0.9916 0.0102
vn 0.1259 0.9912 0.0406
vn 0.1206 0.9903 0.0688
vn 0.0834 0.9939 0.0717
vn 0.0107 0.9989 0.0467
vn -0.0710 0.9974 0.0145
vn 0.6296 0.7769 -0.0025
vn 0.3842 0.8740 -0.2974
vn -0.0097 0.8177 -0.5755
vn 0.6469 0.7620 0.0295
vn 0.6248 0.7787 0.0562
vn 0.5964 0.7995 0.0720
vn 0.5486 0.8336 0.0642
vn 0.4829 0.8748 0.0388
vn 0.4185 0.9080 0.0176
vn 0.3785 0.9254 0.0204
vn 0.3650 0.9298 0.0468
vn 0.3560 0.9314 0.0757
vn 0.3243 0.9422 0.0838
vn 0.2603 0.9634 0.0643
vn 0.1808 0.9830 0.0331
vn 0.1187 0.9928 0.0167
vn 0.0936 0.9952 0.0298
vn 0.0931 0.9937 0.0620
vn 0.0837 0.9927 0.0868
vn 0.0389 0.9957 0.0837
vn -0.0383 0.9977 0.0552
vn 0.6518 0.7581 0.0213
vn 0.6358 0.7714 0.0267
vn -0.0697 0.9972 0.0269
vn 0.6083 0.7923 0.0475
vn 0.5882 0.8053 0.0745
vn 0.5574 0.8257 0.0867
vn 0.5045 0.8602 0.0744
vn 0.4356 0.8989 0.0478
vn 0.3736 0.9271 0.0301
vn 0.3397 0.9397 0.0384
vn 0.3306 0.9413 0.0677
vn 0.3201 0.9427 0.0944
vn 0.2822 0.9544 0.0971
vn 0.2124 0.9744 0.0735
vn 0.1330 0.9902 0.0431
vn 0.0772 0.9965 0.0318
vn 0.0591 0.9970 0.0502
vn 0.0601 0.9947 0.0832
vn 0.0454 0.9936 0.1036
vn -0.0070 0.9955 0.0946
vn 0.6805 0.7308 0.0539
vn 0.6348 0.7717 0.0377
vn -0.0648 0.9958 0.0648
vn 0.5939 0.8034 0.0423
vn 0.5707 0.8184 0.0666
vn 0.5515 0.8289 0.0930
vn 0.5173 0.8498 0.1009
vn 0.4592 0.8843 0.0845
vn 0.3880 0.9199 0.0575
vn 0.3297 0.9431 0.0440
vn 0.3024 0.9514 0.0577
vn 0.2966 0.9508 0.0888
vn 0.2832 0.9525 0.1123
vn 0.2385 0.9649 0.1095
vn 0.1638 0.9830 0.0825
vn 0.0861 0.9948 0.0538
vn 0.0376 0.9981 0.0482
vn 0.0257 0.9971 0.0711
vn 0.0266 0.9942 0.1037
vn 0.0055 0.9929 0.1191
vn 0.6994 0.7100 0.0825
vn 0.3500 0.9052 -0.2410
vn -0.0390 0.8493 -0.5265
vn 0.5898 0.8060 0.0500
vn 0.5531 0.8310 0.0595
vn 0.5340 0.8411 0.0866
vn 0.5146 0.8502 0.1112
vn 0.4760 0.8719 0.1145
vn 0.4128 0.9059 0.0943
vn 0.3406 0.9378 0.0680
vn 0.2872 0.9560 0.0593
vn 0.2665 0.9607 0.0780
vn 0.2627 0.9586 0.1098
vn 0.2451 0.9608 0.1293
vn 0.1935 0.9736 0.1209
vn 0.1149 0.9892 0.0914
vn 0.0405 0.9970 0.0655
vn -0.0004 0.9978 0.0656
vn -0.0071 0.9957 0.0923
vn -0.0078 0.9923 0.1234
vn 0.6987 0.7085 0.0993
vn 0.5981 0.7981 0.0729
vn -0.1043 0.9877 0.1165
vn 0.5453 0.8358 0.0639
vn 0.5136 0.8545 0.0781
vn 0.4978 0.8607 0.1071
vn 0.4772 0.8693 0.1291
vn 0.4334 0.8921 0.1274
vn 0.3654 0.9250 0.1041
vn 0.2936 0.9526 0.0793
vn 0.2463 0.9662 0.0759
vn 0.2316 0.9678 0.0989
vn 0.2286 0.9647 0.1305
vn 0.2057 0.9678 0.1452
vn 0.1471 0.9804 0.1315
vn 0.0661 0.9928 0.1004
vn -0.0036 0.9969 0.0780
vn -0.0368 0.9958 0.0839
vn -0.0395 0.9928 0.1135
vn 0.6791 0.7270 0.1021
vn 0.3255 0.9261 -0.1908
vn -0.0645 0.8689 -0.4908
vn 0.5516 0.8299 0.0842
vn 0.5017 0.8614 0.0793
vn 0.4752 0.8744 0.0980
vn 0.4620 0.8776 0.1278
vn 0.4389 0.8865 0.1462
vn 0.3895 0.9104 0.1396
vn 0.3173 0.9414 0.1140
vn 0.2475 0.9645 0.0916
vn 0.2070 0.9739 0.0936
vn 0.1977 0.9728 0.1203
vn 0.1940 0.9694 0.1504
vn 0.1649 0.9733 0.1599
vn 0.0997 0.9850 0.1412
vn 0.0178 0.9938 0.1095
vn -0.0459 0.9947 0.0915
vn -0.0717 0.9921 0.1029
vn 0.6507 0.7534 0.0948
vn 0.5674 0.8153 0.1151
vn -0.1407 0.9760 0.1664
vn 0.5051 0.8577 0.0964
vn 0.4593 0.8831 0.0960
vn 0.4381 0.8911 0.1187
vn 0.4264 0.8923 0.1483
vn 0.3997 0.9021 0.1626
vn 0.3442 0.9267 0.1511
vn 0.2690 0.9551 0.1240
vn 0.2027 0.9736 0.1050
vn 0.1693 0.9791 0.1124
vn 0.1645 0.9761 0.1418
vn 0.1586 0.9727 0.1695
vn 0.1225 0.9772 0.1733
vn 0.0515 0.9873 0.1502
vn -0.0296 0.9925 0.1189
vn -0.0865 0.9906 0.1058
vn 0.6294 0.7722 0.0870
vn 0.3042 0.9423 -0.1398
vn -0.0883 0.8850 -0.4571
vn 0.5209 0.8442 0.1264
vn 0.4589 0.8817 0.1096
vn 0.4182 0.9012 0.1140
vn 0.4020 0.9049 0.1399
vn 0.3906 0.9050 0.1684
vn 0.3592 0.9161 0.1779
vn 0.2977 0.9408 0.1620
vn 0.2208 0.9660 0.1342
vn 0.1593 0.9800 0.1193
vn 0.1332 0.9823 0.1320
vn 0.1316 0.9778 0.1631
vn 0.1221 0.9747 0.1874
vn 0.0787 0.9795 0.1855
vn 0.0030 0.9873 0.1587
vn -0.0757 0.9888 0.1288
vn 0.6277 0.7733 0.0899
vn 0.5392 0.8271 0.1589
vn -0.1782 0.9623 0.2053
vn 0.4737 0.8698 0.1379
vn 0.4135 0.9020 0.1239
vn 0.3785 0.9160 0.1331
vn 0.3667 0.9162 0.1615
vn 0.3544 0.9161 0.1878
vn 0.3174 0.9286 0.1923
vn 0.2503 0.9527 0.1723
vn 0.1732 0.9742 0.1449
vn 0.1177 0.9839 0.1346
vn 0.0985 0.9834 0.1522
vn 0.0987 0.9780 0.1839
vn 0.0844 0.9753 0.2040
vn 0.0336 0.9800 0.1963
vn -0.0455 0.9850 0.1666
vn 0.6467 0.7551 0.1080
vn 0.5494 0.8153 0.1828
vn -0.1771 0.9599 0.2175
vn 0.4941 0.8524 0.1714
vn 0.4262 0.8921 0.1497
vn 0.3692 0.9189 0.1392
vn 0.3404 0.9277 0.1531
vn 0.3320 0.9253 0.1830
vn 0.3175 0.9256 0.2063
vn 0.2743 0.9394 0.2056
vn 0.2023 0.9622 0.1822
vn 0.1264 0.9796 0.1561
vn 0.0778 0.9855 0.1508
vn 0.0650 0.9828 0.1727
vn 0.0655 0.9768 0.2040
vn 0.0453 0.9746 0.2192
vn -0.0125 0.9785 0.2059
vn 0.6752 0.7251 0.1354
vn 0.2826 0.9559 -0.0803
vn -0.1199 0.8966 -0.4263
vn 0.5081 0.8381 0.1985
vn 0.4479 0.8750 0.1835
vn 0.3788 0.9112 0.1619
vn 0.3262 0.9324 0.1555
vn 0.3036 0.9368 0.1738
vn 0.2977 0.9326 0.2043
vn 0.2796 0.9337 0.2237
vn 0.2299 0.9485 0.2178
vn 0.1540 0.9693 0.1917
vn 0.0810 0.9825 0.1678
vn 0.0398 0.9850 0.1679
vn 0.0324 0.9806 0.1932
vn 0.0317 0.9743 0.2230
vn 0.0048 0.9725 0.2329
vn 0.6969 0.6987 0.1617
vn 0.5082 0.8348 0.2117
vn -0.2327 0.9464 0.2238
vn 0.4656 0.8589 0.2133
vn 0.4009 0.8951 0.1952
vn 0.3319 0.9270 0.1746
vn 0.2847 0.9429 0.1727
vn 0.2682 0.9435 0.1949
vn 0.2634 0.9381 0.2250
vn 0.2407 0.9405 0.2400
vn 0.1843 0.9558 0.2290
vn 0.1058 0.9738 0.2011
vn 0.0371 0.9829 0.1802
vn 0.0035 0.9826 0.1856
vn 0.0004 0.9769 0.2136
vn -0.0029 0.9706 0.2409
vn 0.7007 0.6905 0.1797
vn 0.4940 0.8435 0.2110
vn -0.2572 0.9436 0.2086
vn 0.4696 0.8523 0.2302
vn 0.4220 0.8777 0.2272
vn 0.3533 0.9124 0.2066
vn 0.2858 0.9397 0.1880
vn 0.2450 0.9506 0.1908
vn 0.2339 0.9479 0.2161
vn 0.2288 0.9422 0.2448
vn 0.2005 0.9459 0.2549
vn 0.1377 0.9612 0.2391
vn 0.0581 0.9759 0.2103
vn -0.0051 0.9811 0.1933
vn -0.0312 0.9785 0.2038
vn -0.0313 0.9719 0.2334
vn 0.6849 0.7042 0.1868
vn 0.4722 0.8577 0.2037
vn -0.2808 0.9390 0.1984
vn 0.4576 0.8583 0.2325
vn 0.4303 0.8680 0.2478
vn 0.3772 0.8944 0.2403
vn 0.3055 0.9269 0.2180
vn 0.2410 0.9493 0.2020
vn 0.2070 0.9556 0.2096
vn 0.2004 0.9506 0.2373
vn 0.1937 0.9450 0.2636
vn 0.1590 0.9501 0.2685
vn 0.0905 0.9644 0.2484
vn 0.0113 0.9755 0.2196
vn -0.0453 0.9773 0.2070
vn -0.0644 0.9729 0.2222
vn 0.6578 0.7303 0.1845
vn 0.1725 0.9813 -0.0853
vn -0.2142 0.8757 -0.4327
vn 0.4350 0.8717 0.2258
vn 0.4212 0.8709 0.2533
vn 0.3901 0.8821 0.2642
vn 0.3315 0.9091 0.2525
vn 0.2578 0.9386 0.2293
vn 0.1976 0.9560 0.2167
vn 0.1706 0.9584 0.2289
vn 0.1675 0.9515 0.2580
vn 0.1578 0.9466 0.2813
vn 0.1162 0.9527 0.2807
vn 0.0430 0.9655 0.2569
vn -0.0343 0.9728 0.2291
vn -0.0836 0.9716 0.2213
vn 0.6342 0.7522 0.1788
vn 0.4136 0.8833 0.2206
vn -0.3378 0.9163 0.2151
vn 0.3989 0.8829 0.2478
vn 0.3848 0.8817 0.2732
vn 0.3487 0.8946 0.2795
vn 0.2849 0.9215 0.2639
vn 0.2107 0.9475 0.2407
vn 0.1560 0.9601 0.2320
vn 0.1359 0.9591 0.2485
vn 0.1349 0.9510 0.2782
vn 0.1209 0.9470 0.2975
vn 0.0722 0.9538 0.2916
vn -0.0045 0.9643 0.2648
vn -0.0784 0.9679 0.2389
vn 0.6279 0.7573 0.1793
vn 0.4049 0.8857 0.2270
vn -0.3374 0.9100 0.2408
vn 0.3747 0.8952 0.2412
vn 0.3637 0.8917 0.2695
vn 0.3479 0.8909 0.2921
vn 0.3063 0.9055 0.2936
vn 0.2377 0.9317 0.2747
vn 0.1644 0.9536 0.2522
vn 0.1163 0.9618 0.2479
vn 0.1024 0.9579 0.2682
vn 0.1022 0.9493 0.2974
vn 0.0829 0.9464 0.3123
vn 0.0273 0.9532 0.3011
vn -0.0517 0.9609 0.2721
vn 0.6429 0.7415 0.1918
vn 0.4133 0.8762 0.2479
vn -0.3209 0.9050 0.2793
vn 0.3615 0.8998 0.2443
vn 0.3373 0.9042 0.2621
vn 0.3289 0.8985 0.2907
vn 0.3103 0.8987 0.3098
vn 0.2628 0.9149 0.3066
vn 0.1903 0.9395 0.2849
vn 0.1195 0.9571 0.2641
vn 0.0784 0.9612 0.2644
vn 0.0701 0.9551 0.2879
vn 0.0691 0.9464 0.3156
vn 0.0436 0.9445 0.3255
vn -0.0184 0.9508 0.3093
vn 0.6701 0.7110 0.2132
vn 0.1514 0.9884 -0.0067
vn -0.2172 0.9077 -0.3591
vn 0.3665 0.8927 0.2620
vn 0.3198 0.9105 0.2621
vn 0.3014 0.9105 0.2831
vn 0.2945 0.9036 0.3112
vn 0.2719 0.9053 0.3262
vn 0.2182 0.9225 0.3183
vn 0.1430 0.9448 0.2947
vn 0.0761 0.9581 0.2763
vn 0.0424 0.9587 0.2813
vn 0.0386 0.9509 0.3071
vn 0.0354 0.9424 0.3325
vn 0.0030 0.9415 0.3371
vn 0.6938 0.6806 0.2355
vn 0.0981 0.9952 0.0009
vn -0.2550 0.9006 -0.3520
vn 0.3207 0.9060 0.2764
vn 0.2798 0.9182 0.2803
vn 0.2667 0.9146 0.3039
vn 0.2601 0.9072 0.3307
vn 0.2326 0.9107 0.3413
vn 0.1728 0.9284 0.3289
vn 0.0962 0.9478 0.3041
vn 0.0345 0.9567 0.2889
vn 0.0081 0.9544 0.2985
vn 0.0075 0.9454 0.3257
vn 0.0008 0.9375 0.3480
vn 0.7017 0.6662 0.2526
vn 0.0454 0.9989 0.0083
vn -0.2965 0.8898 -0.3468
vn 0.2760 0.9160 0.2911
vn 0.2416 0.9232 0.2989
vn 0.2331 0.9167 0.3245
vn 0.2254 0.9096 0.3491
vn 0.1921 0.9149 0.3550
vn 0.1269 0.9324 0.3385
vn 0.0503 0.9483 0.3134
vn -0.0052 0.9533 0.3019
vn -0.0246 0.9485 0.3157
vn -0.0234 0.9389 0.3435
vn 0.6903 0.6743 0.2625
vn -0.0062 0.9999 0.0156
vn -0.3370 0.8772 -0.3419
vn 0.2329 0.9231 0.3060
vn 0.2052 0.9257 0.3178
vn 0.2003 0.9172 0.3445
vn 0.1902 0.9109 0.3662
vn 0.1505 0.9179 0.3672
vn 0.0806 0.9343 0.3472
vn 0.0057 0.9465 0.3226
vn -0.0430 0.9480 0.3153
vn -0.0561 0.9413 0.3329
vn 0.6653 0.6980 0.2647
vn -0.0557 0.9981 0.0249
vn -0.3762 0.8630 -0.3372
vn 0.1915 0.9274 0.3213
vn 0.1704 0.9261 0.3366
vn 0.1680 0.9162 0.3637
vn 0.1542 0.9112 0.3819
vn 0.1080 0.9195 0.3780
vn 0.0344 0.9342 0.3550
vn -0.0375 0.9426 0.3318
vn -0.0788 0.9410 0.3290
vn 0.6405 0.7218 0.2622
vn 0.1994 0.9191 0.3398
vn -0.5262 0.7925 0.3083
vn 0.1521 0.9292 0.3369
vn 0.1372 0.9246 0.3554
vn 0.1359 0.9141 0.3820
vn 0.1173 0.9106 0.3962
vn 0.0645 0.9196 0.3874
vn -0.0115 0.9320 0.3622
vn -0.0789 0.9367 0.3412
vn 0.6301 0.7310 0.2619
vn 0.2107 0.8828 -0.4198
vn -0.3913 0.8684 -0.3047
vn 0.1438 0.8926 -0.4273
vn 0.1117 0.9037 -0.4133
vn -0.1873 0.9792 0.0778
vn 0.1036 0.9110 0.3991
vn 0.0794 0.9091 0.4089
vn 0.0203 0.9182 0.3955
vn -0.0565 0.9278 0.3688
vn 0.6388 0.7198 0.2717
vn 0.0843 0.9264 -0.3670
vn -0.5149 0.8023 -0.3020
vn 0.0806 0.9322 -0.3528
vn 0.0428 0.9317 -0.3606
vn -0.0309 0.9220 -0.3860
vn 0.5203 0.7943 -0.3136
vn -0.7660 0.1338 0.6287
vn -0.3659 -0.3919 0.8441
vn -0.6559 -0.7197 0.2278
vn -0.9991 -0.0425 0.0057
vn -0.3293 -0.3966 0.8569
vn -0.6099 -0.7534 0.2460
vn -0.2764 -0.3910 0.8779
vn -0.5459 -0.7890 0.2819
vn -0.2281 -0.3851 0.8942
vn -0.4814 -0.8184 0.3137
vn -0.2045 -0.3933 0.8964
vn -0.4392 -0.8388 0.3217
vn -0.2073 -0.4161 0.8854
vn -0.4239 -0.8528 0.3049
vn -0.2151 -0.4381 0.8728
vn -0.4157 -0.8646 0.2822
vn -0.2024 -0.4452 0.8723
vn -0.3878 -0.8789 0.2778
vn -0.1638 -0.4328 0.8865
vn -0.3287 -0.8954 0.3003
vn -0.1156 -0.4100 0.9047
vn -0.2526 -0.9080 0.3342
vn -0.0805 -0.3981 0.9138
vn -0.1905 -0.9154 0.3545
vn -0.0698 -0.4118 0.9086
vn -0.1633 -0.9231 0.3480
vn -0.0774 -0.4417 0.8938
vn -0.1620 -0.9327 0.3223
vn -0.0804 -0.4635 0.8824
vn -0.1553 -0.9411 0.3003
vn -0.0603 -0.4606 0.8856
vn -0.1164 -0.9461 0.3022
vn -0.0219 -0.4348 0.9003
vn -0.0452 -0.9440 0.3269
vn 0.0155 -0.4064 0.9136
vn 0.0309 -0.9351 0.3532
vn 0.0370 -0.3990 0.9162
vn 0.0806 -0.9294 0.3603
vn 0.6161 -0.2845 0.7345
vn 0.7731 -0.5913 0.2297
vn -0.6488 -0.7257 0.2290
vn -0.9981 -0.0609 0.0070
vn -0.6190 -0.7520 0.2264
vn -0.5684 -0.7844 0.2481
vn -0.5012 -0.8172 0.2847
vn -0.4386 -0.8426 0.3124
vn -0.4025 -0.8599 0.3141
vn -0.3920 -0.8720 0.2931
vn -0.3829 -0.8830 0.2713
vn -0.3493 -0.8968 0.2715
vn -0.2843 -0.9114 0.2974
vn -0.2076 -0.9208 0.3301
vn -0.1511 -0.9262 0.3453
vn -0.1309 -0.9337 0.3333
vn -0.1315 -0.9430 0.3058
vn -0.1201 -0.9504 0.2868
vn -0.0738 -0.9531 0.2935
vn 0.0013 -0.9474 0.3199
vn 0.0743 -0.9362 0.3435
vn 0.7765 -0.5897 0.2220
vn -0.6336 -0.7355 0.2400
vn -0.9963 -0.0845 0.0184
vn -0.6140 -0.7569 0.2239
vn -0.5815 -0.7820 0.2242
vn -0.5260 -0.8131 0.2495
vn -0.4562 -0.8427 0.2858
vn -0.3968 -0.8644 0.3087
vn -0.3672 -0.8790 0.3042
vn -0.3605 -0.8897 0.2800
vn -0.3493 -0.9002 0.2601
vn -0.3093 -0.9133 0.2651
vn -0.2391 -0.9255 0.2939
vn -0.1631 -0.9317 0.3245
vn -0.1131 -0.9357 0.3341
vn -0.0991 -0.9432 0.3172
vn -0.1003 -0.9521 0.2888
vn -0.0832 -0.9583 0.2735
vn -0.0296 -0.9581 0.2848
vn 0.0479 -0.9488 0.3123
vn 0.7638 -0.6111 0.2077
vn -0.6194 -0.7445 0.2490
vn -0.9946 -0.0991 0.0323
vn -0.5983 -0.7664 0.2338
vn -0.5793 -0.7856 0.2174
vn -0.5431 -0.8099 0.2214
vn -0.4825 -0.8395 0.2500
vn -0.4113 -0.8657 0.2852
vn -0.3564 -0.8840 0.3027
vn -0.3333 -0.8964 0.2922
vn -0.3293 -0.9060 0.2659
vn -0.3145 -0.9160 0.2489
vn -0.2677 -0.9281 0.2589
vn -0.1930 -0.9375 0.2897
vn -0.1194 -0.9408 0.3173
vn -0.0765 -0.9439 0.3212
vn -0.0679 -0.9516 0.2999
vn -0.0681 -0.9600 0.2717
vn -0.0444 -0.9644 0.2607
vn 0.0158 -0.9610 0.2761
vn 0.7401 -0.6452 0.1898
vn -0.6154 -0.7491 0.2451
vn -0.9946 -0.0957 0.0394
vn -0.5812 -0.7762 0.2445
vn -0.5639 -0.7945 0.2254
vn -0.5445 -0.8121 0.2100
vn -0.5035 -0.8359 0.2183
vn -0.4380 -0.8636 0.2496
vn -0.3666 -0.8864 0.2828
vn -0.3172 -0.9015 0.2944
vn -0.3004 -0.9122 0.2785
vn -0.2977 -0.9210 0.2511
vn -0.2783 -0.9306 0.2379
vn -0.2244 -0.9412 0.2526
vn -0.1466 -0.9474 0.2846
vn -0.0767 -0.9481 0.3085
vn -0.0411 -0.9510 0.3065
vn -0.0368 -0.9588 0.2816
vn -0.0346 -0.9664 0.2546
vn -0.0039 -0.9687 0.2482
vn 0.7181 -0.6743 0.1722
vn -0.6250 -0.7476 0.2246
vn -0.9966 -0.0739 0.0376
vn -0.5733 -0.7821 0.2441
vn -0.5443 -0.8046 0.2373
vn -0.5303 -0.8200 0.2153
vn -0.5090 -0.8367 0.2022
vn -0.4626 -0.8601 0.2150
vn -0.3927 -0.8855 0.2483
vn -0.3226 -0.9047 0.2784
vn -0.2795 -0.9172 0.2839
vn -0.2684 -0.9266 0.2633
vn -0.2656 -0.9348 0.2359
vn -0.2404 -0.9437 0.2271
vn -0.1797 -0.9524 0.2464
vn -0.1000 -0.9552 0.2785
vn -0.0352 -0.9539 0.2979
vn -0.0068 -0.9569 0.2903
vn -0.0055 -0.9649 0.2626
vn 0.0003 -0.9714 0.2376
vn 0.7113 -0.6842 0.1614
vn -0.6429 -0.7412 0.1931
vn -0.8204 -0.4179 0.3902
vn -0.5803 -0.7822 0.2266
vn -0.5323 -0.8117 0.2403
vn -0.5088 -0.8302 0.2277
vn -0.4970 -0.8434 0.2040
vn -0.4726 -0.8596 0.1941
vn -0.4203 -0.8824 0.2114
vn -0.3469 -0.9051 0.2459
vn -0.2794 -0.9208 0.2721
vn -0.2432 -0.9312 0.2714
vn -0.2369 -0.9397 0.2468
vn -0.2326 -0.9472 0.2206
vn -0.2006 -0.9554 0.2168
vn -0.1337 -0.9615 0.2400
vn -0.0538 -0.9610 0.2712
vn 0.0051 -0.9583 0.2856
vn 0.0267 -0.9618 0.2726
vn 0.0263 -0.9696 0.2431
vn 0.7244 -0.6705 0.1604
vn -0.7821 0.1320 0.6090
vn -0.7043 -0.6945 0.1469
vn -0.9996 0.0229 -0.0132
vn -0.6596 -0.7339 0.1622
vn -0.5986 -0.7768 0.1956
vn -0.5359 -0.8134 0.2263
vn -0.4926 -0.8382 0.2338
vn -0.4745 -0.8534 0.2160
vn -0.4636 -0.8650 0.1918
vn -0.4350 -0.8810 0.1859
vn -0.3766 -0.9028 0.2076
vn -0.3007 -0.9224 0.2423
vn -0.2373 -0.9349 0.2639
vn -0.2082 -0.9437 0.2571
vn -0.2055 -0.9514 0.2295
vn -0.1983 -0.9584 0.2055
vn -0.1591 -0.9654 0.2068
vn -0.0867 -0.9686 0.2332
vn -0.0081 -0.9648 0.2627
vn 0.0440 -0.9614 0.2717
vn 0.0595 -0.9654 0.2538
vn 0.7494 -0.6415 0.1642
vn -0.6980 -0.7006 0.1478
vn -0.9999 0.0059 -0.0150
vn -0.6670 -0.7311 0.1432
vn -0.6182 -0.7691 0.1622
vn -0.5537 -0.8092 0.1967
vn -0.4922 -0.8413 0.2236
vn -0.4544 -0.8620 0.2247
vn -0.4410 -0.8743 0.2026
vn -0.4299 -0.8849 0.1792
vn -0.3960 -0.9009 0.1779
vn -0.3316 -0.9212 0.2035
vn -0.2545 -0.9375 0.2374
vn -0.1964 -0.9471 0.2537
vn -0.1744 -0.9547 0.2411
vn -0.1740 -0.9618 0.2115
vn -0.1624 -0.9681 0.1906
vn -0.1158 -0.9735 0.1973
vn -0.0391 -0.9733 0.2261
vn 0.0367 -0.9668 0.2529
vn 0.0816 -0.9632 0.2563
vn 0.7715 -0.6145 0.1646
vn -0.6851 -0.7112 0.1578
vn -0.9998 -0.0166 -0.0070
vn -0.6623 -0.7359 0.1406
vn -0.6292 -0.7648 0.1387
vn -0.5757 -0.8016 0.1614
vn -0.5083 -0.8385 0.1961
vn -0.4492 -0.8663 0.2185
vn -0.4176 -0.8832 0.2133
vn -0.4082 -0.8934 0.1879
vn -0.3953 -0.9034 0.1663
vn -0.3553 -0.9191 0.1700
vn -0.2855 -0.9375 0.1989
vn -0.2088 -0.9503 0.2310
vn -0.1569 -0.9576 0.2415
vn -0.1414 -0.9644 0.2236
vn -0.1420 -0.9708 0.1931
vn -0.1249 -0.9764 0.1763
vn -0.0708 -0.9796 0.1881
vn 0.0088 -0.9758 0.2183
vn 0.0804 -0.9670 0.2416
vn 0.7795 -0.6065 0.1567
vn -0.6731 -0.7208 0.1656
vn -0.9996 -0.0286 0.0075
vn -0.6485 -0.7463 0.1497
vn -0.6267 -0.7680 0.1320
vn -0.5904 -0.7959 0.1337
vn -0.5320 -0.8315 0.1599
vn -0.4627 -0.8650 0.1939
vn -0.4074 -0.8885 0.2111
vn -0.3821 -0.9022 0.1999
vn -0.3756 -0.9107 0.1721
vn -0.3597 -0.9204 0.1535
vn -0.3130 -0.9357 0.1624
vn -0.2385 -0.9516 0.1938
vn -0.1637 -0.9610 0.2230
vn -0.1189 -0.9665 0.2276
vn -0.1091 -0.9727 0.2050
vn -0.1091 -0.9786 0.1747
vn -0.0856 -0.9830 0.1625
vn -0.0244 -0.9835 0.1791
vn 0.0565 -0.9761 0.2098
vn 0.7696 -0.6229 0.1405
vn -0.6697 -0.7249 0.1611
vn -0.8383 -0.4019 0.3683
vn -0.6336 -0.7570 0.1594
vn -0.6129 -0.7778 0.1394
vn -0.5911 -0.7973 0.1225
vn -0.5505 -0.8249 0.1285
vn -0.4872 -0.8589 0.1577
vn -0.4172 -0.8887 0.1900
vn -0.3669 -0.9082 0.2015
vn -0.3477 -0.9192 0.1847
vn -0.3429 -0.9264 0.1557
vn -0.3227 -0.9359 0.1409
vn -0.2691 -0.9505 0.1550
vn -0.1910 -0.9634 0.1879
vn -0.1196 -0.9696 0.2135
vn -0.0822 -0.9738 0.2119
vn -0.0772 -0.9796 0.1855
vn -0.0751 -0.9848 0.1564
vn -0.0443 -0.9878 0.1494
vn 0.0230 -0.9851 0.1702
vn 0.7464 -0.6549 0.1182
vn -0.7830 0.1389 0.6063
vn -0.7352 -0.6690 0.1096
vn -0.9971 0.0767 -0.0006
vn -0.6775 -0.7219 0.1410
vn -0.6268 -0.7630 0.1582
vn -0.5954 -0.7892 0.1504
vn -0.5780 -0.8061 0.1274
vn -0.5549 -0.8243 0.1126
vn -0.5093 -0.8517 0.1231
vn -0.4415 -0.8838 0.1547
vn -0.3721 -0.9097 0.1843
vn -0.3277 -0.9255 0.1896
vn -0.3143 -0.9344 0.1680
vn -0.3098 -0.9406 0.1390
vn -0.2842 -0.9501 0.1288
vn -0.2237 -0.9634 0.1477
vn -0.1434 -0.9729 0.1811
vn -0.0767 -0.9763 0.2023
vn -0.0468 -0.9797 0.1947
vn -0.0452 -0.9852 0.1653
vn -0.0397 -0.9896 0.1386
vn -0.0015 -0.9906 0.1369
vn 0.7221 -0.6852 0.0953
vn -0.7456 -0.6611 0.0837
vn -0.9959 0.0903 -0.0088
vn -0.6920 -0.7133 0.1107
vn -0.6326 -0.7616 0.1407
vn -0.5848 -0.7967 0.1525
vn -0.5585 -0.8178 0.1389
vn -0.5434 -0.8316 0.1142
vn -0.5178 -0.8493 0.1024
vn -0.4667 -0.8765 0.1176
vn -0.3951 -0.9062 0.1508
vn -0.3277 -0.9281 0.1768
vn -0.2899 -0.9408 0.1758
vn -0.2815 -0.9478 0.1501
vn -0.2759 -0.9534 0.1223
vn -0.2439 -0.9627 0.1172
vn -0.1770 -0.9741 0.1404
vn -0.0960 -0.9802 0.1734
vn -0.0353 -0.9813 0.1894
vn -0.0125 -0.9843 0.1761
vn -0.0129 -0.9894 0.1448
vn -0.0028 -0.9926 0.1213
vn 0.7110 -0.6986 0.0802
vn -0.7486 -0.6593 0.0700
vn -0.9958 0.0898 -0.0186
vn -0.7054 -0.7042 0.0814
vn -0.6480 -0.7536 0.1104
vn -0.5878 -0.7971 0.1381
vn -0.5439 -0.8267 0.1441
vn -0.5227 -0.8432 0.1254
vn -0.5090 -0.8549 0.1001
vn -0.4797 -0.8726 0.0923
vn -0.4227 -0.8993 0.1120
vn -0.3482 -0.9260 0.1457
vn -0.2844 -0.9440 0.1673
vn -0.2535 -0.9540 0.1602
vn -0.2490 -0.9596 0.1313
vn -0.2409 -0.9648 0.1058
vn -0.2019 -0.9736 0.1061
vn -0.1293 -0.9826 0.1331
vn -0.0492 -0.9852 0.1645
vn 0.0047 -0.9846 0.1750
vn 0.0210 -0.9875 0.1564
vn 0.0200 -0.9921 0.1242
vn 0.7204 -0.6891 0.0783
vn -0.7433 -0.6652 0.0706
vn -0.9969 0.0750 -0.0230
vn -0.7110 -0.7004 0.0634
vn -0.6641 -0.7435 0.0783
vn -0.6031 -0.7902 0.1088
vn -0.5434 -0.8288 0.1333
vn -0.5044 -0.8531 0.1333
vn -0.4878 -0.8659 0.1103
vn -0.4742 -0.8762 0.0856
vn -0.4402 -0.8941 0.0824
vn -0.3773 -0.9200 0.1063
vn -0.3012 -0.9433 0.1395
vn -0.2422 -0.9576 0.1560
vn -0.2184 -0.9653 0.1429
vn -0.2166 -0.9698 0.1120
vn -0.2046 -0.9747 0.0897
vn -0.1581 -0.9828 0.0957
vn -0.0809 -0.9888 0.1254
vn -0.0033 -0.9880 0.1544
vn 0.0433 -0.9863 0.1590
vn 0.0540 -0.9892 0.1359
vn 0.7446 -0.6620 0.0854
vn -0.7327 -0.6759 0.0794
vn -0.9983 0.0546 -0.0185
vn -0.7066 -0.7050 0.0607
vn -0.6728 -0.7377 0.0561
vn -0.6217 -0.7797 0.0747
vn -0.5576 -0.8234 0.1059
vn -0.4996 -0.8570 0.1263
vn -0.4661 -0.8765 0.1202
vn -0.4536 -0.8862 0.0938
vn -0.4388 -0.8958 0.0709
vn -0.3991 -0.9140 0.0728
vn -0.3307 -0.9384 0.1002
vn -0.2545 -0.9580 0.1320
vn -0.2014 -0.9690 0.1429
vn -0.1843 -0.9750 0.1243
vn -0.1838 -0.9786 0.0924
vn -0.1666 -0.9832 0.0743
vn -0.1127 -0.9899 0.0858
vn -0.0322 -0.9926 0.1174
vn 0.0414 -0.9889 0.1430
vn 0.0804 -0.9866 0.1417
vn 0.7692 -0.6325 0.0908
vn -0.7229 -0.6856 0.0860
vn -0.9991 0.0407 -0.0076
vn -0.6949 -0.7158 0.0688
vn -0.6702 -0.7405 0.0496
vn -0.6338 -0.7720 0.0483
vn -0.5781 -0.8129 0.0706
vn -0.5116 -0.8532 0.1015
vn -0.4567 -0.8819 0.1171
vn -0.4292 -0.8971 0.1051
vn -0.1235 -0.9691 -0.2133
vn -0.6456 -0.7196 -0.2557
vn -0.0569 -0.9717 -0.2293
vn -0.5349 -0.8216 -0.1969
vn 0.0884 -0.9812 -0.1716
vn -0.4479 -0.8742 -0.1874
vn 0.1509 -0.9691 -0.1949
vn -0.4443 -0.8612 -0.2469
vn -0.1270 -0.9901 0.0597
vn -0.0659 -0.9949 0.0764
vn 0.0163 -0.9939 0.1089
vn 0.0846 -0.9879 0.1303
vn 0.7809 -0.6186 0.0861
vn -0.7199 -0.6893 0.0811
vn -0.9991 0.0417 0.0034
vn -0.6824 -0.7269 0.0772
vn -0.6581 -0.7509 0.0561
vn -0.6337 -0.7727 0.0376
vn -0.5937 -0.8037 0.0404
vn -0.5333 -0.8434 0.0660
vn -0.4656 -0.8798 0.0956
vn -0.1261 -0.9753 -0.1813
vn -0.3893 -0.9166 0.0913
vn -0.3773 -0.9255 0.0316
vn -0.3868 -0.9201 0.0615
vn -0.2366 -0.9669 0.0958
vn -0.3108 -0.9492 0.0486
vn -0.1127 -0.9858 0.1246
vn -0.1597 -0.9806 0.1133
vn -0.1160 -0.9918 0.0538
vn -0.3999 -0.8386 0.3697
vn -0.0856 -0.9953 0.0460
vn -0.0180 -0.9976 0.0673
vn 0.0643 -0.9929 0.0997
vn 0.7743 -0.6290 0.0696
vn -0.7258 -0.6852 0.0619
vn -0.9983 0.0566 0.0095
vn -0.6765 -0.7326 0.0753
vn -0.6430 -0.7631 0.0658
vn -0.6219 -0.7820 0.0418
vn -0.5968 -0.8020 0.0252
vn -0.5524 -0.8329 0.0325
vn -0.4875 -0.8710 0.0607
vn -0.1106 -0.9173 0.3824
vn -0.3556 -0.9320 0.0699
vn -0.3739 -0.9226 0.0950
vn -0.3388 -0.9407 0.0173
vn -0.3527 -0.9348 0.0409
vn -0.1854 -0.9786 0.0891
vn -0.2652 -0.9634 0.0386
vn -0.3846 -0.8959 -0.2223
vn -0.1175 -0.9877 0.1031
vn -0.0858 -0.9943 0.0631
vn -0.0804 -0.9961 0.0352
vn -0.0424 -0.9985 0.0332
vn 0.0306 -0.9978 0.0584
vn 0.7525 -0.6571 0.0440
vn -0.7369 -0.6752 0.0336
vn -0.9970 0.0769 0.0095
vn -0.6810 -0.7299 0.0581
vn -0.6337 -0.7707 0.0669
vn -0.6047 -0.7947 0.0521
vn -0.5862 -0.8097 0.0264
vn -0.5592 -0.8289 0.0127
vn -0.5098 -0.8600 0.0246
vn -0.1478 -0.9600 -0.2378
vn -0.3665 -0.9253 0.0972
vn -0.3237 -0.9449 0.0483
vn -0.3342 -0.9390 0.0808
vn -0.2981 -0.9545 0.0052
vn -0.3181 -0.9478 0.0214
vn -0.1347 -0.9875 0.0818
vn -0.2183 -0.9754 0.0314
vn -0.0530 -0.9958 0.0742
vn -0.3618 -0.8560 0.3693
vn -0.0531 -0.9977 0.0419
vn -0.0433 -0.9989 0.0175
vn 0.0022 -0.9998 0.0212
vn 0.7267 -0.6868 0.0162
vn -0.7469 -0.6649 0.0066
vn -0.9957 0.0923 0.0037
vn -0.6932 -0.7202 0.0296
vn -0.6360 -0.7699 0.0526
vn -0.5919 -0.8041 0.0561
vn -0.5675 -0.8225 0.0365
vn -0.5506 -0.8347 0.0103
vn -0.5207 -0.8538 0.0004
vn -0.1762 -0.9370 0.3016
vn -0.3202 -0.9435 0.0857
vn -0.3922 -0.9190 0.0395
vn -0.2925 -0.9559 0.0261
vn -0.2971 -0.9527 0.0645
vn -0.2552 -0.9669 -0.0061
vn -0.2826 -0.9592 0.0023
vn -0.3645 -0.9035 -0.2252
vn -0.1696 -0.9852 0.0248
vn -0.0361 -0.9967 0.0726
vn -0.0189 -0.9984 0.0539
vn -0.0200 -0.9996 0.0208
vn -0.0048 -1.0000 0.0007
vn 0.7117 -0.7025 -0.0036
vn -0.7508 -0.6605 -0.0098
vn -0.9954 0.0953 -0.0055
vn -0.7058 -0.7084 -0.0002
vn -0.6485 -0.7608 0.0247
vn -0.5912 -0.8053 0.0451
vn -0.5511 -0.8333 0.0431
vn -0.5313 -0.8470 0.0195
vn -0.5150 -0.8572 -0.0062
vn -0.1770 -0.9344 -0.3090
vn -0.4247 -0.9052 0.0142
vn -0.2757 -0.9585 0.0723
vn -0.3442 -0.9383 0.0340
vn -0.2616 -0.9652 0.0036
vn -0.2612 -0.9642 0.0462
vn -0.2099 -0.9776 -0.0165
vn -0.2460 -0.9691 -0.0160
vn -0.0446 -0.9977 0.0509
vn -0.3995 -0.8626 0.3105
vn 0.0031 -0.9984 0.0563
vn 0.0144 -0.9994 0.0330
vn 0.0137 -0.9999 0.0002
vn 0.7168 -0.6972 -0.0078
vn -0.7469 -0.6648 -0.0125
vn -0.9964 0.0842 -0.0129
vn -0.7122 -0.7017 -0.0207
vn -0.6635 -0.7482 -0.0073
vn -0.6030 -0.7975 0.0186
vn -0.5467 -0.8366 0.0356
vn -0.5116 -0.8588 0.0281
vn -0.4958 -0.8684 0.0013
vn -0.1759 -0.9456 0.2738
vn -0.3762 -0.9265 0.0076
vn -0.4407 -0.8971 -0.0320
vn -0.2332 -0.9708 0.0570
vn -0.2974 -0.9544 0.0272
vn -0.2305 -0.9729 -0.0187
vn -0.2263 -0.9737 0.0263
vn -0.4199 -0.8571 -0.2985
vn -0.2065 -0.9779 -0.0330
vn -0.0738 -0.9972 0.0129
vn 0.0006 -0.9992 0.0394
vn 0.0408 -0.9984 0.0388
vn 0.0472 -0.9988 0.0116
vn 0.7392 -0.6735 0.0013
vn -0.7373 -0.6755 -0.0056
vn -0.9978 0.0648 -0.0127
vn -0.7095 -0.7042 -0.0268
vn -0.6729 -0.7391 -0.0317
vn -0.6200 -0.7845 -0.0146
vn -0.5569 -0.8305 0.0115
vn -0.5030 -0.8639 0.0242
vn -0.4733 -0.8808 0.0113
vn -0.1520 -0.9372 -0.3139
vn -0.4509 -0.8912 -0.0504
vn -0.3263 -0.9453 0.0005
vn -0.3987 -0.9160 -0.0435
vn -0.1929 -0.9805 0.0385
vn -0.2512 -0.9678 0.0170
vn -0.1980 -0.9793 -0.0412
vn -0.1921 -0.9814 0.0046
vn -0.1071 -0.9938 -0.0284
vn -0.4432 -0.8584 0.2581
vn -0.0250 -0.9997 0.0042
vn 0.0445 -0.9987 0.0267
vn 0.0770 -0.9968 0.0202
vn 0.7653 -0.6436 0.0119
vn -0.8627 -0.4054 -0.3024
vn -0.8154 0.0342 -0.5778
vn -0.6992 -0.7146 -0.0213
vn -0.6721 -0.7393 -0.0417
vn -0.6326 -0.7733 -0.0427
vn -0.5753 -0.8176 -0.0223
vn -0.5106 -0.8598 0.0031
vn -0.4603 -0.8877 0.0110
vn -0.1172 -0.9466 0.3004
vn -0.1059 -0.9660 0.2359
vn -0.6588 -0.7020 0.2706
vn 0.0111 -0.9640 0.2658
vn -0.5986 -0.7589 0.2564
vn 0.1504 -0.9378 0.3128
vn -0.4749 -0.8276 0.2991
vn -0.1560 -0.9865 -0.0497
vn -0.4388 -0.8534 0.2813
vn -0.1261 -0.9903 -0.0584
vn -0.0593 -0.9975 -0.0378
vn 0.0234 -0.9997 -0.0049
vn 0.0867 -0.9962 0.0129
vn 0.7806 -0.6249 0.0119
vn -0.6865 -0.7270 -0.0132
vn -0.9999 -0.0116 -0.0080
vn -0.6617 -0.7488 -0.0382
vn -0.6345 -0.7709 -0.0568
vn -0.5912 -0.8048 -0.0535
vn -0.5296 -0.8477 -0.0303
vn -0.4644 -0.8856 -0.0066
vn -0.4188 -0.9081 -0.0039
vn -0.4002 -0.9161 -0.0264
vn -0.3911 -0.9186 -0.0564
vn -0.3648 -0.9285 -0.0695
vn -0.3071 -0.9501 -0.0546
vn -0.2293 -0.9731 -0.0238
vn -0.1619 -0.9868 -0.0029
vn -0.1294 -0.9915 -0.0103
vn -0.1259 -0.9912 -0.0405
vn -0.1204 -0.9904 -0.0687
vn -0.0832 -0.9940 -0.0716
vn -0.0107 -0.9989 -0.0467
vn 0.0709 -0.9974 -0.0146
vn 0.7777 -0.6286 -0.0031
vn -0.8303 -0.4670 -0.3042
vn -0.8152 -0.0101 -0.5791
vn -0.6469 -0.7620 -0.0295
vn -0.6248 -0.7788 -0.0561
vn -0.5963 -0.7996 -0.0719
vn -0.5485 -0.8337 -0.0641
vn -0.4829 -0.8748 -0.0388
vn -0.4187 -0.9080 -0.0177
vn -0.3786 -0.9253 -0.0205
vn -0.3651 -0.9298 -0.0468
vn -0.3558 -0.9315 -0.0756
vn -0.3241 -0.9423 -0.0836
vn -0.2602 -0.9634 -0.0642
vn -0.1809 -0.9829 -0.0332
vn -0.1189 -0.9928 -0.0168
vn -0.0937 -0.9951 -0.0299
vn -0.0931 -0.9937 -0.0620
vn -0.0835 -0.9927 -0.0867
vn -0.0387 -0.9958 -0.0836
vn 0.0383 -0.9977 -0.0553
vn 0.7581 -0.6515 -0.0304
vn -0.6358 -0.7714 -0.0267
vn -0.9969 -0.0792 -0.0026
vn -0.6084 -0.7922 -0.0475
vn -0.5881 -0.8053 -0.0744
vn -0.5572 -0.8258 -0.0866
vn -0.5045 -0.8602 -0.0744
vn -0.4356 -0.8989 -0.0478
vn -0.3737 -0.9271 -0.0302
vn -0.3399 -0.9397 -0.0386
vn -0.3306 -0.9413 -0.0677
vn -0.3199 -0.9428 -0.0943
vn -0.2820 -0.9545 -0.0969
vn -0.2123 -0.9744 -0.0735
vn -0.1331 -0.9902 -0.0432
vn -0.0775 -0.9965 -0.0320
vn -0.0593 -0.9970 -0.0503
vn -0.0600 -0.9947 -0.0831
vn -0.0451 -0.9936 -0.1034
vn 0.0070 -0.9955 -0.0946
vn 0.7317 -0.6788 -0.0620
vn -0.6348 -0.7718 -0.0377
vn -0.9971 -0.0758 0.0040
vn -0.5940 -0.8034 -0.0423
vn -0.5708 -0.8184 -0.0666
vn -0.5515 -0.8290 -0.0929
vn -0.5172 -0.8499 -0.1008
vn -0.4592 -0.8843 -0.0844
vn -0.3881 -0.9198 -0.0575
vn -0.3299 -0.9430 -0.0441
vn -0.3026 -0.9514 -0.0578
vn -0.2966 -0.9509 -0.0888
vn -0.2830 -0.9525 -0.1122
vn -0.2384 -0.9650 -0.1093
vn -0.1638 -0.9830 -0.0825
vn -0.0863 -0.9948 -0.0540
vn -0.0378 -0.9981 -0.0483
vn -0.0258 -0.9971 -0.0712
vn -0.0264 -0.9943 -0.1036
vn -0.0055 -0.9929 -0.1190
vn 0.7133 -0.6955 -0.0863
vn -0.7979 -0.5106 -0.3203
vn -0.8065 -0.0019 -0.5913
vn -0.5898 -0.8060 -0.0501
vn -0.5532 -0.8309 -0.0596
vn -0.5339 -0.8411 -0.0866
vn -0.5145 -0.8502 -0.1111
vn -0.4759 -0.8720 -0.1144
vn -0.4127 -0.9060 -0.0943
vn -0.3407 -0.9377 -0.0680
vn -0.2874 -0.9560 -0.0594
vn -0.2666 -0.9607 -0.0780
vn -0.2626 -0.9586 -0.1098
vn -0.2449 -0.9609 -0.1292
vn -0.1933 -0.9737 -0.1208
vn -0.1149 -0.9892 -0.0914
vn -0.0407 -0.9970 -0.0656
vn 0.0002 -0.9978 -0.0657
vn 0.0070 -0.9957 -0.0923
vn 0.0079 -0.9923 -0.1233
vn 0.7139 -0.6939 -0.0937
vn -0.5980 -0.7981 -0.0729
vn -0.9933 -0.1155 -0.0034
vn -0.5454 -0.8357 -0.0640
vn -0.5137 -0.8544 -0.0782
vn -0.4978 -0.8607 -0.1071
vn -0.4771 -0.8694 -0.1289
vn -0.4333 -0.8922 -0.1273
vn -0.3654 -0.9250 -0.1041
vn -0.2937 -0.9526 -0.0794
vn -0.2464 -0.9662 -0.0760
vn -0.2317 -0.9677 -0.0990
vn -0.2285 -0.9648 -0.1304
vn -0.2055 -0.9678 -0.1451
vn -0.1470 -0.9804 -0.1314
vn -0.0661 -0.9927 -0.1004
vn 0.0034 -0.9969 -0.0782
vn 0.0366 -0.9958 -0.0840
vn 0.0395 -0.9928 -0.1134
vn 0.7333 -0.6746 -0.0843
vn -0.7705 -0.5338 -0.3484
vn -0.7960 -0.0039 -0.6053
vn -0.5516 -0.8299 -0.0842
vn -0.5018 -0.8613 -0.0794
vn -0.4753 -0.8743 -0.0980
vn -0.4620 -0.8777 -0.1277
vn -0.4388 -0.8866 -0.1461
vn -0.3894 -0.9105 -0.1395
vn -0.3173 -0.9414 -0.1140
vn -0.2477 -0.9645 -0.0918
vn -0.2071 -0.9738 -0.0938
vn -0.1978 -0.9728 -0.1203
vn -0.1938 -0.9694 -0.1503
vn -0.1647 -0.9733 -0.1598
vn -0.0996 -0.9850 -0.1411
vn -0.0179 -0.9938 -0.1096
vn 0.0457 -0.9947 -0.0916
vn 0.0715 -0.9921 -0.1030
vn 0.7599 -0.6463 -0.0695
vn -0.5674 -0.8154 -0.1151
vn -0.9889 -0.1479 -0.0160
vn -0.5051 -0.8576 -0.0965
vn -0.4594 -0.8830 -0.0962
vn -0.4381 -0.8910 -0.1187
vn -0.4263 -0.8924 -0.1482
vn -0.3995 -0.9022 -0.1624
vn -0.3441 -0.9267 -0.1511
vn -0.2691 -0.9551 -0.1240
vn -0.2028 -0.9736 -0.1051
vn -0.1695 -0.9791 -0.1125
vn -0.1645 -0.9761 -0.1418
vn -0.1584 -0.9727 -0.1694
vn -0.1223 -0.9773 -0.1732
vn -0.0515 -0.9873 -0.1502
vn 0.0295 -0.9925 -0.1190
vn 0.0862 -0.9906 -0.1060
vn 0.7784 -0.6245 -0.0639
vn -0.7447 -0.5471 -0.3823
vn -0.7843 -0.0061 -0.6204
vn -0.5209 -0.8442 -0.1264
vn -0.4590 -0.8816 -0.1097
vn -0.4183 -0.9011 -0.1142
vn -0.4020 -0.9049 -0.1399
vn -0.3905 -0.9051 -0.1683
vn -0.3590 -0.9162 -0.1778
vn -0.2977 -0.9408 -0.1620
vn -0.2209 -0.9660 -0.1343
vn -0.1595 -0.9799 -0.1194
vn -0.1334 -0.9822 -0.1321
vn -0.1315 -0.9778 -0.1630
vn -0.1219 -0.9747 -0.1873
vn -0.0785 -0.9795 -0.1853
vn -0.0030 -0.9873 -0.1587
vn 0.0756 -0.9888 -0.1289
vn 0.7794 -0.6220 -0.0754
vn -0.5391 -0.8272 -0.1588
vn -0.9833 -0.1786 -0.0338
vn -0.4738 -0.8698 -0.1379
vn -0.4136 -0.9020 -0.1240
vn -0.3787 -0.9159 -0.1332
vn -0.3667 -0.9162 -0.1615
vn -0.3542 -0.9161 -0.1877
vn -0.3173 -0.9287 -0.1922
vn -0.2503 -0.9527 -0.1723
vn -0.1733 -0.9741 -0.1450
vn -0.1179 -0.9838 -0.1347
vn -0.0986 -0.9834 -0.1522
vn -0.0986 -0.9780 -0.1838
vn -0.0842 -0.9754 -0.2039
vn -0.0335 -0.9800 -0.1962
vn 0.0454 -0.9850 -0.1667
vn 0.7627 -0.6386 -0.1024
vn -0.5493 -0.8154 -0.1827
vn -0.9845 -0.1705 -0.0411
vn -0.4940 -0.8524 -0.1713
vn -0.4263 -0.8921 -0.1497
vn -0.3693 -0.9188 -0.1393
vn -0.3405 -0.9277 -0.1532
vn -0.3320 -0.9254 -0.1830
vn -0.3173 -0.9256 -0.2062
vn -0.2741 -0.9395 -0.2055
vn -0.2023 -0.9622 -0.1822
vn -0.1266 -0.9796 -0.1562
vn -0.0780 -0.9855 -0.1510
vn -0.0651 -0.9828 -0.1727
vn -0.0654 -0.9768 -0.2039
vn -0.0451 -0.9747 -0.2191
vn 0.0125 -0.9785 -0.2060
vn 0.7368 -0.6623 -0.1362
vn -0.7184 -0.5449 -0.4324
vn -0.7685 -0.0196 -0.6395
vn -0.5080 -0.8382 -0.1984
vn -0.4479 -0.8751 -0.1834
vn -0.3789 -0.9111 -0.1620
vn -0.3263 -0.9324 -0.1556
vn -0.3037 -0.9368 -0.1739
vn -0.2976 -0.9326 -0.2042
vn -0.2794 -0.9338 -0.2236
vn -0.2297 -0.9486 -0.2177
vn -0.1540 -0.9693 -0.1918
vn -0.0811 -0.9825 -0.1679
vn -0.0400 -0.9850 -0.1680
vn -0.0325 -0.9806 -0.1933
vn -0.0316 -0.9743 -0.2229
vn -0.0049 -0.9725 -0.2329
vn 0.7158 -0.6787 -0.1642
vn -0.5081 -0.8349 -0.2116
vn -0.9732 -0.2211 -0.0640
vn -0.4655 -0.8590 -0.2132
vn -0.4009 -0.8951 -0.1952
vn -0.3320 -0.9269 -0.1747
vn -0.2849 -0.9428 -0.1728
vn -0.2683 -0.9434 -0.1949
vn -0.2633 -0.9381 -0.2249
vn -0.2405 -0.9406 -0.2399
vn -0.1842 -0.9559 -0.2289
vn -0.1058 -0.9738 -0.2011
vn -0.0372 -0.9829 -0.1803
vn -0.0037 -0.9826 -0.1857
vn -0.0004 -0.9769 -0.2136
vn 0.0030 -0.9706 -0.2408
vn 0.7120 -0.6799 -0.1753
vn -0.4939 -0.8435 -0.2110
vn -0.9670 -0.2456 -0.0682
vn -0.4695 -0.8524 -0.2301
vn -0.4219 -0.8777 -0.2271
vn -0.3534 -0.9124 -0.2067
vn -0.2860 -0.9396 -0.1881
vn -0.2452 -0.9505 -0.1909
vn -0.2339 -0.9479 -0.2161
vn -0.2287 -0.9422 -0.2447
vn -0.2003 -0.9460 -0.2548
vn -0.1377 -0.9612 -0.2391
vn -0.0582 -0.9759 -0.2104
vn 0.0049 -0.9811 -0.1934
vn 0.0310 -0.9785 -0.2039
vn 0.0314 -0.9719 -0.2334
vn 0.7277 -0.6652 -0.1673
vn -0.4722 -0.8576 -0.2037
vn -0.9593 -0.2741 -0.0680
vn -0.4575 -0.8583 -0.2324
vn -0.4302 -0.8681 -0.2477
vn -0.3772 -0.8945 -0.2402
vn -0.3056 -0.9269 -0.2180
vn -0.2411 -0.9492 -0.2021
vn -0.2071 -0.9556 -0.2097
vn -0.2004 -0.9506 -0.2372
vn -0.1935 -0.9450 -0.2635
vn -0.1588 -0.9501 -0.2684
vn -0.0905 -0.9644 -0.2484
vn -0.0114 -0.9755 -0.2197
vn 0.0451 -0.9773 -0.2071
vn 0.0643 -0.9729 -0.2223
vn 0.7535 -0.6402 -0.1498
vn -0.6526 -0.6121 -0.4467
vn -0.7534 -0.1118 -0.6480
vn -0.4350 -0.8716 -0.2258
vn -0.4211 -0.8709 -0.2532
vn -0.3899 -0.8822 -0.2641
vn -0.3314 -0.9091 -0.2524
vn -0.2579 -0.9386 -0.2293
vn -0.1978 -0.9560 -0.2168
vn -0.1708 -0.9583 -0.2290
vn -0.1675 -0.9515 -0.2580
vn -0.1576 -0.9466 -0.2811
vn -0.1160 -0.9528 -0.2806
vn -0.0430 -0.9655 -0.2569
vn 0.0342 -0.9728 -0.2292
vn 0.0834 -0.9716 -0.2214
vn 0.7744 -0.6173 -0.1388
vn -0.4136 -0.8833 -0.2207
vn -0.9393 -0.3329 -0.0827
vn -0.3989 -0.8829 -0.2478
vn -0.3847 -0.8817 -0.2731
vn -0.3486 -0.8947 -0.2794
vn -0.2848 -0.9215 -0.2639
vn -0.2108 -0.9474 -0.2407
vn -0.1562 -0.9601 -0.2321
vn -0.1360 -0.9590 -0.2486
vn -0.1348 -0.9510 -0.2781
vn -0.1207 -0.9471 -0.2974
vn -0.0721 -0.9539 -0.2915
vn 0.0045 -0.9643 -0.2648
vn 0.0782 -0.9679 -0.2390
vn 0.7794 -0.6095 -0.1454
vn -0.4049 -0.8857 -0.2270
vn -0.9389 -0.3342 -0.0819
vn -0.3748 -0.8952 -0.2413
vn -0.3636 -0.8917 -0.2695
vn -0.3477 -0.8910 -0.2920
vn -0.3062 -0.9056 -0.2935
vn -0.2377 -0.9317 -0.2747
vn -0.1645 -0.9535 -0.2523
vn -0.1165 -0.9617 -0.2481
vn -0.1025 -0.9579 -0.2683
vn -0.1021 -0.9493 -0.2974
vn -0.0827 -0.9464 -0.3122
vn -0.0272 -0.9532 -0.3010
vn 0.0516 -0.9609 -0.2722
vn 0.7661 -0.6199 -0.1700
vn -0.4132 -0.8763 -0.2478
vn -0.9451 -0.3150 -0.0864
vn -0.3617 -0.8997 -0.2443
vn -0.3374 -0.9041 -0.2621
vn -0.3289 -0.8985 -0.2907
vn -0.3102 -0.8988 -0.3097
vn -0.2626 -0.9149 -0.3065
vn -0.1903 -0.9395 -0.2849
vn -0.1196 -0.9570 -0.2642
vn -0.0786 -0.9612 -0.2645
vn -0.0702 -0.9551 -0.2879
vn -0.0690 -0.9464 -0.3155
vn -0.0434 -0.9446 -0.3254
vn 0.0184 -0.9508 -0.3093
vn 0.7415 -0.6391 -0.2042
vn -0.6160 -0.6189 -0.4874
vn -0.7403 -0.0548 -0.6700
vn -0.3665 -0.8927 -0.2620
vn -0.3199 -0.9105 -0.2621
vn -0.3014 -0.9105 -0.2831
vn -0.2944 -0.9036 -0.3111
vn -0.2718 -0.9054 -0.3261
vn -0.2181 -0.9226 -0.3182
vn -0.1430 -0.9448 -0.2947
vn -0.0762 -0.9580 -0.2764
vn -0.0426 -0.9586 -0.2814
vn -0.0386 -0.9509 -0.3071
vn -0.0352 -0.9425 -0.3325
vn -0.0030 -0.9415 -0.3371
vn 0.7190 -0.6542 -0.2347
vn -0.5794 -0.6422 -0.5019
vn -0.7273 -0.0838 -0.6812
vn -0.3207 -0.9060 -0.2764
vn -0.2799 -0.9182 -0.2804
vn -0.2668 -0.9146 -0.3039
vn -0.2600 -0.9072 -0.3306
vn -0.2324 -0.9108 -0.3412
vn -0.1728 -0.9284 -0.3289
vn -0.0963 -0.9477 -0.3042
vn -0.0346 -0.9567 -0.2890
vn -0.0083 -0.9544 -0.2986
vn -0.0075 -0.9454 -0.3257
vn -0.0008 -0.9375 -0.3480
vn 0.7111 -0.6573 -0.2495
vn -0.5428 -0.6624 -0.5164
vn -0.7143 -0.1156 -0.6903
vn -0.2760 -0.9160 -0.2911
vn -0.2417 -0.9231 -0.2990
vn -0.2331 -0.9167 -0.3245
vn -0.2253 -0.9096 -0.3490
vn -0.1919 -0.9150 -0.3549
vn -0.1268 -0.9324 -0.3385
vn -0.0504 -0.9483 -0.3134
vn 0.0050 -0.9533 -0.3020
vn 0.0245 -0.9485 -0.3158
vn 0.0235 -0.9389 -0.3435
vn 0.7225 -0.6468 -0.2442
vn -0.5065 -0.6793 -0.5310
vn -0.6998 -0.1462 -0.6992
vn -0.2329 -0.9231 -0.3060
vn -0.2053 -0.9257 -0.3178
vn -0.2003 -0.9172 -0.3444
vn -0.1901 -0.9110 -0.3661
vn -0.1504 -0.9179 -0.3671
vn -0.0806 -0.9343 -0.3472
vn -0.0058 -0.9465 -0.3226
vn 0.0428 -0.9480 -0.3154
vn 0.0560 -0.9413 -0.3329
vn 0.7465 -0.6258 -0.2259
vn -0.4715 -0.6932 -0.5451
vn -0.6842 -0.1752 -0.7079
vn -0.1916 -0.9274 -0.3213
vn -0.1706 -0.9260 -0.3367
vn -0.1680 -0.9163 -0.3636
vn -0.1541 -0.9113 -0.3818
vn -0.1078 -0.9195 -0.3779
vn -0.0344 -0.9342 -0.3550
vn 0.0373 -0.9426 -0.3319
vn 0.0786 -0.9410 -0.3291
vn 0.7690 -0.6036 -0.2103
vn -0.1993 -0.9191 -0.3398
vn -0.8482 -0.4959 -0.1860
vn -0.1522 -0.9292 -0.3369
vn -0.1373 -0.9246 -0.3554
vn -0.1358 -0.9142 -0.3819
vn -0.1171 -0.9107 -0.3961
vn -0.0644 -0.9197 -0.3873
vn 0.0114 -0.9320 -0.3622
vn 0.0787 -0.9367 -0.3413
vn 0.7776 -0.5922 -0.2113
vn -0.0916 -0.4188 -0.9034
vn -0.6741 -0.1576 -0.7216
vn -0.0684 -0.4301 -0.9002
vn -0.0611 -0.4123 -0.9090
vn -0.3903 -0.6878 -0.6121
vn -0.1035 -0.9111 -0.3991
vn -0.0791 -0.9092 -0.4088
vn -0.0202 -0.9182 -0.3955
vn 0.0565 -0.9278 -0.3689
vn 0.7690 -0.5964 -0.2302
vn -0.0443 -0.3631 -0.9307
vn -0.6181 -0.2578 -0.7426
vn -0.0342 -0.3505 -0.9359
vn -0.0082 -0.3659 -0.9306
vn 0.0265 -0.3960 -0.9179
vn 0.6164 -0.2729 -0.7387
vn -0.5305 0.7731 0.3477
vn 0.0179 0.9045 0.4260
vn -0.6462 0.7263 -0.2343
vn -0.0710 0.9123 0.4034
vn -0.0678 0.9026 0.4250
vn -0.0955 0.9344 -0.3433
vn -0.0699 0.8893 0.4519
vn -0.0957 0.9442 -0.3153
vn -0.1058 0.8801 0.4629
vn -0.1134 0.9476 -0.2986
vn -0.1759 0.8753 0.4504
vn -0.1655 0.9376 -0.3057
vn -0.2516 0.8680 0.4282
vn -0.2388 0.9142 -0.3273
vn -0.3001 0.8575 0.4178
vn -0.3036 0.8891 -0.3424
vn -0.3135 0.8473 0.4287
vn -0.3405 0.8777 -0.3372
vn -0.3115 0.8346 0.4543
vn -0.3540 0.8812 -0.3135
vn -0.3252 0.8162 0.4775
vn -0.3664 0.8851 -0.2869
vn -0.3716 0.7927 0.4832
vn -0.4001 0.8741 -0.2754
vn -0.4383 0.7646 0.4724
vn -0.4578 0.8429 -0.2828
vn -0.4968 0.7350 0.4614
vn -0.5211 0.8006 -0.2959
vn -0.5294 0.7096 0.4650
vn -0.5712 0.7650 -0.2976
vn -0.5407 0.6873 0.4851
vn -0.6043 0.7456 -0.2809
vn -0.5500 0.6603 0.5115
vn -0.6298 0.7346 -0.2524
vn 0.0378 0.9274 0.3721
vn 0.0870 0.9500 -0.2998
vn -0.6302 0.7448 -0.2194
vn -0.1173 0.9311 -0.3455
vn -0.1274 0.9373 -0.3245
vn -0.1293 0.9462 -0.2966
vn -0.1536 0.9465 -0.2838
vn -0.2117 0.9319 -0.2946
vn -0.2851 0.9048 -0.3162
vn -0.3448 0.8796 -0.3277
vn -0.3766 0.8701 -0.3179
vn -0.3893 0.8737 -0.2918
vn -0.4060 0.8741 -0.2667
vn -0.4453 0.8572 -0.2588
vn -0.5050 0.8204 -0.2681
vn -0.5655 0.7759 -0.2795
vn -0.6118 0.7409 -0.2773
vn -0.6435 0.7210 -0.2569
vn 0.0702 0.9483 -0.3095
vn -0.6326 0.7435 -0.2170
vn -0.1168 0.9358 -0.3325
vn -0.1528 0.9318 -0.3292
vn -0.1595 0.9389 -0.3048
vn -0.1644 0.9464 -0.2780
vn -0.1958 0.9429 -0.2694
vn -0.2586 0.9235 -0.2834
vn -0.3308 0.8933 -0.3042
vn -0.3851 0.8687 -0.3116
vn -0.4126 0.8609 -0.2975
vn -0.4257 0.8637 -0.2699
vn -0.4472 0.8597 -0.2469
vn -0.4916 0.8364 -0.2424
vn -0.5519 0.7946 -0.2530
vn -0.6091 0.7485 -0.2621
vn -0.6520 0.7138 -0.2557
vn 0.0543 0.9444 -0.3242
vn -0.6538 0.7237 -0.2210
vn -0.0945 0.9480 -0.3038
vn -0.1581 0.9342 -0.3199
vn -0.1875 0.9316 -0.3115
vn -0.1922 0.9392 -0.2846
vn -0.2012 0.9445 -0.2596
vn -0.2396 0.9367 -0.2554
vn -0.3060 0.9124 -0.2720
vn -0.3756 0.8798 -0.2912
vn -0.4245 0.8563 -0.2943
vn -0.4487 0.8499 -0.2763
vn -0.4634 0.8508 -0.2478
vn -0.4900 0.8415 -0.2274
vn -0.5384 0.8117 -0.2262
vn -0.5982 0.7654 -0.2373
vn -0.6519 0.7181 -0.2436
vn 0.0465 0.9433 -0.3285
vn -0.6811 0.6974 -0.2230
vn -0.0625 0.9615 -0.2675
vn -0.1406 0.9453 -0.2944
vn -0.1981 0.9312 -0.3059
vn -0.2216 0.9302 -0.2926
vn -0.2257 0.9378 -0.2640
vn -0.2399 0.9402 -0.2417
vn -0.2848 0.9276 -0.2418
vn -0.3535 0.8985 -0.2602
vn -0.4195 0.8644 -0.2772
vn -0.4631 0.8423 -0.2758
vn -0.4852 0.8366 -0.2543
vn -0.5024 0.8347 -0.2257
vn -0.5341 0.8193 -0.2084
vn -0.5855 0.7829 -0.2101
vn -0.6438 0.7326 -0.2210
vn 0.0497 0.9484 -0.3131
vn -0.6993 0.6811 -0.2170
vn -0.0387 0.9709 -0.2363
vn -0.1099 0.9597 -0.2586
vn -0.1859 0.9407 -0.2838
vn -0.2370 0.9271 -0.2904
vn -0.2555 0.9276 -0.2727
vn -0.2602 0.9344 -0.2433
vn -0.2803 0.9333 -0.2243
vn -0.3312 0.9154 -0.2286
vn -0.4006 0.8820 -0.2481
vn -0.4623 0.8471 -0.2621
vn -0.5013 0.8265 -0.2563
vn -0.5223 0.8207 -0.2318
vn -0.5428 0.8147 -0.2040
vn -0.5794 0.7926 -0.1900
vn -0.6325 0.7498 -0.1941
vn 0.0591 0.9591 -0.2767
vn -0.6991 0.6861 -0.2015
vn -0.0371 0.9745 -0.2211
vn -0.0830 0.9708 -0.2249
vn -0.1576 0.9555 -0.2493
vn -0.2303 0.9343 -0.2720
vn -0.2748 0.9218 -0.2736
vn -0.2894 0.9234 -0.2520
vn -0.2961 0.9288 -0.2226
vn -0.3225 0.9235 -0.2075
vn -0.3784 0.9002 -0.2157
vn -0.4470 0.8630 -0.2354
vn -0.5040 0.8279 -0.2460
vn -0.5391 0.8086 -0.2357
vn -0.5601 0.8016 -0.2091
vn -0.5846 0.7905 -0.1827
vn -0.6253 0.7611 -0.1722
vn -0.4316 0.8975 0.0906
vn -0.6801 0.7111 -0.1783
vn -0.0589 0.9730 -0.2234
vn -0.0757 0.9758 -0.2052
vn -0.1288 0.9683 -0.2138
vn -0.2053 0.9489 -0.2396
vn -0.2735 0.9263 -0.2591
vn -0.3116 0.9152 -0.2556
vn -0.3237 0.9176 -0.2306
vn -0.3335 0.9208 -0.2024
vn -0.3663 0.9106 -0.1914
vn -0.4259 0.8817 -0.2030
vn -0.4926 0.8414 -0.2221
vn -0.5448 0.8067 -0.2288
vn -0.5769 0.7882 -0.2144
vn -0.5990 0.7788 -0.1863
vn -0.6276 0.7615 -0.1621
vn -0.6716 0.7245 -0.1549
vn -0.0217 0.9069 0.4209
vn 0.0132 0.9734 -0.2288
vn -0.6519 0.7427 -0.1526
vn -0.0920 0.9679 -0.2340
vn -0.0927 0.9746 -0.2037
vn -0.1163 0.9749 -0.1900
vn -0.1758 0.9633 -0.2030
vn -0.2526 0.9400 -0.2293
vn -0.3155 0.9168 -0.2449
vn -0.3478 0.9073 -0.2364
vn -0.3585 0.9098 -0.2090
vn -0.3725 0.9099 -0.1826
vn -0.4114 0.8943 -0.1761
vn -0.4733 0.8601 -0.1904
vn -0.5372 0.8174 -0.2081
vn -0.5849 0.7833 -0.2107
vn -0.6149 0.7648 -0.1925
vn -0.6389 0.7516 -0.1638
vn -0.6716 0.7271 -0.1423
vn 0.0200 0.9814 -0.1912
vn -0.6303 0.7647 -0.1338
vn -0.1182 0.9637 -0.2395
vn -0.1245 0.9690 -0.2135
vn -0.1278 0.9745 -0.1844
vn -0.1587 0.9716 -0.1756
vn -0.2235 0.9555 -0.1925
vn -0.2992 0.9289 -0.2182
vn -0.3562 0.9058 -0.2296
vn -0.3836 0.8978 -0.2163
vn -0.3942 0.8998 -0.1873
vn -0.4131 0.8959 -0.1636
vn -0.4574 0.8745 -0.1615
vn -0.5204 0.8352 -0.1778
vn -0.5807 0.7908 -0.1934
vn -0.6243 0.7574 -0.1916
vn -0.6532 0.7378 -0.1702
vn -0.6800 0.7194 -0.1417
vn 0.0165 0.9850 -0.1719
vn -0.6281 0.7674 -0.1285
vn -0.1229 0.9656 -0.2291
vn -0.1535 0.9631 -0.2212
vn -0.1572 0.9686 -0.1925
vn -0.1646 0.9724 -0.1656
vn -0.2028 0.9657 -0.1618
vn -0.2716 0.9450 -0.1821
vn -0.3448 0.9157 -0.2064
vn -0.3958 0.8933 -0.2131
vn -0.4192 0.8866 -0.1955
vn -0.4309 0.8870 -0.1658
vn -0.4552 0.8784 -0.1455
vn -0.5041 0.8509 -0.1476
vn -0.5668 0.8072 -0.1650
vn -0.6231 0.7617 -0.1779
vn -0.6633 0.7284 -0.1718
vn -0.6922 0.7064 -0.1479
vn 0.0008 0.9848 -0.1737
vn -0.6465 0.7510 -0.1342
vn -0.1038 0.9742 -0.2006
vn -0.1639 0.9628 -0.2150
vn -0.1881 0.9612 -0.2018
vn -0.1906 0.9666 -0.1713
vn -0.2031 0.9680 -0.1475
vn -0.2483 0.9572 -0.1489
vn -0.3197 0.9318 -0.1716
vn -0.3892 0.9005 -0.1937
vn -0.4344 0.8792 -0.1956
vn -0.4549 0.8733 -0.1742
vn -0.4689 0.8713 -0.1447
vn -0.4986 0.8573 -0.1284
vn -0.5510 0.8236 -0.1344
vn -0.6123 0.7759 -0.1521
vn -0.6645 0.7296 -0.1616
vn -0.7021 0.6958 -0.1514
vn -0.4945 0.8570 0.1454
vn -0.6746 0.7246 -0.1408
vn -0.0712 0.9843 -0.1614
vn -0.1502 0.9701 -0.1904
vn -0.2036 0.9585 -0.1996
vn -0.2221 0.9580 -0.1815
vn -0.2249 0.9627 -0.1502
vn -0.2434 0.9611 -0.1303
vn -0.2950 0.9457 -0.1367
vn -0.3674 0.9160 -0.1610
vn -0.4324 0.8835 -0.1802
vn -0.4722 0.8635 -0.1771
vn -0.4909 0.8577 -0.1527
vn -0.5081 0.8523 -0.1244
vn -0.5430 0.8322 -0.1123
vn -0.5977 0.7924 -0.1217
vn -0.6567 0.7413 -0.1388
vn -0.7051 0.6942 -0.1446
vn -0.7411 0.6586 -0.1307
vn -0.0758 0.8770 0.4745
vn -0.0718 0.9830 -0.1690
vn -0.6966 0.7039 -0.1390
vn -0.0433 0.9912 -0.1253
vn -0.1198 0.9810 -0.1525
vn -0.1956 0.9642 -0.1791
vn -0.2419 0.9529 -0.1828
vn -0.2559 0.9533 -0.1605
vn -0.2603 0.9568 -0.1295
vn -0.2853 0.9516 -0.1141
vn -0.3424 0.9312 -0.1251
vn -0.4144 0.8976 -0.1501
vn -0.4743 0.8646 -0.1657
vn -0.5094 0.8459 -0.1579
vn -0.5276 0.8393 -0.1313
vn -0.5487 0.8294 -0.1051
vn -0.5883 0.8027 -0.0975
vn -0.6440 0.7571 -0.1095
vn -0.7000 0.7031 -0.1252
vn -0.7450 0.6548 -0.1270
vn -0.0820 0.9798 -0.1826
vn -0.7008 0.7024 -0.1248
vn -0.0360 0.9938 -0.1049
vn -0.0895 0.9894 -0.1143
vn -0.1684 0.9752 -0.1434
vn -0.2396 0.9565 -0.1667
vn -0.2790 0.9460 -0.1650
vn -0.2897 0.9469 -0.1392
vn -0.2971 0.9486 -0.1094
vn -0.3288 0.9392 -0.0989
vn -0.3901 0.9137 -0.1141
vn -0.4604 0.8768 -0.1389
vn -0.5150 0.8439 -0.1504
vn -0.5463 0.8261 -0.1382
vn -0.5651 0.8176 -0.1103
vn -0.5905 0.8023 -0.0870
vn -0.6340 0.7688 -0.0837
vn -0.6896 0.7176 -0.0976
vn -0.7422 0.6609 -0.1111
vn -0.0855 0.9797 -0.1813
vn -0.6850 0.7218 -0.0993
vn -0.0538 0.9931 -0.1039
vn -0.0766 0.9930 -0.0894
vn -0.1369 0.9851 -0.1039
vn -0.2165 0.9671 -0.1339
vn -0.2822 0.9470 -0.1533
vn -0.3152 0.9377 -0.1461
vn -0.3239 0.9387 -0.1177
vn -0.3354 0.9377 -0.0902
vn -0.3736 0.9237 -0.0850
vn -0.4378 0.8931 -0.1035
vn -0.5052 0.8536 -0.1272
vn -0.5547 0.8212 -0.1344
vn -0.5832 0.8037 -0.1181
vn -0.6036 0.7922 -0.0899
vn -0.6334 0.7707 -0.0702
vn -0.6798 0.7299 -0.0711
vn -0.7342 0.6735 -0.0859
vn -0.0796 0.9844 -0.1571
vn -0.6570 0.7508 -0.0685
vn -0.0867 0.9896 -0.1148
vn -0.0889 0.9925 -0.0841
vn -0.1191 0.9901 -0.0749
vn -0.1851 0.9782 -0.0940
vn -0.2638 0.9566 -0.1238
vn -0.3354 0.9337 -0.1255
vn -0.3721 0.9249 -0.0781
vn -0.3552 0.9343 -0.0313
vn -0.3557 0.9339 -0.0357
vn -0.4139 0.9079 -0.0656
vn -0.4851 0.8695 -0.0933
vn -0.5488 0.8280 -0.1150
vn -0.5934 0.7962 -0.1177
vn -0.6202 0.7783 -0.0982
vn -0.6431 0.7625 -0.0707
vn -0.6771 0.7338 -0.0550
vn -0.7254 0.6858 -0.0595
vn -0.0671 0.9911 -0.1146
vn -0.6325 0.7734 -0.0436
vn -0.1165 0.9855 -0.1232
vn -0.1195 0.9884 -0.0933
vn -0.1254 0.9900 -0.0651
vn -0.1631 0.9847 -0.0616
vn -0.2604 0.9639 -0.0560
vn -0.3871 0.9221 0.0022
vn -0.4404 0.8925 0.0975
vn -0.3684 0.9155 0.1615
vn -0.3006 0.9443 0.1340
vn -0.3537 0.9347 0.0366
vn -0.4538 0.8900 -0.0452
vn -0.5317 0.8428 -0.0834
vn -0.5910 0.8001 -0.1024
vn -0.6316 0.7688 -0.1005
vn -0.6577 0.7492 -0.0785
vn -0.6836 0.7279 -0.0527
vn -0.7214 0.6913 -0.0414
vn -0.0554 0.9961 -0.0693
vn -0.6256 0.7794 -0.0343
vn 0.0180 0.9976 -0.0672
vn -0.1266 0.9851 -0.1164
vn -0.1513 0.9830 -0.1036
vn -0.1526 0.9857 -0.0718
vn -0.1636 0.9854 -0.0470
vn -0.3063 0.9519 0.0035
vn -0.4746 0.8743 0.1020
vn -0.4814 0.8598 0.1705
vn -0.3723 0.9077 0.1936
vn -0.2353 0.9541 0.1853
vn -0.2440 0.9639 0.1061
vn -0.3989 0.9170 0.0009
vn -0.5126 0.8572 -0.0497
vn -0.5772 0.8133 -0.0735
vn -0.6321 0.7697 -0.0893
vn -0.6693 0.7383 -0.0832
vn -0.6959 0.7157 -0.0596
vn -0.7252 0.6876 -0.0365
vn -0.0525 0.9979 -0.0386
vn -0.6405 0.7669 -0.0400
vn -0.1116 0.9897 -0.0899
vn -0.1668 0.9808 -0.1012
vn -0.1853 0.9791 -0.0832
vn -0.1865 0.9811 -0.0507
vn -0.3636 0.9315 -0.0067
vn -0.5290 0.8480 0.0322
vn -0.4837 0.8749 0.0259
vn -0.3773 0.9261 0.0028
vn -0.2254 0.9743 0.0028
vn -0.1777 0.9841 0.0028
vn -0.3525 0.9357 -0.0145
vn -0.5029 0.8640 -0.0261
vn -0.5593 0.8280 -0.0400
vn -0.6217 0.7807 -0.0638
vn -0.6721 0.7365 -0.0758
vn -0.7070 0.7042 -0.0658
vn -0.7348 0.6770 -0.0418
vn -0.0609 0.9976 -0.0318
vn -0.6681 0.7424 -0.0507
vn -0.0797 0.9956 -0.0499
vn -0.1576 0.9843 -0.0791
vn -0.2055 0.9750 -0.0847
vn -0.2189 0.9738 -0.0623
vn -0.3752 0.9251 -0.0579
vn -0.5154 0.8515 -0.0964
vn -0.4565 0.8789 -0.1382
vn -0.3515 0.9198 -0.1744
vn -0.2240 0.9534 -0.2019
vn -0.2084 0.9634 -0.1684
vn -0.3827 0.9206 -0.0784
vn -0.5090 0.8606 -0.0192
vn -0.5475 0.8367 -0.0138
vn -0.6055 0.7952 -0.0312
vn -0.6649 0.7450 -0.0540
vn -0.7113 0.7001 -0.0620
vn -0.7448 0.6655 -0.0489
vn -0.0753 0.9962 -0.0442
vn -0.6929 0.7190 -0.0542
vn -0.0485 0.9988 -0.0103
vn -0.1287 0.9908 -0.0412
vn -0.2022 0.9770 -0.0674
vn -0.2428 0.9678 -0.0673
vn -0.3377 0.9369 -0.0905
vn -0.4359 0.8806 -0.1858
vn -0.4093 0.8673 -0.2833
vn -0.3105 0.8901 -0.3335
vn -0.2398 0.9138 -0.3277
vn -0.3149 0.9211 -0.2287
vn -0.4635 0.8810 -0.0945
vn -0.5274 0.8492 -0.0259
vn -0.5496 0.8354 -0.0033
vn -0.5928 0.8054 -0.0032
vn -0.6510 0.7587 -0.0231
vn -0.7069 0.7060 -0.0441
vn -0.7500 0.6597 -0.0482
vn -0.0880 0.9943 -0.0606
vn -0.7016 0.7112 -0.0433
vn -0.0356 0.9993 0.0149
vn -0.0960 0.9954 -0.0002
vn -0.1772 0.9836 -0.0324
vn -0.2452 0.9679 -0.0548
vn -0.2996 0.9514 -0.0716
vn -0.3461 0.9304 -0.1205
vn -0.3589 0.9133 -0.1927
vn -0.3101 0.9213 -0.2347
vn -0.3131 0.9290 -0.1973
vn -0.4226 0.8987 -0.1170
vn -0.5121 0.8568 -0.0609
vn -0.5476 0.8360 -0.0354
vn -0.5645 0.8254 -0.0076
vn -0.5914 0.8063 0.0108
vn -0.6382 0.7698 0.0059
vn -0.6956 0.7182 -0.0158
vn -0.7478 0.6630 -0.0343
vn -0.0927 0.9937 -0.0637
vn -0.6897 0.7239 -0.0174
vn -0.0484 0.9986 0.0198
vn -0.0777 0.9965 0.0292
vn -0.1442 0.9895 0.0091
vn -0.2249 0.9741 -0.0234
vn -0.2866 0.9572 -0.0412
vn -0.3187 0.9472 -0.0353
vn -0.3340 0.9422 -0.0261
vn -0.3291 0.9442 -0.0124
vn -0.3635 0.9316 0.0075
vn -0.4456 0.8952 -0.0017
vn -0.5127 0.8581 -0.0286
vn -0.5587 0.8286 -0.0353
vn -0.5835 0.8119 -0.0175
vn -0.6026 0.7980 0.0093
vn -0.6342 0.7728 0.0229
vn -0.6836 0.7298 0.0134
vn -0.7392 0.6734 -0.0091
vn -0.0869 0.9953 -0.0434
vn -0.6630 0.7484 0.0169
vn -0.0798 0.9968 0.0099
vn -0.0846 0.9957 0.0387
vn -0.1214 0.9917 0.0422
vn -0.1928 0.9811 0.0178
vn -0.2715 0.9623 -0.0139
vn -0.3264 0.9448 -0.0267
vn -0.3484 0.9373 -0.0107
vn -0.3546 0.9348 0.0204
vn -0.3741 0.9265 0.0405
vn -0.4236 0.9053 0.0332
vn -0.4923 0.8704 0.0057
vn -0.5549 0.8317 -0.0187
vn -0.5961 0.8026 -0.0206
vn -0.6197 0.7849 -0.0002
vn -0.6418 0.7665 0.0245
vn -0.6778 0.7345 0.0329
vn -0.7285 0.6847 0.0193
vn -0.0735 0.9973 -0.0020
vn -0.6365 0.7699 0.0470
vn -0.1121 0.9937 -0.0008
vn -0.1126 0.9931 0.0313
vn -0.1221 0.9909 0.0565
vn -0.1665 0.9846 0.0539
vn -0.2414 0.9701 0.0259
vn -0.3167 0.9485 -0.0040
vn -0.3648 0.9310 -0.0115
vn -0.3825 0.9239 0.0088
vn -0.3903 0.9199 0.0392
vn -0.4158 0.9078 0.0542
vn -0.4701 0.8816 0.0416
vn -0.5380 0.8428 0.0127
vn -0.5958 0.8031 -0.0084
vn -0.6330 0.7742 -0.0059
vn -0.6564 0.7542 0.0160
vn -0.6822 0.7302 0.0375
vn -0.4453 0.8577 -0.2570
vn -0.0590 0.8268 -0.5593
vn -0.6254 0.7779 0.0611
vn -0.1274 0.9919 0.0018
vn -0.1461 0.9891 0.0193
vn -0.1459 0.9879 0.0521
vn -0.1612 0.9842 0.0728
vn -0.2128 0.9750 0.0642
vn -0.2897 0.9565 0.0337
vn -0.3603 0.9328 0.0065
vn -0.4018 0.9157 0.0044
vn -0.4165 0.9087 0.0280
vn -0.4272 0.9024 0.0567
vn -0.4588 0.8861 0.0661
vn -0.5166 0.8548 0.0487
vn -0.5826 0.8125 0.0194
vn -0.6355 0.7721 0.0020
vn -0.6696 0.7427 0.0085
vn -0.6940 0.7194 0.0307
vn -0.0007 0.9976 0.0694
vn -0.6360 0.7696 0.0569
vn -0.1173 0.9928 0.0248
vn -0.1662 0.9859 0.0177
vn -0.1793 0.9830 0.0397
vn -0.1800 0.9810 0.0721
vn -0.2019 0.9755 0.0876
vn -0.2599 0.9629 0.0733
vn -0.3371 0.9406 0.0412
vn -0.4023 0.9153 0.0175
vn -0.4379 0.8988 0.0207
vn -0.4509 0.8914 0.0466
vn -0.4653 0.8822 0.0725
vn -0.5027 0.8611 0.0761
vn -0.5629 0.8248 0.0545
vn -0.6259 0.7795 0.0259
vn -0.6743 0.7384 0.0124
vn -0.4251 0.8596 -0.2835
vn -0.0067 0.8404 -0.5419
vn -0.6620 0.7483 0.0435
vn -0.0873 0.9942 0.0634
vn -0.1621 0.9861 0.0358
vn -0.2034 0.9785 0.0345
vn -0.2121 0.9754 0.0603
vn -0.2152 0.9723 0.0910
vn -0.2441 0.9645 0.1008
vn -0.3074 0.9481 0.0813
vn -0.3835 0.9223 0.0486
vn -0.4428 0.8961 0.0290
vn -0.4731 0.8802 0.0372
vn -0.4857 0.8717 0.0644
vn -0.5048 0.8589 0.0864
vn -0.5474 0.8326 0.0841
vn -0.6085 0.7914 0.0593
vn -0.6679 0.7436 0.0320
vn 0.0187 0.9995 0.0244
vn -0.6886 0.7243 0.0346
vn -0.0540 0.9931 0.1044
vn -0.1358 0.9881 0.0716
vn -0.2052 0.9776 0.0476
vn -0.2393 0.9696 0.0520
vn -0.2449 0.9662 0.0805
vn -0.2516 0.9617 0.1085
vn -0.2876 0.9511 0.1122
vn -0.3550 0.9307 0.0882
vn -0.4286 0.9018 0.0560
vn -0.4819 0.8753 0.0410
vn -0.5080 0.8597 0.0536
vn -0.5214 0.8495 0.0808
vn -0.5455 0.8323 0.0982
vn -0.5925 0.8005 0.0902
vn -0.6532 0.7545 0.0630
vn 0.0318 0.9981 0.0530
vn -0.7015 0.7115 0.0407
vn -0.0360 0.9904 0.1331
vn -0.1019 0.9883 0.1132
vn -0.1835 0.9798 0.0798
vn -0.2466 0.9673 0.0601
vn -0.2739 0.9592 0.0700
vn -0.2779 0.9554 0.1002
vn -0.2894 0.9491 0.1245
vn -0.3323 0.9353 0.1220
vn -0.4023 0.9107 0.0942
vn -0.4723 0.8792 0.0634
vn -0.5196 0.8527 0.0533
vn -0.5427 0.8371 0.0695
vn -0.5582 0.8242 0.0956
vn -0.5874 0.8021 0.1077
vn -0.3560 0.9135 -0.1968
vn 0.0195 0.8508 -0.5251
vn -0.6938 0.7172 0.0644
vn -0.0433 0.9889 0.1419
vn -0.0789 0.9862 0.1456
vn -0.1501 0.9812 0.1211
vn -0.2300 0.9692 0.0881
vn -0.2862 0.9553 0.0734
vn -0.3077 0.9474 0.0883
vn -0.3115 0.9428 0.1189
vn -0.3286 0.9342 0.1386
vn -0.3778 0.9167 0.1300
vn -0.4489 0.8880 0.0995
vn -0.5145 0.8546 0.0710
vn -0.5564 0.8283 0.0657
vn -0.5776 0.8119 0.0846
vn -0.5961 0.7956 0.1084
vn 0.1285 0.9804 0.1496
vn -0.6695 0.7360 0.1000
vn -0.0718 0.9883 0.1342
vn -0.0800 0.9840 0.1591
vn -0.1233 0.9799 0.1567
vn -0.1984 0.9717 0.1283
vn -0.2751 0.9565 0.0968
vn -0.3243 0.9419 0.0873
vn -0.3409 0.9341 0.1065
vn -0.3459 0.9283 0.1364
vn -0.3692 0.9170 0.1508
vn -0.4239 0.8954 0.1365
vn -0.4946 0.8629 0.1041
vn -0.5552 0.8280 0.0786
vn -0.5925 0.8018 0.0780
vn -0.3381 0.9216 -0.1908
vn 0.0905 0.8723 -0.4804
vn -0.6421 0.7548 0.1340
vn -0.1053 0.9869 0.1223
vn -0.1044 0.9825 0.1543
vn -0.1182 0.9775 0.1748
vn -0.1688 0.9715 0.1662
vn -0.2463 0.9598 0.1349
vn -0.3187 0.9420 0.1058
vn -0.3608 0.9271 0.1017
vn -0.3738 0.9191 0.1243
vn -0.3815 0.9117 0.1524
vn -0.4112 0.8972 0.1610
vn -0.4701 0.8712 0.1413
vn -0.5392 0.8352 0.1081
vn -0.5947 0.7993 0.0863
vn 0.1212 0.9870 0.1058
vn -0.6273 0.7636 0.1528
vn -0.1252 0.9847 0.1210
vn -0.1381 0.9802 0.1420
vn -0.1376 0.9752 0.1735
vn -0.1578 0.9693 0.1887
vn -0.2151 0.9609 0.1743
vn -0.2935 0.9455 0.1411
vn -0.3605 0.9256 0.1152
vn -0.3962 0.9108 0.1165
vn -0.4069 0.9025 0.1414
vn -0.4182 0.8929 0.1666
vn -0.4543 0.8747 0.1690
vn -0.5161 0.8442 0.1447
vn -0.2935 0.9380 -0.1843
vn 0.0812 0.8586 -0.5061
vn -0.6335 0.7588 0.1514
vn -0.1203 0.9829 0.1391
vn -0.1621 0.9772 0.1369
vn -0.1702 0.9721 0.1615
vn -0.1717 0.9664 0.1914
vn -0.1989 0.9592 0.2009
vn -0.2620 0.9479 0.1811
vn -0.3397 0.9290 0.1469
vn -0.4007 0.9077 0.1249
vn -0.4306 0.8930 0.1312
vn -0.4404 0.8839 0.1575
vn -0.4564 0.8716 0.1788
vn -0.4983 0.8492 0.1749
vn 0.2269 0.9575 0.1779
vn -0.6568 0.7415 0.1370
vn -0.0935 0.9802 0.1743
vn -0.1632 0.9751 0.1501
vn -0.1975 0.9682 0.1533
vn -0.2021 0.9626 0.1806
vn -0.2069 0.9560 0.2078
vn -0.2414 0.9472 0.2113
vn -0.3090 0.9326 0.1866
vn -0.3846 0.9104 0.1525
vn -0.4393 0.8881 0.1350
vn -0.4644 0.8735 0.1458
vn -0.4747 0.8631 0.1722
vn -0.4959 0.8476 0.1887
vn 0.2460 0.9453 0.2140
vn -0.6841 0.7189 0.1236
vn -0.0595 0.9749 0.2144
vn -0.1407 0.9732 0.1818
vn -0.2043 0.9655 0.1615
vn -0.2315 0.9578 0.1701
vn -0.2341 0.9516 0.1991
vn -0.2434 0.9440 0.2226
vn -0.2850 0.9330 0.2197
vn -0.3558 0.9148 0.1911
vn -0.4280 0.8898 0.1580
vn -0.4765 0.8671 0.1453
vn -0.4979 0.8524 0.1599
vn -0.2376 0.9669 -0.0932
vn 0.1786 0.8894 -0.4208
vn -0.7005 0.7028 0.1239
vn -0.0371 0.9688 0.2450
vn -0.1069 0.9692 0.2218
vn -0.1868 0.9640 0.1892
vn -0.2436 0.9542 0.1736
vn -0.2645 0.9461 0.1870
vn -0.2664 0.9392 0.2165
vn -0.2813 0.9303 0.2355
vn -0.3296 0.9166 0.2264
vn -0.4021 0.8947 0.1945
vn -0.4700 0.8674 0.1635
vn -0.5126 0.8444 0.1557
vn 0.2287 0.9548 0.1901
vn -0.6973 0.7023 0.1435
vn -0.0386 0.9656 0.2573
vn -0.0803 0.9635 0.2554
vn -0.1544 0.9613 0.2283
vn -0.2315 0.9527 0.1968
vn -0.2811 0.9415 0.1861
vn -0.2967 0.9330 0.2038
vn -0.2995 0.9253 0.2326
vn -0.3206 0.9146 0.2463
vn -0.3749 0.8978 0.2313
vn -0.4476 0.8722 0.1972
vn -0.5105 0.8431 0.1689
vn 0.2199 0.9578 0.1849
vn -0.6761 0.7150 0.1779
vn -0.0632 0.9655 0.2525
vn -0.0756 0.9593 0.2721
vn -0.1246 0.9564 0.2643
vn -0.2015 0.9511 0.2340
vn -0.2745 0.9396 0.2045
vn -0.3170 0.9273 0.1990
vn -0.3286 0.9185 0.2201
vn -0.3336 0.9097 0.2471
vn -0.3613 0.8969 0.2550
vn -0.4204 0.8765 0.2344
vn -0.4920 0.8475 0.1991
vn 0.2297 0.9524 0.2006
vn -0.6488 0.7302 0.2140
vn -0.0966 0.9658 0.2407
vn -0.0954 0.9580 0.2705
vn -0.1140 0.9517 0.2852
vn -0.1698 0.9473 0.2716
vn -0.2481 0.9388 0.2390
vn -0.3159 0.9247 0.2124
vn -0.3515 0.9118 0.2121
vn -0.3604 0.9026 0.2356
vn -0.3689 0.8924 0.2598
vn -0.4032 0.8769 0.2615
vn -0.1848 0.9816 -0.0477
vn 0.1652 0.8931 -0.4184
vn -0.6311 0.7387 0.2367
vn -0.1201 0.9643 0.2361
vn -0.1280 0.9574 0.2590
vn -0.1283 0.9492 0.2872
vn -0.1538 0.9426 0.2964
vn -0.2156 0.9362 0.2775
vn -0.2936 0.9244 0.2436
vn -0.3555 0.9083 0.2206
vn -0.3850 0.8950 0.2252
vn -0.3925 0.8851 0.2501
vn -0.4055 0.8732 0.2704
vn 0.3430 0.8954 0.2838
vn -0.6329 0.7364 0.2390
vn -0.1207 0.9610 0.2490
vn -0.1549 0.9554 0.2513
vn -0.1589 0.9477 0.2767
vn -0.1621 0.9393 0.3024
vn -0.1948 0.9320 0.3058
vn -0.2616 0.9231 0.2820
vn -0.3380 0.9079 0.2478
vn -0.3936 0.8903 0.2290
vn -0.4177 0.8768 0.2381
vn -0.4253 0.8660 0.2631
vn 0.3340 0.8950 0.2957
vn -0.6528 0.7233 0.2253
vn -0.0980 0.9553 0.2791
vn -0.1611 0.9522 0.2594
vn -0.1882 0.9452 0.2668
vn -0.1897 0.9369 0.2937
vn -0.1972 0.9280 0.3160
vn -0.2371 0.9196 0.3133
vn -0.3076 0.9078 0.2852
vn -0.3810 0.8897 0.2518
vn -0.4301 0.8710 0.2375
vn -0.4501 0.8572 0.2504
vn 0.3083 0.9064 0.2890
vn -0.6796 0.7033 0.2088
vn -0.0646 0.9464 0.3163
vn -0.1432 0.9475 0.2858
vn -0.1997 0.9418 0.2703
vn -0.2203 0.9337 0.2822
vn -0.2208 0.9249 0.3097
vn -0.2336 0.9155 0.3276
vn -0.2804 0.9054 0.3189
vn -0.3531 0.8903 0.2874
vn -0.4225 0.8696 0.2556
vn -0.1951 0.9803 -0.0309
vn 0.2105 0.9027 -0.3754
vn -0.6987 0.6859 0.2035
vn -0.0388 0.9370 0.3470
vn -0.1108 0.9401 0.3223
vn -0.1870 0.9378 0.2925
vn -0.2365 0.9300 0.2815
vn -0.2515 0.9211 0.2974
vn -0.2524 0.9116 0.3243
vn -0.2713 0.9015 0.3373
vn -0.3245 0.8892 0.3226
vn -0.1158 0.9933 0.0038
vn 0.2226 0.8997 -0.3755
vn -0.6998 0.6804 0.2175
vn -0.0348 0.9316 0.3619
vn -0.0817 0.9312 0.3554
vn -0.1568 0.9318 0.3274
vn -0.2293 0.9263 0.2991
vn -0.2716 0.9168 0.2929
vn -0.2821 0.9072 0.3121
vn -0.2850 0.8972 0.3374
vn -0.0288 0.9976 0.0633
vn 0.3067 0.8958 -0.3218
vn -0.6823 0.6874 0.2488
vn -0.0546 0.9313 0.3602
vn -0.0717 0.9246 0.3741
vn -0.1254 0.9237 0.3621
vn -0.2023 0.9214 0.3317
vn -0.2699 0.9130 0.3058
vn -0.3052 0.9023 0.3045
vn -0.0349 0.9982 0.0478
vn 0.3500 0.8824 -0.3143
vn -0.6562 0.6988 0.2849
vn -0.0866 0.9329 0.3497
vn -0.0862 0.9227 0.3757
vn -0.1099 0.9166 0.3845
vn -0.1697 0.9145 0.3673
vn -0.2468 0.9092 0.3354
vn -0.0217 0.9995 0.0213
vn 0.3301 0.8787 -0.3448
vn -0.6364 0.7061 0.3105
vn -0.1128 0.9326 0.3429
vn -0.1165 0.9233 0.3659
vn -0.1187 0.9133 0.3896
vn -0.1494 0.9073 0.3931
vn -0.2144 0.9035 0.3712
vn 0.5062 0.8054 0.3085
vn -0.6324 0.7063 0.3182
vn -0.1185 0.9290 0.3507
vn 0.1478 0.9873 0.0586
vn -0.1381 0.9154 -0.3782
vn -0.1475 0.9182 -0.3676
vn -0.1931 0.9037 -0.3822
vn 0.4012 0.8673 -0.2947
vn 0.0820 0.9328 -0.3509
vn -0.5117 0.8125 -0.2793
vn -0.0300 0.9215 -0.3872
vn -0.1067 0.9052 -0.4115
vn 0.4734 0.8184 -0.3257
vn -0.6114 -0.3136 0.7266
vn -0.0206 -0.4340 0.9007
vn -0.0451 -0.9440 0.3269
vn -0.7624 -0.6136 0.2056
vn 0.0385 -0.3998 0.9158
vn 0.0452 -0.4216 0.9056
vn 0.0954 -0.9344 0.3432
vn 0.0444 -0.4535 0.8902
vn 0.0958 -0.9441 0.3153
vn 0.0535 -0.4676 0.8823
vn 0.1135 -0.9476 0.2987
vn 0.0800 -0.4519 0.8885
vn 0.1655 -0.9376 0.3058
vn 0.1127 -0.4190 0.9010
vn 0.2388 -0.9143 0.3273
vn 0.1394 -0.3951 0.9080
vn 0.3035 -0.8892 0.3423
vn 0.1576 -0.3976 0.9039
vn 0.3404 -0.8778 0.3371
vn 0.1701 -0.4225 0.8903
vn 0.3539 -0.8812 0.3135
vn 0.1836 -0.4463 0.8758
vn 0.3665 -0.8851 0.2870
vn 0.2052 -0.4454 0.8715
vn 0.4002 -0.8740 0.2755
vn 0.2328 -0.4185 0.8779
vn 0.4578 -0.8429 0.2829
vn 0.2590 -0.3864 0.8852
vn 0.5210 -0.8006 0.2959
vn 0.2829 -0.3707 0.8846
vn 0.5711 -0.7651 0.2975
vn 0.3081 -0.3763 0.8738
vn 0.6042 -0.7457 0.2809
vn 0.3355 -0.3906 0.8572
vn 0.6298 -0.7346 0.2524
vn 0.7612 0.0940 0.6416
vn 0.9961 -0.0810 0.0351
vn -0.7773 -0.6027 0.1803
vn 0.1171 -0.9311 0.3454
vn 0.1274 -0.9373 0.3244
vn 0.1294 -0.9462 0.2967
vn 0.1538 -0.9464 0.2839
vn 0.2117 -0.9319 0.2946
vn 0.2851 -0.9049 0.3161
vn 0.3447 -0.8797 0.3276
vn 0.3765 -0.8702 0.3178
vn 0.3893 -0.8736 0.2918
vn 0.4061 -0.8740 0.2668
vn 0.4454 -0.8571 0.2588
vn 0.5050 -0.8204 0.2681
vn 0.5655 -0.7760 0.2795
vn 0.6117 -0.7409 0.2772
vn 0.6435 -0.7210 0.2569
vn 0.9977 -0.0597 0.0318
vn -0.0832 -0.9582 0.2736
vn -0.7757 -0.6075 0.1708
vn 0.1167 -0.9359 0.3324
vn 0.1526 -0.9319 0.3291
vn 0.1595 -0.9390 0.3048
vn 0.1645 -0.9464 0.2781
vn 0.1959 -0.9429 0.2695
vn 0.2587 -0.9234 0.2834
vn 0.3307 -0.8934 0.3041
vn 0.3850 -0.8688 0.3115
vn 0.4125 -0.8610 0.2975
vn 0.4258 -0.8636 0.2699
vn 0.4473 -0.8596 0.2469
vn 0.4917 -0.8364 0.2424
vn 0.5519 -0.7946 0.2530
vn 0.6091 -0.7486 0.2620
vn 0.6520 -0.7139 0.2556
vn 0.9987 -0.0447 0.0239
vn -0.7572 -0.6279 0.1802
vn 0.0159 -0.9610 0.2762
vn 0.0944 -0.9480 0.3038
vn 0.1579 -0.9342 0.3198
vn 0.1873 -0.9316 0.3114
vn 0.1922 -0.9392 0.2846
vn 0.2014 -0.9444 0.2597
vn 0.2397 -0.9366 0.2555
vn 0.3061 -0.9123 0.2720
vn 0.3755 -0.8799 0.2911
vn 0.4244 -0.8564 0.2942
vn 0.4487 -0.8499 0.2762
vn 0.4634 -0.8508 0.2478
vn 0.4901 -0.8415 0.2275
vn 0.5385 -0.8117 0.2262
vn 0.5982 -0.7654 0.2373
vn 0.6518 -0.7182 0.2435
vn 0.9990 -0.0429 0.0155
vn -0.7315 -0.6523 0.1986
vn -0.0037 -0.9687 0.2483
vn 0.0625 -0.9615 0.2675
vn 0.1405 -0.9453 0.2943
vn 0.1979 -0.9313 0.3058
vn 0.2215 -0.9302 0.2925
vn 0.2257 -0.9377 0.2640
vn 0.2401 -0.9402 0.2418
vn 0.2850 -0.9275 0.2419
vn 0.3535 -0.8985 0.2602
vn 0.4194 -0.8645 0.2771
vn 0.4630 -0.8424 0.2757
vn 0.4852 -0.8366 0.2543
vn 0.5025 -0.8346 0.2258
vn 0.5342 -0.8192 0.2085
vn 0.5856 -0.7829 0.2102
vn 0.6437 -0.7327 0.2210
vn 0.9985 -0.0538 0.0105
vn -0.0066 -0.9569 0.2903
vn -0.7134 -0.6686 0.2099
vn 0.0005 -0.9713 0.2377
vn 0.0389 -0.9709 0.2364
vn 0.1099 -0.9597 0.2586
vn 0.1858 -0.9407 0.2837
vn 0.2368 -0.9272 0.2903
vn 0.2554 -0.9276 0.2726
vn 0.2603 -0.9344 0.2433
vn 0.2805 -0.9333 0.2244
vn 0.3313 -0.9154 0.2287
vn 0.4005 -0.8821 0.2481
vn 0.4621 -0.8472 0.2620
vn 0.5012 -0.8266 0.2562
vn 0.5222 -0.8207 0.2318
vn 0.5429 -0.8146 0.2040
vn 0.5794 -0.7925 0.1901
vn 0.6325 -0.7499 0.1941
vn 0.9975 -0.0697 0.0111
vn 0.0053 -0.9583 0.2858
vn -0.7137 -0.6705 0.2025
vn 0.0373 -0.9745 0.2213
vn 0.0832 -0.9708 0.2250
vn 0.1576 -0.9555 0.2493
vn 0.2301 -0.9344 0.2719
vn 0.2746 -0.9218 0.2735
vn 0.2894 -0.9235 0.2519
vn 0.2963 -0.9288 0.2227
vn 0.3227 -0.9235 0.2076
vn 0.3784 -0.9001 0.2157
vn 0.4470 -0.8630 0.2354
vn 0.5039 -0.8280 0.2459
vn 0.5390 -0.8087 0.2356
vn 0.5602 -0.8016 0.2091
vn 0.5847 -0.7904 0.1828
vn 0.6253 -0.7611 0.1722
vn 0.8039 -0.4475 0.3919
vn -0.0079 -0.9648 0.2629
vn -0.7321 -0.6578 0.1768
vn 0.0590 -0.9729 0.2234
vn 0.0759 -0.9757 0.2054
vn 0.1289 -0.9683 0.2139
vn 0.2053 -0.9489 0.2396
vn 0.2733 -0.9264 0.2590
vn 0.3115 -0.9153 0.2555
vn 0.3236 -0.9176 0.2306
vn 0.3337 -0.9207 0.2024
vn 0.3664 -0.9105 0.1915
vn 0.4259 -0.8817 0.2030
vn 0.4926 -0.8415 0.2220
vn 0.5447 -0.8068 0.2287
vn 0.5768 -0.7882 0.2143
vn 0.5990 -0.7787 0.1863
vn 0.6277 -0.7614 0.1621
vn 0.6716 -0.7245 0.1549
vn 0.7793 0.1244 0.6142
vn 0.9997 -0.0253 -0.0026
vn -0.0390 -0.9733 0.2261
vn -0.7580 -0.6365 0.1426
vn 0.0920 -0.9679 0.2340
vn 0.0928 -0.9746 0.2038
vn 0.1165 -0.9748 0.1902
vn 0.1759 -0.9632 0.2031
vn 0.2525 -0.9400 0.2292
vn 0.3153 -0.9169 0.2448
vn 0.3477 -0.9073 0.2363
vn 0.3585 -0.9098 0.2090
vn 0.3727 -0.9098 0.1827
vn 0.4115 -0.8942 0.1762
vn 0.4734 -0.8600 0.1904
vn 0.5371 -0.8174 0.2080
vn 0.5848 -0.7834 0.2106
vn 0.6148 -0.7648 0.1924
vn 0.6390 -0.7516 0.1638
vn 0.6716 -0.7271 0.1423
vn 0.9996 -0.0291 0.0034
vn -0.7771 -0.6191 0.1131
vn 0.1180 -0.9637 0.2393
vn 0.1244 -0.9690 0.2135
vn 0.1280 -0.9745 0.1845
vn 0.1589 -0.9715 0.1757
vn 0.2236 -0.9555 0.1926
vn 0.2991 -0.9289 0.2182
vn 0.3560 -0.9059 0.2295
vn 0.3835 -0.8979 0.2162
vn 0.3942 -0.8997 0.1873
vn 0.4132 -0.8958 0.1637
vn 0.4575 -0.8744 0.1616
vn 0.5204 -0.8352 0.1778
vn 0.5806 -0.7909 0.1933
vn 0.6242 -0.7574 0.1915
vn 0.6532 -0.7378 0.1702
vn 0.6799 -0.7194 0.1418
vn 0.9998 -0.0187 0.0100
vn -0.7794 -0.6186 0.0987
vn 0.0565 -0.9761 0.2099
vn 0.1227 -0.9657 0.2289
vn 0.1533 -0.9631 0.2211
vn 0.1572 -0.9686 0.1925
vn 0.1648 -0.9723 0.1657
vn 0.2030 -0.9657 0.1620
vn 0.2717 -0.9450 0.1821
vn 0.3447 -0.9158 0.2063
vn 0.3957 -0.8934 0.2130
vn 0.4191 -0.8867 0.1954
vn 0.4310 -0.8870 0.1658
vn 0.4553 -0.8784 0.1456
vn 0.5041 -0.8509 0.1477
vn 0.5668 -0.8072 0.1650
vn 0.6230 -0.7617 0.1778
vn 0.6632 -0.7285 0.1717
vn 0.6922 -0.7064 0.1479
vn 0.9999 0.0026 0.0131
vn -0.7636 -0.6374 0.1026
vn 0.0231 -0.9851 0.1703
vn 0.1037 -0.9742 0.2005
vn 0.1637 -0.9628 0.2149
vn 0.1879 -0.9612 0.2017
vn 0.1906 -0.9666 0.1713
vn 0.2033 -0.9679 0.1476
vn 0.2485 -0.9571 0.1490
vn 0.3197 -0.9318 0.1716
vn 0.3891 -0.9006 0.1936
vn 0.4343 -0.8793 0.1954
vn 0.4548 -0.8734 0.1742
vn 0.4689 -0.8713 0.1448
vn 0.4987 -0.8572 0.1285
vn 0.5510 -0.8236 0.1345
vn 0.6122 -0.7759 0.1521
vn 0.6644 -0.7297 0.1615
vn 0.7021 -0.6958 0.1513
vn 0.8470 -0.3762 0.3756
vn -0.7376 -0.6648 0.1181
vn -0.0013 -0.9906 0.1371
vn 0.0713 -0.9843 0.1615
vn 0.1501 -0.9702 0.1903
vn 0.2034 -0.9586 0.1994
vn 0.2220 -0.9580 0.1814
vn 0.2250 -0.9627 0.1502
vn 0.2436 -0.9611 0.1304
vn 0.2951 -0.9456 0.1368
vn 0.3674 -0.9160 0.1610
vn 0.4323 -0.8836 0.1801
vn 0.4721 -0.8636 0.1770
vn 0.4909 -0.8577 0.1527
vn 0.5082 -0.8522 0.1245
vn 0.5431 -0.8321 0.1124
vn 0.5978 -0.7924 0.1218
vn 0.6567 -0.7413 0.1388
vn 0.7050 -0.6943 0.1445
vn 0.7410 -0.6587 0.1306
vn 0.7823 0.1331 0.6085
vn 0.9970 0.0772 -0.0024
vn -0.0124 -0.9843 0.1762
vn -0.7161 -0.6857 0.1305
vn -0.0026 -0.9926 0.1214
vn 0.0435 -0.9912 0.1254
vn 0.1198 -0.9810 0.1525
vn 0.1954 -0.9643 0.1790
vn 0.2417 -0.9530 0.1827
vn 0.2558 -0.9533 0.1605
vn 0.2604 -0.9568 0.1296
vn 0.2855 -0.9516 0.1142
vn 0.3424 -0.9312 0.1252
vn 0.4144 -0.8977 0.1501
vn 0.4742 -0.8647 0.1656
vn 0.5093 -0.8460 0.1578
vn 0.5276 -0.8393 0.1313
vn 0.5488 -0.8293 0.1052
vn 0.5884 -0.8027 0.0975
vn 0.6441 -0.7571 0.1095
vn 0.7000 -0.7031 0.1251
vn 0.7450 -0.6549 0.1269
vn 0.9963 0.0858 -0.0101
vn 0.0050 -0.9845 0.1751
vn -0.7119 -0.6907 0.1267
vn 0.0200 -0.9920 0.1243
vn 0.0362 -0.9938 0.1050
vn 0.0897 -0.9894 0.1144
vn 0.1684 -0.9752 0.1434
vn 0.2394 -0.9565 0.1666
vn 0.2789 -0.9461 0.1648
vn 0.2897 -0.9470 0.1391
vn 0.2973 -0.9485 0.1095
vn 0.3289 -0.9391 0.0991
vn 0.3902 -0.9136 0.1141
vn 0.4603 -0.8768 0.1388
vn 0.5149 -0.8440 0.1503
vn 0.5462 -0.8262 0.1381
vn 0.5651 -0.8176 0.1103
vn 0.5906 -0.8023 0.0871
vn 0.6341 -0.7687 0.0838
vn 0.6896 -0.7176 0.0976
vn 0.7422 -0.6609 0.1111
vn 0.9964 0.0824 -0.0178
vn -0.0031 -0.9880 0.1545
vn -0.7275 -0.6782 0.1044
vn 0.0540 -0.9893 0.1359
vn 0.0539 -0.9931 0.1040
vn 0.0768 -0.9930 0.0895
vn 0.1370 -0.9851 0.1040
vn 0.2164 -0.9671 0.1338
vn 0.2820 -0.9471 0.1531
vn 0.3152 -0.9378 0.1458
vn 0.3242 -0.9387 0.1174
vn 0.3356 -0.9377 0.0901
vn 0.3737 -0.9237 0.0850
vn 0.4378 -0.8931 0.1035
vn 0.5051 -0.8536 0.1271
vn 0.5545 -0.8212 0.1343
vn 0.5831 -0.8038 0.1181
vn 0.6036 -0.7922 0.0900
vn 0.6335 -0.7706 0.0703
vn 0.6799 -0.7299 0.0712
vn 0.7341 -0.6735 0.0858
vn 0.9974 0.0693 -0.0206
vn -0.0322 -0.9925 0.1175
vn -0.7534 -0.6536 0.0722
vn 0.0867 -0.9896 0.1147
vn 0.0891 -0.9925 0.0842
vn 0.1192 -0.9900 0.0751
vn 0.1853 -0.9782 0.0940
vn 0.2643 -0.9566 0.1229
vn 0.3360 -0.9337 0.1238
vn 0.3730 -0.9246 0.0772
vn 0.3556 -0.9342 0.0299
vn 0.3550 -0.9342 0.0346
vn 0.4134 -0.9083 0.0646
vn 0.4848 -0.8697 0.0929
vn 0.5486 -0.8281 0.1149
vn 0.5933 -0.7963 0.1176
vn 0.6202 -0.7783 0.0981
vn 0.6431 -0.7625 0.0707
vn 0.6772 -0.7338 0.0551
vn 0.7253 -0.6858 0.0595
vn 0.9984 0.0532 -0.0175
vn -0.7752 -0.6303 0.0423
vn 0.1163 -0.9856 0.1231
vn 0.1195 -0.9884 0.0933
vn 0.1256 -0.9899 0.0652
vn 0.1640 -0.9846 0.0612
vn 0.2609 -0.9638 0.0556
vn 0.3863 -0.9224 -0.0010
vn 0.4404 -0.8925 -0.0976
vn 0.3682 -0.9154 -0.1625
vn 0.2997 -0.9446 -0.1342
vn 0.3549 -0.9343 -0.0345
vn 0.4534 -0.8902 0.0447
vn 0.5314 -0.8430 0.0831
vn 0.5910 -0.8002 0.1023
vn 0.6315 -0.7689 0.1004
vn 0.6577 -0.7492 0.0785
vn 0.6837 -0.7278 0.0528
vn 0.7214 -0.6913 0.0415
vn 0.9990 0.0430 -0.0095
vn -0.7814 -0.6235 0.0244
vn 0.1264 -0.9851 0.1163
vn 0.1511 -0.9831 0.1035
vn 0.1527 -0.9857 0.0719
vn 0.1657 -0.9851 0.0462
vn 0.3052 -0.9523 -0.0039
vn 0.4735 -0.8749 -0.1015
vn 0.4811 -0.8602 -0.1690
vn 0.3729 -0.9078 -0.1920
vn 0.2360 -0.9542 -0.1841
vn 0.2447 -0.9637 -0.1072
vn 0.3999 -0.9166 -0.0014
vn 0.5119 -0.8576 0.0493
vn 0.5772 -0.8133 0.0735
vn 0.6320 -0.7698 0.0892
vn 0.6693 -0.7384 0.0831
vn 0.6959 -0.7157 0.0596
vn 0.7252 -0.6876 0.0365
vn 0.9990 0.0457 0.0008
vn -0.7690 -0.6389 0.0228
vn 0.0307 -0.9978 0.0585
vn 0.1115 -0.9897 0.0898
vn 0.1666 -0.9808 0.1010
vn 0.1852 -0.9792 0.0831
vn 0.1896 -0.9806 0.0501
vn 0.3644 -0.9312 0.0060
vn 0.5270 -0.8493 -0.0323
vn 0.4843 -0.8745 -0.0259
vn 0.3781 -0.9258 -0.0026
vn 0.2255 -0.9742 -0.0026
vn 0.1787 -0.9839 -0.0033
vn 0.3521 -0.9359 0.0138
vn 0.5018 -0.8646 0.0261
vn 0.5593 -0.8280 0.0401
vn 0.6216 -0.7807 0.0637
vn 0.6721 -0.7366 0.0756
vn 0.7069 -0.7042 0.0658
vn 0.7348 -0.6770 0.0419
vn 0.9981 0.0612 0.0085
vn -0.0532 -0.9977 0.0419
vn -0.7438 -0.6675 0.0337
vn 0.0024 -0.9998 0.0213
vn 0.0797 -0.9956 0.0499
vn 0.1575 -0.9844 0.0790
vn 0.2053 -0.9750 0.0846
vn 0.2213 -0.9732 0.0624
vn 0.3759 -0.9248 0.0581
vn 0.5138 -0.8525 0.0967
vn 0.4568 -0.8788 0.1380
vn 0.3518 -0.9195 0.1754
vn 0.2249 -0.9532 0.2021
vn 0.2088 -0.9633 0.1689
vn 0.3834 -0.9201 0.0800
vn 0.5079 -0.8612 0.0199
vn 0.5476 -0.8366 0.0139
vn 0.6055 -0.7952 0.0312
vn 0.6648 -0.7451 0.0539
vn 0.7113 -0.7002 0.0619
vn 0.7447 -0.6656 0.0489
vn 0.9967 0.0807 0.0088
vn -0.7197 -0.6928 0.0455
vn -0.0046 -1.0000 0.0008
vn 0.0487 -0.9988 0.0104
vn 0.1287 -0.9908 0.0412
vn 0.2020 -0.9771 0.0673
vn 0.2436 -0.9675 0.0675
vn 0.3367 -0.9372 0.0907
vn 0.4349 -0.8811 0.1858
vn 0.4092 -0.8679 0.2817
vn 0.3110 -0.8912 0.3303
vn 0.2406 -0.9143 0.3258
vn 0.3160 -0.9207 0.2291
vn 0.4642 -0.8806 0.0947
vn 0.5269 -0.8495 0.0266
vn 0.5497 -0.8353 0.0034
vn 0.5928 -0.8053 0.0033
vn 0.6510 -0.7587 0.0232
vn 0.7068 -0.7060 0.0440
vn 0.7499 -0.6598 0.0481
vn 0.9956 0.0933 0.0019
vn 0.0033 -0.9984 0.0564
vn -0.7110 -0.7018 0.0446
vn 0.0138 -0.9999 0.0002
vn 0.0358 -0.9992 -0.0148
vn 0.0961 -0.9954 0.0003
vn 0.1772 -0.9836 0.0324
vn 0.2452 -0.9679 0.0547
vn 0.2996 -0.9514 0.0717
vn 0.3456 -0.9308 0.1191
vn 0.3590 -0.9132 0.1929
vn 0.3099 -0.9210 0.2360
vn 0.3126 -0.9293 0.1968
vn 0.4231 -0.8987 0.1153
vn 0.5110 -0.8573 0.0619
vn 0.5474 -0.8361 0.0355
vn 0.5646 -0.8254 0.0076
vn 0.5915 -0.8062 -0.0107
vn 0.6383 -0.7698 -0.0058
vn 0.6956 -0.7182 0.0158
vn 0.7477 -0.6631 0.0342
vn 0.9957 0.0927 -0.0072
vn 0.0008 -0.9992 0.0395
vn -0.7229 -0.6904 0.0266
vn 0.0486 -0.9986 -0.0197
vn 0.0779 -0.9965 -0.0291
vn 0.1442 -0.9895 -0.0090
vn 0.2249 -0.9741 0.0233
vn 0.2866 -0.9572 0.0412
vn 0.3192 -0.9470 0.0365
vn 0.3348 -0.9419 0.0283
vn 0.3291 -0.9442 0.0151
vn 0.3629 -0.9318 -0.0047
vn 0.4447 -0.8957 0.0036
vn 0.5124 -0.8583 0.0289
vn 0.5586 -0.8287 0.0352
vn 0.5835 -0.8120 0.0174
vn 0.6027 -0.7979 -0.0093
vn 0.6343 -0.7727 -0.0228
vn 0.6836 -0.7297 -0.0133
vn 0.7392 -0.6735 0.0090
vn 0.9967 0.0797 -0.0129
vn -0.0249 -0.9997 0.0043
vn -0.7480 -0.6637 -0.0021
vn 0.0799 -0.9968 -0.0099
vn 0.0848 -0.9957 -0.0386
vn 0.1216 -0.9917 -0.0421
vn 0.1928 -0.9811 -0.0177
vn 0.2714 -0.9624 0.0138
vn 0.3262 -0.9449 0.0265
vn 0.3483 -0.9373 0.0106
vn 0.3546 -0.9348 -0.0202
vn 0.3742 -0.9265 -0.0402
vn 0.4236 -0.9052 -0.0331
vn 0.4923 -0.8704 -0.0057
vn 0.5548 -0.8318 0.0185
vn 0.5960 -0.8027 0.0205
vn 0.6197 -0.7849 0.0002
vn 0.6419 -0.7664 -0.0244
vn 0.6779 -0.7344 -0.0327
vn 0.7285 -0.6848 -0.0193
vn 0.9981 0.0611 -0.0124
vn -0.7717 -0.6353 -0.0304
vn 0.1120 -0.9937 0.0007
vn 0.1127 -0.9931 -0.0312
vn 0.1223 -0.9909 -0.0563
vn 0.1667 -0.9845 -0.0537
vn 0.2414 -0.9701 -0.0259
vn 0.3165 -0.9486 0.0039
vn 0.3646 -0.9311 0.0113
vn 0.3824 -0.9239 -0.0088
vn 0.3904 -0.9198 -0.0391
vn 0.4159 -0.9078 -0.0541
vn 0.4702 -0.8816 -0.0415
vn 0.5380 -0.8428 -0.0128
vn 0.5957 -0.8031 0.0083
vn 0.6329 -0.7742 0.0058
vn 0.6564 -0.7542 -0.0160
vn 0.6822 -0.7302 -0.0374
vn 0.8537 -0.4176 -0.3112
vn 0.8058 0.0634 -0.5888
vn -0.0832 -0.9940 -0.0715
vn -0.7815 -0.6219 -0.0498
vn 0.1272 -0.9919 -0.0020
vn 0.1459 -0.9891 -0.0194
vn 0.1461 -0.9879 -0.0520
vn 0.1614 -0.9842 -0.0726
vn 0.2129 -0.9750 -0.0641
vn 0.2896 -0.9565 -0.0337
vn 0.3602 -0.9329 -0.0066
vn 0.4017 -0.9158 -0.0046
vn 0.4165 -0.9087 -0.0280
vn 0.4273 -0.9023 -0.0566
vn 0.4589 -0.8860 -0.0660
vn 0.5167 -0.8548 -0.0486
vn 0.5825 -0.8126 -0.0195
vn 0.6354 -0.7721 -0.0021
vn 0.6695 -0.7427 -0.0085
vn 0.6940 -0.7194 -0.0306
vn 1.0000 -0.0008 0.0083
vn -0.0835 -0.9927 -0.0866
vn -0.7728 -0.6321 -0.0561
vn 0.0383 -0.9977 -0.0552
vn 0.1171 -0.9928 -0.0249
vn 0.1660 -0.9860 -0.0179
vn 0.1792 -0.9830 -0.0398
vn 0.1802 -0.9810 -0.0720
vn 0.2021 -0.9755 -0.0875
vn 0.2600 -0.9628 -0.0732
vn 0.3371 -0.9406 -0.0412
vn 0.4022 -0.9154 -0.0176
vn 0.4377 -0.8989 -0.0208
vn 0.4509 -0.8914 -0.0466
vn 0.4654 -0.8821 -0.0724
vn 0.5028 -0.8610 -0.0759
vn 0.5629 -0.8247 -0.0545
vn 0.6258 -0.7795 -0.0259
vn 0.6742 -0.7385 -0.0125
vn 0.8462 -0.4319 -0.3120
vn 0.8113 0.0353 -0.5836
vn -0.7496 -0.6600 -0.0505
vn 0.0072 -0.9955 -0.0945
vn 0.0873 -0.9942 -0.0634
vn 0.1619 -0.9862 -0.0359
vn 0.2032 -0.9785 -0.0347
vn 0.2121 -0.9754 -0.0603
vn 0.2154 -0.9723 -0.0909
vn 0.2443 -0.9645 -0.1006
vn 0.3075 -0.9481 -0.0812
vn 0.3834 -0.9223 -0.0486
vn 0.4427 -0.8962 -0.0292
vn 0.4730 -0.8803 -0.0373
vn 0.4858 -0.8717 -0.0643
vn 0.5049 -0.8589 -0.0863
vn 0.5475 -0.8326 -0.0840
vn 0.6085 -0.7914 -0.0592
vn 0.6678 -0.7436 -0.0321
vn 0.9998 -0.0203 -0.0056
vn -0.0257 -0.9971 -0.0712
vn -0.7239 -0.6886 -0.0412
vn -0.0053 -0.9929 -0.1189
vn 0.0542 -0.9931 -0.1043
vn 0.1358 -0.9881 -0.0716
vn 0.2050 -0.9776 -0.0477
vn 0.2391 -0.9696 -0.0522
vn 0.2449 -0.9662 -0.0805
vn 0.2518 -0.9617 -0.1084
vn 0.2878 -0.9511 -0.1121
vn 0.3550 -0.9307 -0.0882
vn 0.4285 -0.9018 -0.0560
vn 0.4817 -0.8754 -0.0412
vn 0.5079 -0.8598 -0.0537
vn 0.5215 -0.8494 -0.0808
vn 0.5456 -0.8323 -0.0981
vn 0.5926 -0.8004 -0.0901
vn 0.6532 -0.7546 -0.0630
vn 0.9991 -0.0393 -0.0137
vn 0.0004 -0.9978 -0.0656
vn -0.7111 -0.7019 -0.0402
vn 0.0080 -0.9923 -0.1233
vn 0.0362 -0.9905 -0.1329
vn 0.1019 -0.9883 -0.1131
vn 0.1834 -0.9798 -0.0798
vn 0.2464 -0.9673 -0.0603
vn 0.2737 -0.9592 -0.0701
vn 0.2779 -0.9554 -0.1001
vn 0.2896 -0.9491 -0.1243
vn 0.3324 -0.9352 -0.1219
vn 0.4023 -0.9107 -0.0942
vn 0.4722 -0.8792 -0.0635
vn 0.5195 -0.8528 -0.0534
vn 0.5426 -0.8371 -0.0696
vn 0.5583 -0.8242 -0.0956
vn 0.5875 -0.8021 -0.1076
vn 0.7915 -0.5020 -0.3487
vn 0.7986 0.0070 -0.6018
vn 0.0036 -0.9969 -0.0780
vn -0.7189 -0.6931 -0.0538
vn 0.0395 -0.9928 -0.1135
vn 0.0435 -0.9889 -0.1418
vn 0.0791 -0.9862 -0.1455
vn 0.1501 -0.9812 -0.1211
vn 0.2299 -0.9692 -0.0882
vn 0.2860 -0.9554 -0.0736
vn 0.3075 -0.9474 -0.0884
vn 0.3116 -0.9428 -0.1189
vn 0.3288 -0.9342 -0.1385
vn 0.3779 -0.9167 -0.1299
vn 0.4489 -0.8880 -0.0995
vn 0.5144 -0.8546 -0.0711
vn 0.5563 -0.8284 -0.0659
vn 0.5776 -0.8119 -0.0846
vn 0.5961 -0.7956 -0.1083
vn 0.9909 -0.1330 -0.0186
vn -0.0178 -0.9938 -0.1094
vn -0.7421 -0.6658 -0.0778
vn 0.0718 -0.9883 -0.1342
vn 0.0802 -0.9840 -0.1590
vn 0.1234 -0.9799 -0.1565
vn 0.1984 -0.9717 -0.1283
vn 0.2750 -0.9565 -0.0969
vn 0.3241 -0.9420 -0.0875
vn 0.3408 -0.9341 -0.1065
vn 0.3461 -0.9283 -0.1364
vn 0.3694 -0.9170 -0.1507
vn 0.4239 -0.8954 -0.1364
vn 0.4946 -0.8629 -0.1041
vn 0.5551 -0.8280 -0.0788
vn 0.5924 -0.8019 -0.0781
vn 0.7759 -0.5161 -0.3628
vn 0.7891 -0.0234 -0.6139
vn -0.0514 -0.9873 -0.1501
vn -0.7668 -0.6336 -0.1029
vn 0.1052 -0.9869 -0.1224
vn 0.1045 -0.9825 -0.1543
vn 0.1184 -0.9775 -0.1746
vn 0.1689 -0.9715 -0.1661
vn 0.2463 -0.9598 -0.1349
vn 0.3185 -0.9420 -0.1059
vn 0.3606 -0.9271 -0.1019
vn 0.3738 -0.9191 -0.1243
vn 0.3816 -0.9117 -0.1523
vn 0.4113 -0.8972 -0.1609
vn 0.4701 -0.8712 -0.1412
vn 0.5392 -0.8352 -0.1081
vn 0.5946 -0.7994 -0.0864
vn 0.9929 -0.1186 -0.0090
vn -0.7798 -0.6140 -0.1218
vn 0.1250 -0.9847 -0.1212
vn 0.1380 -0.9802 -0.1420
vn 0.1377 -0.9752 -0.1734
vn 0.1580 -0.9693 -0.1886
vn 0.2152 -0.9609 -0.1742
vn 0.2935 -0.9455 -0.1411
vn 0.3603 -0.9257 -0.1153
vn 0.3960 -0.9108 -0.1166
vn 0.4069 -0.9025 -0.1414
vn 0.4184 -0.8929 -0.1665
vn 0.4544 -0.8746 -0.1689
vn 0.5161 -0.8442 -0.1447
vn 0.7504 -0.5491 -0.3679
vn 0.7949 -0.0358 -0.6057
vn -0.7750 -0.6182 -0.1312
vn 0.0455 -0.9850 -0.1667
vn 0.1202 -0.9829 -0.1393
vn 0.1619 -0.9772 -0.1371
vn 0.1702 -0.9721 -0.1615
vn 0.1719 -0.9664 -0.1913
vn 0.1991 -0.9592 -0.2008
vn 0.2621 -0.9479 -0.1810
vn 0.3396 -0.9290 -0.1469
vn 0.4005 -0.9077 -0.1251
vn 0.4304 -0.8930 -0.1314
vn 0.4405 -0.8838 -0.1575
vn 0.4565 -0.8716 -0.1787
vn 0.4983 -0.8492 -0.1749
vn 0.9711 -0.2314 -0.0586
vn -0.7544 -0.6432 -0.1308
vn 0.0127 -0.9785 -0.2058
vn 0.0935 -0.9802 -0.1744
vn 0.1630 -0.9751 -0.1502
vn 0.1973 -0.9683 -0.1535
vn 0.2021 -0.9626 -0.1806
vn 0.2071 -0.9560 -0.2077
vn 0.2416 -0.9471 -0.2111
vn 0.3090 -0.9326 -0.1866
vn 0.3845 -0.9104 -0.1526
vn 0.4391 -0.8882 -0.1352
vn 0.4643 -0.8736 -0.1459
vn 0.4748 -0.8631 -0.1721
vn 0.4959 -0.8476 -0.1886
vn 0.9676 -0.2455 -0.0594
vn -0.0324 -0.9806 -0.1933
vn -0.7285 -0.6735 -0.1252
vn -0.0046 -0.9725 -0.2327
vn 0.0596 -0.9749 -0.2143
vn 0.1407 -0.9732 -0.1819
vn 0.2041 -0.9655 -0.1617
vn 0.2314 -0.9579 -0.1703
vn 0.2341 -0.9516 -0.1990
vn 0.2436 -0.9440 -0.2225
vn 0.2852 -0.9330 -0.2196
vn 0.3558 -0.9148 -0.1910
vn 0.4279 -0.8899 -0.1581
vn 0.4764 -0.8671 -0.1455
vn 0.4979 -0.8524 -0.1599
vn 0.6937 -0.5803 -0.4266
vn 0.7588 -0.0677 -0.6478
vn -0.0036 -0.9826 -0.1856
vn -0.7122 -0.6910 -0.1238
vn 0.0031 -0.9706 -0.2408
vn 0.0373 -0.9689 -0.2448
vn 0.1069 -0.9692 -0.2218
vn 0.1867 -0.9640 -0.1893
vn 0.2434 -0.9542 -0.1737
vn 0.2644 -0.9461 -0.1871
vn 0.2665 -0.9392 -0.2164
vn 0.2815 -0.9303 -0.2353
vn 0.3297 -0.9165 -0.2263
vn 0.4021 -0.8947 -0.1945
vn 0.4699 -0.8674 -0.1636
vn 0.5125 -0.8444 -0.1558
vn 0.9744 -0.2223 -0.0337
vn 0.0051 -0.9811 -0.1933
vn -0.7155 -0.6857 -0.1334
vn 0.0389 -0.9656 -0.2571
vn 0.0804 -0.9635 -0.2553
vn 0.1544 -0.9613 -0.2283
vn 0.2313 -0.9527 -0.1969
vn 0.2809 -0.9415 -0.1863
vn 0.2966 -0.9330 -0.2038
vn 0.2996 -0.9253 -0.2325
vn 0.3208 -0.9146 -0.2462
vn 0.3750 -0.8978 -0.2312
vn 0.4476 -0.8722 -0.1972
vn 0.5104 -0.8432 -0.1691
vn 0.9760 -0.2140 -0.0411
vn -0.0112 -0.9755 -0.2196
vn -0.7360 -0.6596 -0.1522
vn 0.0632 -0.9656 -0.2524
vn 0.0759 -0.9593 -0.2719
vn 0.1248 -0.9564 -0.2642
vn 0.2015 -0.9511 -0.2340
vn 0.2744 -0.9396 -0.2046
vn 0.3168 -0.9273 -0.1992
vn 0.3285 -0.9185 -0.2201
vn 0.3337 -0.9097 -0.2470
vn 0.3615 -0.8969 -0.2549
vn 0.4205 -0.8765 -0.2343
vn 0.4919 -0.8475 -0.1991
vn 0.9723 -0.2267 -0.0568
vn -0.0429 -0.9655 -0.2569
vn -0.7609 -0.6254 -0.1728
vn 0.0965 -0.9658 -0.2408
vn 0.0955 -0.9580 -0.2704
vn 0.1142 -0.9517 -0.2850
vn 0.1699 -0.9473 -0.2715
vn 0.2480 -0.9388 -0.2391
vn 0.3157 -0.9247 -0.2126
vn 0.3514 -0.9119 -0.2123
vn 0.3604 -0.9026 -0.2356
vn 0.3691 -0.8924 -0.2597
vn 0.4033 -0.8769 -0.2614
vn 0.6514 -0.6024 -0.4613
vn 0.7601 -0.0577 -0.6473
vn -0.7765 -0.6008 -0.1896
vn 0.1199 -0.9643 -0.2363
vn 0.1279 -0.9574 -0.2590
vn 0.1284 -0.9492 -0.2871
vn 0.1540 -0.9426 -0.2963
vn 0.2157 -0.9362 -0.2774
vn 0.2936 -0.9244 -0.2436
vn 0.3554 -0.9083 -0.2207
vn 0.3849 -0.8950 -0.2254
vn 0.3925 -0.8851 -0.2501
vn 0.4056 -0.8732 -0.2703
vn 0.9365 -0.3331 -0.1092
vn -0.0826 -0.9464 -0.3121
vn -0.7754 -0.5988 -0.2004
vn 0.1205 -0.9610 -0.2491
vn 0.1547 -0.9554 -0.2515
vn 0.1589 -0.9477 -0.2767
vn 0.1623 -0.9393 -0.3023
vn 0.1950 -0.9320 -0.3057
vn 0.2617 -0.9231 -0.2819
vn 0.3379 -0.9080 -0.2479
vn 0.3934 -0.8904 -0.2291
vn 0.4176 -0.8769 -0.2382
vn 0.4253 -0.8660 -0.2631
vn 0.9420 -0.3217 -0.0956
vn -0.0690 -0.9464 -0.3156
vn -0.7581 -0.6194 -0.2042
vn 0.0185 -0.9508 -0.3092
vn 0.0979 -0.9552 -0.2792
vn 0.1610 -0.9522 -0.2596
vn 0.1880 -0.9452 -0.2669
vn 0.1897 -0.9369 -0.2937
vn 0.1974 -0.9280 -0.3158
vn 0.2373 -0.9196 -0.3131
vn 0.3076 -0.9078 -0.2852
vn 0.3808 -0.8897 -0.2519
vn 0.4299 -0.8710 -0.2376
vn 0.4500 -0.8572 -0.2504
vn 0.9522 -0.2946 -0.0804
vn -0.7330 -0.6493 -0.2029
vn -0.0028 -0.9415 -0.3370
vn 0.0646 -0.9465 -0.3163
vn 0.1431 -0.9475 -0.2859
vn 0.1995 -0.9418 -0.2704
vn 0.2201 -0.9337 -0.2823
vn 0.2209 -0.9248 -0.3096
vn 0.2338 -0.9155 -0.3275
vn 0.2806 -0.9054 -0.3188
vn 0.3531 -0.8903 -0.2874
vn 0.4223 -0.8696 -0.2557
vn 0.6517 -0.5916 -0.4748
vn 0.7455 -0.0607 -0.6637
vn -0.0082 -0.9544 -0.2985
vn -0.7141 -0.6701 -0.2025
vn -0.0006 -0.9375 -0.3479
vn 0.0390 -0.9371 -0.3469
vn 0.1108 -0.9401 -0.3223
vn 0.1869 -0.9378 -0.2926
vn 0.2363 -0.9300 -0.2816
vn 0.2514 -0.9211 -0.2974
vn 0.2526 -0.9116 -0.3243
vn 0.2715 -0.9014 -0.3371
vn 0.3246 -0.8892 -0.3225
vn 0.5949 -0.6237 -0.5071
vn 0.7409 -0.0767 -0.6672
vn 0.0052 -0.9533 -0.3019
vn -0.7131 -0.6692 -0.2091
vn 0.0351 -0.9316 -0.3618
vn 0.0818 -0.9312 -0.3553
vn 0.1568 -0.9318 -0.3274
vn 0.2292 -0.9263 -0.2992
vn 0.2714 -0.9168 -0.2930
vn 0.2820 -0.9072 -0.3121
vn 0.2851 -0.8972 -0.3373
vn 0.5293 -0.6392 -0.5579
vn 0.7028 -0.1078 -0.7032
vn -0.0057 -0.9465 -0.3225
vn -0.7302 -0.6459 -0.2228
vn 0.0547 -0.9313 -0.3602
vn 0.0719 -0.9246 -0.3740
vn 0.1255 -0.9237 -0.3620
vn 0.2022 -0.9214 -0.3317
vn 0.2697 -0.9130 -0.3059
vn 0.3051 -0.9023 -0.3046
vn 0.5357 -0.6423 -0.5481
vn 0.6878 -0.1327 -0.7137
vn -0.0343 -0.9342 -0.3550
vn -0.7545 -0.6115 -0.2385
vn 0.0866 -0.9328 -0.3497
vn 0.0864 -0.9228 -0.3756
vn 0.1101 -0.9166 -0.3844
vn 0.1698 -0.9145 -0.3673
vn 0.2468 -0.9092 -0.3355
vn 0.5278 -0.6575 -0.5377
vn 0.7067 -0.1422 -0.6930
vn -0.7720 -0.5835 -0.2521
vn 0.1126 -0.9325 -0.3430
vn 0.1165 -0.9233 -0.3660
vn 0.1189 -0.9133 -0.3895
vn 0.1496 -0.9073 -0.3930
vn 0.2144 -0.9035 -0.3712
vn 0.8596 -0.4720 -0.1958
vn -0.7751 -0.5755 -0.2610
vn 0.1184 -0.9290 -0.3507
vn 0.4065 -0.6990 -0.5884
vn 0.0442 -0.3732 -0.9267
vn 0.0579 -0.3632 -0.9299
vn 0.0908 -0.3788 -0.9210
vn 0.6704 -0.1611 -0.7243
vn -0.0329 -0.3497 -0.9363
vn -0.6181 -0.2323 -0.7510
vn 0.0274 -0.3965 -0.9176
vn 0.0582 -0.4172 -0.9069
vn 0.6422 -0.2455 -0.7262
vn 0.5870 0.6423 0.4928
vn 0.6573 0.1237 0.7434
vn 0.4948 -0.4261 0.7574
vn 0.1870 -0.8266 0.5307
vn -0.1818 -0.9742 0.1336
vn -0.6055 -0.7422 -0.2873
vn -0.7744 -0.0256 -0.6322
vn -0.4302 0.6407 -0.6360
vn -0.0210 0.9424 -0.3339
vn 0.3251 0.9407 0.0975
vn 0.8858 0.4592 -0.0668
vn 0.9886 -0.0903 0.1207
vn 0.7436 -0.6164 0.2591
vn 0.1931 -0.9295 0.3141
vn -0.4640 -0.8389 0.2846
vn -0.8952 -0.4022 0.1921
vn -0.9909 0.1278 0.0420
vn -0.7665 0.6239 -0.1521
vn -0.2105 0.9336 -0.2899
vn 0.4476 0.8612 -0.2408
vn 0.8741 0.4803 -0.0729
vn 0.9898 -0.1051 0.0963
vn 0.7259 -0.6488 0.2282
vn 0.1861 -0.9439 0.2728
vn -0.4234 -0.8804 0.2138
vn -0.8722 -0.4836 0.0739
vn -0.9908 0.0969 -0.0941
vn -0.7326 0.6418 -0.2267
vn -0.1932 0.9425 -0.2728
vn 0.4215 0.8812 -0.2141
vn 0.8706 0.4911 -0.0303
vn 0.9879 -0.0990 0.1191
vn 0.7266 -0.6500 0.2226
vn 0.1890 -0.9520 0.2410
vn -0.4194 -0.8921 0.1679
vn -0.8687 -0.4944 0.0313
vn -0.9889 0.0912 -0.1174
vn -0.7328 0.6434 -0.2216
vn -0.1955 0.9506 -0.2413
vn 0.4178 0.8928 -0.1682
vn 0.8662 0.4996 0.0092
vn 0.9857 -0.0945 0.1395
vn 0.7275 -0.6512 0.2161
vn 0.1927 -0.9585 0.2102
vn -0.4144 -0.9015 0.1245
vn -0.8643 -0.5029 -0.0083
vn -0.9866 0.0870 -0.1381
vn -0.7332 0.6449 -0.2156
vn -0.1986 0.9572 -0.2107
vn 0.4132 0.9020 -0.1247
vn 0.8614 0.5060 0.0453
vn 0.9834 -0.0911 0.1572
vn 0.7288 -0.6522 0.2087
vn 0.1970 -0.9636 0.1806
vn -0.4088 -0.9087 0.0840
vn -0.8595 -0.5093 -0.0445
vn -0.9842 0.0840 -0.1562
vn -0.7339 0.6464 -0.2085
vn -0.2022 0.9624 -0.1811
vn 0.4080 0.9091 -0.0841
vn 0.8563 0.5105 0.0777
vn 0.9811 -0.0888 0.1720
vn 0.7303 -0.6531 0.2003
vn 0.2017 -0.9675 0.1523
vn -0.4028 -0.9141 0.0465
vn -0.8545 -0.5138 -0.0769
vn -0.9818 0.0822 -0.1713
vn -0.7349 0.6478 -0.2004
vn -0.2062 0.9665 -0.1529
vn 0.4024 0.9143 -0.0466
vn 0.8514 0.5136 0.1062
vn 0.9791 -0.0872 0.1839
vn 0.7322 -0.6538 0.1911
vn 0.2067 -0.9703 0.1255
vn -0.3968 -0.9178 0.0123
vn -0.8496 -0.5168 -0.1055
vn -0.9797 0.0811 -0.1834
vn -0.7362 0.6491 -0.1914
vn -0.2105 0.9694 -0.1261
vn 0.3967 0.9179 -0.0123
vn 0.8468 0.5156 0.1307
vn 0.9774 -0.0863 0.1928
vn 0.7343 -0.6542 0.1811
vn 0.2117 -0.9722 0.1004
vn -0.3909 -0.9203 -0.0183
vn -0.8450 -0.5187 -0.1301
vn -0.9780 0.0807 -0.1925
vn -0.7378 0.6502 -0.1815
vn -0.2148 0.9714 -0.1010
vn 0.3912 0.9201 0.0184
vn 0.8428 0.5166 0.1511
vn 0.9763 -0.0857 0.1987
vn 0.7367 -0.6544 0.1704
vn 0.2166 -0.9732 0.0772
vn -0.3854 -0.9216 -0.0453
vn -0.8410 -0.5196 -0.1506
vn -0.9767 0.0807 -0.1987
vn -0.7396 0.6510 -0.1709
vn -0.2189 0.9726 -0.0777
vn 0.3860 0.9214 0.0454
vn 0.8395 0.5170 0.1672
vn 0.9757 -0.0853 0.2018
vn 0.7392 -0.6544 0.1593
vn 0.2213 -0.9736 0.0561
vn -0.3806 -0.9222 -0.0683
vn -0.8378 -0.5199 -0.1668
vn -0.9761 0.0810 -0.2018
vn -0.7416 0.6516 -0.1597
vn -0.2229 0.9732 -0.0564
vn 0.3815 0.9218 0.0686
vn 0.8370 0.5171 0.1790
vn 0.9757 -0.0849 0.2019
vn 0.7419 -0.6540 0.1477
vn 0.2256 -0.9735 0.0373
vn -0.3765 -0.9223 -0.0873
vn -0.8354 -0.5198 -0.1787
vn -0.9760 0.0813 -0.2020
vn -0.7437 0.6519 -0.1481
vn -0.2264 0.9733 -0.0375
vn 0.3777 0.9218 0.0876
vn 0.8354 0.5171 0.1863
vn 0.9763 -0.0845 0.1991
vn 0.7447 -0.6535 0.1360
vn 0.2293 -0.9731 0.0210
vn -0.3733 -0.9221 -0.1019
vn -0.8339 -0.5195 -0.1860
vn -0.9765 0.0816 -0.1992
vn -0.7458 0.6521 -0.1362
vn -0.2294 0.9731 -0.0210
vn 0.3749 0.9214 0.1022
vn 0.8348 0.5172 0.1889
vn 0.9775 -0.0839 0.1935
vn 0.7474 -0.6527 0.1242
vn 0.2325 -0.9726 0.0076
vn -0.3712 -0.9218 -0.1119
vn -0.8335 -0.5193 -0.1888
vn -0.9777 0.0819 -0.1936
vn -0.7479 0.6520 -0.1243
vn -0.2318 0.9727 -0.0075
vn 0.3730 0.9210 0.1122
vn 0.8351 0.5174 0.1868
vn 0.9792 -0.0831 0.1850
vn 0.7500 -0.6518 0.1126
vn 0.2349 -0.9720 -0.0026
vn -0.3700 -0.9216 -0.1169
vn -0.8340 -0.5192 -0.1867
vn -0.9793 0.0819 -0.1850
vn -0.7499 0.6519 -0.1126
vn -0.2334 0.9724 0.0029
vn 0.3721 0.9208 0.1173
vn 0.8363 0.5180 0.1796
vn 0.9814 -0.0820 0.1736
vn 0.7525 -0.6508 0.1014
vn 0.2366 -0.9716 -0.0094
vn -0.3699 -0.9217 -0.1167
vn -0.8354 -0.5194 -0.1795
vn -0.9814 0.0818 -0.1736
vn -0.7516 0.6518 -0.1012
vn -0.2343 0.9721 0.0099
vn 0.3722 0.9207 0.1171
vn 0.8384 0.5189 0.1671
vn 0.9839 -0.0807 0.1593
vn 0.7547 -0.6497 0.0908
vn 0.2375 -0.9713 -0.0124
vn -0.3708 -0.9220 -0.1109
vn -0.8377 -0.5199 -0.1671
vn -0.9839 0.0816 -0.1592
vn -0.7531 0.6516 -0.0904
vn -0.2344 0.9720 0.0130
vn 0.3734 0.9210 0.1113
vn 0.8411 0.5200 0.1491
vn 0.9867 -0.0793 0.1420
vn 0.7567 -0.6488 0.0808
vn 0.2378 -0.9712 -0.0113
vn -0.3726 -0.9227 -0.0991
vn -0.8407 -0.5206 -0.1491
vn -0.9865 0.0812 -0.1419
vn -0.7543 0.6516 -0.0803
vn -0.2338 0.9722 0.0119
vn 0.3753 0.9215 0.0995
vn 0.8442 0.5213 0.1253
vn 0.9895 -0.0779 0.1216
vn 0.7584 -0.6479 0.0717
vn 0.2375 -0.9714 -0.0057
vn -0.3750 -0.9235 -0.0811
vn -0.8441 -0.5213 -0.1253
vn -0.9893 0.0809 -0.1215
vn -0.7551 0.6517 -0.0711
vn -0.2326 0.9725 0.0064
vn 0.3779 0.9223 0.0813
vn 0.8474 0.5223 0.0955
vn 0.9922 -0.0767 0.0982
vn 0.7597 -0.6472 0.0634
vn 0.2368 -0.9715 0.0044
vn -0.3776 -0.9242 -0.0564
vn -0.8476 -0.5219 -0.0956
vn -0.9919 0.0809 -0.0981
vn -0.7556 0.6520 -0.0629
vn -0.2310 0.9729 -0.0038
vn 0.3808 0.9229 0.0566
vn 0.8503 0.5229 0.0597
vn 0.9945 -0.0758 0.0715
vn 0.7608 -0.6466 0.0561
vn 0.2360 -0.9716 0.0192
vn -0.3802 -0.9245 -0.0251
vn -0.8509 -0.5220 -0.0599
vn -0.9941 0.0812 -0.0716
vn -0.7558 0.6524 -0.0558
vn -0.2293 0.9732 -0.0188
vn 0.3836 0.9232 0.0253
vn 0.8525 0.5225 0.0180
vn 0.9963 -0.0758 0.0417
vn 0.7615 -0.6462 0.0497
vn 0.2353 -0.9712 0.0386
vn -0.3823 -0.9240 0.0126
vn -0.8533 -0.5211 -0.0182
vn -0.9957 0.0822 -0.0420
vn -0.7558 0.6530 -0.0497
vn -0.2277 0.9730 -0.0384
vn 0.3858 0.9225 -0.0126
vn 0.8531 0.5204 -0.0369
vn 0.9971 -0.0758 0.0045
vn 0.7630 -0.6449 0.0441
vn 0.2364 -0.9693 0.0669
vn -0.3828 -0.9216 0.0640
vn -0.8548 -0.5177 0.0363
vn -0.9963 0.0859 -0.0053
vn -0.7545 0.6548 -0.0449
vn -0.2256 0.9719 -0.0673
vn 0.3873 0.9197 -0.0642
vn 0.8507 0.5137 -0.1113
vn 0.9959 -0.0790 -0.0445
vn 0.7642 -0.6437 0.0394
vn 0.2393 -0.9649 0.1085
vn -0.3802 -0.9149 0.1360
vn -0.8532 -0.5097 0.1108
vn -0.9948 0.0924 0.0427
vn -0.7530 0.6567 -0.0416
vn -0.2253 0.9681 -0.1097
vn 0.3857 0.9125 -0.1361
vn 0.8444 0.5010 -0.1896
vn 0.9915 -0.0880 -0.0958
vn 0.7631 -0.6454 0.0345
vn 0.2421 -0.9582 0.1523
vn -0.3740 -0.9029 0.2119
vn -0.8463 -0.4979 0.1894
vn -0.9906 0.0993 0.0937
vn -0.7534 0.6565 -0.0377
vn -0.2297 0.9610 -0.1541
vn 0.3793 0.9007 -0.2118
vn 0.8353 0.4863 -0.2565
vn 0.9851 -0.0988 -0.1411
vn 0.7614 -0.6477 0.0280
vn 0.2461 -0.9510 0.1871
vn -0.3654 -0.8894 0.2747
vn -0.8366 -0.4841 0.2563
vn -0.9844 0.1078 0.1389
vn -0.7534 0.6568 -0.0316
vn -0.2354 0.9533 -0.1894
vn 0.3703 0.8873 -0.2749
vn 0.8250 0.4713 -0.3118
vn 0.9774 -0.1102 -0.1805
vn 0.7589 -0.6509 0.0196
vn 0.2502 -0.9445 0.2128
vn -0.3559 -0.8763 0.3248
vn -0.8257 -0.4702 0.3118
vn -0.9769 0.1170 0.1786
vn -0.7525 0.6581 -0.0230
vn -0.2412 0.9463 -0.2152
vn 0.3606 0.8742 -0.3251
vn 0.8146 0.4574 -0.3567
vn 0.9691 -0.1214 -0.2147
vn 0.7557 -0.6549 0.0091
vn 0.2535 -0.9396 0.2299
vn -0.3469 -0.8648 0.3630
vn -0.8147 -0.4573 0.3567
vn -0.9688 0.1263 0.2131
vn -0.7507 0.6605 -0.0122
vn -0.2460 0.9410 -0.2322
vn 0.3513 0.8628 -0.3635
vn 0.8049 0.4454 -0.3922
vn 0.9607 -0.1320 -0.2442
vn 0.7515 -0.6597 -0.0032
vn 0.2555 -0.9367 0.2394
vn -0.3392 -0.8557 0.3908
vn -0.8044 -0.4461 0.3924
vn -0.9606 0.1351 0.2431
vn -0.7478 0.6639 0.0007
vn -0.2493 0.9378 -0.2416
vn 0.3434 0.8538 -0.3913
vn 0.7964 0.4356 -0.4196
vn 0.9525 -0.1416 -0.2696
vn 0.7465 -0.6652 -0.0170
vn 0.2558 -0.9358 0.2424
vn -0.3333 -0.8492 0.4095
vn -0.7954 -0.4370 0.4199
vn -0.9524 0.1432 0.2691
vn -0.7439 0.6681 0.0151
vn -0.2508 0.9367 -0.2444
vn 0.3373 0.8473 -0.4102
vn 0.7894 0.4280 -0.4401
vn 0.9447 -0.1501 -0.2916
vn 0.7407 -0.6711 -0.0321
vn 0.2544 -0.9369 0.2398
vn -0.3296 -0.8453 0.4205
vn -0.7881 -0.4301 0.4404
vn -0.9447 0.1503 0.2915
vn -0.7390 0.6730 0.0308
vn -0.2504 0.9375 -0.2415
vn 0.3334 0.8435 -0.4212
vn 0.7841 0.4227 -0.4545
vn 0.9375 -0.1573 -0.3103
vn 0.7341 -0.6773 -0.0481
vn 0.2511 -0.9396 0.2326
vn -0.3281 -0.8438 0.4248
vn -0.7825 -0.4253 0.4548
vn -0.9376 0.1564 0.3107
vn -0.7332 0.6783 0.0474
vn -0.2480 0.9401 -0.2339
vn 0.3316 0.8420 -0.4255
vn 0.7807 0.4194 -0.4634
vn 0.9311 -0.1634 -0.3261
vn 0.7270 -0.6836 -0.0647
vn 0.2461 -0.9436 0.2213
vn -0.3289 -0.8442 0.4232
vn -0.7788 -0.4224 0.4637
vn -0.9312 0.1615 0.3268
vn -0.7268 0.6838 0.0646
vn -0.2439 0.9440 -0.2223
vn 0.3321 0.8426 -0.4240
vn 0.7791 0.4179 -0.4673
vn 0.9256 -0.1682 -0.3390
vn 0.7194 -0.6897 -0.0817
vn 0.2395 -0.9486 0.2067
vn -0.3318 -0.8464 0.4165
vn -0.7771 -0.4213 0.4676
vn -0.9258 0.1654 0.3400
vn -0.7200 0.6891 0.0821
vn -0.2381 0.9489 -0.2073
vn 0.3348 0.8449 -0.4172
vn 0.7794 0.4179 -0.4667
vn 0.9211 -0.1718 -0.3492
vn 0.7117 -0.6955 -0.0988
vn 0.2315 -0.9543 0.1891
vn -0.3369 -0.8499 0.4051
vn -0.7773 -0.4216 0.4669
vn -0.9214 0.1682 0.3504
vn -0.7128 0.6942 0.0997
vn -0.2309 0.9544 -0.1894
vn 0.3395 0.8485 -0.4058
vn 0.7817 0.4193 -0.4616
vn 0.9178 -0.1744 -0.3566
vn 0.7039 -0.7009 -0.1157
vn 0.2222 -0.9602 0.1690
vn -0.3439 -0.8544 0.3894
vn -0.7795 -0.4232 0.4618
vn -0.9181 0.1700 0.3579
vn -0.7056 0.6989 0.1170
vn -0.2223 0.9602 -0.1690
vn 0.3462 0.8532 -0.3901
vn 0.7859 0.4217 -0.4523
vn 0.9158 -0.1759 -0.3611
vn 0.6962 -0.7056 -0.1323
vn 0.2119 -0.9662 0.1467
vn -0.3528 -0.8595 0.3698
vn -0.7837 -0.4258 0.4523
vn -0.9162 0.1709 0.3625
vn -0.6985 0.7030 0.1339
vn -0.2128 0.9661 -0.1463
vn 0.3547 0.8585 -0.3704
vn 0.7919 0.4248 -0.4387
vn 0.9151 -0.1766 -0.3625
vn 0.6888 -0.7096 -0.1481
vn 0.2007 -0.9720 0.1224
vn -0.3634 -0.8649 0.3462
vn -0.7897 -0.4290 0.4386
vn -0.9156 0.1709 0.3640
vn -0.6917 0.7064 0.1501
vn -0.2024 0.9717 -0.1216
vn 0.3649 0.8641 -0.3467
vn 0.7997 0.4284 -0.4207
vn 0.9158 -0.1765 -0.3608
vn 0.6820 -0.7129 -0.1632
vn 0.1889 -0.9773 0.0962
vn -0.3755 -0.8702 0.3189
vn -0.7975 -0.4326 0.4205
vn -0.9164 0.1703 0.3622
vn -0.6855 0.7091 0.1654
vn -0.1914 0.9769 -0.0951
vn 0.3766 0.8696 -0.3193
vn 0.8091 0.4320 -0.3983
vn 0.9179 -0.1759 -0.3556
vn 0.6758 -0.7155 -0.1771
vn 0.1768 -0.9819 0.0685
vn -0.3889 -0.8752 0.2878
vn -0.8070 -0.4363 0.3980
vn -0.9187 0.1691 0.3569
vn -0.6799 0.7110 0.1794
vn -0.1800 0.9814 -0.0671
vn 0.3895 0.8748 -0.2881
vn 0.8201 0.4354 -0.3712
vn 0.9215 -0.1751 -0.3467
vn 0.6703 -0.7174 -0.1897
vn 0.1644 -0.9856 0.0392
vn -0.4033 -0.8794 0.2530
vn -0.8181 -0.4396 0.3708
vn -0.9224 0.1677 0.3478
vn -0.6751 0.7123 0.1921
vn -0.1685 0.9850 -0.0375
vn 0.4034 0.8793 -0.2531
vn 0.8324 0.4382 -0.3393
vn 0.9264 -0.1742 -0.3339
vn 0.6657 -0.7187 -0.2007
vn 0.1521 -0.9883 0.0086
vn -0.4185 -0.8826 0.2143
vn -0.8304 -0.4423 0.3388
vn -0.9275 0.1664 0.3348
vn -0.6712 0.7129 0.2031
vn -0.1572 0.9876 -0.0066
vn 0.4180 0.8828 -0.2142
vn 0.8456 0.4400 -0.3023
vn 0.9324 -0.1737 -0.3168
vn 0.6620 -0.7194 -0.2100
vn 0.1401 -0.9899 -0.0235
vn -0.4341 -0.8844 0.1716
vn -0.8437 -0.4440 0.3017
vn -0.9338 0.1653 0.3174
vn -0.6682 0.7130 0.2123
vn -0.1461 0.9889 0.0255
vn 0.4331 0.8849 -0.1714
vn 0.8594 0.4402 -0.2600
vn 0.9395 -0.1738 -0.2953
vn 0.6593 -0.7198 -0.2173
vn 0.1287 -0.9901 -0.0568
vn -0.4497 -0.8844 0.1250
vn -0.8576 -0.4441 0.2593
vn -0.9410 0.1650 0.2956
vn -0.6663 0.7127 0.2194
vn -0.1357 0.9890 0.0589
vn 0.4481 0.8853 -0.1245
vn 0.8733 0.4384 -0.2124
vn 0.9471 -0.1751 -0.2691
vn 0.6574 -0.7199 -0.2225
vn 0.1180 -0.9888 -0.0913
vn -0.4649 -0.8823 0.0742
vn -0.8716 -0.4422 0.2116
vn -0.9488 0.1658 0.2690
vn -0.6652 0.7122 0.2242
vn -0.1262 0.9876 0.0934
vn 0.4626 0.8835 -0.0736
vn 0.8867 0.4342 -0.1592
vn 0.9548 -0.1779 -0.2382
vn 0.6563 -0.7200 -0.2256
vn 0.1085 -0.9859 -0.1270
vn -0.4790 -0.8776 0.0194
vn -0.8850 -0.4377 0.1584
vn -0.9567 0.1681 0.2376
vn -0.6649 0.7117 0.2267
vn -0.1178 0.9846 0.1290
vn 0.4761 0.8792 -0.0186
vn 0.8987 0.4269 -0.1007
vn 0.9621 -0.1826 -0.2026
vn 0.6558 -0.7202 -0.2264
vn 0.1004 -0.9814 -0.1638
vn -0.4914 -0.8700 -0.0394
vn -0.8971 -0.4303 0.0998
vn -0.9642 0.1725 0.2015
vn -0.6652 0.7114 0.2268
vn -0.1108 0.9800 0.1655
vn 0.4879 0.8720 0.0402
vn 0.9086 0.4160 -0.0372
vn 0.9683 -0.1897 -0.1626
vn 0.6556 -0.7207 -0.2252
vn 0.0941 -0.9749 -0.2017
vn -0.5015 -0.8591 -0.1019
vn -0.9071 -0.4194 0.0363
vn -0.9706 0.1792 0.1609
vn -0.6659 0.7114 0.2247
vn -0.1054 0.9735 0.2029
vn 0.4974 0.8614 0.1028
vn 0.9154 0.4013 0.0300
vn 0.9727 -0.1991 -0.1192
vn 0.6558 -0.7215 -0.2223
vn 0.0895 -0.9665 -0.2405
vn -0.5088 -0.8444 -0.1680
vn -0.9141 -0.4042 -0.0323
vn -0.9752 0.1886 0.1158
vn -0.6667 0.7120 0.2205
vn -0.1017 0.9652 0.2409
vn 0.5041 0.8472 0.1680
vn 0.9097 0.4149 -0.0173
vn 0.9721 -0.1728 -0.1583
vn 0.6711 -0.7009 -0.2416
vn 0.1094 -0.9654 -0.2365
vn -0.4982 -0.8551 -0.1436
vn -0.9114 -0.4114 0.0047
vn -0.9692 0.1925 0.1536
vn -0.6489 0.7216 0.2415
vn -0.0804 0.9696 0.2312
vn 0.5118 0.8491 0.1308
vn 0.8347 0.4607 -0.3016
vn 0.9145 -0.1271 -0.3840
vn 0.6646 -0.6713 -0.3281
vn 0.1644 -0.9749 -0.1502
vn -0.4153 -0.9051 0.0909
vn -0.8374 -0.4567 0.3002
vn -0.9055 0.1826 0.3830
vn -0.6082 0.7309 0.3096
vn -0.0893 0.9887 0.1204
vn 0.4555 0.8833 -0.1109
vn 0.6751 0.4591 -0.5775
vn 0.7819 -0.1361 -0.6084
vn 0.5994 -0.6856 -0.4132
vn 0.1886 -0.9804 -0.0564
vn -0.2965 -0.8970 0.3279
vn -0.6668 -0.4613 0.5853
vn -0.7761 0.1569 0.6107
vn -0.5790 0.7124 0.3965
vn -0.1569 0.9870 0.0336
vn 0.3203 0.8859 -0.3354
vn 0.5809 0.4440 -0.6822
vn 0.6938 -0.1584 -0.7025
vn 0.5454 -0.7020 -0.4580
vn 0.1900 -0.9810 -0.0387
vn -0.2387 -0.8861 0.3972
vn -0.5766 -0.4502 0.6818
vn -0.6926 0.1605 0.7032
vn -0.5405 0.7094 0.4523
vn -0.1797 0.9833 0.0279
vn 0.2486 0.8800 -0.4048
vn 0.5603 0.4405 -0.7014
vn 0.6593 -0.1686 -0.7327
vn 0.5072 -0.7123 -0.4852
vn 0.1627 -0.9852 -0.0539
vn -0.2434 -0.8846 0.3977
vn -0.5574 -0.4482 0.6989
vn -0.6596 0.1601 0.7344
vn -0.5094 0.7086 0.4884
vn -0.1628 0.9852 0.0538
vn 0.2464 0.8822 -0.4013
vn 0.5986 0.4437 -0.6670
vn 0.6713 -0.1716 -0.7210
vn 0.4856 -0.7185 -0.4979
vn 0.1155 -0.9895 -0.0867
vn -0.2969 -0.8864 0.3551
vn -0.5973 -0.4510 0.6632
vn -0.6737 0.1548 0.7226
vn -0.4949 0.7049 0.5082
vn -0.1255 0.9873 0.0970
vn 0.2935 0.8881 -0.3537
vn 0.6963 0.4417 -0.5657
vn 0.7348 -0.1780 -0.6545
vn 0.4861 -0.7250 -0.4879
vn 0.0518 -0.9891 -0.1377
vn -0.3986 -0.8797 0.2593
vn -0.6993 -0.4466 0.5581
vn -0.7427 0.1514 0.6523
vn -0.5091 0.6980 0.5036
vn -0.0791 0.9841 0.1591
vn 0.3839 0.8882 -0.2525
vn 0.8433 0.4043 -0.3541
vn 0.8450 -0.2056 -0.4936
vn 0.5117 -0.7386 -0.4388
vn -0.0363 -0.9732 -0.2269
vn -0.5639 -0.8244 0.0488
vn -0.8729 -0.3902 0.2927
vn -0.8820 0.1715 0.4390
vn -0.5745 0.6929 0.4358
vn -0.0344 0.9681 0.2481
vn 0.5125 0.8562 -0.0651
vn 0.6427 0.4653 -0.6087
vn 0.6705 -0.1169 -0.7327
vn 0.4701 -0.6434 -0.6042
vn 0.1143 -0.9524 -0.2826
vn -0.3186 -0.9358 0.1507
vn -0.6679 -0.4831 0.5661
vn -0.6713 0.2373 0.7022
vn -0.3736 0.7746 0.5103
vn 0.0168 0.9894 0.1445
vn 0.3908 0.8794 -0.2718
vn 0.2279 0.4638 -0.8561
vn 0.2676 -0.1258 -0.9553
vn 0.2096 -0.6819 -0.7008
vn 0.0718 -0.9840 -0.1631
vn -0.0883 -0.8967 0.4337
vn -0.2088 -0.4826 0.8506
vn -0.2559 0.0999 0.9615
vn -0.2092 0.6679 0.7142
vn -0.0701 0.9835 0.1669
vn 0.1016 0.8919 -0.4406
vn -0.0000 0.4748 -0.8801
vn -0.0000 -0.1127 -0.9936
vn -0.0000 -0.6591 -0.7520
vn -0.0000 -0.9710 -0.2392
vn -0.0000 -0.9268 0.3755
vn -0.0000 -0.5059 0.8626
vn -0.0000 0.1419 0.9899
vn -0.0000 0.7180 0.6960
vn -0.0000 0.9901 0.1402
vn -0.0000 0.8918 -0.4525
vn -0.2279 0.4638 -0.8561
vn -0.2676 -0.1258 -0.9553
vn -0.2096 -0.6819 -0.7008
vn -0.0718 -0.9840 -0.1631
vn 0.0883 -0.8967 0.4337
vn 0.2088 -0.4826 0.8506
vn 0.2559 0.0999 0.9615
vn 0.2092 0.6679 0.7142
vn 0.0701 0.9835 0.1669
vn -0.1016 0.8919 -0.4406
vn -0.6427 0.4653 -0.6087
vn -0.6705 -0.1169 -0.7327
vn -0.4701 -0.6434 -0.6042
vn -0.1143 -0.9524 -0.2826
vn 0.3186 -0.9358 0.1507
vn 0.6679 -0.4831 0.5661
vn 0.6713 0.2373 0.7022
vn 0.3736 0.7746 0.5103
vn -0.0168 0.9894 0.1445
vn -0.3908 0.8794 -0.2718
vn -0.8433 0.4043 -0.3541
vn -0.8450 -0.2056 -0.4936
vn -0.5117 -0.7386 -0.4388
vn 0.0363 -0.9732 -0.2269
vn 0.5639 -0.8244 0.0488
vn 0.8729 -0.3902 0.2927
vn 0.8820 0.1715 0.4390
vn 0.5745 0.6929 0.4358
vn 0.0344 0.9681 0.2481
vn -0.5125 0.8562 -0.0651
vn -0.6963 0.4417 -0.5657
vn -0.7348 -0.1780 -0.6545
vn -0.4861 -0.7250 -0.4879
vn -0.0518 -0.9891 -0.1377
vn 0.3986 -0.8797 0.2593
vn 0.6993 -0.4466 0.5581
vn 0.7427 0.1514 0.6523
vn 0.5091 0.6980 0.5036
vn 0.0791 0.9841 0.1591
vn -0.3839 0.8882 -0.2525
vn -0.5986 0.4437 -0.6670
vn -0.6713 -0.1716 -0.7210
vn -0.4856 -0.7185 -0.4979
vn -0.1155 -0.9895 -0.0867
vn 0.2969 -0.8864 0.3551
vn 0.5973 -0.4510 0.6632
vn 0.6737 0.1548 0.7226
vn 0.4949 0.7049 0.5082
vn 0.1255 0.9873 0.0970
vn -0.2935 0.8881 -0.3537
vn -0.5603 0.4405 -0.7014
vn -0.6593 -0.1686 -0.7327
vn -0.5072 -0.7123 -0.4852
vn -0.1627 -0.9852 -0.0539
vn 0.2434 -0.8846 0.3977
vn 0.5574 -0.4482 0.6989
vn 0.6596 0.1601 0.7344
vn 0.5094 0.7086 0.4884
vn 0.1628 0.9852 0.0538
vn -0.2464 0.8822 -0.4013
vn -0.5809 0.4440 -0.6822
vn -0.6938 -0.1584 -0.7025
vn -0.5454 -0.7020 -0.4580
vn -0.1900 -0.9810 -0.0387
vn 0.2387 -0.8861 0.3972
vn 0.5766 -0.4502 0.6818
vn 0.6926 0.1605 0.7032
vn 0.5405 0.7094 0.4523
vn 0.1797 0.9833 0.0279
vn -0.2486 0.8800 -0.4048
vn -0.6751 0.4591 -0.5775
vn -0.7819 -0.1361 -0.6084
vn -0.5994 -0.6856 -0.4132
vn -0.1886 -0.9804 -0.0564
vn 0.2965 -0.8970 0.3279
vn 0.6668 -0.4613 0.5853
vn 0.7761 0.1569 0.6107
vn 0.5790 0.7124 0.3965
vn 0.1569 0.9870 0.0336
vn -0.3203 0.8859 -0.3354
vn -0.8347 0.4607 -0.3016
vn -0.9145 -0.1271 -0.3840
vn -0.6646 -0.6713 -0.3281
vn -0.1644 -0.9749 -0.1502
vn 0.4153 -0.9051 0.0909
vn 0.8374 -0.4567 0.3002
vn 0.9055 0.1826 0.3830
vn 0.6082 0.7309 0.3096
vn 0.0893 0.9887 0.1204
vn -0.4555 0.8833 -0.1109
vn -0.9097 0.4149 -0.0173
vn -0.9721 -0.1728 -0.1583
vn -0.6711 -0.7009 -0.2416
vn -0.1094 -0.9654 -0.2365
vn 0.4982 -0.8551 -0.1436
vn 0.9114 -0.4114 0.0047
vn 0.9692 0.1925 0.1536
vn 0.6489 0.7216 0.2415
vn 0.0804 0.9696 0.2312
vn -0.5118 0.8491 0.1308
vn -0.9154 0.4013 0.0300
vn -0.9727 -0.1991 -0.1192
vn -0.6558 -0.7215 -0.2223
vn -0.0895 -0.9665 -0.2405
vn 0.5088 -0.8444 -0.1680
vn 0.9141 -0.4042 -0.0323
vn 0.9752 0.1886 0.1158
vn 0.6667 0.7120 0.2205
vn 0.1017 0.9652 0.2409
vn -0.5041 0.8472 0.1680
vn -0.9086 0.4160 -0.0372
vn -0.9683 -0.1897 -0.1626
vn -0.6556 -0.7207 -0.2252
vn -0.0941 -0.9749 -0.2017
vn 0.5015 -0.8591 -0.1019
vn 0.9071 -0.4194 0.0363
vn 0.9706 0.1792 0.1609
vn 0.6659 0.7114 0.2247
vn 0.1054 0.9735 0.2029
vn -0.4974 0.8614 0.1028
vn -0.8987 0.4269 -0.1007
vn -0.9621 -0.1826 -0.2026
vn -0.6558 -0.7202 -0.2264
vn -0.1004 -0.9814 -0.1638
vn 0.4914 -0.8700 -0.0394
vn 0.8971 -0.4303 0.0998
vn 0.9642 0.1725 0.2015
vn 0.6652 0.7114 0.2268
vn 0.1107 0.9800 0.1655
vn -0.4879 0.8720 0.0402
vn -0.8867 0.4342 -0.1592
vn -0.9548 -0.1779 -0.2382
vn -0.6563 -0.7200 -0.2256
vn -0.1085 -0.9859 -0.1270
vn 0.4790 -0.8776 0.0194
vn 0.8850 -0.4378 0.1584
vn 0.9567 0.1681 0.2376
vn 0.6649 0.7117 0.2267
vn 0.1178 0.9846 0.1290
vn -0.4761 0.8792 -0.0186
vn -0.8733 0.4384 -0.2124
vn -0.9471 -0.1751 -0.2691
vn -0.6574 -0.7199 -0.2225
vn -0.1180 -0.9888 -0.0913
vn 0.4649 -0.8823 0.0742
vn 0.8716 -0.4422 0.2116
vn 0.9488 0.1658 0.2690
vn 0.6652 0.7122 0.2242
vn 0.1262 0.9876 0.0934
vn -0.4626 0.8835 -0.0736
vn -0.8594 0.4402 -0.2600
vn -0.9395 -0.1738 -0.2953
vn -0.6593 -0.7198 -0.2173
vn -0.1287 -0.9901 -0.0568
vn 0.4497 -0.8844 0.1250
vn 0.8576 -0.4441 0.2593
vn 0.9410 0.1650 0.2956
vn 0.6663 0.7127 0.2194
vn 0.1357 0.9890 0.0589
vn -0.4481 0.8853 -0.1245
vn -0.8456 0.4400 -0.3023
vn -0.9324 -0.1737 -0.3168
vn -0.6620 -0.7194 -0.2100
vn -0.1401 -0.9899 -0.0235
vn 0.4341 -0.8844 0.1716
vn 0.8437 -0.4440 0.3017
vn 0.9338 0.1653 0.3174
vn 0.6682 0.7130 0.2123
vn 0.1461 0.9889 0.0255
vn -0.4331 0.8849 -0.1714
vn -0.8324 0.4382 -0.3393
vn -0.9264 -0.1742 -0.3339
vn -0.6657 -0.7187 -0.2007
vn -0.1521 -0.9883 0.0086
vn 0.4185 -0.8826 0.2143
vn 0.8304 -0.4423 0.3388
vn 0.9275 0.1664 0.3348
vn 0.6712 0.7129 0.2031
vn 0.1572 0.9876 -0.0066
vn -0.4180 0.8828 -0.2142
vn -0.8201 0.4354 -0.3712
vn -0.9215 -0.1751 -0.3467
vn -0.6703 -0.7174 -0.1897
vn -0.1644 -0.9856 0.0392
vn 0.4033 -0.8794 0.2530
vn 0.8181 -0.4396 0.3708
vn 0.9224 0.1677 0.3478
vn 0.6751 0.7123 0.1921
vn 0.1685 0.9850 -0.0375
vn -0.4034 0.8793 -0.2531
vn -0.8091 0.4320 -0.3983
vn -0.9179 -0.1759 -0.3556
vn -0.6758 -0.7155 -0.1771
vn -0.1768 -0.9819 0.0685
vn 0.3889 -0.8752 0.2878
vn 0.8070 -0.4363 0.3980
vn 0.9187 0.1691 0.3569
vn 0.6799 0.7110 0.1794
vn 0.1800 0.9814 -0.0671
vn -0.3895 0.8748 -0.2881
vn -0.7997 0.4284 -0.4207
vn -0.9158 -0.1765 -0.3608
vn -0.6820 -0.7129 -0.1632
vn -0.1889 -0.9773 0.0962
vn 0.3755 -0.8702 0.3189
vn 0.7975 -0.4326 0.4205
vn 0.9164 0.1703 0.3622
vn 0.6855 0.7091 0.1654
vn 0.1914 0.9769 -0.0951
vn -0.3766 0.8696 -0.3193
vn -0.7919 0.4248 -0.4387
vn -0.9151 -0.1766 -0.3625
vn -0.6888 -0.7096 -0.1481
vn -0.2007 -0.9720 0.1224
vn 0.3634 -0.8649 0.3462
vn 0.7897 -0.4290 0.4386
vn 0.9156 0.1709 0.3640
vn 0.6917 0.7064 0.1501
vn 0.2024 0.9717 -0.1216
vn -0.3649 0.8641 -0.3467
vn -0.7859 0.4217 -0.4523
vn -0.9158 -0.1759 -0.3611
vn -0.6962 -0.7056 -0.1323
vn -0.2119 -0.9662 0.1467
vn 0.3528 -0.8595 0.3698
vn 0.7837 -0.4258 0.4523
vn 0.9162 0.1709 0.3625
vn 0.6985 0.7030 0.1339
vn 0.2128 0.9661 -0.1463
vn -0.3547 0.8585 -0.3704
vn -0.7817 0.4193 -0.4616
vn -0.9178 -0.1744 -0.3566
vn -0.7039 -0.7009 -0.1157
vn -0.2222 -0.9602 0.1690
vn 0.3439 -0.8544 0.3894
vn 0.7795 -0.4232 0.4618
vn 0.9181 0.1700 0.3579
vn 0.7056 0.6989 0.1170
vn 0.2223 0.9602 -0.1690
vn -0.3462 0.8532 -0.3901
vn -0.7794 0.4179 -0.4667
vn -0.9211 -0.1718 -0.3492
vn -0.7117 -0.6955 -0.0988
vn -0.2315 -0.9543 0.1891
vn 0.3369 -0.8499 0.4051
vn 0.7773 -0.4216 0.4669
vn 0.9214 0.1682 0.3504
vn 0.7128 0.6942 0.0997
vn 0.2309 0.9544 -0.1894
vn -0.3395 0.8485 -0.4058
vn -0.7791 0.4179 -0.4673
vn -0.9256 -0.1682 -0.3390
vn -0.7194 -0.6897 -0.0817
vn -0.2395 -0.9486 0.2067
vn 0.3318 -0.8464 0.4165
vn 0.7771 -0.4213 0.4676
vn 0.9258 0.1654 0.3400
vn 0.7200 0.6891 0.0821
vn 0.2381 0.9489 -0.2073
vn -0.3348 0.8449 -0.4172
vn -0.7807 0.4194 -0.4634
vn -0.9311 -0.1634 -0.3261
vn -0.7270 -0.6836 -0.0647
vn -0.2461 -0.9436 0.2213
vn 0.3289 -0.8442 0.4232
vn 0.7788 -0.4224 0.4637
vn 0.9312 0.1615 0.3268
vn 0.7268 0.6838 0.0646
vn 0.2439 0.9440 -0.2223
vn -0.3321 0.8426 -0.4240
vn -0.7841 0.4227 -0.4545
vn -0.9375 -0.1573 -0.3103
vn -0.7341 -0.6773 -0.0481
vn -0.2511 -0.9396 0.2326
vn 0.3281 -0.8438 0.4247
vn 0.7825 -0.4253 0.4548
vn 0.9376 0.1564 0.3107
vn 0.7332 0.6783 0.0474
vn 0.2480 0.9401 -0.2339
vn -0.3316 0.8420 -0.4255
vn -0.7894 0.4280 -0.4401
vn -0.9447 -0.1501 -0.2916
vn -0.7407 -0.6711 -0.0321
vn -0.2544 -0.9369 0.2398
vn 0.3296 -0.8453 0.4205
vn 0.7881 -0.4301 0.4404
vn 0.9447 0.1503 0.2915
vn 0.7390 0.6730 0.0308
vn 0.2504 0.9375 -0.2415
vn -0.3334 0.8435 -0.4212
vn -0.7964 0.4356 -0.4196
vn -0.9525 -0.1416 -0.2696
vn -0.7465 -0.6652 -0.0170
vn -0.2558 -0.9358 0.2424
vn 0.3333 -0.8492 0.4095
vn 0.7954 -0.4370 0.4199
vn 0.9524 0.1432 0.2691
vn 0.7439 0.6681 0.0151
vn 0.2508 0.9367 -0.2444
vn -0.3373 0.8473 -0.4102
vn -0.8049 0.4454 -0.3922
vn -0.9607 -0.1320 -0.2442
vn -0.7515 -0.6597 -0.0032
vn -0.2555 -0.9367 0.2394
vn 0.3392 -0.8557 0.3908
vn 0.8044 -0.4461 0.3924
vn 0.9606 0.1351 0.2431
vn 0.7478 0.6639 0.0007
vn 0.2493 0.9378 -0.2416
vn -0.3434 0.8538 -0.3913
vn -0.8146 0.4574 -0.3567
vn -0.9691 -0.1214 -0.2147
vn -0.7557 -0.6549 0.0091
vn -0.2535 -0.9396 0.2299
vn 0.3469 -0.8648 0.3630
vn 0.8147 -0.4573 0.3567
vn 0.9688 0.1263 0.2131
vn 0.7507 0.6605 -0.0122
vn 0.2460 0.9410 -0.2322
vn -0.3513 0.8628 -0.3635
vn -0.8250 0.4713 -0.3118
vn -0.9774 -0.1102 -0.1805
vn -0.7589 -0.6509 0.0196
vn -0.2502 -0.9445 0.2128
vn 0.3559 -0.8763 0.3248
vn 0.8257 -0.4702 0.3118
vn 0.9769 0.1170 0.1786
vn 0.7525 0.6581 -0.0230
vn 0.2412 0.9463 -0.2152
vn -0.3606 0.8742 -0.3251
vn -0.8353 0.4863 -0.2565
vn -0.9851 -0.0987 -0.1411
vn -0.7614 -0.6477 0.0280
vn -0.2461 -0.9510 0.1871
vn 0.3654 -0.8894 0.2747
vn 0.8366 -0.4841 0.2563
vn 0.9844 0.1078 0.1389
vn 0.7534 0.6568 -0.0316
vn 0.2354 0.9533 -0.1894
vn -0.3703 0.8873 -0.2749
vn -0.8444 0.5010 -0.1896
vn -0.9915 -0.0880 -0.0958
vn -0.7631 -0.6454 0.0345
vn -0.2421 -0.9582 0.1523
vn 0.3740 -0.9029 0.2119
vn 0.8463 -0.4979 0.1894
vn 0.9906 0.0993 0.0937
vn 0.7534 0.6565 -0.0377
vn 0.2297 0.9610 -0.1541
vn -0.3793 0.9007 -0.2118
vn -0.8507 0.5137 -0.1113
vn -0.9959 -0.0790 -0.0445
vn -0.7642 -0.6437 0.0394
vn -0.2393 -0.9649 0.1085
vn 0.3802 -0.9149 0.1360
vn 0.8532 -0.5097 0.1108
vn 0.9948 0.0924 0.0427
vn 0.7530 0.6567 -0.0416
vn 0.2253 0.9681 -0.1097
vn -0.3857 0.9125 -0.1361
vn -0.8531 0.5204 -0.0369
vn -0.9971 -0.0758 0.0045
vn -0.7630 -0.6449 0.0441
vn -0.2364 -0.9693 0.0669
vn 0.3828 -0.9216 0.0640
vn 0.8548 -0.5177 0.0363
vn 0.9963 0.0859 -0.0053
vn 0.7545 0.6548 -0.0449
vn 0.2256 0.9719 -0.0673
vn -0.3873 0.9197 -0.0642
vn -0.8525 0.5225 0.0180
vn -0.9963 -0.0758 0.0417
vn -0.7615 -0.6462 0.0497
vn -0.2353 -0.9712 0.0386
vn 0.3823 -0.9240 0.0126
vn 0.8533 -0.5211 -0.0182
vn 0.9957 0.0822 -0.0420
vn 0.7558 0.6530 -0.0497
vn 0.2277 0.9730 -0.0384
vn -0.3858 0.9225 -0.0126
vn -0.8503 0.5229 0.0597
vn -0.9945 -0.0758 0.0715
vn -0.7608 -0.6466 0.0561
vn -0.2360 -0.9716 0.0192
vn 0.3802 -0.9245 -0.0251
vn 0.8509 -0.5220 -0.0598
vn 0.9941 0.0812 -0.0716
vn 0.7558 0.6524 -0.0558
vn 0.2293 0.9732 -0.0188
vn -0.3836 0.9232 0.0253
vn -0.8474 0.5223 0.0955
vn -0.9922 -0.0767 0.0982
vn -0.7597 -0.6472 0.0634
vn -0.2368 -0.9715 0.0044
vn 0.3776 -0.9242 -0.0564
vn 0.8476 -0.5219 -0.0956
vn 0.9919 0.0809 -0.0981
vn 0.7556 0.6520 -0.0629
vn 0.2310 0.9729 -0.0038
vn -0.3808 0.9229 0.0566
vn -0.8442 0.5213 0.1253
vn -0.9895 -0.0779 0.1216
vn -0.7584 -0.6479 0.0717
vn -0.2375 -0.9714 -0.0057
vn 0.3750 -0.9235 -0.0811
vn 0.8441 -0.5213 -0.1253
vn 0.9893 0.0809 -0.1215
vn 0.7551 0.6517 -0.0711
vn 0.2326 0.9725 0.0064
vn -0.3779 0.9223 0.0813
vn -0.8411 0.5200 0.1491
vn -0.9867 -0.0793 0.1420
vn -0.7567 -0.6488 0.0808
vn -0.2378 -0.9712 -0.0113
vn 0.3726 -0.9227 -0.0991
vn 0.8407 -0.5206 -0.1491
vn 0.9865 0.0812 -0.1419
vn 0.7543 0.6516 -0.0803
vn 0.2338 0.9722 0.0119
vn -0.3753 0.9215 0.0995
vn -0.8384 0.5189 0.1671
vn -0.9839 -0.0807 0.1593
vn -0.7547 -0.6497 0.0908
vn -0.2375 -0.9713 -0.0124
vn 0.3708 -0.9220 -0.1109
vn 0.8377 -0.5199 -0.1671
vn 0.9839 0.0815 -0.1592
vn 0.7531 0.6516 -0.0904
vn 0.2344 0.9720 0.0130
vn -0.3734 0.9210 0.1113
vn -0.8363 0.5180 0.1796
vn -0.9814 -0.0820 0.1736
vn -0.7525 -0.6508 0.1014
vn -0.2366 -0.9716 -0.0094
vn 0.3699 -0.9217 -0.1167
vn 0.8354 -0.5194 -0.1795
vn 0.9814 0.0818 -0.1736
vn 0.7516 0.6518 -0.1012
vn 0.2343 0.9721 0.0099
vn -0.3722 0.9207 0.1171
vn -0.8351 0.5174 0.1868
vn -0.9792 -0.0831 0.1850
vn -0.7500 -0.6518 0.1126
vn -0.2349 -0.9720 -0.0026
vn 0.3700 -0.9216 -0.1169
vn 0.8340 -0.5192 -0.1867
vn 0.9793 0.0819 -0.1850
vn 0.7499 0.6519 -0.1126
vn 0.2334 0.9724 0.0029
vn -0.3721 0.9208 0.1173
vn -0.8348 0.5172 0.1889
vn -0.9775 -0.0839 0.1935
vn -0.7474 -0.6527 0.1242
vn -0.2325 -0.9726 0.0076
vn 0.3712 -0.9218 -0.1119
vn 0.8335 -0.5193 -0.1888
vn 0.9777 0.0819 -0.1936
vn 0.7479 0.6520 -0.1243
vn 0.2318 0.9727 -0.0075
vn -0.3730 0.9210 0.1122
vn -0.8354 0.5171 0.1863
vn -0.9763 -0.0845 0.1991
vn -0.7447 -0.6535 0.1360
vn -0.2293 -0.9731 0.0210
vn 0.3733 -0.9221 -0.1019
vn 0.8339 -0.5195 -0.1860
vn 0.9765 0.0816 -0.1992
vn 0.7458 0.6521 -0.1362
vn 0.2294 0.9731 -0.0210
vn -0.3749 0.9214 0.1022
vn -0.8370 0.5171 0.1790
vn -0.9757 -0.0849 0.2019
vn -0.7419 -0.6540 0.1477
vn -0.2256 -0.9735 0.0373
vn 0.3765 -0.9223 -0.0873
vn 0.8354 -0.5198 -0.1787
vn 0.9760 0.0813 -0.2020
vn 0.7437 0.6519 -0.1481
vn 0.2264 0.9733 -0.0375
vn -0.3777 0.9218 0.0876
vn -0.8395 0.5170 0.1672
vn -0.9757 -0.0853 0.2018
vn -0.7392 -0.6544 0.1593
vn -0.2213 -0.9736 0.0561
vn 0.3806 -0.9222 -0.0683
vn 0.8378 -0.5199 -0.1668
vn 0.9761 0.0810 -0.2018
vn 0.7416 0.6516 -0.1597
vn 0.2229 0.9732 -0.0564
vn -0.3815 0.9218 0.0686
vn -0.8428 0.5166 0.1511
vn -0.9763 -0.0857 0.1987
vn -0.7367 -0.6544 0.1704
vn -0.2166 -0.9732 0.0772
vn 0.3854 -0.9216 -0.0453
vn 0.8410 -0.5196 -0.1506
vn 0.9767 0.0807 -0.1987
vn 0.7396 0.6510 -0.1709
vn 0.2190 0.9726 -0.0777
vn -0.3860 0.9214 0.0454
vn -0.8468 0.5156 0.1307
vn -0.9774 -0.0863 0.1928
vn -0.7343 -0.6542 0.1811
vn -0.2117 -0.9722 0.1004
vn 0.3909 -0.9203 -0.0183
vn 0.8450 -0.5187 -0.1301
vn 0.9780 0.0807 -0.1925
vn 0.7378 0.6502 -0.1815
vn 0.2148 0.9714 -0.1010
vn -0.3912 0.9201 0.0184
vn -0.8514 0.5136 0.1062
vn -0.9791 -0.0872 0.1839
vn -0.7322 -0.6538 0.1911
vn -0.2067 -0.9703 0.1255
vn 0.3968 -0.9178 0.0123
vn 0.8496 -0.5168 -0.1055
vn 0.9797 0.0811 -0.1834
vn 0.7362 0.6491 -0.1914
vn 0.2105 0.9694 -0.1261
vn -0.3967 0.9179 -0.0123
vn -0.8563 0.5105 0.0777
vn -0.9811 -0.0888 0.1720
vn -0.7303 -0.6531 0.2003
vn -0.2017 -0.9675 0.1523
vn 0.4028 -0.9141 0.0465
vn 0.8545 -0.5138 -0.0769
vn 0.9818 0.0822 -0.1713
vn 0.7349 0.6478 -0.2004
vn 0.2062 0.9665 -0.1529
vn -0.4024 0.9143 -0.0466
vn -0.8614 0.5060 0.0453
vn -0.9834 -0.0911 0.1572
vn -0.7288 -0.6522 0.2087
vn -0.1970 -0.9636 0.1806
vn 0.4088 -0.9087 0.0840
vn 0.8595 -0.5093 -0.0445
vn 0.9842 0.0840 -0.1562
vn 0.7339 0.6464 -0.2085
vn 0.2022 0.9624 -0.1811
vn -0.4080 0.9091 -0.0841
vn -0.8662 0.4996 0.0092
vn -0.9857 -0.0945 0.1395
vn -0.7275 -0.6512 0.2161
vn -0.1927 -0.9585 0.2102
vn 0.4144 -0.9015 0.1245
vn 0.8643 -0.5029 -0.0083
vn 0.9866 0.0870 -0.1381
vn 0.7332 0.6449 -0.2156
vn 0.1986 0.9572 -0.2107
vn -0.4132 0.9020 -0.1247
vn -0.8706 0.4911 -0.0303
vn -0.9879 -0.0990 0.1191
vn -0.7266 -0.6500 0.2226
vn -0.1890 -0.9520 0.2410
vn 0.4194 -0.8921 0.1679
vn 0.8687 -0.4944 0.0313
vn 0.9889 0.0912 -0.1174
vn 0.7328 0.6434 -0.2216
vn 0.1955 0.9506 -0.2413
vn -0.4178 0.8928 -0.1682
vn -0.8741 0.4803 -0.0729
vn -0.9898 -0.1051 0.0963
vn -0.7259 -0.6488 0.2282
vn -0.1861 -0.9439 0.2728
vn 0.4234 -0.8804 0.2138
vn 0.8722 -0.4836 0.0739
vn 0.9908 0.0969 -0.0941
vn 0.7326 0.6418 -0.2267
vn 0.1932 0.9425 -0.2728
vn -0.4215 0.8812 -0.2141
vn -0.8858 0.4592 -0.0668
vn -0.9886 -0.0903 0.1207
vn -0.7436 -0.6164 0.2591
vn -0.1931 -0.9295 0.3141
vn 0.4640 -0.8389 0.2846
vn 0.8952 -0.4022 0.1921
vn 0.9909 0.1278 0.0420
vn 0.7665 0.6239 -0.1521
vn 0.2105 0.9336 -0.2899
vn -0.4476 0.8612 -0.2408
vn -0.5871 0.6423 0.4928
vn -0.6573 0.1237 0.7434
vn -0.4948 -0.4261 0.7574
vn -0.1870 -0.8266 0.5307
vn 0.1818 -0.9742 0.1336
vn 0.6055 -0.7422 -0.2873
vn 0.7744 -0.0256 -0.6322
vn 0.4302 0.6407 -0.6360
vn 0.0210 0.9424 -0.3339
vn -0.3250 0.9407 0.0975
vn -0.5774 -0.5774 -0.5774
vn -0.5774 -0.5774 0.5774
vn -0.5774 0.5774 -0.5774
vn -0.5774 0.5774 0.5774
vn 0.5774 -0.5774 -0.5774
vn 0.5774 -0.5774 0.5774
vn 0.5774 0.5774 -0.5774
vn 0.5774 0.5774 0.5774
vn -0.0000 -0.0000 1.0000
vn -0.0000 0.9033 0.4290
vn -0.0000 1.0000 -0.0000
vn -0.0000 0.9033 -0.4290
vn -0.0000 -0.0000 -1.0000
vn 0.2488 0.5174 0.8188
vn 0.3979 0.8046 0.4408
vn 0.4458 0.8951 -0.0000
vn 0.3979 0.8046 -0.4408
vn 0.2488 0.5174 -0.8188
vn 0.4520 0.3134 0.8352
vn 0.7343 0.4936 0.4659
vn 0.8323 0.5543 -0.0000
vn 0.7343 0.4936 -0.4659
vn 0.4520 0.3134 -0.8352
vn 0.5364 -0.0000 0.8440
vn 0.8777 -0.0000 0.4793
vn 1.0000 -0.0000 -0.0000
vn 0.8777 -0.0000 -0.4793
vn 0.5364 -0.0000 -0.8440
vn 0.4520 -0.3134 0.8352
vn 0.7343 -0.4936 0.4659
vn 0.8323 -0.5543 -0.0000
vn 0.7343 -0.4936 -0.4659
vn 0.4520 -0.3134 -0.8352
vn 0.2488 -0.5174 0.8188
vn 0.3979 -0.8046 0.4408
vn 0.4458 -0.8951 -0.0000
vn 0.3979 -0.8046 -0.4408
vn 0.2488 -0.5174 -0.8188
vn -0.0000 -0.5849 0.8111
vn -0.0000 -0.9033 0.4290
vn -0.0000 -1.0000 -0.0000
vn -0.0000 -0.9033 -0.4290
vn -0.0000 -0.5849 -0.8111
vn -0.2488 -0.5174 0.8188
vn -0.3979 -0.8046 0.4408
vn -0.4458 -0.8951 -0.0000
vn -0.3979 -0.8046 -0.4408
vn -0.2488 -0.5174 -0.8188
vn -0.4520 -0.3134 0.8352
vn -0.7343 -0.4936 0.4659
vn -0.8323 -0.5543 -0.0000
vn -0.7343 -0.4936 -0.4659
vn -0.4520 -0.3134 -0.8352
vn -0.5364 -0.0000 0.8440
vn -0.8777 -0.0000 0.4793
vn -1.0000 -0.0000 -0.0000
vn -0.8777 -0.0000 -0.4793
vn -0.5364 -0.0000 -0.8440
vn -0.4520 0.3134 0.8352
vn -0.7343 0.4936 0.4659
vn -0.8323 0.5543 -0.0000
vn -0.7343 0.4936 -0.4659
vn -0.4520 0.3134 -0.8352
vn -0.2488 0.5174 0.8188
vn -0.3979 0.8046 0.4408
vn -0.4458 0.8951 -0.0000
vn -0.3979 0.8046 -0.4408
vn -0.2488 0.5174 -0.8188
vn -0.0000 0.5849 0.8111
vn -0.0000 0.5849 -0.8111
vn 0.7343 -0.4937 -0.4659
vn -0.7343 -0.4937 0.4659
vn -0.7343 -0.4937 -0.4659
vn 0.7343 0.4937 -0.4659
vn 0.7343 0.4937 0.4659
vn 0.7343 -0.4937 0.4659
vn 0.4520 -0.3133 0.8352
vn -0.7343 0.4937 0.4659
vn -0.7343 0.4937 -0.4659
vn -0.6521 -0.5774 -0.4914
vn -0.4914 -0.5774 0.6521
vn -0.6521 0.5774 -0.4914
vn -0.4914 0.5774 0.6521
vn 0.4914 -0.5774 -0.6521
vn 0.6521 -0.5774 0.4914
vn 0.4914 0.5774 -0.6521
vn 0.6521 0.5774 0.4914
vn -0.0000 0.8923 0.4515
vn -0.0000 0.8923 -0.4515
vn 0.2560 0.4931 0.8315
vn 0.4150 0.7859 0.4585
vn 0.4687 0.8834 -0.0000
vn 0.4150 0.7859 -0.4585
vn 0.2560 0.4931 -0.8315
vn 0.4556 0.2926 0.8407
vn 0.7452 0.4700 0.4731
vn 0.8471 0.5314 -0.0000
vn 0.7452 0.4700 -0.4731
vn 0.4556 0.2926 -0.8407
vn 0.5340 -0.0000 0.8455
vn 0.8769 -0.0000 0.4806
vn 0.8769 -0.0000 -0.4806
vn 0.5340 -0.0000 -0.8455
vn 0.4556 -0.2926 0.8407
vn 0.7452 -0.4700 0.4731
vn 0.8471 -0.5314 -0.0000
vn 0.7452 -0.4700 -0.4731
vn 0.4556 -0.2926 -0.8407
vn 0.2560 -0.4931 0.8315
vn 0.4150 -0.7859 0.4585
vn 0.4687 -0.8834 -0.0000
vn 0.4150 -0.7859 -0.4585
vn 0.2560 -0.4931 -0.8315
vn -0.0000 -0.5621 0.8270
vn -0.0000 -0.8923 0.4515
vn -0.0000 -0.8923 -0.4515
vn -0.0000 -0.5621 -0.8270
vn -0.2560 -0.4931 0.8315
vn -0.4150 -0.7859 0.4585
vn -0.4687 -0.8834 -0.0000
vn -0.4150 -0.7859 -0.4585
vn -0.2560 -0.4931 -0.8315
vn -0.4556 -0.2926 0.8407
vn -0.7452 -0.4700 0.4731
vn -0.8471 -0.5314 -0.0000
vn -0.7452 -0.4700 -0.4731
vn -0.4556 -0.2926 -0.8407
vn -0.5340 -0.0000 0.8455
vn -0.8769 -0.0000 0.4806
vn -0.8769 -0.0000 -0.4806
vn -0.5340 -0.0000 -0.8455
vn -0.4556 0.2926 0.8407
vn -0.7452 0.4700 0.4731
vn -0.8471 0.5314 -0.0000
vn -0.7452 0.4700 -0.4731
vn -0.4556 0.2926 -0.8407
vn -0.2560 0.4931 0.8315
vn -0.4150 0.7859 0.4585
vn -0.4687 0.8834 -0.0000
vn -0.4150 0.7859 -0.4585
vn -0.2560 0.4931 -0.8315
vn -0.0000 0.5621 0.8270
vn -0.0000 0.5621 -0.8270
vn 0.4149 0.7859 0.4585
vn 0.4149 0.7859 -0.4585
vn 0.4149 -0.7859 -0.4585
vn -0.4149 -0.7859 -0.4585
vn -0.4149 0.7859 0.4585
vn -0.4149 0.7859 -0.4585
vn 0.4149 -0.7859 0.4585
vn -0.4149 -0.7859 0.4585
vn 0.1418 -0.8041 -0.5774
vn 0.1418 -0.8041 0.5774
vn -0.8041 -0.1418 -0.5774
vn -0.8041 -0.1418 0.5774
vn 0.8041 0.1418 -0.5774
vn 0.8041 0.1418 0.5774
vn -0.1418 0.8041 -0.5774
vn -0.1418 0.8041 0.5774
vn -0.8041 0.1418 -0.5774
vn -0.8041 0.1418 0.5774
vn 0.1418 0.8041 -0.5774
vn 0.1418 0.8041 0.5774
vn -0.1418 -0.8041 -0.5774
vn -0.1418 -0.8041 0.5774
vn 0.8041 -0.1418 -0.5774
vn 0.8041 -0.1418 0.5774
vn 0.9187 -0.0000 0.3949
vn 0.0196 -0.0000 0.9998
vn -0.9166 -0.0000 0.3998
vn -0.9166 -0.0000 -0.3998
vn 0.0196 -0.0000 -0.9998
vn 0.9187 -0.0000 -0.3949
vn 0.9969 0.0793 -0.0000
vn 0.9156 0.0729 0.3954
vn 0.0196 0.0007 0.9998
vn -0.9135 -0.0723 0.4003
vn -0.9969 -0.0790 -0.0000
vn -0.9135 -0.0723 -0.4003
vn 0.0196 0.0007 -0.9998
vn 0.9156 0.0729 -0.3954
vn 0.9873 0.1586 -0.0000
vn 0.9063 0.1457 0.3968
vn 0.0199 0.0015 0.9998
vn -0.9042 -0.1446 0.4018
vn -0.9874 -0.1581 -0.0000
vn -0.9042 -0.1446 -0.4018
vn 0.0199 0.0015 -0.9998
vn 0.9063 0.1457 -0.3968
vn 0.9713 0.2380 -0.0000
vn 0.8905 0.2184 0.3991
vn 0.0202 0.0024 0.9998
vn -0.8886 -0.2167 0.4042
vn -0.9715 -0.2371 -0.0000
vn -0.8886 -0.2167 -0.4042
vn 0.0202 0.0024 -0.9998
vn 0.8905 0.2184 -0.3991
vn 0.9483 0.3173 -0.0000
vn 0.8681 0.2907 0.4024
vn 0.0206 0.0036 0.9998
vn -0.8664 -0.2885 0.4075
vn -0.9487 -0.3162 -0.0000
vn -0.8664 -0.2885 -0.4075
vn 0.0206 0.0036 -0.9998
vn 0.8681 0.2907 -0.4024
vn 0.9181 0.3964 -0.0000
vn 0.8388 0.3624 0.4064
vn 0.0209 0.0049 0.9998
vn -0.8373 -0.3598 0.4117
vn -0.9186 -0.3951 -0.0000
vn -0.8373 -0.3598 -0.4117
vn 0.0209 0.0049 -0.9998
vn 0.8388 0.3624 -0.4064
vn 0.8800 0.4750 -0.0000
vn 0.8021 0.4332 0.4111
vn 0.0212 0.0066 0.9998
vn -0.8008 -0.4302 0.4167
vn -0.8808 -0.4736 -0.0000
vn -0.8008 -0.4302 -0.4167
vn 0.0212 0.0066 -0.9998
vn 0.8021 0.4332 -0.4111
vn 0.8334 0.5526 -0.0000
vn 0.7576 0.5026 0.4165
vn 0.0214 0.0085 0.9997
vn -0.7566 -0.4992 0.4224
vn -0.8344 -0.5511 -0.0000
vn -0.7566 -0.4992 -0.4224
vn 0.0214 0.0085 -0.9997
vn 0.7576 0.5026 -0.4165
vn 0.7778 0.6285 -0.0000
vn 0.7050 0.5699 0.4222
vn 0.0212 0.0108 0.9997
vn -0.7042 -0.5662 0.4285
vn -0.7791 -0.6269 -0.0000
vn -0.7042 -0.5662 -0.4285
vn 0.0212 0.0108 -0.9997
vn 0.7050 0.5699 -0.4222
vn 0.7125 0.7016 -0.0000
vn 0.6438 0.6342 0.4282
vn 0.0207 0.0133 0.9997
vn -0.6432 -0.6302 0.4349
vn -0.7140 -0.7001 -0.0000
vn -0.6432 -0.6302 -0.4349
vn 0.0207 0.0133 -0.9997
vn 0.6438 0.6342 -0.4282
vn 0.6372 0.7707 -0.0000
vn 0.5739 0.6944 0.4342
vn 0.0196 0.0160 0.9997
vn -0.5735 -0.6901 0.4414
vn -0.6388 -0.7694 -0.0000
vn -0.5735 -0.6901 -0.4414
vn 0.0196 0.0160 -0.9997
vn 0.5739 0.6944 -0.4342
vn 0.5516 0.8341 -0.0000
vn 0.4953 0.7491 0.4399
vn 0.0179 0.0188 0.9997
vn -0.4950 -0.7447 0.4477
vn -0.5533 -0.8330 -0.0000
vn -0.4950 -0.7447 -0.4477
vn 0.0179 0.0188 -0.9997
vn 0.4953 0.7491 -0.4399
vn 0.4561 0.8900 -0.0000
vn 0.4083 0.7969 0.4452
vn 0.0155 0.0214 0.9997
vn -0.4081 -0.7923 0.4535
vn -0.4577 -0.8891 -0.0000
vn -0.4081 -0.7923 -0.4535
vn 0.0155 0.0214 -0.9997
vn 0.4083 0.7969 -0.4452
vn 0.3513 0.9362 -0.0000
vn 0.3138 0.8363 0.4496
vn 0.0124 0.0238 0.9996
vn -0.3137 -0.8315 0.4584
vn -0.3527 -0.9357 -0.0000
vn -0.3137 -0.8315 -0.4584
vn 0.0124 0.0238 -0.9996
vn 0.3138 0.8363 -0.4496
vn 0.2389 0.9710 -0.0000
vn 0.2130 0.8657 0.4530
vn 0.0086 0.0257 0.9996
vn -0.2129 -0.8608 0.4622
vn -0.2400 -0.9708 -0.0000
vn -0.2129 -0.8608 -0.4622
vn 0.0086 0.0257 -0.9996
vn 0.2130 0.8657 -0.4530
vn 0.1209 0.9927 -0.0000
vn 0.1077 0.8839 0.4551
vn 0.0045 0.0269 0.9996
vn -0.1076 -0.8790 0.4646
vn -0.1215 -0.9926 -0.0000
vn -0.1076 -0.8790 -0.4646
vn 0.0045 0.0269 -0.9996
vn 0.1077 0.8839 -0.4551
vn -0.0000 0.8901 0.4558
vn -0.0000 0.0273 0.9996
vn -0.0000 -0.8851 0.4654
vn -0.0000 -0.8851 -0.4654
vn -0.0000 0.0273 -0.9996
vn -0.0000 0.8901 -0.4558
vn -0.1209 0.9927 -0.0000
vn -0.1077 0.8839 0.4551
vn -0.0045 0.0269 0.9996
vn 0.1076 -0.8790 0.4646
vn 0.1215 -0.9926 -0.0000
vn 0.1076 -0.8790 -0.4646
vn -0.0045 0.0269 -0.9996
vn -0.1077 0.8839 -0.4551
vn -0.2389 0.9710 -0.0000
vn -0.2130 0.8657 0.4530
vn -0.0086 0.0257 0.9996
vn 0.2129 -0.8608 0.4622
vn 0.2400 -0.9708 -0.0000
vn 0.2129 -0.8608 -0.4622
vn -0.0086 0.0257 -0.9996
vn -0.2130 0.8657 -0.4530
vn -0.3513 0.9362 -0.0000
vn -0.3138 0.8363 0.4496
vn -0.0124 0.0238 0.9996
vn 0.3137 -0.8315 0.4584
vn 0.3527 -0.9357 -0.0000
vn 0.3137 -0.8315 -0.4584
vn -0.0124 0.0238 -0.9996
vn -0.3138 0.8363 -0.4496
vn -0.4561 0.8900 -0.0000
vn -0.4083 0.7969 0.4452
vn -0.0155 0.0214 0.9997
vn 0.4081 -0.7923 0.4535
vn 0.4577 -0.8891 -0.0000
vn 0.4081 -0.7923 -0.4535
vn -0.0155 0.0214 -0.9997
vn -0.4083 0.7969 -0.4452
vn -0.5516 0.8341 -0.0000
vn -0.4953 0.7491 0.4399
vn -0.0179 0.0188 0.9997
vn 0.4950 -0.7447 0.4477
vn 0.5533 -0.8330 -0.0000
vn 0.4950 -0.7447 -0.4477
vn -0.0179 0.0188 -0.9997
vn -0.4953 0.7491 -0.4399
vn -0.6372 0.7707 -0.0000
vn -0.5739 0.6944 0.4342
vn -0.0196 0.0160 0.9997
vn 0.5735 -0.6901 0.4414
vn 0.6388 -0.7694 -0.0000
vn 0.5735 -0.6901 -0.4414
vn -0.0196 0.0160 -0.9997
vn -0.5739 0.6944 -0.4342
vn -0.7125 0.7016 -0.0000
vn -0.6438 0.6342 0.4282
vn -0.0207 0.0133 0.9997
vn 0.6432 -0.6302 0.4349
vn 0.7140 -0.7001 -0.0000
vn 0.6432 -0.6302 -0.4349
vn -0.0207 0.0133 -0.9997
vn -0.6438 0.6342 -0.4282
vn -0.7778 0.6285 -0.0000
vn -0.7050 0.5699 0.4222
vn -0.0212 0.0108 0.9997
vn 0.7042 -0.5662 0.4285
vn 0.7791 -0.6269 -0.0000
vn 0.7042 -0.5662 -0.4285
vn -0.0212 0.0108 -0.9997
vn -0.7050 0.5699 -0.4222
vn -0.8334 0.5526 -0.0000
vn -0.7576 0.5026 0.4165
vn -0.0214 0.0085 0.9997
vn 0.7566 -0.4992 0.4224
vn 0.8344 -0.5511 -0.0000
vn 0.7566 -0.4992 -0.4224
vn -0.0214 0.0085 -0.9997
vn -0.7576 0.5026 -0.4165
vn -0.8800 0.4750 -0.0000
vn -0.8021 0.4332 0.4111
vn -0.0212 0.0066 0.9998
vn 0.8008 -0.4302 0.4167
vn 0.8808 -0.4736 -0.0000
vn 0.8008 -0.4302 -0.4167
vn -0.0212 0.0066 -0.9998
vn -0.8021 0.4332 -0.4111
vn -0.9181 0.3964 -0.0000
vn -0.8388 0.3624 0.4064
vn -0.0209 0.0049 0.9998
vn 0.8373 -0.3598 0.4117
vn 0.9186 -0.3951 -0.0000
vn 0.8373 -0.3598 -0.4117
vn -0.0209 0.0049 -0.9998
vn -0.8388 0.3624 -0.4064
vn -0.9483 0.3173 -0.0000
vn -0.8681 0.2907 0.4024
vn -0.0206 0.0036 0.9998
vn 0.8664 -0.2885 0.4075
vn 0.9487 -0.3162 -0.0000
vn 0.8664 -0.2885 -0.4075
vn -0.0206 0.0036 -0.9998
vn -0.8681 0.2907 -0.4024
vn -0.9713 0.2380 -0.0000
vn -0.8905 0.2184 0.3991
vn -0.0202 0.0024 0.9998
vn 0.8886 -0.2167 0.4042
vn 0.9715 -0.2371 -0.0000
vn 0.8886 -0.2167 -0.4042
vn -0.0202 0.0024 -0.9998
vn -0.8905 0.2184 -0.3991
vn -0.9873 0.1586 -0.0000
vn -0.9063 0.1457 0.3968
vn -0.0199 0.0015 0.9998
vn 0.9042 -0.1446 0.4018
vn 0.9874 -0.1581 -0.0000
vn 0.9042 -0.1446 -0.4018
vn -0.0199 0.0015 -0.9998
vn -0.9063 0.1457 -0.3968
vn -0.9969 0.0793 -0.0000
vn -0.9156 0.0729 0.3954
vn -0.0196 0.0007 0.9998
vn 0.9135 -0.0723 0.4003
vn 0.9969 -0.0790 -0.0000
vn 0.9135 -0.0723 -0.4003
vn -0.0196 0.0007 -0.9998
vn -0.9156 0.0729 -0.3954
vn -0.9187 -0.0000 0.3949
vn -0.0196 -0.0000 0.9998
vn 0.9166 -0.0000 0.3998
vn 0.9166 -0.0000 -0.3998
vn -0.0196 -0.0000 -0.9998
vn -0.9187 -0.0000 -0.3949
vn -0.9969 -0.0793 -0.0000
vn -0.9156 -0.0729 0.3954
vn -0.0196 -0.0007 0.9998
vn 0.9135 0.0723 0.4003
vn 0.9969 0.0790 -0.0000
vn 0.9135 0.0723 -0.4003
vn -0.0196 -0.0007 -0.9998
vn -0.9156 -0.0729 -0.3954
vn -0.9873 -0.1586 -0.0000
vn -0.9063 -0.1457 0.3968
vn -0.0199 -0.0015 0.9998
vn 0.9042 0.1446 0.4018
vn 0.9874 0.1581 -0.0000
vn 0.9042 0.1446 -0.4018
vn -0.0199 -0.0015 -0.9998
vn -0.9063 -0.1457 -0.3968
vn -0.9713 -0.2380 -0.0000
vn -0.8905 -0.2184 0.3991
vn -0.0202 -0.0024 0.9998
vn 0.8886 0.2167 0.4042
vn 0.9715 0.2371 -0.0000
vn 0.8886 0.2167 -0.4042
vn -0.0202 -0.0024 -0.9998
vn -0.8905 -0.2184 -0.3991
vn -0.9483 -0.3173 -0.0000
vn -0.8681 -0.2907 0.4024
vn -0.0206 -0.0036 0.9998
vn 0.8664 0.2885 0.4075
vn 0.9487 0.3162 -0.0000
vn 0.8664 0.2885 -0.4075
vn -0.0206 -0.0036 -0.9998
vn -0.8681 -0.2907 -0.4024
vn -0.9181 -0.3964 -0.0000
vn -0.8388 -0.3624 0.4064
vn -0.0209 -0.0049 0.9998
vn 0.8373 0.3598 0.4117
vn 0.9186 0.3951 -0.0000
vn 0.8373 0.3598 -0.4117
vn -0.0209 -0.0049 -0.9998
vn -0.8388 -0.3624 -0.4064
vn -0.8800 -0.4750 -0.0000
vn -0.8021 -0.4332 0.4111
vn -0.0212 -0.0066 0.9998
vn 0.8008 0.4302 0.4167
vn 0.8808 0.4736 -0.0000
vn 0.8008 0.4302 -0.4167
vn -0.0212 -0.0066 -0.9998
vn -0.8021 -0.4332 -0.4111
vn -0.8334 -0.5526 -0.0000
vn -0.7576 -0.5026 0.4165
vn -0.0214 -0.0085 0.9997
vn 0.7566 0.4992 0.4224
vn 0.8344 0.5511 -0.0000
vn 0.7566 0.4992 -0.4224
vn -0.0214 -0.0085 -0.9997
vn -0.7576 -0.5026 -0.4165
vn -0.7778 -0.6285 -0.0000
vn -0.7050 -0.5699 0.4222
vn -0.0212 -0.0108 0.9997
vn 0.7042 0.5662 0.4285
vn 0.7791 0.6269 -0.0000
vn 0.7042 0.5662 -0.4285
vn -0.0212 -0.0108 -0.9997
vn -0.7050 -0.5699 -0.4222
vn -0.7126 -0.7016 -0.0000
vn -0.6438 -0.6342 0.4282
vn -0.0207 -0.0133 0.9997
vn 0.6432 0.6302 0.4349
vn 0.7140 0.7001 -0.0000
vn 0.6432 0.6302 -0.4349
vn -0.0207 -0.0133 -0.9997
vn -0.6438 -0.6342 -0.4282
vn -0.6372 -0.7707 -0.0000
vn -0.5739 -0.6944 0.4342
vn -0.0196 -0.0160 0.9997
vn 0.5735 0.6901 0.4414
vn 0.6388 0.7694 -0.0000
vn 0.5735 0.6901 -0.4414
vn -0.0196 -0.0160 -0.9997
vn -0.5739 -0.6944 -0.4342
vn -0.5516 -0.8341 -0.0000
vn -0.4953 -0.7491 0.4399
vn -0.0179 -0.0188 0.9997
vn 0.4950 0.7447 0.4477
vn 0.5533 0.8330 -0.0000
vn 0.4950 0.7447 -0.4477
vn -0.0179 -0.0188 -0.9997
vn -0.4953 -0.7491 -0.4399
vn -0.4561 -0.8900 -0.0000
vn -0.4083 -0.7969 0.4452
vn -0.0155 -0.0214 0.9997
vn 0.4081 0.7923 0.4535
vn 0.4577 0.8891 -0.0000
vn 0.4081 0.7923 -0.4535
vn -0.0155 -0.0214 -0.9997
vn -0.4083 -0.7969 -0.4452
vn -0.3513 -0.9362 -0.0000
vn -0.3138 -0.8363 0.4496
vn -0.0124 -0.0238 0.9996
vn 0.3137 0.8315 0.4584
vn 0.3527 0.9357 -0.0000
vn 0.3137 0.8315 -0.4584
vn -0.0124 -0.0238 -0.9996
vn -0.3138 -0.8363 -0.4496
vn -0.2389 -0.9710 -0.0000
vn -0.2130 -0.8657 0.4530
vn -0.0086 -0.0257 0.9996
vn 0.2129 0.8608 0.4622
vn 0.2400 0.9708 -0.0000
vn 0.2129 0.8608 -0.4622
vn -0.0086 -0.0257 -0.9996
vn -0.2130 -0.8657 -0.4530
vn -0.1209 -0.9927 -0.0000
vn -0.1077 -0.8839 0.4551
vn -0.0045 -0.0269 0.9996
vn 0.1076 0.8790 0.4646
vn 0.1215 0.9926 -0.0000
vn 0.1076 0.8790 -0.4646
vn -0.0045 -0.0269 -0.9996
vn -0.1077 -0.8839 -0.4551
vn -0.0000 -0.8901 0.4558
vn -0.0000 -0.0273 0.9996
vn -0.0000 0.8851 0.4654
vn -0.0000 0.8851 -0.4654
vn -0.0000 -0.0273 -0.9996
vn -0.0000 -0.8901 -0.4558
vn 0.1209 -0.9927 -0.0000
vn 0.1077 -0.8839 0.4551
vn 0.0045 -0.0269 0.9996
vn -0.1076 0.8790 0.4646
vn -0.1215 0.9926 -0.0000
vn -0.1076 0.8790 -0.4646
vn 0.0045 -0.0269 -0.9996
vn 0.1077 -0.8839 -0.4551
vn 0.2389 -0.9710 -0.0000
vn 0.2130 -0.8657 0.4530
vn 0.0086 -0.0257 0.9996
vn -0.2129 0.8608 0.4622
vn -0.2400 0.9708 -0.0000
vn -0.2129 0.8608 -0.4622
vn 0.0086 -0.0257 -0.9996
vn 0.2130 -0.8657 -0.4530
vn 0.3513 -0.9362 -0.0000
vn 0.3138 -0.8363 0.4496
vn 0.0124 -0.0238 0.9996
vn -0.3137 0.8315 0.4584
vn -0.3527 0.9357 -0.0000
vn -0.3137 0.8315 -0.4584
vn 0.0124 -0.0238 -0.9996
vn 0.3138 -0.8363 -0.4496
vn 0.4561 -0.8900 -0.0000
vn 0.4083 -0.7969 0.4452
vn 0.0155 -0.0214 0.9997
vn -0.4081 0.7923 0.4535
vn -0.4577 0.8891 -0.0000
vn -0.4081 0.7923 -0.4535
vn 0.0155 -0.0214 -0.9997
vn 0.4083 -0.7969 -0.4452
vn 0.5516 -0.8341 -0.0000
vn 0.4953 -0.7491 0.4399
vn 0.0179 -0.0188 0.9997
vn -0.4950 0.7447 0.4477
vn -0.5533 0.8330 -0.0000
vn -0.4950 0.7447 -0.4477
vn 0.0179 -0.0188 -0.9997
vn 0.4953 -0.7491 -0.4399
vn 0.6372 -0.7707 -0.0000
vn 0.5739 -0.6944 0.4342
vn 0.0196 -0.0160 0.9997
vn -0.5735 0.6901 0.4414
vn -0.6388 0.7694 -0.0000
vn -0.5735 0.6901 -0.4414
vn 0.0196 -0.0160 -0.9997
vn 0.5739 -0.6944 -0.4342
vn 0.7125 -0.7016 -0.0000
vn 0.6438 -0.6342 0.4282
vn 0.0207 -0.0133 0.9997
vn -0.6432 0.6302 0.4349
vn -0.7140 0.7001 -0.0000
vn -0.6432 0.6302 -0.4349
vn 0.0207 -0.0133 -0.9997
vn 0.6438 -0.6342 -0.4282
vn 0.7778 -0.6285 -0.0000
vn 0.7050 -0.5699 0.4222
vn 0.0212 -0.0108 0.9997
vn -0.7042 0.5662 0.4285
vn -0.7791 0.6269 -0.0000
vn -0.7042 0.5662 -0.4285
vn 0.0212 -0.0108 -0.9997
vn 0.7050 -0.5699 -0.4222
vn 0.8334 -0.5526 -0.0000
vn 0.7576 -0.5026 0.4165
vn 0.0214 -0.0085 0.9997
vn -0.7566 0.4992 0.4224
vn -0.8344 0.5511 -0.0000
vn -0.7566 0.4992 -0.4224
vn 0.0214 -0.0085 -0.9997
vn 0.7576 -0.5026 -0.4165
vn 0.8800 -0.4750 -0.0000
vn 0.8021 -0.4332 0.4111
vn 0.0212 -0.0066 0.9998
vn -0.8008 0.4302 0.4167
vn -0.8808 0.4736 -0.0000
vn -0.8008 0.4302 -0.4167
vn 0.0212 -0.0066 -0.9998
vn 0.8021 -0.4332 -0.4111
vn 0.9181 -0.3964 -0.0000
vn 0.8388 -0.3624 0.4064
vn 0.0209 -0.0049 0.9998
vn -0.8373 0.3598 0.4117
vn -0.9186 0.3951 -0.0000
vn -0.8373 0.3598 -0.4117
vn 0.0209 -0.0049 -0.9998
vn 0.8388 -0.3624 -0.4064
vn 0.9483 -0.3173 -0.0000
vn 0.8681 -0.2907 0.4024
vn 0.0206 -0.0036 0.9998
vn -0.8664 0.2885 0.4075
vn -0.9487 0.3162 -0.0000
vn -0.8664 0.2885 -0.4075
vn 0.0206 -0.0036 -0.9998
vn 0.8681 -0.2907 -0.4024
vn 0.9713 -0.2380 -0.0000
vn 0.8905 -0.2184 0.3991
vn 0.0202 -0.0024 0.9998
vn -0.8886 0.2167 0.4042
vn -0.9715 0.2371 -0.0000
vn -0.8886 0.2167 -0.4042
vn 0.0202 -0.0024 -0.9998
vn 0.8905 -0.2184 -0.3991
vn 0.9873 -0.1586 -0.0000
vn 0.9063 -0.1457 0.3968
vn 0.0199 -0.0015 0.9998
vn -0.9042 0.1446 0.4018
vn -0.9874 0.1581 -0.0000
vn -0.9042 0.1446 -0.4018
vn 0.0199 -0.0015 -0.9998
vn 0.9063 -0.1457 -0.3968
vn 0.9969 -0.0793 -0.0000
vn 0.9156 -0.0729 0.3954
vn 0.0196 -0.0007 0.9998
vn -0.9135 0.0723 0.4003
vn -0.9969 0.0790 -0.0000
vn -0.9135 0.0723 -0.4003
vn 0.0196 -0.0007 -0.9998
vn 0.9156 -0.0729 -0.3954
vt 0.011814 0.407224
vt 0.019053 0.407115
vt 0.019036 0.414369
vt 0.011796 0.414477
vt 0.026300 0.407020
vt 0.026281 0.414270
vt 0.033553 0.406940
vt 0.033532 0.414186
vt 0.040812 0.406873
vt 0.040790 0.414116
vt 0.048074 0.406811
vt 0.048052 0.414056
vt 0.055336 0.406751
vt 0.055317 0.414001
vt 0.062598 0.406692
vt 0.062581 0.413946
vt 0.069864 0.406639
vt 0.069846 0.413893
vt 0.077134 0.406597
vt 0.077114 0.413846
vt 0.084409 0.406566
vt 0.084388 0.413810
vt 0.091688 0.406542
vt 0.091666 0.413785
vt 0.098967 0.406520
vt 0.098947 0.413767
vt 0.106246 0.406497
vt 0.106228 0.413748
vt 0.113525 0.406474
vt 0.113508 0.413728
vt 0.120808 0.406459
vt 0.120790 0.413711
vt 0.128095 0.406453
vt 0.128074 0.413701
vt 0.135386 0.406458
vt 0.135364 0.413701
vt 0.142680 0.406467
vt 0.142658 0.413711
vt 0.149973 0.406475
vt 0.149953 0.413724
vt 0.019019 0.421624
vt 0.011777 0.421727
vt 0.026264 0.421526
vt 0.033514 0.421437
vt 0.040769 0.421362
vt 0.048031 0.421301
vt 0.055296 0.421248
vt 0.062563 0.421198
vt 0.069830 0.421148
vt 0.077097 0.421100
vt 0.084368 0.421060
vt 0.091645 0.421031
vt 0.098925 0.421012
vt 0.106208 0.420997
vt 0.113491 0.420982
vt 0.120773 0.420967
vt 0.128057 0.420954
vt 0.135344 0.420949
vt 0.142636 0.420955
vt 0.149932 0.420970
vt 0.019002 0.428877
vt 0.011757 0.428976
vt 0.026248 0.428783
vt 0.033498 0.428694
vt 0.040751 0.428615
vt 0.048010 0.428549
vt 0.055275 0.428495
vt 0.062544 0.428448
vt 0.069813 0.428403
vt 0.077082 0.428358
vt 0.084352 0.428315
vt 0.091626 0.428281
vt 0.098905 0.428258
vt 0.106188 0.428244
vt 0.113473 0.428234
vt 0.120757 0.428223
vt 0.128041 0.428211
vt 0.135327 0.428203
vt 0.142617 0.428204
vt 0.149911 0.428216
vt 0.018983 0.436128
vt 0.011737 0.436224
vt 0.026232 0.436039
vt 0.033483 0.435953
vt 0.040735 0.435872
vt 0.047993 0.435801
vt 0.055256 0.435743
vt 0.062524 0.435697
vt 0.069795 0.435656
vt 0.077066 0.435615
vt 0.084337 0.435575
vt 0.091609 0.435537
vt 0.098886 0.435509
vt 0.106168 0.435493
vt 0.113453 0.435484
vt 0.120740 0.435477
vt 0.128026 0.435469
vt 0.135311 0.435461
vt 0.142599 0.435459
vt 0.149892 0.435466
vt 0.018964 0.443378
vt 0.011718 0.443475
vt 0.026214 0.443292
vt 0.033467 0.443212
vt 0.040721 0.443133
vt 0.047977 0.443060
vt 0.055238 0.442997
vt 0.062505 0.442947
vt 0.069776 0.442907
vt 0.077049 0.442871
vt 0.084322 0.442834
vt 0.091595 0.442798
vt 0.098870 0.442766
vt 0.106150 0.442745
vt 0.113434 0.442733
vt 0.120722 0.442729
vt 0.128010 0.442727
vt 0.135297 0.442722
vt 0.142585 0.442718
vt 0.149875 0.442721
vt 0.018946 0.450630
vt 0.011702 0.450731
vt 0.026196 0.450544
vt 0.033451 0.450468
vt 0.040707 0.450394
vt 0.047964 0.450323
vt 0.055223 0.450257
vt 0.062488 0.450201
vt 0.069758 0.450158
vt 0.077031 0.450124
vt 0.084307 0.450092
vt 0.091581 0.450060
vt 0.098856 0.450028
vt 0.106134 0.450002
vt 0.113416 0.449986
vt 0.120703 0.449981
vt 0.127993 0.449981
vt 0.135282 0.449982
vt 0.142571 0.449981
vt 0.149861 0.449982
vt 0.018930 0.457887
vt 0.011688 0.457993
vt 0.026179 0.457798
vt 0.033434 0.457722
vt 0.040692 0.457653
vt 0.047951 0.457586
vt 0.055211 0.457521
vt 0.062473 0.457461
vt 0.069741 0.457413
vt 0.077014 0.457377
vt 0.084290 0.457348
vt 0.091567 0.457321
vt 0.098844 0.457293
vt 0.106121 0.457265
vt 0.113401 0.457245
vt 0.120686 0.457235
vt 0.127975 0.457235
vt 0.135266 0.457239
vt 0.142558 0.457243
vt 0.149848 0.457246
vt 0.821796 0.903222
vt 0.829495 0.904841
vt 0.829495 0.912283
vt 0.821886 0.910682
vt 0.018916 0.465149
vt 0.011676 0.465259
vt 0.026163 0.465055
vt 0.033417 0.464977
vt 0.040676 0.464910
vt 0.047937 0.464847
vt 0.055199 0.464786
vt 0.062461 0.464727
vt 0.069727 0.464674
vt 0.076997 0.464633
vt 0.084273 0.464603
vt 0.091552 0.464579
vt 0.098831 0.464556
vt 0.106109 0.464531
vt 0.113388 0.464509
vt 0.120671 0.464494
vt 0.127958 0.464490
vt 0.135250 0.464495
vt 0.142543 0.464503
vt 0.149836 0.464511
vt 0.829439 0.919713
vt 0.822111 0.918170
vt 0.018905 0.472417
vt 0.011665 0.472525
vt 0.026150 0.472319
vt 0.033401 0.472235
vt 0.040660 0.472166
vt 0.047922 0.472107
vt 0.055186 0.472050
vt 0.062450 0.471994
vt 0.069715 0.471941
vt 0.076983 0.471895
vt 0.084257 0.471860
vt 0.091536 0.471836
vt 0.098816 0.471817
vt 0.106097 0.471797
vt 0.113377 0.471777
vt 0.120658 0.471759
vt 0.127944 0.471750
vt 0.135234 0.471751
vt 0.142528 0.471761
vt 0.149822 0.471773
vt 0.829493 0.927166
vt 0.822479 0.925688
vt 0.018894 0.479686
vt 0.011652 0.479790
vt 0.026139 0.479587
vt 0.033389 0.479500
vt 0.040645 0.479426
vt 0.047907 0.479365
vt 0.055172 0.479312
vt 0.062438 0.479261
vt 0.069705 0.479210
vt 0.076972 0.479162
vt 0.084244 0.479122
vt 0.091520 0.479094
vt 0.098801 0.479076
vt 0.106084 0.479061
vt 0.113366 0.479045
vt 0.120648 0.479028
vt 0.127932 0.479015
vt 0.135219 0.479012
vt 0.142512 0.479019
vt 0.149808 0.479034
vt 0.004413 0.479901
vt 0.011639 0.487053
vt 0.004398 0.487161
vt 0.018883 0.486953
vt 0.026130 0.486858
vt 0.033379 0.486769
vt 0.040632 0.486690
vt 0.047892 0.486625
vt 0.055157 0.486572
vt 0.062426 0.486525
vt 0.069694 0.486479
vt 0.076963 0.486433
vt 0.084233 0.486391
vt 0.091507 0.486357
vt 0.098787 0.486336
vt 0.106070 0.486322
vt 0.113354 0.486311
vt 0.120638 0.486298
vt 0.127922 0.486286
vt 0.135208 0.486278
vt 0.142498 0.486281
vt 0.149793 0.486293
vt 0.011625 0.494315
vt 0.004385 0.494424
vt 0.018871 0.494219
vt 0.026120 0.494129
vt 0.033370 0.494042
vt 0.040622 0.493961
vt 0.047880 0.493891
vt 0.055144 0.493834
vt 0.062412 0.493788
vt 0.069683 0.493746
vt 0.076953 0.493705
vt 0.084224 0.493663
vt 0.091497 0.493626
vt 0.098774 0.493599
vt 0.106056 0.493583
vt 0.113341 0.493575
vt 0.120627 0.493567
vt 0.127913 0.493558
vt 0.135198 0.493550
vt 0.142487 0.493548
vt 0.149780 0.493556
vt 0.728961 0.799616
vt 0.737311 0.800306
vt 0.738093 0.807679
vt 0.729433 0.806965
vt 0.011612 0.501579
vt 0.004374 0.501692
vt 0.018858 0.501482
vt 0.026109 0.501396
vt 0.033361 0.501315
vt 0.040614 0.501235
vt 0.047871 0.501162
vt 0.055132 0.501100
vt 0.062399 0.501051
vt 0.069670 0.501011
vt 0.076943 0.500974
vt 0.084216 0.500937
vt 0.091488 0.500900
vt 0.098764 0.500869
vt 0.106044 0.500848
vt 0.113328 0.500838
vt 0.120616 0.500834
vt 0.127903 0.500830
vt 0.135190 0.500824
vt 0.142478 0.500821
vt 0.149769 0.500824
vt 0.738505 0.815023
vt 0.729697 0.814298
vt 0.745399 0.808287
vt 0.746136 0.815656
vt 0.018846 0.508748
vt 0.011602 0.508847
vt 0.026097 0.508662
vt 0.033351 0.508585
vt 0.040607 0.508511
vt 0.047863 0.508438
vt 0.055123 0.508373
vt 0.062388 0.508318
vt 0.069658 0.508276
vt 0.076932 0.508242
vt 0.084207 0.508209
vt 0.091481 0.508176
vt 0.098756 0.508144
vt 0.106034 0.508119
vt 0.113316 0.508104
vt 0.120603 0.508099
vt 0.127893 0.508099
vt 0.135182 0.508098
vt 0.142471 0.508097
vt 0.149760 0.508097
vt 0.738666 0.822347
vt 0.729955 0.821630
vt 0.746494 0.822996
vt 0.018836 0.516017
vt 0.011594 0.516122
vt 0.026085 0.515929
vt 0.033340 0.515854
vt 0.040598 0.515784
vt 0.047856 0.515716
vt 0.055116 0.515650
vt 0.062379 0.515591
vt 0.069647 0.515544
vt 0.076920 0.515508
vt 0.084196 0.515479
vt 0.091473 0.515451
vt 0.098749 0.515422
vt 0.106026 0.515395
vt 0.113307 0.515375
vt 0.120592 0.515366
vt 0.127882 0.515366
vt 0.135173 0.515370
vt 0.142464 0.515373
vt 0.149754 0.515375
vt 0.738774 0.829668
vt 0.730351 0.828973
vt 0.746562 0.830314
vt 0.018828 0.523292
vt 0.011588 0.523401
vt 0.026075 0.523199
vt 0.033329 0.523122
vt 0.040588 0.523055
vt 0.047849 0.522991
vt 0.055110 0.522929
vt 0.062373 0.522869
vt 0.069639 0.522818
vt 0.076910 0.522777
vt 0.084186 0.522748
vt 0.091464 0.522724
vt 0.098743 0.522699
vt 0.106020 0.522674
vt 0.113300 0.522652
vt 0.120583 0.522638
vt 0.127871 0.522635
vt 0.135163 0.522640
vt 0.142455 0.522647
vt 0.149748 0.522654
vt 0.738996 0.836997
vt 0.730892 0.836327
vt 0.746530 0.837623
vt 0.018823 0.530573
vt 0.011582 0.530682
vt 0.026068 0.530476
vt 0.033320 0.530393
vt 0.040578 0.530325
vt 0.047841 0.530265
vt 0.055104 0.530207
vt 0.062368 0.530150
vt 0.069633 0.530097
vt 0.076902 0.530052
vt 0.084176 0.530018
vt 0.091454 0.529994
vt 0.098735 0.529974
vt 0.106015 0.529954
vt 0.113295 0.529933
vt 0.120576 0.529915
vt 0.127862 0.529907
vt 0.135152 0.529910
vt 0.142446 0.529920
vt 0.149741 0.529931
vt 0.739376 0.844339
vt 0.731443 0.843682
vt 0.746582 0.844939
vt 0.018818 0.537856
vt 0.011577 0.537961
vt 0.026063 0.537757
vt 0.033313 0.537670
vt 0.040569 0.537597
vt 0.047831 0.537537
vt 0.055097 0.537484
vt 0.062362 0.537431
vt 0.069628 0.537380
vt 0.076896 0.537332
vt 0.084168 0.537293
vt 0.091445 0.537266
vt 0.098726 0.537248
vt 0.106008 0.537232
vt 0.113290 0.537215
vt 0.120572 0.537198
vt 0.127856 0.537185
vt 0.135144 0.537183
vt 0.142437 0.537191
vt 0.149733 0.537205
vt 0.739807 0.851684
vt 0.731802 0.851022
vt 0.004338 0.538073
vt 0.011570 0.545238
vt 0.004330 0.545347
vt 0.018814 0.545138
vt 0.026060 0.545042
vt 0.033308 0.544952
vt 0.040563 0.544875
vt 0.047823 0.544811
vt 0.055089 0.544758
vt 0.062356 0.544710
vt 0.076893 0.544616
vt 0.069624 0.544663
vt 0.091438 0.544542
vt 0.084163 0.544574
vt 0.106001 0.544507
vt 0.098718 0.544521
vt 0.120568 0.544482
vt 0.113285 0.544495
vt 0.127852 0.544469
vt 0.135138 0.544462
vt 0.142429 0.544466
vt 0.149724 0.544479
vt 0.740094 0.859019
vt 0.731815 0.858335
vt 0.011562 0.552514
vt 0.004322 0.552622
vt 0.018808 0.552417
vt 0.026056 0.552326
vt 0.033306 0.552239
vt 0.040559 0.552158
vt 0.047817 0.552089
vt 0.055081 0.552033
vt 0.961157 0.648425
vt 0.968425 0.648373
vt 0.968425 0.655655
vt 0.961155 0.655702
vt 0.961155 0.701126
vt 0.968425 0.701081
vt 0.968425 0.708366
vt 0.961155 0.708411
vt 0.962403 0.912724
vt 0.969683 0.912699
vt 0.969680 0.919975
vt 0.962403 0.920006
vt 0.113278 0.551773
vt 0.105993 0.551782
vt 0.120564 0.551765
vt 0.127849 0.551755
vt 0.135134 0.551747
vt 0.142423 0.551745
vt 0.149717 0.551755
vt 0.740062 0.866328
vt 0.731459 0.865619
vt 0.011555 0.559791
vt 0.004317 0.559903
vt 0.018801 0.559695
vt 0.026051 0.559608
vt 0.033303 0.559525
vt 0.040557 0.559446
vt 0.047813 0.559373
vt 0.055075 0.559312
vt 0.062349 0.551987
vt 0.062342 0.559264
vt 0.961157 0.632478
vt 0.968427 0.632432
vt 0.968427 0.639716
vt 0.961155 0.639757
vt 0.961155 0.671231
vt 0.968428 0.671192
vt 0.968427 0.678479
vt 0.961155 0.678518
vt 0.916823 0.962417
vt 0.924106 0.962398
vt 0.924104 0.969675
vt 0.916823 0.969700
vt 0.120559 0.559046
vt 0.113272 0.559051
vt 0.127846 0.559041
vt 0.135133 0.559035
vt 0.142420 0.559031
vt 0.149712 0.559035
vt 0.739652 0.873608
vt 0.730856 0.872884
vt 0.747299 0.866931
vt 0.747218 0.874236
vt 0.018795 0.566973
vt 0.011550 0.567072
vt 0.026046 0.566889
vt 0.033300 0.566810
vt 0.040555 0.566735
vt 0.047812 0.566662
vt 0.055071 0.566597
vt 0.961530 0.838618
vt 0.968801 0.838572
vt 0.968801 0.845850
vt 0.961530 0.845897
vt 0.961533 0.854554
vt 0.968805 0.854513
vt 0.968805 0.861800
vt 0.961530 0.861836
vt 0.338141 0.961493
vt 0.345417 0.961461
vt 0.345416 0.968749
vt 0.338141 0.968783
vt 0.105987 0.559060
vt 0.113265 0.566329
vt 0.105982 0.566343
vt 0.120553 0.566325
vt 0.127842 0.566324
vt 0.135131 0.566323
vt 0.142419 0.566320
vt 0.149709 0.566321
vt 0.738955 0.880866
vt 0.730204 0.880145
vt 0.746759 0.881513
vt 0.018791 0.574256
vt 0.011548 0.574360
vt 0.026041 0.574169
vt 0.033296 0.574093
vt 0.040553 0.574022
vt 0.047811 0.573953
vt 0.055070 0.573887
vt 0.062337 0.566544
vt 0.062334 0.573829
vt 0.855177 0.962311
vt 0.862451 0.962271
vt 0.862451 0.969552
vt 0.855177 0.969592
vt 0.961536 0.806633
vt 0.968810 0.806597
vt 0.968810 0.813886
vt 0.961533 0.813917
vt 0.571094 0.961657
vt 0.578372 0.961632
vt 0.578371 0.968921
vt 0.571094 0.968949
vt 0.120547 0.573605
vt 0.113262 0.573613
vt 0.127837 0.573606
vt 0.135128 0.573609
vt 0.142418 0.573611
vt 0.149708 0.573612
vt 0.738162 0.888116
vt 0.729670 0.887415
vt 0.745980 0.888764
vt 0.018789 0.581544
vt 0.011548 0.581652
vt 0.026036 0.581452
vt 0.033291 0.581375
vt 0.040550 0.581307
vt 0.047810 0.581243
vt 0.055071 0.581180
vt 0.960620 0.585591
vt 0.967889 0.585545
vt 0.967887 0.592831
vt 0.960620 0.592883
vt 0.838144 0.962305
vt 0.845420 0.962271
vt 0.845420 0.969554
vt 0.838144 0.969588
vt 0.961536 0.822563
vt 0.968811 0.822533
vt 0.968811 0.829825
vt 0.961533 0.829850
vt 0.105981 0.573632
vt 0.113260 0.580903
vt 0.105981 0.580925
vt 0.120544 0.580890
vt 0.127832 0.580888
vt 0.135124 0.580893
vt 0.142417 0.580900
vt 0.149708 0.580905
vt 0.737456 0.895373
vt 0.729291 0.894698
vt 0.745057 0.896004
vt 0.018789 0.588837
vt 0.011549 0.588946
vt 0.026035 0.588741
vt 0.033287 0.588659
vt 0.040546 0.588591
vt 0.047808 0.588531
vt 0.055071 0.588473
vt 0.062333 0.581120
vt 0.062334 0.588415
vt 0.961155 0.717066
vt 0.968427 0.717027
vt 0.968424 0.724314
vt 0.961155 0.724358
vt 0.962403 0.928650
vt 0.969682 0.928622
vt 0.969682 0.935907
vt 0.962403 0.935934
vt 0.146653 0.961861
vt 0.153931 0.961836
vt 0.153931 0.969130
vt 0.146651 0.969151
vt 0.120543 0.588180
vt 0.113261 0.588197
vt 0.127829 0.588173
vt 0.135120 0.588176
vt 0.142414 0.588186
vt 0.149708 0.588196
vt 0.736911 0.902642
vt 0.728961 0.901984
vt 0.744184 0.903247
vt 0.018791 0.596134
vt 0.011550 0.596240
vt 0.026036 0.596035
vt 0.033286 0.595949
vt 0.040543 0.595877
vt 0.047805 0.595817
vt 0.055070 0.595763
vt 0.069599 0.588361
vt 0.069601 0.595657
vt 0.062336 0.595710
vt 0.076869 0.588317
vt 0.084143 0.588285
vt 0.084141 0.595572
vt 0.076869 0.595610
vt 0.091422 0.588261
vt 0.098702 0.588240
vt 0.098700 0.595528
vt 0.091419 0.595546
vt 0.105982 0.588219
vt 0.113263 0.595493
vt 0.105982 0.595511
vt 0.120545 0.595475
vt 0.127829 0.595464
vt 0.135118 0.595463
vt 0.142411 0.595471
vt 0.149707 0.595485
vt 0.004312 0.596353
vt 0.011550 0.603531
vt 0.004310 0.603640
vt 0.018793 0.603430
vt 0.026038 0.603333
vt 0.033288 0.603244
vt 0.040542 0.603167
vt 0.047803 0.603104
vt 0.055069 0.603052
vt 0.062336 0.603003
vt 0.069604 0.602955
vt 0.076871 0.602907
vt 0.084142 0.602866
vt 0.091417 0.602835
vt 0.098698 0.602815
vt 0.105981 0.602801
vt 0.113264 0.602788
vt 0.120547 0.602773
vt 0.127831 0.602760
vt 0.135117 0.602754
vt 0.142409 0.602759
vt 0.149704 0.602773
vt 0.011548 0.610821
vt 0.004308 0.610929
vt 0.018794 0.610724
vt 0.026041 0.610632
vt 0.033291 0.610543
vt 0.040544 0.610463
vt 0.047802 0.610395
vt 0.055067 0.610340
vt 0.062335 0.610294
vt 0.069605 0.610251
vt 0.076875 0.610207
vt 0.084145 0.610165
vt 0.091418 0.610129
vt 0.098696 0.610104
vt 0.105979 0.610090
vt 0.113264 0.610080
vt 0.120550 0.610071
vt 0.127834 0.610060
vt 0.135120 0.610052
vt 0.142409 0.610051
vt 0.149703 0.610062
vt 0.018794 0.618016
vt 0.011547 0.618111
vt 0.026043 0.617928
vt 0.033295 0.617844
vt 0.040548 0.617764
vt 0.047804 0.617692
vt 0.055067 0.617632
vt 0.062335 0.617584
vt 0.069606 0.617544
vt 0.076878 0.617505
vt 0.084149 0.617466
vt 0.091422 0.617429
vt 0.098698 0.617399
vt 0.105979 0.617381
vt 0.113264 0.617371
vt 0.120551 0.617366
vt 0.127838 0.617360
vt 0.135124 0.617353
vt 0.142412 0.617350
vt 0.149703 0.617355
vt 0.018793 0.625308
vt 0.011548 0.625406
vt 0.026044 0.625223
vt 0.033298 0.625144
vt 0.040553 0.625067
vt 0.047809 0.624994
vt 0.055069 0.624929
vt 0.062335 0.624877
vt 0.069606 0.624836
vt 0.076879 0.624801
vt 0.084153 0.624767
vt 0.091427 0.624732
vt 0.098701 0.624700
vt 0.105980 0.624676
vt 0.113264 0.624663
vt 0.120551 0.624659
vt 0.127840 0.624658
vt 0.135128 0.624655
vt 0.142416 0.624652
vt 0.149706 0.624654
vt 0.018795 0.632603
vt 0.011552 0.632706
vt 0.026045 0.632516
vt 0.033300 0.632441
vt 0.040557 0.632369
vt 0.047815 0.632299
vt 0.055074 0.632232
vt 0.062337 0.632175
vt 0.069607 0.632130
vt 0.076880 0.632096
vt 0.084156 0.632066
vt 0.091432 0.632035
vt 0.098707 0.632005
vt 0.105984 0.631978
vt 0.113266 0.631960
vt 0.120552 0.631953
vt 0.127842 0.631954
vt 0.135132 0.631956
vt 0.142422 0.631957
vt 0.149712 0.631958
vt 0.026047 0.639813
vt 0.018799 0.639903
vt 0.033302 0.639736
vt 0.040560 0.639668
vt 0.047820 0.639603
vt 0.055080 0.639539
vt 0.062343 0.639479
vt 0.069610 0.639429
vt 0.076882 0.639391
vt 0.084158 0.639362
vt 0.091436 0.639337
vt 0.098713 0.639310
vt 0.105991 0.639284
vt 0.113270 0.639262
vt 0.120554 0.639250
vt 0.127843 0.639249
vt 0.135135 0.639254
vt 0.142427 0.639260
vt 0.149718 0.639264
vt 0.026051 0.647114
vt 0.018805 0.647210
vt 0.033304 0.647034
vt 0.040563 0.646966
vt 0.047825 0.646905
vt 0.055087 0.646846
vt 0.062350 0.646787
vt 0.069615 0.646734
vt 0.076885 0.646691
vt 0.084160 0.646659
vt 0.091439 0.646636
vt 0.098719 0.646614
vt 0.105998 0.646592
vt 0.113277 0.646569
vt 0.120559 0.646553
vt 0.127846 0.646547
vt 0.135137 0.646551
vt 0.142431 0.646561
vt 0.149724 0.646570
vt 0.033308 0.654336
vt 0.026058 0.654421
vt 0.040566 0.654265
vt 0.047828 0.654206
vt 0.055093 0.654151
vt 0.062358 0.654096
vt 0.069623 0.654043
vt 0.076891 0.653996
vt 0.084164 0.653960
vt 0.091442 0.653935
vt 0.098723 0.653916
vt 0.106004 0.653898
vt 0.113285 0.653879
vt 0.120566 0.653861
vt 0.127851 0.653851
vt 0.135140 0.653851
vt 0.142434 0.653860
vt 0.149729 0.653873
vt 0.033316 0.661644
vt 0.026066 0.661733
vt 0.040571 0.661568
vt 0.047832 0.661506
vt 0.055097 0.661453
vt 0.062365 0.661404
vt 0.069632 0.661355
vt 0.076899 0.661307
vt 0.084170 0.661266
vt 0.091446 0.661236
vt 0.098727 0.661217
vt 0.106010 0.661202
vt 0.113293 0.661188
vt 0.120575 0.661173
vt 0.127859 0.661160
vt 0.135146 0.661155
vt 0.142438 0.661160
vt 0.149733 0.661175
vt 0.040578 0.668877
vt 0.033325 0.668957
vt 0.047837 0.668810
vt 0.055102 0.668755
vt 0.062370 0.668709
vt 0.069640 0.668665
vt 0.076909 0.668620
vt 0.084179 0.668578
vt 0.091453 0.668543
vt 0.098731 0.668519
vt 0.106014 0.668505
vt 0.113299 0.668495
vt 0.120584 0.668485
vt 0.127868 0.668473
vt 0.135154 0.668465
vt 0.142443 0.668466
vt 0.149738 0.668477
vt 0.040588 0.676191
vt 0.033335 0.676271
vt 0.047845 0.676119
vt 0.055108 0.676060
vt 0.062376 0.676013
vt 0.069647 0.675973
vt 0.076918 0.675933
vt 0.084189 0.675893
vt 0.091462 0.675856
vt 0.098738 0.675827
vt 0.106020 0.675809
vt 0.113305 0.675800
vt 0.120592 0.675794
vt 0.127878 0.675787
vt 0.135164 0.675780
vt 0.142452 0.675776
vt 0.149744 0.675783
vt 0.040599 0.683507
vt 0.033345 0.683585
vt 0.047855 0.683434
vt 0.055116 0.683370
vt 0.062382 0.683319
vt 0.069653 0.683279
vt 0.076926 0.683243
vt 0.084200 0.683208
vt 0.091473 0.683172
vt 0.098748 0.683140
vt 0.106027 0.683117
vt 0.113311 0.683106
vt 0.120599 0.683102
vt 0.127887 0.683100
vt 0.135175 0.683096
vt 0.142463 0.683092
vt 0.149753 0.683094
vt 0.047867 0.690752
vt 0.040610 0.690823
vt 0.055126 0.690686
vt 0.062390 0.690630
vt 0.069660 0.690586
vt 0.076934 0.690552
vt 0.084209 0.690521
vt 0.091484 0.690490
vt 0.098760 0.690458
vt 0.106037 0.690432
vt 0.113319 0.690415
vt 0.120605 0.690409
vt 0.127895 0.690409
vt 0.135185 0.690411
vt 0.142474 0.690411
vt 0.149764 0.690411
vt 0.047879 0.698071
vt 0.040620 0.698137
vt 0.055139 0.698006
vt 0.062401 0.697947
vt 0.069669 0.697898
vt 0.076941 0.697861
vt 0.084218 0.697832
vt 0.091495 0.697805
vt 0.098772 0.697778
vt 0.106049 0.697751
vt 0.113329 0.697730
vt 0.120613 0.697719
vt 0.127903 0.697718
vt 0.135194 0.697723
vt 0.142486 0.697728
vt 0.149777 0.697731
vt 0.047890 0.705388
vt 0.040629 0.705449
vt 0.055152 0.705327
vt 0.062415 0.705268
vt 0.069680 0.705215
vt 0.076950 0.705173
vt 0.084226 0.705142
vt 0.091505 0.705119
vt 0.098784 0.705096
vt 0.106062 0.705072
vt 0.113342 0.705050
vt 0.120624 0.705034
vt 0.127911 0.705030
vt 0.135203 0.705034
vt 0.142496 0.705043
vt 0.149789 0.705051
vt 0.047900 0.712702
vt 0.040638 0.712762
vt 0.055164 0.712646
vt 0.062429 0.712591
vt 0.069694 0.712538
vt 0.076962 0.712491
vt 0.084236 0.712456
vt 0.091514 0.712431
vt 0.098795 0.712412
vt 0.106075 0.712393
vt 0.113356 0.712373
vt 0.120637 0.712356
vt 0.127922 0.712346
vt 0.135212 0.712347
vt 0.142506 0.712356
vt 0.149801 0.712369
vt 0.055175 0.719963
vt 0.047910 0.720016
vt 0.062442 0.719913
vt 0.069709 0.719863
vt 0.076976 0.719815
vt 0.084248 0.719775
vt 0.091524 0.719746
vt 0.098805 0.719727
vt 0.106087 0.719712
vt 0.113370 0.719697
vt 0.120652 0.719681
vt 0.127936 0.719668
vt 0.135223 0.719664
vt 0.142515 0.719670
vt 0.149811 0.719685
vt 0.055186 0.727279
vt 0.047921 0.727333
vt 0.062454 0.727232
vt 0.069723 0.727187
vt 0.076992 0.727141
vt 0.084262 0.727099
vt 0.091536 0.727065
vt 0.098815 0.727042
vt 0.106098 0.727029
vt 0.113383 0.727018
vt 0.120667 0.727007
vt 0.127951 0.726994
vt 0.135237 0.726987
vt 0.142527 0.726988
vt 0.149822 0.727000
vt 0.055198 0.734597
vt 0.047934 0.734655
vt 0.062466 0.734550
vt 0.069737 0.734509
vt 0.077008 0.734468
vt 0.084279 0.734427
vt 0.091551 0.734390
vt 0.098828 0.734363
vt 0.106110 0.734346
vt 0.113395 0.734337
vt 0.120682 0.734331
vt 0.127967 0.734322
vt 0.135253 0.734314
vt 0.142541 0.734312
vt 0.149834 0.734319
vt 0.055212 0.741920
vt 0.047951 0.741982
vt 0.062478 0.741870
vt 0.069749 0.741829
vt 0.077022 0.741793
vt 0.084295 0.741757
vt 0.091568 0.741720
vt 0.098843 0.741689
vt 0.106123 0.741667
vt 0.113407 0.741656
vt 0.120695 0.741652
vt 0.127983 0.741649
vt 0.135270 0.741644
vt 0.142558 0.741641
vt 0.149849 0.741643
vt 0.062492 0.749193
vt 0.055228 0.749248
vt 0.069762 0.749150
vt 0.077036 0.749116
vt 0.084311 0.749084
vt 0.091586 0.749052
vt 0.098861 0.749020
vt 0.106139 0.748994
vt 0.113421 0.748978
vt 0.120708 0.748973
vt 0.127997 0.748973
vt 0.135287 0.748974
vt 0.142576 0.748972
vt 0.149866 0.748973
vt 0.069777 0.756474
vt 0.062509 0.756522
vt 0.077050 0.756438
vt 0.084326 0.756409
vt 0.091603 0.756382
vt 0.098880 0.756353
vt 0.106157 0.756326
vt 0.113437 0.756306
vt 0.120722 0.756296
vt 0.128011 0.756296
vt 0.135303 0.756300
vt 0.142594 0.756304
vt 0.149884 0.756307
vt 0.077065 0.763764
vt 0.069794 0.763804
vt 0.084341 0.763734
vt 0.091619 0.763710
vt 0.098898 0.763686
vt 0.106176 0.763661
vt 0.113455 0.763639
vt 0.120738 0.763624
vt 0.128026 0.763620
vt 0.135317 0.763625
vt 0.142611 0.763634
vt 0.149903 0.763641
vt 0.084356 0.771060
vt 0.077082 0.771094
vt 0.091635 0.771036
vt 0.098915 0.771016
vt 0.106196 0.770997
vt 0.113476 0.770976
vt 0.120757 0.770958
vt 0.128042 0.770949
vt 0.135333 0.770951
vt 0.142626 0.770961
vt 0.149921 0.770973
vt 0.091651 0.778364
vt 0.084374 0.778391
vt 0.098932 0.778345
vt 0.106214 0.778330
vt 0.113496 0.778313
vt 0.120778 0.778297
vt 0.128062 0.778284
vt 0.135350 0.778281
vt 0.142642 0.778288
vt 0.149938 0.778303
vt 0.091669 0.785696
vt 0.084394 0.785729
vt 0.098948 0.785674
vt 0.106232 0.785660
vt 0.113516 0.785649
vt 0.120799 0.785636
vt 0.128083 0.785624
vt 0.135369 0.785616
vt 0.142660 0.785619
vt 0.149955 0.785632
vt 0.120820 0.792975
vt 0.113534 0.792982
vt 0.128106 0.792966
vt 0.135391 0.792957
vt 0.142680 0.792955
vt 0.149973 0.792964
vt 0.742448 0.403146
vt 0.742442 0.410393
vt 0.735115 0.410283
vt 0.735120 0.403021
vt 0.727696 0.410133
vt 0.727676 0.402843
vt 0.720217 0.409938
vt 0.720180 0.402637
vt 0.712732 0.409769
vt 0.712706 0.402485
vt 0.705318 0.409688
vt 0.705327 0.402435
vt 0.697991 0.409692
vt 0.698026 0.402458
vt 0.690687 0.409715
vt 0.690715 0.402470
vt 0.683318 0.409680
vt 0.683309 0.402401
vt 0.675846 0.409564
vt 0.675798 0.402257
vt 0.668317 0.409420
vt 0.668261 0.402116
vt 0.660831 0.409331
vt 0.660811 0.402057
vt 0.653457 0.409335
vt 0.653486 0.402092
vt 0.646168 0.409401
vt 0.646214 0.402166
vt 0.638861 0.409454
vt 0.638880 0.402196
vt 0.631449 0.409431
vt 0.631415 0.402136
vt 0.623930 0.409342
vt 0.623863 0.402030
vt 0.616393 0.409257
vt 0.616343 0.401963
vt 0.608940 0.409243
vt 0.608941 0.401983
vt 0.601600 0.409265
vt 0.601628 0.402019
vt 0.742406 0.417613
vt 0.735099 0.417537
vt 0.727734 0.417455
vt 0.720299 0.417303
vt 0.712806 0.417114
vt 0.705326 0.416967
vt 0.697931 0.416913
vt 0.690618 0.416935
vt 0.683310 0.416960
vt 0.675921 0.416915
vt 0.668429 0.416793
vt 0.660896 0.416660
vt 0.653427 0.416593
vt 0.646075 0.416618
vt 0.638791 0.416694
vt 0.631469 0.416740
vt 0.624031 0.416707
vt 0.616499 0.416616
vt 0.608971 0.416546
vt 0.601577 0.416534
vt 0.742358 0.424817
vt 0.735058 0.424757
vt 0.727725 0.424723
vt 0.720349 0.424640
vt 0.712895 0.424484
vt 0.705393 0.424305
vt 0.697922 0.424180
vt 0.690546 0.424152
vt 0.683245 0.424189
vt 0.675929 0.424212
vt 0.668518 0.424157
vt 0.661007 0.424031
vt 0.653476 0.423910
vt 0.646027 0.423866
vt 0.638694 0.423912
vt 0.631412 0.423993
vt 0.624069 0.424031
vt 0.616607 0.423987
vt 0.609066 0.423899
vt 0.601639 0.423861
vt 0.742334 0.432053
vt 0.735021 0.431982
vt 0.727681 0.431950
vt 0.720348 0.431924
vt 0.712958 0.431836
vt 0.705487 0.431678
vt 0.697978 0.431509
vt 0.690520 0.431409
vt 0.683164 0.431405
vt 0.675871 0.431454
vt 0.668542 0.431471
vt 0.661108 0.431404
vt 0.653582 0.431278
vt 0.646057 0.431173
vt 0.638630 0.431152
vt 0.631314 0.431215
vt 0.624027 0.431299
vt 0.616663 0.431327
vt 0.609178 0.431274
vt 0.601759 0.431235
vt 0.742357 0.439352
vt 0.735017 0.439248
vt 0.727634 0.439171
vt 0.720305 0.439159
vt 0.712969 0.439137
vt 0.705562 0.439042
vt 0.698073 0.438882
vt 0.690562 0.438727
vt 0.683121 0.438652
vt 0.675784 0.438670
vt 0.668494 0.438726
vt 0.661149 0.438736
vt 0.653691 0.438658
vt 0.646154 0.438534
vt 0.638639 0.438446
vt 0.631235 0.438449
vt 0.623933 0.438527
vt 0.616638 0.438610
vt 0.609248 0.438627
vt 0.601875 0.438615
vt 0.742420 0.446710
vt 0.735056 0.446570
vt 0.727617 0.446427
vt 0.720249 0.446379
vt 0.712930 0.446383
vt 0.705586 0.446360
vt 0.698160 0.446257
vt 0.690655 0.446097
vt 0.683147 0.445959
vt 0.675725 0.445909
vt 0.668406 0.445947
vt 0.661114 0.446006
vt 0.653750 0.446006
vt 0.646268 0.445919
vt 0.638724 0.445800
vt 0.631224 0.445731
vt 0.623843 0.445756
vt 0.616550 0.445846
vt 0.609241 0.445926
vt 0.601923 0.445953
vt 0.742552 0.454127
vt 0.735122 0.453933
vt 0.727648 0.453741
vt 0.720218 0.453626
vt 0.712867 0.453604
vt 0.705553 0.453619
vt 0.698198 0.453591
vt 0.690751 0.453480
vt 0.683233 0.453323
vt 0.675732 0.453204
vt 0.668331 0.453179
vt 0.661027 0.453234
vt 0.653730 0.453293
vt 0.646343 0.453280
vt 0.638840 0.453186
vt 0.631293 0.453075
vt 0.623812 0.453028
vt 0.616452 0.453074
vt 0.609163 0.453173
vt 0.601880 0.453228
vt 0.827173 0.857111
vt 0.827160 0.864566
vt 0.819762 0.866133
vt 0.819638 0.858644
vt 0.742594 0.461449
vt 0.735182 0.461299
vt 0.727714 0.461102
vt 0.720238 0.460930
vt 0.712822 0.460843
vt 0.705486 0.460844
vt 0.698175 0.460866
vt 0.690805 0.460830
vt 0.683337 0.460711
vt 0.675809 0.460560
vt 0.668320 0.460461
vt 0.660941 0.460461
vt 0.653648 0.460530
vt 0.646341 0.460585
vt 0.638929 0.460560
vt 0.631407 0.460460
vt 0.623863 0.460360
vt 0.616403 0.460335
vt 0.609062 0.460401
vt 0.601773 0.460457
vt 0.826989 0.872031
vt 0.819889 0.873562
vt 0.742579 0.468715
vt 0.735211 0.468630
vt 0.727784 0.468477
vt 0.720302 0.468288
vt 0.712828 0.468136
vt 0.705428 0.468077
vt 0.698107 0.468097
vt 0.690793 0.468122
vt 0.683405 0.468076
vt 0.675916 0.467950
vt 0.668384 0.467808
vt 0.660910 0.467732
vt 0.653553 0.467755
vt 0.646267 0.467833
vt 0.638945 0.467882
vt 0.631507 0.467844
vt 0.623971 0.467742
vt 0.616435 0.467656
vt 0.608997 0.467654
vt 0.601667 0.467685
vt 0.749885 0.468799
vt 0.749845 0.476019
vt 0.742542 0.475949
vt 0.735201 0.475909
vt 0.727824 0.475825
vt 0.720380 0.475669
vt 0.712887 0.475487
vt 0.705418 0.475358
vt 0.698037 0.475326
vt 0.690728 0.475362
vt 0.683408 0.475385
vt 0.675999 0.475328
vt 0.668490 0.475197
vt 0.660958 0.475067
vt 0.653504 0.475015
vt 0.646167 0.475059
vt 0.638884 0.475144
vt 0.631542 0.475183
vt 0.624079 0.475133
vt 0.616532 0.475031
vt 0.609008 0.474962
vt 0.601622 0.474955
vt 0.749825 0.483270
vt 0.742510 0.483188
vt 0.735161 0.483148
vt 0.727821 0.483119
vt 0.720432 0.483031
vt 0.712970 0.482872
vt 0.705469 0.482701
vt 0.698011 0.482596
vt 0.690649 0.482589
vt 0.683349 0.482637
vt 0.676017 0.482655
vt 0.668585 0.482586
vt 0.661061 0.482453
vt 0.653533 0.482338
vt 0.646100 0.482310
vt 0.638782 0.482373
vt 0.631496 0.482460
vt 0.624132 0.482488
vt 0.616646 0.482427
vt 0.609093 0.482329
vt 0.601666 0.482290
vt 0.749922 0.490640
vt 0.742505 0.490467
vt 0.735118 0.490384
vt 0.727781 0.490366
vt 0.720439 0.490341
vt 0.713035 0.490247
vt 0.705554 0.490087
vt 0.698049 0.489928
vt 0.690606 0.489848
vt 0.683263 0.489864
vt 0.675967 0.489920
vt 0.668621 0.489930
vt 0.661165 0.489850
vt 0.653628 0.489718
vt 0.646109 0.489620
vt 0.638700 0.489617
vt 0.631396 0.489696
vt 0.624103 0.489782
vt 0.616715 0.489796
vt 0.609207 0.489727
vt 0.601779 0.489681
vt 0.149973 0.801598
vt 0.149520 0.808986
vt 0.141030 0.809562
vt 0.141754 0.802097
vt 0.749989 0.498006
vt 0.742536 0.497799
vt 0.735102 0.497653
vt 0.727729 0.497600
vt 0.720400 0.497599
vt 0.713052 0.497575
vt 0.705630 0.497473
vt 0.698134 0.497312
vt 0.690629 0.497169
vt 0.683204 0.497115
vt 0.675879 0.497152
vt 0.668583 0.497212
vt 0.661218 0.497211
vt 0.653738 0.497120
vt 0.646192 0.496992
vt 0.638689 0.496914
vt 0.631303 0.496934
vt 0.624009 0.497026
vt 0.616704 0.497107
vt 0.609290 0.497109
vt 0.601902 0.497087
vt 0.149279 0.816381
vt 0.140653 0.816988
vt 0.750027 0.505366
vt 0.742588 0.505168
vt 0.735127 0.504978
vt 0.727700 0.504861
vt 0.720341 0.504833
vt 0.713019 0.504846
vt 0.705661 0.504817
vt 0.698220 0.504707
vt 0.690709 0.504548
vt 0.683210 0.504424
vt 0.675805 0.504395
vt 0.668495 0.504449
vt 0.661195 0.504509
vt 0.653808 0.504496
vt 0.646306 0.504396
vt 0.638757 0.504275
vt 0.631271 0.504218
vt 0.623908 0.504261
vt 0.616620 0.504363
vt 0.609298 0.504437
vt 0.601968 0.504457
vt 0.149014 0.823726
vt 0.140505 0.824356
vt 0.132799 0.824887
vt 0.133118 0.817454
vt 0.742635 0.512540
vt 0.735182 0.512348
vt 0.727715 0.512176
vt 0.720299 0.512086
vt 0.712955 0.512083
vt 0.705636 0.512103
vt 0.698265 0.512067
vt 0.690803 0.511949
vt 0.683281 0.511795
vt 0.675792 0.511691
vt 0.668409 0.511687
vt 0.661111 0.511755
vt 0.653801 0.511812
vt 0.646391 0.511785
vt 0.638870 0.511679
vt 0.631322 0.511568
vt 0.623857 0.511534
vt 0.616514 0.511598
vt 0.609228 0.511705
vt 0.601940 0.511760
vt 0.148588 0.831043
vt 0.140382 0.831676
vt 0.132750 0.832261
vt 0.742656 0.519879
vt 0.735238 0.519730
vt 0.727769 0.519544
vt 0.720303 0.519392
vt 0.712900 0.519329
vt 0.705571 0.519346
vt 0.698250 0.519369
vt 0.690863 0.519325
vt 0.683380 0.519199
vt 0.675852 0.519053
vt 0.668377 0.518971
vt 0.661015 0.518991
vt 0.653725 0.519070
vt 0.646402 0.519119
vt 0.638967 0.519078
vt 0.631429 0.518969
vt 0.623888 0.518871
vt 0.616446 0.518861
vt 0.609121 0.518943
vt 0.601837 0.519005
vt 0.148013 0.838364
vt 0.140127 0.838979
vt 0.132772 0.839580
vt 0.742645 0.527169
vt 0.735268 0.527084
vt 0.727833 0.526932
vt 0.720353 0.526754
vt 0.712890 0.526624
vt 0.705504 0.526588
vt 0.698186 0.526621
vt 0.690861 0.526644
vt 0.683454 0.526588
vt 0.675951 0.526456
vt 0.668421 0.526321
vt 0.660965 0.526264
vt 0.653624 0.526306
vt 0.646338 0.526390
vt 0.638997 0.526430
vt 0.631536 0.526376
vt 0.623987 0.526265
vt 0.616457 0.526185
vt 0.609039 0.526198
vt 0.601719 0.526237
vt 0.147445 0.845714
vt 0.139720 0.846301
vt 0.749994 0.527216
vt 0.749966 0.534470
vt 0.742609 0.534422
vt 0.735262 0.534388
vt 0.727875 0.534301
vt 0.720423 0.534147
vt 0.712933 0.533979
vt 0.705478 0.533872
vt 0.698110 0.533861
vt 0.690816 0.533894
vt 0.683463 0.533933
vt 0.676054 0.533846
vt 0.668454 0.533678
vt 0.661025 0.533603
vt 0.653539 0.533565
vt 0.646253 0.533620
vt 0.638966 0.533742
vt 0.631585 0.533744
vt 0.624099 0.533678
vt 0.616543 0.533570
vt 0.609030 0.533508
vt 0.601653 0.533507
vt 0.147098 0.853099
vt 0.139283 0.853664
vt 0.749961 0.541761
vt 0.742572 0.541673
vt 0.735225 0.541649
vt 0.727876 0.541621
vt 0.720476 0.541529
vt 0.713006 0.541373
vt 0.705511 0.541217
vt 0.698097 0.541136
vt 0.690708 0.541138
vt 0.683403 0.541189
vt 0.676092 0.541234
vt 0.668597 0.541115
vt 0.661077 0.540992
vt 0.653591 0.540914
vt 0.646124 0.540863
vt 0.638829 0.540974
vt 0.631551 0.541048
vt 0.624165 0.541061
vt 0.616657 0.540985
vt 0.609100 0.540883
vt 0.601676 0.540845
vt 0.147124 0.860500
vt 0.139017 0.861059
vt 0.749983 0.549100
vt 0.742557 0.548956
vt 0.735178 0.548897
vt 0.727840 0.548891
vt 0.720487 0.548865
vt 0.713070 0.548766
vt 0.705585 0.548610
vt 0.698124 0.548490
vt 0.960620 0.615975
vt 0.967915 0.616007
vt 0.967915 0.623368
vt 0.960665 0.623280
vt 0.967987 0.390734
vt 0.960733 0.390734
vt 0.960612 0.383413
vt 0.968022 0.383238
vt 0.674466 0.964690
vt 0.667061 0.964862
vt 0.667110 0.957322
vt 0.674466 0.957204
vt 0.646168 0.548218
vt 0.638749 0.548220
vt 0.631454 0.548301
vt 0.624150 0.548383
vt 0.616739 0.548381
vt 0.609212 0.548297
vt 0.601779 0.548247
vt 0.147528 0.867879
vt 0.139091 0.868458
vt 0.750022 0.556474
vt 0.742574 0.556289
vt 0.735151 0.556172
vt 0.727786 0.556140
vt 0.720454 0.556148
vt 0.713093 0.556119
vt 0.705659 0.556012
vt 0.698185 0.555856
vt 0.690640 0.555712
vt 0.690683 0.548432
vt 0.960620 0.492336
vt 0.967902 0.492410
vt 0.967902 0.499750
vt 0.960639 0.499648
vt 0.732801 0.967714
vt 0.725534 0.967714
vt 0.725432 0.960377
vt 0.732853 0.960197
vt 0.401387 0.966111
vt 0.393971 0.966272
vt 0.394047 0.958718
vt 0.401387 0.958646
vt 0.638704 0.555523
vt 0.631350 0.555546
vt 0.624062 0.555647
vt 0.616742 0.555720
vt 0.609305 0.555704
vt 0.601906 0.555674
vt 0.148162 0.875211
vt 0.139543 0.875822
vt 0.750055 0.563849
vt 0.742616 0.563665
vt 0.735162 0.563498
vt 0.727747 0.563408
vt 0.720395 0.563399
vt 0.713066 0.563415
vt 0.705695 0.563380
vt 0.698294 0.563307
vt 0.231543 0.967779
vt 0.224133 0.967939
vt 0.224204 0.960417
vt 0.231471 0.960417
vt 0.960620 0.460274
vt 0.967889 0.460379
vt 0.967899 0.467699
vt 0.960620 0.467598
vt 0.967461 0.111672
vt 0.960179 0.111672
vt 0.960101 0.104314
vt 0.967530 0.104136
vt 0.646188 0.555559
vt 0.646307 0.562984
vt 0.638703 0.562833
vt 0.631298 0.562832
vt 0.623953 0.562891
vt 0.616668 0.562997
vt 0.609329 0.563060
vt 0.601986 0.563072
vt 0.148813 0.882495
vt 0.140260 0.883132
vt 0.132569 0.883666
vt 0.132063 0.876296
vt 0.742658 0.571050
vt 0.735204 0.570872
vt 0.727747 0.570725
vt 0.720344 0.570661
vt 0.713005 0.570673
vt 0.705677 0.570692
vt 0.698305 0.570636
vt 0.690826 0.570537
vt 0.690737 0.563123
vt 0.967991 0.774522
vt 0.960585 0.774697
vt 0.960621 0.767182
vt 0.967877 0.767182
vt 0.960620 0.523686
vt 0.967879 0.523797
vt 0.967917 0.531101
vt 0.960620 0.531025
vt 0.417350 0.966196
vt 0.410051 0.966196
vt 0.410003 0.958814
vt 0.417438 0.958646
vt 0.638843 0.570290
vt 0.631328 0.570183
vt 0.623883 0.570166
vt 0.616557 0.570244
vt 0.609270 0.570352
vt 0.601975 0.570403
vt 0.149319 0.889748
vt 0.141043 0.890391
vt 0.133377 0.890982
vt 0.742679 0.578409
vt 0.735254 0.578265
vt 0.727788 0.578095
vt 0.720332 0.577968
vt 0.712942 0.577930
vt 0.705615 0.577958
vt 0.698296 0.577976
vt 0.643942 0.964721
vt 0.636577 0.964854
vt 0.636577 0.957387
vt 0.643982 0.957204
vt 0.968012 0.406671
vt 0.960612 0.406855
vt 0.960613 0.399350
vt 0.967861 0.399350
vt 0.960620 0.476315
vt 0.967872 0.476430
vt 0.967936 0.483720
vt 0.960620 0.483675
vt 0.646428 0.570419
vt 0.646401 0.577736
vt 0.638926 0.577678
vt 0.631425 0.577591
vt 0.623894 0.577503
vt 0.616473 0.577510
vt 0.609162 0.577604
vt 0.601880 0.577669
vt 0.149659 0.897001
vt 0.141717 0.897628
vt 0.134297 0.898242
vt 0.742670 0.585723
vt 0.735284 0.585638
vt 0.727844 0.585492
vt 0.720367 0.585331
vt 0.712916 0.585226
vt 0.705543 0.585213
vt 0.698241 0.585240
vt 0.690907 0.585289
vt 0.690859 0.577903
vt 0.624843 0.964713
vt 0.617462 0.964872
vt 0.617462 0.957382
vt 0.624856 0.957201
vt 0.968004 0.437062
vt 0.960612 0.437214
vt 0.960612 0.429726
vt 0.967855 0.429758
vt 0.193093 0.960530
vt 0.200340 0.960642
vt 0.200429 0.967923
vt 0.193093 0.967912
vt 0.638984 0.585083
vt 0.631534 0.585016
vt 0.623979 0.584903
vt 0.616463 0.584833
vt 0.609066 0.584863
vt 0.601755 0.584910
vt 0.149973 0.904272
vt 0.142215 0.904887
vt 0.750025 0.585762
vt 0.749978 0.593036
vt 0.742636 0.592998
vt 0.735281 0.592966
vt 0.727884 0.592878
vt 0.720427 0.592731
vt 0.712942 0.592581
vt 0.705502 0.592499
vt 0.698135 0.592483
vt 0.690812 0.592565
vt 0.683508 0.592576
vt 0.683442 0.585185
vt 0.675953 0.585075
vt 0.676007 0.592489
vt 0.668574 0.592399
vt 0.668452 0.584971
vt 0.660965 0.584893
vt 0.660982 0.592266
vt 0.653575 0.592224
vt 0.653674 0.584980
vt 0.646393 0.585072
vt 0.646256 0.592327
vt 0.638978 0.592397
vt 0.631595 0.592409
vt 0.624091 0.592331
vt 0.616533 0.592222
vt 0.609036 0.592172
vt 0.601670 0.592179
vt 0.749907 0.600325
vt 0.742596 0.600262
vt 0.735247 0.600250
vt 0.727889 0.600221
vt 0.720478 0.600128
vt 0.713004 0.599980
vt 0.705517 0.599844
vt 0.698090 0.599786
vt 0.690750 0.599815
vt 0.683442 0.599869
vt 0.676077 0.599867
vt 0.668609 0.599780
vt 0.661073 0.599651
vt 0.653569 0.599563
vt 0.646177 0.599575
vt 0.638879 0.599661
vt 0.631575 0.599739
vt 0.624168 0.599736
vt 0.616644 0.599650
vt 0.609088 0.599549
vt 0.601672 0.599516
vt 0.749896 0.607612
vt 0.742547 0.607545
vt 0.735199 0.607514
vt 0.727857 0.607516
vt 0.720493 0.607486
vt 0.713065 0.607386
vt 0.705577 0.607240
vt 0.698091 0.607120
vt 0.690681 0.607086
vt 0.683357 0.607132
vt 0.676046 0.607186
vt 0.668663 0.607173
vt 0.661173 0.607076
vt 0.653632 0.606951
vt 0.646143 0.606884
vt 0.638774 0.606918
vt 0.631485 0.607014
vt 0.624167 0.607084
vt 0.616734 0.607066
vt 0.609194 0.606973
vt 0.601760 0.606922
vt 0.742490 0.614865
vt 0.735163 0.614797
vt 0.727802 0.614784
vt 0.720465 0.614794
vt 0.713092 0.614760
vt 0.705646 0.614652
vt 0.698146 0.614510
vt 0.690665 0.614408
vt 0.683275 0.614398
vt 0.675963 0.614457
vt 0.668647 0.614508
vt 0.661243 0.614482
vt 0.653733 0.614377
vt 0.646190 0.614261
vt 0.638722 0.614216
vt 0.631375 0.614270
vt 0.624089 0.614372
vt 0.616753 0.614431
vt 0.609295 0.614399
vt 0.601886 0.614362
vt 0.742512 0.622229
vt 0.735160 0.622124
vt 0.727755 0.622060
vt 0.720407 0.622066
vt 0.713071 0.622081
vt 0.705686 0.622040
vt 0.698221 0.621926
vt 0.690712 0.621790
vt 0.683242 0.621708
vt 0.675871 0.621720
vt 0.668570 0.621789
vt 0.661244 0.621833
vt 0.653816 0.621794
vt 0.646289 0.621684
vt 0.638751 0.621579
vt 0.631305 0.621557
vt 0.623977 0.621630
vt 0.616690 0.621733
vt 0.609333 0.621780
vt 0.601978 0.621782
vt 0.742530 0.629574
vt 0.735150 0.629471
vt 0.727742 0.629379
vt 0.720349 0.629339
vt 0.713012 0.629361
vt 0.705675 0.629377
vt 0.698274 0.629326
vt 0.690791 0.629207
vt 0.683277 0.629079
vt 0.675822 0.629019
vt 0.668471 0.629052
vt 0.661176 0.629127
vt 0.653835 0.629162
vt 0.646384 0.629109
vt 0.638843 0.628997
vt 0.631314 0.628906
vt 0.623892 0.628907
vt 0.616580 0.628995
vt 0.609288 0.629097
vt 0.601985 0.629139
vt 0.735139 0.636868
vt 0.727768 0.636749
vt 0.720323 0.636649
vt 0.712945 0.636632
vt 0.705618 0.636666
vt 0.698275 0.636678
vt 0.690856 0.636618
vt 0.683356 0.636495
vt 0.675842 0.636379
vt 0.668405 0.636341
vt 0.661073 0.636392
vt 0.653779 0.636470
vt 0.646421 0.636493
vt 0.638946 0.636428
vt 0.631396 0.636316
vt 0.623881 0.636242
vt 0.616483 0.636266
vt 0.609183 0.636367
vt 0.601903 0.636430
vt 0.735163 0.644227
vt 0.727777 0.644125
vt 0.720343 0.644011
vt 0.712906 0.643933
vt 0.705543 0.643937
vt 0.698223 0.643979
vt 0.690870 0.643985
vt 0.683431 0.643914
vt 0.675917 0.643790
vt 0.668408 0.643688
vt 0.660992 0.643673
vt 0.653677 0.643739
vt 0.646380 0.643816
vt 0.639000 0.643826
vt 0.631503 0.643750
vt 0.623949 0.643642
vt 0.616452 0.643587
vt 0.609077 0.643632
vt 0.601776 0.643684
vt 0.727771 0.651534
vt 0.720392 0.651413
vt 0.712915 0.651286
vt 0.705490 0.651230
vt 0.698143 0.651253
vt 0.690826 0.651299
vt 0.683461 0.651296
vt 0.676001 0.651215
vt 0.668476 0.651093
vt 0.660977 0.651007
vt 0.653583 0.651014
vt 0.646281 0.651093
vt 0.638976 0.651166
vt 0.631573 0.651162
vt 0.624056 0.651076
vt 0.616504 0.650974
vt 0.609028 0.650940
vt 0.601675 0.650956
vt 0.727791 0.658893
vt 0.720410 0.658803
vt 0.712964 0.658686
vt 0.705487 0.658573
vt 0.698076 0.658539
vt 0.690744 0.658578
vt 0.683428 0.658625
vt 0.676046 0.658612
vt 0.668566 0.658522
vt 0.661034 0.658403
vt 0.653549 0.658336
vt 0.646177 0.658364
vt 0.638885 0.658452
vt 0.631568 0.658517
vt 0.624141 0.658498
vt 0.616607 0.658406
vt 0.609061 0.658315
vt 0.601654 0.658289
vt 0.720392 0.666204
vt 0.713020 0.666099
vt 0.705532 0.665968
vt 0.698059 0.665872
vt 0.690666 0.665859
vt 0.683347 0.665910
vt 0.676027 0.665955
vt 0.668626 0.665930
vt 0.661126 0.665832
vt 0.653592 0.665721
vt 0.646125 0.665674
vt 0.638775 0.665722
vt 0.631488 0.665815
vt 0.624155 0.665870
vt 0.616702 0.665837
vt 0.609156 0.665741
vt 0.601724 0.665693
vt 0.720391 0.673564
vt 0.713049 0.673488
vt 0.705595 0.673385
vt 0.698098 0.673259
vt 0.690633 0.673181
vt 0.683259 0.673189
vt 0.675950 0.673250
vt 0.668621 0.673288
vt 0.661200 0.673251
vt 0.653683 0.673148
vt 0.646151 0.673047
vt 0.638706 0.673021
vt 0.631376 0.673086
vt 0.624089 0.673182
vt 0.616736 0.673224
vt 0.609259 0.673178
vt 0.601844 0.673138
vt 0.720379 0.680885
vt 0.713030 0.680846
vt 0.705635 0.680786
vt 0.698164 0.680678
vt 0.690662 0.680559
vt 0.683210 0.680501
vt 0.675855 0.680528
vt 0.668553 0.680594
vt 0.661212 0.680625
vt 0.653768 0.680575
vt 0.646237 0.680469
vt 0.638713 0.680380
vt 0.631291 0.680377
vt 0.623978 0.680457
vt 0.616687 0.680550
vt 0.609311 0.680579
vt 0.601945 0.680572
vt 0.712950 0.688185
vt 0.705631 0.688145
vt 0.698217 0.688089
vt 0.690729 0.687977
vt 0.683225 0.687869
vt 0.675790 0.687831
vt 0.668453 0.687874
vt 0.661154 0.687943
vt 0.653798 0.687963
vt 0.646331 0.687902
vt 0.638790 0.687796
vt 0.631279 0.687722
vt 0.623881 0.687740
vt 0.616581 0.687832
vt 0.609280 0.687921
vt 0.601969 0.687953
vt 0.712876 0.695470
vt 0.705579 0.695458
vt 0.698224 0.695461
vt 0.690793 0.695396
vt 0.683291 0.695283
vt 0.675790 0.695188
vt 0.668374 0.695170
vt 0.661054 0.695228
vt 0.653754 0.695296
vt 0.646378 0.695304
vt 0.638889 0.695233
vt 0.631344 0.695129
vt 0.623850 0.695072
vt 0.616474 0.695111
vt 0.609183 0.695211
vt 0.601902 0.695269
vt 0.712802 0.702754
vt 0.705504 0.702748
vt 0.698179 0.702786
vt 0.690814 0.702781
vt 0.683363 0.702708
vt 0.675850 0.702596
vt 0.668358 0.702515
vt 0.660963 0.702517
vt 0.653656 0.702587
vt 0.646350 0.702651
vt 0.638952 0.702646
vt 0.631444 0.702566
vt 0.623899 0.702467
vt 0.616425 0.702430
vt 0.609071 0.702488
vt 0.601778 0.702542
vt 0.712768 0.710057
vt 0.705428 0.710053
vt 0.698101 0.710080
vt 0.690778 0.710119
vt 0.683398 0.710105
vt 0.675929 0.710024
vt 0.668408 0.709915
vt 0.660928 0.709851
vt 0.653555 0.709873
vt 0.646259 0.709950
vt 0.638942 0.710008
vt 0.631521 0.709989
vt 0.623996 0.709903
vt 0.616456 0.709813
vt 0.609005 0.709796
vt 0.601664 0.709819
vt 0.705341 0.717391
vt 0.698027 0.717378
vt 0.690700 0.717420
vt 0.683375 0.717456
vt 0.675978 0.717433
vt 0.668490 0.717344
vt 0.660966 0.717241
vt 0.653503 0.717195
vt 0.646151 0.717235
vt 0.638861 0.717318
vt 0.631530 0.717366
vt 0.624085 0.717335
vt 0.616548 0.717243
vt 0.609017 0.717165
vt 0.601623 0.717148
vt 0.705347 0.724760
vt 0.697994 0.724712
vt 0.690616 0.724715
vt 0.683300 0.724765
vt 0.675968 0.724797
vt 0.668553 0.724763
vt 0.661048 0.724669
vt 0.653526 0.724575
vt 0.646083 0.724548
vt 0.638751 0.724604
vt 0.631462 0.724688
vt 0.624113 0.724725
vt 0.616644 0.724681
vt 0.609099 0.724588
vt 0.601672 0.724546
vt 0.705402 0.732177
vt 0.698016 0.732095
vt 0.690568 0.732040
vt 0.683208 0.732060
vt 0.675900 0.732116
vt 0.668558 0.732140
vt 0.661122 0.732095
vt 0.653604 0.731999
vt 0.646088 0.731915
vt 0.638667 0.731908
vt 0.631352 0.731978
vt 0.624061 0.732061
vt 0.616690 0.732085
vt 0.609200 0.732030
vt 0.601782 0.731990
vt 0.705429 0.739551
vt 0.698030 0.739489
vt 0.690579 0.739414
vt 0.683146 0.739377
vt 0.675804 0.739412
vt 0.668500 0.739470
vt 0.661144 0.739486
vt 0.653687 0.739430
vt 0.646158 0.739333
vt 0.638654 0.739263
vt 0.631256 0.739275
vt 0.623955 0.739356
vt 0.616656 0.739434
vt 0.609262 0.739446
vt 0.601887 0.739432
vt 0.697990 0.746859
vt 0.690588 0.746803
vt 0.683143 0.746742
vt 0.675728 0.746723
vt 0.668403 0.746770
vt 0.661098 0.746828
vt 0.653726 0.746833
vt 0.646248 0.746768
vt 0.638713 0.746673
vt 0.631225 0.746618
vt 0.623850 0.746649
vt 0.616558 0.746738
vt 0.609247 0.746809
vt 0.601926 0.746832
vt 0.690548 0.754173
vt 0.683146 0.754124
vt 0.675710 0.754077
vt 0.668315 0.754076
vt 0.661003 0.754134
vt 0.653694 0.754187
vt 0.646302 0.754182
vt 0.638805 0.754109
vt 0.631270 0.754018
vt 0.623800 0.753980
vt 0.616447 0.754029
vt 0.609160 0.754123
vt 0.601876 0.754172
vt 0.683103 0.761492
vt 0.675703 0.761453
vt 0.668280 0.761420
vt 0.660905 0.761436
vt 0.653605 0.761501
vt 0.646287 0.761549
vt 0.638874 0.761532
vt 0.631361 0.761452
vt 0.623829 0.761369
vt 0.616381 0.761349
vt 0.609047 0.761414
vt 0.601759 0.761466
vt 0.675658 0.768818
vt 0.668262 0.768788
vt 0.660854 0.768770
vt 0.653500 0.768802
vt 0.646207 0.768872
vt 0.638877 0.768912
vt 0.631441 0.768883
vt 0.623914 0.768800
vt 0.616392 0.768726
vt 0.608966 0.768725
vt 0.601638 0.768754
vt 0.668265 0.776208
vt 0.660872 0.776155
vt 0.653433 0.776128
vt 0.646099 0.776174
vt 0.638808 0.776246
vt 0.631462 0.776276
vt 0.624003 0.776236
vt 0.616468 0.776151
vt 0.608959 0.776089
vt 0.601577 0.776081
vt 0.668302 0.783592
vt 0.660903 0.783528
vt 0.653415 0.783465
vt 0.646041 0.783487
vt 0.638717 0.783570
vt 0.631407 0.783621
vt 0.624042 0.783641
vt 0.616562 0.783591
vt 0.609023 0.783506
vt 0.601605 0.783472
vt 0.638638 0.790908
vt 0.631357 0.790947
vt 0.624038 0.791000
vt 0.616603 0.790978
vt 0.609066 0.790893
vt 0.601637 0.790846
vt 0.922724 0.806597
vt 0.922726 0.814255
vt 0.920249 0.814301
vt 0.920259 0.806648
vt 0.466350 0.882697
vt 0.470604 0.891945
vt 0.467699 0.893247
vt 0.463417 0.883925
vt 0.462957 0.873756
vt 0.459965 0.874779
vt 0.460515 0.865152
vt 0.457480 0.865922
vt 0.458817 0.856813
vt 0.455759 0.857365
vt 0.457477 0.848600
vt 0.454397 0.849036
vt 0.456204 0.840412
vt 0.453097 0.840813
vt 0.455014 0.832253
vt 0.451885 0.832610
vt 0.454184 0.824222
vt 0.451046 0.824441
vt 0.454005 0.816422
vt 0.450887 0.816404
vt 0.454522 0.808870
vt 0.451448 0.808599
vt 0.455481 0.801474
vt 0.452438 0.801039
vt 0.456531 0.794111
vt 0.453476 0.793628
vt 0.457501 0.786719
vt 0.454416 0.786240
vt 0.458537 0.779351
vt 0.455448 0.778818
vt 0.459976 0.772126
vt 0.456933 0.771420
vt 0.462057 0.765129
vt 0.459114 0.764179
vt 0.464728 0.758342
vt 0.461885 0.757184
vt 0.467679 0.751654
vt 0.464876 0.750393
vt 0.470604 0.744957
vt 0.467801 0.743673
vt 0.211894 0.414900
vt 0.209045 0.407689
vt 0.212025 0.406453
vt 0.214868 0.413660
vt 0.922600 0.821954
vt 0.920084 0.821977
vt 0.214877 0.422108
vt 0.217855 0.420886
vt 0.922333 0.829699
vt 0.919771 0.829686
vt 0.217847 0.429316
vt 0.220861 0.428170
vt 0.922049 0.837449
vt 0.919461 0.837428
vt 0.220600 0.436530
vt 0.223666 0.435502
vt 0.921939 0.845144
vt 0.919361 0.845166
vt 0.222995 0.443754
vt 0.226104 0.442847
vt 0.922155 0.852733
vt 0.919624 0.852844
vt 0.225028 0.450989
vt 0.228159 0.450156
vt 0.922726 0.860208
vt 0.920311 0.860441
vt 0.226836 0.458230
vt 0.229968 0.457406
vt 0.829495 0.857066
vt 0.829495 0.864526
vt 0.972410 0.217356
vt 0.972422 0.228114
vt 0.969201 0.228095
vt 0.969201 0.217191
vt 0.228621 0.465472
vt 0.231736 0.464610
vt 0.829362 0.872016
vt 0.230536 0.472710
vt 0.233631 0.471812
vt 0.829085 0.879536
vt 0.826669 0.879517
vt 0.232601 0.479944
vt 0.235693 0.479053
vt 0.828795 0.887060
vt 0.826354 0.887034
vt 0.234693 0.487176
vt 0.237809 0.486357
vt 0.828688 0.894543
vt 0.826332 0.894606
vt 0.236611 0.494414
vt 0.239766 0.493720
vt 0.481745 0.744047
vt 0.481742 0.751319
vt 0.479255 0.750987
vt 0.479274 0.743673
vt 0.891776 0.362905
vt 0.891789 0.374044
vt 0.888557 0.374068
vt 0.888557 0.362736
vt 0.238190 0.501662
vt 0.241379 0.501103
vt 0.481740 0.758596
vt 0.479234 0.758326
vt 0.239395 0.508920
vt 0.242601 0.508456
vt 0.481738 0.765872
vt 0.479240 0.765615
vt 0.240337 0.516186
vt 0.243545 0.515745
vt 0.481735 0.773146
vt 0.479268 0.772860
vt 0.241212 0.523454
vt 0.244411 0.522979
vt 0.481732 0.780418
vt 0.479301 0.780095
vt 0.242195 0.530719
vt 0.245377 0.530199
vt 0.481728 0.787689
vt 0.479317 0.787360
vt 0.979367 0.103559
vt 0.979375 0.111601
vt 0.976146 0.111672
vt 0.976146 0.103545
vt 0.979740 0.492464
vt 0.979720 0.500182
vt 0.976518 0.500385
vt 0.976518 0.492336
vt 0.987453 0.319818
vt 0.987454 0.327214
vt 0.984256 0.327244
vt 0.984256 0.319646
vt 0.020670 0.982432
vt 0.020687 0.989811
vt 0.017462 0.989810
vt 0.017462 0.982427
vt 0.243337 0.537979
vt 0.246511 0.537453
vt 0.481725 0.794964
vt 0.479305 0.794681
vt 0.046946 0.993732
vt 0.046946 0.986412
vt 0.049890 0.986412
vt 0.049939 0.993701
vt 0.979740 0.615433
vt 0.979747 0.623363
vt 0.976531 0.623368
vt 0.976531 0.615316
vt 0.993110 0.838473
vt 0.993133 0.845772
vt 0.990089 0.845738
vt 0.990089 0.838466
vt 0.303337 0.993066
vt 0.303325 0.985770
vt 0.306353 0.985667
vt 0.306353 0.993066
vt 0.979852 0.429251
vt 0.979852 0.437162
vt 0.976620 0.437214
vt 0.976626 0.429266
vt 0.077669 0.982574
vt 0.077636 0.989882
vt 0.074513 0.989904
vt 0.074513 0.982442
vt 0.058567 0.989818
vt 0.058555 0.982478
vt 0.061722 0.982440
vt 0.061722 0.989891
vt 0.980651 0.806181
vt 0.980640 0.813774
vt 0.977426 0.813917
vt 0.977426 0.806081
vt 0.988289 0.337727
vt 0.988282 0.345086
vt 0.985071 0.345183
vt 0.985071 0.337750
vt 0.987991 0.111672
vt 0.987995 0.104330
vt 0.991199 0.104362
vt 0.991212 0.111672
vt 0.988260 0.035759
vt 0.988258 0.043107
vt 0.985055 0.043133
vt 0.985055 0.035604
vt 0.991588 0.492336
vt 0.991588 0.499646
vt 0.988356 0.499628
vt 0.988369 0.492367
vt 0.244541 0.545237
vt 0.247727 0.544774
vt 0.481725 0.802244
vt 0.479270 0.802052
vt 0.539948 0.993634
vt 0.539936 0.986289
vt 0.542881 0.986295
vt 0.542881 0.993716
vt 0.993025 0.893759
vt 0.993025 0.901093
vt 0.989980 0.901152
vt 0.989990 0.893801
vt 0.979877 0.399379
vt 0.979877 0.407298
vt 0.976640 0.407298
vt 0.976638 0.399350
vt 0.355642 0.993147
vt 0.355656 0.985841
vt 0.358659 0.985841
vt 0.358677 0.993118
vt 0.980258 0.648466
vt 0.980264 0.656269
vt 0.977041 0.656265
vt 0.977041 0.648373
vt 0.324860 0.985692
vt 0.324888 0.992985
vt 0.321804 0.992949
vt 0.321804 0.985688
vt 0.979762 0.563108
vt 0.979766 0.570903
vt 0.976527 0.570970
vt 0.976527 0.562947
vt 0.988921 0.708407
vt 0.988894 0.701114
vt 0.991983 0.700995
vt 0.991983 0.708411
vt 0.980278 0.717027
vt 0.980278 0.724821
vt 0.977043 0.724886
vt 0.977047 0.717047
vt 0.116374 0.982526
vt 0.116355 0.989832
vt 0.113195 0.989872
vt 0.113195 0.982444
vt 0.985842 0.945983
vt 0.985842 0.953406
vt 0.982608 0.953555
vt 0.982608 0.945928
vt 0.029310 0.989764
vt 0.029303 0.982431
vt 0.032499 0.982427
vt 0.032499 0.989838
vt 0.604805 0.973920
vt 0.604793 0.981410
vt 0.601577 0.981551
vt 0.601577 0.973804
vt 0.988323 0.087276
vt 0.988318 0.094621
vt 0.985092 0.094712
vt 0.985092 0.087288
vt 0.104579 0.982444
vt 0.104573 0.989780
vt 0.101340 0.989793
vt 0.101340 0.982448
vt 0.988303 0.071343
vt 0.988307 0.078660
vt 0.985092 0.078652
vt 0.985092 0.071203
vt 0.245615 0.552499
vt 0.248826 0.552160
vt 0.481728 0.809530
vt 0.479236 0.809436
vt 0.979753 0.459636
vt 0.979753 0.467529
vt 0.976519 0.467699
vt 0.976515 0.459632
vt 0.374020 0.993063
vt 0.374020 0.985730
vt 0.377024 0.985770
vt 0.377042 0.993107
vt 0.136834 0.969347
vt 0.136827 0.977298
vt 0.133610 0.977400
vt 0.133610 0.969162
vt 0.992356 0.806081
vt 0.992356 0.813399
vt 0.989267 0.813443
vt 0.989282 0.806123
vt 0.980282 0.700601
vt 0.980282 0.708411
vt 0.977043 0.708404
vt 0.977043 0.700561
vt 0.905049 0.993135
vt 0.905075 0.985838
vt 0.908122 0.985830
vt 0.908122 0.993107
vt 0.670284 0.973551
vt 0.670291 0.981250
vt 0.667061 0.981241
vt 0.667061 0.973478
vt 0.807909 0.985046
vt 0.807931 0.992336
vt 0.804812 0.992296
vt 0.804812 0.985027
vt 0.438736 0.972098
vt 0.438738 0.979769
vt 0.435500 0.979850
vt 0.435500 0.971933
vt 0.988403 0.531095
vt 0.988376 0.523804
vt 0.991507 0.523686
vt 0.991507 0.531111
vt 0.643982 0.973470
vt 0.643982 0.981158
vt 0.640746 0.981238
vt 0.640748 0.973490
vt 0.988807 0.301958
vt 0.988791 0.309261
vt 0.985601 0.309315
vt 0.985601 0.301879
vt 0.987598 0.545950
vt 0.987597 0.553312
vt 0.984362 0.553456
vt 0.984362 0.545913
vt 0.272945 0.989736
vt 0.272942 0.982410
vt 0.276159 0.982422
vt 0.276159 0.989810
vt 0.984285 0.236862
vt 0.984275 0.244271
vt 0.981056 0.244408
vt 0.981056 0.236730
vt 0.988760 0.285858
vt 0.988760 0.293188
vt 0.985523 0.293263
vt 0.985524 0.285907
vt 0.246377 0.559770
vt 0.249608 0.559576
vt 0.481732 0.816819
vt 0.479220 0.816796
vt 0.528471 0.993707
vt 0.528416 0.986412
vt 0.531320 0.986312
vt 0.531320 0.993769
vt 0.992276 0.476322
vt 0.992241 0.483635
vt 0.989215 0.483720
vt 0.989215 0.476278
vt 0.980283 0.671192
vt 0.980280 0.678943
vt 0.977044 0.679038
vt 0.977044 0.671200
vt 0.004308 0.992547
vt 0.004308 0.985225
vt 0.007361 0.985272
vt 0.007383 0.992583
vt 0.979760 0.523851
vt 0.979754 0.531635
vt 0.976533 0.531724
vt 0.976533 0.523686
vt 0.784461 0.985027
vt 0.784461 0.992332
vt 0.781335 0.992362
vt 0.781354 0.985068
vt 0.980280 0.632043
vt 0.980281 0.639757
vt 0.977041 0.639747
vt 0.977041 0.631989
vt 0.089619 0.992712
vt 0.089638 0.985421
vt 0.092724 0.985397
vt 0.092724 0.992681
vt 0.984284 0.258574
vt 0.984290 0.266188
vt 0.981056 0.266175
vt 0.981056 0.258521
vt 0.992032 0.632467
vt 0.992048 0.639757
vt 0.988897 0.639716
vt 0.988897 0.632434
vt 0.980656 0.854179
vt 0.980657 0.861741
vt 0.977421 0.861836
vt 0.977421 0.854013
vt 0.824721 0.990142
vt 0.824696 0.982852
vt 0.827863 0.982738
vt 0.827863 0.990170
vt 0.984291 0.167679
vt 0.984291 0.175272
vt 0.981054 0.175367
vt 0.981054 0.167695
vt 0.988320 0.054012
vt 0.988307 0.061312
vt 0.985094 0.061379
vt 0.985094 0.053938
vt 0.469925 0.980176
vt 0.469923 0.987497
vt 0.466687 0.987634
vt 0.466687 0.980116
vt 0.153931 0.977914
vt 0.153918 0.985263
vt 0.150701 0.985434
vt 0.150701 0.977767
vt 0.246759 0.567052
vt 0.249998 0.566968
vt 0.481736 0.824110
vt 0.479229 0.824108
vt 0.976985 0.302006
vt 0.976979 0.310087
vt 0.973747 0.310271
vt 0.973747 0.301879
vt 0.990158 0.935884
vt 0.990120 0.928591
vt 0.993104 0.928514
vt 0.993104 0.935934
vt 0.007546 0.968259
vt 0.007543 0.976474
vt 0.004308 0.976609
vt 0.004308 0.968167
vt 0.991574 0.978938
vt 0.991544 0.986246
vt 0.988465 0.986337
vt 0.988465 0.978905
vt 0.689553 0.974237
vt 0.689551 0.981874
vt 0.686313 0.981956
vt 0.686313 0.974257
vt 0.793077 0.992338
vt 0.793077 0.985027
vt 0.796171 0.985077
vt 0.796196 0.992365
vt 0.980010 0.962565
vt 0.980006 0.970213
vt 0.976781 0.970289
vt 0.976781 0.962397
vt 0.760969 0.985027
vt 0.760969 0.992323
vt 0.757812 0.992337
vt 0.757833 0.985066
vt 0.424947 0.974880
vt 0.424949 0.982511
vt 0.421710 0.982501
vt 0.421710 0.974812
vt 0.769585 0.992357
vt 0.769598 0.985068
vt 0.772719 0.985027
vt 0.772719 0.992325
vt 0.935954 0.979466
vt 0.935960 0.987007
vt 0.932722 0.986995
vt 0.932722 0.979431
vt 0.991636 0.429298
vt 0.991646 0.436589
vt 0.988468 0.436550
vt 0.988468 0.429251
vt 0.981533 0.911946
vt 0.981531 0.919417
vt 0.978298 0.919525
vt 0.978298 0.911782
vt 0.258280 0.989805
vt 0.258259 0.982515
vt 0.261455 0.982410
vt 0.261455 0.989845
vt 0.920062 0.978315
vt 0.920061 0.985825
vt 0.916824 0.985934
vt 0.916824 0.978324
vt 0.984292 0.151680
vt 0.984285 0.158978
vt 0.981054 0.159063
vt 0.981054 0.151591
vt 0.246844 0.574342
vt 0.250083 0.574299
vt 0.481740 0.831398
vt 0.479259 0.831378
vt 0.992771 0.225049
vt 0.992777 0.217754
vt 0.995619 0.217673
vt 0.995619 0.225015
vt 0.136602 0.986091
vt 0.136589 0.993382
vt 0.133611 0.993382
vt 0.133610 0.986016
vt 0.543174 0.969640
vt 0.543170 0.977528
vt 0.539936 0.977673
vt 0.539936 0.969527
vt 0.989304 0.861778
vt 0.989273 0.854486
vt 0.992315 0.854425
vt 0.992315 0.861836
vt 0.377042 0.968956
vt 0.377039 0.976972
vt 0.373803 0.977114
vt 0.373803 0.968893
vt 0.991508 0.585567
vt 0.991485 0.592870
vt 0.988360 0.592965
vt 0.988360 0.585545
vt 0.889580 0.978868
vt 0.889579 0.986414
vt 0.886340 0.986481
vt 0.886340 0.978895
vt 0.988899 0.679021
vt 0.988899 0.671719
vt 0.992028 0.671770
vt 0.992053 0.679038
vt 0.624856 0.973654
vt 0.624855 0.981195
vt 0.621626 0.981256
vt 0.621626 0.973488
vt 0.992073 0.717027
vt 0.992076 0.724318
vt 0.988894 0.724318
vt 0.988912 0.717063
vt 0.845417 0.978288
vt 0.845420 0.985845
vt 0.842183 0.985837
vt 0.842183 0.978203
vt 0.988493 0.406699
vt 0.988500 0.399407
vt 0.991653 0.399350
vt 0.991653 0.406667
vt 0.481777 0.980132
vt 0.481780 0.987614
vt 0.478541 0.987604
vt 0.478541 0.980115
vt 0.991539 0.766621
vt 0.991544 0.773915
vt 0.988343 0.773880
vt 0.988343 0.766562
vt 0.397204 0.975071
vt 0.397202 0.982469
vt 0.393971 0.982590
vt 0.393971 0.974888
vt 0.858417 0.978212
vt 0.858411 0.985649
vt 0.855177 0.985838
vt 0.855177 0.978208
vt 0.246819 0.581636
vt 0.250054 0.581567
vt 0.481743 0.838684
vt 0.479297 0.838630
vt 0.976476 0.053066
vt 0.976478 0.061336
vt 0.973246 0.061380
vt 0.973246 0.052928
vt 0.698786 0.995080
vt 0.698786 0.987781
vt 0.701714 0.987681
vt 0.701692 0.995072
vt 0.306565 0.968793
vt 0.306564 0.977006
vt 0.303325 0.977051
vt 0.303325 0.968774
vt 0.993028 0.876326
vt 0.993011 0.883619
vt 0.989976 0.883628
vt 0.989976 0.876245
vt 0.561500 0.971841
vt 0.561495 0.979569
vt 0.558262 0.979718
vt 0.558262 0.971745
vt 0.989177 0.364555
vt 0.989153 0.357264
vt 0.992247 0.357221
vt 0.992247 0.364620
vt 0.979744 0.585621
vt 0.979741 0.593466
vt 0.976505 0.593612
vt 0.976505 0.585545
vt 0.169946 0.983353
vt 0.169929 0.990651
vt 0.166768 0.990748
vt 0.166768 0.983342
vt 0.184479 0.980098
vt 0.184479 0.987572
vt 0.181239 0.987624
vt 0.181240 0.980129
vt 0.988881 0.655668
vt 0.988881 0.648373
vt 0.992038 0.648422
vt 0.992062 0.655675
vt 0.578371 0.977726
vt 0.578372 0.985183
vt 0.575139 0.985230
vt 0.575139 0.977565
vt 0.991695 0.383444
vt 0.991695 0.390734
vt 0.988493 0.390719
vt 0.988512 0.383473
vt 0.877135 0.979407
vt 0.877139 0.986897
vt 0.873905 0.986896
vt 0.873905 0.979305
vt 0.988364 0.623368
vt 0.988366 0.616071
vt 0.991545 0.616000
vt 0.991545 0.623339
vt 0.988296 0.135536
vt 0.988298 0.142968
vt 0.985058 0.142963
vt 0.985058 0.135536
vt 0.716790 0.982444
vt 0.716790 0.989741
vt 0.713572 0.989738
vt 0.713568 0.982328
vt 0.246872 0.588927
vt 0.250096 0.588808
vt 0.481745 0.845970
vt 0.479317 0.845899
vt 0.184477 0.960554
vt 0.184477 0.971398
vt 0.181239 0.971482
vt 0.181239 0.960530
vt 0.992761 0.205260
vt 0.992764 0.197970
vt 0.995642 0.197970
vt 0.995692 0.205214
vt 0.561240 0.988334
vt 0.561260 0.995635
vt 0.558262 0.995614
vt 0.558284 0.988334
vt 0.324889 0.968923
vt 0.324887 0.977013
vt 0.321661 0.977072
vt 0.321661 0.968774
vt 0.990149 0.919526
vt 0.990149 0.912221
vt 0.993138 0.912116
vt 0.993111 0.919517
vt 0.494417 0.984644
vt 0.494401 0.991938
vt 0.491312 0.991977
vt 0.491312 0.984561
vt 0.980537 0.357299
vt 0.980532 0.364897
vt 0.977300 0.365048
vt 0.977300 0.357221
vt 0.988405 0.466955
vt 0.988369 0.459665
vt 0.991504 0.459632
vt 0.991504 0.467060
vt 0.294026 0.983323
vt 0.294022 0.990617
vt 0.290825 0.990707
vt 0.290825 0.983326
vt 0.988294 0.019533
vt 0.988294 0.026952
vt 0.985055 0.026988
vt 0.985058 0.019564
vt 0.988626 0.970286
vt 0.988626 0.962996
vt 0.991808 0.963041
vt 0.991826 0.970289
vt 0.991602 0.563677
vt 0.991602 0.570970
vt 0.988382 0.570952
vt 0.988400 0.563698
vt 0.744692 0.980006
vt 0.744697 0.987439
vt 0.741469 0.987446
vt 0.741469 0.979886
vt 0.247085 0.596214
vt 0.250300 0.596076
vt 0.963080 0.539717
vt 0.963030 0.547008
vt 0.960620 0.547042
vt 0.960740 0.539750
vt 0.701705 0.970975
vt 0.701714 0.979052
vt 0.698478 0.979065
vt 0.698478 0.970943
vt 0.531320 0.969695
vt 0.531320 0.977623
vt 0.528099 0.977696
vt 0.528098 0.969527
vt 0.244140 0.973258
vt 0.244128 0.980751
vt 0.240905 0.980966
vt 0.240905 0.973154
vt 0.592669 0.980941
vt 0.592669 0.988317
vt 0.589432 0.988356
vt 0.589438 0.980948
vt 0.247393 0.603498
vt 0.250609 0.603409
vt 0.963080 0.554297
vt 0.960659 0.554331
vt 0.972440 0.255940
vt 0.972440 0.266082
vt 0.969202 0.266188
vt 0.969201 0.255934
vt 0.247614 0.610784
vt 0.250841 0.610812
vt 0.007162 0.937589
vt 0.006872 0.944874
vt 0.004330 0.944820
vt 0.004670 0.937507
vt 0.247556 0.618079
vt 0.250787 0.618253
vt 0.006832 0.952171
vt 0.004308 0.952188
vt 0.247119 0.625384
vt 0.250345 0.625679
vt 0.007162 0.959488
vt 0.004655 0.959552
vt 0.972439 0.195776
vt 0.972434 0.205668
vt 0.969201 0.205854
vt 0.969201 0.195814
vt 0.246356 0.632698
vt 0.249577 0.633048
vt 0.716353 0.940604
vt 0.716172 0.947930
vt 0.713567 0.947879
vt 0.713760 0.940456
vt 0.245440 0.640017
vt 0.248659 0.640353
vt 0.716353 0.955303
vt 0.713769 0.955309
vt 0.716798 0.963925
vt 0.716793 0.973518
vt 0.713568 0.973712
vt 0.713568 0.963970
vt 0.244566 0.647335
vt 0.247782 0.647622
vt 0.091559 0.938982
vt 0.091424 0.946365
vt 0.088751 0.946315
vt 0.088892 0.938828
vt 0.243848 0.654648
vt 0.247057 0.654905
vt 0.091559 0.953796
vt 0.088903 0.953799
vt 0.975992 0.733785
vt 0.975989 0.743091
vt 0.972775 0.743267
vt 0.972775 0.733822
vt 0.243250 0.661958
vt 0.246455 0.662247
vt 0.385355 0.875730
vt 0.385292 0.883180
vt 0.382552 0.883147
vt 0.382626 0.875608
vt 0.242610 0.669269
vt 0.245811 0.669661
vt 0.385355 0.890657
vt 0.382617 0.890673
vt 0.241726 0.676587
vt 0.244917 0.677119
vt 0.385355 0.898120
vt 0.382612 0.898145
vt 0.976442 0.134019
vt 0.976436 0.142900
vt 0.973245 0.142968
vt 0.973245 0.133999
vt 0.240474 0.683916
vt 0.243645 0.684572
vt 0.875294 0.922040
vt 0.875497 0.929537
vt 0.872663 0.929617
vt 0.872504 0.922103
vt 0.238871 0.691254
vt 0.242029 0.691977
vt 0.875553 0.937003
vt 0.872680 0.937048
vt 0.237072 0.698599
vt 0.240229 0.699320
vt 0.875480 0.944442
vt 0.872571 0.944452
vt 0.235278 0.705943
vt 0.238438 0.706620
vt 0.875428 0.951885
vt 0.872504 0.951884
vt 0.358677 0.968911
vt 0.358669 0.977176
vt 0.355479 0.977225
vt 0.355479 0.968893
vt 0.233627 0.713282
vt 0.236785 0.713923
vt 0.933982 0.733915
vt 0.933600 0.741371
vt 0.930612 0.741260
vt 0.931031 0.733785
vt 0.232116 0.720618
vt 0.235266 0.721274
vt 0.933389 0.748875
vt 0.930404 0.748821
vt 0.230604 0.727954
vt 0.233742 0.728695
vt 0.933505 0.756469
vt 0.930548 0.756523
vt 0.228889 0.735296
vt 0.232004 0.736164
vt 0.933982 0.764163
vt 0.931042 0.764273
vt 0.092724 0.968214
vt 0.092720 0.976578
vt 0.089584 0.976781
vt 0.089584 0.968279
vt 0.226821 0.742648
vt 0.229905 0.743637
vt 0.987603 0.735542
vt 0.987617 0.743267
vt 0.984608 0.743201
vt 0.984608 0.735432
vt 0.049939 0.969458
vt 0.049935 0.977592
vt 0.046809 0.977795
vt 0.046809 0.969526
vt 0.224387 0.750010
vt 0.227447 0.751073
vt 0.979836 0.979011
vt 0.979849 0.986752
vt 0.976781 0.986687
vt 0.976781 0.978905
vt 0.979728 0.766562
vt 0.979723 0.774498
vt 0.976607 0.774697
vt 0.976607 0.766629
vt 0.221715 0.757379
vt 0.224770 0.758453
vt 0.984144 0.217292
vt 0.984155 0.225049
vt 0.981038 0.224987
vt 0.981038 0.217191
vt 0.981360 0.876245
vt 0.981356 0.884014
vt 0.978250 0.884205
vt 0.978250 0.876310
vt 0.219006 0.764749
vt 0.222069 0.765788
vt 0.509854 0.973620
vt 0.509864 0.981392
vt 0.506706 0.981336
vt 0.506706 0.973528
vt 0.968165 0.978867
vt 0.968160 0.986498
vt 0.965065 0.986676
vt 0.965065 0.978928
vt 0.216422 0.772116
vt 0.219489 0.773114
vt 0.494667 0.943198
vt 0.494492 0.950983
vt 0.491312 0.950926
vt 0.491489 0.943041
vt 0.213991 0.779478
vt 0.217052 0.780478
vt 0.494667 0.958910
vt 0.491497 0.958911
vt 0.933612 0.316316
vt 0.932784 0.323876
vt 0.929722 0.323739
vt 0.930570 0.316057
vt 0.932672 0.331307
vt 0.929593 0.331378
vt 0.933070 0.338644
vt 0.930006 0.338801
vt 0.933612 0.345955
vt 0.930583 0.346144
vt 0.211599 0.786839
vt 0.214642 0.787904
vt 0.979873 0.382841
vt 0.979873 0.390674
vt 0.976638 0.390734
vt 0.976642 0.382894
vt 0.715571 0.894780
vt 0.715316 0.902085
vt 0.712308 0.901908
vt 0.712544 0.894611
vt 0.714961 0.909395
vt 0.711977 0.909248
vt 0.714661 0.916702
vt 0.711667 0.916703
vt 0.714776 0.923993
vt 0.711759 0.924243
vt 0.209045 0.794205
vt 0.212075 0.795316
vt 0.715571 0.931257
vt 0.712548 0.931645
vt 0.303417 0.407029
vt 0.310704 0.407015
vt 0.310692 0.414262
vt 0.303407 0.414281
vt 0.317995 0.407011
vt 0.317981 0.414255
vt 0.325289 0.407012
vt 0.325275 0.414256
vt 0.332582 0.407012
vt 0.332570 0.414260
vt 0.339875 0.407011
vt 0.339865 0.414264
vt 0.347169 0.407013
vt 0.347160 0.414267
vt 0.354466 0.407023
vt 0.354456 0.414274
vt 0.361769 0.407045
vt 0.361757 0.414290
vt 0.369076 0.407075
vt 0.369062 0.414318
vt 0.376385 0.407108
vt 0.376372 0.414353
vt 0.383693 0.407141
vt 0.383682 0.414391
vt 0.391001 0.407175
vt 0.390992 0.414428
vt 0.398313 0.407214
vt 0.398303 0.414468
vt 0.405629 0.407266
vt 0.405618 0.414515
vt 0.412952 0.407330
vt 0.412938 0.414574
vt 0.420278 0.407404
vt 0.420264 0.414647
vt 0.427607 0.407482
vt 0.427595 0.414729
vt 0.434937 0.407563
vt 0.434927 0.414815
vt 0.442271 0.407652
vt 0.442262 0.414906
vt 0.310682 0.421515
vt 0.303399 0.421537
vt 0.317969 0.421502
vt 0.325262 0.421500
vt 0.332558 0.421506
vt 0.339855 0.421515
vt 0.347151 0.421522
vt 0.354448 0.421529
vt 0.361746 0.421542
vt 0.369050 0.421564
vt 0.376358 0.421598
vt 0.383670 0.421639
vt 0.390983 0.421681
vt 0.398295 0.421723
vt 0.405609 0.421769
vt 0.412927 0.421824
vt 0.420251 0.421892
vt 0.427582 0.421974
vt 0.434916 0.422064
vt 0.442253 0.422160
vt 0.310675 0.428773
vt 0.303391 0.428793
vt 0.317960 0.428756
vt 0.325250 0.428749
vt 0.332545 0.428753
vt 0.339843 0.428763
vt 0.347142 0.428776
vt 0.354440 0.428786
vt 0.361739 0.428798
vt 0.369040 0.428816
vt 0.376346 0.428845
vt 0.383658 0.428885
vt 0.390972 0.428931
vt 0.398287 0.428979
vt 0.405602 0.429026
vt 0.412919 0.429079
vt 0.420241 0.429142
vt 0.427569 0.429220
vt 0.434904 0.429312
vt 0.442243 0.429412
vt 0.310668 0.436031
vt 0.303382 0.436047
vt 0.317954 0.436015
vt 0.325242 0.436004
vt 0.332534 0.436002
vt 0.339832 0.436011
vt 0.347132 0.436027
vt 0.354432 0.436043
vt 0.361732 0.436057
vt 0.369033 0.436074
vt 0.376337 0.436098
vt 0.383646 0.436134
vt 0.390961 0.436180
vt 0.398277 0.436232
vt 0.405594 0.436284
vt 0.412912 0.436338
vt 0.420233 0.436398
vt 0.427559 0.436471
vt 0.434892 0.436560
vt 0.901049 0.357194
vt 0.907945 0.354760
vt 0.907945 0.362478
vt 0.900942 0.364949
vt 0.310660 0.443288
vt 0.303372 0.443300
vt 0.317948 0.443276
vt 0.325235 0.443264
vt 0.332526 0.443258
vt 0.339821 0.443262
vt 0.347121 0.443277
vt 0.354423 0.443296
vt 0.361725 0.443316
vt 0.369027 0.443335
vt 0.376330 0.443356
vt 0.383637 0.443387
vt 0.390950 0.443430
vt 0.398267 0.443482
vt 0.405586 0.443540
vt 0.412906 0.443598
vt 0.420227 0.443659
vt 0.427551 0.443728
vt 0.434882 0.443812
vt 0.907940 0.370197
vt 0.901063 0.372624
vt 0.310652 0.450543
vt 0.303362 0.450551
vt 0.317941 0.450535
vt 0.325230 0.450526
vt 0.332520 0.450518
vt 0.339813 0.450518
vt 0.347111 0.450529
vt 0.354413 0.450548
vt 0.361717 0.450572
vt 0.369021 0.450596
vt 0.376325 0.450619
vt 0.383631 0.450646
vt 0.390941 0.450684
vt 0.398257 0.450734
vt 0.405577 0.450793
vt 0.412899 0.450856
vt 0.420221 0.450921
vt 0.427546 0.450990
vt 0.434875 0.451069
vt 0.442221 0.443912
vt 0.442212 0.451165
vt 0.310642 0.457796
vt 0.303353 0.457805
vt 0.317934 0.457793
vt 0.325225 0.457788
vt 0.332516 0.457783
vt 0.339808 0.457780
vt 0.347103 0.457785
vt 0.354404 0.457802
vt 0.361708 0.457827
vt 0.369015 0.457855
vt 0.376320 0.457882
vt 0.383626 0.457910
vt 0.390935 0.457944
vt 0.398248 0.457989
vt 0.405567 0.458046
vt 0.412891 0.458112
vt 0.420216 0.458182
vt 0.427542 0.458254
vt 0.434870 0.458332
vt 0.442205 0.458423
vt 0.310634 0.465052
vt 0.303346 0.465064
vt 0.317925 0.465048
vt 0.325219 0.465048
vt 0.332512 0.465047
vt 0.339804 0.465046
vt 0.347098 0.465048
vt 0.354396 0.465059
vt 0.361700 0.465082
vt 0.369007 0.465112
vt 0.376315 0.465144
vt 0.383622 0.465176
vt 0.390931 0.465209
vt 0.398242 0.465250
vt 0.405559 0.465302
vt 0.412882 0.465367
vt 0.420209 0.465440
vt 0.427537 0.465518
vt 0.434867 0.465598
vt 0.442200 0.465687
vt 0.815088 0.232594
vt 0.822927 0.231863
vt 0.821631 0.239296
vt 0.814113 0.239998
vt 0.310628 0.472312
vt 0.303342 0.472329
vt 0.317918 0.472305
vt 0.325212 0.472306
vt 0.332507 0.472310
vt 0.339801 0.472313
vt 0.347095 0.472315
vt 0.354392 0.472322
vt 0.361693 0.472340
vt 0.368999 0.472368
vt 0.376308 0.472403
vt 0.383618 0.472440
vt 0.390928 0.472477
vt 0.398239 0.472516
vt 0.405554 0.472564
vt 0.412875 0.472624
vt 0.420201 0.472697
vt 0.427531 0.472779
vt 0.434863 0.472864
vt 0.442197 0.472954
vt 0.820710 0.246696
vt 0.813382 0.247382
vt 0.310624 0.479577
vt 0.303340 0.479598
vt 0.317912 0.479565
vt 0.325204 0.479564
vt 0.332500 0.479570
vt 0.339797 0.479578
vt 0.347093 0.479584
vt 0.354389 0.479591
vt 0.361688 0.479604
vt 0.368992 0.479628
vt 0.376301 0.479662
vt 0.383613 0.479702
vt 0.390925 0.479744
vt 0.398237 0.479785
vt 0.405551 0.479831
vt 0.412869 0.479886
vt 0.420194 0.479956
vt 0.427525 0.480038
vt 0.434859 0.480128
vt 0.442195 0.480222
vt 0.820073 0.254071
vt 0.812693 0.254761
vt 0.310622 0.486848
vt 0.303339 0.486869
vt 0.317908 0.486832
vt 0.325199 0.486826
vt 0.332494 0.486830
vt 0.339792 0.486841
vt 0.347090 0.486852
vt 0.354388 0.486862
vt 0.361686 0.486873
vt 0.368988 0.486892
vt 0.376295 0.486922
vt 0.383607 0.486963
vt 0.390921 0.487008
vt 0.398235 0.487055
vt 0.405549 0.487102
vt 0.412867 0.487154
vt 0.420189 0.487219
vt 0.427518 0.487298
vt 0.434853 0.487389
vt 0.442191 0.487489
vt 0.819527 0.261438
vt 0.811886 0.262151
vt 0.310622 0.494120
vt 0.303337 0.494138
vt 0.317908 0.494104
vt 0.325196 0.494093
vt 0.332489 0.494093
vt 0.339787 0.494103
vt 0.347087 0.494117
vt 0.354387 0.494132
vt 0.361686 0.494146
vt 0.368987 0.494162
vt 0.376291 0.494188
vt 0.383601 0.494225
vt 0.390916 0.494271
vt 0.398232 0.494322
vt 0.405549 0.494373
vt 0.412866 0.494427
vt 0.420187 0.494487
vt 0.427514 0.494561
vt 0.434847 0.494651
vt 0.804656 0.262828
vt 0.810923 0.269555
vt 0.803532 0.270246
vt 0.818890 0.268813
vt 0.310621 0.501392
vt 0.303333 0.501404
vt 0.317908 0.501378
vt 0.325195 0.501366
vt 0.332486 0.501361
vt 0.339782 0.501366
vt 0.347082 0.501381
vt 0.354384 0.501400
vt 0.361686 0.501419
vt 0.368987 0.501437
vt 0.376290 0.501459
vt 0.383598 0.501491
vt 0.390911 0.501534
vt 0.398228 0.501587
vt 0.405547 0.501643
vt 0.412866 0.501701
vt 0.420187 0.501761
vt 0.427512 0.501831
vt 0.434843 0.501915
vt 0.809916 0.276963
vt 0.802608 0.277646
vt 0.818093 0.276202
vt 0.827421 0.268021
vt 0.826952 0.275381
vt 0.310619 0.508661
vt 0.303329 0.508669
vt 0.317908 0.508652
vt 0.325197 0.508642
vt 0.332486 0.508634
vt 0.339780 0.508635
vt 0.347078 0.508646
vt 0.354381 0.508667
vt 0.361684 0.508690
vt 0.368988 0.508712
vt 0.376291 0.508735
vt 0.383597 0.508763
vt 0.390908 0.508801
vt 0.398224 0.508852
vt 0.405544 0.508911
vt 0.412866 0.508973
vt 0.420188 0.509037
vt 0.427512 0.509106
vt 0.434842 0.509185
vt 0.442182 0.502016
vt 0.442179 0.509282
vt 0.817215 0.283599
vt 0.809063 0.284357
vt 0.826326 0.282755
vt 0.310616 0.515928
vt 0.303326 0.515936
vt 0.317907 0.515924
vt 0.325198 0.515918
vt 0.332488 0.515912
vt 0.339780 0.515909
vt 0.347076 0.515916
vt 0.354377 0.515933
vt 0.361682 0.515958
vt 0.368988 0.515986
vt 0.376293 0.516012
vt 0.383598 0.516039
vt 0.390907 0.516074
vt 0.398221 0.516120
vt 0.405541 0.516178
vt 0.412864 0.516243
vt 0.420188 0.516312
vt 0.427514 0.516383
vt 0.434843 0.516461
vt 0.442177 0.516553
vt 0.816442 0.290986
vt 0.808533 0.291722
vt 0.825587 0.290139
vt 0.310613 0.523197
vt 0.303325 0.523208
vt 0.317905 0.523193
vt 0.325198 0.523193
vt 0.332490 0.523191
vt 0.339782 0.523188
vt 0.347077 0.523191
vt 0.354376 0.523203
vt 0.361679 0.523227
vt 0.368986 0.523257
vt 0.376294 0.523288
vt 0.383601 0.523319
vt 0.390909 0.523352
vt 0.398221 0.523393
vt 0.405539 0.523447
vt 0.412862 0.523512
vt 0.420188 0.523585
vt 0.427516 0.523661
vt 0.434845 0.523741
vt 0.442179 0.523829
vt 0.815960 0.298347
vt 0.808380 0.299054
vt 0.824905 0.297518
vt 0.310613 0.530469
vt 0.303327 0.530486
vt 0.317903 0.530463
vt 0.325197 0.530465
vt 0.332492 0.530468
vt 0.339786 0.530469
vt 0.347080 0.530471
vt 0.354377 0.530479
vt 0.361678 0.530498
vt 0.368985 0.530527
vt 0.376294 0.530562
vt 0.383603 0.530598
vt 0.390913 0.530633
vt 0.398224 0.530672
vt 0.405539 0.530721
vt 0.412860 0.530783
vt 0.420187 0.530856
vt 0.427517 0.530937
vt 0.434848 0.531021
vt 0.442182 0.531110
vt 0.815857 0.305674
vt 0.808506 0.306362
vt 0.824476 0.304875
vt 0.310615 0.537747
vt 0.303331 0.537768
vt 0.317903 0.537737
vt 0.325196 0.537736
vt 0.332492 0.537742
vt 0.339788 0.537749
vt 0.347084 0.537754
vt 0.354380 0.537760
vt 0.361680 0.537774
vt 0.368984 0.537799
vt 0.376299 0.537846
vt 0.383615 0.537896
vt 0.390919 0.537921
vt 0.398228 0.537955
vt 0.405542 0.538001
vt 0.412861 0.538057
vt 0.420186 0.538128
vt 0.427516 0.538210
vt 0.434850 0.538299
vt 0.442186 0.538393
vt 0.816067 0.312974
vt 0.808719 0.313661
vt 0.824418 0.312198
vt 0.310619 0.545031
vt 0.303336 0.545052
vt 0.317906 0.545016
vt 0.325197 0.545011
vt 0.332492 0.545016
vt 0.339790 0.545026
vt 0.347088 0.545036
vt 0.354385 0.545045
vt 0.361683 0.545057
vt 0.368998 0.545103
vt 0.376322 0.545170
vt 0.383638 0.545221
vt 0.390944 0.545250
vt 0.398239 0.545254
vt 0.405546 0.545285
vt 0.412864 0.545338
vt 0.420187 0.545403
vt 0.427516 0.545483
vt 0.434851 0.545575
vt 0.442189 0.545673
vt 0.816412 0.320262
vt 0.808839 0.320969
vt 0.824702 0.319491
vt 0.310625 0.552317
vt 0.303340 0.552335
vt 0.317911 0.552300
vt 0.325199 0.552291
vt 0.332493 0.552292
vt 0.339791 0.552302
vt 0.347091 0.552316
vt 0.354390 0.552330
vt 0.361689 0.552343
vt 0.369013 0.552411
vt 0.376335 0.552473
vt 0.383650 0.552521
vt 0.390957 0.552552
vt 0.398254 0.552560
vt 0.405552 0.552571
vt 0.412869 0.552623
vt 0.420190 0.552685
vt 0.427517 0.552760
vt 0.434852 0.552850
vt 0.442191 0.552952
vt 0.816700 0.327555
vt 0.808798 0.328291
vt 0.825169 0.326768
vt 0.310631 0.559603
vt 0.303343 0.559616
vt 0.317917 0.559588
vt 0.325205 0.559576
vt 0.332496 0.559572
vt 0.339792 0.559579
vt 0.347092 0.559594
vt 0.354394 0.559612
vt 0.361695 0.559630
vt 0.369019 0.559697
vt 0.376339 0.559755
vt 0.383651 0.559798
vt 0.390958 0.559827
vt 0.398256 0.559838
vt 0.405557 0.559855
vt 0.412875 0.559911
vt 0.420196 0.559971
vt 0.427521 0.560042
vt 0.434853 0.560128
vt 0.801422 0.328981
vt 0.808679 0.335620
vt 0.801333 0.336307
vt 0.816829 0.334862
vt 0.825618 0.334047
vt 0.310635 0.566886
vt 0.303346 0.566895
vt 0.317924 0.566876
vt 0.325212 0.566866
vt 0.332502 0.566858
vt 0.339796 0.566860
vt 0.347095 0.566872
vt 0.354397 0.566893
vt 0.361700 0.566915
vt 0.369013 0.566959
vt 0.376333 0.567017
vt 0.383644 0.567055
vt 0.390948 0.567079
vt 0.398245 0.567089
vt 0.405560 0.567137
vt 0.412881 0.567198
vt 0.420203 0.567261
vt 0.427528 0.567329
vt 0.434857 0.567410
vt 0.442193 0.560229
vt 0.442195 0.567508
vt 0.816849 0.342178
vt 0.808670 0.342939
vt 0.825921 0.341339
vt 0.310638 0.574168
vt 0.303349 0.574176
vt 0.317929 0.574163
vt 0.325219 0.574156
vt 0.332510 0.574149
vt 0.339802 0.574147
vt 0.347098 0.574154
vt 0.354400 0.574173
vt 0.361704 0.574198
vt 0.369010 0.574224
vt 0.376317 0.574255
vt 0.383627 0.574292
vt 0.390929 0.574312
vt 0.398244 0.574359
vt 0.405564 0.574417
vt 0.412886 0.574483
vt 0.420210 0.574551
vt 0.427536 0.574621
vt 0.434864 0.574699
vt 0.442199 0.574791
vt 0.816929 0.349490
vt 0.808955 0.350232
vt 0.826089 0.348642
vt 0.310642 0.581450
vt 0.303354 0.581460
vt 0.317934 0.581446
vt 0.325226 0.581445
vt 0.332518 0.581442
vt 0.339810 0.581439
vt 0.347105 0.581442
vt 0.354404 0.581456
vt 0.361708 0.581480
vt 0.369015 0.581510
vt 0.376322 0.581540
vt 0.383629 0.581570
vt 0.390937 0.581603
vt 0.398249 0.581645
vt 0.405567 0.581700
vt 0.412890 0.581765
vt 0.420217 0.581838
vt 0.427544 0.581913
vt 0.434873 0.581991
vt 0.442206 0.582081
vt 0.817267 0.356778
vt 0.809619 0.357492
vt 0.826270 0.355944
vt 0.310647 0.588735
vt 0.303361 0.588750
vt 0.317938 0.588730
vt 0.325232 0.588731
vt 0.332526 0.588733
vt 0.339820 0.588734
vt 0.347114 0.588735
vt 0.354411 0.588744
vt 0.361713 0.588764
vt 0.369020 0.588794
vt 0.376328 0.588828
vt 0.383637 0.588863
vt 0.390946 0.588897
vt 0.398257 0.588937
vt 0.405573 0.588986
vt 0.412895 0.589049
vt 0.420222 0.589123
vt 0.427551 0.589203
vt 0.434882 0.589286
vt 0.442216 0.589375
vt 0.817977 0.364034
vt 0.810594 0.364724
vt 0.826667 0.363228
vt 0.310655 0.596026
vt 0.303371 0.596046
vt 0.317944 0.596016
vt 0.325237 0.596017
vt 0.332533 0.596022
vt 0.339829 0.596028
vt 0.347124 0.596032
vt 0.354420 0.596038
vt 0.361720 0.596053
vt 0.369025 0.596079
vt 0.376334 0.596114
vt 0.383645 0.596153
vt 0.390956 0.596193
vt 0.398268 0.596233
vt 0.405582 0.596279
vt 0.412901 0.596337
vt 0.420227 0.596408
vt 0.427557 0.596490
vt 0.434891 0.596578
vt 0.442226 0.596671
vt 0.819026 0.371259
vt 0.811699 0.371944
vt 0.827421 0.370479
vt 0.310665 0.603322
vt 0.303382 0.603344
vt 0.317952 0.603308
vt 0.325244 0.603304
vt 0.332539 0.603310
vt 0.339837 0.603319
vt 0.347134 0.603328
vt 0.354431 0.603336
vt 0.361730 0.603348
vt 0.369032 0.603369
vt 0.376340 0.603401
vt 0.383652 0.603442
vt 0.390965 0.603486
vt 0.398278 0.603530
vt 0.405592 0.603576
vt 0.412910 0.603630
vt 0.420234 0.603696
vt 0.427563 0.603777
vt 0.434898 0.603868
vt 0.442236 0.603966
vt 0.820254 0.378468
vt 0.812743 0.379170
vt 0.310677 0.610622
vt 0.303393 0.610641
vt 0.317963 0.610605
vt 0.325252 0.610596
vt 0.332546 0.610598
vt 0.339844 0.610609
vt 0.347144 0.610623
vt 0.354442 0.610635
vt 0.361741 0.610648
vt 0.369042 0.610665
vt 0.376348 0.610692
vt 0.383659 0.610731
vt 0.390973 0.610777
vt 0.398289 0.610826
vt 0.405604 0.610876
vt 0.412921 0.610928
vt 0.420243 0.610990
vt 0.427571 0.611067
vt 0.434905 0.611157
vt 0.442244 0.611259
vt 0.821460 0.385680
vt 0.813628 0.386410
vt 0.310689 0.617922
vt 0.303403 0.617936
vt 0.317975 0.617907
vt 0.325263 0.617895
vt 0.332555 0.617892
vt 0.339852 0.617899
vt 0.347152 0.617915
vt 0.354453 0.617932
vt 0.361754 0.617948
vt 0.369055 0.617965
vt 0.376358 0.617988
vt 0.383667 0.618022
vt 0.390981 0.618068
vt 0.398298 0.618120
vt 0.405616 0.618174
vt 0.412934 0.618230
vt 0.420254 0.618290
vt 0.427580 0.618361
vt 0.434913 0.618448
vt 0.960620 0.570428
vt 0.960620 0.563047
vt 0.967911 0.562947
vt 0.967911 0.570352
vt 0.310700 0.625220
vt 0.303411 0.625230
vt 0.317988 0.625209
vt 0.325276 0.625197
vt 0.332566 0.625190
vt 0.339861 0.625193
vt 0.347160 0.625207
vt 0.354462 0.625227
vt 0.361765 0.625248
vt 0.369068 0.625268
vt 0.376371 0.625290
vt 0.383677 0.625319
vt 0.390989 0.625360
vt 0.398306 0.625412
vt 0.405626 0.625471
vt 0.412946 0.625531
vt 0.420268 0.625593
vt 0.427592 0.625661
vt 0.434922 0.625743
vt 0.442252 0.618550
vt 0.442260 0.625842
vt 0.310710 0.632515
vt 0.303420 0.632523
vt 0.318000 0.632509
vt 0.325290 0.632502
vt 0.332580 0.632495
vt 0.339873 0.632493
vt 0.347170 0.632502
vt 0.354472 0.632520
vt 0.361776 0.632545
vt 0.369081 0.632571
vt 0.376385 0.632595
vt 0.383691 0.632622
vt 0.391000 0.632658
vt 0.398315 0.632706
vt 0.405635 0.632765
vt 0.412958 0.632830
vt 0.420281 0.632897
vt 0.427606 0.632966
vt 0.434935 0.633044
vt 0.442271 0.633138
vt 0.310720 0.639811
vt 0.303431 0.639821
vt 0.318012 0.639807
vt 0.325304 0.639805
vt 0.332595 0.639801
vt 0.339887 0.639798
vt 0.347182 0.639802
vt 0.354482 0.639817
vt 0.361786 0.639841
vt 0.369093 0.639870
vt 0.376399 0.639900
vt 0.383705 0.639929
vt 0.391014 0.639962
vt 0.398327 0.640005
vt 0.405645 0.640061
vt 0.412968 0.640127
vt 0.420294 0.640198
vt 0.427621 0.640272
vt 0.434950 0.640350
vt 0.310731 0.647109
vt 0.303444 0.647123
vt 0.318022 0.647105
vt 0.325316 0.647106
vt 0.332610 0.647107
vt 0.339903 0.647106
vt 0.347197 0.647108
vt 0.354494 0.647118
vt 0.361797 0.647138
vt 0.369104 0.647168
vt 0.376412 0.647202
vt 0.383721 0.647236
vt 0.391029 0.647270
vt 0.398340 0.647309
vt 0.405657 0.647360
vt 0.412979 0.647424
vt 0.420306 0.647497
vt 0.427635 0.647576
vt 0.434965 0.647658
vt 0.310745 0.654413
vt 0.303460 0.654432
vt 0.318034 0.654404
vt 0.325327 0.654405
vt 0.332623 0.654410
vt 0.339918 0.654414
vt 0.347213 0.654418
vt 0.354509 0.654425
vt 0.361810 0.654440
vt 0.369115 0.654467
vt 0.376424 0.654503
vt 0.383735 0.654541
vt 0.391045 0.654579
vt 0.398357 0.654619
vt 0.405671 0.654665
vt 0.412991 0.654724
vt 0.420317 0.654796
vt 0.427647 0.654878
vt 0.310761 0.661722
vt 0.303477 0.661743
vt 0.318048 0.661708
vt 0.325340 0.661706
vt 0.332636 0.661711
vt 0.339933 0.661720
vt 0.347230 0.661728
vt 0.354526 0.661736
vt 0.361825 0.661748
vt 0.369128 0.661770
vt 0.376436 0.661803
vt 0.383748 0.661844
vt 0.391061 0.661887
vt 0.398374 0.661930
vt 0.405688 0.661976
vt 0.413006 0.662030
vt 0.420330 0.662098
vt 0.427660 0.662179
vt 0.310779 0.669035
vt 0.303494 0.669055
vt 0.318064 0.669018
vt 0.325354 0.669011
vt 0.332648 0.669014
vt 0.339947 0.669024
vt 0.347246 0.669037
vt 0.354544 0.669049
vt 0.361843 0.669060
vt 0.369144 0.669078
vt 0.376450 0.669106
vt 0.383761 0.669146
vt 0.391075 0.669192
vt 0.398390 0.669240
vt 0.405706 0.669289
vt 0.413023 0.669341
vt 0.420344 0.669404
vt 0.310797 0.676349
vt 0.303511 0.676365
vt 0.318083 0.676333
vt 0.325371 0.676322
vt 0.332663 0.676319
vt 0.339960 0.676328
vt 0.347260 0.676343
vt 0.354561 0.676360
vt 0.361861 0.676375
vt 0.369162 0.676392
vt 0.376466 0.676416
vt 0.383775 0.676451
vt 0.391089 0.676496
vt 0.398406 0.676548
vt 0.405723 0.676602
vt 0.413041 0.676656
vt 0.420362 0.676716
vt 0.310814 0.683661
vt 0.303526 0.683672
vt 0.318102 0.683649
vt 0.325390 0.683637
vt 0.332680 0.683631
vt 0.339975 0.683635
vt 0.347275 0.683649
vt 0.354577 0.683669
vt 0.361879 0.683689
vt 0.369181 0.683708
vt 0.376485 0.683730
vt 0.383791 0.683760
vt 0.391104 0.683802
vt 0.398421 0.683855
vt 0.405740 0.683912
vt 0.413060 0.683972
vt 0.420381 0.684033
vt 0.310831 0.690971
vt 0.303541 0.690979
vt 0.318121 0.690964
vt 0.325410 0.690956
vt 0.332700 0.690948
vt 0.339993 0.690947
vt 0.347290 0.690957
vt 0.354592 0.690976
vt 0.361897 0.691001
vt 0.369201 0.691025
vt 0.376505 0.691049
vt 0.383810 0.691076
vt 0.391120 0.691113
vt 0.398436 0.691162
vt 0.405756 0.691221
vt 0.413078 0.691285
vt 0.310847 0.698280
vt 0.303558 0.698289
vt 0.318138 0.698277
vt 0.325430 0.698273
vt 0.332721 0.698268
vt 0.340013 0.698265
vt 0.347308 0.698270
vt 0.354609 0.698286
vt 0.361913 0.698310
vt 0.369219 0.698339
vt 0.376525 0.698367
vt 0.383831 0.698396
vt 0.391140 0.698429
vt 0.398453 0.698473
vt 0.405772 0.698530
vt 0.413095 0.698596
vt 0.310864 0.705591
vt 0.303577 0.705605
vt 0.318155 0.705588
vt 0.325449 0.705588
vt 0.332742 0.705588
vt 0.340035 0.705587
vt 0.347329 0.705589
vt 0.354627 0.705599
vt 0.361930 0.705621
vt 0.369237 0.705651
vt 0.376545 0.705684
vt 0.383853 0.705717
vt 0.391161 0.705750
vt 0.398473 0.705790
vt 0.405789 0.705842
vt 0.413112 0.705907
vt 0.310883 0.712908
vt 0.303598 0.712926
vt 0.318173 0.712900
vt 0.325467 0.712901
vt 0.332762 0.712906
vt 0.340057 0.712909
vt 0.347351 0.712912
vt 0.354648 0.712919
vt 0.361948 0.712936
vt 0.369254 0.712963
vt 0.376563 0.712999
vt 0.383874 0.713036
vt 0.391184 0.713073
vt 0.398495 0.713113
vt 0.405809 0.713160
vt 0.413130 0.713220
vt 0.310905 0.720230
vt 0.303622 0.720251
vt 0.318193 0.720217
vt 0.325485 0.720215
vt 0.332781 0.720221
vt 0.340078 0.720230
vt 0.347374 0.720236
vt 0.354671 0.720243
vt 0.361969 0.720256
vt 0.369273 0.720279
vt 0.376582 0.720313
vt 0.383893 0.720353
vt 0.391206 0.720396
vt 0.398518 0.720438
vt 0.405832 0.720483
vt 0.310929 0.727556
vt 0.303645 0.727577
vt 0.318215 0.727540
vt 0.325505 0.727533
vt 0.332800 0.727537
vt 0.340098 0.727548
vt 0.347397 0.727559
vt 0.354695 0.727570
vt 0.361993 0.727582
vt 0.369295 0.727600
vt 0.376601 0.727629
vt 0.383913 0.727669
vt 0.391227 0.727715
vt 0.398541 0.727762
vt 0.405856 0.727810
vt 0.310954 0.734884
vt 0.303668 0.734901
vt 0.318239 0.734868
vt 0.325528 0.734857
vt 0.332820 0.734856
vt 0.340118 0.734865
vt 0.347418 0.734880
vt 0.354718 0.734896
vt 0.362018 0.734910
vt 0.369319 0.734926
vt 0.376623 0.734951
vt 0.383933 0.734987
vt 0.391247 0.735033
vt 0.398563 0.735085
vt 0.405880 0.735137
vt 0.310978 0.742211
vt 0.303690 0.742222
vt 0.318265 0.742198
vt 0.325553 0.742185
vt 0.332843 0.742180
vt 0.340139 0.742185
vt 0.347439 0.742199
vt 0.354741 0.742219
vt 0.362043 0.742238
vt 0.369344 0.742257
vt 0.376647 0.742278
vt 0.383955 0.742310
vt 0.391267 0.742352
vt 0.398585 0.742405
vt 0.405904 0.742462
vt 0.311001 0.749535
vt 0.303711 0.749543
vt 0.318290 0.749527
vt 0.325579 0.749517
vt 0.332869 0.749510
vt 0.340162 0.749510
vt 0.347460 0.749520
vt 0.354762 0.749540
vt 0.362066 0.749564
vt 0.369370 0.749587
vt 0.376674 0.749610
vt 0.383979 0.749638
vt 0.391290 0.749676
vt 0.398606 0.749726
vt 0.311023 0.756858
vt 0.303734 0.756866
vt 0.318314 0.756854
vt 0.325605 0.756849
vt 0.332896 0.756843
vt 0.340188 0.756840
vt 0.347484 0.756846
vt 0.354785 0.756863
vt 0.362089 0.756888
vt 0.369395 0.756916
vt 0.376701 0.756943
vt 0.384006 0.756971
vt 0.391315 0.757005
vt 0.311046 0.764182
vt 0.303758 0.764194
vt 0.318338 0.764179
vt 0.325631 0.764178
vt 0.332923 0.764177
vt 0.340216 0.764175
vt 0.347510 0.764178
vt 0.354808 0.764189
vt 0.362112 0.764212
vt 0.369419 0.764242
vt 0.376727 0.764274
vt 0.384034 0.764306
vt 0.311071 0.771511
vt 0.303786 0.771528
vt 0.318361 0.771504
vt 0.325655 0.771506
vt 0.332950 0.771509
vt 0.340244 0.771512
vt 0.347538 0.771514
vt 0.354835 0.771521
vt 0.362136 0.771539
vt 0.369443 0.771568
vt 0.376752 0.771603
vt 0.311099 0.778846
vt 0.303815 0.778867
vt 0.318387 0.778834
vt 0.325679 0.778833
vt 0.332975 0.778839
vt 0.340272 0.778847
vt 0.347568 0.778852
vt 0.354864 0.778859
vt 0.362163 0.778872
vt 0.369467 0.778896
vt 0.311129 0.786185
vt 0.303845 0.786206
vt 0.318415 0.786169
vt 0.325705 0.786164
vt 0.333001 0.786168
vt 0.340299 0.786179
vt 0.347597 0.786190
vt 0.354894 0.786199
vt 0.362193 0.786211
vt 0.369495 0.786230
vt 0.311160 0.793527
vt 0.303874 0.793545
vt 0.318445 0.793510
vt 0.325734 0.793500
vt 0.333027 0.793500
vt 0.340325 0.793510
vt 0.750099 0.004438
vt 0.750159 0.011752
vt 0.742738 0.011689
vt 0.742673 0.004377
vt 0.735201 0.011602
vt 0.735152 0.004308
vt 0.727748 0.011586
vt 0.727750 0.004326
vt 0.720408 0.011651
vt 0.720451 0.004414
vt 0.713115 0.011751
vt 0.713158 0.004508
vt 0.705766 0.011813
vt 0.705765 0.004539
vt 0.698304 0.011802
vt 0.698254 0.004498
vt 0.690772 0.011754
vt 0.690709 0.004449
vt 0.683264 0.011737
vt 0.683235 0.004459
vt 0.675846 0.011792
vt 0.675861 0.004544
vt 0.668503 0.011909
vt 0.668540 0.004671
vt 0.661164 0.012035
vt 0.661184 0.004780
vt 0.653755 0.012114
vt 0.653734 0.004829
vt 0.646267 0.012140
vt 0.646217 0.004837
vt 0.638757 0.012159
vt 0.638715 0.004869
vt 0.631288 0.012227
vt 0.631274 0.004965
vt 0.623873 0.012362
vt 0.623881 0.005121
vt 0.616480 0.012539
vt 0.616492 0.005297
vt 0.609131 0.012678
vt 0.609143 0.005425
vt 0.750233 0.019102
vt 0.742837 0.019053
vt 0.735305 0.018962
vt 0.727777 0.018889
vt 0.720345 0.018894
vt 0.713019 0.018976
vt 0.705721 0.019078
vt 0.698349 0.019132
vt 0.690867 0.019114
vt 0.683332 0.019072
vt 0.675840 0.019072
vt 0.668437 0.019147
vt 0.661096 0.019275
vt 0.653742 0.019401
vt 0.646313 0.019475
vt 0.638817 0.019501
vt 0.631315 0.019534
vt 0.623856 0.019623
vt 0.616443 0.019778
vt 0.609093 0.019919
vt 0.750218 0.026388
vt 0.742874 0.026378
vt 0.735412 0.026332
vt 0.727870 0.026243
vt 0.720355 0.026187
vt 0.712945 0.026213
vt 0.705629 0.026308
vt 0.698319 0.026411
vt 0.690924 0.026455
vt 0.683425 0.026433
vt 0.675893 0.026399
vt 0.668418 0.026418
vt 0.661027 0.026511
vt 0.653684 0.026650
vt 0.646313 0.026774
vt 0.638866 0.026843
vt 0.631366 0.026873
vt 0.623873 0.026923
vt 0.616423 0.027034
vt 0.609058 0.027160
vt 0.750126 0.033615
vt 0.742830 0.033646
vt 0.735466 0.033672
vt 0.727981 0.033617
vt 0.720434 0.033532
vt 0.712935 0.033495
vt 0.705545 0.033542
vt 0.698235 0.033649
vt 0.690911 0.033749
vt 0.683492 0.033783
vt 0.675980 0.033759
vt 0.668456 0.033736
vt 0.660996 0.033774
vt 0.653616 0.033886
vt 0.646266 0.034032
vt 0.638877 0.034153
vt 0.631416 0.034219
vt 0.623915 0.034257
vt 0.616431 0.034325
vt 0.609045 0.034425
vt 0.750013 0.040825
vt 0.742734 0.040873
vt 0.735439 0.040955
vt 0.728050 0.040970
vt 0.720544 0.040908
vt 0.712999 0.040832
vt 0.705518 0.040814
vt 0.698146 0.040880
vt 0.690838 0.040996
vt 0.683496 0.041091
vt 0.676054 0.041117
vt 0.668534 0.041092
vt 0.661020 0.041083
vt 0.653576 0.041142
vt 0.646201 0.041270
vt 0.638842 0.041421
vt 0.631435 0.041539
vt 0.623962 0.041604
vt 0.616464 0.041652
vt 0.609060 0.041729
vt 0.749945 0.048069
vt 0.742642 0.048103
vt 0.735349 0.048191
vt 0.728041 0.048269
vt 0.720626 0.048272
vt 0.713104 0.048206
vt 0.705564 0.048140
vt 0.698103 0.048143
vt 0.690746 0.048228
vt 0.683435 0.048350
vt 0.676074 0.048439
vt 0.668611 0.048456
vt 0.661087 0.048434
vt 0.653585 0.048441
vt 0.646155 0.048521
vt 0.638783 0.048663
vt 0.631411 0.048819
vt 0.623987 0.048933
vt 0.616506 0.048999
vt 0.609098 0.049068
vt 0.749965 0.055378
vt 0.742610 0.055374
vt 0.735250 0.055419
vt 0.727961 0.055516
vt 0.720636 0.055588
vt 0.713196 0.055579
vt 0.705662 0.055511
vt 0.698131 0.055459
vt 0.690690 0.055483
vt 0.683345 0.055585
vt 0.676027 0.055710
vt 0.668644 0.055790
vt 0.661164 0.055801
vt 0.653641 0.055786
vt 0.646153 0.055811
vt 0.638734 0.055910
vt 0.631360 0.056066
vt 0.623974 0.056223
vt 0.616534 0.056335
vt 0.609081 0.056424
vt 0.750064 0.062751
vt 0.742659 0.062707
vt 0.735199 0.062680
vt 0.727858 0.062744
vt 0.720569 0.062848
vt 0.713223 0.062910
vt 0.705759 0.062891
vt 0.698218 0.062824
vt 0.690700 0.062788
vt 0.683279 0.062833
vt 0.675942 0.062949
vt 0.668612 0.063075
vt 0.661208 0.063147
vt 0.653714 0.063153
vt 0.646196 0.063146
vt 0.638721 0.063191
vt 0.631311 0.063311
vt 0.623932 0.063478
vt 0.616531 0.063636
vt 0.609078 0.063747
vt 0.250760 0.887823
vt 0.250877 0.895348
vt 0.243645 0.893886
vt 0.243191 0.886310
vt 0.750191 0.070155
vt 0.742765 0.070088
vt 0.735229 0.070001
vt 0.727791 0.069997
vt 0.720466 0.070079
vt 0.713172 0.070185
vt 0.705804 0.070237
vt 0.698318 0.070208
vt 0.690774 0.070145
vt 0.683272 0.070127
vt 0.675869 0.070193
vt 0.668535 0.070321
vt 0.661191 0.070445
vt 0.653765 0.070508
vt 0.646263 0.070513
vt 0.638752 0.070518
vt 0.631290 0.070583
vt 0.623885 0.070723
vt 0.616498 0.070899
vt 0.609081 0.071058
vt 0.601703 0.071175
vt 0.601679 0.063839
vt 0.750279 0.077537
vt 0.742872 0.077480
vt 0.735325 0.077376
vt 0.727801 0.077306
vt 0.720386 0.077324
vt 0.713073 0.077421
vt 0.705769 0.077526
vt 0.698376 0.077567
vt 0.690872 0.077530
vt 0.683330 0.077475
vt 0.675847 0.077476
vt 0.668458 0.077562
vt 0.661124 0.077700
vt 0.653763 0.077820
vt 0.646318 0.077875
vt 0.638811 0.077880
vt 0.631309 0.077900
vt 0.623859 0.077988
vt 0.616455 0.078145
vt 0.609058 0.078330
vt 0.601699 0.078473
vt 0.750280 0.084853
vt 0.742923 0.084835
vt 0.735436 0.084772
vt 0.727883 0.084673
vt 0.720376 0.084621
vt 0.712983 0.084661
vt 0.705678 0.084770
vt 0.698360 0.084872
vt 0.690942 0.084900
vt 0.683424 0.084859
vt 0.675889 0.084814
vt 0.668424 0.084836
vt 0.661047 0.084940
vt 0.653708 0.085085
vt 0.646328 0.085199
vt 0.638867 0.085247
vt 0.631359 0.085257
vt 0.623868 0.085295
vt 0.616427 0.085405
vt 0.609021 0.085580
vt 0.601668 0.085732
vt 0.750196 0.092102
vt 0.742891 0.092128
vt 0.735504 0.092142
vt 0.727996 0.092070
vt 0.720442 0.091978
vt 0.712954 0.091946
vt 0.705581 0.092008
vt 0.698279 0.092126
vt 0.690944 0.092221
vt 0.683502 0.092238
vt 0.675974 0.092194
vt 0.668450 0.092163
vt 0.661002 0.092206
vt 0.653634 0.092327
vt 0.646286 0.092475
vt 0.638888 0.092583
vt 0.631414 0.092626
vt 0.623908 0.092644
vt 0.616428 0.092702
vt 0.608993 0.092835
vt 0.589397 0.781433
vt 0.590327 0.788823
vt 0.582524 0.788232
vt 0.581971 0.780860
vt 0.750075 0.099320
vt 0.742797 0.099373
vt 0.735491 0.099452
vt 0.728077 0.099452
vt 0.720551 0.099374
vt 0.713003 0.099292
vt 0.705535 0.099282
vt 0.698180 0.099363
vt 0.690876 0.099487
vt 0.683521 0.099574
vt 0.676057 0.099579
vt 0.668524 0.099537
vt 0.661013 0.099521
vt 0.653582 0.099586
vt 0.646218 0.099722
vt 0.638859 0.099872
vt 0.631441 0.099972
vt 0.623958 0.100013
vt 0.616458 0.100042
vt 0.608988 0.100123
vt 0.591328 0.796252
vt 0.583280 0.795620
vt 0.574618 0.794927
vt 0.574167 0.787580
vt 0.749988 0.106564
vt 0.742693 0.106608
vt 0.735406 0.106708
vt 0.728084 0.106780
vt 0.720644 0.106766
vt 0.713105 0.106684
vt 0.705565 0.106615
vt 0.698120 0.106628
vt 0.690778 0.106727
vt 0.683468 0.106853
vt 0.676090 0.106929
vt 0.668608 0.106926
vt 0.661075 0.106887
vt 0.653579 0.106890
vt 0.646161 0.106975
vt 0.638798 0.107124
vt 0.631425 0.107273
vt 0.623991 0.107367
vt 0.616502 0.107409
vt 0.609009 0.107454
vt 0.592206 0.803712
vt 0.584146 0.803027
vt 0.575214 0.802286
vt 0.749985 0.113874
vt 0.742641 0.113881
vt 0.735298 0.113943
vt 0.728012 0.114048
vt 0.720669 0.114111
vt 0.713205 0.114084
vt 0.705657 0.114002
vt 0.698131 0.113948
vt 0.690706 0.113983
vt 0.683374 0.114097
vt 0.676054 0.114223
vt 0.668654 0.114288
vt 0.661156 0.114277
vt 0.653627 0.114246
vt 0.646147 0.114269
vt 0.638740 0.114375
vt 0.631373 0.114534
vt 0.623985 0.114680
vt 0.616536 0.114769
vt 0.609045 0.114815
vt 0.592775 0.811171
vt 0.584935 0.810468
vt 0.575948 0.809692
vt 0.750069 0.121257
vt 0.742670 0.121218
vt 0.735228 0.121206
vt 0.727903 0.121286
vt 0.720613 0.121394
vt 0.713248 0.121444
vt 0.705760 0.121406
vt 0.698209 0.121327
vt 0.690699 0.121291
vt 0.683294 0.121348
vt 0.675968 0.121474
vt 0.668633 0.121597
vt 0.661211 0.121651
vt 0.653703 0.121635
vt 0.646182 0.121615
vt 0.638716 0.121658
vt 0.631317 0.121783
vt 0.623944 0.121950
vt 0.616539 0.122093
vt 0.609079 0.122178
vt 0.592961 0.818592
vt 0.585451 0.817914
vt 0.576653 0.817138
vt 0.750195 0.128680
vt 0.742767 0.128612
vt 0.735238 0.128530
vt 0.727819 0.128541
vt 0.720508 0.128637
vt 0.713209 0.128743
vt 0.705819 0.128781
vt 0.698312 0.128732
vt 0.690762 0.128659
vt 0.683232 0.128687
vt 0.675814 0.128879
vt 0.668570 0.129068
vt 0.661270 0.129092
vt 0.653782 0.129037
vt 0.646249 0.128999
vt 0.638738 0.128992
vt 0.631287 0.129058
vt 0.623892 0.129201
vt 0.616509 0.129373
vt 0.609088 0.129512
vt 0.601619 0.129597
vt 0.601589 0.122234
vt 0.585588 0.825331
vt 0.577120 0.824589
vt 0.750294 0.136089
vt 0.742878 0.136025
vt 0.735322 0.135915
vt 0.727808 0.135851
vt 0.720413 0.135886
vt 0.713111 0.135994
vt 0.705799 0.136096
vt 0.698384 0.136119
vt 0.690774 0.136156
vt 0.683067 0.136375
vt 0.675593 0.136734
vt 0.668524 0.136991
vt 0.661448 0.136929
vt 0.653977 0.136651
vt 0.646352 0.136435
vt 0.638796 0.136371
vt 0.631297 0.136381
vt 0.623857 0.136468
vt 0.616462 0.136627
vt 0.609067 0.136803
vt 0.601632 0.136939
vt 0.585390 0.832691
vt 0.577208 0.832000
vt 0.750312 0.143436
vt 0.742942 0.143408
vt 0.735434 0.143330
vt 0.727876 0.143226
vt 0.720383 0.143183
vt 0.713009 0.143240
vt 0.705711 0.143357
vt 0.698382 0.143452
vt 0.690626 0.143633
vt 0.682779 0.144003
vt 0.675451 0.144293
vt 0.668503 0.144418
vt 0.661650 0.144421
vt 0.654330 0.144172
vt 0.646530 0.143868
vt 0.638859 0.143761
vt 0.631344 0.143751
vt 0.623858 0.143780
vt 0.616426 0.143890
vt 0.609028 0.144063
vt 0.601620 0.144240
vt 0.585031 0.839993
vt 0.576930 0.839339
vt 0.750239 0.150710
vt 0.742925 0.150729
vt 0.735514 0.150726
vt 0.727987 0.150641
vt 0.720433 0.150546
vt 0.712961 0.150525
vt 0.705606 0.150602
vt 0.698308 0.150725
vt 0.690440 0.150887
vt 0.682597 0.151084
vt 0.675440 0.151125
vt 0.668484 0.151097
vt 0.661679 0.151129
vt 0.654541 0.151142
vt 0.646680 0.151103
vt 0.638890 0.151123
vt 0.631403 0.151141
vt 0.623893 0.151140
vt 0.616419 0.151191
vt 0.608993 0.151322
vt 0.592454 0.840541
vt 0.592459 0.847840
vt 0.584711 0.847266
vt 0.576441 0.846612
vt 0.750117 0.157942
vt 0.742836 0.157994
vt 0.735516 0.158065
vt 0.728079 0.158047
vt 0.720537 0.157957
vt 0.712992 0.157874
vt 0.705542 0.157876
vt 0.698203 0.157971
vt 0.690401 0.158009
vt 0.682641 0.157954
vt 0.675529 0.157877
vt 0.668569 0.157802
vt 0.661685 0.157743
vt 0.654442 0.157867
vt 0.646582 0.158182
vt 0.638869 0.158433
vt 0.631440 0.158512
vt 0.623946 0.158527
vt 0.616444 0.158540
vt 0.608981 0.158613
vt 0.592564 0.855180
vt 0.584547 0.854547
vt 0.575953 0.853857
vt 0.750013 0.165188
vt 0.742725 0.165238
vt 0.735440 0.165343
vt 0.728101 0.165404
vt 0.720638 0.165372
vt 0.713086 0.165279
vt 0.705554 0.165212
vt 0.698127 0.165236
vt 0.690523 0.165189
vt 0.682904 0.164928
vt 0.675686 0.164671
vt 0.668707 0.164548
vt 0.661640 0.164594
vt 0.654104 0.164928
vt 0.646320 0.165414
vt 0.638809 0.165699
vt 0.631432 0.165836
vt 0.623987 0.165906
vt 0.616489 0.165922
vt 0.608996 0.165951
vt 0.592587 0.862559
vt 0.584508 0.861865
vt 0.575617 0.861124
vt 0.749986 0.172496
vt 0.742653 0.172512
vt 0.735327 0.172589
vt 0.728040 0.172696
vt 0.720678 0.172744
vt 0.713192 0.172699
vt 0.705635 0.172607
vt 0.698120 0.172558
vt 0.690647 0.172533
vt 0.683199 0.172405
vt 0.675860 0.172205
vt 0.668719 0.172109
vt 0.661414 0.172253
vt 0.653757 0.172563
vt 0.646163 0.172806
vt 0.638743 0.172954
vt 0.631383 0.173112
vt 0.623990 0.173242
vt 0.616530 0.173304
vt 0.609033 0.173326
vt 0.592333 0.869947
vt 0.584435 0.869222
vt 0.575438 0.868441
vt 0.750052 0.179880
vt 0.742662 0.179850
vt 0.735241 0.179855
vt 0.727930 0.179947
vt 0.720635 0.180052
vt 0.713249 0.180086
vt 0.705742 0.180030
vt 0.698186 0.179943
vt 0.690689 0.179914
vt 0.683288 0.179966
vt 0.675940 0.180030
vt 0.668659 0.180107
vt 0.661249 0.180207
vt 0.653682 0.180223
vt 0.646162 0.180193
vt 0.638708 0.180238
vt 0.631321 0.180368
vt 0.623952 0.180529
vt 0.616541 0.180652
vt 0.609071 0.180710
vt 0.591699 0.877303
vt 0.584123 0.876595
vt 0.575270 0.875805
vt 0.750172 0.187315
vt 0.742745 0.187250
vt 0.735229 0.187178
vt 0.727832 0.187206
vt 0.720532 0.187312
vt 0.713225 0.187411
vt 0.705814 0.187430
vt 0.698289 0.187365
vt 0.690738 0.187287
vt 0.683263 0.187279
vt 0.675893 0.187368
vt 0.668574 0.187506
vt 0.661213 0.187609
vt 0.653752 0.187628
vt 0.646228 0.187591
vt 0.638720 0.187576
vt 0.631280 0.187644
vt 0.623895 0.187789
vt 0.616515 0.187951
vt 0.609088 0.188066
vt 0.601611 0.188123
vt 0.601577 0.180742
vt 0.583442 0.883945
vt 0.574904 0.883185
vt 0.750279 0.194745
vt 0.742855 0.194678
vt 0.735298 0.194567
vt 0.727801 0.194516
vt 0.720426 0.194566
vt 0.713132 0.194681
vt 0.705809 0.194772
vt 0.698372 0.194776
vt 0.690835 0.194705
vt 0.683294 0.194638
vt 0.675839 0.194652
vt 0.668482 0.194760
vt 0.661158 0.194900
vt 0.653775 0.194991
vt 0.646298 0.194999
vt 0.638774 0.194965
vt 0.631280 0.194969
vt 0.623851 0.195059
vt 0.616466 0.195217
vt 0.609071 0.195377
vt 0.601650 0.195478
vt 0.582427 0.891234
vt 0.574167 0.890489
vt 0.750312 0.202119
vt 0.742931 0.202083
vt 0.735407 0.201995
vt 0.727852 0.201892
vt 0.720376 0.201863
vt 0.713022 0.201934
vt 0.705729 0.202054
vt 0.698387 0.202134
vt 0.690926 0.202123
vt 0.683381 0.202050
vt 0.675853 0.201998
vt 0.668419 0.202035
vt 0.661071 0.202157
vt 0.653736 0.202296
vt 0.646332 0.202375
vt 0.638842 0.202374
vt 0.631323 0.202348
vt 0.623843 0.202372
vt 0.616422 0.202483
vt 0.609031 0.202650
vt 0.601680 0.202792
vt 0.750253 0.209421
vt 0.742929 0.209431
vt 0.735495 0.209411
vt 0.727956 0.209317
vt 0.720408 0.209226
vt 0.712956 0.209219
vt 0.705619 0.209308
vt 0.698323 0.209430
vt 0.690958 0.209498
vt 0.683475 0.209473
vt 0.675927 0.209401
vt 0.668416 0.209366
vt 0.661000 0.209425
vt 0.653656 0.209560
vt 0.646308 0.209694
vt 0.638884 0.209761
vt 0.631385 0.209754
vt 0.623873 0.209739
vt 0.616406 0.209785
vt 0.609011 0.209912
vt 0.601577 0.957201
vt 0.608832 0.957536
vt 0.608846 0.965188
vt 0.601577 0.964527
vt 0.750134 0.216671
vt 0.742849 0.216718
vt 0.735513 0.216776
vt 0.728054 0.216742
vt 0.720503 0.216644
vt 0.712968 0.216567
vt 0.705539 0.216583
vt 0.698216 0.216688
vt 0.690911 0.216809
vt 0.683523 0.216862
vt 0.676021 0.216826
vt 0.668476 0.216758
vt 0.660983 0.216742
vt 0.653582 0.216823
vt 0.646239 0.216967
vt 0.638874 0.217095
vt 0.631432 0.217149
vt 0.623927 0.217141
vt 0.616425 0.217139
vt 0.609027 0.217203
vt 0.750018 0.223923
vt 0.742735 0.223976
vt 0.735448 0.224078
vt 0.728091 0.224123
vt 0.720608 0.224075
vt 0.713051 0.223977
vt 0.705532 0.223917
vt 0.698126 0.223956
vt 0.690812 0.224074
vt 0.683495 0.224189
vt 0.676082 0.224227
vt 0.668566 0.224182
vt 0.661027 0.224122
vt 0.653552 0.224128
vt 0.646164 0.224228
vt 0.638816 0.224377
vt 0.631434 0.224496
vt 0.623976 0.224540
vt 0.616470 0.224534
vt 0.609058 0.224578
vt 0.749969 0.231227
vt 0.742648 0.231254
vt 0.735336 0.231340
vt 0.728044 0.231440
vt 0.720662 0.231471
vt 0.713158 0.231411
vt 0.705600 0.231316
vt 0.698100 0.231276
vt 0.690715 0.231337
vt 0.683406 0.231463
vt 0.676072 0.231570
vt 0.668635 0.231593
vt 0.661110 0.231543
vt 0.653581 0.231494
vt 0.646124 0.231522
vt 0.638744 0.231639
vt 0.631389 0.231791
vt 0.623988 0.231900
vt 0.616537 0.231930
vt 0.609081 0.231926
vt 0.750013 0.238609
vt 0.742635 0.238589
vt 0.735237 0.238611
vt 0.727937 0.238710
vt 0.720634 0.238804
vt 0.713228 0.238820
vt 0.705705 0.238750
vt 0.698151 0.238662
vt 0.690673 0.238643
vt 0.683306 0.238724
vt 0.675996 0.238856
vt 0.668643 0.238952
vt 0.661185 0.238961
vt 0.653654 0.238908
vt 0.646138 0.238874
vt 0.638697 0.238924
vt 0.631322 0.239056
vt 0.623956 0.239207
vt 0.616612 0.239318
vt 0.750123 0.246048
vt 0.742702 0.245988
vt 0.735205 0.245932
vt 0.727830 0.245975
vt 0.720538 0.246084
vt 0.713219 0.246170
vt 0.705787 0.246170
vt 0.698251 0.246093
vt 0.690706 0.246016
vt 0.683249 0.246019
vt 0.675897 0.246117
vt 0.668582 0.246251
vt 0.661208 0.246335
vt 0.653731 0.246331
vt 0.646200 0.246279
vt 0.638698 0.246262
vt 0.631271 0.246334
vt 0.623914 0.246471
vt 0.616594 0.246625
vt 0.750233 0.253491
vt 0.742807 0.253423
vt 0.735254 0.253319
vt 0.727779 0.253284
vt 0.720425 0.253348
vt 0.713136 0.253461
vt 0.705799 0.253536
vt 0.698342 0.253521
vt 0.690796 0.253440
vt 0.683264 0.253376
vt 0.675829 0.253402
vt 0.668487 0.253516
vt 0.661163 0.253648
vt 0.653767 0.253718
vt 0.646275 0.253703
vt 0.638747 0.253657
vt 0.631261 0.253659
vt 0.623881 0.253723
vt 0.750280 0.260888
vt 0.742890 0.260845
vt 0.735356 0.260751
vt 0.727810 0.260658
vt 0.720357 0.260644
vt 0.713022 0.260726
vt 0.705730 0.260841
vt 0.698372 0.260903
vt 0.690892 0.260874
vt 0.683342 0.260792
vt 0.675827 0.260745
vt 0.668411 0.260793
vt 0.661076 0.260919
vt 0.653739 0.261046
vt 0.646321 0.261102
vt 0.638818 0.261079
vt 0.631322 0.261044
vt 0.623869 0.261030
vt 0.750238 0.268216
vt 0.742902 0.268217
vt 0.735450 0.268182
vt 0.727904 0.268084
vt 0.720369 0.268004
vt 0.712940 0.268012
vt 0.705620 0.268109
vt 0.698321 0.268223
vt 0.690939 0.268270
vt 0.683439 0.268228
vt 0.675890 0.268150
vt 0.668393 0.268121
vt 0.660995 0.268190
vt 0.653661 0.268325
vt 0.646308 0.268445
vt 0.638870 0.268486
vt 0.631476 0.268522
vt 0.750126 0.275489
vt 0.742835 0.275528
vt 0.735481 0.275569
vt 0.728005 0.275521
vt 0.720451 0.275422
vt 0.712932 0.275357
vt 0.705527 0.275388
vt 0.698217 0.275497
vt 0.690907 0.275606
vt 0.683500 0.275638
vt 0.675984 0.275586
vt 0.668441 0.275514
vt 0.660962 0.275506
vt 0.653579 0.275594
vt 0.646243 0.275734
vt 0.638871 0.275844
vt 0.631516 0.275916
vt 0.750002 0.282751
vt 0.742722 0.282804
vt 0.735431 0.282895
vt 0.728055 0.282922
vt 0.720556 0.282862
vt 0.713001 0.282766
vt 0.705500 0.282719
vt 0.698116 0.282771
vt 0.690813 0.282889
vt 0.683487 0.282989
vt 0.676056 0.283006
vt 0.668529 0.282947
vt 0.660994 0.282885
vt 0.653535 0.282898
vt 0.646162 0.283004
vt 0.638833 0.283136
vt 0.631519 0.283256
vt 0.749933 0.290054
vt 0.742623 0.290087
vt 0.735323 0.290177
vt 0.728022 0.290264
vt 0.720622 0.290276
vt 0.713104 0.290206
vt 0.705552 0.290115
vt 0.698073 0.290088
vt 0.690708 0.290160
vt 0.683405 0.290284
vt 0.676061 0.290373
vt 0.668607 0.290374
vt 0.661073 0.290311
vt 0.653551 0.290262
vt 0.646109 0.290298
vt 0.638757 0.290372
vt 0.749955 0.297429
vt 0.742590 0.297419
vt 0.735215 0.297456
vt 0.727924 0.297555
vt 0.720609 0.297633
vt 0.713184 0.297630
vt 0.705651 0.297553
vt 0.698107 0.297471
vt 0.690649 0.297465
vt 0.683301 0.297555
vt 0.675995 0.297680
vt 0.668629 0.297756
vt 0.661155 0.297744
vt 0.653618 0.297681
vt 0.646111 0.297648
vt 0.638722 0.297684
vt 0.750050 0.304864
vt 0.742637 0.304814
vt 0.735164 0.304775
vt 0.727810 0.304831
vt 0.720523 0.304935
vt 0.713191 0.305003
vt 0.705740 0.304986
vt 0.698198 0.304903
vt 0.690665 0.304834
vt 0.683230 0.304850
vt 0.675894 0.304954
vt 0.668579 0.305077
vt 0.661191 0.305140
vt 0.653700 0.305116
vt 0.646165 0.305055
vt 0.638748 0.305063
vt 0.750160 0.312314
vt 0.742734 0.312249
vt 0.735193 0.312158
vt 0.727742 0.312139
vt 0.720407 0.312212
vt 0.713119 0.312318
vt 0.705767 0.312374
vt 0.698293 0.312342
vt 0.690745 0.312258
vt 0.683227 0.312203
vt 0.675813 0.312241
vt 0.668485 0.312357
vt 0.661158 0.312476
vt 0.653747 0.312523
vt 0.646263 0.312488
vt 0.638771 0.312421
vt 0.750218 0.319728
vt 0.742820 0.319681
vt 0.735283 0.319588
vt 0.727753 0.319508
vt 0.720325 0.319511
vt 0.713006 0.319598
vt 0.705712 0.319702
vt 0.698337 0.319744
vt 0.690842 0.319700
vt 0.683293 0.319618
vt 0.675794 0.319580
vt 0.668399 0.319639
vt 0.661074 0.319764
vt 0.653732 0.319874
vt 0.646395 0.319943
vt 0.750191 0.327081
vt 0.742846 0.327072
vt 0.735378 0.327026
vt 0.727832 0.326932
vt 0.720316 0.326866
vt 0.712912 0.326889
vt 0.705605 0.326988
vt 0.698301 0.327087
vt 0.690901 0.327115
vt 0.683389 0.327060
vt 0.675844 0.326983
vt 0.668364 0.326965
vt 0.660985 0.327042
vt 0.653659 0.327172
vt 0.646347 0.327265
vt 0.750090 0.334378
vt 0.742793 0.334407
vt 0.735422 0.334430
vt 0.727932 0.334373
vt 0.720383 0.334280
vt 0.712885 0.334230
vt 0.705503 0.334274
vt 0.698203 0.334382
vt 0.690884 0.334473
vt 0.683460 0.334485
vt 0.675935 0.334423
vt 0.668398 0.334354
vt 0.660938 0.334356
vt 0.653571 0.334451
vt 0.646252 0.334542
vt 0.749965 0.341655
vt 0.742685 0.341703
vt 0.735386 0.341779
vt 0.727992 0.341789
vt 0.720483 0.341722
vt 0.712936 0.341633
vt 0.705458 0.341602
vt 0.698096 0.341665
vt 0.690799 0.341777
vt 0.683462 0.341858
vt 0.676014 0.341856
vt 0.668481 0.341789
vt 0.660955 0.341731
vt 0.653537 0.341757
vt 0.646199 0.341836
vt 0.749879 0.348959
vt 0.742578 0.348996
vt 0.735286 0.349083
vt 0.727975 0.349153
vt 0.720557 0.349148
vt 0.713032 0.349074
vt 0.705491 0.348993
vt 0.698036 0.348981
vt 0.690691 0.349060
vt 0.683391 0.349175
vt 0.676034 0.349244
vt 0.668564 0.349228
vt 0.661050 0.349160
vt 0.653557 0.349087
vt 0.749877 0.356327
vt 0.742527 0.356327
vt 0.735174 0.356374
vt 0.727887 0.356466
vt 0.720559 0.356526
vt 0.713117 0.356508
vt 0.705581 0.356428
vt 0.698051 0.356358
vt 0.690617 0.356367
vt 0.683286 0.356460
vt 0.675980 0.356573
vt 0.668610 0.356619
vt 0.661201 0.356612
vt 0.749955 0.363755
vt 0.742554 0.363715
vt 0.735106 0.363694
vt 0.727772 0.363757
vt 0.720485 0.363851
vt 0.713139 0.363900
vt 0.705673 0.363869
vt 0.698130 0.363787
vt 0.690615 0.363730
vt 0.683202 0.363759
vt 0.675895 0.363857
vt 0.668639 0.363972
vt 0.750060 0.371205
vt 0.742638 0.371146
vt 0.735115 0.371071
vt 0.727689 0.371069
vt 0.720372 0.371145
vt 0.713081 0.371237
vt 0.705712 0.371274
vt 0.698225 0.371231
vt 0.690680 0.371150
vt 0.683210 0.371112
vt 0.675819 0.371119
vt 0.750127 0.378631
vt 0.742725 0.378583
vt 0.735190 0.378496
vt 0.727680 0.378432
vt 0.720277 0.378449
vt 0.712972 0.378537
vt 0.705673 0.378625
vt 0.698280 0.378648
vt 0.690775 0.378595
vt 0.683355 0.378572
vt 0.750115 0.386004
vt 0.742761 0.385988
vt 0.735282 0.385936
vt 0.727743 0.385849
vt 0.720250 0.385800
vt 0.712892 0.385833
vt 0.705628 0.385954
vt 0.698284 0.386014
vt 0.690813 0.385985
vt 0.683405 0.385964
vt 0.750083 0.393343
vt 0.742755 0.393347
vt 0.735320 0.393323
vt 0.727784 0.393236
vt 0.720248 0.393155
vt 0.712854 0.393137
vt 0.200429 0.407619
vt 0.197806 0.414825
vt 0.194765 0.413717
vt 0.197408 0.406453
vt 0.530987 0.788855
vt 0.528163 0.782123
vt 0.531005 0.780860
vt 0.533866 0.787724
vt 0.533222 0.795797
vt 0.536155 0.794892
vt 0.535177 0.802841
vt 0.538145 0.802041
vt 0.537158 0.809876
vt 0.540153 0.809074
vt 0.539215 0.816883
vt 0.542235 0.816074
vt 0.541099 0.823952
vt 0.544150 0.823239
vt 0.542466 0.831207
vt 0.545543 0.830716
vt 0.543155 0.838706
vt 0.546239 0.838476
vt 0.543319 0.846393
vt 0.546402 0.846351
vt 0.543287 0.854151
vt 0.546385 0.854184
vt 0.543284 0.861898
vt 0.546410 0.861946
vt 0.543234 0.869662
vt 0.546377 0.869765
vt 0.542805 0.877563
vt 0.545939 0.877829
vt 0.541670 0.885717
vt 0.544760 0.886226
vt 0.539754 0.894152
vt 0.542785 0.894891
vt 0.537270 0.902791
vt 0.540265 0.903686
vt 0.534510 0.911529
vt 0.537496 0.912518
vt 0.531557 0.920336
vt 0.534535 0.921415
vt 0.528163 0.929302
vt 0.531134 0.930424
vt 0.004413 0.882748
vt 0.004516 0.875117
vt 0.006997 0.875132
vt 0.006879 0.882752
vt 0.195419 0.422039
vt 0.192351 0.421022
vt 0.004308 0.890377
vt 0.006736 0.890351
vt 0.193067 0.429254
vt 0.189989 0.428263
vt 0.004337 0.898050
vt 0.006728 0.897996
vt 0.190590 0.436465
vt 0.187517 0.435443
vt 0.004502 0.905767
vt 0.006874 0.905720
vt 0.187960 0.443671
vt 0.184901 0.442603
vt 0.004673 0.913486
vt 0.007053 0.913495
vt 0.185293 0.450876
vt 0.182240 0.449797
vt 0.004657 0.921144
vt 0.007063 0.921249
vt 0.182788 0.458086
vt 0.179717 0.457058
vt 0.004308 0.928695
vt 0.006689 0.928891
vt 0.180615 0.465307
vt 0.177507 0.464390
vt 0.589459 0.972325
vt 0.589465 0.961828
vt 0.592669 0.961632
vt 0.592669 0.972276
vt 0.241344 0.893922
vt 0.240905 0.886388
vt 0.178817 0.472541
vt 0.175675 0.471761
vt 0.241413 0.901379
vt 0.243734 0.901418
vt 0.177293 0.479784
vt 0.174130 0.479114
vt 0.241204 0.908779
vt 0.243516 0.908843
vt 0.175846 0.487029
vt 0.172674 0.486403
vt 0.240905 0.916161
vt 0.243185 0.916205
vt 0.174300 0.494271
vt 0.171128 0.493623
vt 0.424454 0.937973
vt 0.424535 0.930704
vt 0.426806 0.930262
vt 0.426806 0.937536
vt 0.172594 0.501508
vt 0.169430 0.500809
vt 0.652906 0.968290
vt 0.652912 0.957282
vt 0.656135 0.957204
vt 0.656135 0.968312
vt 0.344105 0.809837
vt 0.344110 0.802565
vt 0.346529 0.802161
vt 0.346539 0.809420
vt 0.170817 0.508743
vt 0.167659 0.508020
vt 0.344098 0.817106
vt 0.346558 0.816677
vt 0.169157 0.515981
vt 0.165991 0.515299
vt 0.344091 0.824374
vt 0.346557 0.823967
vt 0.167801 0.523229
vt 0.164612 0.522656
vt 0.344084 0.831642
vt 0.346535 0.831300
vt 0.166824 0.530491
vt 0.163614 0.530062
vt 0.344079 0.838915
vt 0.346501 0.838662
vt 0.166152 0.537762
vt 0.162933 0.537459
vt 0.344076 0.846193
vt 0.346471 0.846023
vt 0.165603 0.545037
vt 0.162380 0.544797
vt 0.344076 0.853476
vt 0.346465 0.853352
vt 0.164986 0.552311
vt 0.161759 0.552060
vt 0.344077 0.860762
vt 0.346486 0.860636
vt 0.164208 0.559578
vt 0.160982 0.559278
vt 0.344078 0.868048
vt 0.346521 0.867893
vt 0.163328 0.566843
vt 0.160107 0.566507
vt 0.344078 0.875332
vt 0.346550 0.875155
vt 0.162523 0.574110
vt 0.159300 0.573801
vt 0.344077 0.882613
vt 0.346559 0.882451
vt 0.161987 0.581386
vt 0.158754 0.581177
vt 0.344076 0.889895
vt 0.346543 0.889793
vt 0.161827 0.588674
vt 0.158589 0.588610
vt 0.344076 0.897180
vt 0.346511 0.897171
vt 0.162001 0.595974
vt 0.158767 0.596045
vt 0.344079 0.904471
vt 0.346494 0.904513
vt 0.741472 0.971138
vt 0.741469 0.960227
vt 0.744708 0.960197
vt 0.744708 0.971270
vt 0.162340 0.603279
vt 0.159111 0.603428
vt 0.424461 0.914259
vt 0.424454 0.906961
vt 0.426757 0.907048
vt 0.426731 0.914363
vt 0.162646 0.610583
vt 0.159414 0.610736
vt 0.424468 0.921557
vt 0.426757 0.921646
vt 0.969201 0.247227
vt 0.969201 0.236730
vt 0.972440 0.236766
vt 0.972440 0.247318
vt 0.162799 0.617882
vt 0.159561 0.617990
vt 0.047527 0.946119
vt 0.047396 0.938829
vt 0.049694 0.938825
vt 0.049842 0.946115
vt 0.162826 0.625177
vt 0.159587 0.625243
vt 0.047593 0.953411
vt 0.049939 0.953489
vt 0.162884 0.632473
vt 0.159647 0.632550
vt 0.047396 0.960713
vt 0.049763 0.960842
vt 0.969209 0.175218
vt 0.969201 0.165416
vt 0.972438 0.165376
vt 0.972438 0.175367
vt 0.163174 0.639777
vt 0.159939 0.639939
vt 0.905646 0.952815
vt 0.905584 0.945443
vt 0.908081 0.945361
vt 0.908208 0.952807
vt 0.163829 0.647092
vt 0.160604 0.647392
vt 0.905584 0.960207
vt 0.908135 0.960201
vt 0.973244 0.080523
vt 0.973244 0.071203
vt 0.976470 0.071241
vt 0.976475 0.080580
vt 0.164839 0.654420
vt 0.161633 0.654857
vt 0.960585 0.790650
vt 0.960605 0.783314
vt 0.963166 0.783354
vt 0.963121 0.790644
vt 0.166057 0.661755
vt 0.162867 0.662280
vt 0.960635 0.797979
vt 0.963166 0.797981
vt 0.972416 0.328942
vt 0.972405 0.319652
vt 0.975639 0.319646
vt 0.975639 0.329110
vt 0.167281 0.669089
vt 0.164092 0.669633
vt 0.524633 0.645381
vt 0.524299 0.638011
vt 0.526934 0.637861
vt 0.527378 0.645385
vt 0.168367 0.676420
vt 0.165168 0.676927
vt 0.524598 0.652825
vt 0.527371 0.652909
vt 0.169308 0.683745
vt 0.166102 0.684208
vt 0.524299 0.660323
vt 0.527076 0.660432
vt 0.973246 0.026950
vt 0.973246 0.018401
vt 0.976437 0.018421
vt 0.976446 0.026988
vt 0.170239 0.691070
vt 0.167034 0.691530
vt 0.289976 0.935272
vt 0.290071 0.927814
vt 0.292855 0.927859
vt 0.292718 0.935249
vt 0.171362 0.698401
vt 0.168166 0.698929
vt 0.290030 0.942700
vt 0.292753 0.942684
vt 0.172831 0.705745
vt 0.169657 0.706395
vt 0.290112 0.950122
vt 0.292855 0.950173
vt 0.174670 0.713100
vt 0.171529 0.713883
vt 0.290026 0.957578
vt 0.292787 0.957673
vt 0.973273 0.044158
vt 0.973246 0.035652
vt 0.976439 0.035604
vt 0.976439 0.044312
vt 0.176757 0.720464
vt 0.173645 0.721339
vt 0.872615 0.890385
vt 0.872466 0.882765
vt 0.875332 0.882640
vt 0.875553 0.890378
vt 0.178893 0.727829
vt 0.175787 0.728735
vt 0.872551 0.898073
vt 0.875471 0.898071
vt 0.180911 0.735190
vt 0.177794 0.736072
vt 0.872466 0.905769
vt 0.875342 0.905731
vt 0.182772 0.742547
vt 0.179643 0.743386
vt 0.872506 0.913424
vt 0.875359 0.913365
vt 0.973747 0.293160
vt 0.973747 0.284751
vt 0.976902 0.284812
vt 0.976906 0.293263
vt 0.184586 0.749901
vt 0.181454 0.750726
vt 0.990089 0.829810
vt 0.990089 0.822238
vt 0.992961 0.822269
vt 0.992975 0.829850
vt 0.905084 0.977048
vt 0.905049 0.968854
vt 0.908208 0.968823
vt 0.908208 0.977214
vt 0.186548 0.757261
vt 0.183429 0.758133
vt 0.947410 0.987197
vt 0.947473 0.979462
vt 0.950449 0.979431
vt 0.950449 0.987278
vt 0.981069 0.205785
vt 0.981055 0.198013
vt 0.984145 0.197970
vt 0.984145 0.205854
vt 0.188833 0.764631
vt 0.185744 0.765608
vt 0.410003 0.982734
vt 0.410016 0.974861
vt 0.413094 0.974812
vt 0.413094 0.982703
vt 0.984447 0.791031
vt 0.984447 0.783314
vt 0.987516 0.783368
vt 0.987543 0.791050
vt 0.191496 0.772014
vt 0.188450 0.773112
vt 0.453877 0.987848
vt 0.453877 0.980116
vt 0.456954 0.980146
vt 0.456931 0.987819
vt 0.978261 0.901560
vt 0.978250 0.893759
vt 0.981364 0.893801
vt 0.981364 0.901696
vt 0.194442 0.779406
vt 0.191435 0.780598
vt 0.133767 0.952580
vt 0.133610 0.944858
vt 0.136695 0.944799
vt 0.136897 0.952647
vt 0.197481 0.786802
vt 0.194489 0.788032
vt 0.479220 0.884444
vt 0.479340 0.877056
vt 0.482361 0.877180
vt 0.482281 0.884545
vt 0.479547 0.869685
vt 0.482552 0.869754
vt 0.479630 0.862290
vt 0.482652 0.862182
vt 0.133610 0.960418
vt 0.136754 0.960546
vt 0.479220 0.854806
vt 0.482252 0.854586
vt 0.200429 0.794195
vt 0.197438 0.795429
vt 0.703051 0.894934
vt 0.702359 0.902219
vt 0.699385 0.901936
vt 0.700075 0.894611
vt 0.701724 0.909505
vt 0.698733 0.909369
vt 0.701503 0.916793
vt 0.698478 0.916905
vt 0.701962 0.924087
vt 0.698923 0.924442
vt 0.978302 0.935925
vt 0.978298 0.928141
vt 0.981504 0.928174
vt 0.981504 0.935934
vt 0.703051 0.931385
vt 0.700015 0.931840
vt 0.851507 0.005114
vt 0.853346 0.014283
vt 0.851688 0.014645
vt 0.850083 0.006721
vt 0.853853 0.004308
vt 0.855757 0.013826
vt 0.856224 0.004610
vt 0.858001 0.013449
vt 0.326104 0.005386
vt 0.325740 0.012487
vt 0.323545 0.012800
vt 0.324555 0.004308
vt 0.327844 0.007164
vt 0.328221 0.012665
vt 0.889686 0.384847
vt 0.888752 0.389352
vt 0.887153 0.388982
vt 0.888287 0.383238
vt 0.892028 0.385631
vt 0.891150 0.389789
vt 0.894419 0.385291
vt 0.893432 0.390125
vt 0.270585 0.007886
vt 0.270438 0.013898
vt 0.268238 0.013582
vt 0.269029 0.008962
vt 0.272326 0.006109
vt 0.272918 0.013718
vt 0.274731 0.013113
vt 0.275054 0.019489
vt 0.273240 0.020083
vt 0.856837 0.020508
vt 0.854412 0.020881
vt 0.859100 0.020255
vt 0.325394 0.019179
vt 0.323204 0.019380
vt 0.327872 0.019421
vt 0.330041 0.013268
vt 0.329692 0.020013
vt 0.890131 0.396688
vt 0.887720 0.396335
vt 0.892431 0.396901
vt 0.270763 0.020325
vt 0.268569 0.020123
vt 0.275577 0.025880
vt 0.273762 0.026461
vt 0.857640 0.027164
vt 0.855205 0.027457
vt 0.859917 0.027029
vt 0.324839 0.025873
vt 0.322659 0.025967
vt 0.327312 0.026172
vt 0.329134 0.026750
vt 0.889406 0.403536
vt 0.886986 0.403265
vt 0.891719 0.403631
vt 0.271290 0.026761
vt 0.269105 0.026665
vt 0.276280 0.032288
vt 0.274463 0.032853
vt 0.858181 0.033798
vt 0.855740 0.034012
vt 0.860467 0.033773
vt 0.324100 0.032566
vt 0.321930 0.032561
vt 0.326568 0.032916
vt 0.328391 0.033479
vt 0.888957 0.410334
vt 0.886532 0.410141
vt 0.891277 0.410318
vt 0.271996 0.033204
vt 0.269822 0.033206
vt 0.277140 0.038713
vt 0.275321 0.039260
vt 0.858476 0.040412
vt 0.856031 0.040551
vt 0.860767 0.040490
vt 0.323199 0.039258
vt 0.321042 0.039164
vt 0.325661 0.039653
vt 0.327486 0.040198
vt 0.888767 0.417084
vt 0.886340 0.416966
vt 0.891090 0.416965
vt 0.272860 0.039656
vt 0.270698 0.039748
vt 0.278138 0.045157
vt 0.276315 0.045683
vt 0.858538 0.047009
vt 0.856093 0.047076
vt 0.860831 0.047182
vt 0.322160 0.045948
vt 0.320015 0.045773
vt 0.324616 0.046381
vt 0.326445 0.046905
vt 0.888818 0.423788
vt 0.886391 0.423741
vt 0.891140 0.423574
vt 0.273860 0.046116
vt 0.271710 0.046290
vt 0.279250 0.051619
vt 0.277424 0.052123
vt 0.858384 0.053590
vt 0.855940 0.053589
vt 0.860674 0.053849
vt 0.321006 0.052636
vt 0.318873 0.052389
vt 0.323456 0.053098
vt 0.325289 0.053600
vt 0.889092 0.430447
vt 0.886669 0.430467
vt 0.891411 0.430147
vt 0.274974 0.052586
vt 0.272837 0.052831
vt 0.280457 0.058101
vt 0.278627 0.058580
vt 0.858028 0.060158
vt 0.855588 0.060094
vt 0.860314 0.060494
vt 0.319759 0.059320
vt 0.317638 0.059011
vt 0.322206 0.059805
vt 0.324043 0.060281
vt 0.889573 0.437065
vt 0.887154 0.437148
vt 0.891886 0.436688
vt 0.276181 0.059065
vt 0.274054 0.059372
vt 0.281737 0.064603
vt 0.279900 0.065055
vt 0.857487 0.066714
vt 0.855052 0.066593
vt 0.859768 0.067118
vt 0.318444 0.065998
vt 0.316332 0.065639
vt 0.320887 0.066499
vt 0.322730 0.066949
vt 0.890240 0.443644
vt 0.887827 0.443785
vt 0.892547 0.443200
vt 0.277458 0.065555
vt 0.275341 0.065913
vt 0.283066 0.071124
vt 0.281224 0.071548
vt 0.856779 0.073261
vt 0.854349 0.073087
vt 0.859054 0.073722
vt 0.317082 0.072671
vt 0.314979 0.072271
vt 0.319524 0.073179
vt 0.321372 0.073601
vt 0.891074 0.450187
vt 0.888667 0.450381
vt 0.893373 0.449686
vt 0.278783 0.072056
vt 0.276675 0.072454
vt 0.284424 0.077665
vt 0.282576 0.078060
vt 0.855924 0.079802
vt 0.853500 0.079580
vt 0.858192 0.080310
vt 0.315699 0.079337
vt 0.313601 0.078907
vt 0.318140 0.079845
vt 0.319994 0.080238
vt 0.892053 0.456698
vt 0.889654 0.456938
vt 0.894346 0.456150
vt 0.280135 0.078569
vt 0.278033 0.078996
vt 0.285788 0.084226
vt 0.283934 0.084592
vt 0.854942 0.086338
vt 0.852525 0.086076
vt 0.857205 0.086882
vt 0.314315 0.085994
vt 0.312222 0.085546
vt 0.316758 0.086495
vt 0.318618 0.086859
vt 0.893154 0.463180
vt 0.890762 0.463460
vt 0.895441 0.462596
vt 0.281491 0.085094
vt 0.279393 0.085540
vt 0.287135 0.090808
vt 0.285275 0.091144
vt 0.853859 0.092872
vt 0.851447 0.092577
vt 0.856118 0.093441
vt 0.312955 0.092641
vt 0.310863 0.092186
vt 0.315401 0.093128
vt 0.317267 0.093462
vt 0.894352 0.469636
vt 0.891965 0.469950
vt 0.896634 0.469027
vt 0.282830 0.091631
vt 0.280733 0.092084
vt 0.288443 0.097410
vt 0.286578 0.097717
vt 0.852700 0.099409
vt 0.850292 0.099088
vt 0.854957 0.099990
vt 0.311640 0.099276
vt 0.309547 0.098827
vt 0.314091 0.099742
vt 0.315963 0.100047
vt 0.895619 0.476071
vt 0.893237 0.476410
vt 0.897899 0.475450
vt 0.284128 0.098183
vt 0.282030 0.098630
vt 0.289690 0.104033
vt 0.287819 0.104312
vt 0.851494 0.105950
vt 0.849090 0.105613
vt 0.853751 0.106532
vt 0.310395 0.105898
vt 0.308299 0.105467
vt 0.312851 0.106335
vt 0.314728 0.106611
vt 0.896926 0.482489
vt 0.894547 0.482845
vt 0.899205 0.481869
vt 0.285364 0.104750
vt 0.283262 0.105179
vt 0.290851 0.110678
vt 0.288976 0.110930
vt 0.850273 0.112502
vt 0.847870 0.112157
vt 0.852533 0.113069
vt 0.309241 0.112504
vt 0.307139 0.112104
vt 0.311703 0.112906
vt 0.313585 0.113155
vt 0.898240 0.488895
vt 0.895863 0.489258
vt 0.900522 0.488288
vt 0.286514 0.111332
vt 0.284408 0.111730
vt 0.291905 0.117346
vt 0.290025 0.117572
vt 0.849070 0.119067
vt 0.846666 0.118725
vt 0.851335 0.119605
vt 0.308201 0.119094
vt 0.306092 0.118739
vt 0.310670 0.119452
vt 0.312555 0.119676
vt 0.899528 0.495292
vt 0.897150 0.495653
vt 0.901816 0.494715
vt 0.287557 0.117931
vt 0.285443 0.118284
vt 0.292826 0.124035
vt 0.290943 0.124239
vt 0.847921 0.125651
vt 0.845515 0.125322
vt 0.850194 0.126144
vt 0.307296 0.125664
vt 0.305179 0.125369
vt 0.309772 0.125971
vt 0.311661 0.126173
vt 0.900754 0.501687
vt 0.898374 0.502034
vt 0.903051 0.501154
vt 0.288468 0.124546
vt 0.286346 0.124840
vt 0.293592 0.130748
vt 0.291707 0.130931
vt 0.846864 0.132258
vt 0.844454 0.131955
vt 0.849146 0.132690
vt 0.306549 0.132215
vt 0.304424 0.131994
vt 0.309032 0.132463
vt 0.310923 0.132644
vt 0.901882 0.508083
vt 0.899498 0.508405
vt 0.904190 0.507611
vt 0.289225 0.131180
vt 0.287095 0.131399
vt 0.294177 0.137483
vt 0.292291 0.137648
vt 0.845935 0.138894
vt 0.843520 0.138628
vt 0.848228 0.139249
vt 0.305981 0.138745
vt 0.303848 0.138613
vt 0.308469 0.138926
vt 0.310362 0.139089
vt 0.902875 0.514486
vt 0.900486 0.514772
vt 0.905195 0.514092
vt 0.289803 0.137830
vt 0.287665 0.137959
vt 0.294558 0.144239
vt 0.292671 0.144388
vt 0.845174 0.145564
vt 0.842753 0.145345
vt 0.847477 0.145824
vt 0.305613 0.145253
vt 0.303474 0.145227
vt 0.308106 0.145361
vt 0.309999 0.145508
vt 0.903698 0.520902
vt 0.901302 0.521139
vt 0.906029 0.520602
vt 0.290179 0.144496
vt 0.288035 0.144521
vt 0.294709 0.151044
vt 0.292822 0.151181
vt 0.844615 0.152287
vt 0.842188 0.152141
vt 0.846928 0.152419
vt 0.305467 0.151722
vt 0.303325 0.151832
vt 0.307961 0.151738
vt 0.309855 0.151872
vt 0.904314 0.527318
vt 0.901911 0.527483
vt 0.906657 0.527146
vt 0.290328 0.151196
vt 0.288182 0.151085
vt 0.294536 0.157925
vt 0.292648 0.158051
vt 0.844378 0.159098
vt 0.841948 0.159057
vt 0.846697 0.159049
vt 0.305624 0.158133
vt 0.303488 0.158429
vt 0.308115 0.158027
vt 0.310009 0.158151
vt 0.904609 0.533733
vt 0.902202 0.533793
vt 0.906960 0.533742
vt 0.290159 0.157946
vt 0.288017 0.157648
vt 0.293938 0.164815
vt 0.292052 0.164930
vt 0.844585 0.165975
vt 0.842159 0.166046
vt 0.846899 0.165734
vt 0.306175 0.164529
vt 0.304056 0.165021
vt 0.308655 0.164295
vt 0.310548 0.164408
vt 0.904471 0.540201
vt 0.902066 0.540149
vt 0.906818 0.540401
vt 0.289573 0.164696
vt 0.287448 0.164203
vt 0.292955 0.171651
vt 0.291070 0.171751
vt 0.845180 0.172876
vt 0.842761 0.173036
vt 0.847481 0.172474
vt 0.307095 0.170957
vt 0.304999 0.171616
vt 0.309559 0.170610
vt 0.311449 0.170707
vt 0.903953 0.546747
vt 0.901555 0.546606
vt 0.906288 0.547109
vt 0.288608 0.171405
vt 0.286507 0.170744
vt 0.291624 0.178437
vt 0.289744 0.178515
vt 0.846095 0.179793
vt 0.843684 0.180019
vt 0.848379 0.179262
vt 0.308355 0.177418
vt 0.306286 0.178215
vt 0.310800 0.176972
vt 0.312687 0.177048
vt 0.903117 0.553364
vt 0.900727 0.553156
vt 0.905436 0.553855
vt 0.287300 0.178070
vt 0.285226 0.177272
vt 0.289983 0.185176
vt 0.288109 0.185228
vt 0.847259 0.186719
vt 0.844856 0.186989
vt 0.849527 0.186090
vt 0.309928 0.183910
vt 0.307885 0.184819
vt 0.312352 0.183379
vt 0.314232 0.183429
vt 0.902026 0.560039
vt 0.899644 0.559787
vt 0.904329 0.560629
vt 0.285686 0.184698
vt 0.283639 0.183787
vt 0.288067 0.191875
vt 0.286202 0.191896
vt 0.848604 0.193648
vt 0.846206 0.193942
vt 0.850858 0.192947
vt 0.311784 0.190431
vt 0.309766 0.191428
vt 0.314187 0.189825
vt 0.316058 0.189844
vt 0.900746 0.566760
vt 0.898368 0.566484
vt 0.903036 0.567423
vt 0.283800 0.191291
vt 0.281778 0.190292
vt 0.285911 0.198539
vt 0.284058 0.198525
vt 0.850065 0.200575
vt 0.847668 0.200876
vt 0.852308 0.199825
vt 0.313891 0.196976
vt 0.311895 0.198042
vt 0.316274 0.196307
vt 0.318134 0.196290
vt 0.899340 0.573518
vt 0.896964 0.573233
vt 0.901619 0.574229
vt 0.281676 0.197856
vt 0.279677 0.196789
vt 0.283549 0.205175
vt 0.281709 0.205122
vt 0.851580 0.207493
vt 0.849182 0.207787
vt 0.853818 0.206715
vt 0.316218 0.203543
vt 0.314241 0.204660
vt 0.318581 0.202819
vt 0.320428 0.202764
vt 0.897867 0.580299
vt 0.895489 0.580023
vt 0.900140 0.581040
vt 0.279347 0.204398
vt 0.277366 0.203280
vt 0.281014 0.211785
vt 0.279189 0.211692
vt 0.853097 0.214397
vt 0.850694 0.214672
vt 0.855331 0.213608
vt 0.318733 0.210129
vt 0.316769 0.211282
vt 0.321079 0.209358
vt 0.322910 0.209262
vt 0.896382 0.587097
vt 0.894000 0.586840
vt 0.898653 0.587849
vt 0.276846 0.210921
vt 0.274878 0.209767
vt 0.278338 0.218375
vt 0.276531 0.218239
vt 0.854565 0.221281
vt 0.852156 0.221527
vt 0.856801 0.220496
vt 0.321404 0.216732
vt 0.319449 0.217907
vt 0.323733 0.215921
vt 0.325547 0.215783
vt 0.894933 0.593903
vt 0.892545 0.593675
vt 0.897205 0.594650
vt 0.274203 0.217428
vt 0.272244 0.216252
vt 0.275554 0.224945
vt 0.273765 0.224767
vt 0.855943 0.228142
vt 0.853526 0.228350
vt 0.858182 0.227375
vt 0.324197 0.223350
vt 0.322247 0.224535
vt 0.326513 0.222506
vt 0.328309 0.222325
vt 0.893564 0.600710
vt 0.891168 0.600521
vt 0.895839 0.601439
vt 0.271451 0.223924
vt 0.269496 0.222737
vt 0.272695 0.231499
vt 0.270924 0.231278
vt 0.857194 0.234975
vt 0.854770 0.235137
vt 0.859439 0.234237
vt 0.327081 0.229981
vt 0.325129 0.231164
vt 0.329385 0.229112
vt 0.331163 0.228888
vt 0.892312 0.607512
vt 0.889907 0.607369
vt 0.894592 0.608212
vt 0.268621 0.230409
vt 0.266666 0.229224
vt 0.269792 0.238038
vt 0.268040 0.237774
vt 0.858288 0.241776
vt 0.855855 0.241886
vt 0.860540 0.241078
vt 0.330022 0.236625
vt 0.328064 0.237796
vt 0.332318 0.235737
vt 0.334076 0.235470
vt 0.891209 0.614305
vt 0.888796 0.614215
vt 0.893496 0.614965
vt 0.265745 0.236886
vt 0.263784 0.235715
vt 0.266877 0.244562
vt 0.265144 0.244256
vt 0.859199 0.248541
vt 0.856758 0.248593
vt 0.861457 0.247893
vt 0.332987 0.243281
vt 0.331019 0.244428
vt 0.335278 0.242381
vt 0.337018 0.242073
vt 0.890284 0.621085
vt 0.887863 0.621053
vt 0.892577 0.621694
vt 0.262854 0.243358
vt 0.260883 0.242209
vt 0.263982 0.251072
vt 0.262267 0.250726
vt 0.859905 0.255267
vt 0.857457 0.255256
vt 0.862169 0.254680
vt 0.335943 0.249947
vt 0.333960 0.251060
vt 0.338233 0.249044
vt 0.339955 0.248696
vt 0.889559 0.627850
vt 0.887131 0.627880
vt 0.891859 0.628398
vt 0.259979 0.249824
vt 0.257993 0.248710
vt 0.261140 0.257568
vt 0.259441 0.257184
vt 0.860388 0.261951
vt 0.857936 0.261874
vt 0.862657 0.261434
vt 0.338858 0.256624
vt 0.336855 0.257692
vt 0.341149 0.255725
vt 0.342855 0.255339
vt 0.889056 0.634596
vt 0.886623 0.634694
vt 0.891361 0.635074
vt 0.257151 0.256286
vt 0.255145 0.255217
vt 0.258381 0.264049
vt 0.256698 0.263631
vt 0.860636 0.268591
vt 0.858181 0.268444
vt 0.862908 0.268153
vt 0.341698 0.263310
vt 0.339672 0.264322
vt 0.343995 0.262425
vt 0.345686 0.262004
vt 0.888790 0.641323
vt 0.886354 0.641492
vt 0.891098 0.641722
vt 0.254402 0.262746
vt 0.252372 0.261733
vt 0.255738 0.270516
vt 0.254067 0.270066
vt 0.860636 0.275185
vt 0.858181 0.274963
vt 0.862908 0.274834
vt 0.344431 0.270007
vt 0.342378 0.270951
vt 0.346737 0.269144
vt 0.348415 0.268691
vt 0.888776 0.648030
vt 0.886340 0.648273
vt 0.891084 0.648340
vt 0.251762 0.269203
vt 0.249705 0.268258
vt 0.253240 0.276967
vt 0.251580 0.276489
vt 0.860380 0.281731
vt 0.857928 0.281431
vt 0.862648 0.281477
vt 0.347024 0.276712
vt 0.344940 0.277576
vt 0.349343 0.275882
vt 0.351010 0.275401
vt 0.889026 0.654714
vt 0.886593 0.655035
vt 0.891331 0.654927
vt 0.249263 0.275659
vt 0.247174 0.274793
vt 0.250920 0.283401
vt 0.249268 0.282900
vt 0.859862 0.288226
vt 0.857417 0.287846
vt 0.862122 0.288078
vt 0.349443 0.283427
vt 0.347326 0.284198
vt 0.351778 0.282639
vt 0.353437 0.282136
vt 0.889550 0.661377
vt 0.887124 0.661778
vt 0.891847 0.661482
vt 0.246935 0.282113
vt 0.244813 0.281340
vt 0.248807 0.289818
vt 0.247160 0.289300
vt 0.859076 0.294669
vt 0.856641 0.294207
vt 0.861322 0.294638
vt 0.351657 0.290151
vt 0.349504 0.290816
vt 0.354009 0.289417
vt 0.355662 0.288896
vt 0.890359 0.668017
vt 0.887943 0.668501
vt 0.892641 0.668006
vt 0.244810 0.288567
vt 0.242653 0.287900
vt 0.246930 0.296218
vt 0.245288 0.295686
vt 0.858018 0.301059
vt 0.855597 0.300512
vt 0.860243 0.301153
vt 0.353631 0.296883
vt 0.351443 0.297429
vt 0.356002 0.296216
vt 0.357651 0.295682
vt 0.891462 0.674634
vt 0.889060 0.675204
vt 0.893723 0.674497
vt 0.242918 0.295020
vt 0.240727 0.294472
vt 0.854281 0.306761
vt 0.852590 0.305964
vt 0.853904 0.299721
vt 0.856684 0.307395
vt 0.858880 0.307624
vt 0.355332 0.303624
vt 0.353112 0.304037
vt 0.357723 0.303035
vt 0.359371 0.302494
vt 0.892866 0.681226
vt 0.890483 0.681884
vt 0.895099 0.680955
vt 0.241291 0.301472
vt 0.239066 0.301058
vt 0.243680 0.302061
vt 0.852689 0.312954
vt 0.850997 0.312155
vt 0.855068 0.313678
vt 0.857227 0.314050
vt 0.356728 0.310374
vt 0.354478 0.310640
vt 0.359138 0.309874
vt 0.892223 0.688540
vt 0.890600 0.689333
vt 0.888860 0.682676
vt 0.894583 0.687793
vt 0.896778 0.687378
vt 0.239959 0.307925
vt 0.237704 0.307658
vt 0.242366 0.308424
vt 0.850813 0.319092
vt 0.849121 0.318297
vt 0.853165 0.319907
vt 0.855278 0.320431
vt 0.357786 0.317131
vt 0.355510 0.317238
vt 0.360211 0.316733
vt 0.894291 0.695169
vt 0.892666 0.695958
vt 0.896622 0.694331
vt 0.898769 0.693764
vt 0.238952 0.314379
vt 0.236673 0.314271
vt 0.241376 0.314777
vt 0.848647 0.325176
vt 0.846952 0.324390
vt 0.850966 0.326084
vt 0.853022 0.326766
vt 0.358471 0.323897
vt 0.356179 0.323833
vt 0.360908 0.323609
vt 0.896697 0.701766
vt 0.895069 0.702547
vt 0.898995 0.700836
vt 0.901085 0.700111
vt 0.238303 0.320834
vt 0.236006 0.320897
vt 0.240737 0.321121
vt 0.846003 0.331654
vt 0.844325 0.330820
vt 0.848327 0.332546
vt 0.850411 0.333155
vt 0.358743 0.330483
vt 0.356461 0.330528
vt 0.361170 0.330098
vt 0.899276 0.707882
vt 0.897667 0.708711
vt 0.901580 0.706967
vt 0.903698 0.706317
vt 0.238033 0.327477
vt 0.235746 0.327431
vt 0.240458 0.327862
vt 0.843570 0.339157
vt 0.841948 0.338132
vt 0.845966 0.339804
vt 0.848221 0.339828
vt 0.359907 0.336683
vt 0.357812 0.337452
vt 0.362187 0.335728
vt 0.901071 0.713107
vt 0.899518 0.714126
vt 0.903447 0.712437
vt 0.905738 0.712371
vt 0.236663 0.334494
vt 0.234563 0.333722
vt 0.238941 0.335448
vt 0.240528 0.336221
vt 0.235554 0.343939
vt 0.234092 0.342953
vt 0.845306 0.347259
vt 0.842882 0.346829
vt 0.847633 0.346721
vt 0.364006 0.342912
vt 0.362322 0.344382
vt 0.365955 0.341393
vt 0.363781 0.334952
vt 0.367424 0.340404
vt 0.903814 0.718136
vt 0.901412 0.718587
vt 0.906171 0.718636
vt 0.232145 0.341434
vt 0.230456 0.339963
vt 0.228767 0.350920
vt 0.227421 0.349809
vt 0.167050 0.897938
vt 0.167499 0.904796
vt 0.165000 0.904943
vt 0.164550 0.898056
vt 0.847882 0.353568
vt 0.845557 0.354283
vt 0.370368 0.349438
vt 0.368915 0.351160
vt 0.372101 0.347684
vt 0.373455 0.346570
vt 0.437234 0.932467
vt 0.437740 0.926400
vt 0.440204 0.926792
vt 0.439699 0.932830
vt 0.905786 0.725169
vt 0.903433 0.724490
vt 0.225689 0.348056
vt 0.224233 0.346332
vt 0.221177 0.357565
vt 0.219918 0.356375
vt 0.167863 0.912539
vt 0.165362 0.912629
vt 0.848209 0.360344
vt 0.845883 0.361055
vt 0.377963 0.356093
vt 0.376561 0.357861
vt 0.379612 0.354263
vt 0.380878 0.353070
vt 0.438291 0.919023
vt 0.440758 0.919358
vt 0.435500 0.927076
vt 0.436051 0.919702
vt 0.218270 0.354546
vt 0.216864 0.352776
vt 0.213730 0.364002
vt 0.212516 0.362771
vt 0.167758 0.920131
vt 0.165259 0.920115
vt 0.169946 0.913425
vt 0.169838 0.921143
vt 0.385737 0.362826
vt 0.384237 0.364507
vt 0.387419 0.361026
vt 0.388640 0.359792
vt 0.438391 0.911369
vt 0.440858 0.911599
vt 0.436150 0.912175
vt 0.210835 0.360971
vt 0.209331 0.359289
vt 0.207433 0.370173
vt 0.206201 0.368961
vt 0.167031 0.926520
vt 0.164550 0.926368
vt 0.169081 0.927770
vt 0.392662 0.369647
vt 0.390911 0.371068
vt 0.394509 0.368017
vt 0.395748 0.366802
vt 0.437714 0.904422
vt 0.440165 0.904515
vt 0.435500 0.905466
vt 0.204355 0.367332
vt 0.202600 0.365909
vt 0.203270 0.375819
vt 0.201945 0.374747
vt 0.951156 0.358480
vt 0.951993 0.364323
vt 0.949493 0.364455
vt 0.948685 0.358837
vt 0.953096 0.357221
vt 0.953996 0.363571
vt 0.397707 0.376616
vt 0.395562 0.377444
vt 0.399855 0.375440
vt 0.401187 0.374365
vt 0.936766 0.357375
vt 0.936147 0.364757
vt 0.933648 0.364831
vt 0.934283 0.357221
vt 0.938837 0.358469
vt 0.938253 0.365340
vt 0.199798 0.373572
vt 0.197650 0.372742
vt 0.949524 0.372476
vt 0.947453 0.371606
vt 0.947453 0.363915
vt 0.952014 0.372244
vt 0.953972 0.371000
vt 0.399494 0.383074
vt 0.397852 0.384590
vt 0.401184 0.381270
vt 0.934254 0.370570
vt 0.932304 0.371604
vt 0.931710 0.365533
vt 0.936749 0.370597
vt 0.938837 0.371675
vt 0.197785 0.380353
vt 0.196139 0.378835
vt 0.199474 0.382156
vt 0.562157 0.883450
vt 0.559728 0.858000
vt 0.561491 0.857477
vt 0.563940 0.882350
vt 0.559691 0.883537
vt 0.557259 0.858186
vt 0.557485 0.882578
vt 0.555026 0.857964
vt 0.423026 0.389540
vt 0.422479 0.391679
vt 0.423683 0.387149
vt 0.402278 0.379869
vt 0.424199 0.385420
vt 0.437757 0.894847
vt 0.439840 0.872840
vt 0.442271 0.873027
vt 0.440179 0.894934
vt 0.435500 0.895806
vt 0.437523 0.873062
vt 0.173925 0.386998
vt 0.173374 0.384857
vt 0.174581 0.389388
vt 0.175090 0.391115
vt 0.149301 0.397837
vt 0.149313 0.396041
vt 0.558091 0.832208
vt 0.560563 0.832208
vt 0.555862 0.832207
vt 0.448240 0.396184
vt 0.448237 0.398395
vt 0.448239 0.393706
vt 0.448234 0.391907
vt 0.438440 0.848994
vt 0.440872 0.848994
vt 0.436124 0.848995
vt 0.149316 0.393563
vt 0.149307 0.391350
vt 0.123498 0.391115
vt 0.124032 0.389388
vt 0.557259 0.806221
vt 0.559728 0.806407
vt 0.555026 0.806442
vt 0.473461 0.389540
vt 0.474000 0.391679
vt 0.472802 0.387149
vt 0.472275 0.385420
vt 0.439840 0.825136
vt 0.442271 0.824951
vt 0.437523 0.824915
vt 0.124692 0.386998
vt 0.125227 0.384857
vt 0.562157 0.780946
vt 0.563940 0.782045
vt 0.561491 0.806927
vt 0.559691 0.780860
vt 0.557485 0.781818
vt 0.496978 0.383074
vt 0.498612 0.384590
vt 0.495285 0.381270
vt 0.494180 0.379869
vt 0.437757 0.803119
vt 0.440179 0.803032
vt 0.435500 0.802161
vt 0.100866 0.380353
vt 0.102496 0.378835
vt 0.099172 0.382156
vt 0.920959 0.372624
vt 0.920983 0.364562
vt 0.923095 0.364074
vt 0.923095 0.371804
vt 0.918471 0.372353
vt 0.918488 0.364392
vt 0.916580 0.371094
vt 0.916561 0.363629
vt 0.498778 0.376616
vt 0.500915 0.377444
vt 0.496626 0.375440
vt 0.370734 0.895926
vt 0.371256 0.890161
vt 0.373278 0.890799
vt 0.372764 0.896899
vt 0.368234 0.896015
vt 0.368753 0.890149
vt 0.366218 0.897132
vt 0.366725 0.890767
vt 0.098824 0.373572
vt 0.100958 0.372742
vt 0.096671 0.374747
vt 0.095320 0.375819
vt 0.091146 0.370173
vt 0.092403 0.368961
vt 0.919206 0.358494
vt 0.921677 0.358891
vt 0.917335 0.357221
vt 0.503829 0.369647
vt 0.505573 0.371068
vt 0.501978 0.368017
vt 0.495282 0.374365
vt 0.500728 0.366802
vt 0.368215 0.882720
vt 0.370705 0.882503
vt 0.366218 0.883851
vt 0.094255 0.367332
vt 0.095995 0.365909
vt 0.084849 0.364002
vt 0.086088 0.362771
vt 0.922276 0.897676
vt 0.921550 0.891278
vt 0.924048 0.891262
vt 0.924757 0.897524
vt 0.920226 0.898924
vt 0.919470 0.892288
vt 0.510753 0.362826
vt 0.512246 0.364507
vt 0.509069 0.361026
vt 0.507836 0.359792
vt 0.366773 0.875967
vt 0.369234 0.875611
vt 0.965131 0.285804
vt 0.964481 0.292525
vt 0.962240 0.291721
vt 0.962918 0.284761
vt 0.087775 0.360971
vt 0.089264 0.359289
vt 0.077412 0.357565
vt 0.078697 0.356375
vt 0.921445 0.883677
vt 0.923945 0.883768
vt 0.919361 0.884561
vt 0.518523 0.356093
vt 0.519918 0.357861
vt 0.516871 0.354263
vt 0.515593 0.353070
vt 0.962340 0.299387
vt 0.959873 0.299722
vt 0.959773 0.291950
vt 0.964580 0.300065
vt 0.080350 0.354546
vt 0.081742 0.352776
vt 0.069839 0.350920
vt 0.071210 0.349809
vt 0.921809 0.875926
vt 0.924308 0.876073
vt 0.919726 0.876806
vt 0.526110 0.349438
vt 0.527556 0.351160
vt 0.524374 0.347684
vt 0.523009 0.346570
vt 0.962891 0.306777
vt 0.960427 0.307168
vt 0.965131 0.307451
vt 0.072948 0.348056
vt 0.074390 0.346332
vt 0.063069 0.343939
vt 0.064556 0.342953
vt 0.922257 0.869057
vt 0.924757 0.869176
vt 0.886676 0.353365
vt 0.886700 0.346557
vt 0.888977 0.347138
vt 0.888958 0.354120
vt 0.532465 0.342912
vt 0.534142 0.344382
vt 0.530513 0.341393
vt 0.529033 0.340404
vt 0.903404 0.345436
vt 0.903257 0.339123
vt 0.905687 0.339551
vt 0.905835 0.345833
vt 0.901088 0.346144
vt 0.900942 0.339654
vt 0.066509 0.341434
vt 0.068182 0.339963
vt 0.058100 0.336221
vt 0.059712 0.335448
vt 0.888190 0.339699
vt 0.890609 0.339089
vt 0.891427 0.346744
vt 0.885992 0.339681
vt 0.536561 0.336683
vt 0.538649 0.337452
vt 0.534279 0.335728
vt 0.532674 0.334952
vt 0.903749 0.333443
vt 0.906150 0.334090
vt 0.901511 0.333409
vt 0.061996 0.334494
vt 0.064080 0.333722
vt 0.888217 0.331557
vt 0.889988 0.330741
vt 0.892326 0.338082
vt 0.885868 0.332413
vt 0.883840 0.332981
vt 0.537732 0.330483
vt 0.540008 0.330528
vt 0.535303 0.330098
vt 0.907936 0.328851
vt 0.909639 0.329672
vt 0.907797 0.335101
vt 0.905608 0.327960
vt 0.903544 0.327340
vt 0.060609 0.327477
vt 0.062881 0.327431
vt 0.058177 0.327862
vt 0.885661 0.325039
vt 0.887450 0.324271
vt 0.883318 0.325910
vt 0.881317 0.326553
vt 0.538015 0.323897
vt 0.540301 0.323833
vt 0.535575 0.323609
vt 0.910461 0.322709
vt 0.912182 0.323482
vt 0.908138 0.321802
vt 0.906103 0.321108
vt 0.060315 0.320834
vt 0.062598 0.320897
vt 0.057874 0.321121
vt 0.883559 0.318924
vt 0.885346 0.318148
vt 0.881185 0.319702
vt 0.879129 0.320186
vt 0.538709 0.317131
vt 0.540978 0.317238
vt 0.536281 0.316733
vt 0.912829 0.316090
vt 0.914548 0.316871
vt 0.910474 0.315276
vt 0.908382 0.314740
vt 0.059648 0.314379
vt 0.061913 0.314271
vt 0.057218 0.314777
vt 0.881732 0.312762
vt 0.883517 0.311982
vt 0.879330 0.313449
vt 0.877229 0.313780
vt 0.539773 0.310374
vt 0.542017 0.310640
vt 0.537361 0.309874
vt 0.914877 0.309445
vt 0.916594 0.310231
vt 0.912494 0.308722
vt 0.910354 0.308339
vt 0.058627 0.307925
vt 0.060867 0.307658
vt 0.056214 0.308424
vt 0.880171 0.306552
vt 0.881956 0.305773
vt 0.877746 0.307149
vt 0.875609 0.307336
vt 0.541174 0.303624
vt 0.543388 0.304037
vt 0.538781 0.303035
vt 0.916614 0.302779
vt 0.918332 0.303563
vt 0.914208 0.302146
vt 0.912031 0.301906
vt 0.057285 0.301472
vt 0.059495 0.301058
vt 0.054890 0.302061
vt 0.878872 0.300292
vt 0.880659 0.299519
vt 0.876429 0.300801
vt 0.874264 0.300853
vt 0.542879 0.296883
vt 0.545059 0.297429
vt 0.540505 0.296216
vt 0.918050 0.296094
vt 0.919769 0.296871
vt 0.915624 0.295548
vt 0.913418 0.295444
vt 0.055652 0.295020
vt 0.057828 0.294472
vt 0.053276 0.295687
vt 0.877833 0.293981
vt 0.879622 0.293221
vt 0.875376 0.294405
vt 0.873191 0.294332
vt 0.544854 0.290151
vt 0.546999 0.290816
vt 0.542499 0.289417
vt 0.919191 0.289392
vt 0.920912 0.290157
vt 0.916751 0.288932
vt 0.914524 0.288953
vt 0.053758 0.288567
vt 0.055899 0.287900
vt 0.051402 0.289300
vt 0.877051 0.287620
vt 0.878842 0.286878
vt 0.874584 0.287962
vt 0.872384 0.287773
vt 0.547066 0.283427
vt 0.549177 0.284198
vt 0.544729 0.282639
vt 0.540834 0.288896
vt 0.543059 0.282136
vt 0.917596 0.282297
vt 0.920047 0.282674
vt 0.915354 0.282434
vt 0.051635 0.282113
vt 0.053741 0.281340
vt 0.049296 0.282900
vt 0.047619 0.283401
vt 0.045304 0.276967
vt 0.046989 0.276489
vt 0.874049 0.281472
vt 0.876523 0.281211
vt 0.871840 0.281176
vt 0.549483 0.276712
vt 0.551561 0.277576
vt 0.547162 0.275882
vt 0.545483 0.275401
vt 0.918166 0.275643
vt 0.920624 0.275940
vt 0.915915 0.275887
vt 0.049313 0.275659
vt 0.051386 0.274793
vt 0.042815 0.270516
vt 0.044512 0.270066
vt 0.873769 0.274937
vt 0.876246 0.274753
vt 0.871556 0.274545
vt 0.552072 0.270007
vt 0.554118 0.270951
vt 0.549762 0.269144
vt 0.548073 0.268691
vt 0.918469 0.268972
vt 0.920931 0.269191
vt 0.916213 0.269313
vt 0.046822 0.269203
vt 0.048865 0.268258
vt 0.040185 0.264050
vt 0.041894 0.263631
vt 0.873737 0.268359
vt 0.876215 0.268248
vt 0.871524 0.267879
vt 0.554799 0.263310
vt 0.556818 0.264322
vt 0.552499 0.262425
vt 0.550796 0.262004
vt 0.918515 0.262282
vt 0.920977 0.262428
vt 0.916258 0.262712
vt 0.044195 0.262746
vt 0.046210 0.261733
vt 0.037442 0.257568
vt 0.039166 0.257184
vt 0.873948 0.261739
vt 0.876423 0.261698
vt 0.871737 0.261180
vt 0.557631 0.256624
vt 0.559627 0.257692
vt 0.555337 0.255725
vt 0.553620 0.255339
vt 0.918314 0.255576
vt 0.920773 0.255650
vt 0.916059 0.256085
vt 0.041462 0.256286
vt 0.043454 0.255217
vt 0.034620 0.251072
vt 0.036360 0.250726
vt 0.874391 0.255079
vt 0.876862 0.255105
vt 0.872184 0.254450
vt 0.560537 0.249947
vt 0.562513 0.251060
vt 0.558245 0.249044
vt 0.556511 0.248696
vt 0.917877 0.248853
vt 0.920333 0.248860
vt 0.915628 0.249431
vt 0.038654 0.249824
vt 0.040626 0.248710
vt 0.031748 0.244562
vt 0.033506 0.244256
vt 0.875054 0.248381
vt 0.877519 0.248469
vt 0.872853 0.247692
vt 0.563483 0.243281
vt 0.565444 0.244428
vt 0.561189 0.242381
vt 0.559438 0.242073
vt 0.917222 0.242114
vt 0.919671 0.242059
vt 0.914978 0.242753
vt 0.035802 0.243358
vt 0.037759 0.242209
vt 0.028859 0.238038
vt 0.030635 0.237774
vt 0.875922 0.241647
vt 0.878379 0.241793
vt 0.873728 0.240908
vt 0.566436 0.236625
vt 0.568387 0.237796
vt 0.564137 0.235737
vt 0.562368 0.235470
vt 0.916366 0.235362
vt 0.918808 0.235249
vt 0.914128 0.236052
vt 0.032936 0.236886
vt 0.034882 0.235715
vt 0.025984 0.231499
vt 0.027779 0.231278
vt 0.876974 0.234881
vt 0.879423 0.235079
vt 0.874786 0.234102
vt 0.569364 0.229981
vt 0.571309 0.231164
vt 0.567057 0.229112
vt 0.565268 0.228888
vt 0.915330 0.228599
vt 0.917764 0.228433
vt 0.913099 0.229329
vt 0.030088 0.230409
vt 0.032029 0.229224
vt 0.023155 0.224945
vt 0.024969 0.224767
vt 0.878186 0.228085
vt 0.880628 0.228328
vt 0.876003 0.227277
vt 0.572233 0.223350
vt 0.574178 0.224535
vt 0.569915 0.222506
vt 0.568108 0.222325
vt 0.914142 0.221828
vt 0.916568 0.221617
vt 0.911916 0.222588
vt 0.027288 0.223924
vt 0.029229 0.222737
vt 0.020404 0.218375
vt 0.022235 0.218239
vt 0.879530 0.221262
vt 0.881963 0.221543
vt 0.877350 0.220437
vt 0.575012 0.216732
vt 0.576960 0.217907
vt 0.572680 0.215921
vt 0.570855 0.215783
vt 0.912832 0.215053
vt 0.915251 0.214803
vt 0.910609 0.215830
vt 0.024569 0.217428
vt 0.026513 0.216252
vt 0.017762 0.211785
vt 0.019610 0.211692
vt 0.880969 0.214416
vt 0.883397 0.214727
vt 0.878791 0.213587
vt 0.577667 0.210129
vt 0.579625 0.211282
vt 0.575319 0.209358
vt 0.573478 0.209262
vt 0.911437 0.208280
vt 0.913850 0.208000
vt 0.909215 0.209061
vt 0.021959 0.210921
vt 0.023913 0.209767
vt 0.015261 0.205175
vt 0.017124 0.205122
vt 0.882464 0.207551
vt 0.884888 0.207881
vt 0.880283 0.206733
vt 0.580167 0.203543
vt 0.582138 0.204660
vt 0.577801 0.202819
vt 0.575944 0.202764
vt 0.909997 0.201514
vt 0.912406 0.201215
vt 0.907773 0.202284
vt 0.019492 0.204398
vt 0.021458 0.203280
vt 0.012933 0.198539
vt 0.014810 0.198525
vt 0.883968 0.200671
vt 0.886390 0.201008
vt 0.881781 0.199882
vt 0.582479 0.196976
vt 0.584468 0.198042
vt 0.580094 0.196307
vt 0.578223 0.196290
vt 0.908561 0.194762
vt 0.910968 0.194456
vt 0.906331 0.195503
vt 0.017197 0.197856
vt 0.019181 0.196789
vt 0.010812 0.191875
vt 0.012700 0.191896
vt 0.885428 0.193781
vt 0.887851 0.194111
vt 0.883230 0.193040
vt 0.584571 0.190431
vt 0.586582 0.191428
vt 0.582165 0.189825
vt 0.580284 0.189844
vt 0.907182 0.188033
vt 0.909590 0.187735
vt 0.904941 0.188726
vt 0.015107 0.191291
vt 0.017113 0.190292
vt 0.008928 0.185176
vt 0.010825 0.185228
vt 0.886784 0.186885
vt 0.889212 0.187190
vt 0.884573 0.186215
vt 0.586412 0.183910
vt 0.588448 0.184819
vt 0.583986 0.183379
vt 0.582095 0.183429
vt 0.905916 0.181337
vt 0.908329 0.181063
vt 0.903662 0.181957
vt 0.013253 0.184698
vt 0.015284 0.183787
vt 0.007317 0.178437
vt 0.009220 0.178515
vt 0.887974 0.179987
vt 0.890409 0.180249
vt 0.885746 0.179416
vt 0.587972 0.177418
vt 0.590034 0.178215
vt 0.585525 0.176972
vt 0.583628 0.177048
vt 0.904827 0.174683
vt 0.907247 0.174453
vt 0.902557 0.175205
vt 0.011668 0.178070
vt 0.013726 0.177272
vt 0.006013 0.171651
vt 0.007920 0.171751
vt 0.888929 0.173093
vt 0.891374 0.173289
vt 0.886684 0.172650
vt 0.589221 0.170957
vt 0.591310 0.171616
vt 0.586755 0.170610
vt 0.584854 0.170707
vt 0.903977 0.168084
vt 0.906406 0.167920
vt 0.901691 0.168477
vt 0.010387 0.171405
vt 0.012471 0.170744
vt 0.005052 0.164815
vt 0.006961 0.164930
vt 0.889583 0.166209
vt 0.892036 0.166315
vt 0.887323 0.165925
vt 0.590131 0.164529
vt 0.592243 0.165021
vt 0.587649 0.164295
vt 0.585746 0.164408
vt 0.903431 0.161549
vt 0.905867 0.161474
vt 0.901132 0.161781
vt 0.009443 0.164696
vt 0.011550 0.164203
vt 0.004471 0.157925
vt 0.006381 0.158051
vt 0.889869 0.159339
vt 0.892326 0.159334
vt 0.887601 0.159247
vt 0.590675 0.158133
vt 0.592803 0.158429
vt 0.588183 0.158027
vt 0.586279 0.158151
vt 0.903246 0.155086
vt 0.905685 0.155124
vt 0.900942 0.155127
vt 0.008874 0.157946
vt 0.010997 0.157648
vt 0.004308 0.151044
vt 0.006219 0.151181
vt 0.889730 0.152527
vt 0.892186 0.152416
vt 0.887465 0.152616
vt 0.590828 0.151722
vt 0.592961 0.151832
vt 0.588332 0.151737
vt 0.586428 0.151872
vt 0.903476 0.148669
vt 0.905912 0.148812
vt 0.901178 0.148528
vt 0.008715 0.151196
vt 0.010843 0.151085
vt 0.004465 0.144239
vt 0.006375 0.144388
vt 0.889284 0.145794
vt 0.891735 0.145612
vt 0.887028 0.146012
vt 0.590679 0.145253
vt 0.592810 0.145227
vt 0.588185 0.145361
vt 0.586281 0.145508
vt 0.904012 0.142245
vt 0.906442 0.142460
vt 0.901724 0.141976
vt 0.008870 0.144496
vt 0.010995 0.144521
vt 0.004849 0.137483
vt 0.006758 0.137648
vt 0.888647 0.139112
vt 0.891094 0.138881
vt 0.886399 0.139424
vt 0.590310 0.138745
vt 0.592435 0.138613
vt 0.587821 0.138926
vt 0.585917 0.139089
vt 0.904744 0.135819
vt 0.907168 0.136081
vt 0.902466 0.135455
vt 0.009248 0.137830
vt 0.011368 0.137959
vt 0.005435 0.130748
vt 0.007342 0.130931
vt 0.887853 0.132459
vt 0.890295 0.132191
vt 0.885614 0.132849
vt 0.589742 0.132215
vt 0.591859 0.131994
vt 0.587258 0.132463
vt 0.585357 0.132644
vt 0.905636 0.129401
vt 0.908056 0.129701
vt 0.903370 0.128960
vt 0.009827 0.131180
vt 0.011939 0.131399
vt 0.006199 0.124035
vt 0.008104 0.124239
vt 0.886938 0.125831
vt 0.889377 0.125538
vt 0.884708 0.126283
vt 0.588996 0.125664
vt 0.591104 0.125369
vt 0.586518 0.125971
vt 0.584619 0.126173
vt 0.906655 0.122988
vt 0.909071 0.123313
vt 0.904398 0.122486
vt 0.010582 0.124546
vt 0.012686 0.124840
vt 0.007118 0.117346
vt 0.009020 0.117572
vt 0.885940 0.119225
vt 0.888376 0.118918
vt 0.883716 0.119721
vt 0.588092 0.119094
vt 0.590193 0.118739
vt 0.585622 0.119452
vt 0.583726 0.119676
vt 0.907765 0.116575
vt 0.910178 0.116913
vt 0.905515 0.116028
vt 0.011491 0.117931
vt 0.013587 0.118284
vt 0.008168 0.110678
vt 0.010066 0.110930
vt 0.884894 0.112636
vt 0.887330 0.112326
vt 0.882675 0.113161
vt 0.587053 0.112504
vt 0.589147 0.112104
vt 0.584590 0.112906
vt 0.582698 0.113155
vt 0.908929 0.110157
vt 0.911341 0.110498
vt 0.906685 0.109581
vt 0.012530 0.111332
vt 0.014619 0.111730
vt 0.009326 0.104033
vt 0.011219 0.104312
vt 0.883835 0.106060
vt 0.886272 0.105758
vt 0.881618 0.106600
vt 0.585901 0.105898
vt 0.587989 0.105467
vt 0.583444 0.106335
vt 0.581556 0.106611
vt 0.910114 0.103730
vt 0.912528 0.104064
vt 0.907872 0.103140
vt 0.013677 0.104750
vt 0.015760 0.105179
vt 0.010569 0.097410
vt 0.012457 0.097717
vt 0.882795 0.099493
vt 0.885235 0.099208
vt 0.880579 0.100033
vt 0.584657 0.099276
vt 0.586742 0.098827
vt 0.582206 0.099742
vt 0.580323 0.100047
vt 0.911286 0.097290
vt 0.913703 0.097607
vt 0.909044 0.096700
vt 0.014910 0.098183
vt 0.016989 0.098630
vt 0.011874 0.090808
vt 0.013757 0.091144
vt 0.881806 0.092932
vt 0.884250 0.092673
vt 0.879588 0.093460
vt 0.583345 0.092641
vt 0.585428 0.092186
vt 0.580897 0.093128
vt 0.579021 0.093462
vt 0.912415 0.090833
vt 0.914837 0.091124
vt 0.910171 0.090255
vt 0.016205 0.091631
vt 0.018284 0.092084
vt 0.013220 0.084226
vt 0.015097 0.084592
vt 0.880894 0.086374
vt 0.883343 0.086148
vt 0.878672 0.086877
vt 0.581985 0.085994
vt 0.584070 0.085546
vt 0.579540 0.086495
vt 0.577670 0.086859
vt 0.913473 0.084355
vt 0.915899 0.084613
vt 0.911225 0.083802
vt 0.017542 0.085094
vt 0.019622 0.085540
vt 0.014583 0.077665
vt 0.016454 0.078060
vt 0.880085 0.079816
vt 0.882539 0.079631
vt 0.877859 0.080282
vt 0.580602 0.079337
vt 0.582691 0.078907
vt 0.578159 0.079845
vt 0.576294 0.080238
vt 0.914432 0.077853
vt 0.916865 0.078071
vt 0.912179 0.077336
vt 0.018898 0.078569
vt 0.020982 0.078996
vt 0.015942 0.071124
vt 0.017807 0.071548
vt 0.879402 0.073255
vt 0.881860 0.073117
vt 0.877171 0.073675
vt 0.579217 0.072671
vt 0.581312 0.072271
vt 0.576774 0.073179
vt 0.574916 0.073601
vt 0.915269 0.071324
vt 0.917707 0.071494
vt 0.913010 0.070854
vt 0.020251 0.072056
vt 0.022341 0.072454
vt 0.017275 0.064603
vt 0.019134 0.065055
vt 0.878865 0.066691
vt 0.881327 0.066605
vt 0.876629 0.067052
vt 0.577855 0.065998
vt 0.579958 0.065639
vt 0.575410 0.066499
vt 0.573557 0.066949
vt 0.915961 0.064763
vt 0.918405 0.064881
vt 0.913696 0.064350
vt 0.021580 0.065555
vt 0.023678 0.065913
vt 0.018560 0.058101
vt 0.020414 0.058580
vt 0.878492 0.060120
vt 0.880958 0.060093
vt 0.876252 0.060413
vt 0.576537 0.059320
vt 0.578650 0.059011
vt 0.574089 0.059805
vt 0.572241 0.060281
vt 0.916488 0.058169
vt 0.918937 0.058229
vt 0.914218 0.057823
vt 0.022862 0.059065
vt 0.024971 0.059372
vt 0.019775 0.051619
vt 0.021624 0.052123
vt 0.878301 0.053541
vt 0.880769 0.053577
vt 0.876059 0.053757
vt 0.575286 0.052636
vt 0.577411 0.052389
vt 0.572834 0.053098
vt 0.570991 0.053600
vt 0.916831 0.051538
vt 0.919283 0.051535
vt 0.914557 0.051270
vt 0.024077 0.052586
vt 0.026197 0.052831
vt 0.020899 0.045157
vt 0.022745 0.045683
vt 0.878307 0.046952
vt 0.880774 0.047056
vt 0.876065 0.047083
vt 0.574127 0.045948
vt 0.576263 0.045773
vt 0.571669 0.046381
vt 0.569830 0.046905
vt 0.916972 0.044869
vt 0.919426 0.044798
vt 0.914696 0.044686
vt 0.025202 0.046116
vt 0.027334 0.046290
vt 0.021911 0.038713
vt 0.023753 0.039260
vt 0.878524 0.040352
vt 0.880989 0.040527
vt 0.876285 0.040388
vt 0.573081 0.039258
vt 0.575230 0.039164
vt 0.570618 0.039653
vt 0.568782 0.040198
vt 0.916895 0.038158
vt 0.919347 0.038017
vt 0.914620 0.038071
vt 0.026217 0.039656
vt 0.028361 0.039748
vt 0.022789 0.032288
vt 0.024628 0.032853
vt 0.878966 0.033739
vt 0.881426 0.033990
vt 0.876735 0.033672
vt 0.572172 0.032566
vt 0.574334 0.032561
vt 0.569703 0.032916
vt 0.567870 0.033479
vt 0.916582 0.031405
vt 0.919031 0.031188
vt 0.914312 0.031421
vt 0.027098 0.033204
vt 0.029255 0.033206
vt 0.023512 0.025880
vt 0.025349 0.026461
vt 0.879647 0.027112
vt 0.882099 0.027440
vt 0.877427 0.026933
vt 0.571423 0.025873
vt 0.573596 0.025967
vt 0.568948 0.026172
vt 0.567117 0.026750
vt 0.916018 0.024607
vt 0.918461 0.024312
vt 0.913757 0.024734
vt 0.027825 0.026761
vt 0.029993 0.026665
vt 0.024059 0.019489
vt 0.025896 0.020083
vt 0.880580 0.020466
vt 0.883021 0.020876
vt 0.878377 0.020171
vt 0.570857 0.019179
vt 0.573039 0.019380
vt 0.568378 0.019421
vt 0.566547 0.020013
vt 0.915186 0.017764
vt 0.917619 0.017388
vt 0.912940 0.018008
vt 0.028376 0.020325
vt 0.030553 0.020123
vt 0.884206 0.014294
vt 0.885949 0.014673
vt 0.884766 0.021243
vt 0.881780 0.013801
vt 0.879599 0.013382
vt 0.570498 0.012487
vt 0.572685 0.012800
vt 0.568015 0.012665
vt 0.566185 0.013268
vt 0.914070 0.010873
vt 0.916489 0.010414
vt 0.911844 0.011241
vt 0.028729 0.013898
vt 0.030913 0.013582
vt 0.026246 0.013718
vt 0.886245 0.005150
vt 0.887707 0.006772
vt 0.883898 0.004308
vt 0.881563 0.004568
vt 0.570117 0.005386
vt 0.571656 0.004308
vt 0.568379 0.007164
vt 0.915550 0.005924
vt 0.916995 0.004308
vt 0.918177 0.010037
vt 0.913199 0.006732
vt 0.910840 0.006423
vt 0.028613 0.007886
vt 0.030146 0.008962
vt 0.026876 0.006109
vt 0.025599 0.004308
vt 0.273587 0.004308
vt 0.539694 0.407011
vt 0.539694 0.655634
vt 0.537415 0.655320
vt 0.537415 0.407326
vt 0.542075 0.407771
vt 0.542075 0.654874
vt 0.543650 0.409317
vt 0.543650 0.653330
vt 0.567106 0.008963
vt 0.329109 0.008963
vt 0.917765 0.385543
vt 0.917765 0.622912
vt 0.915576 0.623226
vt 0.915576 0.385228
vt 0.920149 0.384783
vt 0.920149 0.623673
vt 0.921816 0.383238
vt 0.921816 0.625216
vt 0.318415 0.960157
vt 0.318415 0.938287
vt 0.324889 0.938289
vt 0.324889 0.960158
vt 0.689862 0.885995
vt 0.667995 0.885993
vt 0.667995 0.863313
vt 0.689862 0.863316
vt 0.945525 0.592882
vt 0.945525 0.571013
vt 0.952004 0.571013
vt 0.952004 0.592883
vt 0.132063 0.913504
vt 0.153931 0.913503
vt 0.153931 0.936182
vt 0.132063 0.936183
vt 0.936909 0.602309
vt 0.936909 0.624989
vt 0.930432 0.624988
vt 0.930432 0.602309
vt 0.601577 0.948584
vt 0.601577 0.925905
vt 0.608049 0.925905
vt 0.608049 0.948585
vt 0.100478 0.959597
vt 0.100478 0.937727
vt 0.106952 0.937729
vt 0.106952 0.959598
vt 0.415838 0.887437
vt 0.393971 0.887435
vt 0.393971 0.864756
vt 0.415838 0.864758
vt 0.945525 0.531101
vt 0.945525 0.509232
vt 0.952004 0.509232
vt 0.952004 0.531101
vt 0.100175 0.906432
vt 0.122042 0.906431
vt 0.122042 0.929110
vt 0.100175 0.929111
vt 0.937819 0.837762
vt 0.937819 0.860442
vt 0.931342 0.860441
vt 0.931342 0.837762
vt 0.393971 0.950029
vt 0.393971 0.927350
vt 0.400442 0.927350
vt 0.400442 0.950030
vt 0.524846 0.960910
vt 0.524846 0.939040
vt 0.531320 0.939042
vt 0.531320 0.960911
vt 0.230912 0.889208
vt 0.209045 0.889206
vt 0.209045 0.866527
vt 0.230912 0.866529
vt 0.450887 0.955029
vt 0.450887 0.933160
vt 0.457366 0.933160
vt 0.457366 0.955030
vt 0.303325 0.906992
vt 0.325193 0.906991
vt 0.325193 0.929671
vt 0.303325 0.929671
vt 0.281360 0.917608
vt 0.281360 0.940287
vt 0.274883 0.940287
vt 0.274883 0.917607
vt 0.944686 0.307441
vt 0.944686 0.284761
vt 0.951157 0.284761
vt 0.951157 0.307441
vt 0.957315 0.346143
vt 0.957315 0.324273
vt 0.963789 0.324275
vt 0.963789 0.346144
vt 0.200429 0.889322
vt 0.178562 0.889319
vt 0.178562 0.866640
vt 0.200429 0.866643
vt 0.058555 0.959594
vt 0.058555 0.937725
vt 0.065035 0.937725
vt 0.065035 0.959594
vt 0.841727 0.913939
vt 0.863595 0.913938
vt 0.863595 0.936617
vt 0.841727 0.936618
vt 0.811022 0.919661
vt 0.811022 0.942341
vt 0.804545 0.942341
vt 0.804545 0.919661
vt 0.240905 0.947500
vt 0.240905 0.924821
vt 0.247376 0.924821
vt 0.247376 0.947501
vt 0.506706 0.964911
vt 0.506706 0.943041
vt 0.513180 0.943043
vt 0.513180 0.964912
vt 0.720345 0.885995
vt 0.698478 0.885993
vt 0.698478 0.863314
vt 0.720345 0.863316
vt 0.945525 0.500615
vt 0.945525 0.478746
vt 0.952004 0.478746
vt 0.952004 0.500615
vt 0.355175 0.907110
vt 0.377042 0.907109
vt 0.377042 0.929789
vt 0.355175 0.929790
vt 0.936909 0.383238
vt 0.936909 0.405918
vt 0.930432 0.405918
vt 0.930432 0.383238
vt 0.616665 0.948584
vt 0.616665 0.925905
vt 0.623136 0.925905
vt 0.623136 0.948585
vt 0.698478 0.962326
vt 0.698478 0.940456
vt 0.704951 0.940457
vt 0.704951 0.962327
vt 0.325192 0.898375
vt 0.303325 0.898372
vt 0.303325 0.875693
vt 0.325192 0.875696
vt 0.466274 0.955029
vt 0.466274 0.933160
vt 0.472754 0.933160
vt 0.472754 0.955030
vt 0.886340 0.914065
vt 0.908207 0.914064
vt 0.908207 0.936744
vt 0.886340 0.936745
vt 0.945495 0.247678
vt 0.945495 0.270358
vt 0.939018 0.270358
vt 0.939018 0.247678
vt 0.667994 0.948587
vt 0.667994 0.925908
vt 0.674466 0.925908
vt 0.674466 0.948588
vt 0.957685 0.755655
vt 0.957685 0.733785
vt 0.964159 0.733787
vt 0.964159 0.755656
vt 0.038461 0.897799
vt 0.016594 0.897796
vt 0.016594 0.875117
vt 0.038461 0.875120
vt 0.821796 0.957652
vt 0.821796 0.935782
vt 0.828275 0.935783
vt 0.828275 0.957652
vt 0.915576 0.633833
vt 0.937443 0.633832
vt 0.937443 0.656512
vt 0.915576 0.656513
vt 0.936909 0.414534
vt 0.936909 0.437214
vt 0.930432 0.437213
vt 0.930432 0.414534
vt 0.209045 0.951801
vt 0.209045 0.929121
vt 0.215517 0.929121
vt 0.215517 0.951801
vt 0.958154 0.093072
vt 0.958154 0.071203
vt 0.964628 0.071204
vt 0.964628 0.093074
vt 0.080422 0.897812
vt 0.058555 0.897810
vt 0.058555 0.875131
vt 0.080422 0.875133
vt 0.945525 0.623368
vt 0.945525 0.601499
vt 0.952004 0.601499
vt 0.952004 0.623368
vt 0.491312 0.911746
vt 0.513180 0.911745
vt 0.513180 0.934424
vt 0.491312 0.934425
vt 0.939850 0.876245
vt 0.939850 0.898924
vt 0.933373 0.898924
vt 0.933373 0.876245
vt 0.683082 0.948587
vt 0.683082 0.925908
vt 0.689553 0.925908
vt 0.689553 0.948588
vt 0.539936 0.960910
vt 0.539936 0.939040
vt 0.546410 0.939042
vt 0.546410 0.960911
vt 0.122042 0.897815
vt 0.100175 0.897812
vt 0.100175 0.875133
vt 0.122042 0.875136
vt 0.163466 0.958256
vt 0.163466 0.936386
vt 0.169946 0.936387
vt 0.169946 0.958256
vt 0.058555 0.906429
vt 0.080422 0.906428
vt 0.080422 0.929108
vt 0.058555 0.929109
vt 0.346559 0.913129
vt 0.346559 0.935808
vt 0.340082 0.935808
vt 0.340082 0.913129
vt 0.943067 0.142968
vt 0.943067 0.120288
vt 0.949539 0.120288
vt 0.949539 0.142968
vt 0.555026 0.963127
vt 0.555026 0.941258
vt 0.561500 0.941259
vt 0.561500 0.963128
vt 0.780539 0.879748
vt 0.758672 0.879745
vt 0.758672 0.857066
vt 0.780539 0.857068
vt 0.946059 0.655702
vt 0.946059 0.633832
vt 0.952539 0.633833
vt 0.952539 0.655702
vt 0.601577 0.894609
vt 0.623445 0.894608
vt 0.623445 0.917288
vt 0.601577 0.917289
vt 0.945495 0.151584
vt 0.945495 0.174264
vt 0.939018 0.174264
vt 0.939018 0.151584
vt 0.224441 0.951801
vt 0.224441 0.929121
vt 0.230913 0.929121
vt 0.230913 0.951801
vt 0.370568 0.960275
vt 0.370568 0.938406
vt 0.377042 0.938407
vt 0.377042 0.960276
vt 0.415838 0.824842
vt 0.393971 0.824840
vt 0.393971 0.802161
vt 0.415838 0.802163
vt 0.946059 0.724358
vt 0.946059 0.702489
vt 0.952539 0.702489
vt 0.952539 0.724358
vt 0.915576 0.702490
vt 0.937443 0.702489
vt 0.937443 0.725168
vt 0.915576 0.725169
vt 0.936909 0.445830
vt 0.936909 0.468509
vt 0.930432 0.468509
vt 0.930432 0.445830
vt 0.193958 0.951914
vt 0.193958 0.929234
vt 0.200429 0.929235
vt 0.200429 0.951914
vt 0.303325 0.960157
vt 0.303325 0.938287
vt 0.309799 0.938289
vt 0.309799 0.960158
vt 0.811022 0.879748
vt 0.789155 0.879745
vt 0.789155 0.857066
vt 0.811022 0.857068
vt 0.946059 0.693062
vt 0.946059 0.671192
vt 0.952539 0.671193
vt 0.952539 0.693062
vt 0.915576 0.671193
vt 0.937443 0.671192
vt 0.937443 0.693872
vt 0.915576 0.693873
vt 0.936909 0.477126
vt 0.936909 0.499805
vt 0.930432 0.499805
vt 0.930432 0.477125
vt 0.178870 0.951914
vt 0.178870 0.929234
vt 0.185342 0.929235
vt 0.185342 0.951914
vt 0.435500 0.963316
vt 0.435500 0.941446
vt 0.441974 0.941448
vt 0.441974 0.963317
vt 0.623444 0.885992
vt 0.601577 0.885990
vt 0.601577 0.863311
vt 0.623444 0.863313
vt 0.946435 0.860441
vt 0.946435 0.838572
vt 0.952914 0.838572
vt 0.952914 0.860442
vt 0.725432 0.911864
vt 0.747299 0.911863
vt 0.747299 0.934543
vt 0.725432 0.934544
vt 0.945495 0.216382
vt 0.945495 0.239062
vt 0.939018 0.239062
vt 0.939018 0.216382
vt 0.945497 0.797981
vt 0.945497 0.775301
vt 0.951968 0.775301
vt 0.951968 0.797981
vt 0.355478 0.960275
vt 0.355478 0.938406
vt 0.361952 0.938407
vt 0.361952 0.960276
vt 0.653927 0.885992
vt 0.632060 0.885990
vt 0.632060 0.863311
vt 0.653927 0.863313
vt 0.031982 0.959581
vt 0.031982 0.937711
vt 0.038461 0.937712
vt 0.038461 0.959581
vt 0.758672 0.888365
vt 0.780539 0.888364
vt 0.780539 0.911043
vt 0.758672 0.911044
vt 0.936070 0.284761
vt 0.936070 0.307441
vt 0.929593 0.307441
vt 0.929593 0.284761
vt 0.943068 0.026988
vt 0.943068 0.004308
vt 0.949540 0.004308
vt 0.949540 0.026988
vt 0.954111 0.269547
vt 0.954111 0.247678
vt 0.960585 0.247679
vt 0.960585 0.269549
vt 0.811022 0.911045
vt 0.789155 0.911043
vt 0.789155 0.888364
vt 0.811022 0.888366
vt 0.946438 0.828466
vt 0.946438 0.806597
vt 0.952917 0.806597
vt 0.952917 0.828467
vt 0.667994 0.894612
vt 0.689862 0.894611
vt 0.689862 0.917291
vt 0.667994 0.917292
vt 0.265970 0.917607
vt 0.265970 0.940287
vt 0.259493 0.940287
vt 0.259493 0.917607
vt 0.652906 0.948587
vt 0.652906 0.925908
vt 0.659378 0.925908
vt 0.659378 0.948588
vt 0.958155 0.142967
vt 0.958155 0.121097
vt 0.964629 0.121099
vt 0.964629 0.142968
vt 0.230912 0.826613
vt 0.209045 0.826611
vt 0.209045 0.803932
vt 0.230912 0.803934
vt 0.571094 0.953016
vt 0.571094 0.931147
vt 0.577573 0.931147
vt 0.577573 0.953016
vt 0.916824 0.914065
vt 0.938691 0.914064
vt 0.938691 0.936744
vt 0.916824 0.936745
vt 0.936909 0.508421
vt 0.936909 0.531101
vt 0.930432 0.531101
vt 0.930432 0.508421
vt 0.945525 0.437214
vt 0.945525 0.414534
vt 0.951996 0.414534
vt 0.951996 0.437214
vt 0.958156 0.058283
vt 0.958156 0.036413
vt 0.964630 0.036415
vt 0.964630 0.058284
vt 0.200429 0.826727
vt 0.178562 0.826724
vt 0.178562 0.804045
vt 0.200429 0.804048
vt 0.586189 0.953016
vt 0.586189 0.931147
vt 0.592669 0.931147
vt 0.592669 0.953016
vt 0.637511 0.894612
vt 0.659378 0.894611
vt 0.659378 0.917291
vt 0.637511 0.917292
vt 0.945495 0.183983
vt 0.945495 0.206663
vt 0.939018 0.206663
vt 0.939018 0.183983
vt 0.637511 0.948587
vt 0.637511 0.925908
vt 0.643982 0.925908
vt 0.643982 0.948588
vt 0.954111 0.239061
vt 0.954111 0.217191
vt 0.960585 0.217193
vt 0.960585 0.239062
vt 0.415838 0.856140
vt 0.393971 0.856137
vt 0.393971 0.833458
vt 0.415838 0.833461
vt 0.947307 0.935934
vt 0.947307 0.914064
vt 0.953787 0.914064
vt 0.953787 0.935934
vt 0.393971 0.896054
vt 0.415839 0.896053
vt 0.415839 0.918733
vt 0.393971 0.918734
vt 0.936909 0.539717
vt 0.936909 0.562397
vt 0.930432 0.562397
vt 0.930432 0.539717
vt 0.945525 0.405918
vt 0.945525 0.383238
vt 0.951996 0.383238
vt 0.951996 0.405918
vt 0.954111 0.205852
vt 0.954111 0.183983
vt 0.960585 0.183984
vt 0.960585 0.205854
vt 0.230912 0.857911
vt 0.209045 0.857909
vt 0.209045 0.835229
vt 0.230912 0.835232
vt 0.016594 0.959581
vt 0.016594 0.937711
vt 0.023073 0.937712
vt 0.023073 0.959581
vt 0.209045 0.897826
vt 0.230913 0.897825
vt 0.230913 0.920504
vt 0.209045 0.920505
vt 0.795929 0.919661
vt 0.795929 0.942341
vt 0.789452 0.942341
vt 0.789452 0.919661
vt 0.942228 0.346144
vt 0.942228 0.323464
vt 0.948699 0.323464
vt 0.948699 0.346144
vt 0.958156 0.026987
vt 0.958156 0.005117
vt 0.964630 0.005119
vt 0.964630 0.026988
vt 0.200429 0.858024
vt 0.178562 0.858022
vt 0.178562 0.835343
vt 0.200429 0.835345
vt 0.948466 0.898114
vt 0.948466 0.876245
vt 0.954946 0.876245
vt 0.954946 0.898114
vt 0.178562 0.897939
vt 0.200430 0.897938
vt 0.200430 0.920617
vt 0.178562 0.920618
vt 0.780836 0.919661
vt 0.780836 0.942341
vt 0.774360 0.942341
vt 0.774360 0.919661
vt 0.943068 0.058284
vt 0.943068 0.035604
vt 0.949540 0.035604
vt 0.949540 0.058284
vt 0.115568 0.959597
vt 0.115568 0.937727
vt 0.122042 0.937729
vt 0.122042 0.959598
vt 0.863594 0.905322
vt 0.841727 0.905320
vt 0.841727 0.882640
vt 0.863594 0.882643
vt 0.945525 0.467699
vt 0.945525 0.445830
vt 0.952004 0.445830
vt 0.952004 0.467699
vt 0.571094 0.899851
vt 0.592961 0.899850
vt 0.592961 0.922530
vt 0.571094 0.922531
vt 0.936881 0.775301
vt 0.936881 0.797981
vt 0.930404 0.797981
vt 0.930404 0.775301
vt 0.409367 0.950029
vt 0.409367 0.927350
vt 0.415838 0.927350
vt 0.415838 0.950030
vt 0.073651 0.959594
vt 0.073651 0.937725
vt 0.080124 0.937726
vt 0.080124 0.959596
vt 0.281360 0.877694
vt 0.259493 0.877691
vt 0.259493 0.855012
vt 0.281360 0.855015
vt 0.931342 0.828466
vt 0.931342 0.806597
vt 0.937822 0.806597
vt 0.937822 0.828466
vt 0.450887 0.901864
vt 0.472754 0.901863
vt 0.472754 0.924543
vt 0.450887 0.924544
vt 0.765744 0.919661
vt 0.765744 0.942341
vt 0.759267 0.942341
vt 0.759267 0.919661
vt 0.942598 0.756465
vt 0.942598 0.733785
vt 0.949069 0.733786
vt 0.949069 0.756465
vt 0.954111 0.174262
vt 0.954111 0.152393
vt 0.960585 0.152394
vt 0.960585 0.174264
vt 0.281360 0.908991
vt 0.259493 0.908989
vt 0.259493 0.886310
vt 0.281360 0.886312
vt 0.945525 0.561586
vt 0.945525 0.539717
vt 0.952004 0.539717
vt 0.952004 0.561587
vt 0.016594 0.906416
vt 0.038462 0.906415
vt 0.038462 0.929094
vt 0.016594 0.929095
vt 0.936909 0.571013
vt 0.936909 0.593693
vt 0.930432 0.593693
vt 0.930432 0.571013
vt 0.943067 0.093882
vt 0.943067 0.071203
vt 0.949538 0.071203
vt 0.949538 0.093883
vt 0.963199 0.966041
vt 0.965255 0.966040
vt 0.963470 0.967256
vt 0.686440 0.961414
vt 0.688485 0.961414
vt 0.688214 0.962629
vt 0.162808 0.884161
vt 0.162812 0.881740
vt 0.165238 0.881731
vt 0.164909 0.884154
vt 0.162808 0.879302
vt 0.162798 0.877500
vt 0.164011 0.877496
vt 0.164909 0.879294
vt 0.162797 0.885917
vt 0.164010 0.885913
vt 0.687473 0.963518
vt 0.167006 0.881708
vt 0.166440 0.884134
vt 0.962098 0.968147
vt 0.964211 0.968145
vt 0.963380 0.969687
vt 0.689553 0.963517
vt 0.688270 0.965057
vt 0.166441 0.879275
vt 0.491584 0.974169
vt 0.491312 0.971742
vt 0.493332 0.971748
vt 0.493333 0.974175
vt 0.965222 0.968471
vt 0.965132 0.970251
vt 0.686517 0.965621
vt 0.686461 0.963844
vt 0.491592 0.969309
vt 0.493341 0.969315
vt 0.493357 0.967527
vt 0.494372 0.967527
vt 0.495099 0.969315
vt 0.493343 0.975945
vt 0.495091 0.974175
vt 0.494358 0.975945
vt 0.495362 0.971748
vt 0.966233 0.968145
vt 0.685449 0.963518
vt 0.684765 0.965057
vt 0.683481 0.963517
vt 0.684708 0.962629
vt 0.770478 0.955165
vt 0.771041 0.952739
vt 0.772585 0.952721
vt 0.772261 0.955144
vt 0.966973 0.967256
vt 0.771041 0.957599
vt 0.772586 0.957581
vt 0.966883 0.969688
vt 0.968165 0.968147
vt 0.773471 0.959377
vt 0.774691 0.957574
vt 0.774687 0.959374
vt 0.774691 0.952715
vt 0.774693 0.955137
vt 0.967244 0.966041
vt 0.684437 0.961414
vt 0.773471 0.950961
vt 0.774686 0.950957
vt 0.776794 0.957581
vt 0.775901 0.959377
vt 0.776794 0.952721
vt 0.777121 0.955144
vt 0.966973 0.964826
vt 0.684708 0.960199
vt 0.775901 0.950961
vt 0.683481 0.959308
vt 0.684765 0.957767
vt 0.685449 0.959309
vt 0.778331 0.952739
vt 0.778895 0.955165
vt 0.966233 0.963936
vt 0.778331 0.957599
vt 0.968165 0.963938
vt 0.966883 0.962398
vt 0.196383 0.980758
vt 0.196678 0.978325
vt 0.198406 0.978328
vt 0.198378 0.980761
vt 0.965222 0.963611
vt 0.686461 0.958984
vt 0.196679 0.983185
vt 0.198407 0.983188
vt 0.197485 0.976539
vt 0.198482 0.976540
vt 0.686517 0.957204
vt 0.964211 0.963936
vt 0.687473 0.959309
vt 0.200429 0.980758
vt 0.200183 0.983185
vt 0.199508 0.976539
vt 0.200182 0.978325
vt 0.688270 0.957767
vt 0.688214 0.960199
vt 0.159151 0.884134
vt 0.158589 0.881708
vt 0.160378 0.881731
vt 0.160700 0.884154
vt 0.963380 0.962397
vt 0.963470 0.964826
vt 0.962098 0.963938
vt 0.689553 0.959308
vt 0.159151 0.879275
vt 0.160701 0.879294
vt 0.161581 0.877496
vt 0.161580 0.885913
vt 0.947290 0.107495
vt 0.947287 0.105057
vt 0.949388 0.105050
vt 0.949716 0.107487
vt 0.887442 0.966041
vt 0.889497 0.966040
vt 0.887712 0.967256
vt 0.965571 0.361432
vt 0.967616 0.361431
vt 0.967345 0.362646
vt 0.947286 0.109916
vt 0.949387 0.109909
vt 0.947276 0.103255
vt 0.948489 0.103251
vt 0.947275 0.111672
vt 0.948488 0.111668
vt 0.966604 0.363536
vt 0.951485 0.107464
vt 0.950919 0.109889
vt 0.886340 0.968147
vt 0.888453 0.968145
vt 0.887622 0.969688
vt 0.968684 0.363535
vt 0.967401 0.365075
vt 0.950919 0.105030
vt 0.965592 0.363861
vt 0.290248 0.972931
vt 0.289976 0.970504
vt 0.291996 0.970510
vt 0.291997 0.972937
vt 0.889464 0.968471
vt 0.889374 0.970251
vt 0.965648 0.365639
vt 0.290255 0.968071
vt 0.292005 0.968077
vt 0.294026 0.970510
vt 0.293755 0.972937
vt 0.292021 0.966289
vt 0.293036 0.966289
vt 0.293763 0.968077
vt 0.292007 0.974707
vt 0.293022 0.974707
vt 0.890475 0.968145
vt 0.964580 0.363536
vt 0.891125 0.969688
vt 0.891215 0.967256
vt 0.892407 0.968147
vt 0.963896 0.365075
vt 0.962612 0.363534
vt 0.963839 0.362646
vt 0.753444 0.955165
vt 0.754007 0.952739
vt 0.755552 0.952721
vt 0.755228 0.955144
vt 0.754007 0.957599
vt 0.755552 0.957581
vt 0.756437 0.959377
vt 0.757658 0.957574
vt 0.757653 0.959374
vt 0.757658 0.952715
vt 0.757659 0.955137
vt 0.891486 0.966041
vt 0.963568 0.361431
vt 0.756437 0.950961
vt 0.757653 0.950957
vt 0.759761 0.957581
vt 0.758867 0.959377
vt 0.759760 0.952721
vt 0.760088 0.955144
vt 0.891215 0.964826
vt 0.963839 0.360216
vt 0.758867 0.950961
vt 0.962612 0.359326
vt 0.963895 0.357785
vt 0.964580 0.359327
vt 0.761297 0.952739
vt 0.761862 0.955165
vt 0.890475 0.963937
vt 0.761297 0.957599
vt 0.892407 0.963938
vt 0.891125 0.962398
vt 0.965648 0.357221
vt 0.965592 0.359001
vt 0.976552 0.481290
vt 0.976847 0.478857
vt 0.978575 0.478860
vt 0.978547 0.481293
vt 0.889464 0.963611
vt 0.976848 0.483717
vt 0.978576 0.483720
vt 0.977655 0.477071
vt 0.978652 0.477073
vt 0.980352 0.478857
vt 0.980599 0.481290
vt 0.888453 0.963937
vt 0.966604 0.359327
vt 0.980353 0.483717
vt 0.979678 0.477071
vt 0.967401 0.357785
vt 0.887712 0.964826
vt 0.967345 0.360216
vt 0.943629 0.109889
vt 0.943067 0.107464
vt 0.944856 0.107487
vt 0.945178 0.109909
vt 0.887622 0.962398
vt 0.886340 0.963938
vt 0.968684 0.359326
vt 0.943629 0.105030
vt 0.945179 0.105050
vt 0.946060 0.103251
vt 0.946059 0.111668
vt 0.935681 0.966608
vt 0.937725 0.966607
vt 0.937454 0.967822
vt 0.875743 0.369401
vt 0.875747 0.366980
vt 0.878173 0.366971
vt 0.877844 0.369394
vt 0.875743 0.364542
vt 0.875733 0.362740
vt 0.876946 0.362736
vt 0.877844 0.364534
vt 0.875732 0.371157
vt 0.876945 0.371153
vt 0.274044 0.969583
vt 0.276099 0.969583
vt 0.274315 0.970798
vt 0.879941 0.366948
vt 0.879375 0.369374
vt 0.272942 0.971689
vt 0.275055 0.971687
vt 0.274225 0.973230
vt 0.938794 0.968711
vt 0.937511 0.970251
vt 0.936714 0.968712
vt 0.879376 0.364515
vt 0.276066 0.972013
vt 0.275976 0.973794
vt 0.935758 0.970815
vt 0.935702 0.969037
vt 0.971696 0.550128
vt 0.971975 0.547695
vt 0.973725 0.547701
vt 0.973716 0.550134
vt 0.971967 0.552555
vt 0.973717 0.552561
vt 0.973727 0.554331
vt 0.975475 0.552561
vt 0.974742 0.554331
vt 0.975483 0.547701
vt 0.975746 0.550134
vt 0.277077 0.971688
vt 0.934690 0.968712
vt 0.973741 0.545913
vt 0.974756 0.545913
vt 0.934005 0.970251
vt 0.932722 0.968711
vt 0.933949 0.967822
vt 0.804545 0.955165
vt 0.805108 0.952739
vt 0.806653 0.952721
vt 0.806329 0.955144
vt 0.277818 0.970798
vt 0.805108 0.957599
vt 0.806653 0.957581
vt 0.277727 0.973230
vt 0.279009 0.971689
vt 0.807538 0.959377
vt 0.808759 0.957574
vt 0.808754 0.959374
vt 0.808758 0.952715
vt 0.808760 0.955137
vt 0.278089 0.969583
vt 0.933678 0.966607
vt 0.807538 0.950961
vt 0.808754 0.950957
vt 0.810862 0.957581
vt 0.809968 0.959377
vt 0.810861 0.952721
vt 0.811189 0.955144
vt 0.277818 0.968368
vt 0.933949 0.965392
vt 0.809968 0.950961
vt 0.812398 0.952739
vt 0.812963 0.955165
vt 0.277077 0.967479
vt 0.934690 0.964503
vt 0.812398 0.957599
vt 0.279009 0.967481
vt 0.277727 0.965940
vt 0.932722 0.964502
vt 0.934005 0.962961
vt 0.276066 0.967153
vt 0.935702 0.964177
vt 0.224429 0.983201
vt 0.224133 0.980774
vt 0.226128 0.980777
vt 0.226156 0.983204
vt 0.224428 0.978341
vt 0.225235 0.976555
vt 0.226232 0.976557
vt 0.226155 0.978344
vt 0.935758 0.962397
vt 0.936714 0.964503
vt 0.228179 0.980774
vt 0.227933 0.983201
vt 0.227258 0.976555
vt 0.227932 0.978341
vt 0.937511 0.962961
vt 0.275055 0.967479
vt 0.937454 0.965392
vt 0.872086 0.369374
vt 0.871524 0.366948
vt 0.873313 0.366971
vt 0.873635 0.369394
vt 0.274225 0.965940
vt 0.274315 0.968368
vt 0.272942 0.967480
vt 0.938794 0.964502
vt 0.872086 0.364515
vt 0.873636 0.364534
vt 0.874516 0.362736
vt 0.874515 0.371153
vt 0.212004 0.964627
vt 0.214049 0.964627
vt 0.213777 0.965842
vt 0.729650 0.949825
vt 0.729655 0.947404
vt 0.732081 0.947396
vt 0.731752 0.949818
vt 0.729651 0.944966
vt 0.729641 0.943164
vt 0.730854 0.943160
vt 0.731752 0.944959
vt 0.729640 0.951581
vt 0.730853 0.951577
vt 0.164980 0.970515
vt 0.167036 0.970515
vt 0.165251 0.971730
vt 0.733849 0.947373
vt 0.733283 0.949798
vt 0.163879 0.972621
vt 0.165992 0.972620
vt 0.165161 0.974162
vt 0.215117 0.966730
vt 0.213834 0.968271
vt 0.213037 0.966731
vt 0.733284 0.944939
vt 0.167003 0.972945
vt 0.166913 0.974726
vt 0.212081 0.968835
vt 0.212025 0.967057
vt 0.808913 0.972208
vt 0.809192 0.969776
vt 0.810942 0.969781
vt 0.810933 0.972215
vt 0.809184 0.974635
vt 0.810934 0.974641
vt 0.810944 0.976411
vt 0.812692 0.974641
vt 0.811959 0.976411
vt 0.812699 0.969781
vt 0.812963 0.972215
vt 0.168014 0.972620
vt 0.211013 0.966731
vt 0.810958 0.967993
vt 0.811972 0.967993
vt 0.210328 0.968271
vt 0.209045 0.966730
vt 0.210272 0.965842
vt 0.916824 0.949569
vt 0.917386 0.947143
vt 0.918931 0.947125
vt 0.918607 0.949548
vt 0.168754 0.971730
vt 0.917387 0.952003
vt 0.918931 0.951985
vt 0.168664 0.974162
vt 0.169946 0.972622
vt 0.919817 0.953781
vt 0.921037 0.951978
vt 0.921032 0.953778
vt 0.921037 0.947119
vt 0.921039 0.949541
vt 0.169025 0.970515
vt 0.210001 0.964627
vt 0.919816 0.945365
vt 0.921032 0.945361
vt 0.923140 0.951985
vt 0.922247 0.953781
vt 0.923140 0.947125
vt 0.923467 0.949548
vt 0.168754 0.969300
vt 0.210272 0.963412
vt 0.922246 0.945365
vt 0.924676 0.947143
vt 0.925241 0.949569
vt 0.168014 0.968411
vt 0.211013 0.962523
vt 0.924676 0.952003
vt 0.169946 0.968413
vt 0.168664 0.966872
vt 0.209045 0.962521
vt 0.210328 0.960981
vt 0.167003 0.968085
vt 0.212025 0.962197
vt 0.977714 0.845218
vt 0.977418 0.842791
vt 0.979412 0.842794
vt 0.979441 0.845221
vt 0.977713 0.840358
vt 0.978520 0.838572
vt 0.979517 0.838573
vt 0.979440 0.840361
vt 0.212081 0.960417
vt 0.213037 0.962523
vt 0.981464 0.842791
vt 0.981218 0.845218
vt 0.980543 0.838572
vt 0.981217 0.840358
vt 0.213834 0.960981
vt 0.165992 0.968411
vt 0.213777 0.963412
vt 0.725993 0.949798
vt 0.725432 0.947373
vt 0.727221 0.947396
vt 0.727543 0.949818
vt 0.165161 0.966872
vt 0.165251 0.969300
vt 0.163879 0.968412
vt 0.215117 0.962521
vt 0.725994 0.944939
vt 0.727543 0.944959
vt 0.728424 0.943160
vt 0.728423 0.951577
vt 0.342349 0.952845
vt 0.342360 0.951090
vt 0.344461 0.951082
vt 0.343562 0.952841
vt 0.342364 0.948668
vt 0.342360 0.946230
vt 0.344462 0.946223
vt 0.344790 0.948660
vt 0.259361 0.969583
vt 0.261416 0.969583
vt 0.259632 0.970798
vt 0.261213 0.953114
vt 0.263258 0.953113
vt 0.262987 0.954328
vt 0.342350 0.944429
vt 0.343563 0.944424
vt 0.264326 0.955216
vt 0.263043 0.956757
vt 0.262246 0.955218
vt 0.345993 0.946203
vt 0.346559 0.948637
vt 0.260372 0.971688
vt 0.345993 0.951062
vt 0.258259 0.971689
vt 0.259541 0.973230
vt 0.787511 0.972208
vt 0.787791 0.969776
vt 0.789540 0.969782
vt 0.789532 0.972215
vt 0.261383 0.972013
vt 0.261234 0.955543
vt 0.787783 0.974636
vt 0.789532 0.974641
vt 0.261293 0.973794
vt 0.261290 0.957321
vt 0.262394 0.971688
vt 0.260222 0.955218
vt 0.791561 0.972215
vt 0.791290 0.974641
vt 0.789556 0.967994
vt 0.790571 0.967994
vt 0.791298 0.969782
vt 0.789543 0.976411
vt 0.790557 0.976411
vt 0.259481 0.954328
vt 0.788075 0.957599
vt 0.787511 0.955165
vt 0.789295 0.955144
vt 0.789619 0.957581
vt 0.263044 0.973230
vt 0.263135 0.970798
vt 0.264326 0.971689
vt 0.259538 0.956757
vt 0.258255 0.955216
vt 0.788074 0.952739
vt 0.789619 0.952721
vt 0.259210 0.953113
vt 0.791727 0.955137
vt 0.791725 0.957574
vt 0.790504 0.950961
vt 0.791720 0.950957
vt 0.791725 0.952715
vt 0.790505 0.959377
vt 0.791720 0.959374
vt 0.263406 0.969583
vt 0.259481 0.951898
vt 0.794155 0.955144
vt 0.793828 0.957581
vt 0.792934 0.950961
vt 0.793828 0.952721
vt 0.792935 0.959377
vt 0.263135 0.968368
vt 0.795929 0.955165
vt 0.795364 0.957599
vt 0.264326 0.967481
vt 0.262394 0.967479
vt 0.263044 0.965940
vt 0.258255 0.951007
vt 0.259538 0.949467
vt 0.260222 0.951009
vt 0.795364 0.952739
vt 0.977722 0.824988
vt 0.978530 0.823201
vt 0.979527 0.823203
vt 0.979450 0.824990
vt 0.261290 0.948903
vt 0.261234 0.950683
vt 0.977427 0.827420
vt 0.979422 0.827423
vt 0.261383 0.967153
vt 0.977723 0.829847
vt 0.979451 0.829850
vt 0.263043 0.949467
vt 0.262246 0.951009
vt 0.981227 0.824988
vt 0.981474 0.827420
vt 0.260372 0.967479
vt 0.981228 0.829847
vt 0.980553 0.823201
vt 0.264326 0.951008
vt 0.262987 0.951898
vt 0.338141 0.948637
vt 0.338703 0.946203
vt 0.340253 0.946223
vt 0.339930 0.948660
vt 0.259632 0.968368
vt 0.338703 0.951062
vt 0.340252 0.951082
vt 0.259541 0.965940
vt 0.258259 0.967480
vt 0.341133 0.952841
vt 0.341133 0.944424
vt 0.966521 0.880455
vt 0.968565 0.880455
vt 0.968294 0.881670
vt 0.149732 0.951464
vt 0.149736 0.949043
vt 0.152163 0.949035
vt 0.151833 0.951457
vt 0.149733 0.946605
vt 0.149723 0.944803
vt 0.150936 0.944799
vt 0.151834 0.946598
vt 0.149722 0.953220
vt 0.150935 0.953216
vt 0.969026 0.949571
vt 0.971081 0.949570
vt 0.969297 0.950786
vt 0.153931 0.949012
vt 0.153365 0.951437
vt 0.967925 0.951677
vt 0.970037 0.951675
vt 0.969207 0.953217
vt 0.969634 0.882558
vt 0.968351 0.884098
vt 0.967553 0.882559
vt 0.153365 0.946578
vt 0.971048 0.952001
vt 0.970958 0.953781
vt 0.966598 0.884662
vt 0.966541 0.882885
vt 0.971782 0.787528
vt 0.972061 0.785096
vt 0.973810 0.785101
vt 0.973802 0.787535
vt 0.972053 0.789955
vt 0.973803 0.789961
vt 0.973813 0.791731
vt 0.975560 0.789961
vt 0.974828 0.791731
vt 0.975568 0.785101
vt 0.975831 0.787535
vt 0.972060 0.951675
vt 0.965529 0.882559
vt 0.973826 0.783313
vt 0.974841 0.783313
vt 0.964845 0.884098
vt 0.963562 0.882558
vt 0.964789 0.881670
vt 0.933857 0.949569
vt 0.934420 0.947143
vt 0.935965 0.947125
vt 0.935641 0.949548
vt 0.972800 0.950786
vt 0.934420 0.952003
vt 0.935965 0.951985
vt 0.972710 0.953218
vt 0.973992 0.951677
vt 0.936850 0.953781
vt 0.938071 0.951978
vt 0.938066 0.953778
vt 0.938071 0.947119
vt 0.938073 0.949541
vt 0.973071 0.949571
vt 0.964517 0.880455
vt 0.936850 0.945365
vt 0.938066 0.945361
vt 0.940174 0.951985
vt 0.939280 0.953781
vt 0.940174 0.947125
vt 0.940501 0.949548
vt 0.972800 0.948356
vt 0.964789 0.879240
vt 0.939280 0.945365
vt 0.941710 0.947143
vt 0.942275 0.949569
vt 0.972060 0.947467
vt 0.965529 0.878350
vt 0.941710 0.952003
vt 0.973992 0.947468
vt 0.972710 0.945928
vt 0.963562 0.878349
vt 0.964845 0.876808
vt 0.971048 0.947141
vt 0.966541 0.878025
vt 0.725728 0.982977
vt 0.725432 0.980549
vt 0.727426 0.980552
vt 0.727455 0.982979
vt 0.725727 0.978117
vt 0.726534 0.976330
vt 0.727531 0.976332
vt 0.727454 0.978119
vt 0.966598 0.876245
vt 0.967553 0.878350
vt 0.729478 0.980549
vt 0.729232 0.982977
vt 0.728557 0.976330
vt 0.729231 0.978117
vt 0.968351 0.876808
vt 0.970037 0.947466
vt 0.968294 0.879240
vt 0.146075 0.951437
vt 0.145514 0.949012
vt 0.147303 0.949035
vt 0.147625 0.951457
vt 0.969207 0.945928
vt 0.969297 0.948356
vt 0.967925 0.947468
vt 0.969634 0.878349
vt 0.146076 0.946578
vt 0.147625 0.946598
vt 0.148506 0.944799
vt 0.148505 0.953216
vt 0.859385 0.953655
vt 0.859396 0.951900
vt 0.861497 0.951892
vt 0.860599 0.953651
vt 0.859400 0.949478
vt 0.859397 0.947040
vt 0.861498 0.947033
vt 0.861826 0.949470
vt 0.451988 0.967289
vt 0.454044 0.967288
vt 0.452259 0.968504
vt 0.966521 0.897489
vt 0.968565 0.897488
vt 0.968294 0.898703
vt 0.859386 0.945239
vt 0.860599 0.945234
vt 0.967553 0.899593
vt 0.863595 0.949447
vt 0.863029 0.951872
vt 0.450887 0.969395
vt 0.452999 0.969393
vt 0.452169 0.970935
vt 0.969634 0.899592
vt 0.968351 0.901132
vt 0.863029 0.947013
vt 0.966541 0.899918
vt 0.972676 0.344369
vt 0.972405 0.341941
vt 0.974425 0.341948
vt 0.974426 0.344374
vt 0.454010 0.969719
vt 0.453920 0.971499
vt 0.966598 0.901696
vt 0.972684 0.339509
vt 0.974434 0.339515
vt 0.965529 0.899593
vt 0.976455 0.341948
vt 0.976184 0.344374
vt 0.974450 0.337727
vt 0.975465 0.337727
vt 0.976192 0.339515
vt 0.974436 0.346144
vt 0.975451 0.346144
vt 0.455022 0.969393
vt 0.241468 0.962759
vt 0.240905 0.960325
vt 0.242688 0.960304
vt 0.243012 0.962741
vt 0.455672 0.970936
vt 0.455762 0.968504
vt 0.456954 0.969395
vt 0.964845 0.901132
vt 0.963562 0.899592
vt 0.964789 0.898703
vt 0.241468 0.957899
vt 0.243012 0.957881
vt 0.243897 0.956121
vt 0.245113 0.956117
vt 0.245118 0.957875
vt 0.243898 0.964537
vt 0.245118 0.962734
vt 0.245114 0.964534
vt 0.245120 0.960297
vt 0.456033 0.967289
vt 0.964517 0.897488
vt 0.247221 0.962741
vt 0.246328 0.964537
vt 0.247221 0.957881
vt 0.247548 0.960304
vt 0.455762 0.966074
vt 0.964789 0.896273
vt 0.246327 0.956121
vt 0.963562 0.895383
vt 0.964845 0.893842
vt 0.965529 0.895384
vt 0.248757 0.957899
vt 0.249322 0.960325
vt 0.455022 0.965185
vt 0.248758 0.962759
vt 0.456954 0.965186
vt 0.455672 0.963646
vt 0.966598 0.893278
vt 0.966541 0.895058
vt 0.652907 0.981147
vt 0.653202 0.978715
vt 0.654929 0.978718
vt 0.654901 0.981151
vt 0.454010 0.964859
vt 0.653203 0.983575
vt 0.654930 0.983577
vt 0.654009 0.976929
vt 0.655006 0.976930
vt 0.968351 0.893842
vt 0.967553 0.895384
vt 0.656706 0.978715
vt 0.656953 0.981147
vt 0.452999 0.965184
vt 0.656707 0.983575
vt 0.656032 0.976929
vt 0.855177 0.949447
vt 0.855739 0.947013
vt 0.857289 0.947033
vt 0.856966 0.949470
vt 0.452259 0.966074
vt 0.968294 0.896273
vt 0.855739 0.951872
vt 0.857288 0.951892
vt 0.452169 0.963646
vt 0.450887 0.965186
vt 0.969634 0.895383
vt 0.858170 0.945234
vt 0.858169 0.953651
vt 0.842352 0.953655
vt 0.842363 0.951900
vt 0.844464 0.951892
vt 0.843565 0.953651
vt 0.842367 0.949478
vt 0.842363 0.947040
vt 0.844464 0.947033
vt 0.844793 0.949470
vt 0.822897 0.969911
vt 0.824953 0.969911
vt 0.823168 0.971126
vt 0.874026 0.966482
vt 0.876070 0.966481
vt 0.875799 0.967696
vt 0.842353 0.945239
vt 0.843566 0.945234
vt 0.823908 0.972016
vt 0.875059 0.968586
vt 0.846561 0.949447
vt 0.845995 0.951872
vt 0.821796 0.972017
vt 0.823078 0.973558
vt 0.877139 0.968585
vt 0.875856 0.970125
vt 0.845996 0.947013
vt 0.874047 0.968911
vt 0.758083 0.974635
vt 0.757812 0.972208
vt 0.759832 0.972215
vt 0.759833 0.974641
vt 0.824919 0.972341
vt 0.824829 0.974122
vt 0.874103 0.970689
vt 0.758091 0.969776
vt 0.759841 0.969781
vt 0.873035 0.968586
vt 0.761862 0.972215
vt 0.761591 0.974641
vt 0.759857 0.967993
vt 0.760871 0.967993
vt 0.761598 0.969781
vt 0.759843 0.976411
vt 0.760858 0.976411
vt 0.825931 0.972016
vt 0.872294 0.967696
vt 0.273506 0.955545
vt 0.272942 0.953112
vt 0.274726 0.953091
vt 0.275050 0.955527
vt 0.826581 0.973558
vt 0.826671 0.971127
vt 0.827863 0.972018
vt 0.872350 0.970125
vt 0.871067 0.968585
vt 0.273505 0.950686
vt 0.275050 0.950668
vt 0.277158 0.953083
vt 0.277156 0.955521
vt 0.275935 0.948907
vt 0.277151 0.948903
vt 0.277156 0.950661
vt 0.275936 0.957324
vt 0.277151 0.957320
vt 0.826942 0.969912
vt 0.872023 0.966481
vt 0.278365 0.948907
vt 0.279259 0.950668
vt 0.279259 0.955527
vt 0.278366 0.957324
vt 0.279586 0.953091
vt 0.826671 0.968697
vt 0.872294 0.965266
vt 0.871067 0.964376
vt 0.872350 0.962835
vt 0.873035 0.964377
vt 0.280795 0.950686
vt 0.281360 0.953112
vt 0.825931 0.967807
vt 0.280795 0.955545
vt 0.827863 0.967809
vt 0.826581 0.966268
vt 0.874103 0.962271
vt 0.874047 0.964051
vt 0.338141 0.981617
vt 0.338436 0.979185
vt 0.340164 0.979188
vt 0.340136 0.981621
vt 0.824919 0.967482
vt 0.338437 0.984045
vt 0.340165 0.984047
vt 0.339243 0.977399
vt 0.340241 0.977400
vt 0.875856 0.962835
vt 0.875059 0.964377
vt 0.341940 0.979185
vt 0.342187 0.981617
vt 0.823908 0.967807
vt 0.341941 0.984045
vt 0.341266 0.977399
vt 0.877139 0.964376
vt 0.875799 0.965266
vt 0.838144 0.949447
vt 0.838706 0.947013
vt 0.840256 0.947033
vt 0.839933 0.949470
vt 0.823168 0.968696
vt 0.838706 0.951872
vt 0.840255 0.951892
vt 0.823078 0.966268
vt 0.821796 0.967809
vt 0.841136 0.945234
vt 0.841135 0.953651
vt 0.890548 0.953782
vt 0.890559 0.952026
vt 0.892660 0.952019
vt 0.891761 0.953777
vt 0.890563 0.949605
vt 0.890559 0.947167
vt 0.892660 0.947159
vt 0.892989 0.949596
vt 0.467788 0.967289
vt 0.469844 0.967288
vt 0.468059 0.968504
vt 0.950369 0.966608
vt 0.952413 0.966608
vt 0.952142 0.967822
vt 0.890549 0.945365
vt 0.891762 0.945361
vt 0.468800 0.969393
vt 0.951401 0.968712
vt 0.894757 0.949573
vt 0.894191 0.951999
vt 0.466687 0.969395
vt 0.467969 0.970935
vt 0.953482 0.968711
vt 0.952199 0.970251
vt 0.894192 0.947139
vt 0.950390 0.969037
vt 0.770749 0.974636
vt 0.770478 0.972208
vt 0.772498 0.972215
vt 0.772499 0.974641
vt 0.469811 0.969719
vt 0.469721 0.971499
vt 0.950446 0.970815
vt 0.770757 0.969776
vt 0.772507 0.969782
vt 0.949378 0.968712
vt 0.774528 0.972215
vt 0.774257 0.974641
vt 0.772523 0.967994
vt 0.773537 0.967994
vt 0.774264 0.969782
vt 0.772509 0.976411
vt 0.773524 0.976411
vt 0.470822 0.969393
vt 0.948637 0.967822
vt 0.951454 0.952003
vt 0.950891 0.949569
vt 0.952675 0.949548
vt 0.952999 0.951985
vt 0.471472 0.970936
vt 0.471562 0.968504
vt 0.472754 0.969395
vt 0.948693 0.970251
vt 0.947410 0.968711
vt 0.951454 0.947143
vt 0.952998 0.947125
vt 0.955106 0.949541
vt 0.955105 0.951978
vt 0.953884 0.945365
vt 0.955100 0.945361
vt 0.955104 0.947119
vt 0.953884 0.953781
vt 0.955100 0.953778
vt 0.471833 0.967289
vt 0.948366 0.966607
vt 0.956314 0.945365
vt 0.957207 0.947125
vt 0.957208 0.951985
vt 0.956314 0.953781
vt 0.957534 0.949548
vt 0.471562 0.966074
vt 0.948637 0.965392
vt 0.947410 0.964502
vt 0.948693 0.962961
vt 0.949378 0.964503
vt 0.958744 0.947143
vt 0.959309 0.949569
vt 0.470822 0.965185
vt 0.958744 0.952003
vt 0.472754 0.965186
vt 0.471472 0.963646
vt 0.950446 0.962397
vt 0.950390 0.964178
vt 0.209045 0.981670
vt 0.209340 0.979237
vt 0.211068 0.979240
vt 0.211040 0.981673
vt 0.469811 0.964859
vt 0.209341 0.984097
vt 0.211069 0.984100
vt 0.210147 0.977451
vt 0.211145 0.977452
vt 0.952199 0.962961
vt 0.951401 0.964503
vt 0.212844 0.979237
vt 0.213091 0.981670
vt 0.468800 0.965185
vt 0.212845 0.984097
vt 0.212170 0.977451
vt 0.953482 0.964502
vt 0.952142 0.965393
vt 0.886340 0.949573
vt 0.886902 0.947139
vt 0.888452 0.947159
vt 0.888129 0.949596
vt 0.468059 0.966074
vt 0.886902 0.951999
vt 0.888451 0.952019
vt 0.467969 0.963646
vt 0.466687 0.965186
vt 0.889332 0.945361
vt 0.889331 0.953777
vt 0.355175 0.898493
vt 0.355175 0.802175
vt 0.357602 0.802161
vt 0.357602 0.898479
vt 0.450887 0.735057
vt 0.450887 0.637869
vt 0.515683 0.637861
vt 0.515683 0.735049
vt 0.424454 0.898342
vt 0.424454 0.802161
vt 0.426884 0.802163
vt 0.426884 0.898345
vt 0.528163 0.772239
vt 0.528163 0.675050
vt 0.592961 0.675054
vt 0.592961 0.772244
vt 0.292405 0.855012
vt 0.292405 0.919187
vt 0.289976 0.919198
vt 0.289976 0.855023
vt 0.919361 0.797981
vt 0.919361 0.733803
vt 0.921788 0.733785
vt 0.921788 0.797964
vt 0.974910 0.754690
vt 0.976381 0.754690
vt 0.976186 0.755500
vt 0.963434 0.605943
vt 0.963436 0.604330
vt 0.965054 0.604324
vt 0.964834 0.605938
vt 0.963434 0.602704
vt 0.963426 0.601502
vt 0.964235 0.601499
vt 0.964834 0.602699
vt 0.963426 0.607113
vt 0.964234 0.607110
vt 0.989257 0.447634
vt 0.990735 0.447634
vt 0.989452 0.448444
vt 0.988468 0.449038
vt 0.989985 0.449037
vt 0.989392 0.450065
vt 0.977147 0.756092
vt 0.976223 0.757119
vt 0.975652 0.756093
vt 0.965855 0.602684
vt 0.966232 0.604307
vt 0.965855 0.605924
vt 0.974961 0.757495
vt 0.974924 0.756310
vt 0.667375 0.992676
vt 0.667575 0.991054
vt 0.668835 0.991058
vt 0.668830 0.992680
vt 0.990713 0.449254
vt 0.667570 0.994294
vt 0.668830 0.994298
vt 0.990653 0.450441
vt 0.668837 0.995478
vt 0.670096 0.994298
vt 0.669568 0.995478
vt 0.670101 0.991058
vt 0.670291 0.992680
vt 0.991441 0.449037
vt 0.974195 0.756093
vt 0.668846 0.989866
vt 0.669576 0.989866
vt 0.973699 0.757119
vt 0.972775 0.756092
vt 0.973662 0.755500
vt 0.116430 0.971020
vt 0.116805 0.969403
vt 0.117835 0.969390
vt 0.117619 0.971005
vt 0.991974 0.448444
vt 0.116805 0.972642
vt 0.117835 0.972629
vt 0.991914 0.450065
vt 0.992837 0.449038
vt 0.118425 0.973828
vt 0.119239 0.972625
vt 0.119236 0.973825
vt 0.119239 0.969385
vt 0.119241 0.970999
vt 0.992169 0.447634
vt 0.973466 0.754690
vt 0.118425 0.968217
vt 0.119236 0.968214
vt 0.120641 0.969390
vt 0.120859 0.971005
vt 0.991974 0.446824
vt 0.973662 0.753880
vt 0.120641 0.972629
vt 0.120045 0.968217
vt 0.120045 0.973828
vt 0.991441 0.446231
vt 0.974195 0.753287
vt 0.122042 0.971020
vt 0.121665 0.972642
vt 0.992837 0.446232
vt 0.991914 0.445205
vt 0.972775 0.753286
vt 0.973699 0.752259
vt 0.121665 0.969403
vt 0.974924 0.753070
vt 0.973456 0.125382
vt 0.973245 0.123763
vt 0.974682 0.123765
vt 0.974701 0.125383
vt 0.973456 0.122142
vt 0.974033 0.120951
vt 0.974752 0.120952
vt 0.974701 0.122143
vt 0.974961 0.751883
vt 0.990713 0.446014
vt 0.975652 0.753287
vt 0.976158 0.123763
vt 0.975979 0.125382
vt 0.975490 0.120951
vt 0.975979 0.122142
vt 0.976223 0.752259
vt 0.989985 0.446231
vt 0.976186 0.753880
vt 0.960995 0.605924
vt 0.960620 0.604307
vt 0.961814 0.604324
vt 0.962028 0.605938
vt 0.989392 0.445205
vt 0.989452 0.446824
vt 0.988468 0.446232
vt 0.977147 0.753286
vt 0.960995 0.602684
vt 0.962029 0.602699
vt 0.962615 0.601499
vt 0.962615 0.607110
vt 0.976983 0.512038
vt 0.978454 0.512038
vt 0.978258 0.512848
vt 0.963433 0.513676
vt 0.963436 0.512063
vt 0.965054 0.512057
vt 0.964834 0.513671
vt 0.963434 0.510437
vt 0.963426 0.509234
vt 0.964235 0.509232
vt 0.964834 0.510432
vt 0.963426 0.514846
vt 0.964234 0.514843
vt 0.981843 0.186547
vt 0.983321 0.186546
vt 0.982038 0.187357
vt 0.966232 0.512040
vt 0.965855 0.513657
vt 0.981055 0.187951
vt 0.982571 0.187950
vt 0.981978 0.188978
vt 0.979220 0.513440
vt 0.978296 0.514467
vt 0.977725 0.513441
vt 0.965855 0.510417
vt 0.983299 0.188167
vt 0.983239 0.189354
vt 0.977034 0.514843
vt 0.976996 0.513658
vt 0.973244 0.092006
vt 0.973445 0.090384
vt 0.974705 0.090388
vt 0.974699 0.092011
vt 0.973440 0.093624
vt 0.974700 0.093628
vt 0.974707 0.094808
vt 0.975965 0.093628
vt 0.975437 0.094808
vt 0.975970 0.090388
vt 0.976160 0.092011
vt 0.984027 0.187950
vt 0.976268 0.513441
vt 0.974715 0.089196
vt 0.975446 0.089196
vt 0.975772 0.514467
vt 0.974848 0.513440
vt 0.975734 0.512848
vt 0.074513 0.971017
vt 0.074888 0.969400
vt 0.075918 0.969387
vt 0.075702 0.971002
vt 0.984560 0.187357
vt 0.074888 0.972640
vt 0.075918 0.972627
vt 0.984500 0.188978
vt 0.985423 0.187951
vt 0.076508 0.973825
vt 0.077322 0.972622
vt 0.077319 0.973823
vt 0.077322 0.969382
vt 0.077323 0.970997
vt 0.984755 0.186547
vt 0.975539 0.512038
vt 0.076508 0.968214
vt 0.077318 0.968212
vt 0.078724 0.972627
vt 0.078128 0.973825
vt 0.078724 0.969387
vt 0.078942 0.971002
vt 0.984560 0.185737
vt 0.975734 0.511228
vt 0.078128 0.968214
vt 0.079748 0.969400
vt 0.080124 0.971017
vt 0.984027 0.185144
vt 0.976268 0.510635
vt 0.079748 0.972640
vt 0.985423 0.185145
vt 0.984500 0.184118
vt 0.974848 0.510634
vt 0.975772 0.509607
vt 0.983299 0.184927
vt 0.976996 0.510418
vt 0.973458 0.009783
vt 0.973246 0.008165
vt 0.974684 0.008167
vt 0.974703 0.009785
vt 0.973457 0.006543
vt 0.974034 0.005352
vt 0.974753 0.005353
vt 0.974702 0.006545
vt 0.977034 0.509232
vt 0.977725 0.510635
vt 0.976159 0.008165
vt 0.975981 0.009783
vt 0.975491 0.005352
vt 0.975980 0.006543
vt 0.978296 0.509607
vt 0.982571 0.185144
vt 0.978258 0.511228
vt 0.960995 0.513657
vt 0.960620 0.512040
vt 0.961814 0.512057
vt 0.962028 0.513671
vt 0.981978 0.184118
vt 0.982038 0.185737
vt 0.981055 0.185145
vt 0.979220 0.510634
vt 0.960995 0.510417
vt 0.962029 0.510432
vt 0.962615 0.509232
vt 0.962615 0.514843
vt 0.963425 0.419941
vt 0.963428 0.418327
vt 0.965045 0.418321
vt 0.964826 0.419935
vt 0.963426 0.416701
vt 0.963418 0.415499
vt 0.964227 0.415496
vt 0.964826 0.416696
vt 0.963418 0.421110
vt 0.964226 0.421107
vt 0.989152 0.604577
vt 0.990630 0.604577
vt 0.989347 0.605387
vt 0.987193 0.124115
vt 0.988664 0.124115
vt 0.988469 0.124925
vt 0.989430 0.125517
vt 0.988506 0.126544
vt 0.987935 0.125518
vt 0.965847 0.416682
vt 0.966224 0.418304
vt 0.989880 0.605980
vt 0.965846 0.419921
vt 0.988363 0.605981
vt 0.989286 0.607008
vt 0.987244 0.126920
vt 0.987207 0.125735
vt 0.435500 0.991275
vt 0.435701 0.989654
vt 0.436961 0.989658
vt 0.436955 0.991280
vt 0.990608 0.606197
vt 0.435696 0.992894
vt 0.436956 0.992898
vt 0.990547 0.607384
vt 0.436963 0.994077
vt 0.438221 0.992898
vt 0.437693 0.994077
vt 0.438226 0.989658
vt 0.438416 0.991280
vt 0.991336 0.605980
vt 0.986478 0.125518
vt 0.436971 0.988466
vt 0.437702 0.988466
vt 0.017462 0.971003
vt 0.017837 0.969386
vt 0.018867 0.969373
vt 0.018651 0.970988
vt 0.991869 0.605387
vt 0.985945 0.124925
vt 0.017837 0.972625
vt 0.018867 0.972612
vt 0.991808 0.607008
vt 0.992732 0.605981
vt 0.985982 0.126544
vt 0.985058 0.125517
vt 0.992064 0.604577
vt 0.985749 0.124115
vt 0.020272 0.970982
vt 0.020271 0.972608
vt 0.019457 0.968200
vt 0.020267 0.968197
vt 0.020271 0.969368
vt 0.019457 0.973811
vt 0.020268 0.973808
vt 0.985945 0.123305
vt 0.021891 0.970988
vt 0.021673 0.972612
vt 0.021077 0.968200
vt 0.021673 0.969373
vt 0.021077 0.973811
vt 0.991869 0.603767
vt 0.986478 0.122712
vt 0.023073 0.971003
vt 0.022697 0.972625
vt 0.992732 0.603175
vt 0.991336 0.603174
vt 0.991808 0.602148
vt 0.985058 0.122711
vt 0.985982 0.121684
vt 0.022697 0.969386
vt 0.987207 0.122495
vt 0.842160 0.374102
vt 0.841948 0.372484
vt 0.843386 0.372486
vt 0.843405 0.374104
vt 0.842159 0.370862
vt 0.842737 0.369671
vt 0.843456 0.369672
vt 0.843404 0.370864
vt 0.987244 0.121308
vt 0.990608 0.602957
vt 0.844861 0.372484
vt 0.844683 0.374102
vt 0.844193 0.369671
vt 0.844682 0.370862
vt 0.988506 0.121684
vt 0.987935 0.122712
vt 0.989880 0.603174
vt 0.989286 0.602148
vt 0.989347 0.603767
vt 0.988363 0.603175
vt 0.989430 0.122711
vt 0.988469 0.123305
vt 0.960612 0.418304
vt 0.960987 0.416682
vt 0.962020 0.416696
vt 0.961806 0.418321
vt 0.960987 0.419921
vt 0.962020 0.419935
vt 0.962606 0.421107
vt 0.962607 0.415496
vt 0.987898 0.754690
vt 0.989368 0.754690
vt 0.989173 0.755500
vt 0.034503 0.972642
vt 0.034506 0.971028
vt 0.036123 0.971022
vt 0.035903 0.972637
vt 0.034503 0.969402
vt 0.034496 0.968200
vt 0.035304 0.968197
vt 0.035904 0.969397
vt 0.034495 0.973811
vt 0.035304 0.973808
vt 0.988624 0.511660
vt 0.990102 0.511660
vt 0.988819 0.512470
vt 0.037301 0.971006
vt 0.036924 0.972622
vt 0.987836 0.513064
vt 0.989352 0.513063
vt 0.988759 0.514091
vt 0.990135 0.756092
vt 0.989211 0.757119
vt 0.988640 0.756093
vt 0.036924 0.969383
vt 0.990080 0.513280
vt 0.990020 0.514467
vt 0.987949 0.757495
vt 0.987911 0.756310
vt 0.640746 0.992664
vt 0.640946 0.991042
vt 0.642206 0.991046
vt 0.642200 0.992668
vt 0.640941 0.994282
vt 0.642201 0.994286
vt 0.642208 0.995466
vt 0.643466 0.994286
vt 0.642939 0.995466
vt 0.643471 0.991046
vt 0.643661 0.992668
vt 0.990808 0.513063
vt 0.987183 0.756093
vt 0.642216 0.989854
vt 0.642947 0.989854
vt 0.986687 0.757119
vt 0.985763 0.756092
vt 0.986649 0.755500
vt 0.101340 0.971020
vt 0.101715 0.969403
vt 0.102745 0.969390
vt 0.102530 0.971005
vt 0.991341 0.512470
vt 0.101716 0.972642
vt 0.102746 0.972629
vt 0.991281 0.514092
vt 0.992204 0.513065
vt 0.103336 0.973828
vt 0.104150 0.972624
vt 0.104146 0.973825
vt 0.104149 0.969385
vt 0.104151 0.970999
vt 0.991536 0.511660
vt 0.986454 0.754690
vt 0.103335 0.968217
vt 0.104146 0.968214
vt 0.105551 0.972629
vt 0.104956 0.973828
vt 0.105551 0.969390
vt 0.105769 0.971005
vt 0.991341 0.510850
vt 0.986649 0.753880
vt 0.104955 0.968217
vt 0.106575 0.969403
vt 0.106952 0.971020
vt 0.990808 0.510257
vt 0.987183 0.753287
vt 0.106575 0.972642
vt 0.992204 0.510259
vt 0.991281 0.509232
vt 0.985763 0.753286
vt 0.986687 0.752259
vt 0.990080 0.510040
vt 0.987911 0.753070
vt 0.853689 0.374102
vt 0.853477 0.372484
vt 0.854915 0.372486
vt 0.854934 0.374104
vt 0.853689 0.370862
vt 0.854266 0.369671
vt 0.854985 0.369672
vt 0.854934 0.370864
vt 0.987949 0.751883
vt 0.988640 0.753287
vt 0.856391 0.372484
vt 0.856212 0.374102
vt 0.855723 0.369671
vt 0.856211 0.370862
vt 0.989211 0.752259
vt 0.989352 0.510257
vt 0.989173 0.753880
vt 0.032064 0.972622
vt 0.031690 0.971006
vt 0.032883 0.971022
vt 0.033097 0.972637
vt 0.988759 0.509232
vt 0.988819 0.510850
vt 0.987836 0.510258
vt 0.990135 0.753286
vt 0.032064 0.969383
vt 0.033098 0.969397
vt 0.033684 0.968197
vt 0.033684 0.973808
vt 0.963436 0.448875
vt 0.963434 0.447250
vt 0.964834 0.447244
vt 0.965054 0.448869
vt 0.961943 0.689658
vt 0.963421 0.689657
vt 0.962138 0.690468
vt 0.987189 0.008113
vt 0.988660 0.008112
vt 0.988465 0.008922
vt 0.963434 0.450489
vt 0.964834 0.450484
vt 0.963426 0.446047
vt 0.964235 0.446044
vt 0.963426 0.451658
vt 0.964234 0.451655
vt 0.987932 0.009515
vt 0.966232 0.448853
vt 0.965855 0.450470
vt 0.961155 0.691062
vt 0.962671 0.691060
vt 0.962078 0.692089
vt 0.989427 0.009514
vt 0.988503 0.010541
vt 0.965855 0.447230
vt 0.987203 0.009732
vt 0.241100 0.994010
vt 0.240905 0.992392
vt 0.242359 0.992396
vt 0.242360 0.994014
vt 0.963399 0.691278
vt 0.963339 0.692465
vt 0.987241 0.010917
vt 0.241105 0.990770
vt 0.242365 0.990774
vt 0.243821 0.992396
vt 0.243626 0.994014
vt 0.242375 0.989582
vt 0.243106 0.989582
vt 0.243630 0.990774
vt 0.242367 0.995194
vt 0.243098 0.995194
vt 0.964127 0.691061
vt 0.986475 0.009515
vt 0.964600 0.692089
vt 0.964660 0.690468
vt 0.965523 0.691062
vt 0.985979 0.010541
vt 0.985055 0.009514
vt 0.985941 0.008922
vt 0.058555 0.971016
vt 0.058930 0.969399
vt 0.059960 0.969386
vt 0.059744 0.971001
vt 0.058930 0.972638
vt 0.059960 0.972626
vt 0.060550 0.973824
vt 0.061364 0.972621
vt 0.061361 0.973822
vt 0.061364 0.969381
vt 0.061365 0.970995
vt 0.964855 0.689658
vt 0.985746 0.008112
vt 0.060550 0.968213
vt 0.061361 0.968210
vt 0.062766 0.972626
vt 0.062170 0.973824
vt 0.062766 0.969386
vt 0.062984 0.971001
vt 0.964660 0.688848
vt 0.985941 0.007302
vt 0.062170 0.968213
vt 0.985055 0.006708
vt 0.985979 0.005681
vt 0.986475 0.006709
vt 0.063790 0.969399
vt 0.064167 0.971016
vt 0.964127 0.688255
vt 0.063790 0.972638
vt 0.965523 0.688256
vt 0.964600 0.687229
vt 0.987241 0.005306
vt 0.987203 0.006492
vt 0.969201 0.155140
vt 0.969412 0.153518
vt 0.970657 0.153520
vt 0.970639 0.155142
vt 0.963399 0.688038
vt 0.969413 0.156758
vt 0.970658 0.156760
vt 0.969990 0.152327
vt 0.970709 0.152328
vt 0.971935 0.153518
vt 0.972114 0.155140
vt 0.962671 0.688255
vt 0.987932 0.006709
vt 0.971936 0.156758
vt 0.971446 0.152327
vt 0.988503 0.005681
vt 0.962138 0.688848
vt 0.988465 0.007302
vt 0.960995 0.450470
vt 0.960620 0.448853
vt 0.961814 0.448869
vt 0.962028 0.450484
vt 0.962078 0.687229
vt 0.961155 0.688256
vt 0.989427 0.006709
vt 0.960995 0.447230
vt 0.962029 0.447244
vt 0.962615 0.446044
vt 0.962615 0.451655
vt 0.239528 0.868725
vt 0.239528 0.803932
vt 0.243500 0.803971
vt 0.243500 0.868764
vt 0.004308 0.866501
vt 0.004308 0.801703
vt 0.038461 0.801598
vt 0.038461 0.866397
vt 0.158589 0.868880
vt 0.158589 0.804089
vt 0.162550 0.804045
vt 0.162550 0.868836
vt 0.047077 0.866515
vt 0.047077 0.801717
vt 0.080422 0.801598
vt 0.080422 0.866396
vt 0.555026 0.932642
vt 0.555026 0.892156
vt 0.559885 0.892153
vt 0.559885 0.932639
vt 0.929593 0.142962
vt 0.929593 0.102499
vt 0.934451 0.102505
vt 0.934451 0.142968
vt 0.366218 0.866952
vt 0.366218 0.802161
vt 0.370219 0.802203
vt 0.370219 0.866994
vt 0.089038 0.866396
vt 0.089038 0.801598
vt 0.122042 0.801719
vt 0.122042 0.866517
vt 0.381365 0.866992
vt 0.381365 0.802200
vt 0.385355 0.802161
vt 0.385355 0.866953
vt 0.303325 0.866959
vt 0.303325 0.802161
vt 0.335460 0.802279
vt 0.335460 0.867077
vt 0.934452 0.004310
vt 0.934452 0.044796
vt 0.929593 0.044793
vt 0.929593 0.004308
vt 0.934451 0.053412
vt 0.934451 0.093877
vt 0.929593 0.093883
vt 0.929593 0.053418
vt 0.276464 0.536647
vt 0.276457 0.553104
vt 0.264536 0.552889
vt 0.264542 0.536633
vt 0.259581 0.552374
vt 0.259587 0.536603
vt 0.877724 0.505892
vt 0.877721 0.521627
vt 0.872767 0.520971
vt 0.872770 0.505720
vt 0.860846 0.520701
vt 0.860849 0.505650
vt 0.848941 0.520976
vt 0.848944 0.505725
vt 0.844026 0.521634
vt 0.844029 0.505899
vt 0.293282 0.536608
vt 0.293276 0.552380
vt 0.288362 0.552893
vt 0.288368 0.536637
vt 0.276444 0.569394
vt 0.264523 0.568980
vt 0.259568 0.567985
vt 0.877712 0.537156
vt 0.872759 0.536022
vt 0.860838 0.535555
vt 0.848933 0.536027
vt 0.844017 0.537163
vt 0.293263 0.567991
vt 0.288349 0.568984
vt 0.276424 0.585359
vt 0.264503 0.584750
vt 0.259549 0.583285
vt 0.877697 0.552330
vt 0.872744 0.550730
vt 0.860824 0.550069
vt 0.848918 0.550735
vt 0.844002 0.552337
vt 0.293244 0.583290
vt 0.288329 0.584754
vt 0.276398 0.600844
vt 0.264477 0.600047
vt 0.259524 0.598125
vt 0.877676 0.567002
vt 0.872724 0.564951
vt 0.860804 0.564103
vt 0.848898 0.564956
vt 0.843981 0.567009
vt 0.293219 0.598131
vt 0.288303 0.600051
vt 0.276366 0.615703
vt 0.264445 0.614724
vt 0.259493 0.612364
vt 0.877650 0.581031
vt 0.872699 0.578549
vt 0.860779 0.577523
vt 0.848873 0.578554
vt 0.843955 0.581038
vt 0.293188 0.612370
vt 0.288271 0.614728
vt 0.276328 0.629790
vt 0.264408 0.628639
vt 0.259457 0.625865
vt 0.877619 0.594283
vt 0.872668 0.591393
vt 0.860749 0.590198
vt 0.848842 0.591398
vt 0.843924 0.594290
vt 0.293152 0.625870
vt 0.288234 0.628643
vt 0.276284 0.642970
vt 0.264365 0.641659
vt 0.832311 0.624213
vt 0.819251 0.616399
vt 0.822637 0.613314
vt 0.835308 0.620894
vt 0.877582 0.606629
vt 0.872633 0.603360
vt 0.860714 0.602007
vt 0.848807 0.603365
vt 0.450887 0.622683
vt 0.463087 0.615187
vt 0.466106 0.618235
vt 0.453518 0.625969
vt 0.469437 0.621273
vt 0.456463 0.629244
vt 0.288191 0.641663
vt 0.276236 0.655118
vt 0.264317 0.653658
vt 0.807202 0.607591
vt 0.810948 0.604768
vt 0.814192 0.601954
vt 0.825521 0.610237
vt 0.872593 0.614333
vt 0.860674 0.612837
vt 0.848767 0.614338
vt 0.474324 0.606767
vt 0.477699 0.609548
vt 0.481387 0.612319
vt 0.288143 0.653662
vt 0.276183 0.666114
vt 0.264265 0.664520
vt 0.796283 0.597872
vt 0.800353 0.595339
vt 0.803923 0.592815
vt 0.872549 0.624208
vt 0.860631 0.622582
vt 0.848723 0.624213
vt 0.484488 0.597504
vt 0.488185 0.599991
vt 0.492196 0.602468
vt 0.288091 0.664524
vt 0.898276 0.733785
vt 0.898428 0.744381
vt 0.886490 0.745309
vt 0.886340 0.734843
vt 0.786596 0.587337
vt 0.790956 0.585118
vt 0.794815 0.582908
vt 0.788253 0.231863
vt 0.788125 0.241740
vt 0.776236 0.242663
vt 0.776363 0.232916
vt 0.764301 0.241741
vt 0.764429 0.231864
vt 0.493482 0.587487
vt 0.497465 0.589657
vt 0.501761 0.591816
vt 0.910163 0.734845
vt 0.910313 0.745312
vt 0.898559 0.755710
vt 0.886619 0.756500
vt 0.778237 0.576087
vt 0.782846 0.574204
vt 0.786954 0.572329
vt 0.788014 0.252294
vt 0.776127 0.253078
vt 0.764190 0.252295
vt 0.501220 0.576814
vt 0.505448 0.578645
vt 0.509989 0.580465
vt 0.910443 0.756502
vt 0.898668 0.767663
vt 0.886727 0.768307
vt 0.771284 0.564230
vt 0.776101 0.562701
vt 0.780416 0.561180
vt 0.787922 0.263422
vt 0.776037 0.264060
vt 0.764098 0.263423
vt 0.507626 0.565586
vt 0.512057 0.567061
vt 0.516801 0.568525
vt 0.910550 0.768310
vt 0.898754 0.780126
vt 0.886812 0.780618
vt 0.765806 0.551881
vt 0.770786 0.550720
vt 0.775265 0.549567
vt 0.787850 0.275018
vt 0.775965 0.275504
vt 0.764026 0.275019
vt 0.512639 0.553911
vt 0.517229 0.555016
vt 0.522133 0.556110
vt 0.910635 0.780620
vt 0.898816 0.792977
vt 0.886873 0.793312
vt 0.761855 0.539158
vt 0.766953 0.538376
vt 0.792717 0.273845
vt 0.792664 0.286176
vt 0.787798 0.286970
vt 0.775914 0.287299
vt 0.763974 0.286971
vt 0.758971 0.286178
vt 0.759025 0.273847
vt 0.520914 0.542627
vt 0.525931 0.543340
vt 0.910696 0.793315
vt 0.898853 0.806094
vt 0.886910 0.806269
vt 0.759469 0.526184
vt 0.764638 0.525789
vt 0.792631 0.298756
vt 0.787766 0.299162
vt 0.775883 0.299331
vt 0.763942 0.299163
vt 0.758939 0.298757
vt 0.523077 0.530013
vt 0.528160 0.530338
vt 0.910733 0.806271
vt 0.898865 0.819350
vt 0.886922 0.819363
vt 0.758672 0.513085
vt 0.763864 0.513080
vt 0.792620 0.311462
vt 0.787755 0.311478
vt 0.775872 0.311485
vt 0.763932 0.311479
vt 0.758928 0.311464
vt 0.523697 0.517295
vt 0.528799 0.517230
vt 0.910745 0.819365
vt 0.898853 0.832617
vt 0.886910 0.832468
vt 0.759469 0.499985
vt 0.764638 0.500371
vt 0.792631 0.324174
vt 0.787766 0.323799
vt 0.775883 0.323644
vt 0.763942 0.323800
vt 0.758939 0.324175
vt 0.522767 0.504597
vt 0.527841 0.504141
vt 0.910733 0.832471
vt 0.898816 0.845767
vt 0.886873 0.845458
vt 0.761855 0.487011
vt 0.766953 0.487784
vt 0.792664 0.336768
vt 0.787798 0.336006
vt 0.775914 0.335691
vt 0.763974 0.336007
vt 0.758971 0.336769
vt 0.520297 0.492039
vt 0.525295 0.491197
vt 0.910696 0.845461
vt 0.898754 0.858675
vt 0.886812 0.858208
vt 0.765806 0.474289
vt 0.770786 0.475442
vt 0.792717 0.349123
vt 0.787850 0.347981
vt 0.775965 0.347509
vt 0.764026 0.347982
vt 0.759025 0.349125
vt 0.516311 0.479743
vt 0.521186 0.478523
vt 0.910635 0.858211
vt 0.898668 0.871215
vt 0.886727 0.870595
vt 0.771284 0.461940
vt 0.776101 0.463461
vt 0.780416 0.464991
vt 0.775265 0.476604
vt 0.787922 0.359610
vt 0.776037 0.358985
vt 0.764098 0.359611
vt 0.511748 0.480953
vt 0.506452 0.469404
vt 0.510846 0.467828
vt 0.515553 0.466242
vt 0.910550 0.870598
vt 0.898559 0.883267
vt 0.886619 0.882500
vt 0.778237 0.450084
vt 0.782846 0.451959
vt 0.786954 0.453843
vt 0.788014 0.370780
vt 0.776127 0.370008
vt 0.764190 0.370781
vt 0.499773 0.458336
vt 0.503956 0.456409
vt 0.508451 0.454471
vt 0.910443 0.882503
vt 0.898428 0.894715
vt 0.886490 0.893808
vt 0.786596 0.438835
vt 0.790956 0.441045
vt 0.794815 0.443264
vt 0.788125 0.381383
vt 0.776236 0.380472
vt 0.764301 0.381384
vt 0.491778 0.447854
vt 0.495707 0.445594
vt 0.499948 0.443325
vt 0.910313 0.893811
vt 0.898276 0.905448
vt 0.886340 0.904410
vt 0.796283 0.428300
vt 0.800353 0.430825
vt 0.803923 0.433359
vt 0.788253 0.391319
vt 0.776363 0.390277
vt 0.764429 0.391320
vt 0.482542 0.438059
vt 0.486178 0.435489
vt 0.490126 0.432909
vt 0.910163 0.904413
vt 0.576227 0.666434
vt 0.576178 0.654947
vt 0.588096 0.653545
vt 0.588145 0.664891
vt 0.807203 0.418583
vt 0.810948 0.421397
vt 0.814192 0.424221
vt 0.846894 0.874020
vt 0.846849 0.863672
vt 0.858768 0.862233
vt 0.858813 0.872446
vt 0.870675 0.863676
vt 0.870720 0.874024
vt 0.472154 0.429047
vt 0.475461 0.426191
vt 0.479080 0.423325
vt 0.564319 0.664901
vt 0.564270 0.653555
vt 0.576132 0.642359
vt 0.588051 0.641110
vt 0.819251 0.409775
vt 0.822637 0.412852
vt 0.825521 0.415939
vt 0.846809 0.852267
vt 0.858729 0.850978
vt 0.870635 0.852271
vt 0.460716 0.420903
vt 0.463659 0.417789
vt 0.466916 0.414664
vt 0.564225 0.641120
vt 0.576092 0.628788
vt 0.588011 0.627706
vt 0.832311 0.401963
vt 0.835308 0.405273
vt 0.841858 0.855383
vt 0.841821 0.842640
vt 0.846774 0.839916
vt 0.858694 0.838790
vt 0.870600 0.839920
vt 0.875516 0.842646
vt 0.875553 0.855389
vt 0.450887 0.410364
vt 0.453750 0.407011
vt 0.564185 0.627715
vt 0.576056 0.614367
vt 0.587976 0.613461
vt 0.592927 0.611281
vt 0.592961 0.625101
vt 0.841791 0.829044
vt 0.846744 0.826738
vt 0.858664 0.825784
vt 0.870570 0.826742
vt 0.875486 0.829050
vt 0.559266 0.625115
vt 0.559232 0.611294
vt 0.564150 0.613470
vt 0.576026 0.599235
vt 0.587946 0.598513
vt 0.592898 0.596779
vt 0.841766 0.814725
vt 0.846719 0.812859
vt 0.858640 0.812088
vt 0.870545 0.812863
vt 0.875461 0.814731
vt 0.559203 0.596792
vt 0.564120 0.598522
vt 0.576001 0.583536
vt 0.587922 0.583005
vt 0.592875 0.581734
vt 0.841747 0.799822
vt 0.846701 0.798414
vt 0.858622 0.797833
vt 0.870527 0.798418
vt 0.875441 0.799827
vt 0.559179 0.581747
vt 0.564096 0.583015
vt 0.575983 0.567422
vt 0.587903 0.567088
vt 0.592857 0.566291
vt 0.841734 0.784477
vt 0.846689 0.783541
vt 0.858610 0.783155
vt 0.870515 0.783545
vt 0.875429 0.784482
vt 0.559162 0.566305
vt 0.564077 0.567098
vt 0.575970 0.551048
vt 0.587891 0.550914
vt 0.592845 0.550600
vt 0.841727 0.768838
vt 0.846682 0.768383
vt 0.858604 0.768197
vt 0.870508 0.768387
vt 0.875422 0.768844
vt 0.559150 0.550614
vt 0.564065 0.550924
vt 0.575964 0.534573
vt 0.587885 0.534640
vt 0.592839 0.534811
vt 0.841727 0.753057
vt 0.846682 0.753088
vt 0.858604 0.753102
vt 0.870508 0.753092
vt 0.875422 0.753063
vt 0.559144 0.534824
vt 0.564059 0.534649
vt 0.575964 0.518154
vt 0.587885 0.518421
vt 0.592839 0.519076
vt 0.841734 0.737286
vt 0.846689 0.737801
vt 0.858610 0.738016
vt 0.870515 0.737805
vt 0.875429 0.737291
vt 0.559144 0.519090
vt 0.564059 0.518431
vt 0.575970 0.501950
vt 0.587891 0.502415
vt 0.592845 0.503547
vt 0.841747 0.721675
vt 0.846701 0.722670
vt 0.858622 0.723083
vt 0.870527 0.722674
vt 0.875441 0.721680
vt 0.559150 0.503561
vt 0.564065 0.502424
vt 0.575983 0.486116
vt 0.587903 0.486775
vt 0.592857 0.488373
vt 0.841766 0.706375
vt 0.846719 0.707841
vt 0.858640 0.708449
vt 0.870545 0.707845
vt 0.875461 0.706381
vt 0.559162 0.488387
vt 0.564077 0.486784
vt 0.576001 0.470806
vt 0.587922 0.471651
vt 0.592875 0.473701
vt 0.841791 0.691535
vt 0.846744 0.693456
vt 0.858664 0.694254
vt 0.870570 0.693460
vt 0.875486 0.691540
vt 0.559179 0.473715
vt 0.564096 0.471661
vt 0.576026 0.456167
vt 0.587946 0.457190
vt 0.592898 0.459672
vt 0.841821 0.677296
vt 0.846774 0.679655
vt 0.858694 0.680634
vt 0.870600 0.679659
vt 0.875516 0.677301
vt 0.559203 0.459685
vt 0.564120 0.457200
vt 0.576056 0.442339
vt 0.587976 0.443531
vt 0.592927 0.446420
vt 0.841858 0.663795
vt 0.846809 0.666570
vt 0.858729 0.667720
vt 0.870635 0.666574
vt 0.875553 0.663801
vt 0.559232 0.446434
vt 0.564150 0.443541
vt 0.576092 0.429456
vt 0.588011 0.430806
vt 0.592961 0.434074
vt 0.761668 0.632829
vt 0.774339 0.640410
vt 0.770953 0.643495
vt 0.758672 0.636148
vt 0.846849 0.654327
vt 0.858768 0.655638
vt 0.870675 0.654331
vt 0.833332 0.010937
vt 0.821041 0.018284
vt 0.817747 0.015206
vt 0.830428 0.007626
vt 0.814766 0.012121
vt 0.827836 0.004308
vt 0.564185 0.430815
vt 0.576132 0.417642
vt 0.588051 0.419136
vt 0.777224 0.637333
vt 0.789272 0.646141
vt 0.786028 0.648955
vt 0.782283 0.651779
vt 0.846894 0.643044
vt 0.858813 0.644503
vt 0.870720 0.643048
vt 0.809703 0.026566
vt 0.806049 0.023751
vt 0.802708 0.020928
vt 0.564225 0.419146
vt 0.576178 0.407011
vt 0.588096 0.408635
vt 0.800192 0.655860
vt 0.796622 0.658384
vt 0.792551 0.660917
vt 0.846943 0.632829
vt 0.858861 0.634423
vt 0.870769 0.632833
vt 0.799426 0.035704
vt 0.795446 0.033179
vt 0.791779 0.030646
vt 0.564270 0.408644
vt 0.275999 0.846396
vt 0.276137 0.835763
vt 0.288025 0.834840
vt 0.287889 0.845343
vt 0.809878 0.666395
vt 0.806019 0.668605
vt 0.801660 0.670824
vt 0.491859 0.903126
vt 0.491719 0.893284
vt 0.503657 0.892356
vt 0.503796 0.902069
vt 0.515542 0.893286
vt 0.515683 0.903129
vt 0.790310 0.045610
vt 0.786041 0.043399
vt 0.782085 0.041181
vt 0.264065 0.845344
vt 0.264201 0.834841
vt 0.276256 0.824401
vt 0.288143 0.823617
vt 0.818238 0.677645
vt 0.814130 0.679519
vt 0.809521 0.681403
vt 0.491597 0.882761
vt 0.503537 0.881971
vt 0.515420 0.882763
vt 0.782443 0.056189
vt 0.777924 0.054313
vt 0.773719 0.052430
vt 0.264319 0.823618
vt 0.276355 0.812421
vt 0.288240 0.811782
vt 0.825190 0.689502
vt 0.820875 0.691023
vt 0.816058 0.692552
vt 0.491496 0.871658
vt 0.503437 0.871014
vt 0.515319 0.871660
vt 0.775900 0.067338
vt 0.771174 0.065815
vt 0.766761 0.064286
vt 0.264417 0.811783
vt 0.276433 0.799937
vt 0.288318 0.799451
vt 0.830668 0.701851
vt 0.826189 0.703004
vt 0.821209 0.704165
vt 0.491416 0.860082
vt 0.503358 0.859590
vt 0.515239 0.860084
vt 0.770745 0.078950
vt 0.765855 0.077796
vt 0.761279 0.076635
vt 0.264494 0.799452
vt 0.276489 0.787070
vt 0.288373 0.786741
vt 0.293239 0.785948
vt 0.293185 0.798278
vt 0.830022 0.715347
vt 0.824925 0.716129
vt 0.491359 0.848144
vt 0.503301 0.847809
vt 0.515182 0.848147
vt 0.767027 0.090913
vt 0.762019 0.090139
vt 0.259493 0.798280
vt 0.259547 0.785949
vt 0.264549 0.786742
vt 0.276523 0.773944
vt 0.288407 0.773775
vt 0.293272 0.773368
vt 0.832337 0.727934
vt 0.827168 0.728329
vt 0.491324 0.835961
vt 0.503267 0.835786
vt 0.515147 0.835963
vt 0.764781 0.103113
vt 0.759703 0.102726
vt 0.259579 0.773370
vt 0.264583 0.773776
vt 0.276535 0.760685
vt 0.288418 0.760677
vt 0.293282 0.760662
vt 0.833111 0.740643
vt 0.827919 0.740647
vt 0.491312 0.823648
vt 0.503256 0.823635
vt 0.515136 0.823650
vt 0.764031 0.115432
vt 0.758928 0.115435
vt 0.259590 0.760663
vt 0.264594 0.760679
vt 0.276523 0.747420
vt 0.288407 0.747575
vt 0.293272 0.747950
vt 0.832337 0.753352
vt 0.827168 0.752966
vt 0.491324 0.811324
vt 0.503267 0.811473
vt 0.515147 0.811327
vt 0.764781 0.127750
vt 0.759703 0.128144
vt 0.259579 0.747952
vt 0.264583 0.747576
vt 0.276489 0.734279
vt 0.288373 0.734594
vt 0.293239 0.735356
vt 0.830022 0.765939
vt 0.824925 0.765165
vt 0.491359 0.799109
vt 0.503301 0.799418
vt 0.515182 0.799112
vt 0.767027 0.139950
vt 0.762019 0.140731
vt 0.259547 0.735357
vt 0.264549 0.734595
vt 0.276433 0.721386
vt 0.288318 0.721859
vt 0.293185 0.723001
vt 0.826189 0.778282
vt 0.821209 0.777129
vt 0.491416 0.787120
vt 0.503358 0.787586
vt 0.515239 0.787122
vt 0.770745 0.151914
vt 0.765855 0.153074
vt 0.259493 0.723002
vt 0.264494 0.721860
vt 0.276355 0.708867
vt 0.288240 0.709492
vt 0.830668 0.779444
vt 0.825190 0.791792
vt 0.820875 0.790262
vt 0.816058 0.788741
vt 0.491496 0.775471
vt 0.503437 0.776091
vt 0.515319 0.775474
vt 0.775900 0.163526
vt 0.771174 0.165055
vt 0.766761 0.166577
vt 0.761279 0.154228
vt 0.264417 0.709493
vt 0.276256 0.696842
vt 0.288143 0.697614
vt 0.818238 0.803648
vt 0.814130 0.801764
vt 0.809521 0.799890
vt 0.491597 0.764277
vt 0.503537 0.765044
vt 0.515420 0.764279
vt 0.782443 0.174675
vt 0.777924 0.176558
vt 0.773719 0.178433
vt 0.264319 0.697615
vt 0.276137 0.685426
vt 0.288025 0.686338
vt 0.809878 0.814898
vt 0.806019 0.812678
vt 0.801660 0.810468
vt 0.491719 0.753643
vt 0.503657 0.754550
vt 0.515542 0.753646
vt 0.790310 0.185254
vt 0.786041 0.187472
vt 0.782085 0.189683
vt 0.264201 0.686339
vt 0.275999 0.674730
vt 0.287889 0.675772
vt 0.800192 0.825432
vt 0.796622 0.822898
vt 0.792551 0.820374
vt 0.491859 0.743673
vt 0.503796 0.744711
vt 0.515683 0.743676
vt 0.799426 0.195161
vt 0.795446 0.197693
vt 0.791779 0.200218
vt 0.264065 0.675773
vt 0.276236 0.406453
vt 0.276284 0.417594
vt 0.264365 0.419033
vt 0.264317 0.408028
vt 0.789272 0.835149
vt 0.786028 0.832326
vt 0.782283 0.829512
vt 0.872549 0.383238
vt 0.872593 0.393907
vt 0.860674 0.395307
vt 0.860631 0.384778
vt 0.848767 0.393912
vt 0.848723 0.383243
vt 0.809702 0.204299
vt 0.806048 0.207121
vt 0.802708 0.209936
vt 0.288143 0.408032
vt 0.288191 0.419037
vt 0.276328 0.429872
vt 0.264408 0.431161
vt 0.777224 0.843957
vt 0.774339 0.840871
vt 0.770953 0.837794
vt 0.872633 0.405601
vt 0.860714 0.406847
vt 0.848807 0.405606
vt 0.821041 0.212582
vt 0.817747 0.215667
vt 0.814765 0.218745
vt 0.288234 0.431165
vt 0.276366 0.443169
vt 0.264445 0.444296
vt 0.259493 0.447020
vt 0.259457 0.434277
vt 0.761668 0.848450
vt 0.758672 0.845140
vt 0.872668 0.418206
vt 0.860749 0.419286
vt 0.848842 0.418211
vt 0.833332 0.219929
vt 0.830428 0.223247
vt 0.293152 0.434283
vt 0.293188 0.447025
vt 0.288271 0.444300
vt 0.276398 0.457356
vt 0.264477 0.458310
vt 0.259524 0.460616
vt 0.877619 0.415602
vt 0.877650 0.429422
vt 0.872699 0.431601
vt 0.860779 0.432505
vt 0.848873 0.431606
vt 0.843955 0.429429
vt 0.843924 0.415609
vt 0.293219 0.460622
vt 0.288303 0.458314
vt 0.276424 0.472298
vt 0.264503 0.473069
vt 0.259549 0.474935
vt 0.877676 0.443924
vt 0.872724 0.445657
vt 0.860804 0.446377
vt 0.848898 0.445662
vt 0.843981 0.443931
vt 0.293244 0.474940
vt 0.288329 0.473073
vt 0.276444 0.487849
vt 0.264523 0.488431
vt 0.259568 0.489838
vt 0.877697 0.458969
vt 0.872744 0.460239
vt 0.860824 0.460768
vt 0.848918 0.460244
vt 0.844002 0.458976
vt 0.293263 0.489844
vt 0.288349 0.488435
vt 0.276457 0.503861
vt 0.264536 0.504247
vt 0.259581 0.505183
vt 0.877712 0.474411
vt 0.872759 0.475207
vt 0.860838 0.475539
vt 0.848933 0.475212
vt 0.844017 0.474419
vt 0.293276 0.505189
vt 0.288362 0.504251
vt 0.276464 0.520179
vt 0.264542 0.520366
vt 0.259587 0.520821
vt 0.877721 0.490103
vt 0.872767 0.490416
vt 0.860846 0.490548
vt 0.848941 0.490421
vt 0.844026 0.490110
vt 0.293282 0.520827
vt 0.288368 0.520370
vt 0.929593 0.206663
vt 0.929593 0.151584
vt 0.930402 0.151584
vt 0.930402 0.206663
vt 0.601577 0.854695
vt 0.601577 0.799622
vt 0.656655 0.799616
vt 0.656655 0.854689
vt 0.049129 0.930209
vt 0.049129 0.875131
vt 0.049939 0.875131
vt 0.049939 0.930209
vt 0.665271 0.799619
vt 0.720345 0.799616
vt 0.720345 0.854695
vt 0.665271 0.854698
vt 0.091559 0.875133
vt 0.091559 0.930212
vt 0.090749 0.930212
vt 0.090749 0.875133
vt 0.929593 0.270358
vt 0.929593 0.215279
vt 0.930402 0.215279
vt 0.930402 0.270358
s 1
usemtl M_Steel
f 1/1/1 2/2/2 3/3/3 4/4/4
f 2/2/2 5/5/5 6/6/6 3/3/3
f 5/5/5 7/7/7 8/8/8 6/6/6
f 7/7/7 9/9/9 10/10/10 8/8/8
f 9/9/9 11/11/11 12/12/12 10/10/10
f 11/11/11 13/13/13 14/14/14 12/12/12
f 13/13/13 15/15/15 16/16/16 14/14/14
f 15/15/15 17/17/17 18/18/18 16/16/16
f 17/17/17 19/19/19 20/20/20 18/18/18
f 19/19/19 21/21/21 22/22/22 20/20/20
f 21/21/21 23/23/23 24/24/24 22/22/22
f 23/23/23 25/25/25 26/26/26 24/24/24
f 25/25/25 27/27/27 28/28/28 26/26/26
f 27/27/27 29/29/29 30/30/30 28/28/28
f 29/29/29 31/31/31 32/32/32 30/30/30
f 31/31/31 33/33/33 34/34/34 32/32/32
f 33/33/33 35/35/35 36/36/36 34/34/34
f 35/35/35 37/37/37 38/38/38 36/36/36
f 37/37/37 39/39/39 40/40/40 38/38/38
f 4/4/4 3/3/3 41/41/41 42/42/42
f 3/3/3 6/6/6 43/43/43 41/41/41
f 6/6/6 8/8/8 44/44/44 43/43/43
f 8/8/8 10/10/10 45/45/45 44/44/44
f 10/10/10 12/12/12 46/46/46 45/45/45
f 12/12/12 14/14/14 47/47/47 46/46/46
f 14/14/14 16/16/16 48/48/48 47/47/47
f 16/16/16 18/18/18 49/49/49 48/48/48
f 18/18/18 20/20/20 50/50/50 49/49/49
f 20/20/20 22/22/22 51/51/51 50/50/50
f 22/22/22 24/24/24 52/52/52 51/51/51
f 24/24/24 26/26/26 53/53/53 52/52/52
f 26/26/26 28/28/28 54/54/54 53/53/53
f 28/28/28 30/30/30 55/55/55 54/54/54
f 30/30/30 32/32/32 56/56/56 55/55/55
f 32/32/32 34/34/34 57/57/57 56/56/56
f 34/34/34 36/36/36 58/58/58 57/57/57
f 36/36/36 38/38/38 59/59/59 58/58/58
f 38/38/38 40/40/40 60/60/60 59/59/59
f 42/42/42 41/41/41 61/61/61 62/62/62
f 41/41/41 43/43/43 63/63/63 61/61/61
f 43/43/43 44/44/44 64/64/64 63/63/63
f 44/44/44 45/45/45 65/65/65 64/64/64
f 45/45/45 46/46/46 66/66/66 65/65/65
f 46/46/46 47/47/47 67/67/67 66/66/66
f 47/47/47 48/48/48 68/68/68 67/67/67
f 48/48/48 49/49/49 69/69/69 68/68/68
f 49/49/49 50/50/50 70/70/70 69/69/69
f 50/50/50 51/51/51 71/71/71 70/70/70
f 51/51/51 52/52/52 72/72/72 71/71/71
f 52/52/52 53/53/53 73/73/73 72/72/72
f 53/53/53 54/54/54 74/74/74 73/73/73
f 54/54/54 55/55/55 75/75/75 74/74/74
f 55/55/55 56/56/56 76/76/76 75/75/75
f 56/56/56 57/57/57 77/77/77 76/76/76
f 57/57/57 58/58/58 78/78/78 77/77/77
f 58/58/58 59/59/59 79/79/79 78/78/78
f 59/59/59 60/60/60 80/80/80 79/79/79
f 62/62/62 61/61/61 81/81/81 82/82/82
f 61/61/61 63/63/63 83/83/83 81/81/81
f 63/63/63 64/64/64 84/84/84 83/83/83
f 64/64/64 65/65/65 85/85/85 84/84/84
f 65/65/65 66/66/66 86/86/86 85/85/85
f 66/66/66 67/67/67 87/87/87 86/86/86
f 67/67/67 68/68/68 88/88/88 87/87/87
f 68/68/68 69/69/69 89/89/89 88/88/88
f 69/69/69 70/70/70 90/90/90 89/89/89
f 70/70/70 71/71/71 91/91/91 90/90/90
f 71/71/71 72/72/72 92/92/92 91/91/91
f 72/72/72 73/73/73 93/93/93 92/92/92
f 73/73/73 74/74/74 94/94/94 93/93/93
f 74/74/74 75/75/75 95/95/95 94/94/94
f 75/75/75 76/76/76 96/96/96 95/95/95
f 76/76/76 77/77/77 97/97/97 96/96/96
f 77/77/77 78/78/78 98/98/98 97/97/97
f 78/78/78 79/79/79 99/99/99 98/98/98
f 79/79/79 80/80/80 100/100/100 99/99/99
f 82/82/82 81/81/81 101/101/101 102/102/102
f 81/81/81 83/83/83 103/103/103 101/101/101
f 83/83/83 84/84/84 104/104/104 103/103/103
f 84/84/84 85/85/85 105/105/105 104/104/104
f 85/85/85 86/86/86 106/106/106 105/105/105
f 86/86/86 87/87/87 107/107/107 106/106/106
f 87/87/87 88/88/88 108/108/108 107/107/107
f 88/88/88 89/89/89 109/109/109 108/108/108
f 89/89/89 90/90/90 110/110/110 109/109/109
f 90/90/90 91/91/91 111/111/111 110/110/110
f 91/91/91 92/92/92 112/112/112 111/111/111
f 92/92/92 93/93/93 113/113/113 112/112/112
f 93/93/93 94/94/94 114/114/114 113/113/113
f 94/94/94 95/95/95 115/115/115 114/114/114
f 95/95/95 96/96/96 116/116/116 115/115/115
f 96/96/96 97/97/97 117/117/117 116/116/116
f 97/97/97 98/98/98 118/118/118 117/117/117
f 98/98/98 99/99/99 119/119/119 118/118/118
f 99/99/99 100/100/100 120/120/120 119/119/119
f 102/102/102 101/101/101 121/121/121 122/122/122
f 101/101/101 103/103/103 123/123/123 121/121/121
f 103/103/103 104/104/104 124/124/124 123/123/123
f 104/104/104 105/105/105 125/125/125 124/124/124
f 105/105/105 106/106/106 126/126/126 125/125/125
f 106/106/106 107/107/107 127/127/127 126/126/126
f 107/107/107 108/108/108 128/128/128 127/127/127
f 108/108/108 109/109/109 129/129/129 128/128/128
f 109/109/109 110/110/110 130/130/130 129/129/129
f 110/110/110 111/111/111 131/131/131 130/130/130
f 111/111/111 112/112/112 132/132/132 131/131/131
f 112/112/112 113/113/113 133/133/133 132/132/132
f 113/113/113 114/114/114 134/134/134 133/133/133
f 114/114/114 115/115/115 135/135/135 134/134/134
f 115/115/115 116/116/116 136/136/136 135/135/135
f 116/116/116 117/117/117 137/137/137 136/136/136
f 117/117/117 118/118/118 138/138/138 137/137/137
f 118/118/118 119/119/119 139/139/139 138/138/138
f 119/119/119 120/120/120 140/140/140 139/139/139
f 122/122/122 121/121/121 141/141/141 142/142/142
f 121/121/121 123/123/123 143/143/143 141/141/141
f 123/123/123 124/124/124 144/144/144 143/143/143
f 124/124/124 125/125/125 145/145/145 144/144/144
f 125/125/125 126/126/126 146/146/146 145/145/145
f 126/126/126 127/127/127 147/147/147 146/146/146
f 127/127/127 128/128/128 148/148/148 147/147/147
f 128/128/128 129/129/129 149/149/149 148/148/148
f 129/129/129 130/130/130 150/150/150 149/149/149
f 130/130/130 131/131/131 151/151/151 150/150/150
f 131/131/131 132/132/132 152/152/152 151/151/151
f 132/132/132 133/133/133 153/153/153 152/152/152
f 133/133/133 134/134/134 154/154/154 153/153/153
f 134/134/134 135/135/135 155/155/155 154/154/154
f 135/135/135 136/136/136 156/156/156 155/155/155
f 136/136/136 137/137/137 157/157/157 156/156/156
f 137/137/137 138/138/138 158/158/158 157/157/157
f 138/138/138 139/139/139 159/159/159 158/158/158
f 139/139/139 140/140/140 160/160/160 159/159/159
f 161/161/161 142/162/142 162/163/162 163/164/163
f 142/142/142 141/141/141 164/165/164 162/166/162
f 141/141/141 143/143/143 165/167/165 164/165/164
f 143/143/143 144/144/144 166/168/166 165/167/165
f 144/144/144 145/145/145 167/169/167 166/168/166
f 145/145/145 146/146/146 168/170/168 167/169/167
f 146/146/146 147/147/147 169/171/169 168/170/168
f 147/147/147 148/148/148 170/172/170 169/171/169
f 148/148/148 149/149/149 171/173/171 170/172/170
f 149/149/149 150/150/150 172/174/172 171/173/171
f 150/150/150 151/151/151 173/175/173 172/174/172
f 151/151/151 152/152/152 174/176/174 173/175/173
f 152/152/152 153/153/153 175/177/175 174/176/174
f 153/153/153 154/154/154 176/178/176 175/177/175
f 154/154/154 155/155/155 177/179/177 176/178/176
f 155/155/155 156/156/156 178/180/178 177/179/177
f 156/156/156 157/157/157 179/181/179 178/180/178
f 157/157/157 158/158/158 180/182/180 179/181/179
f 158/158/158 159/159/159 181/183/181 180/182/180
f 159/159/159 160/160/160 182/184/182 181/183/181
f 163/164/163 162/163/162 183/185/183 184/186/184
f 162/166/162 164/165/164 185/187/185 183/188/183
f 164/165/164 165/167/165 186/189/186 185/187/185
f 165/167/165 166/168/166 187/190/187 186/189/186
f 166/168/166 167/169/167 188/191/188 187/190/187
f 167/169/167 168/170/168 189/192/189 188/191/188
f 168/170/168 169/171/169 190/193/190 189/192/189
f 169/171/169 170/172/170 191/194/191 190/193/190
f 170/172/170 171/173/171 192/195/192 191/194/191
f 171/173/171 172/174/172 193/196/193 192/195/192
f 172/174/172 173/175/173 194/197/194 193/196/193
f 173/175/173 174/176/174 195/198/195 194/197/194
f 174/176/174 175/177/175 196/199/196 195/198/195
f 175/177/175 176/178/176 197/200/197 196/199/196
f 176/178/176 177/179/177 198/201/198 197/200/197
f 177/179/177 178/180/178 199/202/199 198/201/198
f 178/180/178 179/181/179 200/203/200 199/202/199
f 179/181/179 180/182/180 201/204/201 200/203/200
f 180/182/180 181/183/181 202/205/202 201/204/201
f 181/183/181 182/184/182 203/206/203 202/205/202
f 184/186/184 183/185/183 204/207/204 205/208/205
f 183/188/183 185/187/185 206/209/206 204/210/204
f 185/187/185 186/189/186 207/211/207 206/209/206
f 186/189/186 187/190/187 208/212/208 207/211/207
f 187/190/187 188/191/188 209/213/209 208/212/208
f 188/191/188 189/192/189 210/214/210 209/213/209
f 189/192/189 190/193/190 211/215/211 210/214/210
f 190/193/190 191/194/191 212/216/212 211/215/211
f 191/194/191 192/195/192 213/217/213 212/216/212
f 192/195/192 193/196/193 214/218/214 213/217/213
f 193/196/193 194/197/194 215/219/215 214/218/214
f 194/197/194 195/198/195 216/220/216 215/219/215
f 195/198/195 196/199/196 217/221/217 216/220/216
f 196/199/196 197/200/197 218/222/218 217/221/217
f 197/200/197 198/201/198 219/223/219 218/222/218
f 198/201/198 199/202/199 220/224/220 219/223/219
f 199/202/199 200/203/200 221/225/221 220/224/220
f 200/203/200 201/204/201 222/226/222 221/225/221
f 201/204/201 202/205/202 223/227/223 222/226/222
f 202/205/202 203/206/203 224/228/224 223/227/223
f 205/229/205 204/210/204 225/230/225 226/231/226
f 204/210/204 206/209/206 227/232/227 225/230/225
f 206/209/206 207/211/207 228/233/228 227/232/227
f 207/211/207 208/212/208 229/234/229 228/233/228
f 208/212/208 209/213/209 230/235/230 229/234/229
f 209/213/209 210/214/210 231/236/231 230/235/230
f 210/214/210 211/215/211 232/237/232 231/236/231
f 211/215/211 212/216/212 233/238/233 232/237/232
f 212/216/212 213/217/213 234/239/234 233/238/233
f 213/217/213 214/218/214 235/240/235 234/239/234
f 214/218/214 215/219/215 236/241/236 235/240/235
f 215/219/215 216/220/216 237/242/237 236/241/236
f 216/220/216 217/221/217 238/243/238 237/242/237
f 217/221/217 218/222/218 239/244/239 238/243/238
f 218/222/218 219/223/219 240/245/240 239/244/239
f 219/223/219 220/224/220 241/246/241 240/245/240
f 220/224/220 221/225/221 242/247/242 241/246/241
f 221/225/221 222/226/222 243/248/243 242/247/242
f 222/226/222 223/227/223 244/249/244 243/248/243
f 223/227/223 224/228/224 245/250/245 244/249/244
f 226/231/226 225/230/225 246/251/246 247/252/247
f 225/230/225 227/232/227 248/253/248 246/251/246
f 227/232/227 228/233/228 249/254/249 248/253/248
f 228/233/228 229/234/229 250/255/250 249/254/249
f 229/234/229 230/235/230 251/256/251 250/255/250
f 230/235/230 231/236/231 252/257/252 251/256/251
f 231/236/231 232/237/232 253/258/253 252/257/252
f 232/237/232 233/238/233 254/259/254 253/258/253
f 233/238/233 234/239/234 255/260/255 254/259/254
f 234/239/234 235/240/235 256/261/256 255/260/255
f 235/240/235 236/241/236 257/262/257 256/261/256
f 236/241/236 237/242/237 258/263/258 257/262/257
f 237/242/237 238/243/238 259/264/259 258/263/258
f 238/243/238 239/244/239 260/265/260 259/264/259
f 239/244/239 240/245/240 261/266/261 260/265/260
f 240/245/240 241/246/241 262/267/262 261/266/261
f 241/246/241 242/247/242 263/268/263 262/267/262
f 242/247/242 243/248/243 264/269/264 263/268/263
f 243/248/243 244/249/244 265/270/265 264/269/264
f 244/249/244 245/250/245 266/271/266 265/270/265
f 267/272/267 247/273/247 268/274/268 269/275/269
f 247/252/247 246/251/246 270/276/270 268/277/268
f 246/251/246 248/253/248 271/278/271 270/276/270
f 248/253/248 249/254/249 272/279/272 271/278/271
f 249/254/249 250/255/250 273/280/273 272/279/272
f 250/255/250 251/256/251 274/281/274 273/280/273
f 251/256/251 252/257/252 275/282/275 274/281/274
f 252/257/252 253/258/253 276/283/276 275/282/275
f 253/258/253 254/259/254 277/284/277 276/283/276
f 254/259/254 255/260/255 278/285/278 277/284/277
f 255/260/255 256/261/256 279/286/279 278/285/278
f 256/261/256 257/262/257 280/287/280 279/286/279
f 257/262/257 258/263/258 281/288/281 280/287/280
f 258/263/258 259/264/259 282/289/282 281/288/281
f 259/264/259 260/265/260 283/290/283 282/289/282
f 260/265/260 261/266/261 284/291/284 283/290/283
f 261/266/261 262/267/262 285/292/285 284/291/284
f 262/267/262 263/268/263 286/293/286 285/292/285
f 263/268/263 264/269/264 287/294/287 286/293/286
f 264/269/264 265/270/265 288/295/288 287/294/287
f 265/270/265 266/271/266 289/296/289 288/295/288
f 269/275/269 268/274/268 290/297/290 291/298/291
f 268/274/268 270/299/270 292/300/292 290/297/290
f 270/276/270 271/278/271 293/301/293 292/302/292
f 271/278/271 272/279/272 294/303/294 293/301/293
f 272/279/272 273/280/273 295/304/295 294/303/294
f 273/280/273 274/281/274 296/305/296 295/304/295
f 274/281/274 275/282/275 297/306/297 296/305/296
f 275/282/275 276/283/276 298/307/298 297/306/297
f 276/283/276 277/284/277 299/308/299 298/307/298
f 277/284/277 278/285/278 300/309/300 299/308/299
f 278/285/278 279/286/279 301/310/301 300/309/300
f 279/286/279 280/287/280 302/311/302 301/310/301
f 280/287/280 281/288/281 303/312/303 302/311/302
f 281/288/281 282/289/282 304/313/304 303/312/303
f 282/289/282 283/290/283 305/314/305 304/313/304
f 283/290/283 284/291/284 306/315/306 305/314/305
f 284/291/284 285/292/285 307/316/307 306/315/306
f 285/292/285 286/293/286 308/317/308 307/316/307
f 286/293/286 287/294/287 309/318/309 308/317/308
f 287/294/287 288/295/288 310/319/310 309/318/309
f 288/295/288 289/296/289 311/320/311 310/319/310
f 291/298/291 290/297/290 312/321/312 313/322/313
f 290/297/290 292/300/292 314/323/314 312/321/312
f 292/302/292 293/301/293 315/324/315 314/325/314
f 293/301/293 294/303/294 316/326/316 315/324/315
f 294/303/294 295/304/295 317/327/317 316/326/316
f 295/304/295 296/305/296 318/328/318 317/327/317
f 296/305/296 297/306/297 319/329/319 318/328/318
f 297/306/297 298/307/298 320/330/320 319/329/319
f 298/307/298 299/308/299 321/331/321 320/330/320
f 299/308/299 300/309/300 322/332/322 321/331/321
f 300/309/300 301/310/301 323/333/323 322/332/322
f 301/310/301 302/311/302 324/334/324 323/333/323
f 302/311/302 303/312/303 325/335/325 324/334/324
f 303/312/303 304/313/304 326/336/326 325/335/325
f 304/313/304 305/314/305 327/337/327 326/336/326
f 305/314/305 306/315/306 328/338/328 327/337/327
f 306/315/306 307/316/307 329/339/329 328/338/328
f 307/316/307 308/317/308 330/340/330 329/339/329
f 308/317/308 309/318/309 331/341/331 330/340/330
f 309/318/309 310/319/310 332/342/332 331/341/331
f 310/319/310 311/320/311 333/343/333 332/342/332
f 313/322/313 312/321/312 334/344/334 335/345/335
f 312/321/312 314/323/314 336/346/336 334/344/334
f 314/325/314 315/324/315 337/347/337 336/348/336
f 315/324/315 316/326/316 338/349/338 337/347/337
f 316/326/316 317/327/317 339/350/339 338/349/338
f 317/327/317 318/328/318 340/351/340 339/350/339
f 318/328/318 319/329/319 341/352/341 340/351/340
f 319/329/319 320/330/320 342/353/342 341/352/341
f 320/330/320 321/331/321 343/354/343 342/353/342
f 321/331/321 322/332/322 344/355/344 343/354/343
f 322/332/322 323/333/323 345/356/345 344/355/344
f 323/333/323 324/334/324 346/357/346 345/356/345
f 324/334/324 325/335/325 347/358/347 346/357/346
f 325/335/325 326/336/326 348/359/348 347/358/347
f 326/336/326 327/337/327 349/360/349 348/359/348
f 327/337/327 328/338/328 350/361/350 349/360/349
f 328/338/328 329/339/329 351/362/351 350/361/350
f 329/339/329 330/340/330 352/363/352 351/362/351
f 330/340/330 331/341/331 353/364/353 352/363/352
f 331/341/331 332/342/332 354/365/354 353/364/353
f 332/342/332 333/343/333 355/366/355 354/365/354
f 335/345/335 334/344/334 356/367/356 357/368/357
f 334/344/334 336/346/336 358/369/358 356/367/356
f 336/348/336 337/347/337 359/370/359 358/371/358
f 337/347/337 338/349/338 360/372/360 359/370/359
f 338/349/338 339/350/339 361/373/361 360/372/360
f 339/350/339 340/351/340 362/374/362 361/373/361
f 340/351/340 341/352/341 363/375/363 362/374/362
f 341/352/341 342/353/342 364/376/364 363/375/363
f 342/353/342 343/354/343 365/377/365 364/376/364
f 343/354/343 344/355/344 366/378/366 365/377/365
f 344/355/344 345/356/345 367/379/367 366/378/366
f 345/356/345 346/357/346 368/380/368 367/379/367
f 346/357/346 347/358/347 369/381/369 368/380/368
f 347/358/347 348/359/348 370/382/370 369/381/369
f 348/359/348 349/360/349 371/383/371 370/382/370
f 349/360/349 350/361/350 372/384/372 371/383/371
f 350/361/350 351/362/351 373/385/373 372/384/372
f 351/362/351 352/363/352 374/386/374 373/385/373
f 352/363/352 353/364/353 375/387/375 374/386/374
f 353/364/353 354/365/354 376/388/376 375/387/375
f 354/365/354 355/366/355 377/389/377 376/388/376
f 357/368/357 356/367/356 378/390/378 379/391/379
f 356/367/356 358/369/358 380/392/380 378/390/378
f 358/371/358 359/370/359 381/393/381 380/394/380
f 359/370/359 360/372/360 382/395/382 381/393/381
f 360/372/360 361/373/361 383/396/383 382/395/382
f 361/373/361 362/374/362 384/397/384 383/396/383
f 362/374/362 363/375/363 385/398/385 384/397/384
f 363/375/363 364/376/364 386/399/386 385/398/385
f 364/376/364 365/377/365 387/400/387 386/399/386
f 365/377/365 366/378/366 388/401/388 387/400/387
f 366/378/366 367/379/367 389/402/389 388/401/388
f 367/379/367 368/380/368 390/403/390 389/402/389
f 368/380/368 369/381/369 391/404/391 390/403/390
f 369/381/369 370/382/370 392/405/392 391/404/391
f 370/382/370 371/383/371 393/406/393 392/405/392
f 371/383/371 372/384/372 394/407/394 393/406/393
f 372/384/372 373/385/373 395/408/395 394/407/394
f 373/385/373 374/386/374 396/409/396 395/408/395
f 374/386/374 375/387/375 397/410/397 396/409/396
f 375/387/375 376/388/376 398/411/398 397/410/397
f 376/388/376 377/389/377 399/412/399 398/411/398
f 379/391/379 378/390/378 400/413/400 401/414/401
f 378/415/378 380/394/380 402/416/402 400/417/400
f 380/394/380 381/393/381 403/418/403 402/416/402
f 381/393/381 382/395/382 404/419/404 403/418/403
f 382/395/382 383/396/383 405/420/405 404/419/404
f 383/396/383 384/397/384 406/421/406 405/420/405
f 384/397/384 385/398/385 407/422/407 406/421/406
f 385/398/385 386/399/386 408/423/408 407/422/407
f 386/399/386 387/400/387 409/424/409 408/423/408
f 388/401/388 389/402/389 410/425/410 411/426/411
f 390/403/390 391/404/391 412/427/412 413/428/413
f 392/405/392 393/406/393 414/429/414 415/430/415
f 394/407/394 395/408/395 416/431/416 417/432/417
f 395/408/395 396/409/396 418/433/418 416/431/416
f 396/409/396 397/410/397 419/434/419 418/433/418
f 397/410/397 398/411/398 420/435/420 419/434/419
f 398/411/398 399/412/399 421/436/421 420/435/420
f 401/414/401 400/413/400 422/437/422 423/438/423
f 400/417/400 402/416/402 424/439/424 422/440/422
f 402/416/402 403/418/403 425/441/425 424/439/424
f 403/418/403 404/419/404 426/442/426 425/441/425
f 404/419/404 405/420/405 427/443/427 426/442/426
f 405/420/405 406/421/406 428/444/428 427/443/427
f 406/421/406 407/422/407 429/445/429 428/444/428
f 407/422/407 408/423/408 430/446/430 429/445/429
f 409/447/409 411/448/411 431/449/431 432/450/432
f 410/451/410 413/452/413 433/453/433 434/454/434
f 412/455/412 415/456/415 435/457/435 436/458/436
f 414/429/414 417/432/417 437/459/437 438/460/438
f 417/432/417 416/431/416 439/461/439 437/459/437
f 416/431/416 418/433/418 440/462/440 439/461/439
f 418/433/418 419/434/419 441/463/441 440/462/440
f 419/434/419 420/435/420 442/464/442 441/463/441
f 420/435/420 421/436/421 443/465/443 442/464/442
f 423/438/423 422/437/422 444/466/444 445/467/445
f 422/440/422 424/439/424 446/468/446 444/469/444
f 424/439/424 425/441/425 447/470/447 446/468/446
f 425/441/425 426/442/426 448/471/448 447/470/447
f 426/442/426 427/443/427 449/472/449 448/471/448
f 427/443/427 428/444/428 450/473/450 449/472/449
f 428/444/428 429/445/429 451/474/451 450/473/450
f 429/445/429 430/446/430 452/475/452 451/474/451
f 430/446/430 432/476/432 453/477/453 452/475/452
f 431/478/431 434/479/434 454/480/454 455/481/455
f 433/482/433 436/483/436 456/484/456 457/485/457
f 435/486/435 438/487/438 458/488/458 459/489/459
f 437/459/437 439/461/439 460/490/460 461/491/461
f 439/461/439 440/462/440 462/492/462 460/490/460
f 440/462/440 441/463/441 463/493/463 462/492/462
f 441/463/441 442/464/442 464/494/464 463/493/463
f 442/464/442 443/465/443 465/495/465 464/494/464
f 445/467/445 444/466/444 466/496/466 467/497/467
f 444/466/444 446/498/446 468/499/468 466/496/466
f 446/468/446 447/470/447 469/500/469 468/501/468
f 447/470/447 448/471/448 470/502/470 469/500/469
f 448/471/448 449/472/449 471/503/471 470/502/470
f 449/472/449 450/473/450 472/504/472 471/503/471
f 450/473/450 451/474/451 473/505/473 472/504/472
f 451/474/451 452/475/452 474/506/474 473/505/473
f 453/507/453 455/508/455 475/509/475 476/510/476
f 454/511/454 457/512/457 477/513/477 478/514/478
f 456/515/456 459/516/459 479/517/479 480/518/480
f 458/519/458 461/491/461 481/520/481 482/521/482
f 461/491/461 460/490/460 483/522/483 481/520/481
f 460/490/460 462/492/462 484/523/484 483/522/483
f 462/492/462 463/493/463 485/524/485 484/523/484
f 463/493/463 464/494/464 486/525/486 485/524/485
f 464/494/464 465/495/465 487/526/487 486/525/486
f 467/497/467 466/496/466 488/527/488 489/528/489
f 466/496/466 468/499/468 490/529/490 488/527/488
f 468/501/468 469/500/469 491/530/491 490/531/490
f 469/500/469 470/502/470 492/532/492 491/530/491
f 470/502/470 471/503/471 493/533/493 492/532/492
f 471/503/471 472/504/472 494/534/494 493/533/493
f 472/504/472 473/505/473 495/535/495 494/534/494
f 473/505/473 474/506/474 496/536/496 495/535/495
f 474/506/474 476/537/476 497/538/497 496/536/496
f 475/539/475 478/540/478 498/541/498 499/542/499
f 477/543/477 480/544/480 500/545/500 501/546/501
f 479/547/479 482/548/482 502/549/502 503/550/503
f 481/520/481 483/522/483 504/551/504 505/552/505
f 483/522/483 484/523/484 506/553/506 504/551/504
f 484/523/484 485/524/485 507/554/507 506/553/506
f 485/524/485 486/525/486 508/555/508 507/554/507
f 486/525/486 487/526/487 509/556/509 508/555/508
f 489/528/489 488/527/488 510/557/510 511/558/511
f 488/527/488 490/529/490 512/559/512 510/557/510
f 490/531/490 491/530/491 513/560/513 512/561/512
f 491/530/491 492/532/492 514/562/514 513/560/513
f 492/532/492 493/533/493 515/563/515 514/562/514
f 493/533/493 494/534/494 516/564/516 515/563/515
f 494/534/494 495/535/495 517/565/517 516/564/516
f 495/535/495 496/536/496 518/566/518 517/565/517
f 497/567/497 499/568/499 519/569/519 520/570/520
f 498/571/498 501/572/501 521/573/521 522/574/522
f 500/575/500 503/576/503 523/577/523 524/578/524
f 502/579/502 505/552/505 525/580/525 526/581/526
f 505/552/505 504/551/504 527/582/527 525/580/525
f 504/551/504 506/553/506 528/583/528 527/582/527
f 506/553/506 507/554/507 529/584/529 528/583/528
f 507/554/507 508/555/508 530/585/530 529/584/529
f 508/555/508 509/556/509 531/586/531 530/585/530
f 511/558/511 510/557/510 532/587/532 533/588/533
f 510/557/510 512/559/512 534/589/534 532/587/532
f 512/561/512 513/560/513 535/590/535 534/591/534
f 513/560/513 514/562/514 536/592/536 535/590/535
f 514/562/514 515/563/515 537/593/537 536/592/536
f 515/563/515 516/564/516 538/594/538 537/593/537
f 516/564/516 517/565/517 539/595/539 538/594/538
f 517/565/517 518/566/518 540/596/540 539/595/539
f 518/566/518 520/597/520 541/598/541 540/596/540
f 519/599/519 522/600/522 542/601/542 543/602/543
f 521/603/521 524/604/524 544/605/544 545/606/545
f 523/607/523 526/608/526 546/609/546 547/610/547
f 525/580/525 527/582/527 548/611/548 549/612/549
f 527/582/527 528/583/528 550/613/550 548/611/548
f 528/583/528 529/584/529 551/614/551 550/613/550
f 529/584/529 530/585/530 552/615/552 551/614/551
f 530/585/530 531/586/531 553/616/553 552/615/552
f 533/588/533 532/587/532 554/617/554 555/618/555
f 532/587/532 534/589/534 556/619/556 554/617/554
f 534/591/534 535/590/535 557/620/557 556/621/556
f 535/590/535 536/592/536 558/622/558 557/620/557
f 536/592/536 537/593/537 559/623/559 558/622/558
f 537/593/537 538/594/538 560/624/560 559/623/559
f 538/594/538 539/595/539 561/625/561 560/624/560
f 539/595/539 540/596/540 562/626/562 561/625/561
f 541/598/541 543/627/543 563/628/563 564/629/564
f 542/630/542 545/631/545 565/632/565 566/633/566
f 544/634/544 547/635/547 567/636/567 568/637/568
f 546/638/546 549/612/549 569/639/569 570/640/570
f 549/612/549 548/611/548 571/641/571 569/639/569
f 548/611/548 550/613/550 572/642/572 571/641/571
f 550/613/550 551/614/551 573/643/573 572/642/572
f 551/614/551 552/615/552 574/644/574 573/643/573
f 552/615/552 553/616/553 575/645/575 574/644/574
f 554/646/554 556/621/556 576/647/576 577/648/577
f 556/621/556 557/620/557 578/649/578 576/647/576
f 557/620/557 558/622/558 579/650/579 578/649/578
f 558/622/558 559/623/559 580/651/580 579/650/579
f 559/623/559 560/624/560 581/652/581 580/651/580
f 560/624/560 561/625/561 582/653/582 581/652/581
f 561/625/561 562/626/562 583/654/583 582/653/582
f 562/626/562 564/629/564 584/655/584 583/654/583
f 564/629/564 563/628/563 585/656/585 584/655/584
f 563/628/563 566/633/566 586/657/586 585/656/585
f 566/633/566 565/632/565 587/658/587 586/657/586
f 565/632/565 568/637/568 588/659/588 587/658/587
f 568/637/568 567/636/567 589/660/589 588/659/588
f 567/636/567 570/640/570 590/661/590 589/660/589
f 570/640/570 569/639/569 591/662/591 590/661/590
f 569/639/569 571/641/571 592/663/592 591/662/591
f 571/641/571 572/642/572 593/664/593 592/663/592
f 572/642/572 573/643/573 594/665/594 593/664/593
f 573/643/573 574/644/574 595/666/595 594/665/594
f 574/644/574 575/645/575 596/667/596 595/666/595
f 577/648/577 576/647/576 597/668/597 598/669/598
f 576/647/576 578/649/578 599/670/599 597/668/597
f 578/649/578 579/650/579 600/671/600 599/670/599
f 579/650/579 580/651/580 601/672/601 600/671/600
f 580/651/580 581/652/581 602/673/602 601/672/601
f 581/652/581 582/653/582 603/674/603 602/673/602
f 582/653/582 583/654/583 604/675/604 603/674/603
f 583/654/583 584/655/584 605/676/605 604/675/604
f 584/655/584 585/656/585 606/677/606 605/676/605
f 585/656/585 586/657/586 607/678/607 606/677/606
f 586/657/586 587/658/587 608/679/608 607/678/607
f 587/658/587 588/659/588 609/680/609 608/679/608
f 588/659/588 589/660/589 610/681/610 609/680/609
f 589/660/589 590/661/590 611/682/611 610/681/610
f 590/661/590 591/662/591 612/683/612 611/682/611
f 591/662/591 592/663/592 613/684/613 612/683/612
f 592/663/592 593/664/593 614/685/614 613/684/613
f 593/664/593 594/665/594 615/686/615 614/685/614
f 594/665/594 595/666/595 616/687/616 615/686/615
f 595/666/595 596/667/596 617/688/617 616/687/616
f 597/668/597 599/670/599 618/689/618 619/690/619
f 599/670/599 600/671/600 620/691/620 618/689/618
f 600/671/600 601/672/601 621/692/621 620/691/620
f 601/672/601 602/673/602 622/693/622 621/692/621
f 602/673/602 603/674/603 623/694/623 622/693/622
f 603/674/603 604/675/604 624/695/624 623/694/623
f 604/675/604 605/676/605 625/696/625 624/695/624
f 605/676/605 606/677/606 626/697/626 625/696/625
f 606/677/606 607/678/607 627/698/627 626/697/626
f 607/678/607 608/679/608 628/699/628 627/698/627
f 608/679/608 609/680/609 629/700/629 628/699/628
f 609/680/609 610/681/610 630/701/630 629/700/629
f 610/681/610 611/682/611 631/702/631 630/701/630
f 611/682/611 612/683/612 632/703/632 631/702/631
f 612/683/612 613/684/613 633/704/633 632/703/632
f 613/684/613 614/685/614 634/705/634 633/704/633
f 614/685/614 615/686/615 635/706/635 634/705/634
f 615/686/615 616/687/616 636/707/636 635/706/635
f 616/687/616 617/688/617 637/708/637 636/707/636
f 619/690/619 618/689/618 638/709/638 639/710/639
f 618/689/618 620/691/620 640/711/640 638/709/638
f 620/691/620 621/692/621 641/712/641 640/711/640
f 621/692/621 622/693/622 642/713/642 641/712/641
f 622/693/622 623/694/623 643/714/643 642/713/642
f 623/694/623 624/695/624 644/715/644 643/714/643
f 624/695/624 625/696/625 645/716/645 644/715/644
f 625/696/625 626/697/626 646/717/646 645/716/645
f 626/697/626 627/698/627 647/718/647 646/717/646
f 627/698/627 628/699/628 648/719/648 647/718/647
f 628/699/628 629/700/629 649/720/649 648/719/648
f 629/700/629 630/701/630 650/721/650 649/720/649
f 630/701/630 631/702/631 651/722/651 650/721/650
f 631/702/631 632/703/632 652/723/652 651/722/651
f 632/703/632 633/704/633 653/724/653 652/723/652
f 633/704/633 634/705/634 654/725/654 653/724/653
f 634/705/634 635/706/635 655/726/655 654/725/654
f 635/706/635 636/707/636 656/727/656 655/726/655
f 636/707/636 637/708/637 657/728/657 656/727/656
f 639/710/639 638/709/638 658/729/658 659/730/659
f 638/709/638 640/711/640 660/731/660 658/729/658
f 640/711/640 641/712/641 661/732/661 660/731/660
f 641/712/641 642/713/642 662/733/662 661/732/661
f 642/713/642 643/714/643 663/734/663 662/733/662
f 643/714/643 644/715/644 664/735/664 663/734/663
f 644/715/644 645/716/645 665/736/665 664/735/664
f 645/716/645 646/717/646 666/737/666 665/736/665
f 646/717/646 647/718/647 667/738/667 666/737/666
f 647/718/647 648/719/648 668/739/668 667/738/667
f 648/719/648 649/720/649 669/740/669 668/739/668
f 649/720/649 650/721/650 670/741/670 669/740/669
f 650/721/650 651/722/651 671/742/671 670/741/670
f 651/722/651 652/723/652 672/743/672 671/742/671
f 652/723/652 653/724/653 673/744/673 672/743/672
f 653/724/653 654/725/654 674/745/674 673/744/673
f 654/725/654 655/726/655 675/746/675 674/745/674
f 655/726/655 656/727/656 676/747/676 675/746/675
f 656/727/656 657/728/657 677/748/677 676/747/676
f 658/729/658 660/731/660 678/749/678 679/750/679
f 660/731/660 661/732/661 680/751/680 678/749/678
f 661/732/661 662/733/662 681/752/681 680/751/680
f 662/733/662 663/734/663 682/753/682 681/752/681
f 663/734/663 664/735/664 683/754/683 682/753/682
f 664/735/664 665/736/665 684/755/684 683/754/683
f 665/736/665 666/737/666 685/756/685 684/755/684
f 666/737/666 667/738/667 686/757/686 685/756/685
f 667/738/667 668/739/668 687/758/687 686/757/686
f 668/739/668 669/740/669 688/759/688 687/758/687
f 669/740/669 670/741/670 689/760/689 688/759/688
f 670/741/670 671/742/671 690/761/690 689/760/689
f 671/742/671 672/743/672 691/762/691 690/761/690
f 672/743/672 673/744/673 692/763/692 691/762/691
f 673/744/673 674/745/674 693/764/693 692/763/692
f 674/745/674 675/746/675 694/765/694 693/764/693
f 675/746/675 676/747/676 695/766/695 694/765/694
f 676/747/676 677/748/677 696/767/696 695/766/695
f 679/750/679 678/749/678 697/768/697 698/769/698
f 678/749/678 680/751/680 699/770/699 697/768/697
f 680/751/680 681/752/681 700/771/700 699/770/699
f 681/752/681 682/753/682 701/772/701 700/771/700
f 682/753/682 683/754/683 702/773/702 701/772/701
f 683/754/683 684/755/684 703/774/703 702/773/702
f 684/755/684 685/756/685 704/775/704 703/774/703
f 685/756/685 686/757/686 705/776/705 704/775/704
f 686/757/686 687/758/687 706/777/706 705/776/705
f 687/758/687 688/759/688 707/778/707 706/777/706
f 688/759/688 689/760/689 708/779/708 707/778/707
f 689/760/689 690/761/690 709/780/709 708/779/708
f 690/761/690 691/762/691 710/781/710 709/780/709
f 691/762/691 692/763/692 711/782/711 710/781/710
f 692/763/692 693/764/693 712/783/712 711/782/711
f 693/764/693 694/765/694 713/784/713 712/783/712
f 694/765/694 695/766/695 714/785/714 713/784/713
f 695/766/695 696/767/696 715/786/715 714/785/714
f 697/768/697 699/770/699 716/787/716 717/788/717
f 699/770/699 700/771/700 718/789/718 716/787/716
f 700/771/700 701/772/701 719/790/719 718/789/718
f 701/772/701 702/773/702 720/791/720 719/790/719
f 702/773/702 703/774/703 721/792/721 720/791/720
f 703/774/703 704/775/704 722/793/722 721/792/721
f 704/775/704 705/776/705 723/794/723 722/793/722
f 705/776/705 706/777/706 724/795/724 723/794/723
f 706/777/706 707/778/707 725/796/725 724/795/724
f 707/778/707 708/779/708 726/797/726 725/796/725
f 708/779/708 709/780/709 727/798/727 726/797/726
f 709/780/709 710/781/710 728/799/728 727/798/727
f 710/781/710 711/782/711 729/800/729 728/799/728
f 711/782/711 712/783/712 730/801/730 729/800/729
f 712/783/712 713/784/713 731/802/731 730/801/730
f 713/784/713 714/785/714 732/803/732 731/802/731
f 714/785/714 715/786/715 733/804/733 732/803/732
f 717/788/717 716/787/716 734/805/734 735/806/735
f 716/787/716 718/789/718 736/807/736 734/805/734
f 718/789/718 719/790/719 737/808/737 736/807/736
f 719/790/719 720/791/720 738/809/738 737/808/737
f 720/791/720 721/792/721 739/810/739 738/809/738
f 721/792/721 722/793/722 740/811/740 739/810/739
f 722/793/722 723/794/723 741/812/741 740/811/740
f 723/794/723 724/795/724 742/813/742 741/812/741
f 724/795/724 725/796/725 743/814/743 742/813/742
f 725/796/725 726/797/726 744/815/744 743/814/743
f 726/797/726 727/798/727 745/816/745 744/815/744
f 727/798/727 728/799/728 746/817/746 745/816/745
f 728/799/728 729/800/729 747/818/747 746/817/746
f 729/800/729 730/801/730 748/819/748 747/818/747
f 730/801/730 731/802/731 749/820/749 748/819/748
f 731/802/731 732/803/732 750/821/750 749/820/749
f 732/803/732 733/804/733 751/822/751 750/821/750
f 734/805/734 736/807/736 752/823/752 753/824/753
f 736/807/736 737/808/737 754/825/754 752/823/752
f 737/808/737 738/809/738 755/826/755 754/825/754
f 738/809/738 739/810/739 756/827/756 755/826/755
f 739/810/739 740/811/740 757/828/757 756/827/756
f 740/811/740 741/812/741 758/829/758 757/828/757
f 741/812/741 742/813/742 759/830/759 758/829/758
f 742/813/742 743/814/743 760/831/760 759/830/759
f 743/814/743 744/815/744 761/832/761 760/831/760
f 744/815/744 745/816/745 762/833/762 761/832/761
f 745/816/745 746/817/746 763/834/763 762/833/762
f 746/817/746 747/818/747 764/835/764 763/834/763
f 747/818/747 748/819/748 765/836/765 764/835/764
f 748/819/748 749/820/749 766/837/766 765/836/765
f 749/820/749 750/821/750 767/838/767 766/837/766
f 750/821/750 751/822/751 768/839/768 767/838/767
f 753/824/753 752/823/752 769/840/769 770/841/770
f 752/823/752 754/825/754 771/842/771 769/840/769
f 754/825/754 755/826/755 772/843/772 771/842/771
f 755/826/755 756/827/756 773/844/773 772/843/772
f 756/827/756 757/828/757 774/845/774 773/844/773
f 757/828/757 758/829/758 775/846/775 774/845/774
f 758/829/758 759/830/759 776/847/776 775/846/775
f 759/830/759 760/831/760 777/848/777 776/847/776
f 760/831/760 761/832/761 778/849/778 777/848/777
f 761/832/761 762/833/762 779/850/779 778/849/778
f 762/833/762 763/834/763 780/851/780 779/850/779
f 763/834/763 764/835/764 781/852/781 780/851/780
f 764/835/764 765/836/765 782/853/782 781/852/781
f 765/836/765 766/837/766 783/854/783 782/853/782
f 766/837/766 767/838/767 784/855/784 783/854/783
f 767/838/767 768/839/768 785/856/785 784/855/784
f 770/841/770 769/840/769 786/857/786 787/858/787
f 769/840/769 771/842/771 788/859/788 786/857/786
f 771/842/771 772/843/772 789/860/789 788/859/788
f 772/843/772 773/844/773 790/861/790 789/860/789
f 773/844/773 774/845/774 791/862/791 790/861/790
f 774/845/774 775/846/775 792/863/792 791/862/791
f 775/846/775 776/847/776 793/864/793 792/863/792
f 776/847/776 777/848/777 794/865/794 793/864/793
f 777/848/777 778/849/778 795/866/795 794/865/794
f 778/849/778 779/850/779 796/867/796 795/866/795
f 779/850/779 780/851/780 797/868/797 796/867/796
f 780/851/780 781/852/781 798/869/798 797/868/797
f 781/852/781 782/853/782 799/870/799 798/869/798
f 782/853/782 783/854/783 800/871/800 799/870/799
f 783/854/783 784/855/784 801/872/801 800/871/800
f 784/855/784 785/856/785 802/873/802 801/872/801
f 786/857/786 788/859/788 803/874/803 804/875/804
f 788/859/788 789/860/789 805/876/805 803/874/803
f 789/860/789 790/861/790 806/877/806 805/876/805
f 790/861/790 791/862/791 807/878/807 806/877/806
f 791/862/791 792/863/792 808/879/808 807/878/807
f 792/863/792 793/864/793 809/880/809 808/879/808
f 793/864/793 794/865/794 810/881/810 809/880/809
f 794/865/794 795/866/795 811/882/811 810/881/810
f 795/866/795 796/867/796 812/883/812 811/882/811
f 796/867/796 797/868/797 813/884/813 812/883/812
f 797/868/797 798/869/798 814/885/814 813/884/813
f 798/869/798 799/870/799 815/886/815 814/885/814
f 799/870/799 800/871/800 816/887/816 815/886/815
f 800/871/800 801/872/801 817/888/817 816/887/816
f 801/872/801 802/873/802 818/889/818 817/888/817
f 804/875/804 803/874/803 819/890/819 820/891/820
f 803/874/803 805/876/805 821/892/821 819/890/819
f 805/876/805 806/877/806 822/893/822 821/892/821
f 806/877/806 807/878/807 823/894/823 822/893/822
f 807/878/807 808/879/808 824/895/824 823/894/823
f 808/879/808 809/880/809 825/896/825 824/895/824
f 809/880/809 810/881/810 826/897/826 825/896/825
f 810/881/810 811/882/811 827/898/827 826/897/826
f 811/882/811 812/883/812 828/899/828 827/898/827
f 812/883/812 813/884/813 829/900/829 828/899/828
f 813/884/813 814/885/814 830/901/830 829/900/829
f 814/885/814 815/886/815 831/902/831 830/901/830
f 815/886/815 816/887/816 832/903/832 831/902/831
f 816/887/816 817/888/817 833/904/833 832/903/832
f 817/888/817 818/889/818 834/905/834 833/904/833
f 820/891/820 819/890/819 835/906/835 836/907/836
f 819/890/819 821/892/821 837/908/837 835/906/835
f 821/892/821 822/893/822 838/909/838 837/908/837
f 822/893/822 823/894/823 839/910/839 838/909/838
f 823/894/823 824/895/824 840/911/840 839/910/839
f 824/895/824 825/896/825 841/912/841 840/911/840
f 825/896/825 826/897/826 842/913/842 841/912/841
f 826/897/826 827/898/827 843/914/843 842/913/842
f 827/898/827 828/899/828 844/915/844 843/914/843
f 828/899/828 829/900/829 845/916/845 844/915/844
f 829/900/829 830/901/830 846/917/846 845/916/845
f 830/901/830 831/902/831 847/918/847 846/917/846
f 831/902/831 832/903/832 848/919/848 847/918/847
f 832/903/832 833/904/833 849/920/849 848/919/848
f 833/904/833 834/905/834 850/921/850 849/920/849
f 836/907/836 835/906/835 851/922/851 852/923/852
f 835/906/835 837/908/837 853/924/853 851/922/851
f 837/908/837 838/909/838 854/925/854 853/924/853
f 838/909/838 839/910/839 855/926/855 854/925/854
f 839/910/839 840/911/840 856/927/856 855/926/855
f 840/911/840 841/912/841 857/928/857 856/927/856
f 841/912/841 842/913/842 858/929/858 857/928/857
f 842/913/842 843/914/843 859/930/859 858/929/858
f 843/914/843 844/915/844 860/931/860 859/930/859
f 844/915/844 845/916/845 861/932/861 860/931/860
f 845/916/845 846/917/846 862/933/862 861/932/861
f 846/917/846 847/918/847 863/934/863 862/933/862
f 847/918/847 848/919/848 864/935/864 863/934/863
f 848/919/848 849/920/849 865/936/865 864/935/864
f 849/920/849 850/921/850 866/937/866 865/936/865
f 851/922/851 853/924/853 867/938/867 868/939/868
f 853/924/853 854/925/854 869/940/869 867/938/867
f 854/925/854 855/926/855 870/941/870 869/940/869
f 855/926/855 856/927/856 871/942/871 870/941/870
f 856/927/856 857/928/857 872/943/872 871/942/871
f 857/928/857 858/929/858 873/944/873 872/943/872
f 858/929/858 859/930/859 874/945/874 873/944/873
f 859/930/859 860/931/860 875/946/875 874/945/874
f 860/931/860 861/932/861 876/947/876 875/946/875
f 861/932/861 862/933/862 877/948/877 876/947/876
f 862/933/862 863/934/863 878/949/878 877/948/877
f 863/934/863 864/935/864 879/950/879 878/949/878
f 864/935/864 865/936/865 880/951/880 879/950/879
f 865/936/865 866/937/866 881/952/881 880/951/880
f 868/939/868 867/938/867 882/953/882 883/954/883
f 867/938/867 869/940/869 884/955/884 882/953/882
f 869/940/869 870/941/870 885/956/885 884/955/884
f 870/941/870 871/942/871 886/957/886 885/956/885
f 871/942/871 872/943/872 887/958/887 886/957/886
f 872/943/872 873/944/873 888/959/888 887/958/887
f 873/944/873 874/945/874 889/960/889 888/959/888
f 874/945/874 875/946/875 890/961/890 889/960/889
f 875/946/875 876/947/876 891/962/891 890/961/890
f 876/947/876 877/948/877 892/963/892 891/962/891
f 877/948/877 878/949/878 893/964/893 892/963/892
f 878/949/878 879/950/879 894/965/894 893/964/893
f 879/950/879 880/951/880 895/966/895 894/965/894
f 880/951/880 881/952/881 896/967/896 895/966/895
f 883/954/883 882/953/882 897/968/897 898/969/898
f 882/953/882 884/955/884 899/970/899 897/968/897
f 884/955/884 885/956/885 900/971/900 899/970/899
f 885/956/885 886/957/886 901/972/901 900/971/900
f 886/957/886 887/958/887 902/973/902 901/972/901
f 887/958/887 888/959/888 903/974/903 902/973/902
f 888/959/888 889/960/889 904/975/904 903/974/903
f 889/960/889 890/961/890 905/976/905 904/975/904
f 890/961/890 891/962/891 906/977/906 905/976/905
f 891/962/891 892/963/892 907/978/907 906/977/906
f 892/963/892 893/964/893 908/979/908 907/978/907
f 893/964/893 894/965/894 909/980/909 908/979/908
f 894/965/894 895/966/895 910/981/910 909/980/909
f 895/966/895 896/967/896 911/982/911 910/981/910
f 898/969/898 897/968/897 912/983/912 913/984/913
f 897/968/897 899/970/899 914/985/914 912/983/912
f 899/970/899 900/971/900 915/986/915 914/985/914
f 900/971/900 901/972/901 916/987/916 915/986/915
f 901/972/901 902/973/902 917/988/917 916/987/916
f 902/973/902 903/974/903 918/989/918 917/988/917
f 903/974/903 904/975/904 919/990/919 918/989/918
f 904/975/904 905/976/905 920/991/920 919/990/919
f 905/976/905 906/977/906 921/992/921 920/991/920
f 906/977/906 907/978/907 922/993/922 921/992/921
f 907/978/907 908/979/908 923/994/923 922/993/922
f 908/979/908 909/980/909 924/995/924 923/994/923
f 909/980/909 910/981/910 925/996/925 924/995/924
f 910/981/910 911/982/911 926/997/926 925/996/925
f 912/983/912 914/985/914 927/998/927 928/999/928
f 914/985/914 915/986/915 929/1000/929 927/998/927
f 915/986/915 916/987/916 930/1001/930 929/1000/929
f 916/987/916 917/988/917 931/1002/931 930/1001/930
f 917/988/917 918/989/918 932/1003/932 931/1002/931
f 918/989/918 919/990/919 933/1004/933 932/1003/932
f 919/990/919 920/991/920 934/1005/934 933/1004/933
f 920/991/920 921/992/921 935/1006/935 934/1005/934
f 921/992/921 922/993/922 936/1007/936 935/1006/935
f 922/993/922 923/994/923 937/1008/937 936/1007/936
f 923/994/923 924/995/924 938/1009/938 937/1008/937
f 924/995/924 925/996/925 939/1010/939 938/1009/938
f 925/996/925 926/997/926 940/1011/940 939/1010/939
f 927/998/927 929/1000/929 941/1012/941 942/1013/942
f 929/1000/929 930/1001/930 943/1014/943 941/1012/941
f 930/1001/930 931/1002/931 944/1015/944 943/1014/943
f 931/1002/931 932/1003/932 945/1016/945 944/1015/944
f 932/1003/932 933/1004/933 946/1017/946 945/1016/945
f 933/1004/933 934/1005/934 947/1018/947 946/1017/946
f 934/1005/934 935/1006/935 948/1019/948 947/1018/947
f 935/1006/935 936/1007/936 949/1020/949 948/1019/948
f 936/1007/936 937/1008/937 950/1021/950 949/1020/949
f 937/1008/937 938/1009/938 951/1022/951 950/1021/950
f 938/1009/938 939/1010/939 952/1023/952 951/1022/951
f 939/1010/939 940/1011/940 953/1024/953 952/1023/952
f 941/1012/941 943/1014/943 954/1025/954 955/1026/955
f 943/1014/943 944/1015/944 956/1027/956 954/1025/954
f 944/1015/944 945/1016/945 957/1028/957 956/1027/956
f 945/1016/945 946/1017/946 958/1029/958 957/1028/957
f 946/1017/946 947/1018/947 959/1030/959 958/1029/958
f 947/1018/947 948/1019/948 960/1031/960 959/1030/959
f 948/1019/948 949/1020/949 961/1032/961 960/1031/960
f 949/1020/949 950/1021/950 962/1033/962 961/1032/961
f 950/1021/950 951/1022/951 963/1034/963 962/1033/962
f 951/1022/951 952/1023/952 964/1035/964 963/1034/963
f 952/1023/952 953/1024/953 965/1036/965 964/1035/964
f 954/1025/954 956/1027/956 966/1037/966 967/1038/967
f 956/1027/956 957/1028/957 968/1039/968 966/1037/966
f 957/1028/957 958/1029/958 969/1040/969 968/1039/968
f 958/1029/958 959/1030/959 970/1041/970 969/1040/969
f 959/1030/959 960/1031/960 971/1042/971 970/1041/970
f 960/1031/960 961/1032/961 972/1043/972 971/1042/971
f 961/1032/961 962/1033/962 973/1044/973 972/1043/972
f 962/1033/962 963/1034/963 974/1045/974 973/1044/973
f 963/1034/963 964/1035/964 975/1046/975 974/1045/974
f 964/1035/964 965/1036/965 976/1047/976 975/1046/975
f 966/1037/966 968/1039/968 977/1048/977 978/1049/978
f 968/1039/968 969/1040/969 979/1050/979 977/1048/977
f 969/1040/969 970/1041/970 980/1051/980 979/1050/979
f 970/1041/970 971/1042/971 981/1052/981 980/1051/980
f 971/1042/971 972/1043/972 982/1053/982 981/1052/981
f 972/1043/972 973/1044/973 983/1054/983 982/1053/982
f 973/1044/973 974/1045/974 984/1055/984 983/1054/983
f 974/1045/974 975/1046/975 985/1056/985 984/1055/984
f 975/1046/975 976/1047/976 986/1057/986 985/1056/985
f 978/1049/978 977/1048/977 987/1058/987 988/1059/988
f 977/1048/977 979/1050/979 989/1060/989 987/1058/987
f 979/1050/979 980/1051/980 990/1061/990 989/1060/989
f 980/1051/980 981/1052/981 991/1062/991 990/1061/990
f 981/1052/981 982/1053/982 992/1063/992 991/1062/991
f 982/1053/982 983/1054/983 993/1064/993 992/1063/992
f 983/1054/983 984/1055/984 994/1065/994 993/1064/993
f 984/1055/984 985/1056/985 995/1066/995 994/1065/994
f 985/1056/985 986/1057/986 996/1067/996 995/1066/995
f 991/1062/991 992/1063/992 997/1068/997 998/1069/998
f 992/1063/992 993/1064/993 999/1070/999 997/1068/997
f 993/1064/993 994/1065/994 1000/1071/1000 999/1070/999
f 994/1065/994 995/1066/995 1001/1072/1001 1000/1071/1000
f 995/1066/995 996/1067/996 1002/1073/1002 1001/1072/1001
f 1003/1074/1003 1006/1075/1006 1005/1076/1005 1004/1077/1004
f 1004/1077/1004 1005/1076/1005 1008/1078/1008 1007/1079/1007
f 1007/1079/1007 1008/1078/1008 1010/1080/1010 1009/1081/1009
f 1009/1081/1009 1010/1080/1010 1012/1082/1012 1011/1083/1011
f 1011/1083/1011 1012/1082/1012 1014/1084/1014 1013/1085/1013
f 1013/1085/1013 1014/1084/1014 1016/1086/1016 1015/1087/1015
f 1015/1087/1015 1016/1086/1016 1018/1088/1018 1017/1089/1017
f 1017/1089/1017 1018/1088/1018 1020/1090/1020 1019/1091/1019
f 1019/1091/1019 1020/1090/1020 1022/1092/1022 1021/1093/1021
f 1021/1093/1021 1022/1092/1022 1024/1094/1024 1023/1095/1023
f 1023/1095/1023 1024/1094/1024 1026/1096/1026 1025/1097/1025
f 1025/1097/1025 1026/1096/1026 1028/1098/1028 1027/1099/1027
f 1027/1099/1027 1028/1098/1028 1030/1100/1030 1029/1101/1029
f 1029/1101/1029 1030/1100/1030 1032/1102/1032 1031/1103/1031
f 1031/1103/1031 1032/1102/1032 1034/1104/1034 1033/1105/1033
f 1033/1105/1033 1034/1104/1034 1036/1106/1036 1035/1107/1035
f 1035/1107/1035 1036/1106/1036 1038/1108/1038 1037/1109/1037
f 1037/1109/1037 1038/1108/1038 1040/1110/1040 1039/1111/1039
f 1039/1111/1039 1040/1110/1040 1042/1112/1042 1041/1113/1041
f 1006/1075/1006 1044/1114/1044 1043/1115/1043 1005/1076/1005
f 1005/1076/1005 1043/1115/1043 1045/1116/1045 1008/1078/1008
f 1008/1078/1008 1045/1116/1045 1046/1117/1046 1010/1080/1010
f 1010/1080/1010 1046/1117/1046 1047/1118/1047 1012/1082/1012
f 1012/1082/1012 1047/1118/1047 1048/1119/1048 1014/1084/1014
f 1014/1084/1014 1048/1119/1048 1049/1120/1049 1016/1086/1016
f 1016/1086/1016 1049/1120/1049 1050/1121/1050 1018/1088/1018
f 1018/1088/1018 1050/1121/1050 1051/1122/1051 1020/1090/1020
f 1020/1090/1020 1051/1122/1051 1052/1123/1052 1022/1092/1022
f 1022/1092/1022 1052/1123/1052 1053/1124/1053 1024/1094/1024
f 1024/1094/1024 1053/1124/1053 1054/1125/1054 1026/1096/1026
f 1026/1096/1026 1054/1125/1054 1055/1126/1055 1028/1098/1028
f 1028/1098/1028 1055/1126/1055 1056/1127/1056 1030/1100/1030
f 1030/1100/1030 1056/1127/1056 1057/1128/1057 1032/1102/1032
f 1032/1102/1032 1057/1128/1057 1058/1129/1058 1034/1104/1034
f 1034/1104/1034 1058/1129/1058 1059/1130/1059 1036/1106/1036
f 1036/1106/1036 1059/1130/1059 1060/1131/1060 1038/1108/1038
f 1038/1108/1038 1060/1131/1060 1061/1132/1061 1040/1110/1040
f 1040/1110/1040 1061/1132/1061 1062/1133/1062 1042/1112/1042
f 1044/1114/1044 1064/1134/1064 1063/1135/1063 1043/1115/1043
f 1043/1115/1043 1063/1135/1063 1065/1136/1065 1045/1116/1045
f 1045/1116/1045 1065/1136/1065 1066/1137/1066 1046/1117/1046
f 1046/1117/1046 1066/1137/1066 1067/1138/1067 1047/1118/1047
f 1047/1118/1047 1067/1138/1067 1068/1139/1068 1048/1119/1048
f 1048/1119/1048 1068/1139/1068 1069/1140/1069 1049/1120/1049
f 1049/1120/1049 1069/1140/1069 1070/1141/1070 1050/1121/1050
f 1050/1121/1050 1070/1141/1070 1071/1142/1071 1051/1122/1051
f 1051/1122/1051 1071/1142/1071 1072/1143/1072 1052/1123/1052
f 1052/1123/1052 1072/1143/1072 1073/1144/1073 1053/1124/1053
f 1053/1124/1053 1073/1144/1073 1074/1145/1074 1054/1125/1054
f 1054/1125/1054 1074/1145/1074 1075/1146/1075 1055/1126/1055
f 1055/1126/1055 1075/1146/1075 1076/1147/1076 1056/1127/1056
f 1056/1127/1056 1076/1147/1076 1077/1148/1077 1057/1128/1057
f 1057/1128/1057 1077/1148/1077 1078/1149/1078 1058/1129/1058
f 1058/1129/1058 1078/1149/1078 1079/1150/1079 1059/1130/1059
f 1059/1130/1059 1079/1150/1079 1080/1151/1080 1060/1131/1060
f 1060/1131/1060 1080/1151/1080 1081/1152/1081 1061/1132/1061
f 1061/1132/1061 1081/1152/1081 1082/1153/1082 1062/1133/1062
f 1064/1134/1064 1084/1154/1084 1083/1155/1083 1063/1135/1063
f 1063/1135/1063 1083/1155/1083 1085/1156/1085 1065/1136/1065
f 1065/1136/1065 1085/1156/1085 1086/1157/1086 1066/1137/1066
f 1066/1137/1066 1086/1157/1086 1087/1158/1087 1067/1138/1067
f 1067/1138/1067 1087/1158/1087 1088/1159/1088 1068/1139/1068
f 1068/1139/1068 1088/1159/1088 1089/1160/1089 1069/1140/1069
f 1069/1140/1069 1089/1160/1089 1090/1161/1090 1070/1141/1070
f 1070/1141/1070 1090/1161/1090 1091/1162/1091 1071/1142/1071
f 1071/1142/1071 1091/1162/1091 1092/1163/1092 1072/1143/1072
f 1072/1143/1072 1092/1163/1092 1093/1164/1093 1073/1144/1073
f 1073/1144/1073 1093/1164/1093 1094/1165/1094 1074/1145/1074
f 1074/1145/1074 1094/1165/1094 1095/1166/1095 1075/1146/1075
f 1075/1146/1075 1095/1166/1095 1096/1167/1096 1076/1147/1076
f 1076/1147/1076 1096/1167/1096 1097/1168/1097 1077/1148/1077
f 1077/1148/1077 1097/1168/1097 1098/1169/1098 1078/1149/1078
f 1078/1149/1078 1098/1169/1098 1099/1170/1099 1079/1150/1079
f 1079/1150/1079 1099/1170/1099 1100/1171/1100 1080/1151/1080
f 1080/1151/1080 1100/1171/1100 1101/1172/1101 1081/1152/1081
f 1081/1152/1081 1101/1172/1101 1102/1173/1102 1082/1153/1082
f 1084/1154/1084 1104/1174/1104 1103/1175/1103 1083/1155/1083
f 1083/1155/1083 1103/1175/1103 1105/1176/1105 1085/1156/1085
f 1085/1156/1085 1105/1176/1105 1106/1177/1106 1086/1157/1086
f 1086/1157/1086 1106/1177/1106 1107/1178/1107 1087/1158/1087
f 1087/1158/1087 1107/1178/1107 1108/1179/1108 1088/1159/1088
f 1088/1159/1088 1108/1179/1108 1109/1180/1109 1089/1160/1089
f 1089/1160/1089 1109/1180/1109 1110/1181/1110 1090/1161/1090
f 1090/1161/1090 1110/1181/1110 1111/1182/1111 1091/1162/1091
f 1091/1162/1091 1111/1182/1111 1112/1183/1112 1092/1163/1092
f 1092/1163/1092 1112/1183/1112 1113/1184/1113 1093/1164/1093
f 1093/1164/1093 1113/1184/1113 1114/1185/1114 1094/1165/1094
f 1094/1165/1094 1114/1185/1114 1115/1186/1115 1095/1166/1095
f 1095/1166/1095 1115/1186/1115 1116/1187/1116 1096/1167/1096
f 1096/1167/1096 1116/1187/1116 1117/1188/1117 1097/1168/1097
f 1097/1168/1097 1117/1188/1117 1118/1189/1118 1098/1169/1098
f 1098/1169/1098 1118/1189/1118 1119/1190/1119 1099/1170/1099
f 1099/1170/1099 1119/1190/1119 1120/1191/1120 1100/1171/1100
f 1100/1171/1100 1120/1191/1120 1121/1192/1121 1101/1172/1101
f 1101/1172/1101 1121/1192/1121 1122/1193/1122 1102/1173/1102
f 1104/1174/1104 1124/1194/1124 1123/1195/1123 1103/1175/1103
f 1103/1175/1103 1123/1195/1123 1125/1196/1125 1105/1176/1105
f 1105/1176/1105 1125/1196/1125 1126/1197/1126 1106/1177/1106
f 1106/1177/1106 1126/1197/1126 1127/1198/1127 1107/1178/1107
f 1107/1178/1107 1127/1198/1127 1128/1199/1128 1108/1179/1108
f 1108/1179/1108 1128/1199/1128 1129/1200/1129 1109/1180/1109
f 1109/1180/1109 1129/1200/1129 1130/1201/1130 1110/1181/1110
f 1110/1181/1110 1130/1201/1130 1131/1202/1131 1111/1182/1111
f 1111/1182/1111 1131/1202/1131 1132/1203/1132 1112/1183/1112
f 1112/1183/1112 1132/1203/1132 1133/1204/1133 1113/1184/1113
f 1113/1184/1113 1133/1204/1133 1134/1205/1134 1114/1185/1114
f 1114/1185/1114 1134/1205/1134 1135/1206/1135 1115/1186/1115
f 1115/1186/1115 1135/1206/1135 1136/1207/1136 1116/1187/1116
f 1116/1187/1116 1136/1207/1136 1137/1208/1137 1117/1188/1117
f 1117/1188/1117 1137/1208/1137 1138/1209/1138 1118/1189/1118
f 1118/1189/1118 1138/1209/1138 1139/1210/1139 1119/1190/1119
f 1119/1190/1119 1139/1210/1139 1140/1211/1140 1120/1191/1120
f 1120/1191/1120 1140/1211/1140 1141/1212/1141 1121/1192/1121
f 1121/1192/1121 1141/1212/1141 1142/1213/1142 1122/1193/1122
f 1124/1194/1124 1144/1214/1144 1143/1215/1143 1123/1195/1123
f 1123/1195/1123 1143/1215/1143 1145/1216/1145 1125/1196/1125
f 1125/1196/1125 1145/1216/1145 1146/1217/1146 1126/1197/1126
f 1126/1197/1126 1146/1217/1146 1147/1218/1147 1127/1198/1127
f 1127/1198/1127 1147/1218/1147 1148/1219/1148 1128/1199/1128
f 1128/1199/1128 1148/1219/1148 1149/1220/1149 1129/1200/1129
f 1129/1200/1129 1149/1220/1149 1150/1221/1150 1130/1201/1130
f 1130/1201/1130 1150/1221/1150 1151/1222/1151 1131/1202/1131
f 1131/1202/1131 1151/1222/1151 1152/1223/1152 1132/1203/1132
f 1132/1203/1132 1152/1223/1152 1153/1224/1153 1133/1204/1133
f 1133/1204/1133 1153/1224/1153 1154/1225/1154 1134/1205/1134
f 1134/1205/1134 1154/1225/1154 1155/1226/1155 1135/1206/1135
f 1135/1206/1135 1155/1226/1155 1156/1227/1156 1136/1207/1136
f 1136/1207/1136 1156/1227/1156 1157/1228/1157 1137/1208/1137
f 1137/1208/1137 1157/1228/1157 1158/1229/1158 1138/1209/1138
f 1138/1209/1138 1158/1229/1158 1159/1230/1159 1139/1210/1139
f 1139/1210/1139 1159/1230/1159 1160/1231/1160 1140/1211/1140
f 1140/1211/1140 1160/1231/1160 1161/1232/1161 1141/1212/1141
f 1141/1212/1141 1161/1232/1161 1162/1233/1162 1142/1213/1142
f 1163/1234/1163 1165/1235/1165 1164/1236/1164 1144/1237/1144
f 1144/1214/1144 1164/1238/1164 1166/1239/1166 1143/1215/1143
f 1143/1215/1143 1166/1239/1166 1167/1240/1167 1145/1216/1145
f 1145/1216/1145 1167/1240/1167 1168/1241/1168 1146/1217/1146
f 1146/1217/1146 1168/1241/1168 1169/1242/1169 1147/1218/1147
f 1147/1218/1147 1169/1242/1169 1170/1243/1170 1148/1219/1148
f 1148/1219/1148 1170/1243/1170 1171/1244/1171 1149/1220/1149
f 1149/1220/1149 1171/1244/1171 1172/1245/1172 1150/1221/1150
f 1150/1221/1150 1172/1245/1172 1173/1246/1173 1151/1222/1151
f 1151/1222/1151 1173/1246/1173 1174/1247/1174 1152/1223/1152
f 1152/1223/1152 1174/1247/1174 1175/1248/1175 1153/1224/1153
f 1153/1224/1153 1175/1248/1175 1176/1249/1176 1154/1225/1154
f 1154/1225/1154 1176/1249/1176 1177/1250/1177 1155/1226/1155
f 1155/1226/1155 1177/1250/1177 1178/1251/1178 1156/1227/1156
f 1156/1227/1156 1178/1251/1178 1179/1252/1179 1157/1228/1157
f 1157/1228/1157 1179/1252/1179 1180/1253/1180 1158/1229/1158
f 1158/1229/1158 1180/1253/1180 1181/1254/1181 1159/1230/1159
f 1159/1230/1159 1181/1254/1181 1182/1255/1182 1160/1231/1160
f 1160/1231/1160 1182/1255/1182 1183/1256/1183 1161/1232/1161
f 1161/1232/1161 1183/1256/1183 1184/1257/1184 1162/1233/1162
f 1165/1235/1165 1186/1258/1186 1185/1259/1185 1164/1236/1164
f 1164/1238/1164 1185/1260/1185 1187/1261/1187 1166/1239/1166
f 1166/1239/1166 1187/1261/1187 1188/1262/1188 1167/1240/1167
f 1167/1240/1167 1188/1262/1188 1189/1263/1189 1168/1241/1168
f 1168/1241/1168 1189/1263/1189 1190/1264/1190 1169/1242/1169
f 1169/1242/1169 1190/1264/1190 1191/1265/1191 1170/1243/1170
f 1170/1243/1170 1191/1265/1191 1192/1266/1192 1171/1244/1171
f 1171/1244/1171 1192/1266/1192 1193/1267/1193 1172/1245/1172
f 1172/1245/1172 1193/1267/1193 1194/1268/1194 1173/1246/1173
f 1173/1246/1173 1194/1268/1194 1195/1269/1195 1174/1247/1174
f 1174/1247/1174 1195/1269/1195 1196/1270/1196 1175/1248/1175
f 1175/1248/1175 1196/1270/1196 1197/1271/1197 1176/1249/1176
f 1176/1249/1176 1197/1271/1197 1198/1272/1198 1177/1250/1177
f 1177/1250/1177 1198/1272/1198 1199/1273/1199 1178/1251/1178
f 1178/1251/1178 1199/1273/1199 1200/1274/1200 1179/1252/1179
f 1179/1252/1179 1200/1274/1200 1201/1275/1201 1180/1253/1180
f 1180/1253/1180 1201/1275/1201 1202/1276/1202 1181/1254/1181
f 1181/1254/1181 1202/1276/1202 1203/1277/1203 1182/1255/1182
f 1182/1255/1182 1203/1277/1203 1204/1278/1204 1183/1256/1183
f 1183/1256/1183 1204/1278/1204 1205/1279/1205 1184/1257/1184
f 1186/1280/1186 1207/1281/1207 1206/1282/1206 1185/1260/1185
f 1185/1260/1185 1206/1282/1206 1208/1283/1208 1187/1261/1187
f 1187/1261/1187 1208/1283/1208 1209/1284/1209 1188/1262/1188
f 1188/1262/1188 1209/1284/1209 1210/1285/1210 1189/1263/1189
f 1189/1263/1189 1210/1285/1210 1211/1286/1211 1190/1264/1190
f 1190/1264/1190 1211/1286/1211 1212/1287/1212 1191/1265/1191
f 1191/1265/1191 1212/1287/1212 1213/1288/1213 1192/1266/1192
f 1192/1266/1192 1213/1288/1213 1214/1289/1214 1193/1267/1193
f 1193/1267/1193 1214/1289/1214 1215/1290/1215 1194/1268/1194
f 1194/1268/1194 1215/1290/1215 1216/1291/1216 1195/1269/1195
f 1195/1269/1195 1216/1291/1216 1217/1292/1217 1196/1270/1196
f 1196/1270/1196 1217/1292/1217 1218/1293/1218 1197/1271/1197
f 1197/1271/1197 1218/1293/1218 1219/1294/1219 1198/1272/1198
f 1198/1272/1198 1219/1294/1219 1220/1295/1220 1199/1273/1199
f 1199/1273/1199 1220/1295/1220 1221/1296/1221 1200/1274/1200
f 1200/1274/1200 1221/1296/1221 1222/1297/1222 1201/1275/1201
f 1201/1275/1201 1222/1297/1222 1223/1298/1223 1202/1276/1202
f 1202/1276/1202 1223/1298/1223 1224/1299/1224 1203/1277/1203
f 1203/1277/1203 1224/1299/1224 1225/1300/1225 1204/1278/1204
f 1204/1278/1204 1225/1300/1225 1226/1301/1226 1205/1279/1205
f 1207/1281/1207 1228/1302/1228 1227/1303/1227 1206/1282/1206
f 1206/1282/1206 1227/1303/1227 1229/1304/1229 1208/1283/1208
f 1208/1283/1208 1229/1304/1229 1230/1305/1230 1209/1284/1209
f 1209/1284/1209 1230/1305/1230 1231/1306/1231 1210/1285/1210
f 1210/1285/1210 1231/1306/1231 1232/1307/1232 1211/1286/1211
f 1211/1286/1211 1232/1307/1232 1233/1308/1233 1212/1287/1212
f 1212/1287/1212 1233/1308/1233 1234/1309/1234 1213/1288/1213
f 1213/1288/1213 1234/1309/1234 1235/1310/1235 1214/1289/1214
f 1214/1289/1214 1235/1310/1235 1236/1311/1236 1215/1290/1215
f 1215/1290/1215 1236/1311/1236 1237/1312/1237 1216/1291/1216
f 1216/1291/1216 1237/1312/1237 1238/1313/1238 1217/1292/1217
f 1217/1292/1217 1238/1313/1238 1239/1314/1239 1218/1293/1218
f 1218/1293/1218 1239/1314/1239 1240/1315/1240 1219/1294/1219
f 1219/1294/1219 1240/1315/1240 1241/1316/1241 1220/1295/1220
f 1220/1295/1220 1241/1316/1241 1242/1317/1242 1221/1296/1221
f 1221/1296/1221 1242/1317/1242 1243/1318/1243 1222/1297/1222
f 1222/1297/1222 1243/1318/1243 1244/1319/1244 1223/1298/1223
f 1223/1298/1223 1244/1319/1244 1245/1320/1245 1224/1299/1224
f 1224/1299/1224 1245/1320/1245 1246/1321/1246 1225/1300/1225
f 1225/1300/1225 1246/1321/1246 1247/1322/1247 1226/1301/1226
f 1228/1302/1228 1249/1323/1249 1248/1324/1248 1227/1303/1227
f 1227/1303/1227 1248/1324/1248 1250/1325/1250 1229/1304/1229
f 1229/1304/1229 1250/1325/1250 1251/1326/1251 1230/1305/1230
f 1230/1305/1230 1251/1326/1251 1252/1327/1252 1231/1306/1231
f 1231/1306/1231 1252/1327/1252 1253/1328/1253 1232/1307/1232
f 1232/1307/1232 1253/1328/1253 1254/1329/1254 1233/1308/1233
f 1233/1308/1233 1254/1329/1254 1255/1330/1255 1234/1309/1234
f 1234/1309/1234 1255/1330/1255 1256/1331/1256 1235/1310/1235
f 1235/1310/1235 1256/1331/1256 1257/1332/1257 1236/1311/1236
f 1236/1311/1236 1257/1332/1257 1258/1333/1258 1237/1312/1237
f 1237/1312/1237 1258/1333/1258 1259/1334/1259 1238/1313/1238
f 1238/1313/1238 1259/1334/1259 1260/1335/1260 1239/1314/1239
f 1239/1314/1239 1260/1335/1260 1261/1336/1261 1240/1315/1240
f 1240/1315/1240 1261/1336/1261 1262/1337/1262 1241/1316/1241
f 1241/1316/1241 1262/1337/1262 1263/1338/1263 1242/1317/1242
f 1242/1317/1242 1263/1338/1263 1264/1339/1264 1243/1318/1243
f 1243/1318/1243 1264/1339/1264 1265/1340/1265 1244/1319/1244
f 1244/1319/1244 1265/1340/1265 1266/1341/1266 1245/1320/1245
f 1245/1320/1245 1266/1341/1266 1267/1342/1267 1246/1321/1246
f 1246/1321/1246 1267/1342/1267 1268/1343/1268 1247/1322/1247
f 1269/1344/1269 1271/1345/1271 1270/1346/1270 1249/1347/1249
f 1249/1323/1249 1270/1348/1270 1272/1349/1272 1248/1324/1248
f 1248/1324/1248 1272/1349/1272 1273/1350/1273 1250/1325/1250
f 1250/1325/1250 1273/1350/1273 1274/1351/1274 1251/1326/1251
f 1251/1326/1251 1274/1351/1274 1275/1352/1275 1252/1327/1252
f 1252/1327/1252 1275/1352/1275 1276/1353/1276 1253/1328/1253
f 1253/1328/1253 1276/1353/1276 1277/1354/1277 1254/1329/1254
f 1254/1329/1254 1277/1354/1277 1278/1355/1278 1255/1330/1255
f 1255/1330/1255 1278/1355/1278 1279/1356/1279 1256/1331/1256
f 1256/1331/1256 1279/1356/1279 1280/1357/1280 1257/1332/1257
f 1257/1332/1257 1280/1357/1280 1281/1358/1281 1258/1333/1258
f 1258/1333/1258 1281/1358/1281 1282/1359/1282 1259/1334/1259
f 1259/1334/1259 1282/1359/1282 1283/1360/1283 1260/1335/1260
f 1260/1335/1260 1283/1360/1283 1284/1361/1284 1261/1336/1261
f 1261/1336/1261 1284/1361/1284 1285/1362/1285 1262/1337/1262
f 1262/1337/1262 1285/1362/1285 1286/1363/1286 1263/1338/1263
f 1263/1338/1263 1286/1363/1286 1287/1364/1287 1264/1339/1264
f 1264/1339/1264 1287/1364/1287 1288/1365/1288 1265/1340/1265
f 1265/1340/1265 1288/1365/1288 1289/1366/1289 1266/1341/1266
f 1266/1341/1266 1289/1366/1289 1290/1367/1290 1267/1342/1267
f 1267/1342/1267 1290/1367/1290 1291/1368/1291 1268/1343/1268
f 1271/1345/1271 1293/1369/1293 1292/1370/1292 1270/1346/1270
f 1270/1348/1270 1292/1371/1292 1294/1372/1294 1272/1349/1272
f 1272/1349/1272 1294/1372/1294 1295/1373/1295 1273/1350/1273
f 1273/1350/1273 1295/1373/1295 1296/1374/1296 1274/1351/1274
f 1274/1351/1274 1296/1374/1296 1297/1375/1297 1275/1352/1275
f 1275/1352/1275 1297/1375/1297 1298/1376/1298 1276/1353/1276
f 1276/1353/1276 1298/1376/1298 1299/1377/1299 1277/1354/1277
f 1277/1354/1277 1299/1377/1299 1300/1378/1300 1278/1355/1278
f 1278/1355/1278 1300/1378/1300 1301/1379/1301 1279/1356/1279
f 1279/1356/1279 1301/1379/1301 1302/1380/1302 1280/1357/1280
f 1280/1357/1280 1302/1380/1302 1303/1381/1303 1281/1358/1281
f 1281/1358/1281 1303/1381/1303 1304/1382/1304 1282/1359/1282
f 1282/1359/1282 1304/1382/1304 1305/1383/1305 1283/1360/1283
f 1283/1360/1283 1305/1383/1305 1306/1384/1306 1284/1361/1284
f 1284/1361/1284 1306/1384/1306 1307/1385/1307 1285/1362/1285
f 1285/1362/1285 1307/1385/1307 1308/1386/1308 1286/1363/1286
f 1286/1363/1286 1308/1386/1308 1309/1387/1309 1287/1364/1287
f 1287/1364/1287 1309/1387/1309 1310/1388/1310 1288/1365/1288
f 1288/1365/1288 1310/1388/1310 1311/1389/1311 1289/1366/1289
f 1289/1366/1289 1311/1389/1311 1312/1390/1312 1290/1367/1290
f 1290/1367/1290 1312/1390/1312 1313/1391/1313 1291/1368/1291
f 1293/1369/1293 1315/1392/1315 1314/1393/1314 1292/1370/1292
f 1292/1370/1292 1314/1393/1314 1316/1394/1316 1294/1395/1294
f 1294/1372/1294 1316/1396/1316 1317/1397/1317 1295/1373/1295
f 1295/1373/1295 1317/1397/1317 1318/1398/1318 1296/1374/1296
f 1296/1374/1296 1318/1398/1318 1319/1399/1319 1297/1375/1297
f 1297/1375/1297 1319/1399/1319 1320/1400/1320 1298/1376/1298
f 1298/1376/1298 1320/1400/1320 1321/1401/1321 1299/1377/1299
f 1299/1377/1299 1321/1401/1321 1322/1402/1322 1300/1378/1300
f 1300/1378/1300 1322/1402/1322 1323/1403/1323 1301/1379/1301
f 1301/1379/1301 1323/1403/1323 1324/1404/1324 1302/1380/1302
f 1302/1380/1302 1324/1404/1324 1325/1405/1325 1303/1381/1303
f 1303/1381/1303 1325/1405/1325 1326/1406/1326 1304/1382/1304
f 1304/1382/1304 1326/1406/1326 1327/1407/1327 1305/1383/1305
f 1305/1383/1305 1327/1407/1327 1328/1408/1328 1306/1384/1306
f 1306/1384/1306 1328/1408/1328 1329/1409/1329 1307/1385/1307
f 1307/1385/1307 1329/1409/1329 1330/1410/1330 1308/1386/1308
f 1308/1386/1308 1330/1410/1330 1331/1411/1331 1309/1387/1309
f 1309/1387/1309 1331/1411/1331 1332/1412/1332 1310/1388/1310
f 1310/1388/1310 1332/1412/1332 1333/1413/1333 1311/1389/1311
f 1311/1389/1311 1333/1413/1333 1334/1414/1334 1312/1390/1312
f 1312/1390/1312 1334/1414/1334 1335/1415/1335 1313/1391/1313
f 1315/1392/1315 1337/1416/1337 1336/1417/1336 1314/1393/1314
f 1314/1393/1314 1336/1417/1336 1338/1418/1338 1316/1394/1316
f 1316/1396/1316 1338/1419/1338 1339/1420/1339 1317/1397/1317
f 1317/1397/1317 1339/1420/1339 1340/1421/1340 1318/1398/1318
f 1318/1398/1318 1340/1421/1340 1341/1422/1341 1319/1399/1319
f 1319/1399/1319 1341/1422/1341 1342/1423/1342 1320/1400/1320
f 1320/1400/1320 1342/1423/1342 1343/1424/1343 1321/1401/1321
f 1321/1401/1321 1343/1424/1343 1344/1425/1344 1322/1402/1322
f 1322/1402/1322 1344/1425/1344 1345/1426/1345 1323/1403/1323
f 1323/1403/1323 1345/1426/1345 1346/1427/1346 1324/1404/1324
f 1324/1404/1324 1346/1427/1346 1347/1428/1347 1325/1405/1325
f 1325/1405/1325 1347/1428/1347 1348/1429/1348 1326/1406/1326
f 1326/1406/1326 1348/1429/1348 1349/1430/1349 1327/1407/1327
f 1327/1407/1327 1349/1430/1349 1350/1431/1350 1328/1408/1328
f 1328/1408/1328 1350/1431/1350 1351/1432/1351 1329/1409/1329
f 1329/1409/1329 1351/1432/1351 1352/1433/1352 1330/1410/1330
f 1330/1410/1330 1352/1433/1352 1353/1434/1353 1331/1411/1331
f 1331/1411/1331 1353/1434/1353 1354/1435/1354 1332/1412/1332
f 1332/1412/1332 1354/1435/1354 1355/1436/1355 1333/1413/1333
f 1333/1413/1333 1355/1436/1355 1356/1437/1356 1334/1414/1334
f 1334/1414/1334 1356/1437/1356 1357/1438/1357 1335/1415/1335
f 1337/1416/1337 1359/1439/1359 1358/1440/1358 1336/1417/1336
f 1336/1417/1336 1358/1440/1358 1360/1441/1360 1338/1418/1338
f 1338/1419/1338 1360/1442/1360 1361/1443/1361 1339/1420/1339
f 1339/1420/1339 1361/1443/1361 1362/1444/1362 1340/1421/1340
f 1340/1421/1340 1362/1444/1362 1363/1445/1363 1341/1422/1341
f 1341/1422/1341 1363/1445/1363 1364/1446/1364 1342/1423/1342
f 1342/1423/1342 1364/1446/1364 1365/1447/1365 1343/1424/1343
f 1343/1424/1343 1365/1447/1365 1366/1448/1366 1344/1425/1344
f 1344/1425/1344 1366/1448/1366 1367/1449/1367 1345/1426/1345
f 1345/1426/1345 1367/1449/1367 1368/1450/1368 1346/1427/1346
f 1346/1427/1346 1368/1450/1368 1369/1451/1369 1347/1428/1347
f 1347/1428/1347 1369/1451/1369 1370/1452/1370 1348/1429/1348
f 1348/1429/1348 1370/1452/1370 1371/1453/1371 1349/1430/1349
f 1349/1430/1349 1371/1453/1371 1372/1454/1372 1350/1431/1350
f 1350/1431/1350 1372/1454/1372 1373/1455/1373 1351/1432/1351
f 1351/1432/1351 1373/1455/1373 1374/1456/1374 1352/1433/1352
f 1352/1433/1352 1374/1456/1374 1375/1457/1375 1353/1434/1353
f 1353/1434/1353 1375/1457/1375 1376/1458/1376 1354/1435/1354
f 1354/1435/1354 1376/1458/1376 1377/1459/1377 1355/1436/1355
f 1355/1436/1355 1377/1459/1377 1378/1460/1378 1356/1437/1356
f 1356/1437/1356 1378/1460/1378 1379/1461/1379 1357/1438/1357
f 1359/1439/1359 1381/1462/1381 1380/1463/1380 1358/1440/1358
f 1358/1464/1358 1380/1465/1380 1382/1466/1382 1360/1442/1360
f 1360/1442/1360 1382/1466/1382 1383/1467/1383 1361/1443/1361
f 1361/1443/1361 1383/1467/1383 1384/1468/1384 1362/1444/1362
f 1362/1444/1362 1384/1468/1384 1385/1469/1385 1363/1445/1363
f 1363/1445/1363 1385/1469/1385 1386/1470/1386 1364/1446/1364
f 1364/1446/1364 1386/1470/1386 1387/1471/1387 1365/1447/1365
f 1365/1447/1365 1387/1471/1387 1388/1472/1388 1366/1448/1366
f 1366/1448/1366 1388/1472/1388 1389/1473/1389 1367/1449/1367
f 1367/1449/1367 1389/1473/1389 1390/1474/1390 1368/1450/1368
f 1368/1450/1368 1390/1474/1390 1391/1475/1391 1369/1451/1369
f 1369/1451/1369 1391/1475/1391 1392/1476/1392 1370/1452/1370
f 1370/1452/1370 1392/1476/1392 1393/1477/1393 1371/1453/1371
f 1371/1453/1371 1393/1477/1393 1394/1478/1394 1372/1454/1372
f 1372/1454/1372 1394/1478/1394 1395/1479/1395 1373/1455/1373
f 1373/1455/1373 1395/1479/1395 1396/1480/1396 1374/1456/1374
f 1374/1456/1374 1396/1480/1396 1397/1481/1397 1375/1457/1375
f 1375/1457/1375 1397/1481/1397 1398/1482/1398 1376/1458/1376
f 1376/1458/1376 1398/1482/1398 1399/1483/1399 1377/1459/1377
f 1377/1459/1377 1399/1483/1399 1400/1484/1400 1378/1460/1378
f 1378/1460/1378 1400/1484/1400 1401/1485/1401 1379/1461/1379
f 1381/1462/1381 1403/1486/1403 1402/1487/1402 1380/1463/1380
f 1380/1465/1380 1402/1488/1402 1404/1489/1404 1382/1466/1382
f 1382/1466/1382 1404/1489/1404 1405/1490/1405 1383/1467/1383
f 1383/1467/1383 1405/1490/1405 1406/1491/1406 1384/1468/1384
f 1384/1468/1384 1406/1491/1406 1407/1492/1407 1385/1469/1385
f 1385/1469/1385 1407/1492/1407 1408/1493/1408 1386/1470/1386
f 1386/1470/1386 1408/1493/1408 1409/1494/1409 1387/1471/1387
f 1387/1471/1387 1409/1494/1409 1410/1495/1410 1388/1472/1388
f 1388/1472/1388 1410/1495/1410 1411/1496/1411 1389/1473/1389
f 1390/1474/1390 1413/1497/1413 1412/1498/1412 1391/1475/1391
f 1392/1476/1392 1415/1499/1415 1414/1500/1414 1393/1477/1393
f 1394/1478/1394 1417/1501/1417 1416/1502/1416 1395/1479/1395
f 1396/1480/1396 1419/1503/1419 1418/1504/1418 1397/1481/1397
f 1397/1481/1397 1418/1504/1418 1420/1505/1420 1398/1482/1398
f 1398/1482/1398 1420/1505/1420 1421/1506/1421 1399/1483/1399
f 1399/1483/1399 1421/1506/1421 1422/1507/1422 1400/1484/1400
f 1400/1484/1400 1422/1507/1422 1423/1508/1423 1401/1485/1401
f 1403/1486/1403 1425/1509/1425 1424/1510/1424 1402/1487/1402
f 1402/1488/1402 1424/1511/1424 1426/1512/1426 1404/1489/1404
f 1404/1489/1404 1426/1512/1426 1427/1513/1427 1405/1490/1405
f 1405/1490/1405 1427/1513/1427 1428/1514/1428 1406/1491/1406
f 1406/1491/1406 1428/1514/1428 1429/1515/1429 1407/1492/1407
f 1407/1492/1407 1429/1515/1429 1430/1516/1430 1408/1493/1408
f 1408/1493/1408 1430/1516/1430 1431/1517/1431 1409/1494/1409
f 1409/1494/1409 1431/1517/1431 1432/1518/1432 1410/1495/1410
f 1411/1519/1411 1434/1520/1434 1433/1521/1433 1413/1522/1413
f 1412/1523/1412 1436/1524/1436 1435/1525/1435 1415/1526/1415
f 1414/1527/1414 1438/1528/1438 1437/1529/1437 1417/1530/1417
f 1416/1502/1416 1440/1531/1440 1439/1532/1439 1419/1503/1419
f 1419/1503/1419 1439/1532/1439 1441/1533/1441 1418/1504/1418
f 1418/1504/1418 1441/1533/1441 1442/1534/1442 1420/1505/1420
f 1420/1505/1420 1442/1534/1442 1443/1535/1443 1421/1506/1421
f 1421/1506/1421 1443/1535/1443 1444/1536/1444 1422/1507/1422
f 1422/1507/1422 1444/1536/1444 1445/1537/1445 1423/1508/1423
f 1425/1509/1425 1447/1538/1447 1446/1539/1446 1424/1510/1424
f 1424/1511/1424 1446/1540/1446 1448/1541/1448 1426/1512/1426
f 1426/1512/1426 1448/1541/1448 1449/1542/1449 1427/1513/1427
f 1427/1513/1427 1449/1542/1449 1450/1543/1450 1428/1514/1428
f 1428/1514/1428 1450/1543/1450 1451/1544/1451 1429/1515/1429
f 1429/1515/1429 1451/1544/1451 1452/1545/1452 1430/1516/1430
f 1430/1516/1430 1452/1545/1452 1453/1546/1453 1431/1517/1431
f 1431/1517/1431 1453/1546/1453 1454/1547/1454 1432/1518/1432
f 1432/1518/1432 1454/1547/1454 1455/1548/1455 1434/1549/1434
f 1433/1550/1433 1457/1551/1457 1456/1552/1456 1436/1553/1436
f 1435/1554/1435 1459/1555/1459 1458/1556/1458 1438/1557/1438
f 1437/1558/1437 1461/1559/1461 1460/1560/1460 1440/1561/1440
f 1439/1532/1439 1463/1562/1463 1462/1563/1462 1441/1533/1441
f 1441/1533/1441 1462/1563/1462 1464/1564/1464 1442/1534/1442
f 1442/1534/1442 1464/1564/1464 1465/1565/1465 1443/1535/1443
f 1443/1535/1443 1465/1565/1465 1466/1566/1466 1444/1536/1444
f 1444/1536/1444 1466/1566/1466 1467/1567/1467 1445/1537/1445
f 1447/1538/1447 1469/1568/1469 1468/1569/1468 1446/1539/1446
f 1446/1540/1446 1468/1570/1468 1470/1571/1470 1448/1541/1448
f 1448/1541/1448 1470/1571/1470 1471/1572/1471 1449/1542/1449
f 1449/1542/1449 1471/1572/1471 1472/1573/1472 1450/1543/1450
f 1450/1543/1450 1472/1573/1472 1473/1574/1473 1451/1544/1451
f 1451/1544/1451 1473/1574/1473 1474/1575/1474 1452/1545/1452
f 1452/1545/1452 1474/1575/1474 1475/1576/1475 1453/1546/1453
f 1453/1546/1453 1475/1576/1475 1476/1577/1476 1454/1547/1454
f 1455/1578/1455 1478/1579/1478 1477/1580/1477 1457/1581/1457
f 1456/1582/1456 1480/1583/1480 1479/1584/1479 1459/1585/1459
f 1458/1586/1458 1482/1587/1482 1481/1588/1481 1461/1589/1461
f 1460/1590/1460 1484/1591/1484 1483/1592/1483 1463/1562/1463
f 1463/1562/1463 1483/1592/1483 1485/1593/1485 1462/1563/1462
f 1462/1563/1462 1485/1593/1485 1486/1594/1486 1464/1564/1464
f 1464/1564/1464 1486/1594/1486 1487/1595/1487 1465/1565/1465
f 1465/1565/1465 1487/1595/1487 1488/1596/1488 1466/1566/1466
f 1466/1566/1466 1488/1596/1488 1489/1597/1489 1467/1567/1467
f 1469/1568/1469 1491/1598/1491 1490/1599/1490 1468/1569/1468
f 1468/1569/1468 1490/1599/1490 1492/1600/1492 1470/1601/1470
f 1470/1571/1470 1492/1602/1492 1493/1603/1493 1471/1572/1471
f 1471/1572/1471 1493/1603/1493 1494/1604/1494 1472/1573/1472
f 1472/1573/1472 1494/1604/1494 1495/1605/1495 1473/1574/1473
f 1473/1574/1473 1495/1605/1495 1496/1606/1496 1474/1575/1474
f 1474/1575/1474 1496/1606/1496 1497/1607/1497 1475/1576/1475
f 1475/1576/1475 1497/1607/1497 1498/1608/1498 1476/1577/1476
f 1476/1577/1476 1498/1608/1498 1499/1609/1499 1478/1610/1478
f 1477/1611/1477 1501/1612/1501 1500/1613/1500 1480/1614/1480
f 1479/1615/1479 1503/1616/1503 1502/1617/1502 1482/1618/1482
f 1481/1619/1481 1505/1620/1505 1504/1621/1504 1484/1622/1484
f 1483/1592/1483 1507/1623/1507 1506/1624/1506 1485/1593/1485
f 1485/1593/1485 1506/1624/1506 1508/1625/1508 1486/1594/1486
f 1486/1594/1486 1508/1625/1508 1509/1626/1509 1487/1595/1487
f 1487/1595/1487 1509/1626/1509 1510/1627/1510 1488/1596/1488
f 1488/1596/1488 1510/1627/1510 1511/1628/1511 1489/1597/1489
f 1491/1598/1491 1513/1629/1513 1512/1630/1512 1490/1599/1490
f 1490/1599/1490 1512/1630/1512 1514/1631/1514 1492/1600/1492
f 1492/1602/1492 1514/1632/1514 1515/1633/1515 1493/1603/1493
f 1493/1603/1493 1515/1633/1515 1516/1634/1516 1494/1604/1494
f 1494/1604/1494 1516/1634/1516 1517/1635/1517 1495/1605/1495
f 1495/1605/1495 1517/1635/1517 1518/1636/1518 1496/1606/1496
f 1496/1606/1496 1518/1636/1518 1519/1637/1519 1497/1607/1497
f 1497/1607/1497 1519/1637/1519 1520/1638/1520 1498/1608/1498
f 1499/1639/1499 1522/1640/1522 1521/1641/1521 1501/1642/1501
f 1500/1643/1500 1524/1644/1524 1523/1645/1523 1503/1646/1503
f 1502/1647/1502 1526/1648/1526 1525/1649/1525 1505/1650/1505
f 1504/1651/1504 1528/1652/1528 1527/1653/1527 1507/1623/1507
f 1507/1623/1507 1527/1653/1527 1529/1654/1529 1506/1624/1506
f 1506/1624/1506 1529/1654/1529 1530/1655/1530 1508/1625/1508
f 1508/1625/1508 1530/1655/1530 1531/1656/1531 1509/1626/1509
f 1509/1626/1509 1531/1656/1531 1532/1657/1532 1510/1627/1510
f 1510/1627/1510 1532/1657/1532 1533/1658/1533 1511/1628/1511
f 1513/1629/1513 1535/1659/1535 1534/1660/1534 1512/1630/1512
f 1512/1630/1512 1534/1660/1534 1536/1661/1536 1514/1631/1514
f 1514/1632/1514 1536/1662/1536 1537/1663/1537 1515/1633/1515
f 1515/1633/1515 1537/1663/1537 1538/1664/1538 1516/1634/1516
f 1516/1634/1516 1538/1664/1538 1539/1665/1539 1517/1635/1517
f 1517/1635/1517 1539/1665/1539 1540/1666/1540 1518/1636/1518
f 1518/1636/1518 1540/1666/1540 1541/1667/1541 1519/1637/1519
f 1519/1637/1519 1541/1667/1541 1542/1668/1542 1520/1638/1520
f 1520/1638/1520 1542/1668/1542 1543/1669/1543 1522/1670/1522
f 1521/1671/1521 1545/1672/1545 1544/1673/1544 1524/1674/1524
f 1523/1675/1523 1547/1676/1547 1546/1677/1546 1526/1678/1526
f 1525/1679/1525 1549/1680/1549 1548/1681/1548 1528/1682/1528
f 1527/1653/1527 1551/1683/1551 1550/1684/1550 1529/1654/1529
f 1529/1654/1529 1550/1684/1550 1552/1685/1552 1530/1655/1530
f 1530/1655/1530 1552/1685/1552 1553/1686/1553 1531/1656/1531
f 1531/1656/1531 1553/1686/1553 1554/1687/1554 1532/1657/1532
f 1532/1657/1532 1554/1687/1554 1555/1688/1555 1533/1658/1533
f 1535/1659/1535 1557/1689/1557 1556/1690/1556 1534/1660/1534
f 1534/1691/1534 1556/1692/1556 1558/1693/1558 1536/1662/1536
f 1536/1662/1536 1558/1693/1558 1559/1694/1559 1537/1663/1537
f 1537/1663/1537 1559/1694/1559 1560/1695/1560 1538/1664/1538
f 1538/1664/1538 1560/1695/1560 1561/1696/1561 1539/1665/1539
f 1539/1665/1539 1561/1696/1561 1562/1697/1562 1540/1666/1540
f 1540/1666/1540 1562/1697/1562 1563/1698/1563 1541/1667/1541
f 1541/1667/1541 1563/1698/1563 1564/1699/1564 1542/1668/1542
f 1543/1669/1543 1566/1700/1566 1565/1701/1565 1545/1702/1545
f 1544/1703/1544 1568/1704/1568 1567/1705/1567 1547/1706/1547
f 1546/1707/1546 1570/1708/1570 1569/1709/1569 1549/1710/1549
f 1548/1711/1548 1572/1712/1572 1571/1713/1571 1551/1683/1551
f 1551/1683/1551 1571/1713/1571 1573/1714/1573 1550/1684/1550
f 1550/1684/1550 1573/1714/1573 1574/1715/1574 1552/1685/1552
f 1552/1685/1552 1574/1715/1574 1575/1716/1575 1553/1686/1553
f 1553/1686/1553 1575/1716/1575 1576/1717/1576 1554/1687/1554
f 1554/1687/1554 1576/1717/1576 1577/1718/1577 1555/1688/1555
f 1556/1692/1556 1579/1719/1579 1578/1720/1578 1558/1693/1558
f 1558/1693/1558 1578/1720/1578 1580/1721/1580 1559/1694/1559
f 1559/1694/1559 1580/1721/1580 1581/1722/1581 1560/1695/1560
f 1560/1695/1560 1581/1722/1581 1582/1723/1582 1561/1696/1561
f 1561/1696/1561 1582/1723/1582 1583/1724/1583 1562/1697/1562
f 1562/1697/1562 1583/1724/1583 1584/1725/1584 1563/1698/1563
f 1563/1698/1563 1584/1725/1584 1585/1726/1585 1564/1699/1564
f 1564/1699/1564 1585/1726/1585 1586/1727/1586 1566/1700/1566
f 1566/1700/1566 1586/1727/1586 1587/1728/1587 1565/1701/1565
f 1565/1701/1565 1587/1728/1587 1588/1729/1588 1568/1704/1568
f 1568/1704/1568 1588/1729/1588 1589/1730/1589 1567/1705/1567
f 1567/1705/1567 1589/1730/1589 1590/1731/1590 1570/1708/1570
f 1570/1708/1570 1590/1731/1590 1591/1732/1591 1569/1709/1569
f 1569/1709/1569 1591/1732/1591 1592/1733/1592 1572/1712/1572
f 1572/1712/1572 1592/1733/1592 1593/1734/1593 1571/1713/1571
f 1571/1713/1571 1593/1734/1593 1594/1735/1594 1573/1714/1573
f 1573/1714/1573 1594/1735/1594 1595/1736/1595 1574/1715/1574
f 1574/1715/1574 1595/1736/1595 1596/1737/1596 1575/1716/1575
f 1575/1716/1575 1596/1737/1596 1597/1738/1597 1576/1717/1576
f 1576/1717/1576 1597/1738/1597 1598/1739/1598 1577/1718/1577
f 1579/1719/1579 1600/1740/1600 1599/1741/1599 1578/1720/1578
f 1578/1720/1578 1599/1741/1599 1601/1742/1601 1580/1721/1580
f 1580/1721/1580 1601/1742/1601 1602/1743/1602 1581/1722/1581
f 1581/1722/1581 1602/1743/1602 1603/1744/1603 1582/1723/1582
f 1582/1723/1582 1603/1744/1603 1604/1745/1604 1583/1724/1583
f 1583/1724/1583 1604/1745/1604 1605/1746/1605 1584/1725/1584
f 1584/1725/1584 1605/1746/1605 1606/1747/1606 1585/1726/1585
f 1585/1726/1585 1606/1747/1606 1607/1748/1607 1586/1727/1586
f 1586/1727/1586 1607/1748/1607 1608/1749/1608 1587/1728/1587
f 1587/1728/1587 1608/1749/1608 1609/1750/1609 1588/1729/1588
f 1588/1729/1588 1609/1750/1609 1610/1751/1610 1589/1730/1589
f 1589/1730/1589 1610/1751/1610 1611/1752/1611 1590/1731/1590
f 1590/1731/1590 1611/1752/1611 1612/1753/1612 1591/1732/1591
f 1591/1732/1591 1612/1753/1612 1613/1754/1613 1592/1733/1592
f 1592/1733/1592 1613/1754/1613 1614/1755/1614 1593/1734/1593
f 1593/1734/1593 1614/1755/1614 1615/1756/1615 1594/1735/1594
f 1594/1735/1594 1615/1756/1615 1616/1757/1616 1595/1736/1595
f 1595/1736/1595 1616/1757/1616 1617/1758/1617 1596/1737/1596
f 1596/1737/1596 1617/1758/1617 1618/1759/1618 1597/1738/1597
f 1597/1738/1597 1618/1759/1618 1619/1760/1619 1598/1739/1598
f 1599/1741/1599 1621/1761/1621 1620/1762/1620 1601/1742/1601
f 1601/1742/1601 1620/1762/1620 1622/1763/1622 1602/1743/1602
f 1602/1743/1602 1622/1763/1622 1623/1764/1623 1603/1744/1603
f 1603/1744/1603 1623/1764/1623 1624/1765/1624 1604/1745/1604
f 1604/1745/1604 1624/1765/1624 1625/1766/1625 1605/1746/1605
f 1605/1746/1605 1625/1766/1625 1626/1767/1626 1606/1747/1606
f 1606/1747/1606 1626/1767/1626 1627/1768/1627 1607/1748/1607
f 1607/1748/1607 1627/1768/1627 1628/1769/1628 1608/1749/1608
f 1608/1749/1608 1628/1769/1628 1629/1770/1629 1609/1750/1609
f 1609/1750/1609 1629/1770/1629 1630/1771/1630 1610/1751/1610
f 1610/1751/1610 1630/1771/1630 1631/1772/1631 1611/1752/1611
f 1611/1752/1611 1631/1772/1631 1632/1773/1632 1612/1753/1612
f 1612/1753/1612 1632/1773/1632 1633/1774/1633 1613/1754/1613
f 1613/1754/1613 1633/1774/1633 1634/1775/1634 1614/1755/1614
f 1614/1755/1614 1634/1775/1634 1635/1776/1635 1615/1756/1615
f 1615/1756/1615 1635/1776/1635 1636/1777/1636 1616/1757/1616
f 1616/1757/1616 1636/1777/1636 1637/1778/1637 1617/1758/1617
f 1617/1758/1617 1637/1778/1637 1638/1779/1638 1618/1759/1618
f 1618/1759/1618 1638/1779/1638 1639/1780/1639 1619/1760/1619
f 1621/1761/1621 1641/1781/1641 1640/1782/1640 1620/1762/1620
f 1620/1762/1620 1640/1782/1640 1642/1783/1642 1622/1763/1622
f 1622/1763/1622 1642/1783/1642 1643/1784/1643 1623/1764/1623
f 1623/1764/1623 1643/1784/1643 1644/1785/1644 1624/1765/1624
f 1624/1765/1624 1644/1785/1644 1645/1786/1645 1625/1766/1625
f 1625/1766/1625 1645/1786/1645 1646/1787/1646 1626/1767/1626
f 1626/1767/1626 1646/1787/1646 1647/1788/1647 1627/1768/1627
f 1627/1768/1627 1647/1788/1647 1648/1789/1648 1628/1769/1628
f 1628/1769/1628 1648/1789/1648 1649/1790/1649 1629/1770/1629
f 1629/1770/1629 1649/1790/1649 1650/1791/1650 1630/1771/1630
f 1630/1771/1630 1650/1791/1650 1651/1792/1651 1631/1772/1631
f 1631/1772/1631 1651/1792/1651 1652/1793/1652 1632/1773/1632
f 1632/1773/1632 1652/1793/1652 1653/1794/1653 1633/1774/1633
f 1633/1774/1633 1653/1794/1653 1654/1795/1654 1634/1775/1634
f 1634/1775/1634 1654/1795/1654 1655/1796/1655 1635/1776/1635
f 1635/1776/1635 1655/1796/1655 1656/1797/1656 1636/1777/1636
f 1636/1777/1636 1656/1797/1656 1657/1798/1657 1637/1778/1637
f 1637/1778/1637 1657/1798/1657 1658/1799/1658 1638/1779/1638
f 1638/1779/1638 1658/1799/1658 1659/1800/1659 1639/1780/1639
f 1641/1781/1641 1661/1801/1661 1660/1802/1660 1640/1782/1640
f 1640/1782/1640 1660/1802/1660 1662/1803/1662 1642/1783/1642
f 1642/1783/1642 1662/1803/1662 1663/1804/1663 1643/1784/1643
f 1643/1784/1643 1663/1804/1663 1664/1805/1664 1644/1785/1644
f 1644/1785/1644 1664/1805/1664 1665/1806/1665 1645/1786/1645
f 1645/1786/1645 1665/1806/1665 1666/1807/1666 1646/1787/1646
f 1646/1787/1646 1666/1807/1666 1667/1808/1667 1647/1788/1647
f 1647/1788/1647 1667/1808/1667 1668/1809/1668 1648/1789/1648
f 1648/1789/1648 1668/1809/1668 1669/1810/1669 1649/1790/1649
f 1649/1790/1649 1669/1810/1669 1670/1811/1670 1650/1791/1650
f 1650/1791/1650 1670/1811/1670 1671/1812/1671 1651/1792/1651
f 1651/1792/1651 1671/1812/1671 1672/1813/1672 1652/1793/1652
f 1652/1793/1652 1672/1813/1672 1673/1814/1673 1653/1794/1653
f 1653/1794/1653 1673/1814/1673 1674/1815/1674 1654/1795/1654
f 1654/1795/1654 1674/1815/1674 1675/1816/1675 1655/1796/1655
f 1655/1796/1655 1675/1816/1675 1676/1817/1676 1656/1797/1656
f 1656/1797/1656 1676/1817/1676 1677/1818/1677 1657/1798/1657
f 1657/1798/1657 1677/1818/1677 1678/1819/1678 1658/1799/1658
f 1658/1799/1658 1678/1819/1678 1679/1820/1679 1659/1800/1659
f 1660/1802/1660 1681/1821/1681 1680/1822/1680 1662/1803/1662
f 1662/1803/1662 1680/1822/1680 1682/1823/1682 1663/1804/1663
f 1663/1804/1663 1682/1823/1682 1683/1824/1683 1664/1805/1664
f 1664/1805/1664 1683/1824/1683 1684/1825/1684 1665/1806/1665
f 1665/1806/1665 1684/1825/1684 1685/1826/1685 1666/1807/1666
f 1666/1807/1666 1685/1826/1685 1686/1827/1686 1667/1808/1667
f 1667/1808/1667 1686/1827/1686 1687/1828/1687 1668/1809/1668
f 1668/1809/1668 1687/1828/1687 1688/1829/1688 1669/1810/1669
f 1669/1810/1669 1688/1829/1688 1689/1830/1689 1670/1811/1670
f 1670/1811/1670 1689/1830/1689 1690/1831/1690 1671/1812/1671
f 1671/1812/1671 1690/1831/1690 1691/1832/1691 1672/1813/1672
f 1672/1813/1672 1691/1832/1691 1692/1833/1692 1673/1814/1673
f 1673/1814/1673 1692/1833/1692 1693/1834/1693 1674/1815/1674
f 1674/1815/1674 1693/1834/1693 1694/1835/1694 1675/1816/1675
f 1675/1816/1675 1694/1835/1694 1695/1836/1695 1676/1817/1676
f 1676/1817/1676 1695/1836/1695 1696/1837/1696 1677/1818/1677
f 1677/1818/1677 1696/1837/1696 1697/1838/1697 1678/1819/1678
f 1678/1819/1678 1697/1838/1697 1698/1839/1698 1679/1820/1679
f 1681/1821/1681 1700/1840/1700 1699/1841/1699 1680/1822/1680
f 1680/1822/1680 1699/1841/1699 1701/1842/1701 1682/1823/1682
f 1682/1823/1682 1701/1842/1701 1702/1843/1702 1683/1824/1683
f 1683/1824/1683 1702/1843/1702 1703/1844/1703 1684/1825/1684
f 1684/1825/1684 1703/1844/1703 1704/1845/1704 1685/1826/1685
f 1685/1826/1685 1704/1845/1704 1705/1846/1705 1686/1827/1686
f 1686/1827/1686 1705/1846/1705 1706/1847/1706 1687/1828/1687
f 1687/1828/1687 1706/1847/1706 1707/1848/1707 1688/1829/1688
f 1688/1829/1688 1707/1848/1707 1708/1849/1708 1689/1830/1689
f 1689/1830/1689 1708/1849/1708 1709/1850/1709 1690/1831/1690
f 1690/1831/1690 1709/1850/1709 1710/1851/1710 1691/1832/1691
f 1691/1832/1691 1710/1851/1710 1711/1852/1711 1692/1833/1692
f 1692/1833/1692 1711/1852/1711 1712/1853/1712 1693/1834/1693
f 1693/1834/1693 1712/1853/1712 1713/1854/1713 1694/1835/1694
f 1694/1835/1694 1713/1854/1713 1714/1855/1714 1695/1836/1695
f 1695/1836/1695 1714/1855/1714 1715/1856/1715 1696/1837/1696
f 1696/1837/1696 1715/1856/1715 1716/1857/1716 1697/1838/1697
f 1697/1838/1697 1716/1857/1716 1717/1858/1717 1698/1839/1698
f 1699/1841/1699 1719/1859/1719 1718/1860/1718 1701/1842/1701
f 1701/1842/1701 1718/1860/1718 1720/1861/1720 1702/1843/1702
f 1702/1843/1702 1720/1861/1720 1721/1862/1721 1703/1844/1703
f 1703/1844/1703 1721/1862/1721 1722/1863/1722 1704/1845/1704
f 1704/1845/1704 1722/1863/1722 1723/1864/1723 1705/1846/1705
f 1705/1846/1705 1723/1864/1723 1724/1865/1724 1706/1847/1706
f 1706/1847/1706 1724/1865/1724 1725/1866/1725 1707/1848/1707
f 1707/1848/1707 1725/1866/1725 1726/1867/1726 1708/1849/1708
f 1708/1849/1708 1726/1867/1726 1727/1868/1727 1709/1850/1709
f 1709/1850/1709 1727/1868/1727 1728/1869/1728 1710/1851/1710
f 1710/1851/1710 1728/1869/1728 1729/1870/1729 1711/1852/1711
f 1711/1852/1711 1729/1870/1729 1730/1871/1730 1712/1853/1712
f 1712/1853/1712 1730/1871/1730 1731/1872/1731 1713/1854/1713
f 1713/1854/1713 1731/1872/1731 1732/1873/1732 1714/1855/1714
f 1714/1855/1714 1732/1873/1732 1733/1874/1733 1715/1856/1715
f 1715/1856/1715 1733/1874/1733 1734/1875/1734 1716/1857/1716
f 1716/1857/1716 1734/1875/1734 1735/1876/1735 1717/1858/1717
f 1719/1859/1719 1737/1877/1737 1736/1878/1736 1718/1860/1718
f 1718/1860/1718 1736/1878/1736 1738/1879/1738 1720/1861/1720
f 1720/1861/1720 1738/1879/1738 1739/1880/1739 1721/1862/1721
f 1721/1862/1721 1739/1880/1739 1740/1881/1740 1722/1863/1722
f 1722/1863/1722 1740/1881/1740 1741/1882/1741 1723/1864/1723
f 1723/1864/1723 1741/1882/1741 1742/1883/1742 1724/1865/1724
f 1724/1865/1724 1742/1883/1742 1743/1884/1743 1725/1866/1725
f 1725/1866/1725 1743/1884/1743 1744/1885/1744 1726/1867/1726
f 1726/1867/1726 1744/1885/1744 1745/1886/1745 1727/1868/1727
f 1727/1868/1727 1745/1886/1745 1746/1887/1746 1728/1869/1728
f 1728/1869/1728 1746/1887/1746 1747/1888/1747 1729/1870/1729
f 1729/1870/1729 1747/1888/1747 1748/1889/1748 1730/1871/1730
f 1730/1871/1730 1748/1889/1748 1749/1890/1749 1731/1872/1731
f 1731/1872/1731 1749/1890/1749 1750/1891/1750 1732/1873/1732
f 1732/1873/1732 1750/1891/1750 1751/1892/1751 1733/1874/1733
f 1733/1874/1733 1751/1892/1751 1752/1893/1752 1734/1875/1734
f 1734/1875/1734 1752/1893/1752 1753/1894/1753 1735/1876/1735
f 1736/1878/1736 1755/1895/1755 1754/1896/1754 1738/1879/1738
f 1738/1879/1738 1754/1896/1754 1756/1897/1756 1739/1880/1739
f 1739/1880/1739 1756/1897/1756 1757/1898/1757 1740/1881/1740
f 1740/1881/1740 1757/1898/1757 1758/1899/1758 1741/1882/1741
f 1741/1882/1741 1758/1899/1758 1759/1900/1759 1742/1883/1742
f 1742/1883/1742 1759/1900/1759 1760/1901/1760 1743/1884/1743
f 1743/1884/1743 1760/1901/1760 1761/1902/1761 1744/1885/1744
f 1744/1885/1744 1761/1902/1761 1762/1903/1762 1745/1886/1745
f 1745/1886/1745 1762/1903/1762 1763/1904/1763 1746/1887/1746
f 1746/1887/1746 1763/1904/1763 1764/1905/1764 1747/1888/1747
f 1747/1888/1747 1764/1905/1764 1765/1906/1765 1748/1889/1748
f 1748/1889/1748 1765/1906/1765 1766/1907/1766 1749/1890/1749
f 1749/1890/1749 1766/1907/1766 1767/1908/1767 1750/1891/1750
f 1750/1891/1750 1767/1908/1767 1768/1909/1768 1751/1892/1751
f 1751/1892/1751 1768/1909/1768 1769/1910/1769 1752/1893/1752
f 1752/1893/1752 1769/1910/1769 1770/1911/1770 1753/1894/1753
f 1755/1895/1755 1772/1912/1772 1771/1913/1771 1754/1896/1754
f 1754/1896/1754 1771/1913/1771 1773/1914/1773 1756/1897/1756
f 1756/1897/1756 1773/1914/1773 1774/1915/1774 1757/1898/1757
f 1757/1898/1757 1774/1915/1774 1775/1916/1775 1758/1899/1758
f 1758/1899/1758 1775/1916/1775 1776/1917/1776 1759/1900/1759
f 1759/1900/1759 1776/1917/1776 1777/1918/1777 1760/1901/1760
f 1760/1901/1760 1777/1918/1777 1778/1919/1778 1761/1902/1761
f 1761/1902/1761 1778/1919/1778 1779/1920/1779 1762/1903/1762
f 1762/1903/1762 1779/1920/1779 1780/1921/1780 1763/1904/1763
f 1763/1904/1763 1780/1921/1780 1781/1922/1781 1764/1905/1764
f 1764/1905/1764 1781/1922/1781 1782/1923/1782 1765/1906/1765
f 1765/1906/1765 1782/1923/1782 1783/1924/1783 1766/1907/1766
f 1766/1907/1766 1783/1924/1783 1784/1925/1784 1767/1908/1767
f 1767/1908/1767 1784/1925/1784 1785/1926/1785 1768/1909/1768
f 1768/1909/1768 1785/1926/1785 1786/1927/1786 1769/1910/1769
f 1769/1910/1769 1786/1927/1786 1787/1928/1787 1770/1911/1770
f 1772/1912/1772 1789/1929/1789 1788/1930/1788 1771/1913/1771
f 1771/1913/1771 1788/1930/1788 1790/1931/1790 1773/1914/1773
f 1773/1914/1773 1790/1931/1790 1791/1932/1791 1774/1915/1774
f 1774/1915/1774 1791/1932/1791 1792/1933/1792 1775/1916/1775
f 1775/1916/1775 1792/1933/1792 1793/1934/1793 1776/1917/1776
f 1776/1917/1776 1793/1934/1793 1794/1935/1794 1777/1918/1777
f 1777/1918/1777 1794/1935/1794 1795/1936/1795 1778/1919/1778
f 1778/1919/1778 1795/1936/1795 1796/1937/1796 1779/1920/1779
f 1779/1920/1779 1796/1937/1796 1797/1938/1797 1780/1921/1780
f 1780/1921/1780 1797/1938/1797 1798/1939/1798 1781/1922/1781
f 1781/1922/1781 1798/1939/1798 1799/1940/1799 1782/1923/1782
f 1782/1923/1782 1799/1940/1799 1800/1941/1800 1783/1924/1783
f 1783/1924/1783 1800/1941/1800 1801/1942/1801 1784/1925/1784
f 1784/1925/1784 1801/1942/1801 1802/1943/1802 1785/1926/1785
f 1785/1926/1785 1802/1943/1802 1803/1944/1803 1786/1927/1786
f 1786/1927/1786 1803/1944/1803 1804/1945/1804 1787/1928/1787
f 1788/1930/1788 1806/1946/1806 1805/1947/1805 1790/1931/1790
f 1790/1931/1790 1805/1947/1805 1807/1948/1807 1791/1932/1791
f 1791/1932/1791 1807/1948/1807 1808/1949/1808 1792/1933/1792
f 1792/1933/1792 1808/1949/1808 1809/1950/1809 1793/1934/1793
f 1793/1934/1793 1809/1950/1809 1810/1951/1810 1794/1935/1794
f 1794/1935/1794 1810/1951/1810 1811/1952/1811 1795/1936/1795
f 1795/1936/1795 1811/1952/1811 1812/1953/1812 1796/1937/1796
f 1796/1937/1796 1812/1953/1812 1813/1954/1813 1797/1938/1797
f 1797/1938/1797 1813/1954/1813 1814/1955/1814 1798/1939/1798
f 1798/1939/1798 1814/1955/1814 1815/1956/1815 1799/1940/1799
f 1799/1940/1799 1815/1956/1815 1816/1957/1816 1800/1941/1800
f 1800/1941/1800 1816/1957/1816 1817/1958/1817 1801/1942/1801
f 1801/1942/1801 1817/1958/1817 1818/1959/1818 1802/1943/1802
f 1802/1943/1802 1818/1959/1818 1819/1960/1819 1803/1944/1803
f 1803/1944/1803 1819/1960/1819 1820/1961/1820 1804/1945/1804
f 1806/1946/1806 1822/1962/1822 1821/1963/1821 1805/1947/1805
f 1805/1947/1805 1821/1963/1821 1823/1964/1823 1807/1948/1807
f 1807/1948/1807 1823/1964/1823 1824/1965/1824 1808/1949/1808
f 1808/1949/1808 1824/1965/1824 1825/1966/1825 1809/1950/1809
f 1809/1950/1809 1825/1966/1825 1826/1967/1826 1810/1951/1810
f 1810/1951/1810 1826/1967/1826 1827/1968/1827 1811/1952/1811
f 1811/1952/1811 1827/1968/1827 1828/1969/1828 1812/1953/1812
f 1812/1953/1812 1828/1969/1828 1829/1970/1829 1813/1954/1813
f 1813/1954/1813 1829/1970/1829 1830/1971/1830 1814/1955/1814
f 1814/1955/1814 1830/1971/1830 1831/1972/1831 1815/1956/1815
f 1815/1956/1815 1831/1972/1831 1832/1973/1832 1816/1957/1816
f 1816/1957/1816 1832/1973/1832 1833/1974/1833 1817/1958/1817
f 1817/1958/1817 1833/1974/1833 1834/1975/1834 1818/1959/1818
f 1818/1959/1818 1834/1975/1834 1835/1976/1835 1819/1960/1819
f 1819/1960/1819 1835/1976/1835 1836/1977/1836 1820/1961/1820
f 1822/1962/1822 1838/1978/1838 1837/1979/1837 1821/1963/1821
f 1821/1963/1821 1837/1979/1837 1839/1980/1839 1823/1964/1823
f 1823/1964/1823 1839/1980/1839 1840/1981/1840 1824/1965/1824
f 1824/1965/1824 1840/1981/1840 1841/1982/1841 1825/1966/1825
f 1825/1966/1825 1841/1982/1841 1842/1983/1842 1826/1967/1826
f 1826/1967/1826 1842/1983/1842 1843/1984/1843 1827/1968/1827
f 1827/1968/1827 1843/1984/1843 1844/1985/1844 1828/1969/1828
f 1828/1969/1828 1844/1985/1844 1845/1986/1845 1829/1970/1829
f 1829/1970/1829 1845/1986/1845 1846/1987/1846 1830/1971/1830
f 1830/1971/1830 1846/1987/1846 1847/1988/1847 1831/1972/1831
f 1831/1972/1831 1847/1988/1847 1848/1989/1848 1832/1973/1832
f 1832/1973/1832 1848/1989/1848 1849/1990/1849 1833/1974/1833
f 1833/1974/1833 1849/1990/1849 1850/1991/1850 1834/1975/1834
f 1834/1975/1834 1850/1991/1850 1851/1992/1851 1835/1976/1835
f 1835/1976/1835 1851/1992/1851 1852/1993/1852 1836/1977/1836
f 1838/1978/1838 1854/1994/1854 1853/1995/1853 1837/1979/1837
f 1837/1979/1837 1853/1995/1853 1855/1996/1855 1839/1980/1839
f 1839/1980/1839 1855/1996/1855 1856/1997/1856 1840/1981/1840
f 1840/1981/1840 1856/1997/1856 1857/1998/1857 1841/1982/1841
f 1841/1982/1841 1857/1998/1857 1858/1999/1858 1842/1983/1842
f 1842/1983/1842 1858/1999/1858 1859/2000/1859 1843/1984/1843
f 1843/1984/1843 1859/2000/1859 1860/2001/1860 1844/1985/1844
f 1844/1985/1844 1860/2001/1860 1861/2002/1861 1845/1986/1845
f 1845/1986/1845 1861/2002/1861 1862/2003/1862 1846/1987/1846
f 1846/1987/1846 1862/2003/1862 1863/2004/1863 1847/1988/1847
f 1847/1988/1847 1863/2004/1863 1864/2005/1864 1848/1989/1848
f 1848/1989/1848 1864/2005/1864 1865/2006/1865 1849/1990/1849
f 1849/1990/1849 1865/2006/1865 1866/2007/1866 1850/1991/1850
f 1850/1991/1850 1866/2007/1866 1867/2008/1867 1851/1992/1851
f 1851/1992/1851 1867/2008/1867 1868/2009/1868 1852/1993/1852
f 1853/1995/1853 1870/2010/1870 1869/2011/1869 1855/1996/1855
f 1855/1996/1855 1869/2011/1869 1871/2012/1871 1856/1997/1856
f 1856/1997/1856 1871/2012/1871 1872/2013/1872 1857/1998/1857
f 1857/1998/1857 1872/2013/1872 1873/2014/1873 1858/1999/1858
f 1858/1999/1858 1873/2014/1873 1874/2015/1874 1859/2000/1859
f 1859/2000/1859 1874/2015/1874 1875/2016/1875 1860/2001/1860
f 1860/2001/1860 1875/2016/1875 1876/2017/1876 1861/2002/1861
f 1861/2002/1861 1876/2017/1876 1877/2018/1877 1862/2003/1862
f 1862/2003/1862 1877/2018/1877 1878/2019/1878 1863/2004/1863
f 1863/2004/1863 1878/2019/1878 1879/2020/1879 1864/2005/1864
f 1864/2005/1864 1879/2020/1879 1880/2021/1880 1865/2006/1865
f 1865/2006/1865 1880/2021/1880 1881/2022/1881 1866/2007/1866
f 1866/2007/1866 1881/2022/1881 1882/2023/1882 1867/2008/1867
f 1867/2008/1867 1882/2023/1882 1883/2024/1883 1868/2009/1868
f 1870/2010/1870 1885/2025/1885 1884/2026/1884 1869/2011/1869
f 1869/2011/1869 1884/2026/1884 1886/2027/1886 1871/2012/1871
f 1871/2012/1871 1886/2027/1886 1887/2028/1887 1872/2013/1872
f 1872/2013/1872 1887/2028/1887 1888/2029/1888 1873/2014/1873
f 1873/2014/1873 1888/2029/1888 1889/2030/1889 1874/2015/1874
f 1874/2015/1874 1889/2030/1889 1890/2031/1890 1875/2016/1875
f 1875/2016/1875 1890/2031/1890 1891/2032/1891 1876/2017/1876
f 1876/2017/1876 1891/2032/1891 1892/2033/1892 1877/2018/1877
f 1877/2018/1877 1892/2033/1892 1893/2034/1893 1878/2019/1878
f 1878/2019/1878 1893/2034/1893 1894/2035/1894 1879/2020/1879
f 1879/2020/1879 1894/2035/1894 1895/2036/1895 1880/2021/1880
f 1880/2021/1880 1895/2036/1895 1896/2037/1896 1881/2022/1881
f 1881/2022/1881 1896/2037/1896 1897/2038/1897 1882/2023/1882
f 1882/2023/1882 1897/2038/1897 1898/2039/1898 1883/2024/1883
f 1885/2025/1885 1900/2040/1900 1899/2041/1899 1884/2026/1884
f 1884/2026/1884 1899/2041/1899 1901/2042/1901 1886/2027/1886
f 1886/2027/1886 1901/2042/1901 1902/2043/1902 1887/2028/1887
f 1887/2028/1887 1902/2043/1902 1903/2044/1903 1888/2029/1888
f 1888/2029/1888 1903/2044/1903 1904/2045/1904 1889/2030/1889
f 1889/2030/1889 1904/2045/1904 1905/2046/1905 1890/2031/1890
f 1890/2031/1890 1905/2046/1905 1906/2047/1906 1891/2032/1891
f 1891/2032/1891 1906/2047/1906 1907/2048/1907 1892/2033/1892
f 1892/2033/1892 1907/2048/1907 1908/2049/1908 1893/2034/1893
f 1893/2034/1893 1908/2049/1908 1909/2050/1909 1894/2035/1894
f 1894/2035/1894 1909/2050/1909 1910/2051/1910 1895/2036/1895
f 1895/2036/1895 1910/2051/1910 1911/2052/1911 1896/2037/1896
f 1896/2037/1896 1911/2052/1911 1912/2053/1912 1897/2038/1897
f 1897/2038/1897 1912/2053/1912 1913/2054/1913 1898/2039/1898
f 1900/2040/1900 1915/2055/1915 1914/2056/1914 1899/2041/1899
f 1899/2041/1899 1914/2056/1914 1916/2057/1916 1901/2042/1901
f 1901/2042/1901 1916/2057/1916 1917/2058/1917 1902/2043/1902
f 1902/2043/1902 1917/2058/1917 1918/2059/1918 1903/2044/1903
f 1903/2044/1903 1918/2059/1918 1919/2060/1919 1904/2045/1904
f 1904/2045/1904 1919/2060/1919 1920/2061/1920 1905/2046/1905
f 1905/2046/1905 1920/2061/1920 1921/2062/1921 1906/2047/1906
f 1906/2047/1906 1921/2062/1921 1922/2063/1922 1907/2048/1907
f 1907/2048/1907 1922/2063/1922 1923/2064/1923 1908/2049/1908
f 1908/2049/1908 1923/2064/1923 1924/2065/1924 1909/2050/1909
f 1909/2050/1909 1924/2065/1924 1925/2066/1925 1910/2051/1910
f 1910/2051/1910 1925/2066/1925 1926/2067/1926 1911/2052/1911
f 1911/2052/1911 1926/2067/1926 1927/2068/1927 1912/2053/1912
f 1912/2053/1912 1927/2068/1927 1928/2069/1928 1913/2054/1913
f 1914/2056/1914 1930/2070/1930 1929/2071/1929 1916/2057/1916
f 1916/2057/1916 1929/2071/1929 1931/2072/1931 1917/2058/1917
f 1917/2058/1917 1931/2072/1931 1932/2073/1932 1918/2059/1918
f 1918/2059/1918 1932/2073/1932 1933/2074/1933 1919/2060/1919
f 1919/2060/1919 1933/2074/1933 1934/2075/1934 1920/2061/1920
f 1920/2061/1920 1934/2075/1934 1935/2076/1935 1921/2062/1921
f 1921/2062/1921 1935/2076/1935 1936/2077/1936 1922/2063/1922
f 1922/2063/1922 1936/2077/1936 1937/2078/1937 1923/2064/1923
f 1923/2064/1923 1937/2078/1937 1938/2079/1938 1924/2065/1924
f 1924/2065/1924 1938/2079/1938 1939/2080/1939 1925/2066/1925
f 1925/2066/1925 1939/2080/1939 1940/2081/1940 1926/2067/1926
f 1926/2067/1926 1940/2081/1940 1941/2082/1941 1927/2068/1927
f 1927/2068/1927 1941/2082/1941 1942/2083/1942 1928/2069/1928
f 1929/2071/1929 1944/2084/1944 1943/2085/1943 1931/2072/1931
f 1931/2072/1931 1943/2085/1943 1945/2086/1945 1932/2073/1932
f 1932/2073/1932 1945/2086/1945 1946/2087/1946 1933/2074/1933
f 1933/2074/1933 1946/2087/1946 1947/2088/1947 1934/2075/1934
f 1934/2075/1934 1947/2088/1947 1948/2089/1948 1935/2076/1935
f 1935/2076/1935 1948/2089/1948 1949/2090/1949 1936/2077/1936
f 1936/2077/1936 1949/2090/1949 1950/2091/1950 1937/2078/1937
f 1937/2078/1937 1950/2091/1950 1951/2092/1951 1938/2079/1938
f 1938/2079/1938 1951/2092/1951 1952/2093/1952 1939/2080/1939
f 1939/2080/1939 1952/2093/1952 1953/2094/1953 1940/2081/1940
f 1940/2081/1940 1953/2094/1953 1954/2095/1954 1941/2082/1941
f 1941/2082/1941 1954/2095/1954 1955/2096/1955 1942/2083/1942
f 1943/2085/1943 1957/2097/1957 1956/2098/1956 1945/2086/1945
f 1945/2086/1945 1956/2098/1956 1958/2099/1958 1946/2087/1946
f 1946/2087/1946 1958/2099/1958 1959/2100/1959 1947/2088/1947
f 1947/2088/1947 1959/2100/1959 1960/2101/1960 1948/2089/1948
f 1948/2089/1948 1960/2101/1960 1961/2102/1961 1949/2090/1949
f 1949/2090/1949 1961/2102/1961 1962/2103/1962 1950/2091/1950
f 1950/2091/1950 1962/2103/1962 1963/2104/1963 1951/2092/1951
f 1951/2092/1951 1963/2104/1963 1964/2105/1964 1952/2093/1952
f 1952/2093/1952 1964/2105/1964 1965/2106/1965 1953/2094/1953
f 1953/2094/1953 1965/2106/1965 1966/2107/1966 1954/2095/1954
f 1954/2095/1954 1966/2107/1966 1967/2108/1967 1955/2096/1955
f 1956/2098/1956 1969/2109/1969 1968/2110/1968 1958/2099/1958
f 1958/2099/1958 1968/2110/1968 1970/2111/1970 1959/2100/1959
f 1959/2100/1959 1970/2111/1970 1971/2112/1971 1960/2101/1960
f 1960/2101/1960 1971/2112/1971 1972/2113/1972 1961/2102/1961
f 1961/2102/1961 1972/2113/1972 1973/2114/1973 1962/2103/1962
f 1962/2103/1962 1973/2114/1973 1974/2115/1974 1963/2104/1963
f 1963/2104/1963 1974/2115/1974 1975/2116/1975 1964/2105/1964
f 1964/2105/1964 1975/2116/1975 1976/2117/1976 1965/2106/1965
f 1965/2106/1965 1976/2117/1976 1977/2118/1977 1966/2107/1966
f 1966/2107/1966 1977/2118/1977 1978/2119/1978 1967/2108/1967
f 1968/2110/1968 1980/2120/1980 1979/2121/1979 1970/2111/1970
f 1970/2111/1970 1979/2121/1979 1981/2122/1981 1971/2112/1971
f 1971/2112/1971 1981/2122/1981 1982/2123/1982 1972/2113/1972
f 1972/2113/1972 1982/2123/1982 1983/2124/1983 1973/2114/1973
f 1973/2114/1973 1983/2124/1983 1984/2125/1984 1974/2115/1974
f 1974/2115/1974 1984/2125/1984 1985/2126/1985 1975/2116/1975
f 1975/2116/1975 1985/2126/1985 1986/2127/1986 1976/2117/1976
f 1976/2117/1976 1986/2127/1986 1987/2128/1987 1977/2118/1977
f 1977/2118/1977 1987/2128/1987 1988/2129/1988 1978/2119/1978
f 1980/2120/1980 1990/2130/1990 1989/2131/1989 1979/2121/1979
f 1979/2121/1979 1989/2131/1989 1991/2132/1991 1981/2122/1981
f 1981/2122/1981 1991/2132/1991 1992/2133/1992 1982/2123/1982
f 1982/2123/1982 1992/2133/1992 1993/2134/1993 1983/2124/1983
f 1983/2124/1983 1993/2134/1993 1994/2135/1994 1984/2125/1984
f 1984/2125/1984 1994/2135/1994 1995/2136/1995 1985/2126/1985
f 1985/2126/1985 1995/2136/1995 1996/2137/1996 1986/2127/1986
f 1986/2127/1986 1996/2137/1996 1997/2138/1997 1987/2128/1987
f 1987/2128/1987 1997/2138/1997 1998/2139/1998 1988/2129/1988
f 1993/2134/1993 2000/2140/2000 1999/2141/1999 1994/2135/1994
f 1994/2135/1994 1999/2141/1999 2001/2142/2001 1995/2136/1995
f 1995/2136/1995 2001/2142/2001 2002/2143/2002 1996/2137/1996
f 1996/2137/1996 2002/2143/2002 2003/2144/2003 1997/2138/1997
f 1997/2138/1997 2003/2144/2003 2004/2145/2004 1998/2139/1998
f 1/2146/1 4/2147/4 1006/2148/1006 1003/2149/1003
f 2/2150/2 1/2151/1 1003/2152/1003 1004/2153/1004
f 5/2154/5 2/2150/2 1004/2153/1004 1007/2155/1007
f 7/2156/7 5/2154/5 1007/2155/1007 1009/2157/1009
f 9/2158/9 7/2156/7 1009/2157/1009 1011/2159/1011
f 11/2160/11 9/2158/9 1011/2159/1011 1013/2161/1013
f 13/2162/13 11/2160/11 1013/2161/1013 1015/2163/1015
f 15/2164/15 13/2162/13 1015/2163/1015 1017/2165/1017
f 17/2166/17 15/2164/15 1017/2165/1017 1019/2167/1019
f 19/2168/19 17/2166/17 1019/2167/1019 1021/2169/1021
f 21/2170/21 19/2168/19 1021/2169/1021 1023/2171/1023
f 23/2172/23 21/2170/21 1023/2171/1023 1025/2173/1025
f 25/2174/25 23/2172/23 1025/2173/1025 1027/2175/1027
f 27/2176/27 25/2174/25 1027/2175/1027 1029/2177/1029
f 29/2178/29 27/2176/27 1029/2177/1029 1031/2179/1031
f 31/2180/31 29/2178/29 1031/2179/1031 1033/2181/1033
f 33/2182/33 31/2180/31 1033/2181/1033 1035/2183/1035
f 35/2184/35 33/2182/33 1035/2183/1035 1037/2185/1037
f 37/2186/37 35/2184/35 1037/2185/1037 1039/2187/1039
f 39/2188/39 37/2186/37 1039/2187/1039 1041/2189/1041
f 40/2190/40 39/2191/39 1041/2192/1041 1042/2193/1042
f 4/2147/4 42/2194/42 1044/2195/1044 1006/2148/1006
f 60/2196/60 40/2190/40 1042/2193/1042 1062/2197/1062
f 42/2194/42 62/2198/62 1064/2199/1064 1044/2195/1044
f 80/2200/80 60/2196/60 1062/2197/1062 1082/2201/1082
f 62/2198/62 82/2202/82 1084/2203/1084 1064/2199/1064
f 100/2204/100 80/2200/80 1082/2201/1082 1102/2205/1102
f 82/2202/82 102/2206/102 1104/2207/1104 1084/2203/1084
f 120/2208/120 100/2204/100 1102/2205/1102 1122/2209/1122
f 102/2206/102 122/2210/122 1124/2211/1124 1104/2207/1104
f 140/2212/140 120/2208/120 1122/2209/1122 1142/2213/1142
f 122/2210/122 142/2214/142 1144/2215/1144 1124/2211/1124
f 160/2216/160 140/2212/140 1142/2213/1142 1162/2217/1162
f 161/2218/161 163/2219/163 1165/1235/1165 1163/1234/1163
f 142/2220/142 161/2221/161 1163/2222/1163 1144/2223/1144
f 182/2224/182 160/2216/160 1162/2217/1162 1184/2225/1184
f 163/2219/163 184/2226/184 1186/1258/1186 1165/1235/1165
f 203/2227/203 182/2224/182 1184/2225/1184 1205/2228/1205
f 184/2226/184 205/2229/205 1207/2230/1207 1186/1258/1186
f 224/2231/224 203/2227/203 1205/2228/1205 1226/2232/1226
f 205/2229/205 226/2233/226 1228/2234/1228 1207/2230/1207
f 245/2235/245 224/2231/224 1226/2232/1226 1247/2236/1247
f 226/2233/226 247/2237/247 1249/2238/1249 1228/2234/1228
f 266/2239/266 245/2235/245 1247/2236/1247 1268/2240/1268
f 267/2241/267 269/2242/269 1271/2243/1271 1269/2244/1269
f 247/2245/247 267/2246/267 1269/2247/1269 1249/2248/1249
f 289/2249/289 266/2239/266 1268/2240/1268 1291/2250/1291
f 269/2242/269 291/2251/291 1293/2252/1293 1271/2243/1271
f 311/2253/311 289/2249/289 1291/2250/1291 1313/2254/1313
f 291/2251/291 313/2255/313 1315/2256/1315 1293/2252/1293
f 333/2257/333 311/2253/311 1313/2254/1313 1335/2258/1335
f 313/2255/313 335/2259/335 1337/2260/1337 1315/2256/1315
f 355/2261/355 333/2257/333 1335/2258/1335 1357/2262/1357
f 335/2259/335 357/2263/357 1359/2264/1359 1337/2260/1337
f 377/2265/377 355/2261/355 1357/2262/1357 1379/2266/1379
f 357/2263/357 379/2267/379 1381/2268/1381 1359/2264/1359
f 387/2269/387 388/2270/388 1390/2271/1390 1389/2272/1389
f 389/2273/389 390/2274/390 1392/2275/1392 1391/2276/1391
f 391/2277/391 392/2278/392 1394/2279/1394 1393/2280/1393
f 393/2281/393 394/2282/394 1396/2283/1396 1395/2284/1395
f 399/2285/399 377/2265/377 1379/2266/1379 1401/2286/1401
f 379/2267/379 401/2287/401 1403/2288/1403 1381/2268/1381
f 409/2289/409 387/2290/387 1389/2291/1389 1411/2292/1411
f 408/2293/408 409/2294/409 1411/2295/1411 1410/2296/1410
f 388/2297/388 411/2298/411 1413/2299/1413 1390/2300/1390
f 410/2301/410 389/2302/389 1391/2303/1391 1412/2304/1412
f 411/2305/411 410/2306/410 1412/2307/1412 1413/2308/1413
f 390/2309/390 413/2310/413 1415/2311/1415 1392/2312/1392
f 412/2313/412 391/2314/391 1393/2315/1393 1414/2316/1414
f 413/2317/413 412/2318/412 1414/2319/1414 1415/2320/1415
f 392/2321/392 415/2322/415 1417/2323/1417 1394/2324/1394
f 414/2325/414 393/2326/393 1395/2327/1395 1416/2328/1416
f 415/2329/415 414/2330/414 1416/2331/1416 1417/2332/1417
f 394/2333/394 417/2334/417 1419/2335/1419 1396/2336/1396
f 421/2337/421 399/2285/399 1401/2286/1401 1423/2338/1423
f 401/2287/401 423/2339/423 1425/2340/1425 1403/2288/1403
f 430/2341/430 408/2342/408 1410/2343/1410 1432/2344/1432
f 409/2345/409 432/2346/432 1434/2347/1434 1411/2348/1411
f 411/2349/411 409/2350/409 1411/2351/1411 1413/2352/1413
f 431/2353/431 411/2354/411 1413/2355/1413 1433/2356/1433
f 432/2357/432 431/2358/431 1433/2359/1433 1434/2360/1434
f 410/2361/410 434/2362/434 1436/2363/1436 1412/2364/1412
f 413/2365/413 410/2366/410 1412/2367/1412 1415/2368/1415
f 433/2369/433 413/2370/413 1415/2371/1415 1435/2372/1435
f 434/2373/434 433/2374/433 1435/2375/1435 1436/2376/1436
f 412/2377/412 436/2378/436 1438/2379/1438 1414/2380/1414
f 415/2381/415 412/2382/412 1414/2383/1414 1417/2384/1417
f 435/2385/435 415/2386/415 1417/2387/1417 1437/2388/1437
f 436/2389/436 435/2390/435 1437/2391/1437 1438/2392/1438
f 414/2393/414 438/2394/438 1440/2395/1440 1416/2396/1416
f 417/2397/417 414/2398/414 1416/2399/1416 1419/2400/1419
f 438/2401/438 437/2402/437 1439/2403/1439 1440/2404/1440
f 443/2405/443 421/2337/421 1423/2338/1423 1445/2406/1445
f 423/2339/423 445/2407/445 1447/2408/1447 1425/2340/1425
f 432/2409/432 430/2410/430 1432/2411/1432 1434/2412/1434
f 453/2413/453 432/2414/432 1434/2415/1434 1455/2416/1455
f 452/2417/452 453/2418/453 1455/2419/1455 1454/2420/1454
f 431/2421/431 455/2422/455 1457/2423/1457 1433/2424/1433
f 434/2425/434 431/2426/431 1433/2427/1433 1436/2428/1436
f 454/2429/454 434/2430/434 1436/2431/1436 1456/2432/1456
f 455/2433/455 454/2434/454 1456/2435/1456 1457/2436/1457
f 433/2437/433 457/2438/457 1459/2439/1459 1435/2440/1435
f 436/2441/436 433/2442/433 1435/2443/1435 1438/2444/1438
f 456/2445/456 436/2446/436 1438/2447/1438 1458/2448/1458
f 457/2449/457 456/2450/456 1458/2451/1458 1459/2452/1459
f 435/2453/435 459/2454/459 1461/2455/1461 1437/2456/1437
f 438/2457/438 435/2458/435 1437/2459/1437 1440/2460/1440
f 458/2461/458 438/2462/438 1440/2463/1440 1460/2464/1460
f 459/2465/459 458/2466/458 1460/2467/1460 1461/2468/1461
f 437/2469/437 461/2470/461 1463/2471/1463 1439/2472/1439
f 465/2473/465 443/2405/443 1445/2406/1445 1467/2474/1467
f 445/2407/445 467/2475/467 1469/2476/1469 1447/2408/1447
f 474/2477/474 452/2478/452 1454/2479/1454 1476/2480/1476
f 453/2481/453 476/2482/476 1478/2483/1478 1455/2484/1455
f 455/2485/455 453/2486/453 1455/2487/1455 1457/2488/1457
f 475/2489/475 455/2490/455 1457/2491/1457 1477/2492/1477
f 476/2493/476 475/2494/475 1477/2495/1477 1478/2496/1478
f 454/2497/454 478/2498/478 1480/2499/1480 1456/2500/1456
f 457/2501/457 454/2502/454 1456/2503/1456 1459/2504/1459
f 477/2505/477 457/2506/457 1459/2507/1459 1479/2508/1479
f 478/2509/478 477/2510/477 1479/2511/1479 1480/2512/1480
f 456/2513/456 480/2514/480 1482/2515/1482 1458/2516/1458
f 459/2517/459 456/2518/456 1458/2519/1458 1461/2520/1461
f 479/2521/479 459/2522/459 1461/2523/1461 1481/2524/1481
f 480/2525/480 479/2526/479 1481/2527/1481 1482/2528/1482
f 458/2529/458 482/2530/482 1484/2531/1484 1460/2532/1460
f 461/2533/461 458/2534/458 1460/2535/1460 1463/2536/1463
f 482/2537/482 481/2538/481 1483/2539/1483 1484/2540/1484
f 487/2541/487 465/2473/465 1467/2474/1467 1489/2542/1489
f 467/2475/467 489/2543/489 1491/2544/1491 1469/2476/1469
f 476/2545/476 474/2546/474 1476/2547/1476 1478/2548/1478
f 497/2549/497 476/2550/476 1478/2551/1478 1499/2552/1499
f 496/2553/496 497/2554/497 1499/2555/1499 1498/2556/1498
f 475/2557/475 499/2558/499 1501/2559/1501 1477/2560/1477
f 478/2561/478 475/2562/475 1477/2563/1477 1480/2564/1480
f 498/2565/498 478/2566/478 1480/2567/1480 1500/2568/1500
f 499/2569/499 498/2570/498 1500/2571/1500 1501/2572/1501
f 477/2573/477 501/2574/501 1503/2575/1503 1479/2576/1479
f 480/2577/480 477/2578/477 1479/2579/1479 1482/2580/1482
f 500/2581/500 480/2582/480 1482/2583/1482 1502/2584/1502
f 501/2585/501 500/2586/500 1502/2587/1502 1503/2588/1503
f 479/2589/479 503/2590/503 1505/2591/1505 1481/2592/1481
f 482/2593/482 479/2594/479 1481/2595/1481 1484/2596/1484
f 502/2597/502 482/2598/482 1484/2599/1484 1504/2600/1504
f 503/2601/503 502/2602/502 1504/2603/1504 1505/2604/1505
f 481/2605/481 505/2606/505 1507/2607/1507 1483/2608/1483
f 509/2609/509 487/2541/487 1489/2542/1489 1511/2610/1511
f 489/2543/489 511/2611/511 1513/2612/1513 1491/2544/1491
f 518/2613/518 496/2614/496 1498/2615/1498 1520/2616/1520
f 497/2617/497 520/2618/520 1522/2619/1522 1499/2620/1499
f 499/2621/499 497/2622/497 1499/2623/1499 1501/2624/1501
f 519/2625/519 499/2626/499 1501/2627/1501 1521/2628/1521
f 520/2629/520 519/2630/519 1521/2631/1521 1522/2632/1522
f 498/2633/498 522/2634/522 1524/2635/1524 1500/2636/1500
f 501/2637/501 498/2638/498 1500/2639/1500 1503/2640/1503
f 521/2641/521 501/2642/501 1503/2643/1503 1523/2644/1523
f 522/2645/522 521/2646/521 1523/2647/1523 1524/2648/1524
f 500/2649/500 524/2650/524 1526/2651/1526 1502/2652/1502
f 503/2653/503 500/2654/500 1502/2655/1502 1505/2656/1505
f 523/2657/523 503/2658/503 1505/2659/1505 1525/2660/1525
f 524/2661/524 523/2662/523 1525/2663/1525 1526/2664/1526
f 502/2665/502 526/2666/526 1528/2667/1528 1504/2668/1504
f 505/2669/505 502/2670/502 1504/2671/1504 1507/2672/1507
f 526/2673/526 525/2674/525 1527/2675/1527 1528/2676/1528
f 531/2677/531 509/2609/509 1511/2610/1511 1533/2678/1533
f 511/2611/511 533/2679/533 1535/2680/1535 1513/2612/1513
f 520/2681/520 518/2682/518 1520/2683/1520 1522/2684/1522
f 541/2685/541 520/2686/520 1522/2687/1522 1543/2688/1543
f 540/2689/540 541/2690/541 1543/2691/1543 1542/2692/1542
f 519/2693/519 543/2694/543 1545/2695/1545 1521/2696/1521
f 522/2697/522 519/2698/519 1521/2699/1521 1524/2700/1524
f 542/2701/542 522/2702/522 1524/2703/1524 1544/2704/1544
f 543/2705/543 542/2706/542 1544/2707/1544 1545/2708/1545
f 521/2709/521 545/2710/545 1547/2711/1547 1523/2712/1523
f 524/2713/524 521/2714/521 1523/2715/1523 1526/2716/1526
f 544/2717/544 524/2718/524 1526/2719/1526 1546/2720/1546
f 545/2721/545 544/2722/544 1546/2723/1546 1547/2724/1547
f 523/2725/523 547/2726/547 1549/2727/1549 1525/2728/1525
f 526/2729/526 523/2730/523 1525/2731/1525 1528/2732/1528
f 546/2733/546 526/2734/526 1528/2735/1528 1548/2736/1548
f 547/2737/547 546/2738/546 1548/2739/1548 1549/2740/1549
f 525/2741/525 549/2742/549 1551/2743/1551 1527/2744/1527
f 553/2745/553 531/2677/531 1533/2678/1533 1555/2746/1555
f 533/2679/533 555/2747/555 1557/2748/1557 1535/2680/1535
f 555/2749/555 554/2750/554 1556/2751/1556 1557/2752/1557
f 562/2753/562 540/2754/540 1542/2755/1542 1564/2756/1564
f 541/2757/541 564/2758/564 1566/2759/1566 1543/2760/1543
f 543/2761/543 541/2762/541 1543/2763/1543 1545/2764/1545
f 563/2765/563 543/2766/543 1545/2767/1545 1565/2768/1565
f 542/2769/542 566/2770/566 1568/2771/1568 1544/2772/1544
f 545/2773/545 542/2774/542 1544/2775/1544 1547/2776/1547
f 565/2777/565 545/2778/545 1547/2779/1547 1567/2780/1567
f 544/2781/544 568/2782/568 1570/2783/1570 1546/2784/1546
f 547/2785/547 544/2786/544 1546/2787/1546 1549/2788/1549
f 567/2789/567 547/2790/547 1549/2791/1549 1569/2792/1569
f 546/2793/546 570/2794/570 1572/2795/1572 1548/2796/1548
f 549/2797/549 546/2798/546 1548/2799/1548 1551/2800/1551
f 575/2801/575 553/2745/553 1555/2746/1555 1577/2802/1577
f 554/2803/554 577/2804/577 1579/2805/1579 1556/2806/1556
f 564/2807/564 562/2808/562 1564/2809/1564 1566/2810/1566
f 566/2811/566 563/2812/563 1565/2813/1565 1568/2814/1568
f 568/2815/568 565/2816/565 1567/2817/1567 1570/2818/1570
f 570/2819/570 567/2820/567 1569/2821/1569 1572/2822/1572
f 596/2823/596 575/2801/575 1577/2802/1577 1598/2824/1598
f 577/2804/577 598/2825/598 1600/2826/1600 1579/2805/1579
f 598/2827/598 597/2828/597 1599/2829/1599 1600/2830/1600
f 617/2831/617 596/2823/596 1598/2824/1598 1619/2832/1619
f 597/2833/597 619/2834/619 1621/2835/1621 1599/2836/1599
f 637/2837/637 617/2831/617 1619/2832/1619 1639/2838/1639
f 619/2834/619 639/2839/639 1641/2840/1641 1621/2835/1621
f 657/2841/657 637/2837/637 1639/2838/1639 1659/2842/1659
f 639/2839/639 659/2843/659 1661/2844/1661 1641/2840/1641
f 659/2845/659 658/2846/658 1660/2847/1660 1661/2848/1661
f 677/2849/677 657/2841/657 1659/2842/1659 1679/2850/1679
f 658/2851/658 679/2852/679 1681/2853/1681 1660/2854/1660
f 696/2855/696 677/2849/677 1679/2850/1679 1698/2856/1698
f 679/2852/679 698/2857/698 1700/2858/1700 1681/2853/1681
f 698/2859/698 697/2860/697 1699/2861/1699 1700/2862/1700
f 715/2863/715 696/2855/696 1698/2856/1698 1717/2864/1717
f 697/2865/697 717/2866/717 1719/2867/1719 1699/2868/1699
f 733/2869/733 715/2863/715 1717/2864/1717 1735/2870/1735
f 717/2866/717 735/2871/735 1737/2872/1737 1719/2867/1719
f 735/2873/735 734/2874/734 1736/2875/1736 1737/2876/1737
f 751/2877/751 733/2869/733 1735/2870/1735 1753/2878/1753
f 734/2879/734 753/2880/753 1755/2881/1755 1736/2882/1736
f 768/2883/768 751/2877/751 1753/2878/1753 1770/2884/1770
f 753/2880/753 770/2885/770 1772/2886/1772 1755/2881/1755
f 785/2887/785 768/2883/768 1770/2884/1770 1787/2888/1787
f 770/2885/770 787/2889/787 1789/2890/1789 1772/2886/1772
f 787/2891/787 786/2892/786 1788/2893/1788 1789/2894/1789
f 802/2895/802 785/2887/785 1787/2888/1787 1804/2896/1804
f 786/2897/786 804/2898/804 1806/2899/1806 1788/2900/1788
f 818/2901/818 802/2895/802 1804/2896/1804 1820/2902/1820
f 804/2898/804 820/2903/820 1822/2904/1822 1806/2899/1806
f 834/2905/834 818/2901/818 1820/2902/1820 1836/2906/1836
f 820/2903/820 836/2907/836 1838/2908/1838 1822/2904/1822
f 850/2909/850 834/2905/834 1836/2906/1836 1852/2910/1852
f 836/2907/836 852/2911/852 1854/2912/1854 1838/2908/1838
f 852/2913/852 851/2914/851 1853/2915/1853 1854/2916/1854
f 866/2917/866 850/2909/850 1852/2910/1852 1868/2918/1868
f 851/2919/851 868/2920/868 1870/2921/1870 1853/2922/1853
f 881/2923/881 866/2917/866 1868/2918/1868 1883/2924/1883
f 868/2920/868 883/2925/883 1885/2926/1885 1870/2921/1870
f 896/2927/896 881/2923/881 1883/2924/1883 1898/2928/1898
f 883/2925/883 898/2929/898 1900/2930/1900 1885/2926/1885
f 911/2931/911 896/2927/896 1898/2928/1898 1913/2932/1913
f 898/2929/898 913/2933/913 1915/2934/1915 1900/2930/1900
f 913/2935/913 912/2936/912 1914/2937/1914 1915/2938/1915
f 926/2939/926 911/2931/911 1913/2932/1913 1928/2940/1928
f 912/2941/912 928/2942/928 1930/2943/1930 1914/2944/1914
f 928/2945/928 927/2946/927 1929/2947/1929 1930/2948/1930
f 940/2949/940 926/2939/926 1928/2940/1928 1942/2950/1942
f 927/2951/927 942/2952/942 1944/2953/1944 1929/2954/1929
f 942/2955/942 941/2956/941 1943/2957/1943 1944/2958/1944
f 953/2959/953 940/2949/940 1942/2950/1942 1955/2960/1955
f 941/2961/941 955/2962/955 1957/2963/1957 1943/2964/1943
f 955/2965/955 954/2966/954 1956/2967/1956 1957/2968/1957
f 965/2969/965 953/2959/953 1955/2960/1955 1967/2970/1967
f 954/2971/954 967/2972/967 1969/2973/1969 1956/2974/1956
f 967/2975/967 966/2976/966 1968/2977/1968 1969/2978/1969
f 976/2979/976 965/2969/965 1967/2970/1967 1978/2980/1978
f 966/2981/966 978/2982/978 1980/2983/1980 1968/2984/1968
f 986/2985/986 976/2979/976 1978/2980/1978 1988/2986/1988
f 978/2982/978 988/2987/988 1990/2988/1990 1980/2983/1980
f 988/2989/988 987/2990/987 1989/2991/1989 1990/2992/1990
f 987/2990/987 989/2993/989 1991/2994/1991 1989/2991/1989
f 989/2993/989 990/2995/990 1992/2996/1992 1991/2994/1991
f 990/2995/990 991/2997/991 1993/2998/1993 1992/2996/1992
f 996/2999/996 986/2985/986 1988/2986/1988 1998/3000/1998
f 991/3001/991 998/3002/998 2000/3003/2000 1993/3004/1993
f 998/3005/998 997/3006/997 1999/3007/1999 2000/3008/2000
f 997/3006/997 999/3009/999 2001/3010/2001 1999/3007/1999
f 999/3009/999 1000/3011/1000 2002/3012/2002 2001/3010/2001
f 1000/3011/1000 1001/3013/1001 2003/3014/2003 2002/3012/2002
f 1002/3015/1002 996/2999/996 1998/3000/1998 2004/3016/2004
f 1001/3013/1001 1002/3017/1002 2004/3018/2004 2003/3014/2003
f 2005/3019/2005 2006/3020/2006 2007/3021/34 2008/3022/2007
f 2006/3020/2006 2009/3023/35 2010/3024/36 2007/3021/34
f 2009/3023/35 2011/3025/2008 2012/3026/38 2010/3024/36
f 2011/3025/2008 2013/3027/2009 2014/3028/2010 2012/3026/38
f 2013/3027/2009 2015/3029/2011 2016/3030/2012 2014/3028/2010
f 2015/3029/2011 2017/3031/2013 2018/3032/2014 2016/3030/2012
f 2017/3031/2013 2019/3033/2015 2020/3034/2016 2018/3032/2014
f 2019/3033/2015 2021/3035/2017 2022/3036/2018 2020/3034/2016
f 2021/3035/2017 2023/3037/2019 2024/3038/2020 2022/3036/2018
f 2023/3037/2019 2025/3039/2021 2026/3040/2022 2024/3038/2020
f 2025/3039/2021 2027/3041/2023 2028/3042/2024 2026/3040/2022
f 2027/3041/2023 2029/3043/2025 2030/3044/2026 2028/3042/2024
f 2029/3043/2025 2031/3045/2027 2032/3046/2028 2030/3044/2026
f 2031/3045/2027 2033/3047/2029 2034/3048/2030 2032/3046/2028
f 2033/3047/2029 2035/3049/2031 2036/3050/2032 2034/3048/2030
f 2035/3049/2031 2037/3051/2033 2038/3052/2034 2036/3050/2032
f 2037/3051/2033 2039/3053/2035 2040/3054/2036 2038/3052/2034
f 2039/3053/2035 2041/3055/2037 2042/3056/2038 2040/3054/2036
f 2041/3055/2037 2043/3057/2039 2044/3058/2040 2042/3056/2038
f 2008/3022/2007 2007/3021/34 2045/3059/57 2046/3060/2041
f 2007/3021/34 2010/3024/36 2047/3061/58 2045/3059/57
f 2010/3024/36 2012/3026/38 2048/3062/59 2047/3061/58
f 2012/3026/38 2014/3028/2010 2049/3063/2042 2048/3062/59
f 2014/3028/2010 2016/3030/2012 2050/3064/2043 2049/3063/2042
f 2016/3030/2012 2018/3032/2014 2051/3065/2044 2050/3064/2043
f 2018/3032/2014 2020/3034/2016 2052/3066/2045 2051/3065/2044
f 2020/3034/2016 2022/3036/2018 2053/3067/2046 2052/3066/2045
f 2022/3036/2018 2024/3038/2020 2054/3068/2047 2053/3067/2046
f 2024/3038/2020 2026/3040/2022 2055/3069/2048 2054/3068/2047
f 2026/3040/2022 2028/3042/2024 2056/3070/2049 2055/3069/2048
f 2028/3042/2024 2030/3044/2026 2057/3071/2050 2056/3070/2049
f 2030/3044/2026 2032/3046/2028 2058/3072/2051 2057/3071/2050
f 2032/3046/2028 2034/3048/2030 2059/3073/2052 2058/3072/2051
f 2034/3048/2030 2036/3050/2032 2060/3074/2053 2059/3073/2052
f 2036/3050/2032 2038/3052/2034 2061/3075/2054 2060/3074/2053
f 2038/3052/2034 2040/3054/2036 2062/3076/2055 2061/3075/2054
f 2040/3054/2036 2042/3056/2038 2063/3077/2056 2062/3076/2055
f 2042/3056/2038 2044/3058/2040 2064/3078/2057 2063/3077/2056
f 2046/3060/2041 2045/3059/57 2065/3079/77 2066/3080/2058
f 2045/3059/57 2047/3061/58 2067/3081/78 2065/3079/77
f 2047/3061/58 2048/3062/59 2068/3082/79 2067/3081/78
f 2048/3062/59 2049/3063/2042 2069/3083/2059 2068/3082/79
f 2049/3063/2042 2050/3064/2043 2070/3084/2060 2069/3083/2059
f 2050/3064/2043 2051/3065/2044 2071/3085/2061 2070/3084/2060
f 2051/3065/2044 2052/3066/2045 2072/3086/2062 2071/3085/2061
f 2052/3066/2045 2053/3067/2046 2073/3087/2063 2072/3086/2062
f 2053/3067/2046 2054/3068/2047 2074/3088/2064 2073/3087/2063
f 2054/3068/2047 2055/3069/2048 2075/3089/2065 2074/3088/2064
f 2055/3069/2048 2056/3070/2049 2076/3090/2066 2075/3089/2065
f 2056/3070/2049 2057/3071/2050 2077/3091/2067 2076/3090/2066
f 2057/3071/2050 2058/3072/2051 2078/3092/2068 2077/3091/2067
f 2058/3072/2051 2059/3073/2052 2079/3093/2069 2078/3092/2068
f 2059/3073/2052 2060/3074/2053 2080/3094/2070 2079/3093/2069
f 2060/3074/2053 2061/3075/2054 2081/3095/2071 2080/3094/2070
f 2061/3075/2054 2062/3076/2055 2082/3096/2072 2081/3095/2071
f 2062/3076/2055 2063/3077/2056 2083/3097/2073 2082/3096/2072
f 2063/3077/2056 2064/3078/2057 2084/3098/2074 2083/3097/2073
f 2066/3080/2058 2065/3079/77 2085/3099/97 2086/3100/2075
f 2065/3079/77 2067/3081/78 2087/3101/98 2085/3099/97
f 2067/3081/78 2068/3082/79 2088/3102/99 2087/3101/98
f 2068/3082/79 2069/3083/2059 2089/3103/2076 2088/3102/99
f 2069/3083/2059 2070/3084/2060 2090/3104/2077 2089/3103/2076
f 2070/3084/2060 2071/3085/2061 2091/3105/2078 2090/3104/2077
f 2071/3085/2061 2072/3086/2062 2092/3106/2079 2091/3105/2078
f 2072/3086/2062 2073/3087/2063 2093/3107/2080 2092/3106/2079
f 2073/3087/2063 2074/3088/2064 2094/3108/2081 2093/3107/2080
f 2074/3088/2064 2075/3089/2065 2095/3109/2082 2094/3108/2081
f 2075/3089/2065 2076/3090/2066 2096/3110/2083 2095/3109/2082
f 2076/3090/2066 2077/3091/2067 2097/3111/2084 2096/3110/2083
f 2077/3091/2067 2078/3092/2068 2098/3112/2085 2097/3111/2084
f 2078/3092/2068 2079/3093/2069 2099/3113/2086 2098/3112/2085
f 2079/3093/2069 2080/3094/2070 2100/3114/2087 2099/3113/2086
f 2080/3094/2070 2081/3095/2071 2101/3115/2088 2100/3114/2087
f 2081/3095/2071 2082/3096/2072 2102/3116/2089 2101/3115/2088
f 2082/3096/2072 2083/3097/2073 2103/3117/2090 2102/3116/2089
f 2083/3118/2073 2084/3119/2074 2104/3120/2091 2103/3121/2090
f 2086/3100/2075 2085/3099/97 2105/3122/117 2106/3123/2092
f 2085/3099/97 2087/3101/98 2107/3124/118 2105/3122/117
f 2087/3101/98 2088/3102/99 2108/3125/119 2107/3124/118
f 2088/3102/99 2089/3103/2076 2109/3126/2093 2108/3125/119
f 2089/3103/2076 2090/3104/2077 2110/3127/2094 2109/3126/2093
f 2090/3104/2077 2091/3105/2078 2111/3128/2095 2110/3127/2094
f 2091/3105/2078 2092/3106/2079 2112/3129/2096 2111/3128/2095
f 2092/3106/2079 2093/3107/2080 2113/3130/2097 2112/3129/2096
f 2093/3107/2080 2094/3108/2081 2114/3131/2098 2113/3130/2097
f 2094/3108/2081 2095/3109/2082 2115/3132/2099 2114/3131/2098
f 2095/3109/2082 2096/3110/2083 2116/3133/2100 2115/3132/2099
f 2096/3110/2083 2097/3111/2084 2117/3134/2101 2116/3133/2100
f 2097/3111/2084 2098/3112/2085 2118/3135/2102 2117/3134/2101
f 2098/3112/2085 2099/3113/2086 2119/3136/2103 2118/3135/2102
f 2099/3113/2086 2100/3114/2087 2120/3137/2104 2119/3136/2103
f 2100/3114/2087 2101/3115/2088 2121/3138/2105 2120/3137/2104
f 2101/3115/2088 2102/3116/2089 2122/3139/2106 2121/3138/2105
f 2102/3116/2089 2103/3117/2090 2123/3140/2107 2122/3139/2106
f 2103/3121/2090 2104/3120/2091 2124/3141/2108 2123/3142/2107
f 2106/3123/2092 2105/3122/117 2125/3143/137 2126/3144/2109
f 2105/3122/117 2107/3124/118 2127/3145/138 2125/3143/137
f 2107/3124/118 2108/3125/119 2128/3146/139 2127/3145/138
f 2108/3125/119 2109/3126/2093 2129/3147/2110 2128/3146/139
f 2109/3126/2093 2110/3127/2094 2130/3148/2111 2129/3147/2110
f 2110/3127/2094 2111/3128/2095 2131/3149/2112 2130/3148/2111
f 2111/3128/2095 2112/3129/2096 2132/3150/2113 2131/3149/2112
f 2112/3129/2096 2113/3130/2097 2133/3151/2114 2132/3150/2113
f 2113/3130/2097 2114/3131/2098 2134/3152/2115 2133/3151/2114
f 2114/3131/2098 2115/3132/2099 2135/3153/2116 2134/3152/2115
f 2115/3132/2099 2116/3133/2100 2136/3154/2117 2135/3153/2116
f 2116/3133/2100 2117/3134/2101 2137/3155/2118 2136/3154/2117
f 2117/3134/2101 2118/3135/2102 2138/3156/2119 2137/3155/2118
f 2118/3135/2102 2119/3136/2103 2139/3157/2120 2138/3156/2119
f 2119/3136/2103 2120/3137/2104 2140/3158/2121 2139/3157/2120
f 2120/3137/2104 2121/3138/2105 2141/3159/2122 2140/3158/2121
f 2121/3138/2105 2122/3139/2106 2142/3160/2123 2141/3159/2122
f 2122/3139/2106 2123/3140/2107 2143/3161/2124 2142/3160/2123
f 2123/3140/2107 2124/3162/2108 2144/3163/2125 2143/3161/2124
f 2126/3144/2109 2125/3143/137 2145/3164/157 2146/3165/2126
f 2125/3143/137 2127/3145/138 2147/3166/158 2145/3164/157
f 2127/3145/138 2128/3146/139 2148/3167/159 2147/3166/158
f 2128/3146/139 2129/3147/2110 2149/3168/2127 2148/3167/159
f 2129/3147/2110 2130/3148/2111 2150/3169/2128 2149/3168/2127
f 2130/3148/2111 2131/3149/2112 2151/3170/2129 2150/3169/2128
f 2131/3149/2112 2132/3150/2113 2152/3171/2130 2151/3170/2129
f 2132/3150/2113 2133/3151/2114 2153/3172/2131 2152/3171/2130
f 2133/3151/2114 2134/3152/2115 2154/3173/2132 2153/3172/2131
f 2134/3152/2115 2135/3153/2116 2155/3174/2133 2154/3173/2132
f 2135/3153/2116 2136/3154/2117 2156/3175/2134 2155/3174/2133
f 2136/3154/2117 2137/3155/2118 2157/3176/2135 2156/3175/2134
f 2137/3155/2118 2138/3156/2119 2158/3177/2136 2157/3176/2135
f 2138/3156/2119 2139/3157/2120 2159/3178/2137 2158/3177/2136
f 2139/3157/2120 2140/3158/2121 2160/3179/2138 2159/3178/2137
f 2140/3158/2121 2141/3159/2122 2161/3180/2139 2160/3179/2138
f 2141/3159/2122 2142/3160/2123 2162/3181/2140 2161/3180/2139
f 2142/3160/2123 2143/3161/2124 2163/3182/2141 2162/3181/2140
f 2143/3161/2124 2144/3163/2125 2164/3183/2142 2163/3182/2141
f 2146/3165/2126 2145/3164/157 2165/3184/179 2166/3185/2143
f 2145/3164/157 2147/3166/158 2167/3186/180 2165/3184/179
f 2147/3166/158 2148/3167/159 2168/3187/181 2167/3186/180
f 2148/3167/159 2149/3168/2127 2169/3188/2144 2168/3187/181
f 2149/3168/2127 2150/3169/2128 2170/3189/2145 2169/3188/2144
f 2150/3169/2128 2151/3170/2129 2171/3190/2146 2170/3189/2145
f 2151/3170/2129 2152/3171/2130 2172/3191/2147 2171/3190/2146
f 2152/3171/2130 2153/3172/2131 2173/3192/2148 2172/3191/2147
f 2153/3172/2131 2154/3173/2132 2174/3193/2149 2173/3192/2148
f 2154/3173/2132 2155/3174/2133 2175/3194/2150 2174/3193/2149
f 2155/3174/2133 2156/3175/2134 2176/3195/2151 2175/3194/2150
f 2156/3175/2134 2157/3176/2135 2177/3196/2152 2176/3195/2151
f 2157/3176/2135 2158/3177/2136 2178/3197/2153 2177/3196/2152
f 2158/3177/2136 2159/3178/2137 2179/3198/2154 2178/3197/2153
f 2159/3178/2137 2160/3179/2138 2180/3199/2155 2179/3198/2154
f 2160/3179/2138 2161/3180/2139 2181/3200/2156 2180/3199/2155
f 2161/3180/2139 2162/3181/2140 2182/3201/2157 2181/3200/2156
f 2162/3181/2140 2163/3182/2141 2183/3202/2158 2182/3201/2157
f 2163/3182/2141 2164/3183/2142 2184/3203/2159 2183/3202/2158
f 2164/3204/2142 2185/3205/2160 2186/3206/2161 2184/3207/2159
f 2166/3185/2143 2165/3184/179 2187/3208/200 2188/3209/2162
f 2165/3184/179 2167/3186/180 2189/3210/201 2187/3208/200
f 2167/3186/180 2168/3187/181 2190/3211/202 2189/3210/201
f 2168/3187/181 2169/3188/2144 2191/3212/2163 2190/3211/202
f 2169/3188/2144 2170/3189/2145 2192/3213/2164 2191/3212/2163
f 2170/3189/2145 2171/3190/2146 2193/3214/2165 2192/3213/2164
f 2171/3190/2146 2172/3191/2147 2194/3215/2166 2193/3214/2165
f 2172/3191/2147 2173/3192/2148 2195/3216/2167 2194/3215/2166
f 2173/3192/2148 2174/3193/2149 2196/3217/2168 2195/3216/2167
f 2174/3193/2149 2175/3194/2150 2197/3218/2169 2196/3217/2168
f 2175/3194/2150 2176/3195/2151 2198/3219/2170 2197/3218/2169
f 2176/3195/2151 2177/3196/2152 2199/3220/2171 2198/3219/2170
f 2177/3196/2152 2178/3197/2153 2200/3221/2172 2199/3220/2171
f 2178/3197/2153 2179/3198/2154 2201/3222/2173 2200/3221/2172
f 2179/3198/2154 2180/3199/2155 2202/3223/2174 2201/3222/2173
f 2180/3199/2155 2181/3200/2156 2203/3224/2175 2202/3223/2174
f 2181/3200/2156 2182/3201/2157 2204/3225/2176 2203/3224/2175
f 2182/3201/2157 2183/3202/2158 2205/3226/2177 2204/3225/2176
f 2183/3202/2158 2184/3203/2159 2206/3227/2178 2205/3226/2177
f 2184/3207/2159 2186/3206/2161 2207/3228/2179 2206/3229/2178
f 2188/3209/2162 2187/3208/200 2208/3230/221 2209/3231/2180
f 2187/3208/200 2189/3210/201 2210/3232/222 2208/3230/221
f 2189/3210/201 2190/3211/202 2211/3233/223 2210/3232/222
f 2190/3211/202 2191/3212/2163 2212/3234/2181 2211/3233/223
f 2191/3212/2163 2192/3213/2164 2213/3235/2182 2212/3234/2181
f 2192/3213/2164 2193/3214/2165 2214/3236/2183 2213/3235/2182
f 2193/3214/2165 2194/3215/2166 2215/3237/2184 2214/3236/2183
f 2194/3215/2166 2195/3216/2167 2216/3238/2185 2215/3237/2184
f 2195/3216/2167 2196/3217/2168 2217/3239/2186 2216/3238/2185
f 2196/3217/2168 2197/3218/2169 2218/3240/2187 2217/3239/2186
f 2197/3218/2169 2198/3219/2170 2219/3241/2188 2218/3240/2187
f 2198/3219/2170 2199/3220/2171 2220/3242/2189 2219/3241/2188
f 2199/3220/2171 2200/3221/2172 2221/3243/2190 2220/3242/2189
f 2200/3221/2172 2201/3222/2173 2222/3244/2191 2221/3243/2190
f 2201/3222/2173 2202/3223/2174 2223/3245/2192 2222/3244/2191
f 2202/3223/2174 2203/3224/2175 2224/3246/2193 2223/3245/2192
f 2203/3224/2175 2204/3225/2176 2225/3247/2194 2224/3246/2193
f 2204/3225/2176 2205/3226/2177 2226/3248/2195 2225/3247/2194
f 2205/3226/2177 2206/3227/2178 2227/3249/2196 2226/3248/2195
f 2206/3229/2178 2207/3228/2179 2228/3250/2197 2227/3251/2196
f 2209/3231/2180 2208/3230/221 2229/3252/242 2230/3253/2198
f 2208/3230/221 2210/3232/222 2231/3254/243 2229/3252/242
f 2210/3232/222 2211/3233/223 2232/3255/244 2231/3254/243
f 2211/3233/223 2212/3234/2181 2233/3256/2199 2232/3255/244
f 2212/3234/2181 2213/3235/2182 2234/3257/2200 2233/3256/2199
f 2213/3235/2182 2214/3236/2183 2235/3258/2201 2234/3257/2200
f 2214/3236/2183 2215/3237/2184 2236/3259/2202 2235/3258/2201
f 2215/3237/2184 2216/3238/2185 2237/3260/2203 2236/3259/2202
f 2216/3238/2185 2217/3239/2186 2238/3261/2204 2237/3260/2203
f 2217/3239/2186 2218/3240/2187 2239/3262/2205 2238/3261/2204
f 2218/3240/2187 2219/3241/2188 2240/3263/2206 2239/3262/2205
f 2219/3241/2188 2220/3242/2189 2241/3264/2207 2240/3263/2206
f 2220/3242/2189 2221/3243/2190 2242/3265/2208 2241/3264/2207
f 2221/3243/2190 2222/3244/2191 2243/3266/2209 2242/3265/2208
f 2222/3244/2191 2223/3245/2192 2244/3267/2210 2243/3266/2209
f 2223/3245/2192 2224/3246/2193 2245/3268/2211 2244/3267/2210
f 2224/3246/2193 2225/3247/2194 2246/3269/2212 2245/3268/2211
f 2225/3247/2194 2226/3248/2195 2247/3270/2213 2246/3269/2212
f 2226/3248/2195 2227/3249/2196 2248/3271/2214 2247/3270/2213
f 2227/3251/2196 2228/3250/2197 2249/3272/2215 2248/3273/2214
f 2230/3253/2198 2229/3252/242 2250/3274/263 2251/3275/2216
f 2229/3252/242 2231/3254/243 2252/3276/264 2250/3274/263
f 2231/3254/243 2232/3255/244 2253/3277/265 2252/3276/264
f 2232/3255/244 2233/3256/2199 2254/3278/2217 2253/3277/265
f 2233/3256/2199 2234/3257/2200 2255/3279/2218 2254/3278/2217
f 2234/3257/2200 2235/3258/2201 2256/3280/2219 2255/3279/2218
f 2235/3258/2201 2236/3259/2202 2257/3281/2220 2256/3280/2219
f 2236/3259/2202 2237/3260/2203 2258/3282/2221 2257/3281/2220
f 2237/3260/2203 2238/3261/2204 2259/3283/2222 2258/3282/2221
f 2238/3261/2204 2239/3262/2205 2260/3284/2223 2259/3283/2222
f 2239/3262/2205 2240/3263/2206 2261/3285/2224 2260/3284/2223
f 2240/3263/2206 2241/3264/2207 2262/3286/2225 2261/3285/2224
f 2241/3264/2207 2242/3265/2208 2263/3287/2226 2262/3286/2225
f 2242/3265/2208 2243/3266/2209 2264/3288/2227 2263/3287/2226
f 2243/3266/2209 2244/3267/2210 2265/3289/2228 2264/3288/2227
f 2244/3267/2210 2245/3268/2211 2266/3290/2229 2265/3289/2228
f 2245/3268/2211 2246/3269/2212 2267/3291/2230 2266/3290/2229
f 2246/3269/2212 2247/3270/2213 2268/3292/2231 2267/3291/2230
f 2247/3293/2213 2248/3273/2214 2269/3294/2232 2268/3295/2231
f 2248/3273/2214 2249/3272/2215 2270/3296/2233 2269/3294/2232
f 2251/3275/2216 2250/3274/263 2271/3297/286 2272/3298/2234
f 2250/3274/263 2252/3276/264 2273/3299/287 2271/3297/286
f 2252/3276/264 2253/3277/265 2274/3300/288 2273/3299/287
f 2253/3277/265 2254/3278/2217 2275/3301/2235 2274/3300/288
f 2254/3278/2217 2255/3279/2218 2276/3302/2236 2275/3301/2235
f 2255/3279/2218 2256/3280/2219 2277/3303/2237 2276/3302/2236
f 2256/3280/2219 2257/3281/2220 2278/3304/2238 2277/3303/2237
f 2257/3281/2220 2258/3282/2221 2279/3305/2239 2278/3304/2238
f 2258/3282/2221 2259/3283/2222 2280/3306/2240 2279/3305/2239
f 2259/3283/2222 2260/3284/2223 2281/3307/2241 2280/3306/2240
f 2260/3284/2223 2261/3285/2224 2282/3308/2242 2281/3307/2241
f 2261/3285/2224 2262/3286/2225 2283/3309/2243 2282/3308/2242
f 2262/3286/2225 2263/3287/2226 2284/3310/2244 2283/3309/2243
f 2263/3287/2226 2264/3288/2227 2285/3311/2245 2284/3310/2244
f 2264/3288/2227 2265/3289/2228 2286/3312/2246 2285/3311/2245
f 2265/3289/2228 2266/3290/2229 2287/3313/2247 2286/3312/2246
f 2266/3290/2229 2267/3291/2230 2288/3314/2248 2287/3313/2247
f 2267/3291/2230 2268/3292/2231 2289/3315/2249 2288/3314/2248
f 2268/3295/2231 2269/3294/2232 2290/3316/2250 2289/3317/2249
f 2269/3294/2232 2270/3296/2233 2291/3318/2251 2290/3316/2250
f 2270/3296/2233 2292/3319/2252 2293/3320/2253 2291/3318/2251
f 2272/3298/2234 2271/3297/286 2294/3321/308 2295/3322/2254
f 2271/3297/286 2273/3299/287 2296/3323/309 2294/3321/308
f 2273/3299/287 2274/3300/288 2297/3324/310 2296/3323/309
f 2274/3300/288 2275/3301/2235 2298/3325/2255 2297/3324/310
f 2275/3301/2235 2276/3302/2236 2299/3326/2256 2298/3325/2255
f 2276/3302/2236 2277/3303/2237 2300/3327/2257 2299/3326/2256
f 2277/3303/2237 2278/3304/2238 2301/3328/2258 2300/3327/2257
f 2278/3304/2238 2279/3305/2239 2302/3329/2259 2301/3328/2258
f 2279/3305/2239 2280/3306/2240 2303/3330/2260 2302/3329/2259
f 2280/3306/2240 2281/3307/2241 2304/3331/2261 2303/3330/2260
f 2281/3307/2241 2282/3308/2242 2305/3332/2262 2304/3331/2261
f 2282/3308/2242 2283/3309/2243 2306/3333/2263 2305/3332/2262
f 2283/3309/2243 2284/3310/2244 2307/3334/2264 2306/3333/2263
f 2284/3310/2244 2285/3311/2245 2308/3335/2265 2307/3334/2264
f 2285/3311/2245 2286/3312/2246 2309/3336/2266 2308/3335/2265
f 2286/3312/2246 2287/3313/2247 2310/3337/2267 2309/3336/2266
f 2287/3313/2247 2288/3314/2248 2311/3338/2268 2310/3337/2267
f 2288/3314/2248 2289/3315/2249 2312/3339/2269 2311/3338/2268
f 2289/3315/2249 2290/3340/2250 2313/3341/2270 2312/3339/2269
f 2290/3316/2250 2291/3318/2251 2314/3342/2271 2313/3343/2270
f 2291/3318/2251 2293/3320/2253 2315/3344/2272 2314/3342/2271
f 2295/3322/2254 2294/3321/308 2316/3345/330 2317/3346/2273
f 2294/3321/308 2296/3323/309 2318/3347/331 2316/3345/330
f 2296/3323/309 2297/3324/310 2319/3348/332 2318/3347/331
f 2297/3324/310 2298/3325/2255 2320/3349/2274 2319/3348/332
f 2298/3325/2255 2299/3326/2256 2321/3350/2275 2320/3349/2274
f 2299/3326/2256 2300/3327/2257 2322/3351/2276 2321/3350/2275
f 2300/3327/2257 2301/3328/2258 2323/3352/2277 2322/3351/2276
f 2301/3328/2258 2302/3329/2259 2324/3353/2278 2323/3352/2277
f 2302/3329/2259 2303/3330/2260 2325/3354/2279 2324/3353/2278
f 2303/3330/2260 2304/3331/2261 2326/3355/2280 2325/3354/2279
f 2304/3331/2261 2305/3332/2262 2327/3356/2281 2326/3355/2280
f 2305/3332/2262 2306/3333/2263 2328/3357/2282 2327/3356/2281
f 2306/3333/2263 2307/3334/2264 2329/3358/2283 2328/3357/2282
f 2307/3334/2264 2308/3335/2265 2330/3359/2284 2329/3358/2283
f 2308/3335/2265 2309/3336/2266 2331/3360/2285 2330/3359/2284
f 2309/3336/2266 2310/3337/2267 2332/3361/2286 2331/3360/2285
f 2310/3337/2267 2311/3338/2268 2333/3362/2287 2332/3361/2286
f 2311/3338/2268 2312/3339/2269 2334/3363/2288 2333/3362/2287
f 2312/3339/2269 2313/3341/2270 2335/3364/2289 2334/3363/2288
f 2313/3343/2270 2314/3342/2271 2336/3365/2290 2335/3366/2289
f 2314/3342/2271 2315/3344/2272 2337/3367/2291 2336/3365/2290
f 2317/3346/2273 2316/3345/330 2338/3368/352 2339/3369/2292
f 2316/3345/330 2318/3347/331 2340/3370/353 2338/3368/352
f 2318/3347/331 2319/3348/332 2341/3371/354 2340/3370/353
f 2319/3348/332 2320/3349/2274 2342/3372/2293 2341/3371/354
f 2320/3349/2274 2321/3350/2275 2343/3373/2294 2342/3372/2293
f 2321/3350/2275 2322/3351/2276 2344/3374/2295 2343/3373/2294
f 2322/3351/2276 2323/3352/2277 2345/3375/2296 2344/3374/2295
f 2323/3352/2277 2324/3353/2278 2346/3376/2297 2345/3375/2296
f 2324/3353/2278 2325/3354/2279 2347/3377/2298 2346/3376/2297
f 2325/3354/2279 2326/3355/2280 2348/3378/2299 2347/3377/2298
f 2326/3355/2280 2327/3356/2281 2349/3379/2300 2348/3378/2299
f 2327/3356/2281 2328/3357/2282 2350/3380/2301 2349/3379/2300
f 2328/3357/2282 2329/3358/2283 2351/3381/2302 2350/3380/2301
f 2329/3358/2283 2330/3359/2284 2352/3382/2303 2351/3381/2302
f 2330/3359/2284 2331/3360/2285 2353/3383/2304 2352/3382/2303
f 2331/3360/2285 2332/3361/2286 2354/3384/2305 2353/3383/2304
f 2332/3361/2286 2333/3362/2287 2355/3385/2306 2354/3384/2305
f 2333/3362/2287 2334/3363/2288 2356/3386/2307 2355/3385/2306
f 2334/3363/2288 2335/3364/2289 2357/3387/2308 2356/3386/2307
f 2335/3366/2289 2336/3365/2290 2358/3388/2309 2357/3389/2308
f 2336/3365/2290 2337/3367/2291 2359/3390/2310 2358/3388/2309
f 2339/3369/2292 2338/3368/352 2360/3391/374 2361/3392/2311
f 2338/3368/352 2340/3370/353 2362/3393/375 2360/3391/374
f 2340/3370/353 2341/3371/354 2363/3394/376 2362/3393/375
f 2341/3371/354 2342/3372/2293 2364/3395/2312 2363/3394/376
f 2342/3372/2293 2343/3373/2294 2365/3396/2313 2364/3395/2312
f 2343/3373/2294 2344/3374/2295 2366/3397/2314 2365/3396/2313
f 2344/3374/2295 2345/3375/2296 2367/3398/2315 2366/3397/2314
f 2345/3375/2296 2346/3376/2297 2368/3399/2316 2367/3398/2315
f 2346/3376/2297 2347/3377/2298 2369/3400/2317 2368/3399/2316
f 2347/3377/2298 2348/3378/2299 2370/3401/2318 2369/3400/2317
f 2348/3378/2299 2349/3379/2300 2371/3402/2319 2370/3401/2318
f 2349/3379/2300 2350/3380/2301 2372/3403/2320 2371/3402/2319
f 2350/3380/2301 2351/3381/2302 2373/3404/2321 2372/3403/2320
f 2351/3381/2302 2352/3382/2303 2374/3405/2322 2373/3404/2321
f 2352/3382/2303 2353/3383/2304 2375/3406/2323 2374/3405/2322
f 2353/3383/2304 2354/3384/2305 2376/3407/2324 2375/3406/2323
f 2354/3384/2305 2355/3385/2306 2377/3408/2325 2376/3407/2324
f 2355/3385/2306 2356/3386/2307 2378/3409/2326 2377/3408/2325
f 2356/3386/2307 2357/3387/2308 2379/3410/2327 2378/3409/2326
f 2357/3389/2308 2358/3388/2309 2380/3411/2328 2379/3412/2327
f 2358/3388/2309 2359/3390/2310 2381/3413/2329 2380/3411/2328
f 2361/3392/2311 2360/3391/374 2382/3414/396 2383/3415/2330
f 2360/3391/374 2362/3393/375 2384/3416/397 2382/3414/396
f 2362/3393/375 2363/3394/376 2385/3417/398 2384/3416/397
f 2363/3394/376 2364/3395/2312 2386/3418/2331 2385/3417/398
f 2364/3395/2312 2365/3396/2313 2387/3419/2332 2386/3418/2331
f 2365/3396/2313 2366/3397/2314 2388/3420/2333 2387/3419/2332
f 2366/3397/2314 2367/3398/2315 2389/3421/2334 2388/3420/2333
f 2367/3398/2315 2368/3399/2316 2390/3422/2335 2389/3421/2334
f 2368/3399/2316 2369/3400/2317 2391/3423/2336 2390/3422/2335
f 2369/3400/2317 2370/3401/2318 2392/3424/2337 2391/3423/2336
f 2370/3401/2318 2371/3402/2319 2393/3425/2338 2392/3424/2337
f 2371/3402/2319 2372/3403/2320 2394/3426/2339 2393/3425/2338
f 2372/3403/2320 2373/3404/2321 2395/3427/2340 2394/3426/2339
f 2373/3404/2321 2374/3405/2322 2396/3428/2341 2395/3427/2340
f 2374/3405/2322 2375/3406/2323 2397/3429/2342 2396/3428/2341
f 2375/3406/2323 2376/3407/2324 2398/3430/2343 2397/3429/2342
f 2376/3407/2324 2377/3408/2325 2399/3431/2344 2398/3430/2343
f 2377/3408/2325 2378/3409/2326 2400/3432/2345 2399/3431/2344
f 2378/3409/2326 2379/3410/2327 2401/3433/2346 2400/3432/2345
f 2379/3412/2327 2380/3411/2328 2402/3434/2347 2401/3435/2346
f 2380/3411/2328 2381/3413/2329 2403/3436/2348 2402/3434/2347
f 2383/3415/2330 2382/3414/396 2404/3437/418 2405/3438/2349
f 2382/3414/396 2384/3416/397 2406/3439/2350 2404/3437/418
f 2384/3416/397 2385/3417/398 2407/3440/420 2406/3439/2350
f 2385/3417/398 2386/3418/2331 2408/3441/2351 2407/3440/420
f 2386/3418/2331 2387/3419/2332 2409/3442/2352 2408/3441/2351
f 2387/3419/2332 2388/3420/2333 2410/3443/2353 2409/3442/2352
f 2388/3420/2333 2389/3421/2334 2411/3444/2354 2410/3443/2353
f 2389/3421/2334 2390/3422/2335 2412/3445/2355 2411/3444/2354
f 2390/3422/2335 2391/3423/2336 2413/3446/2356 2412/3445/2355
f 2391/3423/2336 2392/3424/2337 2414/3447/2357 2413/3446/2356
f 2392/3424/2337 2393/3425/2338 2415/3448/2358 2414/3447/2357
f 2393/3425/2338 2394/3426/2339 2416/3449/2359 2415/3448/2358
f 2394/3426/2339 2395/3427/2340 2417/3450/2360 2416/3449/2359
f 2395/3427/2340 2396/3428/2341 2418/3451/2361 2417/3450/2360
f 2396/3428/2341 2397/3429/2342 2419/3452/2362 2418/3451/2361
f 2397/3429/2342 2398/3430/2343 2420/3453/2363 2419/3452/2362
f 2398/3430/2343 2399/3431/2344 2421/3454/2364 2420/3453/2363
f 2399/3431/2344 2400/3432/2345 2422/3455/2365 2421/3454/2364
f 2400/3432/2345 2401/3433/2346 2423/3456/2366 2422/3455/2365
f 2401/3435/2346 2402/3434/2347 2424/3457/2367 2423/3458/2366
f 2402/3434/2347 2403/3436/2348 2425/3459/2368 2424/3457/2367
f 2405/3438/2349 2404/3437/418 2426/3460/440 2427/3461/2369
f 2404/3437/418 2406/3439/2350 2428/3462/441 2426/3460/440
f 2406/3439/2350 2407/3440/420 2429/3463/442 2428/3462/441
f 2407/3440/420 2408/3441/2351 2430/3464/2370 2429/3463/442
f 2408/3441/2351 2409/3442/2352 2431/3465/2371 2430/3464/2370
f 2409/3442/2352 2410/3443/2353 2432/3466/2372 2431/3465/2371
f 2410/3443/2353 2411/3444/2354 2433/3467/2373 2432/3466/2372
f 2411/3444/2354 2412/3445/2355 2434/3468/2374 2433/3467/2373
f 2412/3445/2355 2413/3446/2356 2435/3469/2375 2434/3468/2374
f 2413/3446/2356 2414/3447/2357 2436/3470/2376 2435/3469/2375
f 2414/3447/2357 2415/3448/2358 2437/3471/2377 2436/3470/2376
f 2415/3448/2358 2416/3449/2359 2438/3472/2378 2437/3471/2377
f 2416/3449/2359 2417/3450/2360 2439/3473/2379 2438/3472/2378
f 2417/3450/2360 2418/3451/2361 2440/3474/2380 2439/3473/2379
f 2418/3451/2361 2419/3452/2362 2441/3475/2381 2440/3474/2380
f 2419/3452/2362 2420/3453/2363 2442/3476/2382 2441/3475/2381
f 2420/3453/2363 2421/3454/2364 2443/3477/2383 2442/3476/2382
f 2421/3454/2364 2422/3455/2365 2444/3478/2384 2443/3477/2383
f 2422/3455/2365 2423/3456/2366 2445/3479/2385 2444/3478/2384
f 2423/3458/2366 2424/3457/2367 2446/3480/2386 2445/3481/2385
f 2424/3457/2367 2425/3459/2368 2447/3482/2387 2446/3480/2386
f 2427/3461/2369 2426/3460/440 2448/3483/462 2449/3484/2388
f 2426/3460/440 2428/3462/441 2450/3485/463 2448/3483/462
f 2428/3462/441 2429/3463/442 2451/3486/464 2450/3485/463
f 2429/3463/442 2430/3464/2370 2452/3487/2389 2451/3486/464
f 2430/3464/2370 2431/3465/2371 2453/3488/2390 2452/3487/2389
f 2431/3465/2371 2432/3466/2372 2454/3489/2391 2453/3488/2390
f 2432/3466/2372 2433/3467/2373 2455/3490/2392 2454/3489/2391
f 2433/3467/2373 2434/3468/2374 2456/3491/2393 2455/3490/2392
f 2434/3468/2374 2435/3469/2375 2457/3492/2394 2456/3491/2393
f 2435/3469/2375 2436/3470/2376 2458/3493/2395 2457/3492/2394
f 2436/3470/2376 2437/3471/2377 2459/3494/2396 2458/3493/2395
f 2437/3471/2377 2438/3472/2378 2460/3495/2397 2459/3494/2396
f 2438/3472/2378 2439/3473/2379 2461/3496/2398 2460/3495/2397
f 2439/3473/2379 2440/3474/2380 2462/3497/2399 2461/3496/2398
f 2440/3474/2380 2441/3475/2381 2463/3498/2400 2462/3497/2399
f 2441/3475/2381 2442/3476/2382 2464/3499/2401 2463/3498/2400
f 2442/3476/2382 2443/3477/2383 2465/3500/2402 2464/3499/2401
f 2443/3477/2383 2444/3478/2384 2466/3501/2403 2465/3500/2402
f 2444/3502/2384 2445/3481/2385 2467/3503/2404 2466/3504/2403
f 2445/3481/2385 2446/3480/2386 2468/3505/2405 2467/3503/2404
f 2446/3480/2386 2447/3482/2387 2469/3506/2406 2468/3505/2405
f 2449/3484/2388 2448/3483/462 2470/3507/484 2471/3508/2407
f 2448/3483/462 2450/3485/463 2472/3509/485 2470/3507/484
f 2450/3485/463 2451/3486/464 2473/3510/486 2472/3509/485
f 2451/3486/464 2452/3487/2389 2474/3511/2408 2473/3510/486
f 2452/3487/2389 2453/3488/2390 2475/3512/2409 2474/3511/2408
f 2453/3488/2390 2454/3489/2391 2476/3513/2410 2475/3512/2409
f 2454/3489/2391 2455/3490/2392 2477/3514/2411 2476/3513/2410
f 2455/3490/2392 2456/3491/2393 2478/3515/2412 2477/3514/2411
f 2456/3491/2393 2457/3492/2394 2479/3516/2413 2478/3515/2412
f 2457/3492/2394 2458/3493/2395 2480/3517/2414 2479/3516/2413
f 2458/3493/2395 2459/3494/2396 2481/3518/2415 2480/3517/2414
f 2459/3494/2396 2460/3495/2397 2482/3519/2416 2481/3518/2415
f 2460/3495/2397 2461/3496/2398 2483/3520/2417 2482/3519/2416
f 2461/3496/2398 2462/3497/2399 2484/3521/2418 2483/3520/2417
f 2462/3497/2399 2463/3498/2400 2485/3522/2419 2484/3521/2418
f 2463/3498/2400 2464/3499/2401 2486/3523/2420 2485/3522/2419
f 2464/3499/2401 2465/3500/2402 2487/3524/2421 2486/3523/2420
f 2465/3500/2402 2466/3501/2403 2488/3525/2422 2487/3524/2421
f 2466/3501/2403 2467/3526/2404 2489/3527/2423 2488/3525/2422
f 2467/3503/2404 2468/3505/2405 2490/3528/2424 2489/3529/2423
f 2468/3505/2405 2469/3506/2406 2491/3530/2425 2490/3528/2424
f 2471/3508/2407 2470/3507/484 2492/3531/506 2493/3532/2426
f 2470/3507/484 2472/3509/485 2494/3533/507 2492/3531/506
f 2472/3509/485 2473/3510/486 2495/3534/508 2494/3533/507
f 2473/3510/486 2474/3511/2408 2496/3535/2427 2495/3534/508
f 2474/3511/2408 2475/3512/2409 2497/3536/2428 2496/3535/2427
f 2475/3512/2409 2476/3513/2410 2498/3537/2429 2497/3536/2428
f 2476/3513/2410 2477/3514/2411 2499/3538/2430 2498/3537/2429
f 2477/3514/2411 2478/3515/2412 2500/3539/2431 2499/3538/2430
f 2478/3515/2412 2479/3516/2413 2501/3540/2432 2500/3539/2431
f 2479/3516/2413 2480/3517/2414 2502/3541/2433 2501/3540/2432
f 2480/3517/2414 2481/3518/2415 2503/3542/2434 2502/3541/2433
f 2481/3518/2415 2482/3519/2416 2504/3543/2435 2503/3542/2434
f 2482/3519/2416 2483/3520/2417 2505/3544/2436 2504/3543/2435
f 2483/3520/2417 2484/3521/2418 2506/3545/2437 2505/3544/2436
f 2484/3521/2418 2485/3522/2419 2507/3546/2438 2506/3545/2437
f 2485/3522/2419 2486/3523/2420 2508/3547/2439 2507/3546/2438
f 2486/3523/2420 2487/3524/2421 2509/3548/2440 2508/3547/2439
f 2487/3524/2421 2488/3525/2422 2510/3549/2441 2509/3548/2440
f 2488/3525/2422 2489/3527/2423 2511/3550/2442 2510/3549/2441
f 2489/3529/2423 2490/3528/2424 2512/3551/2443 2511/3552/2442
f 2490/3528/2424 2491/3530/2425 2513/3553/2444 2512/3551/2443
f 2493/3532/2426 2492/3531/506 2514/3554/528 2515/3555/2445
f 2492/3531/506 2494/3533/507 2516/3556/529 2514/3554/528
f 2494/3533/507 2495/3534/508 2517/3557/530 2516/3556/529
f 2495/3534/508 2496/3535/2427 2518/3558/2446 2517/3557/530
f 2496/3535/2427 2497/3536/2428 2519/3559/2447 2518/3558/2446
f 2497/3536/2428 2498/3537/2429 2520/3560/2448 2519/3559/2447
f 2498/3537/2429 2499/3538/2430 2521/3561/2449 2520/3560/2448
f 2499/3538/2430 2500/3539/2431 2522/3562/2450 2521/3561/2449
f 2500/3539/2431 2501/3540/2432 2523/3563/2451 2522/3562/2450
f 2501/3540/2432 2502/3541/2433 2524/3564/2452 2523/3563/2451
f 2502/3541/2433 2503/3542/2434 2525/3565/2453 2524/3564/2452
f 2503/3542/2434 2504/3543/2435 2526/3566/2454 2525/3565/2453
f 2504/3543/2435 2505/3544/2436 2527/3567/2455 2526/3566/2454
f 2505/3544/2436 2506/3545/2437 2528/3568/2456 2527/3567/2455
f 2506/3545/2437 2507/3546/2438 2529/3569/2457 2528/3568/2456
f 2507/3546/2438 2508/3547/2439 2530/3570/2458 2529/3569/2457
f 2508/3547/2439 2509/3548/2440 2531/3571/2459 2530/3570/2458
f 2509/3548/2440 2510/3549/2441 2532/3572/2460 2531/3571/2459
f 2510/3549/2441 2511/3550/2442 2533/3573/2461 2532/3572/2460
f 2511/3552/2442 2512/3551/2443 2534/3574/2462 2533/3575/2461
f 2512/3551/2443 2513/3553/2444 2535/3576/2463 2534/3574/2462
f 2515/3555/2445 2514/3554/528 2536/3577/550 2537/3578/2464
f 2514/3554/528 2516/3556/529 2538/3579/551 2536/3577/550
f 2516/3556/529 2517/3557/530 2539/3580/552 2538/3579/551
f 2517/3557/530 2518/3558/2446 2540/3581/2465 2539/3580/552
f 2518/3558/2446 2519/3559/2447 2541/3582/2466 2540/3581/2465
f 2519/3559/2447 2520/3560/2448 2542/3583/2467 2541/3582/2466
f 2520/3560/2448 2521/3561/2449 2543/3584/2468 2542/3583/2467
f 2521/3561/2449 2522/3562/2450 2544/3585/2469 2543/3584/2468
f 2522/3562/2450 2523/3563/2451 2545/3586/2470 2544/3585/2469
f 2523/3563/2451 2524/3564/2452 2546/3587/2471 2545/3586/2470
f 2524/3564/2452 2525/3565/2453 2547/3588/2472 2546/3587/2471
f 2525/3565/2453 2526/3566/2454 2548/3589/2473 2547/3588/2472
f 2526/3566/2454 2527/3567/2455 2549/3590/2474 2548/3589/2473
f 2527/3567/2455 2528/3568/2456 2550/3591/2475 2549/3590/2474
f 2528/3568/2456 2529/3569/2457 2551/3592/2476 2550/3591/2475
f 2529/3569/2457 2530/3570/2458 2552/3593/2477 2551/3592/2476
f 2530/3570/2458 2531/3571/2459 2553/3594/2478 2552/3593/2477
f 2531/3571/2459 2532/3572/2460 2554/3595/2479 2553/3594/2478
f 2532/3572/2460 2533/3573/2461 2555/3596/2480 2554/3595/2479
f 2533/3575/2461 2534/3574/2462 2556/3597/2481 2555/3598/2480
f 2534/3574/2462 2535/3576/2463 2557/3599/2482 2556/3597/2481
f 2537/3578/2464 2536/3577/550 2558/3600/572 2559/3601/2483
f 2536/3577/550 2538/3579/551 2560/3602/573 2558/3600/572
f 2538/3579/551 2539/3580/552 2561/3603/574 2560/3602/573
f 2539/3580/552 2540/3581/2465 2562/3604/2484 2561/3603/574
f 2540/3581/2465 2541/3582/2466 2563/3605/2485 2562/3604/2484
f 2541/3582/2466 2542/3583/2467 2564/3606/2486 2563/3605/2485
f 2542/3583/2467 2543/3584/2468 2565/3607/2487 2564/3606/2486
f 2543/3584/2468 2544/3585/2469 2566/3608/2488 2565/3607/2487
f 2544/3585/2469 2545/3586/2470 2567/3609/2489 2566/3608/2488
f 2545/3586/2470 2546/3587/2471 2568/3610/2490 2567/3609/2489
f 2546/3587/2471 2547/3588/2472 2569/3611/2491 2568/3610/2490
f 2547/3588/2472 2548/3589/2473 2570/3612/2492 2569/3611/2491
f 2548/3589/2473 2549/3590/2474 2571/3613/2493 2570/3612/2492
f 2549/3590/2474 2550/3591/2475 2572/3614/2494 2571/3613/2493
f 2550/3591/2475 2551/3592/2476 2573/3615/2495 2572/3614/2494
f 2551/3592/2476 2552/3593/2477 2574/3616/2496 2573/3615/2495
f 2552/3593/2477 2553/3594/2478 2575/3617/2497 2574/3616/2496
f 2553/3594/2478 2554/3595/2479 2576/3618/2498 2575/3617/2497
f 2554/3595/2479 2555/3596/2480 2577/3619/2499 2576/3618/2498
f 2555/3598/2480 2556/3597/2481 2578/3620/2500 2577/3621/2499
f 2556/3597/2481 2557/3599/2482 2579/3622/2501 2578/3620/2500
f 2559/3601/2483 2558/3600/572 2580/3623/593 2581/3624/2502
f 2558/3600/572 2560/3602/573 2582/3625/594 2580/3623/593
f 2560/3602/573 2561/3603/574 2583/3626/595 2582/3625/594
f 2561/3603/574 2562/3604/2484 2584/3627/2503 2583/3626/595
f 2562/3604/2484 2563/3605/2485 2585/3628/2504 2584/3627/2503
f 2563/3605/2485 2564/3606/2486 2586/3629/2505 2585/3628/2504
f 2564/3606/2486 2565/3607/2487 2587/3630/2506 2586/3629/2505
f 2565/3607/2487 2566/3608/2488 2588/3631/2507 2587/3630/2506
f 2566/3608/2488 2567/3609/2489 2589/3632/2508 2588/3631/2507
f 2567/3609/2489 2568/3610/2490 2590/3633/2509 2589/3632/2508
f 2568/3610/2490 2569/3611/2491 2591/3634/2510 2590/3633/2509
f 2569/3611/2491 2570/3612/2492 2592/3635/2511 2591/3634/2510
f 2570/3612/2492 2571/3613/2493 2593/3636/2512 2592/3635/2511
f 2571/3613/2493 2572/3614/2494 2594/3637/2513 2593/3636/2512
f 2572/3614/2494 2573/3615/2495 2595/3638/2514 2594/3637/2513
f 2573/3615/2495 2574/3616/2496 2596/3639/2515 2595/3638/2514
f 2574/3616/2496 2575/3617/2497 2597/3640/2516 2596/3639/2515
f 2575/3617/2497 2576/3618/2498 2598/3641/2517 2597/3640/2516
f 2576/3618/2498 2577/3619/2499 2599/3642/2518 2598/3641/2517
f 2577/3621/2499 2578/3620/2500 2600/3643/2519 2599/3644/2518
f 2581/3624/2502 2580/3623/593 2601/3645/614 2602/3646/2520
f 2580/3623/593 2582/3625/594 2603/3647/615 2601/3645/614
f 2582/3625/594 2583/3626/595 2604/3648/616 2603/3647/615
f 2583/3626/595 2584/3627/2503 2605/3649/2521 2604/3648/616
f 2584/3627/2503 2585/3628/2504 2606/3650/2522 2605/3649/2521
f 2585/3628/2504 2586/3629/2505 2607/3651/2523 2606/3650/2522
f 2586/3629/2505 2587/3630/2506 2608/3652/2524 2607/3651/2523
f 2587/3630/2506 2588/3631/2507 2609/3653/2525 2608/3652/2524
f 2588/3631/2507 2589/3632/2508 2610/3654/2526 2609/3653/2525
f 2589/3632/2508 2590/3633/2509 2611/3655/2527 2610/3654/2526
f 2590/3633/2509 2591/3634/2510 2612/3656/2528 2611/3655/2527
f 2591/3634/2510 2592/3635/2511 2613/3657/2529 2612/3656/2528
f 2592/3635/2511 2593/3636/2512 2614/3658/2530 2613/3657/2529
f 2593/3636/2512 2594/3637/2513 2615/3659/2531 2614/3658/2530
f 2594/3637/2513 2595/3638/2514 2616/3660/2532 2615/3659/2531
f 2595/3638/2514 2596/3639/2515 2617/3661/2533 2616/3660/2532
f 2596/3639/2515 2597/3640/2516 2618/3662/2534 2617/3661/2533
f 2597/3640/2516 2598/3641/2517 2619/3663/2535 2618/3662/2534
f 2598/3641/2517 2599/3642/2518 2620/3664/2536 2619/3663/2535
f 2599/3644/2518 2600/3643/2519 2621/3665/2537 2620/3666/2536
f 2602/3646/2520 2601/3645/614 2622/3667/634 2623/3668/2538
f 2601/3645/614 2603/3647/615 2624/3669/635 2622/3667/634
f 2603/3647/615 2604/3648/616 2625/3670/636 2624/3669/635
f 2604/3648/616 2605/3649/2521 2626/3671/2539 2625/3670/636
f 2605/3649/2521 2606/3650/2522 2627/3672/2540 2626/3671/2539
f 2606/3650/2522 2607/3651/2523 2628/3673/2541 2627/3672/2540
f 2607/3651/2523 2608/3652/2524 2629/3674/2542 2628/3673/2541
f 2608/3652/2524 2609/3653/2525 2630/3675/2543 2629/3674/2542
f 2609/3653/2525 2610/3654/2526 2631/3676/2544 2630/3675/2543
f 2610/3654/2526 2611/3655/2527 2632/3677/2545 2631/3676/2544
f 2611/3655/2527 2612/3656/2528 2633/3678/2546 2632/3677/2545
f 2612/3656/2528 2613/3657/2529 2634/3679/2547 2633/3678/2546
f 2613/3657/2529 2614/3658/2530 2635/3680/2548 2634/3679/2547
f 2614/3658/2530 2615/3659/2531 2636/3681/2549 2635/3680/2548
f 2615/3659/2531 2616/3660/2532 2637/3682/2550 2636/3681/2549
f 2616/3660/2532 2617/3661/2533 2638/3683/2551 2637/3682/2550
f 2617/3661/2533 2618/3662/2534 2639/3684/2552 2638/3683/2551
f 2618/3662/2534 2619/3663/2535 2640/3685/2553 2639/3684/2552
f 2619/3686/2535 2620/3687/2536 2641/3688/2554 2640/3689/2553
f 2623/3668/2538 2622/3667/634 2642/3690/654 2643/3691/2555
f 2622/3667/634 2624/3669/635 2644/3692/655 2642/3690/654
f 2624/3669/635 2625/3670/636 2645/3693/656 2644/3692/655
f 2625/3670/636 2626/3671/2539 2646/3694/2556 2645/3693/656
f 2626/3671/2539 2627/3672/2540 2647/3695/2557 2646/3694/2556
f 2627/3672/2540 2628/3673/2541 2648/3696/2558 2647/3695/2557
f 2628/3673/2541 2629/3674/2542 2649/3697/2559 2648/3696/2558
f 2629/3674/2542 2630/3675/2543 2650/3698/2560 2649/3697/2559
f 2630/3675/2543 2631/3676/2544 2651/3699/2561 2650/3698/2560
f 2631/3676/2544 2632/3677/2545 2652/3700/2562 2651/3699/2561
f 2632/3677/2545 2633/3678/2546 2653/3701/2563 2652/3700/2562
f 2633/3678/2546 2634/3679/2547 2654/3702/2564 2653/3701/2563
f 2634/3679/2547 2635/3680/2548 2655/3703/2565 2654/3702/2564
f 2635/3680/2548 2636/3681/2549 2656/3704/2566 2655/3703/2565
f 2636/3681/2549 2637/3682/2550 2657/3705/2567 2656/3704/2566
f 2637/3682/2550 2638/3683/2551 2658/3706/2568 2657/3705/2567
f 2638/3683/2551 2639/3684/2552 2659/3707/2569 2658/3706/2568
f 2639/3684/2552 2640/3685/2553 2660/3708/2570 2659/3707/2569
f 2640/3685/2553 2641/3709/2554 2661/3710/2571 2660/3708/2570
f 2643/3691/2555 2642/3690/654 2662/3711/674 2663/3712/2572
f 2642/3690/654 2644/3692/655 2664/3713/675 2662/3711/674
f 2644/3692/655 2645/3693/656 2665/3714/676 2664/3713/675
f 2645/3693/656 2646/3694/2556 2666/3715/2573 2665/3714/676
f 2646/3694/2556 2647/3695/2557 2667/3716/2574 2666/3715/2573
f 2647/3695/2557 2648/3696/2558 2668/3717/2575 2667/3716/2574
f 2648/3696/2558 2649/3697/2559 2669/3718/2576 2668/3717/2575
f 2649/3697/2559 2650/3698/2560 2670/3719/2577 2669/3718/2576
f 2650/3698/2560 2651/3699/2561 2671/3720/2578 2670/3719/2577
f 2651/3699/2561 2652/3700/2562 2672/3721/2579 2671/3720/2578
f 2652/3700/2562 2653/3701/2563 2673/3722/2580 2672/3721/2579
f 2653/3701/2563 2654/3702/2564 2674/3723/2581 2673/3722/2580
f 2654/3702/2564 2655/3703/2565 2675/3724/2582 2674/3723/2581
f 2655/3703/2565 2656/3704/2566 2676/3725/2583 2675/3724/2582
f 2656/3704/2566 2657/3705/2567 2677/3726/2584 2676/3725/2583
f 2657/3705/2567 2658/3706/2568 2678/3727/2585 2677/3726/2584
f 2658/3706/2568 2659/3707/2569 2679/3728/2586 2678/3727/2585
f 2659/3707/2569 2660/3708/2570 2680/3729/2587 2679/3728/2586
f 2660/3708/2570 2661/3710/2571 2681/3730/2588 2680/3729/2587
f 2663/3712/2572 2662/3711/674 2682/3731/693 2683/3732/2589
f 2662/3711/674 2664/3713/675 2684/3733/694 2682/3731/693
f 2664/3713/675 2665/3714/676 2685/3734/695 2684/3733/694
f 2665/3714/676 2666/3715/2573 2686/3735/2590 2685/3734/695
f 2666/3715/2573 2667/3716/2574 2687/3736/2591 2686/3735/2590
f 2667/3716/2574 2668/3717/2575 2688/3737/2592 2687/3736/2591
f 2668/3717/2575 2669/3718/2576 2689/3738/2593 2688/3737/2592
f 2669/3718/2576 2670/3719/2577 2690/3739/2594 2689/3738/2593
f 2670/3719/2577 2671/3720/2578 2691/3740/2595 2690/3739/2594
f 2671/3720/2578 2672/3721/2579 2692/3741/2596 2691/3740/2595
f 2672/3721/2579 2673/3722/2580 2693/3742/2597 2692/3741/2596
f 2673/3722/2580 2674/3723/2581 2694/3743/2598 2693/3742/2597
f 2674/3723/2581 2675/3724/2582 2695/3744/2599 2694/3743/2598
f 2675/3724/2582 2676/3725/2583 2696/3745/2600 2695/3744/2599
f 2676/3725/2583 2677/3726/2584 2697/3746/2601 2696/3745/2600
f 2677/3726/2584 2678/3727/2585 2698/3747/2602 2697/3746/2601
f 2678/3727/2585 2679/3728/2586 2699/3748/2603 2698/3747/2602
f 2679/3728/2586 2680/3729/2587 2700/3749/2604 2699/3748/2603
f 2683/3732/2589 2682/3731/693 2701/3750/712 2702/3751/2605
f 2682/3731/693 2684/3733/694 2703/3752/713 2701/3750/712
f 2684/3733/694 2685/3734/695 2704/3753/714 2703/3752/713
f 2685/3734/695 2686/3735/2590 2705/3754/2606 2704/3753/714
f 2686/3735/2590 2687/3736/2591 2706/3755/2607 2705/3754/2606
f 2687/3736/2591 2688/3737/2592 2707/3756/2608 2706/3755/2607
f 2688/3737/2592 2689/3738/2593 2708/3757/2609 2707/3756/2608
f 2689/3738/2593 2690/3739/2594 2709/3758/2610 2708/3757/2609
f 2690/3739/2594 2691/3740/2595 2710/3759/2611 2709/3758/2610
f 2691/3740/2595 2692/3741/2596 2711/3760/2612 2710/3759/2611
f 2692/3741/2596 2693/3742/2597 2712/3761/2613 2711/3760/2612
f 2693/3742/2597 2694/3743/2598 2713/3762/2614 2712/3761/2613
f 2694/3743/2598 2695/3744/2599 2714/3763/2615 2713/3762/2614
f 2695/3744/2599 2696/3745/2600 2715/3764/2616 2714/3763/2615
f 2696/3745/2600 2697/3746/2601 2716/3765/2617 2715/3764/2616
f 2697/3746/2601 2698/3747/2602 2717/3766/2618 2716/3765/2617
f 2698/3747/2602 2699/3748/2603 2718/3767/2619 2717/3766/2618
f 2699/3748/2603 2700/3749/2604 2719/3768/2620 2718/3767/2619
f 2702/3751/2605 2701/3750/712 2720/3769/730 2721/3770/2621
f 2701/3750/712 2703/3752/713 2722/3771/731 2720/3769/730
f 2703/3752/713 2704/3753/714 2723/3772/732 2722/3771/731
f 2704/3753/714 2705/3754/2606 2724/3773/2622 2723/3772/732
f 2705/3754/2606 2706/3755/2607 2725/3774/2623 2724/3773/2622
f 2706/3755/2607 2707/3756/2608 2726/3775/2624 2725/3774/2623
f 2707/3756/2608 2708/3757/2609 2727/3776/2625 2726/3775/2624
f 2708/3757/2609 2709/3758/2610 2728/3777/2626 2727/3776/2625
f 2709/3758/2610 2710/3759/2611 2729/3778/2627 2728/3777/2626
f 2710/3759/2611 2711/3760/2612 2730/3779/2628 2729/3778/2627
f 2711/3760/2612 2712/3761/2613 2731/3780/2629 2730/3779/2628
f 2712/3761/2613 2713/3762/2614 2732/3781/2630 2731/3780/2629
f 2713/3762/2614 2714/3763/2615 2733/3782/2631 2732/3781/2630
f 2714/3763/2615 2715/3764/2616 2734/3783/2632 2733/3782/2631
f 2715/3764/2616 2716/3765/2617 2735/3784/2633 2734/3783/2632
f 2716/3765/2617 2717/3766/2618 2736/3785/2634 2735/3784/2633
f 2717/3766/2618 2718/3767/2619 2737/3786/2635 2736/3785/2634
f 2721/3770/2621 2720/3769/730 2738/3787/748 2739/3788/2636
f 2720/3769/730 2722/3771/731 2740/3789/749 2738/3787/748
f 2722/3771/731 2723/3772/732 2741/3790/750 2740/3789/749
f 2723/3772/732 2724/3773/2622 2742/3791/2637 2741/3790/750
f 2724/3773/2622 2725/3774/2623 2743/3792/2638 2742/3791/2637
f 2725/3774/2623 2726/3775/2624 2744/3793/2639 2743/3792/2638
f 2726/3775/2624 2727/3776/2625 2745/3794/2640 2744/3793/2639
f 2727/3776/2625 2728/3777/2626 2746/3795/2641 2745/3794/2640
f 2728/3777/2626 2729/3778/2627 2747/3796/2642 2746/3795/2641
f 2729/3778/2627 2730/3779/2628 2748/3797/2643 2747/3796/2642
f 2730/3779/2628 2731/3780/2629 2749/3798/2644 2748/3797/2643
f 2731/3780/2629 2732/3781/2630 2750/3799/2645 2749/3798/2644
f 2732/3781/2630 2733/3782/2631 2751/3800/2646 2750/3799/2645
f 2733/3782/2631 2734/3783/2632 2752/3801/2647 2751/3800/2646
f 2734/3783/2632 2735/3784/2633 2753/3802/2648 2752/3801/2647
f 2735/3784/2633 2736/3785/2634 2754/3803/2649 2753/3802/2648
f 2736/3785/2634 2737/3786/2635 2755/3804/2650 2754/3803/2649
f 2739/3788/2636 2738/3787/748 2756/3805/765 2757/3806/2651
f 2738/3787/748 2740/3789/749 2758/3807/766 2756/3805/765
f 2740/3789/749 2741/3790/750 2759/3808/767 2758/3807/766
f 2741/3790/750 2742/3791/2637 2760/3809/2652 2759/3808/767
f 2742/3791/2637 2743/3792/2638 2761/3810/2653 2760/3809/2652
f 2743/3792/2638 2744/3793/2639 2762/3811/2654 2761/3810/2653
f 2744/3793/2639 2745/3794/2640 2763/3812/2655 2762/3811/2654
f 2745/3794/2640 2746/3795/2641 2764/3813/2656 2763/3812/2655
f 2746/3795/2641 2747/3796/2642 2765/3814/2657 2764/3813/2656
f 2747/3796/2642 2748/3797/2643 2766/3815/2658 2765/3814/2657
f 2748/3797/2643 2749/3798/2644 2767/3816/2659 2766/3815/2658
f 2749/3798/2644 2750/3799/2645 2768/3817/2660 2767/3816/2659
f 2750/3799/2645 2751/3800/2646 2769/3818/2661 2768/3817/2660
f 2751/3800/2646 2752/3801/2647 2770/3819/2662 2769/3818/2661
f 2752/3801/2647 2753/3802/2648 2771/3820/2663 2770/3819/2662
f 2753/3802/2648 2754/3803/2649 2772/3821/2664 2771/3820/2663
f 2757/3806/2651 2756/3805/765 2773/3822/782 2774/3823/2665
f 2756/3805/765 2758/3807/766 2775/3824/783 2773/3822/782
f 2758/3807/766 2759/3808/767 2776/3825/784 2775/3824/783
f 2759/3808/767 2760/3809/2652 2777/3826/2666 2776/3825/784
f 2760/3809/2652 2761/3810/2653 2778/3827/2667 2777/3826/2666
f 2761/3810/2653 2762/3811/2654 2779/3828/2668 2778/3827/2667
f 2762/3811/2654 2763/3812/2655 2780/3829/2669 2779/3828/2668
f 2763/3812/2655 2764/3813/2656 2781/3830/2670 2780/3829/2669
f 2764/3813/2656 2765/3814/2657 2782/3831/2671 2781/3830/2670
f 2765/3814/2657 2766/3815/2658 2783/3832/2672 2782/3831/2671
f 2766/3815/2658 2767/3816/2659 2784/3833/2673 2783/3832/2672
f 2767/3816/2659 2768/3817/2660 2785/3834/2674 2784/3833/2673
f 2768/3817/2660 2769/3818/2661 2786/3835/2675 2785/3834/2674
f 2769/3818/2661 2770/3819/2662 2787/3836/2676 2786/3835/2675
f 2770/3819/2662 2771/3820/2663 2788/3837/2677 2787/3836/2676
f 2771/3820/2663 2772/3821/2664 2789/3838/2678 2788/3837/2677
f 2774/3823/2665 2773/3822/782 2790/3839/799 2791/3840/2679
f 2773/3822/782 2775/3824/783 2792/3841/800 2790/3839/799
f 2775/3824/783 2776/3825/784 2793/3842/801 2792/3841/800
f 2776/3825/784 2777/3826/2666 2794/3843/2680 2793/3842/801
f 2777/3826/2666 2778/3827/2667 2795/3844/2681 2794/3843/2680
f 2778/3827/2667 2779/3828/2668 2796/3845/2682 2795/3844/2681
f 2779/3828/2668 2780/3829/2669 2797/3846/2683 2796/3845/2682
f 2780/3829/2669 2781/3830/2670 2798/3847/2684 2797/3846/2683
f 2781/3830/2670 2782/3831/2671 2799/3848/2685 2798/3847/2684
f 2782/3831/2671 2783/3832/2672 2800/3849/2686 2799/3848/2685
f 2783/3832/2672 2784/3833/2673 2801/3850/2687 2800/3849/2686
f 2784/3833/2673 2785/3834/2674 2802/3851/2688 2801/3850/2687
f 2785/3834/2674 2786/3835/2675 2803/3852/2689 2802/3851/2688
f 2786/3835/2675 2787/3836/2676 2804/3853/2690 2803/3852/2689
f 2787/3836/2676 2788/3837/2677 2805/3854/2691 2804/3853/2690
f 2788/3837/2677 2789/3838/2678 2806/3855/2692 2805/3854/2691
f 2791/3840/2679 2790/3839/799 2807/3856/815 2808/3857/2693
f 2790/3839/799 2792/3841/800 2809/3858/816 2807/3856/815
f 2792/3841/800 2793/3842/801 2810/3859/817 2809/3858/816
f 2793/3842/801 2794/3843/2680 2811/3860/2694 2810/3859/817
f 2794/3843/2680 2795/3844/2681 2812/3861/2695 2811/3860/2694
f 2795/3844/2681 2796/3845/2682 2813/3862/2696 2812/3861/2695
f 2796/3845/2682 2797/3846/2683 2814/3863/2697 2813/3862/2696
f 2797/3846/2683 2798/3847/2684 2815/3864/2698 2814/3863/2697
f 2798/3847/2684 2799/3848/2685 2816/3865/2699 2815/3864/2698
f 2799/3848/2685 2800/3849/2686 2817/3866/2700 2816/3865/2699
f 2800/3849/2686 2801/3850/2687 2818/3867/2701 2817/3866/2700
f 2801/3850/2687 2802/3851/2688 2819/3868/2702 2818/3867/2701
f 2802/3851/2688 2803/3852/2689 2820/3869/2703 2819/3868/2702
f 2803/3852/2689 2804/3853/2690 2821/3870/2704 2820/3869/2703
f 2804/3853/2690 2805/3854/2691 2822/3871/2705 2821/3870/2704
f 2808/3857/2693 2807/3856/815 2823/3872/831 2824/3873/2706
f 2807/3856/815 2809/3858/816 2825/3874/832 2823/3872/831
f 2809/3858/816 2810/3859/817 2826/3875/833 2825/3874/832
f 2810/3859/817 2811/3860/2694 2827/3876/2707 2826/3875/833
f 2811/3860/2694 2812/3861/2695 2828/3877/2708 2827/3876/2707
f 2812/3861/2695 2813/3862/2696 2829/3878/2709 2828/3877/2708
f 2813/3862/2696 2814/3863/2697 2830/3879/2710 2829/3878/2709
f 2814/3863/2697 2815/3864/2698 2831/3880/2711 2830/3879/2710
f 2815/3864/2698 2816/3865/2699 2832/3881/2712 2831/3880/2711
f 2816/3865/2699 2817/3866/2700 2833/3882/2713 2832/3881/2712
f 2817/3866/2700 2818/3867/2701 2834/3883/2714 2833/3882/2713
f 2818/3867/2701 2819/3868/2702 2835/3884/2715 2834/3883/2714
f 2819/3868/2702 2820/3869/2703 2836/3885/2716 2835/3884/2715
f 2820/3869/2703 2821/3870/2704 2837/3886/2717 2836/3885/2716
f 2821/3870/2704 2822/3871/2705 2838/3887/2718 2837/3886/2717
f 2824/3873/2706 2823/3872/831 2839/3888/847 2840/3889/2719
f 2823/3872/831 2825/3874/832 2841/3890/848 2839/3888/847
f 2825/3874/832 2826/3875/833 2842/3891/849 2841/3890/848
f 2826/3875/833 2827/3876/2707 2843/3892/2720 2842/3891/849
f 2827/3876/2707 2828/3877/2708 2844/3893/2721 2843/3892/2720
f 2828/3877/2708 2829/3878/2709 2845/3894/2722 2844/3893/2721
f 2829/3878/2709 2830/3879/2710 2846/3895/2723 2845/3894/2722
f 2830/3879/2710 2831/3880/2711 2847/3896/2724 2846/3895/2723
f 2831/3880/2711 2832/3881/2712 2848/3897/2725 2847/3896/2724
f 2832/3881/2712 2833/3882/2713 2849/3898/2726 2848/3897/2725
f 2833/3882/2713 2834/3883/2714 2850/3899/2727 2849/3898/2726
f 2834/3883/2714 2835/3884/2715 2851/3900/2728 2850/3899/2727
f 2835/3884/2715 2836/3885/2716 2852/3901/2729 2851/3900/2728
f 2836/3885/2716 2837/3886/2717 2853/3902/2730 2852/3901/2729
f 2837/3886/2717 2838/3887/2718 2854/3903/2731 2853/3902/2730
f 2840/3889/2719 2839/3888/847 2855/3904/863 2856/3905/2732
f 2839/3888/847 2841/3890/848 2857/3906/864 2855/3904/863
f 2841/3890/848 2842/3891/849 2858/3907/865 2857/3906/864
f 2842/3891/849 2843/3892/2720 2859/3908/2733 2858/3907/865
f 2843/3892/2720 2844/3893/2721 2860/3909/2734 2859/3908/2733
f 2844/3893/2721 2845/3894/2722 2861/3910/2735 2860/3909/2734
f 2845/3894/2722 2846/3895/2723 2862/3911/2736 2861/3910/2735
f 2846/3895/2723 2847/3896/2724 2863/3912/2737 2862/3911/2736
f 2847/3896/2724 2848/3897/2725 2864/3913/2738 2863/3912/2737
f 2848/3897/2725 2849/3898/2726 2865/3914/2739 2864/3913/2738
f 2849/3898/2726 2850/3899/2727 2866/3915/2740 2865/3914/2739
f 2850/3899/2727 2851/3900/2728 2867/3916/2741 2866/3915/2740
f 2851/3900/2728 2852/3901/2729 2868/3917/2742 2867/3916/2741
f 2852/3901/2729 2853/3902/2730 2869/3918/2743 2868/3917/2742
f 2853/3902/2730 2854/3903/2731 2870/3919/2744 2869/3918/2743
f 2856/3905/2732 2855/3904/863 2871/3920/878 2872/3921/2745
f 2855/3904/863 2857/3906/864 2873/3922/879 2871/3920/878
f 2857/3906/864 2858/3907/865 2874/3923/880 2873/3922/879
f 2858/3907/865 2859/3908/2733 2875/3924/2746 2874/3923/880
f 2859/3908/2733 2860/3909/2734 2876/3925/2747 2875/3924/2746
f 2860/3909/2734 2861/3910/2735 2877/3926/2748 2876/3925/2747
f 2861/3910/2735 2862/3911/2736 2878/3927/2749 2877/3926/2748
f 2862/3911/2736 2863/3912/2737 2879/3928/2750 2878/3927/2749
f 2863/3912/2737 2864/3913/2738 2880/3929/2751 2879/3928/2750
f 2864/3913/2738 2865/3914/2739 2881/3930/2752 2880/3929/2751
f 2865/3914/2739 2866/3915/2740 2882/3931/2753 2881/3930/2752
f 2866/3915/2740 2867/3916/2741 2883/3932/2754 2882/3931/2753
f 2867/3916/2741 2868/3917/2742 2884/3933/2755 2883/3932/2754
f 2868/3917/2742 2869/3918/2743 2885/3934/2756 2884/3933/2755
f 2872/3921/2745 2871/3920/878 2886/3935/893 2887/3936/2757
f 2871/3920/878 2873/3922/879 2888/3937/894 2886/3935/893
f 2873/3922/879 2874/3923/880 2889/3938/895 2888/3937/894
f 2874/3923/880 2875/3924/2746 2890/3939/2758 2889/3938/895
f 2875/3924/2746 2876/3925/2747 2891/3940/2759 2890/3939/2758
f 2876/3925/2747 2877/3926/2748 2892/3941/2760 2891/3940/2759
f 2877/3926/2748 2878/3927/2749 2893/3942/2761 2892/3941/2760
f 2878/3927/2749 2879/3928/2750 2894/3943/2762 2893/3942/2761
f 2879/3928/2750 2880/3929/2751 2895/3944/2763 2894/3943/2762
f 2880/3929/2751 2881/3930/2752 2896/3945/2764 2895/3944/2763
f 2881/3930/2752 2882/3931/2753 2897/3946/2765 2896/3945/2764
f 2882/3931/2753 2883/3932/2754 2898/3947/2766 2897/3946/2765
f 2883/3932/2754 2884/3933/2755 2899/3948/2767 2898/3947/2766
f 2884/3933/2755 2885/3934/2756 2900/3949/2768 2899/3948/2767
f 2887/3936/2757 2886/3935/893 2901/3950/908 2902/3951/2769
f 2886/3935/893 2888/3937/894 2903/3952/909 2901/3950/908
f 2888/3937/894 2889/3938/895 2904/3953/910 2903/3952/909
f 2889/3938/895 2890/3939/2758 2905/3954/2770 2904/3953/910
f 2890/3939/2758 2891/3940/2759 2906/3955/2771 2905/3954/2770
f 2891/3940/2759 2892/3941/2760 2907/3956/2772 2906/3955/2771
f 2892/3941/2760 2893/3942/2761 2908/3957/2773 2907/3956/2772
f 2893/3942/2761 2894/3943/2762 2909/3958/2774 2908/3957/2773
f 2894/3943/2762 2895/3944/2763 2910/3959/2775 2909/3958/2774
f 2895/3944/2763 2896/3945/2764 2911/3960/2776 2910/3959/2775
f 2896/3945/2764 2897/3946/2765 2912/3961/2777 2911/3960/2776
f 2897/3946/2765 2898/3947/2766 2913/3962/2778 2912/3961/2777
f 2898/3947/2766 2899/3948/2767 2914/3963/2779 2913/3962/2778
f 2899/3948/2767 2900/3949/2768 2915/3964/2780 2914/3963/2779
f 2902/3951/2769 2901/3950/908 2916/3965/923 2917/3966/2781
f 2901/3950/908 2903/3952/909 2918/3967/924 2916/3965/923
f 2903/3952/909 2904/3953/910 2919/3968/925 2918/3967/924
f 2904/3953/910 2905/3954/2770 2920/3969/2782 2919/3968/925
f 2905/3954/2770 2906/3955/2771 2921/3970/2783 2920/3969/2782
f 2906/3955/2771 2907/3956/2772 2922/3971/2784 2921/3970/2783
f 2907/3956/2772 2908/3957/2773 2923/3972/2785 2922/3971/2784
f 2908/3957/2773 2909/3958/2774 2924/3973/2786 2923/3972/2785
f 2909/3958/2774 2910/3959/2775 2925/3974/2787 2924/3973/2786
f 2910/3959/2775 2911/3960/2776 2926/3975/2788 2925/3974/2787
f 2911/3960/2776 2912/3961/2777 2927/3976/2789 2926/3975/2788
f 2912/3961/2777 2913/3962/2778 2928/3977/2790 2927/3976/2789
f 2913/3962/2778 2914/3963/2779 2929/3978/2791 2928/3977/2790
f 2914/3963/2779 2915/3964/2780 2930/3979/2792 2929/3978/2791
f 2917/3966/2781 2916/3965/923 2931/3980/937 2932/3981/2793
f 2916/3965/923 2918/3967/924 2933/3982/938 2931/3980/937
f 2918/3967/924 2919/3968/925 2934/3983/939 2933/3982/938
f 2919/3968/925 2920/3969/2782 2935/3984/2794 2934/3983/939
f 2920/3969/2782 2921/3970/2783 2936/3985/2795 2935/3984/2794
f 2921/3970/2783 2922/3971/2784 2937/3986/2796 2936/3985/2795
f 2922/3971/2784 2923/3972/2785 2938/3987/2797 2937/3986/2796
f 2923/3972/2785 2924/3973/2786 2939/3988/2798 2938/3987/2797
f 2924/3973/2786 2925/3974/2787 2940/3989/2799 2939/3988/2798
f 2925/3974/2787 2926/3975/2788 2941/3990/2800 2940/3989/2799
f 2926/3975/2788 2927/3976/2789 2942/3991/2801 2941/3990/2800
f 2927/3976/2789 2928/3977/2790 2943/3992/2802 2942/3991/2801
f 2928/3977/2790 2929/3978/2791 2944/3993/2803 2943/3992/2802
f 2932/3981/2793 2931/3980/937 2945/3994/950 2946/3995/2804
f 2931/3980/937 2933/3982/938 2947/3996/951 2945/3994/950
f 2933/3982/938 2934/3983/939 2948/3997/952 2947/3996/951
f 2934/3983/939 2935/3984/2794 2949/3998/2805 2948/3997/952
f 2935/3984/2794 2936/3985/2795 2950/3999/2806 2949/3998/2805
f 2936/3985/2795 2937/3986/2796 2951/4000/2807 2950/3999/2806
f 2937/3986/2796 2938/3987/2797 2952/4001/2808 2951/4000/2807
f 2938/3987/2797 2939/3988/2798 2953/4002/2809 2952/4001/2808
f 2939/3988/2798 2940/3989/2799 2954/4003/2810 2953/4002/2809
f 2940/3989/2799 2941/3990/2800 2955/4004/2811 2954/4003/2810
f 2941/3990/2800 2942/3991/2801 2956/4005/2812 2955/4004/2811
f 2942/3991/2801 2943/3992/2802 2957/4006/2813 2956/4005/2812
f 2946/3995/2804 2945/3994/950 2958/4007/962 2959/4008/2814
f 2945/3994/950 2947/3996/951 2960/4009/963 2958/4007/962
f 2947/3996/951 2948/3997/952 2961/4010/964 2960/4009/963
f 2948/3997/952 2949/3998/2805 2962/4011/2815 2961/4010/964
f 2949/3998/2805 2950/3999/2806 2963/4012/2816 2962/4011/2815
f 2950/3999/2806 2951/4000/2807 2964/4013/2817 2963/4012/2816
f 2951/4000/2807 2952/4001/2808 2965/4014/2818 2964/4013/2817
f 2952/4001/2808 2953/4002/2809 2966/4015/2819 2965/4014/2818
f 2953/4002/2809 2954/4003/2810 2967/4016/2820 2966/4015/2819
f 2954/4003/2810 2955/4004/2811 2968/4017/2821 2967/4016/2820
f 2955/4004/2811 2956/4005/2812 2969/4018/2822 2968/4017/2821
f 2959/4008/2814 2958/4007/962 2970/4019/973 2971/4020/2823
f 2958/4007/962 2960/4009/963 2972/4021/974 2970/4019/973
f 2960/4009/963 2961/4010/964 2973/4022/975 2972/4021/974
f 2961/4010/964 2962/4011/2815 2974/4023/2824 2973/4022/975
f 2962/4011/2815 2963/4012/2816 2975/4024/2825 2974/4023/2824
f 2963/4012/2816 2964/4013/2817 2976/4025/2826 2975/4024/2825
f 2964/4013/2817 2965/4014/2818 2977/4026/2827 2976/4025/2826
f 2965/4014/2818 2966/4015/2819 2978/4027/2828 2977/4026/2827
f 2966/4015/2819 2967/4016/2820 2979/4028/2829 2978/4027/2828
f 2967/4016/2820 2968/4017/2821 2980/4029/2830 2979/4028/2829
f 2971/4020/2823 2970/4019/973 2981/4030/983 2982/4031/2831
f 2970/4019/973 2972/4021/974 2983/4032/984 2981/4030/983
f 2972/4021/974 2973/4022/975 2984/4033/985 2983/4032/984
f 2973/4022/975 2974/4023/2824 2985/4034/2832 2984/4033/985
f 2974/4023/2824 2975/4024/2825 2986/4035/2833 2985/4034/2832
f 2975/4024/2825 2976/4025/2826 2987/4036/2834 2986/4035/2833
f 2976/4025/2826 2977/4026/2827 2988/4037/2835 2987/4036/2834
f 2977/4026/2827 2978/4027/2828 2989/4038/2836 2988/4037/2835
f 2978/4027/2828 2979/4028/2829 2990/4039/2837 2989/4038/2836
f 2982/4031/2831 2981/4030/983 2991/4040/993 2992/4041/2838
f 2981/4030/983 2983/4032/984 2993/4042/994 2991/4040/993
f 2983/4032/984 2984/4033/985 2994/4043/995 2993/4042/994
f 2984/4033/985 2985/4034/2832 2995/4044/2839 2994/4043/995
f 2985/4034/2832 2986/4035/2833 2996/4045/2840 2995/4044/2839
f 2986/4035/2833 2987/4036/2834 2997/4046/2841 2996/4045/2840
f 2987/4036/2834 2988/4037/2835 2998/4047/2842 2997/4046/2841
f 2988/4037/2835 2989/4038/2836 2999/4048/2843 2998/4047/2842
f 2989/4038/2836 2990/4039/2837 3000/4049/2844 2999/4048/2843
f 2992/4041/2838 2991/4040/993 3001/4050/2845 3002/4051/2846
f 2991/4040/993 2993/4042/994 3003/4052/1000 3001/4050/2845
f 2993/4042/994 2994/4043/995 3004/4053/2847 3003/4052/1000
f 2994/4043/995 2995/4044/2839 3005/4054/2848 3004/4053/2847
f 2995/4044/2839 2996/4045/2840 3006/4055/2849 3005/4054/2848
f 3007/4056/2850 3010/4057/2853 3009/4058/2852 3008/4059/2851
f 3008/4059/2851 3009/4058/2852 3012/4060/1038 3011/4061/1037
f 3011/4061/1037 3012/4060/1038 3014/4062/1040 3013/4063/2854
f 3013/4063/2854 3014/4062/1040 3016/4064/2856 3015/4065/2855
f 3015/4065/2855 3016/4064/2856 3018/4066/2858 3017/4067/2857
f 3017/4067/2857 3018/4066/2858 3020/4068/2860 3019/4069/2859
f 3019/4069/2859 3020/4068/2860 3022/4070/2862 3021/4071/2861
f 3021/4071/2861 3022/4070/2862 3024/4072/2864 3023/4073/2863
f 3023/4073/2863 3024/4072/2864 3026/4074/2866 3025/4075/2865
f 3025/4075/2865 3026/4074/2866 3028/4076/2868 3027/4077/2867
f 3027/4077/2867 3028/4076/2868 3030/4078/2870 3029/4079/2869
f 3029/4079/2869 3030/4078/2870 3032/4080/2872 3031/4081/2871
f 3031/4081/2871 3032/4080/2872 3034/4082/2874 3033/4083/2873
f 3033/4083/2873 3034/4082/2874 3036/4084/2876 3035/4085/2875
f 3035/4085/2875 3036/4084/2876 3038/4086/2878 3037/4087/2877
f 3037/4087/2877 3038/4086/2878 3040/4088/2880 3039/4089/2879
f 3039/4089/2879 3040/4088/2880 3042/4090/2882 3041/4091/2881
f 3041/4091/2881 3042/4090/2882 3044/4092/2884 3043/4093/2883
f 3043/4093/2883 3044/4092/2884 3046/4094/2886 3045/4095/2885
f 3010/4057/2853 3048/4096/2887 3047/4097/1059 3009/4058/2852
f 3009/4058/2852 3047/4097/1059 3049/4098/1060 3012/4060/1038
f 3012/4060/1038 3049/4098/1060 3050/4099/1061 3014/4062/1040
f 3014/4062/1040 3050/4099/1061 3051/4100/2888 3016/4064/2856
f 3016/4064/2856 3051/4100/2888 3052/4101/2889 3018/4066/2858
f 3018/4066/2858 3052/4101/2889 3053/4102/2890 3020/4068/2860
f 3020/4068/2860 3053/4102/2890 3054/4103/2891 3022/4070/2862
f 3022/4070/2862 3054/4103/2891 3055/4104/2892 3024/4072/2864
f 3024/4072/2864 3055/4104/2892 3056/4105/2893 3026/4074/2866
f 3026/4074/2866 3056/4105/2893 3057/4106/2894 3028/4076/2868
f 3028/4076/2868 3057/4106/2894 3058/4107/2895 3030/4078/2870
f 3030/4078/2870 3058/4107/2895 3059/4108/2896 3032/4080/2872
f 3032/4080/2872 3059/4108/2896 3060/4109/2897 3034/4082/2874
f 3034/4082/2874 3060/4109/2897 3061/4110/2898 3036/4084/2876
f 3036/4084/2876 3061/4110/2898 3062/4111/2899 3038/4086/2878
f 3038/4086/2878 3062/4111/2899 3063/4112/2900 3040/4088/2880
f 3040/4088/2880 3063/4112/2900 3064/4113/2901 3042/4090/2882
f 3042/4090/2882 3064/4113/2901 3065/4114/2902 3044/4092/2884
f 3044/4092/2884 3065/4114/2902 3066/4115/2903 3046/4094/2886
f 3048/4096/2887 3068/4116/2905 3067/4117/2904 3047/4097/1059
f 3047/4097/1059 3067/4117/2904 3069/4118/1080 3049/4098/1060
f 3049/4098/1060 3069/4118/1080 3070/4119/1081 3050/4099/1061
f 3050/4099/1061 3070/4119/1081 3071/4120/2906 3051/4100/2888
f 3051/4100/2888 3071/4120/2906 3072/4121/2907 3052/4101/2889
f 3052/4101/2889 3072/4121/2907 3073/4122/2908 3053/4102/2890
f 3053/4102/2890 3073/4122/2908 3074/4123/2909 3054/4103/2891
f 3054/4103/2891 3074/4123/2909 3075/4124/2910 3055/4104/2892
f 3055/4104/2892 3075/4124/2910 3076/4125/2911 3056/4105/2893
f 3056/4105/2893 3076/4125/2911 3077/4126/2912 3057/4106/2894
f 3057/4106/2894 3077/4126/2912 3078/4127/2913 3058/4107/2895
f 3058/4107/2895 3078/4127/2913 3079/4128/2914 3059/4108/2896
f 3059/4108/2896 3079/4128/2914 3080/4129/2915 3060/4109/2897
f 3060/4109/2897 3080/4129/2915 3081/4130/2916 3061/4110/2898
f 3061/4110/2898 3081/4130/2916 3082/4131/2917 3062/4111/2899
f 3062/4111/2899 3082/4131/2917 3083/4132/2918 3063/4112/2900
f 3063/4112/2900 3083/4132/2918 3084/4133/2919 3064/4113/2901
f 3064/4113/2901 3084/4133/2919 3085/4134/2920 3065/4114/2902
f 3065/4114/2902 3085/4134/2920 3086/4135/2921 3066/4115/2903
f 3068/4116/2905 3088/4136/2922 3087/4137/1099 3067/4117/2904
f 3067/4117/2904 3087/4137/1099 3089/4138/1100 3069/4118/1080
f 3069/4118/1080 3089/4138/1100 3090/4139/2923 3070/4119/1081
f 3070/4119/1081 3090/4139/2923 3091/4140/2924 3071/4120/2906
f 3071/4120/2906 3091/4140/2924 3092/4141/2925 3072/4121/2907
f 3072/4121/2907 3092/4141/2925 3093/4142/2926 3073/4122/2908
f 3073/4122/2908 3093/4142/2926 3094/4143/2927 3074/4123/2909
f 3074/4123/2909 3094/4143/2927 3095/4144/2928 3075/4124/2910
f 3075/4124/2910 3095/4144/2928 3096/4145/2929 3076/4125/2911
f 3076/4125/2911 3096/4145/2929 3097/4146/2930 3077/4126/2912
f 3077/4126/2912 3097/4146/2930 3098/4147/2931 3078/4127/2913
f 3078/4127/2913 3098/4147/2931 3099/4148/2932 3079/4128/2914
f 3079/4128/2914 3099/4148/2932 3100/4149/2933 3080/4129/2915
f 3080/4129/2915 3100/4149/2933 3101/4150/2934 3081/4130/2916
f 3081/4130/2916 3101/4150/2934 3102/4151/2935 3082/4131/2917
f 3082/4131/2917 3102/4151/2935 3103/4152/2936 3083/4132/2918
f 3083/4132/2918 3103/4152/2936 3104/4153/2937 3084/4133/2919
f 3084/4133/2919 3104/4153/2937 3105/4154/2938 3085/4134/2920
f 3085/4134/2920 3105/4154/2938 3106/4155/2939 3086/4135/2921
f 3088/4136/2922 3108/4156/2940 3107/4157/1119 3087/4137/1099
f 3087/4137/1099 3107/4157/1119 3109/4158/1120 3089/4138/1100
f 3089/4138/1100 3109/4158/1120 3110/4159/2941 3090/4139/2923
f 3090/4139/2923 3110/4159/2941 3111/4160/2942 3091/4140/2924
f 3091/4140/2924 3111/4160/2942 3112/4161/2943 3092/4141/2925
f 3092/4141/2925 3112/4161/2943 3113/4162/2944 3093/4142/2926
f 3093/4142/2926 3113/4162/2944 3114/4163/2945 3094/4143/2927
f 3094/4143/2927 3114/4163/2945 3115/4164/2946 3095/4144/2928
f 3095/4144/2928 3115/4164/2946 3116/4165/2947 3096/4145/2929
f 3096/4145/2929 3116/4165/2947 3117/4166/2948 3097/4146/2930
f 3097/4146/2930 3117/4166/2948 3118/4167/2949 3098/4147/2931
f 3098/4147/2931 3118/4167/2949 3119/4168/2950 3099/4148/2932
f 3099/4148/2932 3119/4168/2950 3120/4169/2951 3100/4149/2933
f 3100/4149/2933 3120/4169/2951 3121/4170/2952 3101/4150/2934
f 3101/4150/2934 3121/4170/2952 3122/4171/2953 3102/4151/2935
f 3102/4151/2935 3122/4171/2953 3123/4172/2954 3103/4152/2936
f 3103/4152/2936 3123/4172/2954 3124/4173/2955 3104/4153/2937
f 3104/4153/2937 3124/4173/2955 3125/4174/2956 3105/4154/2938
f 3105/4154/2938 3125/4174/2956 3126/4175/2957 3106/4155/2939
f 3108/4156/2940 3128/4176/2959 3127/4177/2958 3107/4157/1119
f 3107/4157/1119 3127/4177/2958 3129/4178/1140 3109/4158/1120
f 3109/4158/1120 3129/4178/1140 3130/4179/2960 3110/4159/2941
f 3110/4159/2941 3130/4179/2960 3131/4180/2961 3111/4160/2942
f 3111/4160/2942 3131/4180/2961 3132/4181/2962 3112/4161/2943
f 3112/4161/2943 3132/4181/2962 3133/4182/2963 3113/4162/2944
f 3113/4162/2944 3133/4182/2963 3134/4183/2964 3114/4163/2945
f 3114/4163/2945 3134/4183/2964 3135/4184/2965 3115/4164/2946
f 3115/4164/2946 3135/4184/2965 3136/4185/2966 3116/4165/2947
f 3116/4165/2947 3136/4185/2966 3137/4186/2967 3117/4166/2948
f 3117/4166/2948 3137/4186/2967 3138/4187/2968 3118/4167/2949
f 3118/4167/2949 3138/4187/2968 3139/4188/2969 3119/4168/2950
f 3119/4168/2950 3139/4188/2969 3140/4189/2970 3120/4169/2951
f 3120/4169/2951 3140/4189/2970 3141/4190/2971 3121/4170/2952
f 3121/4170/2952 3141/4190/2971 3142/4191/2972 3122/4171/2953
f 3122/4171/2953 3142/4191/2972 3143/4192/2973 3123/4172/2954
f 3123/4172/2954 3143/4192/2973 3144/4193/2974 3124/4173/2955
f 3124/4173/2955 3144/4193/2974 3145/4194/2975 3125/4174/2956
f 3125/4174/2956 3145/4194/2975 3146/4195/2976 3126/4175/2957
f 3128/4176/2959 3148/4196/2978 3147/4197/2977 3127/4177/2958
f 3127/4177/2958 3147/4197/2977 3149/4198/1160 3129/4178/1140
f 3129/4178/1140 3149/4198/1160 3150/4199/1161 3130/4179/2960
f 3130/4179/2960 3150/4199/1161 3151/4200/2979 3131/4180/2961
f 3131/4180/2961 3151/4200/2979 3152/4201/2980 3132/4181/2962
f 3132/4181/2962 3152/4201/2980 3153/4202/2981 3133/4182/2963
f 3133/4182/2963 3153/4202/2981 3154/4203/2982 3134/4183/2964
f 3134/4183/2964 3154/4203/2982 3155/4204/2983 3135/4184/2965
f 3135/4184/2965 3155/4204/2983 3156/4205/2984 3136/4185/2966
f 3136/4185/2966 3156/4205/2984 3157/4206/2985 3137/4186/2967
f 3137/4186/2967 3157/4206/2985 3158/4207/2986 3138/4187/2968
f 3138/4187/2968 3158/4207/2986 3159/4208/2987 3139/4188/2969
f 3139/4188/2969 3159/4208/2987 3160/4209/2988 3140/4189/2970
f 3140/4189/2970 3160/4209/2988 3161/4210/2989 3141/4190/2971
f 3141/4190/2971 3161/4210/2989 3162/4211/2990 3142/4191/2972
f 3142/4191/2972 3162/4211/2990 3163/4212/2991 3143/4192/2973
f 3143/4192/2973 3163/4212/2991 3164/4213/2992 3144/4193/2974
f 3144/4193/2974 3164/4213/2992 3165/4214/2993 3145/4194/2975
f 3145/4194/2975 3165/4214/2993 3166/4215/2994 3146/4195/2976
f 3148/4196/2978 3168/4216/2996 3167/4217/2995 3147/4197/2977
f 3147/4197/2977 3167/4217/2995 3169/4218/1182 3149/4198/1160
f 3149/4198/1160 3169/4218/1182 3170/4219/1183 3150/4199/1161
f 3150/4199/1161 3170/4219/1183 3171/4220/2997 3151/4200/2979
f 3151/4200/2979 3171/4220/2997 3172/4221/2998 3152/4201/2980
f 3152/4201/2980 3172/4221/2998 3173/4222/2999 3153/4202/2981
f 3153/4202/2981 3173/4222/2999 3174/4223/3000 3154/4203/2982
f 3154/4203/2982 3174/4223/3000 3175/4224/3001 3155/4204/2983
f 3155/4204/2983 3175/4224/3001 3176/4225/3002 3156/4205/2984
f 3156/4205/2984 3176/4225/3002 3177/4226/3003 3157/4206/2985
f 3157/4206/2985 3177/4226/3003 3178/4227/3004 3158/4207/2986
f 3158/4207/2986 3178/4227/3004 3179/4228/3005 3159/4208/2987
f 3159/4208/2987 3179/4228/3005 3180/4229/3006 3160/4209/2988
f 3160/4209/2988 3180/4229/3006 3181/4230/3007 3161/4210/2989
f 3161/4210/2989 3181/4230/3007 3182/4231/3008 3162/4211/2990
f 3162/4211/2990 3182/4231/3008 3183/4232/3009 3163/4212/2991
f 3163/4212/2991 3183/4232/3009 3184/4233/3010 3164/4213/2992
f 3164/4213/2992 3184/4233/3010 3185/4234/3011 3165/4214/2993
f 3165/4214/2993 3185/4234/3011 3186/4235/3012 3166/4215/2994
f 3166/4236/2994 3186/4237/3012 3188/4238/3014 3187/4239/3013
f 3168/4216/2996 3190/4240/3016 3189/4241/3015 3167/4217/2995
f 3167/4217/2995 3189/4241/3015 3191/4242/1203 3169/4218/1182
f 3169/4218/1182 3191/4242/1203 3192/4243/1204 3170/4219/1183
f 3170/4219/1183 3192/4243/1204 3193/4244/3017 3171/4220/2997
f 3171/4220/2997 3193/4244/3017 3194/4245/3018 3172/4221/2998
f 3172/4221/2998 3194/4245/3018 3195/4246/3019 3173/4222/2999
f 3173/4222/2999 3195/4246/3019 3196/4247/3020 3174/4223/3000
f 3174/4223/3000 3196/4247/3020 3197/4248/3021 3175/4224/3001
f 3175/4224/3001 3197/4248/3021 3198/4249/3022 3176/4225/3002
f 3176/4225/3002 3198/4249/3022 3199/4250/3023 3177/4226/3003
f 3177/4226/3003 3199/4250/3023 3200/4251/3024 3178/4227/3004
f 3178/4227/3004 3200/4251/3024 3201/4252/3025 3179/4228/3005
f 3179/4228/3005 3201/4252/3025 3202/4253/3026 3180/4229/3006
f 3180/4229/3006 3202/4253/3026 3203/4254/3027 3181/4230/3007
f 3181/4230/3007 3203/4254/3027 3204/4255/3028 3182/4231/3008
f 3182/4231/3008 3204/4255/3028 3205/4256/3029 3183/4232/3009
f 3183/4232/3009 3205/4256/3029 3206/4257/3030 3184/4233/3010
f 3184/4233/3010 3206/4257/3030 3207/4258/3031 3185/4234/3011
f 3185/4234/3011 3207/4258/3031 3208/4259/3032 3186/4235/3012
f 3186/4235/3012 3208/4259/3032 3209/4260/3033 3188/4261/3014
f 3190/4240/3016 3211/4262/3034 3210/4263/1223 3189/4241/3015
f 3189/4241/3015 3210/4263/1223 3212/4264/1224 3191/4242/1203
f 3191/4242/1203 3212/4264/1224 3213/4265/1225 3192/4243/1204
f 3192/4243/1204 3213/4265/1225 3214/4266/3035 3193/4244/3017
f 3193/4244/3017 3214/4266/3035 3215/4267/3036 3194/4245/3018
f 3194/4245/3018 3215/4267/3036 3216/4268/3037 3195/4246/3019
f 3195/4246/3019 3216/4268/3037 3217/4269/3038 3196/4247/3020
f 3196/4247/3020 3217/4269/3038 3218/4270/3039 3197/4248/3021
f 3197/4248/3021 3218/4270/3039 3219/4271/3040 3198/4249/3022
f 3198/4249/3022 3219/4271/3040 3220/4272/3041 3199/4250/3023
f 3199/4250/3023 3220/4272/3041 3221/4273/3042 3200/4251/3024
f 3200/4251/3024 3221/4273/3042 3222/4274/3043 3201/4252/3025
f 3201/4252/3025 3222/4274/3043 3223/4275/3044 3202/4253/3026
f 3202/4253/3026 3223/4275/3044 3224/4276/3045 3203/4254/3027
f 3203/4254/3027 3224/4276/3045 3225/4277/3046 3204/4255/3028
f 3204/4255/3028 3225/4277/3046 3226/4278/3047 3205/4256/3029
f 3205/4256/3029 3226/4278/3047 3227/4279/3048 3206/4257/3030
f 3206/4257/3030 3227/4279/3048 3228/4280/3049 3207/4258/3031
f 3207/4258/3031 3228/4280/3049 3229/4281/3050 3208/4259/3032
f 3208/4259/3032 3229/4281/3050 3230/4282/3051 3209/4260/3033
f 3211/4262/3034 3232/4283/3052 3231/4284/1244 3210/4263/1223
f 3210/4263/1223 3231/4284/1244 3233/4285/1245 3212/4264/1224
f 3212/4264/1224 3233/4285/1245 3234/4286/3053 3213/4265/1225
f 3213/4265/1225 3234/4286/3053 3235/4287/3054 3214/4266/3035
f 3214/4266/3035 3235/4287/3054 3236/4288/3055 3215/4267/3036
f 3215/4267/3036 3236/4288/3055 3237/4289/3056 3216/4268/3037
f 3216/4268/3037 3237/4289/3056 3238/4290/3057 3217/4269/3038
f 3217/4269/3038 3238/4290/3057 3239/4291/3058 3218/4270/3039
f 3218/4270/3039 3239/4291/3058 3240/4292/3059 3219/4271/3040
f 3219/4271/3040 3240/4292/3059 3241/4293/3060 3220/4272/3041
f 3220/4272/3041 3241/4293/3060 3242/4294/3061 3221/4273/3042
f 3221/4273/3042 3242/4294/3061 3243/4295/3062 3222/4274/3043
f 3222/4274/3043 3243/4295/3062 3244/4296/3063 3223/4275/3044
f 3223/4275/3044 3244/4296/3063 3245/4297/3064 3224/4276/3045
f 3224/4276/3045 3245/4297/3064 3246/4298/3065 3225/4277/3046
f 3225/4277/3046 3246/4298/3065 3247/4299/3066 3226/4278/3047
f 3226/4278/3047 3247/4299/3066 3248/4300/3067 3227/4279/3048
f 3227/4279/3048 3248/4300/3067 3249/4301/3068 3228/4280/3049
f 3228/4280/3049 3249/4301/3068 3250/4302/3069 3229/4281/3050
f 3229/4281/3050 3250/4302/3069 3251/4303/3070 3230/4282/3051
f 3232/4283/3052 3253/4304/3071 3252/4305/1265 3231/4284/1244
f 3231/4284/1244 3252/4305/1265 3254/4306/1266 3233/4285/1245
f 3233/4285/1245 3254/4306/1266 3255/4307/3072 3234/4286/3053
f 3234/4286/3053 3255/4307/3072 3256/4308/3073 3235/4287/3054
f 3235/4287/3054 3256/4308/3073 3257/4309/3074 3236/4288/3055
f 3236/4288/3055 3257/4309/3074 3258/4310/3075 3237/4289/3056
f 3237/4289/3056 3258/4310/3075 3259/4311/3076 3238/4290/3057
f 3238/4290/3057 3259/4311/3076 3260/4312/3077 3239/4291/3058
f 3239/4291/3058 3260/4312/3077 3261/4313/3078 3240/4292/3059
f 3240/4292/3059 3261/4313/3078 3262/4314/3079 3241/4293/3060
f 3241/4293/3060 3262/4314/3079 3263/4315/3080 3242/4294/3061
f 3242/4294/3061 3263/4315/3080 3264/4316/3081 3243/4295/3062
f 3243/4295/3062 3264/4316/3081 3265/4317/3082 3244/4296/3063
f 3244/4296/3063 3265/4317/3082 3266/4318/3083 3245/4297/3064
f 3245/4297/3064 3266/4318/3083 3267/4319/3084 3246/4298/3065
f 3246/4298/3065 3267/4319/3084 3268/4320/3085 3247/4299/3066
f 3247/4299/3066 3268/4320/3085 3269/4321/3086 3248/4300/3067
f 3248/4300/3067 3269/4321/3086 3270/4322/3087 3249/4301/3068
f 3249/4301/3068 3270/4322/3087 3271/4323/3088 3250/4302/3069
f 3250/4324/3069 3271/4325/3088 3272/4326/3089 3251/4327/3070
f 3253/4304/3071 3274/4328/3090 3273/4329/1288 3252/4305/1265
f 3252/4305/1265 3273/4329/1288 3275/4330/1289 3254/4306/1266
f 3254/4306/1266 3275/4330/1289 3276/4331/3091 3255/4307/3072
f 3255/4307/3072 3276/4331/3091 3277/4332/3092 3256/4308/3073
f 3256/4308/3073 3277/4332/3092 3278/4333/3093 3257/4309/3074
f 3257/4309/3074 3278/4333/3093 3279/4334/3094 3258/4310/3075
f 3258/4310/3075 3279/4334/3094 3280/4335/3095 3259/4311/3076
f 3259/4311/3076 3280/4335/3095 3281/4336/3096 3260/4312/3077
f 3260/4312/3077 3281/4336/3096 3282/4337/3097 3261/4313/3078
f 3261/4313/3078 3282/4337/3097 3283/4338/3098 3262/4314/3079
f 3262/4314/3079 3283/4338/3098 3284/4339/3099 3263/4315/3080
f 3263/4315/3080 3284/4339/3099 3285/4340/3100 3264/4316/3081
f 3264/4316/3081 3285/4340/3100 3286/4341/3101 3265/4317/3082
f 3265/4317/3082 3286/4341/3101 3287/4342/3102 3266/4318/3083
f 3266/4318/3083 3287/4342/3102 3288/4343/3103 3267/4319/3084
f 3267/4319/3084 3288/4343/3103 3289/4344/3104 3268/4320/3085
f 3268/4320/3085 3289/4344/3104 3290/4345/3105 3269/4321/3086
f 3269/4321/3086 3290/4345/3105 3291/4346/3106 3270/4322/3087
f 3270/4322/3087 3291/4346/3106 3292/4347/3107 3271/4323/3088
f 3271/4325/3088 3292/4348/3107 3293/4349/3108 3272/4326/3089
f 3272/4326/3089 3293/4349/3108 3295/4350/3110 3294/4351/3109
f 3274/4328/3090 3297/4352/3112 3296/4353/3111 3273/4329/1288
f 3273/4329/1288 3296/4353/3111 3298/4354/1311 3275/4330/1289
f 3275/4330/1289 3298/4354/1311 3299/4355/3113 3276/4331/3091
f 3276/4331/3091 3299/4355/3113 3300/4356/3114 3277/4332/3092
f 3277/4332/3092 3300/4356/3114 3301/4357/3115 3278/4333/3093
f 3278/4333/3093 3301/4357/3115 3302/4358/3116 3279/4334/3094
f 3279/4334/3094 3302/4358/3116 3303/4359/3117 3280/4335/3095
f 3280/4335/3095 3303/4359/3117 3304/4360/3118 3281/4336/3096
f 3281/4336/3096 3304/4360/3118 3305/4361/3119 3282/4337/3097
f 3282/4337/3097 3305/4361/3119 3306/4362/3120 3283/4338/3098
f 3283/4338/3098 3306/4362/3120 3307/4363/3121 3284/4339/3099
f 3284/4339/3099 3307/4363/3121 3308/4364/3122 3285/4340/3100
f 3285/4340/3100 3308/4364/3122 3309/4365/3123 3286/4341/3101
f 3286/4341/3101 3309/4365/3123 3310/4366/3124 3287/4342/3102
f 3287/4342/3102 3310/4366/3124 3311/4367/3125 3288/4343/3103
f 3288/4343/3103 3311/4367/3125 3312/4368/3126 3289/4344/3104
f 3289/4344/3104 3312/4368/3126 3313/4369/3127 3290/4345/3105
f 3290/4345/3105 3313/4369/3127 3314/4370/3128 3291/4346/3106
f 3291/4346/3106 3314/4370/3128 3315/4371/3129 3292/4347/3107
f 3292/4348/3107 3315/4372/3129 3316/4373/3130 3293/4349/3108
f 3293/4349/3108 3316/4373/3130 3317/4374/3131 3295/4350/3110
f 3297/4352/3112 3319/4375/3133 3318/4376/3132 3296/4353/3111
f 3296/4353/3111 3318/4376/3132 3320/4377/1333 3298/4354/1311
f 3298/4354/1311 3320/4377/1333 3321/4378/3134 3299/4355/3113
f 3299/4355/3113 3321/4378/3134 3322/4379/3135 3300/4356/3114
f 3300/4356/3114 3322/4379/3135 3323/4380/3136 3301/4357/3115
f 3301/4357/3115 3323/4380/3136 3324/4381/3137 3302/4358/3116
f 3302/4358/3116 3324/4381/3137 3325/4382/3138 3303/4359/3117
f 3303/4359/3117 3325/4382/3138 3326/4383/3139 3304/4360/3118
f 3304/4360/3118 3326/4383/3139 3327/4384/3140 3305/4361/3119
f 3305/4361/3119 3327/4384/3140 3328/4385/3141 3306/4362/3120
f 3306/4362/3120 3328/4385/3141 3329/4386/3142 3307/4363/3121
f 3307/4363/3121 3329/4386/3142 3330/4387/3143 3308/4364/3122
f 3308/4364/3122 3330/4387/3143 3331/4388/3144 3309/4365/3123
f 3309/4365/3123 3331/4388/3144 3332/4389/3145 3310/4366/3124
f 3310/4366/3124 3332/4389/3145 3333/4390/3146 3311/4367/3125
f 3311/4367/3125 3333/4390/3146 3334/4391/3147 3312/4368/3126
f 3312/4368/3126 3334/4391/3147 3335/4392/3148 3313/4369/3127
f 3313/4369/3127 3335/4392/3148 3336/4393/3149 3314/4370/3128
f 3314/4370/3128 3336/4393/3149 3337/4394/3150 3315/4371/3129
f 3315/4372/3129 3337/4395/3150 3338/4396/3151 3316/4373/3130
f 3316/4373/3130 3338/4396/3151 3339/4397/3152 3317/4374/3131
f 3319/4375/3133 3341/4398/3154 3340/4399/3153 3318/4376/3132
f 3318/4376/3132 3340/4399/3153 3342/4400/1355 3320/4377/1333
f 3320/4377/1333 3342/4400/1355 3343/4401/3155 3321/4378/3134
f 3321/4378/3134 3343/4401/3155 3344/4402/3156 3322/4379/3135
f 3322/4379/3135 3344/4402/3156 3345/4403/3157 3323/4380/3136
f 3323/4380/3136 3345/4403/3157 3346/4404/3158 3324/4381/3137
f 3324/4381/3137 3346/4404/3158 3347/4405/3159 3325/4382/3138
f 3325/4382/3138 3347/4405/3159 3348/4406/3160 3326/4383/3139
f 3326/4383/3139 3348/4406/3160 3349/4407/3161 3327/4384/3140
f 3327/4384/3140 3349/4407/3161 3350/4408/3162 3328/4385/3141
f 3328/4385/3141 3350/4408/3162 3351/4409/3163 3329/4386/3142
f 3329/4386/3142 3351/4409/3163 3352/4410/3164 3330/4387/3143
f 3330/4387/3143 3352/4410/3164 3353/4411/3165 3331/4388/3144
f 3331/4388/3144 3353/4411/3165 3354/4412/3166 3332/4389/3145
f 3332/4389/3145 3354/4412/3166 3355/4413/3167 3333/4390/3146
f 3333/4390/3146 3355/4413/3167 3356/4414/3168 3334/4391/3147
f 3334/4391/3147 3356/4414/3168 3357/4415/3169 3335/4392/3148
f 3335/4392/3148 3357/4415/3169 3358/4416/3170 3336/4393/3149
f 3336/4393/3149 3358/4416/3170 3359/4417/3171 3337/4394/3150
f 3337/4395/3150 3359/4418/3171 3360/4419/3172 3338/4396/3151
f 3338/4396/3151 3360/4419/3172 3361/4420/3173 3339/4397/3152
f 3341/4398/3154 3363/4421/3175 3362/4422/3174 3340/4399/3153
f 3340/4399/3153 3362/4422/3174 3364/4423/1377 3342/4400/1355
f 3342/4400/1355 3364/4423/1377 3365/4424/1378 3343/4401/3155
f 3343/4401/3155 3365/4424/1378 3366/4425/3176 3344/4402/3156
f 3344/4402/3156 3366/4425/3176 3367/4426/3177 3345/4403/3157
f 3345/4403/3157 3367/4426/3177 3368/4427/3178 3346/4404/3158
f 3346/4404/3158 3368/4427/3178 3369/4428/3179 3347/4405/3159
f 3347/4405/3159 3369/4428/3179 3370/4429/3180 3348/4406/3160
f 3348/4406/3160 3370/4429/3180 3371/4430/3181 3349/4407/3161
f 3349/4407/3161 3371/4430/3181 3372/4431/3182 3350/4408/3162
f 3350/4408/3162 3372/4431/3182 3373/4432/3183 3351/4409/3163
f 3351/4409/3163 3373/4432/3183 3374/4433/3184 3352/4410/3164
f 3352/4410/3164 3374/4433/3184 3375/4434/3185 3353/4411/3165
f 3353/4411/3165 3375/4434/3185 3376/4435/3186 3354/4412/3166
f 3354/4412/3166 3376/4435/3186 3377/4436/3187 3355/4413/3167
f 3355/4413/3167 3377/4436/3187 3378/4437/3188 3356/4414/3168
f 3356/4414/3168 3378/4437/3188 3379/4438/3189 3357/4415/3169
f 3357/4415/3169 3379/4438/3189 3380/4439/3190 3358/4416/3170
f 3358/4416/3170 3380/4439/3190 3381/4440/3191 3359/4417/3171
f 3359/4417/3171 3381/4440/3191 3382/4441/3192 3360/4442/3172
f 3360/4419/3172 3382/4443/3192 3383/4444/3193 3361/4420/3173
f 3363/4421/3175 3385/4445/3194 3384/4446/1398 3362/4422/3174
f 3362/4422/3174 3384/4446/1398 3386/4447/1399 3364/4423/1377
f 3364/4423/1377 3386/4447/1399 3387/4448/1400 3365/4424/1378
f 3365/4424/1378 3387/4448/1400 3388/4449/3195 3366/4425/3176
f 3366/4425/3176 3388/4449/3195 3389/4450/3196 3367/4426/3177
f 3367/4426/3177 3389/4450/3196 3390/4451/3197 3368/4427/3178
f 3368/4427/3178 3390/4451/3197 3391/4452/3198 3369/4428/3179
f 3369/4428/3179 3391/4452/3198 3392/4453/3199 3370/4429/3180
f 3370/4429/3180 3392/4453/3199 3393/4454/3200 3371/4430/3181
f 3371/4430/3181 3393/4454/3200 3394/4455/3201 3372/4431/3182
f 3372/4431/3182 3394/4455/3201 3395/4456/3202 3373/4432/3183
f 3373/4432/3183 3395/4456/3202 3396/4457/3203 3374/4433/3184
f 3374/4433/3184 3396/4457/3203 3397/4458/3204 3375/4434/3185
f 3375/4434/3185 3397/4458/3204 3398/4459/3205 3376/4435/3186
f 3376/4435/3186 3398/4459/3205 3399/4460/3206 3377/4436/3187
f 3377/4436/3187 3399/4460/3206 3400/4461/3207 3378/4437/3188
f 3378/4437/3188 3400/4461/3207 3401/4462/3208 3379/4438/3189
f 3379/4438/3189 3401/4462/3208 3402/4463/3209 3380/4439/3190
f 3380/4439/3190 3402/4463/3209 3403/4464/3210 3381/4440/3191
f 3381/4440/3191 3403/4464/3210 3404/4465/3211 3382/4441/3192
f 3382/4443/3192 3404/4466/3211 3405/4467/3212 3383/4444/3193
f 3385/4445/3194 3407/4468/3213 3406/4469/1420 3384/4446/1398
f 3384/4446/1398 3406/4469/1420 3408/4470/1421 3386/4447/1399
f 3386/4447/1399 3408/4470/1421 3409/4471/1422 3387/4448/1400
f 3387/4448/1400 3409/4471/1422 3410/4472/3214 3388/4449/3195
f 3388/4449/3195 3410/4472/3214 3411/4473/3215 3389/4450/3196
f 3389/4450/3196 3411/4473/3215 3412/4474/3216 3390/4451/3197
f 3390/4451/3197 3412/4474/3216 3413/4475/3217 3391/4452/3198
f 3391/4452/3198 3413/4475/3217 3414/4476/3218 3392/4453/3199
f 3392/4453/3199 3414/4476/3218 3415/4477/3219 3393/4454/3200
f 3393/4454/3200 3415/4477/3219 3416/4478/3220 3394/4455/3201
f 3394/4455/3201 3416/4478/3220 3417/4479/3221 3395/4456/3202
f 3395/4456/3202 3417/4479/3221 3418/4480/3222 3396/4457/3203
f 3396/4457/3203 3418/4480/3222 3419/4481/3223 3397/4458/3204
f 3397/4458/3204 3419/4481/3223 3420/4482/3224 3398/4459/3205
f 3398/4459/3205 3420/4482/3224 3421/4483/3225 3399/4460/3206
f 3399/4460/3206 3421/4483/3225 3422/4484/3226 3400/4461/3207
f 3400/4461/3207 3422/4484/3226 3423/4485/3227 3401/4462/3208
f 3401/4462/3208 3423/4485/3227 3424/4486/3228 3402/4463/3209
f 3402/4463/3209 3424/4486/3228 3425/4487/3229 3403/4464/3210
f 3403/4464/3210 3425/4487/3229 3426/4488/3230 3404/4465/3211
f 3404/4466/3211 3426/4489/3230 3427/4490/3231 3405/4467/3212
f 3407/4468/3213 3429/4491/3232 3428/4492/1442 3406/4469/1420
f 3406/4469/1420 3428/4492/1442 3430/4493/1443 3408/4470/1421
f 3408/4470/1421 3430/4493/1443 3431/4494/3233 3409/4471/1422
f 3409/4471/1422 3431/4494/3233 3432/4495/3234 3410/4472/3214
f 3410/4472/3214 3432/4495/3234 3433/4496/3235 3411/4473/3215
f 3411/4473/3215 3433/4496/3235 3434/4497/3236 3412/4474/3216
f 3412/4474/3216 3434/4497/3236 3435/4498/3237 3413/4475/3217
f 3413/4475/3217 3435/4498/3237 3436/4499/3238 3414/4476/3218
f 3414/4476/3218 3436/4499/3238 3437/4500/3239 3415/4477/3219
f 3415/4477/3219 3437/4500/3239 3438/4501/3240 3416/4478/3220
f 3416/4478/3220 3438/4501/3240 3439/4502/3241 3417/4479/3221
f 3417/4479/3221 3439/4502/3241 3440/4503/3242 3418/4480/3222
f 3418/4480/3222 3440/4503/3242 3441/4504/3243 3419/4481/3223
f 3419/4481/3223 3441/4504/3243 3442/4505/3244 3420/4482/3224
f 3420/4482/3224 3442/4505/3244 3443/4506/3245 3421/4483/3225
f 3421/4483/3225 3443/4506/3245 3444/4507/3246 3422/4484/3226
f 3422/4484/3226 3444/4507/3246 3445/4508/3247 3423/4485/3227
f 3423/4485/3227 3445/4508/3247 3446/4509/3248 3424/4486/3228
f 3424/4486/3228 3446/4509/3248 3447/4510/3249 3425/4487/3229
f 3425/4511/3229 3447/4512/3249 3448/4513/3250 3426/4489/3230
f 3426/4489/3230 3448/4513/3250 3449/4514/3251 3427/4490/3231
f 3429/4491/3232 3451/4515/3253 3450/4516/3252 3428/4492/1442
f 3428/4492/1442 3450/4516/3252 3452/4517/1465 3430/4493/1443
f 3430/4493/1443 3452/4517/1465 3453/4518/3254 3431/4494/3233
f 3431/4494/3233 3453/4518/3254 3454/4519/3255 3432/4495/3234
f 3432/4495/3234 3454/4519/3255 3455/4520/3256 3433/4496/3235
f 3433/4496/3235 3455/4520/3256 3456/4521/3257 3434/4497/3236
f 3434/4497/3236 3456/4521/3257 3457/4522/3258 3435/4498/3237
f 3435/4498/3237 3457/4522/3258 3458/4523/3259 3436/4499/3238
f 3436/4499/3238 3458/4523/3259 3459/4524/3260 3437/4500/3239
f 3437/4500/3239 3459/4524/3260 3460/4525/3261 3438/4501/3240
f 3438/4501/3240 3460/4525/3261 3461/4526/3262 3439/4502/3241
f 3439/4502/3241 3461/4526/3262 3462/4527/3263 3440/4503/3242
f 3440/4503/3242 3462/4527/3263 3463/4528/3264 3441/4504/3243
f 3441/4504/3243 3463/4528/3264 3464/4529/3265 3442/4505/3244
f 3442/4505/3244 3464/4529/3265 3465/4530/3266 3443/4506/3245
f 3443/4506/3245 3465/4530/3266 3466/4531/3267 3444/4507/3246
f 3444/4507/3246 3466/4531/3267 3467/4532/3268 3445/4508/3247
f 3445/4508/3247 3467/4532/3268 3468/4533/3269 3446/4509/3248
f 3446/4509/3248 3468/4533/3269 3469/4534/3270 3447/4510/3249
f 3447/4512/3249 3469/4535/3270 3470/4536/3271 3448/4513/3250
f 3448/4513/3250 3470/4536/3271 3471/4537/3272 3449/4514/3251
f 3451/4515/3253 3473/4538/3273 3472/4539/1486 3450/4516/3252
f 3450/4516/3252 3472/4539/1486 3474/4540/1487 3452/4517/1465
f 3452/4517/1465 3474/4540/1487 3475/4541/3274 3453/4518/3254
f 3453/4518/3254 3475/4541/3274 3476/4542/3275 3454/4519/3255
f 3454/4519/3255 3476/4542/3275 3477/4543/3276 3455/4520/3256
f 3455/4520/3256 3477/4543/3276 3478/4544/3277 3456/4521/3257
f 3456/4521/3257 3478/4544/3277 3479/4545/3278 3457/4522/3258
f 3457/4522/3258 3479/4545/3278 3480/4546/3279 3458/4523/3259
f 3458/4523/3259 3480/4546/3279 3481/4547/3280 3459/4524/3260
f 3459/4524/3260 3481/4547/3280 3482/4548/3281 3460/4525/3261
f 3460/4525/3261 3482/4548/3281 3483/4549/3282 3461/4526/3262
f 3461/4526/3262 3483/4549/3282 3484/4550/3283 3462/4527/3263
f 3462/4527/3263 3484/4550/3283 3485/4551/3284 3463/4528/3264
f 3463/4528/3264 3485/4551/3284 3486/4552/3285 3464/4529/3265
f 3464/4529/3265 3486/4552/3285 3487/4553/3286 3465/4530/3266
f 3465/4530/3266 3487/4553/3286 3488/4554/3287 3466/4531/3267
f 3466/4531/3267 3488/4554/3287 3489/4555/3288 3467/4532/3268
f 3467/4532/3268 3489/4555/3288 3490/4556/3289 3468/4533/3269
f 3468/4533/3269 3490/4556/3289 3491/4557/3290 3469/4534/3270
f 3469/4535/3270 3491/4558/3290 3492/4559/3291 3470/4536/3271
f 3470/4536/3271 3492/4559/3291 3493/4560/3292 3471/4537/3272
f 3473/4538/3273 3495/4561/3294 3494/4562/3293 3472/4539/1486
f 3472/4539/1486 3494/4562/3293 3496/4563/1509 3474/4540/1487
f 3474/4540/1487 3496/4563/1509 3497/4564/3295 3475/4541/3274
f 3475/4541/3274 3497/4564/3295 3498/4565/3296 3476/4542/3275
f 3476/4542/3275 3498/4565/3296 3499/4566/3297 3477/4543/3276
f 3477/4543/3276 3499/4566/3297 3500/4567/3298 3478/4544/3277
f 3478/4544/3277 3500/4567/3298 3501/4568/3299 3479/4545/3278
f 3479/4545/3278 3501/4568/3299 3502/4569/3300 3480/4546/3279
f 3480/4546/3279 3502/4569/3300 3503/4570/3301 3481/4547/3280
f 3481/4547/3280 3503/4570/3301 3504/4571/3302 3482/4548/3281
f 3482/4548/3281 3504/4571/3302 3505/4572/3303 3483/4549/3282
f 3483/4549/3282 3505/4572/3303 3506/4573/3304 3484/4550/3283
f 3484/4550/3283 3506/4573/3304 3507/4574/3305 3485/4551/3284
f 3485/4551/3284 3507/4574/3305 3508/4575/3306 3486/4552/3285
f 3486/4552/3285 3508/4575/3306 3509/4576/3307 3487/4553/3286
f 3487/4553/3286 3509/4576/3307 3510/4577/3308 3488/4554/3287
f 3488/4554/3287 3510/4577/3308 3511/4578/3309 3489/4555/3288
f 3489/4555/3288 3511/4578/3309 3512/4579/3310 3490/4556/3289
f 3490/4556/3289 3512/4579/3310 3513/4580/3311 3491/4557/3290
f 3491/4558/3290 3513/4581/3311 3514/4582/3312 3492/4559/3291
f 3492/4559/3291 3514/4582/3312 3515/4583/3313 3493/4560/3292
f 3495/4561/3294 3517/4584/3315 3516/4585/3314 3494/4562/3293
f 3494/4562/3293 3516/4585/3314 3518/4586/1531 3496/4563/1509
f 3496/4563/1509 3518/4586/1531 3519/4587/1532 3497/4564/3295
f 3497/4564/3295 3519/4587/1532 3520/4588/3316 3498/4565/3296
f 3498/4565/3296 3520/4588/3316 3521/4589/3317 3499/4566/3297
f 3499/4566/3297 3521/4589/3317 3522/4590/3318 3500/4567/3298
f 3500/4567/3298 3522/4590/3318 3523/4591/3319 3501/4568/3299
f 3501/4568/3299 3523/4591/3319 3524/4592/3320 3502/4569/3300
f 3502/4569/3300 3524/4592/3320 3525/4593/3321 3503/4570/3301
f 3503/4570/3301 3525/4593/3321 3526/4594/3322 3504/4571/3302
f 3504/4571/3302 3526/4594/3322 3527/4595/3323 3505/4572/3303
f 3505/4572/3303 3527/4595/3323 3528/4596/3324 3506/4573/3304
f 3506/4573/3304 3528/4596/3324 3529/4597/3325 3507/4574/3305
f 3507/4574/3305 3529/4597/3325 3530/4598/3326 3508/4575/3306
f 3508/4575/3306 3530/4598/3326 3531/4599/3327 3509/4576/3307
f 3509/4576/3307 3531/4599/3327 3532/4600/3328 3510/4577/3308
f 3510/4577/3308 3532/4600/3328 3533/4601/3329 3511/4578/3309
f 3511/4578/3309 3533/4601/3329 3534/4602/3330 3512/4579/3310
f 3512/4579/3310 3534/4602/3330 3535/4603/3331 3513/4580/3311
f 3513/4581/3311 3535/4604/3331 3536/4605/3332 3514/4582/3312
f 3514/4582/3312 3536/4605/3332 3537/4606/3333 3515/4583/3313
f 3517/4584/3315 3539/4607/3335 3538/4608/3334 3516/4585/3314
f 3516/4585/3314 3538/4608/3334 3540/4609/1553 3518/4586/1531
f 3518/4586/1531 3540/4609/1553 3541/4610/1554 3519/4587/1532
f 3519/4587/1532 3541/4610/1554 3542/4611/3336 3520/4588/3316
f 3520/4588/3316 3542/4611/3336 3543/4612/3337 3521/4589/3317
f 3521/4589/3317 3543/4612/3337 3544/4613/3338 3522/4590/3318
f 3522/4590/3318 3544/4613/3338 3545/4614/3339 3523/4591/3319
f 3523/4591/3319 3545/4614/3339 3546/4615/3340 3524/4592/3320
f 3524/4592/3320 3546/4615/3340 3547/4616/3341 3525/4593/3321
f 3525/4593/3321 3547/4616/3341 3548/4617/3342 3526/4594/3322
f 3526/4594/3322 3548/4617/3342 3549/4618/3343 3527/4595/3323
f 3527/4595/3323 3549/4618/3343 3550/4619/3344 3528/4596/3324
f 3528/4596/3324 3550/4619/3344 3551/4620/3345 3529/4597/3325
f 3529/4597/3325 3551/4620/3345 3552/4621/3346 3530/4598/3326
f 3530/4598/3326 3552/4621/3346 3553/4622/3347 3531/4599/3327
f 3531/4599/3327 3553/4622/3347 3554/4623/3348 3532/4600/3328
f 3532/4600/3328 3554/4623/3348 3555/4624/3349 3533/4601/3329
f 3533/4601/3329 3555/4624/3349 3556/4625/3350 3534/4602/3330
f 3534/4602/3330 3556/4625/3350 3557/4626/3351 3535/4603/3331
f 3535/4603/3331 3557/4626/3351 3558/4627/3352 3536/4628/3332
f 3536/4605/3332 3558/4629/3352 3559/4630/3353 3537/4606/3333
f 3539/4607/3335 3561/4631/3354 3560/4632/1574 3538/4608/3334
f 3538/4608/3334 3560/4632/1574 3562/4633/1575 3540/4609/1553
f 3540/4609/1553 3562/4633/1575 3563/4634/1576 3541/4610/1554
f 3541/4610/1554 3563/4634/1576 3564/4635/3355 3542/4611/3336
f 3542/4611/3336 3564/4635/3355 3565/4636/3356 3543/4612/3337
f 3543/4612/3337 3565/4636/3356 3566/4637/3357 3544/4613/3338
f 3544/4613/3338 3566/4637/3357 3567/4638/3358 3545/4614/3339
f 3545/4614/3339 3567/4638/3358 3568/4639/3359 3546/4615/3340
f 3546/4615/3340 3568/4639/3359 3569/4640/3360 3547/4616/3341
f 3547/4616/3341 3569/4640/3360 3570/4641/3361 3548/4617/3342
f 3548/4617/3342 3570/4641/3361 3571/4642/3362 3549/4618/3343
f 3549/4618/3343 3571/4642/3362 3572/4643/3363 3550/4619/3344
f 3550/4619/3344 3572/4643/3363 3573/4644/3364 3551/4620/3345
f 3551/4620/3345 3573/4644/3364 3574/4645/3365 3552/4621/3346
f 3552/4621/3346 3574/4645/3365 3575/4646/3366 3553/4622/3347
f 3553/4622/3347 3575/4646/3366 3576/4647/3367 3554/4623/3348
f 3554/4623/3348 3576/4647/3367 3577/4648/3368 3555/4624/3349
f 3555/4624/3349 3577/4648/3368 3578/4649/3369 3556/4625/3350
f 3556/4625/3350 3578/4649/3369 3579/4650/3370 3557/4626/3351
f 3557/4626/3351 3579/4650/3370 3580/4651/3371 3558/4627/3352
f 3558/4629/3352 3580/4652/3371 3581/4653/3372 3559/4630/3353
f 3561/4631/3354 3583/4654/3374 3582/4655/3373 3560/4632/1574
f 3560/4632/1574 3582/4655/3373 3584/4656/1596 3562/4633/1575
f 3562/4633/1575 3584/4656/1596 3585/4657/1597 3563/4634/1576
f 3563/4634/1576 3585/4657/1597 3586/4658/3375 3564/4635/3355
f 3564/4635/3355 3586/4658/3375 3587/4659/3376 3565/4636/3356
f 3565/4636/3356 3587/4659/3376 3588/4660/3377 3566/4637/3357
f 3566/4637/3357 3588/4660/3377 3589/4661/3378 3567/4638/3358
f 3567/4638/3358 3589/4661/3378 3590/4662/3379 3568/4639/3359
f 3568/4639/3359 3590/4662/3379 3591/4663/3380 3569/4640/3360
f 3569/4640/3360 3591/4663/3380 3592/4664/3381 3570/4641/3361
f 3570/4641/3361 3592/4664/3381 3593/4665/3382 3571/4642/3362
f 3571/4642/3362 3593/4665/3382 3594/4666/3383 3572/4643/3363
f 3572/4643/3363 3594/4666/3383 3595/4667/3384 3573/4644/3364
f 3573/4644/3364 3595/4667/3384 3596/4668/3385 3574/4645/3365
f 3574/4645/3365 3596/4668/3385 3597/4669/3386 3575/4646/3366
f 3575/4646/3366 3597/4669/3386 3598/4670/3387 3576/4647/3367
f 3576/4647/3367 3598/4670/3387 3599/4671/3388 3577/4648/3368
f 3577/4648/3368 3599/4671/3388 3600/4672/3389 3578/4649/3369
f 3578/4649/3369 3600/4672/3389 3601/4673/3390 3579/4650/3370
f 3579/4650/3370 3601/4673/3390 3602/4674/3391 3580/4651/3371
f 3583/4654/3374 3604/4675/3393 3603/4676/3392 3582/4655/3373
f 3582/4655/3373 3603/4676/3392 3605/4677/1617 3584/4656/1596
f 3584/4656/1596 3605/4677/1617 3606/4678/3394 3585/4657/1597
f 3585/4657/1597 3606/4678/3394 3607/4679/3395 3586/4658/3375
f 3586/4658/3375 3607/4679/3395 3608/4680/3396 3587/4659/3376
f 3587/4659/3376 3608/4680/3396 3609/4681/3397 3588/4660/3377
f 3588/4660/3377 3609/4681/3397 3610/4682/3398 3589/4661/3378
f 3589/4661/3378 3610/4682/3398 3611/4683/3399 3590/4662/3379
f 3590/4662/3379 3611/4683/3399 3612/4684/3400 3591/4663/3380
f 3591/4663/3380 3612/4684/3400 3613/4685/3401 3592/4664/3381
f 3592/4664/3381 3613/4685/3401 3614/4686/3402 3593/4665/3382
f 3593/4665/3382 3614/4686/3402 3615/4687/3403 3594/4666/3383
f 3594/4666/3383 3615/4687/3403 3616/4688/3404 3595/4667/3384
f 3595/4667/3384 3616/4688/3404 3617/4689/3405 3596/4668/3385
f 3596/4668/3385 3617/4689/3405 3618/4690/3406 3597/4669/3386
f 3597/4669/3386 3618/4690/3406 3619/4691/3407 3598/4670/3387
f 3598/4670/3387 3619/4691/3407 3620/4692/3408 3599/4671/3388
f 3599/4671/3388 3620/4692/3408 3621/4693/3409 3600/4672/3389
f 3600/4672/3389 3621/4693/3409 3622/4694/3410 3601/4673/3390
f 3601/4695/3390 3622/4696/3410 3623/4697/3411 3602/4698/3391
f 3604/4675/3393 3625/4699/3412 3624/4700/1636 3603/4676/3392
f 3603/4676/3392 3624/4700/1636 3626/4701/1637 3605/4677/1617
f 3605/4677/1617 3626/4701/1637 3627/4702/3413 3606/4678/3394
f 3606/4678/3394 3627/4702/3413 3628/4703/3414 3607/4679/3395
f 3607/4679/3395 3628/4703/3414 3629/4704/3415 3608/4680/3396
f 3608/4680/3396 3629/4704/3415 3630/4705/3416 3609/4681/3397
f 3609/4681/3397 3630/4705/3416 3631/4706/3417 3610/4682/3398
f 3610/4682/3398 3631/4706/3417 3632/4707/3418 3611/4683/3399
f 3611/4683/3399 3632/4707/3418 3633/4708/3419 3612/4684/3400
f 3612/4684/3400 3633/4708/3419 3634/4709/3420 3613/4685/3401
f 3613/4685/3401 3634/4709/3420 3635/4710/3421 3614/4686/3402
f 3614/4686/3402 3635/4710/3421 3636/4711/3422 3615/4687/3403
f 3615/4687/3403 3636/4711/3422 3637/4712/3423 3616/4688/3404
f 3616/4688/3404 3637/4712/3423 3638/4713/3424 3617/4689/3405
f 3617/4689/3405 3638/4713/3424 3639/4714/3425 3618/4690/3406
f 3618/4690/3406 3639/4714/3425 3640/4715/3426 3619/4691/3407
f 3619/4691/3407 3640/4715/3426 3641/4716/3427 3620/4692/3408
f 3620/4692/3408 3641/4716/3427 3642/4717/3428 3621/4693/3409
f 3621/4693/3409 3642/4717/3428 3643/4718/3429 3622/4694/3410
f 3625/4699/3412 3645/4719/3431 3644/4720/3430 3624/4700/1636
f 3624/4700/1636 3644/4720/3430 3646/4721/1657 3626/4701/1637
f 3626/4701/1637 3646/4721/1657 3647/4722/3432 3627/4702/3413
f 3627/4702/3413 3647/4722/3432 3648/4723/3433 3628/4703/3414
f 3628/4703/3414 3648/4723/3433 3649/4724/3434 3629/4704/3415
f 3629/4704/3415 3649/4724/3434 3650/4725/3435 3630/4705/3416
f 3630/4705/3416 3650/4725/3435 3651/4726/3436 3631/4706/3417
f 3631/4706/3417 3651/4726/3436 3652/4727/3437 3632/4707/3418
f 3632/4707/3418 3652/4727/3437 3653/4728/3438 3633/4708/3419
f 3633/4708/3419 3653/4728/3438 3654/4729/3439 3634/4709/3420
f 3634/4709/3420 3654/4729/3439 3655/4730/3440 3635/4710/3421
f 3635/4710/3421 3655/4730/3440 3656/4731/3441 3636/4711/3422
f 3636/4711/3422 3656/4731/3441 3657/4732/3442 3637/4712/3423
f 3637/4712/3423 3657/4732/3442 3658/4733/3443 3638/4713/3424
f 3638/4713/3424 3658/4733/3443 3659/4734/3444 3639/4714/3425
f 3639/4714/3425 3659/4734/3444 3660/4735/3445 3640/4715/3426
f 3640/4715/3426 3660/4735/3445 3661/4736/3446 3641/4716/3427
f 3641/4716/3427 3661/4736/3446 3662/4737/3447 3642/4717/3428
f 3642/4717/3428 3662/4737/3447 3663/4738/3448 3643/4718/3429
f 3645/4719/3431 3665/4739/3450 3664/4740/3449 3644/4720/3430
f 3644/4720/3430 3664/4740/3449 3666/4741/1677 3646/4721/1657
f 3646/4721/1657 3666/4741/1677 3667/4742/3451 3647/4722/3432
f 3647/4722/3432 3667/4742/3451 3668/4743/3452 3648/4723/3433
f 3648/4723/3433 3668/4743/3452 3669/4744/3453 3649/4724/3434
f 3649/4724/3434 3669/4744/3453 3670/4745/3454 3650/4725/3435
f 3650/4725/3435 3670/4745/3454 3671/4746/3455 3651/4726/3436
f 3651/4726/3436 3671/4746/3455 3672/4747/3456 3652/4727/3437
f 3652/4727/3437 3672/4747/3456 3673/4748/3457 3653/4728/3438
f 3653/4728/3438 3673/4748/3457 3674/4749/3458 3654/4729/3439
f 3654/4729/3439 3674/4749/3458 3675/4750/3459 3655/4730/3440
f 3655/4730/3440 3675/4750/3459 3676/4751/3460 3656/4731/3441
f 3656/4731/3441 3676/4751/3460 3677/4752/3461 3657/4732/3442
f 3657/4732/3442 3677/4752/3461 3678/4753/3462 3658/4733/3443
f 3658/4733/3443 3678/4753/3462 3679/4754/3463 3659/4734/3444
f 3659/4734/3444 3679/4754/3463 3680/4755/3464 3660/4735/3445
f 3660/4735/3445 3680/4755/3464 3681/4756/3465 3661/4736/3446
f 3661/4736/3446 3681/4756/3465 3682/4757/3466 3662/4737/3447
f 3662/4737/3447 3682/4757/3466 3683/4758/3467 3663/4738/3448
f 3665/4739/3450 3685/4759/3469 3684/4760/3468 3664/4740/3449
f 3664/4740/3449 3684/4760/3468 3686/4761/1696 3666/4741/1677
f 3666/4741/1677 3686/4761/1696 3687/4762/3470 3667/4742/3451
f 3667/4742/3451 3687/4762/3470 3688/4763/3471 3668/4743/3452
f 3668/4743/3452 3688/4763/3471 3689/4764/3472 3669/4744/3453
f 3669/4744/3453 3689/4764/3472 3690/4765/3473 3670/4745/3454
f 3670/4745/3454 3690/4765/3473 3691/4766/3474 3671/4746/3455
f 3671/4746/3455 3691/4766/3474 3692/4767/3475 3672/4747/3456
f 3672/4747/3456 3692/4767/3475 3693/4768/3476 3673/4748/3457
f 3673/4748/3457 3693/4768/3476 3694/4769/3477 3674/4749/3458
f 3674/4749/3458 3694/4769/3477 3695/4770/3478 3675/4750/3459
f 3675/4750/3459 3695/4770/3478 3696/4771/3479 3676/4751/3460
f 3676/4751/3460 3696/4771/3479 3697/4772/3480 3677/4752/3461
f 3677/4752/3461 3697/4772/3480 3698/4773/3481 3678/4753/3462
f 3678/4753/3462 3698/4773/3481 3699/4774/3482 3679/4754/3463
f 3679/4754/3463 3699/4774/3482 3700/4775/3483 3680/4755/3464
f 3680/4755/3464 3700/4775/3483 3701/4776/3484 3681/4756/3465
f 3681/4756/3465 3701/4776/3484 3702/4777/3485 3682/4757/3466
f 3685/4759/3469 3704/4778/3487 3703/4779/3486 3684/4760/3468
f 3684/4760/3468 3703/4779/3486 3705/4780/1715 3686/4761/1696
f 3686/4761/1696 3705/4780/1715 3706/4781/1716 3687/4762/3470
f 3687/4762/3470 3706/4781/1716 3707/4782/3488 3688/4763/3471
f 3688/4763/3471 3707/4782/3488 3708/4783/3489 3689/4764/3472
f 3689/4764/3472 3708/4783/3489 3709/4784/3490 3690/4765/3473
f 3690/4765/3473 3709/4784/3490 3710/4785/3491 3691/4766/3474
f 3691/4766/3474 3710/4785/3491 3711/4786/3492 3692/4767/3475
f 3692/4767/3475 3711/4786/3492 3712/4787/3493 3693/4768/3476
f 3693/4768/3476 3712/4787/3493 3713/4788/3494 3694/4769/3477
f 3694/4769/3477 3713/4788/3494 3714/4789/3495 3695/4770/3478
f 3695/4770/3478 3714/4789/3495 3715/4790/3496 3696/4771/3479
f 3696/4771/3479 3715/4790/3496 3716/4791/3497 3697/4772/3480
f 3697/4772/3480 3716/4791/3497 3717/4792/3498 3698/4773/3481
f 3698/4773/3481 3717/4792/3498 3718/4793/3499 3699/4774/3482
f 3699/4774/3482 3718/4793/3499 3719/4794/3500 3700/4775/3483
f 3700/4775/3483 3719/4794/3500 3720/4795/3501 3701/4776/3484
f 3701/4776/3484 3720/4795/3501 3721/4796/3502 3702/4777/3485
f 3704/4778/3487 3723/4797/3504 3722/4798/3503 3703/4779/3486
f 3703/4779/3486 3722/4798/3503 3724/4799/1733 3705/4780/1715
f 3705/4780/1715 3724/4799/1733 3725/4800/1734 3706/4781/1716
f 3706/4781/1716 3725/4800/1734 3726/4801/3505 3707/4782/3488
f 3707/4782/3488 3726/4801/3505 3727/4802/3506 3708/4783/3489
f 3708/4783/3489 3727/4802/3506 3728/4803/3507 3709/4784/3490
f 3709/4784/3490 3728/4803/3507 3729/4804/3508 3710/4785/3491
f 3710/4785/3491 3729/4804/3508 3730/4805/3509 3711/4786/3492
f 3711/4786/3492 3730/4805/3509 3731/4806/3510 3712/4787/3493
f 3712/4787/3493 3731/4806/3510 3732/4807/3511 3713/4788/3494
f 3713/4788/3494 3732/4807/3511 3733/4808/3512 3714/4789/3495
f 3714/4789/3495 3733/4808/3512 3734/4809/3513 3715/4790/3496
f 3715/4790/3496 3734/4809/3513 3735/4810/3514 3716/4791/3497
f 3716/4791/3497 3735/4810/3514 3736/4811/3515 3717/4792/3498
f 3717/4792/3498 3736/4811/3515 3737/4812/3516 3718/4793/3499
f 3718/4793/3499 3737/4812/3516 3738/4813/3517 3719/4794/3500
f 3719/4794/3500 3738/4813/3517 3739/4814/3518 3720/4795/3501
f 3723/4797/3504 3741/4815/3519 3740/4816/1750 3722/4798/3503
f 3722/4798/3503 3740/4816/1750 3742/4817/1751 3724/4799/1733
f 3724/4799/1733 3742/4817/1751 3743/4818/1752 3725/4800/1734
f 3725/4800/1734 3743/4818/1752 3744/4819/3520 3726/4801/3505
f 3726/4801/3505 3744/4819/3520 3745/4820/3521 3727/4802/3506
f 3727/4802/3506 3745/4820/3521 3746/4821/3522 3728/4803/3507
f 3728/4803/3507 3746/4821/3522 3747/4822/3523 3729/4804/3508
f 3729/4804/3508 3747/4822/3523 3748/4823/3524 3730/4805/3509
f 3730/4805/3509 3748/4823/3524 3749/4824/3525 3731/4806/3510
f 3731/4806/3510 3749/4824/3525 3750/4825/3526 3732/4807/3511
f 3732/4807/3511 3750/4825/3526 3751/4826/3527 3733/4808/3512
f 3733/4808/3512 3751/4826/3527 3752/4827/3528 3734/4809/3513
f 3734/4809/3513 3752/4827/3528 3753/4828/3529 3735/4810/3514
f 3735/4810/3514 3753/4828/3529 3754/4829/3530 3736/4811/3515
f 3736/4811/3515 3754/4829/3530 3755/4830/3531 3737/4812/3516
f 3737/4812/3516 3755/4830/3531 3756/4831/3532 3738/4813/3517
f 3738/4813/3517 3756/4831/3532 3757/4832/3533 3739/4814/3518
f 3741/4815/3519 3759/4833/3534 3758/4834/1767 3740/4816/1750
f 3740/4816/1750 3758/4834/1767 3760/4835/1768 3742/4817/1751
f 3742/4817/1751 3760/4835/1768 3761/4836/3535 3743/4818/1752
f 3743/4818/1752 3761/4836/3535 3762/4837/3536 3744/4819/3520
f 3744/4819/3520 3762/4837/3536 3763/4838/3537 3745/4820/3521
f 3745/4820/3521 3763/4838/3537 3764/4839/3538 3746/4821/3522
f 3746/4821/3522 3764/4839/3538 3765/4840/3539 3747/4822/3523
f 3747/4822/3523 3765/4840/3539 3766/4841/3540 3748/4823/3524
f 3748/4823/3524 3766/4841/3540 3767/4842/3541 3749/4824/3525
f 3749/4824/3525 3767/4842/3541 3768/4843/3542 3750/4825/3526
f 3750/4825/3526 3768/4843/3542 3769/4844/3543 3751/4826/3527
f 3751/4826/3527 3769/4844/3543 3770/4845/3544 3752/4827/3528
f 3752/4827/3528 3770/4845/3544 3771/4846/3545 3753/4828/3529
f 3753/4828/3529 3771/4846/3545 3772/4847/3546 3754/4829/3530
f 3754/4829/3530 3772/4847/3546 3773/4848/3547 3755/4830/3531
f 3755/4830/3531 3773/4848/3547 3774/4849/3548 3756/4831/3532
f 3759/4833/3534 3776/4850/3549 3775/4851/1784 3758/4834/1767
f 3758/4834/1767 3775/4851/1784 3777/4852/1785 3760/4835/1768
f 3760/4835/1768 3777/4852/1785 3778/4853/3550 3761/4836/3535
f 3761/4836/3535 3778/4853/3550 3779/4854/3551 3762/4837/3536
f 3762/4837/3536 3779/4854/3551 3780/4855/3552 3763/4838/3537
f 3763/4838/3537 3780/4855/3552 3781/4856/3553 3764/4839/3538
f 3764/4839/3538 3781/4856/3553 3782/4857/3554 3765/4840/3539
f 3765/4840/3539 3782/4857/3554 3783/4858/3555 3766/4841/3540
f 3766/4841/3540 3783/4858/3555 3784/4859/3556 3767/4842/3541
f 3767/4842/3541 3784/4859/3556 3785/4860/3557 3768/4843/3542
f 3768/4843/3542 3785/4860/3557 3786/4861/3558 3769/4844/3543
f 3769/4844/3543 3786/4861/3558 3787/4862/3559 3770/4845/3544
f 3770/4845/3544 3787/4862/3559 3788/4863/3560 3771/4846/3545
f 3771/4846/3545 3788/4863/3560 3789/4864/3561 3772/4847/3546
f 3772/4847/3546 3789/4864/3561 3790/4865/3562 3773/4848/3547
f 3773/4848/3547 3790/4865/3562 3791/4866/3563 3774/4849/3548
f 3776/4850/3549 3793/4867/3565 3792/4868/3564 3775/4851/1784
f 3775/4851/1784 3792/4868/3564 3794/4869/1802 3777/4852/1785
f 3777/4852/1785 3794/4869/1802 3795/4870/3566 3778/4853/3550
f 3778/4853/3550 3795/4870/3566 3796/4871/3567 3779/4854/3551
f 3779/4854/3551 3796/4871/3567 3797/4872/3568 3780/4855/3552
f 3780/4855/3552 3797/4872/3568 3798/4873/3569 3781/4856/3553
f 3781/4856/3553 3798/4873/3569 3799/4874/3570 3782/4857/3554
f 3782/4857/3554 3799/4874/3570 3800/4875/3571 3783/4858/3555
f 3783/4858/3555 3800/4875/3571 3801/4876/3572 3784/4859/3556
f 3784/4859/3556 3801/4876/3572 3802/4877/3573 3785/4860/3557
f 3785/4860/3557 3802/4877/3573 3803/4878/3574 3786/4861/3558
f 3786/4861/3558 3803/4878/3574 3804/4879/3575 3787/4862/3559
f 3787/4862/3559 3804/4879/3575 3805/4880/3576 3788/4863/3560
f 3788/4863/3560 3805/4880/3576 3806/4881/3577 3789/4864/3561
f 3789/4864/3561 3806/4881/3577 3807/4882/3578 3790/4865/3562
f 3790/4865/3562 3807/4882/3578 3808/4883/3579 3791/4866/3563
f 3793/4867/3565 3810/4884/3581 3809/4885/3580 3792/4868/3564
f 3792/4868/3564 3809/4885/3580 3811/4886/1818 3794/4869/1802
f 3794/4869/1802 3811/4886/1818 3812/4887/3582 3795/4870/3566
f 3795/4870/3566 3812/4887/3582 3813/4888/3583 3796/4871/3567
f 3796/4871/3567 3813/4888/3583 3814/4889/3584 3797/4872/3568
f 3797/4872/3568 3814/4889/3584 3815/4890/3585 3798/4873/3569
f 3798/4873/3569 3815/4890/3585 3816/4891/3586 3799/4874/3570
f 3799/4874/3570 3816/4891/3586 3817/4892/3587 3800/4875/3571
f 3800/4875/3571 3817/4892/3587 3818/4893/3588 3801/4876/3572
f 3801/4876/3572 3818/4893/3588 3819/4894/3589 3802/4877/3573
f 3802/4877/3573 3819/4894/3589 3820/4895/3590 3803/4878/3574
f 3803/4878/3574 3820/4895/3590 3821/4896/3591 3804/4879/3575
f 3804/4879/3575 3821/4896/3591 3822/4897/3592 3805/4880/3576
f 3805/4880/3576 3822/4897/3592 3823/4898/3593 3806/4881/3577
f 3806/4881/3577 3823/4898/3593 3824/4899/3594 3807/4882/3578
f 3810/4884/3581 3826/4900/3596 3825/4901/3595 3809/4885/3580
f 3809/4885/3580 3825/4901/3595 3827/4902/1834 3811/4886/1818
f 3811/4886/1818 3827/4902/1834 3828/4903/1835 3812/4887/3582
f 3812/4887/3582 3828/4903/1835 3829/4904/3597 3813/4888/3583
f 3813/4888/3583 3829/4904/3597 3830/4905/3598 3814/4889/3584
f 3814/4889/3584 3830/4905/3598 3831/4906/3599 3815/4890/3585
f 3815/4890/3585 3831/4906/3599 3832/4907/3600 3816/4891/3586
f 3816/4891/3586 3832/4907/3600 3833/4908/3601 3817/4892/3587
f 3817/4892/3587 3833/4908/3601 3834/4909/3602 3818/4893/3588
f 3818/4893/3588 3834/4909/3602 3835/4910/3603 3819/4894/3589
f 3819/4894/3589 3835/4910/3603 3836/4911/3604 3820/4895/3590
f 3820/4895/3590 3836/4911/3604 3837/4912/3605 3821/4896/3591
f 3821/4896/3591 3837/4912/3605 3838/4913/3606 3822/4897/3592
f 3822/4897/3592 3838/4913/3606 3839/4914/3607 3823/4898/3593
f 3823/4898/3593 3839/4914/3607 3840/4915/3608 3824/4899/3594
f 3826/4900/3596 3842/4916/3610 3841/4917/3609 3825/4901/3595
f 3825/4901/3595 3841/4917/3609 3843/4918/1850 3827/4902/1834
f 3827/4902/1834 3843/4918/1850 3844/4919/1851 3828/4903/1835
f 3828/4903/1835 3844/4919/1851 3845/4920/3611 3829/4904/3597
f 3829/4904/3597 3845/4920/3611 3846/4921/3612 3830/4905/3598
f 3830/4905/3598 3846/4921/3612 3847/4922/3613 3831/4906/3599
f 3831/4906/3599 3847/4922/3613 3848/4923/3614 3832/4907/3600
f 3832/4907/3600 3848/4923/3614 3849/4924/3615 3833/4908/3601
f 3833/4908/3601 3849/4924/3615 3850/4925/3616 3834/4909/3602
f 3834/4909/3602 3850/4925/3616 3851/4926/3617 3835/4910/3603
f 3835/4910/3603 3851/4926/3617 3852/4927/3618 3836/4911/3604
f 3836/4911/3604 3852/4927/3618 3853/4928/3619 3837/4912/3605
f 3837/4912/3605 3853/4928/3619 3854/4929/3620 3838/4913/3606
f 3838/4913/3606 3854/4929/3620 3855/4930/3621 3839/4914/3607
f 3839/4914/3607 3855/4930/3621 3856/4931/3622 3840/4915/3608
f 3842/4916/3610 3858/4932/3624 3857/4933/3623 3841/4917/3609
f 3841/4917/3609 3857/4933/3623 3859/4934/1866 3843/4918/1850
f 3843/4918/1850 3859/4934/1866 3860/4935/1867 3844/4919/1851
f 3844/4919/1851 3860/4935/1867 3861/4936/3625 3845/4920/3611
f 3845/4920/3611 3861/4936/3625 3862/4937/3626 3846/4921/3612
f 3846/4921/3612 3862/4937/3626 3863/4938/3627 3847/4922/3613
f 3847/4922/3613 3863/4938/3627 3864/4939/3628 3848/4923/3614
f 3848/4923/3614 3864/4939/3628 3865/4940/3629 3849/4924/3615
f 3849/4924/3615 3865/4940/3629 3866/4941/3630 3850/4925/3616
f 3850/4925/3616 3866/4941/3630 3867/4942/3631 3851/4926/3617
f 3851/4926/3617 3867/4942/3631 3868/4943/3632 3852/4927/3618
f 3852/4927/3618 3868/4943/3632 3869/4944/3633 3853/4928/3619
f 3853/4928/3619 3869/4944/3633 3870/4945/3634 3854/4929/3620
f 3854/4929/3620 3870/4945/3634 3871/4946/3635 3855/4930/3621
f 3855/4930/3621 3871/4946/3635 3872/4947/3636 3856/4931/3622
f 3858/4932/3624 3874/4948/3637 3873/4949/1880 3857/4933/3623
f 3857/4933/3623 3873/4949/1880 3875/4950/1881 3859/4934/1866
f 3859/4934/1866 3875/4950/1881 3876/4951/1882 3860/4935/1867
f 3860/4935/1867 3876/4951/1882 3877/4952/3638 3861/4936/3625
f 3861/4936/3625 3877/4952/3638 3878/4953/3639 3862/4937/3626
f 3862/4937/3626 3878/4953/3639 3879/4954/3640 3863/4938/3627
f 3863/4938/3627 3879/4954/3640 3880/4955/3641 3864/4939/3628
f 3864/4939/3628 3880/4955/3641 3881/4956/3642 3865/4940/3629
f 3865/4940/3629 3881/4956/3642 3882/4957/3643 3866/4941/3630
f 3866/4941/3630 3882/4957/3643 3883/4958/3644 3867/4942/3631
f 3867/4942/3631 3883/4958/3644 3884/4959/3645 3868/4943/3632
f 3868/4943/3632 3884/4959/3645 3885/4960/3646 3869/4944/3633
f 3869/4944/3633 3885/4960/3646 3886/4961/3647 3870/4945/3634
f 3870/4945/3634 3886/4961/3647 3887/4962/3648 3871/4946/3635
f 3874/4948/3637 3889/4963/3650 3888/4964/3649 3873/4949/1880
f 3873/4949/1880 3888/4964/3649 3890/4965/1896 3875/4950/1881
f 3875/4950/1881 3890/4965/1896 3891/4966/1897 3876/4951/1882
f 3876/4951/1882 3891/4966/1897 3892/4967/3651 3877/4952/3638
f 3877/4952/3638 3892/4967/3651 3893/4968/3652 3878/4953/3639
f 3878/4953/3639 3893/4968/3652 3894/4969/3653 3879/4954/3640
f 3879/4954/3640 3894/4969/3653 3895/4970/3654 3880/4955/3641
f 3880/4955/3641 3895/4970/3654 3896/4971/3655 3881/4956/3642
f 3881/4956/3642 3896/4971/3655 3897/4972/3656 3882/4957/3643
f 3882/4957/3643 3897/4972/3656 3898/4973/3657 3883/4958/3644
f 3883/4958/3644 3898/4973/3657 3899/4974/3658 3884/4959/3645
f 3884/4959/3645 3899/4974/3658 3900/4975/3659 3885/4960/3646
f 3885/4960/3646 3900/4975/3659 3901/4976/3660 3886/4961/3647
f 3886/4961/3647 3901/4976/3660 3902/4977/3661 3887/4962/3648
f 3889/4963/3650 3904/4978/3663 3903/4979/3662 3888/4964/3649
f 3888/4964/3649 3903/4979/3662 3905/4980/1911 3890/4965/1896
f 3890/4965/1896 3905/4980/1911 3906/4981/3664 3891/4966/1897
f 3891/4966/1897 3906/4981/3664 3907/4982/3665 3892/4967/3651
f 3892/4967/3651 3907/4982/3665 3908/4983/3666 3893/4968/3652
f 3893/4968/3652 3908/4983/3666 3909/4984/3667 3894/4969/3653
f 3894/4969/3653 3909/4984/3667 3910/4985/3668 3895/4970/3654
f 3895/4970/3654 3910/4985/3668 3911/4986/3669 3896/4971/3655
f 3896/4971/3655 3911/4986/3669 3912/4987/3670 3897/4972/3656
f 3897/4972/3656 3912/4987/3670 3913/4988/3671 3898/4973/3657
f 3898/4973/3657 3913/4988/3671 3914/4989/3672 3899/4974/3658
f 3899/4974/3658 3914/4989/3672 3915/4990/3673 3900/4975/3659
f 3900/4975/3659 3915/4990/3673 3916/4991/3674 3901/4976/3660
f 3901/4976/3660 3916/4991/3674 3917/4992/3675 3902/4977/3661
f 3904/4978/3663 3919/4993/3676 3918/4994/1925 3903/4979/3662
f 3903/4979/3662 3918/4994/1925 3920/4995/1926 3905/4980/1911
f 3905/4980/1911 3920/4995/1926 3921/4996/3677 3906/4981/3664
f 3906/4981/3664 3921/4996/3677 3922/4997/3678 3907/4982/3665
f 3907/4982/3665 3922/4997/3678 3923/4998/3679 3908/4983/3666
f 3908/4983/3666 3923/4998/3679 3924/4999/3680 3909/4984/3667
f 3909/4984/3667 3924/4999/3680 3925/5000/3681 3910/4985/3668
f 3910/4985/3668 3925/5000/3681 3926/5001/3682 3911/4986/3669
f 3911/4986/3669 3926/5001/3682 3927/5002/3683 3912/4987/3670
f 3912/4987/3670 3927/5002/3683 3928/5003/3684 3913/4988/3671
f 3913/4988/3671 3928/5003/3684 3929/5004/3685 3914/4989/3672
f 3914/4989/3672 3929/5004/3685 3930/5005/3686 3915/4990/3673
f 3915/4990/3673 3930/5005/3686 3931/5006/3687 3916/4991/3674
f 3916/4991/3674 3931/5006/3687 3932/5007/3688 3917/4992/3675
f 3919/4993/3676 3934/5008/3690 3933/5009/3689 3918/4994/1925
f 3918/4994/1925 3933/5009/3689 3935/5010/1940 3920/4995/1926
f 3920/4995/1926 3935/5010/1940 3936/5011/3691 3921/4996/3677
f 3921/4996/3677 3936/5011/3691 3937/5012/3692 3922/4997/3678
f 3922/4997/3678 3937/5012/3692 3938/5013/3693 3923/4998/3679
f 3923/4998/3679 3938/5013/3693 3939/5014/3694 3924/4999/3680
f 3924/4999/3680 3939/5014/3694 3940/5015/3695 3925/5000/3681
f 3925/5000/3681 3940/5015/3695 3941/5016/3696 3926/5001/3682
f 3926/5001/3682 3941/5016/3696 3942/5017/3697 3927/5002/3683
f 3927/5002/3683 3942/5017/3697 3943/5018/3698 3928/5003/3684
f 3928/5003/3684 3943/5018/3698 3944/5019/3699 3929/5004/3685
f 3929/5004/3685 3944/5019/3699 3945/5020/3700 3930/5005/3686
f 3930/5005/3686 3945/5020/3700 3946/5021/3701 3931/5006/3687
f 3934/5008/3690 3948/5022/3703 3947/5023/3702 3933/5009/3689
f 3933/5009/3689 3947/5023/3702 3949/5024/1953 3935/5010/1940
f 3935/5010/1940 3949/5024/1953 3950/5025/1954 3936/5011/3691
f 3936/5011/3691 3950/5025/1954 3951/5026/3704 3937/5012/3692
f 3937/5012/3692 3951/5026/3704 3952/5027/3705 3938/5013/3693
f 3938/5013/3693 3952/5027/3705 3953/5028/3706 3939/5014/3694
f 3939/5014/3694 3953/5028/3706 3954/5029/3707 3940/5015/3695
f 3940/5015/3695 3954/5029/3707 3955/5030/3708 3941/5016/3696
f 3941/5016/3696 3955/5030/3708 3956/5031/3709 3942/5017/3697
f 3942/5017/3697 3956/5031/3709 3957/5032/3710 3943/5018/3698
f 3943/5018/3698 3957/5032/3710 3958/5033/3711 3944/5019/3699
f 3944/5019/3699 3958/5033/3711 3959/5034/3712 3945/5020/3700
f 3948/5022/3703 3961/5035/3714 3960/5036/3713 3947/5023/3702
f 3947/5023/3702 3960/5036/3713 3962/5037/1965 3949/5024/1953
f 3949/5024/1953 3962/5037/1965 3963/5038/1966 3950/5025/1954
f 3950/5025/1954 3963/5038/1966 3964/5039/3715 3951/5026/3704
f 3951/5026/3704 3964/5039/3715 3965/5040/3716 3952/5027/3705
f 3952/5027/3705 3965/5040/3716 3966/5041/3717 3953/5028/3706
f 3953/5028/3706 3966/5041/3717 3967/5042/3718 3954/5029/3707
f 3954/5029/3707 3967/5042/3718 3968/5043/3719 3955/5030/3708
f 3955/5030/3708 3968/5043/3719 3969/5044/3720 3956/5031/3709
f 3956/5031/3709 3969/5044/3720 3970/5045/3721 3957/5032/3710
f 3957/5032/3710 3970/5045/3721 3971/5046/3722 3958/5033/3711
f 3961/5035/3714 3973/5047/3724 3972/5048/3723 3960/5036/3713
f 3960/5036/3713 3972/5048/3723 3974/5049/1976 3962/5037/1965
f 3962/5037/1965 3974/5049/1976 3975/5050/1977 3963/5038/1966
f 3963/5038/1966 3975/5050/1977 3976/5051/3725 3964/5039/3715
f 3964/5039/3715 3976/5051/3725 3977/5052/3726 3965/5040/3716
f 3965/5040/3716 3977/5052/3726 3978/5053/3727 3966/5041/3717
f 3966/5041/3717 3978/5053/3727 3979/5054/3728 3967/5042/3718
f 3967/5042/3718 3979/5054/3728 3980/5055/3729 3968/5043/3719
f 3968/5043/3719 3980/5055/3729 3981/5056/3730 3969/5044/3720
f 3969/5044/3720 3981/5056/3730 3982/5057/3731 3970/5045/3721
f 3973/5047/3724 3984/5058/3732 3983/5059/1985 3972/5048/3723
f 3972/5048/3723 3983/5059/1985 3985/5060/1986 3974/5049/1976
f 3974/5049/1976 3985/5060/1986 3986/5061/1987 3975/5050/1977
f 3975/5050/1977 3986/5061/1987 3987/5062/3733 3976/5051/3725
f 3976/5051/3725 3987/5062/3733 3988/5063/3734 3977/5052/3726
f 3977/5052/3726 3988/5063/3734 3989/5064/3735 3978/5053/3727
f 3978/5053/3727 3989/5064/3735 3990/5065/3736 3979/5054/3728
f 3979/5054/3728 3990/5065/3736 3991/5066/3737 3980/5055/3729
f 3980/5055/3729 3991/5066/3737 3992/5067/3738 3981/5056/3730
f 3984/5058/3732 3994/5068/3739 3993/5069/1995 3983/5059/1985
f 3983/5059/1985 3993/5069/1995 3995/5070/1996 3985/5060/1986
f 3985/5060/1986 3995/5070/1996 3996/5071/1997 3986/5061/1987
f 3986/5061/1987 3996/5071/1997 3997/5072/3740 3987/5062/3733
f 3987/5062/3733 3997/5072/3740 3998/5073/3741 3988/5063/3734
f 3988/5063/3734 3998/5073/3741 3999/5074/3742 3989/5064/3735
f 3989/5064/3735 3999/5074/3742 4000/5075/3743 3990/5065/3736
f 3990/5065/3736 4000/5075/3743 4001/5076/3744 3991/5066/3737
f 3991/5066/3737 4001/5076/3744 4002/5077/3745 3992/5067/3738
f 3994/5068/3739 4004/5078/3747 4003/5079/3746 3993/5069/1995
f 3993/5069/1995 4003/5079/3746 4005/5080/2002 3995/5070/1996
f 3995/5070/1996 4005/5080/2002 4006/5081/3748 3996/5071/1997
f 3996/5071/1997 4006/5081/3748 4007/5082/3749 3997/5072/3740
f 3997/5072/3740 4007/5082/3749 4008/5083/3750 3998/5073/3741
f 2005/5084/2005 2008/5085/2007 3010/5086/2853 3007/5087/2850
f 2006/5088/2006 2005/5089/2005 3007/5090/2850 3008/5091/2851
f 2009/5092/35 2006/5088/2006 3008/5091/2851 3011/5093/1037
f 2011/5094/2008 2009/5092/35 3011/5093/1037 3013/5095/2854
f 2013/5096/2009 2011/5094/2008 3013/5095/2854 3015/5097/2855
f 2015/5098/2011 2013/5096/2009 3015/5097/2855 3017/5099/2857
f 2017/5100/2013 2015/5098/2011 3017/5099/2857 3019/5101/2859
f 2019/5102/2015 2017/5100/2013 3019/5101/2859 3021/5103/2861
f 2021/5104/2017 2019/5102/2015 3021/5103/2861 3023/5105/2863
f 2023/5106/2019 2021/5104/2017 3023/5105/2863 3025/5107/2865
f 2025/5108/2021 2023/5106/2019 3025/5107/2865 3027/5109/2867
f 2027/5110/2023 2025/5108/2021 3027/5109/2867 3029/5111/2869
f 2029/5112/2025 2027/5110/2023 3029/5111/2869 3031/5113/2871
f 2031/5114/2027 2029/5112/2025 3031/5113/2871 3033/5115/2873
f 2033/5116/2029 2031/5114/2027 3033/5115/2873 3035/5117/2875
f 2035/5118/2031 2033/5116/2029 3035/5117/2875 3037/5119/2877
f 2037/5120/2033 2035/5118/2031 3037/5119/2877 3039/5121/2879
f 2039/5122/2035 2037/5120/2033 3039/5121/2879 3041/5123/2881
f 2041/5124/2037 2039/5122/2035 3041/5123/2881 3043/5125/2883
f 2043/5126/2039 2041/5124/2037 3043/5125/2883 3045/5127/2885
f 2044/5128/2040 2043/5129/2039 3045/5130/2885 3046/5131/2886
f 2008/5085/2007 2046/5132/2041 3048/5133/2887 3010/5086/2853
f 2064/5134/2057 2044/5128/2040 3046/5131/2886 3066/5135/2903
f 2046/5132/2041 2066/5136/2058 3068/5137/2905 3048/5133/2887
f 2084/5138/2074 2064/5134/2057 3066/5135/2903 3086/5139/2921
f 2066/5136/2058 2086/5140/2075 3088/5141/2922 3068/5137/2905
f 2104/5142/2091 2084/5138/2074 3086/5139/2921 3106/5143/2939
f 2086/5140/2075 2106/5144/2092 3108/5145/2940 3088/5141/2922
f 2124/5146/2108 2104/5142/2091 3106/5143/2939 3126/5147/2957
f 2106/5144/2092 2126/5148/2109 3128/5149/2959 3108/5145/2940
f 2144/5150/2125 2124/5146/2108 3126/5147/2957 3146/5151/2976
f 2126/5148/2109 2146/5152/2126 3148/5153/2978 3128/5149/2959
f 2164/5154/2142 2144/5150/2125 3146/5151/2976 3166/5155/2994
f 2146/5152/2126 2166/5156/2143 3168/5157/2996 3148/5153/2978
f 2185/5158/2160 2164/5159/2142 3166/5160/2994 3187/5161/3013
f 2186/5162/2161 2185/5163/2160 3187/4239/3013 3188/4238/3014
f 2166/5156/2143 2188/5164/2162 3190/5165/3016 3168/5157/2996
f 2207/5166/2179 2186/5162/2161 3188/4238/3014 3209/5167/3033
f 2188/5164/2162 2209/5168/2180 3211/5169/3034 3190/5165/3016
f 2228/5170/2197 2207/5166/2179 3209/5167/3033 3230/5171/3051
f 2209/5168/2180 2230/5172/2198 3232/5173/3052 3211/5169/3034
f 2249/5174/2215 2228/5170/2197 3230/5171/3051 3251/5175/3070
f 2230/5172/2198 2251/5176/2216 3253/5177/3071 3232/5173/3052
f 2270/5178/2233 2249/5179/2215 3251/5180/3070 3272/5181/3089
f 2251/5176/2216 2272/5182/2234 3274/5183/3090 3253/5177/3071
f 2292/5184/2252 2270/5185/2233 3272/5186/3089 3294/5187/3109
f 2293/5188/2253 2292/5189/2252 3294/5190/3109 3295/5191/3110
f 2272/5182/2234 2295/5192/2254 3297/5193/3112 3274/5183/3090
f 2315/5194/2272 2293/5188/2253 3295/5191/3110 3317/5195/3131
f 2295/5192/2254 2317/5196/2273 3319/5197/3133 3297/5193/3112
f 2337/5198/2291 2315/5194/2272 3317/5195/3131 3339/5199/3152
f 2317/5196/2273 2339/5200/2292 3341/5201/3154 3319/5197/3133
f 2359/5202/2310 2337/5198/2291 3339/5199/3152 3361/5203/3173
f 2339/5200/2292 2361/5204/2311 3363/5205/3175 3341/5201/3154
f 2381/5206/2329 2359/5202/2310 3361/5203/3173 3383/5207/3193
f 2361/5204/2311 2383/5208/2330 3385/5209/3194 3363/5205/3175
f 2403/5210/2348 2381/5206/2329 3383/5207/3193 3405/5211/3212
f 2383/5208/2330 2405/5212/2349 3407/5213/3213 3385/5209/3194
f 2425/5214/2368 2403/5210/2348 3405/5211/3212 3427/5215/3231
f 2405/5212/2349 2427/5216/2369 3429/5217/3232 3407/5213/3213
f 2447/5218/2387 2425/5214/2368 3427/5215/3231 3449/5219/3251
f 2427/5216/2369 2449/5220/2388 3451/5221/3253 3429/5217/3232
f 2469/5222/2406 2447/5218/2387 3449/5219/3251 3471/5223/3272
f 2449/5220/2388 2471/5224/2407 3473/5225/3273 3451/5221/3253
f 2491/5226/2425 2469/5222/2406 3471/5223/3272 3493/5227/3292
f 2471/5224/2407 2493/5228/2426 3495/5229/3294 3473/5225/3273
f 2513/5230/2444 2491/5226/2425 3493/5227/3292 3515/5231/3313
f 2493/5228/2426 2515/5232/2445 3517/5233/3315 3495/5229/3294
f 2535/5234/2463 2513/5230/2444 3515/5231/3313 3537/5235/3333
f 2515/5232/2445 2537/5236/2464 3539/5237/3335 3517/5233/3315
f 2557/5238/2482 2535/5234/2463 3537/5235/3333 3559/5239/3353
f 2537/5236/2464 2559/5240/2483 3561/5241/3354 3539/5237/3335
f 2579/5242/2501 2557/5238/2482 3559/5239/3353 3581/5243/3372
f 2578/5244/2500 2579/5245/2501 3581/5246/3372 3580/5247/3371
f 2559/5240/2483 2581/5248/2502 3583/5249/3374 3561/5241/3354
f 2600/5250/2519 2578/5251/2500 3580/5252/3371 3602/5253/3391
f 2581/5248/2502 2602/5254/2520 3604/5255/3393 3583/5249/3374
f 2621/5256/2537 2600/5250/2519 3602/5253/3391 3623/5257/3411
f 2620/5258/2536 2621/5259/2537 3623/5260/3411 3622/5261/3410
f 2602/5254/2520 2623/5262/2538 3625/5263/3412 3604/5255/3393
f 2641/5264/2554 2620/5265/2536 3622/5266/3410 3643/5267/3429
f 2623/5262/2538 2643/5268/2555 3645/5269/3431 3625/5263/3412
f 2661/5270/2571 2641/5264/2554 3643/5267/3429 3663/5271/3448
f 2643/5268/2555 2663/5272/2572 3665/5273/3450 3645/5269/3431
f 2681/5274/2588 2661/5270/2571 3663/5271/3448 3683/5275/3467
f 2680/5276/2587 2681/5277/2588 3683/5278/3467 3682/5279/3466
f 2663/5272/2572 2683/5280/2589 3685/5281/3469 3665/5273/3450
f 2700/5282/2604 2680/5283/2587 3682/5284/3466 3702/5285/3485
f 2683/5280/2589 2702/5286/2605 3704/5287/3487 3685/5281/3469
f 2719/5288/2620 2700/5282/2604 3702/5285/3485 3721/5289/3502
f 2718/5290/2619 2719/5291/2620 3721/5292/3502 3720/5293/3501
f 2702/5286/2605 2721/5294/2621 3723/5295/3504 3704/5287/3487
f 2737/5296/2635 2718/5297/2619 3720/5298/3501 3739/5299/3518
f 2721/5294/2621 2739/5300/2636 3741/5301/3519 3723/5295/3504
f 2755/5302/2650 2737/5296/2635 3739/5299/3518 3757/5303/3533
f 2754/5304/2649 2755/5305/2650 3757/5306/3533 3756/5307/3532
f 2739/5300/2636 2757/5308/2651 3759/5309/3534 3741/5301/3519
f 2772/5310/2664 2754/5311/2649 3756/5312/3532 3774/5313/3548
f 2757/5308/2651 2774/5314/2665 3776/5315/3549 3759/5309/3534
f 2789/5316/2678 2772/5310/2664 3774/5313/3548 3791/5317/3563
f 2774/5314/2665 2791/5318/2679 3793/5319/3565 3776/5315/3549
f 2806/5320/2692 2789/5316/2678 3791/5317/3563 3808/5321/3579
f 2805/5322/2691 2806/5323/2692 3808/5324/3579 3807/5325/3578
f 2791/5318/2679 2808/5326/2693 3810/5327/3581 3793/5319/3565
f 2822/5328/2705 2805/5329/2691 3807/5330/3578 3824/5331/3594
f 2808/5326/2693 2824/5332/2706 3826/5333/3596 3810/5327/3581
f 2838/5334/2718 2822/5328/2705 3824/5331/3594 3840/5335/3608
f 2824/5332/2706 2840/5336/2719 3842/5337/3610 3826/5333/3596
f 2854/5338/2731 2838/5334/2718 3840/5335/3608 3856/5339/3622
f 2840/5336/2719 2856/5340/2732 3858/5341/3624 3842/5337/3610
f 2870/5342/2744 2854/5338/2731 3856/5339/3622 3872/5343/3636
f 2869/5344/2743 2870/5345/2744 3872/5346/3636 3871/5347/3635
f 2856/5340/2732 2872/5348/2745 3874/5349/3637 3858/5341/3624
f 2885/5350/2756 2869/5351/2743 3871/5352/3635 3887/5353/3648
f 2872/5348/2745 2887/5354/2757 3889/5355/3650 3874/5349/3637
f 2900/5356/2768 2885/5350/2756 3887/5353/3648 3902/5357/3661
f 2887/5354/2757 2902/5358/2769 3904/5359/3663 3889/5355/3650
f 2915/5360/2780 2900/5356/2768 3902/5357/3661 3917/5361/3675
f 2902/5358/2769 2917/5362/2781 3919/5363/3676 3904/5359/3663
f 2930/5364/2792 2915/5360/2780 3917/5361/3675 3932/5365/3688
f 2929/5366/2791 2930/5367/2792 3932/5368/3688 3931/5369/3687
f 2917/5362/2781 2932/5370/2793 3934/5371/3690 3919/5363/3676
f 2944/5372/2803 2929/5373/2791 3931/5374/3687 3946/5375/3701
f 2943/5376/2802 2944/5377/2803 3946/5378/3701 3945/5379/3700
f 2932/5370/2793 2946/5380/2804 3948/5381/3703 3934/5371/3690
f 2957/5382/2813 2943/5383/2802 3945/5384/3700 3959/5385/3712
f 2956/5386/2812 2957/5387/2813 3959/5388/3712 3958/5389/3711
f 2946/5380/2804 2959/5390/2814 3961/5391/3714 3948/5381/3703
f 2969/5392/2822 2956/5393/2812 3958/5394/3711 3971/5395/3722
f 2968/5396/2821 2969/5397/2822 3971/5398/3722 3970/5399/3721
f 2959/5390/2814 2971/5400/2823 3973/5401/3724 3961/5391/3714
f 2980/5402/2830 2968/5403/2821 3970/5404/3721 3982/5405/3731
f 2979/5406/2829 2980/5407/2830 3982/5408/3731 3981/5409/3730
f 2971/5400/2823 2982/5410/2831 3984/5411/3732 3973/5401/3724
f 2990/5412/2837 2979/5413/2829 3981/5414/3730 3992/5415/3738
f 2982/5410/2831 2992/5416/2838 3994/5417/3739 3984/5411/3732
f 2996/5418/2840 2997/5419/2841 3999/5420/3742 3998/5421/3741
f 2997/5419/2841 2998/5422/2842 4000/5423/3743 3999/5420/3742
f 2998/5422/2842 2999/5424/2843 4001/5425/3744 4000/5423/3743
f 3000/5426/2844 2990/5412/2837 3992/5415/3738 4002/5427/3745
f 2999/5424/2843 3000/5428/2844 4002/5429/3745 4001/5425/3744
f 2992/5416/2838 3002/5430/2846 4004/5431/3747 3994/5417/3739
f 3002/5432/2846 3001/5433/2845 4003/5434/3746 4004/5435/3747
f 3001/5433/2845 3003/5436/1000 4005/5437/2002 4003/5434/3746
f 3003/5436/1000 3004/5438/2847 4006/5439/3748 4005/5437/2002
f 3004/5438/2847 3005/5440/2848 4007/5441/3749 4006/5439/3748
f 3006/5442/2849 2996/5443/2840 3998/5444/3741 4008/5445/3750
f 3005/5440/2848 3006/5446/2849 4008/5447/3750 4007/5441/3749
f 4009/5448/3751 4019/5449/3761 4028/5450/3770 4018/5451/3760
f 4010/5452/3752 4020/5453/3762 4019/5449/3761 4009/5448/3751
f 4011/5454/3753 4021/5455/3763 4020/5453/3762 4010/5452/3752
f 4012/5456/3754 4022/5457/3764 4021/5458/3763 4011/5459/3753
f 4013/5460/3755 4023/5461/3765 4022/5457/3764 4012/5456/3754
f 4014/5462/3756 4024/5463/3766 4023/5464/3765 4013/5465/3755
f 4015/5466/3757 4025/5467/3767 4024/5463/3766 4014/5462/3756
f 4016/5468/3758 4026/5469/3768 4025/5467/3767 4015/5466/3757
f 4017/5470/3759 4027/5471/3769 4026/5472/3768 4016/5473/3758
f 4018/5474/3760 4028/5475/3770 4027/5471/3769 4017/5470/3759
f 4019/5476/3761 4029/5477/3771 4038/5478/3780 4028/5475/3770
f 4020/5453/3762 4030/5479/3772 4029/5480/3771 4019/5449/3761
f 4021/5455/3763 4031/5481/3773 4030/5479/3772 4020/5453/3762
f 4022/5457/3764 4032/5482/3774 4031/5483/3773 4021/5458/3763
f 4023/5461/3765 4033/5484/3775 4032/5482/3774 4022/5457/3764
f 4024/5485/3766 4034/5486/3776 4033/5484/3775 4023/5461/3765
f 4025/5467/3767 4035/5487/3777 4034/5488/3776 4024/5463/3766
f 4026/5469/3768 4036/5489/3778 4035/5487/3777 4025/5467/3767
f 4027/5471/3769 4037/5490/3779 4036/5491/3778 4026/5472/3768
f 4028/5475/3770 4038/5478/3780 4037/5490/3779 4027/5471/3769
f 4029/5477/3771 4039/5492/3781 4048/5493/3790 4038/5478/3780
f 4030/5479/3772 4040/5494/3782 4039/5495/3781 4029/5480/3771
f 4031/5481/3773 4041/5496/3783 4040/5494/3782 4030/5479/3772
f 4032/5482/3774 4042/5497/3784 4041/5498/3783 4031/5483/3773
f 4033/5484/3775 4043/5499/3785 4042/5497/3784 4032/5482/3774
f 4034/5486/3776 4044/5500/3786 4043/5499/3785 4033/5484/3775
f 4035/5487/3777 4045/5501/3787 4044/5502/3786 4034/5488/3776
f 4036/5489/3778 4046/5503/3788 4045/5501/3787 4035/5487/3777
f 4037/5490/3779 4047/5504/3789 4046/5505/3788 4036/5491/3778
f 4038/5478/3780 4048/5493/3790 4047/5504/3789 4037/5490/3779
f 4039/5492/3781 4049/5506/3791 4058/5507/3800 4048/5493/3790
f 4040/5494/3782 4050/5508/3792 4049/5509/3791 4039/5495/3781
f 4041/5496/3783 4051/5510/3793 4050/5508/3792 4040/5494/3782
f 4042/5497/3784 4052/5511/3794 4051/5512/3793 4041/5498/3783
f 4043/5499/3785 4053/5513/3795 4052/5511/3794 4042/5497/3784
f 4044/5500/3786 4054/5514/3796 4053/5513/3795 4043/5499/3785
f 4045/5501/3787 4055/5515/3797 4054/5516/3796 4044/5502/3786
f 4046/5503/3788 4056/5517/3798 4055/5515/3797 4045/5501/3787
f 4047/5504/3789 4057/5518/3799 4056/5519/3798 4046/5505/3788
f 4048/5493/3790 4058/5507/3800 4057/5518/3799 4047/5504/3789
f 4049/5506/3791 4059/5520/3801 4068/5521/3810 4058/5507/3800
f 4050/5508/3792 4060/5522/3802 4059/5523/3801 4049/5509/3791
f 4051/5510/3793 4061/5524/3803 4060/5522/3802 4050/5508/3792
f 4052/5511/3794 4062/5525/3804 4061/5526/3803 4051/5512/3793
f 4053/5513/3795 4063/5527/3805 4062/5525/3804 4052/5511/3794
f 4054/5514/3796 4064/5528/3806 4063/5527/3805 4053/5513/3795
f 4055/5515/3797 4065/5529/3807 4064/5530/3806 4054/5516/3796
f 4056/5517/3798 4066/5531/3808 4065/5529/3807 4055/5515/3797
f 4057/5518/3799 4067/5532/3809 4066/5533/3808 4056/5519/3798
f 4058/5507/3800 4068/5521/3810 4067/5532/3809 4057/5518/3799
f 4059/5520/3801 4069/5534/3811 4078/5535/3820 4068/5521/3810
f 4060/5522/3802 4070/5536/3812 4069/5537/3811 4059/5523/3801
f 4061/5524/3803 4071/5538/3813 4070/5536/3812 4060/5522/3802
f 4062/5525/3804 4072/5539/3814 4071/5540/3813 4061/5526/3803
f 4063/5527/3805 4073/5541/3815 4072/5539/3814 4062/5525/3804
f 4064/5528/3806 4074/5542/3816 4073/5541/3815 4063/5527/3805
f 4065/5529/3807 4075/5543/3817 4074/5544/3816 4064/5530/3806
f 4066/5531/3808 4076/5545/3818 4075/5543/3817 4065/5529/3807
f 4067/5532/3809 4077/5546/3819 4076/5547/3818 4066/5533/3808
f 4068/5521/3810 4078/5535/3820 4077/5546/3819 4067/5532/3809
f 4069/5534/3811 4079/5548/3821 4088/5549/3830 4078/5535/3820
f 4070/5536/3812 4080/5550/3822 4079/5551/3821 4069/5537/3811
f 4071/5538/3813 4081/5552/3823 4080/5550/3822 4070/5536/3812
f 4072/5539/3814 4082/5553/3824 4081/5554/3823 4071/5540/3813
f 4073/5541/3815 4083/5555/3825 4082/5553/3824 4072/5539/3814
f 4074/5542/3816 4084/5556/3826 4083/5555/3825 4073/5541/3815
f 4075/5543/3817 4085/5557/3827 4084/5558/3826 4074/5544/3816
f 4076/5545/3818 4086/5559/3828 4085/5557/3827 4075/5543/3817
f 4077/5546/3819 4087/5560/3829 4086/5561/3828 4076/5547/3818
f 4078/5535/3820 4088/5549/3830 4087/5560/3829 4077/5546/3819
f 4079/5548/3821 4089/5562/3831 4098/5563/3840 4088/5549/3830
f 4080/5550/3822 4090/5564/3832 4089/5565/3831 4079/5551/3821
f 4081/5552/3823 4091/5566/3833 4090/5564/3832 4080/5550/3822
f 4082/5553/3824 4092/5567/3834 4091/5568/3833 4081/5554/3823
f 4083/5555/3825 4093/5569/3835 4092/5567/3834 4082/5553/3824
f 4084/5556/3826 4094/5570/3836 4093/5569/3835 4083/5555/3825
f 4085/5557/3827 4095/5571/3837 4094/5572/3836 4084/5558/3826
f 4086/5559/3828 4096/5573/3838 4095/5571/3837 4085/5557/3827
f 4087/5560/3829 4097/5574/3839 4096/5575/3838 4086/5561/3828
f 4088/5549/3830 4098/5563/3840 4097/5574/3839 4087/5560/3829
f 4089/5562/3831 4099/5576/3841 4108/5577/3850 4098/5563/3840
f 4090/5564/3832 4100/5578/3842 4099/5579/3841 4089/5565/3831
f 4091/5566/3833 4101/5580/3843 4100/5578/3842 4090/5564/3832
f 4092/5567/3834 4102/5581/3844 4101/5582/3843 4091/5568/3833
f 4093/5569/3835 4103/5583/3845 4102/5581/3844 4092/5567/3834
f 4094/5570/3836 4104/5584/3846 4103/5583/3845 4093/5569/3835
f 4095/5571/3837 4105/5585/3847 4104/5586/3846 4094/5572/3836
f 4096/5573/3838 4106/5587/3848 4105/5585/3847 4095/5571/3837
f 4097/5574/3839 4107/5588/3849 4106/5589/3848 4096/5575/3838
f 4098/5563/3840 4108/5577/3850 4107/5588/3849 4097/5574/3839
f 4099/5576/3841 4109/5590/3851 4118/5591/3860 4108/5577/3850
f 4100/5578/3842 4110/5592/3852 4109/5593/3851 4099/5579/3841
f 4101/5580/3843 4111/5594/3853 4110/5592/3852 4100/5578/3842
f 4102/5581/3844 4112/5595/3854 4111/5596/3853 4101/5582/3843
f 4103/5583/3845 4113/5597/3855 4112/5595/3854 4102/5581/3844
f 4104/5584/3846 4114/5598/3856 4113/5597/3855 4103/5583/3845
f 4105/5585/3847 4115/5599/3857 4114/5600/3856 4104/5586/3846
f 4106/5587/3848 4116/5601/3858 4115/5599/3857 4105/5585/3847
f 4107/5588/3849 4117/5602/3859 4116/5603/3858 4106/5589/3848
f 4108/5577/3850 4118/5591/3860 4117/5602/3859 4107/5588/3849
f 4109/5590/3851 4119/5604/3861 4128/5605/3870 4118/5591/3860
f 4110/5592/3852 4120/5606/3862 4119/5607/3861 4109/5593/3851
f 4111/5594/3853 4121/5608/3863 4120/5606/3862 4110/5592/3852
f 4112/5595/3854 4122/5609/3864 4121/5610/3863 4111/5596/3853
f 4113/5597/3855 4123/5611/3865 4122/5609/3864 4112/5595/3854
f 4114/5598/3856 4124/5612/3866 4123/5611/3865 4113/5597/3855
f 4115/5599/3857 4125/5613/3867 4124/5614/3866 4114/5600/3856
f 4116/5601/3858 4126/5615/3868 4125/5613/3867 4115/5599/3857
f 4117/5602/3859 4127/5616/3869 4126/5617/3868 4116/5603/3858
f 4118/5591/3860 4128/5605/3870 4127/5616/3869 4117/5602/3859
f 4119/5604/3861 4129/5618/3871 4138/5619/3880 4128/5605/3870
f 4120/5606/3862 4130/5620/3872 4129/5621/3871 4119/5607/3861
f 4121/5608/3863 4131/5622/3873 4130/5620/3872 4120/5606/3862
f 4122/5609/3864 4132/5623/3874 4131/5624/3873 4121/5610/3863
f 4123/5611/3865 4133/5625/3875 4132/5623/3874 4122/5609/3864
f 4124/5612/3866 4134/5626/3876 4133/5625/3875 4123/5611/3865
f 4125/5613/3867 4135/5627/3877 4134/5628/3876 4124/5614/3866
f 4126/5615/3868 4136/5629/3878 4135/5627/3877 4125/5613/3867
f 4127/5616/3869 4137/5630/3879 4136/5631/3878 4126/5617/3868
f 4128/5605/3870 4138/5619/3880 4137/5630/3879 4127/5616/3869
f 4129/5618/3871 4139/5632/3881 4148/5633/3890 4138/5619/3880
f 4130/5620/3872 4140/5634/3882 4139/5635/3881 4129/5621/3871
f 4131/5622/3873 4141/5636/3883 4140/5634/3882 4130/5620/3872
f 4132/5623/3874 4142/5637/3884 4141/5638/3883 4131/5624/3873
f 4133/5625/3875 4143/5639/3885 4142/5637/3884 4132/5623/3874
f 4134/5626/3876 4144/5640/3886 4143/5639/3885 4133/5625/3875
f 4135/5627/3877 4145/5641/3887 4144/5642/3886 4134/5628/3876
f 4136/5629/3878 4146/5643/3888 4145/5641/3887 4135/5627/3877
f 4137/5630/3879 4147/5644/3889 4146/5645/3888 4136/5631/3878
f 4138/5619/3880 4148/5633/3890 4147/5644/3889 4137/5630/3879
f 4139/5632/3881 4149/5646/3891 4158/5647/3900 4148/5633/3890
f 4140/5634/3882 4150/5648/3892 4149/5649/3891 4139/5635/3881
f 4141/5636/3883 4151/5650/3893 4150/5648/3892 4140/5634/3882
f 4142/5637/3884 4152/5651/3894 4151/5652/3893 4141/5638/3883
f 4143/5639/3885 4153/5653/3895 4152/5651/3894 4142/5637/3884
f 4144/5640/3886 4154/5654/3896 4153/5653/3895 4143/5639/3885
f 4145/5641/3887 4155/5655/3897 4154/5656/3896 4144/5642/3886
f 4146/5643/3888 4156/5657/3898 4155/5655/3897 4145/5641/3887
f 4147/5644/3889 4157/5658/3899 4156/5659/3898 4146/5645/3888
f 4148/5633/3890 4158/5647/3900 4157/5658/3899 4147/5644/3889
f 4149/5646/3891 4159/5660/3901 4168/5661/3910 4158/5647/3900
f 4150/5648/3892 4160/5662/3902 4159/5663/3901 4149/5649/3891
f 4151/5650/3893 4161/5664/3903 4160/5662/3902 4150/5648/3892
f 4152/5651/3894 4162/5665/3904 4161/5666/3903 4151/5652/3893
f 4153/5653/3895 4163/5667/3905 4162/5665/3904 4152/5651/3894
f 4154/5654/3896 4164/5668/3906 4163/5667/3905 4153/5653/3895
f 4155/5655/3897 4165/5669/3907 4164/5670/3906 4154/5656/3896
f 4156/5657/3898 4166/5671/3908 4165/5669/3907 4155/5655/3897
f 4157/5658/3899 4167/5672/3909 4166/5673/3908 4156/5659/3898
f 4158/5647/3900 4168/5661/3910 4167/5672/3909 4157/5658/3899
f 4159/5660/3901 4169/5674/3911 4178/5675/3920 4168/5661/3910
f 4160/5662/3902 4170/5676/3912 4169/5677/3911 4159/5663/3901
f 4161/5664/3903 4171/5678/3913 4170/5676/3912 4160/5662/3902
f 4162/5665/3904 4172/5679/3914 4171/5680/3913 4161/5666/3903
f 4163/5667/3905 4173/5681/3915 4172/5679/3914 4162/5665/3904
f 4164/5668/3906 4174/5682/3916 4173/5681/3915 4163/5667/3905
f 4165/5669/3907 4175/5683/3917 4174/5684/3916 4164/5670/3906
f 4166/5671/3908 4176/5685/3918 4175/5683/3917 4165/5669/3907
f 4167/5672/3909 4177/5686/3919 4176/5687/3918 4166/5673/3908
f 4168/5661/3910 4178/5675/3920 4177/5686/3919 4167/5672/3909
f 4169/5674/3911 4179/5688/3921 4188/5689/3930 4178/5675/3920
f 4170/5676/3912 4180/5690/3922 4179/5691/3921 4169/5677/3911
f 4171/5678/3913 4181/5692/3923 4180/5690/3922 4170/5676/3912
f 4172/5679/3914 4182/5693/3924 4181/5694/3923 4171/5680/3913
f 4173/5681/3915 4183/5695/3925 4182/5693/3924 4172/5679/3914
f 4174/5682/3916 4184/5696/3926 4183/5695/3925 4173/5681/3915
f 4175/5683/3917 4185/5697/3927 4184/5698/3926 4174/5684/3916
f 4176/5685/3918 4186/5699/3928 4185/5697/3927 4175/5683/3917
f 4177/5686/3919 4187/5700/3929 4186/5701/3928 4176/5687/3918
f 4178/5675/3920 4188/5689/3930 4187/5700/3929 4177/5686/3919
f 4179/5688/3921 4189/5702/3931 4198/5703/3940 4188/5689/3930
f 4180/5690/3922 4190/5704/3932 4189/5705/3931 4179/5691/3921
f 4181/5692/3923 4191/5706/3933 4190/5704/3932 4180/5690/3922
f 4182/5693/3924 4192/5707/3934 4191/5708/3933 4181/5694/3923
f 4183/5695/3925 4193/5709/3935 4192/5707/3934 4182/5693/3924
f 4184/5696/3926 4194/5710/3936 4193/5709/3935 4183/5695/3925
f 4185/5697/3927 4195/5711/3937 4194/5712/3936 4184/5698/3926
f 4186/5699/3928 4196/5713/3938 4195/5711/3937 4185/5697/3927
f 4187/5700/3929 4197/5714/3939 4196/5715/3938 4186/5701/3928
f 4188/5689/3930 4198/5703/3940 4197/5714/3939 4187/5700/3929
f 4189/5702/3931 4199/5716/3941 4208/5717/3950 4198/5703/3940
f 4190/5704/3932 4200/5718/3942 4199/5719/3941 4189/5705/3931
f 4191/5706/3933 4201/5720/3943 4200/5718/3942 4190/5704/3932
f 4192/5707/3934 4202/5721/3944 4201/5722/3943 4191/5708/3933
f 4193/5709/3935 4203/5723/3945 4202/5721/3944 4192/5707/3934
f 4194/5710/3936 4204/5724/3946 4203/5723/3945 4193/5709/3935
f 4195/5711/3937 4205/5725/3947 4204/5726/3946 4194/5712/3936
f 4196/5713/3938 4206/5727/3948 4205/5725/3947 4195/5711/3937
f 4197/5714/3939 4207/5728/3949 4206/5729/3948 4196/5715/3938
f 4198/5703/3940 4208/5717/3950 4207/5728/3949 4197/5714/3939
f 4199/5716/3941 4209/5730/3951 4218/5731/3960 4208/5717/3950
f 4200/5718/3942 4210/5732/3952 4209/5733/3951 4199/5719/3941
f 4201/5720/3943 4211/5734/3953 4210/5732/3952 4200/5718/3942
f 4202/5721/3944 4212/5735/3954 4211/5736/3953 4201/5722/3943
f 4203/5723/3945 4213/5737/3955 4212/5735/3954 4202/5721/3944
f 4204/5724/3946 4214/5738/3956 4213/5737/3955 4203/5723/3945
f 4205/5725/3947 4215/5739/3957 4214/5740/3956 4204/5726/3946
f 4206/5727/3948 4216/5741/3958 4215/5739/3957 4205/5725/3947
f 4207/5728/3949 4217/5742/3959 4216/5743/3958 4206/5729/3948
f 4208/5717/3950 4218/5731/3960 4217/5742/3959 4207/5728/3949
f 4209/5730/3951 4219/5744/3961 4228/5745/3970 4218/5731/3960
f 4210/5732/3952 4220/5746/3962 4219/5747/3961 4209/5733/3951
f 4211/5734/3953 4221/5748/3963 4220/5746/3962 4210/5732/3952
f 4212/5735/3954 4222/5749/3964 4221/5750/3963 4211/5736/3953
f 4213/5737/3955 4223/5751/3965 4222/5749/3964 4212/5735/3954
f 4214/5738/3956 4224/5752/3966 4223/5751/3965 4213/5737/3955
f 4215/5739/3957 4225/5753/3967 4224/5754/3966 4214/5740/3956
f 4216/5741/3958 4226/5755/3968 4225/5753/3967 4215/5739/3957
f 4217/5742/3959 4227/5756/3969 4226/5757/3968 4216/5743/3958
f 4218/5731/3960 4228/5745/3970 4227/5756/3969 4217/5742/3959
f 4219/5744/3961 4229/5758/3971 4238/5759/3980 4228/5745/3970
f 4220/5746/3962 4230/5760/3972 4229/5761/3971 4219/5747/3961
f 4221/5748/3963 4231/5762/3973 4230/5760/3972 4220/5746/3962
f 4222/5749/3964 4232/5763/3974 4231/5764/3973 4221/5750/3963
f 4223/5751/3965 4233/5765/3975 4232/5763/3974 4222/5749/3964
f 4224/5752/3966 4234/5766/3976 4233/5765/3975 4223/5751/3965
f 4225/5753/3967 4235/5767/3977 4234/5768/3976 4224/5754/3966
f 4226/5755/3968 4236/5769/3978 4235/5767/3977 4225/5753/3967
f 4227/5756/3969 4237/5770/3979 4236/5771/3978 4226/5757/3968
f 4228/5745/3970 4238/5759/3980 4237/5770/3979 4227/5756/3969
f 4229/5758/3971 4239/5772/3981 4248/5773/3990 4238/5759/3980
f 4230/5760/3972 4240/5774/3982 4239/5775/3981 4229/5761/3971
f 4231/5762/3973 4241/5776/3983 4240/5774/3982 4230/5760/3972
f 4232/5763/3974 4242/5777/3984 4241/5778/3983 4231/5764/3973
f 4233/5765/3975 4243/5779/3985 4242/5777/3984 4232/5763/3974
f 4234/5766/3976 4244/5780/3986 4243/5779/3985 4233/5765/3975
f 4235/5767/3977 4245/5781/3987 4244/5782/3986 4234/5768/3976
f 4236/5769/3978 4246/5783/3988 4245/5781/3987 4235/5767/3977
f 4237/5770/3979 4247/5784/3989 4246/5785/3988 4236/5771/3978
f 4238/5759/3980 4248/5773/3990 4247/5784/3989 4237/5770/3979
f 4239/5772/3981 4249/5786/3991 4258/5787/4000 4248/5773/3990
f 4240/5774/3982 4250/5788/3992 4249/5789/3991 4239/5775/3981
f 4241/5776/3983 4251/5790/3993 4250/5788/3992 4240/5774/3982
f 4242/5777/3984 4252/5791/3994 4251/5792/3993 4241/5778/3983
f 4243/5779/3985 4253/5793/3995 4252/5791/3994 4242/5777/3984
f 4244/5780/3986 4254/5794/3996 4253/5793/3995 4243/5779/3985
f 4245/5781/3987 4255/5795/3997 4254/5796/3996 4244/5782/3986
f 4246/5783/3988 4256/5797/3998 4255/5795/3997 4245/5781/3987
f 4247/5784/3989 4257/5798/3999 4256/5799/3998 4246/5785/3988
f 4248/5773/3990 4258/5787/4000 4257/5798/3999 4247/5784/3989
f 4249/5786/3991 4259/5800/4001 4268/5801/4010 4258/5787/4000
f 4250/5788/3992 4260/5802/4002 4259/5803/4001 4249/5789/3991
f 4251/5790/3993 4261/5804/4003 4260/5802/4002 4250/5788/3992
f 4252/5791/3994 4262/5805/4004 4261/5806/4003 4251/5792/3993
f 4253/5793/3995 4263/5807/4005 4262/5805/4004 4252/5791/3994
f 4254/5794/3996 4264/5808/4006 4263/5807/4005 4253/5793/3995
f 4255/5795/3997 4265/5809/4007 4264/5810/4006 4254/5796/3996
f 4256/5797/3998 4266/5811/4008 4265/5809/4007 4255/5795/3997
f 4257/5798/3999 4267/5812/4009 4266/5813/4008 4256/5799/3998
f 4258/5787/4000 4268/5801/4010 4267/5812/4009 4257/5798/3999
f 4259/5800/4001 4269/5814/4011 4278/5815/4020 4268/5801/4010
f 4260/5802/4002 4270/5816/4012 4269/5817/4011 4259/5803/4001
f 4261/5804/4003 4271/5818/4013 4270/5816/4012 4260/5802/4002
f 4262/5805/4004 4272/5819/4014 4271/5820/4013 4261/5806/4003
f 4263/5807/4005 4273/5821/4015 4272/5819/4014 4262/5805/4004
f 4264/5808/4006 4274/5822/4016 4273/5821/4015 4263/5807/4005
f 4265/5809/4007 4275/5823/4017 4274/5824/4016 4264/5810/4006
f 4266/5811/4008 4276/5825/4018 4275/5823/4017 4265/5809/4007
f 4267/5812/4009 4277/5826/4019 4276/5827/4018 4266/5813/4008
f 4268/5801/4010 4278/5815/4020 4277/5826/4019 4267/5812/4009
f 4269/5814/4011 4279/5828/4021 4288/5829/4030 4278/5815/4020
f 4270/5816/4012 4280/5830/4022 4279/5831/4021 4269/5817/4011
f 4271/5818/4013 4281/5832/4023 4280/5830/4022 4270/5816/4012
f 4272/5819/4014 4282/5833/4024 4281/5834/4023 4271/5820/4013
f 4273/5821/4015 4283/5835/4025 4282/5833/4024 4272/5819/4014
f 4274/5822/4016 4284/5836/4026 4283/5835/4025 4273/5821/4015
f 4275/5823/4017 4285/5837/4027 4284/5838/4026 4274/5824/4016
f 4276/5825/4018 4286/5839/4028 4285/5837/4027 4275/5823/4017
f 4277/5826/4019 4287/5840/4029 4286/5841/4028 4276/5827/4018
f 4278/5815/4020 4288/5829/4030 4287/5840/4029 4277/5826/4019
f 4279/5828/4021 4289/5842/4031 4298/5843/4040 4288/5829/4030
f 4280/5830/4022 4290/5844/4032 4289/5845/4031 4279/5831/4021
f 4281/5832/4023 4291/5846/4033 4290/5844/4032 4280/5830/4022
f 4282/5833/4024 4292/5847/4034 4291/5848/4033 4281/5834/4023
f 4283/5835/4025 4293/5849/4035 4292/5847/4034 4282/5833/4024
f 4284/5836/4026 4294/5850/4036 4293/5849/4035 4283/5835/4025
f 4285/5837/4027 4295/5851/4037 4294/5852/4036 4284/5838/4026
f 4286/5839/4028 4296/5853/4038 4295/5851/4037 4285/5837/4027
f 4287/5840/4029 4297/5854/4039 4296/5855/4038 4286/5841/4028
f 4288/5829/4030 4298/5843/4040 4297/5854/4039 4287/5840/4029
f 4289/5842/4031 4299/5856/4041 4308/5857/4050 4298/5843/4040
f 4290/5844/4032 4300/5858/4042 4299/5859/4041 4289/5845/4031
f 4291/5846/4033 4301/5860/4043 4300/5858/4042 4290/5844/4032
f 4292/5847/4034 4302/5861/4044 4301/5862/4043 4291/5848/4033
f 4293/5849/4035 4303/5863/4045 4302/5861/4044 4292/5847/4034
f 4294/5850/4036 4304/5864/4046 4303/5863/4045 4293/5849/4035
f 4295/5851/4037 4305/5865/4047 4304/5866/4046 4294/5852/4036
f 4296/5853/4038 4306/5867/4048 4305/5865/4047 4295/5851/4037
f 4297/5854/4039 4307/5868/4049 4306/5869/4048 4296/5855/4038
f 4298/5843/4040 4308/5857/4050 4307/5868/4049 4297/5854/4039
f 4299/5856/4041 4309/5870/4051 4318/5871/4060 4308/5857/4050
f 4300/5858/4042 4310/5872/4052 4309/5873/4051 4299/5859/4041
f 4301/5860/4043 4311/5874/4053 4310/5872/4052 4300/5858/4042
f 4302/5861/4044 4312/5875/4054 4311/5876/4053 4301/5862/4043
f 4303/5863/4045 4313/5877/4055 4312/5875/4054 4302/5861/4044
f 4304/5864/4046 4314/5878/4056 4313/5877/4055 4303/5863/4045
f 4305/5865/4047 4315/5879/4057 4314/5880/4056 4304/5866/4046
f 4306/5867/4048 4316/5881/4058 4315/5879/4057 4305/5865/4047
f 4307/5868/4049 4317/5882/4059 4316/5883/4058 4306/5869/4048
f 4308/5857/4050 4318/5871/4060 4317/5882/4059 4307/5868/4049
f 4309/5870/4051 4319/5884/4061 4328/5885/4070 4318/5871/4060
f 4310/5872/4052 4320/5886/4062 4319/5887/4061 4309/5873/4051
f 4311/5874/4053 4321/5888/4063 4320/5886/4062 4310/5872/4052
f 4312/5875/4054 4322/5889/4064 4321/5890/4063 4311/5876/4053
f 4313/5877/4055 4323/5891/4065 4322/5889/4064 4312/5875/4054
f 4314/5878/4056 4324/5892/4066 4323/5891/4065 4313/5877/4055
f 4315/5879/4057 4325/5893/4067 4324/5894/4066 4314/5880/4056
f 4316/5881/4058 4326/5895/4068 4325/5893/4067 4315/5879/4057
f 4317/5882/4059 4327/5896/4069 4326/5897/4068 4316/5883/4058
f 4318/5871/4060 4328/5885/4070 4327/5896/4069 4317/5882/4059
f 4319/5884/4061 4329/5898/4071 4338/5899/4080 4328/5885/4070
f 4320/5886/4062 4330/5900/4072 4329/5901/4071 4319/5887/4061
f 4321/5888/4063 4331/5902/4073 4330/5900/4072 4320/5886/4062
f 4322/5889/4064 4332/5903/4074 4331/5904/4073 4321/5890/4063
f 4323/5891/4065 4333/5905/4075 4332/5903/4074 4322/5889/4064
f 4324/5892/4066 4334/5906/4076 4333/5905/4075 4323/5891/4065
f 4325/5893/4067 4335/5907/4077 4334/5908/4076 4324/5894/4066
f 4326/5895/4068 4336/5909/4078 4335/5907/4077 4325/5893/4067
f 4327/5896/4069 4337/5910/4079 4336/5911/4078 4326/5897/4068
f 4328/5885/4070 4338/5899/4080 4337/5910/4079 4327/5896/4069
f 4329/5898/4071 4339/5912/4081 4348/5913/4090 4338/5899/4080
f 4330/5900/4072 4340/5914/4082 4339/5915/4081 4329/5901/4071
f 4331/5902/4073 4341/5916/4083 4340/5914/4082 4330/5900/4072
f 4332/5903/4074 4342/5917/4084 4341/5918/4083 4331/5904/4073
f 4333/5905/4075 4343/5919/4085 4342/5917/4084 4332/5903/4074
f 4334/5906/4076 4344/5920/4086 4343/5919/4085 4333/5905/4075
f 4335/5907/4077 4345/5921/4087 4344/5922/4086 4334/5908/4076
f 4336/5909/4078 4346/5923/4088 4345/5921/4087 4335/5907/4077
f 4337/5910/4079 4347/5924/4089 4346/5925/4088 4336/5911/4078
f 4338/5899/4080 4348/5913/4090 4347/5924/4089 4337/5910/4079
f 4339/5912/4081 4349/5926/4091 4358/5927/4100 4348/5913/4090
f 4340/5914/4082 4350/5928/4092 4349/5929/4091 4339/5915/4081
f 4341/5916/4083 4351/5930/4093 4350/5928/4092 4340/5914/4082
f 4342/5917/4084 4352/5931/4094 4351/5932/4093 4341/5918/4083
f 4343/5919/4085 4353/5933/4095 4352/5931/4094 4342/5917/4084
f 4344/5920/4086 4354/5934/4096 4353/5933/4095 4343/5919/4085
f 4345/5921/4087 4355/5935/4097 4354/5936/4096 4344/5922/4086
f 4346/5923/4088 4356/5937/4098 4355/5935/4097 4345/5921/4087
f 4347/5924/4089 4357/5938/4099 4356/5939/4098 4346/5925/4088
f 4348/5913/4090 4358/5927/4100 4357/5938/4099 4347/5924/4089
f 4349/5926/4091 4359/5940/4101 4368/5941/4110 4358/5927/4100
f 4350/5928/4092 4360/5942/4102 4359/5943/4101 4349/5929/4091
f 4351/5930/4093 4361/5944/4103 4360/5942/4102 4350/5928/4092
f 4352/5931/4094 4362/5945/4104 4361/5946/4103 4351/5932/4093
f 4353/5933/4095 4363/5947/4105 4362/5945/4104 4352/5931/4094
f 4354/5934/4096 4364/5948/4106 4363/5947/4105 4353/5933/4095
f 4355/5935/4097 4365/5949/4107 4364/5950/4106 4354/5936/4096
f 4356/5937/4098 4366/5951/4108 4365/5949/4107 4355/5935/4097
f 4357/5938/4099 4367/5952/4109 4366/5953/4108 4356/5939/4098
f 4358/5927/4100 4368/5941/4110 4367/5952/4109 4357/5938/4099
f 4359/5940/4101 4369/5954/4111 4378/5955/4120 4368/5941/4110
f 4360/5942/4102 4370/5956/4112 4369/5957/4111 4359/5943/4101
f 4361/5944/4103 4371/5958/4113 4370/5956/4112 4360/5942/4102
f 4362/5945/4104 4372/5959/4114 4371/5960/4113 4361/5946/4103
f 4363/5947/4105 4373/5961/4115 4372/5959/4114 4362/5945/4104
f 4364/5948/4106 4374/5962/4116 4373/5961/4115 4363/5947/4105
f 4365/5949/4107 4375/5963/4117 4374/5964/4116 4364/5950/4106
f 4366/5951/4108 4376/5965/4118 4375/5963/4117 4365/5949/4107
f 4367/5952/4109 4377/5966/4119 4376/5967/4118 4366/5953/4108
f 4368/5941/4110 4378/5955/4120 4377/5966/4119 4367/5952/4109
f 4369/5954/4111 4379/5968/4121 4388/5969/4130 4378/5955/4120
f 4370/5956/4112 4380/5970/4122 4379/5971/4121 4369/5957/4111
f 4371/5958/4113 4381/5972/4123 4380/5970/4122 4370/5956/4112
f 4372/5959/4114 4382/5973/4124 4381/5974/4123 4371/5960/4113
f 4373/5961/4115 4383/5975/4125 4382/5973/4124 4372/5959/4114
f 4374/5962/4116 4384/5976/4126 4383/5975/4125 4373/5961/4115
f 4375/5963/4117 4385/5977/4127 4384/5978/4126 4374/5964/4116
f 4376/5965/4118 4386/5979/4128 4385/5977/4127 4375/5963/4117
f 4377/5966/4119 4387/5980/4129 4386/5981/4128 4376/5967/4118
f 4378/5955/4120 4388/5969/4130 4387/5980/4129 4377/5966/4119
f 4379/5968/4121 4389/5982/4131 4398/5983/4140 4388/5969/4130
f 4380/5970/4122 4390/5984/4132 4389/5985/4131 4379/5971/4121
f 4381/5972/4123 4391/5986/4133 4390/5984/4132 4380/5970/4122
f 4382/5973/4124 4392/5987/4134 4391/5988/4133 4381/5974/4123
f 4383/5975/4125 4393/5989/4135 4392/5987/4134 4382/5973/4124
f 4384/5976/4126 4394/5990/4136 4393/5989/4135 4383/5975/4125
f 4385/5977/4127 4395/5991/4137 4394/5992/4136 4384/5978/4126
f 4386/5979/4128 4396/5993/4138 4395/5991/4137 4385/5977/4127
f 4387/5980/4129 4397/5994/4139 4396/5995/4138 4386/5981/4128
f 4388/5969/4130 4398/5983/4140 4397/5994/4139 4387/5980/4129
f 4389/5982/4131 4399/5996/4141 4408/5997/4150 4398/5983/4140
f 4390/5984/4132 4400/5998/4142 4399/5999/4141 4389/5985/4131
f 4391/5986/4133 4401/6000/4143 4400/5998/4142 4390/5984/4132
f 4392/5987/4134 4402/6001/4144 4401/6002/4143 4391/5988/4133
f 4393/5989/4135 4403/6003/4145 4402/6001/4144 4392/5987/4134
f 4394/5990/4136 4404/6004/4146 4403/6003/4145 4393/5989/4135
f 4395/5991/4137 4405/6005/4147 4404/6006/4146 4394/5992/4136
f 4396/5993/4138 4406/6007/4148 4405/6005/4147 4395/5991/4137
f 4397/5994/4139 4407/6008/4149 4406/6009/4148 4396/5995/4138
f 4398/5983/4140 4408/5997/4150 4407/6008/4149 4397/5994/4139
f 4399/5996/4141 4409/6010/4151 4418/6011/4160 4408/5997/4150
f 4400/5998/4142 4410/6012/4152 4409/6013/4151 4399/5999/4141
f 4401/6000/4143 4411/6014/4153 4410/6012/4152 4400/5998/4142
f 4402/6001/4144 4412/6015/4154 4411/6016/4153 4401/6002/4143
f 4403/6003/4145 4413/6017/4155 4412/6015/4154 4402/6001/4144
f 4404/6004/4146 4414/6018/4156 4413/6017/4155 4403/6003/4145
f 4405/6005/4147 4415/6019/4157 4414/6020/4156 4404/6006/4146
f 4406/6007/4148 4416/6021/4158 4415/6019/4157 4405/6005/4147
f 4407/6008/4149 4417/6022/4159 4416/6023/4158 4406/6009/4148
f 4408/5997/4150 4418/6011/4160 4417/6022/4159 4407/6008/4149
f 4409/6010/4151 4419/6024/4161 4428/6025/4170 4418/6011/4160
f 4410/6012/4152 4420/6026/4162 4419/6027/4161 4409/6013/4151
f 4411/6014/4153 4421/6028/4163 4420/6026/4162 4410/6012/4152
f 4412/6015/4154 4422/6029/4164 4421/6030/4163 4411/6016/4153
f 4413/6017/4155 4423/6031/4165 4422/6029/4164 4412/6015/4154
f 4414/6018/4156 4424/6032/4166 4423/6031/4165 4413/6017/4155
f 4415/6019/4157 4425/6033/4167 4424/6034/4166 4414/6020/4156
f 4416/6021/4158 4426/6035/4168 4425/6033/4167 4415/6019/4157
f 4417/6022/4159 4427/6036/4169 4426/6037/4168 4416/6023/4158
f 4418/6011/4160 4428/6025/4170 4427/6036/4169 4417/6022/4159
f 4419/6024/4161 4429/6038/4171 4438/6039/4180 4428/6025/4170
f 4420/6026/4162 4430/6040/4172 4429/6041/4171 4419/6027/4161
f 4421/6028/4163 4431/6042/4173 4430/6040/4172 4420/6026/4162
f 4422/6029/4164 4432/6043/4174 4431/6044/4173 4421/6030/4163
f 4423/6031/4165 4433/6045/4175 4432/6043/4174 4422/6029/4164
f 4424/6032/4166 4434/6046/4176 4433/6045/4175 4423/6031/4165
f 4425/6033/4167 4435/6047/4177 4434/6048/4176 4424/6034/4166
f 4426/6035/4168 4436/6049/4178 4435/6047/4177 4425/6033/4167
f 4427/6036/4169 4437/6050/4179 4436/6051/4178 4426/6037/4168
f 4428/6025/4170 4438/6039/4180 4437/6050/4179 4427/6036/4169
f 4429/6038/4171 4439/6052/4181 4448/6053/4190 4438/6039/4180
f 4430/6040/4172 4440/6054/4182 4439/6055/4181 4429/6041/4171
f 4431/6042/4173 4441/6056/4183 4440/6054/4182 4430/6040/4172
f 4432/6043/4174 4442/6057/4184 4441/6058/4183 4431/6044/4173
f 4433/6045/4175 4443/6059/4185 4442/6057/4184 4432/6043/4174
f 4434/6046/4176 4444/6060/4186 4443/6059/4185 4433/6045/4175
f 4435/6047/4177 4445/6061/4187 4444/6062/4186 4434/6048/4176
f 4436/6049/4178 4446/6063/4188 4445/6061/4187 4435/6047/4177
f 4437/6050/4179 4447/6064/4189 4446/6065/4188 4436/6051/4178
f 4438/6039/4180 4448/6053/4190 4447/6064/4189 4437/6050/4179
f 4439/6052/4181 4449/6066/4191 4458/6067/4200 4448/6053/4190
f 4440/6054/4182 4450/6068/4192 4449/6069/4191 4439/6055/4181
f 4441/6056/4183 4451/6070/4193 4450/6068/4192 4440/6054/4182
f 4442/6057/4184 4452/6071/4194 4451/6072/4193 4441/6058/4183
f 4443/6059/4185 4453/6073/4195 4452/6071/4194 4442/6057/4184
f 4444/6060/4186 4454/6074/4196 4453/6073/4195 4443/6059/4185
f 4445/6061/4187 4455/6075/4197 4454/6076/4196 4444/6062/4186
f 4446/6063/4188 4456/6077/4198 4455/6075/4197 4445/6061/4187
f 4447/6064/4189 4457/6078/4199 4456/6079/4198 4446/6065/4188
f 4448/6053/4190 4458/6067/4200 4457/6078/4199 4447/6064/4189
f 4449/6069/4191 4459/6080/4201 4468/6081/4210 4458/6082/4200
f 4450/6068/4192 4460/6083/4202 4459/6080/4201 4449/6069/4191
f 4451/6070/4193 4461/6084/4203 4460/6083/4202 4450/6068/4192
f 4452/6071/4194 4462/6085/4204 4461/6086/4203 4451/6072/4193
f 4453/6073/4195 4463/6087/4205 4462/6085/4204 4452/6071/4194
f 4454/6074/4196 4464/6088/4206 4463/6087/4205 4453/6073/4195
f 4455/6075/4197 4465/6089/4207 4464/6090/4206 4454/6076/4196
f 4456/6077/4198 4466/6091/4208 4465/6089/4207 4455/6075/4197
f 4457/6078/4199 4467/6092/4209 4466/6093/4208 4456/6079/4198
f 4458/6067/4200 4468/6094/4210 4467/6092/4209 4457/6078/4199
f 4459/6080/4201 4469/6095/4211 4478/6096/4220 4468/6081/4210
f 4460/6083/4202 4470/6097/4212 4469/6095/4211 4459/6080/4201
f 4461/6084/4203 4471/6098/4213 4470/6097/4212 4460/6083/4202
f 4462/6085/4204 4472/6099/4214 4471/6100/4213 4461/6086/4203
f 4463/6087/4205 4473/6101/4215 4472/6099/4214 4462/6085/4204
f 4464/6090/4206 4474/6102/4216 4473/6103/4215 4463/6104/4205
f 4465/6089/4207 4475/6105/4217 4474/6102/4216 4464/6090/4206
f 4466/6091/4208 4476/6106/4218 4475/6105/4217 4465/6089/4207
f 4467/6092/4209 4477/6107/4219 4476/6108/4218 4466/6093/4208
f 4468/6094/4210 4478/6109/4220 4477/6107/4219 4467/6092/4209
f 4469/6095/4211 4479/6110/4221 4488/6111/4230 4478/6096/4220
f 4470/6097/4212 4480/6112/4222 4479/6110/4221 4469/6095/4211
f 4471/6098/4213 4481/6113/4223 4480/6112/4222 4470/6097/4212
f 4472/6099/4214 4482/6114/4224 4481/6115/4223 4471/6100/4213
f 4473/6101/4215 4483/6116/4225 4482/6114/4224 4472/6099/4214
f 4474/6102/4216 4484/6117/4226 4483/6118/4225 4473/6103/4215
f 4475/6105/4217 4485/6119/4227 4484/6117/4226 4474/6102/4216
f 4476/6106/4218 4486/6120/4228 4485/6119/4227 4475/6105/4217
f 4477/6107/4219 4487/6121/4229 4486/6122/4228 4476/6108/4218
f 4478/6109/4220 4488/6123/4230 4487/6121/4229 4477/6107/4219
f 4479/6110/4221 4489/6124/4231 4498/6125/4240 4488/6111/4230
f 4480/6112/4222 4490/6126/4232 4489/6124/4231 4479/6110/4221
f 4481/6113/4223 4491/6127/4233 4490/6126/4232 4480/6112/4222
f 4482/6114/4224 4492/6128/4234 4491/6129/4233 4481/6115/4223
f 4483/6116/4225 4493/6130/4235 4492/6128/4234 4482/6114/4224
f 4484/6117/4226 4494/6131/4236 4493/6132/4235 4483/6118/4225
f 4485/6119/4227 4495/6133/4237 4494/6131/4236 4484/6117/4226
f 4486/6120/4228 4496/6134/4238 4495/6133/4237 4485/6119/4227
f 4487/6121/4229 4497/6135/4239 4496/6136/4238 4486/6122/4228
f 4488/6123/4230 4498/6137/4240 4497/6135/4239 4487/6121/4229
f 4489/6124/4231 4499/6138/4241 4508/6139/4250 4498/6125/4240
f 4490/6126/4232 4500/6140/4242 4499/6138/4241 4489/6124/4231
f 4491/6127/4233 4501/6141/4243 4500/6140/4242 4490/6126/4232
f 4492/6128/4234 4502/6142/4244 4501/6143/4243 4491/6129/4233
f 4493/6130/4235 4503/6144/4245 4502/6142/4244 4492/6128/4234
f 4494/6131/4236 4504/6145/4246 4503/6146/4245 4493/6132/4235
f 4495/6133/4237 4505/6147/4247 4504/6145/4246 4494/6131/4236
f 4496/6134/4238 4506/6148/4248 4505/6147/4247 4495/6133/4237
f 4497/6135/4239 4507/6149/4249 4506/6150/4248 4496/6136/4238
f 4498/6137/4240 4508/6151/4250 4507/6149/4249 4497/6135/4239
f 4499/6138/4241 4509/6152/4251 4518/6153/4260 4508/6139/4250
f 4500/6140/4242 4510/6154/4252 4509/6152/4251 4499/6138/4241
f 4501/6141/4243 4511/6155/4253 4510/6154/4252 4500/6140/4242
f 4502/6142/4244 4512/6156/4254 4511/6157/4253 4501/6143/4243
f 4503/6144/4245 4513/6158/4255 4512/6156/4254 4502/6142/4244
f 4504/6145/4246 4514/6159/4256 4513/6160/4255 4503/6146/4245
f 4505/6147/4247 4515/6161/4257 4514/6159/4256 4504/6145/4246
f 4506/6148/4248 4516/6162/4258 4515/6161/4257 4505/6147/4247
f 4507/6149/4249 4517/6163/4259 4516/6164/4258 4506/6150/4248
f 4508/6151/4250 4518/6165/4260 4517/6163/4259 4507/6149/4249
f 4509/6166/4251 4519/6167/4261 4528/6168/4270 4518/6165/4260
f 4510/6154/4252 4520/6169/4262 4519/6170/4261 4509/6152/4251
f 4511/6155/4253 4521/6171/4263 4520/6169/4262 4510/6154/4252
f 4512/6156/4254 4522/6172/4264 4521/6173/4263 4511/6157/4253
f 4513/6158/4255 4523/6174/4265 4522/6172/4264 4512/6156/4254
f 4514/6175/4256 4524/6176/4266 4523/6174/4265 4513/6158/4255
f 4515/6161/4257 4525/6177/4267 4524/6178/4266 4514/6159/4256
f 4516/6162/4258 4526/6179/4268 4525/6177/4267 4515/6161/4257
f 4517/6163/4259 4527/6180/4269 4526/6181/4268 4516/6164/4258
f 4518/6165/4260 4528/6168/4270 4527/6180/4269 4517/6163/4259
f 4519/6167/4261 4529/6182/4271 4538/6183/4280 4528/6168/4270
f 4520/6184/4262 4530/6185/4272 4529/6186/4271 4519/6187/4261
f 4521/6171/4263 4531/6188/4273 4530/6189/4272 4520/6169/4262
f 4522/6172/4264 4532/6190/4274 4531/6191/4273 4521/6173/4263
f 4523/6174/4265 4533/6192/4275 4532/6190/4274 4522/6172/4264
f 4524/6176/4266 4534/6193/4276 4533/6192/4275 4523/6174/4265
f 4525/6194/4267 4535/6195/4277 4534/6196/4276 4524/6197/4266
f 4526/6179/4268 4536/6198/4278 4535/6199/4277 4525/6177/4267
f 4527/6180/4269 4537/6200/4279 4536/6201/4278 4526/6181/4268
f 4528/6168/4270 4538/6183/4280 4537/6200/4279 4527/6180/4269
f 4529/6182/4271 4539/6202/4281 4548/6203/4290 4538/6183/4280
f 4530/6185/4272 4540/6204/4282 4539/6205/4281 4529/6186/4271
f 4531/6188/4273 4541/6206/4283 4540/6207/4282 4530/6189/4272
f 4532/6190/4274 4542/6208/4284 4541/6209/4283 4531/6191/4273
f 4533/6192/4275 4543/6210/4285 4542/6208/4284 4532/6190/4274
f 4534/6193/4276 4544/6211/4286 4543/6210/4285 4533/6192/4275
f 4535/6195/4277 4545/6212/4287 4544/6213/4286 4534/6196/4276
f 4536/6214/4278 4546/6215/4288 4545/6212/4287 4535/6195/4277
f 4537/6200/4279 4547/6216/4289 4546/6217/4288 4536/6201/4278
f 4538/6183/4280 4548/6203/4290 4547/6216/4289 4537/6200/4279
f 4539/6202/4281 4549/6218/4291 4558/6219/4300 4548/6203/4290
f 4540/6204/4282 4550/6220/4292 4549/6221/4291 4539/6205/4281
f 4541/6222/4283 4551/6223/4293 4550/6220/4292 4540/6204/4282
f 4542/6208/4284 4552/6224/4294 4551/6225/4293 4541/6209/4283
f 4543/6210/4285 4553/6226/4295 4552/6224/4294 4542/6208/4284
f 4544/6211/4286 4554/6227/4296 4553/6226/4295 4543/6210/4285
f 4545/6212/4287 4555/6228/4297 4554/6229/4296 4544/6213/4286
f 4546/6215/4288 4556/6230/4298 4555/6228/4297 4545/6212/4287
f 4547/6216/4289 4557/6231/4299 4556/6232/4298 4546/6217/4288
f 4548/6203/4290 4558/6219/4300 4557/6231/4299 4547/6216/4289
f 4549/6218/4291 4559/6233/4301 4568/6234/4310 4558/6219/4300
f 4550/6220/4292 4560/6235/4302 4559/6236/4301 4549/6221/4291
f 4551/6223/4293 4561/6237/4303 4560/6235/4302 4550/6220/4292
f 4552/6224/4294 4562/6238/4304 4561/6239/4303 4551/6225/4293
f 4553/6226/4295 4563/6240/4305 4562/6238/4304 4552/6224/4294
f 4554/6227/4296 4564/6241/4306 4563/6240/4305 4553/6226/4295
f 4555/6228/4297 4565/6242/4307 4564/6243/4306 4554/6229/4296
f 4556/6230/4298 4566/6244/4308 4565/6242/4307 4555/6228/4297
f 4557/6231/4299 4567/6245/4309 4566/6246/4308 4556/6232/4298
f 4558/6219/4300 4568/6234/4310 4567/6245/4309 4557/6231/4299
f 4559/6233/4301 4569/6247/4311 4578/6248/4320 4568/6234/4310
f 4560/6249/4302 4570/6250/4312 4569/6251/4311 4559/6252/4301
f 4561/6253/4303 4571/6254/4313 4570/6250/4312 4560/6249/4302
f 4562/6238/4304 4572/6255/4314 4571/6256/4313 4561/6239/4303
f 4563/6240/4305 4573/6257/4315 4572/6255/4314 4562/6238/4304
f 4564/6241/4306 4574/6258/4316 4573/6257/4315 4563/6240/4305
f 4565/6259/4307 4575/6260/4317 4574/6261/4316 4564/6262/4306
f 4566/6263/4308 4576/6264/4318 4575/6260/4317 4565/6259/4307
f 4567/6245/4309 4577/6265/4319 4576/6266/4318 4566/6246/4308
f 4568/6234/4310 4578/6248/4320 4577/6265/4319 4567/6245/4309
f 4569/6251/4311 4579/6267/4321 4588/6268/4330 4578/6269/4320
f 4570/6250/4312 4580/6270/4322 4579/6267/4321 4569/6251/4311
f 4571/6254/4313 4581/6271/4323 4580/6270/4322 4570/6250/4312
f 4572/6255/4314 4582/6272/4324 4581/6273/4323 4571/6256/4313
f 4573/6257/4315 4583/6274/4325 4582/6272/4324 4572/6255/4314
f 4574/6261/4316 4584/6275/4326 4583/6276/4325 4573/6277/4315
f 4575/6260/4317 4585/6278/4327 4584/6275/4326 4574/6261/4316
f 4576/6264/4318 4586/6279/4328 4585/6278/4327 4575/6260/4317
f 4577/6265/4319 4587/6280/4329 4586/6281/4328 4576/6266/4318
f 4578/6248/4320 4588/6282/4330 4587/6280/4329 4577/6265/4319
f 4579/6283/4321 4589/6284/4331 4598/6285/4340 4588/6286/4330
f 4580/6287/4322 4590/6288/4332 4589/6284/4331 4579/6283/4321
f 4581/6289/4323 4591/6290/4333 4590/6288/4332 4580/6287/4322
f 4582/6272/4324 4592/6291/4334 4591/6292/4333 4581/6273/4323
f 4583/6274/4325 4593/6293/4335 4592/6291/4334 4582/6272/4324
f 4584/6294/4326 4594/6295/4336 4593/6293/4335 4583/6274/4325
f 4585/6296/4327 4595/6297/4337 4594/6298/4336 4584/6299/4326
f 4586/6300/4328 4596/6301/4338 4595/6297/4337 4585/6296/4327
f 4587/6280/4329 4597/6302/4339 4596/6303/4338 4586/6281/4328
f 4588/6282/4330 4598/6304/4340 4597/6302/4339 4587/6280/4329
f 4589/6305/4331 4599/6306/4341 4608/6307/4350 4598/6304/4340
f 4590/6288/4332 4600/6308/4342 4599/6309/4341 4589/6284/4331
f 4591/6290/4333 4601/6310/4343 4600/6308/4342 4590/6288/4332
f 4592/6291/4334 4602/6311/4344 4601/6312/4343 4591/6292/4333
f 4593/6293/4335 4603/6313/4345 4602/6311/4344 4592/6291/4334
f 4594/6295/4336 4604/6314/4346 4603/6313/4345 4593/6293/4335
f 4595/6297/4337 4605/6315/4347 4604/6316/4346 4594/6298/4336
f 4596/6301/4338 4606/6317/4348 4605/6315/4347 4595/6297/4337
f 4597/6302/4339 4607/6318/4349 4606/6319/4348 4596/6303/4338
f 4598/6304/4340 4608/6307/4350 4607/6318/4349 4597/6302/4339
f 4599/6306/4341 4609/6320/4351 4618/6321/4360 4608/6307/4350
f 4600/6308/4342 4610/6322/4352 4609/6323/4351 4599/6309/4341
f 4601/6310/4343 4611/6324/4353 4610/6322/4352 4600/6308/4342
f 4602/6311/4344 4612/6325/4354 4611/6326/4353 4601/6312/4343
f 4603/6313/4345 4613/6327/4355 4612/6325/4354 4602/6311/4344
f 4604/6314/4346 4614/6328/4356 4613/6327/4355 4603/6313/4345
f 4605/6315/4347 4615/6329/4357 4614/6330/4356 4604/6316/4346
f 4606/6317/4348 4616/6331/4358 4615/6329/4357 4605/6315/4347
f 4607/6318/4349 4617/6332/4359 4616/6333/4358 4606/6319/4348
f 4608/6307/4350 4618/6321/4360 4617/6332/4359 4607/6318/4349
f 4609/6323/4351 4619/6334/4361 4628/6335/4370 4618/6336/4360
f 4610/6322/4352 4620/6337/4362 4619/6334/4361 4609/6323/4351
f 4611/6324/4353 4621/6338/4363 4620/6337/4362 4610/6322/4352
f 4612/6325/4354 4622/6339/4364 4621/6340/4363 4611/6326/4353
f 4613/6327/4355 4623/6341/4365 4622/6339/4364 4612/6325/4354
f 4614/6328/4356 4624/6342/4366 4623/6341/4365 4613/6327/4355
f 4615/6329/4357 4625/6343/4367 4624/6344/4366 4614/6330/4356
f 4616/6331/4358 4626/6345/4368 4625/6343/4367 4615/6329/4357
f 4617/6332/4359 4627/6346/4369 4626/6347/4368 4616/6333/4358
f 4618/6321/4360 4628/6348/4370 4627/6346/4369 4617/6332/4359
f 4619/6349/4361 4629/6350/4371 4638/6351/4380 4628/6352/4370
f 4620/6353/4362 4630/6354/4372 4629/6350/4371 4619/6349/4361
f 4621/6355/4363 4631/6356/4373 4630/6354/4372 4620/6353/4362
f 4622/6339/4364 4632/6357/4374 4631/6358/4373 4621/6340/4363
f 4623/6341/4365 4633/6359/4375 4632/6357/4374 4622/6339/4364
f 4624/6360/4366 4634/6361/4376 4633/6362/4375 4623/6363/4365
f 4625/6364/4367 4635/6365/4377 4634/6361/4376 4624/6360/4366
f 4626/6366/4368 4636/6367/4378 4635/6365/4377 4625/6364/4367
f 4627/6346/4369 4637/6368/4379 4636/6369/4378 4626/6347/4368
f 4628/6348/4370 4638/6370/4380 4637/6368/4379 4627/6346/4369
f 4629/6371/4371 4639/6372/4381 4648/6373/4390 4638/6370/4380
f 4630/6354/4372 4640/6374/4382 4639/6375/4381 4629/6350/4371
f 4631/6356/4373 4641/6376/4383 4640/6374/4382 4630/6354/4372
f 4632/6357/4374 4642/6377/4384 4641/6378/4383 4631/6358/4373
f 4633/6359/4375 4643/6379/4385 4642/6377/4384 4632/6357/4374
f 4634/6380/4376 4644/6381/4386 4643/6379/4385 4633/6359/4375
f 4635/6365/4377 4645/6382/4387 4644/6383/4386 4634/6361/4376
f 4636/6367/4378 4646/6384/4388 4645/6382/4387 4635/6365/4377
f 4637/6368/4379 4647/6385/4389 4646/6386/4388 4636/6369/4378
f 4638/6370/4380 4648/6373/4390 4647/6385/4389 4637/6368/4379
f 4639/6372/4381 4649/6387/4391 4658/6388/4400 4648/6373/4390
f 4640/6389/4382 4650/6390/4392 4649/6391/4391 4639/6392/4381
f 4641/6393/4383 4651/6394/4393 4650/6390/4392 4640/6389/4382
f 4642/6377/4384 4652/6395/4394 4651/6396/4393 4641/6378/4383
f 4643/6379/4385 4653/6397/4395 4652/6395/4394 4642/6377/4384
f 4644/6381/4386 4654/6398/4396 4653/6397/4395 4643/6379/4385
f 4645/6382/4387 4655/6399/4397 4654/6400/4396 4644/6383/4386
f 4646/6401/4388 4656/6402/4398 4655/6403/4397 4645/6404/4387
f 4647/6385/4389 4657/6405/4399 4656/6406/4398 4646/6386/4388
f 4648/6373/4390 4658/6388/4400 4657/6405/4399 4647/6385/4389
f 4649/6387/4391 4659/6407/4401 4668/6408/4410 4658/6388/4400
f 4650/6390/4392 4660/6409/4402 4659/6410/4401 4649/6391/4391
f 4651/6394/4393 4661/6411/4403 4660/6409/4402 4650/6390/4392
f 4652/6395/4394 4662/6412/4404 4661/6413/4403 4651/6396/4393
f 4653/6397/4395 4663/6414/4405 4662/6412/4404 4652/6395/4394
f 4654/6398/4396 4664/6415/4406 4663/6414/4405 4653/6397/4395
f 4655/6403/4397 4665/6416/4407 4664/6417/4406 4654/6418/4396
f 4656/6402/4398 4666/6419/4408 4665/6416/4407 4655/6403/4397
f 4657/6405/4399 4667/6420/4409 4666/6421/4408 4656/6406/4398
f 4658/6388/4400 4668/6408/4410 4667/6420/4409 4657/6405/4399
f 4659/6407/4401 4669/6422/4411 4678/6423/4420 4668/6408/4410
f 4660/6409/4402 4670/6424/4412 4669/6425/4411 4659/6410/4401
f 4661/6411/4403 4671/6426/4413 4670/6424/4412 4660/6409/4402
f 4662/6412/4404 4672/6427/4414 4671/6428/4413 4661/6413/4403
f 4663/6414/4405 4673/6429/4415 4672/6427/4414 4662/6412/4404
f 4664/6415/4406 4674/6430/4416 4673/6429/4415 4663/6414/4405
f 4665/6416/4407 4675/6431/4417 4674/6432/4416 4664/6417/4406
f 4666/6419/4408 4676/6433/4418 4675/6431/4417 4665/6416/4407
f 4667/6420/4409 4677/6434/4419 4676/6435/4418 4666/6421/4408
f 4668/6408/4410 4678/6423/4420 4677/6434/4419 4667/6420/4409
f 4669/6422/4411 4679/6436/4421 4688/6437/4430 4678/6423/4420
f 4670/6424/4412 4680/6438/4422 4679/6439/4421 4669/6425/4411
f 4671/6440/4413 4681/6441/4423 4680/6442/4422 4670/6443/4412
f 4672/6427/4414 4682/6444/4424 4681/6445/4423 4671/6428/4413
f 4673/6429/4415 4683/6446/4425 4682/6444/4424 4672/6427/4414
f 4674/6430/4416 4684/6447/4426 4683/6446/4425 4673/6429/4415
f 4675/6448/4417 4685/6449/4427 4684/6450/4426 4674/6451/4416
f 4676/6452/4418 4686/6453/4428 4685/6449/4427 4675/6448/4417
f 4677/6434/4419 4687/6454/4429 4686/6455/4428 4676/6435/4418
f 4678/6423/4420 4688/6437/4430 4687/6454/4429 4677/6434/4419
f 4679/6436/4421 4689/6456/4431 4698/6457/4440 4688/6437/4430
f 4680/6442/4422 4690/6458/4432 4689/6459/4431 4679/6460/4421
f 4681/6441/4423 4691/6461/4433 4690/6458/4432 4680/6442/4422
f 4682/6444/4424 4692/6462/4434 4691/6463/4433 4681/6445/4423
f 4683/6446/4425 4693/6464/4435 4692/6462/4434 4682/6444/4424
f 4684/6447/4426 4694/6465/4436 4693/6464/4435 4683/6446/4425
f 4685/6449/4427 4695/6466/4437 4694/6467/4436 4684/6450/4426
f 4686/6453/4428 4696/6468/4438 4695/6466/4437 4685/6449/4427
f 4687/6454/4429 4697/6469/4439 4696/6470/4438 4686/6455/4428
f 4688/6437/4430 4698/6457/4440 4697/6469/4439 4687/6454/4429
f 4689/6459/4431 4699/6471/4441 4708/6472/4450 4698/6473/4440
f 4690/6458/4432 4700/6474/4442 4699/6471/4441 4689/6459/4431
f 4691/6461/4433 4701/6475/4443 4700/6474/4442 4690/6458/4432
f 4692/6462/4434 4702/6476/4444 4701/6477/4443 4691/6463/4433
f 4693/6464/4435 4703/6478/4445 4702/6476/4444 4692/6462/4434
f 4694/6467/4436 4704/6479/4446 4703/6480/4445 4693/6481/4435
f 4695/6466/4437 4705/6482/4447 4704/6479/4446 4694/6467/4436
f 4696/6468/4438 4706/6483/4448 4705/6482/4447 4695/6466/4437
f 4697/6469/4439 4707/6484/4449 4706/6485/4448 4696/6470/4438
f 4698/6457/4440 4708/6486/4450 4707/6484/4449 4697/6469/4439
f 4699/6471/4441 4709/6487/4451 4718/6488/4460 4708/6472/4450
f 4700/6474/4442 4710/6489/4452 4709/6487/4451 4699/6471/4441
f 4701/6475/4443 4711/6490/4453 4710/6489/4452 4700/6474/4442
f 4702/6476/4444 4712/6491/4454 4711/6492/4453 4701/6477/4443
f 4703/6478/4445 4713/6493/4455 4712/6491/4454 4702/6476/4444
f 4704/6479/4446 4714/6494/4456 4713/6495/4455 4703/6480/4445
f 4705/6482/4447 4715/6496/4457 4714/6494/4456 4704/6479/4446
f 4706/6483/4448 4716/6497/4458 4715/6496/4457 4705/6482/4447
f 4707/6484/4449 4717/6498/4459 4716/6499/4458 4706/6485/4448
f 4708/6486/4450 4718/6500/4460 4717/6498/4459 4707/6484/4449
f 4709/6487/4451 4719/6501/4461 4728/6502/4470 4718/6488/4460
f 4710/6489/4452 4720/6503/4462 4719/6501/4461 4709/6487/4451
f 4711/6490/4453 4721/6504/4463 4720/6503/4462 4710/6489/4452
f 4712/6491/4454 4722/6505/4464 4721/6506/4463 4711/6492/4453
f 4713/6493/4455 4723/6507/4465 4722/6505/4464 4712/6491/4454
f 4714/6494/4456 4724/6508/4466 4723/6509/4465 4713/6495/4455
f 4715/6496/4457 4725/6510/4467 4724/6508/4466 4714/6494/4456
f 4716/6497/4458 4726/6511/4468 4725/6510/4467 4715/6496/4457
f 4717/6498/4459 4727/6512/4469 4726/6513/4468 4716/6499/4458
f 4718/6500/4460 4728/6514/4470 4727/6512/4469 4717/6498/4459
f 4719/6501/4461 4729/6515/4471 4738/6516/4480 4728/6502/4470
f 4720/6503/4462 4730/6517/4472 4729/6515/4471 4719/6501/4461
f 4721/6504/4463 4731/6518/4473 4730/6517/4472 4720/6503/4462
f 4722/6505/4464 4732/6519/4474 4731/6520/4473 4721/6506/4463
f 4723/6507/4465 4733/6521/4475 4732/6519/4474 4722/6505/4464
f 4724/6508/4466 4734/6522/4476 4733/6523/4475 4723/6509/4465
f 4725/6510/4467 4735/6524/4477 4734/6522/4476 4724/6508/4466
f 4726/6511/4468 4736/6525/4478 4735/6524/4477 4725/6510/4467
f 4727/6512/4469 4737/6526/4479 4736/6527/4478 4726/6513/4468
f 4728/6514/4470 4738/6528/4480 4737/6526/4479 4727/6512/4469
f 4729/6515/4471 4739/6529/4481 4748/6530/4490 4738/6516/4480
f 4730/6517/4472 4740/6531/4482 4739/6529/4481 4729/6515/4471
f 4731/6518/4473 4741/6532/4483 4740/6531/4482 4730/6517/4472
f 4732/6519/4474 4742/6533/4484 4741/6534/4483 4731/6520/4473
f 4733/6521/4475 4743/6535/4485 4742/6533/4484 4732/6519/4474
f 4734/6522/4476 4744/6536/4486 4743/6537/4485 4733/6523/4475
f 4735/6524/4477 4745/6538/4487 4744/6536/4486 4734/6522/4476
f 4736/6525/4478 4746/6539/4488 4745/6538/4487 4735/6524/4477
f 4737/6526/4479 4747/6540/4489 4746/6541/4488 4736/6527/4478
f 4738/6528/4480 4748/6542/4490 4747/6540/4489 4737/6526/4479
f 4739/6529/4481 4749/6543/4491 4758/6544/4500 4748/6530/4490
f 4740/6531/4482 4750/6545/4492 4749/6543/4491 4739/6529/4481
f 4741/6532/4483 4751/6546/4493 4750/6545/4492 4740/6531/4482
f 4742/6533/4484 4752/6547/4494 4751/6548/4493 4741/6534/4483
f 4743/6535/4485 4753/6549/4495 4752/6547/4494 4742/6533/4484
f 4744/6536/4486 4754/6550/4496 4753/6551/4495 4743/6537/4485
f 4745/6538/4487 4755/6552/4497 4754/6550/4496 4744/6536/4486
f 4746/6539/4488 4756/6553/4498 4755/6552/4497 4745/6538/4487
f 4747/6540/4489 4757/6554/4499 4756/6555/4498 4746/6541/4488
f 4748/6542/4490 4758/6556/4500 4757/6554/4499 4747/6540/4489
f 4749/6543/4491 4759/6557/4501 4768/6558/4510 4758/6544/4500
f 4750/6545/4492 4760/6559/4502 4759/6557/4501 4749/6543/4491
f 4751/6546/4493 4761/6560/4503 4760/6559/4502 4750/6545/4492
f 4752/6547/4494 4762/6561/4504 4761/6562/4503 4751/6548/4493
f 4753/6549/4495 4763/6563/4505 4762/6561/4504 4752/6547/4494
f 4754/6550/4496 4764/6564/4506 4763/6565/4505 4753/6551/4495
f 4755/6552/4497 4765/6566/4507 4764/6564/4506 4754/6550/4496
f 4756/6553/4498 4766/6567/4508 4765/6566/4507 4755/6552/4497
f 4757/6554/4499 4767/6568/4509 4766/6569/4508 4756/6555/4498
f 4758/6556/4500 4768/6570/4510 4767/6568/4509 4757/6554/4499
f 4759/6557/4501 4769/6571/4511 4778/6572/4520 4768/6558/4510
f 4760/6559/4502 4770/6573/4512 4769/6571/4511 4759/6557/4501
f 4761/6560/4503 4771/6574/4513 4770/6573/4512 4760/6559/4502
f 4762/6561/4504 4772/6575/4514 4771/6576/4513 4761/6562/4503
f 4763/6563/4505 4773/6577/4515 4772/6575/4514 4762/6561/4504
f 4764/6578/4506 4774/6579/4516 4773/6577/4515 4763/6563/4505
f 4765/6566/4507 4775/6580/4517 4774/6581/4516 4764/6564/4506
f 4766/6567/4508 4776/6582/4518 4775/6580/4517 4765/6566/4507
f 4767/6568/4509 4777/6583/4519 4776/6584/4518 4766/6569/4508
f 4768/6570/4510 4778/6585/4520 4777/6583/4519 4767/6568/4509
f 4769/6586/4511 4779/6587/4521 4788/6588/4530 4778/6585/4520
f 4770/6573/4512 4780/6589/4522 4779/6590/4521 4769/6571/4511
f 4771/6574/4513 4781/6591/4523 4780/6589/4522 4770/6573/4512
f 4772/6575/4514 4782/6592/4524 4781/6593/4523 4771/6576/4513
f 4773/6577/4515 4783/6594/4525 4782/6592/4524 4772/6575/4514
f 4774/6579/4516 4784/6595/4526 4783/6594/4525 4773/6577/4515
f 4775/6580/4517 4785/6596/4527 4784/6597/4526 4774/6581/4516
f 4776/6582/4518 4786/6598/4528 4785/6596/4527 4775/6580/4517
f 4777/6583/4519 4787/6599/4529 4786/6600/4528 4776/6584/4518
f 4778/6585/4520 4788/6588/4530 4787/6599/4529 4777/6583/4519
f 4779/6587/4521 4789/6601/4531 4798/6602/4540 4788/6588/4530
f 4780/6589/4522 4790/6603/4532 4789/6604/4531 4779/6590/4521
f 4781/6591/4523 4791/6605/4533 4790/6603/4532 4780/6589/4522
f 4782/6592/4524 4792/6606/4534 4791/6607/4533 4781/6593/4523
f 4783/6594/4525 4793/6608/4535 4792/6606/4534 4782/6592/4524
f 4784/6595/4526 4794/6609/4536 4793/6608/4535 4783/6594/4525
f 4785/6596/4527 4795/6610/4537 4794/6611/4536 4784/6597/4526
f 4786/6598/4528 4796/6612/4538 4795/6610/4537 4785/6596/4527
f 4787/6599/4529 4797/6613/4539 4796/6614/4538 4786/6600/4528
f 4788/6588/4530 4798/6602/4540 4797/6613/4539 4787/6599/4529
f 4789/6601/4531 4799/6615/4541 4808/6616/4550 4798/6602/4540
f 4790/6603/4532 4800/6617/4542 4799/6618/4541 4789/6604/4531
f 4791/6605/4533 4801/6619/4543 4800/6617/4542 4790/6603/4532
f 4792/6606/4534 4802/6620/4544 4801/6621/4543 4791/6607/4533
f 4793/6608/4535 4803/6622/4545 4802/6620/4544 4792/6606/4534
f 4794/6609/4536 4804/6623/4546 4803/6622/4545 4793/6608/4535
f 4795/6610/4537 4805/6624/4547 4804/6625/4546 4794/6611/4536
f 4796/6612/4538 4806/6626/4548 4805/6624/4547 4795/6610/4537
f 4797/6613/4539 4807/6627/4549 4806/6628/4548 4796/6614/4538
f 4798/6602/4540 4808/6616/4550 4807/6627/4549 4797/6613/4539
f 4799/6615/4541 4809/6629/4551 4818/6630/4560 4808/6616/4550
f 4800/6617/4542 4810/6631/4552 4809/6632/4551 4799/6618/4541
f 4801/6619/4543 4811/6633/4553 4810/6631/4552 4800/6617/4542
f 4802/6620/4544 4812/6634/4554 4811/6635/4553 4801/6621/4543
f 4803/6622/4545 4813/6636/4555 4812/6634/4554 4802/6620/4544
f 4804/6623/4546 4814/6637/4556 4813/6636/4555 4803/6622/4545
f 4805/6624/4547 4815/6638/4557 4814/6639/4556 4804/6625/4546
f 4806/6626/4548 4816/6640/4558 4815/6638/4557 4805/6624/4547
f 4807/6627/4549 4817/6641/4559 4816/6642/4558 4806/6628/4548
f 4808/6616/4550 4818/6630/4560 4817/6641/4559 4807/6627/4549
f 4809/6629/4551 4819/6643/4561 4828/6644/4570 4818/6630/4560
f 4810/6631/4552 4820/6645/4562 4819/6646/4561 4809/6632/4551
f 4811/6633/4553 4821/6647/4563 4820/6645/4562 4810/6631/4552
f 4812/6634/4554 4822/6648/4564 4821/6649/4563 4811/6635/4553
f 4813/6636/4555 4823/6650/4565 4822/6648/4564 4812/6634/4554
f 4814/6637/4556 4824/6651/4566 4823/6650/4565 4813/6636/4555
f 4815/6638/4557 4825/6652/4567 4824/6653/4566 4814/6639/4556
f 4816/6640/4558 4826/6654/4568 4825/6652/4567 4815/6638/4557
f 4817/6641/4559 4827/6655/4569 4826/6656/4568 4816/6642/4558
f 4818/6630/4560 4828/6644/4570 4827/6655/4569 4817/6641/4559
f 4819/6643/4561 4829/6657/4571 4838/6658/4580 4828/6644/4570
f 4820/6645/4562 4830/6659/4572 4829/6660/4571 4819/6646/4561
f 4821/6647/4563 4831/6661/4573 4830/6659/4572 4820/6645/4562
f 4822/6648/4564 4832/6662/4574 4831/6663/4573 4821/6649/4563
f 4823/6650/4565 4833/6664/4575 4832/6662/4574 4822/6648/4564
f 4824/6651/4566 4834/6665/4576 4833/6664/4575 4823/6650/4565
f 4825/6652/4567 4835/6666/4577 4834/6667/4576 4824/6653/4566
f 4826/6654/4568 4836/6668/4578 4835/6666/4577 4825/6652/4567
f 4827/6655/4569 4837/6669/4579 4836/6670/4578 4826/6656/4568
f 4828/6644/4570 4838/6658/4580 4837/6669/4579 4827/6655/4569
f 4829/6657/4571 4839/6671/4581 4848/6672/4590 4838/6658/4580
f 4830/6659/4572 4840/6673/4582 4839/6674/4581 4829/6660/4571
f 4831/6661/4573 4841/6675/4583 4840/6673/4582 4830/6659/4572
f 4832/6662/4574 4842/6676/4584 4841/6677/4583 4831/6663/4573
f 4833/6664/4575 4843/6678/4585 4842/6676/4584 4832/6662/4574
f 4834/6665/4576 4844/6679/4586 4843/6678/4585 4833/6664/4575
f 4835/6666/4577 4845/6680/4587 4844/6681/4586 4834/6667/4576
f 4836/6668/4578 4846/6682/4588 4845/6680/4587 4835/6666/4577
f 4837/6669/4579 4847/6683/4589 4846/6684/4588 4836/6670/4578
f 4838/6658/4580 4848/6672/4590 4847/6683/4589 4837/6669/4579
f 4839/6671/4581 4849/6685/4591 4858/6686/4600 4848/6672/4590
f 4840/6673/4582 4850/6687/4592 4849/6688/4591 4839/6674/4581
f 4841/6675/4583 4851/6689/4593 4850/6687/4592 4840/6673/4582
f 4842/6676/4584 4852/6690/4594 4851/6691/4593 4841/6677/4583
f 4843/6678/4585 4853/6692/4595 4852/6690/4594 4842/6676/4584
f 4844/6679/4586 4854/6693/4596 4853/6692/4595 4843/6678/4585
f 4845/6680/4587 4855/6694/4597 4854/6695/4596 4844/6681/4586
f 4846/6682/4588 4856/6696/4598 4855/6694/4597 4845/6680/4587
f 4847/6683/4589 4857/6697/4599 4856/6698/4598 4846/6684/4588
f 4848/6672/4590 4858/6686/4600 4857/6697/4599 4847/6683/4589
f 4849/6685/4591 4859/6699/4601 4868/6700/4610 4858/6686/4600
f 4850/6687/4592 4860/6701/4602 4859/6702/4601 4849/6688/4591
f 4851/6689/4593 4861/6703/4603 4860/6701/4602 4850/6687/4592
f 4852/6690/4594 4862/6704/4604 4861/6705/4603 4851/6691/4593
f 4853/6692/4595 4863/6706/4605 4862/6704/4604 4852/6690/4594
f 4854/6693/4596 4864/6707/4606 4863/6706/4605 4853/6692/4595
f 4855/6694/4597 4865/6708/4607 4864/6709/4606 4854/6695/4596
f 4856/6696/4598 4866/6710/4608 4865/6708/4607 4855/6694/4597
f 4857/6697/4599 4867/6711/4609 4866/6712/4608 4856/6698/4598
f 4858/6686/4600 4868/6700/4610 4867/6711/4609 4857/6697/4599
f 4859/6699/4601 4869/6713/4611 4878/6714/4620 4868/6700/4610
f 4860/6701/4602 4870/6715/4612 4869/6716/4611 4859/6702/4601
f 4861/6703/4603 4871/6717/4613 4870/6715/4612 4860/6701/4602
f 4862/6704/4604 4872/6718/4614 4871/6719/4613 4861/6705/4603
f 4863/6706/4605 4873/6720/4615 4872/6718/4614 4862/6704/4604
f 4864/6707/4606 4874/6721/4616 4873/6720/4615 4863/6706/4605
f 4865/6708/4607 4875/6722/4617 4874/6723/4616 4864/6709/4606
f 4866/6710/4608 4876/6724/4618 4875/6722/4617 4865/6708/4607
f 4867/6711/4609 4877/6725/4619 4876/6726/4618 4866/6712/4608
f 4868/6700/4610 4878/6714/4620 4877/6725/4619 4867/6711/4609
f 4869/6713/4611 4879/6727/4621 4888/6728/4630 4878/6714/4620
f 4870/6715/4612 4880/6729/4622 4879/6730/4621 4869/6716/4611
f 4871/6717/4613 4881/6731/4623 4880/6729/4622 4870/6715/4612
f 4872/6718/4614 4882/6732/4624 4881/6733/4623 4871/6719/4613
f 4873/6720/4615 4883/6734/4625 4882/6732/4624 4872/6718/4614
f 4874/6721/4616 4884/6735/4626 4883/6734/4625 4873/6720/4615
f 4875/6722/4617 4885/6736/4627 4884/6737/4626 4874/6723/4616
f 4876/6724/4618 4886/6738/4628 4885/6736/4627 4875/6722/4617
f 4877/6725/4619 4887/6739/4629 4886/6740/4628 4876/6726/4618
f 4878/6714/4620 4888/6728/4630 4887/6739/4629 4877/6725/4619
f 4879/6727/4621 4889/6741/4631 4898/6742/4640 4888/6728/4630
f 4880/6729/4622 4890/6743/4632 4889/6744/4631 4879/6730/4621
f 4881/6731/4623 4891/6745/4633 4890/6743/4632 4880/6729/4622
f 4882/6732/4624 4892/6746/4634 4891/6747/4633 4881/6733/4623
f 4883/6734/4625 4893/6748/4635 4892/6746/4634 4882/6732/4624
f 4884/6735/4626 4894/6749/4636 4893/6748/4635 4883/6734/4625
f 4885/6736/4627 4895/6750/4637 4894/6751/4636 4884/6737/4626
f 4886/6738/4628 4896/6752/4638 4895/6750/4637 4885/6736/4627
f 4887/6739/4629 4897/6753/4639 4896/6754/4638 4886/6740/4628
f 4888/6728/4630 4898/6742/4640 4897/6753/4639 4887/6739/4629
f 4889/6741/4631 4899/6755/4641 4908/6756/4650 4898/6742/4640
f 4890/6743/4632 4900/6757/4642 4899/6758/4641 4889/6744/4631
f 4891/6745/4633 4901/6759/4643 4900/6757/4642 4890/6743/4632
f 4892/6746/4634 4902/6760/4644 4901/6761/4643 4891/6747/4633
f 4893/6748/4635 4903/6762/4645 4902/6760/4644 4892/6746/4634
f 4894/6749/4636 4904/6763/4646 4903/6762/4645 4893/6748/4635
f 4895/6750/4637 4905/6764/4647 4904/6765/4646 4894/6751/4636
f 4896/6752/4638 4906/6766/4648 4905/6764/4647 4895/6750/4637
f 4897/6753/4639 4907/6767/4649 4906/6768/4648 4896/6754/4638
f 4898/6742/4640 4908/6756/4650 4907/6767/4649 4897/6753/4639
f 4899/6755/4641 4909/6769/4651 4918/6770/4660 4908/6756/4650
f 4900/6757/4642 4910/6771/4652 4909/6772/4651 4899/6758/4641
f 4901/6759/4643 4911/6773/4653 4910/6771/4652 4900/6757/4642
f 4902/6760/4644 4912/6774/4654 4911/6775/4653 4901/6761/4643
f 4903/6762/4645 4913/6776/4655 4912/6774/4654 4902/6760/4644
f 4904/6763/4646 4914/6777/4656 4913/6776/4655 4903/6762/4645
f 4905/6764/4647 4915/6778/4657 4914/6779/4656 4904/6765/4646
f 4906/6766/4648 4916/6780/4658 4915/6778/4657 4905/6764/4647
f 4907/6767/4649 4917/6781/4659 4916/6782/4658 4906/6768/4648
f 4908/6756/4650 4918/6770/4660 4917/6781/4659 4907/6767/4649
f 4909/6769/4651 4919/6783/4661 4928/6784/4670 4918/6770/4660
f 4910/6771/4652 4920/6785/4662 4919/6786/4661 4909/6772/4651
f 4911/6773/4653 4921/6787/4663 4920/6785/4662 4910/6771/4652
f 4912/6774/4654 4922/6788/4664 4921/6789/4663 4911/6775/4653
f 4913/6776/4655 4923/6790/4665 4922/6788/4664 4912/6774/4654
f 4914/6777/4656 4924/6791/4666 4923/6790/4665 4913/6776/4655
f 4915/6778/4657 4925/6792/4667 4924/6793/4666 4914/6779/4656
f 4916/6780/4658 4926/6794/4668 4925/6792/4667 4915/6778/4657
f 4917/6781/4659 4927/6795/4669 4926/6796/4668 4916/6782/4658
f 4918/6770/4660 4928/6784/4670 4927/6795/4669 4917/6781/4659
f 4919/6783/4661 4929/6797/4671 4938/6798/4680 4928/6784/4670
f 4920/6785/4662 4930/6799/4672 4929/6800/4671 4919/6786/4661
f 4921/6787/4663 4931/6801/4673 4930/6799/4672 4920/6785/4662
f 4922/6788/4664 4932/6802/4674 4931/6803/4673 4921/6789/4663
f 4923/6790/4665 4933/6804/4675 4932/6802/4674 4922/6788/4664
f 4924/6791/4666 4934/6805/4676 4933/6804/4675 4923/6790/4665
f 4925/6792/4667 4935/6806/4677 4934/6807/4676 4924/6793/4666
f 4926/6794/4668 4936/6808/4678 4935/6806/4677 4925/6792/4667
f 4927/6795/4669 4937/6809/4679 4936/6810/4678 4926/6796/4668
f 4928/6784/4670 4938/6798/4680 4937/6809/4679 4927/6795/4669
f 4929/6797/4671 4939/6811/4681 4948/6812/4690 4938/6798/4680
f 4930/6799/4672 4940/6813/4682 4939/6814/4681 4929/6800/4671
f 4931/6801/4673 4941/6815/4683 4940/6813/4682 4930/6799/4672
f 4932/6802/4674 4942/6816/4684 4941/6817/4683 4931/6803/4673
f 4933/6804/4675 4943/6818/4685 4942/6816/4684 4932/6802/4674
f 4934/6805/4676 4944/6819/4686 4943/6818/4685 4933/6804/4675
f 4935/6806/4677 4945/6820/4687 4944/6821/4686 4934/6807/4676
f 4936/6808/4678 4946/6822/4688 4945/6820/4687 4935/6806/4677
f 4937/6809/4679 4947/6823/4689 4946/6824/4688 4936/6810/4678
f 4938/6798/4680 4948/6812/4690 4947/6823/4689 4937/6809/4679
f 4939/6811/4681 4949/6825/4691 4958/6826/4700 4948/6812/4690
f 4940/6813/4682 4950/6827/4692 4949/6828/4691 4939/6814/4681
f 4941/6815/4683 4951/6829/4693 4950/6827/4692 4940/6813/4682
f 4942/6816/4684 4952/6830/4694 4951/6831/4693 4941/6817/4683
f 4943/6818/4685 4953/6832/4695 4952/6830/4694 4942/6816/4684
f 4944/6819/4686 4954/6833/4696 4953/6832/4695 4943/6818/4685
f 4945/6820/4687 4955/6834/4697 4954/6835/4696 4944/6821/4686
f 4946/6822/4688 4956/6836/4698 4955/6834/4697 4945/6820/4687
f 4947/6823/4689 4957/6837/4699 4956/6838/4698 4946/6824/4688
f 4948/6812/4690 4958/6826/4700 4957/6837/4699 4947/6823/4689
f 4949/6825/4691 4959/6839/4701 4968/6840/4710 4958/6826/4700
f 4950/6827/4692 4960/6841/4702 4959/6842/4701 4949/6828/4691
f 4951/6829/4693 4961/6843/4703 4960/6841/4702 4950/6827/4692
f 4952/6830/4694 4962/6844/4704 4961/6845/4703 4951/6831/4693
f 4953/6832/4695 4963/6846/4705 4962/6844/4704 4952/6830/4694
f 4954/6833/4696 4964/6847/4706 4963/6846/4705 4953/6832/4695
f 4955/6834/4697 4965/6848/4707 4964/6849/4706 4954/6835/4696
f 4956/6836/4698 4966/6850/4708 4965/6848/4707 4955/6834/4697
f 4957/6837/4699 4967/6851/4709 4966/6852/4708 4956/6838/4698
f 4958/6826/4700 4968/6840/4710 4967/6851/4709 4957/6837/4699
f 4959/6839/4701 4969/6853/4711 4978/6854/4720 4968/6840/4710
f 4960/6841/4702 4970/6855/4712 4969/6856/4711 4959/6842/4701
f 4961/6843/4703 4971/6857/4713 4970/6855/4712 4960/6841/4702
f 4962/6844/4704 4972/6858/4714 4971/6859/4713 4961/6845/4703
f 4963/6846/4705 4973/6860/4715 4972/6858/4714 4962/6844/4704
f 4964/6847/4706 4974/6861/4716 4973/6860/4715 4963/6846/4705
f 4965/6848/4707 4975/6862/4717 4974/6863/4716 4964/6849/4706
f 4966/6850/4708 4976/6864/4718 4975/6862/4717 4965/6848/4707
f 4967/6851/4709 4977/6865/4719 4976/6866/4718 4966/6852/4708
f 4968/6840/4710 4978/6854/4720 4977/6865/4719 4967/6851/4709
f 4969/6853/4711 4979/6867/4721 4988/6868/4730 4978/6854/4720
f 4970/6855/4712 4980/6869/4722 4979/6870/4721 4969/6856/4711
f 4971/6857/4713 4981/6871/4723 4980/6869/4722 4970/6855/4712
f 4972/6858/4714 4982/6872/4724 4981/6873/4723 4971/6859/4713
f 4973/6860/4715 4983/6874/4725 4982/6872/4724 4972/6858/4714
f 4974/6861/4716 4984/6875/4726 4983/6874/4725 4973/6860/4715
f 4975/6862/4717 4985/6876/4727 4984/6877/4726 4974/6863/4716
f 4976/6864/4718 4986/6878/4728 4985/6876/4727 4975/6862/4717
f 4977/6865/4719 4987/6879/4729 4986/6880/4728 4976/6866/4718
f 4978/6854/4720 4988/6868/4730 4987/6879/4729 4977/6865/4719
f 4979/6867/4721 4989/6881/4731 4998/6882/4740 4988/6868/4730
f 4980/6869/4722 4990/6883/4732 4989/6884/4731 4979/6870/4721
f 4981/6871/4723 4991/6885/4733 4990/6883/4732 4980/6869/4722
f 4982/6872/4724 4992/6886/4734 4991/6887/4733 4981/6873/4723
f 4983/6874/4725 4993/6888/4735 4992/6886/4734 4982/6872/4724
f 4984/6875/4726 4994/6889/4736 4993/6888/4735 4983/6874/4725
f 4985/6876/4727 4995/6890/4737 4994/6891/4736 4984/6877/4726
f 4986/6878/4728 4996/6892/4738 4995/6890/4737 4985/6876/4727
f 4987/6879/4729 4997/6893/4739 4996/6894/4738 4986/6880/4728
f 4988/6868/4730 4998/6882/4740 4997/6893/4739 4987/6879/4729
f 4989/6881/4731 4999/6895/4741 5008/6896/4750 4998/6882/4740
f 4990/6883/4732 5000/6897/4742 4999/6898/4741 4989/6884/4731
f 4991/6885/4733 5001/6899/4743 5000/6897/4742 4990/6883/4732
f 4992/6886/4734 5002/6900/4744 5001/6901/4743 4991/6887/4733
f 4993/6888/4735 5003/6902/4745 5002/6900/4744 4992/6886/4734
f 4994/6889/4736 5004/6903/4746 5003/6902/4745 4993/6888/4735
f 4995/6890/4737 5005/6904/4747 5004/6905/4746 4994/6891/4736
f 4996/6892/4738 5006/6906/4748 5005/6904/4747 4995/6890/4737
f 4997/6893/4739 5007/6907/4749 5006/6908/4748 4996/6894/4738
f 4998/6882/4740 5008/6896/4750 5007/6907/4749 4997/6893/4739
f 4999/6895/4741 5009/6909/4751 5018/6910/4760 5008/6896/4750
f 5000/6897/4742 5010/6911/4752 5009/6912/4751 4999/6898/4741
f 5001/6899/4743 5011/6913/4753 5010/6911/4752 5000/6897/4742
f 5002/6900/4744 5012/6914/4754 5011/6915/4753 5001/6901/4743
f 5003/6902/4745 5013/6916/4755 5012/6914/4754 5002/6900/4744
f 5004/6903/4746 5014/6917/4756 5013/6916/4755 5003/6902/4745
f 5005/6904/4747 5015/6918/4757 5014/6919/4756 5004/6905/4746
f 5006/6906/4748 5016/6920/4758 5015/6918/4757 5005/6904/4747
f 5007/6907/4749 5017/6921/4759 5016/6922/4758 5006/6908/4748
f 5008/6896/4750 5018/6910/4760 5017/6921/4759 5007/6907/4749
f 5009/6909/4751 5019/6923/4761 5028/6924/4770 5018/6910/4760
f 5010/6911/4752 5020/6925/4762 5019/6926/4761 5009/6912/4751
f 5011/6913/4753 5021/6927/4763 5020/6925/4762 5010/6911/4752
f 5012/6914/4754 5022/6928/4764 5021/6929/4763 5011/6915/4753
f 5013/6916/4755 5023/6930/4765 5022/6928/4764 5012/6914/4754
f 5014/6917/4756 5024/6931/4766 5023/6930/4765 5013/6916/4755
f 5015/6918/4757 5025/6932/4767 5024/6933/4766 5014/6919/4756
f 5016/6920/4758 5026/6934/4768 5025/6932/4767 5015/6918/4757
f 5017/6921/4759 5027/6935/4769 5026/6936/4768 5016/6922/4758
f 5018/6910/4760 5028/6924/4770 5027/6935/4769 5017/6921/4759
f 5019/6923/4761 5029/6937/4771 5038/6938/4780 5028/6924/4770
f 5020/6925/4762 5030/6939/4772 5029/6940/4771 5019/6926/4761
f 5021/6927/4763 5031/6941/4773 5030/6939/4772 5020/6925/4762
f 5022/6928/4764 5032/6942/4774 5031/6943/4773 5021/6929/4763
f 5023/6930/4765 5033/6944/4775 5032/6942/4774 5022/6928/4764
f 5024/6931/4766 5034/6945/4776 5033/6944/4775 5023/6930/4765
f 5025/6932/4767 5035/6946/4777 5034/6947/4776 5024/6933/4766
f 5026/6934/4768 5036/6948/4778 5035/6946/4777 5025/6932/4767
f 5027/6935/4769 5037/6949/4779 5036/6950/4778 5026/6936/4768
f 5028/6924/4770 5038/6938/4780 5037/6949/4779 5027/6935/4769
f 5029/6937/4771 5039/6951/4781 5048/6952/4790 5038/6938/4780
f 5030/6939/4772 5040/6953/4782 5039/6954/4781 5029/6940/4771
f 5031/6941/4773 5041/6955/4783 5040/6953/4782 5030/6939/4772
f 5032/6942/4774 5042/6956/4784 5041/6957/4783 5031/6943/4773
f 5033/6944/4775 5043/6958/4785 5042/6956/4784 5032/6942/4774
f 5034/6945/4776 5044/6959/4786 5043/6958/4785 5033/6944/4775
f 5035/6946/4777 5045/6960/4787 5044/6961/4786 5034/6947/4776
f 5036/6948/4778 5046/6962/4788 5045/6960/4787 5035/6946/4777
f 5037/6949/4779 5047/6963/4789 5046/6964/4788 5036/6950/4778
f 5038/6938/4780 5048/6952/4790 5047/6963/4789 5037/6949/4779
f 5039/6951/4781 5049/6965/4791 5058/6966/4800 5048/6952/4790
f 5040/6953/4782 5050/6967/4792 5049/6968/4791 5039/6954/4781
f 5041/6955/4783 5051/6969/4793 5050/6967/4792 5040/6953/4782
f 5042/6956/4784 5052/6970/4794 5051/6971/4793 5041/6957/4783
f 5043/6958/4785 5053/6972/4795 5052/6970/4794 5042/6956/4784
f 5044/6959/4786 5054/6973/4796 5053/6972/4795 5043/6958/4785
f 5045/6960/4787 5055/6974/4797 5054/6975/4796 5044/6961/4786
f 5046/6962/4788 5056/6976/4798 5055/6974/4797 5045/6960/4787
f 5047/6963/4789 5057/6977/4799 5056/6978/4798 5046/6964/4788
f 5048/6952/4790 5058/6966/4800 5057/6977/4799 5047/6963/4789
f 5049/6965/4791 5059/6979/4801 5068/6980/4810 5058/6966/4800
f 5050/6967/4792 5060/6981/4802 5059/6982/4801 5049/6968/4791
f 5051/6969/4793 5061/6983/4803 5060/6981/4802 5050/6967/4792
f 5052/6970/4794 5062/6984/4804 5061/6985/4803 5051/6971/4793
f 5053/6972/4795 5063/6986/4805 5062/6984/4804 5052/6970/4794
f 5054/6973/4796 5064/6987/4806 5063/6986/4805 5053/6972/4795
f 5055/6974/4797 5065/6988/4807 5064/6989/4806 5054/6975/4796
f 5056/6976/4798 5066/6990/4808 5065/6988/4807 5055/6974/4797
f 5057/6977/4799 5067/6991/4809 5066/6992/4808 5056/6978/4798
f 5058/6966/4800 5068/6980/4810 5067/6991/4809 5057/6977/4799
f 5059/6979/4801 5069/6993/4811 5078/6994/4820 5068/6980/4810
f 5060/6981/4802 5070/6995/4812 5069/6996/4811 5059/6982/4801
f 5061/6983/4803 5071/6997/4813 5070/6995/4812 5060/6981/4802
f 5062/6984/4804 5072/6998/4814 5071/6999/4813 5061/6985/4803
f 5063/6986/4805 5073/7000/4815 5072/6998/4814 5062/6984/4804
f 5064/6987/4806 5074/7001/4816 5073/7000/4815 5063/6986/4805
f 5065/6988/4807 5075/7002/4817 5074/7003/4816 5064/6989/4806
f 5066/6990/4808 5076/7004/4818 5075/7002/4817 5065/6988/4807
f 5067/6991/4809 5077/7005/4819 5076/7006/4818 5066/6992/4808
f 5068/6980/4810 5078/6994/4820 5077/7005/4819 5067/6991/4809
f 5069/6993/4811 5079/7007/4821 5088/7008/4830 5078/6994/4820
f 5070/6995/4812 5080/7009/4822 5079/7010/4821 5069/6996/4811
f 5071/6997/4813 5081/7011/4823 5080/7009/4822 5070/6995/4812
f 5072/6998/4814 5082/7012/4824 5081/7013/4823 5071/6999/4813
f 5073/7000/4815 5083/7014/4825 5082/7012/4824 5072/6998/4814
f 5074/7001/4816 5084/7015/4826 5083/7014/4825 5073/7000/4815
f 5075/7002/4817 5085/7016/4827 5084/7017/4826 5074/7003/4816
f 5076/7004/4818 5086/7018/4828 5085/7016/4827 5075/7002/4817
f 5077/7005/4819 5087/7019/4829 5086/7020/4828 5076/7006/4818
f 5078/6994/4820 5088/7008/4830 5087/7019/4829 5077/7005/4819
f 5079/7007/4821 5089/7021/4831 5098/7022/4840 5088/7008/4830
f 5080/7009/4822 5090/7023/4832 5089/7024/4831 5079/7010/4821
f 5081/7011/4823 5091/7025/4833 5090/7023/4832 5080/7009/4822
f 5082/7012/4824 5092/7026/4834 5091/7027/4833 5081/7013/4823
f 5083/7014/4825 5093/7028/4835 5092/7026/4834 5082/7012/4824
f 5084/7015/4826 5094/7029/4836 5093/7028/4835 5083/7014/4825
f 5085/7016/4827 5095/7030/4837 5094/7031/4836 5084/7017/4826
f 5086/7018/4828 5096/7032/4838 5095/7030/4837 5085/7016/4827
f 5087/7019/4829 5097/7033/4839 5096/7034/4838 5086/7020/4828
f 5088/7008/4830 5098/7022/4840 5097/7033/4839 5087/7019/4829
f 5089/7021/4831 5099/7035/4841 5108/7036/4850 5098/7022/4840
f 5090/7023/4832 5100/7037/4842 5099/7038/4841 5089/7024/4831
f 5091/7025/4833 5101/7039/4843 5100/7037/4842 5090/7023/4832
f 5092/7026/4834 5102/7040/4844 5101/7041/4843 5091/7027/4833
f 5093/7028/4835 5103/7042/4845 5102/7040/4844 5092/7026/4834
f 5094/7029/4836 5104/7043/4846 5103/7042/4845 5093/7028/4835
f 5095/7030/4837 5105/7044/4847 5104/7045/4846 5094/7031/4836
f 5096/7032/4838 5106/7046/4848 5105/7044/4847 5095/7030/4837
f 5097/7033/4839 5107/7047/4849 5106/7048/4848 5096/7034/4838
f 5098/7022/4840 5108/7036/4850 5107/7047/4849 5097/7033/4839
f 5099/7035/4841 5109/7049/4851 5118/7050/4860 5108/7036/4850
f 5100/7037/4842 5110/7051/4852 5109/7052/4851 5099/7038/4841
f 5101/7039/4843 5111/7053/4853 5110/7051/4852 5100/7037/4842
f 5102/7040/4844 5112/7054/4854 5111/7055/4853 5101/7041/4843
f 5103/7042/4845 5113/7056/4855 5112/7054/4854 5102/7040/4844
f 5104/7043/4846 5114/7057/4856 5113/7056/4855 5103/7042/4845
f 5105/7044/4847 5115/7058/4857 5114/7059/4856 5104/7045/4846
f 5106/7046/4848 5116/7060/4858 5115/7058/4857 5105/7044/4847
f 5107/7047/4849 5117/7061/4859 5116/7062/4858 5106/7048/4848
f 5108/7036/4850 5118/7050/4860 5117/7061/4859 5107/7047/4849
f 5109/7049/4851 5119/7063/4861 5128/7064/4870 5118/7050/4860
f 5110/7051/4852 5120/7065/4862 5119/7066/4861 5109/7052/4851
f 5111/7053/4853 5121/7067/4863 5120/7065/4862 5110/7051/4852
f 5112/7054/4854 5122/7068/4864 5121/7069/4863 5111/7055/4853
f 5113/7056/4855 5123/7070/4865 5122/7068/4864 5112/7054/4854
f 5114/7057/4856 5124/7071/4866 5123/7070/4865 5113/7056/4855
f 5115/7058/4857 5125/7072/4867 5124/7073/4866 5114/7059/4856
f 5116/7060/4858 5126/7074/4868 5125/7072/4867 5115/7058/4857
f 5117/7061/4859 5127/7075/4869 5126/7076/4868 5116/7062/4858
f 5118/7050/4860 5128/7064/4870 5127/7075/4869 5117/7061/4859
f 5119/7063/4861 5129/7077/4871 5138/7078/4880 5128/7064/4870
f 5120/7065/4862 5130/7079/4872 5129/7080/4871 5119/7066/4861
f 5121/7067/4863 5131/7081/4873 5130/7079/4872 5120/7065/4862
f 5122/7068/4864 5132/7082/4874 5131/7083/4873 5121/7069/4863
f 5123/7070/4865 5133/7084/4875 5132/7082/4874 5122/7068/4864
f 5124/7071/4866 5134/7085/4876 5133/7084/4875 5123/7070/4865
f 5125/7072/4867 5135/7086/4877 5134/7087/4876 5124/7073/4866
f 5126/7074/4868 5136/7088/4878 5135/7086/4877 5125/7072/4867
f 5127/7075/4869 5137/7089/4879 5136/7090/4878 5126/7076/4868
f 5128/7064/4870 5138/7078/4880 5137/7089/4879 5127/7075/4869
f 5129/7077/4871 5139/7091/4881 5148/7092/4890 5138/7078/4880
f 5130/7079/4872 5140/7093/4882 5139/7094/4881 5129/7080/4871
f 5131/7081/4873 5141/7095/4883 5140/7093/4882 5130/7079/4872
f 5132/7082/4874 5142/7096/4884 5141/7097/4883 5131/7083/4873
f 5133/7084/4875 5143/7098/4885 5142/7096/4884 5132/7082/4874
f 5134/7085/4876 5144/7099/4886 5143/7098/4885 5133/7084/4875
f 5135/7086/4877 5145/7100/4887 5144/7101/4886 5134/7087/4876
f 5136/7088/4878 5146/7102/4888 5145/7100/4887 5135/7086/4877
f 5137/7089/4879 5147/7103/4889 5146/7104/4888 5136/7090/4878
f 5138/7078/4880 5148/7092/4890 5147/7103/4889 5137/7089/4879
f 5139/7091/4881 5149/7105/4891 5158/7106/4900 5148/7092/4890
f 5140/7093/4882 5150/7107/4892 5149/7108/4891 5139/7094/4881
f 5141/7095/4883 5151/7109/4893 5150/7107/4892 5140/7093/4882
f 5142/7096/4884 5152/7110/4894 5151/7111/4893 5141/7097/4883
f 5143/7098/4885 5153/7112/4895 5152/7110/4894 5142/7096/4884
f 5144/7099/4886 5154/7113/4896 5153/7112/4895 5143/7098/4885
f 5145/7100/4887 5155/7114/4897 5154/7115/4896 5144/7101/4886
f 5146/7102/4888 5156/7116/4898 5155/7114/4897 5145/7100/4887
f 5147/7103/4889 5157/7117/4899 5156/7118/4898 5146/7104/4888
f 5148/7092/4890 5158/7106/4900 5157/7117/4899 5147/7103/4889
f 5149/7105/4891 5159/7119/4901 5168/7120/4910 5158/7106/4900
f 5150/7107/4892 5160/7121/4902 5159/7122/4901 5149/7108/4891
f 5151/7109/4893 5161/7123/4903 5160/7121/4902 5150/7107/4892
f 5152/7110/4894 5162/7124/4904 5161/7125/4903 5151/7111/4893
f 5153/7112/4895 5163/7126/4905 5162/7124/4904 5152/7110/4894
f 5154/7113/4896 5164/7127/4906 5163/7126/4905 5153/7112/4895
f 5155/7114/4897 5165/7128/4907 5164/7129/4906 5154/7115/4896
f 5156/7116/4898 5166/7130/4908 5165/7128/4907 5155/7114/4897
f 5157/7117/4899 5167/7131/4909 5166/7132/4908 5156/7118/4898
f 5158/7106/4900 5168/7120/4910 5167/7131/4909 5157/7117/4899
f 5159/7119/4901 5169/7133/4911 5178/7134/4920 5168/7120/4910
f 5160/7121/4902 5170/7135/4912 5169/7136/4911 5159/7122/4901
f 5161/7123/4903 5171/7137/4913 5170/7135/4912 5160/7121/4902
f 5162/7124/4904 5172/7138/4914 5171/7139/4913 5161/7125/4903
f 5163/7126/4905 5173/7140/4915 5172/7138/4914 5162/7124/4904
f 5164/7127/4906 5174/7141/4916 5173/7140/4915 5163/7126/4905
f 5165/7128/4907 5175/7142/4917 5174/7143/4916 5164/7129/4906
f 5166/7130/4908 5176/7144/4918 5175/7142/4917 5165/7128/4907
f 5167/7131/4909 5177/7145/4919 5176/7146/4918 5166/7132/4908
f 5168/7120/4910 5178/7134/4920 5177/7145/4919 5167/7131/4909
f 5169/7136/4911 5179/7147/4921 5188/7148/4930 5178/7149/4920
f 5170/7135/4912 5180/7150/4922 5179/7147/4921 5169/7136/4911
f 5171/7137/4913 5181/7151/4923 5180/7150/4922 5170/7135/4912
f 5172/7138/4914 5182/7152/4924 5181/7153/4923 5171/7139/4913
f 5173/7140/4915 5183/7154/4925 5182/7152/4924 5172/7138/4914
f 5174/7141/4916 5184/7155/4926 5183/7154/4925 5173/7140/4915
f 5175/7142/4917 5185/7156/4927 5184/7157/4926 5174/7143/4916
f 5176/7144/4918 5186/7158/4928 5185/7156/4927 5175/7142/4917
f 5177/7145/4919 5187/7159/4929 5186/7160/4928 5176/7146/4918
f 5178/7134/4920 5188/7161/4930 5187/7159/4929 5177/7145/4919
f 5179/7147/4921 5189/7162/4931 5198/7163/4940 5188/7148/4930
f 5180/7150/4922 5190/7164/4932 5189/7162/4931 5179/7147/4921
f 5181/7151/4923 5191/7165/4933 5190/7164/4932 5180/7150/4922
f 5182/7152/4924 5192/7166/4934 5191/7167/4933 5181/7153/4923
f 5183/7154/4925 5193/7168/4935 5192/7166/4934 5182/7152/4924
f 5184/7157/4926 5194/7169/4936 5193/7170/4935 5183/7171/4925
f 5185/7156/4927 5195/7172/4937 5194/7169/4936 5184/7157/4926
f 5186/7158/4928 5196/7173/4938 5195/7172/4937 5185/7156/4927
f 5187/7159/4929 5197/7174/4939 5196/7175/4938 5186/7160/4928
f 5188/7161/4930 5198/7176/4940 5197/7174/4939 5187/7159/4929
f 5189/7177/4931 4009/7178/3751 4018/5474/3760 5198/7176/4940
f 5190/7179/4932 4010/7180/3752 4009/7181/3751 5189/7182/4931
f 5191/7183/4933 4011/7184/3753 4010/7180/3752 5190/7179/4932
f 5192/7185/4934 4012/7186/3754 4011/7184/3753 5191/7183/4933
f 5193/7168/4935 4013/5460/3755 4012/5456/3754 5192/7166/4934
f 5194/7187/4936 4014/7188/3756 4013/5460/3755 5193/7168/4935
f 5195/7189/4937 4015/7190/3757 4014/7191/3756 5194/7192/4936
f 5196/7193/4938 4016/7194/3758 4015/7190/3757 5195/7189/4937
f 5197/7195/4939 4017/7196/3759 4016/7194/3758 5196/7193/4938
f 5198/7176/4940 4018/5474/3760 4017/5470/3759 5197/7174/4939
f 5199/7197/4941 5200/7198/4942 5202/7199/4944 5201/7200/4943
f 5201/7201/4943 5202/7202/4944 5206/7203/4948 5205/7204/4947
f 5205/7205/4947 5206/7206/4948 5204/7207/4946 5203/7208/4945
f 5203/7209/4945 5204/7210/4946 5200/7211/4942 5199/7212/4941
f 5201/7213/4943 5205/7214/4947 5203/7215/4945 5199/7216/4941
f 5206/7217/4948 5202/7218/4944 5200/7219/4942 5204/7220/4946
f 5207/7221/4941 5208/7222/4942 5210/7223/4944 5209/7224/4943
f 5209/7225/4943 5210/7226/4944 5214/7227/4948 5213/7228/4947
f 5213/7229/4947 5214/7230/4948 5212/7231/4946 5211/7232/4945
f 5211/7233/4945 5212/7234/4946 5208/7235/4942 5207/7236/4941
f 5209/7237/4943 5213/7238/4947 5211/7239/4945 5207/7240/4941
f 5214/7241/4948 5210/7242/4944 5208/7243/4942 5212/7244/4946
f 5215/7245/4941 5216/7246/4942 5218/7247/4944 5217/7248/4943
f 5217/7249/4943 5218/7250/4944 5222/7251/4948 5221/7252/4947
f 5221/7253/4947 5222/7254/4948 5220/7255/4946 5219/7256/4945
f 5219/7257/4945 5220/7258/4946 5216/7259/4942 5215/7260/4941
f 5217/7261/4943 5221/7262/4947 5219/7263/4945 5215/7264/4941
f 5222/7265/4948 5218/7266/4944 5216/7267/4942 5220/7268/4946
f 5223/7269/4941 5224/7270/4942 5226/7271/4944 5225/7272/4943
f 5225/7273/4943 5226/7274/4944 5230/7275/4948 5229/7276/4947
f 5229/7277/4947 5230/7278/4948 5228/7279/4946 5227/7280/4945
f 5227/7281/4945 5228/7282/4946 5224/7283/4942 5223/7284/4941
f 5225/7285/4943 5229/7286/4947 5227/7287/4945 5223/7288/4941
f 5230/7289/4948 5226/7290/4944 5224/7291/4942 5228/7292/4946
f 5231/7293/4941 5232/7294/4942 5234/7295/4944 5233/7296/4943
f 5233/7297/4943 5234/7298/4944 5238/7299/4948 5237/7300/4947
f 5237/7301/4947 5238/7302/4948 5236/7303/4946 5235/7304/4945
f 5235/7305/4945 5236/7306/4946 5232/7307/4942 5231/7308/4941
f 5233/7309/4943 5237/7310/4947 5235/7311/4945 5231/7312/4941
f 5238/7313/4948 5234/7314/4944 5232/7315/4942 5236/7316/4946
f 5239/7317/4941 5240/7318/4942 5242/7319/4944 5241/7320/4943
f 5241/7321/4943 5242/7322/4944 5246/7323/4948 5245/7324/4947
f 5245/7325/4947 5246/7326/4948 5244/7327/4946 5243/7328/4945
f 5243/7329/4945 5244/7330/4946 5240/7331/4942 5239/7332/4941
f 5241/7333/4943 5245/7334/4947 5243/7335/4945 5239/7336/4941
f 5246/7337/4948 5242/7338/4944 5240/7339/4942 5244/7340/4946
f 5247/7341/4941 5248/7342/4942 5250/7343/4944 5249/7344/4943
f 5249/7345/4943 5250/7346/4944 5254/7347/4948 5253/7348/4947
f 5253/7349/4947 5254/7350/4948 5252/7351/4946 5251/7352/4945
f 5251/7353/4945 5252/7354/4946 5248/7355/4942 5247/7356/4941
f 5249/7357/4943 5253/7358/4947 5251/7359/4945 5247/7360/4941
f 5254/7361/4948 5250/7362/4944 5248/7363/4942 5252/7364/4946
f 5255/7365/4941 5256/7366/4942 5258/7367/4944 5257/7368/4943
f 5257/7369/4943 5258/7370/4944 5262/7371/4948 5261/7372/4947
f 5261/7373/4947 5262/7374/4948 5260/7375/4946 5259/7376/4945
f 5259/7377/4945 5260/7378/4946 5256/7379/4942 5255/7380/4941
f 5257/7381/4943 5261/7382/4947 5259/7383/4945 5255/7384/4941
f 5262/7385/4948 5258/7386/4944 5256/7387/4942 5260/7388/4946
f 5263/7389/4941 5264/7390/4942 5266/7391/4944 5265/7392/4943
f 5265/7393/4943 5266/7394/4944 5270/7395/4948 5269/7396/4947
f 5269/7397/4947 5270/7398/4948 5268/7399/4946 5267/7400/4945
f 5267/7401/4945 5268/7402/4946 5264/7403/4942 5263/7404/4941
f 5265/7405/4943 5269/7406/4947 5267/7407/4945 5263/7408/4941
f 5270/7409/4948 5266/7410/4944 5264/7411/4942 5268/7412/4946
f 5271/7413/4941 5272/7414/4942 5274/7415/4944 5273/7416/4943
f 5273/7417/4943 5274/7418/4944 5278/7419/4948 5277/7420/4947
f 5277/7421/4947 5278/7422/4948 5276/7423/4946 5275/7424/4945
f 5275/7425/4945 5276/7426/4946 5272/7427/4942 5271/7428/4941
f 5273/7429/4943 5277/7430/4947 5275/7431/4945 5271/7432/4941
f 5278/7433/4948 5274/7434/4944 5272/7435/4942 5276/7436/4946
f 5279/7437/4941 5280/7438/4942 5282/7439/4944 5281/7440/4943
f 5281/7441/4943 5282/7442/4944 5286/7443/4948 5285/7444/4947
f 5285/7445/4947 5286/7446/4948 5284/7447/4946 5283/7448/4945
f 5283/7449/4945 5284/7450/4946 5280/7451/4942 5279/7452/4941
f 5281/7453/4943 5285/7454/4947 5283/7455/4945 5279/7456/4941
f 5286/7457/4948 5282/7458/4944 5280/7459/4942 5284/7460/4946
f 5287/7461/4941 5288/7462/4942 5290/7463/4944 5289/7464/4943
f 5289/7465/4943 5290/7466/4944 5294/7467/4948 5293/7468/4947
f 5293/7469/4947 5294/7470/4948 5292/7471/4946 5291/7472/4945
f 5291/7473/4945 5292/7474/4946 5288/7475/4942 5287/7476/4941
f 5289/7477/4943 5293/7478/4947 5291/7479/4945 5287/7480/4941
f 5294/7481/4948 5290/7482/4944 5288/7483/4942 5292/7484/4946
f 5295/7485/4941 5296/7486/4942 5298/7487/4944 5297/7488/4943
f 5297/7489/4943 5298/7490/4944 5302/7491/4948 5301/7492/4947
f 5301/7493/4947 5302/7494/4948 5300/7495/4946 5299/7496/4945
f 5299/7497/4945 5300/7498/4946 5296/7499/4942 5295/7500/4941
f 5297/7501/4943 5301/7502/4947 5299/7503/4945 5295/7504/4941
f 5302/7505/4948 5298/7506/4944 5296/7507/4942 5300/7508/4946
f 5303/7509/4941 5304/7510/4942 5306/7511/4944 5305/7512/4943
f 5305/7513/4943 5306/7514/4944 5310/7515/4948 5309/7516/4947
f 5309/7517/4947 5310/7518/4948 5308/7519/4946 5307/7520/4945
f 5307/7521/4945 5308/7522/4946 5304/7523/4942 5303/7524/4941
f 5305/7525/4943 5309/7526/4947 5307/7527/4945 5303/7528/4941
f 5310/7529/4948 5306/7530/4944 5304/7531/4942 5308/7532/4946
f 5311/7533/4941 5312/7534/4942 5314/7535/4944 5313/7536/4943
f 5313/7537/4943 5314/7538/4944 5318/7539/4948 5317/7540/4947
f 5317/7541/4947 5318/7542/4948 5316/7543/4946 5315/7544/4945
f 5315/7545/4945 5316/7546/4946 5312/7547/4942 5311/7548/4941
f 5313/7549/4943 5317/7550/4947 5315/7551/4945 5311/7552/4941
f 5318/7553/4948 5314/7554/4944 5312/7555/4942 5316/7556/4946
f 5319/7557/4941 5320/7558/4942 5322/7559/4944 5321/7560/4943
f 5321/7561/4943 5322/7562/4944 5326/7563/4948 5325/7564/4947
f 5325/7565/4947 5326/7566/4948 5324/7567/4946 5323/7568/4945
f 5323/7569/4945 5324/7570/4946 5320/7571/4942 5319/7572/4941
f 5321/7573/4943 5325/7574/4947 5323/7575/4945 5319/7576/4941
f 5326/7577/4948 5322/7578/4944 5320/7579/4942 5324/7580/4946
f 5327/7581/4941 5328/7582/4942 5330/7583/4944 5329/7584/4943
f 5329/7585/4943 5330/7586/4944 5334/7587/4948 5333/7588/4947
f 5333/7589/4947 5334/7590/4948 5332/7591/4946 5331/7592/4945
f 5331/7593/4945 5332/7594/4946 5328/7595/4942 5327/7596/4941
f 5329/7597/4943 5333/7598/4947 5331/7599/4945 5327/7600/4941
f 5334/7601/4948 5330/7602/4944 5328/7603/4942 5332/7604/4946
f 5335/7605/4941 5336/7606/4942 5338/7607/4944 5337/7608/4943
f 5337/7609/4943 5338/7610/4944 5342/7611/4948 5341/7612/4947
f 5341/7613/4947 5342/7614/4948 5340/7615/4946 5339/7616/4945
f 5339/7617/4945 5340/7618/4946 5336/7619/4942 5335/7620/4941
f 5337/7621/4943 5341/7622/4947 5339/7623/4945 5335/7624/4941
f 5342/7625/4948 5338/7626/4944 5336/7627/4942 5340/7628/4946
f 5343/7629/4941 5344/7630/4942 5346/7631/4944 5345/7632/4943
f 5345/7633/4943 5346/7634/4944 5350/7635/4948 5349/7636/4947
f 5349/7637/4947 5350/7638/4948 5348/7639/4946 5347/7640/4945
f 5347/7641/4945 5348/7642/4946 5344/7643/4942 5343/7644/4941
f 5345/7645/4943 5349/7646/4947 5347/7647/4945 5343/7648/4941
f 5350/7649/4948 5346/7650/4944 5344/7651/4942 5348/7652/4946
f 5351/7653/4941 5352/7654/4942 5354/7655/4944 5353/7656/4943
f 5353/7657/4943 5354/7658/4944 5358/7659/4948 5357/7660/4947
f 5357/7661/4947 5358/7662/4948 5356/7663/4946 5355/7664/4945
f 5355/7665/4945 5356/7666/4946 5352/7667/4942 5351/7668/4941
f 5353/7669/4943 5357/7670/4947 5355/7671/4945 5351/7672/4941
f 5358/7673/4948 5354/7674/4944 5352/7675/4942 5356/7676/4946
f 5359/7677/4941 5360/7678/4942 5362/7679/4944 5361/7680/4943
f 5361/7681/4943 5362/7682/4944 5366/7683/4948 5365/7684/4947
f 5365/7685/4947 5366/7686/4948 5364/7687/4946 5363/7688/4945
f 5363/7689/4945 5364/7690/4946 5360/7691/4942 5359/7692/4941
f 5361/7693/4943 5365/7694/4947 5363/7695/4945 5359/7696/4941
f 5366/7697/4948 5362/7698/4944 5360/7699/4942 5364/7700/4946
f 5367/7701/4941 5368/7702/4942 5370/7703/4944 5369/7704/4943
f 5369/7705/4943 5370/7706/4944 5374/7707/4948 5373/7708/4947
f 5373/7709/4947 5374/7710/4948 5372/7711/4946 5371/7712/4945
f 5371/7713/4945 5372/7714/4946 5368/7715/4942 5367/7716/4941
f 5369/7717/4943 5373/7718/4947 5371/7719/4945 5367/7720/4941
f 5374/7721/4948 5370/7722/4944 5368/7723/4942 5372/7724/4946
f 5375/7725/4941 5376/7726/4942 5378/7727/4944 5377/7728/4943
f 5377/7729/4943 5378/7730/4944 5382/7731/4948 5381/7732/4947
f 5381/7733/4947 5382/7734/4948 5380/7735/4946 5379/7736/4945
f 5379/7737/4945 5380/7738/4946 5376/7739/4942 5375/7740/4941
f 5377/7741/4943 5381/7742/4947 5379/7743/4945 5375/7744/4941
f 5382/7745/4948 5378/7746/4944 5376/7747/4942 5380/7748/4946
f 5941/8757/5020 5942/8758/5021 5944/8759/5023 5943/8760/5022
f 5943/8761/5022 5944/8762/5023 5948/8763/5027 5947/8764/5026
f 5947/8765/5026 5948/8766/5027 5946/8767/5025 5945/8768/5024
f 5945/8769/5024 5946/8770/5025 5942/8771/5021 5941/8772/5020
f 5943/8773/5022 5947/8774/5026 5945/8775/5024 5941/8776/5020
f 5948/8777/5027 5944/8778/5023 5942/8779/5021 5946/8780/5025
f 6259/9341/5092 6260/9342/5093 6262/9343/5095 6261/9344/5094
f 6261/9345/5094 6262/9346/5095 6266/9347/5099 6265/9348/5098
f 6265/9349/5098 6266/9350/5099 6264/9351/5097 6263/9352/5096
f 6263/9353/5096 6264/9354/5097 6260/9355/5093 6259/9356/5092
f 6261/9357/5094 6265/9358/5098 6263/9359/5096 6259/9360/5092
f 6266/9361/5099 6262/9362/5095 6260/9363/5093 6264/9364/5097
f 6267/9365/5100 6268/9366/5101 6270/9367/5103 6269/9368/5102
f 6269/9369/5102 6270/9370/5103 6274/9371/5107 6273/9372/5106
f 6273/9373/5106 6274/9374/5107 6272/9375/5105 6271/9376/5104
f 6271/9377/5104 6272/9378/5105 6268/9379/5101 6267/9380/5100
f 6269/9381/5102 6273/9382/5106 6271/9383/5104 6267/9384/5100
f 6274/9385/5107 6270/9386/5103 6268/9387/5101 6272/9388/5105
f 6275/9389/4966 6283/9390/5114 6284/9391/5115 6276/9392/5108
f 6276/9392/5108 6284/9391/5115 6285/9393/5116 6277/9394/5109
f 6277/9395/5109 6285/9396/5116 6286/9397/5117 6278/9398/5110
f 6278/9398/5110 6286/9397/5117 6287/9399/5118 6279/9400/4996
f 6279/9400/4996 6287/9399/5118 6288/9401/5119 6280/9402/5111
f 6280/9402/5111 6288/9401/5119 6289/9403/5120 6281/9404/5112
f 6281/9405/5112 6289/9406/5120 6290/9407/5121 6282/9408/5113
f 6282/9408/5113 6290/9407/5121 6283/9390/5114 6275/9389/4966
f 6283/9390/5114 6291/9409/5122 6292/9410/5123 6284/9391/5115
f 6284/9391/5115 6292/9410/5123 6293/9411/5124 6285/9393/5116
f 6285/9396/5116 6293/9412/5124 6294/9413/5125 6286/9397/5117
f 6286/9397/5117 6294/9413/5125 6295/9414/5126 6287/9399/5118
f 6287/9399/5118 6295/9414/5126 6296/9415/5127 6288/9401/5119
f 6288/9401/5119 6296/9415/5127 6297/9416/5128 6289/9403/5120
f 6289/9406/5120 6297/9417/5128 6298/9418/5129 6290/9407/5121
f 6290/9407/5121 6298/9418/5129 6291/9409/5122 6283/9390/5114
f 6291/9409/5122 6299/9419/5130 6300/9420/5131 6292/9410/5123
f 6292/9410/5123 6300/9420/5131 6301/9421/5132 6293/9411/5124
f 6293/9412/5124 6301/9422/5132 6302/9423/5133 6294/9413/5125
f 6294/9413/5125 6302/9423/5133 6303/9424/5134 6295/9414/5126
f 6295/9414/5126 6303/9424/5134 6304/9425/5135 6296/9415/5127
f 6296/9415/5127 6304/9425/5135 6305/9426/5136 6297/9416/5128
f 6297/9417/5128 6305/9427/5136 6306/9428/5137 6298/9418/5129
f 6298/9418/5129 6306/9428/5137 6299/9419/5130 6291/9409/5122
f 6299/9419/5130 6307/9429/5138 6308/9430/5139 6300/9420/5131
f 6300/9420/5131 6308/9430/5139 6309/9431/5140 6301/9421/5132
f 6301/9422/5132 6309/9432/5140 6310/9433/5141 6302/9423/5133
f 6302/9423/5133 6310/9433/5141 6311/9434/5142 6303/9424/5134
f 6303/9424/5134 6311/9434/5142 6312/9435/5143 6304/9425/5135
f 6304/9425/5135 6312/9435/5143 6313/9436/5144 6305/9426/5136
f 6305/9427/5136 6313/9437/5144 6314/9438/5145 6306/9428/5137
f 6306/9428/5137 6314/9438/5145 6307/9429/5138 6299/9419/5130
f 6307/9429/5138 6315/9439/5146 6316/9440/5147 6308/9430/5139
f 6308/9430/5139 6316/9440/5147 6317/9441/5148 6309/9431/5140
f 6309/9432/5140 6317/9442/5148 6318/9443/5149 6310/9433/5141
f 6310/9433/5141 6318/9443/5149 6319/9444/5150 6311/9434/5142
f 6311/9434/5142 6319/9444/5150 6320/9445/5151 6312/9435/5143
f 6312/9435/5143 6320/9445/5151 6321/9446/5152 6313/9436/5144
f 6313/9437/5144 6321/9447/5152 6322/9448/5153 6314/9438/5145
f 6314/9438/5145 6322/9448/5153 6315/9439/5146 6307/9429/5138
f 6315/9439/5146 6323/9449/5154 6324/9450/5155 6316/9440/5147
f 6316/9440/5147 6324/9450/5155 6325/9451/5156 6317/9441/5148
f 6317/9442/5148 6325/9452/5156 6326/9453/5157 6318/9443/5149
f 6318/9443/5149 6326/9453/5157 6327/9454/5158 6319/9444/5150
f 6319/9444/5150 6327/9454/5158 6328/9455/5159 6320/9445/5151
f 6320/9445/5151 6328/9455/5159 6329/9456/5160 6321/9446/5152
f 6321/9447/5152 6329/9457/5160 6330/9458/5161 6322/9448/5153
f 6322/9448/5153 6330/9458/5161 6323/9449/5154 6315/9439/5146
f 6323/9449/5154 6331/9459/5162 6332/9460/5163 6324/9450/5155
f 6324/9461/5155 6332/9462/5163 6333/9463/5164 6325/9464/5156
f 6325/9452/5156 6333/9465/5164 6334/9466/5165 6326/9453/5157
f 6326/9453/5157 6334/9466/5165 6335/9467/5166 6327/9454/5158
f 6327/9454/5158 6335/9467/5166 6336/9468/5167 6328/9455/5159
f 6328/9469/5159 6336/9470/5167 6337/9471/5168 6329/9472/5160
f 6329/9472/5160 6337/9471/5168 6338/9473/5169 6330/9474/5161
f 6330/9458/5161 6338/9475/5169 6331/9459/5162 6323/9449/5154
f 6331/9459/5162 6339/9476/5170 6340/9477/5171 6332/9460/5163
f 6332/9462/5163 6340/9478/5171 6341/9479/5172 6333/9463/5164
f 6333/9463/5164 6341/9479/5172 6342/9480/5173 6334/9481/5165
f 6334/9466/5165 6342/9482/5173 6343/9483/5174 6335/9467/5166
f 6335/9467/5166 6343/9483/5174 6344/9484/5175 6336/9468/5167
f 6336/9470/5167 6344/9485/5175 6345/9486/5176 6337/9471/5168
f 6337/9471/5168 6345/9486/5176 6346/9487/5177 6338/9473/5169
f 6338/9475/5169 6346/9488/5177 6339/9476/5170 6331/9459/5162
f 6339/9476/5170 6347/9489/5178 6348/9490/5179 6340/9477/5171
f 6340/9478/5171 6348/9491/5179 6349/9492/5180 6341/9479/5172
f 6341/9479/5172 6349/9492/5180 6350/9493/5181 6342/9480/5173
f 6342/9482/5173 6350/9494/5181 6351/9495/5182 6343/9483/5174
f 6343/9483/5174 6351/9495/5182 6352/9496/5183 6344/9484/5175
f 6344/9485/5175 6352/9497/5183 6353/9498/5184 6345/9486/5176
f 6345/9486/5176 6353/9498/5184 6354/9499/5185 6346/9487/5177
f 6346/9488/5177 6354/9500/5185 6347/9489/5178 6339/9476/5170
f 6347/9501/5178 6355/9502/5186 6356/9503/5187 6348/9504/5179
f 6348/9491/5179 6356/9505/5187 6357/9506/5188 6349/9492/5180
f 6349/9492/5180 6357/9506/5188 6358/9507/5189 6350/9493/5181
f 6350/9508/5181 6358/9509/5189 6359/9510/5190 6351/9511/5182
f 6351/9511/5182 6359/9510/5190 6360/9512/5191 6352/9513/5183
f 6352/9497/5183 6360/9514/5191 6361/9515/5192 6353/9498/5184
f 6353/9498/5184 6361/9515/5192 6362/9516/5193 6354/9499/5185
f 6354/9517/5185 6362/9518/5193 6355/9502/5186 6347/9501/5178
f 6355/9502/5186 6363/9519/5194 6364/9520/5195 6356/9503/5187
f 6356/9505/5187 6364/9521/5195 6365/9522/5196 6357/9506/5188
f 6357/9506/5188 6365/9522/5196 6366/9523/5197 6358/9507/5189
f 6358/9509/5189 6366/9524/5197 6367/9525/5198 6359/9510/5190
f 6359/9510/5190 6367/9525/5198 6368/9526/5199 6360/9512/5191
f 6360/9514/5191 6368/9527/5199 6369/9528/5200 6361/9515/5192
f 6361/9515/5192 6369/9528/5200 6370/9529/5201 6362/9516/5193
f 6362/9518/5193 6370/9530/5201 6363/9519/5194 6355/9502/5186
f 6363/9519/5194 6371/9531/5202 6372/9532/5203 6364/9520/5195
f 6364/9521/5195 6372/9533/5203 6373/9534/5204 6365/9522/5196
f 6365/9522/5196 6373/9534/5204 6374/9535/5205 6366/9523/5197
f 6366/9524/5197 6374/9536/5205 6375/9537/5206 6367/9525/5198
f 6367/9525/5198 6375/9537/5206 6376/9538/5207 6368/9526/5199
f 6368/9527/5199 6376/9539/5207 6377/9540/5208 6369/9528/5200
f 6369/9528/5200 6377/9540/5208 6378/9541/5209 6370/9529/5201
f 6370/9530/5201 6378/9542/5209 6371/9531/5202 6363/9519/5194
f 6371/9531/5202 6379/9543/5210 6380/9544/5211 6372/9532/5203
f 6372/9533/5203 6380/9545/5211 6381/9546/5212 6373/9534/5204
f 6373/9534/5204 6381/9546/5212 6382/9547/5213 6374/9535/5205
f 6374/9536/5205 6382/9548/5213 6383/9549/5214 6375/9537/5206
f 6375/9537/5206 6383/9549/5214 6384/9550/5215 6376/9538/5207
f 6376/9539/5207 6384/9551/5215 6385/9552/5216 6377/9540/5208
f 6377/9540/5208 6385/9552/5216 6386/9553/5217 6378/9541/5209
f 6378/9542/5209 6386/9554/5217 6379/9543/5210 6371/9531/5202
f 6379/9543/5210 6387/9555/5218 6388/9556/5219 6380/9544/5211
f 6380/9545/5211 6388/9557/5219 6389/9558/5220 6381/9546/5212
f 6381/9559/5212 6389/9560/5220 6390/9561/5221 6382/9548/5213
f 6382/9548/5213 6390/9561/5221 6391/9562/5222 6383/9549/5214
f 6383/9549/5214 6391/9562/5222 6392/9563/5223 6384/9550/5215
f 6384/9550/5215 6392/9563/5223 6393/9564/5224 6385/9565/5216
f 6385/9552/5216 6393/9566/5224 6394/9567/5225 6386/9553/5217
f 6386/9554/5217 6394/9568/5225 6387/9555/5218 6379/9543/5210
f 6387/9555/5218 6395/9569/5226 6396/9570/5227 6388/9556/5219
f 6388/9557/5219 6396/9571/5227 6397/9572/5228 6389/9558/5220
f 6389/9560/5220 6397/9573/5228 6398/9574/5229 6390/9561/5221
f 6390/9561/5221 6398/9574/5229 6399/9575/5230 6391/9562/5222
f 6391/9562/5222 6399/9575/5230 6400/9576/5231 6392/9563/5223
f 6392/9563/5223 6400/9576/5231 6401/9577/5232 6393/9564/5224
f 6393/9566/5224 6401/9578/5232 6402/9579/5233 6394/9567/5225
f 6394/9568/5225 6402/9580/5233 6395/9569/5226 6387/9555/5218
f 6395/9569/5226 6403/9581/4951 6404/9582/5234 6396/9570/5227
f 6396/9571/5227 6404/9583/5234 6405/9584/5235 6397/9572/5228
f 6397/9573/5228 6405/9585/5235 6406/9586/5236 6398/9574/5229
f 6398/9574/5229 6406/9586/5236 6407/9587/4981 6399/9575/5230
f 6399/9575/5230 6407/9587/4981 6408/9588/5237 6400/9576/5231
f 6400/9576/5231 6408/9588/5237 6409/9589/5238 6401/9577/5232
f 6401/9578/5232 6409/9590/5238 6410/9591/5239 6402/9579/5233
f 6402/9580/5233 6410/9592/5239 6403/9581/4951 6395/9569/5226
f 6403/9581/4951 6411/9593/5240 6412/9594/5241 6404/9582/5234
f 6404/9583/5234 6412/9595/5241 6413/9596/5242 6405/9584/5235
f 6405/9585/5235 6413/9597/5242 6414/9598/5243 6406/9586/5236
f 6406/9586/5236 6414/9598/5243 6415/9599/5244 6407/9587/4981
f 6407/9587/4981 6415/9599/5244 6416/9600/5245 6408/9588/5237
f 6408/9588/5237 6416/9600/5245 6417/9601/5246 6409/9589/5238
f 6409/9590/5238 6417/9602/5246 6418/9603/5247 6410/9591/5239
f 6410/9592/5239 6418/9604/5247 6411/9593/5240 6403/9581/4951
f 6411/9593/5240 6419/9605/5248 6420/9606/5249 6412/9594/5241
f 6412/9595/5241 6420/9607/5249 6421/9608/5250 6413/9596/5242
f 6413/9597/5242 6421/9609/5250 6422/9610/5251 6414/9598/5243
f 6414/9598/5243 6422/9610/5251 6423/9611/5252 6415/9599/5244
f 6415/9599/5244 6423/9611/5252 6424/9612/5253 6416/9600/5245
f 6416/9600/5245 6424/9612/5253 6425/9613/5254 6417/9601/5246
f 6417/9602/5246 6425/9614/5254 6426/9615/5255 6418/9603/5247
f 6418/9604/5247 6426/9616/5255 6419/9605/5248 6411/9593/5240
f 6419/9605/5248 6427/9617/5256 6428/9618/5257 6420/9606/5249
f 6420/9607/5249 6428/9619/5257 6429/9620/5258 6421/9608/5250
f 6421/9609/5250 6429/9621/5258 6430/9622/5259 6422/9610/5251
f 6422/9610/5251 6430/9622/5259 6431/9623/5260 6423/9611/5252
f 6423/9611/5252 6431/9623/5260 6432/9624/5261 6424/9612/5253
f 6424/9612/5253 6432/9624/5261 6433/9625/5262 6425/9613/5254
f 6425/9614/5254 6433/9626/5262 6434/9627/5263 6426/9615/5255
f 6426/9616/5255 6434/9628/5263 6427/9617/5256 6419/9605/5248
f 6427/9617/5256 6435/9629/5264 6436/9630/5265 6428/9618/5257
f 6428/9619/5257 6436/9631/5265 6437/9632/5266 6429/9620/5258
f 6429/9620/5258 6437/9632/5266 6438/9633/5267 6430/9634/5259
f 6430/9622/5259 6438/9635/5267 6439/9636/5268 6431/9623/5260
f 6431/9623/5260 6439/9636/5268 6440/9637/5269 6432/9624/5261
f 6432/9638/5261 6440/9639/5269 6441/9640/5270 6433/9626/5262
f 6433/9626/5262 6441/9640/5270 6442/9641/5271 6434/9627/5263
f 6434/9628/5263 6442/9642/5271 6435/9629/5264 6427/9617/5256
f 6435/9629/5264 6443/9643/5272 6444/9644/5273 6436/9630/5265
f 6436/9631/5265 6444/9645/5273 6445/9646/5274 6437/9632/5266
f 6437/9632/5266 6445/9646/5274 6446/9647/5275 6438/9633/5267
f 6438/9635/5267 6446/9648/5275 6447/9649/5276 6439/9636/5268
f 6439/9636/5268 6447/9649/5276 6448/9650/5277 6440/9637/5269
f 6440/9639/5269 6448/9651/5277 6449/9652/5278 6441/9640/5270
f 6441/9640/5270 6449/9652/5278 6450/9653/5279 6442/9641/5271
f 6442/9642/5271 6450/9654/5279 6443/9643/5272 6435/9629/5264
f 6443/9643/5272 6451/9655/5280 6452/9656/5281 6444/9644/5273
f 6444/9645/5273 6452/9657/5281 6453/9658/5282 6445/9646/5274
f 6445/9646/5274 6453/9658/5282 6454/9659/5283 6446/9647/5275
f 6446/9648/5275 6454/9660/5283 6455/9661/5284 6447/9649/5276
f 6447/9649/5276 6455/9661/5284 6456/9662/5285 6448/9650/5277
f 6448/9651/5277 6456/9663/5285 6457/9664/5286 6449/9652/5278
f 6449/9652/5278 6457/9664/5286 6458/9665/5287 6450/9653/5279
f 6450/9654/5279 6458/9666/5287 6451/9655/5280 6443/9643/5272
f 6451/9655/5280 6459/9667/5288 6460/9668/5289 6452/9656/5281
f 6452/9657/5281 6460/9669/5289 6461/9670/5290 6453/9658/5282
f 6453/9658/5282 6461/9670/5290 6462/9671/5291 6454/9659/5283
f 6454/9660/5283 6462/9672/5291 6463/9673/5292 6455/9661/5284
f 6455/9661/5284 6463/9673/5292 6464/9674/5293 6456/9662/5285
f 6456/9663/5285 6464/9675/5293 6465/9676/5294 6457/9664/5286
f 6457/9664/5286 6465/9676/5294 6466/9677/5295 6458/9665/5287
f 6458/9666/5287 6466/9678/5295 6459/9667/5288 6451/9655/5280
f 6459/9679/5288 6467/9680/5296 6468/9681/5297 6460/9682/5289
f 6460/9669/5289 6468/9683/5297 6469/9684/5298 6461/9670/5290
f 6461/9670/5290 6469/9684/5298 6470/9685/5299 6462/9671/5291
f 6462/9686/5291 6470/9687/5299 6471/9688/5300 6463/9689/5292
f 6463/9689/5292 6471/9688/5300 6472/9690/5301 6464/9691/5293
f 6464/9675/5293 6472/9692/5301 6473/9693/5302 6465/9676/5294
f 6465/9676/5294 6473/9693/5302 6474/9694/5303 6466/9677/5295
f 6466/9695/5295 6474/9696/5303 6467/9680/5296 6459/9679/5288
f 6467/9680/5296 6475/9697/5304 6476/9698/5305 6468/9681/5297
f 6468/9683/5297 6476/9699/5305 6477/9700/5306 6469/9684/5298
f 6469/9684/5298 6477/9700/5306 6478/9701/5307 6470/9685/5299
f 6470/9687/5299 6478/9702/5307 6479/9703/5308 6471/9688/5300
f 6471/9688/5300 6479/9703/5308 6480/9704/5309 6472/9690/5301
f 6472/9692/5301 6480/9705/5309 6481/9706/5310 6473/9693/5302
f 6473/9693/5302 6481/9706/5310 6482/9707/5311 6474/9694/5303
f 6474/9696/5303 6482/9708/5311 6475/9697/5304 6467/9680/5296
f 6475/9697/5304 6483/9709/5312 6484/9710/5313 6476/9698/5305
f 6476/9699/5305 6484/9711/5313 6485/9712/5314 6477/9700/5306
f 6477/9713/5306 6485/9714/5314 6486/9715/5315 6478/9702/5307
f 6478/9702/5307 6486/9715/5315 6487/9716/5316 6479/9703/5308
f 6479/9703/5308 6487/9716/5316 6488/9717/5317 6480/9704/5309
f 6480/9704/5309 6488/9717/5317 6489/9718/5318 6481/9719/5310
f 6481/9706/5310 6489/9720/5318 6490/9721/5319 6482/9707/5311
f 6482/9708/5311 6490/9722/5319 6483/9709/5312 6475/9697/5304
f 6483/9709/5312 6491/9723/5320 6492/9724/5321 6484/9710/5313
f 6484/9710/5313 6492/9724/5321 6493/9725/5322 6485/9726/5314
f 6485/9714/5314 6493/9727/5322 6494/9728/5323 6486/9715/5315
f 6486/9715/5315 6494/9728/5323 6495/9729/5324 6487/9716/5316
f 6487/9716/5316 6495/9729/5324 6496/9730/5325 6488/9717/5317
f 6488/9717/5317 6496/9730/5325 6497/9731/5326 6489/9718/5318
f 6489/9732/5318 6497/9733/5326 6498/9734/5327 6490/9722/5319
f 6490/9722/5319 6498/9734/5327 6491/9723/5320 6483/9709/5312
f 6491/9723/5320 6499/9735/5328 6500/9736/5329 6492/9724/5321
f 6492/9724/5321 6500/9736/5329 6501/9737/5330 6493/9725/5322
f 6493/9727/5322 6501/9738/5330 6502/9739/5331 6494/9728/5323
f 6494/9728/5323 6502/9739/5331 6503/9740/5332 6495/9729/5324
f 6495/9729/5324 6503/9740/5332 6504/9741/5333 6496/9730/5325
f 6496/9730/5325 6504/9741/5333 6505/9742/5334 6497/9731/5326
f 6497/9733/5326 6505/9743/5334 6506/9744/5335 6498/9734/5327
f 6498/9734/5327 6506/9744/5335 6499/9735/5328 6491/9723/5320
f 6499/9735/5328 6507/9745/5336 6508/9746/5337 6500/9736/5329
f 6500/9736/5329 6508/9746/5337 6509/9747/5338 6501/9737/5330
f 6501/9738/5330 6509/9748/5338 6510/9749/5339 6502/9739/5331
f 6502/9739/5331 6510/9749/5339 6511/9750/5340 6503/9740/5332
f 6503/9740/5332 6511/9750/5340 6512/9751/5341 6504/9741/5333
f 6504/9741/5333 6512/9751/5341 6513/9752/5342 6505/9742/5334
f 6505/9743/5334 6513/9753/5342 6514/9754/5343 6506/9744/5335
f 6506/9744/5335 6514/9754/5343 6507/9745/5336 6499/9735/5328
f 6507/9745/5336 6515/9755/5344 6516/9756/5345 6508/9746/5337
f 6508/9746/5337 6516/9756/5345 6517/9757/5346 6509/9747/5338
f 6509/9748/5338 6517/9758/5346 6518/9759/5347 6510/9749/5339
f 6510/9749/5339 6518/9759/5347 6519/9760/5348 6511/9750/5340
f 6511/9750/5340 6519/9760/5348 6520/9761/5349 6512/9751/5341
f 6512/9751/5341 6520/9761/5349 6521/9762/5350 6513/9752/5342
f 6513/9753/5342 6521/9763/5350 6522/9764/5351 6514/9754/5343
f 6514/9754/5343 6522/9764/5351 6515/9755/5344 6507/9745/5336
f 6515/9755/5344 6523/9765/5352 6524/9766/5353 6516/9756/5345
f 6516/9756/5345 6524/9766/5353 6525/9767/5354 6517/9757/5346
f 6517/9758/5346 6525/9768/5354 6526/9769/5355 6518/9759/5347
f 6518/9759/5347 6526/9769/5355 6527/9770/5356 6519/9760/5348
f 6519/9760/5348 6527/9770/5356 6528/9771/5357 6520/9761/5349
f 6520/9761/5349 6528/9771/5357 6529/9772/5358 6521/9762/5350
f 6521/9763/5350 6529/9773/5358 6530/9774/5359 6522/9764/5351
f 6522/9764/5351 6530/9774/5359 6523/9765/5352 6515/9755/5344
f 6523/9765/5352 6531/9775/4996 6532/9776/5360 6524/9766/5353
f 6524/9766/5353 6532/9776/5360 6533/9777/5361 6525/9767/5354
f 6525/9768/5354 6533/9778/5361 6534/9779/5362 6526/9769/5355
f 6526/9769/5355 6534/9779/5362 6535/9780/4966 6527/9770/5356
f 6527/9770/5356 6535/9780/4966 6536/9781/5363 6528/9771/5357
f 6528/9771/5357 6536/9781/5363 6537/9782/5364 6529/9772/5358
f 6529/9773/5358 6537/9783/5364 6538/9784/5365 6530/9774/5359
f 6530/9774/5359 6538/9784/5365 6531/9775/4996 6523/9765/5352
f 6531/9775/4996 6539/9785/5366 6540/9786/5367 6532/9776/5360
f 6532/9776/5360 6540/9786/5367 6541/9787/5368 6533/9777/5361
f 6533/9778/5361 6541/9788/5368 6542/9789/5369 6534/9779/5362
f 6534/9779/5362 6542/9789/5369 6543/9790/5370 6535/9780/4966
f 6535/9780/4966 6543/9790/5370 6544/9791/5371 6536/9781/5363
f 6536/9781/5363 6544/9791/5371 6545/9792/5372 6537/9782/5364
f 6537/9783/5364 6545/9793/5372 6546/9794/5373 6538/9784/5365
f 6538/9784/5365 6546/9794/5373 6539/9785/5366 6531/9775/4996
f 6539/9785/5366 6547/9795/5374 6548/9796/5375 6540/9786/5367
f 6540/9786/5367 6548/9796/5375 6549/9797/5376 6541/9787/5368
f 6541/9788/5368 6549/9798/5376 6550/9799/5377 6542/9789/5369
f 6542/9789/5369 6550/9799/5377 6551/9800/5378 6543/9790/5370
f 6543/9790/5370 6551/9800/5378 6552/9801/5379 6544/9791/5371
f 6544/9791/5371 6552/9801/5379 6553/9802/5380 6545/9792/5372
f 6545/9793/5372 6553/9803/5380 6554/9804/5381 6546/9794/5373
f 6546/9794/5373 6554/9804/5381 6547/9795/5374 6539/9785/5366
f 6547/9795/5374 6555/9805/5382 6556/9806/5383 6548/9796/5375
f 6548/9796/5375 6556/9806/5383 6557/9807/5384 6549/9797/5376
f 6549/9798/5376 6557/9808/5384 6558/9809/5385 6550/9799/5377
f 6550/9799/5377 6558/9809/5385 6559/9810/5386 6551/9800/5378
f 6551/9800/5378 6559/9810/5386 6560/9811/5387 6552/9801/5379
f 6552/9801/5379 6560/9811/5387 6561/9812/5388 6553/9802/5380
f 6553/9803/5380 6561/9813/5388 6562/9814/5389 6554/9804/5381
f 6554/9804/5381 6562/9814/5389 6555/9805/5382 6547/9795/5374
f 6555/9805/5382 6563/9815/5390 6564/9816/5391 6556/9806/5383
f 6556/9806/5383 6564/9816/5391 6565/9817/5392 6557/9807/5384
f 6557/9808/5384 6565/9818/5392 6566/9819/5393 6558/9809/5385
f 6558/9809/5385 6566/9819/5393 6567/9820/5394 6559/9810/5386
f 6559/9810/5386 6567/9820/5394 6568/9821/5395 6560/9811/5387
f 6560/9811/5387 6568/9821/5395 6569/9822/5396 6561/9812/5388
f 6561/9813/5388 6569/9823/5396 6570/9824/5397 6562/9814/5389
f 6562/9814/5389 6570/9824/5397 6563/9815/5390 6555/9805/5382
f 6563/9815/5390 6571/9825/5398 6572/9826/5399 6564/9816/5391
f 6564/9816/5391 6572/9826/5399 6573/9827/5400 6565/9817/5392
f 6565/9818/5392 6573/9828/5400 6574/9829/5401 6566/9819/5393
f 6566/9819/5393 6574/9829/5401 6575/9830/5402 6567/9820/5394
f 6567/9820/5394 6575/9830/5402 6576/9831/5403 6568/9821/5395
f 6568/9821/5395 6576/9831/5403 6577/9832/5404 6569/9822/5396
f 6569/9823/5396 6577/9833/5404 6578/9834/5405 6570/9824/5397
f 6570/9824/5397 6578/9834/5405 6571/9825/5398 6563/9815/5390
f 6571/9825/5398 6579/9835/5406 6580/9836/5407 6572/9826/5399
f 6572/9826/5399 6580/9836/5407 6581/9837/5408 6573/9827/5400
f 6573/9828/5400 6581/9838/5408 6582/9839/5409 6574/9829/5401
f 6574/9829/5401 6582/9839/5409 6583/9840/5410 6575/9830/5402
f 6575/9830/5402 6583/9840/5410 6584/9841/5411 6576/9831/5403
f 6576/9831/5403 6584/9841/5411 6585/9842/5412 6577/9832/5404
f 6577/9833/5404 6585/9843/5412 6586/9844/5413 6578/9834/5405
f 6578/9834/5405 6586/9844/5413 6579/9835/5406 6571/9825/5398
f 6579/9835/5406 6587/9845/5414 6588/9846/5415 6580/9836/5407
f 6580/9836/5407 6588/9846/5415 6589/9847/5416 6581/9837/5408
f 6581/9848/5408 6589/9849/5416 6590/9850/5417 6582/9851/5409
f 6582/9839/5409 6590/9852/5417 6591/9853/5418 6583/9840/5410
f 6583/9840/5410 6591/9853/5418 6592/9854/5419 6584/9841/5411
f 6584/9855/5411 6592/9856/5419 6593/9857/5420 6585/9858/5412
f 6585/9858/5412 6593/9857/5420 6594/9859/5421 6586/9860/5413
f 6586/9844/5413 6594/9861/5421 6587/9845/5414 6579/9835/5406
f 6587/9845/5414 6595/9862/5422 6596/9863/5423 6588/9846/5415
f 6588/9864/5415 6596/9865/5423 6597/9866/5424 6589/9849/5416
f 6589/9849/5416 6597/9866/5424 6598/9867/5425 6590/9850/5417
f 6590/9852/5417 6598/9868/5425 6599/9869/5426 6591/9853/5418
f 6591/9853/5418 6599/9869/5426 6600/9870/5427 6592/9854/5419
f 6592/9856/5419 6600/9871/5427 6601/9872/5428 6593/9857/5420
f 6593/9857/5420 6601/9872/5428 6602/9873/5429 6594/9859/5421
f 6594/9861/5421 6602/9874/5429 6595/9862/5422 6587/9845/5414
f 6595/9862/5422 6603/9875/5430 6604/9876/5431 6596/9863/5423
f 6596/9865/5423 6604/9877/5431 6605/9878/5432 6597/9866/5424
f 6597/9866/5424 6605/9878/5432 6606/9879/5433 6598/9867/5425
f 6598/9868/5425 6606/9880/5433 6607/9881/5434 6599/9869/5426
f 6599/9869/5426 6607/9881/5434 6608/9882/5435 6600/9870/5427
f 6600/9871/5427 6608/9883/5435 6609/9884/5436 6601/9872/5428
f 6601/9872/5428 6609/9884/5436 6610/9885/5437 6602/9873/5429
f 6602/9874/5429 6610/9886/5437 6603/9875/5430 6595/9862/5422
f 6603/9887/5430 6611/9888/5438 6612/9889/5439 6604/9890/5431
f 6604/9877/5431 6612/9891/5439 6613/9892/5440 6605/9878/5432
f 6605/9878/5432 6613/9892/5440 6614/9893/5441 6606/9879/5433
f 6606/9894/5433 6614/9895/5441 6615/9896/5442 6607/9897/5434
f 6607/9897/5434 6615/9896/5442 6616/9898/5443 6608/9899/5435
f 6608/9883/5435 6616/9900/5443 6617/9901/5444 6609/9884/5436
f 6609/9884/5436 6617/9901/5444 6618/9902/5445 6610/9885/5437
f 6610/9903/5437 6618/9904/5445 6611/9888/5438 6603/9887/5430
f 6611/9888/5438 6619/9905/5446 6620/9906/5447 6612/9889/5439
f 6612/9891/5439 6620/9907/5447 6621/9908/5448 6613/9892/5440
f 6613/9892/5440 6621/9908/5448 6622/9909/5449 6614/9893/5441
f 6614/9895/5441 6622/9910/5449 6623/9911/5450 6615/9896/5442
f 6615/9896/5442 6623/9911/5450 6624/9912/5451 6616/9898/5443
f 6616/9900/5443 6624/9913/5451 6625/9914/5452 6617/9901/5444
f 6617/9901/5444 6625/9914/5452 6626/9915/5453 6618/9902/5445
f 6618/9904/5445 6626/9916/5453 6619/9905/5446 6611/9888/5438
f 6619/9905/5446 6627/9917/5454 6628/9918/5455 6620/9906/5447
f 6620/9907/5447 6628/9919/5455 6629/9920/5456 6621/9908/5448
f 6621/9908/5448 6629/9920/5456 6630/9921/5457 6622/9909/5449
f 6622/9910/5449 6630/9922/5457 6631/9923/5458 6623/9911/5450
f 6623/9911/5450 6631/9923/5458 6632/9924/5459 6624/9912/5451
f 6624/9913/5451 6632/9925/5459 6633/9926/5460 6625/9914/5452
f 6625/9914/5452 6633/9926/5460 6634/9927/5461 6626/9915/5453
f 6626/9916/5453 6634/9928/5461 6627/9917/5454 6619/9905/5446
f 6627/9917/5454 6635/9929/5462 6636/9930/5463 6628/9918/5455
f 6628/9919/5455 6636/9931/5463 6637/9932/5464 6629/9920/5456
f 6629/9920/5456 6637/9932/5464 6638/9933/5465 6630/9921/5457
f 6630/9922/5457 6638/9934/5465 6639/9935/5466 6631/9923/5458
f 6631/9923/5458 6639/9935/5466 6640/9936/5467 6632/9924/5459
f 6632/9925/5459 6640/9937/5467 6641/9938/5468 6633/9926/5460
f 6633/9926/5460 6641/9938/5468 6642/9939/5469 6634/9927/5461
f 6634/9928/5461 6642/9940/5469 6635/9929/5462 6627/9917/5454
f 6635/9929/5462 6643/9941/5470 6644/9942/5471 6636/9930/5463
f 6636/9930/5463 6644/9942/5471 6645/9943/5472 6637/9944/5464
f 6637/9932/5464 6645/9945/5472 6646/9946/5473 6638/9933/5465
f 6638/9934/5465 6646/9947/5473 6647/9948/5474 6639/9935/5466
f 6639/9935/5466 6647/9948/5474 6648/9949/5475 6640/9936/5467
f 6640/9937/5467 6648/9950/5475 6649/9951/5476 6641/9938/5468
f 6641/9952/5468 6649/9953/5476 6650/9954/5477 6642/9940/5469
f 6642/9940/5469 6650/9954/5477 6643/9941/5470 6635/9929/5462
f 6643/9941/5470 6651/9955/5478 6652/9956/5479 6644/9942/5471
f 6644/9942/5471 6652/9956/5479 6653/9957/5480 6645/9943/5472
f 6645/9945/5472 6653/9958/5480 6654/9959/5481 6646/9946/5473
f 6646/9947/5473 6654/9960/5481 6655/9961/5482 6647/9948/5474
f 6647/9948/5474 6655/9961/5482 6656/9962/5483 6648/9949/5475
f 6648/9950/5475 6656/9963/5483 6657/9964/5484 6649/9951/5476
f 6649/9953/5476 6657/9965/5484 6658/9966/5485 6650/9954/5477
f 6650/9954/5477 6658/9966/5485 6651/9955/5478 6643/9941/5470
f 6651/9955/5478 6659/9967/4981 6660/9968/5486 6652/9956/5479
f 6652/9956/5479 6660/9968/5486 6661/9969/5487 6653/9957/5480
f 6653/9958/5480 6661/9970/5487 6662/9971/5488 6654/9959/5481
f 6654/9960/5481 6662/9972/5488 6663/9973/4951 6655/9961/5482
f 6655/9961/5482 6663/9973/4951 6664/9974/5489 6656/9962/5483
f 6656/9963/5483 6664/9975/5489 6665/9976/5490 6657/9964/5484
f 6657/9965/5484 6665/9977/5490 6666/9978/5491 6658/9966/5485
f 6658/9966/5485 6666/9978/5491 6659/9967/4981 6651/9955/5478
f 6659/9967/4981 6667/9979/5492 6668/9980/5493 6660/9968/5486
f 6660/9968/5486 6668/9980/5493 6669/9981/5494 6661/9969/5487
f 6661/9970/5487 6669/9982/5494 6670/9983/5495 6662/9971/5488
f 6662/9972/5488 6670/9984/5495 6671/9985/5496 6663/9973/4951
f 6663/9973/4951 6671/9985/5496 6672/9986/5497 6664/9974/5489
f 6664/9975/5489 6672/9987/5497 6673/9988/5498 6665/9976/5490
f 6665/9977/5490 6673/9989/5498 6674/9990/5499 6666/9978/5491
f 6666/9978/5491 6674/9990/5499 6667/9979/5492 6659/9967/4981
f 6667/9979/5492 6675/9991/5500 6676/9992/5501 6668/9980/5493
f 6668/9980/5493 6676/9992/5501 6677/9993/5502 6669/9981/5494
f 6669/9982/5494 6677/9994/5502 6678/9995/5503 6670/9983/5495
f 6670/9984/5495 6678/9996/5503 6679/9997/5504 6671/9985/5496
f 6671/9985/5496 6679/9997/5504 6680/9998/5505 6672/9986/5497
f 6672/9987/5497 6680/9999/5505 6681/10000/5506 6673/9988/5498
f 6673/9989/5498 6681/10001/5506 6682/10002/5507 6674/9990/5499
f 6674/9990/5499 6682/10002/5507 6675/9991/5500 6667/9979/5492
f 6675/9991/5500 6683/10003/5508 6684/10004/5509 6676/9992/5501
f 6676/9992/5501 6684/10004/5509 6685/10005/5510 6677/9993/5502
f 6677/9994/5502 6685/10006/5510 6686/10007/5511 6678/9995/5503
f 6678/9996/5503 6686/10008/5511 6687/10009/5512 6679/9997/5504
f 6679/9997/5504 6687/10009/5512 6688/10010/5513 6680/9998/5505
f 6680/9999/5505 6688/10011/5513 6689/10012/5514 6681/10000/5506
f 6681/10001/5506 6689/10013/5514 6690/10014/5515 6682/10002/5507
f 6682/10002/5507 6690/10014/5515 6683/10003/5508 6675/9991/5500
f 6683/10003/5508 6691/10015/5516 6692/10016/5517 6684/10004/5509
f 6684/10017/5509 6692/10018/5517 6693/10019/5518 6685/10006/5510
f 6685/10006/5510 6693/10019/5518 6694/10020/5519 6686/10007/5511
f 6686/10008/5511 6694/10021/5519 6695/10022/5520 6687/10009/5512
f 6687/10009/5512 6695/10022/5520 6696/10023/5521 6688/10010/5513
f 6688/10011/5513 6696/10024/5521 6697/10025/5522 6689/10012/5514
f 6689/10012/5514 6697/10025/5522 6698/10026/5523 6690/10027/5515
f 6690/10014/5515 6698/10028/5523 6691/10015/5516 6683/10003/5508
f 6691/10015/5516 6699/10029/5524 6700/10030/5525 6692/10016/5517
f 6692/10018/5517 6700/10031/5525 6701/10032/5526 6693/10019/5518
f 6693/10019/5518 6701/10032/5526 6702/10033/5527 6694/10020/5519
f 6694/10021/5519 6702/10034/5527 6703/10035/5528 6695/10022/5520
f 6695/10022/5520 6703/10035/5528 6704/10036/5529 6696/10023/5521
f 6696/10024/5521 6704/10037/5529 6705/10038/5530 6697/10025/5522
f 6697/10025/5522 6705/10038/5530 6706/10039/5531 6698/10026/5523
f 6698/10028/5523 6706/10040/5531 6699/10029/5524 6691/10015/5516
f 6699/10029/5524 6707/10041/5532 6708/10042/5533 6700/10030/5525
f 6700/10031/5525 6708/10043/5533 6709/10044/5534 6701/10032/5526
f 6701/10032/5526 6709/10044/5534 6710/10045/5535 6702/10033/5527
f 6702/10034/5527 6710/10046/5535 6711/10047/5536 6703/10035/5528
f 6703/10035/5528 6711/10047/5536 6712/10048/5537 6704/10036/5529
f 6704/10037/5529 6712/10049/5537 6713/10050/5538 6705/10038/5530
f 6705/10038/5530 6713/10050/5538 6714/10051/5539 6706/10039/5531
f 6706/10040/5531 6714/10052/5539 6707/10041/5532 6699/10029/5524
f 6707/10041/5532 6715/10053/5540 6716/10054/5541 6708/10042/5533
f 6708/10043/5533 6716/10055/5541 6717/10056/5542 6709/10044/5534
f 6709/10044/5534 6717/10056/5542 6718/10057/5543 6710/10045/5535
f 6710/10046/5535 6718/10058/5543 6719/10059/5544 6711/10047/5536
f 6711/10047/5536 6719/10059/5544 6720/10060/5545 6712/10048/5537
f 6712/10049/5537 6720/10061/5545 6721/10062/5546 6713/10050/5538
f 6713/10050/5538 6721/10062/5546 6722/10063/5547 6714/10051/5539
f 6714/10052/5539 6722/10064/5547 6715/10053/5540 6707/10041/5532
f 6715/10065/5540 6723/10066/5548 6724/10067/5549 6716/10068/5541
f 6716/10055/5541 6724/10069/5549 6725/10070/5550 6717/10056/5542
f 6717/10056/5542 6725/10070/5550 6726/10071/5551 6718/10057/5543
f 6718/10072/5543 6726/10073/5551 6727/10074/5552 6719/10075/5544
f 6719/10075/5544 6727/10074/5552 6728/10076/5553 6720/10077/5545
f 6720/10061/5545 6728/10078/5553 6729/10079/5554 6721/10062/5546
f 6721/10062/5546 6729/10079/5554 6730/10080/5555 6722/10063/5547
f 6722/10081/5547 6730/10082/5555 6723/10066/5548 6715/10065/5540
f 6723/10066/5548 6731/10083/5556 6732/10084/5557 6724/10067/5549
f 6724/10069/5549 6732/10085/5557 6733/10086/5558 6725/10070/5550
f 6725/10070/5550 6733/10086/5558 6734/10087/5559 6726/10071/5551
f 6726/10073/5551 6734/10088/5559 6735/10089/5560 6727/10074/5552
f 6727/10074/5552 6735/10089/5560 6736/10090/5561 6728/10076/5553
f 6728/10078/5553 6736/10091/5561 6737/10092/5562 6729/10079/5554
f 6729/10079/5554 6737/10092/5562 6738/10093/5563 6730/10080/5555
f 6730/10082/5555 6738/10094/5563 6731/10083/5556 6723/10066/5548
f 6731/10083/5556 6739/10095/5564 6740/10096/5565 6732/10084/5557
f 6732/10084/5557 6740/10096/5565 6741/10097/5566 6733/10098/5558
f 6733/10086/5558 6741/10099/5566 6742/10100/5567 6734/10087/5559
f 6734/10088/5559 6742/10101/5567 6743/10102/5568 6735/10089/5560
f 6735/10089/5560 6743/10102/5568 6744/10103/5569 6736/10090/5561
f 6736/10091/5561 6744/10104/5569 6745/10105/5570 6737/10092/5562
f 6737/10106/5562 6745/10107/5570 6746/10108/5571 6738/10094/5563
f 6738/10094/5563 6746/10108/5571 6739/10095/5564 6731/10083/5556
f 6739/10095/5564 6747/10109/5572 6748/10110/5573 6740/10096/5565
f 6740/10096/5565 6748/10110/5573 6749/10111/5574 6741/10097/5566
f 6741/10112/5566 6749/10113/5574 6750/10114/5575 6742/10101/5567
f 6742/10101/5567 6750/10114/5575 6751/10115/5576 6743/10102/5568
f 6743/10102/5568 6751/10115/5576 6752/10116/5577 6744/10103/5569
f 6744/10103/5569 6752/10116/5577 6753/10117/5578 6745/10118/5570
f 6745/10107/5570 6753/10119/5578 6754/10120/5579 6746/10108/5571
f 6746/10108/5571 6754/10120/5579 6747/10109/5572 6739/10095/5564
f 6747/10109/5572 6755/10121/5580 6756/10122/5581 6748/10110/5573
f 6748/10110/5573 6756/10122/5581 6757/10123/5582 6749/10111/5574
f 6749/10113/5574 6757/10124/5582 6758/10125/5583 6750/10114/5575
f 6750/10114/5575 6758/10125/5583 6759/10126/5584 6751/10115/5576
f 6751/10115/5576 6759/10126/5584 6760/10127/5585 6752/10116/5577
f 6752/10116/5577 6760/10127/5585 6761/10128/5586 6753/10117/5578
f 6753/10119/5578 6761/10129/5586 6762/10130/5587 6754/10120/5579
f 6754/10120/5579 6762/10130/5587 6755/10121/5580 6747/10109/5572
f 6755/10121/5580 6763/10131/5588 6764/10132/5589 6756/10122/5581
f 6756/10122/5581 6764/10132/5589 6765/10133/5590 6757/10123/5582
f 6757/10124/5582 6765/10134/5590 6766/10135/5591 6758/10125/5583
f 6758/10125/5583 6766/10135/5591 6767/10136/5592 6759/10126/5584
f 6759/10126/5584 6767/10136/5592 6768/10137/5593 6760/10127/5585
f 6760/10127/5585 6768/10137/5593 6769/10138/5594 6761/10128/5586
f 6761/10129/5586 6769/10139/5594 6770/10140/5595 6762/10130/5587
f 6762/10130/5587 6770/10140/5595 6763/10131/5588 6755/10121/5580
f 6763/10131/5588 6771/10141/5596 6772/10142/5597 6764/10132/5589
f 6764/10132/5589 6772/10142/5597 6773/10143/5598 6765/10133/5590
f 6765/10134/5590 6773/10144/5598 6774/10145/5599 6766/10135/5591
f 6766/10135/5591 6774/10145/5599 6775/10146/5600 6767/10136/5592
f 6767/10136/5592 6775/10146/5600 6776/10147/5601 6768/10137/5593
f 6768/10137/5593 6776/10147/5601 6777/10148/5602 6769/10138/5594
f 6769/10139/5594 6777/10149/5602 6778/10150/5603 6770/10140/5595
f 6770/10140/5595 6778/10150/5603 6771/10141/5596 6763/10131/5588
f 6771/10141/5596 6779/10151/5604 6780/10152/5605 6772/10142/5597
f 6772/10142/5597 6780/10152/5605 6781/10153/5606 6773/10143/5598
f 6773/10144/5598 6781/10154/5606 6782/10155/5607 6774/10145/5599
f 6774/10145/5599 6782/10155/5607 6783/10156/5608 6775/10146/5600
f 6775/10146/5600 6783/10156/5608 6784/10157/5609 6776/10147/5601
f 6776/10147/5601 6784/10157/5609 6785/10158/5610 6777/10148/5602
f 6777/10149/5602 6785/10159/5610 6786/10160/5611 6778/10150/5603
f 6778/10150/5603 6786/10160/5611 6779/10151/5604 6771/10141/5596
f 6779/10151/5604 6275/9389/4966 6276/9392/5108 6780/10152/5605
f 6780/10152/5605 6276/9392/5108 6277/9394/5109 6781/10153/5606
f 6781/10154/5606 6277/9395/5109 6278/9398/5110 6782/10155/5607
f 6782/10155/5607 6278/9398/5110 6279/9400/4996 6783/10156/5608
f 6783/10156/5608 6279/9400/4996 6280/9402/5111 6784/10157/5609
f 6784/10157/5609 6280/9402/5111 6281/9404/5112 6785/10158/5610
f 6785/10159/5610 6281/9405/5112 6282/9408/5113 6786/10160/5611
f 6786/10160/5611 6282/9408/5113 6275/9389/4966 6779/10151/5604
usemtl M_Copper
f 5443/7749/5009 5383/7750/4949 5388/7751/4954
f 5387/7752/4953 5444/7753/5010 5392/7754/4958
f 5386/7755/4952 5385/7756/4951 5390/7757/4956 5391/7758/4957
f 5384/7759/4950 5443/7760/5009 5388/7761/4954 5389/7762/4955
f 5444/7763/5010 5386/7755/4952 5391/7758/4957 5392/7764/4958
f 5385/7756/4951 5384/7759/4950 5389/7762/4955 5390/7757/4956
f 5387/7752/4953 5392/7754/4958 5397/7765/4963
f 5391/7758/4957 5390/7757/4956 5395/7766/4961 5396/7767/4962
f 5389/7768/4955 5388/7751/4954 5393/7769/4959 5394/7770/4960
f 5392/7754/4958 5391/7771/4957 5396/7772/4962 5397/7765/4963
f 5390/7757/4956 5389/7762/4955 5394/7773/4960 5395/7766/4961
f 5388/7751/4954 5383/7750/4949 5393/7769/4959
f 5396/7774/4962 5395/7775/4961 5400/7776/4966 5401/7777/4967
f 5394/7770/4960 5393/7769/4959 5398/7778/4964 5399/7779/4965
f 5397/7765/4963 5396/7772/4962 5401/7780/4967 5402/7781/4968
f 5395/7775/4961 5394/7782/4960 5399/7783/4965 5400/7776/4966
f 5393/7769/4959 5383/7750/4949 5398/7778/4964
f 5387/7752/4953 5397/7765/4963 5402/7781/4968
f 5399/7783/4965 5398/7784/4964 5403/7785/4969 5404/7786/4970
f 5402/7787/4968 5401/7777/4967 5406/7788/4972 5407/7789/4973
f 5400/7776/4966 5399/7783/4965 5404/7786/4970 5405/7790/4971
f 5398/7778/4964 5383/7750/4949 5403/7791/4969
f 5387/7752/4953 5402/7781/4968 5407/7792/4973
f 5401/7777/4967 5400/7776/4966 5405/7790/4971 5406/7788/4972
f 5407/7792/4973 5406/7793/4972 5411/7794/4977 5412/7795/4978
f 5405/7796/4971 5404/7797/4970 5409/7798/4975 5410/7799/4976
f 5403/7791/4969 5383/7750/4949 5408/7800/4974
f 5387/7752/4953 5407/7792/4973 5412/7795/4978
f 5406/7801/4972 5405/7796/4971 5410/7799/4976 5411/7802/4977
f 5404/7803/4970 5403/7791/4969 5408/7800/4974 5409/7804/4975
f 5412/7805/4978 5411/7802/4977 5416/7806/4982 5417/7807/4983
f 5410/7799/4976 5409/7798/4975 5414/7808/4980 5415/7809/4981
f 5408/7800/4974 5383/7750/4949 5413/7810/4979
f 5387/7752/4953 5412/7795/4978 5417/7811/4983
f 5411/7802/4977 5410/7799/4976 5415/7809/4981 5416/7806/4982
f 5409/7798/4975 5408/7812/4974 5413/7813/4979 5414/7808/4980
f 5417/7807/4983 5416/7806/4982 5421/7814/4987 5422/7815/4988
f 5415/7809/4981 5414/7808/4980 5419/7816/4985 5420/7817/4986
f 5413/7810/4979 5383/7750/4949 5418/7818/4984
f 5387/7752/4953 5417/7811/4983 5422/7819/4988
f 5416/7806/4982 5415/7809/4981 5420/7817/4986 5421/7814/4987
f 5414/7808/4980 5413/7813/4979 5418/7820/4984 5419/7816/4985
f 5422/7819/4988 5421/7821/4987 5426/7822/4992 5427/7823/4993
f 5420/7817/4986 5419/7816/4985 5424/7824/4990 5425/7825/4991
f 5418/7818/4984 5383/7750/4949 5423/7826/4989
f 5387/7752/4953 5422/7819/4988 5427/7823/4993
f 5421/7814/4987 5420/7817/4986 5425/7825/4991 5426/7827/4992
f 5419/7828/4985 5418/7818/4984 5423/7826/4989 5424/7829/4990
f 5425/7830/4991 5424/7831/4990 5429/7832/4995 5430/7833/4996
f 5423/7826/4989 5383/7750/4949 5428/7834/4994
f 5387/7752/4953 5427/7823/4993 5432/7835/4998
f 5426/7836/4992 5425/7830/4991 5430/7833/4996 5431/7837/4997
f 5424/7831/4990 5423/7838/4989 5428/7839/4994 5429/7832/4995
f 5427/7823/4993 5426/7822/4992 5431/7840/4997 5432/7835/4998
f 5428/7834/4994 5383/7750/4949 5433/7841/4999
f 5387/7752/4953 5432/7835/4998 5437/7842/5003
f 5431/7837/4997 5430/7833/4996 5435/7843/5001 5436/7844/5002
f 5429/7832/4995 5428/7839/4994 5433/7845/4999 5434/7846/5000
f 5432/7835/4998 5431/7840/4997 5436/7847/5002 5437/7842/5003
f 5430/7833/4996 5429/7832/4995 5434/7846/5000 5435/7843/5001
f 5387/7752/4953 5437/7842/5003 5442/7848/5008
f 5436/7849/5002 5435/7850/5001 5440/7851/5006 5441/7852/5007
f 5434/7853/5000 5433/7841/4999 5438/7854/5004 5439/7855/5005
f 5437/7842/5003 5436/7847/5002 5441/7856/5007 5442/7848/5008
f 5435/7850/5001 5434/7857/5000 5439/7858/5005 5440/7851/5006
f 5433/7841/4999 5383/7750/4949 5438/7854/5004
f 5387/7752/4953 5442/7848/5008 5444/7753/5010
f 5441/7852/5007 5440/7851/5006 5385/7756/4951 5386/7755/4952
f 5439/7858/5005 5438/7859/5004 5443/7760/5009 5384/7759/4950
f 5442/7860/5008 5441/7852/5007 5386/7755/4952 5444/7763/5010
f 5440/7851/5006 5439/7858/5005 5384/7759/4950 5385/7756/4951
f 5438/7854/5004 5383/7750/4949 5443/7749/5009
f 5447/7861/4951 5446/7862/4950 5451/7863/4955 5452/7864/4956
f 5505/7865/5009 5445/7866/4949 5450/7867/4954
f 5449/7868/4953 5506/7869/5010 5454/7870/4958
f 5448/7871/4952 5447/7861/4951 5452/7864/4956 5453/7872/4957
f 5446/7862/4950 5505/7873/5009 5450/7874/4954 5451/7863/4955
f 5506/7875/5010 5448/7871/4952 5453/7872/4957 5454/7876/4958
f 5449/7868/4953 5454/7870/4958 5459/7877/4963
f 5453/7872/4957 5452/7864/4956 5457/7878/4961 5458/7879/4962
f 5451/7880/4955 5450/7867/4954 5455/7881/4959 5456/7882/4960
f 5454/7870/4958 5453/7883/4957 5458/7884/4962 5459/7877/4963
f 5452/7864/4956 5451/7863/4955 5456/7885/4960 5457/7878/4961
f 5450/7867/4954 5445/7866/4949 5455/7881/4959
f 5449/7868/4953 5459/7877/4963 5464/7886/4968
f 5458/7887/4962 5457/7888/4961 5462/7889/4966 5463/7890/4967
f 5456/7882/4960 5455/7881/4959 5460/7891/4964 5461/7892/4965
f 5459/7877/4963 5458/7884/4962 5463/7893/4967 5464/7886/4968
f 5457/7888/4961 5456/7894/4960 5461/7895/4965 5462/7889/4966
f 5455/7881/4959 5445/7866/4949 5460/7891/4964
f 5463/7890/4967 5462/7889/4966 5467/7896/4971 5468/7897/4972
f 5461/7895/4965 5460/7898/4964 5465/7899/4969 5466/7900/4970
f 5464/7901/4968 5463/7890/4967 5468/7897/4972 5469/7902/4973
f 5462/7889/4966 5461/7895/4965 5466/7900/4970 5467/7896/4971
f 5460/7891/4964 5445/7866/4949 5465/7903/4969
f 5449/7868/4953 5464/7886/4968 5469/7904/4973
f 5466/7905/4970 5465/7903/4969 5470/7906/4974 5471/7907/4975
f 5469/7904/4973 5468/7908/4972 5473/7909/4977 5474/7910/4978
f 5467/7911/4971 5466/7912/4970 5471/7913/4975 5472/7914/4976
f 5465/7903/4969 5445/7866/4949 5470/7906/4974
f 5449/7868/4953 5469/7904/4973 5474/7910/4978
f 5468/7915/4972 5467/7911/4971 5472/7914/4976 5473/7916/4977
f 5474/7917/4978 5473/7916/4977 5478/7918/4982 5479/7919/4983
f 5472/7914/4976 5471/7913/4975 5476/7920/4980 5477/7921/4981
f 5470/7906/4974 5445/7866/4949 5475/7922/4979
f 5449/7868/4953 5474/7910/4978 5479/7923/4983
f 5473/7916/4977 5472/7914/4976 5477/7921/4981 5478/7918/4982
f 5471/7913/4975 5470/7924/4974 5475/7925/4979 5476/7920/4980
f 5479/7919/4983 5478/7918/4982 5483/7926/4987 5484/7927/4988
f 5477/7921/4981 5476/7920/4980 5481/7928/4985 5482/7929/4986
f 5475/7922/4979 5445/7866/4949 5480/7930/4984
f 5449/7868/4953 5479/7923/4983 5484/7931/4988
f 5478/7918/4982 5477/7921/4981 5482/7929/4986 5483/7926/4987
f 5476/7920/4980 5475/7925/4979 5480/7932/4984 5481/7928/4985
f 5484/7931/4988 5483/7933/4987 5488/7934/4992 5489/7935/4993
f 5482/7929/4986 5481/7928/4985 5486/7936/4990 5487/7937/4991
f 5480/7930/4984 5445/7866/4949 5485/7938/4989
f 5449/7868/4953 5484/7931/4988 5489/7935/4993
f 5483/7926/4987 5482/7929/4986 5487/7937/4991 5488/7939/4992
f 5481/7940/4985 5480/7930/4984 5485/7938/4989 5486/7941/4990
f 5489/7935/4993 5488/7934/4992 5493/7942/4997 5494/7943/4998
f 5487/7944/4991 5486/7945/4990 5491/7946/4995 5492/7947/4996
f 5485/7938/4989 5445/7866/4949 5490/7948/4994
f 5449/7868/4953 5489/7935/4993 5494/7943/4998
f 5488/7949/4992 5487/7944/4991 5492/7947/4996 5493/7950/4997
f 5486/7945/4990 5485/7951/4989 5490/7952/4994 5491/7946/4995
f 5492/7947/4996 5491/7946/4995 5496/7953/5000 5497/7954/5001
f 5490/7948/4994 5445/7866/4949 5495/7955/4999
f 5449/7868/4953 5494/7943/4998 5499/7956/5003
f 5493/7950/4997 5492/7947/4996 5497/7954/5001 5498/7957/5002
f 5491/7946/4995 5490/7952/4994 5495/7958/4999 5496/7953/5000
f 5494/7943/4998 5493/7942/4997 5498/7959/5002 5499/7956/5003
f 5495/7955/4999 5445/7866/4949 5500/7960/5004
f 5449/7868/4953 5499/7956/5003 5504/7961/5008
f 5498/7962/5002 5497/7963/5001 5502/7964/5006 5503/7965/5007
f 5496/7966/5000 5495/7955/4999 5500/7960/5004 5501/7967/5005
f 5499/7956/5003 5498/7959/5002 5503/7968/5007 5504/7961/5008
f 5497/7963/5001 5496/7969/5000 5501/7970/5005 5502/7964/5006
f 5449/7868/4953 5504/7961/5008 5506/7869/5010
f 5503/7965/5007 5502/7964/5006 5447/7861/4951 5448/7871/4952
f 5501/7970/5005 5500/7971/5004 5505/7873/5009 5446/7862/4950
f 5504/7972/5008 5503/7965/5007 5448/7871/4952 5506/7875/5010
f 5502/7964/5006 5501/7970/5005 5446/7862/4950 5447/7861/4951
f 5500/7960/5004 5445/7866/4949 5505/7865/5009
f 5511/7973/4953 5568/7974/5010 5516/7975/4958
f 5510/7976/4952 5509/7977/4951 5514/7978/4956 5515/7979/4957
f 5508/7980/4950 5567/7981/5009 5512/7982/4954 5513/7983/4955
f 5568/7984/5010 5510/7976/4952 5515/7979/4957 5516/7985/4958
f 5509/7977/4951 5508/7980/4950 5513/7983/4955 5514/7978/4956
f 5567/7986/5009 5507/7987/4949 5512/7988/4954
f 5515/7979/4957 5514/7978/4956 5519/7989/4961 5520/7990/4962
f 5513/7991/4955 5512/7988/4954 5517/7992/4959 5518/7993/4960
f 5516/7975/4958 5515/7994/4957 5520/7995/4962 5521/7996/4963
f 5514/7978/4956 5513/7983/4955 5518/7997/4960 5519/7989/4961
f 5512/7988/4954 5507/7987/4949 5517/7992/4959
f 5511/7973/4953 5516/7975/4958 5521/7996/4963
f 5518/7993/4960 5517/7992/4959 5522/7998/4964 5523/7999/4965
f 5521/7996/4963 5520/7995/4962 5525/8000/4967 5526/8001/4968
f 5519/8002/4961 5518/8003/4960 5523/8004/4965 5524/8005/4966
f 5517/7992/4959 5507/7987/4949 5522/7998/4964
f 5511/7973/4953 5521/7996/4963 5526/8001/4968
f 5520/8006/4962 5519/8002/4961 5524/8005/4966 5525/8007/4967
f 5526/8008/4968 5525/8007/4967 5530/8009/5011 5531/8010/4973
f 5524/8005/4966 5523/8004/4965 5528/8011/4970 5529/8012/4971
f 5522/7998/4964 5507/7987/4949 5527/8013/4969
f 5511/7973/4953 5526/8001/4968 5531/8014/4973
f 5525/8007/4967 5524/8005/4966 5529/8012/4971 5530/8009/5011
f 5523/8004/4965 5522/8015/4964 5527/8016/4969 5528/8011/4970
f 5531/8014/4973 5530/8017/5011 5535/8018/4977 5536/8019/4978
f 5529/8020/4971 5528/8021/4970 5533/8022/4975 5534/8023/4976
f 5527/8013/4969 5507/7987/4949 5532/8024/4974
f 5511/7973/4953 5531/8014/4973 5536/8019/4978
f 5530/8025/5011 5529/8020/4971 5534/8023/4976 5535/8026/4977
f 5528/8027/4970 5527/8013/4969 5532/8024/4974 5533/8028/4975
f 5536/8029/4978 5535/8026/4977 5540/8030/4982 5541/8031/4983
f 5534/8023/4976 5533/8022/4975 5538/8032/4980 5539/8033/4981
f 5532/8024/4974 5507/7987/4949 5537/8034/4979
f 5511/7973/4953 5536/8019/4978 5541/8035/4983
f 5535/8026/4977 5534/8023/4976 5539/8033/4981 5540/8030/4982
f 5533/8022/4975 5532/8036/4974 5537/8037/4979 5538/8032/4980
f 5541/8031/4983 5540/8030/4982 5545/8038/4987 5546/8039/4988
f 5539/8033/4981 5538/8032/4980 5543/8040/4985 5544/8041/4986
f 5537/8034/4979 5507/7987/4949 5542/8042/4984
f 5511/7973/4953 5541/8035/4983 5546/8043/4988
f 5540/8030/4982 5539/8033/4981 5544/8041/4986 5545/8038/4987
f 5538/8032/4980 5537/8037/4979 5542/8044/4984 5543/8040/4985
f 5544/8041/4986 5543/8040/4985 5548/8045/5012 5549/8046/4991
f 5542/8042/4984 5507/7987/4949 5547/8047/4989
f 5511/7973/4953 5546/8043/4988 5551/8048/4993
f 5545/8038/4987 5544/8041/4986 5549/8046/4991 5550/8049/5013
f 5543/8050/4985 5542/8042/4984 5547/8047/4989 5548/8051/5012
f 5546/8043/4988 5545/8052/4987 5550/8053/5013 5551/8048/4993
f 5547/8047/4989 5507/7987/4949 5552/8054/4994
f 5511/7973/4953 5551/8048/4993 5556/8055/4998
f 5550/8056/5013 5549/8057/4991 5554/8058/4996 5555/8059/4997
f 5548/8060/5012 5547/8061/4989 5552/8062/4994 5553/8063/4995
f 5551/8048/4993 5550/8053/5013 5555/8064/4997 5556/8055/4998
f 5549/8057/4991 5548/8060/5012 5553/8063/4995 5554/8058/4996
f 5511/7973/4953 5556/8055/4998 5561/8065/5003
f 5555/8059/4997 5554/8058/4996 5559/8066/5001 5560/8067/5002
f 5553/8063/4995 5552/8062/4994 5557/8068/4999 5558/8069/5000
f 5556/8055/4998 5555/8064/4997 5560/8070/5002 5561/8065/5003
f 5554/8058/4996 5553/8063/4995 5558/8069/5000 5559/8066/5001
f 5552/8054/4994 5507/7987/4949 5557/8071/4999
f 5511/7973/4953 5561/8065/5003 5566/8072/5008
f 5560/8073/5002 5559/8074/5001 5564/8075/5006 5565/8076/5007
f 5558/8077/5000 5557/8071/4999 5562/8078/5004 5563/8079/5005
f 5561/8065/5003 5560/8070/5002 5565/8080/5007 5566/8072/5008
f 5559/8074/5001 5558/8081/5000 5563/8082/5005 5564/8075/5006
f 5557/8071/4999 5507/7987/4949 5562/8078/5004
f 5511/7973/4953 5566/8072/5008 5568/7974/5010
f 5565/8076/5007 5564/8075/5006 5509/7977/4951 5510/7976/4952
f 5563/8082/5005 5562/8083/5004 5567/7981/5009 5508/7980/4950
f 5566/8084/5008 5565/8076/5007 5510/7976/4952 5568/7984/5010
f 5564/8075/5006 5563/8082/5005 5508/7980/4950 5509/7977/4951
f 5562/8078/5004 5507/7987/4949 5567/7986/5009
f 5573/8085/4953 5630/8086/5010 5578/8087/4958
f 5572/8088/4952 5571/8089/4951 5576/8090/4956 5577/8091/4957
f 5570/8092/4950 5629/8093/5009 5574/8094/4954 5575/8095/4955
f 5630/8096/5010 5572/8088/4952 5577/8091/4957 5578/8097/4958
f 5571/8089/4951 5570/8092/4950 5575/8095/4955 5576/8090/4956
f 5629/8098/5009 5569/8099/4949 5574/8100/4954
f 5577/8091/4957 5576/8090/4956 5581/8101/4961 5582/8102/5014
f 5575/8103/4955 5574/8100/4954 5579/8104/4959 5580/8105/4960
f 5578/8087/4958 5577/8106/4957 5582/8107/5014 5583/8108/4963
f 5576/8090/4956 5575/8095/4955 5580/8109/4960 5581/8101/4961
f 5574/8100/4954 5569/8099/4949 5579/8104/4959
f 5573/8085/4953 5578/8087/4958 5583/8108/4963
f 5580/8105/4960 5579/8104/4959 5584/8110/4964 5585/8111/4965
f 5583/8108/4963 5582/8107/5014 5587/8112/4967 5588/8113/4968
f 5581/8114/4961 5580/8115/4960 5585/8116/4965 5586/8117/4966
f 5579/8104/4959 5569/8099/4949 5584/8110/4964
f 5573/8085/4953 5583/8108/4963 5588/8113/4968
f 5582/8118/5014 5581/8114/4961 5586/8117/4966 5587/8119/4967
f 5588/8120/4968 5587/8119/4967 5592/8121/4972 5593/8122/4973
f 5586/8117/4966 5585/8116/4965 5590/8123/4970 5591/8124/4971
f 5584/8110/4964 5569/8099/4949 5589/8125/4969
f 5573/8085/4953 5588/8113/4968 5593/8126/4973
f 5587/8119/4967 5586/8117/4966 5591/8124/4971 5592/8121/4972
f 5585/8116/4965 5584/8127/4964 5589/8128/4969 5590/8123/4970
f 5593/8126/4973 5592/8129/4972 5597/8130/4977 5598/8131/4978
f 5591/8132/4971 5590/8133/4970 5595/8134/4975 5596/8135/4976
f 5589/8125/4969 5569/8099/4949 5594/8136/4974
f 5573/8085/4953 5593/8126/4973 5598/8131/4978
f 5592/8137/4972 5591/8132/4971 5596/8135/4976 5597/8138/4977
f 5590/8139/4970 5589/8125/4969 5594/8136/4974 5595/8140/4975
f 5598/8141/4978 5597/8138/4977 5602/8142/4982 5603/8143/4983
f 5596/8135/4976 5595/8134/4975 5600/8144/4980 5601/8145/4981
f 5594/8136/4974 5569/8099/4949 5599/8146/4979
f 5573/8085/4953 5598/8131/4978 5603/8147/4983
f 5597/8138/4977 5596/8135/4976 5601/8145/4981 5602/8142/4982
f 5595/8134/4975 5594/8148/4974 5599/8149/4979 5600/8144/4980
f 5603/8143/4983 5602/8142/4982 5607/8150/4987 5608/8151/4988
f 5601/8145/4981 5600/8144/4980 5605/8152/4985 5606/8153/4986
f 5599/8146/4979 5569/8099/4949 5604/8154/4984
f 5573/8085/4953 5603/8147/4983 5608/8155/4988
f 5602/8142/4982 5601/8145/4981 5606/8153/4986 5607/8150/4987
f 5600/8144/4980 5599/8149/4979 5604/8156/4984 5605/8152/4985
f 5606/8153/4986 5605/8152/4985 5610/8157/4990 5611/8158/4991
f 5604/8154/4984 5569/8099/4949 5609/8159/4989
f 5573/8085/4953 5608/8155/4988 5613/8160/4993
f 5607/8150/4987 5606/8153/4986 5611/8158/4991 5612/8161/4992
f 5605/8162/4985 5604/8154/4984 5609/8159/4989 5610/8163/4990
f 5608/8155/4988 5607/8164/4987 5612/8165/4992 5613/8160/4993
f 5609/8159/4989 5569/8099/4949 5614/8166/4994
f 5573/8085/4953 5613/8160/4993 5618/8167/4998
f 5612/8168/4992 5611/8169/4991 5616/8170/4996 5617/8171/4997
f 5610/8172/4990 5609/8173/4989 5614/8174/4994 5615/8175/4995
f 5613/8160/4993 5612/8165/4992 5617/8176/4997 5618/8167/4998
f 5611/8169/4991 5610/8172/4990 5615/8175/4995 5616/8170/4996
f 5573/8085/4953 5618/8167/4998 5623/8177/5003
f 5617/8171/4997 5616/8170/4996 5621/8178/5001 5622/8179/5002
f 5615/8175/4995 5614/8174/4994 5619/8180/4999 5620/8181/5000
f 5618/8167/4998 5617/8176/4997 5622/8182/5002 5623/8177/5003
f 5616/8170/4996 5615/8175/4995 5620/8181/5000 5621/8178/5001
f 5614/8166/4994 5569/8099/4949 5619/8183/4999
f 5573/8085/4953 5623/8177/5003 5628/8184/5008
f 5622/8185/5002 5621/8186/5001 5626/8187/5006 5627/8188/5007
f 5620/8189/5000 5619/8183/4999 5624/8190/5004 5625/8191/5005
f 5623/8177/5003 5622/8182/5002 5627/8192/5007 5628/8184/5008
f 5621/8186/5001 5620/8193/5000 5625/8194/5005 5626/8187/5006
f 5619/8183/4999 5569/8099/4949 5624/8190/5004
f 5573/8085/4953 5628/8184/5008 5630/8086/5010
f 5627/8188/5007 5626/8187/5006 5571/8089/4951 5572/8088/4952
f 5625/8194/5005 5624/8195/5004 5629/8093/5009 5570/8092/4950
f 5628/8196/5008 5627/8188/5007 5572/8088/4952 5630/8096/5010
f 5626/8187/5006 5625/8194/5005 5570/8092/4950 5571/8089/4951
f 5624/8190/5004 5569/8099/4949 5629/8098/5009
f 5692/8197/5010 5634/8198/4952 5639/8199/4957 5640/8200/4958
f 5633/8201/4951 5632/8202/4950 5637/8203/4955 5638/8204/4956
f 5691/8205/5009 5631/8206/4949 5636/8207/4954
f 5635/8208/4953 5692/8209/5010 5640/8210/4958
f 5634/8198/4952 5633/8201/4951 5638/8204/4956 5639/8199/4957
f 5632/8202/4950 5691/8211/5009 5636/8212/4954 5637/8203/4955
f 5640/8210/4958 5639/8213/4957 5644/8214/4962 5645/8215/4963
f 5638/8204/4956 5637/8203/4955 5642/8216/4960 5643/8217/4961
f 5636/8207/4954 5631/8206/4949 5641/8218/4959
f 5635/8208/4953 5640/8210/4958 5645/8215/4963
f 5639/8199/4957 5638/8204/4956 5643/8217/4961 5644/8219/4962
f 5637/8220/4955 5636/8207/4954 5641/8218/4959 5642/8221/4960
f 5643/8222/4961 5642/8223/4960 5647/8224/4965 5648/8225/4966
f 5641/8218/4959 5631/8206/4949 5646/8226/4964
f 5635/8208/4953 5645/8215/4963 5650/8227/4968
f 5644/8228/4962 5643/8222/4961 5648/8225/4966 5649/8229/4967
f 5642/8221/4960 5641/8218/4959 5646/8226/4964 5647/8230/4965
f 5645/8215/4963 5644/8214/4962 5649/8231/4967 5650/8227/4968
f 5646/8226/4964 5631/8206/4949 5651/8232/4969
f 5635/8208/4953 5650/8227/4968 5655/8233/4973
f 5649/8229/4967 5648/8225/4966 5653/8234/4971 5654/8235/4972
f 5647/8224/4965 5646/8236/4964 5651/8237/4969 5652/8238/4970
f 5650/8239/4968 5649/8229/4967 5654/8235/4972 5655/8240/4973
f 5648/8225/4966 5647/8224/4965 5652/8238/4970 5653/8234/4971
f 5635/8208/4953 5655/8233/4973 5660/8241/4978
f 5654/8242/4972 5653/8243/4971 5658/8244/4976 5659/8245/4977
f 5652/8246/4970 5651/8232/4969 5656/8247/4974 5657/8248/4975
f 5655/8233/4973 5654/8249/4972 5659/8250/4977 5660/8241/4978
f 5653/8243/4971 5652/8251/4970 5657/8252/4975 5658/8244/4976
f 5651/8232/4969 5631/8206/4949 5656/8247/4974
f 5635/8208/4953 5660/8241/4978 5665/8253/4983
f 5659/8245/4977 5658/8244/4976 5663/8254/4981 5664/8255/4982
f 5657/8252/4975 5656/8256/4974 5661/8257/4979 5662/8258/4980
f 5660/8259/4978 5659/8245/4977 5664/8255/4982 5665/8260/4983
f 5658/8244/4976 5657/8252/4975 5662/8258/4980 5663/8254/4981
f 5656/8247/4974 5631/8206/4949 5661/8261/4979
f 5635/8208/4953 5665/8253/4983 5670/8262/4988
f 5664/8255/4982 5663/8254/4981 5668/8263/4986 5669/8264/4987
f 5662/8258/4980 5661/8257/4979 5666/8265/4984 5667/8266/4985
f 5665/8260/4983 5664/8255/4982 5669/8264/4987 5670/8267/4988
f 5663/8254/4981 5662/8258/4980 5667/8266/4985 5668/8263/4986
f 5661/8261/4979 5631/8206/4949 5666/8268/4984
f 5669/8264/4987 5668/8263/4986 5673/8269/4991 5674/8270/4992
f 5667/8271/4985 5666/8268/4984 5671/8272/4989 5672/8273/4990
f 5670/8262/4988 5669/8274/4987 5674/8275/4992 5675/8276/4993
f 5668/8263/4986 5667/8266/4985 5672/8277/4990 5673/8269/4991
f 5666/8268/4984 5631/8206/4949 5671/8272/4989
f 5635/8208/4953 5670/8262/4988 5675/8276/4993
f 5672/8278/4990 5671/8279/4989 5676/8280/4994 5677/8281/4995
f 5675/8276/4993 5674/8275/4992 5679/8282/4997 5680/8283/4998
f 5673/8284/4991 5672/8278/4990 5677/8281/4995 5678/8285/4996
f 5671/8272/4989 5631/8206/4949 5676/8286/4994
f 5635/8208/4953 5675/8276/4993 5680/8283/4998
f 5674/8287/4992 5673/8284/4991 5678/8285/4996 5679/8288/4997
f 5680/8283/4998 5679/8282/4997 5684/8289/5002 5685/8290/5003
f 5678/8285/4996 5677/8281/4995 5682/8291/5000 5683/8292/5001
f 5676/8286/4994 5631/8206/4949 5681/8293/4999
f 5635/8208/4953 5680/8283/4998 5685/8290/5003
f 5679/8288/4997 5678/8285/4996 5683/8292/5001 5684/8294/5002
f 5677/8281/4995 5676/8280/4994 5681/8295/4999 5682/8291/5000
f 5685/8290/5003 5684/8289/5002 5689/8296/5007 5690/8297/5008
f 5683/8298/5001 5682/8299/5000 5687/8300/5005 5688/8301/5006
f 5681/8293/4999 5631/8206/4949 5686/8302/5004
f 5635/8208/4953 5685/8290/5003 5690/8297/5008
f 5684/8303/5002 5683/8298/5001 5688/8301/5006 5689/8304/5007
f 5682/8305/5000 5681/8293/4999 5686/8302/5004 5687/8306/5005
f 5690/8307/5008 5689/8304/5007 5634/8198/4952 5692/8197/5010
f 5688/8301/5006 5687/8300/5005 5632/8202/4950 5633/8201/4951
f 5686/8302/5004 5631/8206/4949 5691/8205/5009
f 5635/8208/4953 5690/8297/5008 5692/8209/5010
f 5689/8304/5007 5688/8301/5006 5633/8201/4951 5634/8198/4952
f 5687/8300/5005 5686/8308/5004 5691/8211/5009 5632/8202/4950
f 5697/8309/4953 5754/8310/5010 5702/8311/4958
f 5696/8312/4952 5695/8313/4951 5700/8314/4956 5701/8315/4957
f 5694/8316/4950 5753/8317/5009 5698/8318/4954 5699/8319/4955
f 5754/8320/5010 5696/8312/4952 5701/8315/4957 5702/8321/4958
f 5695/8313/4951 5694/8316/4950 5699/8319/4955 5700/8314/4956
f 5753/8322/5009 5693/8323/4949 5698/8324/4954
f 5701/8315/4957 5700/8314/4956 5705/8325/4961 5706/8326/5014
f 5699/8327/4955 5698/8324/4954 5703/8328/4959 5704/8329/4960
f 5702/8311/4958 5701/8330/4957 5706/8331/5014 5707/8332/4963
f 5700/8314/4956 5699/8319/4955 5704/8333/4960 5705/8325/4961
f 5698/8324/4954 5693/8323/4949 5703/8328/4959
f 5697/8309/4953 5702/8311/4958 5707/8332/4963
f 5704/8329/4960 5703/8328/4959 5708/8334/4964 5709/8335/4965
f 5707/8332/4963 5706/8331/5014 5711/8336/4967 5712/8337/4968
f 5705/8338/4961 5704/8339/4960 5709/8340/4965 5710/8341/4966
f 5703/8328/4959 5693/8323/4949 5708/8334/4964
f 5697/8309/4953 5707/8332/4963 5712/8337/4968
f 5706/8342/5014 5705/8338/4961 5710/8341/4966 5711/8343/4967
f 5712/8344/4968 5711/8343/4967 5716/8345/5011 5717/8346/4973
f 5710/8341/4966 5709/8340/4965 5714/8347/4970 5715/8348/4971
f 5708/8334/4964 5693/8323/4949 5713/8349/4969
f 5697/8309/4953 5712/8337/4968 5717/8350/4973
f 5711/8343/4967 5710/8341/4966 5715/8348/4971 5716/8345/5011
f 5709/8340/4965 5708/8351/4964 5713/8352/4969 5714/8347/4970
f 5717/8350/4973 5716/8353/5011 5721/8354/4977 5722/8355/4978
f 5715/8356/4971 5714/8357/4970 5719/8358/4975 5720/8359/4976
f 5713/8349/4969 5693/8323/4949 5718/8360/4974
f 5697/8309/4953 5717/8350/4973 5722/8355/4978
f 5716/8361/5011 5715/8356/4971 5720/8359/4976 5721/8362/4977
f 5714/8363/4970 5713/8349/4969 5718/8360/4974 5719/8364/4975
f 5722/8365/4978 5721/8362/4977 5726/8366/4982 5727/8367/4983
f 5720/8359/4976 5719/8358/4975 5724/8368/4980 5725/8369/4981
f 5718/8360/4974 5693/8323/4949 5723/8370/4979
f 5697/8309/4953 5722/8355/4978 5727/8371/4983
f 5721/8362/4977 5720/8359/4976 5725/8369/4981 5726/8366/4982
f 5719/8358/4975 5718/8372/4974 5723/8373/4979 5724/8368/4980
f 5727/8367/4983 5726/8366/4982 5731/8374/4987 5732/8375/4988
f 5725/8369/4981 5724/8368/4980 5729/8376/4985 5730/8377/4986
f 5723/8370/4979 5693/8323/4949 5728/8378/4984
f 5697/8309/4953 5727/8371/4983 5732/8379/4988
f 5726/8366/4982 5725/8369/4981 5730/8377/4986 5731/8374/4987
f 5724/8368/4980 5723/8373/4979 5728/8380/4984 5729/8376/4985
f 5730/8377/4986 5729/8376/4985 5734/8381/4990 5735/8382/4991
f 5728/8378/4984 5693/8323/4949 5733/8383/4989
f 5697/8309/4953 5732/8379/4988 5737/8384/4993
f 5731/8374/4987 5730/8377/4986 5735/8382/4991 5736/8385/4992
f 5729/8386/4985 5728/8378/4984 5733/8383/4989 5734/8387/4990
f 5732/8379/4988 5731/8388/4987 5736/8389/4992 5737/8384/4993
f 5733/8383/4989 5693/8323/4949 5738/8390/4994
f 5697/8309/4953 5737/8384/4993 5742/8391/4998
f 5736/8392/4992 5735/8393/4991 5740/8394/4996 5741/8395/4997
f 5734/8396/4990 5733/8397/4989 5738/8398/4994 5739/8399/4995
f 5737/8384/4993 5736/8389/4992 5741/8400/4997 5742/8391/4998
f 5735/8393/4991 5734/8396/4990 5739/8399/4995 5740/8394/4996
f 5697/8309/4953 5742/8391/4998 5747/8401/5003
f 5741/8395/4997 5740/8394/4996 5745/8402/5001 5746/8403/5002
f 5739/8399/4995 5738/8398/4994 5743/8404/4999 5744/8405/5000
f 5742/8391/4998 5741/8400/4997 5746/8406/5002 5747/8401/5003
f 5740/8394/4996 5739/8399/4995 5744/8405/5000 5745/8402/5001
f 5738/8390/4994 5693/8323/4949 5743/8407/4999
f 5697/8309/4953 5747/8401/5003 5752/8408/5008
f 5746/8409/5002 5745/8410/5001 5750/8411/5006 5751/8412/5007
f 5744/8413/5000 5743/8407/4999 5748/8414/5004 5749/8415/5005
f 5747/8401/5003 5746/8406/5002 5751/8416/5007 5752/8408/5008
f 5745/8410/5001 5744/8417/5000 5749/8418/5005 5750/8411/5006
f 5743/8407/4999 5693/8323/4949 5748/8414/5004
f 5697/8309/4953 5752/8408/5008 5754/8310/5010
f 5751/8412/5007 5750/8411/5006 5695/8313/4951 5696/8312/4952
f 5749/8418/5005 5748/8419/5004 5753/8317/5009 5694/8316/4950
f 5752/8420/5008 5751/8412/5007 5696/8312/4952 5754/8320/5010
f 5750/8411/5006 5749/8418/5005 5694/8316/4950 5695/8313/4951
f 5748/8414/5004 5693/8323/4949 5753/8322/5009
f 5816/8421/5010 5758/8422/4952 5763/8423/4957 5764/8424/4958
f 5757/8425/4951 5756/8426/4950 5761/8427/4955 5762/8428/4956
f 5815/8429/5009 5755/8430/4949 5760/8431/4954
f 5759/8432/4953 5816/8433/5010 5764/8434/4958
f 5758/8422/4952 5757/8425/4951 5762/8428/4956 5763/8423/4957
f 5756/8426/4950 5815/8435/5009 5760/8436/4954 5761/8427/4955
f 5759/8432/4953 5764/8434/4958 5769/8437/4963
f 5763/8423/4957 5762/8428/4956 5767/8438/4961 5768/8439/4962
f 5761/8440/4955 5760/8431/4954 5765/8441/4959 5766/8442/5015
f 5764/8434/4958 5763/8443/4957 5768/8444/4962 5769/8437/4963
f 5762/8428/4956 5761/8427/4955 5766/8445/5015 5767/8438/4961
f 5760/8431/4954 5755/8430/4949 5765/8441/4959
f 5759/8432/4953 5769/8437/4963 5774/8446/4968
f 5768/8447/4962 5767/8448/4961 5772/8449/4966 5773/8450/4967
f 5766/8442/5015 5765/8441/4959 5770/8451/4964 5771/8452/4965
f 5769/8437/4963 5768/8444/4962 5773/8453/4967 5774/8446/4968
f 5767/8448/4961 5766/8454/5015 5771/8455/4965 5772/8449/4966
f 5765/8441/4959 5755/8430/4949 5770/8451/4964
f 5759/8432/4953 5774/8446/4968 5779/8456/4973
f 5773/8450/4967 5772/8449/4966 5777/8457/4971 5778/8458/4972
f 5771/8455/4965 5770/8459/4964 5775/8460/4969 5776/8461/5016
f 5774/8462/4968 5773/8450/4967 5778/8458/4972 5779/8463/4973
f 5772/8449/4966 5771/8455/4965 5776/8461/5016 5777/8457/4971
f 5770/8451/4964 5755/8430/4949 5775/8464/4969
f 5778/8465/4972 5777/8466/4971 5782/8467/4976 5783/8468/4977
f 5776/8469/5016 5775/8464/4969 5780/8470/4974 5781/8471/4975
f 5779/8456/4973 5778/8472/4972 5783/8473/4977 5784/8474/4978
f 5777/8466/4971 5776/8475/5016 5781/8476/4975 5782/8467/4976
f 5775/8464/4969 5755/8430/4949 5780/8470/4974
f 5759/8432/4953 5779/8456/4973 5784/8474/4978
f 5781/8476/4975 5780/8477/4974 5785/8478/4979 5786/8479/4980
f 5784/8480/4978 5783/8468/4977 5788/8481/4982 5789/8482/4983
f 5782/8467/4976 5781/8476/4975 5786/8479/4980 5787/8483/4981
f 5780/8470/4974 5755/8430/4949 5785/8484/4979
f 5759/8432/4953 5784/8474/4978 5789/8485/4983
f 5783/8468/4977 5782/8467/4976 5787/8483/4981 5788/8481/4982
f 5789/8482/4983 5788/8481/4982 5793/8486/4987 5794/8487/4988
f 5787/8483/4981 5786/8479/4980 5791/8488/4985 5792/8489/4986
f 5785/8484/4979 5755/8430/4949 5790/8490/4984
f 5759/8432/4953 5789/8485/4983 5794/8491/4988
f 5788/8481/4982 5787/8483/4981 5792/8489/4986 5793/8486/4987
f 5786/8479/4980 5785/8478/4979 5790/8492/4984 5791/8488/4985
f 5794/8491/4988 5793/8493/4987 5798/8494/4992 5799/8495/4993
f 5792/8489/4986 5791/8488/4985 5796/8496/4990 5797/8497/4991
f 5790/8490/4984 5755/8430/4949 5795/8498/4989
f 5759/8432/4953 5794/8491/4988 5799/8495/4993
f 5793/8486/4987 5792/8489/4986 5797/8497/4991 5798/8499/4992
f 5791/8500/4985 5790/8490/4984 5795/8498/4989 5796/8501/4990
f 5799/8495/4993 5798/8494/4992 5803/8502/4997 5804/8503/4998
f 5797/8504/4991 5796/8505/4990 5801/8506/4995 5802/8507/4996
f 5795/8498/4989 5755/8430/4949 5800/8508/4994
f 5759/8432/4953 5799/8495/4993 5804/8503/4998
f 5798/8509/4992 5797/8504/4991 5802/8507/4996 5803/8510/4997
f 5796/8505/4990 5795/8511/4989 5800/8512/4994 5801/8506/4995
f 5804/8503/4998 5803/8502/4997 5808/8513/5002 5809/8514/5003
f 5802/8507/4996 5801/8506/4995 5806/8515/5000 5807/8516/5001
f 5800/8508/4994 5755/8430/4949 5805/8517/4999
f 5759/8432/4953 5804/8503/4998 5809/8514/5003
f 5803/8510/4997 5802/8507/4996 5807/8516/5001 5808/8518/5002
f 5801/8506/4995 5800/8512/4994 5805/8519/4999 5806/8515/5000
f 5807/8520/5001 5806/8521/5000 5811/8522/5005 5812/8523/5006
f 5805/8517/4999 5755/8430/4949 5810/8524/5004
f 5759/8432/4953 5809/8514/5003 5814/8525/5008
f 5808/8526/5002 5807/8520/5001 5812/8523/5006 5813/8527/5007
f 5806/8528/5000 5805/8517/4999 5810/8524/5004 5811/8529/5005
f 5809/8514/5003 5808/8513/5002 5813/8530/5007 5814/8525/5008
f 5810/8524/5004 5755/8430/4949 5815/8429/5009
f 5759/8432/4953 5814/8525/5008 5816/8433/5010
f 5813/8527/5007 5812/8523/5006 5757/8425/4951 5758/8422/4952
f 5811/8522/5005 5810/8531/5004 5815/8435/5009 5756/8426/4950
f 5814/8532/5008 5813/8527/5007 5758/8422/4952 5816/8421/5010
f 5812/8523/5006 5811/8522/5005 5756/8426/4950 5757/8425/4951
f 5878/8533/5010 5820/8534/4952 5825/8535/4957 5826/8536/4958
f 5819/8537/4951 5818/8538/4950 5823/8539/4955 5824/8540/4956
f 5877/8541/5009 5817/8542/4949 5822/8543/4954
f 5821/8544/4953 5878/8545/5010 5826/8546/4958
f 5820/8534/4952 5819/8537/4951 5824/8540/4956 5825/8535/4957
f 5818/8538/4950 5877/8547/5009 5822/8548/4954 5823/8539/4955
f 5822/8543/4954 5817/8542/4949 5827/8549/4959
f 5821/8544/4953 5826/8546/4958 5831/8550/4963
f 5825/8535/4957 5824/8540/4956 5829/8551/4961 5830/8552/4962
f 5823/8553/4955 5822/8543/4954 5827/8549/4959 5828/8554/4960
f 5826/8546/4958 5825/8555/4957 5830/8556/4962 5831/8550/4963
f 5824/8540/4956 5823/8539/4955 5828/8557/4960 5829/8551/4961
f 5821/8544/4953 5831/8550/4963 5836/8558/4968
f 5830/8559/4962 5829/8560/4961 5834/8561/4966 5835/8562/4967
f 5828/8554/4960 5827/8549/4959 5832/8563/4964 5833/8564/4965
f 5831/8550/4963 5830/8556/4962 5835/8565/4967 5836/8558/4968
f 5829/8560/4961 5828/8566/4960 5833/8567/4965 5834/8561/4966
f 5827/8549/4959 5817/8542/4949 5832/8563/4964
f 5821/8544/4953 5836/8558/4968 5841/8568/4973
f 5835/8562/4967 5834/8561/4966 5839/8569/4971 5840/8570/5011
f 5833/8567/4965 5832/8571/4964 5837/8572/5017 5838/8573/4970
f 5836/8574/4968 5835/8562/4967 5840/8570/5011 5841/8575/4973
f 5834/8561/4966 5833/8567/4965 5838/8573/4970 5839/8569/4971
f 5832/8563/4964 5817/8542/4949 5837/8576/5017
f 5821/8544/4953 5841/8568/4973 5846/8577/4978
f 5840/8578/5011 5839/8579/4971 5844/8580/4976 5845/8581/4977
f 5838/8582/4970 5837/8576/5017 5842/8583/4974 5843/8584/4975
f 5841/8568/4973 5840/8585/5011 5845/8586/4977 5846/8577/4978
f 5839/8579/4971 5838/8587/4970 5843/8588/4975 5844/8580/4976
f 5837/8576/5017 5817/8542/4949 5842/8583/4974
f 5845/8581/4977 5844/8580/4976 5849/8589/4981 5850/8590/4982
f 5843/8588/4975 5842/8591/4974 5847/8592/4979 5848/8593/4980
f 5846/8594/4978 5845/8581/4977 5850/8590/4982 5851/8595/4983
f 5844/8580/4976 5843/8588/4975 5848/8593/4980 5849/8589/4981
f 5842/8583/4974 5817/8542/4949 5847/8596/4979
f 5821/8544/4953 5846/8577/4978 5851/8597/4983
f 5848/8593/4980 5847/8592/4979 5852/8598/4984 5853/8599/4985
f 5851/8595/4983 5850/8590/4982 5855/8600/4987 5856/8601/4988
f 5849/8589/4981 5848/8593/4980 5853/8599/4985 5854/8602/4986
f 5847/8596/4979 5817/8542/4949 5852/8603/4984
f 5821/8544/4953 5851/8597/4983 5856/8604/4988
f 5850/8590/4982 5849/8589/4981 5854/8602/4986 5855/8600/4987
f 5856/8604/4988 5855/8605/4987 5860/8606/4992 5861/8607/4993
f 5854/8602/4986 5853/8599/4985 5858/8608/4990 5859/8609/4991
f 5852/8603/4984 5817/8542/4949 5857/8610/4989
f 5821/8544/4953 5856/8604/4988 5861/8607/4993
f 5855/8600/4987 5854/8602/4986 5859/8609/4991 5860/8611/4992
f 5853/8612/4985 5852/8603/4984 5857/8610/4989 5858/8613/4990
f 5861/8607/4993 5860/8606/4992 5865/8614/4997 5866/8615/4998
f 5859/8616/4991 5858/8617/4990 5863/8618/4995 5864/8619/4996
f 5857/8610/4989 5817/8542/4949 5862/8620/4994
f 5821/8544/4953 5861/8607/4993 5866/8615/4998
f 5860/8621/4992 5859/8616/4991 5864/8619/4996 5865/8622/4997
f 5858/8617/4990 5857/8623/4989 5862/8624/4994 5863/8618/4995
f 5866/8615/4998 5865/8614/4997 5870/8625/5019 5871/8626/5003
f 5864/8619/4996 5863/8618/4995 5868/8627/5018 5869/8628/5001
f 5862/8620/4994 5817/8542/4949 5867/8629/4999
f 5821/8544/4953 5866/8615/4998 5871/8626/5003
f 5865/8622/4997 5864/8619/4996 5869/8628/5001 5870/8630/5019
f 5863/8618/4995 5862/8624/4994 5867/8631/4999 5868/8627/5018
f 5871/8626/5003 5870/8625/5019 5875/8632/5007 5876/8633/5008
f 5869/8634/5001 5868/8635/5018 5873/8636/5005 5874/8637/5006
f 5867/8629/4999 5817/8542/4949 5872/8638/5004
f 5821/8544/4953 5871/8626/5003 5876/8633/5008
f 5870/8639/5019 5869/8634/5001 5874/8637/5006 5875/8640/5007
f 5868/8641/5018 5867/8629/4999 5872/8638/5004 5873/8642/5005
f 5874/8637/5006 5873/8636/5005 5818/8538/4950 5819/8537/4951
f 5872/8638/5004 5817/8542/4949 5877/8541/5009
f 5821/8544/4953 5876/8633/5008 5878/8545/5010
f 5875/8640/5007 5874/8637/5006 5819/8537/4951 5820/8534/4952
f 5873/8636/5005 5872/8643/5004 5877/8547/5009 5818/8538/4950
f 5876/8644/5008 5875/8640/5007 5820/8534/4952 5878/8533/5010
f 5940/8645/5010 5882/8646/4952 5887/8647/4957 5888/8648/4958
f 5881/8649/4951 5880/8650/4950 5885/8651/4955 5886/8652/4956
f 5939/8653/5009 5879/8654/4949 5884/8655/4954
f 5883/8656/4953 5940/8657/5010 5888/8658/4958
f 5882/8646/4952 5881/8649/4951 5886/8652/4956 5887/8647/4957
f 5880/8650/4950 5939/8659/5009 5884/8660/4954 5885/8651/4955
f 5884/8655/4954 5879/8654/4949 5889/8661/4959
f 5883/8656/4953 5888/8658/4958 5893/8662/4963
f 5887/8647/4957 5886/8652/4956 5891/8663/4961 5892/8664/5014
f 5885/8665/4955 5884/8655/4954 5889/8661/4959 5890/8666/4960
f 5888/8658/4958 5887/8667/4957 5892/8668/5014 5893/8662/4963
f 5886/8652/4956 5885/8651/4955 5890/8669/4960 5891/8663/4961
f 5883/8656/4953 5893/8662/4963 5898/8670/4968
f 5892/8671/5014 5891/8672/4961 5896/8673/4966 5897/8674/4967
f 5890/8666/4960 5889/8661/4959 5894/8675/4964 5895/8676/4965
f 5893/8662/4963 5892/8668/5014 5897/8677/4967 5898/8670/4968
f 5891/8672/4961 5890/8678/4960 5895/8679/4965 5896/8673/4966
f 5889/8661/4959 5879/8654/4949 5894/8675/4964
f 5883/8656/4953 5898/8670/4968 5903/8680/4973
f 5897/8674/4967 5896/8673/4966 5901/8681/4971 5902/8682/5011
f 5895/8679/4965 5894/8683/4964 5899/8684/4969 5900/8685/5016
f 5898/8686/4968 5897/8674/4967 5902/8682/5011 5903/8687/4973
f 5896/8673/4966 5895/8679/4965 5900/8685/5016 5901/8681/4971
f 5894/8675/4964 5879/8654/4949 5899/8688/4969
f 5883/8656/4953 5903/8680/4973 5908/8689/4978
f 5902/8690/5011 5901/8691/4971 5906/8692/4976 5907/8693/4977
f 5900/8694/5016 5899/8688/4969 5904/8695/4974 5905/8696/4975
f 5903/8680/4973 5902/8697/5011 5907/8698/4977 5908/8689/4978
f 5901/8691/4971 5900/8699/5016 5905/8700/4975 5906/8692/4976
f 5899/8688/4969 5879/8654/4949 5904/8695/4974
f 5907/8693/4977 5906/8692/4976 5911/8701/4981 5912/8702/4982
f 5905/8700/4975 5904/8703/4974 5909/8704/4979 5910/8705/4980
f 5908/8706/4978 5907/8693/4977 5912/8702/4982 5913/8707/4983
f 5906/8692/4976 5905/8700/4975 5910/8705/4980 5911/8701/4981
f 5904/8695/4974 5879/8654/4949 5909/8708/4979
f 5883/8656/4953 5908/8689/4978 5913/8709/4983
f 5910/8705/4980 5909/8704/4979 5914/8710/4984 5915/8711/4985
f 5913/8707/4983 5912/8702/4982 5917/8712/4987 5918/8713/4988
f 5911/8701/4981 5910/8705/4980 5915/8711/4985 5916/8714/4986
f 5909/8708/4979 5879/8654/4949 5914/8715/4984
f 5883/8656/4953 5913/8709/4983 5918/8716/4988
f 5912/8702/4982 5911/8701/4981 5916/8714/4986 5917/8712/4987
f 5918/8716/4988 5917/8717/4987 5922/8718/4992 5923/8719/4993
f 5916/8714/4986 5915/8711/4985 5920/8720/5012 5921/8721/4991
f 5914/8715/4984 5879/8654/4949 5919/8722/4989
f 5883/8656/4953 5918/8716/4988 5923/8719/4993
f 5917/8712/4987 5916/8714/4986 5921/8721/4991 5922/8723/4992
f 5915/8724/4985 5914/8715/4984 5919/8722/4989 5920/8725/5012
f 5923/8719/4993 5922/8718/4992 5927/8726/4997 5928/8727/4998
f 5921/8728/4991 5920/8729/5012 5925/8730/4995 5926/8731/4996
f 5919/8722/4989 5879/8654/4949 5924/8732/4994
f 5883/8656/4953 5923/8719/4993 5928/8727/4998
f 5922/8733/4992 5921/8728/4991 5926/8731/4996 5927/8734/4997
f 5920/8729/5012 5919/8735/4989 5924/8736/4994 5925/8730/4995
f 5928/8727/4998 5927/8726/4997 5932/8737/5002 5933/8738/5003
f 5926/8731/4996 5925/8730/4995 5930/8739/5018 5931/8740/5001
f 5924/8732/4994 5879/8654/4949 5929/8741/4999
f 5883/8656/4953 5928/8727/4998 5933/8738/5003
f 5927/8734/4997 5926/8731/4996 5931/8740/5001 5932/8742/5002
f 5925/8730/4995 5924/8736/4994 5929/8743/4999 5930/8739/5018
f 5933/8738/5003 5932/8737/5002 5937/8744/5007 5938/8745/5008
f 5931/8746/5001 5930/8747/5018 5935/8748/5005 5936/8749/5006
f 5929/8741/4999 5879/8654/4949 5934/8750/5004
f 5883/8656/4953 5933/8738/5003 5938/8745/5008
f 5932/8751/5002 5931/8746/5001 5936/8749/5006 5937/8752/5007
f 5930/8753/5018 5929/8741/4999 5934/8750/5004 5935/8754/5005
f 5936/8749/5006 5935/8748/5005 5880/8650/4950 5881/8649/4951
f 5934/8750/5004 5879/8654/4949 5939/8653/5009
f 5883/8656/4953 5938/8745/5008 5940/8657/5010
f 5937/8752/5007 5936/8749/5006 5881/8649/4951 5882/8646/4952
f 5935/8748/5005 5934/8755/5004 5939/8659/5009 5880/8650/4950
f 5938/8756/5008 5937/8752/5007 5882/8646/4952 5940/8645/5010
f 5952/8781/4953 6010/8782/5083 5957/8783/5034
f 5951/8784/5029 6009/8785/4951 5955/8786/5032 5956/8787/5033
f 5950/8788/5028 6008/8789/5082 5953/8790/5030 5954/8791/5031
f 6010/8792/5083 5951/8784/5029 5956/8787/5033 5957/8793/5034
f 6009/8785/4951 5950/8788/5028 5954/8791/5031 5955/8786/5032
f 6008/8794/5082 5949/8795/4949 5953/8796/5030
f 5954/8797/5031 5953/8796/5030 5958/8798/5035 5959/8799/5036
f 5957/8783/5034 5956/8800/5033 5961/8801/5038 5962/8802/5039
f 5955/8786/5032 5954/8791/5031 5959/8803/5036 5960/8804/5037
f 5953/8796/5030 5949/8795/4949 5958/8798/5035
f 5952/8781/4953 5957/8783/5034 5962/8802/5039
f 5956/8787/5033 5955/8786/5032 5960/8804/5037 5961/8805/5038
f 5962/8802/5039 5961/8801/5038 5966/8806/5042 5967/8807/5043
f 5960/8808/5037 5959/8809/5036 5964/8810/5041 5965/8811/4966
f 5958/8798/5035 5949/8795/4949 5963/8812/5040
f 5952/8781/4953 5962/8802/5039 5967/8807/5043
f 5961/8813/5038 5960/8808/5037 5965/8811/4966 5966/8814/5042
f 5959/8799/5036 5958/8798/5035 5963/8812/5040 5964/8815/5041
f 5967/8816/5043 5966/8814/5042 5971/8817/5047 5972/8818/5048
f 5965/8811/4966 5964/8810/5041 5969/8819/5045 5970/8820/5046
f 5963/8812/5040 5949/8795/4949 5968/8821/5044
f 5952/8781/4953 5967/8807/5043 5972/8822/5048
f 5966/8814/5042 5965/8811/4966 5970/8820/5046 5971/8817/5047
f 5964/8810/5041 5963/8823/5040 5968/8824/5044 5969/8819/5045
f 5972/8822/5048 5971/8825/5047 5976/8826/5052 5977/8827/5053
f 5970/8828/5046 5969/8829/5045 5974/8830/5050 5975/8831/5051
f 5968/8821/5044 5949/8795/4949 5973/8832/5049
f 5952/8781/4953 5972/8822/5048 5977/8827/5053
f 5971/8833/5047 5970/8828/5046 5975/8831/5051 5976/8834/5052
f 5969/8835/5045 5968/8821/5044 5973/8832/5049 5974/8836/5050
f 5977/8837/5053 5976/8834/5052 5981/8838/5056 5982/8839/5057
f 5975/8831/5051 5974/8830/5050 5979/8840/5055 5980/8841/4981
f 5973/8832/5049 5949/8795/4949 5978/8842/5054
f 5952/8781/4953 5977/8827/5053 5982/8843/5057
f 5976/8834/5052 5975/8831/5051 5980/8841/4981 5981/8838/5056
f 5974/8830/5050 5973/8844/5049 5978/8845/5054 5979/8840/5055
f 5980/8841/4981 5979/8840/5055 5984/8846/5059 5985/8847/5060
f 5978/8842/5054 5949/8795/4949 5983/8848/5058
f 5952/8781/4953 5982/8843/5057 5987/8849/5062
f 5981/8838/5056 5980/8841/4981 5985/8847/5060 5986/8850/5061
f 5979/8840/5055 5978/8845/5054 5983/8851/5058 5984/8846/5059
f 5982/8839/5057 5981/8838/5056 5986/8850/5061 5987/8852/5062
f 5983/8848/5058 5949/8795/4949 5988/8853/5063
f 5952/8781/4953 5987/8849/5062 5992/8854/5067
f 5986/8850/5061 5985/8847/5060 5990/8855/5065 5991/8856/5066
f 5984/8857/5059 5983/8848/5058 5988/8853/5063 5989/8858/5064
f 5987/8849/5062 5986/8859/5061 5991/8860/5066 5992/8854/5067
f 5985/8847/5060 5984/8846/5059 5989/8861/5064 5990/8855/5065
f 5952/8781/4953 5992/8854/5067 5997/8862/5071
f 5991/8863/5066 5990/8864/5065 5995/8865/4996 5996/8866/5070
f 5989/8867/5064 5988/8868/5063 5993/8869/5068 5994/8870/5069
f 5992/8854/5067 5991/8860/5066 5996/8871/5070 5997/8862/5071
f 5990/8864/5065 5989/8867/5064 5994/8870/5069 5995/8865/4996
f 5988/8853/5063 5949/8795/4949 5993/8872/5068
f 5952/8781/4953 5997/8862/5071 6002/8873/5076
f 5996/8866/5070 5995/8865/4996 6000/8874/5074 6001/8875/5075
f 5994/8870/5069 5993/8869/5068 5998/8876/5072 5999/8877/5073
f 5997/8862/5071 5996/8871/5070 6001/8878/5075 6002/8873/5076
f 5995/8865/4996 5994/8870/5069 5999/8877/5073 6000/8874/5074
f 5993/8872/5068 5949/8795/4949 5998/8879/5072
f 5952/8781/4953 6002/8873/5076 6007/8880/5081
f 6001/8881/5075 6000/8882/5074 6005/8883/5079 6006/8884/5080
f 5999/8885/5073 5998/8879/5072 6003/8886/5077 6004/8887/5078
f 6002/8873/5076 6001/8878/5075 6006/8888/5080 6007/8880/5081
f 6000/8882/5074 5999/8889/5073 6004/8890/5078 6005/8883/5079
f 5998/8879/5072 5949/8795/4949 6003/8886/5077
f 6006/8884/5080 6005/8883/5079 6009/8785/4951 5951/8784/5029
f 6004/8890/5078 6003/8891/5077 6008/8789/5082 5950/8788/5028
f 6007/8892/5081 6006/8884/5080 5951/8784/5029 6010/8792/5083
f 6005/8883/5079 6004/8890/5078 5950/8788/5028 6009/8785/4951
f 6003/8886/5077 5949/8795/4949 6008/8794/5082
f 5952/8781/4953 6007/8880/5081 6010/8782/5083
f 6014/8893/4953 6072/8894/5083 6019/8895/5034
f 6013/8896/5029 6071/8897/4951 6017/8898/5032 6018/8899/5033
f 6012/8900/5028 6070/8901/5082 6015/8902/5030 6016/8903/5031
f 6072/8904/5083 6013/8896/5029 6018/8899/5033 6019/8905/5034
f 6071/8897/4951 6012/8900/5028 6016/8903/5031 6017/8898/5032
f 6070/8906/5082 6011/8907/4949 6015/8908/5030
f 6018/8899/5033 6017/8898/5032 6022/8909/5037 6023/8910/5038
f 6016/8911/5031 6015/8908/5030 6020/8912/5035 6021/8913/5036
f 6019/8895/5034 6018/8914/5033 6023/8915/5038 6024/8916/5039
f 6017/8898/5032 6016/8903/5031 6021/8917/5036 6022/8909/5037
f 6015/8908/5030 6011/8907/4949 6020/8912/5035
f 6014/8893/4953 6019/8895/5034 6024/8916/5039
f 6021/8913/5036 6020/8912/5035 6025/8918/5040 6026/8919/5041
f 6024/8916/5039 6023/8915/5038 6028/8920/5042 6029/8921/5043
f 6022/8922/5037 6021/8923/5036 6026/8924/5041 6027/8925/4966
f 6020/8912/5035 6011/8907/4949 6025/8918/5040
f 6014/8893/4953 6024/8916/5039 6029/8921/5043
f 6023/8926/5038 6022/8922/5037 6027/8925/4966 6028/8927/5042
f 6029/8928/5043 6028/8927/5042 6033/8929/5047 6034/8930/5048
f 6027/8925/4966 6026/8924/5041 6031/8931/5045 6032/8932/5046
f 6025/8918/5040 6011/8907/4949 6030/8933/5044
f 6014/8893/4953 6029/8921/5043 6034/8934/5048
f 6028/8927/5042 6027/8925/4966 6032/8932/5046 6033/8929/5047
f 6026/8924/5041 6025/8935/5040 6030/8936/5044 6031/8931/5045
f 6034/8934/5048 6033/8937/5047 6038/8938/5052 6039/8939/5053
f 6032/8940/5046 6031/8941/5045 6036/8942/5050 6037/8943/5051
f 6030/8933/5044 6011/8907/4949 6035/8944/5049
f 6014/8893/4953 6034/8934/5048 6039/8939/5053
f 6033/8945/5047 6032/8940/5046 6037/8943/5051 6038/8946/5052
f 6031/8947/5045 6030/8933/5044 6035/8944/5049 6036/8948/5050
f 6039/8949/5053 6038/8946/5052 6043/8950/5056 6044/8951/5057
f 6037/8943/5051 6036/8942/5050 6041/8952/5055 6042/8953/4981
f 6035/8944/5049 6011/8907/4949 6040/8954/5054
f 6014/8893/4953 6039/8939/5053 6044/8955/5057
f 6038/8946/5052 6037/8943/5051 6042/8953/4981 6043/8950/5056
f 6036/8942/5050 6035/8956/5049 6040/8957/5054 6041/8952/5055
f 6044/8951/5057 6043/8950/5056 6048/8958/5061 6049/8959/5062
f 6042/8953/4981 6041/8952/5055 6046/8960/5059 6047/8961/5060
f 6040/8954/5054 6011/8907/4949 6045/8962/5058
f 6014/8893/4953 6044/8955/5057 6049/8963/5062
f 6043/8950/5056 6042/8953/4981 6047/8961/5060 6048/8958/5061
f 6041/8952/5055 6040/8957/5054 6045/8964/5058 6046/8960/5059
f 6047/8961/5060 6046/8960/5059 6051/8965/5064 6052/8966/5065
f 6045/8962/5058 6011/8907/4949 6050/8967/5063
f 6014/8893/4953 6049/8963/5062 6054/8968/5067
f 6048/8958/5061 6047/8961/5060 6052/8966/5065 6053/8969/5066
f 6046/8970/5059 6045/8962/5058 6050/8967/5063 6051/8971/5064
f 6049/8963/5062 6048/8972/5061 6053/8973/5066 6054/8968/5067
f 6050/8967/5063 6011/8907/4949 6055/8974/5068
f 6014/8893/4953 6054/8968/5067 6059/8975/5071
f 6053/8976/5066 6052/8977/5065 6057/8978/4996 6058/8979/5070
f 6051/8980/5064 6050/8981/5063 6055/8982/5068 6056/8983/5069
f 6054/8968/5067 6053/8973/5066 6058/8984/5070 6059/8975/5071
f 6052/8977/5065 6051/8980/5064 6056/8983/5069 6057/8978/4996
f 6014/8893/4953 6059/8975/5071 6064/8985/5076
f 6058/8979/5070 6057/8978/4996 6062/8986/5074 6063/8987/5075
f 6056/8983/5069 6055/8982/5068 6060/8988/5072 6061/8989/5073
f 6059/8975/5071 6058/8984/5070 6063/8990/5075 6064/8985/5076
f 6057/8978/4996 6056/8983/5069 6061/8989/5073 6062/8986/5074
f 6055/8974/5068 6011/8907/4949 6060/8991/5072
f 6014/8893/4953 6064/8985/5076 6069/8992/5081
f 6063/8993/5075 6062/8994/5074 6067/8995/5079 6068/8996/5080
f 6061/8997/5073 6060/8991/5072 6065/8998/5077 6066/8999/5078
f 6064/8985/5076 6063/8990/5075 6068/9000/5080 6069/8992/5081
f 6062/8994/5074 6061/9001/5073 6066/9002/5078 6067/8995/5079
f 6060/8991/5072 6011/8907/4949 6065/8998/5077
f 6014/8893/4953 6069/8992/5081 6072/8894/5083
f 6068/8996/5080 6067/8995/5079 6071/8897/4951 6013/8896/5029
f 6066/9002/5078 6065/9003/5077 6070/8901/5082 6012/8900/5028
f 6069/9004/5081 6068/8996/5080 6013/8896/5029 6072/8904/5083
f 6067/8995/5079 6066/9002/5078 6012/8900/5028 6071/8897/4951
f 6065/8998/5077 6011/8907/4949 6070/8906/5082
f 6075/9005/5029 6133/9006/4951 6079/9007/5032 6080/9008/5085
f 6074/9009/5028 6132/9010/5082 6077/9011/5030 6078/9012/5084
f 6134/9013/5083 6075/9005/5029 6080/9008/5085 6081/9014/5034
f 6133/9006/4951 6074/9009/5028 6078/9012/5084 6079/9007/5032
f 6132/9015/5082 6073/9016/4949 6077/9017/5030
f 6076/9018/4953 6134/9019/5083 6081/9020/5034
f 6081/9020/5034 6080/9021/5085 6085/9022/5038 6086/9023/5039
f 6079/9007/5032 6078/9012/5084 6083/9024/5036 6084/9025/5037
f 6077/9017/5030 6073/9016/4949 6082/9026/5035
f 6076/9018/4953 6081/9020/5034 6086/9023/5039
f 6080/9008/5085 6079/9007/5032 6084/9025/5037 6085/9027/5038
f 6078/9028/5084 6077/9017/5030 6082/9026/5035 6083/9029/5036
f 6086/9023/5039 6085/9022/5038 6090/9030/5042 6091/9031/5043
f 6084/9032/5037 6083/9033/5036 6088/9034/5041 6089/9035/4966
f 6082/9026/5035 6073/9016/4949 6087/9036/5040
f 6076/9018/4953 6086/9023/5039 6091/9031/5043
f 6085/9037/5038 6084/9032/5037 6089/9035/4966 6090/9038/5042
f 6083/9029/5036 6082/9026/5035 6087/9036/5040 6088/9039/5041
f 6091/9040/5043 6090/9038/5042 6095/9041/5047 6096/9042/5048
f 6089/9035/4966 6088/9034/5041 6093/9043/5045 6094/9044/5046
f 6087/9036/5040 6073/9016/4949 6092/9045/5044
f 6076/9018/4953 6091/9031/5043 6096/9046/5048
f 6090/9038/5042 6089/9035/4966 6094/9044/5046 6095/9041/5047
f 6088/9034/5041 6087/9047/5040 6092/9048/5044 6093/9043/5045
f 6094/9049/5046 6093/9050/5045 6098/9051/5050 6099/9052/5051
f 6092/9045/5044 6073/9016/4949 6097/9053/5049
f 6076/9018/4953 6096/9046/5048 6101/9054/5053
f 6095/9055/5047 6094/9049/5046 6099/9052/5051 6100/9056/5086
f 6093/9057/5045 6092/9045/5044 6097/9053/5049 6098/9058/5050
f 6096/9046/5048 6095/9059/5047 6100/9060/5086 6101/9054/5053
f 6097/9053/5049 6073/9016/4949 6102/9061/5054
f 6076/9018/4953 6101/9054/5053 6106/9062/5057
f 6100/9056/5086 6099/9052/5051 6104/9063/4981 6105/9064/5056
f 6098/9051/5050 6097/9065/5049 6102/9066/5054 6103/9067/5055
f 6101/9068/5053 6100/9056/5086 6105/9064/5056 6106/9069/5057
f 6099/9052/5051 6098/9051/5050 6103/9067/5055 6104/9063/4981
f 6076/9018/4953 6106/9062/5057 6111/9070/5062
f 6105/9064/5056 6104/9063/4981 6109/9071/5060 6110/9072/5087
f 6103/9067/5055 6102/9066/5054 6107/9073/5058 6108/9074/5059
f 6106/9069/5057 6105/9064/5056 6110/9072/5087 6111/9075/5062
f 6104/9063/4981 6103/9067/5055 6108/9074/5059 6109/9071/5060
f 6102/9061/5054 6073/9016/4949 6107/9076/5058
f 6076/9018/4953 6111/9070/5062 6116/9077/5067
f 6110/9072/5087 6109/9071/5060 6114/9078/5065 6115/9079/5066
f 6108/9080/5059 6107/9076/5058 6112/9081/5063 6113/9082/5064
f 6111/9070/5062 6110/9083/5087 6115/9084/5066 6116/9077/5067
f 6109/9071/5060 6108/9074/5059 6113/9085/5064 6114/9078/5065
f 6107/9076/5058 6073/9016/4949 6112/9081/5063
f 6076/9018/4953 6116/9077/5067 6121/9086/5071
f 6115/9087/5066 6114/9088/5065 6119/9089/4996 6120/9090/5070
f 6113/9091/5064 6112/9092/5063 6117/9093/5068 6118/9094/5069
f 6116/9077/5067 6115/9084/5066 6120/9095/5070 6121/9086/5071
f 6114/9088/5065 6113/9091/5064 6118/9094/5069 6119/9089/4996
f 6112/9081/5063 6073/9016/4949 6117/9096/5068
f 6120/9090/5070 6119/9089/4996 6124/9097/5074 6125/9098/5075
f 6118/9094/5069 6117/9093/5068 6122/9099/5072 6123/9100/5073
f 6121/9086/5071 6120/9095/5070 6125/9101/5075 6126/9102/5076
f 6119/9089/4996 6118/9094/5069 6123/9100/5073 6124/9097/5074
f 6117/9096/5068 6073/9016/4949 6122/9103/5072
f 6076/9018/4953 6121/9086/5071 6126/9102/5076
f 6123/9104/5073 6122/9103/5072 6127/9105/5077 6128/9106/5088
f 6126/9102/5076 6125/9101/5075 6130/9107/5089 6131/9108/5081
f 6124/9109/5074 6123/9110/5073 6128/9111/5088 6129/9112/5079
f 6122/9103/5072 6073/9016/4949 6127/9105/5077
f 6076/9018/4953 6126/9102/5076 6131/9108/5081
f 6125/9113/5075 6124/9109/5074 6129/9112/5079 6130/9114/5089
f 6131/9115/5081 6130/9114/5089 6075/9005/5029 6134/9013/5083
f 6129/9112/5079 6128/9111/5088 6074/9009/5028 6133/9006/4951
f 6127/9105/5077 6073/9016/4949 6132/9015/5082
f 6076/9018/4953 6131/9108/5081 6134/9019/5083
f 6130/9114/5089 6129/9112/5079 6133/9006/4951 6075/9005/5029
f 6128/9111/5088 6127/9116/5077 6132/9010/5082 6074/9009/5028
f 6138/9117/4953 6196/9118/5083 6143/9119/5034
f 6137/9120/5029 6195/9121/4951 6141/9122/5032 6142/9123/5033
f 6136/9124/5028 6194/9125/5082 6139/9126/5030 6140/9127/5031
f 6196/9128/5083 6137/9120/5029 6142/9123/5033 6143/9129/5034
f 6195/9121/4951 6136/9124/5028 6140/9127/5031 6141/9122/5032
f 6194/9130/5082 6135/9131/4949 6139/9132/5030
f 6142/9123/5033 6141/9122/5032 6146/9133/5037 6147/9134/5038
f 6140/9135/5031 6139/9132/5030 6144/9136/5035 6145/9137/5036
f 6143/9119/5034 6142/9138/5033 6147/9139/5038 6148/9140/5039
f 6141/9122/5032 6140/9127/5031 6145/9141/5036 6146/9133/5037
f 6139/9132/5030 6135/9131/4949 6144/9136/5035
f 6138/9117/4953 6143/9119/5034 6148/9140/5039
f 6145/9137/5036 6144/9136/5035 6149/9142/5040 6150/9143/5041
f 6148/9140/5039 6147/9139/5038 6152/9144/5042 6153/9145/5043
f 6146/9146/5037 6145/9147/5036 6150/9148/5041 6151/9149/4966
f 6144/9136/5035 6135/9131/4949 6149/9142/5040
f 6138/9117/4953 6148/9140/5039 6153/9145/5043
f 6147/9150/5038 6146/9146/5037 6151/9149/4966 6152/9151/5042
f 6153/9152/5043 6152/9151/5042 6157/9153/5047 6158/9154/5048
f 6151/9149/4966 6150/9148/5041 6155/9155/5045 6156/9156/5046
f 6149/9142/5040 6135/9131/4949 6154/9157/5044
f 6138/9117/4953 6153/9145/5043 6158/9158/5048
f 6152/9151/5042 6151/9149/4966 6156/9156/5046 6157/9153/5047
f 6150/9148/5041 6149/9159/5040 6154/9160/5044 6155/9155/5045
f 6158/9158/5048 6157/9161/5047 6162/9162/5052 6163/9163/5053
f 6156/9164/5046 6155/9165/5045 6160/9166/5050 6161/9167/5051
f 6154/9157/5044 6135/9131/4949 6159/9168/5049
f 6138/9117/4953 6158/9158/5048 6163/9163/5053
f 6157/9169/5047 6156/9164/5046 6161/9167/5051 6162/9170/5052
f 6155/9171/5045 6154/9157/5044 6159/9168/5049 6160/9172/5050
f 6163/9173/5053 6162/9170/5052 6167/9174/5056 6168/9175/5057
f 6161/9167/5051 6160/9166/5050 6165/9176/5055 6166/9177/4981
f 6159/9168/5049 6135/9131/4949 6164/9178/5054
f 6138/9117/4953 6163/9163/5053 6168/9179/5057
f 6162/9170/5052 6161/9167/5051 6166/9177/4981 6167/9174/5056
f 6160/9166/5050 6159/9180/5049 6164/9181/5054 6165/9176/5055
f 6168/9175/5057 6167/9174/5056 6172/9182/5061 6173/9183/5062
f 6166/9177/4981 6165/9176/5055 6170/9184/5059 6171/9185/5060
f 6164/9178/5054 6135/9131/4949 6169/9186/5058
f 6138/9117/4953 6168/9179/5057 6173/9187/5062
f 6167/9174/5056 6166/9177/4981 6171/9185/5060 6172/9182/5061
f 6165/9176/5055 6164/9181/5054 6169/9188/5058 6170/9184/5059
f 6171/9185/5060 6170/9184/5059 6175/9189/5064 6176/9190/5065
f 6169/9186/5058 6135/9131/4949 6174/9191/5063
f 6138/9117/4953 6173/9187/5062 6178/9192/5067
f 6172/9182/5061 6171/9185/5060 6176/9190/5065 6177/9193/5066
f 6170/9194/5059 6169/9186/5058 6174/9191/5063 6175/9195/5064
f 6173/9187/5062 6172/9196/5061 6177/9197/5066 6178/9192/5067
f 6174/9191/5063 6135/9131/4949 6179/9198/5068
f 6138/9117/4953 6178/9192/5067 6183/9199/5071
f 6177/9200/5066 6176/9201/5065 6181/9202/4996 6182/9203/5070
f 6175/9204/5064 6174/9205/5063 6179/9206/5068 6180/9207/5069
f 6178/9192/5067 6177/9197/5066 6182/9208/5070 6183/9199/5071
f 6176/9201/5065 6175/9204/5064 6180/9207/5069 6181/9202/4996
f 6138/9117/4953 6183/9199/5071 6188/9209/5076
f 6182/9203/5070 6181/9202/4996 6186/9210/5074 6187/9211/5075
f 6180/9207/5069 6179/9206/5068 6184/9212/5072 6185/9213/5073
f 6183/9199/5071 6182/9208/5070 6187/9214/5075 6188/9209/5076
f 6181/9202/4996 6180/9207/5069 6185/9213/5073 6186/9210/5074
f 6179/9198/5068 6135/9131/4949 6184/9215/5072
f 6138/9117/4953 6188/9209/5076 6193/9216/5081
f 6187/9217/5075 6186/9218/5074 6191/9219/5079 6192/9220/5080
f 6185/9221/5073 6184/9215/5072 6189/9222/5077 6190/9223/5078
f 6188/9209/5076 6187/9214/5075 6192/9224/5080 6193/9216/5081
f 6186/9218/5074 6185/9225/5073 6190/9226/5078 6191/9219/5079
f 6184/9215/5072 6135/9131/4949 6189/9222/5077
f 6138/9117/4953 6193/9216/5081 6196/9118/5083
f 6192/9220/5080 6191/9219/5079 6195/9121/4951 6137/9120/5029
f 6190/9226/5078 6189/9227/5077 6194/9125/5082 6136/9124/5028
f 6193/9228/5081 6192/9220/5080 6137/9120/5029 6196/9128/5083
f 6191/9219/5079 6190/9226/5078 6136/9124/5028 6195/9121/4951
f 6189/9222/5077 6135/9131/4949 6194/9130/5082
f 6257/9229/4951 6198/9230/5028 6202/9231/5084 6203/9232/5032
f 6256/9233/5082 6197/9234/4949 6201/9235/5030
f 6200/9236/4953 6258/9237/5083 6205/9238/5034
f 6199/9239/5029 6257/9229/4951 6203/9232/5032 6204/9240/5033
f 6198/9230/5028 6256/9241/5082 6201/9242/5030 6202/9231/5084
f 6258/9243/5083 6199/9239/5029 6204/9240/5033 6205/9244/5034
f 6200/9236/4953 6205/9238/5034 6210/9245/5039
f 6204/9240/5033 6203/9232/5032 6208/9246/5037 6209/9247/5038
f 6202/9248/5084 6201/9235/5030 6206/9249/5035 6207/9250/5036
f 6205/9238/5034 6204/9251/5033 6209/9252/5038 6210/9245/5039
f 6203/9232/5032 6202/9231/5084 6207/9253/5036 6208/9246/5037
f 6201/9235/5030 6197/9234/4949 6206/9249/5035
f 6200/9236/4953 6210/9245/5039 6215/9254/5043
f 6209/9255/5038 6208/9256/5037 6213/9257/4966 6214/9258/5042
f 6207/9250/5036 6206/9249/5035 6211/9259/5040 6212/9260/5041
f 6210/9245/5039 6209/9252/5038 6214/9261/5042 6215/9254/5043
f 6208/9256/5037 6207/9262/5036 6212/9263/5041 6213/9257/4966
f 6206/9249/5035 6197/9234/4949 6211/9259/5040
f 6214/9258/5042 6213/9257/4966 6218/9264/5046 6219/9265/5047
f 6212/9263/5041 6211/9266/5040 6216/9267/5044 6217/9268/5045
f 6215/9269/5043 6214/9258/5042 6219/9265/5047 6220/9270/5048
f 6213/9257/4966 6212/9263/5041 6217/9268/5045 6218/9264/5046
f 6211/9259/5040 6197/9234/4949 6216/9271/5044
f 6200/9236/4953 6215/9254/5043 6220/9272/5048
f 6217/9273/5045 6216/9271/5044 6221/9274/5049 6222/9275/5090
f 6220/9272/5048 6219/9276/5047 6224/9277/5052 6225/9278/5053
f 6218/9279/5046 6217/9280/5045 6222/9281/5090 6223/9282/5051
f 6216/9271/5044 6197/9234/4949 6221/9274/5049
f 6200/9236/4953 6220/9272/5048 6225/9278/5053
f 6219/9283/5047 6218/9279/5046 6223/9282/5051 6224/9284/5052
f 6225/9285/5053 6224/9284/5052 6229/9286/5056 6230/9287/5057
f 6223/9282/5051 6222/9281/5090 6227/9288/5055 6228/9289/4981
f 6221/9274/5049 6197/9234/4949 6226/9290/5054
f 6200/9236/4953 6225/9278/5053 6230/9291/5057
f 6224/9284/5052 6223/9282/5051 6228/9289/4981 6229/9286/5056
f 6222/9281/5090 6221/9292/5049 6226/9293/5054 6227/9288/5055
f 6230/9287/5057 6229/9286/5056 6234/9294/5061 6235/9295/5062
f 6228/9289/4981 6227/9288/5055 6232/9296/5091 6233/9297/5060
f 6226/9290/5054 6197/9234/4949 6231/9298/5058
f 6200/9236/4953 6230/9291/5057 6235/9299/5062
f 6229/9286/5056 6228/9289/4981 6233/9297/5060 6234/9294/5061
f 6227/9288/5055 6226/9293/5054 6231/9300/5058 6232/9296/5091
f 6235/9299/5062 6234/9301/5061 6239/9302/5066 6240/9303/5067
f 6233/9297/5060 6232/9296/5091 6237/9304/5064 6238/9305/5065
f 6231/9298/5058 6197/9234/4949 6236/9306/5063
f 6200/9236/4953 6235/9299/5062 6240/9303/5067
f 6234/9294/5061 6233/9297/5060 6238/9305/5065 6239/9307/5066
f 6232/9308/5091 6231/9298/5058 6236/9306/5063 6237/9309/5064
f 6240/9303/5067 6239/9302/5066 6244/9310/5070 6245/9311/5071
f 6238/9312/5065 6237/9313/5064 6242/9314/5069 6243/9315/4996
f 6236/9306/5063 6197/9234/4949 6241/9316/5068
f 6200/9236/4953 6240/9303/5067 6245/9311/5071
f 6239/9317/5066 6238/9312/5065 6243/9315/4996 6244/9318/5070
f 6237/9313/5064 6236/9319/5063 6241/9320/5068 6242/9314/5069
f 6243/9315/4996 6242/9314/5069 6247/9321/5073 6248/9322/5074
f 6241/9316/5068 6197/9234/4949 6246/9323/5072
f 6200/9236/4953 6245/9311/5071 6250/9324/5076
f 6244/9318/5070 6243/9315/4996 6248/9322/5074 6249/9325/5075
f 6242/9314/5069 6241/9320/5068 6246/9326/5072 6247/9321/5073
f 6245/9311/5071 6244/9310/5070 6249/9327/5075 6250/9324/5076
f 6246/9323/5072 6197/9234/4949 6251/9328/5077
f 6200/9236/4953 6250/9324/5076 6255/9329/5081
f 6249/9330/5075 6248/9331/5074 6253/9332/5079 6254/9333/5080
f 6247/9334/5073 6246/9323/5072 6251/9328/5077 6252/9335/5078
f 6250/9324/5076 6249/9327/5075 6254/9336/5080 6255/9329/5081
f 6248/9331/5074 6247/9337/5073 6252/9338/5078 6253/9332/5079
f 6200/9236/4953 6255/9329/5081 6258/9237/5083
f 6254/9333/5080 6253/9332/5079 6257/9229/4951 6199/9239/5029
f 6252/9338/5078 6251/9339/5077 6256/9241/5082 6198/9230/5028
f 6255/9340/5081 6254/9333/5080 6199/9239/5029 6258/9243/5083
f 6253/9332/5079 6252/9338/5078 6198/9230/5028 6257/9229/4951
f 6251/9328/5077 6197/9234/4949 6256/9233/5082
usemtl M_Pupil
f 6787/10161/4941 6788/10162/4942 6790/10163/4944 6789/10164/4943
f 6789/10165/4943 6790/10166/4944 6794/10167/4948 6793/10168/4947
f 6793/10169/4947 6794/10170/4948 6792/10171/4946 6791/10172/4945
f 6791/10173/4945 6792/10174/4946 6788/10175/4942 6787/10176/4941
f 6789/10177/4943 6793/10178/4947 6791/10179/4945 6787/10180/4941
f 6794/10181/4948 6790/10182/4944 6788/10183/4942 6792/10184/4946
