# Blender 5.0.1
# www.blender.org
mtllib brass_bowl.mtl
o SM_BrassBowl
v 0.749346 -0.000000 0.041667
v 0.747092 0.073663 0.041667
v 0.738868 0.147045 0.041667
v 0.721759 0.218914 0.041667
v 0.694354 0.287456 0.041667
v 0.658324 0.351686 0.041667
v 0.617133 0.412251 0.041667
v 0.573209 0.470481 0.041667
v 0.526296 0.526469 0.041667
v 0.474415 0.578218 0.041667
v 0.416260 0.622964 0.041667
v 0.352602 0.659528 0.041667
v 0.285544 0.689284 0.041667
v 0.216688 0.714585 0.041667
v 0.146251 0.736038 0.041667
v 0.073877 0.751346 0.041667
v 0.000000 0.757005 0.041667
v -0.073877 0.751346 0.041667
v -0.146251 0.736038 0.041667
v -0.216688 0.714585 0.041667
v -0.285544 0.689284 0.041667
v -0.352602 0.659528 0.041667
v -0.416260 0.622964 0.041667
v -0.474415 0.578218 0.041667
v -0.526296 0.526469 0.041667
v -0.573209 0.470481 0.041667
v -0.617133 0.412251 0.041667
v -0.658324 0.351686 0.041667
v -0.694354 0.287456 0.041667
v -0.721759 0.218914 0.041667
v -0.738868 0.147045 0.041667
v -0.747092 0.073663 0.041667
v -0.749346 -0.000000 0.041667
v -0.747092 -0.073663 0.041667
v -0.738868 -0.147045 0.041667
v -0.721759 -0.218914 0.041667
v -0.694354 -0.287456 0.041667
v -0.658324 -0.351686 0.041667
v -0.617133 -0.412251 0.041667
v -0.573209 -0.470481 0.041667
v -0.526296 -0.526469 0.041667
v -0.474415 -0.578218 0.041667
v -0.416260 -0.622964 0.041667
v -0.352602 -0.659528 0.041667
v -0.285544 -0.689284 0.041667
v -0.216688 -0.714585 0.041667
v -0.146251 -0.736038 0.041667
v -0.073877 -0.751346 0.041667
v 0.000000 -0.757005 0.041667
v 0.073877 -0.751346 0.041667
v 0.146251 -0.736038 0.041667
v 0.216688 -0.714585 0.041667
v 0.285544 -0.689284 0.041667
v 0.352602 -0.659528 0.041667
v 0.416260 -0.622964 0.041667
v 0.474415 -0.578218 0.041667
v 0.526296 -0.526469 0.041667
v 0.573209 -0.470481 0.041667
v 0.617133 -0.412251 0.041667
v 0.658324 -0.351686 0.041667
v 0.694354 -0.287456 0.041667
v 0.721759 -0.218914 0.041667
v 0.738868 -0.147045 0.041667
v 0.747092 -0.073663 0.041667
v 3.996408 0.000045 0.100000
v 3.985157 0.392929 0.100000
v 3.940094 0.784056 0.100000
v 3.846259 1.166497 0.100000
v 3.698269 1.531015 0.100000
v 3.506717 1.873412 0.100000
v 3.289756 2.197735 0.100000
v 3.058354 2.510371 0.100000
v 2.809345 2.810288 0.100000
v 2.532013 3.085938 0.100000
v 2.220668 3.323310 0.100000
v 1.880712 3.517820 0.100000
v 1.523474 3.677741 0.100000
v 1.156685 3.814657 0.100000
v 0.780858 3.929688 0.100000
v 0.394329 4.009319 0.100000
v 0.000122 4.035801 0.100000
v -0.393513 4.002705 0.100000
v -0.779093 3.920764 0.100000
v -1.154907 3.808330 0.100000
v -1.522707 3.675579 0.100000
v -1.880522 3.517471 0.100000
v -2.219343 3.321507 0.100000
v -2.528652 3.081951 0.100000
v -2.805687 2.806521 0.100000
v -3.058009 2.509816 0.100000
v -3.295073 2.201035 0.100000
v -3.516181 1.878400 0.100000
v -3.707201 1.534843 0.100000
v -3.850530 1.167996 0.100000
v -3.939477 0.784055 0.100000
v -3.983101 0.392704 0.100000
v -3.996408 -0.000045 0.100000
v -3.985157 -0.392929 0.100000
v -3.940094 -0.784056 0.100000
v -3.846259 -1.166497 0.100000
v -3.698269 -1.531015 0.100000
v -3.506717 -1.873412 0.100000
v -3.289756 -2.197735 0.100000
v -3.058354 -2.510371 0.100000
v -2.809345 -2.810288 0.100000
v -2.532013 -3.085938 0.100000
v -2.220668 -3.323310 0.100000
v -1.880712 -3.517820 0.100000
v -1.523474 -3.677741 0.100000
v -1.156685 -3.814657 0.100000
v -0.780858 -3.929688 0.100000
v -0.394329 -4.009319 0.100000
v -0.000122 -4.035801 0.100000
v 0.393513 -4.002705 0.100000
v 0.779093 -3.920764 0.100000
v 1.154907 -3.808330 0.100000
v 1.522707 -3.675579 0.100000
v 1.880522 -3.517471 0.100000
v 2.219343 -3.321507 0.100000
v 2.528652 -3.081951 0.100000
v 2.805687 -2.806521 0.100000
v 3.058009 -2.509816 0.100000
v 3.295073 -2.201035 0.100000
v 3.516181 -1.878400 0.100000
v 3.707201 -1.534843 0.100000
v 3.850530 -1.167996 0.100000
v 3.939477 -0.784055 0.100000
v 3.983101 -0.392704 0.100000
v 5.993227 0.000288 0.733333
v 5.977948 0.589265 0.733333
v 5.900403 1.173666 0.733333
v 5.745875 1.742194 0.733333
v 5.519226 2.284927 0.733333
v 5.242226 2.801240 0.733334
v 4.935472 3.298038 0.733334
v 4.602526 3.778375 0.733334
v 4.230939 4.232185 0.733334
v 3.807750 4.640148 0.733334
v 3.333596 4.988440 0.733334
v 2.822483 5.279724 0.733334
v 2.289620 5.528207 0.733334
v 1.741061 5.742345 0.733334
v 1.175158 5.912143 0.733334
v 0.592266 6.014567 0.733334
v 0.000779 6.033020 0.733334
v -0.587066 5.972447 0.733334
v -1.163918 5.855324 0.733334
v -1.729736 5.702055 0.733334
v -2.284733 5.514437 0.733334
v -2.821271 5.277501 0.733334
v -3.325154 4.976954 0.733334
v -3.786350 4.614756 0.733334
v -4.207647 4.208198 0.733334
v -4.600329 3.774837 0.733334
v -4.969327 3.319055 0.733334
v -5.302480 2.832998 0.733334
v -5.576098 2.309301 0.733333
v -5.773075 1.751736 0.733333
v -5.896477 1.173655 0.733333
v -5.964859 0.587836 0.733333
v -5.993227 -0.000288 0.733333
v -5.977948 -0.589265 0.733333
v -5.900403 -1.173666 0.733333
v -5.745875 -1.742194 0.733333
v -5.519226 -2.284927 0.733333
v -5.242226 -2.801240 0.733333
v -4.935472 -3.298038 0.733333
v -4.602526 -3.778375 0.733333
v -4.230939 -4.232185 0.733333
v -3.807750 -4.640148 0.733333
v -3.333596 -4.988440 0.733333
v -2.822483 -5.279724 0.733333
v -2.289620 -5.528207 0.733333
v -1.741061 -5.742345 0.733333
v -1.175158 -5.912143 0.733333
v -0.592266 -6.014567 0.733333
v -0.000779 -6.033020 0.733333
v 0.587066 -5.972447 0.733333
v 1.163918 -5.855324 0.733333
v 1.729736 -5.702055 0.733333
v 2.284733 -5.514437 0.733333
v 2.821271 -5.277501 0.733333
v 3.325154 -4.976954 0.733333
v 3.786350 -4.614756 0.733333
v 4.207647 -4.208198 0.733333
v 4.600329 -3.774837 0.733333
v 4.969327 -3.319055 0.733333
v 5.302480 -2.832998 0.733333
v 5.576098 -2.309301 0.733333
v 5.773075 -1.751736 0.733333
v 5.896477 -1.173655 0.733333
v 5.964859 -0.587836 0.733333
v 7.370304 0.000440 2.066667
v 7.341912 0.723049 2.066667
v 7.223277 1.436050 2.066667
v 7.022121 2.129214 2.066667
v 6.761424 2.800380 2.066667
v 6.459436 3.453401 2.066667
v 6.115021 4.087375 2.066667
v 5.711960 4.688882 2.066667
v 5.237049 5.237209 2.066667
v 4.694092 5.718942 2.066667
v 4.101289 6.137162 2.066667
v 3.476629 6.504591 2.066667
v 2.826841 6.826273 2.066667
v 2.149932 7.089077 2.066667
v 1.446332 7.269763 2.066667
v 0.725471 7.354972 2.066667
v 0.001191 7.353881 2.066667
v -0.717523 7.290602 2.066667
v -1.429155 7.182931 2.066667
v -2.132626 7.027504 2.066667
v -2.819373 6.805230 2.066667
v -3.474777 6.501194 2.066667
v -4.088387 6.119609 2.066667
v -4.661388 5.680138 2.066667
v -5.201454 5.200552 2.066667
v -5.708603 4.683475 2.066667
v -6.166760 4.119495 2.066667
v -6.551517 3.501933 2.066667
v -6.848338 2.837630 2.066667
v -7.063690 2.143796 2.066667
v -7.217277 1.436034 2.066667
v -7.321908 0.720865 2.066667
v -7.370304 -0.000440 2.066667
v -7.341912 -0.723050 2.066667
v -7.223277 -1.436051 2.066667
v -7.022121 -2.129214 2.066667
v -6.761424 -2.800380 2.066667
v -6.459436 -3.453401 2.066667
v -6.115021 -4.087375 2.066667
v -5.711960 -4.688882 2.066667
v -5.237049 -5.237209 2.066667
v -4.694092 -5.718942 2.066667
v -4.101289 -6.137162 2.066667
v -3.476629 -6.504591 2.066666
v -2.826841 -6.826273 2.066666
v -2.149932 -7.089077 2.066666
v -1.446332 -7.269763 2.066666
v -0.725471 -7.354972 2.066666
v -0.001191 -7.353881 2.066666
v 0.717523 -7.290602 2.066666
v 1.429155 -7.182931 2.066666
v 2.132626 -7.027504 2.066666
v 2.819373 -6.805230 2.066666
v 3.474777 -6.501194 2.066666
v 4.088387 -6.119609 2.066667
v 4.661388 -5.680138 2.066667
v 5.201454 -5.200552 2.066667
v 5.708603 -4.683475 2.066667
v 6.166760 -4.119495 2.066667
v 6.551517 -3.501933 2.066667
v 6.848338 -2.837630 2.066667
v 7.063690 -2.143796 2.066667
v 7.217277 -1.436035 2.066667
v 7.321908 -0.720866 2.066667
v 8.182511 -0.000149 3.700000
v 8.129078 0.799975 3.700000
v 7.993416 1.589601 3.700000
v 7.800356 2.366776 3.700000
v 7.558197 3.132134 3.700000
v 7.251863 3.877620 3.700000
v 6.858875 4.583359 3.700001
v 6.372163 5.228580 3.700001
v 5.808016 5.806476 3.700001
v 5.193006 6.326762 3.700001
v 4.544212 6.801289 3.700001
v 3.861911 7.226272 3.700001
v 3.139643 7.579882 3.700001
v 2.378917 7.839420 3.700001
v 1.592949 8.002055 3.700001
v 0.797312 8.088109 3.700001
v -0.000402 8.122234 3.700001
v -0.799994 8.109830 3.700001
v -1.598745 8.031356 3.700001
v -2.384757 7.860197 3.700001
v -3.142164 7.586984 3.700001
v -3.862536 7.227419 3.700001
v -4.548565 6.807212 3.700001
v -5.204040 6.339856 3.700001
v -5.820026 5.818845 3.700001
v -6.373297 5.230404 3.700001
v -6.841417 4.572522 3.700001
v -7.220792 3.861243 3.700000
v -7.528872 3.119565 3.700000
v -7.786331 2.361856 3.700000
v -7.995440 1.589606 3.700000
v -8.135828 0.800711 3.700000
v -8.182511 0.000148 3.700000
v -8.129078 -0.799975 3.700000
v -7.993416 -1.589601 3.700000
v -7.800356 -2.366776 3.700000
v -7.558197 -3.132134 3.700000
v -7.251863 -3.877620 3.700000
v -6.858875 -4.583359 3.700000
v -6.372163 -5.228580 3.700000
v -5.808016 -5.806476 3.700000
v -5.193006 -6.326762 3.700000
v -4.544212 -6.801289 3.700000
v -3.861911 -7.226272 3.700000
v -3.139643 -7.579882 3.700000
v -2.378917 -7.839420 3.700000
v -1.592949 -8.002055 3.700000
v -0.797312 -8.088109 3.700000
v 0.000402 -8.122234 3.700000
v 0.799994 -8.109830 3.700000
v 1.598745 -8.031356 3.700000
v 2.384757 -7.860197 3.700000
v 3.142164 -7.586984 3.700000
v 3.862536 -7.227419 3.700000
v 4.548565 -6.807212 3.700000
v 5.204040 -6.339856 3.700000
v 5.820026 -5.818845 3.700000
v 6.373297 -5.230404 3.700000
v 6.841417 -4.572522 3.700000
v 7.220792 -3.861243 3.700000
v 7.528872 -3.119565 3.700000
v 7.786331 -2.361856 3.700000
v 7.995440 -1.589607 3.700000
v 8.135828 -0.800712 3.700000
v 8.401275 -0.000641 4.833333
v 8.341618 0.821146 4.833333
v 8.222048 1.636069 4.833333
v 8.053755 2.444616 4.833333
v 7.818030 3.239772 4.833333
v 7.485007 4.000988 4.833333
v 7.043370 4.704802 4.833333
v 6.512527 5.342556 4.833333
v 5.926915 5.925550 4.833333
v 5.309206 6.469563 4.833333
v 4.658291 6.972947 4.833333
v 3.961168 7.411364 4.833333
v 3.213765 7.756792 4.833333
v 2.429024 8.003231 4.833333
v 1.626292 8.172891 4.833333
v 0.816215 8.294744 4.833333
v -0.001734 8.375043 4.833333
v -0.827787 8.388476 4.833333
v -1.651304 8.299334 4.833333
v -2.454225 8.092893 4.833333
v -3.224640 7.787435 4.833333
v -3.963863 7.416313 4.833333
v -4.677079 6.998506 4.833333
v -5.356827 6.526069 4.833333
v -5.978749 5.978929 4.833333
v -6.517417 5.350430 4.833333
v -6.968029 4.658029 4.833333
v -7.350922 3.930316 4.833333
v -7.691470 3.185531 4.833333
v -7.993224 2.423383 4.833333
v -8.230786 1.636092 4.833333
v -8.370746 0.824326 4.833333
v -8.401275 0.000641 4.833333
v -8.341618 -0.821147 4.833333
v -8.222048 -1.636069 4.833333
v -8.053755 -2.444617 4.833333
v -7.818030 -3.239773 4.833333
v -7.485007 -4.000988 4.833333
v -7.043370 -4.704802 4.833333
v -6.512527 -5.342557 4.833333
v -5.926915 -5.925550 4.833333
v -5.309206 -6.469563 4.833333
v -4.658291 -6.972947 4.833333
v -3.961168 -7.411364 4.833333
v -3.213765 -7.756792 4.833333
v -2.429024 -8.003231 4.833333
v -1.626292 -8.172891 4.833333
v -0.816215 -8.294744 4.833333
v 0.001734 -8.375043 4.833333
v 0.827787 -8.388476 4.833333
v 1.651304 -8.299334 4.833333
v 2.454225 -8.092893 4.833333
v 3.224640 -7.787435 4.833333
v 3.963863 -7.416313 4.833333
v 4.677079 -6.998506 4.833333
v 5.356827 -6.526069 4.833333
v 5.978749 -5.978930 4.833333
v 6.517417 -5.350430 4.833333
v 6.968029 -4.658030 4.833333
v 7.350922 -3.930317 4.833333
v 7.691470 -3.185532 4.833333
v 7.993224 -2.423383 4.833333
v 8.230786 -1.636092 4.833333
v 8.370746 -0.824327 4.833333
v 8.213175 -0.001205 5.132091
v 8.156122 0.802917 5.132180
v 8.047227 1.602318 5.132322
v 7.889704 2.396271 5.132339
v 7.657557 3.173980 5.132125
v 7.321233 3.912649 5.131802
v 6.876913 4.591660 5.131587
v 6.351765 5.208811 5.131582
v 5.781664 5.779753 5.131740
v 5.184154 6.318057 5.131927
v 4.552053 6.815096 5.131995
v 3.870655 7.241780 5.131923
v 3.138540 7.572882 5.131859
v 2.371441 7.810655 5.131943
v 1.588318 7.983113 5.132186
v 0.797223 8.116426 5.132465
v -0.003556 8.207201 5.132576
v -0.812460 8.222056 5.132406
v -1.616560 8.125879 5.132099
v -2.398390 7.912313 5.131882
v -3.149485 7.607960 5.131849
v -3.873659 7.247306 5.131932
v -4.574171 6.843297 5.131981
v -5.238465 6.381411 5.131879
v -5.839484 5.840772 5.131681
v -6.355675 5.219723 5.131567
v -6.790447 4.540978 5.131649
v -7.169484 3.833537 5.131906
v -7.515240 3.111394 5.132209
v -7.822116 2.369971 5.132372
v -8.057457 1.600821 5.132309
v -8.189043 0.806645 5.132152
v -8.213175 0.001205 5.132091
v -8.156122 -0.802918 5.132180
v -8.047227 -1.602318 5.132322
v -7.889704 -2.396272 5.132339
v -7.657557 -3.173981 5.132125
v -7.321233 -3.912650 5.131802
v -6.876913 -4.591661 5.131586
v -6.351765 -5.208812 5.131581
v -5.781664 -5.779753 5.131739
v -5.184154 -6.318057 5.131926
v -4.552053 -6.815096 5.131994
v -3.870655 -7.241780 5.131922
v -3.138540 -7.572882 5.131858
v -2.371441 -7.810655 5.131942
v -1.588318 -7.983113 5.132185
v -0.797223 -8.116426 5.132465
v 0.003556 -8.207201 5.132575
v 0.812460 -8.222056 5.132405
v 1.616560 -8.125879 5.132098
v 2.398390 -7.912313 5.131881
v 3.149485 -7.607960 5.131848
v 3.873659 -7.247306 5.131931
v 4.574171 -6.843297 5.131980
v 5.238465 -6.381411 5.131878
v 5.839484 -5.840773 5.131680
v 6.355675 -5.219724 5.131567
v 6.790447 -4.540979 5.131648
v 7.169484 -3.833538 5.131906
v 7.515240 -3.111394 5.132209
v 7.822116 -2.369972 5.132372
v 8.057457 -1.600821 5.132309
v 8.189043 -0.806645 5.132152
v 0.741323 0.000049 0.207552
v 0.739073 0.073085 0.207548
v 0.730871 0.145556 0.207527
v 0.713933 0.216299 0.207503
v 0.686883 0.283824 0.207493
v 0.651276 0.347411 0.207508
v 0.610450 0.407652 0.207535
v 0.566840 0.465582 0.207550
v 0.520341 0.521058 0.207546
v 0.469110 0.572093 0.207533
v 0.411788 0.616161 0.207526
v 0.348924 0.652305 0.207535
v 0.282465 0.681893 0.207556
v 0.214098 0.707079 0.207569
v 0.144288 0.728319 0.207562
v 0.072859 0.743347 0.207540
v 0.000166 0.748822 0.207516
v -0.072613 0.743196 0.207505
v -0.144233 0.728086 0.207516
v -0.214197 0.706860 0.207534
v -0.282573 0.681764 0.207540
v -0.348912 0.652278 0.207528
v -0.411649 0.616168 0.207511
v -0.468961 0.572035 0.207506
v -0.520325 0.520889 0.207522
v -0.567010 0.465364 0.207550
v -0.610738 0.407524 0.207566
v -0.651560 0.347484 0.207563
v -0.687063 0.284077 0.207546
v -0.713985 0.216585 0.207530
v -0.730840 0.145714 0.207528
v -0.739031 0.073067 0.207540
v -0.741323 -0.000049 0.207552
v -0.739073 -0.073085 0.207548
v -0.730871 -0.145556 0.207527
v -0.713933 -0.216299 0.207503
v -0.686883 -0.283824 0.207493
v -0.651276 -0.347411 0.207508
v -0.610450 -0.407652 0.207535
v -0.566840 -0.465582 0.207550
v -0.520341 -0.521058 0.207546
v -0.469110 -0.572093 0.207533
v -0.411788 -0.616161 0.207526
v -0.348924 -0.652305 0.207535
v -0.282465 -0.681893 0.207556
v -0.214098 -0.707079 0.207569
v -0.144288 -0.728319 0.207562
v -0.072859 -0.743347 0.207540
v -0.000166 -0.748822 0.207516
v 0.072613 -0.743196 0.207505
v 0.144233 -0.728086 0.207516
v 0.214197 -0.706860 0.207534
v 0.282573 -0.681764 0.207540
v 0.348912 -0.652278 0.207528
v 0.411649 -0.616168 0.207511
v 0.468961 -0.572035 0.207506
v 0.520325 -0.520889 0.207522
v 0.567010 -0.465364 0.207550
v 0.610738 -0.407524 0.207566
v 0.651560 -0.347484 0.207562
v 0.687063 -0.284077 0.207546
v 0.713985 -0.216585 0.207530
v 0.730840 -0.145714 0.207528
v 0.739031 -0.073067 0.207540
v 3.941823 0.000525 0.340266
v 3.930625 0.388740 0.340210
v 3.885859 0.773461 0.339990
v 3.793280 1.148558 0.339764
v 3.647608 1.506781 0.339740
v 3.458750 1.845223 0.339980
v 3.244228 2.167274 0.340306
v 3.015198 2.477483 0.340491
v 2.769347 2.773556 0.340461
v 2.496556 3.044311 0.340309
v 2.190615 3.277287 0.340209
v 1.855655 3.469101 0.340281
v 1.502349 3.627775 0.340457
v 1.139164 3.763670 0.340544
v 0.768076 3.877078 0.340419
v 0.388211 3.954817 0.340122
v 0.001728 3.980179 0.339826
v -0.385087 3.947348 0.339740
v -0.765972 3.866689 0.339907
v -1.138530 3.755783 0.340144
v -1.502706 3.624574 0.340242
v -1.855371 3.468539 0.340160
v -2.188075 3.275727 0.340022
v -2.492079 3.040123 0.340016
v -2.765867 2.768484 0.340222
v -3.016513 2.474862 0.340508
v -3.251870 2.169028 0.340657
v -3.470129 1.850420 0.340577
v -3.657481 1.512668 0.340333
v -3.797654 1.152685 0.340096
v -3.884980 0.775005 0.340037
v -3.928345 0.388357 0.340154
v -3.941823 -0.000525 0.340266
v -3.930625 -0.388740 0.340210
v -3.885859 -0.773461 0.339990
v -3.793280 -1.148558 0.339764
v -3.647608 -1.506781 0.339740
v -3.458750 -1.845223 0.339980
v -3.244228 -2.167274 0.340306
v -3.015198 -2.477483 0.340491
v -2.769347 -2.773556 0.340461
v -2.496556 -3.044311 0.340309
v -2.190615 -3.277287 0.340209
v -1.855655 -3.469101 0.340280
v -1.502349 -3.627775 0.340457
v -1.139164 -3.763670 0.340544
v -0.768076 -3.877078 0.340419
v -0.388211 -3.954817 0.340121
v -0.001728 -3.980179 0.339826
v 0.385087 -3.947348 0.339740
v 0.765972 -3.866689 0.339907
v 1.138530 -3.755783 0.340143
v 1.502706 -3.624574 0.340241
v 1.855371 -3.468539 0.340160
v 2.188075 -3.275727 0.340022
v 2.492079 -3.040123 0.340015
v 2.765867 -2.768484 0.340221
v 3.016513 -2.474862 0.340507
v 3.251870 -2.169028 0.340657
v 3.470129 -1.850420 0.340577
v 3.657481 -1.512668 0.340332
v 3.797654 -1.152685 0.340096
v 3.884980 -0.775005 0.340037
v 3.928345 -0.388357 0.340154
v 5.861168 0.001815 0.938344
v 5.846097 0.577623 0.937974
v 5.769928 1.146164 0.937265
v 5.618863 1.698995 0.936934
v 5.397421 2.229463 0.937513
v 5.126201 2.737571 0.938773
v 4.825281 3.227713 0.939862
v 4.499074 3.699716 0.940121
v 4.136400 4.142529 0.939594
v 3.724343 4.538867 0.938866
v 3.261889 4.877877 0.938584
v 2.761271 5.163365 0.938911
v 2.237796 5.408134 0.939329
v 1.699635 5.618455 0.939166
v 1.147272 5.783638 0.938264
v 0.580843 5.881979 0.937090
v 0.005859 5.898710 0.936424
v -0.568571 5.839254 0.936770
v -1.135585 5.725035 0.937829
v -1.692615 5.575322 0.938747
v -2.236814 5.391931 0.938954
v -2.759901 5.160766 0.938594
v -3.250100 4.867851 0.938296
v -3.700521 4.514132 0.938621
v -4.114806 4.115571 0.939505
v -4.502191 3.689738 0.940243
v -4.864773 3.242676 0.940177
v -5.189480 2.768282 0.939279
v -5.454350 2.259040 0.938098
v -5.644876 1.716355 0.937375
v -5.765197 1.151068 0.937487
v -5.832835 0.575753 0.938061
v -5.861168 -0.001815 0.938344
v -5.846097 -0.577623 0.937974
v -5.769928 -1.146164 0.937265
v -5.618863 -1.698995 0.936934
v -5.397421 -2.229463 0.937513
v -5.126201 -2.737571 0.938773
v -4.825281 -3.227713 0.939862
v -4.499074 -3.699716 0.940120
v -4.136400 -4.142529 0.939594
v -3.724343 -4.538867 0.938866
v -3.261889 -4.877877 0.938583
v -2.761271 -5.163365 0.938910
v -2.237796 -5.408134 0.939328
v -1.699635 -5.618455 0.939166
v -1.147272 -5.783638 0.938263
v -0.580843 -5.881979 0.937090
v -0.005859 -5.898710 0.936423
v 0.568571 -5.839254 0.936769
v 1.135585 -5.725035 0.937829
v 1.692615 -5.575322 0.938747
v 2.236814 -5.391931 0.938953
v 2.759901 -5.160766 0.938594
v 3.250100 -4.867851 0.938295
v 3.700521 -4.514132 0.938621
v 4.114806 -4.115571 0.939505
v 4.502191 -3.689738 0.940242
v 4.864773 -3.242676 0.940177
v 5.189480 -2.768282 0.939279
v 5.454350 -2.259040 0.938098
v 5.644876 -1.716355 0.937375
v 5.765197 -1.151068 0.937487
v 5.832835 -0.575753 0.938061
v 7.171751 0.001961 2.209324
v 7.143785 0.702413 2.208279
v 7.028114 1.393527 2.207958
v 6.832479 2.068240 2.209437
v 6.578877 2.724900 2.212150
v 6.284873 3.364800 2.214305
v 5.949798 3.983717 2.214400
v 5.558481 4.567312 2.212460
v 5.097836 5.097331 2.209992
v 4.570269 5.563787 2.208726
v 3.992434 5.971085 2.209119
v 3.382387 6.330478 2.210022
v 2.748732 6.644559 2.209842
v 2.091304 6.899292 2.208071
v 1.410028 7.072915 2.205842
v 0.711366 7.154204 2.205013
v 0.006248 7.153008 2.206522
v -0.696630 7.092399 2.209508
v -1.393190 6.988747 2.212030
v -2.079273 6.838280 2.212695
v -2.745763 6.622608 2.211737
v -3.380715 6.327365 2.210667
v -3.977011 5.956174 2.210856
v -4.536763 5.527640 2.212235
v -5.065558 5.059458 2.213349
v -5.560431 4.555584 2.212695
v -6.004388 4.008060 2.210115
v -6.375156 3.409876 2.207052
v -6.661255 2.765513 2.205449
v -6.870390 2.089846 2.206110
v -7.021124 1.398377 2.208050
v -7.124290 0.699879 2.209458
v -7.171751 -0.001961 2.209324
v -7.143785 -0.702413 2.208279
v -7.028114 -1.393527 2.207958
v -6.832479 -2.068240 2.209437
v -6.578877 -2.724900 2.212149
v -6.284873 -3.364800 2.214304
v -5.949798 -3.983717 2.214400
v -5.558481 -4.567312 2.212460
v -5.097836 -5.097331 2.209991
v -4.570269 -5.563787 2.208725
v -3.992434 -5.971085 2.209118
v -3.382387 -6.330478 2.210022
v -2.748732 -6.644559 2.209841
v -2.091304 -6.899292 2.208071
v -1.410028 -7.072915 2.205841
v -0.711366 -7.154204 2.205012
v -0.006248 -7.153008 2.206521
v 0.696630 -7.092399 2.209507
v 1.393190 -6.988747 2.212029
v 2.079273 -6.838280 2.212694
v 2.745763 -6.622608 2.211736
v 3.380715 -6.327365 2.210666
v 3.977011 -5.956174 2.210855
v 4.536763 -5.527640 2.212235
v 5.065558 -5.059458 2.213348
v 5.560431 -4.555584 2.212695
v 6.004388 -4.008060 2.210115
v 6.375156 -3.409876 2.207052
v 6.661255 -2.765513 2.205448
v 6.870390 -2.089846 2.206110
v 7.021124 -1.398377 2.208050
v 7.124290 -0.699879 2.209458
v 7.950853 -0.000994 3.755828
v 7.898446 0.773852 3.755006
v 7.766130 1.542823 3.756865
v 7.578174 2.303081 3.760713
v 7.343035 3.051148 3.763570
v 7.046576 3.775539 3.762821
v 6.667055 4.457009 3.758515
v 6.196371 5.078880 3.753347
v 5.648293 5.638094 3.750501
v 5.048063 6.144907 3.751096
v 4.414330 6.608744 3.753296
v 3.750389 7.023025 3.754140
v 3.051192 7.365482 3.752386
v 2.316125 7.615392 3.749648
v 1.554092 7.771852 3.748968
v 0.777993 7.855439 3.752071
v -0.003036 7.889847 3.757568
v -0.784446 7.879454 3.762002
v -1.560372 7.804628 3.762808
v -2.319985 7.639484 3.760313
v -3.051834 7.374647 3.757224
v -3.751239 7.024634 3.756219
v -4.420886 6.614483 3.757583
v -5.061242 6.158787 3.758993
v -5.660151 5.653061 3.757795
v -6.194514 5.084393 3.753573
v -6.645074 4.448837 3.748684
v -7.011230 3.758722 3.746431
v -7.310981 3.034959 3.748373
v -7.563375 2.293659 3.752875
v -7.768619 1.540230 3.756545
v -7.905746 0.774906 3.757260
v -7.950853 0.000994 3.755828
v -7.898446 -0.773853 3.755006
v -7.766130 -1.542824 3.756865
v -7.578174 -2.303082 3.760713
v -7.343035 -3.051148 3.763570
v -7.046576 -3.775539 3.762821
v -6.667055 -4.457009 3.758514
v -6.196371 -5.078880 3.753346
v -5.648293 -5.638094 3.750500
v -5.048063 -6.144907 3.751095
v -4.414330 -6.608744 3.753295
v -3.750389 -7.023025 3.754139
v -3.051192 -7.365482 3.752385
v -2.316125 -7.615392 3.749647
v -1.554092 -7.771852 3.748967
v -0.777993 -7.855439 3.752070
v 0.003036 -7.889847 3.757567
v 0.784446 -7.879454 3.762002
v 1.560372 -7.804628 3.762808
v 2.319985 -7.639484 3.760312
v 3.051834 -7.374647 3.757224
v 3.751239 -7.024634 3.756218
v 4.420886 -6.614483 3.757582
v 5.061242 -6.158787 3.758993
v 5.660151 -5.653061 3.757794
v 6.194514 -5.084393 3.753572
v 6.645074 -4.448837 3.748683
v 7.011230 -3.758722 3.746431
v 7.310981 -3.034960 3.748373
v 7.563375 -2.293660 3.752875
v 7.768619 -1.540230 3.756545
v 7.905746 -0.774906 3.757260
v 8.184822 -0.003608 4.746507
v 8.126127 0.796989 4.746419
v 8.007963 1.596148 4.748807
v 7.842506 2.389575 4.751681
v 7.613623 3.165218 4.752053
v 7.293114 3.902239 4.748828
v 6.868185 4.581778 4.743694
v 6.353780 5.200043 4.739737
v 5.780837 5.769340 4.739137
v 5.173413 6.302794 4.741432
v 4.535525 6.795497 4.743875
v 3.857894 7.222247 4.744082
v 3.134959 7.556954 4.742278
v 2.373909 7.795562 4.740896
v 1.589228 7.960040 4.742387
v 0.792321 8.078204 4.746899
v -0.011491 8.156240 4.751701
v -0.817056 8.170045 4.753520
v -1.613925 8.085296 4.751521
v -2.389499 7.886913 4.747663
v -3.137522 7.590439 4.744894
v -3.860415 7.226975 4.744814
v -4.559796 6.816843 4.746331
v -5.223887 6.355960 4.746693
v -5.827512 5.826661 4.744289
v -6.348397 5.220332 4.740204
v -6.785089 4.548913 4.737316
v -7.158317 3.836682 4.738024
v -7.491646 3.103205 4.742187
v -7.786947 2.354182 4.746919
v -8.018744 1.586798 4.749124
v -8.155044 0.800991 4.748287
v -8.184822 0.003607 4.746507
v -8.126127 -0.796990 4.746419
v -8.007963 -1.596148 4.748807
v -7.842506 -2.389575 4.751681
v -7.613623 -3.165219 4.752053
v -7.293114 -3.902239 4.748828
v -6.868185 -4.581778 4.743694
v -6.353780 -5.200044 4.739736
v -5.780837 -5.769341 4.739137
v -5.173413 -6.302794 4.741431
v -4.535525 -6.795497 4.743874
v -3.857894 -7.222247 4.744082
v -3.134959 -7.556954 4.742277
v -2.373909 -7.795562 4.740895
v -1.589228 -7.960040 4.742386
v -0.792321 -8.078204 4.746898
v 0.011491 -8.156240 4.751700
v 0.817056 -8.170045 4.753520
v 1.613925 -8.085296 4.751520
v 2.389499 -7.886913 4.747663
v 3.137522 -7.590439 4.744893
v 3.860415 -7.226975 4.744813
v 4.559796 -6.816843 4.746330
v 5.223887 -6.355960 4.746692
v 5.827512 -5.826662 4.744288
v 6.348397 -5.220332 4.740203
v 6.785089 -4.548914 4.737315
v 7.158317 -3.836683 4.738024
v 7.491646 -3.103205 4.742187
v 7.786947 -2.354182 4.746919
v 8.018744 -1.586798 4.749124
v 8.155044 -0.800991 4.748287
v 8.105205 -0.003236 5.012300
v 8.048258 0.791290 5.012648
v 7.939513 1.583596 5.013683
v 7.783430 2.369743 5.014267
v 7.555743 3.136646 5.013417
v 7.227203 3.862410 5.011433
v 6.791985 4.529457 5.009562
v 6.274370 5.137738 5.008814
v 5.709157 5.702606 5.009402
v 5.115820 6.235795 5.010651
v 4.490443 6.727167 5.011409
v 3.819766 7.147717 5.011154
v 3.100382 7.473435 5.010551
v 2.344330 7.707232 5.010659
v 1.568650 7.876671 5.011978
v 0.783077 8.007491 5.013995
v -0.010282 8.096808 5.015329
v -0.807452 8.112347 5.014923
v -1.596889 8.019469 5.013222
v -2.364920 7.810663 5.011569
v -3.105706 7.510559 5.010907
v -3.822615 7.153012 5.011248
v -4.516389 6.752610 5.011744
v -5.172424 6.297266 5.011385
v -5.763957 5.766760 5.010107
v -6.271434 5.157174 5.008873
v -6.699651 4.487803 5.008705
v -7.073984 3.786200 5.009960
v -7.415810 3.068377 5.012045
v -7.718970 2.333624 5.013615
v -7.951278 1.575681 5.013743
v -8.081303 0.795598 5.012906
v -8.105205 0.003236 5.012300
v -8.048258 -0.791290 5.012648
v -7.939513 -1.583596 5.013683
v -7.783430 -2.369744 5.014267
v -7.555743 -3.136646 5.013417
v -7.227203 -3.862410 5.011433
v -6.791985 -4.529458 5.009562
v -6.274370 -5.137739 5.008813
v -5.709157 -5.702607 5.009401
v -5.115820 -6.235796 5.010650
v -4.490443 -6.727167 5.011408
v -3.819766 -7.147717 5.011154
v -3.100382 -7.473435 5.010551
v -2.344330 -7.707232 5.010658
v -1.568650 -7.876671 5.011977
v -0.783077 -8.007491 5.013995
v 0.010282 -8.096808 5.015328
v 0.807452 -8.112347 5.014922
v 1.596889 -8.019469 5.013221
v 2.364920 -7.810663 5.011569
v 3.105706 -7.510559 5.010906
v 3.822615 -7.153012 5.011248
v 4.516389 -6.752610 5.011743
v 5.172424 -6.297266 5.011384
v 5.763957 -5.766760 5.010106
v 6.271434 -5.157175 5.008872
v 6.699651 -4.487804 5.008705
v 7.073984 -3.786200 5.009960
v 7.415810 -3.068377 5.012045
v 7.718970 -2.333625 5.013615
v 7.951278 -1.575682 5.013743
v 8.081303 -0.795599 5.012906
v 2.279248 0.000006 0.017708
v 0.748819 0.036836 0.041667
v 2.272488 0.224065 0.017708
v 3.994171 0.196512 0.100000
v 0.743909 0.110445 0.041667
v 2.247324 0.447238 0.017708
v 3.967833 0.589043 0.100000
v 0.731569 0.183283 0.041667
v 2.194960 0.665733 0.017708
v 3.899925 0.976967 0.100000
v 0.709299 0.253693 0.041667
v 2.111374 0.874086 0.017708
v 3.778660 1.351425 0.100000
v 0.677209 0.320100 0.041667
v 2.001858 1.069432 0.017708
v 3.606805 1.704864 0.100000
v 0.638175 0.382338 0.041667
v 1.876911 1.253813 0.017708
v 3.400461 2.037376 0.100000
v 0.595475 0.441610 0.041667
v 1.743666 1.431188 0.017708
v 3.175792 2.355355 0.100000
v 0.550238 0.498843 0.041667
v 1.601121 1.601650 0.017708
v 2.936696 2.662474 0.100000
v 0.501094 0.553055 0.041667
v 1.443238 1.759010 0.017708
v 2.674780 2.952104 0.100000
v 0.446116 0.601591 0.041667
v 1.266201 1.894954 0.017708
v 2.380464 3.209972 0.100000
v 0.384996 0.642228 0.041667
v 1.072519 2.006107 0.017708
v 2.053578 3.425610 0.100000
v 0.319372 0.675102 0.041667
v 0.868600 2.096768 0.017708
v 1.703626 3.601295 0.100000
v 0.251302 0.702396 0.041667
v 0.659219 2.173972 0.017708
v 1.341122 3.748694 0.100000
v 0.181693 0.725884 0.041667
v 0.444954 2.239301 0.017708
v 0.970042 3.875515 0.100000
v 0.110304 0.744686 0.041667
v 0.224750 2.285612 0.017708
v 0.588874 3.975121 0.100000
v 0.037047 0.755549 0.041667
v 0.000015 2.302361 0.017708
v 0.197729 4.029954 0.100000
v -0.037047 0.755549 0.041667
v -0.224648 2.284785 0.017708
v -0.197321 4.026332 0.100000
v -0.110304 0.744686 0.041667
v -0.444734 2.238186 0.017708
v -0.587539 3.966683 0.100000
v -0.181693 0.725884 0.041667
v -0.658997 2.173181 0.017708
v -0.968111 3.867430 0.100000
v -0.251302 0.702396 0.041667
v -0.868505 2.096498 0.017708
v -1.339793 3.744529 0.100000
v -0.319372 0.675101 0.041667
v -1.072496 2.006063 0.017708
v -1.703309 3.600471 0.100000
v -0.384996 0.642228 0.041667
v -1.266035 1.894729 0.017708
v -2.053034 3.424833 0.100000
v -0.446116 0.601591 0.041667
v -1.442818 1.758512 0.017708
v -2.378084 3.206946 0.100000
v -0.501094 0.553055 0.041667
v -1.600664 1.601179 0.017708
v -2.670890 2.947820 0.100000
v -0.550238 0.498843 0.041667
v -1.743623 1.431118 0.017708
v -2.934250 2.660044 0.100000
v -0.595475 0.441610 0.041667
v -1.877575 1.254226 0.017708
v -3.178201 2.356845 0.100000
v -0.638175 0.382338 0.041667
v -2.003041 1.070055 0.017708
v -3.408291 2.041890 0.100000
v -0.677209 0.320100 0.041667
v -2.112491 0.874564 0.017708
v -3.616639 1.709555 0.100000
v -0.709299 0.253693 0.041667
v -2.195494 0.665920 0.017708
v -3.785573 1.354092 0.100000
v -0.731569 0.183283 0.041667
v -2.247247 0.447238 0.017708
v -3.901503 0.977545 0.100000
v -0.743909 0.110445 0.041667
v -2.272231 0.224037 0.017708
v -3.965974 0.588815 0.100000
v -0.748819 0.036836 0.041667
v -2.279248 -0.000006 0.017708
v -3.992881 0.196371 0.100000
v -0.748819 -0.036836 0.041667
v -2.272488 -0.224065 0.017708
v -3.994171 -0.196512 0.100000
v -0.743909 -0.110445 0.041667
v -2.247324 -0.447238 0.017708
v -3.967833 -0.589043 0.100000
v -0.731569 -0.183283 0.041667
v -2.194960 -0.665733 0.017708
v -3.899925 -0.976967 0.100000
v -0.709299 -0.253693 0.041667
v -2.111374 -0.874086 0.017708
v -3.778660 -1.351425 0.100000
v -0.677209 -0.320100 0.041667
v -2.001858 -1.069432 0.017708
v -3.606805 -1.704864 0.100000
v -0.638175 -0.382338 0.041667
v -1.876911 -1.253813 0.017708
v -3.400461 -2.037376 0.100000
v -0.595475 -0.441610 0.041667
v -1.743666 -1.431188 0.017708
v -3.175792 -2.355355 0.100000
v -0.550238 -0.498843 0.041667
v -1.601121 -1.601650 0.017708
v -2.936696 -2.662474 0.100000
v -0.501094 -0.553055 0.041667
v -1.443238 -1.759010 0.017708
v -2.674780 -2.952104 0.100000
v -0.446116 -0.601591 0.041667
v -1.266201 -1.894954 0.017708
v -2.380464 -3.209972 0.100000
v -0.384996 -0.642228 0.041667
v -1.072519 -2.006107 0.017708
v -2.053578 -3.425610 0.100000
v -0.319372 -0.675102 0.041667
v -0.868600 -2.096768 0.017708
v -1.703626 -3.601295 0.100000
v -0.251302 -0.702396 0.041667
v -0.659219 -2.173972 0.017708
v -1.341122 -3.748694 0.100000
v -0.181693 -0.725884 0.041667
v -0.444954 -2.239301 0.017708
v -0.970042 -3.875515 0.100000
v -0.110304 -0.744686 0.041667
v -0.224750 -2.285612 0.017708
v -0.588874 -3.975121 0.100000
v -0.037047 -0.755549 0.041667
v -0.000015 -2.302361 0.017708
v -0.197729 -4.029954 0.100000
v 0.037047 -0.755549 0.041667
v 0.224648 -2.284785 0.017708
v 0.197321 -4.026332 0.100000
v 0.110304 -0.744686 0.041667
v 0.444734 -2.238186 0.017708
v 0.587539 -3.966683 0.100000
v 0.181693 -0.725884 0.041667
v 0.658997 -2.173181 0.017708
v 0.968111 -3.867430 0.100000
v 0.251302 -0.702396 0.041667
v 0.868505 -2.096498 0.017708
v 1.339793 -3.744529 0.100000
v 0.319372 -0.675101 0.041667
v 1.072496 -2.006063 0.017708
v 1.703309 -3.600471 0.100000
v 0.384996 -0.642228 0.041667
v 1.266035 -1.894729 0.017708
v 2.053034 -3.424833 0.100000
v 0.446116 -0.601591 0.041667
v 1.442818 -1.758512 0.017708
v 2.378084 -3.206946 0.100000
v 0.501094 -0.553055 0.041667
v 1.600664 -1.601179 0.017708
v 2.670890 -2.947820 0.100000
v 0.550238 -0.498843 0.041667
v 1.743623 -1.431118 0.017708
v 2.934250 -2.660044 0.100000
v 0.595475 -0.441610 0.041667
v 1.877575 -1.254226 0.017708
v 3.178201 -2.356845 0.100000
v 0.638175 -0.382338 0.041667
v 2.003041 -1.070055 0.017708
v 3.408291 -2.041890 0.100000
v 0.677209 -0.320100 0.041667
v 2.112491 -0.874564 0.017708
v 3.616639 -1.709555 0.100000
v 0.709299 -0.253693 0.041667
v 2.195494 -0.665920 0.017708
v 3.785573 -1.354092 0.100000
v 0.731569 -0.183283 0.041667
v 2.247247 -0.447238 0.017708
v 3.901503 -0.977545 0.100000
v 0.743909 -0.110445 0.041667
v 2.272231 -0.224037 0.017708
v 3.965974 -0.588815 0.100000
v 0.748819 -0.036836 0.041667
v 3.992881 -0.196371 0.100000
v 5.182536 0.000143 0.329167
v 5.169122 0.509641 0.329167
v 5.992066 0.294873 0.733333
v 5.107911 1.016291 0.329167
v 5.948168 0.882674 0.733333
v 4.981225 1.510537 0.329167
v 5.832908 1.460664 0.733333
v 4.786406 1.981446 0.329167
v 5.640396 2.017041 0.733334
v 4.540049 2.425627 0.329167
v 5.385503 2.546010 0.733334
v 4.264455 2.849180 0.329167
v 5.091936 3.051679 0.733334
v 3.969745 3.258685 0.329167
v 4.772853 3.540609 0.733334
v 3.648563 3.649793 0.329167
v 4.422544 4.009748 0.733334
v 3.287195 4.006151 0.329167
v 4.026091 4.443030 0.733334
v 2.881032 4.311406 0.329167
v 3.576340 4.821938 0.733334
v 2.439436 4.562973 0.329167
v 3.081597 5.140398 0.733334
v 1.977034 4.772993 0.329167
v 2.558174 5.408489 0.733334
v 1.502118 4.954155 0.329167
v 2.017337 5.639799 0.733334
v 1.014235 5.103771 0.329167
v 1.460391 5.834137 0.733334
v 0.511893 5.202367 0.329167
v 0.885467 5.973155 0.733334
v 0.000388 5.229374 0.329167
v 0.296817 6.034460 0.733334
v -0.509304 5.181392 0.329167
v -0.294219 6.011393 0.733334
v -1.008638 5.075476 0.329167
v -0.876971 5.919419 0.733334
v -1.496479 4.934091 0.329167
v -1.448097 5.782656 0.733334
v -1.974601 4.766135 0.329167
v -2.008874 5.613279 0.733334
v -2.438833 4.561865 0.329167
v -2.556155 5.403243 0.733334
v -2.876828 4.305687 0.329167
v -3.078130 5.135450 0.733334
v -3.276538 3.993507 0.329167
v -3.561186 4.802669 0.733334
v -3.636964 3.637848 0.329167
v -4.001318 4.415756 0.733334
v -3.968651 3.256922 0.329167
v -4.406971 3.994275 0.733334
v -4.281314 2.859647 0.329167
v -4.788190 3.550098 0.733334
v -4.570054 2.441442 0.329167
v -5.141796 3.080423 0.733334
v -4.814726 1.993584 0.329167
v -5.448126 2.575879 0.733334
v -4.994770 1.515288 0.329167
v -5.684414 2.034022 0.733334
v -5.105956 1.016286 0.329167
v -5.842960 1.464349 0.733333
v -5.162602 0.508929 0.329167
v -5.936329 0.881223 0.733333
v -5.182536 -0.000143 0.329167
v -5.983850 0.293974 0.733333
v -5.169122 -0.509641 0.329167
v -5.992066 -0.294873 0.733333
v -5.107911 -1.016291 0.329167
v -5.948168 -0.882674 0.733333
v -4.981225 -1.510537 0.329167
v -5.832908 -1.460664 0.733333
v -4.786406 -1.981446 0.329167
v -5.640396 -2.017041 0.733333
v -4.540049 -2.425627 0.329167
v -5.385503 -2.546010 0.733333
v -4.264455 -2.849180 0.329167
v -5.091936 -3.051679 0.733333
v -3.969745 -3.258685 0.329167
v -4.772853 -3.540609 0.733333
v -3.648563 -3.649793 0.329167
v -4.422544 -4.009748 0.733333
v -3.287195 -4.006151 0.329167
v -4.026091 -4.443030 0.733333
v -2.881032 -4.311406 0.329167
v -3.576340 -4.821938 0.733333
v -2.439436 -4.562973 0.329167
v -3.081597 -5.140398 0.733333
v -1.977034 -4.772993 0.329167
v -2.558174 -5.408489 0.733333
v -1.502118 -4.954155 0.329167
v -2.017337 -5.639799 0.733333
v -1.014235 -5.103771 0.329166
v -1.460391 -5.834137 0.733333
v -0.511893 -5.202367 0.329166
v -0.885467 -5.973155 0.733333
v -0.000388 -5.229374 0.329166
v -0.296817 -6.034460 0.733333
v 0.509304 -5.181392 0.329166
v 0.294219 -6.011393 0.733333
v 1.008638 -5.075476 0.329166
v 0.876971 -5.919419 0.733333
v 1.496479 -4.934091 0.329167
v 1.448097 -5.782656 0.733333
v 1.974601 -4.766135 0.329167
v 2.008874 -5.613279 0.733333
v 2.438833 -4.561865 0.329167
v 2.556155 -5.403243 0.733333
v 2.876828 -4.305687 0.329167
v 3.078130 -5.135450 0.733333
v 3.276538 -3.993507 0.329167
v 3.561186 -4.802669 0.733333
v 3.636964 -3.637848 0.329167
v 4.001318 -4.415756 0.733333
v 3.968651 -3.256922 0.329167
v 4.406971 -3.994275 0.733333
v 4.281314 -2.859647 0.329167
v 4.788190 -3.550098 0.733333
v 4.570054 -2.441442 0.329167
v 5.141796 -3.080423 0.733333
v 4.814726 -1.993584 0.329167
v 5.448126 -2.575879 0.733333
v 4.994770 -1.515288 0.329167
v 5.684414 -2.034022 0.733333
v 5.105956 -1.016286 0.329167
v 5.842960 -1.464349 0.733333
v 5.162602 -0.508929 0.329167
v 5.936329 -0.881223 0.733333
v 5.983850 -0.293975 0.733333
v 6.725761 0.000434 1.325000
v 6.706079 0.660766 1.325000
v 7.366896 0.362186 2.066667
v 6.607728 1.313936 1.325000
v 7.293843 1.081500 2.066667
v 6.425510 1.948124 1.325000
v 7.131706 1.785433 2.066667
v 6.175277 2.556943 1.325000
v 6.897772 2.467333 2.066667
v 5.880879 3.143324 1.325000
v 6.615234 3.129003 2.066667
v 5.554316 3.712264 1.325000
v 6.293400 3.773354 2.066667
v 5.188034 4.259141 1.325000
v 5.921899 4.393471 2.066667
v 4.765861 4.766748 1.325000
v 5.483635 4.970824 2.066667
v 4.280864 5.216029 1.325000
v 4.973103 5.486537 2.066667
v 3.742876 5.600718 1.325000
v 4.402640 5.935225 2.066667
v 3.170075 5.930459 1.325000
v 3.792266 6.326590 2.066667
v 2.574955 6.217811 1.325000
v 3.154927 6.671614 2.066667
v 1.959156 6.461248 1.325000
v 2.491903 6.966475 2.066667
v 1.320723 6.641606 1.325000
v 1.801053 7.190915 2.066667
v 0.664057 6.736886 1.325000
v 1.087185 7.324190 2.066667
v 0.001174 6.741865 1.325000
v 0.363033 7.363811 2.066667
v -0.656225 6.673451 1.325000
v -0.359062 7.328561 2.066667
v -1.303796 6.556036 1.325000
v -1.074201 7.242070 2.066667
v -1.942101 6.400569 1.325000
v -1.782265 7.112240 2.066667
v -2.567596 6.197073 1.325000
v -2.478970 6.925947 2.066667
v -3.168251 5.927110 1.325000
v -3.151843 6.663596 2.066667
v -3.730162 5.583421 1.325000
v -3.786968 6.319027 2.066667
v -4.248637 5.177790 1.325000
v -4.379481 5.905778 2.066667
v -4.730784 4.730625 1.325000
v -4.935245 5.444855 2.066667
v -5.184724 4.253813 1.325000
v -5.459836 4.947176 2.066667
v -5.605302 3.743917 1.325000
v -5.945339 4.407973 2.066667
v -5.971622 3.191150 1.325000
v -6.369597 3.817281 2.066667
v -6.260925 2.593651 1.325000
v -6.710938 3.174648 2.066667
v -6.466475 1.962493 1.325000
v -6.965044 2.493283 2.066667
v -6.601816 1.313920 1.325000
v -7.147067 1.791065 2.066667
v -6.686367 0.658614 1.325000
v -7.275751 1.079282 2.066667
v -6.725761 -0.000434 1.325000
v -7.354341 0.360812 2.066667
v -6.706079 -0.660766 1.325000
v -7.366896 -0.362186 2.066667
v -6.607728 -1.313936 1.325000
v -7.293843 -1.081500 2.066667
v -6.425510 -1.948124 1.325000
v -7.131706 -1.785433 2.066667
v -6.175277 -2.556943 1.325000
v -6.897772 -2.467333 2.066667
v -5.880879 -3.143324 1.325000
v -6.615234 -3.129003 2.066667
v -5.554316 -3.712264 1.325000
v -6.293400 -3.773354 2.066667
v -5.188034 -4.259141 1.325000
v -5.921899 -4.393471 2.066667
v -4.765861 -4.766748 1.325000
v -5.483635 -4.970824 2.066667
v -4.280864 -5.216029 1.325000
v -4.973103 -5.486537 2.066667
v -3.742876 -5.600718 1.325000
v -4.402640 -5.935225 2.066667
v -3.170075 -5.930459 1.325000
v -3.792266 -6.326590 2.066667
v -2.574955 -6.217811 1.325000
v -3.154927 -6.671614 2.066666
v -1.959156 -6.461248 1.325000
v -2.491903 -6.966475 2.066666
v -1.320723 -6.641606 1.325000
v -1.801053 -7.190915 2.066666
v -0.664057 -6.736886 1.325000
v -1.087185 -7.324190 2.066666
v -0.001174 -6.741865 1.325000
v -0.363033 -7.363811 2.066666
v 0.656225 -6.673451 1.325000
v 0.359062 -7.328561 2.066666
v 1.303796 -6.556036 1.325000
v 1.074201 -7.242070 2.066666
v 1.942101 -6.400569 1.325000
v 1.782265 -7.112240 2.066666
v 2.567596 -6.197073 1.325000
v 2.478970 -6.925947 2.066666
v 3.168251 -5.927110 1.325000
v 3.151843 -6.663596 2.066666
v 3.730162 -5.583421 1.325000
v 3.786968 -6.319027 2.066667
v 4.248637 -5.177790 1.325000
v 4.379481 -5.905778 2.066667
v 4.730784 -4.730625 1.325000
v 4.935245 -5.444855 2.066667
v 5.184724 -4.253813 1.325000
v 5.459836 -4.947176 2.066667
v 5.605302 -3.743917 1.325000
v 5.945339 -4.407973 2.066667
v 5.971622 -3.191150 1.325000
v 6.369597 -3.817281 2.066667
v 6.260925 -2.593651 1.325000
v 6.710938 -3.174648 2.066667
v 6.466475 -1.962493 1.325000
v 6.965044 -2.493283 2.066667
v 6.601816 -1.313920 1.325000
v 7.147067 -1.791065 2.066667
v 6.686367 -0.658614 1.325000
v 7.275751 -1.079283 2.066667
v 7.354341 -0.360812 2.066667
v 7.856931 0.000202 2.895833
v 7.815438 0.769312 2.895833
v 8.167579 0.400734 3.700001
v 7.683445 1.527607 2.895833
v 8.069853 1.196371 3.700001
v 7.480548 2.268926 2.895834
v 7.903045 1.979638 3.700001
v 7.226415 2.993934 2.895834
v 7.685975 2.751175 3.700001
v 6.923530 3.702049 2.895834
v 7.414558 3.508432 3.700001
v 6.557026 4.382462 2.895834
v 7.067121 4.236908 3.700001
v 6.111088 5.015483 2.895834
v 6.626624 4.914339 3.700001
v 5.585629 5.584820 2.895834
v 6.098103 5.525574 3.700001
v 4.997773 6.088704 2.895834
v 5.505464 6.072915 3.700001
v 4.368371 6.537403 2.895834
v 4.872524 6.569558 3.700001
v 3.708039 6.938116 2.895834
v 4.207682 7.021092 3.700001
v 3.015859 7.282101 2.895834
v 3.505935 7.413644 3.700001
v 2.289815 7.547955 2.895834
v 2.763438 7.722117 3.700001
v 1.536383 7.719259 2.895834
v 1.988034 7.931924 3.700001
v 0.769327 7.799701 2.895834
v 1.195661 8.052933 3.700001
v 0.000547 7.810258 2.895834
v 0.398638 8.110778 3.700001
v -0.765677 7.770136 2.895834
v -0.399978 8.122673 3.700001
v -1.528494 7.679376 2.895834
v -1.200042 8.080642 3.700001
v -2.281866 7.519673 2.895834
v -1.994374 7.958469 3.700001
v -3.012429 7.272436 2.895834
v -2.767802 7.735793 3.700001
v -3.707189 6.936554 2.895834
v -3.506977 7.416349 3.700001
v -4.362446 6.529341 2.895834
v -4.209470 7.023643 3.700001
v -4.982752 6.070882 2.895834
v -4.880339 6.579494 3.700001
v -5.569281 5.567983 2.895834
v -5.518238 6.086980 3.700001
v -6.109546 5.013000 2.895834
v -6.106133 5.533554 3.700001
v -6.580790 4.397215 2.895834
v -6.618714 4.909445 3.700001
v -6.965824 3.724340 2.895834
v -7.041409 4.222086 3.700001
v -7.266334 3.011042 2.895834
v -7.382266 3.493029 3.700001
v -7.499640 2.275623 2.895834
v -7.663276 2.742419 3.700001
v -7.680690 1.527600 2.895833
v -7.897861 1.977737 3.700001
v -7.806252 0.768309 2.895833
v -8.075956 1.197120 3.700001
v -7.856931 -0.000202 2.895833
v -8.171815 0.401198 3.700001
v -7.815438 -0.769312 2.895833
v -8.167579 -0.400735 3.700001
v -7.683445 -1.527608 2.895833
v -8.069853 -1.196372 3.700001
v -7.480548 -2.268926 2.895833
v -7.903045 -1.979638 3.700001
v -7.226415 -2.993934 2.895833
v -7.685975 -2.751175 3.700001
v -6.923530 -3.702049 2.895833
v -7.414558 -3.508432 3.700001
v -6.557026 -4.382462 2.895833
v -7.067121 -4.236908 3.700001
v -6.111088 -5.015483 2.895833
v -6.626624 -4.914339 3.700000
v -5.585629 -5.584820 2.895833
v -6.098103 -5.525574 3.700000
v -4.997773 -6.088704 2.895833
v -5.505464 -6.072915 3.700000
v -4.368371 -6.537403 2.895833
v -4.872524 -6.569558 3.700000
v -3.708039 -6.938116 2.895833
v -4.207682 -7.021092 3.700000
v -3.015859 -7.282101 2.895833
v -3.505935 -7.413644 3.700000
v -2.289815 -7.547955 2.895833
v -2.763438 -7.722117 3.700000
v -1.536383 -7.719259 2.895833
v -1.988034 -7.931924 3.700000
v -0.769327 -7.799701 2.895833
v -1.195661 -8.052933 3.700000
v -0.000547 -7.810258 2.895833
v -0.398638 -8.110778 3.700000
v 0.765677 -7.770136 2.895833
v 0.399978 -8.122673 3.700000
v 1.528494 -7.679376 2.895833
v 1.200042 -8.080642 3.700000
v 2.281866 -7.519673 2.895833
v 1.994374 -7.958469 3.700000
v 3.012429 -7.272436 2.895833
v 2.767802 -7.735793 3.700000
v 3.707189 -6.936554 2.895833
v 3.506977 -7.416349 3.700000
v 4.362446 -6.529341 2.895833
v 4.209470 -7.023643 3.700000
v 4.982752 -6.070882 2.895833
v 4.880339 -6.579494 3.700000
v 5.569281 -5.567983 2.895833
v 5.518238 -6.086980 3.700000
v 6.109546 -5.013000 2.895833
v 6.106133 -5.533554 3.700000
v 6.580790 -4.397215 2.895833
v 6.618714 -4.909445 3.700000
v 6.965824 -3.724340 2.895833
v 7.041409 -4.222086 3.700001
v 7.266334 -3.011042 2.895833
v 7.382266 -3.493029 3.700001
v 7.499640 -2.275623 2.895833
v 7.663276 -2.742419 3.700001
v 7.680690 -1.527600 2.895833
v 7.897861 -1.977738 3.700001
v 7.806252 -0.768309 2.895833
v 8.075956 -1.197120 3.700001
v 8.171815 -0.401198 3.700001
v 8.360175 -0.000448 4.366668
v 8.301210 0.816982 4.366668
v 8.380725 0.411000 4.833335
v 8.171789 1.625600 4.366668
v 8.288011 1.229421 4.833335
v 7.991873 2.425497 4.366668
v 8.144650 2.041309 4.833335
v 7.755131 3.213888 4.366668
v 7.946280 2.844929 4.833335
v 7.435885 3.975441 4.366668
v 7.664996 3.626223 4.833335
v 7.014884 4.686604 4.366668
v 7.277110 4.361043 4.833335
v 6.498854 5.331744 4.366668
v 6.786972 5.031542 4.833335
v 5.915915 5.914285 4.366668
v 6.224699 5.639757 4.833335
v 5.293070 6.449268 4.366668
v 5.621703 6.202030 4.833335
v 4.638440 6.942891 4.366668
v 4.988690 6.727515 4.833335
v 3.944030 7.379702 4.366668
v 4.316097 7.202245 4.833335
v 3.203175 7.732112 4.366668
v 3.593235 7.596698 4.833335
v 2.423287 7.984561 4.366668
v 2.824810 7.891438 4.833335
v 1.621861 8.148475 4.366668
v 2.028977 8.095657 4.833335
v 0.812696 8.251835 4.366668
v 1.222063 8.238733 4.833335
v -0.001212 8.311941 4.366668
v 0.408388 8.341149 4.833335
v -0.820786 8.317360 4.366668
v -0.414169 8.392480 4.833335
v -1.639347 8.236866 4.366668
v -1.240970 8.358312 4.833335
v -2.440904 8.047239 4.366668
v -2.056334 8.210218 4.833335
v -3.210778 7.753533 4.366668
v -2.843643 7.950452 4.833335
v -3.945915 7.383161 4.366668
v -3.597727 7.608373 4.833335
v -4.651575 6.960759 4.366668
v -4.323812 7.213256 4.833335
v -5.326359 6.488769 4.366668
v -5.022416 6.770395 4.833335
v -5.952148 5.951600 4.366668
v -5.676831 6.262725 4.833335
v -6.502272 5.337248 4.366668
v -6.259353 5.674192 4.833335
v -6.962215 4.653906 4.366668
v -6.752840 5.010426 4.833335
v -7.342151 3.926038 4.366668
v -7.166155 4.297077 4.833335
v -7.666658 3.175971 4.366668
v -7.525639 3.559755 4.833335
v -7.949559 2.410654 4.366668
v -7.848321 2.807141 4.833335
v -8.177897 1.625616 4.366668
v -8.122282 2.033108 4.833335
v -8.321573 0.819205 4.366668
v -8.314359 1.232649 4.833335
v -8.360175 0.000448 4.366668
v -8.399008 0.413000 4.833335
v -8.301210 -0.816982 4.366668
v -8.380725 -0.411000 4.833335
v -8.171789 -1.625600 4.366668
v -8.288011 -1.229421 4.833335
v -7.991873 -2.425497 4.366668
v -8.144650 -2.041309 4.833335
v -7.755131 -3.213889 4.366668
v -7.946280 -2.844929 4.833335
v -7.435885 -3.975442 4.366668
v -7.664996 -3.626223 4.833335
v -7.014884 -4.686604 4.366667
v -7.277110 -4.361044 4.833334
v -6.498854 -5.331745 4.366667
v -6.786972 -5.031543 4.833334
v -5.915915 -5.914286 4.366667
v -6.224699 -5.639758 4.833334
v -5.293070 -6.449268 4.366667
v -5.621703 -6.202031 4.833334
v -4.638440 -6.942891 4.366667
v -4.988690 -6.727515 4.833334
v -3.944030 -7.379702 4.366667
v -4.316097 -7.202245 4.833334
v -3.203175 -7.732112 4.366667
v -3.593235 -7.596698 4.833334
v -2.423287 -7.984561 4.366667
v -2.824810 -7.891438 4.833334
v -1.621861 -8.148475 4.366667
v -2.028977 -8.095657 4.833334
v -0.812696 -8.251835 4.366667
v -1.222063 -8.238733 4.833334
v 0.001212 -8.311941 4.366667
v -0.408388 -8.341149 4.833334
v 0.820786 -8.317360 4.366667
v 0.414169 -8.392480 4.833334
v 1.639347 -8.236866 4.366667
v 1.240970 -8.358312 4.833334
v 2.440904 -8.047239 4.366667
v 2.056334 -8.210218 4.833334
v 3.210778 -7.753533 4.366667
v 2.843643 -7.950452 4.833334
v 3.945915 -7.383161 4.366667
v 3.597727 -7.608373 4.833334
v 4.651575 -6.960759 4.366667
v 4.323812 -7.213256 4.833334
v 5.326359 -6.488769 4.366667
v 5.022416 -6.770395 4.833334
v 5.952148 -5.951601 4.366667
v 5.676831 -6.262725 4.833334
v 6.502272 -5.337248 4.366667
v 6.259353 -5.674193 4.833334
v 6.962215 -4.653907 4.366667
v 6.752840 -5.010427 4.833334
v 7.342151 -3.926039 4.366668
v 7.166155 -4.297077 4.833334
v 7.666658 -3.175971 4.366668
v 7.525639 -3.559756 4.833335
v 7.949559 -2.410654 4.366668
v 7.848321 -2.807142 4.833335
v 8.177897 -1.625616 4.366668
v 8.122282 -2.033108 4.833335
v 8.321573 -0.819205 4.366668
v 8.314359 -1.232650 4.833335
v 8.399008 -0.413000 4.833335
v 8.328690 -0.000776 5.070679
v 8.270230 0.814229 5.070690
v 8.192674 0.401403 5.132120
v 8.157670 1.623591 5.070708
v 8.107263 1.203167 5.132255
v 7.996509 2.427526 5.070710
v 7.975761 2.000363 5.132356
v 7.762087 3.216537 5.070683
v 7.785080 2.788439 5.132257
v 7.424018 3.967938 5.070643
v 7.503354 3.549727 5.131962
v 6.976384 4.659465 5.070616
v 7.111354 4.260204 5.131671
v 6.444948 5.286769 5.070616
v 6.622066 4.907198 5.131559
v 5.865978 5.864734 5.070635
v 6.070697 5.498913 5.131648
v 5.258586 6.408286 5.070659
v 5.486392 6.052986 5.131840
v 4.616730 6.910997 5.070667
v 4.873437 6.573333 5.131980
v 3.925606 7.344585 5.070658
v 4.217997 7.039189 5.131969
v 3.183164 7.682288 5.070650
v 3.510202 7.419799 5.131879
v 2.405039 7.923896 5.070661
v 2.758065 7.701989 5.131879
v 1.610821 8.096425 5.070692
v 1.981105 7.903031 5.132050
v 0.809115 8.227592 5.070726
v 1.193792 8.054139 5.132334
v -0.002134 8.316785 5.070740
v 0.398143 8.168823 5.132553
v -0.822297 8.332141 5.070719
v -0.407588 8.226645 5.132522
v -1.638726 8.237494 5.070680
v -1.216256 8.189002 5.132254
v -2.432967 8.023981 5.070653
v -2.011066 8.032601 5.131969
v -3.195131 7.716535 5.070649
v -2.777704 7.769146 5.131844
v -3.928608 7.350098 5.070659
v -3.514535 7.433245 5.131884
v -4.637803 6.939430 5.070665
v -4.227267 7.051211 5.131970
v -5.311785 6.471272 5.070653
v -4.912403 6.621063 5.131949
v -5.923719 5.924382 5.070628
v -5.548594 6.121584 5.131782
v -6.450201 5.295805 5.070614
v -6.108555 5.539253 5.131604
v -6.892154 4.607548 5.070624
v -6.581879 4.885627 5.131583
v -7.274378 3.889177 5.070656
v -6.985148 4.189545 5.131762
v -7.620960 3.155854 5.070694
v -7.346189 3.474318 5.132063
v -7.929071 2.403546 5.070714
v -7.675245 2.743730 5.132318
v -8.167463 1.623427 5.070706
v -7.951097 1.988983 5.132364
v -8.302732 0.817794 5.070686
v -8.137174 1.206120 5.132229
v -8.328690 0.000775 5.070679
v -8.213306 0.404397 5.132102
v -8.270230 -0.814229 5.070690
v -8.192674 -0.401403 5.132120
v -8.157670 -1.623592 5.070708
v -8.107263 -1.203168 5.132255
v -7.996509 -2.427526 5.070710
v -7.975761 -2.000363 5.132356
v -7.762087 -3.216537 5.070683
v -7.785080 -2.788439 5.132257
v -7.424018 -3.967939 5.070643
v -7.503354 -3.549728 5.131962
v -6.976384 -4.659466 5.070616
v -7.111354 -4.260205 5.131671
v -6.444948 -5.286769 5.070615
v -6.622066 -4.907198 5.131558
v -5.865978 -5.864735 5.070634
v -6.070697 -5.498914 5.131647
v -5.258586 -6.408286 5.070658
v -5.486392 -6.052987 5.131839
v -4.616730 -6.910997 5.070666
v -4.873437 -6.573333 5.131979
v -3.925606 -7.344585 5.070657
v -4.217997 -7.039189 5.131968
v -3.183164 -7.682288 5.070650
v -3.510202 -7.419799 5.131878
v -2.405039 -7.923896 5.070660
v -2.758065 -7.701989 5.131878
v -1.610821 -8.096425 5.070691
v -1.981105 -7.903031 5.132050
v -0.809115 -8.227592 5.070725
v -1.193792 -8.054139 5.132334
v 0.002134 -8.316785 5.070739
v -0.398143 -8.168823 5.132552
v 0.822297 -8.332141 5.070718
v 0.407588 -8.226645 5.132521
v 1.638726 -8.237494 5.070679
v 1.216256 -8.189002 5.132254
v 2.432967 -8.023981 5.070652
v 2.011066 -8.032601 5.131968
v 3.195131 -7.716535 5.070648
v 2.777704 -7.769146 5.131843
v 3.928608 -7.350098 5.070658
v 3.514535 -7.433245 5.131884
v 4.637803 -6.939430 5.070665
v 4.227267 -7.051211 5.131969
v 5.311785 -6.471272 5.070652
v 4.912403 -6.621063 5.131948
v 5.923719 -5.924382 5.070628
v 5.548594 -6.121585 5.131781
v 6.450201 -5.295806 5.070613
v 6.108555 -5.539253 5.131603
v 6.892154 -4.607549 5.070623
v 6.581879 -4.885628 5.131582
v 7.274378 -3.889178 5.070656
v 6.985148 -4.189545 5.131762
v 7.620960 -3.155854 5.070694
v 7.346189 -3.474319 5.132063
v 7.929071 -2.403547 5.070714
v 7.675245 -2.743730 5.132318
v 8.167463 -1.623427 5.070706
v 7.951097 -1.988983 5.132364
v 8.302732 -0.817794 5.070686
v 8.137174 -1.206120 5.132229
v 8.213306 -0.404398 5.132102
v 2.253371 0.000183 0.254220
v 0.740802 0.036599 0.207553
v 2.246625 0.222171 0.254202
v 3.939621 0.194846 0.340262
v 0.735890 0.109449 0.207539
v 2.221552 0.442378 0.254125
v 3.913372 0.581855 0.340113
v 0.723634 0.181241 0.207514
v 2.169752 0.657280 0.254039
v 3.846173 0.962699 0.339864
v 0.701633 0.250534 0.207495
v 2.087298 0.862429 0.254013
v 3.726741 1.330094 0.339718
v 0.669951 0.316096 0.207498
v 1.979125 1.055755 0.254080
v 3.557493 1.678363 0.339834
v 0.631320 0.377877 0.207522
v 1.855347 1.239082 0.254184
v 3.353753 2.007949 0.340148
v 0.588947 0.436877 0.207545
v 1.723146 1.415443 0.254243
v 3.131411 2.323805 0.340425
v 0.544053 0.493720 0.207550
v 1.581977 1.584206 0.254230
v 2.894966 2.627852 0.340500
v 0.495432 0.547300 0.207540
v 1.426205 1.739259 0.254180
v 2.636888 2.912969 0.340390
v 0.441217 0.595106 0.207528
v 1.251823 1.873043 0.254150
v 2.347678 3.165986 0.340242
v 0.380940 0.635177 0.207528
v 1.060651 1.982863 0.254181
v 2.026140 3.378012 0.340223
v 0.316018 0.667774 0.207545
v 0.858648 2.072967 0.254252
v 1.680649 3.551841 0.340368
v 0.248467 0.694953 0.207564
v 0.650879 2.149771 0.254294
v 1.321750 3.698260 0.340523
v 0.179384 0.718286 0.207568
v 0.438693 2.214392 0.254263
v 0.954671 3.823794 0.340509
v 0.108772 0.736826 0.207552
v 0.221567 2.259801 0.254173
v 0.579202 3.921537 0.340283
v 0.036609 0.747436 0.207527
v 0.000610 2.275975 0.254078
v 0.195457 3.974739 0.339960
v -0.036300 0.747356 0.207508
v -0.220592 2.258509 0.254042
v -0.192082 3.970675 0.339749
v -0.108617 0.736623 0.207508
v -0.438299 2.212539 0.254089
v -0.576506 3.911890 0.339800
v -0.179419 0.718049 0.207526
v -0.651034 2.148267 0.254162
v -0.953290 3.814120 0.340032
v -0.248590 0.694773 0.207539
v -0.858949 2.072262 0.254187
v -1.321751 3.692730 0.340217
v -0.316076 0.667700 0.207535
v -1.060588 1.982729 0.254149
v -1.680926 3.550393 0.340218
v -0.380856 0.635180 0.207519
v -1.251175 1.872866 0.254092
v -2.024843 3.377340 0.340086
v -0.441054 0.595092 0.207506
v -1.425293 1.738600 0.254078
v -2.343956 3.163099 0.339994
v -0.495337 0.547186 0.207512
v -1.581506 1.583171 0.254143
v -2.632431 2.907962 0.340097
v -0.544131 0.493512 0.207536
v -1.723713 1.414597 0.254245
v -2.893490 2.623623 0.340369
v -0.589190 0.436686 0.207561
v -1.856987 1.238998 0.254302
v -3.135949 2.323307 0.340609
v -0.631621 0.377843 0.207567
v -1.981220 1.056577 0.254283
v -3.363816 2.011694 0.340645
v -0.670191 0.316271 0.207555
v -2.088960 0.863766 0.254213
v -3.568781 1.684270 0.340466
v -0.701747 0.250826 0.207537
v -2.170421 0.658475 0.254146
v -3.734128 1.335317 0.340201
v -0.723635 0.181478 0.207527
v -2.221367 0.442947 0.254133
v -3.847610 0.965530 0.340040
v -0.735845 0.109516 0.207533
v -2.246242 0.222079 0.254178
v -3.911232 0.582299 0.340083
v -0.740778 0.036522 0.207548
v -2.253371 -0.000183 0.254220
v -3.938207 0.193962 0.340223
v -0.740802 -0.036599 0.207553
v -2.246625 -0.222171 0.254202
v -3.939621 -0.194846 0.340262
v -0.735890 -0.109449 0.207539
v -2.221552 -0.442378 0.254125
v -3.913372 -0.581855 0.340113
v -0.723634 -0.181241 0.207514
v -2.169752 -0.657280 0.254039
v -3.846173 -0.962699 0.339864
v -0.701633 -0.250534 0.207495
v -2.087298 -0.862429 0.254013
v -3.726741 -1.330094 0.339718
v -0.669951 -0.316096 0.207498
v -1.979125 -1.055755 0.254080
v -3.557493 -1.678363 0.339834
v -0.631320 -0.377877 0.207522
v -1.855347 -1.239082 0.254184
v -3.353753 -2.007949 0.340148
v -0.588947 -0.436877 0.207545
v -1.723146 -1.415443 0.254243
v -3.131411 -2.323805 0.340425
v -0.544053 -0.493720 0.207550
v -1.581977 -1.584206 0.254230
v -2.894966 -2.627852 0.340499
v -0.495432 -0.547300 0.207540
v -1.426205 -1.739259 0.254180
v -2.636888 -2.912969 0.340390
v -0.441217 -0.595106 0.207528
v -1.251823 -1.873043 0.254150
v -2.347678 -3.165986 0.340242
v -0.380940 -0.635177 0.207528
v -1.060651 -1.982863 0.254180
v -2.026140 -3.378012 0.340223
v -0.316018 -0.667774 0.207545
v -0.858648 -2.072967 0.254252
v -1.680649 -3.551841 0.340367
v -0.248467 -0.694953 0.207564
v -0.650879 -2.149771 0.254293
v -1.321750 -3.698260 0.340522
v -0.179384 -0.718286 0.207568
v -0.438693 -2.214392 0.254262
v -0.954671 -3.823794 0.340509
v -0.108772 -0.736826 0.207552
v -0.221567 -2.259801 0.254173
v -0.579202 -3.921537 0.340283
v -0.036609 -0.747436 0.207527
v -0.000610 -2.275975 0.254078
v -0.195457 -3.974739 0.339959
v 0.036300 -0.747356 0.207508
v 0.220592 -2.258509 0.254042
v 0.192082 -3.970675 0.339749
v 0.108617 -0.736623 0.207508
v 0.438299 -2.212539 0.254089
v 0.576506 -3.911890 0.339800
v 0.179419 -0.718049 0.207526
v 0.651034 -2.148267 0.254162
v 0.953290 -3.814120 0.340031
v 0.248590 -0.694773 0.207539
v 0.858949 -2.072262 0.254187
v 1.321751 -3.692730 0.340216
v 0.316076 -0.667700 0.207535
v 1.060588 -1.982729 0.254149
v 1.680926 -3.550393 0.340218
v 0.380856 -0.635180 0.207519
v 1.251175 -1.872866 0.254092
v 2.024843 -3.377340 0.340086
v 0.441054 -0.595092 0.207506
v 1.425293 -1.738600 0.254078
v 2.343956 -3.163099 0.339993
v 0.495337 -0.547186 0.207512
v 1.581506 -1.583171 0.254143
v 2.632431 -2.907962 0.340096
v 0.544131 -0.493512 0.207536
v 1.723713 -1.414597 0.254244
v 2.893490 -2.623623 0.340369
v 0.589190 -0.436686 0.207561
v 1.856987 -1.238998 0.254302
v 3.135949 -2.323307 0.340609
v 0.631621 -0.377843 0.207567
v 1.981220 -1.056577 0.254283
v 3.363816 -2.011694 0.340644
v 0.670191 -0.316271 0.207555
v 2.088960 -0.863766 0.254213
v 3.568781 -1.684270 0.340466
v 0.701747 -0.250826 0.207537
v 2.170421 -0.658475 0.254146
v 3.734128 -1.335317 0.340201
v 0.723635 -0.181478 0.207527
v 2.221367 -0.442947 0.254133
v 3.847610 -0.965530 0.340040
v 0.735845 -0.109516 0.207533
v 2.246242 -0.222079 0.254178
v 3.911232 -0.582299 0.340083
v 0.740778 -0.036522 0.207548
v 3.938207 -0.193962 0.340223
v 5.090546 0.001141 0.555695
v 5.077258 0.502134 0.555547
v 5.860042 0.290215 0.938234
v 5.016774 0.997737 0.555076
v 5.816784 0.863303 0.937620
v 4.892348 1.480180 0.554663
v 5.703897 1.425062 0.937008
v 4.701287 1.941480 0.554744
v 5.515841 1.967170 0.937107
v 4.459193 2.379576 0.555368
v 5.266575 2.486046 0.938106
v 4.187665 2.799088 0.556098
v 4.978792 2.984710 0.939392
v 3.897305 3.203806 0.556467
v 4.665829 3.466453 0.940107
v 3.581950 3.587872 0.556357
v 4.323236 3.925846 0.939926
v 3.228371 3.935969 0.555994
v 3.936920 4.347443 0.939210
v 2.830879 4.234205 0.555770
v 3.498844 4.715596 0.938645
v 2.397103 4.481474 0.555919
v 3.015331 5.026548 0.938693
v 1.941167 4.689206 0.556252
v 2.501688 5.290158 0.939155
v 1.472805 4.868239 0.556350
v 1.970425 5.517918 0.939344
v 0.993647 5.014863 0.555984
v 1.425293 5.707987 0.938789
v 0.502805 5.110350 0.555279
v 0.865590 5.842414 0.937663
v 0.003717 5.135713 0.554659
v 0.293865 5.900649 0.936649
v -0.495515 5.088285 0.554570
v -0.281945 5.877334 0.936472
v -0.987561 4.984438 0.555026
v -0.853224 5.787541 0.937261
v -1.469755 4.845591 0.555578
v -1.415453 5.654089 0.938355
v -1.941162 4.680447 0.555800
v -1.966713 5.488526 0.938945
v -2.396335 4.479998 0.555640
v -2.501738 5.283384 0.938810
v -2.824312 4.229197 0.555390
v -3.009730 5.022339 0.938394
v -3.215765 3.923320 0.555450
v -3.480263 4.697795 0.938368
v -3.571090 3.573597 0.555939
v -3.911596 4.319227 0.939030
v -3.899674 3.197807 0.556524
v -4.311459 3.905389 0.939942
v -4.208804 2.805987 0.556760
v -4.687098 3.469079 0.940327
v -4.492214 2.395265 0.556483
v -5.033208 3.009466 0.939807
v -4.730635 1.957448 0.555867
v -5.330617 2.518158 0.938676
v -4.905637 1.490221 0.555322
v -5.559041 1.991331 0.937642
v -5.014309 1.000950 0.555212
v -5.712830 1.435699 0.937335
v -5.070463 0.501115 0.555476
v -5.804496 0.864063 0.937763
v -5.090546 -0.001141 0.555695
v -5.851784 0.286976 0.938275
v -5.077258 -0.502134 0.555547
v -5.860042 -0.290215 0.938234
v -5.016774 -0.997737 0.555076
v -5.816784 -0.863303 0.937620
v -4.892348 -1.480180 0.554663
v -5.703897 -1.425062 0.937008
v -4.701287 -1.941480 0.554744
v -5.515841 -1.967170 0.937107
v -4.459193 -2.379576 0.555368
v -5.266575 -2.486046 0.938106
v -4.187665 -2.799088 0.556098
v -4.978792 -2.984710 0.939392
v -3.897305 -3.203806 0.556467
v -4.665829 -3.466453 0.940107
v -3.581950 -3.587872 0.556357
v -4.323236 -3.925846 0.939925
v -3.228371 -3.935969 0.555994
v -3.936920 -4.347443 0.939210
v -2.830879 -4.234205 0.555770
v -3.498844 -4.715596 0.938644
v -2.397103 -4.481474 0.555919
v -3.015331 -5.026548 0.938693
v -1.941167 -4.689206 0.556252
v -2.501688 -5.290158 0.939155
v -1.472805 -4.868239 0.556350
v -1.970425 -5.517918 0.939343
v -0.993647 -5.014863 0.555984
v -1.425293 -5.707987 0.938789
v -0.502805 -5.110350 0.555278
v -0.865590 -5.842414 0.937663
v -0.003717 -5.135713 0.554658
v -0.293865 -5.900649 0.936649
v 0.495515 -5.088285 0.554569
v 0.281945 -5.877334 0.936471
v 0.987561 -4.984438 0.555025
v 0.853224 -5.787541 0.937260
v 1.469755 -4.845591 0.555577
v 1.415453 -5.654089 0.938354
v 1.941162 -4.680447 0.555800
v 1.966713 -5.488526 0.938944
v 2.396335 -4.479998 0.555640
v 2.501738 -5.283384 0.938810
v 2.824312 -4.229197 0.555390
v 3.009730 -5.022339 0.938394
v 3.215765 -3.923320 0.555450
v 3.480263 -4.697795 0.938368
v 3.571090 -3.573597 0.555939
v 3.911596 -4.319227 0.939029
v 3.899674 -3.197807 0.556523
v 4.311459 -3.905389 0.939942
v 4.208804 -2.805987 0.556760
v 4.687098 -3.469079 0.940326
v 4.492214 -2.395265 0.556483
v 5.033208 -3.009466 0.939806
v 4.730635 -1.957448 0.555866
v 5.330617 -2.518158 0.938676
v 4.905637 -1.490221 0.555322
v 5.559041 -1.991331 0.937642
v 5.014309 -1.000950 0.555212
v 5.712830 -1.435699 0.937335
v 5.070463 -0.501115 0.555476
v 5.804496 -0.864063 0.937763
v 5.851784 -0.286976 0.938275
v 6.557184 0.002233 1.501112
v 6.537776 0.644523 1.500368
v 7.168300 0.352818 2.208818
v 6.441615 1.277980 1.499612
v 7.096850 1.049658 2.207934
v 6.264070 1.894283 1.499932
v 6.939036 1.733153 2.208472
v 6.020232 2.489445 1.501568
v 6.711544 2.398725 2.210740
v 5.732855 3.065501 1.503590
v 6.436563 3.047015 2.213413
v 5.413862 3.624071 1.504651
v 6.123268 3.677595 2.214645
v 5.056827 4.157891 1.504149
v 5.762208 4.281116 2.213611
v 4.646520 4.650349 1.502691
v 5.337038 4.839920 2.211171
v 4.175318 5.085485 1.501504
v 4.841559 5.338496 2.209144
v 3.651137 5.459636 1.501379
v 4.286393 5.774111 2.208762
v 3.091016 5.782430 1.502012
v 3.690668 6.156294 2.209615
v 2.508501 6.064252 1.502299
v 3.068420 6.493752 2.210133
v 1.907624 6.301680 1.501429
v 2.423088 6.780729 2.209114
v 1.287634 6.475865 1.499690
v 1.753386 6.997326 2.206896
v 0.651270 6.566787 1.498266
v 1.062211 7.124905 2.205161
v 0.007137 6.570710 1.498260
v 0.358974 7.162555 2.205494
v -0.635271 6.504284 1.499772
v -0.345789 7.128775 2.207946
v -1.270611 6.390520 1.501745
v -1.045892 7.045761 2.210941
v -1.896173 6.239439 1.502868
v -1.738003 6.920388 2.212615
v -2.506065 6.041449 1.502709
v -2.415729 6.739767 2.212338
v -3.089183 5.778989 1.501983
v -3.067801 6.485113 2.211111
v -3.634915 5.444680 1.501808
v -3.683731 6.150268 2.210573
v -4.141089 5.049064 1.502668
v -4.261055 5.747778 2.211470
v -4.614307 4.611639 1.503923
v -4.804938 5.297937 2.212935
v -5.059793 4.145017 1.504347
v -5.318050 4.812349 2.213288
v -5.470035 3.647649 1.503267
v -5.790223 4.287876 2.211582
v -5.824637 3.110800 1.501198
v -6.200000 3.715291 2.208515
v -6.103556 2.531300 1.499433
v -6.528678 3.092664 2.205981
v -6.302348 1.917436 1.498999
v -6.774323 2.430534 2.205526
v -6.434651 1.283726 1.499846
v -6.952048 1.745386 2.207033
v -6.518215 0.641897 1.500909
v -7.078781 1.049734 2.208914
v -6.557184 -0.002233 1.501112
v -7.156162 0.349148 2.209576
v -6.537776 -0.644523 1.500368
v -7.168300 -0.352818 2.208818
v -6.441615 -1.277980 1.499612
v -7.096850 -1.049658 2.207934
v -6.264070 -1.894283 1.499932
v -6.939036 -1.733153 2.208472
v -6.020232 -2.489445 1.501567
v -6.711544 -2.398726 2.210740
v -5.732855 -3.065501 1.503590
v -6.436563 -3.047015 2.213413
v -5.413862 -3.624071 1.504651
v -6.123268 -3.677595 2.214644
v -5.056827 -4.157891 1.504148
v -5.762208 -4.281116 2.213611
v -4.646520 -4.650349 1.502691
v -5.337038 -4.839920 2.211171
v -4.175318 -5.085485 1.501504
v -4.841559 -5.338496 2.209144
v -3.651137 -5.459636 1.501379
v -4.286393 -5.774111 2.208761
v -3.091016 -5.782430 1.502011
v -3.690668 -6.156294 2.209614
v -2.508501 -6.064252 1.502299
v -3.068420 -6.493752 2.210132
v -1.907624 -6.301680 1.501428
v -2.423088 -6.780729 2.209113
v -1.287634 -6.475865 1.499689
v -1.753386 -6.997326 2.206895
v -0.651270 -6.566787 1.498265
v -1.062211 -7.124905 2.205160
v -0.007137 -6.570710 1.498260
v -0.358974 -7.162555 2.205493
v 0.635271 -6.504284 1.499772
v 0.345789 -7.128775 2.207945
v 1.270611 -6.390520 1.501745
v 1.045892 -7.045761 2.210940
v 1.896173 -6.239439 1.502867
v 1.738003 -6.920388 2.212615
v 2.506065 -6.041449 1.502708
v 2.415729 -6.739767 2.212337
v 3.089183 -5.778989 1.501982
v 3.067801 -6.485113 2.211110
v 3.634915 -5.444680 1.501807
v 3.683731 -6.150268 2.210573
v 4.141089 -5.049064 1.502667
v 4.261055 -5.747778 2.211470
v 4.614307 -4.611639 1.503923
v 4.804938 -5.297937 2.212935
v 5.059793 -4.145017 1.504347
v 5.318050 -4.812349 2.213288
v 5.470035 -3.647649 1.503266
v 5.790223 -4.287876 2.211581
v 5.824637 -3.110800 1.501198
v 6.200000 -3.715291 2.208515
v 6.103556 -2.531300 1.499433
v 6.528678 -3.092664 2.205981
v 6.302348 -1.917436 1.498999
v 6.774323 -2.430535 2.205525
v 6.434651 -1.283726 1.499846
v 6.952048 -1.745387 2.207033
v 6.518215 -0.641897 1.500909
v 7.078781 -1.049734 2.208914
v 7.156162 -0.349149 2.209576
v 7.636943 0.000725 3.001415
v 7.596178 0.745200 3.000362
v 7.936104 0.386810 3.755170
v 7.467634 1.481489 3.001098
v 7.840644 1.159309 3.755581
v 7.270416 2.204946 3.003985
v 7.678100 1.924159 3.758703
v 7.023479 2.914274 3.007181
v 7.467016 2.679154 3.762466
v 6.729386 3.605332 3.008219
v 7.203907 3.417428 3.763707
v 6.374146 4.265523 3.006154
v 6.868140 4.122871 3.760982
v 5.942302 4.876885 3.002338
v 6.442648 4.775918 3.755821
v 5.432604 5.426790 2.999308
v 5.930475 5.365842 3.751503
v 4.860448 5.915874 2.998742
v 5.353251 5.897258 3.750433
v 4.246370 6.353769 3.000045
v 4.734888 6.382211 3.752189
v 3.602607 6.745124 3.001021
v 4.086417 6.823285 3.754022
v 2.930288 7.079432 3.000022
v 3.405421 7.204780 3.753538
v 2.227559 7.335951 2.997517
v 2.687753 7.502567 3.750952
v 1.498325 7.500377 2.995733
v 1.937664 7.704325 3.748889
v 0.752992 7.577816 2.996730
v 1.167112 7.821079 3.750070
v 0.002382 7.588893 3.000445
v 0.387767 7.877981 3.754722
v -0.747044 7.551431 3.004609
v -0.393972 7.891107 3.760125
v -1.491017 7.464522 3.006678
v -1.173689 7.851843 3.762903
v -2.222050 7.310170 3.005906
v -1.943005 7.734427 3.761832
v -2.928805 7.070459 3.003784
v -2.689856 7.519037 3.758646
v -3.602033 6.744072 3.002602
v -3.405503 7.208713 3.756382
v -4.240095 6.347434 3.003392
v -4.089576 6.825790 3.756713
v -4.846235 5.900381 3.004968
v -4.745186 6.392270 3.758472
v -5.418484 5.410744 3.005075
v -5.367219 5.913000 3.758807
v -5.942564 4.872332 3.002542
v -5.936867 5.377157 3.755960
v -6.397013 4.276515 2.998432
v -6.430760 4.774507 3.750997
v -6.767736 3.624884 2.995302
v -6.837825 4.109327 3.747071
v -7.058565 2.931394 2.995186
v -7.167999 3.399837 3.746919
v -7.286490 2.213659 2.997820
v -7.442588 2.665969 3.750511
v -7.464459 1.483205 3.000896
v -7.672901 1.918435 3.754999
v -7.587675 0.744145 3.002181
v -7.847381 1.158955 3.757280
v -7.636943 -0.000726 3.001415
v -7.940656 0.388591 3.756655
v -7.596178 -0.745200 3.000362
v -7.936104 -0.386810 3.755170
v -7.467634 -1.481489 3.001098
v -7.840644 -1.159309 3.755581
v -7.270416 -2.204946 3.003985
v -7.678100 -1.924160 3.758703
v -7.023479 -2.914274 3.007180
v -7.467016 -2.679154 3.762466
v -6.729386 -3.605332 3.008218
v -7.203907 -3.417428 3.763707
v -6.374146 -4.265523 3.006154
v -6.868140 -4.122871 3.760982
v -5.942302 -4.876885 3.002337
v -6.442648 -4.775918 3.755820
v -5.432604 -5.426790 2.999307
v -5.930475 -5.365842 3.751502
v -4.860448 -5.915874 2.998741
v -5.353251 -5.897258 3.750432
v -4.246370 -6.353769 3.000045
v -4.734888 -6.382211 3.752188
v -3.602607 -6.745124 3.001020
v -4.086417 -6.823285 3.754022
v -2.930288 -7.079432 3.000021
v -3.405421 -7.204780 3.753538
v -2.227559 -7.335951 2.997516
v -2.687753 -7.502567 3.750952
v -1.498325 -7.500377 2.995733
v -1.937664 -7.704325 3.748888
v -0.752992 -7.577816 2.996730
v -1.167112 -7.821079 3.750069
v -0.002382 -7.588893 3.000444
v -0.387767 -7.877981 3.754722
v 0.747044 -7.551431 3.004608
v 0.393972 -7.891107 3.760124
v 1.491017 -7.464522 3.006677
v 1.173689 -7.851843 3.762902
v 2.222050 -7.310170 3.005905
v 1.943005 -7.734427 3.761832
v 2.928805 -7.070459 3.003783
v 2.689856 -7.519037 3.758645
v 3.602033 -6.744072 3.002601
v 3.405503 -7.208713 3.756381
v 4.240095 -6.347434 3.003391
v 4.089576 -6.825790 3.756712
v 4.846235 -5.900381 3.004968
v 4.745186 -6.392270 3.758471
v 5.418484 -5.410744 3.005075
v 5.367219 -5.913000 3.758807
v 5.942564 -4.872332 3.002542
v 5.936867 -5.377157 3.755959
v 6.397013 -4.276515 2.998432
v 6.430760 -4.774507 3.750996
v 6.767736 -3.624884 2.995301
v 6.837825 -4.109327 3.747071
v 7.058565 -2.931394 2.995186
v 7.167999 -3.399837 3.746919
v 7.286490 -2.213659 2.997819
v 7.442588 -2.665969 3.750511
v 7.464459 -1.483205 3.000896
v 7.672901 -1.918436 3.754999
v 7.587675 -0.744146 3.002181
v 7.847381 -1.158955 3.757280
v 7.940656 -0.388591 3.756655
v 8.128281 -0.002579 4.353647
v 8.070451 0.790768 4.353179
v 8.164648 0.396653 4.746146
v 7.943532 1.580861 4.355621
v 8.073155 1.196936 4.747380
v 7.767571 2.364554 4.359387
v 7.931652 1.994118 4.750382
v 7.537737 3.133932 4.361101
v 7.737800 2.780819 4.752306
v 7.229928 3.871624 4.358723
v 7.466153 3.539931 4.750834
v 6.824688 4.557108 4.353308
v 7.093295 4.249813 4.746313
v 6.325768 5.179845 4.348177
v 6.620329 4.898021 4.741390
v 5.757839 5.745826 4.346336
v 6.072781 5.489789 4.738986
v 5.147818 6.268724 4.348056
v 5.480774 6.040374 4.740070
v 4.507504 6.751466 4.350690
v 4.858755 6.555540 4.742821
v 3.832683 7.176600 4.351247
v 4.202246 7.018999 4.744303
v 3.116724 7.517522 4.349220
v 3.501888 7.401947 4.743306
v 2.362693 7.760983 4.346955
v 2.758330 7.687294 4.741354
v 1.582972 7.919286 4.347538
v 1.983678 7.885143 4.741210
v 0.790314 8.019700 4.351930
v 1.191887 8.023885 4.744392
v -0.008132 8.078795 4.357736
v 0.391029 8.123243 4.749493
v -0.807849 8.085232 4.361169
v -0.414599 8.173430 4.753100
v -1.600499 8.008643 4.360373
v -1.217409 8.141543 4.752920
v -2.373762 7.826236 4.356705
v -2.004960 7.999895 4.749636
v -3.118596 7.541622 4.353399
v -2.766919 7.749041 4.745994
v -3.834594 7.180191 4.352832
v -3.501842 7.415368 4.744532
v -4.524894 6.766812 4.354466
v -4.213440 7.027525 4.745539
v -5.183787 6.306651 4.355409
v -4.897679 6.593802 4.746804
v -5.790960 5.786656 4.353289
v -5.534925 6.100775 4.745823
v -6.321733 5.194347 4.348559
v -6.098912 5.532780 4.742293
v -6.765346 4.533821 4.344239
v -6.576287 4.891321 4.738426
v -7.133754 3.825007 4.343521
v -6.977941 4.196435 4.737165
v -7.450610 3.089762 4.347097
v -7.329247 3.471968 4.739817
v -7.727744 2.339325 4.352341
v -7.645221 2.730757 4.744706
v -7.951018 1.574182 4.355607
v -7.912961 1.972926 4.748434
v -8.090925 0.793619 4.355474
v -8.100135 1.195877 4.748992
v -8.128281 0.002579 4.353647
v -8.182611 0.403181 4.747334
v -8.070451 -0.790769 4.353179
v -8.164648 -0.396653 4.746146
v -7.943532 -1.580862 4.355621
v -8.073155 -1.196936 4.747380
v -7.767571 -2.364554 4.359387
v -7.931652 -1.994119 4.750382
v -7.537737 -3.133933 4.361101
v -7.737800 -2.780820 4.752306
v -7.229928 -3.871624 4.358723
v -7.466153 -3.539932 4.750834
v -6.824688 -4.557108 4.353307
v -7.093295 -4.249814 4.746313
v -6.325768 -5.179845 4.348176
v -6.620329 -4.898021 4.741390
v -5.757839 -5.745827 4.346335
v -6.072781 -5.489789 4.738986
v -5.147818 -6.268724 4.348055
v -5.480774 -6.040375 4.740069
v -4.507504 -6.751466 4.350689
v -4.858755 -6.555540 4.742821
v -3.832683 -7.176600 4.351246
v -4.202246 -7.018999 4.744302
v -3.116724 -7.517522 4.349219
v -3.501888 -7.401947 4.743305
v -2.362693 -7.760983 4.346954
v -2.758330 -7.687294 4.741353
v -1.582972 -7.919286 4.347537
v -1.983678 -7.885143 4.741210
v -0.790314 -8.019700 4.351930
v -1.191887 -8.023885 4.744391
v 0.008132 -8.078795 4.357736
v -0.391029 -8.123243 4.749492
v 0.807849 -8.085232 4.361169
v 0.414599 -8.173430 4.753099
v 1.600499 -8.008643 4.360372
v 1.217409 -8.141543 4.752919
v 2.373762 -7.826236 4.356704
v 2.004960 -7.999895 4.749635
v 3.118596 -7.541622 4.353398
v 2.766919 -7.749041 4.745994
v 3.834594 -7.180191 4.352831
v 3.501842 -7.415368 4.744532
v 4.524894 -6.766812 4.354466
v 4.213440 -7.027525 4.745538
v 5.183787 -6.306651 4.355408
v 4.897679 -6.593802 4.746804
v 5.790960 -5.786656 4.353288
v 5.534925 -6.100776 4.745823
v 6.321733 -5.194348 4.348558
v 6.098912 -5.532780 4.742292
v 6.765346 -4.533821 4.344238
v 6.576287 -4.891322 4.738425
v 7.133754 -3.825007 4.343521
v 6.977941 -4.196436 4.737165
v 7.450610 -3.089763 4.347097
v 7.329247 -3.471969 4.739817
v 7.727744 -2.339325 4.352341
v 7.645221 -2.730757 4.744706
v 7.951018 -1.574182 4.355607
v 7.912961 -1.972927 4.748434
v 8.090925 -0.793619 4.355474
v 8.100135 -1.195878 4.748992
v 8.182611 -0.403181 4.747334
v 8.149619 -0.003797 4.930915
v 8.091673 0.794609 4.931132
v 8.084763 0.394130 5.012350
v 7.979704 1.591749 4.932928
v 7.999418 1.187865 5.013141
v 7.820744 2.382972 4.934566
v 7.868487 1.978021 5.014112
v 7.592796 3.154742 4.934029
v 7.680594 2.756893 5.014032
v 7.266524 3.885186 4.931100
v 7.405101 3.506027 5.012496
v 6.833635 4.556701 4.927464
v 7.021902 4.203687 5.010407
v 6.315415 5.168771 4.925230
v 6.541226 4.840143 5.009016
v 5.745664 5.736272 4.925485
v 5.996009 5.424555 5.008967
v 5.145791 6.271319 4.927477
v 5.415853 5.973282 5.010016
v 4.514809 6.764843 4.929125
v 4.807991 6.488338 5.011148
v 3.840743 7.188413 4.929027
v 4.161306 6.948182 5.011387
v 3.119138 7.517231 4.927803
v 3.465659 7.322885 5.010828
v 2.359973 7.752424 4.927318
v 2.725827 7.600392 5.010468
v 1.579168 7.920363 4.928992
v 1.958132 7.798018 5.011176
v 0.787207 8.047824 4.932464
v 1.176896 7.946374 5.012977
v -0.012124 8.134650 4.935490
v 0.387253 8.058962 5.014837
v -0.813890 8.150552 4.935895
v -0.408977 8.116270 5.015347
v -1.606849 8.060468 4.933685
v -1.204059 8.080655 5.014155
v -2.378197 7.854403 4.930737
v -1.984169 7.928517 5.012314
v -3.122638 7.554324 4.929040
v -2.738609 7.669769 5.011093
v -3.843513 7.193588 4.929282
v -3.466882 7.337478 5.010992
v -4.541461 6.788974 4.930318
v -4.172952 6.958496 5.011549
v -5.202012 6.331028 4.930197
v -4.850715 6.533182 5.011701
v -5.798394 5.800111 4.928195
v -5.477850 6.042148 5.010814
v -6.310350 5.190458 4.925525
v -6.028457 5.471029 5.009412
v -6.741325 4.518721 4.924216
v -6.494080 4.828184 5.008616
v -7.115837 3.811387 4.925552
v -6.891836 4.139669 5.009172
v -7.456182 3.086016 4.928973
v -7.248683 3.429091 5.010978
v -7.758383 2.344520 4.932191
v -7.573918 2.703549 5.012976
v -7.991691 1.582029 4.933198
v -7.846291 1.957700 5.013857
v -8.124098 0.799017 4.932165
v -8.030014 1.187901 5.013373
v -8.149619 0.003797 4.930915
v -8.105345 0.400232 5.012511
v -8.091673 -0.794610 4.931132
v -8.084763 -0.394131 5.012350
v -7.979704 -1.591750 4.932928
v -7.999418 -1.187865 5.013141
v -7.820744 -2.382972 4.934566
v -7.868487 -1.978021 5.014112
v -7.592796 -3.154743 4.934029
v -7.680594 -2.756893 5.014032
v -7.266524 -3.885187 4.931100
v -7.405101 -3.506027 5.012496
v -6.833635 -4.556702 4.927463
v -7.021902 -4.203687 5.010407
v -6.315415 -5.168772 4.925229
v -6.541226 -4.840143 5.009015
v -5.745664 -5.736273 4.925485
v -5.996009 -5.424556 5.008966
v -5.145791 -6.271319 4.927476
v -5.415853 -5.973283 5.010016
v -4.514809 -6.764843 4.929124
v -4.807991 -6.488338 5.011147
v -3.840743 -7.188413 4.929026
v -4.161306 -6.948182 5.011386
v -3.119138 -7.517231 4.927803
v -3.465659 -7.322885 5.010827
v -2.359973 -7.752424 4.927317
v -2.725827 -7.600392 5.010467
v -1.579168 -7.920363 4.928991
v -1.958132 -7.798018 5.011176
v -0.787207 -8.047824 4.932463
v -1.176896 -7.946374 5.012976
v 0.012124 -8.134650 4.935490
v -0.387253 -8.058962 5.014836
v 0.813890 -8.150552 4.935894
v 0.408977 -8.116270 5.015346
v 1.606849 -8.060468 4.933685
v 1.204059 -8.080655 5.014154
v 2.378197 -7.854403 4.930737
v 1.984169 -7.928517 5.012313
v 3.122638 -7.554324 4.929039
v 2.738609 -7.669769 5.011093
v 3.843513 -7.193588 4.929281
v 3.466882 -7.337478 5.010992
v 4.541461 -6.788974 4.930317
v 4.172952 -6.958496 5.011549
v 5.202012 -6.331028 4.930197
v 4.850715 -6.533182 5.011700
v 5.798394 -5.800112 4.928195
v 5.477850 -6.042148 5.010813
v 6.310350 -5.190458 4.925524
v 6.028457 -5.471029 5.009411
v 6.741325 -4.518721 4.924215
v 6.494080 -4.828185 5.008615
v 7.115837 -3.811388 4.925552
v 6.891836 -4.139670 5.009172
v 7.456182 -3.086016 4.928973
v 7.248683 -3.429092 5.010978
v 7.758383 -2.344521 4.932191
v 7.573918 -2.703550 5.012976
v 7.991691 -1.582029 4.933198
v 7.846291 -1.957701 5.013857
v 8.124098 -0.799018 4.932165
v 8.030014 -1.187902 5.013373
v 8.105345 -0.400232 5.012511
v 0.186334 0.000006 0.124902
v 0.185771 0.018344 0.124902
v 0.183717 0.036575 0.124899
v 0.179462 0.054402 0.124896
v 0.172655 0.071410 0.124895
v 0.163700 0.087387 0.124897
v 0.153448 0.102488 0.124900
v 0.142506 0.117008 0.124902
v 0.130830 0.130941 0.124902
v 0.117941 0.143789 0.124900
v 0.103506 0.154891 0.124899
v 0.087691 0.163979 0.124900
v 0.071001 0.171397 0.124903
v 0.053848 0.177708 0.124904
v 0.036317 0.183045 0.124904
v 0.018342 0.186837 0.124901
v 0.000021 0.188228 0.124898
v -0.018311 0.186818 0.124896
v -0.036311 0.183015 0.124898
v -0.053861 0.177681 0.124900
v -0.071015 0.171381 0.124901
v -0.087689 0.163976 0.124899
v -0.103489 0.154892 0.124897
v -0.117922 0.143782 0.124897
v -0.130828 0.130920 0.124899
v -0.142527 0.116981 0.124902
v -0.153484 0.102472 0.124904
v -0.163735 0.087396 0.124904
v -0.172677 0.071442 0.124902
v -0.179468 0.054437 0.124900
v -0.183714 0.036595 0.124899
v -0.185765 0.018341 0.124901
v -0.186334 -0.000006 0.124902
v -0.185771 -0.018344 0.124902
v -0.183717 -0.036575 0.124899
v -0.179462 -0.054402 0.124896
v -0.172655 -0.071410 0.124895
v -0.163700 -0.087387 0.124897
v -0.153448 -0.102488 0.124900
v -0.142506 -0.117008 0.124902
v -0.130830 -0.130941 0.124902
v -0.117941 -0.143789 0.124900
v -0.103506 -0.154891 0.124899
v -0.087691 -0.163979 0.124900
v -0.071001 -0.171397 0.124903
v -0.053848 -0.177708 0.124904
v -0.036317 -0.183045 0.124904
v -0.018342 -0.186837 0.124901
v -0.000021 -0.188228 0.124898
v 0.018311 -0.186818 0.124896
v 0.036311 -0.183015 0.124898
v 0.053861 -0.177681 0.124900
v 0.071015 -0.171381 0.124901
v 0.087689 -0.163976 0.124899
v 0.103489 -0.154892 0.124897
v 0.117922 -0.143782 0.124897
v 0.130828 -0.130920 0.124899
v 0.142527 -0.116981 0.124902
v 0.153484 -0.102472 0.124904
v 0.163735 -0.087396 0.124904
v 0.172677 -0.071442 0.124902
v 0.179468 -0.054437 0.124900
v 0.183714 -0.036595 0.124899
v 0.185765 -0.018341 0.124901
v 8.127575 -0.002182 5.090252
v 8.071039 0.794194 5.090507
v 7.963314 1.587047 5.090974
v 7.807511 2.374017 5.091086
v 7.578078 3.143099 5.090474
v 7.245870 3.872019 5.089457
v 6.806751 4.541967 5.088714
v 6.287017 5.152153 5.088607
v 5.721984 5.718159 5.089055
v 5.129594 6.252316 5.089655
v 4.503716 6.744806 5.089911
v 3.830249 7.166502 5.089710
v 3.107047 7.493214 5.089482
v 2.348299 7.728115 5.089696
v 1.572059 7.899177 5.090438
v 0.787027 8.031868 5.091354
v -0.006795 8.122252 5.091781
v -0.806666 8.137134 5.091329
v -1.600312 8.041999 5.090384
v -2.372205 7.830662 5.089664
v -3.115294 7.529280 5.089503
v -3.833175 7.171909 5.089743
v -4.527677 6.771688 5.089921
v -5.185025 6.314787 5.089634
v -5.778390 5.780715 5.089005
v -6.287653 5.167165 5.088579
v -6.717423 4.495587 5.088753
v -7.093353 3.794264 5.089519
v -7.436879 3.077766 5.090501
v -7.741422 2.342992 5.091085
v -7.974287 1.582462 5.090951
v -8.104035 0.798201 5.090473
v -8.127575 0.002182 5.090252
v -8.071039 -0.794194 5.090507
v -7.963314 -1.587047 5.090974
v -7.807511 -2.374018 5.091086
v -7.578078 -3.143099 5.090474
v -7.245870 -3.872020 5.089457
v -6.806751 -4.541968 5.088713
v -6.287017 -5.152154 5.088606
v -5.721984 -5.718160 5.089054
v -5.129594 -6.252316 5.089654
v -4.503716 -6.744806 5.089911
v -3.830249 -7.166502 5.089709
v -3.107047 -7.493214 5.089481
v -2.348299 -7.728115 5.089695
v -1.572059 -7.899177 5.090437
v -0.787027 -8.031868 5.091353
v 0.006795 -8.122252 5.091781
v 0.806666 -8.137134 5.091328
v 1.600312 -8.041999 5.090384
v 2.372205 -7.830662 5.089663
v 3.115294 -7.529280 5.089503
v 3.833175 -7.171909 5.089742
v 4.527677 -6.771688 5.089920
v 5.185025 -6.314787 5.089633
v 5.778390 -5.780716 5.089005
v 6.287653 -5.167165 5.088579
v 6.717423 -4.495588 5.088752
v 7.093353 -3.794264 5.089519
v 7.436879 -3.077766 5.090501
v 7.741422 -2.342992 5.091085
v 7.974287 -1.582463 5.090951
v 8.104035 -0.798201 5.090473
v 2.277717 0.112050 0.017708
v 2.262763 0.335936 0.017708
v 2.224967 0.557418 0.017708
v 2.156917 0.771449 0.017708
v 2.059221 0.973345 0.017708
v 1.940723 1.162725 0.017708
v 1.811226 1.343244 0.017708
v 1.673903 1.517562 0.017708
v 1.524445 1.682519 0.017708
v 1.357083 1.830026 0.017708
v 1.171063 1.953492 0.017708
v 0.971463 2.053528 0.017708
v 0.764481 2.136777 0.017708
v 0.552776 2.208415 0.017708
v 0.335581 2.265520 0.017708
v 0.112702 2.298174 0.017708
v -0.112651 2.297721 0.017708
v -0.335415 2.264465 0.017708
v -0.552535 2.207404 0.017708
v -0.764315 2.136256 0.017708
v -0.971423 2.053425 0.017708
v -1.170995 1.953395 0.017708
v -1.356786 1.829648 0.017708
v -1.523959 1.681983 0.017708
v -1.673597 1.517258 0.017708
v -1.811527 1.343430 0.017708
v -1.941702 1.163289 0.017708
v -2.060451 0.973932 0.017708
v -2.157782 0.771783 0.017708
v -2.225165 0.557491 0.017708
v -2.262530 0.335908 0.017708
v -2.277555 0.112032 0.017708
v -2.277717 -0.112050 0.017708
v -2.262763 -0.335936 0.017708
v -2.224967 -0.557418 0.017708
v -2.156917 -0.771449 0.017708
v -2.059221 -0.973345 0.017708
v -1.940723 -1.162725 0.017708
v -1.811226 -1.343244 0.017708
v -1.673903 -1.517562 0.017708
v -1.524445 -1.682519 0.017708
v -1.357083 -1.830026 0.017708
v -1.171063 -1.953492 0.017708
v -0.971463 -2.053528 0.017708
v -0.764481 -2.136777 0.017708
v -0.552776 -2.208415 0.017708
v -0.335581 -2.265520 0.017708
v -0.112702 -2.298174 0.017708
v 0.112651 -2.297721 0.017708
v 0.335415 -2.264465 0.017708
v 0.552535 -2.207404 0.017708
v 0.764315 -2.136256 0.017708
v 0.971423 -2.053425 0.017708
v 1.170995 -1.953395 0.017708
v 1.356786 -1.829648 0.017708
v 1.523959 -1.681983 0.017708
v 1.673597 -1.517258 0.017708
v 1.811527 -1.343430 0.017708
v 1.941702 -1.163289 0.017708
v 2.060451 -0.973932 0.017708
v 2.157782 -0.771783 0.017708
v 2.225165 -0.557491 0.017708
v 2.262530 -0.335908 0.017708
v 2.277555 -0.112032 0.017708
v 5.180636 0.254931 0.329167
v 5.145740 0.763810 0.329167
v 5.053341 1.265717 0.329167
v 4.891600 1.749336 0.329167
v 4.668190 2.206629 0.329167
v 4.404905 2.639446 0.329167
v 4.119658 3.055672 0.329167
v 3.813363 3.457404 0.329167
v 3.473482 3.833503 0.329167
v 3.089362 4.165683 0.329167
v 2.663723 4.443336 0.329167
v 2.210119 4.672202 0.329167
v 1.741046 4.866948 0.329167
v 1.259970 5.033895 0.329167
v 0.764705 5.160925 0.329167
v 0.256642 5.225492 0.329167
v -0.255348 5.214005 0.329167
v -0.760474 5.134166 0.329167
v -1.253849 5.008259 0.329167
v -1.736831 4.853742 0.329167
v -2.209114 4.669590 0.329167
v -2.661997 4.440872 0.329167
v -3.081815 4.156087 0.329167
v -3.461146 3.819921 0.329167
v -3.805608 3.449697 0.329167
v -4.127296 3.060398 0.329167
v -4.429734 2.653760 0.329167
v -4.699376 2.221503 0.329167
v -4.913521 1.757792 0.329167
v -5.058347 1.267552 0.329167
v -5.139844 0.763088 0.329167
v -5.176544 0.254483 0.329167
v -5.180636 -0.254931 0.329167
v -5.145740 -0.763810 0.329167
v -5.053341 -1.265717 0.329167
v -4.891600 -1.749336 0.329167
v -4.668190 -2.206629 0.329167
v -4.404905 -2.639446 0.329167
v -4.119658 -3.055672 0.329167
v -3.813363 -3.457404 0.329167
v -3.473482 -3.833503 0.329167
v -3.089362 -4.165683 0.329167
v -2.663723 -4.443336 0.329167
v -2.210119 -4.672202 0.329167
v -1.741046 -4.866948 0.329167
v -1.259970 -5.033895 0.329167
v -0.764705 -5.160925 0.329167
v -0.256642 -5.225492 0.329167
v 0.255348 -5.214005 0.329167
v 0.760474 -5.134166 0.329167
v 1.253849 -5.008259 0.329167
v 1.736831 -4.853742 0.329167
v 2.209114 -4.669590 0.329167
v 2.661997 -4.440872 0.329167
v 3.081815 -4.156087 0.329167
v 3.461146 -3.819921 0.329167
v 3.805608 -3.449697 0.329167
v 4.127296 -3.060398 0.329167
v 4.429734 -2.653760 0.329167
v 4.699376 -2.221503 0.329167
v 4.913521 -1.757792 0.329167
v 5.058347 -1.267552 0.329167
v 5.139844 -0.763088 0.329167
v 5.176544 -0.254483 0.329167
v 6.724636 0.330836 1.325000
v 6.667500 0.989003 1.325000
v 6.526470 1.633990 1.325000
v 6.307353 2.255674 1.325000
v 6.032457 2.852540 1.325000
v 5.721745 3.429984 1.325000
v 5.377164 3.989347 1.325000
v 4.984694 4.519174 1.325000
v 4.530908 4.999428 1.325000
v 4.017377 5.416084 1.325000
v 3.459828 5.771536 1.325000
v 2.875021 6.079132 1.325000
v 2.269805 6.345955 1.325000
v 1.642678 6.560850 1.325000
v 0.994012 6.700682 1.325000
v 0.332558 6.749969 1.325000
v -0.328646 6.715231 1.325000
v -0.981217 6.619758 1.325000
v -1.624164 6.483321 1.325000
v -2.257059 6.306015 1.325000
v -2.871980 6.071231 1.325000
v -3.454607 5.764084 1.325000
v -3.994555 5.387065 1.325000
v -4.493600 4.958353 1.325000
v -4.961241 4.495870 1.325000
v -5.400263 4.003638 1.325000
v -5.796834 3.473273 1.325000
v -6.126767 2.897521 1.325000
v -6.373645 2.281247 1.325000
v -6.541607 1.639539 1.325000
v -6.649672 0.986817 1.325000
v -6.712263 0.329482 1.325000
v -6.724636 -0.330836 1.325000
v -6.667500 -0.989003 1.325000
v -6.526470 -1.633990 1.325000
v -6.307353 -2.255674 1.325000
v -6.032457 -2.852540 1.325000
v -5.721745 -3.429984 1.325000
v -5.377164 -3.989347 1.325000
v -4.984694 -4.519174 1.325000
v -4.530908 -4.999428 1.325000
v -4.017377 -5.416084 1.325000
v -3.459828 -5.771536 1.325000
v -2.875021 -6.079132 1.325000
v -2.269805 -6.345955 1.325000
v -1.642678 -6.560850 1.325000
v -0.994012 -6.700682 1.325000
v -0.332558 -6.749969 1.325000
v 0.328646 -6.715231 1.325000
v 0.981217 -6.619758 1.325000
v 1.624164 -6.483321 1.325000
v 2.257059 -6.306015 1.325000
v 2.871980 -6.071231 1.325000
v 3.454607 -5.764084 1.325000
v 3.994555 -5.387065 1.325000
v 4.493600 -4.958353 1.325000
v 4.961241 -4.495870 1.325000
v 5.400263 -4.003638 1.325000
v 5.796834 -3.473273 1.325000
v 6.126767 -2.897521 1.325000
v 6.373645 -2.281247 1.325000
v 6.541607 -1.639539 1.325000
v 6.649672 -0.986818 1.325000
v 6.712263 -0.329483 1.325000
v 7.848057 0.385426 2.895833
v 7.759751 1.150357 2.895833
v 7.589415 1.900429 2.895833
v 7.359302 2.633366 2.895833
v 7.081771 3.350534 2.895833
v 6.749404 4.046870 2.895833
v 6.344398 4.706131 2.895833
v 5.857478 5.308554 2.895833
v 5.298103 5.844418 2.895833
v 4.687323 6.319265 2.895833
v 4.041976 6.743942 2.895834
v 3.366159 7.118432 2.895834
v 2.656870 7.426123 2.895834
v 1.915728 7.645655 2.895834
v 1.153686 7.769717 2.895834
v 0.384739 7.812256 2.895834
v -0.382915 7.796065 2.895834
v -1.147723 7.732000 2.895834
v -1.907099 7.609521 2.895834
v -2.650930 7.407510 2.895834
v -3.364743 7.114749 2.895834
v -4.039542 6.740469 2.895834
v -4.676687 6.305741 2.895833
v -5.280715 5.825274 2.895833
v -5.846547 5.297693 2.895833
v -6.355163 4.712793 2.895833
v -6.784403 4.067046 2.895833
v -7.125726 3.371500 2.895833
v -7.390198 2.645285 2.895833
v -7.596470 1.903015 2.895833
v -7.751441 1.149339 2.895833
v -7.842290 0.384795 2.895833
v -7.848057 -0.385426 2.895833
v -7.759751 -1.150357 2.895833
v -7.589415 -1.900429 2.895833
v -7.359302 -2.633367 2.895833
v -7.081771 -3.350534 2.895833
v -6.749404 -4.046870 2.895833
v -6.344398 -4.706131 2.895833
v -5.857478 -5.308554 2.895833
v -5.298103 -5.844418 2.895833
v -4.687323 -6.319265 2.895833
v -4.041976 -6.743942 2.895833
v -3.366159 -7.118432 2.895833
v -2.656870 -7.426123 2.895833
v -1.915728 -7.645655 2.895833
v -1.153686 -7.769717 2.895833
v -0.384739 -7.812256 2.895833
v 0.382915 -7.796065 2.895833
v 1.147723 -7.732000 2.895833
v 1.907099 -7.609521 2.895833
v 2.650930 -7.407510 2.895833
v 3.364743 -7.114749 2.895833
v 4.039542 -6.740469 2.895833
v 4.676687 -6.305741 2.895833
v 5.280715 -5.825274 2.895833
v 5.846547 -5.297693 2.895833
v 6.355163 -4.712793 2.895833
v 6.784403 -4.067046 2.895833
v 7.125726 -3.371500 2.895833
v 7.390198 -2.645285 2.895833
v 7.596470 -1.903016 2.895833
v 7.751441 -1.149339 2.895833
v 7.842290 -0.384795 2.895833
v 8.341345 0.409090 4.366667
v 8.243641 1.222460 4.366667
v 8.087971 2.026621 4.366667
v 7.882049 2.821817 4.366667
v 7.607424 3.599472 4.366667
v 7.238264 4.338628 4.366667
v 6.767228 5.017599 4.366667
v 6.213798 5.629941 4.366667
v 5.608535 6.186954 4.366667
v 4.970055 6.701785 4.366667
v 4.296832 7.170107 4.366667
v 3.579252 7.567905 4.366667
v 2.817089 7.870658 4.366667
v 2.024208 8.075913 4.366667
v 1.217866 8.206158 4.366667
v 0.406442 8.287409 4.366667
v -0.410484 8.323291 4.366667
v -1.231082 8.289751 4.366667
v -2.043332 8.155999 4.366667
v -2.830254 7.911915 4.366667
v -3.582392 7.576068 4.366667
v -4.302225 7.177806 4.366667
v -4.993630 6.731761 4.366667
v -5.647072 6.229384 4.366667
v -6.238023 5.654012 4.366667
v -6.743367 5.002837 4.366667
v -7.160698 4.293911 4.366667
v -7.510005 3.553008 4.366667
v -7.813571 2.795402 4.366667
v -8.072333 2.020888 4.366667
v -8.262058 1.224717 4.366667
v -8.354127 0.410489 4.366667
v -8.341345 -0.409091 4.366667
v -8.243641 -1.222461 4.366667
v -8.087971 -2.026621 4.366667
v -7.882049 -2.821818 4.366667
v -7.607424 -3.599473 4.366667
v -7.238264 -4.338628 4.366666
v -6.767228 -5.017600 4.366666
v -6.213798 -5.629941 4.366666
v -5.608535 -6.186955 4.366666
v -4.970055 -6.701785 4.366666
v -4.296832 -7.170107 4.366666
v -3.579252 -7.567905 4.366666
v -2.817089 -7.870658 4.366666
v -2.024208 -8.075913 4.366666
v -1.217866 -8.206158 4.366666
v -0.406442 -8.287409 4.366666
v 0.410484 -8.323291 4.366666
v 1.231082 -8.289751 4.366666
v 2.043332 -8.155999 4.366666
v 2.830254 -7.911915 4.366666
v 3.582392 -7.576068 4.366666
v 4.302225 -7.177806 4.366666
v 4.993630 -6.731761 4.366666
v 5.647072 -6.229385 4.366666
v 6.238023 -5.654013 4.366666
v 6.743367 -5.002838 4.366666
v 7.160698 -4.293912 4.366666
v 7.510005 -3.553009 4.366667
v 7.813571 -2.795402 4.366667
v 8.072333 -2.020888 4.366667
v 8.262058 -1.224718 4.366667
v 8.354127 -0.410489 4.366667
v 8.307873 0.407397 5.070682
v 8.219682 1.219536 5.070699
v 8.084258 2.026534 5.070712
v 7.890586 2.825135 5.070700
v 7.607069 3.598545 5.070663
v 7.212798 4.321921 5.070627
v 6.718776 4.980464 5.070612
v 6.159677 5.580727 5.070623
v 5.565800 6.140669 5.070647
v 4.942959 6.666247 5.070665
v 4.277846 7.138442 5.070664
v 3.560089 7.526102 5.070652
v 2.797233 7.813770 5.070652
v 2.009117 8.016726 5.070674
v 1.210930 8.166480 5.070709
v 0.404840 8.278984 5.070736
v -0.411655 8.336236 5.070733
v -1.232163 8.299872 5.070700
v -2.039523 8.144568 5.070664
v -2.818042 7.879675 5.070648
v -3.565007 7.539161 5.070653
v -4.286523 7.150676 5.070663
v -4.980696 6.714002 5.070662
v -5.627299 6.208395 5.070640
v -6.198181 5.619326 5.070618
v -6.680490 4.957190 5.070616
v -7.088891 4.250752 5.070638
v -7.451615 3.524344 5.070675
v -7.781394 2.782722 5.070706
v -8.059378 2.017119 5.070713
v -8.249097 1.223052 5.070696
v -8.328270 0.409720 5.070680
v -8.307873 -0.407397 5.070682
v -8.219682 -1.219537 5.070699
v -8.084258 -2.026534 5.070712
v -7.890586 -2.825136 5.070700
v -7.607069 -3.598546 5.070663
v -7.212798 -4.321922 5.070626
v -6.718776 -4.980465 5.070612
v -6.159677 -5.580728 5.070622
v -5.565800 -6.140670 5.070646
v -4.942959 -6.666247 5.070664
v -4.277846 -7.138442 5.070663
v -3.560089 -7.526102 5.070652
v -2.797233 -7.813770 5.070652
v -2.009117 -8.016726 5.070673
v -1.210930 -8.166480 5.070709
v -0.404840 -8.278984 5.070736
v 0.411655 -8.336236 5.070733
v 1.232163 -8.299872 5.070699
v 2.039523 -8.144568 5.070663
v 2.818042 -7.879675 5.070648
v 3.565007 -7.539161 5.070652
v 4.286523 -7.150676 5.070663
v 4.980696 -6.714002 5.070661
v 5.627299 -6.208395 5.070640
v 6.198181 -5.619327 5.070617
v 6.680490 -4.957190 5.070615
v 7.088891 -4.250753 5.070638
v 7.451615 -3.524345 5.070675
v 7.781394 -2.782722 5.070706
v 8.059378 -2.017120 5.070713
v 8.249097 -1.223053 5.070696
v 8.328270 -0.409720 5.070680
v 2.251857 0.111279 0.254220
v 2.236910 0.332674 0.254169
v 2.199402 0.550784 0.254079
v 2.132220 0.761281 0.254015
v 2.035819 0.960522 0.254037
v 1.918604 1.148452 0.254133
v 1.790176 1.328059 0.254223
v 1.653996 1.501067 0.254244
v 1.506263 1.663959 0.254206
v 1.341349 1.809124 0.254159
v 1.157999 1.930797 0.254157
v 0.960624 2.029942 0.254215
v 0.755328 2.112796 0.254280
v 0.545371 2.183904 0.254287
v 0.330734 2.240154 0.254222
v 0.111378 2.272003 0.254122
v -0.110223 2.271305 0.254050
v -0.330028 2.238465 0.254057
v -0.545282 2.182130 0.254127
v -0.755621 2.111678 0.254183
v -0.960796 2.029586 0.254174
v -1.157639 1.930719 0.254119
v -1.340498 1.808730 0.254076
v -1.505478 1.663062 0.254102
v -1.653998 1.500044 0.254194
v -1.791320 1.327543 0.254282
v -1.920577 1.148839 0.254302
v -2.037801 0.961676 0.254252
v -2.133415 0.762627 0.254176
v -2.199585 0.551701 0.254131
v -2.236536 0.332887 0.254151
v -2.251623 0.110985 0.254204
v -2.251857 -0.111279 0.254220
v -2.236910 -0.332674 0.254169
v -2.199402 -0.550784 0.254079
v -2.132220 -0.761281 0.254015
v -2.035819 -0.960522 0.254037
v -1.918604 -1.148452 0.254133
v -1.790176 -1.328059 0.254223
v -1.653996 -1.501067 0.254244
v -1.506263 -1.663959 0.254206
v -1.341349 -1.809124 0.254159
v -1.157999 -1.930797 0.254157
v -0.960624 -2.029942 0.254215
v -0.755328 -2.112796 0.254280
v -0.545371 -2.183904 0.254287
v -0.330734 -2.240154 0.254222
v -0.111378 -2.272003 0.254122
v 0.110223 -2.271305 0.254050
v 0.330028 -2.238465 0.254057
v 0.545282 -2.182130 0.254127
v 0.755621 -2.111678 0.254183
v 0.960796 -2.029586 0.254174
v 1.157639 -1.930719 0.254119
v 1.340498 -1.808730 0.254076
v 1.505478 -1.663062 0.254102
v 1.653998 -1.500044 0.254194
v 1.791320 -1.327543 0.254282
v 1.920577 -1.148839 0.254302
v 2.037801 -0.961676 0.254251
v 2.133415 -0.762627 0.254176
v 2.199585 -0.551701 0.254131
v 2.236536 -0.332887 0.254151
v 2.251623 -0.110985 0.254204
v 5.088694 0.251992 0.555672
v 5.054098 0.751034 0.555333
v 4.963119 1.241167 0.554832
v 4.804469 1.713762 0.554628
v 4.585204 2.163223 0.555009
v 4.326101 2.591294 0.555753
v 4.044935 3.003422 0.556343
v 3.743593 3.399269 0.556464
v 3.410556 3.767455 0.556184
v 3.034878 4.091703 0.555843
v 2.617658 4.363650 0.555802
v 2.171130 4.589421 0.556089
v 1.708305 4.782174 0.556351
v 1.234662 4.946579 0.556225
v 0.749592 5.070377 0.555652
v 0.253835 5.132394 0.554926
v -0.246414 5.120368 0.554536
v -0.742692 5.041976 0.554752
v -1.229915 4.918468 0.555322
v -1.707014 4.766578 0.555742
v -2.171402 4.585633 0.555755
v -2.614440 4.361513 0.555500
v -3.024814 4.082716 0.555365
v -3.397452 3.752806 0.555655
v -3.738084 3.388072 0.556250
v -4.056734 3.003857 0.556703
v -4.354772 2.603516 0.556681
v -4.618395 2.180086 0.556194
v -4.826640 1.727217 0.555557
v -4.967640 1.247621 0.555207
v -5.047784 0.751735 0.555321
v -5.084466 0.250008 0.555618
v -5.088694 -0.251992 0.555672
v -5.054098 -0.751034 0.555333
v -4.963119 -1.241167 0.554832
v -4.804469 -1.713762 0.554628
v -4.585204 -2.163223 0.555009
v -4.326101 -2.591294 0.555753
v -4.044935 -3.003422 0.556343
v -3.743593 -3.399269 0.556463
v -3.410556 -3.767455 0.556183
v -3.034878 -4.091703 0.555843
v -2.617658 -4.363650 0.555801
v -2.171130 -4.589421 0.556088
v -1.708305 -4.782174 0.556351
v -1.234662 -4.946579 0.556224
v -0.749592 -5.070377 0.555651
v -0.253835 -5.132394 0.554925
v 0.246414 -5.120368 0.554535
v 0.742692 -5.041976 0.554752
v 1.229915 -4.918468 0.555321
v 1.707014 -4.766578 0.555742
v 2.171402 -4.585633 0.555755
v 2.614440 -4.361513 0.555499
v 3.024814 -4.082716 0.555365
v 3.397452 -3.752806 0.555655
v 3.738084 -3.388072 0.556249
v 4.056734 -3.003857 0.556703
v 4.354772 -2.603516 0.556681
v 4.618395 -2.180086 0.556194
v 4.826640 -1.727217 0.555557
v 4.967640 -1.247621 0.555206
v 5.047784 -0.751736 0.555321
v 5.084466 -0.250008 0.555618
v 6.556037 0.323978 1.500814
v 6.499991 0.962906 1.499915
v 6.362409 1.588659 1.499598
v 6.148973 2.194461 1.500624
v 5.880878 2.779652 1.502619
v 5.577380 3.347197 1.504303
v 5.241044 3.894995 1.504579
v 4.859098 4.410439 1.503465
v 4.418335 4.875628 1.501996
v 3.918841 5.279761 1.501305
v 3.374549 5.626646 1.501663
v 2.802128 5.928312 1.502267
v 2.210398 6.189480 1.502015
v 1.599974 6.398107 1.500604
v 0.971047 6.532414 1.498857
v 0.329532 6.578908 1.498053
v -0.314712 6.544767 1.498875
v -0.953990 6.452290 1.500791
v -1.584870 6.319906 1.502465
v -2.203700 6.147437 1.502922
v -2.801736 5.919088 1.502344
v -3.367075 5.620486 1.501775
v -3.892637 5.253333 1.502127
v -4.381324 4.834522 1.503322
v -4.840669 4.381812 1.504303
v -5.270432 3.900709 1.503987
v -5.655731 3.384573 1.502281
v -5.974246 2.826078 1.500197
v -6.212389 2.227786 1.499027
v -6.375582 1.602209 1.499316
v -6.481873 0.963368 1.500430
v -6.543855 0.319887 1.501148
v -6.556037 -0.323979 1.500814
v -6.499991 -0.962906 1.499915
v -6.362409 -1.588659 1.499598
v -6.148973 -2.194461 1.500623
v -5.880878 -2.779652 1.502619
v -5.577380 -3.347197 1.504302
v -5.241044 -3.894995 1.504579
v -4.859098 -4.410439 1.503464
v -4.418335 -4.875628 1.501995
v -3.918841 -5.279761 1.501304
v -3.374549 -5.626646 1.501663
v -2.802128 -5.928312 1.502266
v -2.210398 -6.189480 1.502015
v -1.599974 -6.398107 1.500603
v -0.971047 -6.532414 1.498856
v -0.329532 -6.578908 1.498053
v 0.314712 -6.544767 1.498874
v 0.953990 -6.452290 1.500790
v 1.584870 -6.319906 1.502464
v 2.203700 -6.147437 1.502922
v 2.801736 -5.919088 1.502343
v 3.367075 -5.620486 1.501774
v 3.892637 -5.253333 1.502127
v 4.381324 -4.834522 1.503322
v 4.840669 -4.381812 1.504303
v 5.270432 -3.900709 1.503986
v 5.655731 -3.384573 1.502281
v 5.974246 -2.826078 1.500197
v 6.212389 -2.227786 1.499027
v 6.375582 -1.602209 1.499316
v 6.481873 -0.963368 1.500430
v 6.543855 -0.319887 1.501148
v 7.628107 0.373519 3.000777
v 7.541891 1.114750 3.000435
v 7.376216 1.844922 3.002353
v 7.152593 2.561498 3.005710
v 6.882982 3.262695 3.008075
v 6.560535 3.940397 3.007532
v 6.168255 4.578321 3.004310
v 5.696482 5.159758 3.000582
v 5.152998 5.678388 2.998706
v 4.557637 6.140682 2.999284
v 3.927959 6.555600 3.000710
v 3.270179 6.920648 3.000786
v 2.582640 7.218619 2.998838
v 1.865688 7.429787 2.996379
v 1.126935 7.548840 2.995835
v 0.377852 7.590269 2.998359
v -0.372732 7.575843 3.002649
v -1.120082 7.515074 3.006001
v -1.858827 7.397102 3.006591
v -2.579159 7.201487 3.004865
v -3.269876 6.917328 3.002968
v -3.925265 6.553178 3.002784
v -4.547064 6.129393 3.004222
v -5.137240 5.661071 3.005319
v -5.687877 5.148276 3.004117
v -6.179676 4.581779 3.000537
v -6.592983 3.956995 2.996584
v -6.922191 3.282228 2.994830
v -7.179312 2.574662 2.996279
v -7.381619 1.849662 2.999468
v -7.533968 1.114616 3.001827
v -7.622819 0.372121 3.001972
v -7.628107 -0.373519 3.000777
v -7.541891 -1.114750 3.000435
v -7.376216 -1.844922 3.002353
v -7.152593 -2.561498 3.005709
v -6.882982 -3.262695 3.008074
v -6.560535 -3.940397 3.007531
v -6.168255 -4.578321 3.004310
v -5.696482 -5.159758 3.000582
v -5.152998 -5.678388 2.998705
v -4.557637 -6.140682 2.999284
v -3.927959 -6.555600 3.000710
v -3.270179 -6.920648 3.000785
v -2.582640 -7.218619 2.998838
v -1.865688 -7.429787 2.996378
v -1.126935 -7.548840 2.995834
v -0.377852 -7.590269 2.998358
v 0.372732 -7.575843 3.002649
v 1.120082 -7.515074 3.006001
v 1.858827 -7.397102 3.006590
v 2.579159 -7.201487 3.004864
v 3.269876 -6.917328 3.002967
v 3.925265 -6.553178 3.002783
v 4.547064 -6.129393 3.004222
v 5.137240 -5.661071 3.005318
v 5.687877 -5.148276 3.004117
v 6.179676 -4.581779 3.000536
v 6.592983 -3.956995 2.996583
v 6.922191 -3.282228 2.994830
v 7.179312 -2.574662 2.996279
v 7.381619 -1.849662 2.999468
v 7.533968 -1.114616 3.001827
v 7.622819 -0.372122 3.001972
v 8.109789 0.394235 4.353090
v 8.013989 1.186405 4.354075
v 7.861434 1.973826 4.357544
v 7.660718 2.751948 4.360682
v 7.395141 3.508090 4.360422
v 7.039788 4.221871 4.356210
v 6.585667 4.876251 4.350482
v 6.048575 5.469048 4.346759
v 5.456963 6.012092 4.346875
v 4.831493 6.515830 4.349473
v 4.174929 6.972937 4.351326
v 3.479897 7.358887 4.350453
v 2.743805 7.651167 4.347908
v 1.975165 7.849135 4.346764
v 1.187700 7.975219 4.349348
v 0.391551 8.054541 4.354901
v -0.408241 8.090355 4.359929
v -1.205807 8.059159 4.361276
v -1.990269 7.931025 4.358708
v -2.749924 7.695368 4.354813
v -3.479952 7.368693 4.352741
v -4.183022 6.979198 4.353531
v -4.859287 6.543183 4.355214
v -5.495482 6.055133 4.354769
v -6.067010 5.499684 4.351094
v -6.554113 4.871572 4.346121
v -6.957480 4.183963 4.343315
v -7.297423 3.459716 4.344882
v -7.594511 2.716274 4.349754
v -7.847892 1.958710 4.354377
v -8.033044 1.185639 4.355912
v -8.122518 0.398898 4.354580
v -8.109789 -0.394236 4.353090
v -8.013989 -1.186406 4.354075
v -7.861434 -1.973826 4.357544
v -7.660718 -2.751948 4.360682
v -7.395141 -3.508090 4.360422
v -7.039788 -4.221872 4.356210
v -6.585667 -4.876252 4.350482
v -6.048575 -5.469049 4.346758
v -5.456963 -6.012093 4.346874
v -4.831493 -6.515830 4.349472
v -4.174929 -6.972937 4.351326
v -3.479897 -7.358887 4.350452
v -2.743805 -7.651167 4.347908
v -1.975165 -7.849135 4.346763
v -1.187700 -7.975219 4.349347
v -0.391551 -8.054541 4.354900
v 0.408241 -8.090355 4.359928
v 1.205807 -8.059159 4.361275
v 1.990269 -7.931025 4.358707
v 2.749924 -7.695368 4.354812
v 3.479952 -7.368693 4.352741
v 4.183022 -6.979198 4.353531
v 4.859287 -6.543183 4.355214
v 5.495482 -6.055133 4.354768
v 6.067010 -5.499684 4.351093
v 6.554113 -4.871573 4.346121
v 6.957480 -4.183964 4.343315
v 7.297423 -3.459717 4.344882
v 7.594511 -2.716274 4.349754
v 7.847892 -1.958711 4.354377
v 8.033044 -1.185640 4.355912
v 8.122518 -0.398898 4.354580
v 8.129033 0.395364 4.930792
v 8.041361 1.193523 4.931914
v 7.907020 1.988721 4.933911
v 7.717398 2.772585 4.934628
v 7.443090 3.526480 4.932784
v 7.062581 4.228745 4.929230
v 6.583064 4.869406 4.926070
v 6.035204 5.457047 4.925054
v 5.449149 6.007910 4.926384
v 4.834913 6.524840 4.928465
v 4.183726 6.987278 4.929295
v 3.485508 7.365225 4.928447
v 2.743243 7.645205 4.927352
v 1.971451 7.842807 4.927863
v 1.184274 7.988458 4.930618
v 0.388260 8.097776 4.934197
v -0.413291 8.153908 4.936070
v -1.212339 8.120081 4.935022
v -1.995767 7.971083 4.932164
v -2.753665 7.713953 4.929652
v -3.485769 7.379951 4.928956
v -4.195906 6.996907 4.929827
v -4.877992 6.567952 4.930488
v -5.509848 6.075506 4.929389
v -6.065259 5.504478 4.926816
v -6.534669 4.860690 4.924590
v -6.933903 4.168092 4.924544
v -7.289872 3.450564 4.927125
v -7.613622 2.717588 4.930764
v -7.885954 1.966049 4.933008
v -8.071562 1.192674 4.932839
v -8.149190 0.402302 4.931440
v -8.129033 -0.395364 4.930792
v -8.041361 -1.193524 4.931914
v -7.907020 -1.988721 4.933911
v -7.717398 -2.772586 4.934628
v -7.443090 -3.526481 4.932784
v -7.062581 -4.228746 4.929230
v -6.583064 -4.869406 4.926069
v -6.035204 -5.457048 4.925053
v -5.449149 -6.007911 4.926383
v -4.834913 -6.524840 4.928465
v -4.183726 -6.987278 4.929295
v -3.485508 -7.365225 4.928446
v -2.743243 -7.645205 4.927351
v -1.971451 -7.842807 4.927862
v -1.184274 -7.988458 4.930618
v -0.388260 -8.097776 4.934197
v 0.413291 -8.153908 4.936069
v 1.212339 -8.120081 4.935021
v 1.995767 -7.971083 4.932164
v 2.753665 -7.713953 4.929651
v 3.485769 -7.379951 4.928956
v 4.195906 -6.996907 4.929826
v 4.877992 -6.567952 4.930487
v 5.509848 -6.075507 4.929388
v 6.065259 -5.504478 4.926815
v 6.534669 -4.860690 4.924589
v 6.933903 -4.168092 4.924544
v 7.289872 -3.450565 4.927125
v 7.613622 -2.717589 4.930764
v 7.885954 -1.966049 4.933008
v 8.071562 -1.192674 4.932839
v 8.149190 -0.402303 4.931440
v 0.186203 0.009179 0.124902
v 0.184975 0.027487 0.124901
v 0.181900 0.045565 0.124898
v 0.176366 0.063028 0.124895
v 0.168395 0.079524 0.124896
v 0.158687 0.095027 0.124899
v 0.148053 0.109811 0.124901
v 0.136786 0.124070 0.124902
v 0.124566 0.137544 0.124901
v 0.110917 0.149587 0.124899
v 0.095742 0.159676 0.124899
v 0.079424 0.167859 0.124901
v 0.062471 0.174669 0.124904
v 0.045135 0.180521 0.124904
v 0.027385 0.185189 0.124902
v 0.009207 0.187873 0.124899
v -0.009168 0.187863 0.124897
v -0.027365 0.185164 0.124897
v -0.045139 0.180492 0.124899
v -0.062486 0.174646 0.124901
v -0.079431 0.167850 0.124900
v -0.095732 0.159676 0.124898
v -0.110896 0.149585 0.124897
v -0.124554 0.137530 0.124897
v -0.136796 0.124044 0.124900
v -0.148083 0.109787 0.124903
v -0.158725 0.095023 0.124904
v -0.168425 0.079546 0.124903
v -0.176381 0.063065 0.124900
v -0.181901 0.045595 0.124899
v -0.184969 0.027495 0.124900
v -0.186200 0.009170 0.124902
v -0.186203 -0.009179 0.124902
v -0.184975 -0.027487 0.124901
v -0.181900 -0.045566 0.124898
v -0.176366 -0.063028 0.124895
v -0.168395 -0.079524 0.124896
v -0.158687 -0.095027 0.124899
v -0.148053 -0.109811 0.124901
v -0.136786 -0.124070 0.124902
v -0.124566 -0.137544 0.124901
v -0.110917 -0.149587 0.124899
v -0.095742 -0.159676 0.124899
v -0.079424 -0.167859 0.124901
v -0.062471 -0.174669 0.124904
v -0.045135 -0.180521 0.124904
v -0.027385 -0.185189 0.124902
v -0.009207 -0.187873 0.124899
v 0.009168 -0.187863 0.124897
v 0.027365 -0.185164 0.124897
v 0.045139 -0.180492 0.124899
v 0.062486 -0.174646 0.124901
v 0.079431 -0.167850 0.124900
v 0.095732 -0.159676 0.124898
v 0.110896 -0.149585 0.124897
v 0.124554 -0.137530 0.124897
v 0.136796 -0.124044 0.124900
v 0.148083 -0.109787 0.124903
v 0.158725 -0.095023 0.124904
v 0.168425 -0.079546 0.124903
v 0.176381 -0.063065 0.124900
v 0.181901 -0.045595 0.124899
v 0.184969 -0.027495 0.124900
v 0.186200 -0.009170 0.124902
v 8.107222 0.396339 5.090328
v 8.022701 1.191113 5.090748
v 7.892617 1.981757 5.091109
v 7.704083 2.762081 5.090864
v 7.425760 3.514009 5.089973
v 7.038507 4.214844 5.089018
v 6.554635 4.853733 5.088577
v 6.008521 5.439599 5.088781
v 5.429204 5.989310 5.089370
v 4.821791 6.505398 5.089845
v 4.173429 6.966407 5.089848
v 3.474224 7.342180 5.089565
v 2.730901 7.620676 5.089519
v 1.961580 7.819645 5.090014
v 1.180567 7.969841 5.090914
v 0.391210 8.084044 5.091666
v -0.406568 8.141618 5.091656
v -1.205300 8.104448 5.090872
v -1.989669 7.949707 5.089964
v -2.747253 7.688922 5.089515
v -3.477060 7.356171 5.089599
v -4.183839 6.977606 5.089871
v -4.862571 6.551754 5.089840
v -5.491338 6.058066 5.089332
v -6.043814 5.482906 5.088735
v -6.511091 4.836761 5.088583
v -6.910388 4.147334 5.089078
v -7.268908 3.437840 5.090021
v -7.595755 2.713213 5.090876
v -7.869143 1.966075 5.091096
v -8.052955 1.192663 5.090715
v -8.127840 0.400827 5.090306
v -8.107222 -0.396339 5.090328
v -8.022701 -1.191113 5.090748
v -7.892617 -1.981758 5.091109
v -7.704083 -2.762082 5.090864
v -7.425760 -3.514010 5.089973
v -7.038507 -4.214845 5.089018
v -6.554635 -4.853733 5.088577
v -6.008521 -5.439600 5.088781
v -5.429204 -5.989311 5.089369
v -4.821791 -6.505398 5.089844
v -4.173429 -6.966407 5.089847
v -3.474224 -7.342180 5.089564
v -2.730901 -7.620676 5.089518
v -1.961580 -7.819645 5.090014
v -1.180567 -7.969841 5.090914
v -0.391210 -8.084044 5.091665
v 0.406568 -8.141618 5.091655
v 1.205300 -8.104448 5.090871
v 1.989669 -7.949707 5.089963
v 2.747253 -7.688922 5.089514
v 3.477060 -7.356171 5.089598
v 4.183839 -6.977606 5.089870
v 4.862571 -6.551754 5.089839
v 5.491338 -6.058067 5.089331
v 6.043814 -5.482907 5.088734
v 6.511091 -4.836762 5.088583
v 6.910388 -4.147335 5.089078
v 7.268908 -3.437840 5.090021
v 7.595755 -2.713214 5.090876
v 7.869143 -1.966075 5.091096
v 8.052955 -1.192663 5.090715
v 8.127840 -0.400828 5.090306
vn -0.0805 -0.0000 -0.9968
vn -0.0800 -0.0054 -0.9968
vn -0.0783 -0.0133 -0.9968
vn -0.0754 -0.0239 -0.9969
vn -0.0717 -0.0346 -0.9968
vn -0.0684 -0.0428 -0.9967
vn -0.0661 -0.0476 -0.9967
vn -0.0639 -0.0505 -0.9967
vn -0.0598 -0.0543 -0.9967
vn -0.0529 -0.0600 -0.9968
vn -0.0441 -0.0664 -0.9968
vn -0.0360 -0.0717 -0.9968
vn -0.0301 -0.0750 -0.9967
vn -0.0259 -0.0767 -0.9967
vn -0.0204 -0.0776 -0.9968
vn -0.0115 -0.0784 -0.9969
vn -0.0000 -0.0787 -0.9969
vn 0.0116 -0.0784 -0.9969
vn 0.0204 -0.0776 -0.9968
vn 0.0258 -0.0767 -0.9967
vn 0.0301 -0.0750 -0.9967
vn 0.0360 -0.0717 -0.9968
vn 0.0441 -0.0664 -0.9968
vn 0.0529 -0.0600 -0.9968
vn 0.0598 -0.0543 -0.9967
vn 0.0639 -0.0506 -0.9967
vn 0.0661 -0.0476 -0.9967
vn 0.0684 -0.0428 -0.9967
vn 0.0717 -0.0346 -0.9968
vn 0.0754 -0.0238 -0.9969
vn 0.0783 -0.0133 -0.9968
vn 0.0800 -0.0054 -0.9968
vn 0.0805 -0.0000 -0.9968
vn 0.0800 0.0054 -0.9968
vn 0.0783 0.0133 -0.9968
vn 0.0754 0.0239 -0.9969
vn 0.0717 0.0346 -0.9968
vn 0.0684 0.0428 -0.9967
vn 0.0661 0.0476 -0.9967
vn 0.0639 0.0505 -0.9967
vn 0.0598 0.0543 -0.9967
vn 0.0529 0.0600 -0.9968
vn 0.0441 0.0664 -0.9968
vn 0.0360 0.0717 -0.9968
vn 0.0301 0.0750 -0.9967
vn 0.0259 0.0767 -0.9967
vn 0.0204 0.0776 -0.9968
vn 0.0115 0.0784 -0.9969
vn -0.0000 0.0787 -0.9969
vn -0.0116 0.0784 -0.9969
vn -0.0204 0.0776 -0.9968
vn -0.0258 0.0767 -0.9967
vn -0.0301 0.0750 -0.9967
vn -0.0360 0.0717 -0.9968
vn -0.0441 0.0664 -0.9968
vn -0.0529 0.0600 -0.9968
vn -0.0598 0.0543 -0.9967
vn -0.0639 0.0506 -0.9967
vn -0.0661 0.0476 -0.9967
vn -0.0684 0.0428 -0.9967
vn -0.0717 0.0346 -0.9968
vn -0.0754 0.0238 -0.9969
vn -0.0783 0.0133 -0.9968
vn -0.0800 0.0054 -0.9968
vn 0.1198 -0.0006 -0.9928
vn 0.1195 0.0081 -0.9928
vn 0.1182 0.0211 -0.9928
vn 0.1146 0.0377 -0.9927
vn 0.1091 0.0532 -0.9926
vn 0.1034 0.0637 -0.9926
vn 0.0992 0.0692 -0.9927
vn 0.0954 0.0736 -0.9927
vn 0.0893 0.0807 -0.9927
vn 0.0791 0.0907 -0.9927
vn 0.0661 0.1006 -0.9927
vn 0.0541 0.1075 -0.9927
vn 0.0455 0.1109 -0.9928
vn 0.0389 0.1130 -0.9928
vn 0.0300 0.1156 -0.9928
vn 0.0160 0.1184 -0.9928
vn -0.0018 0.1200 -0.9928
vn -0.0186 0.1193 -0.9927
vn -0.0303 0.1170 -0.9927
vn -0.0374 0.1146 -0.9927
vn -0.0441 0.1121 -0.9927
vn -0.0542 0.1077 -0.9927
vn -0.0675 0.1002 -0.9927
vn -0.0804 0.0907 -0.9926
vn -0.0891 0.0820 -0.9926
vn -0.0935 0.0760 -0.9927
vn -0.0966 0.0711 -0.9928
vn -0.1015 0.0636 -0.9928
vn -0.1083 0.0509 -0.9928
vn -0.1147 0.0347 -0.9928
vn -0.1185 0.0194 -0.9928
vn -0.1197 0.0084 -0.9928
vn -0.1198 0.0006 -0.9928
vn -0.1195 -0.0081 -0.9928
vn -0.1182 -0.0211 -0.9928
vn -0.1146 -0.0377 -0.9927
vn -0.1091 -0.0532 -0.9926
vn -0.1034 -0.0637 -0.9926
vn -0.0992 -0.0692 -0.9927
vn -0.0954 -0.0736 -0.9927
vn -0.0893 -0.0807 -0.9927
vn -0.0791 -0.0907 -0.9927
vn -0.0661 -0.1006 -0.9927
vn -0.0541 -0.1075 -0.9927
vn -0.0455 -0.1109 -0.9928
vn -0.0389 -0.1130 -0.9928
vn -0.0300 -0.1156 -0.9928
vn -0.0160 -0.1184 -0.9928
vn 0.0018 -0.1200 -0.9928
vn 0.0186 -0.1193 -0.9927
vn 0.0303 -0.1170 -0.9927
vn 0.0374 -0.1146 -0.9927
vn 0.0441 -0.1121 -0.9927
vn 0.0542 -0.1077 -0.9927
vn 0.0675 -0.1002 -0.9927
vn 0.0804 -0.0907 -0.9926
vn 0.0891 -0.0820 -0.9926
vn 0.0935 -0.0760 -0.9927
vn 0.0966 -0.0711 -0.9928
vn 0.1015 -0.0636 -0.9928
vn 0.1083 -0.0509 -0.9928
vn 0.1147 -0.0347 -0.9928
vn 0.1185 -0.0194 -0.9928
vn 0.1197 -0.0084 -0.9928
vn 0.5415 -0.0078 -0.8406
vn 0.5403 0.0418 -0.8404
vn 0.5350 0.1084 -0.8378
vn 0.5206 0.1801 -0.8346
vn 0.4981 0.2373 -0.8340
vn 0.4742 0.2715 -0.8375
vn 0.4522 0.2927 -0.8426
vn 0.4273 0.3195 -0.8458
vn 0.3920 0.3614 -0.8460
vn 0.3442 0.4115 -0.8439
vn 0.2920 0.4539 -0.8418
vn 0.2470 0.4795 -0.8421
vn 0.2115 0.4926 -0.8441
vn 0.1750 0.5047 -0.8454
vn 0.1234 0.5221 -0.8439
vn 0.0535 0.5403 -0.8398
vn -0.0222 0.5499 -0.8350
vn -0.0843 0.5467 -0.8331
vn -0.1252 0.5352 -0.8354
vn -0.1556 0.5210 -0.8393
vn -0.1938 0.5043 -0.8415
vn -0.2480 0.4806 -0.8411
vn -0.3086 0.4474 -0.8394
vn -0.3581 0.4097 -0.8390
vn -0.3874 0.3762 -0.8417
vn -0.4042 0.3486 -0.8457
vn -0.4241 0.3180 -0.8480
vn -0.4556 0.2732 -0.8472
vn -0.4933 0.2119 -0.8436
vn -0.5239 0.1447 -0.8394
vn -0.5392 0.0874 -0.8376
vn -0.5424 0.0454 -0.8389
vn -0.5415 0.0078 -0.8406
vn -0.5403 -0.0418 -0.8404
vn -0.5350 -0.1084 -0.8378
vn -0.5206 -0.1801 -0.8346
vn -0.4981 -0.2373 -0.8340
vn -0.4742 -0.2714 -0.8375
vn -0.4522 -0.2927 -0.8426
vn -0.4273 -0.3195 -0.8458
vn -0.3920 -0.3614 -0.8460
vn -0.3442 -0.4115 -0.8439
vn -0.2920 -0.4539 -0.8418
vn -0.2470 -0.4795 -0.8421
vn -0.2115 -0.4926 -0.8441
vn -0.1750 -0.5047 -0.8454
vn -0.1234 -0.5221 -0.8439
vn -0.0535 -0.5403 -0.8398
vn 0.0222 -0.5499 -0.8350
vn 0.0843 -0.5467 -0.8331
vn 0.1252 -0.5352 -0.8354
vn 0.1556 -0.5210 -0.8393
vn 0.1938 -0.5043 -0.8415
vn 0.2480 -0.4806 -0.8411
vn 0.3086 -0.4474 -0.8394
vn 0.3581 -0.4097 -0.8390
vn 0.3874 -0.3762 -0.8417
vn 0.4042 -0.3486 -0.8457
vn 0.4241 -0.3180 -0.8480
vn 0.4556 -0.2732 -0.8472
vn 0.4933 -0.2119 -0.8436
vn 0.5239 -0.1447 -0.8394
vn 0.5392 -0.0874 -0.8376
vn 0.5424 -0.0454 -0.8389
vn 0.8129 -0.0121 -0.5823
vn 0.8126 0.0831 -0.5769
vn 0.8004 0.1815 -0.5714
vn 0.7759 0.2615 -0.5741
vn 0.7460 0.3157 -0.5863
vn 0.7149 0.3586 -0.6002
vn 0.6796 0.4125 -0.6067
vn 0.6329 0.4864 -0.6024
vn 0.5717 0.5687 -0.5914
vn 0.5037 0.6381 -0.5823
vn 0.4410 0.6836 -0.5815
vn 0.3857 0.7122 -0.5865
vn 0.3260 0.7395 -0.5890
vn 0.2480 0.7735 -0.5832
vn 0.1503 0.8071 -0.5710
vn 0.0490 0.8265 -0.5608
vn -0.0346 0.8267 -0.5616
vn -0.0946 0.8136 -0.5737
vn -0.1461 0.7956 -0.5880
vn -0.2104 0.7755 -0.5953
vn -0.2949 0.7489 -0.5934
vn -0.3859 0.7113 -0.5875
vn -0.4618 0.6660 -0.5858
vn -0.5134 0.6213 -0.5919
vn -0.5515 0.5788 -0.6006
vn -0.5958 0.5302 -0.6033
vn -0.6552 0.4646 -0.5957
vn -0.7197 0.3803 -0.5808
vn -0.7704 0.2900 -0.5678
vn -0.7974 0.2113 -0.5652
vn -0.8064 0.1486 -0.5724
vn -0.8094 0.0881 -0.5806
vn -0.8129 0.0121 -0.5823
vn -0.8126 -0.0831 -0.5769
vn -0.8004 -0.1815 -0.5714
vn -0.7759 -0.2615 -0.5741
vn -0.7460 -0.3157 -0.5863
vn -0.7149 -0.3586 -0.6002
vn -0.6796 -0.4125 -0.6067
vn -0.6329 -0.4864 -0.6024
vn -0.5717 -0.5687 -0.5914
vn -0.5037 -0.6381 -0.5823
vn -0.4410 -0.6836 -0.5815
vn -0.3857 -0.7122 -0.5865
vn -0.3260 -0.7395 -0.5890
vn -0.2480 -0.7735 -0.5832
vn -0.1503 -0.8071 -0.5710
vn -0.0490 -0.8265 -0.5608
vn 0.0346 -0.8267 -0.5616
vn 0.0946 -0.8136 -0.5737
vn 0.1461 -0.7956 -0.5880
vn 0.2104 -0.7755 -0.5953
vn 0.2949 -0.7489 -0.5934
vn 0.3859 -0.7113 -0.5875
vn 0.4618 -0.6660 -0.5858
vn 0.5134 -0.6213 -0.5919
vn 0.5515 -0.5788 -0.6006
vn 0.5958 -0.5302 -0.6033
vn 0.6552 -0.4646 -0.5957
vn 0.7197 -0.3803 -0.5808
vn 0.7704 -0.2900 -0.5678
vn 0.7974 -0.2113 -0.5652
vn 0.8064 -0.1486 -0.5724
vn 0.8094 -0.0881 -0.5806
vn 0.9485 0.0047 -0.3167
vn 0.9442 0.1136 -0.3092
vn 0.9283 0.1961 -0.3158
vn 0.9062 0.2567 -0.3360
vn 0.8785 0.3195 -0.3552
vn 0.8408 0.4060 -0.3580
vn 0.7873 0.5140 -0.3405
vn 0.7196 0.6196 -0.3134
vn 0.6510 0.6994 -0.2950
vn 0.5916 0.7502 -0.2954
vn 0.5342 0.7876 -0.3070
vn 0.4619 0.8296 -0.3137
vn 0.3649 0.8794 -0.3059
vn 0.2526 0.9234 -0.2890
vn 0.1493 0.9484 -0.2796
vn 0.0721 0.9541 -0.2906
vn 0.0130 0.9481 -0.3178
vn -0.0534 0.9377 -0.3434
vn -0.1464 0.9243 -0.3524
vn -0.2615 0.9023 -0.3427
vn -0.3739 0.8682 -0.3263
vn -0.4608 0.8281 -0.3192
vn -0.5220 0.7881 -0.3263
vn -0.5775 0.7436 -0.3370
vn -0.6478 0.6836 -0.3361
vn -0.7332 0.6014 -0.3173
vn -0.8136 0.5041 -0.2897
vn -0.8695 0.4122 -0.2721
vn -0.8986 0.3403 -0.2769
vn -0.9125 0.2799 -0.2984
vn -0.9247 0.2084 -0.3187
vn -0.9394 0.1110 -0.3244
vn -0.9485 -0.0047 -0.3167
vn -0.9442 -0.1136 -0.3092
vn -0.9283 -0.1961 -0.3158
vn -0.9062 -0.2567 -0.3360
vn -0.8785 -0.3195 -0.3552
vn -0.8408 -0.4060 -0.3580
vn -0.7873 -0.5140 -0.3405
vn -0.7196 -0.6196 -0.3134
vn -0.6510 -0.6994 -0.2950
vn -0.5916 -0.7502 -0.2954
vn -0.5342 -0.7876 -0.3070
vn -0.4619 -0.8296 -0.3137
vn -0.3649 -0.8794 -0.3059
vn -0.2526 -0.9234 -0.2890
vn -0.1493 -0.9484 -0.2796
vn -0.0721 -0.9541 -0.2906
vn -0.0130 -0.9481 -0.3178
vn 0.0534 -0.9377 -0.3434
vn 0.1464 -0.9243 -0.3524
vn 0.2615 -0.9023 -0.3427
vn 0.3739 -0.8682 -0.3263
vn 0.4608 -0.8281 -0.3192
vn 0.5220 -0.7881 -0.3263
vn 0.5775 -0.7436 -0.3370
vn 0.6478 -0.6836 -0.3361
vn 0.7332 -0.6014 -0.3173
vn 0.8136 -0.5041 -0.2897
vn 0.8695 -0.4122 -0.2721
vn 0.8986 -0.3403 -0.2769
vn 0.9125 -0.2799 -0.2984
vn 0.9247 -0.2084 -0.3187
vn 0.9394 -0.1110 -0.3244
vn 0.9945 0.0210 0.1027
vn 0.9885 0.1125 0.1014
vn 0.9813 0.1754 0.0795
vn 0.9689 0.2412 0.0557
vn 0.9395 0.3383 0.0545
vn 0.8824 0.4630 0.0837
vn 0.8029 0.5826 0.1261
vn 0.7269 0.6691 0.1548
vn 0.6735 0.7228 0.1547
vn 0.6317 0.7636 0.1334
vn 0.5719 0.8123 0.1147
vn 0.4763 0.8716 0.1163
vn 0.3566 0.9247 0.1335
vn 0.2468 0.9583 0.1442
vn 0.1716 0.9766 0.1299
vn 0.1212 0.9883 0.0922
vn 0.0593 0.9967 0.0547
vn -0.0421 0.9982 0.0431
vn -0.1768 0.9822 0.0628
vn -0.3096 0.9461 0.0952
vn -0.4093 0.9051 0.1150
vn -0.4756 0.8726 0.1115
vn -0.5339 0.8400 0.0971
vn -0.6101 0.7866 0.0951
vn -0.7043 0.7002 0.1172
vn -0.7914 0.5923 0.1512
vn -0.8515 0.4953 0.1719
vn -0.8874 0.4315 0.1622
vn -0.9128 0.3882 0.1269
vn -0.9397 0.3298 0.0905
vn -0.9697 0.2319 0.0767
vn -0.9908 0.1034 0.0872
vn -0.9945 -0.0210 0.1027
vn -0.9885 -0.1125 0.1014
vn -0.9813 -0.1754 0.0795
vn -0.9689 -0.2412 0.0557
vn -0.9395 -0.3383 0.0545
vn -0.8824 -0.4630 0.0837
vn -0.8029 -0.5826 0.1261
vn -0.7269 -0.6691 0.1548
vn -0.6735 -0.7228 0.1547
vn -0.6317 -0.7636 0.1334
vn -0.5719 -0.8123 0.1147
vn -0.4763 -0.8716 0.1163
vn -0.3566 -0.9247 0.1335
vn -0.2468 -0.9583 0.1442
vn -0.1716 -0.9766 0.1299
vn -0.1212 -0.9883 0.0922
vn -0.0593 -0.9967 0.0547
vn 0.0421 -0.9982 0.0431
vn 0.1768 -0.9822 0.0628
vn 0.3096 -0.9461 0.0952
vn 0.4093 -0.9051 0.1150
vn 0.4756 -0.8726 0.1115
vn 0.5339 -0.8400 0.0971
vn 0.6101 -0.7866 0.0951
vn 0.7043 -0.7002 0.1172
vn 0.7914 -0.5923 0.1512
vn 0.8515 -0.4953 0.1719
vn 0.8874 -0.4315 0.1622
vn 0.9128 -0.3882 0.1269
vn 0.9397 -0.3298 0.0905
vn 0.9697 -0.2319 0.0767
vn 0.9908 -0.1034 0.0872
vn 0.0247 0.0006 0.9997
vn 0.0240 0.0027 0.9997
vn 0.0284 0.0049 0.9996
vn 0.0328 0.0079 0.9994
vn 0.0301 0.0108 0.9995
vn 0.0203 0.0109 0.9997
vn 0.0102 0.0076 0.9999
vn 0.0051 0.0049 1.0000
vn 0.0059 0.0065 1.0000
vn 0.0102 0.0123 0.9999
vn 0.0128 0.0180 0.9998
vn 0.0108 0.0196 0.9997
vn 0.0066 0.0175 0.9998
vn 0.0042 0.0163 0.9999
vn 0.0038 0.0207 0.9998
vn 0.0042 0.0306 0.9995
vn 0.0029 0.0396 0.9992
vn -0.0016 0.0398 0.9992
vn -0.0058 0.0309 0.9995
vn -0.0069 0.0204 0.9998
vn -0.0067 0.0146 0.9999
vn -0.0082 0.0150 0.9999
vn -0.0113 0.0179 0.9998
vn -0.0135 0.0175 0.9998
vn -0.0123 0.0121 0.9999
vn -0.0084 0.0061 0.9999
vn -0.0064 0.0036 1.0000
vn -0.0105 0.0051 0.9999
vn -0.0203 0.0089 0.9998
vn -0.0302 0.0110 0.9995
vn -0.0336 0.0082 0.9994
vn -0.0298 0.0030 0.9996
vn -0.0247 -0.0006 0.9997
vn -0.0240 -0.0027 0.9997
vn -0.0284 -0.0049 0.9996
vn -0.0328 -0.0079 0.9994
vn -0.0301 -0.0108 0.9995
vn -0.0203 -0.0109 0.9997
vn -0.0102 -0.0076 0.9999
vn -0.0051 -0.0049 1.0000
vn -0.0059 -0.0065 1.0000
vn -0.0102 -0.0123 0.9999
vn -0.0128 -0.0180 0.9998
vn -0.0108 -0.0196 0.9997
vn -0.0066 -0.0175 0.9998
vn -0.0042 -0.0163 0.9999
vn -0.0038 -0.0207 0.9998
vn -0.0042 -0.0306 0.9995
vn -0.0029 -0.0396 0.9992
vn 0.0016 -0.0398 0.9992
vn 0.0058 -0.0309 0.9995
vn 0.0069 -0.0204 0.9998
vn 0.0067 -0.0146 0.9999
vn 0.0082 -0.0150 0.9999
vn 0.0113 -0.0179 0.9998
vn 0.0135 -0.0175 0.9998
vn 0.0123 -0.0121 0.9999
vn 0.0084 -0.0061 0.9999
vn 0.0064 -0.0036 1.0000
vn 0.0105 -0.0051 0.9999
vn 0.0203 -0.0089 0.9998
vn 0.0302 -0.0110 0.9995
vn 0.0336 -0.0082 0.9994
vn 0.0298 -0.0030 0.9996
vn -0.0887 -0.0000 0.9961
vn -0.0882 -0.0058 0.9961
vn -0.0864 -0.0144 0.9962
vn -0.0832 -0.0261 0.9962
vn -0.0791 -0.0382 0.9961
vn -0.0753 -0.0474 0.9960
vn -0.0727 -0.0526 0.9960
vn -0.0704 -0.0557 0.9960
vn -0.0661 -0.0598 0.9960
vn -0.0584 -0.0661 0.9961
vn -0.0487 -0.0732 0.9961
vn -0.0395 -0.0792 0.9961
vn -0.0330 -0.0827 0.9960
vn -0.0285 -0.0844 0.9960
vn -0.0226 -0.0855 0.9961
vn -0.0130 -0.0865 0.9962
vn -0.0002 -0.0869 0.9962
vn 0.0128 -0.0865 0.9962
vn 0.0226 -0.0855 0.9961
vn 0.0286 -0.0844 0.9960
vn 0.0331 -0.0826 0.9960
vn 0.0395 -0.0791 0.9961
vn 0.0486 -0.0733 0.9961
vn 0.0584 -0.0661 0.9961
vn 0.0661 -0.0597 0.9960
vn 0.0705 -0.0555 0.9960
vn 0.0728 -0.0524 0.9960
vn 0.0754 -0.0474 0.9960
vn 0.0791 -0.0383 0.9961
vn 0.0832 -0.0264 0.9962
vn 0.0864 -0.0146 0.9962
vn 0.0882 -0.0058 0.9961
vn 0.0887 -0.0000 0.9961
vn 0.0882 0.0058 0.9961
vn 0.0864 0.0144 0.9962
vn 0.0832 0.0261 0.9962
vn 0.0791 0.0382 0.9961
vn 0.0753 0.0474 0.9960
vn 0.0727 0.0526 0.9960
vn 0.0704 0.0557 0.9960
vn 0.0661 0.0598 0.9960
vn 0.0584 0.0661 0.9961
vn 0.0487 0.0732 0.9961
vn 0.0395 0.0792 0.9961
vn 0.0330 0.0827 0.9960
vn 0.0285 0.0844 0.9960
vn 0.0226 0.0855 0.9961
vn 0.0130 0.0865 0.9962
vn 0.0002 0.0869 0.9962
vn -0.0128 0.0865 0.9962
vn -0.0226 0.0855 0.9961
vn -0.0286 0.0844 0.9960
vn -0.0331 0.0826 0.9960
vn -0.0395 0.0791 0.9961
vn -0.0486 0.0733 0.9961
vn -0.0584 0.0661 0.9961
vn -0.0661 0.0597 0.9960
vn -0.0705 0.0555 0.9960
vn -0.0728 0.0524 0.9960
vn -0.0754 0.0474 0.9960
vn -0.0791 0.0383 0.9961
vn -0.0832 0.0264 0.9962
vn -0.0864 0.0146 0.9962
vn -0.0882 0.0058 0.9961
vn -0.1185 0.0006 0.9930
vn -0.1182 -0.0076 0.9930
vn -0.1169 -0.0203 0.9929
vn -0.1132 -0.0369 0.9929
vn -0.1076 -0.0529 0.9928
vn -0.1020 -0.0636 0.9927
vn -0.0980 -0.0691 0.9928
vn -0.0946 -0.0731 0.9928
vn -0.0887 -0.0798 0.9929
vn -0.0786 -0.0896 0.9929
vn -0.0654 -0.0996 0.9929
vn -0.0533 -0.1066 0.9929
vn -0.0448 -0.1100 0.9929
vn -0.0386 -0.1120 0.9930
vn -0.0303 -0.1143 0.9930
vn -0.0166 -0.1169 0.9930
vn 0.0013 -0.1184 0.9930
vn 0.0185 -0.1177 0.9929
vn 0.0305 -0.1155 0.9928
vn 0.0374 -0.1133 0.9929
vn 0.0437 -0.1110 0.9929
vn 0.0534 -0.1067 0.9929
vn 0.0666 -0.0992 0.9928
vn 0.0797 -0.0895 0.9928
vn 0.0886 -0.0808 0.9928
vn 0.0930 -0.0751 0.9928
vn 0.0959 -0.0706 0.9929
vn 0.1004 -0.0634 0.9929
vn 0.1069 -0.0510 0.9930
vn 0.1132 -0.0346 0.9930
vn 0.1171 -0.0191 0.9929
vn 0.1184 -0.0080 0.9929
vn 0.1185 -0.0006 0.9930
vn 0.1182 0.0076 0.9930
vn 0.1169 0.0203 0.9929
vn 0.1132 0.0369 0.9929
vn 0.1076 0.0529 0.9928
vn 0.1020 0.0636 0.9927
vn 0.0980 0.0691 0.9928
vn 0.0946 0.0731 0.9928
vn 0.0887 0.0798 0.9929
vn 0.0786 0.0896 0.9929
vn 0.0654 0.0996 0.9929
vn 0.0533 0.1066 0.9929
vn 0.0448 0.1100 0.9929
vn 0.0386 0.1120 0.9930
vn 0.0303 0.1143 0.9930
vn 0.0166 0.1169 0.9930
vn -0.0013 0.1184 0.9930
vn -0.0185 0.1177 0.9929
vn -0.0305 0.1155 0.9928
vn -0.0374 0.1133 0.9929
vn -0.0437 0.1110 0.9929
vn -0.0534 0.1067 0.9929
vn -0.0666 0.0992 0.9928
vn -0.0797 0.0895 0.9928
vn -0.0886 0.0808 0.9928
vn -0.0930 0.0751 0.9928
vn -0.0959 0.0706 0.9929
vn -0.1004 0.0634 0.9929
vn -0.1069 0.0510 0.9930
vn -0.1132 0.0346 0.9930
vn -0.1171 0.0191 0.9929
vn -0.1184 0.0080 0.9929
vn -0.5411 0.0080 0.8409
vn -0.5398 -0.0413 0.8408
vn -0.5346 -0.1083 0.8382
vn -0.5202 -0.1806 0.8347
vn -0.4979 -0.2381 0.8339
vn -0.4742 -0.2719 0.8374
vn -0.4523 -0.2925 0.8425
vn -0.4274 -0.3187 0.8460
vn -0.3920 -0.3605 0.8464
vn -0.3439 -0.4108 0.8444
vn -0.2915 -0.4536 0.8422
vn -0.2466 -0.4792 0.8423
vn -0.2116 -0.4920 0.8445
vn -0.1754 -0.5037 0.8459
vn -0.1239 -0.5209 0.8446
vn -0.0535 -0.5394 0.8404
vn 0.0227 -0.5494 0.8353
vn 0.0851 -0.5465 0.8331
vn 0.1257 -0.5352 0.8353
vn 0.1555 -0.5210 0.8393
vn 0.1934 -0.5043 0.8416
vn 0.2476 -0.4804 0.8414
vn 0.3087 -0.4470 0.8396
vn 0.3584 -0.4093 0.8391
vn 0.3875 -0.3760 0.8417
vn 0.4037 -0.3486 0.8458
vn 0.4230 -0.3182 0.8484
vn 0.4542 -0.2735 0.8479
vn 0.4922 -0.2117 0.8443
vn 0.5233 -0.1441 0.8399
vn 0.5389 -0.0868 0.8379
vn 0.5421 -0.0452 0.8391
vn 0.5411 -0.0080 0.8409
vn 0.5398 0.0413 0.8408
vn 0.5346 0.1083 0.8382
vn 0.5202 0.1806 0.8347
vn 0.4979 0.2381 0.8339
vn 0.4742 0.2719 0.8374
vn 0.4523 0.2925 0.8425
vn 0.4274 0.3187 0.8460
vn 0.3920 0.3605 0.8464
vn 0.3439 0.4108 0.8444
vn 0.2915 0.4536 0.8422
vn 0.2466 0.4792 0.8423
vn 0.2116 0.4920 0.8445
vn 0.1754 0.5037 0.8459
vn 0.1239 0.5209 0.8446
vn 0.0535 0.5394 0.8404
vn -0.0227 0.5494 0.8353
vn -0.0851 0.5465 0.8331
vn -0.1257 0.5352 0.8353
vn -0.1555 0.5210 0.8393
vn -0.1934 0.5043 0.8416
vn -0.2476 0.4804 0.8414
vn -0.3087 0.4470 0.8396
vn -0.3584 0.4093 0.8391
vn -0.3875 0.3760 0.8417
vn -0.4037 0.3486 0.8458
vn -0.4230 0.3182 0.8484
vn -0.4542 0.2735 0.8479
vn -0.4922 0.2117 0.8443
vn -0.5233 0.1441 0.8399
vn -0.5389 0.0868 0.8379
vn -0.5421 0.0452 0.8391
vn -0.8131 0.0126 0.5821
vn -0.8128 -0.0832 0.5765
vn -0.8007 -0.1825 0.5707
vn -0.7762 -0.2625 0.5733
vn -0.7463 -0.3160 0.5858
vn -0.7152 -0.3580 0.6003
vn -0.6799 -0.4111 0.6073
vn -0.6331 -0.4852 0.6032
vn -0.5715 -0.5684 0.5918
vn -0.5032 -0.6385 0.5823
vn -0.4407 -0.6840 0.5814
vn -0.3858 -0.7121 0.5866
vn -0.3266 -0.7390 0.5893
vn -0.2486 -0.7732 0.5835
vn -0.1500 -0.8073 0.5707
vn -0.0478 -0.8272 0.5599
vn 0.0358 -0.8273 0.5605
vn 0.0951 -0.8141 0.5729
vn 0.1457 -0.7959 0.5876
vn 0.2096 -0.7757 0.5953
vn 0.2944 -0.7490 0.5935
vn 0.3861 -0.7112 0.5874
vn 0.4623 -0.6658 0.5856
vn 0.5135 -0.6213 0.5919
vn 0.5508 -0.5792 0.6010
vn 0.5944 -0.5308 0.6041
vn 0.6541 -0.4652 0.5965
vn 0.7196 -0.3802 0.5811
vn 0.7710 -0.2892 0.5674
vn 0.7982 -0.2105 0.5645
vn 0.8069 -0.1483 0.5718
vn 0.8096 -0.0885 0.5803
vn 0.8131 -0.0126 0.5821
vn 0.8128 0.0832 0.5765
vn 0.8007 0.1825 0.5707
vn 0.7762 0.2625 0.5733
vn 0.7463 0.3160 0.5858
vn 0.7152 0.3580 0.6003
vn 0.6799 0.4111 0.6073
vn 0.6331 0.4852 0.6032
vn 0.5715 0.5684 0.5918
vn 0.5032 0.6385 0.5823
vn 0.4407 0.6840 0.5814
vn 0.3858 0.7121 0.5866
vn 0.3266 0.7390 0.5893
vn 0.2486 0.7732 0.5835
vn 0.1500 0.8073 0.5707
vn 0.0478 0.8272 0.5599
vn -0.0358 0.8273 0.5605
vn -0.0951 0.8141 0.5729
vn -0.1457 0.7959 0.5876
vn -0.2096 0.7757 0.5953
vn -0.2944 0.7490 0.5935
vn -0.3861 0.7112 0.5874
vn -0.4623 0.6658 0.5856
vn -0.5135 0.6213 0.5919
vn -0.5508 0.5792 0.6010
vn -0.5944 0.5308 0.6041
vn -0.6541 0.4652 0.5965
vn -0.7196 0.3802 0.5811
vn -0.7710 0.2892 0.5674
vn -0.7982 0.2105 0.5645
vn -0.8069 0.1483 0.5718
vn -0.8096 0.0885 0.5803
vn -0.9424 -0.0045 0.3345
vn -0.9383 -0.1138 0.3266
vn -0.9223 -0.1959 0.3332
vn -0.8998 -0.2551 0.3540
vn -0.8719 -0.3160 0.3742
vn -0.8347 -0.4007 0.3778
vn -0.7820 -0.5087 0.3603
vn -0.7148 -0.6154 0.3322
vn -0.6464 -0.6959 0.3128
vn -0.5873 -0.7465 0.3129
vn -0.5308 -0.7828 0.3248
vn -0.4596 -0.8238 0.3319
vn -0.3632 -0.8736 0.3239
vn -0.2507 -0.9184 0.3061
vn -0.1470 -0.9439 0.2958
vn -0.0701 -0.9492 0.3068
vn -0.0123 -0.9422 0.3347
vn 0.0522 -0.9309 0.3615
vn 0.1437 -0.9173 0.3714
vn 0.2584 -0.8957 0.3619
vn 0.3713 -0.8621 0.3450
vn 0.4583 -0.8223 0.3374
vn 0.5186 -0.7824 0.3447
vn 0.5726 -0.7385 0.3561
vn 0.6417 -0.6796 0.3556
vn 0.7274 -0.5981 0.3364
vn 0.8091 -0.5008 0.3075
vn 0.8658 -0.4087 0.2886
vn 0.8947 -0.3370 0.2931
vn 0.9075 -0.2776 0.3151
vn 0.9186 -0.2074 0.3362
vn 0.9329 -0.1111 0.3425
vn 0.9424 0.0045 0.3345
vn 0.9383 0.1138 0.3266
vn 0.9223 0.1959 0.3332
vn 0.8998 0.2551 0.3540
vn 0.8719 0.3160 0.3742
vn 0.8347 0.4007 0.3778
vn 0.7820 0.5087 0.3603
vn 0.7148 0.6154 0.3322
vn 0.6464 0.6959 0.3128
vn 0.5873 0.7465 0.3129
vn 0.5308 0.7828 0.3248
vn 0.4596 0.8238 0.3319
vn 0.3632 0.8736 0.3239
vn 0.2507 0.9184 0.3061
vn 0.1470 0.9439 0.2958
vn 0.0701 0.9492 0.3068
vn 0.0123 0.9422 0.3347
vn -0.0522 0.9309 0.3615
vn -0.1437 0.9173 0.3714
vn -0.2584 0.8957 0.3619
vn -0.3713 0.8621 0.3450
vn -0.4583 0.8223 0.3374
vn -0.5186 0.7824 0.3447
vn -0.5726 0.7385 0.3561
vn -0.6417 0.6796 0.3556
vn -0.7274 0.5981 0.3364
vn -0.8091 0.5008 0.3075
vn -0.8658 0.4087 0.2886
vn -0.8947 0.3370 0.2931
vn -0.9075 0.2776 0.3151
vn -0.9186 0.2074 0.3362
vn -0.9329 0.1111 0.3425
vn -0.9995 -0.0214 -0.0212
vn -0.9933 -0.1140 -0.0197
vn -0.9842 -0.1767 0.0066
vn -0.9699 -0.2410 0.0353
vn -0.9408 -0.3369 0.0372
vn -0.8863 -0.4631 0.0022
vn -0.8086 -0.5863 -0.0493
vn -0.7327 -0.6754 -0.0835
vn -0.6786 -0.7298 -0.0827
vn -0.6358 -0.7698 -0.0569
vn -0.5755 -0.8171 -0.0344
vn -0.4798 -0.8766 -0.0365
vn -0.3591 -0.9315 -0.0575
vn -0.2477 -0.9663 -0.0706
vn -0.1713 -0.9838 -0.0535
vn -0.1203 -0.9927 -0.0088
vn -0.0593 -0.9976 0.0360
vn 0.0406 -0.9979 0.0503
vn 0.1756 -0.9841 0.0268
vn 0.3106 -0.9505 -0.0123
vn 0.4122 -0.9104 -0.0358
vn 0.4788 -0.8773 -0.0312
vn 0.5363 -0.8439 -0.0136
vn 0.6119 -0.7908 -0.0110
vn 0.7079 -0.7053 -0.0377
vn 0.7981 -0.5973 -0.0790
vn 0.8603 -0.4991 -0.1037
vn 0.8963 -0.4339 -0.0916
vn 0.9197 -0.3895 -0.0495
vn 0.9437 -0.3309 -0.0062
vn 0.9723 -0.2334 0.0104
vn 0.9945 -0.1044 -0.0025
vn 0.9995 0.0214 -0.0212
vn 0.9933 0.1140 -0.0197
vn 0.9842 0.1767 0.0066
vn 0.9699 0.2410 0.0353
vn 0.9408 0.3369 0.0372
vn 0.8863 0.4631 0.0022
vn 0.8086 0.5863 -0.0493
vn 0.7327 0.6754 -0.0835
vn 0.6786 0.7298 -0.0827
vn 0.6358 0.7698 -0.0569
vn 0.5755 0.8171 -0.0344
vn 0.4798 0.8766 -0.0365
vn 0.3591 0.9315 -0.0575
vn 0.2477 0.9663 -0.0706
vn 0.1713 0.9838 -0.0535
vn 0.1203 0.9927 -0.0088
vn 0.0593 0.9976 0.0360
vn -0.0406 0.9979 0.0503
vn -0.1756 0.9841 0.0268
vn -0.3106 0.9505 -0.0123
vn -0.4122 0.9104 -0.0358
vn -0.4788 0.8773 -0.0312
vn -0.5363 0.8439 -0.0136
vn -0.6119 0.7908 -0.0110
vn -0.7079 0.7053 -0.0377
vn -0.7981 0.5973 -0.0790
vn -0.8603 0.4991 -0.1037
vn -0.8963 0.4339 -0.0916
vn -0.9197 0.3895 -0.0495
vn -0.9437 0.3309 -0.0062
vn -0.9723 0.2334 0.0104
vn -0.9945 0.1044 -0.0025
vn -0.9937 -0.0258 -0.1092
vn -0.9891 -0.1065 -0.1013
vn -0.9830 -0.1630 -0.0847
vn -0.9692 -0.2337 -0.0774
vn -0.9345 -0.3434 -0.0940
vn -0.8695 -0.4775 -0.1266
vn -0.7887 -0.5958 -0.1518
vn -0.7221 -0.6739 -0.1562
vn -0.6801 -0.7192 -0.1424
vn -0.6415 -0.7572 -0.1227
vn -0.5758 -0.8096 -0.1140
vn -0.4708 -0.8738 -0.1216
vn -0.3482 -0.9281 -0.1317
vn -0.2472 -0.9605 -0.1277
vn -0.1854 -0.9769 -0.1062
vn -0.1406 -0.9871 -0.0770
vn -0.0717 -0.9956 -0.0604
vn 0.0443 -0.9965 -0.0716
vn 0.1902 -0.9766 -0.1007
vn 0.3220 -0.9386 -0.1237
vn 0.4118 -0.9022 -0.1285
vn 0.4696 -0.8747 -0.1195
vn 0.5282 -0.8417 -0.1115
vn 0.6120 -0.7818 -0.1193
vn 0.7127 -0.6872 -0.1409
vn 0.7999 -0.5792 -0.1573
vn 0.8556 -0.4941 -0.1544
vn 0.8858 -0.4448 -0.1323
vn 0.9078 -0.4069 -0.1016
vn 0.9361 -0.3419 -0.0819
vn 0.9691 -0.2315 -0.0853
vn 0.9903 -0.0949 -0.1012
vn 0.9937 0.0258 -0.1092
vn 0.9891 0.1065 -0.1013
vn 0.9830 0.1630 -0.0847
vn 0.9692 0.2337 -0.0774
vn 0.9345 0.3434 -0.0940
vn 0.8695 0.4775 -0.1266
vn 0.7887 0.5958 -0.1518
vn 0.7221 0.6739 -0.1562
vn 0.6801 0.7192 -0.1424
vn 0.6415 0.7572 -0.1227
vn 0.5758 0.8096 -0.1140
vn 0.4708 0.8738 -0.1216
vn 0.3482 0.9281 -0.1317
vn 0.2472 0.9605 -0.1277
vn 0.1854 0.9769 -0.1062
vn 0.1406 0.9871 -0.0770
vn 0.0717 0.9956 -0.0604
vn -0.0443 0.9965 -0.0716
vn -0.1902 0.9766 -0.1007
vn -0.3220 0.9386 -0.1237
vn -0.4118 0.9022 -0.1285
vn -0.4696 0.8747 -0.1195
vn -0.5282 0.8417 -0.1115
vn -0.6120 0.7818 -0.1194
vn -0.7127 0.6872 -0.1409
vn -0.7999 0.5792 -0.1573
vn -0.8556 0.4941 -0.1544
vn -0.8858 0.4448 -0.1323
vn -0.9078 0.4069 -0.1016
vn -0.9361 0.3419 -0.0819
vn -0.9691 0.2315 -0.0853
vn -0.9903 0.0949 -0.1012
vn 0.0164 -0.0001 -0.9999
vn -0.0804 -0.0025 -0.9968
vn 0.0165 0.0011 -0.9999
vn 0.1197 0.0033 -0.9928
vn -0.0793 -0.0090 -0.9968
vn 0.0164 0.0029 -0.9999
vn 0.1191 0.0140 -0.9928
vn -0.0770 -0.0184 -0.9969
vn 0.0160 0.0052 -0.9999
vn 0.1167 0.0292 -0.9927
vn -0.0736 -0.0294 -0.9969
vn 0.0151 0.0074 -0.9999
vn 0.1120 0.0459 -0.9926
vn -0.0700 -0.0392 -0.9968
vn 0.0142 0.0088 -0.9999
vn 0.1061 0.0592 -0.9926
vn -0.0672 -0.0456 -0.9967
vn 0.0135 0.0095 -0.9999
vn 0.1011 0.0669 -0.9926
vn -0.0651 -0.0491 -0.9967
vn 0.0130 0.0101 -0.9999
vn 0.0974 0.0713 -0.9927
vn -0.0622 -0.0522 -0.9967
vn 0.0124 0.0112 -0.9999
vn 0.0929 0.0767 -0.9927
vn -0.0567 -0.0570 -0.9968
vn 0.0111 0.0126 -0.9999
vn 0.0847 0.0854 -0.9927
vn -0.0486 -0.0632 -0.9968
vn 0.0092 0.0140 -0.9999
vn 0.0727 0.0959 -0.9927
vn -0.0398 -0.0693 -0.9968
vn 0.0075 0.0149 -0.9999
vn 0.0597 0.1046 -0.9927
vn -0.0327 -0.0736 -0.9967
vn 0.0062 0.0153 -0.9999
vn 0.0493 0.1096 -0.9928
vn -0.0279 -0.0760 -0.9967
vn 0.0053 0.0155 -0.9999
vn 0.0422 0.1120 -0.9928
vn -0.0235 -0.0772 -0.9967
vn 0.0042 0.0160 -0.9999
vn 0.0350 0.1142 -0.9928
vn -0.0164 -0.0781 -0.9968
vn 0.0024 0.0165 -0.9999
vn 0.0237 0.1171 -0.9928
vn -0.0059 -0.0787 -0.9969
vn -0.0002 0.0168 -0.9999
vn 0.0073 0.1195 -0.9928
vn 0.0060 -0.0786 -0.9969
vn -0.0026 0.0165 -0.9999
vn -0.0106 0.1199 -0.9927
vn 0.0164 -0.0780 -0.9968
vn -0.0042 0.0161 -0.9999
vn -0.0252 0.1182 -0.9927
vn 0.0234 -0.0772 -0.9967
vn -0.0052 0.0156 -0.9999
vn -0.0342 0.1158 -0.9927
vn 0.0279 -0.0760 -0.9967
vn -0.0061 0.0154 -0.9999
vn -0.0405 0.1135 -0.9927
vn 0.0327 -0.0736 -0.9967
vn -0.0075 0.0149 -0.9999
vn -0.0486 0.1102 -0.9927
vn 0.0398 -0.0693 -0.9968
vn -0.0094 0.0140 -0.9999
vn -0.0606 0.1043 -0.9927
vn 0.0486 -0.0632 -0.9968
vn -0.0112 0.0126 -0.9999
vn -0.0743 0.0955 -0.9926
vn 0.0567 -0.0570 -0.9968
vn -0.0123 0.0113 -0.9999
vn -0.0854 0.0861 -0.9926
vn 0.0622 -0.0522 -0.9967
vn -0.0129 0.0103 -0.9999
vn -0.0917 0.0787 -0.9927
vn 0.0651 -0.0491 -0.9967
vn -0.0133 0.0097 -0.9999
vn -0.0950 0.0737 -0.9927
vn 0.0671 -0.0456 -0.9967
vn -0.0140 0.0088 -0.9999
vn -0.0988 0.0680 -0.9928
vn 0.0700 -0.0392 -0.9968
vn -0.0151 0.0072 -0.9999
vn -0.1047 0.0579 -0.9928
vn 0.0736 -0.0294 -0.9969
vn -0.0160 0.0049 -0.9999
vn -0.1117 0.0430 -0.9928
vn 0.0770 -0.0183 -0.9969
vn -0.0164 0.0027 -0.9999
vn -0.1170 0.0266 -0.9928
vn 0.0793 -0.0089 -0.9968
vn -0.0165 0.0011 -0.9999
vn -0.1194 0.0133 -0.9928
vn 0.0804 -0.0025 -0.9968
vn -0.0164 0.0001 -0.9999
vn -0.1198 0.0043 -0.9928
vn 0.0804 0.0025 -0.9968
vn -0.0165 -0.0011 -0.9999
vn -0.1197 -0.0033 -0.9928
vn 0.0793 0.0090 -0.9968
vn -0.0164 -0.0029 -0.9999
vn -0.1191 -0.0140 -0.9928
vn 0.0770 0.0184 -0.9969
vn -0.0160 -0.0052 -0.9999
vn -0.1167 -0.0292 -0.9927
vn 0.0736 0.0294 -0.9969
vn -0.0151 -0.0074 -0.9999
vn -0.1120 -0.0459 -0.9926
vn 0.0700 0.0392 -0.9968
vn -0.0142 -0.0088 -0.9999
vn -0.1061 -0.0592 -0.9926
vn 0.0672 0.0456 -0.9967
vn -0.0135 -0.0095 -0.9999
vn -0.1011 -0.0669 -0.9926
vn 0.0651 0.0491 -0.9967
vn -0.0130 -0.0101 -0.9999
vn -0.0974 -0.0713 -0.9927
vn 0.0622 0.0522 -0.9967
vn -0.0124 -0.0112 -0.9999
vn -0.0929 -0.0767 -0.9927
vn 0.0567 0.0570 -0.9968
vn -0.0111 -0.0126 -0.9999
vn -0.0847 -0.0854 -0.9927
vn 0.0486 0.0632 -0.9968
vn -0.0092 -0.0140 -0.9999
vn -0.0727 -0.0959 -0.9927
vn 0.0398 0.0693 -0.9968
vn -0.0075 -0.0149 -0.9999
vn -0.0597 -0.1046 -0.9927
vn 0.0327 0.0736 -0.9967
vn -0.0062 -0.0153 -0.9999
vn -0.0493 -0.1096 -0.9928
vn 0.0279 0.0760 -0.9967
vn -0.0053 -0.0155 -0.9999
vn -0.0422 -0.1120 -0.9928
vn 0.0235 0.0772 -0.9967
vn -0.0042 -0.0160 -0.9999
vn -0.0350 -0.1142 -0.9928
vn 0.0164 0.0781 -0.9968
vn -0.0024 -0.0165 -0.9999
vn -0.0237 -0.1171 -0.9928
vn 0.0059 0.0787 -0.9969
vn 0.0002 -0.0167 -0.9999
vn -0.0073 -0.1195 -0.9928
vn -0.0060 0.0786 -0.9969
vn 0.0026 -0.0165 -0.9999
vn 0.0106 -0.1199 -0.9927
vn -0.0164 0.0780 -0.9968
vn 0.0042 -0.0161 -0.9999
vn 0.0252 -0.1182 -0.9927
vn -0.0234 0.0772 -0.9967
vn 0.0052 -0.0156 -0.9999
vn 0.0342 -0.1158 -0.9927
vn -0.0279 0.0760 -0.9967
vn 0.0061 -0.0154 -0.9999
vn 0.0405 -0.1135 -0.9927
vn -0.0327 0.0736 -0.9967
vn 0.0075 -0.0149 -0.9999
vn 0.0486 -0.1102 -0.9927
vn -0.0398 0.0693 -0.9968
vn 0.0094 -0.0140 -0.9999
vn 0.0606 -0.1043 -0.9927
vn -0.0486 0.0632 -0.9968
vn 0.0112 -0.0126 -0.9999
vn 0.0743 -0.0955 -0.9926
vn -0.0567 0.0570 -0.9968
vn 0.0123 -0.0113 -0.9999
vn 0.0854 -0.0861 -0.9926
vn -0.0622 0.0522 -0.9967
vn 0.0129 -0.0103 -0.9999
vn 0.0917 -0.0787 -0.9927
vn -0.0651 0.0491 -0.9967
vn 0.0133 -0.0097 -0.9999
vn 0.0950 -0.0737 -0.9927
vn -0.0671 0.0456 -0.9967
vn 0.0140 -0.0088 -0.9999
vn 0.0988 -0.0680 -0.9928
vn -0.0700 0.0392 -0.9968
vn 0.0151 -0.0072 -0.9999
vn 0.1047 -0.0579 -0.9928
vn -0.0736 0.0294 -0.9969
vn 0.0160 -0.0049 -0.9999
vn 0.1117 -0.0430 -0.9928
vn -0.0770 0.0183 -0.9969
vn 0.0164 -0.0027 -0.9999
vn 0.1170 -0.0266 -0.9928
vn -0.0793 0.0089 -0.9968
vn 0.0165 -0.0011 -0.9999
vn 0.1194 -0.0133 -0.9928
vn -0.0804 0.0025 -0.9968
vn 0.1198 -0.0043 -0.9928
vn 0.3222 -0.0031 -0.9467
vn 0.3214 0.0227 -0.9467
vn 0.5411 0.0147 -0.8409
vn 0.3182 0.0601 -0.9461
vn 0.5386 0.0733 -0.8394
vn 0.3094 0.1045 -0.9452
vn 0.5291 0.1449 -0.8361
vn 0.2952 0.1435 -0.9446
vn 0.5100 0.2116 -0.8338
vn 0.2804 0.1681 -0.9450
vn 0.4859 0.2571 -0.8353
vn 0.2681 0.1811 -0.9462
vn 0.4631 0.2825 -0.8401
vn 0.2558 0.1940 -0.9471
vn 0.4407 0.3043 -0.8445
vn 0.2372 0.2152 -0.9473
vn 0.4114 0.3386 -0.8463
vn 0.2090 0.2436 -0.9471
vn 0.3694 0.3863 -0.8452
vn 0.1756 0.2702 -0.9467
vn 0.3179 0.4345 -0.8427
vn 0.1457 0.2874 -0.9467
vn 0.2680 0.4689 -0.8416
vn 0.1238 0.2956 -0.9472
vn 0.2284 0.4870 -0.8430
vn 0.1047 0.3015 -0.9477
vn 0.1944 0.4981 -0.8450
vn 0.0780 0.3097 -0.9476
vn 0.1517 0.5127 -0.8450
vn 0.0383 0.3192 -0.9469
vn 0.0903 0.5317 -0.8421
vn -0.0089 0.3248 -0.9457
vn 0.0151 0.5466 -0.8372
vn -0.0510 0.3234 -0.9449
vn -0.0559 0.5497 -0.8335
vn -0.0793 0.3171 -0.9451
vn -0.1072 0.5416 -0.8338
vn -0.0974 0.3096 -0.9459
vn -0.1405 0.5283 -0.8374
vn -0.1169 0.3012 -0.9464
vn -0.1727 0.5133 -0.8407
vn -0.1463 0.2882 -0.9463
vn -0.2190 0.4937 -0.8416
vn -0.1827 0.2682 -0.9459
vn -0.2786 0.4651 -0.8403
vn -0.2155 0.2438 -0.9456
vn -0.3358 0.4284 -0.8389
vn -0.2361 0.2220 -0.9460
vn -0.3752 0.3920 -0.8400
vn -0.2464 0.2058 -0.9471
vn -0.3964 0.3620 -0.8437
vn -0.2555 0.1906 -0.9478
vn -0.4129 0.3345 -0.8472
vn -0.2708 0.1675 -0.9480
vn -0.4384 0.2979 -0.8480
vn -0.2911 0.1322 -0.9475
vn -0.4745 0.2442 -0.8457
vn -0.3095 0.0898 -0.9467
vn -0.5103 0.1779 -0.8414
vn -0.3198 0.0516 -0.9461
vn -0.5335 0.1140 -0.8381
vn -0.3225 0.0242 -0.9463
vn -0.5419 0.0648 -0.8380
vn -0.3222 0.0031 -0.9467
vn -0.5421 0.0272 -0.8399
vn -0.3214 -0.0227 -0.9467
vn -0.5411 -0.0147 -0.8409
vn -0.3182 -0.0601 -0.9461
vn -0.5386 -0.0733 -0.8394
vn -0.3094 -0.1045 -0.9452
vn -0.5291 -0.1449 -0.8361
vn -0.2952 -0.1435 -0.9446
vn -0.5100 -0.2116 -0.8338
vn -0.2804 -0.1681 -0.9450
vn -0.4859 -0.2571 -0.8353
vn -0.2681 -0.1811 -0.9462
vn -0.4631 -0.2825 -0.8401
vn -0.2558 -0.1940 -0.9471
vn -0.4407 -0.3043 -0.8445
vn -0.2372 -0.2152 -0.9473
vn -0.4114 -0.3386 -0.8463
vn -0.2090 -0.2436 -0.9471
vn -0.3694 -0.3863 -0.8452
vn -0.1756 -0.2702 -0.9467
vn -0.3179 -0.4345 -0.8427
vn -0.1457 -0.2874 -0.9467
vn -0.2680 -0.4689 -0.8416
vn -0.1238 -0.2956 -0.9472
vn -0.2284 -0.4870 -0.8430
vn -0.1047 -0.3015 -0.9477
vn -0.1944 -0.4981 -0.8450
vn -0.0780 -0.3097 -0.9476
vn -0.1517 -0.5127 -0.8450
vn -0.0383 -0.3192 -0.9469
vn -0.0903 -0.5317 -0.8421
vn 0.0089 -0.3248 -0.9457
vn -0.0151 -0.5466 -0.8372
vn 0.0510 -0.3234 -0.9449
vn 0.0559 -0.5497 -0.8335
vn 0.0793 -0.3171 -0.9451
vn 0.1072 -0.5416 -0.8338
vn 0.0974 -0.3096 -0.9459
vn 0.1405 -0.5283 -0.8374
vn 0.1169 -0.3012 -0.9464
vn 0.1727 -0.5133 -0.8407
vn 0.1463 -0.2882 -0.9463
vn 0.2190 -0.4937 -0.8416
vn 0.1827 -0.2682 -0.9459
vn 0.2786 -0.4651 -0.8403
vn 0.2155 -0.2438 -0.9456
vn 0.3358 -0.4284 -0.8389
vn 0.2361 -0.2220 -0.9460
vn 0.3752 -0.3920 -0.8400
vn 0.2464 -0.2058 -0.9471
vn 0.3964 -0.3620 -0.8437
vn 0.2555 -0.1906 -0.9478
vn 0.4129 -0.3345 -0.8472
vn 0.2708 -0.1675 -0.9480
vn 0.4384 -0.2979 -0.8480
vn 0.2911 -0.1322 -0.9475
vn 0.4745 -0.2442 -0.8457
vn 0.3095 -0.0898 -0.9467
vn 0.5103 -0.1779 -0.8414
vn 0.3198 -0.0516 -0.9461
vn 0.5335 -0.1140 -0.8381
vn 0.3225 -0.0242 -0.9463
vn 0.5419 -0.0648 -0.8380
vn 0.5421 -0.0272 -0.8399
vn 0.6952 -0.0121 -0.7187
vn 0.6945 0.0615 -0.7169
vn 0.8138 0.0336 -0.5802
vn 0.6864 0.1497 -0.7116
vn 0.8082 0.1334 -0.5736
vn 0.6668 0.2323 -0.7081
vn 0.7893 0.2249 -0.5714
vn 0.6396 0.2912 -0.7114
vn 0.7612 0.2914 -0.5793
vn 0.6112 0.3274 -0.7206
vn 0.7306 0.3371 -0.5937
vn 0.5819 0.3600 -0.7292
vn 0.6982 0.3831 -0.6048
vn 0.5454 0.4075 -0.7324
vn 0.6581 0.4471 -0.6058
vn 0.4956 0.4715 -0.7295
vn 0.6039 0.5279 -0.5972
vn 0.4345 0.5362 -0.7237
vn 0.5377 0.6062 -0.5860
vn 0.3738 0.5842 -0.7204
vn 0.4711 0.6639 -0.5808
vn 0.3227 0.6118 -0.7222
vn 0.4129 0.6991 -0.5838
vn 0.2767 0.6299 -0.7257
vn 0.3574 0.7251 -0.5886
vn 0.2208 0.6516 -0.7257
vn 0.2899 0.7557 -0.5872
vn 0.1442 0.6787 -0.7201
vn 0.2010 0.7913 -0.5775
vn 0.0525 0.7013 -0.7109
vn 0.0986 0.8192 -0.5650
vn -0.0344 0.7089 -0.7045
vn 0.0040 0.8288 -0.5595
vn -0.0992 0.7013 -0.7059
vn -0.0671 0.8212 -0.5667
vn -0.1438 0.6856 -0.7136
vn -0.1199 0.8048 -0.5813
vn -0.1875 0.6670 -0.7210
vn -0.1756 0.7860 -0.5928
vn -0.2477 0.6442 -0.7236
vn -0.2505 0.7634 -0.5953
vn -0.3236 0.6122 -0.7214
vn -0.3410 0.7315 -0.5904
vn -0.3973 0.5708 -0.7185
vn -0.4268 0.6890 -0.5857
vn -0.4509 0.5276 -0.7200
vn -0.4904 0.6432 -0.5880
vn -0.4830 0.4891 -0.7262
vn -0.5329 0.6002 -0.5965
vn -0.5093 0.4519 -0.7323
vn -0.5718 0.5561 -0.6031
vn -0.5464 0.4045 -0.7334
vn -0.6237 0.5000 -0.6008
vn -0.5963 0.3384 -0.7279
vn -0.6880 0.4244 -0.5887
vn -0.6456 0.2580 -0.7187
vn -0.7478 0.3347 -0.5734
vn -0.6790 0.1796 -0.7118
vn -0.7868 0.2484 -0.5650
vn -0.6928 0.1170 -0.7115
vn -0.8034 0.1784 -0.5680
vn -0.6951 0.0669 -0.7158
vn -0.8080 0.1194 -0.5770
vn -0.6952 0.0121 -0.7187
vn -0.8111 0.0529 -0.5825
vn -0.6945 -0.0615 -0.7169
vn -0.8138 -0.0336 -0.5802
vn -0.6864 -0.1497 -0.7116
vn -0.8082 -0.1334 -0.5736
vn -0.6668 -0.2323 -0.7081
vn -0.7893 -0.2249 -0.5714
vn -0.6396 -0.2912 -0.7114
vn -0.7612 -0.2914 -0.5793
vn -0.6112 -0.3274 -0.7206
vn -0.7306 -0.3371 -0.5937
vn -0.5819 -0.3600 -0.7292
vn -0.6982 -0.3831 -0.6048
vn -0.5454 -0.4075 -0.7324
vn -0.6581 -0.4471 -0.6058
vn -0.4956 -0.4715 -0.7295
vn -0.6039 -0.5279 -0.5972
vn -0.4345 -0.5362 -0.7237
vn -0.5377 -0.6062 -0.5860
vn -0.3738 -0.5842 -0.7204
vn -0.4711 -0.6639 -0.5808
vn -0.3227 -0.6118 -0.7222
vn -0.4129 -0.6991 -0.5838
vn -0.2767 -0.6299 -0.7257
vn -0.3574 -0.7251 -0.5886
vn -0.2208 -0.6516 -0.7257
vn -0.2899 -0.7557 -0.5872
vn -0.1442 -0.6787 -0.7201
vn -0.2010 -0.7913 -0.5775
vn -0.0525 -0.7013 -0.7109
vn -0.0986 -0.8192 -0.5650
vn 0.0344 -0.7089 -0.7045
vn -0.0040 -0.8288 -0.5595
vn 0.0992 -0.7013 -0.7059
vn 0.0671 -0.8212 -0.5667
vn 0.1438 -0.6856 -0.7136
vn 0.1199 -0.8048 -0.5813
vn 0.1875 -0.6670 -0.7210
vn 0.1756 -0.7860 -0.5928
vn 0.2477 -0.6442 -0.7236
vn 0.2505 -0.7634 -0.5953
vn 0.3236 -0.6122 -0.7214
vn 0.3410 -0.7315 -0.5904
vn 0.3973 -0.5708 -0.7185
vn 0.4268 -0.6890 -0.5857
vn 0.4509 -0.5276 -0.7200
vn 0.4904 -0.6432 -0.5880
vn 0.4830 -0.4891 -0.7262
vn 0.5329 -0.6002 -0.5965
vn 0.5093 -0.4519 -0.7323
vn 0.5718 -0.5561 -0.6031
vn 0.5464 -0.4045 -0.7334
vn 0.6237 -0.5000 -0.6008
vn 0.5963 -0.3384 -0.7279
vn 0.6880 -0.4244 -0.5887
vn 0.6456 -0.2580 -0.7187
vn 0.7478 -0.3347 -0.5734
vn 0.6790 -0.1796 -0.7118
vn 0.7868 -0.2484 -0.5650
vn 0.6928 -0.1170 -0.7115
vn 0.8034 -0.1784 -0.5680
vn 0.6951 -0.0669 -0.7158
vn 0.8080 -0.1194 -0.5770
vn 0.8111 -0.0529 -0.5825
vn 0.8975 -0.0057 -0.4409
vn 0.8959 0.1023 -0.4324
vn 0.9481 0.0617 -0.3119
vn 0.8806 0.1973 -0.4307
vn 0.9373 0.1587 -0.3104
vn 0.8557 0.2669 -0.4434
vn 0.9179 0.2279 -0.3249
vn 0.8259 0.3208 -0.4637
vn 0.8932 0.2860 -0.3469
vn 0.7915 0.3817 -0.4773
vn 0.8614 0.3592 -0.3592
vn 0.7479 0.4639 -0.4749
vn 0.8163 0.4585 -0.3514
vn 0.6902 0.5602 -0.4580
vn 0.7546 0.5690 -0.3270
vn 0.6224 0.6482 -0.4388
vn 0.6844 0.6635 -0.3021
vn 0.5558 0.7112 -0.4304
vn 0.6201 0.7278 -0.2929
vn 0.4957 0.7514 -0.4354
vn 0.5637 0.7693 -0.3008
vn 0.4336 0.7846 -0.4432
vn 0.5010 0.8073 -0.3119
vn 0.3553 0.8238 -0.4417
vn 0.4165 0.8541 -0.3116
vn 0.2563 0.8666 -0.4282
vn 0.3093 0.9032 -0.2977
vn 0.1489 0.8988 -0.4122
vn 0.1982 0.9386 -0.2822
vn 0.0545 0.9111 -0.4085
vn 0.1072 0.9533 -0.2823
vn -0.0163 0.9059 -0.4232
vn 0.0417 0.9520 -0.3031
vn -0.0749 0.8915 -0.4467
vn -0.0175 0.9431 -0.3320
vn -0.1437 0.8743 -0.4636
vn -0.0961 0.9316 -0.3505
vn -0.2347 0.8534 -0.4655
vn -0.2025 0.9148 -0.3494
vn -0.3386 0.8231 -0.4559
vn -0.3199 0.8865 -0.3343
vn -0.4329 0.7828 -0.4469
vn -0.4212 0.8483 -0.3209
vn -0.5026 0.7388 -0.4489
vn -0.4937 0.8081 -0.3213
vn -0.5534 0.6946 -0.4597
vn -0.5489 0.7670 -0.3322
vn -0.6051 0.6448 -0.4670
vn -0.6101 0.7162 -0.3387
vn -0.6719 0.5800 -0.4606
vn -0.6895 0.6453 -0.3287
vn -0.7483 0.4961 -0.4403
vn -0.7756 0.5535 -0.3035
vn -0.8147 0.4022 -0.4177
vn -0.8452 0.4561 -0.2785
vn -0.8565 0.3160 -0.4080
vn -0.8869 0.3736 -0.2716
vn -0.8752 0.2461 -0.4164
vn -0.9065 0.3100 -0.2866
vn -0.8829 0.1817 -0.4330
vn -0.9182 0.2470 -0.3098
vn -0.8904 0.1042 -0.4432
vn -0.9320 0.1631 -0.3237
vn -0.8975 0.0057 -0.4409
vn -0.9453 0.0541 -0.3216
vn -0.8959 -0.1023 -0.4324
vn -0.9481 -0.0617 -0.3119
vn -0.8806 -0.1973 -0.4307
vn -0.9373 -0.1587 -0.3104
vn -0.8557 -0.2669 -0.4434
vn -0.9179 -0.2279 -0.3249
vn -0.8259 -0.3208 -0.4637
vn -0.8932 -0.2860 -0.3469
vn -0.7915 -0.3817 -0.4773
vn -0.8614 -0.3592 -0.3592
vn -0.7479 -0.4639 -0.4749
vn -0.8163 -0.4585 -0.3514
vn -0.6902 -0.5602 -0.4580
vn -0.7546 -0.5690 -0.3270
vn -0.6224 -0.6482 -0.4388
vn -0.6844 -0.6635 -0.3021
vn -0.5558 -0.7112 -0.4304
vn -0.6201 -0.7278 -0.2929
vn -0.4957 -0.7514 -0.4354
vn -0.5637 -0.7693 -0.3008
vn -0.4336 -0.7846 -0.4432
vn -0.5010 -0.8073 -0.3119
vn -0.3553 -0.8238 -0.4417
vn -0.4165 -0.8541 -0.3116
vn -0.2563 -0.8666 -0.4282
vn -0.3093 -0.9032 -0.2977
vn -0.1489 -0.8988 -0.4122
vn -0.1982 -0.9386 -0.2822
vn -0.0545 -0.9111 -0.4085
vn -0.1072 -0.9533 -0.2823
vn 0.0163 -0.9059 -0.4232
vn -0.0417 -0.9520 -0.3031
vn 0.0749 -0.8915 -0.4467
vn 0.0175 -0.9431 -0.3320
vn 0.1437 -0.8743 -0.4636
vn 0.0961 -0.9316 -0.3505
vn 0.2347 -0.8534 -0.4655
vn 0.2025 -0.9148 -0.3494
vn 0.3386 -0.8231 -0.4559
vn 0.3199 -0.8865 -0.3343
vn 0.4329 -0.7828 -0.4469
vn 0.4212 -0.8483 -0.3209
vn 0.5026 -0.7388 -0.4489
vn 0.4937 -0.8081 -0.3213
vn 0.5534 -0.6946 -0.4597
vn 0.5489 -0.7670 -0.3322
vn 0.6051 -0.6448 -0.4670
vn 0.6101 -0.7162 -0.3387
vn 0.6719 -0.5800 -0.4606
vn 0.6895 -0.6453 -0.3287
vn 0.7483 -0.4961 -0.4403
vn 0.7756 -0.5535 -0.3035
vn 0.8147 -0.4022 -0.4177
vn 0.8452 -0.4561 -0.2785
vn 0.8565 -0.3160 -0.4080
vn 0.8869 -0.3736 -0.2716
vn 0.8752 -0.2461 -0.4164
vn 0.9065 -0.3100 -0.2866
vn 0.8829 -0.1817 -0.4330
vn 0.9182 -0.2470 -0.3098
vn 0.8904 -0.1042 -0.4432
vn 0.9320 -0.1631 -0.3237
vn 0.9453 -0.0541 -0.3216
vn 0.9847 0.0145 -0.1738
vn 0.9784 0.1164 -0.1707
vn 0.9919 0.0716 0.1049
vn 0.9643 0.1870 -0.1874
vn 0.9850 0.1460 0.0923
vn 0.9456 0.2470 -0.2119
vn 0.9764 0.2056 0.0662
vn 0.9183 0.3271 -0.2228
vn 0.9572 0.2850 0.0512
vn 0.8746 0.4384 -0.2072
vn 0.9147 0.3988 0.0659
vn 0.8099 0.5608 -0.1720
vn 0.8441 0.5258 0.1050
vn 0.7363 0.6621 -0.1397
vn 0.7626 0.6307 0.1436
vn 0.6729 0.7281 -0.1303
vn 0.6972 0.6991 0.1584
vn 0.6215 0.7701 -0.1438
vn 0.6530 0.7433 0.1454
vn 0.5628 0.8107 -0.1613
vn 0.6059 0.7861 0.1222
vn 0.4776 0.8632 -0.1638
vn 0.5287 0.8413 0.1127
vn 0.3658 0.9187 -0.1491
vn 0.4176 0.9001 0.1241
vn 0.2505 0.9589 -0.1336
vn 0.2981 0.9440 0.1411
vn 0.1597 0.9775 -0.1378
vn 0.2045 0.9687 0.1407
vn 0.0981 0.9811 -0.1666
vn 0.1453 0.9829 0.1129
vn 0.0407 0.9784 -0.2029
vn 0.0942 0.9930 0.0716
vn -0.0427 0.9739 -0.2231
vn 0.0143 0.9989 0.0447
vn -0.1603 0.9630 -0.2165
vn -0.1070 0.9930 0.0498
vn -0.2904 0.9374 -0.1921
vn -0.2460 0.9660 0.0791
vn -0.4004 0.9002 -0.1714
vn -0.3646 0.9249 0.1079
vn -0.4764 0.8626 -0.1698
vn -0.4455 0.8877 0.1159
vn -0.5337 0.8258 -0.1823
vn -0.5037 0.8575 0.1042
vn -0.5998 0.7775 -0.1891
vn -0.5689 0.8171 0.0933
vn -0.6873 0.7049 -0.1752
vn -0.6561 0.7475 0.1034
vn -0.7809 0.6078 -0.1440
vn -0.7505 0.6471 0.1342
vn -0.8544 0.5064 -0.1164
vn -0.8252 0.5403 0.1647
vn -0.8976 0.4260 -0.1137
vn -0.8718 0.4591 0.1711
vn -0.9191 0.3688 -0.1383
vn -0.9005 0.4093 0.1465
vn -0.9349 0.3108 -0.1715
vn -0.9256 0.3632 0.1070
vn -0.9554 0.2257 -0.1904
vn -0.9548 0.2862 0.0800
vn -0.9762 0.1096 -0.1871
vn -0.9823 0.1696 0.0798
vn -0.9847 -0.0145 -0.1738
vn -0.9947 0.0382 0.0959
vn -0.9784 -0.1164 -0.1707
vn -0.9919 -0.0716 0.1049
vn -0.9643 -0.1870 -0.1874
vn -0.9850 -0.1460 0.0923
vn -0.9456 -0.2470 -0.2119
vn -0.9764 -0.2056 0.0662
vn -0.9183 -0.3271 -0.2228
vn -0.9572 -0.2850 0.0512
vn -0.8746 -0.4384 -0.2072
vn -0.9147 -0.3988 0.0659
vn -0.8099 -0.5608 -0.1720
vn -0.8441 -0.5258 0.1050
vn -0.7363 -0.6621 -0.1397
vn -0.7626 -0.6307 0.1436
vn -0.6729 -0.7281 -0.1303
vn -0.6972 -0.6991 0.1584
vn -0.6215 -0.7701 -0.1438
vn -0.6530 -0.7433 0.1454
vn -0.5628 -0.8107 -0.1613
vn -0.6059 -0.7861 0.1222
vn -0.4776 -0.8632 -0.1638
vn -0.5287 -0.8413 0.1127
vn -0.3658 -0.9187 -0.1491
vn -0.4176 -0.9001 0.1241
vn -0.2505 -0.9589 -0.1336
vn -0.2981 -0.9440 0.1411
vn -0.1597 -0.9775 -0.1378
vn -0.2045 -0.9687 0.1407
vn -0.0981 -0.9811 -0.1666
vn -0.1453 -0.9829 0.1129
vn -0.0407 -0.9784 -0.2029
vn -0.0942 -0.9930 0.0716
vn 0.0427 -0.9739 -0.2231
vn -0.0143 -0.9989 0.0447
vn 0.1603 -0.9630 -0.2165
vn 0.1070 -0.9930 0.0498
vn 0.2904 -0.9374 -0.1921
vn 0.2460 -0.9660 0.0791
vn 0.4004 -0.9002 -0.1714
vn 0.3646 -0.9249 0.1079
vn 0.4764 -0.8626 -0.1698
vn 0.4455 -0.8877 0.1159
vn 0.5337 -0.8258 -0.1823
vn 0.5037 -0.8575 0.1042
vn 0.5998 -0.7775 -0.1891
vn 0.5689 -0.8171 0.0933
vn 0.6873 -0.7049 -0.1752
vn 0.6561 -0.7475 0.1034
vn 0.7809 -0.6078 -0.1440
vn 0.7505 -0.6471 0.1342
vn 0.8544 -0.5064 -0.1164
vn 0.8252 -0.5403 0.1647
vn 0.8976 -0.4260 -0.1137
vn 0.8718 -0.4591 0.1711
vn 0.9191 -0.3688 -0.1383
vn 0.9005 -0.4093 0.1465
vn 0.9349 -0.3108 -0.1715
vn 0.9256 -0.3632 0.1070
vn 0.9554 -0.2257 -0.1904
vn 0.9548 -0.2862 0.0800
vn 0.9762 -0.1096 -0.1871
vn 0.9823 -0.1696 0.0798
vn 0.9947 -0.0382 0.0959
vn 0.7745 0.0187 0.6322
vn 0.7713 0.0847 0.6308
vn 0.0236 0.0017 0.9997
vn 0.7743 0.1318 0.6190
vn 0.0259 0.0037 0.9997
vn 0.7715 0.1882 0.6078
vn 0.0313 0.0063 0.9995
vn 0.7438 0.2715 0.6107
vn 0.0325 0.0095 0.9994
vn 0.6838 0.3693 0.6292
vn 0.0256 0.0113 0.9996
vn 0.6089 0.4532 0.6510
vn 0.0147 0.0094 0.9998
vn 0.5485 0.5096 0.6628
vn 0.0069 0.0059 1.0000
vn 0.5148 0.5475 0.6598
vn 0.0050 0.0052 1.0000
vn 0.4904 0.5838 0.6470
vn 0.0080 0.0092 0.9999
vn 0.4456 0.6288 0.6372
vn 0.0121 0.0155 0.9998
vn 0.3664 0.6764 0.6390
vn 0.0123 0.0193 0.9997
vn 0.2701 0.7125 0.6476
vn 0.0086 0.0187 0.9998
vn 0.1892 0.7349 0.6513
vn 0.0051 0.0164 0.9999
vn 0.1395 0.7541 0.6417
vn 0.0038 0.0177 0.9998
vn 0.1054 0.7767 0.6209
vn 0.0041 0.0254 0.9997
vn 0.0539 0.7965 0.6023
vn 0.0039 0.0359 0.9993
vn -0.0350 0.7991 0.6002
vn 0.0009 0.0409 0.9992
vn -0.1467 0.7748 0.6150
vn -0.0040 0.0359 0.9993
vn -0.2473 0.7333 0.6334
vn -0.0067 0.0252 0.9997
vn -0.3174 0.6973 0.6426
vn -0.0068 0.0167 0.9998
vn -0.3653 0.6765 0.6395
vn -0.0073 0.0143 0.9999
vn -0.4135 0.6557 0.6317
vn -0.0098 0.0167 0.9998
vn -0.4768 0.6110 0.6319
vn -0.0127 0.0184 0.9997
vn -0.5475 0.5338 0.6444
vn -0.0133 0.0151 0.9998
vn -0.6056 0.4439 0.6605
vn -0.0103 0.0087 0.9999
vn -0.6444 0.3730 0.6676
vn -0.0068 0.0043 1.0000
vn -0.6735 0.3342 0.6593
vn -0.0077 0.0040 1.0000
vn -0.7039 0.3099 0.6392
vn -0.0151 0.0070 0.9999
vn -0.7378 0.2659 0.6204
vn -0.0258 0.0105 0.9996
vn -0.7664 0.1832 0.6157
vn -0.0328 0.0102 0.9994
vn -0.7779 0.0770 0.6237
vn -0.0321 0.0055 0.9995
vn -0.7745 -0.0187 0.6322
vn -0.0269 0.0009 0.9996
vn -0.7713 -0.0847 0.6308
vn -0.0236 -0.0017 0.9997
vn -0.7743 -0.1318 0.6190
vn -0.0259 -0.0037 0.9997
vn -0.7715 -0.1882 0.6078
vn -0.0313 -0.0063 0.9995
vn -0.7438 -0.2715 0.6107
vn -0.0325 -0.0095 0.9994
vn -0.6838 -0.3693 0.6292
vn -0.0256 -0.0113 0.9996
vn -0.6089 -0.4532 0.6510
vn -0.0147 -0.0094 0.9998
vn -0.5485 -0.5096 0.6628
vn -0.0069 -0.0059 1.0000
vn -0.5148 -0.5475 0.6598
vn -0.0050 -0.0052 1.0000
vn -0.4904 -0.5838 0.6470
vn -0.0080 -0.0092 0.9999
vn -0.4456 -0.6288 0.6372
vn -0.0121 -0.0155 0.9998
vn -0.3664 -0.6764 0.6390
vn -0.0123 -0.0193 0.9997
vn -0.2701 -0.7125 0.6476
vn -0.0086 -0.0187 0.9998
vn -0.1892 -0.7349 0.6513
vn -0.0051 -0.0164 0.9999
vn -0.1395 -0.7541 0.6417
vn -0.0038 -0.0177 0.9998
vn -0.1054 -0.7767 0.6209
vn -0.0041 -0.0254 0.9997
vn -0.0539 -0.7965 0.6023
vn -0.0039 -0.0359 0.9993
vn 0.0350 -0.7991 0.6002
vn -0.0009 -0.0409 0.9992
vn 0.1467 -0.7748 0.6150
vn 0.0040 -0.0359 0.9993
vn 0.2473 -0.7333 0.6334
vn 0.0067 -0.0252 0.9997
vn 0.3174 -0.6973 0.6426
vn 0.0068 -0.0167 0.9998
vn 0.3653 -0.6765 0.6395
vn 0.0073 -0.0143 0.9999
vn 0.4135 -0.6557 0.6317
vn 0.0098 -0.0167 0.9998
vn 0.4768 -0.6110 0.6319
vn 0.0127 -0.0184 0.9997
vn 0.5475 -0.5338 0.6444
vn 0.0133 -0.0151 0.9998
vn 0.6056 -0.4439 0.6605
vn 0.0103 -0.0087 0.9999
vn 0.6444 -0.3730 0.6676
vn 0.0068 -0.0043 1.0000
vn 0.6735 -0.3342 0.6593
vn 0.0077 -0.0040 1.0000
vn 0.7039 -0.3099 0.6392
vn 0.0151 -0.0070 0.9999
vn 0.7378 -0.2659 0.6204
vn 0.0258 -0.0105 0.9996
vn 0.7664 -0.1832 0.6157
vn 0.0328 -0.0102 0.9994
vn 0.7779 -0.0770 0.6237
vn 0.0321 -0.0055 0.9995
vn 0.0269 -0.0009 0.9996
vn -0.0410 -0.0000 0.9992
vn -0.0885 -0.0027 0.9961
vn -0.0409 -0.0025 0.9992
vn -0.1184 -0.0031 0.9930
vn -0.0875 -0.0096 0.9961
vn -0.0403 -0.0065 0.9992
vn -0.1178 -0.0133 0.9930
vn -0.0850 -0.0200 0.9962
vn -0.0389 -0.0122 0.9992
vn -0.1153 -0.0284 0.9929
vn -0.0812 -0.0324 0.9962
vn -0.0368 -0.0180 0.9992
vn -0.1105 -0.0453 0.9928
vn -0.0771 -0.0434 0.9961
vn -0.0348 -0.0223 0.9991
vn -0.1046 -0.0591 0.9928
vn -0.0738 -0.0505 0.9960
vn -0.0335 -0.0244 0.9991
vn -0.0998 -0.0669 0.9928
vn -0.0716 -0.0542 0.9960
vn -0.0325 -0.0257 0.9991
vn -0.0964 -0.0710 0.9928
vn -0.0686 -0.0574 0.9960
vn -0.0308 -0.0276 0.9991
vn -0.0921 -0.0760 0.9928
vn -0.0627 -0.0627 0.9961
vn -0.0274 -0.0308 0.9992
vn -0.0842 -0.0844 0.9929
vn -0.0537 -0.0697 0.9961
vn -0.0227 -0.0342 0.9992
vn -0.0721 -0.0948 0.9929
vn -0.0438 -0.0765 0.9961
vn -0.0182 -0.0369 0.9992
vn -0.0589 -0.1036 0.9929
vn -0.0359 -0.0812 0.9961
vn -0.0152 -0.0383 0.9992
vn -0.0485 -0.1087 0.9929
vn -0.0307 -0.0837 0.9960
vn -0.0132 -0.0390 0.9992
vn -0.0417 -0.1111 0.9929
vn -0.0259 -0.0850 0.9960
vn -0.0107 -0.0396 0.9992
vn -0.0350 -0.1130 0.9930
vn -0.0184 -0.0860 0.9961
vn -0.0063 -0.0403 0.9992
vn -0.0242 -0.1156 0.9930
vn -0.0068 -0.0868 0.9962
vn -0.0001 -0.0406 0.9992
vn -0.0079 -0.1179 0.9930
vn 0.0065 -0.0868 0.9962
vn 0.0061 -0.0403 0.9992
vn 0.0104 -0.1183 0.9929
vn 0.0183 -0.0860 0.9961
vn 0.0107 -0.0396 0.9992
vn 0.0253 -0.1167 0.9928
vn 0.0260 -0.0849 0.9960
vn 0.0133 -0.0389 0.9992
vn 0.0344 -0.1144 0.9928
vn 0.0308 -0.0836 0.9960
vn 0.0152 -0.0383 0.9992
vn 0.0403 -0.1123 0.9929
vn 0.0359 -0.0812 0.9961
vn 0.0182 -0.0369 0.9992
vn 0.0479 -0.1092 0.9929
vn 0.0438 -0.0765 0.9961
vn 0.0227 -0.0342 0.9992
vn 0.0597 -0.1033 0.9929
vn 0.0536 -0.0698 0.9961
vn 0.0274 -0.0307 0.9992
vn 0.0735 -0.0944 0.9928
vn 0.0627 -0.0627 0.9961
vn 0.0309 -0.0275 0.9991
vn 0.0848 -0.0849 0.9928
vn 0.0687 -0.0573 0.9960
vn 0.0326 -0.0255 0.9991
vn 0.0913 -0.0776 0.9928
vn 0.0718 -0.0540 0.9960
vn 0.0336 -0.0243 0.9991
vn 0.0944 -0.0729 0.9929
vn 0.0739 -0.0503 0.9960
vn 0.0348 -0.0222 0.9991
vn 0.0978 -0.0676 0.9929
vn 0.0771 -0.0434 0.9961
vn 0.0368 -0.0181 0.9992
vn 0.1035 -0.0579 0.9929
vn 0.0812 -0.0326 0.9962
vn 0.0389 -0.0124 0.9992
vn 0.1102 -0.0430 0.9930
vn 0.0850 -0.0203 0.9962
vn 0.0403 -0.0067 0.9992
vn 0.1155 -0.0264 0.9930
vn 0.0875 -0.0097 0.9961
vn 0.0409 -0.0025 0.9992
vn 0.1180 -0.0129 0.9929
vn 0.0885 -0.0026 0.9961
vn 0.0410 -0.0000 0.9992
vn 0.1186 -0.0040 0.9929
vn 0.0885 0.0027 0.9961
vn 0.0409 0.0025 0.9992
vn 0.1184 0.0031 0.9930
vn 0.0875 0.0096 0.9961
vn 0.0403 0.0065 0.9992
vn 0.1178 0.0133 0.9930
vn 0.0850 0.0200 0.9962
vn 0.0389 0.0122 0.9992
vn 0.1153 0.0284 0.9929
vn 0.0812 0.0324 0.9962
vn 0.0368 0.0180 0.9992
vn 0.1105 0.0453 0.9928
vn 0.0771 0.0434 0.9961
vn 0.0348 0.0223 0.9991
vn 0.1046 0.0591 0.9928
vn 0.0738 0.0505 0.9960
vn 0.0335 0.0244 0.9991
vn 0.0998 0.0669 0.9928
vn 0.0716 0.0542 0.9960
vn 0.0325 0.0257 0.9991
vn 0.0964 0.0710 0.9928
vn 0.0686 0.0574 0.9960
vn 0.0308 0.0276 0.9991
vn 0.0921 0.0760 0.9928
vn 0.0627 0.0627 0.9961
vn 0.0274 0.0308 0.9992
vn 0.0842 0.0844 0.9929
vn 0.0537 0.0697 0.9961
vn 0.0227 0.0342 0.9992
vn 0.0721 0.0948 0.9929
vn 0.0438 0.0765 0.9961
vn 0.0182 0.0369 0.9992
vn 0.0589 0.1036 0.9929
vn 0.0359 0.0812 0.9961
vn 0.0152 0.0383 0.9992
vn 0.0485 0.1087 0.9929
vn 0.0307 0.0837 0.9960
vn 0.0132 0.0390 0.9992
vn 0.0417 0.1111 0.9929
vn 0.0259 0.0850 0.9960
vn 0.0107 0.0396 0.9992
vn 0.0350 0.1130 0.9930
vn 0.0184 0.0860 0.9961
vn 0.0063 0.0403 0.9992
vn 0.0242 0.1156 0.9930
vn 0.0068 0.0868 0.9962
vn 0.0001 0.0406 0.9992
vn 0.0079 0.1179 0.9930
vn -0.0065 0.0868 0.9962
vn -0.0061 0.0403 0.9992
vn -0.0104 0.1183 0.9929
vn -0.0183 0.0860 0.9961
vn -0.0107 0.0396 0.9992
vn -0.0253 0.1167 0.9928
vn -0.0260 0.0849 0.9960
vn -0.0133 0.0389 0.9992
vn -0.0344 0.1144 0.9928
vn -0.0308 0.0836 0.9960
vn -0.0152 0.0383 0.9992
vn -0.0403 0.1123 0.9929
vn -0.0359 0.0812 0.9961
vn -0.0182 0.0369 0.9992
vn -0.0479 0.1092 0.9929
vn -0.0438 0.0765 0.9961
vn -0.0227 0.0342 0.9992
vn -0.0597 0.1033 0.9929
vn -0.0536 0.0698 0.9961
vn -0.0274 0.0307 0.9992
vn -0.0735 0.0944 0.9928
vn -0.0627 0.0627 0.9961
vn -0.0309 0.0275 0.9991
vn -0.0848 0.0849 0.9928
vn -0.0687 0.0573 0.9960
vn -0.0326 0.0255 0.9991
vn -0.0913 0.0776 0.9928
vn -0.0718 0.0540 0.9960
vn -0.0336 0.0243 0.9991
vn -0.0944 0.0729 0.9929
vn -0.0739 0.0503 0.9960
vn -0.0348 0.0222 0.9991
vn -0.0978 0.0676 0.9929
vn -0.0771 0.0434 0.9961
vn -0.0368 0.0181 0.9992
vn -0.1035 0.0579 0.9929
vn -0.0812 0.0326 0.9962
vn -0.0389 0.0124 0.9992
vn -0.1102 0.0430 0.9930
vn -0.0850 0.0203 0.9962
vn -0.0403 0.0067 0.9992
vn -0.1155 0.0264 0.9930
vn -0.0875 0.0097 0.9961
vn -0.0409 0.0025 0.9992
vn -0.1180 0.0129 0.9929
vn -0.0885 0.0026 0.9961
vn -0.1186 0.0040 0.9929
vn -0.3189 0.0032 0.9478
vn -0.3180 -0.0220 0.9478
vn -0.5406 -0.0143 0.8412
vn -0.3148 -0.0590 0.9473
vn -0.5380 -0.0729 0.8398
vn -0.3060 -0.1035 0.9464
vn -0.5287 -0.1451 0.8363
vn -0.2921 -0.1427 0.9457
vn -0.5097 -0.2123 0.8338
vn -0.2775 -0.1671 0.9461
vn -0.4858 -0.2578 0.8352
vn -0.2656 -0.1798 0.9472
vn -0.4632 -0.2827 0.8400
vn -0.2536 -0.1921 0.9481
vn -0.4408 -0.3039 0.8446
vn -0.2352 -0.2128 0.9484
vn -0.4114 -0.3377 0.8466
vn -0.2071 -0.2409 0.9482
vn -0.3692 -0.3855 0.8456
vn -0.1737 -0.2675 0.9478
vn -0.3174 -0.4341 0.8431
vn -0.1440 -0.2846 0.9478
vn -0.2675 -0.4686 0.8419
vn -0.1225 -0.2927 0.9483
vn -0.2282 -0.4865 0.8433
vn -0.1040 -0.2982 0.9488
vn -0.1946 -0.4973 0.8454
vn -0.0779 -0.3061 0.9488
vn -0.1522 -0.5116 0.8456
vn -0.0385 -0.3155 0.9482
vn -0.0906 -0.5306 0.8428
vn 0.0087 -0.3211 0.9470
vn -0.0148 -0.5459 0.8377
vn 0.0509 -0.3199 0.9461
vn 0.0567 -0.5494 0.8336
vn 0.0791 -0.3138 0.9462
vn 0.1079 -0.5415 0.8338
vn 0.0967 -0.3066 0.9469
vn 0.1407 -0.5283 0.8373
vn 0.1157 -0.2983 0.9474
vn 0.1724 -0.5132 0.8407
vn 0.1446 -0.2855 0.9474
vn 0.2186 -0.4935 0.8418
vn 0.1809 -0.2654 0.9470
vn 0.2784 -0.4647 0.8405
vn 0.2137 -0.2412 0.9467
vn 0.3360 -0.4280 0.8390
vn 0.2342 -0.2196 0.9471
vn 0.3755 -0.3917 0.8400
vn 0.2442 -0.2038 0.9481
vn 0.3963 -0.3619 0.8438
vn 0.2528 -0.1890 0.9489
vn 0.4121 -0.3347 0.8475
vn 0.2675 -0.1663 0.9491
vn 0.4371 -0.2982 0.8486
vn 0.2876 -0.1313 0.9487
vn 0.4732 -0.2443 0.8464
vn 0.3059 -0.0889 0.9479
vn 0.5094 -0.1775 0.8420
vn 0.3164 -0.0508 0.9473
vn 0.5331 -0.1134 0.8384
vn 0.3192 -0.0237 0.9474
vn 0.5416 -0.0644 0.8382
vn 0.3189 -0.0032 0.9478
vn 0.5417 -0.0272 0.8401
vn 0.3180 0.0220 0.9478
vn 0.5406 0.0143 0.8412
vn 0.3148 0.0590 0.9473
vn 0.5380 0.0729 0.8398
vn 0.3060 0.1035 0.9464
vn 0.5287 0.1451 0.8363
vn 0.2921 0.1427 0.9457
vn 0.5097 0.2123 0.8338
vn 0.2775 0.1671 0.9461
vn 0.4858 0.2578 0.8352
vn 0.2656 0.1798 0.9472
vn 0.4632 0.2827 0.8400
vn 0.2536 0.1921 0.9481
vn 0.4408 0.3039 0.8446
vn 0.2352 0.2128 0.9484
vn 0.4114 0.3377 0.8466
vn 0.2071 0.2409 0.9482
vn 0.3692 0.3855 0.8456
vn 0.1737 0.2675 0.9478
vn 0.3174 0.4341 0.8431
vn 0.1440 0.2846 0.9478
vn 0.2675 0.4686 0.8419
vn 0.1225 0.2927 0.9483
vn 0.2282 0.4865 0.8433
vn 0.1040 0.2982 0.9488
vn 0.1946 0.4973 0.8454
vn 0.0779 0.3061 0.9488
vn 0.1522 0.5116 0.8456
vn 0.0385 0.3155 0.9482
vn 0.0906 0.5306 0.8428
vn -0.0087 0.3211 0.9470
vn 0.0148 0.5459 0.8377
vn -0.0509 0.3199 0.9461
vn -0.0567 0.5494 0.8336
vn -0.0791 0.3138 0.9462
vn -0.1079 0.5415 0.8338
vn -0.0967 0.3066 0.9469
vn -0.1407 0.5283 0.8373
vn -0.1157 0.2983 0.9474
vn -0.1724 0.5132 0.8407
vn -0.1446 0.2855 0.9474
vn -0.2186 0.4935 0.8418
vn -0.1809 0.2654 0.9470
vn -0.2784 0.4647 0.8405
vn -0.2137 0.2412 0.9467
vn -0.3360 0.4280 0.8390
vn -0.2342 0.2196 0.9471
vn -0.3755 0.3917 0.8400
vn -0.2442 0.2038 0.9481
vn -0.3963 0.3619 0.8438
vn -0.2528 0.1890 0.9489
vn -0.4121 0.3347 0.8475
vn -0.2675 0.1663 0.9491
vn -0.4371 0.2982 0.8486
vn -0.2876 0.1313 0.9487
vn -0.4732 0.2443 0.8464
vn -0.3059 0.0889 0.9479
vn -0.5094 0.1775 0.8420
vn -0.3164 0.0508 0.9473
vn -0.5331 0.1134 0.8384
vn -0.3192 0.0237 0.9474
vn -0.5416 0.0644 0.8382
vn -0.5417 0.0272 0.8401
vn -0.6957 0.0125 0.7182
vn -0.6949 -0.0613 0.7165
vn -0.8140 -0.0334 0.5799
vn -0.6870 -0.1503 0.7109
vn -0.8085 -0.1340 0.5730
vn -0.6674 -0.2335 0.7071
vn -0.7896 -0.2259 0.5706
vn -0.6402 -0.2923 0.7104
vn -0.7615 -0.2921 0.5787
vn -0.6119 -0.3278 0.7198
vn -0.7309 -0.3370 0.5935
vn -0.5827 -0.3596 0.7288
vn -0.6985 -0.3820 0.6051
vn -0.5461 -0.4066 0.7324
vn -0.6584 -0.4457 0.6065
vn -0.4959 -0.4710 0.7295
vn -0.6039 -0.5270 0.5979
vn -0.4344 -0.5364 0.7235
vn -0.5373 -0.6063 0.5863
vn -0.3736 -0.5847 0.7201
vn -0.4707 -0.6643 0.5807
vn -0.3228 -0.6121 0.7219
vn -0.4128 -0.6992 0.5837
vn -0.2773 -0.6298 0.7255
vn -0.3579 -0.7248 0.5887
vn -0.2217 -0.6512 0.7258
vn -0.2906 -0.7552 0.5875
vn -0.1447 -0.6787 0.7201
vn -0.2012 -0.7912 0.5776
vn -0.0519 -0.7018 0.7105
vn -0.0978 -0.8197 0.5644
vn 0.0356 -0.7098 0.7035
vn -0.0027 -0.8295 0.5585
vn 0.1002 -0.7023 0.7048
vn 0.0680 -0.8218 0.5657
vn 0.1441 -0.6865 0.7127
vn 0.1200 -0.8053 0.5807
vn 0.1872 -0.6678 0.7204
vn 0.1749 -0.7862 0.5927
vn 0.2473 -0.6448 0.7232
vn 0.2497 -0.7636 0.5954
vn 0.3238 -0.6126 0.7210
vn 0.3409 -0.7315 0.5905
vn 0.3981 -0.5710 0.7180
vn 0.4273 -0.6889 0.5855
vn 0.4516 -0.5278 0.7194
vn 0.4908 -0.6431 0.5879
vn 0.4832 -0.4896 0.7258
vn 0.5326 -0.6003 0.5967
vn 0.5088 -0.4527 0.7323
vn 0.5707 -0.5566 0.6037
vn 0.5454 -0.4054 0.7336
vn 0.6224 -0.5007 0.6016
vn 0.5957 -0.3390 0.7282
vn 0.6873 -0.4246 0.5893
vn 0.6458 -0.2578 0.7187
vn 0.7481 -0.3341 0.5734
vn 0.6797 -0.1789 0.7113
vn 0.7876 -0.2474 0.5644
vn 0.6936 -0.1165 0.7109
vn 0.8041 -0.1778 0.5673
vn 0.6958 -0.0670 0.7151
vn 0.8083 -0.1194 0.5765
vn 0.6957 -0.0125 0.7182
vn 0.8113 -0.0534 0.5822
vn 0.6949 0.0613 0.7165
vn 0.8140 0.0334 0.5799
vn 0.6870 0.1503 0.7109
vn 0.8085 0.1340 0.5730
vn 0.6674 0.2335 0.7071
vn 0.7896 0.2259 0.5706
vn 0.6402 0.2923 0.7104
vn 0.7615 0.2921 0.5787
vn 0.6119 0.3278 0.7198
vn 0.7309 0.3370 0.5935
vn 0.5827 0.3596 0.7288
vn 0.6985 0.3820 0.6051
vn 0.5461 0.4066 0.7324
vn 0.6584 0.4457 0.6065
vn 0.4959 0.4710 0.7295
vn 0.6039 0.5270 0.5979
vn 0.4344 0.5364 0.7235
vn 0.5373 0.6063 0.5863
vn 0.3736 0.5847 0.7201
vn 0.4707 0.6643 0.5807
vn 0.3228 0.6121 0.7219
vn 0.4128 0.6992 0.5837
vn 0.2773 0.6298 0.7255
vn 0.3579 0.7248 0.5887
vn 0.2217 0.6512 0.7258
vn 0.2906 0.7552 0.5875
vn 0.1447 0.6787 0.7201
vn 0.2012 0.7912 0.5776
vn 0.0519 0.7018 0.7105
vn 0.0978 0.8197 0.5644
vn -0.0356 0.7098 0.7035
vn 0.0027 0.8295 0.5585
vn -0.1002 0.7023 0.7048
vn -0.0680 0.8218 0.5657
vn -0.1441 0.6865 0.7127
vn -0.1200 0.8053 0.5807
vn -0.1872 0.6678 0.7204
vn -0.1749 0.7862 0.5927
vn -0.2473 0.6448 0.7232
vn -0.2497 0.7636 0.5954
vn -0.3238 0.6126 0.7210
vn -0.3409 0.7315 0.5905
vn -0.3981 0.5710 0.7180
vn -0.4273 0.6889 0.5855
vn -0.4516 0.5278 0.7194
vn -0.4908 0.6431 0.5879
vn -0.4832 0.4896 0.7258
vn -0.5326 0.6003 0.5967
vn -0.5088 0.4527 0.7323
vn -0.5707 0.5566 0.6037
vn -0.5454 0.4054 0.7336
vn -0.6224 0.5007 0.6016
vn -0.5957 0.3390 0.7282
vn -0.6873 0.4246 0.5893
vn -0.6458 0.2578 0.7187
vn -0.7481 0.3341 0.5734
vn -0.6797 0.1789 0.7113
vn -0.7876 0.2474 0.5644
vn -0.6936 0.1165 0.7109
vn -0.8041 0.1778 0.5673
vn -0.6958 0.0670 0.7151
vn -0.8083 0.1194 0.5765
vn -0.8113 0.0534 0.5822
vn -0.8953 0.0060 0.4454
vn -0.8939 -0.1026 0.4365
vn -0.9422 -0.0617 0.3294
vn -0.8787 -0.1978 0.4345
vn -0.9314 -0.1587 0.3276
vn -0.8536 -0.2668 0.4474
vn -0.9116 -0.2271 0.3425
vn -0.8238 -0.3195 0.4684
vn -0.8866 -0.2835 0.3654
vn -0.7895 -0.3791 0.4828
vn -0.8549 -0.3546 0.3787
vn -0.7460 -0.4608 0.4808
vn -0.8105 -0.4529 0.3714
vn -0.6883 -0.5578 0.4637
vn -0.7496 -0.5641 0.3464
vn -0.6203 -0.6468 0.4437
vn -0.6797 -0.6598 0.3204
vn -0.5538 -0.7101 0.4348
vn -0.6156 -0.7243 0.3105
vn -0.4943 -0.7498 0.4398
vn -0.5598 -0.7650 0.3184
vn -0.4329 -0.7823 0.4480
vn -0.4981 -0.8019 0.3299
vn -0.3551 -0.8212 0.4466
vn -0.4146 -0.8481 0.3299
vn -0.2558 -0.8645 0.4327
vn -0.3076 -0.8977 0.3153
vn -0.1475 -0.8974 0.4159
vn -0.1961 -0.9339 0.2989
vn -0.0530 -0.9098 0.4116
vn -0.1049 -0.9486 0.2985
vn 0.0171 -0.9043 0.4265
vn -0.0402 -0.9467 0.3196
vn 0.0746 -0.8895 0.4508
vn 0.0174 -0.9368 0.3495
vn 0.1423 -0.8720 0.4684
vn 0.0941 -0.9246 0.3691
vn 0.2329 -0.8510 0.4707
vn 0.1994 -0.9080 0.3686
vn 0.3374 -0.8208 0.4609
vn 0.3170 -0.8802 0.3532
vn 0.4322 -0.7805 0.4516
vn 0.4188 -0.8423 0.3393
vn 0.5016 -0.7366 0.4535
vn 0.4909 -0.8023 0.3396
vn 0.5515 -0.6927 0.4647
vn 0.5448 -0.7616 0.3510
vn 0.6022 -0.6435 0.4726
vn 0.6045 -0.7116 0.3581
vn 0.6687 -0.5791 0.4664
vn 0.6833 -0.6417 0.3482
vn 0.7460 -0.4949 0.4456
vn 0.7703 -0.5503 0.3220
vn 0.8134 -0.4004 0.4219
vn 0.8413 -0.4526 0.2956
vn 0.8556 -0.3142 0.4115
vn 0.8832 -0.3701 0.2879
vn 0.8739 -0.2448 0.4199
vn 0.9021 -0.3071 0.3030
vn 0.8810 -0.1813 0.4369
vn 0.9126 -0.2453 0.3269
vn 0.8881 -0.1046 0.4476
vn 0.9257 -0.1628 0.3415
vn 0.8953 -0.0060 0.4454
vn 0.9390 -0.0543 0.3396
vn 0.8939 0.1026 0.4365
vn 0.9422 0.0617 0.3294
vn 0.8787 0.1978 0.4345
vn 0.9314 0.1587 0.3276
vn 0.8536 0.2668 0.4474
vn 0.9116 0.2271 0.3425
vn 0.8238 0.3195 0.4684
vn 0.8866 0.2835 0.3654
vn 0.7895 0.3791 0.4828
vn 0.8549 0.3546 0.3787
vn 0.7460 0.4608 0.4808
vn 0.8105 0.4529 0.3714
vn 0.6883 0.5578 0.4637
vn 0.7496 0.5641 0.3464
vn 0.6203 0.6468 0.4437
vn 0.6797 0.6598 0.3204
vn 0.5538 0.7101 0.4348
vn 0.6156 0.7243 0.3105
vn 0.4943 0.7498 0.4398
vn 0.5598 0.7650 0.3184
vn 0.4329 0.7823 0.4480
vn 0.4981 0.8019 0.3299
vn 0.3551 0.8212 0.4466
vn 0.4146 0.8481 0.3299
vn 0.2558 0.8645 0.4327
vn 0.3076 0.8977 0.3153
vn 0.1475 0.8974 0.4159
vn 0.1961 0.9339 0.2989
vn 0.0530 0.9098 0.4116
vn 0.1049 0.9486 0.2985
vn -0.0171 0.9043 0.4265
vn 0.0402 0.9467 0.3196
vn -0.0746 0.8895 0.4508
vn -0.0174 0.9368 0.3495
vn -0.1423 0.8720 0.4684
vn -0.0941 0.9246 0.3691
vn -0.2329 0.8510 0.4707
vn -0.1994 0.9080 0.3686
vn -0.3374 0.8208 0.4609
vn -0.3170 0.8802 0.3532
vn -0.4322 0.7805 0.4516
vn -0.4188 0.8423 0.3393
vn -0.5016 0.7366 0.4535
vn -0.4909 0.8023 0.3396
vn -0.5515 0.6927 0.4647
vn -0.5448 0.7616 0.3510
vn -0.6022 0.6435 0.4726
vn -0.6045 0.7116 0.3581
vn -0.6687 0.5791 0.4664
vn -0.6833 0.6417 0.3482
vn -0.7460 0.4949 0.4456
vn -0.7703 0.5503 0.3220
vn -0.8134 0.4004 0.4219
vn -0.8413 0.4526 0.2956
vn -0.8556 0.3142 0.4115
vn -0.8832 0.3701 0.2879
vn -0.8739 0.2448 0.4199
vn -0.9021 0.3071 0.3030
vn -0.8810 0.1813 0.4369
vn -0.9126 0.2453 0.3269
vn -0.8881 0.1046 0.4476
vn -0.9257 0.1628 0.3415
vn -0.9390 0.0543 0.3396
vn -0.9766 -0.0144 0.2146
vn -0.9705 -0.1165 0.2112
vn -0.9971 -0.0727 -0.0239
vn -0.9554 -0.1864 0.2289
vn -0.9890 -0.1475 -0.0087
vn -0.9354 -0.2444 0.2554
vn -0.9782 -0.2062 0.0226
vn -0.9082 -0.3217 0.2675
vn -0.9580 -0.2840 0.0410
vn -0.8663 -0.4316 0.2514
vn -0.9172 -0.3978 0.0237
vn -0.8039 -0.5550 0.2137
vn -0.8491 -0.5276 -0.0237
vn -0.7314 -0.6581 0.1787
vn -0.7685 -0.6360 -0.0703
vn -0.6681 -0.7247 0.1686
vn -0.7028 -0.7060 -0.0875
vn -0.6165 -0.7658 0.1831
vn -0.6575 -0.7501 -0.0713
vn -0.5584 -0.8046 0.2020
vn -0.6096 -0.7915 -0.0434
vn -0.4746 -0.8560 0.2047
vn -0.5323 -0.8459 -0.0320
vn -0.3636 -0.9122 0.1887
vn -0.4208 -0.9060 -0.0461
vn -0.2481 -0.9534 0.1715
vn -0.2999 -0.9516 -0.0669
vn -0.1569 -0.9719 0.1758
vn -0.2047 -0.9766 -0.0664
vn -0.0954 -0.9738 0.2064
vn -0.1445 -0.9889 -0.0333
vn -0.0397 -0.9687 0.2451
vn -0.0935 -0.9955 0.0158
vn 0.0410 -0.9628 0.2672
vn -0.0151 -0.9987 0.0482
vn 0.1566 -0.9526 0.2607
vn 0.1054 -0.9935 0.0425
vn 0.2867 -0.9288 0.2347
vn 0.2458 -0.9693 0.0071
vn 0.3973 -0.8927 0.2125
vn 0.3666 -0.9300 -0.0275
vn 0.4732 -0.8553 0.2109
vn 0.4487 -0.8929 -0.0367
vn 0.5291 -0.8183 0.2244
vn 0.5067 -0.8619 -0.0223
vn 0.5933 -0.7708 0.2320
vn 0.5708 -0.8211 -0.0089
vn 0.6802 -0.7001 0.2174
vn 0.6585 -0.7523 -0.0209
vn 0.7752 -0.6044 0.1836
vn 0.7556 -0.6524 -0.0584
vn 0.8505 -0.5031 0.1534
vn 0.8332 -0.5447 -0.0952
vn 0.8940 -0.4221 0.1503
vn 0.8809 -0.4622 -0.1025
vn 0.9142 -0.3647 0.1766
vn 0.9086 -0.4112 -0.0728
vn 0.9276 -0.3075 0.2121
vn 0.9310 -0.3642 -0.0258
vn 0.9464 -0.2242 0.2324
vn 0.9578 -0.2875 0.0064
vn 0.9672 -0.1096 0.2291
vn 0.9852 -0.1710 0.0066
vn 0.9766 0.0144 0.2146
vn 0.9992 -0.0385 -0.0131
vn 0.9705 0.1165 0.2112
vn 0.9971 0.0727 -0.0239
vn 0.9554 0.1864 0.2289
vn 0.9890 0.1475 -0.0087
vn 0.9354 0.2444 0.2554
vn 0.9782 0.2062 0.0226
vn 0.9082 0.3217 0.2675
vn 0.9580 0.2840 0.0410
vn 0.8663 0.4316 0.2514
vn 0.9172 0.3978 0.0237
vn 0.8039 0.5550 0.2137
vn 0.8491 0.5276 -0.0237
vn 0.7314 0.6581 0.1787
vn 0.7685 0.6360 -0.0703
vn 0.6681 0.7247 0.1686
vn 0.7028 0.7060 -0.0875
vn 0.6165 0.7658 0.1831
vn 0.6575 0.7501 -0.0713
vn 0.5584 0.8046 0.2020
vn 0.6096 0.7915 -0.0434
vn 0.4746 0.8560 0.2047
vn 0.5323 0.8459 -0.0320
vn 0.3636 0.9122 0.1887
vn 0.4208 0.9060 -0.0461
vn 0.2481 0.9534 0.1715
vn 0.2999 0.9516 -0.0669
vn 0.1569 0.9719 0.1758
vn 0.2047 0.9766 -0.0664
vn 0.0954 0.9738 0.2064
vn 0.1445 0.9889 -0.0333
vn 0.0397 0.9687 0.2451
vn 0.0935 0.9955 0.0158
vn -0.0410 0.9628 0.2672
vn 0.0151 0.9987 0.0482
vn -0.1566 0.9526 0.2607
vn -0.1054 0.9935 0.0425
vn -0.2867 0.9288 0.2347
vn -0.2458 0.9693 0.0071
vn -0.3973 0.8927 0.2125
vn -0.3666 0.9300 -0.0275
vn -0.4732 0.8553 0.2109
vn -0.4487 0.8929 -0.0367
vn -0.5291 0.8183 0.2244
vn -0.5067 0.8619 -0.0223
vn -0.5933 0.7708 0.2320
vn -0.5708 0.8211 -0.0089
vn -0.6802 0.7001 0.2174
vn -0.6585 0.7523 -0.0209
vn -0.7752 0.6044 0.1836
vn -0.7556 0.6524 -0.0584
vn -0.8505 0.5031 0.1534
vn -0.8332 0.5447 -0.0952
vn -0.8940 0.4221 0.1503
vn -0.8809 0.4622 -0.1025
vn -0.9142 0.3647 0.1766
vn -0.9086 0.4112 -0.0729
vn -0.9276 0.3075 0.2121
vn -0.9310 0.3642 -0.0258
vn -0.9464 0.2242 0.2324
vn -0.9578 0.2875 0.0064
vn -0.9672 0.1096 0.2291
vn -0.9852 0.1710 0.0066
vn -0.9992 0.0385 -0.0131
vn -0.9420 -0.0233 -0.3349
vn -0.9386 -0.1033 -0.3293
vn -0.9917 -0.0711 -0.1071
vn -0.9384 -0.1593 -0.3066
vn -0.9864 -0.1355 -0.0931
vn -0.9304 -0.2261 -0.2884
vn -0.9778 -0.1942 -0.0786
vn -0.8968 -0.3267 -0.2983
vn -0.9554 -0.2835 -0.0825
vn -0.8287 -0.4481 -0.3353
vn -0.9056 -0.4097 -0.1097
vn -0.7432 -0.5548 -0.3740
vn -0.8291 -0.5410 -0.1414
vn -0.6735 -0.6271 -0.3912
vn -0.7521 -0.6402 -0.1567
vn -0.6330 -0.6735 -0.3816
vn -0.6987 -0.6993 -0.1510
vn -0.6010 -0.7148 -0.3575
vn -0.6625 -0.7373 -0.1322
vn -0.5438 -0.7665 -0.3418
vn -0.6136 -0.7810 -0.1162
vn -0.4465 -0.8244 -0.3477
vn -0.5277 -0.8414 -0.1163
vn -0.3295 -0.8713 -0.3637
vn -0.4092 -0.9035 -0.1276
vn -0.2312 -0.9009 -0.3673
vn -0.2928 -0.9470 -0.1320
vn -0.1704 -0.9224 -0.3465
vn -0.2118 -0.9701 -0.1189
vn -0.1285 -0.9427 -0.3078
vn -0.1635 -0.9823 -0.0915
vn -0.0658 -0.9587 -0.2767
vn -0.1116 -0.9916 -0.0658
vn 0.0413 -0.9598 -0.2776
vn -0.0197 -0.9979 -0.0625
vn 0.1772 -0.9348 -0.3078
vn 0.1161 -0.9896 -0.0854
vn 0.3012 -0.8906 -0.3406
vn 0.2606 -0.9587 -0.1142
vn 0.3879 -0.8510 -0.3540
vn 0.3725 -0.9191 -0.1284
vn 0.4457 -0.8257 -0.3458
vn 0.4429 -0.8878 -0.1250
vn 0.5026 -0.7981 -0.3322
vn 0.4967 -0.8604 -0.1143
vn 0.5792 -0.7429 -0.3356
vn 0.5665 -0.8163 -0.1130
vn 0.6680 -0.6507 -0.3610
vn 0.6620 -0.7383 -0.1294
vn 0.7436 -0.5436 -0.3892
vn 0.7598 -0.6324 -0.1509
vn 0.7945 -0.4587 -0.3978
vn 0.8318 -0.5320 -0.1585
vn 0.8291 -0.4113 -0.3787
vn 0.8729 -0.4657 -0.1454
vn 0.8603 -0.3792 -0.3408
vn 0.8967 -0.4269 -0.1169
vn 0.8945 -0.3231 -0.3090
vn 0.9207 -0.3799 -0.0892
vn 0.9264 -0.2219 -0.3041
vn 0.9529 -0.2922 -0.0808
vn 0.9426 -0.0930 -0.3208
vn 0.9821 -0.1639 -0.0931
vn 0.9420 0.0233 -0.3349
vn 0.9938 -0.0300 -0.1071
vn 0.9386 0.1033 -0.3293
vn 0.9917 0.0711 -0.1071
vn 0.9384 0.1593 -0.3066
vn 0.9864 0.1355 -0.0931
vn 0.9304 0.2261 -0.2884
vn 0.9778 0.1942 -0.0786
vn 0.8968 0.3267 -0.2983
vn 0.9554 0.2835 -0.0825
vn 0.8287 0.4481 -0.3353
vn 0.9056 0.4097 -0.1097
vn 0.7432 0.5548 -0.3740
vn 0.8291 0.5410 -0.1414
vn 0.6735 0.6271 -0.3912
vn 0.7521 0.6402 -0.1567
vn 0.6330 0.6735 -0.3816
vn 0.6987 0.6993 -0.1510
vn 0.6010 0.7148 -0.3575
vn 0.6625 0.7373 -0.1322
vn 0.5438 0.7665 -0.3418
vn 0.6136 0.7810 -0.1162
vn 0.4465 0.8244 -0.3477
vn 0.5277 0.8414 -0.1163
vn 0.3295 0.8713 -0.3637
vn 0.4092 0.9035 -0.1276
vn 0.2312 0.9009 -0.3673
vn 0.2928 0.9470 -0.1320
vn 0.1704 0.9224 -0.3465
vn 0.2118 0.9701 -0.1189
vn 0.1285 0.9427 -0.3078
vn 0.1635 0.9823 -0.0915
vn 0.0658 0.9587 -0.2767
vn 0.1116 0.9916 -0.0658
vn -0.0413 0.9598 -0.2776
vn 0.0197 0.9979 -0.0625
vn -0.1772 0.9348 -0.3078
vn -0.1161 0.9896 -0.0854
vn -0.3012 0.8906 -0.3406
vn -0.2606 0.9587 -0.1142
vn -0.3879 0.8510 -0.3540
vn -0.3725 0.9191 -0.1284
vn -0.4457 0.8257 -0.3458
vn -0.4429 0.8878 -0.1250
vn -0.5026 0.7981 -0.3322
vn -0.4967 0.8604 -0.1143
vn -0.5792 0.7429 -0.3356
vn -0.5665 0.8163 -0.1130
vn -0.6680 0.6507 -0.3610
vn -0.6620 0.7383 -0.1294
vn -0.7436 0.5436 -0.3892
vn -0.7598 0.6324 -0.1509
vn -0.7945 0.4587 -0.3978
vn -0.8318 0.5320 -0.1585
vn -0.8291 0.4113 -0.3787
vn -0.8729 0.4657 -0.1454
vn -0.8603 0.3792 -0.3408
vn -0.8967 0.4269 -0.1169
vn -0.8945 0.3231 -0.3090
vn -0.9207 0.3799 -0.0892
vn -0.9264 0.2219 -0.3041
vn -0.9529 0.2922 -0.0808
vn -0.9426 0.0930 -0.3208
vn -0.9821 0.1639 -0.0931
vn -0.9938 0.0300 -0.1071
vn -1.0000 -0.0000 -0.0005
vn -0.9978 -0.0660 -0.0005
vn -0.9861 -0.1662 -0.0005
vn -0.9534 -0.3017 -0.0005
vn -0.8998 -0.4363 -0.0006
vn -0.8465 -0.5323 -0.0006
vn -0.8112 -0.5848 -0.0005
vn -0.7846 -0.6200 -0.0005
vn -0.7415 -0.6710 -0.0005
vn -0.6625 -0.7490 -0.0006
vn -0.5536 -0.8328 -0.0006
vn -0.4474 -0.8944 -0.0006
vn -0.3720 -0.9282 -0.0005
vn -0.3200 -0.9474 -0.0005
vn -0.2557 -0.9668 -0.0005
vn -0.1481 -0.9890 -0.0005
vn -0.0002 -1.0000 -0.0005
vn 0.1478 -0.9890 -0.0006
vn 0.2557 -0.9668 -0.0005
vn 0.3201 -0.9474 -0.0005
vn 0.3720 -0.9282 -0.0005
vn 0.4473 -0.8944 -0.0005
vn 0.5535 -0.8328 -0.0006
vn 0.6625 -0.7491 -0.0006
vn 0.7415 -0.6710 -0.0006
vn 0.7847 -0.6199 -0.0005
vn 0.8112 -0.5847 -0.0005
vn 0.8466 -0.5323 -0.0005
vn 0.8997 -0.4365 -0.0005
vn 0.9533 -0.3019 -0.0005
vn 0.9861 -0.1664 -0.0005
vn 0.9978 -0.0660 -0.0005
vn 1.0000 -0.0000 -0.0005
vn 0.9978 0.0660 -0.0005
vn 0.9861 0.1662 -0.0005
vn 0.9534 0.3017 -0.0005
vn 0.8998 0.4363 -0.0006
vn 0.8465 0.5323 -0.0006
vn 0.8112 0.5848 -0.0005
vn 0.7846 0.6200 -0.0005
vn 0.7415 0.6710 -0.0005
vn 0.6625 0.7490 -0.0006
vn 0.5536 0.8328 -0.0006
vn 0.4474 0.8944 -0.0006
vn 0.3720 0.9282 -0.0005
vn 0.3200 0.9474 -0.0005
vn 0.2557 0.9668 -0.0005
vn 0.1481 0.9890 -0.0005
vn 0.0002 1.0000 -0.0005
vn -0.1478 0.9890 -0.0006
vn -0.2557 0.9668 -0.0005
vn -0.3200 0.9474 -0.0005
vn -0.3720 0.9282 -0.0005
vn -0.4473 0.8944 -0.0005
vn -0.5535 0.8328 -0.0006
vn -0.6625 0.7491 -0.0006
vn -0.7415 0.6710 -0.0006
vn -0.7847 0.6199 -0.0005
vn -0.8112 0.5847 -0.0005
vn -0.8466 0.5323 -0.0005
vn -0.8997 0.4365 -0.0005
vn -0.9533 0.3019 -0.0005
vn -0.9861 0.1664 -0.0005
vn -0.9978 0.0660 -0.0005
vn -0.7629 -0.0198 0.6462
vn -0.7573 -0.0812 0.6480
vn -0.7466 -0.1234 0.6537
vn -0.7330 -0.1767 0.6569
vn -0.7118 -0.2620 0.6516
vn -0.6735 -0.3706 0.6396
vn -0.6203 -0.4692 0.6286
vn -0.5708 -0.5327 0.6248
vn -0.5344 -0.5645 0.6291
vn -0.4985 -0.5878 0.6372
vn -0.4443 -0.6247 0.6421
vn -0.3639 -0.6761 0.6406
vn -0.2705 -0.7218 0.6370
vn -0.1921 -0.7459 0.6377
vn -0.1430 -0.7503 0.6454
vn -0.1069 -0.7464 0.6568
vn -0.0539 -0.7457 0.6641
vn 0.0336 -0.7495 0.6612
vn 0.1457 -0.7454 0.6506
vn 0.2494 -0.7263 0.6405
vn 0.3201 -0.7015 0.6367
vn 0.3636 -0.6778 0.6391
vn 0.4073 -0.6492 0.6423
vn 0.4736 -0.6046 0.6404
vn 0.5578 -0.5370 0.6329
vn 0.6319 -0.4571 0.6259
vn 0.6755 -0.3903 0.6257
vn 0.6911 -0.3476 0.6337
vn 0.6962 -0.3126 0.6462
vn 0.7094 -0.2594 0.6553
vn 0.7344 -0.1753 0.6557
vn 0.7563 -0.0722 0.6502
vn 0.7629 0.0198 0.6462
vn 0.7573 0.0812 0.6480
vn 0.7466 0.1234 0.6537
vn 0.7330 0.1767 0.6569
vn 0.7118 0.2620 0.6516
vn 0.6735 0.3706 0.6396
vn 0.6203 0.4692 0.6286
vn 0.5708 0.5327 0.6248
vn 0.5344 0.5645 0.6291
vn 0.4985 0.5878 0.6372
vn 0.4443 0.6247 0.6421
vn 0.3639 0.6761 0.6406
vn 0.2705 0.7218 0.6370
vn 0.1921 0.7459 0.6377
vn 0.1430 0.7503 0.6454
vn 0.1069 0.7464 0.6568
vn 0.0539 0.7457 0.6641
vn -0.0336 0.7495 0.6612
vn -0.1457 0.7454 0.6506
vn -0.2494 0.7263 0.6405
vn -0.3201 0.7015 0.6367
vn -0.3636 0.6778 0.6391
vn -0.4073 0.6492 0.6423
vn -0.4736 0.6046 0.6404
vn -0.5578 0.5370 0.6329
vn -0.6319 0.4571 0.6259
vn -0.6755 0.3903 0.6257
vn -0.6911 0.3476 0.6337
vn -0.6962 0.3126 0.6462
vn -0.7094 0.2594 0.6553
vn -0.7344 0.1753 0.6557
vn -0.7563 0.0722 0.6502
vn 0.0164 0.0005 -0.9999
vn 0.0165 0.0019 -0.9999
vn 0.0163 0.0040 -0.9999
vn 0.0156 0.0064 -0.9999
vn 0.0146 0.0082 -0.9999
vn 0.0138 0.0093 -0.9999
vn 0.0133 0.0098 -0.9999
vn 0.0128 0.0106 -0.9999
vn 0.0118 0.0118 -0.9999
vn 0.0102 0.0133 -0.9999
vn 0.0083 0.0145 -0.9999
vn 0.0068 0.0151 -0.9999
vn 0.0057 0.0154 -0.9999
vn 0.0048 0.0157 -0.9999
vn 0.0034 0.0162 -0.9999
vn 0.0011 0.0167 -0.9999
vn -0.0014 0.0167 -0.9999
vn -0.0035 0.0163 -0.9999
vn -0.0048 0.0158 -0.9999
vn -0.0056 0.0155 -0.9999
vn -0.0067 0.0152 -0.9999
vn -0.0084 0.0145 -0.9999
vn -0.0103 0.0133 -0.9999
vn -0.0119 0.0119 -0.9999
vn -0.0127 0.0107 -0.9999
vn -0.0131 0.0100 -0.9999
vn -0.0136 0.0094 -0.9999
vn -0.0145 0.0081 -0.9999
vn -0.0156 0.0061 -0.9999
vn -0.0163 0.0038 -0.9999
vn -0.0165 0.0018 -0.9999
vn -0.0164 0.0005 -0.9999
vn -0.0164 -0.0005 -0.9999
vn -0.0165 -0.0019 -0.9999
vn -0.0163 -0.0040 -0.9999
vn -0.0156 -0.0064 -0.9999
vn -0.0146 -0.0082 -0.9999
vn -0.0138 -0.0093 -0.9999
vn -0.0133 -0.0098 -0.9999
vn -0.0128 -0.0106 -0.9999
vn -0.0118 -0.0118 -0.9999
vn -0.0102 -0.0133 -0.9999
vn -0.0083 -0.0145 -0.9999
vn -0.0068 -0.0151 -0.9999
vn -0.0057 -0.0154 -0.9999
vn -0.0048 -0.0157 -0.9999
vn -0.0034 -0.0162 -0.9999
vn -0.0011 -0.0167 -0.9999
vn 0.0014 -0.0167 -0.9999
vn 0.0035 -0.0163 -0.9999
vn 0.0048 -0.0158 -0.9999
vn 0.0056 -0.0155 -0.9999
vn 0.0067 -0.0152 -0.9999
vn 0.0084 -0.0145 -0.9999
vn 0.0103 -0.0133 -0.9999
vn 0.0119 -0.0119 -0.9999
vn 0.0127 -0.0107 -0.9999
vn 0.0131 -0.0100 -0.9999
vn 0.0136 -0.0094 -0.9999
vn 0.0145 -0.0081 -0.9999
vn 0.0156 -0.0061 -0.9999
vn 0.0163 -0.0038 -0.9999
vn 0.0165 -0.0018 -0.9999
vn 0.0164 -0.0005 -0.9999
vn 0.3219 0.0085 -0.9467
vn 0.3203 0.0399 -0.9465
vn 0.3146 0.0821 -0.9457
vn 0.3027 0.1255 -0.9448
vn 0.2876 0.1578 -0.9447
vn 0.2740 0.1755 -0.9456
vn 0.2624 0.1869 -0.9467
vn 0.2477 0.2033 -0.9473
vn 0.2242 0.2290 -0.9473
vn 0.1924 0.2578 -0.9469
vn 0.1597 0.2802 -0.9466
vn 0.1338 0.2923 -0.9469
vn 0.1146 0.2985 -0.9475
vn 0.0929 0.3052 -0.9477
vn 0.0598 0.3146 -0.9473
vn 0.0149 0.3228 -0.9464
vn -0.0314 0.3249 -0.9452
vn -0.0670 0.3206 -0.9449
vn -0.0890 0.3134 -0.9454
vn -0.1062 0.3058 -0.9462
vn -0.1302 0.2956 -0.9464
vn -0.1642 0.2790 -0.9461
vn -0.2003 0.2561 -0.9457
vn -0.2275 0.2322 -0.9457
vn -0.2420 0.2133 -0.9465
vn -0.2505 0.1987 -0.9475
vn -0.2622 0.1805 -0.9480
vn -0.2807 0.1513 -0.9478
vn -0.3010 0.1112 -0.9471
vn -0.3157 0.0695 -0.9463
vn -0.3218 0.0365 -0.9461
vn -0.3225 0.0135 -0.9465
vn -0.3219 -0.0085 -0.9467
vn -0.3203 -0.0399 -0.9465
vn -0.3146 -0.0821 -0.9457
vn -0.3027 -0.1255 -0.9448
vn -0.2876 -0.1578 -0.9447
vn -0.2740 -0.1755 -0.9456
vn -0.2624 -0.1869 -0.9467
vn -0.2477 -0.2033 -0.9473
vn -0.2242 -0.2290 -0.9473
vn -0.1924 -0.2578 -0.9469
vn -0.1597 -0.2802 -0.9466
vn -0.1338 -0.2923 -0.9469
vn -0.1146 -0.2985 -0.9475
vn -0.0929 -0.3052 -0.9477
vn -0.0598 -0.3146 -0.9473
vn -0.0149 -0.3228 -0.9464
vn 0.0314 -0.3249 -0.9452
vn 0.0670 -0.3206 -0.9449
vn 0.0890 -0.3134 -0.9454
vn 0.1062 -0.3058 -0.9462
vn 0.1302 -0.2956 -0.9464
vn 0.1642 -0.2790 -0.9461
vn 0.2003 -0.2561 -0.9457
vn 0.2275 -0.2322 -0.9457
vn 0.2420 -0.2133 -0.9465
vn 0.2505 -0.1987 -0.9475
vn 0.2622 -0.1805 -0.9480
vn 0.2807 -0.1513 -0.9478
vn 0.3010 -0.1112 -0.9471
vn 0.3157 -0.0695 -0.9463
vn 0.3218 -0.0365 -0.9461
vn 0.3225 -0.0135 -0.9465
vn 0.6953 0.0221 -0.7184
vn 0.6918 0.1048 -0.7144
vn 0.6780 0.1932 -0.7092
vn 0.6536 0.2653 -0.7088
vn 0.6253 0.3113 -0.7156
vn 0.5970 0.3427 -0.7254
vn 0.5651 0.3812 -0.7316
vn 0.5223 0.4381 -0.7316
vn 0.4658 0.5050 -0.7266
vn 0.4032 0.5630 -0.7214
vn 0.3469 0.6001 -0.7208
vn 0.2999 0.6211 -0.7241
vn 0.2510 0.6398 -0.7264
vn 0.1853 0.6649 -0.7236
vn 0.0992 0.6914 -0.7156
vn 0.0070 0.7073 -0.7069
vn -0.0701 0.7066 -0.7041
vn -0.1230 0.6940 -0.7094
vn -0.1643 0.6766 -0.7177
vn -0.2150 0.6565 -0.7230
vn -0.2845 0.6296 -0.7229
vn -0.3622 0.5923 -0.7197
vn -0.4272 0.5488 -0.7185
vn -0.4689 0.5077 -0.7227
vn -0.4957 0.4710 -0.7297
vn -0.5259 0.4303 -0.7337
vn -0.5703 0.3739 -0.7314
vn -0.6222 0.2992 -0.7235
vn -0.6649 0.2173 -0.7146
vn -0.6881 0.1459 -0.7108
vn -0.6947 0.0913 -0.7134
vn -0.6951 0.0413 -0.7177
vn -0.6953 -0.0221 -0.7184
vn -0.6918 -0.1048 -0.7144
vn -0.6780 -0.1932 -0.7092
vn -0.6536 -0.2653 -0.7088
vn -0.6253 -0.3113 -0.7156
vn -0.5970 -0.3427 -0.7254
vn -0.5651 -0.3812 -0.7316
vn -0.5223 -0.4381 -0.7316
vn -0.4658 -0.5050 -0.7266
vn -0.4032 -0.5630 -0.7214
vn -0.3469 -0.6001 -0.7208
vn -0.2999 -0.6211 -0.7241
vn -0.2510 -0.6398 -0.7264
vn -0.1853 -0.6649 -0.7236
vn -0.0992 -0.6914 -0.7156
vn -0.0070 -0.7073 -0.7069
vn 0.0701 -0.7066 -0.7041
vn 0.1230 -0.6940 -0.7094
vn 0.1643 -0.6766 -0.7177
vn 0.2150 -0.6565 -0.7230
vn 0.2845 -0.6296 -0.7229
vn 0.3622 -0.5923 -0.7197
vn 0.4272 -0.5488 -0.7185
vn 0.4689 -0.5077 -0.7227
vn 0.4957 -0.4710 -0.7297
vn 0.5259 -0.4303 -0.7337
vn 0.5703 -0.3739 -0.7314
vn 0.6222 -0.2992 -0.7235
vn 0.6649 -0.2173 -0.7146
vn 0.6881 -0.1459 -0.7108
vn 0.6947 -0.0913 -0.7134
vn 0.6951 -0.0413 -0.7177
vn 0.8983 0.0485 -0.4367
vn 0.8898 0.1527 -0.4300
vn 0.8690 0.2353 -0.4354
vn 0.8412 0.2945 -0.4535
vn 0.8095 0.3490 -0.4721
vn 0.7713 0.4200 -0.4783
vn 0.7208 0.5115 -0.4677
vn 0.6569 0.6067 -0.4477
vn 0.5882 0.6832 -0.4327
vn 0.5252 0.7334 -0.4317
vn 0.4659 0.7678 -0.4398
vn 0.3972 0.8031 -0.4441
vn 0.3081 0.8455 -0.4361
vn 0.2023 0.8849 -0.4196
vn 0.0988 0.9076 -0.4081
vn 0.0163 0.9102 -0.4138
vn -0.0458 0.8993 -0.4349
vn -0.1068 0.8831 -0.4568
vn -0.1864 0.8647 -0.4665
vn -0.2863 0.8397 -0.4615
vn -0.3884 0.8039 -0.4505
vn -0.4711 0.7608 -0.4464
vn -0.5293 0.7168 -0.4538
vn -0.5779 0.6710 -0.4646
vn -0.6364 0.6148 -0.4658
vn -0.7100 0.5402 -0.4517
vn -0.7841 0.4493 -0.4283
vn -0.8390 0.3571 -0.4105
vn -0.8682 0.2792 -0.4103
vn -0.8796 0.2144 -0.4247
vn -0.8863 0.1456 -0.4395
vn -0.8944 0.0574 -0.4435
vn -0.8983 -0.0485 -0.4367
vn -0.8898 -0.1527 -0.4300
vn -0.8690 -0.2353 -0.4354
vn -0.8412 -0.2945 -0.4535
vn -0.8095 -0.3490 -0.4721
vn -0.7713 -0.4200 -0.4783
vn -0.7208 -0.5115 -0.4677
vn -0.6569 -0.6067 -0.4477
vn -0.5882 -0.6832 -0.4327
vn -0.5252 -0.7334 -0.4317
vn -0.4659 -0.7678 -0.4398
vn -0.3972 -0.8031 -0.4441
vn -0.3081 -0.8455 -0.4361
vn -0.2023 -0.8849 -0.4196
vn -0.0988 -0.9076 -0.4081
vn -0.0163 -0.9102 -0.4138
vn 0.0458 -0.8993 -0.4349
vn 0.1068 -0.8831 -0.4568
vn 0.1864 -0.8647 -0.4665
vn 0.2863 -0.8397 -0.4615
vn 0.3884 -0.8039 -0.4505
vn 0.4711 -0.7608 -0.4464
vn 0.5293 -0.7168 -0.4538
vn 0.5779 -0.6710 -0.4646
vn 0.6364 -0.6148 -0.4658
vn 0.7100 -0.5402 -0.4517
vn 0.7841 -0.4493 -0.4283
vn 0.8390 -0.3571 -0.4105
vn 0.8682 -0.2792 -0.4103
vn 0.8796 -0.2144 -0.4247
vn 0.8863 -0.1456 -0.4395
vn 0.8944 -0.0574 -0.4435
vn 0.9830 0.0697 -0.1699
vn 0.9720 0.1550 -0.1769
vn 0.9556 0.2162 -0.2000
vn 0.9335 0.2830 -0.2203
vn 0.8991 0.3794 -0.2183
vn 0.8445 0.5003 -0.1908
vn 0.7728 0.6157 -0.1539
vn 0.7025 0.6994 -0.1316
vn 0.6466 0.7508 -0.1351
vn 0.5946 0.7892 -0.1535
vn 0.5242 0.8354 -0.1651
vn 0.4241 0.8918 -0.1579
vn 0.3065 0.9415 -0.1400
vn 0.2008 0.9706 -0.1324
vn 0.1262 0.9806 -0.1498
vn 0.0710 0.9801 -0.1854
vn 0.0036 0.9764 -0.2161
vn -0.0979 0.9699 -0.2231
vn -0.2260 0.9523 -0.2053
vn -0.3496 0.9195 -0.1799
vn -0.4424 0.8809 -0.1680
vn -0.5057 0.8447 -0.1754
vn -0.5641 0.8041 -0.1877
vn -0.6411 0.7448 -0.1850
vn -0.7351 0.6586 -0.1607
vn -0.8214 0.5558 -0.1281
vn -0.8796 0.4626 -0.1112
vn -0.9101 0.3955 -0.1234
vn -0.9268 0.3419 -0.1555
vn -0.9444 0.2727 -0.1837
vn -0.9666 0.1707 -0.1912
vn -0.9825 0.0464 -0.1804
vn -0.9830 -0.0697 -0.1699
vn -0.9720 -0.1550 -0.1769
vn -0.9556 -0.2162 -0.2000
vn -0.9335 -0.2830 -0.2203
vn -0.8991 -0.3794 -0.2183
vn -0.8445 -0.5003 -0.1908
vn -0.7728 -0.6157 -0.1539
vn -0.7025 -0.6994 -0.1316
vn -0.6466 -0.7508 -0.1351
vn -0.5946 -0.7892 -0.1535
vn -0.5242 -0.8354 -0.1651
vn -0.4241 -0.8918 -0.1579
vn -0.3065 -0.9415 -0.1400
vn -0.2008 -0.9706 -0.1324
vn -0.1262 -0.9806 -0.1498
vn -0.0710 -0.9801 -0.1854
vn -0.0036 -0.9764 -0.2161
vn 0.0979 -0.9699 -0.2231
vn 0.2260 -0.9523 -0.2053
vn 0.3496 -0.9195 -0.1799
vn 0.4424 -0.8809 -0.1680
vn 0.5057 -0.8447 -0.1754
vn 0.5641 -0.8041 -0.1877
vn 0.6411 -0.7448 -0.1850
vn 0.7351 -0.6586 -0.1607
vn 0.8214 -0.5558 -0.1281
vn 0.8796 -0.4626 -0.1112
vn 0.9101 -0.3955 -0.1234
vn 0.9268 -0.3419 -0.1555
vn 0.9444 -0.2727 -0.1837
vn 0.9666 -0.1707 -0.1912
vn 0.9825 -0.0464 -0.1804
vn 0.7721 0.0555 0.6331
vn 0.7724 0.1090 0.6257
vn 0.7749 0.1571 0.6123
vn 0.7617 0.2264 0.6070
vn 0.7174 0.3203 0.6187
vn 0.6462 0.4145 0.6408
vn 0.5754 0.4848 0.6587
vn 0.5288 0.5299 0.6630
vn 0.5034 0.5649 0.6538
vn 0.4722 0.6052 0.6409
vn 0.4099 0.6531 0.6367
vn 0.3183 0.6964 0.6432
vn 0.2259 0.7249 0.6508
vn 0.1606 0.7443 0.6483
vn 0.1225 0.7652 0.6321
vn 0.0839 0.7878 0.6102
vn 0.0141 0.8008 0.5988
vn -0.0901 0.7902 0.6062
vn -0.2003 0.7547 0.6248
vn -0.2863 0.7134 0.6396
vn -0.3428 0.6855 0.6423
vn -0.3879 0.6677 0.6353
vn -0.4431 0.6376 0.6302
vn -0.5124 0.5759 0.6370
vn -0.5790 0.4883 0.6529
vn -0.6271 0.4044 0.6657
vn -0.6594 0.3500 0.6654
vn -0.6881 0.3224 0.6500
vn -0.7207 0.2924 0.6286
vn -0.7536 0.2293 0.6160
vn -0.7746 0.1309 0.6188
vn -0.7772 0.0259 0.6288
vn -0.7721 -0.0555 0.6331
vn -0.7724 -0.1090 0.6257
vn -0.7749 -0.1571 0.6123
vn -0.7617 -0.2264 0.6070
vn -0.7174 -0.3203 0.6187
vn -0.6462 -0.4145 0.6408
vn -0.5754 -0.4848 0.6587
vn -0.5288 -0.5299 0.6630
vn -0.5034 -0.5649 0.6538
vn -0.4722 -0.6052 0.6409
vn -0.4099 -0.6531 0.6367
vn -0.3183 -0.6964 0.6432
vn -0.2259 -0.7249 0.6508
vn -0.1606 -0.7443 0.6483
vn -0.1225 -0.7652 0.6321
vn -0.0839 -0.7878 0.6102
vn -0.0141 -0.8008 0.5988
vn 0.0901 -0.7902 0.6062
vn 0.2003 -0.7547 0.6248
vn 0.2863 -0.7134 0.6396
vn 0.3428 -0.6855 0.6423
vn 0.3879 -0.6677 0.6353
vn 0.4431 -0.6376 0.6302
vn 0.5124 -0.5759 0.6370
vn 0.5790 -0.4883 0.6529
vn 0.6271 -0.4044 0.6657
vn 0.6594 -0.3500 0.6654
vn 0.6881 -0.3224 0.6500
vn 0.7207 -0.2924 0.6286
vn 0.7536 -0.2293 0.6160
vn 0.7746 -0.1309 0.6188
vn 0.7772 -0.0259 0.6288
vn -0.0409 -0.0011 0.9992
vn -0.0407 -0.0042 0.9992
vn -0.0397 -0.0092 0.9992
vn -0.0379 -0.0152 0.9992
vn -0.0357 -0.0204 0.9992
vn -0.0340 -0.0236 0.9991
vn -0.0330 -0.0250 0.9991
vn -0.0318 -0.0265 0.9991
vn -0.0293 -0.0291 0.9991
vn -0.0251 -0.0325 0.9992
vn -0.0203 -0.0357 0.9992
vn -0.0165 -0.0377 0.9992
vn -0.0141 -0.0387 0.9992
vn -0.0122 -0.0393 0.9992
vn -0.0088 -0.0400 0.9992
vn -0.0034 -0.0405 0.9992
vn 0.0031 -0.0405 0.9992
vn 0.0087 -0.0400 0.9992
vn 0.0122 -0.0392 0.9992
vn 0.0142 -0.0386 0.9992
vn 0.0165 -0.0377 0.9992
vn 0.0203 -0.0357 0.9992
vn 0.0251 -0.0325 0.9992
vn 0.0294 -0.0290 0.9991
vn 0.0320 -0.0264 0.9991
vn 0.0331 -0.0249 0.9991
vn 0.0341 -0.0234 0.9991
vn 0.0358 -0.0204 0.9992
vn 0.0379 -0.0154 0.9992
vn 0.0397 -0.0094 0.9992
vn 0.0407 -0.0043 0.9992
vn 0.0410 -0.0011 0.9992
vn 0.0409 0.0011 0.9992
vn 0.0407 0.0042 0.9992
vn 0.0397 0.0092 0.9992
vn 0.0379 0.0152 0.9992
vn 0.0357 0.0204 0.9992
vn 0.0340 0.0236 0.9991
vn 0.0330 0.0250 0.9991
vn 0.0318 0.0265 0.9991
vn 0.0293 0.0291 0.9991
vn 0.0251 0.0325 0.9992
vn 0.0203 0.0357 0.9992
vn 0.0165 0.0377 0.9992
vn 0.0141 0.0387 0.9992
vn 0.0122 0.0393 0.9992
vn 0.0088 0.0400 0.9992
vn 0.0034 0.0405 0.9992
vn -0.0031 0.0405 0.9992
vn -0.0087 0.0400 0.9992
vn -0.0122 0.0392 0.9992
vn -0.0142 0.0386 0.9992
vn -0.0165 0.0377 0.9992
vn -0.0203 0.0357 0.9992
vn -0.0251 0.0325 0.9992
vn -0.0294 0.0290 0.9991
vn -0.0320 0.0264 0.9991
vn -0.0331 0.0249 0.9991
vn -0.0341 0.0234 0.9991
vn -0.0358 0.0204 0.9992
vn -0.0379 0.0154 0.9992
vn -0.0397 0.0094 0.9992
vn -0.0407 0.0043 0.9992
vn -0.0410 0.0011 0.9992
vn -0.3185 -0.0081 0.9479
vn -0.3169 -0.0390 0.9477
vn -0.3112 -0.0810 0.9469
vn -0.2994 -0.1246 0.9460
vn -0.2845 -0.1569 0.9457
vn -0.2712 -0.1744 0.9466
vn -0.2600 -0.1853 0.9477
vn -0.2455 -0.2011 0.9483
vn -0.2223 -0.2263 0.9484
vn -0.1905 -0.2550 0.9480
vn -0.1578 -0.2774 0.9477
vn -0.1323 -0.2895 0.9480
vn -0.1135 -0.2954 0.9486
vn -0.0925 -0.3018 0.9489
vn -0.0598 -0.3109 0.9486
vn -0.0151 -0.3190 0.9476
vn 0.0313 -0.3213 0.9465
vn 0.0669 -0.3172 0.9460
vn 0.0886 -0.3103 0.9465
vn 0.1053 -0.3028 0.9472
vn 0.1287 -0.2928 0.9475
vn 0.1624 -0.2763 0.9473
vn 0.1985 -0.2534 0.9468
vn 0.2257 -0.2296 0.9467
vn 0.2401 -0.2111 0.9475
vn 0.2481 -0.1969 0.9485
vn 0.2592 -0.1792 0.9490
vn 0.2772 -0.1503 0.9490
vn 0.2974 -0.1103 0.9483
vn 0.3123 -0.0686 0.9475
vn 0.3185 -0.0358 0.9473
vn 0.3192 -0.0132 0.9476
vn 0.3185 0.0081 0.9479
vn 0.3169 0.0390 0.9477
vn 0.3112 0.0810 0.9469
vn 0.2994 0.1246 0.9460
vn 0.2845 0.1569 0.9457
vn 0.2712 0.1744 0.9466
vn 0.2600 0.1853 0.9477
vn 0.2455 0.2011 0.9483
vn 0.2223 0.2263 0.9484
vn 0.1905 0.2550 0.9480
vn 0.1578 0.2774 0.9477
vn 0.1323 0.2895 0.9480
vn 0.1135 0.2954 0.9486
vn 0.0925 0.3018 0.9489
vn 0.0598 0.3109 0.9486
vn 0.0151 0.3190 0.9476
vn -0.0313 0.3213 0.9465
vn -0.0669 0.3172 0.9460
vn -0.0886 0.3103 0.9465
vn -0.1053 0.3028 0.9472
vn -0.1287 0.2928 0.9475
vn -0.1624 0.2763 0.9473
vn -0.1985 0.2534 0.9468
vn -0.2257 0.2296 0.9467
vn -0.2401 0.2111 0.9475
vn -0.2481 0.1969 0.9485
vn -0.2592 0.1792 0.9490
vn -0.2772 0.1503 0.9490
vn -0.2974 0.1103 0.9483
vn -0.3123 0.0686 0.9475
vn -0.3185 0.0358 0.9473
vn -0.3192 0.0132 0.9476
vn -0.6957 -0.0216 0.7180
vn -0.6923 -0.1049 0.7139
vn -0.6786 -0.1942 0.7084
vn -0.6543 -0.2665 0.7078
vn -0.6260 -0.3120 0.7147
vn -0.5977 -0.3427 0.7248
vn -0.5659 -0.3805 0.7315
vn -0.5229 -0.4373 0.7317
vn -0.4660 -0.5049 0.7266
vn -0.4030 -0.5634 0.7212
vn -0.3468 -0.6006 0.7204
vn -0.3002 -0.6212 0.7238
vn -0.2518 -0.6396 0.7263
vn -0.1860 -0.6646 0.7236
vn -0.0992 -0.6916 0.7154
vn -0.0060 -0.7080 0.7062
vn 0.0713 -0.7076 0.7031
vn 0.1238 -0.6950 0.7083
vn 0.1643 -0.6775 0.7169
vn 0.2146 -0.6572 0.7225
vn 0.2844 -0.6301 0.7225
vn 0.3627 -0.5926 0.7192
vn 0.4281 -0.5490 0.7179
vn 0.4695 -0.5080 0.7222
vn 0.4955 -0.4717 0.7294
vn 0.5251 -0.4312 0.7338
vn 0.5694 -0.3747 0.7317
vn 0.6219 -0.2993 0.7236
vn 0.6654 -0.2168 0.7143
vn 0.6889 -0.1453 0.7102
vn 0.6955 -0.0911 0.7128
vn 0.6957 -0.0417 0.7172
vn 0.6957 0.0216 0.7180
vn 0.6923 0.1049 0.7139
vn 0.6786 0.1942 0.7084
vn 0.6543 0.2665 0.7078
vn 0.6260 0.3120 0.7147
vn 0.5977 0.3427 0.7248
vn 0.5659 0.3805 0.7315
vn 0.5229 0.4373 0.7317
vn 0.4660 0.5049 0.7266
vn 0.4030 0.5634 0.7212
vn 0.3468 0.6006 0.7204
vn 0.3002 0.6212 0.7238
vn 0.2518 0.6396 0.7263
vn 0.1860 0.6646 0.7236
vn 0.0992 0.6916 0.7154
vn 0.0060 0.7080 0.7062
vn -0.0713 0.7076 0.7031
vn -0.1238 0.6950 0.7083
vn -0.1643 0.6775 0.7169
vn -0.2146 0.6572 0.7225
vn -0.2844 0.6301 0.7225
vn -0.3627 0.5926 0.7192
vn -0.4281 0.5490 0.7179
vn -0.4695 0.5080 0.7222
vn -0.4955 0.4717 0.7294
vn -0.5251 0.4312 0.7338
vn -0.5694 0.3747 0.7317
vn -0.6219 0.2993 0.7236
vn -0.6654 0.2168 0.7143
vn -0.6889 0.1453 0.7102
vn -0.6955 0.0911 0.7128
vn -0.6957 0.0417 0.7172
vn -0.8962 -0.0485 0.4409
vn -0.8879 -0.1533 0.4338
vn -0.8670 -0.2355 0.4392
vn -0.8391 -0.2938 0.4578
vn -0.8074 -0.3470 0.4772
vn -0.7693 -0.4170 0.4840
vn -0.7190 -0.5087 0.4736
vn -0.6549 -0.6049 0.4530
vn -0.5861 -0.6820 0.4373
vn -0.5234 -0.7320 0.4361
vn -0.4648 -0.7658 0.4444
vn -0.3968 -0.8006 0.4490
vn -0.3078 -0.8431 0.4409
vn -0.2013 -0.8832 0.4237
vn -0.0973 -0.9063 0.4114
vn -0.0151 -0.9088 0.4170
vn 0.0460 -0.8975 0.4385
vn 0.1058 -0.8809 0.4612
vn 0.1847 -0.8623 0.4716
vn 0.2847 -0.8373 0.4667
vn 0.3875 -0.8016 0.4553
vn 0.4703 -0.7586 0.4509
vn 0.5279 -0.7148 0.4586
vn 0.5754 -0.6694 0.4699
vn 0.6331 -0.6138 0.4716
vn 0.7071 -0.5393 0.4574
vn 0.7823 -0.4478 0.4330
vn 0.8380 -0.3552 0.4143
vn 0.8671 -0.2776 0.4137
vn 0.8780 -0.2136 0.4284
vn 0.8842 -0.1457 0.4437
vn 0.8922 -0.0579 0.4480
vn 0.8962 0.0485 0.4409
vn 0.8879 0.1533 0.4338
vn 0.8670 0.2355 0.4392
vn 0.8391 0.2938 0.4578
vn 0.8074 0.3470 0.4772
vn 0.7693 0.4170 0.4840
vn 0.7190 0.5087 0.4736
vn 0.6549 0.6049 0.4530
vn 0.5861 0.6820 0.4373
vn 0.5234 0.7320 0.4361
vn 0.4648 0.7658 0.4444
vn 0.3968 0.8006 0.4490
vn 0.3078 0.8431 0.4409
vn 0.2013 0.8832 0.4237
vn 0.0973 0.9063 0.4114
vn 0.0151 0.9088 0.4170
vn -0.0460 0.8975 0.4385
vn -0.1058 0.8809 0.4612
vn -0.1847 0.8623 0.4716
vn -0.2847 0.8373 0.4667
vn -0.3875 0.8016 0.4553
vn -0.4703 0.7586 0.4509
vn -0.5279 0.7148 0.4586
vn -0.5754 0.6694 0.4699
vn -0.6331 0.6138 0.4716
vn -0.7071 0.5393 0.4574
vn -0.7823 0.4478 0.4330
vn -0.8380 0.3552 0.4143
vn -0.8671 0.2776 0.4137
vn -0.8780 0.2136 0.4284
vn -0.8842 0.1457 0.4437
vn -0.8922 0.0579 0.4480
vn -0.9751 -0.0697 0.2103
vn -0.9636 -0.1549 0.2177
vn -0.9461 -0.2148 0.2425
vn -0.9231 -0.2790 0.2645
vn -0.8897 -0.3730 0.2631
vn -0.8375 -0.4938 0.2340
vn -0.7676 -0.6109 0.1941
vn -0.6977 -0.6959 0.1699
vn -0.6416 -0.7471 0.1738
vn -0.5898 -0.7840 0.1936
vn -0.5205 -0.8286 0.2061
vn -0.4217 -0.8848 0.1983
vn -0.3043 -0.9357 0.1787
vn -0.1982 -0.9653 0.1701
vn -0.1233 -0.9743 0.1885
vn -0.0690 -0.9716 0.2264
vn -0.0039 -0.9658 0.2594
vn 0.0949 -0.9589 0.2675
vn 0.2220 -0.9428 0.2488
vn 0.3462 -0.9116 0.2216
vn 0.4394 -0.8737 0.2089
vn 0.5019 -0.8373 0.2169
vn 0.5585 -0.7969 0.2303
vn 0.6340 -0.7390 0.2279
vn 0.7285 -0.6547 0.2018
vn 0.8167 -0.5525 0.1663
vn 0.8761 -0.4590 0.1476
vn 0.9061 -0.3915 0.1607
vn 0.9207 -0.3380 0.1949
vn 0.9361 -0.2702 0.2252
vn 0.9574 -0.1701 0.2333
vn 0.9740 -0.0466 0.2218
vn 0.9751 0.0697 0.2103
vn 0.9636 0.1549 0.2177
vn 0.9461 0.2148 0.2425
vn 0.9231 0.2790 0.2645
vn 0.8897 0.3730 0.2631
vn 0.8375 0.4938 0.2340
vn 0.7676 0.6109 0.1941
vn 0.6977 0.6959 0.1699
vn 0.6416 0.7471 0.1738
vn 0.5898 0.7840 0.1936
vn 0.5205 0.8286 0.2061
vn 0.4217 0.8848 0.1983
vn 0.3043 0.9357 0.1787
vn 0.1982 0.9653 0.1701
vn 0.1233 0.9743 0.1885
vn 0.0690 0.9716 0.2264
vn 0.0039 0.9658 0.2594
vn -0.0949 0.9589 0.2675
vn -0.2220 0.9428 0.2488
vn -0.3462 0.9116 0.2216
vn -0.4394 0.8737 0.2089
vn -0.5019 0.8373 0.2169
vn -0.5585 0.7969 0.2303
vn -0.6340 0.7390 0.2279
vn -0.7285 0.6547 0.2018
vn -0.8167 0.5525 0.1663
vn -0.8761 0.4590 0.1476
vn -0.9061 0.3915 0.1607
vn -0.9207 0.3380 0.1949
vn -0.9361 0.2702 0.2252
vn -0.9574 0.1701 0.2333
vn -0.9740 0.0466 0.2218
vn -0.9398 -0.0680 -0.3349
vn -0.9384 -0.1323 -0.3191
vn -0.9365 -0.1892 -0.2952
vn -0.9179 -0.2719 -0.2891
vn -0.8668 -0.3869 -0.3147
vn -0.7860 -0.5053 -0.3563
vn -0.7046 -0.5953 -0.3861
vn -0.6502 -0.6524 -0.3894
vn -0.6182 -0.6935 -0.3700
vn -0.5773 -0.7390 -0.3472
vn -0.4998 -0.7957 -0.3422
vn -0.3881 -0.8501 -0.3559
vn -0.2758 -0.8879 -0.3682
vn -0.1963 -0.9121 -0.3600
vn -0.1495 -0.9327 -0.3281
vn -0.1021 -0.9518 -0.2894
vn -0.0180 -0.9620 -0.2725
vn 0.1080 -0.9508 -0.2905
vn 0.2432 -0.9137 -0.3257
vn 0.3496 -0.8689 -0.3504
vn 0.4189 -0.8371 -0.3519
vn 0.4724 -0.8139 -0.3381
vn 0.5381 -0.7753 -0.3308
vn 0.6236 -0.7009 -0.3464
vn 0.7088 -0.5966 -0.3764
vn 0.7720 -0.4964 -0.3969
vn 0.8131 -0.4308 -0.3916
vn 0.8445 -0.3958 -0.3608
vn 0.8769 -0.3564 -0.3224
vn 0.9116 -0.2781 -0.3028
vn 0.9370 -0.1585 -0.3112
vn 0.9436 -0.0309 -0.3297
vn 0.9398 0.0680 -0.3349
vn 0.9384 0.1323 -0.3191
vn 0.9365 0.1892 -0.2952
vn 0.9179 0.2719 -0.2891
vn 0.8668 0.3869 -0.3147
vn 0.7860 0.5053 -0.3563
vn 0.7046 0.5953 -0.3861
vn 0.6502 0.6524 -0.3894
vn 0.6182 0.6935 -0.3700
vn 0.5773 0.7390 -0.3472
vn 0.4998 0.7957 -0.3422
vn 0.3880 0.8501 -0.3559
vn 0.2758 0.8879 -0.3682
vn 0.1963 0.9121 -0.3600
vn 0.1495 0.9327 -0.3281
vn 0.1021 0.9518 -0.2894
vn 0.0180 0.9620 -0.2725
vn -0.1080 0.9508 -0.2905
vn -0.2432 0.9137 -0.3257
vn -0.3496 0.8689 -0.3504
vn -0.4189 0.8371 -0.3519
vn -0.4724 0.8139 -0.3381
vn -0.5381 0.7753 -0.3308
vn -0.6236 0.7009 -0.3464
vn -0.7088 0.5966 -0.3764
vn -0.7720 0.4964 -0.3969
vn -0.8131 0.4308 -0.3916
vn -0.8445 0.3958 -0.3608
vn -0.8769 0.3564 -0.3224
vn -0.9116 0.2781 -0.3028
vn -0.9370 0.1585 -0.3112
vn -0.9436 0.0309 -0.3297
vn -0.9995 -0.0303 -0.0005
vn -0.9939 -0.1106 -0.0005
vn -0.9729 -0.2311 -0.0005
vn -0.9282 -0.3721 -0.0006
vn -0.8714 -0.4905 -0.0006
vn -0.8265 -0.5630 -0.0006
vn -0.7983 -0.6023 -0.0005
vn -0.7668 -0.6419 -0.0005
vn -0.7069 -0.7073 -0.0005
vn -0.6102 -0.7923 -0.0006
vn -0.4977 -0.8674 -0.0006
vn -0.4052 -0.9142 -0.0005
vn -0.3449 -0.9386 -0.0005
vn -0.2920 -0.9564 -0.0005
vn -0.2083 -0.9781 -0.0005
vn -0.0773 -0.9970 -0.0005
vn 0.0770 -0.9970 -0.0005
vn 0.2082 -0.9781 -0.0006
vn 0.2920 -0.9564 -0.0005
vn 0.3450 -0.9386 -0.0005
vn 0.4052 -0.9142 -0.0005
vn 0.4976 -0.8674 -0.0005
vn 0.6101 -0.7923 -0.0006
vn 0.7070 -0.7073 -0.0006
vn 0.7669 -0.6418 -0.0006
vn 0.7983 -0.6022 -0.0005
vn 0.8265 -0.5629 -0.0005
vn 0.8714 -0.4905 -0.0005
vn 0.9281 -0.3722 -0.0005
vn 0.9729 -0.2313 -0.0005
vn 0.9939 -0.1107 -0.0005
vn 0.9995 -0.0303 -0.0005
vn 0.9995 0.0303 -0.0005
vn 0.9939 0.1106 -0.0005
vn 0.9729 0.2311 -0.0005
vn 0.9282 0.3721 -0.0006
vn 0.8714 0.4905 -0.0006
vn 0.8265 0.5630 -0.0006
vn 0.7983 0.6023 -0.0005
vn 0.7668 0.6419 -0.0005
vn 0.7069 0.7073 -0.0005
vn 0.6102 0.7923 -0.0006
vn 0.4977 0.8674 -0.0006
vn 0.4052 0.9142 -0.0005
vn 0.3449 0.9386 -0.0005
vn 0.2920 0.9564 -0.0005
vn 0.2083 0.9781 -0.0005
vn 0.0773 0.9970 -0.0005
vn -0.0770 0.9970 -0.0005
vn -0.2082 0.9781 -0.0006
vn -0.2920 0.9564 -0.0005
vn -0.3450 0.9386 -0.0005
vn -0.4052 0.9142 -0.0005
vn -0.4976 0.8674 -0.0005
vn -0.6101 0.7923 -0.0006
vn -0.7070 0.7073 -0.0006
vn -0.7669 0.6418 -0.0006
vn -0.7983 0.6022 -0.0005
vn -0.8265 0.5629 -0.0005
vn -0.8714 0.4905 -0.0005
vn -0.9281 0.3722 -0.0005
vn -0.9729 0.2313 -0.0005
vn -0.9939 0.1107 -0.0005
vn -0.9995 0.0303 -0.0005
vn -0.7611 -0.0544 0.6464
vn -0.7523 -0.1029 0.6508
vn -0.7402 -0.1467 0.6562
vn -0.7240 -0.2150 0.6554
vn -0.6953 -0.3152 0.6459
vn -0.6478 -0.4234 0.6333
vn -0.5939 -0.5059 0.6256
vn -0.5512 -0.5514 0.6262
vn -0.5176 -0.5754 0.6332
vn -0.4747 -0.6038 0.6404
vn -0.4072 -0.6496 0.6420
vn -0.3172 -0.7012 0.6386
vn -0.2278 -0.7369 0.6365
vn -0.1641 -0.7499 0.6408
vn -0.1252 -0.7485 0.6512
vn -0.0843 -0.7451 0.6616
vn -0.0147 -0.7476 0.6639
vn 0.0883 -0.7493 0.6563
vn 0.2009 -0.7374 0.6449
vn 0.2894 -0.7138 0.6377
vn 0.3438 -0.6896 0.6374
vn 0.3835 -0.6648 0.6411
vn 0.4371 -0.6297 0.6422
vn 0.5150 -0.5736 0.6370
vn 0.5980 -0.4970 0.6288
vn 0.6579 -0.4206 0.6247
vn 0.6859 -0.3663 0.6288
vn 0.6935 -0.3309 0.6399
vn 0.7009 -0.2897 0.6517
vn 0.7211 -0.2212 0.6566
vn 0.7470 -0.1244 0.6531
vn 0.7617 -0.0228 0.6476
vn 0.7611 0.0544 0.6464
vn 0.7523 0.1029 0.6508
vn 0.7402 0.1467 0.6562
vn 0.7240 0.2150 0.6554
vn 0.6953 0.3152 0.6459
vn 0.6478 0.4234 0.6333
vn 0.5939 0.5059 0.6256
vn 0.5512 0.5514 0.6262
vn 0.5176 0.5754 0.6332
vn 0.4747 0.6038 0.6404
vn 0.4072 0.6496 0.6420
vn 0.3172 0.7012 0.6386
vn 0.2278 0.7369 0.6365
vn 0.1641 0.7499 0.6408
vn 0.1252 0.7485 0.6512
vn 0.0843 0.7451 0.6616
vn 0.0147 0.7476 0.6639
vn -0.0883 0.7493 0.6563
vn -0.2009 0.7374 0.6449
vn -0.2894 0.7138 0.6377
vn -0.3438 0.6896 0.6374
vn -0.3835 0.6648 0.6411
vn -0.4371 0.6297 0.6422
vn -0.5150 0.5736 0.6370
vn -0.5980 0.4970 0.6288
vn -0.6579 0.4206 0.6247
vn -0.6859 0.3663 0.6288
vn -0.6935 0.3309 0.6399
vn -0.7009 0.2897 0.6517
vn -0.7211 0.2212 0.6566
vn -0.7470 0.1244 0.6531
vn -0.7617 0.0228 0.6476
vt 0.225750 0.237132
vt 0.226391 0.236545
vt 0.248720 0.257248
vt 0.246768 0.259032
vt 0.227016 0.235941
vt 0.250620 0.255411
vt 0.276250 0.276120
vt 0.272915 0.279338
vt 0.269488 0.282461
vt 0.227620 0.235317
vt 0.252457 0.253513
vt 0.228195 0.234670
vt 0.254206 0.251544
vt 0.282522 0.269328
vt 0.279466 0.272789
vt 0.228734 0.233997
vt 0.255841 0.249494
vt 0.229227 0.233297
vt 0.257339 0.247365
vt 0.287976 0.261983
vt 0.285370 0.265725
vt 0.229670 0.232574
vt 0.258682 0.245163
vt 0.230061 0.231831
vt 0.259869 0.242904
vt 0.292378 0.254154
vt 0.290311 0.258117
vt 0.230402 0.231075
vt 0.260906 0.240604
vt 0.230701 0.230310
vt 0.261817 0.238281
vt 0.295797 0.246056
vt 0.294193 0.250124
vt 0.230966 0.229543
vt 0.262627 0.235948
vt 0.231206 0.228775
vt 0.263361 0.233612
vt 0.298553 0.237883
vt 0.297237 0.241973
vt 0.231428 0.228006
vt 0.264041 0.231275
vt 0.231633 0.227237
vt 0.264670 0.228936
vt 0.300906 0.229690
vt 0.299776 0.233791
vt 0.231820 0.226466
vt 0.265240 0.226589
vt 0.231980 0.225692
vt 0.265730 0.224237
vt 0.302795 0.221448
vt 0.301927 0.225575
vt 0.232105 0.224917
vt 0.266109 0.221879
vt 0.232185 0.224144
vt 0.266350 0.219527
vt 0.303872 0.213186
vt 0.303459 0.217312
vt 0.232211 0.223376
vt 0.266428 0.217190
vt 0.232181 0.222617
vt 0.266333 0.214883
vt 0.303812 0.205046
vt 0.303992 0.209090
vt 0.232094 0.221872
vt 0.266069 0.212615
vt 0.231958 0.221141
vt 0.265653 0.210393
vt 0.302608 0.197175
vt 0.303338 0.201072
vt 0.231780 0.220426
vt 0.265112 0.208217
vt 0.231569 0.219724
vt 0.264473 0.206081
vt 0.300559 0.189604
vt 0.301666 0.193356
vt 0.231333 0.219033
vt 0.263760 0.203979
vt 0.231077 0.218352
vt 0.262982 0.201904
vt 0.297976 0.182260
vt 0.299326 0.185908
vt 0.230799 0.217679
vt 0.262139 0.199856
vt 0.230496 0.217017
vt 0.261215 0.197844
vt 0.294885 0.175132
vt 0.296507 0.178662
vt 0.230158 0.216373
vt 0.260187 0.195884
vt 0.229780 0.215753
vt 0.259032 0.194000
vt 0.291024 0.168410
vt 0.293071 0.171701
vt 0.229352 0.215165
vt 0.257728 0.192217
vt 0.228874 0.214618
vt 0.256268 0.190556
vt 0.286124 0.162416
vt 0.288711 0.165304
vt 0.228344 0.214117
vt 0.254652 0.189035
vt 0.227768 0.213662
vt 0.252900 0.187654
vt 0.280183 0.157367
vt 0.283270 0.159771
vt 0.227155 0.213251
vt 0.251034 0.186406
vt 0.226514 0.212879
vt 0.249083 0.185273
vt 0.273491 0.153200
vt 0.276907 0.155188
vt 0.225852 0.212537
vt 0.247074 0.184232
vt 0.225177 0.212220
vt 0.245022 0.183264
vt 0.266396 0.149651
vt 0.269979 0.151365
vt 0.224491 0.211922
vt 0.242939 0.182355
vt 0.223794 0.211643
vt 0.240820 0.181506
vt 0.259052 0.146536
vt 0.262756 0.148039
vt 0.223084 0.211388
vt 0.238661 0.180728
vt 0.222358 0.211163
vt 0.236451 0.180043
vt 0.251398 0.143961
vt 0.255272 0.145162
vt 0.221612 0.210976
vt 0.234183 0.179478
vt 0.220848 0.210837
vt 0.231857 0.179056
vt 0.243336 0.142250
vt 0.247419 0.142977
vt 0.220065 0.210751
vt 0.229476 0.178796
vt 0.219268 0.210718
vt 0.227053 0.178698
vt 0.234909 0.141642
vt 0.239159 0.141806
vt 0.218462 0.210737
vt 0.224601 0.178754
vt 0.217651 0.210798
vt 0.222134 0.178940
vt 0.226289 0.142056
vt 0.230611 0.141740
vt 0.216839 0.210894
vt 0.219664 0.179228
vt 0.216027 0.211016
vt 0.217195 0.179593
vt 0.217631 0.143154
vt 0.221961 0.142542
vt 0.215216 0.211155
vt 0.214727 0.180012
vt 0.214404 0.211310
vt 0.212257 0.180481
vt 0.208969 0.144658
vt 0.213303 0.143860
vt 0.213591 0.211483
vt 0.209784 0.181004
vt 0.212777 0.211680
vt 0.207308 0.181603
vt 0.200280 0.146606
vt 0.204626 0.145560
vt 0.211964 0.211910
vt 0.204834 0.182303
vt 0.211156 0.212181
vt 0.202376 0.183130
vt 0.191632 0.149309
vt 0.195940 0.147841
vt 0.210358 0.212501
vt 0.199951 0.184106
vt 0.209576 0.212872
vt 0.197574 0.185238
vt 0.183223 0.153052
vt 0.187383 0.151044
vt 0.208816 0.213294
vt 0.195261 0.186525
vt 0.208078 0.213761
vt 0.193020 0.187947
vt 0.175254 0.157835
vt 0.179177 0.155328
vt 0.207365 0.214265
vt 0.190852 0.189482
vt 0.206675 0.214799
vt 0.188751 0.191105
vt 0.167771 0.163375
vt 0.171456 0.160532
vt 0.206003 0.215354
vt 0.186707 0.192792
vt 0.205347 0.215926
vt 0.184712 0.194531
vt 0.160677 0.169366
vt 0.164182 0.166326
vt 0.204706 0.216513
vt 0.182760 0.196316
vt 0.204081 0.217117
vt 0.180860 0.198152
vt 0.153914 0.175707
vt 0.157249 0.172489
vt 0.203477 0.217741
vt 0.179023 0.200050
vt 0.202902 0.218388
vt 0.177274 0.202020
vt 0.147643 0.182499
vt 0.150698 0.179038
vt 0.202363 0.219061
vt 0.175639 0.204070
vt 0.201869 0.219761
vt 0.174141 0.206198
vt 0.142188 0.189844
vt 0.144794 0.186102
vt 0.201427 0.220484
vt 0.172798 0.208400
vt 0.201036 0.221227
vt 0.171611 0.210659
vt 0.137786 0.197673
vt 0.139853 0.193710
vt 0.200695 0.221983
vt 0.170574 0.212959
vt 0.200396 0.222747
vt 0.169663 0.215282
vt 0.134367 0.205771
vt 0.135971 0.201703
vt 0.200131 0.223515
vt 0.168853 0.217615
vt 0.199891 0.224283
vt 0.168119 0.219952
vt 0.131612 0.213944
vt 0.132927 0.209854
vt 0.199669 0.225051
vt 0.167439 0.222288
vt 0.199464 0.225821
vt 0.166810 0.224628
vt 0.129259 0.222137
vt 0.130389 0.218036
vt 0.199277 0.226592
vt 0.166240 0.226974
vt 0.199117 0.227365
vt 0.165750 0.229327
vt 0.127369 0.230379
vt 0.128238 0.226252
vt 0.198992 0.228140
vt 0.165371 0.231684
vt 0.198912 0.228914
vt 0.165130 0.234037
vt 0.126293 0.238641
vt 0.126705 0.234515
vt 0.198886 0.229682
vt 0.165052 0.236373
vt 0.198916 0.230441
vt 0.165147 0.238681
vt 0.126353 0.246781
vt 0.126172 0.242737
vt 0.199003 0.231186
vt 0.165411 0.240948
vt 0.199139 0.231917
vt 0.165827 0.243170
vt 0.127557 0.254652
vt 0.126827 0.250755
vt 0.199317 0.232632
vt 0.166368 0.245346
vt 0.199528 0.233334
vt 0.167007 0.247482
vt 0.129605 0.262223
vt 0.128498 0.258471
vt 0.199763 0.234025
vt 0.167720 0.249585
vt 0.200020 0.234706
vt 0.168498 0.251659
vt 0.132188 0.269567
vt 0.130839 0.265919
vt 0.200298 0.235379
vt 0.169341 0.253707
vt 0.200601 0.236040
vt 0.170265 0.255719
vt 0.135280 0.276694
vt 0.133658 0.273165
vt 0.200939 0.236685
vt 0.171293 0.257679
vt 0.201317 0.237305
vt 0.172448 0.259563
vt 0.139140 0.283417
vt 0.137093 0.280126
vt 0.201745 0.237893
vt 0.173752 0.261347
vt 0.202223 0.238440
vt 0.175212 0.263007
vt 0.144040 0.289411
vt 0.141453 0.286523
vt 0.202753 0.238941
vt 0.176828 0.264528
vt 0.203329 0.239396
vt 0.178580 0.265909
vt 0.149982 0.294460
vt 0.146895 0.292056
vt 0.203942 0.239807
vt 0.180446 0.267157
vt 0.204583 0.240179
vt 0.182397 0.268290
vt 0.156673 0.298627
vt 0.153257 0.296639
vt 0.205245 0.240521
vt 0.184406 0.269331
vt 0.205920 0.240838
vt 0.186458 0.270299
vt 0.163768 0.302175
vt 0.160185 0.300462
vt 0.206606 0.241136
vt 0.188541 0.271208
vt 0.207303 0.241414
vt 0.190660 0.272057
vt 0.171112 0.305291
vt 0.167408 0.303788
vt 0.208013 0.241670
vt 0.192819 0.272836
vt 0.208739 0.241895
vt 0.195029 0.273521
vt 0.178766 0.307866
vt 0.174893 0.306665
vt 0.209485 0.242081
vt 0.197297 0.274086
vt 0.210249 0.242221
vt 0.199623 0.274507
vt 0.186828 0.309577
vt 0.182745 0.308850
vt 0.211032 0.242307
vt 0.202004 0.274767
vt 0.211829 0.242339
vt 0.204427 0.274866
vt 0.195256 0.310185
vt 0.191006 0.310021
vt 0.212635 0.242321
vt 0.206879 0.274810
vt 0.213446 0.242259
vt 0.209346 0.274624
vt 0.203875 0.309771
vt 0.199553 0.310087
vt 0.214258 0.242163
vt 0.211816 0.274335
vt 0.215070 0.242042
vt 0.214285 0.273971
vt 0.212533 0.308673
vt 0.208204 0.309285
vt 0.215881 0.241903
vt 0.216753 0.273552
vt 0.216693 0.241747
vt 0.219223 0.273083
vt 0.221196 0.307169
vt 0.216862 0.307967
vt 0.217506 0.241575
vt 0.221696 0.272559
vt 0.218320 0.241377
vt 0.224173 0.271960
vt 0.229885 0.305221
vt 0.225538 0.306267
vt 0.219133 0.241148
vt 0.226646 0.271260
vt 0.219941 0.240877
vt 0.229104 0.270433
vt 0.238533 0.302518
vt 0.234224 0.303986
vt 0.220739 0.240557
vt 0.231529 0.269457
vt 0.221521 0.240186
vt 0.233906 0.268325
vt 0.246941 0.298775
vt 0.242781 0.300783
vt 0.222281 0.239764
vt 0.236219 0.267039
vt 0.223019 0.239297
vt 0.238460 0.265616
vt 0.254910 0.293992
vt 0.250988 0.296499
vt 0.223732 0.238793
vt 0.240628 0.264081
vt 0.224422 0.238259
vt 0.242729 0.262458
vt 0.262393 0.288452
vt 0.258708 0.291295
vt 0.225094 0.237704
vt 0.244773 0.260771
vt 0.265982 0.285501
vt 0.288264 0.292789
vt 0.283805 0.296825
vt 0.292590 0.288618
vt 0.031341 0.567328
vt 0.032432 0.561857
vt 0.050392 0.568392
vt 0.049141 0.574725
vt 0.030137 0.572698
vt 0.047736 0.580922
vt 0.296746 0.284288
vt 0.300676 0.279781
vt 0.033380 0.556268
vt 0.034150 0.550559
vt 0.052292 0.555286
vt 0.051454 0.561911
vt 0.304323 0.275084
vt 0.307651 0.270212
vt 0.034709 0.544734
vt 0.035039 0.538815
vt 0.053211 0.541682
vt 0.052880 0.548532
vt 0.310634 0.265186
vt 0.313288 0.260046
vt 0.035133 0.532834
vt 0.035013 0.526825
vt 0.053156 0.527840
vt 0.053292 0.534773
vt 0.315642 0.254830
vt 0.317753 0.249571
vt 0.034705 0.520821
vt 0.034251 0.514839
vt 0.052381 0.514009
vt 0.052839 0.520915
vt 0.319677 0.244295
vt 0.321457 0.239007
vt 0.033690 0.508891
vt 0.033047 0.502971
vt 0.051162 0.500267
vt 0.051818 0.507129
vt 0.323120 0.233710
vt 0.324653 0.228394
vt 0.032336 0.497072
vt 0.031549 0.491191
vt 0.049556 0.486587
vt 0.050416 0.493418
vt 0.326022 0.223055
vt 0.327165 0.217696
vt 0.030665 0.485331
vt 0.029652 0.479512
vt 0.047367 0.473047
vt 0.048551 0.479786
vt 0.328015 0.212328
vt 0.328518 0.206976
vt 0.028475 0.473764
vt 0.027114 0.468128
vt 0.044350 0.459912
vt 0.045970 0.466408
vt 0.328633 0.201666
vt 0.328362 0.196426
vt 0.025553 0.462642
vt 0.023803 0.457333
vt 0.040445 0.447479
vt 0.042501 0.453596
vt 0.327726 0.191275
vt 0.326779 0.186219
vt 0.021880 0.452216
vt 0.019816 0.447282
vt 0.035832 0.435844
vt 0.038211 0.441567
vt 0.325580 0.181256
vt 0.324181 0.176372
vt 0.017643 0.442513
vt 0.015385 0.437879
vt 0.030756 0.424873
vt 0.033341 0.430286
vt 0.322622 0.171554
vt 0.320905 0.166801
vt 0.013059 0.433358
vt 0.010667 0.428947
vt 0.025330 0.414453
vt 0.028089 0.419589
vt 0.319012 0.162120
vt 0.316897 0.157544
vt 0.008201 0.424658
vt 0.005645 0.420537
vt 0.019487 0.404776
vt 0.022469 0.409494
vt 0.314506 0.153114
vt 0.311794 0.148885
vt 0.323954 0.132979
vt 0.327216 0.137779
vt 0.002983 0.416642
vt 0.016371 0.400367
vt 0.308726 0.144909
vt 0.305306 0.141222
vt 0.316226 0.124319
vt 0.320282 0.128485
vt 0.301554 0.137845
vt 0.297522 0.134765
vt 0.307158 0.116954
vt 0.311830 0.120485
vt 0.293272 0.131954
vt 0.288860 0.129366
vt 0.297243 0.110635
vt 0.302278 0.113687
vt 0.284339 0.126954
vt 0.279731 0.124688
vt 0.286842 0.105040
vt 0.292095 0.107757
vt 0.275044 0.122551
vt 0.270265 0.120565
vt 0.275984 0.100139
vt 0.281480 0.102487
vt 0.265373 0.118766
vt 0.260350 0.117211
vt 0.264510 0.096275
vt 0.270332 0.098048
vt 0.255182 0.115957
vt 0.249878 0.115044
vt 0.252360 0.093874
vt 0.258512 0.094876
vt 0.244454 0.114497
vt 0.238941 0.114300
vt 0.239706 0.093047
vt 0.246079 0.093277
vt 0.233373 0.114419
vt 0.227774 0.114796
vt 0.226814 0.093483
vt 0.233276 0.093137
vt 0.222166 0.115370
vt 0.216554 0.116096
vt 0.213840 0.094745
vt 0.220335 0.094029
vt 0.210934 0.116943
vt 0.205304 0.117923
vt 0.200794 0.096695
vt 0.207327 0.095623
vt 0.199659 0.119062
vt 0.194012 0.120417
vt 0.187703 0.099629
vt 0.194245 0.098010
vt 0.188380 0.122048
vt 0.182798 0.124002
vt 0.174759 0.103997
vt 0.181194 0.101614
vt 0.177302 0.126314
vt 0.171927 0.128980
vt 0.162263 0.109983
vt 0.168439 0.106796
vt 0.166701 0.131978
vt 0.161630 0.135258
vt 0.150408 0.117332
vt 0.156253 0.113516
vt 0.156712 0.138762
vt 0.151928 0.142439
vt 0.139165 0.125582
vt 0.144718 0.121370
vt 0.147260 0.146245
vt 0.142696 0.150167
vt 0.128426 0.134434
vt 0.133734 0.129937
vt 0.138237 0.154203
vt 0.133910 0.158373
vt 0.118267 0.143917
vt 0.123257 0.139086
vt 0.129754 0.162703
vt 0.125825 0.167211
vt 0.109035 0.154210
vt 0.113507 0.148955
vt 0.122177 0.171907
vt 0.118850 0.176780
vt 0.101132 0.165341
vt 0.104902 0.159680
vt 0.115866 0.181805
vt 0.113213 0.186946
vt 0.094664 0.177088
vt 0.097730 0.171158
vt 0.110858 0.192162
vt 0.108748 0.197420
vt 0.089346 0.189131
vt 0.091888 0.183088
vt 0.106824 0.202697
vt 0.105044 0.207984
vt 0.084777 0.201288
vt 0.086984 0.195198
vt 0.103380 0.213282
vt 0.101848 0.218597
vt 0.080855 0.213557
vt 0.082721 0.207406
vt 0.100478 0.223937
vt 0.099335 0.229296
vt 0.077925 0.225955
vt 0.079232 0.219744
vt 0.098485 0.234664
vt 0.097982 0.240016
vt 0.076505 0.238362
vt 0.077002 0.232171
vt 0.097867 0.245325
vt 0.098138 0.250566
vt 0.076829 0.250551
vt 0.076455 0.244496
vt 0.098774 0.255717
vt 0.099721 0.260773
vt 0.078659 0.262366
vt 0.077585 0.256508
vt 0.100921 0.265736
vt 0.102319 0.270620
vt 0.081540 0.273816
vt 0.079991 0.268132
vt 0.103878 0.275437
vt 0.105596 0.280190
vt 0.085238 0.284947
vt 0.083282 0.279424
vt 0.107489 0.284871
vt 0.109604 0.289448
vt 0.089953 0.295626
vt 0.087443 0.290362
vt 0.111995 0.293878
vt 0.114707 0.298107
vt 0.096085 0.305485
vt 0.092823 0.300685
vt 0.117775 0.302083
vt 0.121195 0.305770
vt 0.103812 0.314145
vt 0.099757 0.309978
vt 0.124947 0.309146
vt 0.128978 0.312227
vt 0.815937 0.471054
vt 0.815226 0.476980
vt 0.800705 0.472190
vt 0.801516 0.465346
vt 0.108209 0.317979
vt 0.133229 0.315037
vt 0.137640 0.317625
vt 0.814622 0.482954
vt 0.814103 0.488947
vt 0.799373 0.485976
vt 0.799998 0.479075
vt 0.142161 0.320038
vt 0.146770 0.322304
vt 0.813650 0.494939
vt 0.813253 0.500924
vt 0.798317 0.499786
vt 0.798815 0.492880
vt 0.151456 0.324440
vt 0.156235 0.326426
vt 0.812904 0.506905
vt 0.812612 0.512883
vt 0.797525 0.513613
vt 0.797882 0.506698
vt 0.161127 0.328226
vt 0.166151 0.329781
vt 0.812391 0.518856
vt 0.812259 0.524805
vt 0.797123 0.527398
vt 0.797265 0.520521
vt 0.171319 0.331035
vt 0.176623 0.331948
vt 0.812239 0.530707
vt 0.812342 0.536530
vt 0.797256 0.540930
vt 0.797118 0.534212
vt 0.182047 0.332495
vt 0.187559 0.332692
vt 0.812574 0.542241
vt 0.812929 0.547820
vt 0.797947 0.553972
vt 0.797537 0.547522
vt 0.193128 0.332573
vt 0.198726 0.332196
vt 0.813393 0.553255
vt 0.813944 0.558558
vt 0.799073 0.566454
vt 0.798467 0.560278
vt 0.204334 0.331622
vt 0.209947 0.330895
vt 0.814561 0.563745
vt 0.815229 0.568843
vt 0.800479 0.578498
vt 0.799747 0.572522
vt 0.215566 0.330048
vt 0.221196 0.329069
vt 0.002983 0.625552
vt 0.005762 0.623001
vt 0.019705 0.639548
vt 0.016461 0.642442
vt 0.815937 0.573870
vt 0.801265 0.584391
vt 0.226841 0.327929
vt 0.232489 0.326574
vt 0.008500 0.620282
vt 0.011174 0.617340
vt 0.025966 0.632942
vt 0.022884 0.636401
vt 0.238121 0.324944
vt 0.243703 0.322990
vt 0.013755 0.614119
vt 0.016210 0.610580
vt 0.031708 0.624903
vt 0.028918 0.629117
vt 0.249198 0.320678
vt 0.254573 0.318012
vt 0.018508 0.606697
vt 0.020631 0.602484
vt 0.036711 0.615325
vt 0.034308 0.620294
vt 0.259799 0.315013
vt 0.264870 0.311734
vt 0.022572 0.597970
vt 0.024342 0.593209
vt 0.040946 0.604522
vt 0.038917 0.610047
vt 0.269789 0.308229
vt 0.274572 0.304552
vt 0.025960 0.588259
vt 0.027452 0.583169
vt 0.044571 0.592962
vt 0.042823 0.598813
vt 0.279241 0.300746
vt 0.028841 0.577978
vt 0.046209 0.586998
vt 0.069731 0.581108
vt 0.068153 0.588057
vt 0.071100 0.573982
vt 0.093668 0.578572
vt 0.092225 0.586417
vt 0.090524 0.594048
vt 0.072227 0.566674
vt 0.073087 0.559207
vt 0.095705 0.562322
vt 0.094828 0.570527
vt 0.073672 0.551610
vt 0.073996 0.543925
vt 0.096674 0.545598
vt 0.096309 0.553998
vt 0.074085 0.536193
vt 0.073981 0.528442
vt 0.096836 0.528692
vt 0.096838 0.537156
vt 0.073723 0.520694
vt 0.073339 0.512952
vt 0.096426 0.511721
vt 0.096698 0.520214
vt 0.072846 0.505215
vt 0.072234 0.497481
vt 0.095424 0.494692
vt 0.096012 0.503211
vt 0.071483 0.489751
vt 0.070556 0.482044
vt 0.093576 0.477712
vt 0.094624 0.486181
vt 0.069414 0.474389
vt 0.068030 0.466828
vt 0.090625 0.461071
vt 0.092245 0.469327
vt 0.066385 0.459406
vt 0.064485 0.452159
vt 0.086554 0.445094
vt 0.088719 0.452986
vt 0.062347 0.445113
vt 0.060004 0.438272
vt 0.081590 0.429912
vt 0.084165 0.437406
vt 0.057495 0.431629
vt 0.054850 0.425164
vt 0.076006 0.415452
vt 0.078865 0.422598
vt 0.052093 0.418856
vt 0.049229 0.412704
vt 0.069907 0.401681
vt 0.073024 0.408471
vt 0.046254 0.406718
vt 0.043152 0.400943
vt 0.063205 0.388853
vt 0.066640 0.395120
vt 0.039907 0.395434
vt 0.036506 0.390261
vt 0.055793 0.377461
vt 0.059589 0.382947
vt 0.032945 0.385492
vt 0.013119 0.396331
vt 0.029236 0.381169
vt 0.047719 0.367887
vt 0.051828 0.372440
vt 0.009738 0.392722
vt 0.025397 0.377314
vt 0.323980 0.106930
vt 0.328633 0.111491
vt 0.021458 0.373905
vt 0.039189 0.360088
vt 0.043495 0.363787
vt 0.319021 0.102682
vt 0.313826 0.098704
vt 0.317926 0.080302
vt 0.323474 0.084777
vt 0.017447 0.370902
vt 0.034826 0.356728
vt 0.308456 0.094950
vt 0.302943 0.091389
vt 0.306343 0.071927
vt 0.312216 0.076019
vt 0.297302 0.088000
vt 0.291517 0.084803
vt 0.294031 0.064418
vt 0.300292 0.068043
vt 0.285565 0.081834
vt 0.279420 0.079154
vt 0.280769 0.058198
vt 0.287528 0.061116
vt 0.273061 0.076827
vt 0.266491 0.074903
vt 0.266495 0.053708
vt 0.273750 0.055722
vt 0.259723 0.073416
vt 0.252792 0.072359
vt 0.251425 0.051030
vt 0.259038 0.052157
vt 0.245736 0.071708
vt 0.238594 0.071405
vt 0.235888 0.049837
vt 0.243698 0.050275
vt 0.231396 0.071392
vt 0.224159 0.071619
vt 0.220094 0.049741
vt 0.228019 0.049664
vt 0.216889 0.072052
vt 0.209586 0.072698
vt 0.204089 0.050700
vt 0.212117 0.050071
vt 0.202248 0.073584
vt 0.194885 0.074770
vt 0.187924 0.053091
vt 0.196016 0.051685
vt 0.187514 0.076318
vt 0.180168 0.078284
vt 0.171816 0.057364
vt 0.179843 0.054976
vt 0.172887 0.080708
vt 0.165712 0.083591
vt 0.156081 0.063616
vt 0.163884 0.060258
vt 0.158679 0.086912
vt 0.151804 0.090613
vt 0.140936 0.071486
vt 0.148431 0.067383
vt 0.145096 0.094632
vt 0.138545 0.098903
vt 0.126387 0.080449
vt 0.133593 0.075856
vt 0.132136 0.103373
vt 0.125859 0.108017
vt 0.112374 0.090221
vt 0.119312 0.085234
vt 0.119713 0.112829
vt 0.113722 0.117829
vt 0.099018 0.100885
vt 0.105595 0.095427
vt 0.107921 0.123044
vt 0.102366 0.128498
vt 0.086685 0.112656
vt 0.092697 0.106625
vt 0.097114 0.134208
vt 0.092208 0.140166
vt 0.075750 0.125553
vt 0.081030 0.118976
vt 0.087680 0.146352
vt 0.083525 0.152723
vt 0.066287 0.139306
vt 0.070846 0.132346
vt 0.079720 0.159234
vt 0.076215 0.165843
vt 0.058021 0.153555
vt 0.062028 0.146385
vt 0.072956 0.172515
vt 0.069901 0.179235
vt 0.050638 0.168102
vt 0.054227 0.160794
vt 0.067021 0.185997
vt 0.064332 0.192807
vt 0.044167 0.182951
vt 0.047266 0.175486
vt 0.061866 0.199673
vt 0.059691 0.206594
vt 0.039066 0.198118
vt 0.041408 0.190499
vt 0.057882 0.213563
vt 0.056503 0.220555
vt 0.035879 0.213465
vt 0.037211 0.205785
vt 0.055606 0.227540
vt 0.055197 0.234486
vt 0.034791 0.228728
vt 0.035083 0.221123
vt 0.055263 0.241362
vt 0.055750 0.248151
vt 0.035499 0.243696
vt 0.034951 0.236254
vt 0.056596 0.254844
vt 0.057743 0.261444
vt 0.037535 0.258316
vt 0.036372 0.251049
vt 0.059143 0.267959
vt 0.060787 0.274386
vt 0.799329 0.393090
vt 0.797331 0.398759
vt 0.777633 0.387484
vt 0.779838 0.381308
vt 0.801375 0.387608
vt 0.782100 0.375367
vt 0.062685 0.280720
vt 0.064885 0.286930
vt 0.795383 0.404622
vt 0.793499 0.410704
vt 0.773452 0.400650
vt 0.775498 0.393922
vt 0.810678 0.421839
vt 0.809057 0.427428
vt 0.791697 0.417035
vt 0.807509 0.433222
vt 0.789998 0.423630
vt 0.769712 0.415031
vt 0.771518 0.407689
vt 0.806057 0.439244
vt 0.788423 0.430494
vt 0.804719 0.445491
vt 0.786986 0.437603
vt 0.766532 0.430517
vt 0.768049 0.422656
vt 0.803515 0.451951
vt 0.785695 0.444921
vt 0.802447 0.458584
vt 0.784543 0.452395
vt 0.763905 0.446727
vt 0.765156 0.438558
vt 0.783517 0.459974
vt 0.782599 0.467616
vt 0.761705 0.463281
vt 0.762760 0.454977
vt 0.781768 0.475290
vt 0.781011 0.482986
vt 0.759821 0.480011
vt 0.760725 0.471626
vt 0.780321 0.490699
vt 0.779706 0.498434
vt 0.758278 0.496917
vt 0.758999 0.488442
vt 0.779179 0.506191
vt 0.778762 0.513958
vt 0.757234 0.513952
vt 0.757683 0.505429
vt 0.778478 0.521713
vt 0.778343 0.529425
vt 0.756838 0.530900
vt 0.756951 0.522455
vt 0.778367 0.537057
vt 0.778546 0.544580
vt 0.757102 0.547497
vt 0.756894 0.539254
vt 0.778869 0.551972
vt 0.779313 0.559230
vt 0.757891 0.563621
vt 0.757441 0.555617
vt 0.779857 0.566360
vt 0.780483 0.573379
vt 0.759063 0.579310
vt 0.758434 0.571517
vt 0.781180 0.580300
vt 0.781950 0.587120
vt 0.760600 0.594544
vt 0.759780 0.586995
vt 0.782802 0.593824
vt 0.802117 0.590181
vt 0.783755 0.600364
vt 0.762622 0.609035
vt 0.761541 0.601912
vt 0.803051 0.595834
vt 0.784828 0.606684
vt 0.804084 0.601290
vt 0.786037 0.612716
vt 0.765261 0.622287
vt 0.763860 0.615846
vt 0.047152 0.642426
vt 0.043912 0.646914
vt 0.050194 0.637495
vt 0.070718 0.647992
vt 0.067478 0.653583
vt 0.064026 0.658732
vt 0.053025 0.632154
vt 0.055652 0.626465
vt 0.076593 0.635752
vt 0.073749 0.642023
vt 0.058091 0.620497
vt 0.060367 0.614311
vt 0.081807 0.622552
vt 0.079272 0.629247
vt 0.062505 0.607961
vt 0.064517 0.601467
vt 0.086482 0.608668
vt 0.084213 0.615694
vt 0.066406 0.594837
vt 0.088597 0.601460
vt 0.114529 0.590042
vt 0.112779 0.598225
vt 0.115993 0.581631
vt 0.135863 0.583323
vt 0.134394 0.592121
vt 0.132640 0.600698
vt 0.117172 0.573030
vt 0.118090 0.564286
vt 0.138067 0.565281
vt 0.137074 0.574362
vt 0.118778 0.555444
vt 0.119271 0.546532
vt 0.139536 0.546881
vt 0.138881 0.556117
vt 0.119598 0.537572
vt 0.119770 0.528567
vt 0.140371 0.528198
vt 0.140040 0.537575
vt 0.119784 0.519518
vt 0.119614 0.510430
vt 0.140354 0.509239
vt 0.140491 0.518747
vt 0.119224 0.501310
vt 0.118576 0.492188
vt 0.139126 0.490179
vt 0.139909 0.499701
vt 0.117631 0.483096
vt 0.116374 0.474082
vt 0.136503 0.471377
vt 0.137985 0.480722
vt 0.114800 0.465191
vt 0.112930 0.456455
vt 0.132645 0.453152
vt 0.134707 0.462182
vt 0.110796 0.447900
vt 0.108437 0.439528
vt 0.127911 0.435587
vt 0.130367 0.444291
vt 0.105893 0.431334
vt 0.103189 0.423310
vt 0.122559 0.418619
vt 0.125308 0.427029
vt 0.100341 0.415449
vt 0.097346 0.407766
vt 0.116574 0.402328
vt 0.119656 0.410370
vt 0.094190 0.400289
vt 0.090855 0.393069
vt 0.109775 0.387104
vt 0.113286 0.394550
vt 0.087323 0.386169
vt 0.083589 0.379647
vt 0.102071 0.373439
vt 0.106032 0.380055
vt 0.079656 0.373556
vt 0.075545 0.367913
vt 0.093603 0.361537
vt 0.097916 0.367276
vt 0.071284 0.362721
vt 0.066904 0.357940
vt 0.322262 0.787901
vt 0.322966 0.796848
vt 0.309844 0.795018
vt 0.309066 0.785757
vt 0.089172 0.356178
vt 0.062438 0.353523
vt 0.057907 0.349416
vt 0.323466 0.805846
vt 0.323795 0.814875
vt 0.310976 0.813662
vt 0.310476 0.804321
vt 0.053325 0.345573
vt 0.030425 0.353654
vt 0.048695 0.341983
vt 0.323979 0.823919
vt 0.324025 0.832978
vt 0.311563 0.832474
vt 0.311347 0.823045
vt 0.025993 0.350821
vt 0.044015 0.338658
vt 0.307101 0.053962
vt 0.313211 0.058522
vt 0.323928 0.842053
vt 0.323658 0.851138
vt 0.311373 0.851445
vt 0.311586 0.841948
vt 0.300718 0.049704
vt 0.294034 0.045815
vt 0.323184 0.860218
vt 0.322472 0.869261
vt 0.310082 0.870366
vt 0.310879 0.860933
vt 0.287036 0.042358
vt 0.279737 0.039368
vt 0.321493 0.878231
vt 0.320237 0.887084
vt 0.307566 0.888889
vt 0.308972 0.879697
vt 0.272165 0.036864
vt 0.264366 0.034822
vt 0.260943 0.019564
vt 0.269109 0.021622
vt 0.277079 0.024099
vt 0.256390 0.033205
vt 0.248278 0.031958
vt 0.244207 0.016468
vt 0.252633 0.017861
vt 0.240064 0.031029
vt 0.231764 0.030394
vt 0.227057 0.014547
vt 0.235682 0.015357
vt 0.223384 0.030042
vt 0.214927 0.030007
vt 0.209501 0.014028
vt 0.218329 0.014080
vt 0.206394 0.030337
vt 0.197803 0.031095
vt 0.191611 0.015458
vt 0.200584 0.014469
vt 0.189175 0.032343
vt 0.180548 0.034116
vt 0.173658 0.019186
vt 0.182620 0.017036
vt 0.171964 0.036430
vt 0.163462 0.039255
vt 0.155973 0.025009
vt 0.164766 0.021870
vt 0.155074 0.042544
vt 0.146815 0.046226
vt 0.138723 0.032319
vt 0.147293 0.028518
vt 0.138691 0.050228
vt 0.130694 0.054495
vt 0.121881 0.040598
vt 0.130255 0.036352
vt 0.122817 0.058988
vt 0.115062 0.063703
vt 0.105441 0.049790
vt 0.113601 0.045064
vt 0.107441 0.068654
vt 0.099987 0.073873
vt 0.089643 0.060216
vt 0.097436 0.054826
vt 0.092746 0.079397
vt 0.085770 0.085248
vt 0.074915 0.072152
vt 0.082120 0.065993
vt 0.079110 0.091435
vt 0.072796 0.097936
vt 0.061559 0.085497
vt 0.068062 0.078670
vt 0.066847 0.104720
vt 0.061245 0.111735
vt 0.049506 0.099840
vt 0.055387 0.092572
vt 0.055963 0.118931
vt 0.050958 0.126270
vt 0.038454 0.114800
vt 0.043871 0.107256
vt 0.046194 0.133719
vt 0.041656 0.141273
vt 0.028278 0.130269
vt 0.033245 0.122467
vt 0.037348 0.148930
vt 0.033315 0.156700
vt 0.019326 0.146333
vt 0.023610 0.138222
vt 0.029615 0.164589
vt 0.026327 0.172592
vt 0.012253 0.162998
vt 0.015517 0.154600
vt 0.023524 0.180693
vt 0.021255 0.188862
vt 0.007522 0.180037
vt 0.009589 0.171492
vt 0.019549 0.197061
vt 0.018387 0.205255
vt 0.005029 0.197112
vt 0.006025 0.188587
vt 0.017731 0.213408
vt 0.017520 0.221501
vt 0.774445 0.338395
vt 0.771755 0.343277
vt 0.752871 0.335965
vt 0.755668 0.330884
vt 0.004458 0.205585
vt 0.017687 0.229521
vt 0.789192 0.358934
vt 0.786775 0.364157
vt 0.766531 0.353982
vt 0.769118 0.348487
vt 0.747408 0.346910
vt 0.750118 0.341308
vt 0.784412 0.369645
vt 0.763994 0.359730
vt 0.761509 0.365740
vt 0.742147 0.358977
vt 0.744747 0.352785
vt 0.759086 0.372032
vt 0.756742 0.378637
vt 0.737208 0.372475
vt 0.739627 0.365531
vt 0.754494 0.385585
vt 0.752363 0.392880
vt 0.732744 0.387541
vt 0.734909 0.379821
vt 0.750363 0.400514
vt 0.748502 0.408446
vt 0.728821 0.403900
vt 0.730717 0.395589
vt 0.746780 0.416628
vt 0.745186 0.425001
vt 0.725365 0.421052
vt 0.727044 0.412405
vt 0.743705 0.433510
vt 0.742321 0.442119
vt 0.722240 0.438640
vt 0.723766 0.429800
vt 0.741019 0.450805
vt 0.739796 0.459562
vt 0.719413 0.456621
vt 0.720784 0.447576
vt 0.738656 0.468396
vt 0.737615 0.477309
vt 0.717021 0.475080
vt 0.718149 0.465790
vt 0.736695 0.486305
vt 0.735919 0.495364
vt 0.715281 0.493951
vt 0.716058 0.484479
vt 0.735310 0.504464
vt 0.734879 0.513567
vt 0.714313 0.512949
vt 0.714701 0.503455
vt 0.734628 0.522634
vt 0.734548 0.531635
vt 0.714044 0.531769
vt 0.714102 0.522394
vt 0.734622 0.540545
vt 0.734828 0.549357
vt 0.714297 0.550276
vt 0.714115 0.541063
vt 0.735147 0.558068
vt 0.735570 0.566681
vt 0.714969 0.568455
vt 0.714579 0.559411
vt 0.736092 0.575194
vt 0.736725 0.583585
vt 0.716135 0.586154
vt 0.715480 0.577386
vt 0.737484 0.591820
vt 0.738389 0.599845
vt 0.717971 0.602956
vt 0.716960 0.594700
vt 0.739459 0.607598
vt 0.740702 0.615019
vt 0.720570 0.618377
vt 0.719177 0.610861
vt 0.742120 0.622057
vt 0.743702 0.628693
vt 0.723842 0.632213
vt 0.722135 0.625486
vt 0.766821 0.628315
vt 0.745427 0.634924
vt 0.091331 0.655063
vt 0.087941 0.661112
vt 0.109929 0.659126
vt 0.106406 0.665383
vt 0.725662 0.638595
vt 0.094550 0.648722
vt 0.097618 0.642144
vt 0.116607 0.645999
vt 0.113327 0.652660
vt 0.100551 0.635367
vt 0.103350 0.628396
vt 0.122786 0.632046
vt 0.119769 0.639140
vt 0.106003 0.621219
vt 0.108483 0.613812
vt 0.128236 0.617000
vt 0.125623 0.624676
vt 0.110753 0.606150
vt 0.130583 0.609002
vt 0.149769 0.592951
vt 0.148019 0.601752
vt 0.151260 0.583954
vt 0.161058 0.583693
vt 0.159544 0.592726
vt 0.157804 0.601590
vt 0.152534 0.574820
vt 0.153629 0.565581
vt 0.163574 0.565294
vt 0.162393 0.574543
vt 0.154573 0.556257
vt 0.155362 0.546845
vt 0.165485 0.546502
vt 0.164614 0.555950
vt 0.155978 0.537339
vt 0.156371 0.527737
vt 0.166539 0.527263
vt 0.166147 0.536937
vt 0.156489 0.518047
vt 0.156280 0.508302
vt 0.166284 0.507686
vt 0.166598 0.517497
vt 0.155702 0.498543
vt 0.154748 0.488825
vt 0.164474 0.488141
vt 0.165570 0.497882
vt 0.153427 0.479202
vt 0.151780 0.469708
vt 0.161296 0.469019
vt 0.163029 0.478512
vt 0.149861 0.460369
vt 0.147723 0.451183
vt 0.157210 0.450455
vt 0.159339 0.459671
vt 0.145418 0.442139
vt 0.142968 0.433225
vt 0.152558 0.432363
vt 0.154948 0.441355
vt 0.140382 0.424435
vt 0.137639 0.415792
vt 0.147320 0.414766
vt 0.150027 0.423486
vt 0.134712 0.407333
vt 0.131569 0.399122
vt 0.141225 0.398033
vt 0.144396 0.406256
vt 0.128181 0.391232
vt 0.124545 0.383723
vt 0.287518 0.730753
vt 0.289791 0.739144
vt 0.280505 0.738599
vt 0.278277 0.730118
vt 0.137787 0.390168
vt 0.120668 0.376644
vt 0.116581 0.370000
vt 0.291773 0.747839
vt 0.293472 0.756781
vt 0.284119 0.756367
vt 0.282443 0.747372
vt 0.305473 0.758542
vt 0.306918 0.767473
vt 0.294910 0.765908
vt 0.308104 0.776564
vt 0.296131 0.775162
vt 0.286848 0.774763
vt 0.285572 0.765513
vt 0.297179 0.784496
vt 0.298087 0.793888
vt 0.289022 0.793461
vt 0.287992 0.784080
vt 0.298877 0.803334
vt 0.299539 0.812842
vt 0.290714 0.812455
vt 0.289940 0.802914
vt 0.300047 0.822424
vt 0.300354 0.832076
vt 0.291629 0.831819
vt 0.291297 0.822094
vt 0.300405 0.841787
vt 0.300158 0.851517
vt 0.291336 0.851400
vt 0.291653 0.841605
vt 0.299578 0.861223
vt 0.298665 0.870853
vt 0.289647 0.870813
vt 0.290661 0.861153
vt 0.297432 0.880361
vt 0.295920 0.889724
vt 0.286764 0.889729
vt 0.288330 0.880342
vt 0.305896 0.897916
vt 0.294175 0.898930
vt 0.304002 0.906775
vt 0.292242 0.907986
vt 0.283082 0.908089
vt 0.285002 0.898973
vt 0.301926 0.915472
vt 0.290156 0.916907
vt 0.299694 0.924018
vt 0.287926 0.925696
vt 0.278827 0.925964
vt 0.281026 0.917089
vt 0.297323 0.932423
vt 0.285550 0.934346
vt 0.294805 0.940670
vt 0.283000 0.942814
vt 0.273900 0.943200
vt 0.276463 0.934688
vt 0.213752 0.002983
vt 0.222684 0.003440
vt 0.204710 0.003037
vt 0.280246 0.951044
vt 0.277263 0.958957
vt 0.268042 0.959278
vt 0.271099 0.951424
vt 0.195580 0.003674
vt 0.186406 0.004919
vt 0.274028 0.966471
vt 0.270549 0.973530
vt 0.261152 0.973620
vt 0.264719 0.966688
vt 0.177238 0.006769
vt 0.168116 0.009163
vt 0.266842 0.980092
vt 0.262943 0.986171
vt 0.253430 0.986066
vt 0.257373 0.980064
vt 0.159078 0.012018
vt 0.150132 0.015239
vt 0.146357 0.010124
vt 0.155329 0.006968
vt 0.164379 0.004092
vt 0.141281 0.018733
vt 0.132511 0.022449
vt 0.128611 0.017024
vt 0.137456 0.013483
vt 0.123812 0.026358
vt 0.115188 0.030488
vt 0.111088 0.024746
vt 0.119815 0.020758
vt 0.106656 0.034883
vt 0.098261 0.039608
vt 0.093995 0.033772
vt 0.102461 0.029061
vt 0.090059 0.044725
vt 0.082111 0.050264
vt 0.077801 0.044564
vt 0.085756 0.038937
vt 0.074473 0.056234
vt 0.067173 0.062600
vt 0.060967 0.751371
vt 0.062899 0.759966
vt 0.054464 0.758556
vt 0.052570 0.749872
vt 0.070176 0.050636
vt 0.060220 0.069310
vt 0.053587 0.076296
vt 0.064505 0.768810
vt 0.065827 0.777842
vt 0.057402 0.776531
vt 0.056057 0.767462
vt 0.047233 0.083490
vt 0.041115 0.090850
vt 0.066910 0.787004
vt 0.067798 0.796266
vt 0.059530 0.794986
vt 0.058550 0.785711
vt 0.035197 0.098345
vt 0.029484 0.105981
vt 0.068520 0.805609
vt 0.069073 0.815033
vt 0.060995 0.813814
vt 0.060354 0.804350
vt 0.024003 0.113771
vt 0.018829 0.121735
vt 0.069435 0.824548
vt 0.069556 0.834150
vt 0.061522 0.833063
vt 0.061406 0.823388
vt 0.014053 0.129892
vt 0.009770 0.138235
vt 0.069378 0.843833
vt 0.068845 0.853561
vt 0.060631 0.852611
vt 0.061278 0.842820
vt 0.006067 0.146746
vt 0.002983 0.155381
vt 0.067916 0.863292
vt 0.066583 0.872970
vt 0.058066 0.872079
vt 0.059553 0.862382
vt 0.076900 0.873814
vt 0.075375 0.883225
vt 0.064857 0.882542
vt 0.073485 0.892515
vt 0.062786 0.891975
vt 0.054043 0.891083
vt 0.056208 0.881653
vt 0.071262 0.901645
vt 0.060425 0.901245
vt 0.068758 0.910602
vt 0.057835 0.910357
vt 0.049060 0.909502
vt 0.051642 0.900361
vt 0.066026 0.919385
vt 0.055069 0.919321
vt 0.063108 0.928004
vt 0.052151 0.928150
vt 0.043483 0.927433
vt 0.046339 0.918524
vt 0.734655 0.337175
vt 0.737481 0.331848
vt 0.731872 0.342780
vt 0.049090 0.936852
vt 0.045865 0.945402
vt 0.037290 0.944852
vt 0.040479 0.936223
vt 0.729144 0.348713
vt 0.726490 0.355029
vt 0.042448 0.953764
vt 0.038806 0.961870
vt 0.030203 0.961382
vt 0.033875 0.953264
vt 0.723932 0.361774
vt 0.721491 0.368952
vt 0.710901 0.367860
vt 0.713328 0.360575
vt 0.715878 0.353738
vt 0.719180 0.376547
vt 0.717003 0.384500
vt 0.706435 0.383561
vt 0.708605 0.375548
vt 0.714954 0.392740
vt 0.713016 0.401195
vt 0.702405 0.400243
vt 0.704375 0.391816
vt 0.711169 0.409799
vt 0.709397 0.418519
vt 0.698662 0.417448
vt 0.700505 0.408791
vt 0.707687 0.427340
vt 0.706044 0.436275
vt 0.695162 0.435143
vt 0.696875 0.426223
vt 0.704481 0.445345
vt 0.703027 0.454569
vt 0.692070 0.453521
vt 0.693548 0.444238
vt 0.701715 0.463955
vt 0.700576 0.473486
vt 0.689657 0.472614
vt 0.690764 0.462991
vt 0.699636 0.483131
vt 0.698901 0.492843
vt 0.688087 0.492128
vt 0.688767 0.482345
vt 0.698370 0.502571
vt 0.698021 0.512275
vt 0.687282 0.511661
vt 0.687602 0.501911
vt 0.697830 0.521923
vt 0.697769 0.531506
vt 0.687020 0.530989
vt 0.687096 0.521354
vt 0.697816 0.541022
vt 0.697965 0.550469
vt 0.687158 0.550086
vt 0.687039 0.540568
vt 0.698218 0.559844
vt 0.698597 0.569115
vt 0.687775 0.568846
vt 0.687394 0.559527
vt 0.699127 0.578240
vt 0.699834 0.587154
vt 0.689091 0.586874
vt 0.688333 0.577985
vt 0.700740 0.595788
vt 0.701850 0.604081
vt 0.691242 0.603651
vt 0.690063 0.595443
vt 0.703160 0.611990
vt 0.704646 0.619510
vt 0.694131 0.618940
vt 0.692609 0.611475
vt 0.706278 0.626658
vt 0.708024 0.633484
vt 0.697497 0.632979
vt 0.695770 0.626087
vt 0.709853 0.640045
vt 0.727571 0.644683
vt 0.711748 0.646385
vt 0.701129 0.646199
vt 0.699285 0.639674
vt 0.128130 0.654524
vt 0.124569 0.660927
vt 0.131583 0.647915
vt 0.713703 0.652534
vt 0.715724 0.658470
vt 0.705015 0.658681
vt 0.703032 0.652553
vt 0.134904 0.641059
vt 0.138050 0.633901
vt 0.147924 0.634082
vt 0.144736 0.641245
vt 0.141338 0.648044
vt 0.140970 0.626394
vt 0.143623 0.618523
vt 0.153479 0.618552
vt 0.150850 0.626515
vt 0.145974 0.610294
vt 0.155792 0.610222
vt 0.490045 0.601748
vt 0.486397 0.610581
vt 0.482304 0.609783
vt 0.485929 0.601027
vt 0.482407 0.619217
vt 0.478368 0.618359
vt 0.475572 0.617078
vt 0.479446 0.608608
vt 0.483022 0.599972
vt 0.478155 0.627683
vt 0.474198 0.626787
vt 0.473681 0.636004
vt 0.469819 0.635086
vt 0.467171 0.633619
vt 0.471474 0.625410
vt 0.168564 0.555298
vt 0.167488 0.564550
vt 0.169461 0.545932
vt 0.465231 0.643259
vt 0.460386 0.651262
vt 0.457886 0.649608
vt 0.462659 0.641702
vt 0.170128 0.536441
vt 0.170500 0.526836
vt 0.455220 0.659028
vt 0.449673 0.666458
vt 0.447308 0.664578
vt 0.452789 0.657267
vt 0.170514 0.517143
vt 0.170137 0.507411
vt 0.443694 0.673447
vt 0.437280 0.679909
vt 0.435052 0.677765
vt 0.441396 0.671436
vt 0.169355 0.497698
vt 0.168197 0.488059
vt 0.430451 0.685783
vt 0.423270 0.691073
vt 0.421207 0.688684
vt 0.428301 0.683510
vt 0.166710 0.478538
vt 0.245215 0.662012
vt 0.249121 0.667620
vt 0.243663 0.669241
vt 0.239814 0.663634
vt 0.415816 0.695812
vt 0.408169 0.700085
vt 0.406306 0.697530
vt 0.413849 0.693328
vt 0.252876 0.673581
vt 0.247378 0.675150
vt 0.256506 0.679805
vt 0.250983 0.681283
vt 0.400401 0.703985
vt 0.392551 0.707593
vt 0.390911 0.704963
vt 0.398648 0.701383
vt 0.260034 0.686230
vt 0.254499 0.687591
vt 0.263463 0.692849
vt 0.257925 0.694086
vt 0.384641 0.710966
vt 0.376663 0.714094
vt 0.375251 0.711437
vt 0.383115 0.708320
vt 0.266787 0.699683
vt 0.261244 0.700805
vt 0.269973 0.706782
vt 0.264418 0.707808
vt 0.368601 0.716936
vt 0.360440 0.719394
vt 0.359259 0.716699
vt 0.367303 0.714263
vt 0.272980 0.714202
vt 0.267401 0.715155
vt 0.275762 0.721975
vt 0.270145 0.722873
vt 0.352176 0.721360
vt 0.343825 0.722741
vt 0.342884 0.719982
vt 0.351113 0.718635
vt 0.272613 0.730969
vt 0.274793 0.739402
vt 0.272294 0.740714
vt 0.270155 0.732397
vt 0.335415 0.723465
vt 0.334599 0.720674
vt 0.276691 0.748112
vt 0.278344 0.757026
vt 0.275788 0.758090
vt 0.274159 0.749302
vt 0.279797 0.766075
vt 0.281098 0.775215
vt 0.278527 0.776018
vt 0.277229 0.767009
vt 0.282287 0.784419
vt 0.283373 0.793691
vt 0.280812 0.794239
vt 0.279720 0.785093
vt 0.284347 0.803048
vt 0.285164 0.812504
vt 0.282610 0.812802
vt 0.281792 0.803471
vt 0.285768 0.822070
vt 0.286096 0.831725
vt 0.283529 0.831760
vt 0.283210 0.822239
vt 0.286093 0.841438
vt 0.285733 0.851155
vt 0.283142 0.850904
vt 0.283514 0.841333
vt 0.285009 0.860818
vt 0.283953 0.870383
vt 0.281354 0.869841
vt 0.282411 0.860420
vt 0.282611 0.879815
vt 0.281040 0.889110
vt 0.278468 0.888300
vt 0.280021 0.879135
vt 0.279295 0.898274
vt 0.277407 0.907322
vt 0.274893 0.906278
vt 0.276749 0.897344
vt 0.275392 0.916265
vt 0.273232 0.925084
vt 0.270787 0.923818
vt 0.272912 0.915111
vt 0.270898 0.933743
vt 0.268350 0.942172
vt 0.265972 0.940662
vt 0.268487 0.932359
vt 0.265551 0.950290
vt 0.262486 0.958016
vt 0.260175 0.956232
vt 0.263205 0.948645
vt 0.259154 0.965282
vt 0.255584 0.972072
vt 0.253354 0.970027
vt 0.256881 0.963363
vt 0.251817 0.978392
vt 0.247903 0.984303
vt 0.005114 0.671349
vt 0.009448 0.676523
vt 0.007253 0.678862
vt 0.002983 0.673761
vt 0.249636 0.976238
vt 0.249371 0.991691
vt 0.243892 0.989884
vt 0.245232 0.997017
vt 0.239814 0.995213
vt 0.013620 0.682005
vt 0.017667 0.687705
vt 0.015376 0.689846
vt 0.011372 0.684252
vt 0.023038 0.686535
vt 0.026985 0.692537
vt 0.021621 0.693560
vt 0.030834 0.698709
vt 0.025489 0.699574
vt 0.023132 0.701487
vt 0.019296 0.695587
vt 0.034585 0.705063
vt 0.029262 0.705779
vt 0.038205 0.711655
vt 0.032897 0.712246
vt 0.030473 0.713941
vt 0.026874 0.707581
vt 0.041648 0.718549
vt 0.036339 0.719046
vt 0.044854 0.725801
vt 0.039525 0.726231
vt 0.037012 0.727727
vt 0.033873 0.720640
vt 0.047764 0.733448
vt 0.042397 0.733834
vt 0.050343 0.741482
vt 0.044926 0.741832
vt 0.042316 0.743124
vt 0.039834 0.735230
vt 0.047103 0.750182
vt 0.048957 0.758813
vt 0.046272 0.759880
vt 0.044451 0.751365
vt 0.050531 0.767649
vt 0.051880 0.776632
vt 0.049162 0.777455
vt 0.047824 0.768595
vt 0.053054 0.785718
vt 0.054073 0.794896
vt 0.051356 0.795470
vt 0.050334 0.786416
vt 0.054940 0.804170
vt 0.055611 0.813553
vt 0.052895 0.813878
vt 0.052225 0.804621
vt 0.056030 0.823054
vt 0.056128 0.832659
vt 0.053395 0.832722
vt 0.053308 0.823251
vt 0.055838 0.842342
vt 0.055127 0.852052
vt 0.052364 0.851829
vt 0.053090 0.842265
vt 0.053979 0.861730
vt 0.052429 0.871323
vt 0.049657 0.870802
vt 0.051207 0.861357
vt 0.050529 0.880789
vt 0.048351 0.890113
vt 0.045615 0.889311
vt 0.047768 0.880123
vt 0.045969 0.899296
vt 0.043431 0.908357
vt 0.040776 0.907314
vt 0.043268 0.898369
vt 0.040773 0.917314
vt 0.037986 0.926170
vt 0.035432 0.924913
vt 0.038168 0.916163
vt 0.035046 0.934909
vt 0.031908 0.943480
vt 0.029455 0.942002
vt 0.032543 0.933544
vt 0.028528 0.951818
vt 0.024877 0.959845
vt 0.022520 0.958120
vt 0.026122 0.950218
vt 0.026254 0.969133
vt 0.020943 0.967491
vt 0.022041 0.976472
vt 0.016745 0.974721
vt 0.014494 0.972748
vt 0.018636 0.965639
vt 0.017590 0.983373
vt 0.012319 0.981523
vt 0.012946 0.989862
vt 0.007714 0.987940
vt 0.335441 0.330884
vt 0.343795 0.331962
vt 0.342835 0.334723
vt 0.334599 0.333663
vt 0.010127 0.979443
vt 0.008160 0.995987
vt 0.002983 0.994030
vt 0.697525 0.400824
vt 0.699496 0.392513
vt 0.352083 0.333452
vt 0.360312 0.335250
vt 0.359138 0.337914
vt 0.351012 0.336173
vt 0.695612 0.409243
vt 0.693751 0.417772
vt 0.368496 0.337274
vt 0.376646 0.339511
vt 0.375283 0.342033
vt 0.367225 0.339869
vt 0.691944 0.426429
vt 0.690217 0.435249
vt 0.384766 0.341983
vt 0.392830 0.344776
vt 0.391279 0.347171
vt 0.383311 0.344437
vt 0.688600 0.444264
vt 0.687133 0.453481
vt 0.400797 0.347994
vt 0.408600 0.351738
vt 0.406832 0.354044
vt 0.399142 0.350340
vt 0.685854 0.462893
vt 0.684784 0.472457
vt 0.416165 0.356092
vt 0.423429 0.361077
vt 0.421417 0.363306
vt 0.414276 0.358361
vt 0.683934 0.482122
vt 0.683292 0.491831
vt 0.430342 0.366679
vt 0.436895 0.372821
vt 0.434647 0.374941
vt 0.428208 0.368859
vt 0.682835 0.501530
vt 0.682530 0.511193
vt 0.443101 0.379409
vt 0.449006 0.386338
vt 0.446572 0.388291
vt 0.440753 0.381452
vt 0.682345 0.520802
vt 0.682258 0.530358
vt 0.454660 0.393514
vt 0.460102 0.400891
vt 0.457535 0.402635
vt 0.452154 0.395367
vt 0.682261 0.539864
vt 0.682364 0.549311
vt 0.465354 0.408444
vt 0.470385 0.416197
vt 0.467705 0.417718
vt 0.462731 0.410077
vt 0.682591 0.558678
vt 0.682974 0.567910
vt 0.475145 0.424186
vt 0.479542 0.432449
vt 0.476728 0.433747
vt 0.472401 0.425596
vt 0.683546 0.576945
vt 0.684326 0.585713
vt 0.483483 0.441015
vt 0.486893 0.449874
vt 0.483922 0.450938
vt 0.480591 0.442198
vt 0.491106 0.449240
vt 0.494049 0.458412
vt 0.489717 0.458998
vt 0.496413 0.467800
vt 0.491967 0.468327
vt 0.488860 0.469135
vt 0.486672 0.459936
vt 0.498215 0.477343
vt 0.493683 0.477794
vt 0.499534 0.486977
vt 0.494956 0.487336
vt 0.491786 0.487871
vt 0.490534 0.478466
vt 0.500459 0.496646
vt 0.495888 0.496902
vt 0.501084 0.506324
vt 0.496567 0.506473
vt 0.493420 0.506740
vt 0.492721 0.497301
vt 0.501487 0.515996
vt 0.497063 0.516041
vt 0.501691 0.525668
vt 0.497379 0.525620
vt 0.494302 0.525634
vt 0.493949 0.516181
vt 0.501691 0.535353
vt 0.497489 0.535221
vt 0.501421 0.545048
vt 0.497308 0.544840
vt 0.494292 0.544605
vt 0.494446 0.535112
vt 0.500797 0.554745
vt 0.496738 0.554464
vt 0.499727 0.564407
vt 0.495686 0.564050
vt 0.492700 0.563547
vt 0.493740 0.554098
vt 0.498131 0.573988
vt 0.494077 0.573546
vt 0.495977 0.583434
vt 0.491896 0.582900
vt 0.488931 0.582114
vt 0.491100 0.572902
vt 0.493263 0.592695
vt 0.489156 0.592066
vt 0.486213 0.591141
vt 0.527408 0.233673
vt 0.531664 0.264724
vt 0.529142 0.265290
vt 0.526579 0.233858
vt 0.536207 0.299066
vt 0.531797 0.300065
vt 0.527377 0.300921
vt 0.526614 0.265777
vt 0.525747 0.234019
vt 0.524081 0.266169
vt 0.524913 0.234148
vt 0.522950 0.301601
vt 0.518527 0.302060
vt 0.521550 0.266440
vt 0.524080 0.234238
vt 0.519027 0.266562
vt 0.523250 0.234279
vt 0.514120 0.302252
vt 0.509751 0.302150
vt 0.516525 0.266517
vt 0.522426 0.234265
vt 0.514056 0.266295
vt 0.521614 0.234193
vt 0.505438 0.301740
vt 0.501196 0.301041
vt 0.511629 0.265903
vt 0.520815 0.234065
vt 0.509252 0.265357
vt 0.520033 0.233886
vt 0.497037 0.300086
vt 0.492959 0.298924
vt 0.506923 0.264688
vt 0.519267 0.233665
vt 0.504641 0.263924
vt 0.518517 0.233413
vt 0.488955 0.297610
vt 0.485015 0.296183
vt 0.502397 0.263093
vt 0.517780 0.233138
vt 0.500185 0.262213
vt 0.517053 0.232847
vt 0.481129 0.294673
vt 0.477297 0.293077
vt 0.498003 0.261286
vt 0.516336 0.232541
vt 0.495856 0.260306
vt 0.515630 0.232217
vt 0.473529 0.291380
vt 0.469851 0.289547
vt 0.493756 0.259253
vt 0.514939 0.231870
vt 0.491721 0.258104
vt 0.514270 0.231492
vt 0.466294 0.287537
vt 0.462897 0.285320
vt 0.489775 0.256841
vt 0.513629 0.231077
vt 0.487937 0.255449
vt 0.513024 0.230620
vt 0.459693 0.282873
vt 0.456700 0.280199
vt 0.486220 0.253927
vt 0.512458 0.230120
vt 0.484629 0.252283
vt 0.511935 0.229579
vt 0.453923 0.277313
vt 0.451347 0.274250
vt 0.483157 0.250534
vt 0.511451 0.229004
vt 0.481789 0.248702
vt 0.511001 0.228401
vt 0.448946 0.271047
vt 0.446689 0.267739
vt 0.480508 0.246809
vt 0.510580 0.227778
vt 0.479295 0.244870
vt 0.510182 0.227140
vt 0.444550 0.264355
vt 0.442519 0.260902
vt 0.478144 0.242892
vt 0.509804 0.226489
vt 0.477053 0.240877
vt 0.509446 0.225826
vt 0.440603 0.257381
vt 0.438835 0.253780
vt 0.476042 0.238818
vt 0.509113 0.225148
vt 0.475134 0.236708
vt 0.508814 0.224454
vt 0.437262 0.250085
vt 0.435935 0.246286
vt 0.474362 0.234539
vt 0.508558 0.223741
vt 0.473755 0.232309
vt 0.508357 0.223008
vt 0.434905 0.242378
vt 0.434201 0.238372
vt 0.473332 0.230023
vt 0.508216 0.222256
vt 0.473105 0.227688
vt 0.508140 0.221488
vt 0.433835 0.234283
vt 0.433784 0.230136
vt 0.473064 0.225320
vt 0.508125 0.220709
vt 0.473189 0.222931
vt 0.508166 0.219924
vt 0.434012 0.225956
vt 0.434466 0.221763
vt 0.473451 0.220535
vt 0.508252 0.219136
vt 0.473819 0.218142
vt 0.508374 0.218348
vt 0.435094 0.217576
vt 0.435859 0.213401
vt 0.474268 0.215756
vt 0.508523 0.217563
vt 0.474783 0.213380
vt 0.508694 0.216782
vt 0.436737 0.209244
vt 0.437738 0.205106
vt 0.475366 0.211015
vt 0.508886 0.216004
vt 0.476027 0.208663
vt 0.509104 0.215230
vt 0.438884 0.200994
vt 0.440215 0.196919
vt 0.476789 0.206332
vt 0.509355 0.214463
vt 0.477676 0.204030
vt 0.509647 0.213705
vt 0.441773 0.192898
vt 0.443585 0.188951
vt 0.478706 0.201770
vt 0.509985 0.212961
vt 0.479891 0.199564
vt 0.510374 0.212235
vt 0.445669 0.185097
vt 0.448011 0.181349
vt 0.481226 0.197420
vt 0.510813 0.211530
vt 0.482696 0.195343
vt 0.511297 0.210847
vt 0.450583 0.177713
vt 0.453342 0.174181
vt 0.484278 0.193328
vt 0.511818 0.210184
vt 0.485944 0.191370
vt 0.512366 0.209541
vt 0.456240 0.170741
vt 0.459241 0.167376
vt 0.487670 0.189457
vt 0.512935 0.208913
vt 0.489439 0.187580
vt 0.513519 0.208296
vt 0.462315 0.164071
vt 0.465463 0.160825
vt 0.491248 0.185735
vt 0.514115 0.207690
vt 0.493100 0.183925
vt 0.514724 0.207095
vt 0.468692 0.157647
vt 0.472027 0.154565
vt 0.495009 0.182166
vt 0.515352 0.206517
vt 0.496989 0.180477
vt 0.516004 0.205961
vt 0.475496 0.151616
vt 0.479119 0.148846
vt 0.499055 0.178884
vt 0.516683 0.205436
vt 0.501213 0.177414
vt 0.517392 0.204951
vt 0.482908 0.146297
vt 0.486856 0.143992
vt 0.503462 0.176083
vt 0.518131 0.204512
vt 0.505794 0.174902
vt 0.518898 0.204122
vt 0.490947 0.141945
vt 0.495152 0.140142
vt 0.508193 0.173863
vt 0.519686 0.203780
vt 0.510641 0.172955
vt 0.520492 0.203481
vt 0.499439 0.138558
vt 0.503782 0.137157
vt 0.513122 0.172156
vt 0.521308 0.203218
vt 0.515623 0.171446
vt 0.522131 0.202985
vt 0.508157 0.135906
vt 0.512553 0.134784
vt 0.518137 0.170812
vt 0.522958 0.202777
vt 0.520659 0.170246
vt 0.523787 0.202591
vt 0.516962 0.133785
vt 0.521383 0.132930
vt 0.523187 0.169759
vt 0.524619 0.202431
vt 0.525720 0.169367
vt 0.525453 0.202302
vt 0.525811 0.132252
vt 0.530236 0.131796
vt 0.528253 0.169098
vt 0.526286 0.202213
vt 0.530776 0.168977
vt 0.527117 0.202172
vt 0.534644 0.131606
vt 0.539015 0.131710
vt 0.533278 0.169022
vt 0.527940 0.202185
vt 0.535748 0.169245
vt 0.528753 0.202258
vt 0.543328 0.132120
vt 0.547570 0.132819
vt 0.538174 0.169637
vt 0.529551 0.202386
vt 0.540552 0.170182
vt 0.530334 0.202565
vt 0.551728 0.133773
vt 0.555804 0.134932
vt 0.542879 0.170851
vt 0.531099 0.202786
vt 0.545161 0.171613
vt 0.531849 0.203038
vt 0.559806 0.136243
vt 0.563744 0.137666
vt 0.547405 0.172443
vt 0.532587 0.203312
vt 0.549616 0.173322
vt 0.533313 0.203603
vt 0.567629 0.139174
vt 0.571459 0.140769
vt 0.551797 0.174249
vt 0.534030 0.203909
vt 0.553945 0.175229
vt 0.534736 0.204233
vt 0.575228 0.142465
vt 0.578907 0.144300
vt 0.556045 0.176283
vt 0.535427 0.204580
vt 0.558080 0.177432
vt 0.536096 0.204958
vt 0.582464 0.146311
vt 0.585862 0.148529
vt 0.560027 0.178695
vt 0.536737 0.205373
vt 0.561865 0.180088
vt 0.537342 0.205831
vt 0.589067 0.150978
vt 0.592060 0.153652
vt 0.563582 0.181610
vt 0.537908 0.206331
vt 0.565173 0.183254
vt 0.538431 0.206871
vt 0.594837 0.156538
vt 0.597412 0.159600
vt 0.566645 0.185002
vt 0.538916 0.207446
vt 0.568012 0.186833
vt 0.539365 0.208048
vt 0.599812 0.162801
vt 0.602068 0.166107
vt 0.569293 0.188726
vt 0.539786 0.208672
vt 0.570505 0.190665
vt 0.540184 0.209310
vt 0.604207 0.169490
vt 0.606237 0.172943
vt 0.571657 0.192642
vt 0.540561 0.209961
vt 0.572747 0.194657
vt 0.540920 0.210624
vt 0.608154 0.176464
vt 0.609922 0.180067
vt 0.573758 0.196717
vt 0.541252 0.211301
vt 0.574667 0.198828
vt 0.541552 0.211996
vt 0.611498 0.183765
vt 0.612827 0.187567
vt 0.575440 0.200998
vt 0.541808 0.212709
vt 0.576048 0.203229
vt 0.542009 0.213442
vt 0.613858 0.191478
vt 0.614564 0.195487
vt 0.576471 0.205516
vt 0.542150 0.214194
vt 0.576698 0.207851
vt 0.542227 0.214962
vt 0.614931 0.199577
vt 0.614982 0.203725
vt 0.576739 0.210219
vt 0.542241 0.215741
vt 0.576614 0.212607
vt 0.542201 0.216527
vt 0.614753 0.207904
vt 0.614297 0.212094
vt 0.576351 0.215003
vt 0.542114 0.217315
vt 0.575984 0.217395
vt 0.541992 0.218102
vt 0.613668 0.216278
vt 0.612902 0.220451
vt 0.575534 0.219781
vt 0.541843 0.218887
vt 0.575019 0.222156
vt 0.541673 0.219668
vt 0.612023 0.224607
vt 0.611022 0.228744
vt 0.574436 0.224522
vt 0.541480 0.220446
vt 0.573775 0.226873
vt 0.541262 0.221220
vt 0.609877 0.232857
vt 0.608546 0.236933
vt 0.573013 0.229205
vt 0.541011 0.221988
vt 0.572126 0.231507
vt 0.540720 0.222745
vt 0.606989 0.240956
vt 0.605177 0.244904
vt 0.571096 0.233768
vt 0.540381 0.223489
vt 0.569911 0.235974
vt 0.539992 0.224215
vt 0.603094 0.248758
vt 0.600752 0.252506
vt 0.568577 0.238118
vt 0.539553 0.224921
vt 0.567106 0.240195
vt 0.539070 0.225604
vt 0.598178 0.256141
vt 0.595418 0.259670
vt 0.565524 0.242209
vt 0.538549 0.226266
vt 0.563858 0.244166
vt 0.538000 0.226909
vt 0.592518 0.263107
vt 0.589516 0.266469
vt 0.562131 0.246078
vt 0.537431 0.227537
vt 0.560361 0.247954
vt 0.536847 0.228154
vt 0.586440 0.269772
vt 0.583292 0.273017
vt 0.558552 0.249799
vt 0.536251 0.228759
vt 0.556700 0.251609
vt 0.535641 0.229354
vt 0.580063 0.276196
vt 0.576729 0.279279
vt 0.554792 0.253369
vt 0.535013 0.229933
vt 0.552811 0.255058
vt 0.534362 0.230489
vt 0.573261 0.282230
vt 0.569640 0.285002
vt 0.550747 0.256651
vt 0.533683 0.231014
vt 0.548589 0.258122
vt 0.532974 0.231499
vt 0.565852 0.287554
vt 0.561905 0.289861
vt 0.546340 0.259454
vt 0.532235 0.231938
vt 0.544008 0.260636
vt 0.531469 0.232328
vt 0.557815 0.291910
vt 0.553610 0.293713
vt 0.541610 0.261674
vt 0.530680 0.232670
vt 0.539161 0.262582
vt 0.529875 0.232969
vt 0.549322 0.295296
vt 0.544979 0.296695
vt 0.536679 0.263380
vt 0.529058 0.233232
vt 0.534178 0.264090
vt 0.528235 0.233465
vt 0.540603 0.297945
vt 0.538339 0.320896
vt 0.532650 0.322207
vt 0.778479 0.216684
vt 0.761359 0.224508
vt 0.759860 0.218456
vt 0.777185 0.211409
vt 0.758531 0.212285
vt 0.776018 0.206046
vt 0.526948 0.323315
vt 0.521240 0.324173
vt 0.757408 0.205983
vt 0.775007 0.200581
vt 0.756521 0.199549
vt 0.774187 0.195008
vt 0.515540 0.324725
vt 0.509864 0.324918
vt 0.755895 0.192989
vt 0.773591 0.189326
vt 0.755532 0.186327
vt 0.773233 0.183550
vt 0.504237 0.324731
vt 0.498681 0.324156
vt 0.755421 0.179589
vt 0.773117 0.177702
vt 0.755532 0.172806
vt 0.773223 0.171810
vt 0.493210 0.323230
vt 0.487835 0.322001
vt 0.755826 0.166008
vt 0.773519 0.165902
vt 0.756266 0.159211
vt 0.773968 0.159999
vt 0.482552 0.320535
vt 0.477353 0.318897
vt 0.756818 0.152431
vt 0.774531 0.154116
vt 0.757473 0.145670
vt 0.775182 0.148257
vt 0.472227 0.317126
vt 0.467167 0.315248
vt 0.758229 0.138935
vt 0.775907 0.142424
vt 0.759110 0.132235
vt 0.776718 0.136621
vt 0.462182 0.313249
vt 0.457291 0.311097
vt 0.760148 0.125586
vt 0.777633 0.130855
vt 0.761377 0.119015
vt 0.778687 0.125146
vt 0.452533 0.308744
vt 0.447950 0.306140
vt 0.762829 0.112554
vt 0.779913 0.119521
vt 0.764516 0.106232
vt 0.781334 0.114009
vt 0.443586 0.303252
vt 0.439477 0.300059
vt 0.766442 0.100078
vt 0.782964 0.108643
vt 0.768585 0.094101
vt 0.784795 0.103439
vt 0.435636 0.296575
vt 0.432062 0.292828
vt 0.770918 0.088305
vt 0.786808 0.098408
vt 0.773405 0.082675
vt 0.788974 0.093540
vt 0.428729 0.288865
vt 0.425603 0.284735
vt 0.776015 0.077195
vt 0.791260 0.088821
vt 0.778727 0.071853
vt 0.793638 0.084229
vt 0.422651 0.280478
vt 0.419844 0.276125
vt 0.781528 0.066645
vt 0.796091 0.079748
vt 0.784426 0.061593
vt 0.798615 0.075384
vt 0.417187 0.271681
vt 0.414697 0.267141
vt 0.398552 0.276692
vt 0.395702 0.271461
vt 0.393156 0.266080
vt 0.412427 0.262488
vt 0.410438 0.257705
vt 0.390981 0.260532
vt 0.389233 0.254817
vt 0.408794 0.252781
vt 0.407549 0.247715
vt 0.387951 0.248942
vt 0.387131 0.242932
vt 0.406724 0.242523
vt 0.406321 0.237230
vt 0.386751 0.236820
vt 0.386751 0.230639
vt 0.406300 0.231866
vt 0.406605 0.226465
vt 0.387065 0.224425
vt 0.387630 0.218199
vt 0.407172 0.221050
vt 0.407937 0.215643
vt 0.388393 0.211981
vt 0.389343 0.205778
vt 0.408867 0.210250
vt 0.409943 0.204880
vt 0.390486 0.199598
vt 0.391863 0.193450
vt 0.411191 0.199537
vt 0.412649 0.194230
vt 0.393528 0.187347
vt 0.395532 0.181310
vt 0.414367 0.188976
vt 0.416398 0.183795
vt 0.397920 0.175362
vt 0.400699 0.169523
vt 0.418766 0.178711
vt 0.421483 0.173746
vt 0.403860 0.163812
vt 0.407359 0.158232
vt 0.424521 0.168909
vt 0.427838 0.164204
vt 0.411139 0.152781
vt 0.415140 0.147447
vt 0.431375 0.159619
vt 0.435076 0.155138
vt 0.419309 0.142215
vt 0.423621 0.137077
vt 0.438900 0.150745
vt 0.442822 0.146428
vt 0.428065 0.132037
vt 0.432663 0.127118
vt 0.446848 0.142194
vt 0.450998 0.138064
vt 0.437443 0.122358
vt 0.442442 0.117810
vt 0.455305 0.134082
vt 0.459804 0.130298
vt 0.447689 0.113529
vt 0.453192 0.109563
vt 0.464513 0.126765
vt 0.469443 0.123530
vt 0.458947 0.105946
vt 0.464921 0.102681
vt 0.474578 0.120611
vt 0.479889 0.118016
vt 0.471077 0.099756
vt 0.477368 0.097133
vt 0.485338 0.115717
vt 0.490884 0.113678
vt 0.483751 0.094768
vt 0.490197 0.092624
vt 0.496494 0.111856
vt 0.502141 0.110212
vt 0.496683 0.090674
vt 0.503198 0.088924
vt 0.507813 0.108734
vt 0.513502 0.107423
vt 0.509736 0.087398
vt 0.516292 0.086145
vt 0.519205 0.106318
vt 0.524916 0.105464
vt 0.522856 0.085223
vt 0.529408 0.084681
vt 0.530620 0.104917
vt 0.536298 0.104728
vt 0.535927 0.084560
vt 0.542390 0.084859
vt 0.541928 0.104919
vt 0.547484 0.105495
vt 0.548775 0.085562
vt 0.555072 0.086615
vt 0.552953 0.106419
vt 0.558325 0.107642
vt 0.561275 0.087956
vt 0.567392 0.089521
vt 0.563604 0.109101
vt 0.568798 0.110732
vt 0.573431 0.091258
vt 0.579395 0.093145
vt 0.573920 0.112496
vt 0.578978 0.114369
vt 0.585282 0.095181
vt 0.591068 0.097401
vt 0.583961 0.116366
vt 0.588851 0.118518
vt 0.596721 0.099851
vt 0.602194 0.102582
vt 0.593611 0.120873
vt 0.598196 0.123480
vt 0.607439 0.105641
vt 0.612417 0.109044
vt 0.602563 0.126372
vt 0.606674 0.129568
vt 0.617100 0.112795
vt 0.621489 0.116860
vt 0.610516 0.133053
vt 0.614089 0.136799
vt 0.625598 0.121197
vt 0.629460 0.125753
vt 0.617420 0.140760
vt 0.620544 0.144887
vt 0.633111 0.130478
vt 0.636576 0.135341
vt 0.623495 0.149141
vt 0.626300 0.153492
vt 0.639866 0.140321
vt 0.179292 0.455155
vt 0.194402 0.445202
vt 0.196591 0.451060
vt 0.181183 0.460255
vt 0.628958 0.157936
vt 0.631449 0.162478
vt 0.198666 0.457047
vt 0.182996 0.465449
vt 0.200595 0.463177
vt 0.184703 0.470751
vt 0.633721 0.167136
vt 0.635714 0.171926
vt 0.202346 0.469463
vt 0.186276 0.476177
vt 0.203892 0.475899
vt 0.187682 0.481732
vt 0.637363 0.176857
vt 0.638613 0.181930
vt 0.205213 0.482474
vt 0.188896 0.487411
vt 0.206310 0.489158
vt 0.189903 0.493195
vt 0.639441 0.187127
vt 0.639845 0.192422
vt 0.207191 0.495917
vt 0.190702 0.499057
vt 0.207885 0.502719
vt 0.191312 0.504964
vt 0.639866 0.197785
vt 0.639558 0.203183
vt 0.208420 0.509531
vt 0.191756 0.510886
vt 0.208826 0.516334
vt 0.192065 0.516800
vt 0.638988 0.208592
vt 0.638219 0.213994
vt 0.209125 0.523116
vt 0.192270 0.522692
vt 0.209323 0.529867
vt 0.192387 0.528554
vt 0.637287 0.219382
vt 0.636208 0.224749
vt 0.209415 0.536581
vt 0.192422 0.534382
vt 0.209376 0.543244
vt 0.192362 0.540167
vt 0.634959 0.230091
vt 0.633503 0.235399
vt 0.209178 0.549837
vt 0.192186 0.545899
vt 0.208794 0.556331
vt 0.191867 0.551553
vt 0.631785 0.240655
vt 0.629757 0.245838
vt 0.208199 0.562699
vt 0.191374 0.557102
vt 0.207387 0.568914
vt 0.190694 0.562517
vt 0.627389 0.250924
vt 0.624673 0.255890
vt 0.206363 0.574957
vt 0.189819 0.567775
vt 0.205149 0.580826
vt 0.188762 0.572864
vt 0.621634 0.260726
vt 0.618315 0.265427
vt 0.203777 0.586529
vt 0.187547 0.577785
vt 0.202276 0.592087
vt 0.186203 0.582556
vt 0.614774 0.270006
vt 0.611070 0.274480
vt 0.200674 0.597519
vt 0.184762 0.587198
vt 0.198985 0.602837
vt 0.183246 0.591735
vt 0.607242 0.278868
vt 0.603318 0.283182
vt 0.197212 0.608042
vt 0.181669 0.596183
vt 0.195342 0.613103
vt 0.180025 0.600532
vt 0.599291 0.287415
vt 0.595142 0.291546
vt 0.193354 0.617979
vt 0.178303 0.604758
vt 0.191225 0.622607
vt 0.176480 0.608812
vt 0.590837 0.295532
vt 0.586342 0.299322
vt 0.798615 0.260366
vt 0.784382 0.275220
vt 0.781296 0.271517
vt 0.795895 0.257232
vt 0.778382 0.267437
vt 0.793314 0.253791
vt 0.581637 0.302861
vt 0.576710 0.306103
vt 0.775662 0.262969
vt 0.790897 0.250013
vt 0.773137 0.258144
vt 0.788658 0.245909
vt 0.571579 0.309026
vt 0.566269 0.311624
vt 0.770805 0.253005
vt 0.786602 0.241503
vt 0.768645 0.247613
vt 0.784716 0.236844
vt 0.560820 0.313923
vt 0.555273 0.315959
vt 0.766635 0.242029
vt 0.782982 0.231988
vt 0.764757 0.236298
vt 0.781376 0.226985
vt 0.549661 0.317778
vt 0.544012 0.319419
vt 0.762996 0.230455
vt 0.779877 0.221878
vt 0.741710 0.231271
vt 0.740040 0.224519
vt 0.720289 0.236954
vt 0.718499 0.229569
vt 0.716983 0.221980
vt 0.738595 0.217608
vt 0.737409 0.210529
vt 0.715759 0.214197
vt 0.714820 0.206247
vt 0.736497 0.203295
vt 0.735866 0.195926
vt 0.714152 0.198164
vt 0.713719 0.189985
vt 0.735497 0.188454
vt 0.735361 0.180914
vt 0.713486 0.181745
vt 0.713422 0.173468
vt 0.735420 0.173334
vt 0.735636 0.165738
vt 0.713504 0.165171
vt 0.713734 0.156864
vt 0.735986 0.158139
vt 0.736457 0.150546
vt 0.714126 0.148554
vt 0.714715 0.140255
vt 0.737062 0.142968
vt 0.737824 0.135413
vt 0.715538 0.131986
vt 0.716632 0.123777
vt 0.738779 0.127903
vt 0.739965 0.120464
vt 0.718023 0.115660
vt 0.719716 0.107668
vt 0.741405 0.113127
vt 0.743119 0.105927
vt 0.721704 0.099830
vt 0.723957 0.092161
vt 0.745097 0.098889
vt 0.747321 0.092030
vt 0.726439 0.084667
vt 0.729112 0.077343
vt 0.749758 0.085350
vt 0.752371 0.078842
vt 0.731943 0.070180
vt 0.734916 0.063177
vt 0.755129 0.072494
vt 0.758008 0.066296
vt 0.738024 0.056342
vt 0.741277 0.049706
vt 0.761004 0.060254
vt 0.764119 0.054388
vt 0.744691 0.043312
vt 0.748281 0.037221
vt 0.767367 0.048745
vt 0.770764 0.043380
vt 0.787430 0.056734
vt 0.752059 0.031493
vt 0.756021 0.026176
vt 0.774320 0.038355
vt 0.790556 0.052126
vt 0.778040 0.033727
vt 0.793818 0.047831
vt 0.760157 0.021304
vt 0.764439 0.016874
vt 0.781912 0.029529
vt 0.797220 0.043905
vt 0.370531 0.254471
vt 0.369292 0.247834
vt 0.768840 0.012864
vt 0.785918 0.025776
vt 0.351874 0.244657
vt 0.351025 0.237246
vt 0.368508 0.241070
vt 0.368125 0.234218
vt 0.350508 0.229766
vt 0.350269 0.222244
vt 0.368074 0.227312
vt 0.368289 0.220381
vt 0.350268 0.214702
vt 0.350510 0.207147
vt 0.368732 0.213441
vt 0.369384 0.206506
vt 0.351020 0.199589
vt 0.351855 0.192035
vt 0.370270 0.199583
vt 0.371430 0.192679
vt 0.353079 0.184498
vt 0.354746 0.176997
vt 0.372925 0.185811
vt 0.374812 0.178995
vt 0.356898 0.169553
vt 0.359535 0.162188
vt 0.377125 0.172255
vt 0.379883 0.165614
vt 0.362638 0.154923
vt 0.366154 0.147765
vt 0.383062 0.159087
vt 0.386622 0.152685
vt 0.370019 0.140719
vt 0.374174 0.133782
vt 0.390501 0.146404
vt 0.394637 0.140238
vt 0.378569 0.126952
vt 0.383188 0.120235
vt 0.398984 0.134178
vt 0.403509 0.128221
vt 0.388029 0.113645
vt 0.393123 0.107219
vt 0.408216 0.122381
vt 0.413122 0.116682
vt 0.398505 0.101002
vt 0.404211 0.095049
vt 0.418261 0.111169
vt 0.423670 0.105894
vt 0.410267 0.089414
vt 0.416670 0.084136
vt 0.429372 0.100913
vt 0.435381 0.096274
vt 0.423403 0.079241
vt 0.430421 0.074724
vt 0.441676 0.092001
vt 0.448229 0.088105
vt 0.437672 0.070566
vt 0.445099 0.066726
vt 0.454991 0.084562
vt 0.461912 0.081337
vt 0.452653 0.063163
vt 0.460303 0.059847
vt 0.468948 0.078388
vt 0.476062 0.075675
vt 0.468024 0.056762
vt 0.475811 0.053927
vt 0.483234 0.073185
vt 0.490452 0.070916
vt 0.483662 0.051375
vt 0.491573 0.049165
vt 0.497711 0.068906
vt 0.505006 0.067203
vt 0.499536 0.047355
vt 0.507534 0.045991
vt 0.512327 0.065864
vt 0.519658 0.064943
vt 0.515546 0.045104
vt 0.523544 0.044687
vt 0.526974 0.064468
vt 0.534252 0.064448
vt 0.531504 0.044712
vt 0.539411 0.045120
vt 0.541470 0.064850
vt 0.548613 0.065627
vt 0.547254 0.045850
vt 0.555035 0.046847
vt 0.555678 0.066714
vt 0.562666 0.068047
vt 0.562754 0.048067
vt 0.570404 0.049510
vt 0.569582 0.069584
vt 0.576427 0.071302
vt 0.577975 0.051192
vt 0.585434 0.053163
vt 0.583190 0.073217
vt 0.589848 0.075361
vt 0.592741 0.055480
vt 0.599845 0.058197
vt 0.596361 0.077790
vt 0.602682 0.080559
vt 0.606695 0.061358
vt 0.613253 0.064970
vt 0.608761 0.083706
vt 0.614555 0.087256
vt 0.185643 0.385593
vt 0.203364 0.371770
vt 0.207074 0.376707
vt 0.189067 0.389945
vt 0.210671 0.382058
vt 0.192378 0.394705
vt 0.620043 0.091196
vt 0.176480 0.408628
vt 0.195571 0.399841
vt 0.179353 0.413120
vt 0.214158 0.387762
vt 0.217539 0.393754
vt 0.198651 0.405297
vt 0.182111 0.417936
vt 0.201624 0.411011
vt 0.184756 0.423031
vt 0.220820 0.399976
vt 0.224001 0.406395
vt 0.204499 0.416933
vt 0.187299 0.428350
vt 0.207281 0.423021
vt 0.189750 0.433838
vt 0.227074 0.412992
vt 0.230020 0.419774
vt 0.209964 0.429261
vt 0.192117 0.439463
vt 0.212537 0.435649
vt 0.232815 0.426756
vt 0.235429 0.433955
vt 0.214974 0.442201
vt 0.217248 0.448932
vt 0.237831 0.441381
vt 0.240004 0.449027
vt 0.219327 0.455849
vt 0.221184 0.462953
vt 0.241934 0.456874
vt 0.243631 0.464884
vt 0.222808 0.470223
vt 0.224195 0.477631
vt 0.245109 0.473016
vt 0.246398 0.481229
vt 0.225364 0.485137
vt 0.226338 0.492703
vt 0.247526 0.489487
vt 0.248514 0.497767
vt 0.227148 0.500300
vt 0.227824 0.507902
vt 0.249378 0.506053
vt 0.250110 0.514338
vt 0.228380 0.515496
vt 0.228821 0.523072
vt 0.250693 0.522613
vt 0.251097 0.530865
vt 0.229133 0.530622
vt 0.229293 0.538133
vt 0.251288 0.539075
vt 0.251237 0.547213
vt 0.229269 0.545583
vt 0.229031 0.552946
vt 0.250926 0.555252
vt 0.250353 0.563162
vt 0.228560 0.560193
vt 0.227847 0.567295
vt 0.249530 0.570923
vt 0.248484 0.578529
vt 0.226904 0.574235
vt 0.225751 0.581005
vt 0.247247 0.585979
vt 0.245848 0.593285
vt 0.224421 0.587613
vt 0.222945 0.594073
vt 0.244311 0.600456
vt 0.242638 0.607489
vt 0.221345 0.600400
vt 0.219636 0.606603
vt 0.240827 0.614370
vt 0.238856 0.621059
vt 0.217814 0.612668
vt 0.215865 0.618569
vt 0.236702 0.627502
vt 0.234343 0.633635
vt 0.213766 0.624251
vt 0.211495 0.629652
vt 0.231762 0.639391
vt 0.228961 0.644726
vt 0.209036 0.634710
vt 0.767320 0.288504
vt 0.763953 0.284169
vt 0.748325 0.299753
vt 0.744739 0.294780
vt 0.741355 0.289371
vt 0.760785 0.279403
vt 0.757823 0.274230
vt 0.738165 0.283585
vt 0.735149 0.277493
vt 0.755056 0.268709
vt 0.752469 0.262903
vt 0.732290 0.271166
vt 0.729574 0.264647
vt 0.750039 0.256874
vt 0.747748 0.250677
vt 0.726997 0.257971
vt 0.724574 0.251138
vt 0.745590 0.244338
vt 0.743570 0.237872
vt 0.722326 0.244138
vt 0.699145 0.240913
vt 0.697310 0.233010
vt 0.680640 0.243291
vt 0.678802 0.235009
vt 0.677248 0.226492
vt 0.695769 0.224878
vt 0.694512 0.216547
vt 0.675942 0.217789
vt 0.674844 0.208944
vt 0.693511 0.208057
vt 0.692733 0.199449
vt 0.673918 0.199997
vt 0.673151 0.190970
vt 0.692147 0.190755
vt 0.691729 0.182002
vt 0.672546 0.181882
vt 0.672137 0.172740
vt 0.691479 0.173207
vt 0.691407 0.164379
vt 0.671969 0.163554
vt 0.672093 0.154343
vt 0.691545 0.155532
vt 0.691932 0.146678
vt 0.672558 0.145130
vt 0.673392 0.135947
vt 0.692606 0.137842
vt 0.693600 0.129053
vt 0.674604 0.126830
vt 0.676172 0.117809
vt 0.694925 0.120345
vt 0.696579 0.111748
vt 0.678061 0.108908
vt 0.680216 0.100138
vt 0.698536 0.103286
vt 0.700759 0.094975
vt 0.682584 0.091500
vt 0.685127 0.082992
vt 0.703207 0.086819
vt 0.705843 0.078815
vt 0.687817 0.074613
vt 0.690656 0.066379
vt 0.708642 0.070964
vt 0.711593 0.063272
vt 0.693659 0.058317
vt 0.696854 0.050478
vt 0.714703 0.055763
vt 0.717986 0.048470
vt 0.700270 0.042919
vt 0.703925 0.035701
vt 0.721462 0.041448
vt 0.725147 0.034752
vt 0.707825 0.028878
vt 0.711954 0.022474
vt 0.729043 0.028434
vt 0.733145 0.022533
vt 0.716284 0.016495
vt 0.720775 0.010908
vt 0.737429 0.017059
vt 0.741866 0.012003
vt 0.862282 0.249256
vt 0.847113 0.252342
vt 0.848338 0.243970
vt 0.863489 0.241230
vt 0.849445 0.235442
vt 0.864547 0.233007
vt 0.746422 0.007327
vt 0.751066 0.002983
vt 0.850457 0.226806
vt 0.865477 0.224639
vt 0.851393 0.218081
vt 0.866301 0.216164
vt 0.880364 0.221276
vt 0.881101 0.213256
vt 0.867041 0.207615
vt 0.881726 0.205147
vt 0.852261 0.209276
vt 0.853053 0.200391
vt 0.867704 0.199003
vt 0.882261 0.196979
vt 0.868295 0.190334
vt 0.882723 0.188772
vt 0.853754 0.191419
vt 0.854334 0.182365
vt 0.868798 0.181611
vt 0.334599 0.207892
vt 0.334626 0.199884
vt 0.335050 0.191858
vt 0.854765 0.173239
vt 0.869193 0.172839
vt 0.855022 0.164064
vt 0.869455 0.164031
vt 0.335933 0.183829
vt 0.337329 0.175813
vt 0.855088 0.154867
vt 0.869560 0.155205
vt 0.854964 0.145678
vt 0.869492 0.146389
vt 0.339255 0.167833
vt 0.341705 0.159910
vt 0.854658 0.136521
vt 0.869244 0.137608
vt 0.854191 0.127415
vt 0.868825 0.128885
vt 0.344635 0.152061
vt 0.347989 0.144297
vt 0.853589 0.118369
vt 0.868250 0.120237
vt 0.852876 0.109393
vt 0.867543 0.111672
vt 0.351702 0.136624
vt 0.355715 0.129047
vt 0.340543 0.126906
vt 0.344599 0.118944
vt 0.348937 0.111098
vt 0.360001 0.121574
vt 0.364548 0.114219
vt 0.353588 0.103402
vt 0.358605 0.095910
vt 0.369377 0.107015
vt 0.374521 0.099999
vt 0.364036 0.088678
vt 0.369911 0.081758
vt 0.380018 0.093224
vt 0.385901 0.086740
vt 0.376238 0.075193
vt 0.382988 0.068999
vt 0.392178 0.080590
vt 0.398841 0.074806
vt 0.390112 0.063172
vt 0.397539 0.057679
vt 0.405849 0.069391
vt 0.413152 0.064334
vt 0.405197 0.052478
vt 0.413027 0.047522
vt 0.420690 0.059602
vt 0.428404 0.055157
vt 0.420979 0.042774
vt 0.429038 0.038231
vt 0.436252 0.050967
vt 0.444205 0.047011
vt 0.437199 0.033910
vt 0.445472 0.029867
vt 0.452251 0.043299
vt 0.460388 0.039860
vt 0.453870 0.026168
vt 0.462397 0.022886
vt 0.468619 0.036745
vt 0.476944 0.034013
vt 0.471049 0.020087
vt 0.479806 0.017798
vt 0.485354 0.031719
vt 0.493831 0.029905
vt 0.488642 0.016026
vt 0.497526 0.014731
vt 0.502351 0.028575
vt 0.510888 0.027718
vt 0.506430 0.013857
vt 0.515336 0.013334
vt 0.519417 0.027287
vt 0.527919 0.027225
vt 0.524230 0.013099
vt 0.533104 0.013124
vt 0.536384 0.027477
vt 0.544807 0.027998
vt 0.541948 0.013401
vt 0.550743 0.013973
vt 0.553179 0.028776
vt 0.561490 0.029821
vt 0.559460 0.014900
vt 0.568052 0.016261
vt 0.569715 0.031178
vt 0.577818 0.032901
vt 0.576469 0.018130
vt 0.584659 0.020547
vt 0.585753 0.035050
vt 0.593471 0.037676
vt 0.592576 0.023534
vt 0.209520 0.347435
vt 0.226012 0.338658
vt 0.230348 0.343109
vt 0.213738 0.351433
vt 0.600926 0.040798
vt 0.608085 0.044416
vt 0.234593 0.348081
vt 0.217860 0.355957
vt 0.238752 0.353490
vt 0.221883 0.360963
vt 0.199544 0.367295
vt 0.225806 0.366397
vt 0.242832 0.359249
vt 0.246837 0.365290
vt 0.229634 0.372189
vt 0.233368 0.378270
vt 0.250764 0.371558
vt 0.254599 0.378042
vt 0.237008 0.384596
vt 0.240545 0.391134
vt 0.258319 0.384748
vt 0.261891 0.391704
vt 0.243964 0.397885
vt 0.247241 0.404859
vt 0.265279 0.398944
vt 0.268454 0.406487
vt 0.250346 0.412078
vt 0.253252 0.419558
vt 0.271393 0.414343
vt 0.274092 0.422490
vt 0.255937 0.427303
vt 0.258386 0.435302
vt 0.276558 0.430893
vt 0.278819 0.439502
vt 0.260604 0.443524
vt 0.262602 0.451930
vt 0.280907 0.448264
vt 0.282854 0.457136
vt 0.264406 0.460475
vt 0.266043 0.469114
vt 0.284685 0.466081
vt 0.286401 0.475084
vt 0.267535 0.477818
vt 0.268895 0.486562
vt 0.287992 0.484134
vt 0.289421 0.493229
vt 0.270118 0.495336
vt 0.271190 0.504131
vt 0.290645 0.502364
vt 0.291617 0.511524
vt 0.272079 0.512937
vt 0.272749 0.521743
vt 0.292296 0.520687
vt 0.292661 0.529823
vt 0.273168 0.530526
vt 0.273311 0.539258
vt 0.292707 0.538901
vt 0.292457 0.547895
vt 0.273170 0.547910
vt 0.272752 0.556455
vt 0.291942 0.556786
vt 0.291205 0.565566
vt 0.272080 0.564876
vt 0.271185 0.573162
vt 0.290286 0.574235
vt 0.289206 0.582793
vt 0.270099 0.581315
vt 0.268847 0.589336
vt 0.287975 0.591233
vt 0.286578 0.599530
vt 0.267439 0.597223
vt 0.265874 0.604964
vt 0.284988 0.607646
vt 0.283170 0.615520
vt 0.264135 0.612525
vt 0.262197 0.619865
vt 0.281091 0.623087
vt 0.278736 0.630283
vt 0.260038 0.626920
vt 0.257635 0.633631
vt 0.276100 0.637055
vt 0.273205 0.643383
vt 0.254988 0.639944
vt 0.252101 0.645821
vt 0.270084 0.649268
vt 0.266782 0.654749
vt 0.249000 0.651257
vt 0.729295 0.307405
vt 0.725552 0.301909
vt 0.712438 0.311788
vt 0.708562 0.305976
vt 0.704810 0.299887
vt 0.721978 0.296044
vt 0.718557 0.289884
vt 0.701167 0.293587
vt 0.697639 0.287100
vt 0.715276 0.283486
vt 0.712130 0.276895
vt 0.694243 0.280429
vt 0.691016 0.273547
vt 0.709130 0.270119
vt 0.706298 0.263153
vt 0.688004 0.266417
vt 0.685249 0.259008
vt 0.703666 0.255978
vt 0.701271 0.248568
vt 0.682790 0.251297
vt 0.666880 0.244403
vt 0.665040 0.235892
vt 0.658596 0.244481
vt 0.656755 0.235878
vt 0.655133 0.227074
vt 0.663452 0.227158
vt 0.662069 0.218256
vt 0.653683 0.218119
vt 0.652382 0.209046
vt 0.660858 0.209225
vt 0.659794 0.200099
vt 0.651225 0.199878
vt 0.650249 0.190624
vt 0.658891 0.190891
vt 0.658182 0.181613
vt 0.649505 0.181289
vt 0.649059 0.171887
vt 0.657721 0.172274
vt 0.657570 0.162886
vt 0.648978 0.162436
vt 0.649300 0.152968
vt 0.657781 0.153477
vt 0.658392 0.144076
vt 0.650048 0.143518
vt 0.651199 0.134120
vt 0.659405 0.134719
vt 0.660804 0.125438
vt 0.652714 0.124803
vt 0.654528 0.115580
vt 0.662538 0.116255
vt 0.664549 0.107184
vt 0.656571 0.106455
vt 0.658789 0.097423
vt 0.666777 0.098225
vt 0.669170 0.089374
vt 0.661139 0.088481
vt 0.663618 0.079639
vt 0.671706 0.080634
vt 0.674378 0.072015
vt 0.666240 0.070920
vt 0.669044 0.062376
vt 0.677211 0.063553
vt 0.680238 0.055295
vt 0.672073 0.054069
vt 0.675361 0.046066
vt 0.683494 0.047307
vt 0.687010 0.039652
vt 0.678931 0.038430
vt 0.682774 0.031193
vt 0.690790 0.032380
vt 0.694826 0.025526
vt 0.828187 0.285668
vt 0.819585 0.286304
vt 0.821396 0.278744
vt 0.830021 0.278215
vt 0.823061 0.270850
vt 0.831701 0.270407
vt 0.699084 0.019081
vt 0.844221 0.268404
vt 0.833228 0.262300
vt 0.845745 0.260507
vt 0.824593 0.262692
vt 0.826013 0.254334
vt 0.834618 0.253959
vt 0.835894 0.245447
vt 0.827344 0.245832
vt 0.828603 0.237212
vt 0.837078 0.236806
vt 0.838189 0.228065
vt 0.829800 0.228487
vt 0.830924 0.219648
vt 0.839231 0.219228
vt 0.840201 0.210290
vt 0.831957 0.210683
vt 0.832868 0.201586
vt 0.841074 0.201245
vt 0.841824 0.192088
vt 0.833622 0.192358
vt 0.834192 0.183019
vt 0.842418 0.182830
vt 0.842829 0.173491
vt 0.834557 0.173595
vt 0.834717 0.164121
vt 0.843044 0.164098
vt 0.843058 0.154686
vt 0.834680 0.154629
vt 0.834470 0.145144
vt 0.842884 0.145278
vt 0.842543 0.135899
vt 0.834114 0.135682
vt 0.833637 0.126255
vt 0.842060 0.126560
vt 0.841463 0.117271
vt 0.833060 0.116874
vt 0.832388 0.107564
vt 0.840765 0.108050
vt 0.839976 0.098916
vt 0.852069 0.100497
vt 0.831617 0.098356
vt 0.830729 0.089306
vt 0.839086 0.089914
vt 0.851174 0.091707
vt 0.838081 0.081093
vt 0.850185 0.083056
vt 0.829702 0.080474
vt 0.828514 0.071923
vt 0.836938 0.072518
vt 0.849085 0.074599
vt 0.835637 0.064248
vt 0.847854 0.066393
vt 0.827150 0.063709
vt 0.825607 0.055857
vt 0.834166 0.056329
vt 0.846474 0.058497
vt 0.363436 0.073870
vt 0.370067 0.067316
vt 0.823891 0.048373
vt 0.832519 0.048788
vt 0.822023 0.041224
vt 0.830706 0.041617
vt 0.377097 0.061116
vt 0.384453 0.055240
vt 0.820025 0.034362
vt 0.828742 0.034791
vt 0.817924 0.027730
vt 0.826652 0.028257
vt 0.392056 0.049634
vt 0.399833 0.044246
vt 0.815746 0.021275
vt 0.824462 0.021961
vt 0.813507 0.014983
vt 0.822197 0.015869
vt 0.407742 0.039042
vt 0.415757 0.034009
vt 0.404923 0.034390
vt 0.412886 0.029162
vt 0.420980 0.024162
vt 0.423882 0.029180
vt 0.432133 0.024610
vt 0.429231 0.019471
vt 0.437658 0.015183
vt 0.440529 0.020381
vt 0.449085 0.016579
vt 0.446272 0.011386
vt 0.455059 0.008125
vt 0.457796 0.013269
vt 0.466651 0.010496
vt 0.778878 0.955024
vt 0.771650 0.955435
vt 0.774951 0.947748
vt 0.782196 0.947448
vt 0.778002 0.939715
vt 0.785261 0.939524
vt 0.475619 0.008254
vt 0.484670 0.006510
vt 0.780820 0.931393
vt 0.788075 0.931292
vt 0.783439 0.922843
vt 0.790660 0.922810
vt 0.493772 0.005197
vt 0.502901 0.004236
vt 0.785892 0.914123
vt 0.793046 0.914134
vt 0.788206 0.905268
vt 0.795268 0.905310
vt 0.512041 0.003568
vt 0.521180 0.003146
vt 0.790393 0.896301
vt 0.797351 0.896373
vt 0.792435 0.887228
vt 0.799299 0.887337
vt 0.530305 0.002983
vt 0.539396 0.003113
vt 0.794300 0.878050
vt 0.801099 0.878209
vt 0.795931 0.868773
vt 0.802711 0.868995
vt 0.548418 0.003617
vt 0.557328 0.004583
vt 0.797270 0.859407
vt 0.804084 0.859699
vt 0.798269 0.849979
vt 0.805167 0.850341
vt 0.813336 0.859979
vt 0.814442 0.850826
vt 0.805909 0.840948
vt 0.815269 0.841634
vt 0.798893 0.840520
vt 0.799142 0.831067
vt 0.806291 0.831551
vt 0.815777 0.832431
vt 0.806305 0.822187
vt 0.815937 0.823250
vt 0.799033 0.821651
vt 0.798612 0.812293
vt 0.805978 0.812879
vt 0.815747 0.814122
vt 0.805347 0.803648
vt 0.815224 0.805076
vt 0.797933 0.803004
vt 0.797047 0.793785
vt 0.804464 0.794501
vt 0.247440 0.343651
vt 0.251695 0.349237
vt 0.255891 0.355101
vt 0.795998 0.784638
vt 0.803378 0.785440
vt 0.794801 0.775574
vt 0.802123 0.776471
vt 0.260023 0.361195
vt 0.264080 0.367495
vt 0.793456 0.766616
vt 0.800717 0.767607
vt 0.791933 0.757811
vt 0.799151 0.758880
vt 0.268034 0.374020
vt 0.271848 0.380805
vt 0.276441 0.372353
vt 0.280277 0.379146
vt 0.283914 0.386281
vt 0.275485 0.387890
vt 0.278906 0.395309
vt 0.287319 0.393786
vt 0.290482 0.401648
vt 0.282091 0.403069
vt 0.285030 0.411158
vt 0.293406 0.409836
vt 0.296120 0.418296
vt 0.287739 0.419536
vt 0.290243 0.428152
vt 0.298662 0.426967
vt 0.301071 0.435796
vt 0.292582 0.436948
vt 0.294792 0.445873
vt 0.303383 0.444735
vt 0.305607 0.453765
vt 0.296898 0.454893
vt 0.298908 0.463984
vt 0.307734 0.462873
vt 0.309722 0.472060
vt 0.300798 0.473141
vt 0.302534 0.482362
vt 0.311517 0.481329
vt 0.313057 0.490670
vt 0.304060 0.491643
vt 0.305319 0.500975
vt 0.314284 0.500070
vt 0.315165 0.509498
vt 0.306268 0.510336
vt 0.306877 0.519697
vt 0.315686 0.518921
vt 0.315867 0.528308
vt 0.307146 0.529026
vt 0.307094 0.538294
vt 0.315746 0.537634
vt 0.315375 0.546887
vt 0.306764 0.547482
vt 0.306204 0.556579
vt 0.314808 0.556061
vt 0.314082 0.565156
vt 0.305457 0.565584
vt 0.304557 0.574496
vt 0.313218 0.574167
vt 0.312202 0.583071
vt 0.303508 0.583302
vt 0.302298 0.591983
vt 0.311006 0.591830
vt 0.309586 0.600382
vt 0.300892 0.600488
vt 0.299250 0.608762
vt 0.307896 0.608656
vt 0.305905 0.616583
vt 0.297336 0.616732
vt 0.295122 0.624330
vt 0.303599 0.624101
vt 0.300996 0.631190
vt 0.292610 0.631511
vt 0.289816 0.638247
vt 0.298127 0.637846
vt 0.295046 0.644114
vt 0.286782 0.644553
vt 0.283556 0.650466
vt 0.291809 0.650052
vt 0.288461 0.655729
vt 0.280188 0.656046
vt 0.699725 0.313659
vt 0.695711 0.307787
vt 0.691869 0.313610
vt 0.687759 0.307828
vt 0.683723 0.301867
vt 0.691789 0.301702
vt 0.687957 0.295441
vt 0.679777 0.295733
vt 0.675965 0.289385
vt 0.684243 0.288991
vt 0.680686 0.282323
vt 0.672340 0.282768
vt 0.668962 0.275830
vt 0.677339 0.275389
vt 0.674255 0.268143
vt 0.665882 0.268528
vt 0.663127 0.260856
vt 0.671473 0.260563
vt 0.669017 0.252640
vt 0.660707 0.252825
vt 0.824745 0.544184
vt 0.827856 0.543850
vt 0.829759 0.553073
vt 0.826642 0.553435
vt 0.829787 0.543606
vt 0.831683 0.552788
vt 0.833891 0.561903
vt 0.831992 0.562233
vt 0.828900 0.562616
vt 0.834478 0.571335
vt 0.831444 0.571732
vt 0.836336 0.570956
vt 0.838993 0.579947
vt 0.837184 0.580377
vt 0.834227 0.580783
vt 0.649212 0.208569
vt 0.648026 0.199462
vt 0.841856 0.588865
vt 0.840097 0.589348
vt 0.844977 0.597667
vt 0.843257 0.598203
vt 0.647033 0.190265
vt 0.646290 0.180980
vt 0.848417 0.606293
vt 0.846720 0.606885
vt 0.852248 0.614663
vt 0.850555 0.615311
vt 0.645869 0.171621
vt 0.645832 0.162208
vt 0.856532 0.622692
vt 0.854826 0.623399
vt 0.861290 0.630314
vt 0.859559 0.631081
vt 0.646211 0.152777
vt 0.647020 0.143365
vt 0.866519 0.637478
vt 0.864760 0.638304
vt 0.872166 0.644185
vt 0.870384 0.645067
vt 0.648224 0.134008
vt 0.649774 0.124734
vt 0.878161 0.650460
vt 0.876372 0.651391
vt 0.884421 0.656368
vt 0.882645 0.657337
vt 0.651600 0.115553
vt 0.653630 0.106467
vt 0.890867 0.661980
vt 0.889128 0.662977
vt 0.897446 0.667354
vt 0.895763 0.668368
vt 0.655814 0.097468
vt 0.658117 0.088552
vt 0.904125 0.672532
vt 0.902511 0.673556
vt 0.910902 0.677494
vt 0.909362 0.678525
vt 0.660546 0.079733
vt 0.663123 0.071039
vt 0.917790 0.682193
vt 0.916318 0.683235
vt 0.924810 0.686535
vt 0.923397 0.687594
vt 0.665895 0.062529
vt 0.810964 0.312445
vt 0.806635 0.311733
vt 0.808956 0.305856
vt 0.813291 0.306526
vt 0.804581 0.310903
vt 0.806892 0.305060
vt 0.809087 0.298784
vt 0.811167 0.299559
vt 0.815519 0.300213
vt 0.813244 0.292812
vt 0.817622 0.293470
vt 0.811144 0.292051
vt 0.813055 0.284891
vt 0.815176 0.285638
vt 0.816958 0.278077
vt 0.814819 0.277353
vt 0.816453 0.269515
vt 0.818604 0.270202
vt 0.820132 0.262088
vt 0.817979 0.261456
vt 0.819422 0.253237
vt 0.821567 0.253798
vt 0.822930 0.245381
vt 0.820804 0.244903
vt 0.822130 0.236461
vt 0.824233 0.236853
vt 0.825478 0.228216
vt 0.823397 0.227905
vt 0.824582 0.219213
vt 0.826644 0.219453
vt 0.827706 0.210547
vt 0.825652 0.210365
vt 0.826569 0.201354
vt 0.828626 0.201493
vt 0.829368 0.192293
vt 0.827296 0.192187
vt 0.827812 0.182896
vt 0.829909 0.182975
vt 0.830233 0.173570
vt 0.828108 0.173517
vt 0.828197 0.164093
vt 0.830349 0.164117
vt 0.830277 0.154651
vt 0.828103 0.154664
vt 0.827860 0.145253
vt 0.830045 0.145195
vt 0.829684 0.135766
vt 0.827501 0.135877
vt 0.827045 0.126542
vt 0.829219 0.126372
vt 0.828664 0.117025
vt 0.826506 0.117257
vt 0.825874 0.108046
vt 0.828016 0.107752
vt 0.827263 0.098589
vt 0.825132 0.098944
vt 0.824251 0.090009
vt 0.826380 0.089595
vt 0.825342 0.080833
vt 0.823204 0.081304
vt 0.821974 0.072891
vt 0.824128 0.072364
vt 0.822727 0.064240
vt 0.820552 0.064819
vt 0.818949 0.057103
vt 0.821145 0.056475
vt 0.819397 0.049066
vt 0.817187 0.049737
vt 0.815297 0.042675
vt 0.817509 0.041968
vt 0.815513 0.035126
vt 0.813314 0.035859
vt 0.811263 0.029232
vt 0.813434 0.028480
vt 0.811295 0.021983
vt 0.809164 0.022746
vt 0.807021 0.016406
vt 0.809106 0.015633
vt 0.806870 0.009456
vt 0.811218 0.008864
vt 0.743662 0.992730
vt 0.741726 0.991769
vt 0.746077 0.986345
vt 0.748017 0.987225
vt 0.750339 0.980659
vt 0.752284 0.981470
vt 0.804581 0.003531
vt 0.808879 0.002983
vt 0.756197 0.982262
vt 0.756428 0.975397
vt 0.760332 0.976112
vt 0.754473 0.974634
vt 0.758431 0.968214
vt 0.760402 0.968945
vt 0.764313 0.969618
vt 0.764163 0.962069
vt 0.768096 0.962728
vt 0.762168 0.961356
vt 0.765661 0.954070
vt 0.767683 0.954771
vt 0.770945 0.947076
vt 0.768896 0.946389
vt 0.771892 0.938377
vt 0.773965 0.939042
vt 0.776766 0.930736
vt 0.774677 0.930110
vt 0.777291 0.921649
vt 0.779386 0.922223
vt 0.781863 0.913557
vt 0.779771 0.913048
vt 0.782130 0.904329
vt 0.784213 0.904765
vt 0.786442 0.895864
vt 0.784368 0.895500
vt 0.786447 0.886554
vt 0.788517 0.886851
vt 0.790395 0.877723
vt 0.788317 0.877483
vt 0.789913 0.868292
vt 0.792012 0.868487
vt 0.793306 0.859153
vt 0.791173 0.858994
vt 0.792059 0.849625
vt 0.794235 0.849754
vt 0.794773 0.840325
vt 0.792549 0.840224
vt 0.792667 0.830834
vt 0.794936 0.830905
vt 0.794754 0.821526
vt 0.792452 0.821493
vt 0.791966 0.812218
vt 0.794286 0.812207
vt 0.793593 0.802956
vt 0.791274 0.803019
vt 0.790423 0.793893
vt 0.792723 0.793773
vt 0.791716 0.784657
vt 0.789447 0.784836
vt 0.788340 0.775861
vt 0.790572 0.775623
vt 0.789280 0.766696
vt 0.787081 0.766992
vt 0.785623 0.758281
vt 0.787797 0.757929
vt 0.786079 0.749383
vt 0.790195 0.749216
vt 0.783918 0.749788
vt 0.781928 0.741576
vt 0.784087 0.741121
vt 0.788204 0.740895
vt 0.781793 0.733200
vt 0.785928 0.732907
vt 0.779628 0.733702
vt 0.777027 0.726187
vt 0.779199 0.725644
vt 0.783358 0.725283
vt 0.776322 0.718455
vt 0.780501 0.718038
vt 0.774149 0.719035
vt 0.771043 0.712203
vt 0.773205 0.711594
vt 0.777389 0.711143
vt 0.769895 0.705007
vt 0.774060 0.704552
vt 0.767761 0.705637
vt 0.764348 0.699275
vt 0.766439 0.698633
vt 0.302037 0.427031
vt 0.304467 0.435798
vt 0.306811 0.444664
vt 0.760840 0.693065
vt 0.762875 0.692416
vt 0.757247 0.687004
vt 0.759218 0.686349
vt 0.309068 0.453616
vt 0.311224 0.462651
vt 0.753563 0.681113
vt 0.755473 0.680449
vt 0.749766 0.675476
vt 0.751624 0.674796
vt 0.313229 0.471775
vt 0.315023 0.480992
vt 0.745829 0.670196
vt 0.747648 0.669489
vt 0.741726 0.665391
vt 0.743523 0.664647
vt 0.316544 0.490291
vt 0.317735 0.499655
vt 0.317698 0.490133
vt 0.318871 0.499460
vt 0.319692 0.508821
vt 0.318572 0.509050
vt 0.319047 0.518440
vt 0.923414 0.330884
vt 0.924810 0.331717
vt 0.917685 0.335330
vt 0.916243 0.334467
vt 0.910790 0.339544
vt 0.909302 0.338661
vt 0.319189 0.527793
vt 0.319043 0.537083
vt 0.904121 0.344267
vt 0.902590 0.343381
vt 0.897653 0.349392
vt 0.896081 0.348523
vt 0.318664 0.546301
vt 0.318106 0.555444
vt 0.891354 0.354816
vt 0.889747 0.353986
vt 0.885205 0.360485
vt 0.883568 0.359707
vt 0.317400 0.564512
vt 0.316561 0.573497
vt 0.879199 0.366368
vt 0.877534 0.365647
vt 0.873367 0.372489
vt 0.871673 0.371824
vt 0.315567 0.582372
vt 0.314384 0.591092
vt 0.867759 0.378890
vt 0.866031 0.378271
vt 0.862453 0.385628
vt 0.860684 0.385040
vt 0.312962 0.599589
vt 0.311256 0.607790
vt 0.857529 0.392750
vt 0.855712 0.392182
vt 0.853052 0.400271
vt 0.851182 0.399713
vt 0.309242 0.615628
vt 0.848094 0.399400
vt 0.847143 0.407632
vt 0.843953 0.407297
vt 0.849068 0.408183
vt 0.845569 0.416433
vt 0.843594 0.415896
vt 0.840303 0.415541
vt 0.840509 0.424446
vt 0.837136 0.424089
vt 0.842522 0.424958
vt 0.839852 0.433683
vt 0.837818 0.433212
vt 0.834395 0.432874
vt 0.835439 0.442125
vt 0.832012 0.441831
vt 0.837473 0.442536
vt 0.835313 0.451474
vt 0.833298 0.451137
vt 0.829910 0.450909
vt 0.831332 0.460215
vt 0.828021 0.460066
vt 0.833312 0.460468
vt 0.831472 0.469517
vt 0.829532 0.469350
vt 0.826320 0.469283
vt 0.827917 0.478540
vt 0.824804 0.478551
vt 0.829819 0.478628
vt 0.828433 0.487807
vt 0.826558 0.487791
vt 0.823527 0.487871
vt 0.825543 0.497102
vt 0.822562 0.497240
vt 0.827405 0.497058
vt 0.826826 0.506366
vt 0.824961 0.506458
vt 0.821994 0.506646
vt 0.824890 0.515840
vt 0.821903 0.516070
vt 0.826771 0.515706
vt 0.827260 0.525047
vt 0.825358 0.525217
vt 0.822329 0.525485
vt 0.826365 0.534560
vt 0.823289 0.534863
vt 0.828286 0.534354
vt 0.217580 0.228141
vt 0.217735 0.227991
vt 0.217420 0.228287
vt 0.526034 0.222964
vt 0.526243 0.222917
vt 0.525826 0.223004
vt 0.217885 0.227836
vt 0.218028 0.227675
vt 0.525616 0.223037
vt 0.525406 0.223059
vt 0.218161 0.227508
vt 0.218284 0.227334
vt 0.525197 0.223070
vt 0.524990 0.223067
vt 0.218394 0.227155
vt 0.218491 0.226970
vt 0.524785 0.223049
vt 0.524584 0.223016
vt 0.218575 0.226782
vt 0.218650 0.226592
vt 0.524387 0.222971
vt 0.524195 0.222916
vt 0.218716 0.226401
vt 0.218776 0.226209
vt 0.524007 0.222852
vt 0.523822 0.222783
vt 0.218832 0.226018
vt 0.218883 0.225826
vt 0.523640 0.222710
vt 0.523460 0.222633
vt 0.218929 0.225634
vt 0.218969 0.225442
vt 0.523283 0.222552
vt 0.523109 0.222465
vt 0.219000 0.225249
vt 0.219020 0.225057
vt 0.522941 0.222370
vt 0.522779 0.222265
vt 0.219026 0.224867
vt 0.219019 0.224678
vt 0.522627 0.222150
vt 0.522484 0.222024
vt 0.218997 0.224493
vt 0.218963 0.224312
vt 0.522353 0.221888
vt 0.522231 0.221744
vt 0.218919 0.224133
vt 0.218867 0.223959
vt 0.522118 0.221592
vt 0.522013 0.221436
vt 0.218808 0.223786
vt 0.218744 0.223617
vt 0.521913 0.221276
vt 0.521818 0.221112
vt 0.218675 0.223449
vt 0.218600 0.223285
vt 0.521728 0.220946
vt 0.521645 0.220776
vt 0.218516 0.223124
vt 0.218422 0.222971
vt 0.521569 0.220601
vt 0.521505 0.220422
vt 0.218316 0.222825
vt 0.218197 0.222690
vt 0.521454 0.220237
vt 0.521418 0.220047
vt 0.218065 0.222565
vt 0.217922 0.222452
vt 0.521399 0.219854
vt 0.521395 0.219658
vt 0.217770 0.222350
vt 0.217610 0.222257
vt 0.521405 0.219460
vt 0.521427 0.219262
vt 0.217446 0.222172
vt 0.217278 0.222093
vt 0.521458 0.219065
vt 0.521495 0.218868
vt 0.217107 0.222019
vt 0.216933 0.221949
vt 0.521538 0.218672
vt 0.521587 0.218476
vt 0.216756 0.221886
vt 0.216576 0.221830
vt 0.521641 0.218282
vt 0.521704 0.218089
vt 0.216391 0.221784
vt 0.216201 0.221749
vt 0.521778 0.217898
vt 0.521863 0.217711
vt 0.216007 0.221728
vt 0.215809 0.221720
vt 0.521961 0.217528
vt 0.522071 0.217351
vt 0.215608 0.221725
vt 0.215407 0.221740
vt 0.522193 0.217179
vt 0.522324 0.217012
vt 0.215204 0.221763
vt 0.215002 0.221793
vt 0.522462 0.216851
vt 0.522604 0.216694
vt 0.214800 0.221828
vt 0.214597 0.221867
vt 0.522751 0.216539
vt 0.522900 0.216387
vt 0.214395 0.221910
vt 0.214193 0.221959
vt 0.523053 0.216238
vt 0.523211 0.216093
vt 0.213990 0.222016
vt 0.213790 0.222083
vt 0.523375 0.215953
vt 0.523546 0.215821
vt 0.213592 0.222163
vt 0.213398 0.222255
vt 0.523724 0.215698
vt 0.523911 0.215588
vt 0.213209 0.222360
vt 0.213026 0.222476
vt 0.524104 0.215489
vt 0.524302 0.215403
vt 0.212849 0.222601
vt 0.212677 0.222734
vt 0.524505 0.215328
vt 0.524710 0.215262
vt 0.212510 0.222872
vt 0.212346 0.223014
vt 0.524916 0.215204
vt 0.525124 0.215152
vt 0.212187 0.223160
vt 0.212031 0.223311
vt 0.525332 0.215105
vt 0.525541 0.215065
vt 0.211881 0.223466
vt 0.211738 0.223627
vt 0.525750 0.215032
vt 0.525960 0.215010
vt 0.211605 0.223794
vt 0.211482 0.223967
vt 0.526169 0.214999
vt 0.526377 0.215002
vt 0.211373 0.224147
vt 0.211276 0.224331
vt 0.526582 0.215020
vt 0.526783 0.215053
vt 0.211191 0.224519
vt 0.211116 0.224709
vt 0.526979 0.215098
vt 0.527172 0.215153
vt 0.211050 0.224901
vt 0.210990 0.225092
vt 0.527360 0.215217
vt 0.527545 0.215286
vt 0.210935 0.225284
vt 0.210883 0.225475
vt 0.527727 0.215359
vt 0.527906 0.215436
vt 0.210837 0.225667
vt 0.210797 0.225860
vt 0.528084 0.215517
vt 0.528257 0.215604
vt 0.210766 0.226052
vt 0.210747 0.226244
vt 0.528426 0.215699
vt 0.528587 0.215804
vt 0.210740 0.226435
vt 0.210748 0.226623
vt 0.528740 0.215919
vt 0.528882 0.216045
vt 0.210769 0.226808
vt 0.210803 0.226990
vt 0.529014 0.216181
vt 0.529135 0.216325
vt 0.210847 0.227168
vt 0.210900 0.227343
vt 0.529248 0.216477
vt 0.529354 0.216633
vt 0.210958 0.227515
vt 0.211022 0.227685
vt 0.529453 0.216793
vt 0.529548 0.216957
vt 0.211091 0.227852
vt 0.211167 0.228017
vt 0.529638 0.217123
vt 0.529722 0.217293
vt 0.211251 0.228177
vt 0.211345 0.228331
vt 0.529797 0.217468
vt 0.529862 0.217647
vt 0.211451 0.228477
vt 0.211570 0.228612
vt 0.529913 0.217832
vt 0.529948 0.218022
vt 0.211701 0.228736
vt 0.211844 0.228849
vt 0.529968 0.218215
vt 0.529971 0.218411
vt 0.211996 0.228951
vt 0.212156 0.229044
vt 0.529961 0.218609
vt 0.529939 0.218807
vt 0.212321 0.229129
vt 0.212489 0.229209
vt 0.529909 0.219004
vt 0.529871 0.219201
vt 0.212660 0.229283
vt 0.212833 0.229352
vt 0.529828 0.219397
vt 0.529780 0.219593
vt 0.213010 0.229416
vt 0.213190 0.229472
vt 0.529725 0.219787
vt 0.529662 0.219980
vt 0.213376 0.229518
vt 0.213565 0.229552
vt 0.529589 0.220171
vt 0.529504 0.220358
vt 0.213760 0.229574
vt 0.213958 0.229582
vt 0.529406 0.220541
vt 0.529295 0.220718
vt 0.214158 0.229577
vt 0.214360 0.229562
vt 0.529174 0.220890
vt 0.529043 0.221057
vt 0.214562 0.229538
vt 0.214764 0.229508
vt 0.528905 0.221218
vt 0.528762 0.221375
vt 0.214966 0.229473
vt 0.215169 0.229435
vt 0.528616 0.221530
vt 0.528466 0.221682
vt 0.215371 0.229392
vt 0.215574 0.229343
vt 0.528313 0.221831
vt 0.528155 0.221976
vt 0.215776 0.229286
vt 0.215976 0.229218
vt 0.527991 0.222116
vt 0.527821 0.222248
vt 0.216174 0.229139
vt 0.216368 0.229047
vt 0.527642 0.222371
vt 0.527456 0.222481
vt 0.216557 0.228942
vt 0.216740 0.228826
vt 0.527263 0.222580
vt 0.527064 0.222666
vt 0.216917 0.228701
vt 0.217089 0.228568
vt 0.526862 0.222741
vt 0.526657 0.222807
vt 0.217257 0.228430
vt 0.526450 0.222865
vt 0.895578 0.227146
vt 0.894052 0.218425
vt 0.895992 0.217735
vt 0.897502 0.226367
vt 0.892740 0.209562
vt 0.894689 0.208952
vt 0.896495 0.208944
vt 0.897793 0.217716
vt 0.899296 0.226325
vt 0.891594 0.200596
vt 0.893548 0.200062
vt 0.890599 0.191538
vt 0.892556 0.191079
vt 0.894367 0.191071
vt 0.895357 0.200056
vt 0.889758 0.182385
vt 0.891718 0.182003
vt 0.889119 0.173126
vt 0.891082 0.172831
vt 0.892891 0.172837
vt 0.893529 0.181998
vt 0.888739 0.163752
vt 0.890708 0.163557
vt 0.888688 0.154281
vt 0.890663 0.154198
vt 0.892463 0.154268
vt 0.892514 0.163588
vt 0.889030 0.144740
vt 0.891008 0.144779
vt 0.889793 0.135179
vt 0.891770 0.135346
vt 0.893556 0.135524
vt 0.892801 0.144900
vt 0.890986 0.125655
vt 0.892957 0.125949
vt 0.892569 0.116216
vt 0.894529 0.116630
vt 0.896298 0.116911
vt 0.894734 0.126182
vt 0.894489 0.106901
vt 0.896432 0.107423
vt 0.896671 0.097720
vt 0.898594 0.098337
vt 0.900356 0.098682
vt 0.898196 0.107742
vt 0.899045 0.088669
vt 0.900943 0.089369
vt 0.901562 0.079732
vt 0.903435 0.080506
vt 0.905202 0.080873
vt 0.902707 0.089729
vt 0.904195 0.070891
vt 0.906040 0.071734
vt 0.906955 0.062150
vt 0.908772 0.063063
vt 0.910543 0.063439
vt 0.907811 0.072105
vt 0.909871 0.053527
vt 0.911656 0.054517
vt 0.912986 0.045080
vt 0.914738 0.046154
vt 0.916498 0.046558
vt 0.913424 0.054904
vt 0.916346 0.036874
vt 0.918060 0.038040
vt 0.919975 0.028985
vt 0.921648 0.030246
vt 0.923378 0.030704
vt 0.919807 0.038468
vt 0.923885 0.021478
vt 0.925512 0.022836
vt 0.928051 0.014382
vt 0.929631 0.015830
vt 0.931322 0.016349
vt 0.927223 0.023324
vt 0.675775 0.718499
vt 0.667495 0.717940
vt 0.668107 0.715930
vt 0.676293 0.716486
vt 0.659258 0.716879
vt 0.659956 0.714878
vt 0.933968 0.009229
vt 0.938477 0.002983
vt 0.940140 0.003553
vt 0.935644 0.009775
vt 0.651079 0.715428
vt 0.651850 0.713441
vt 0.642949 0.713687
vt 0.643784 0.711716
vt 0.816350 0.261677
vt 0.817807 0.253463
vt 0.814813 0.269742
vt 0.634859 0.711731
vt 0.635750 0.709779
vt 0.626798 0.709565
vt 0.627746 0.707635
vt 0.819207 0.245142
vt 0.820552 0.236713
vt 0.618769 0.707161
vt 0.619778 0.705255
vt 0.610801 0.704426
vt 0.611880 0.702549
vt 0.821836 0.228162
vt 0.823033 0.219463
vt 0.602939 0.701256
vt 0.604101 0.699415
vt 0.595252 0.697552
vt 0.596507 0.695756
vt 0.824108 0.210589
vt 0.825023 0.201538
vt 0.587811 0.693234
vt 0.589165 0.691492
vt 0.580675 0.688289
vt 0.582129 0.686609
vt 0.825740 0.192318
vt 0.826243 0.182968
vt 0.573888 0.682735
vt 0.575435 0.681122
vt 0.567450 0.676652
vt 0.569082 0.675110
vt 0.826523 0.173533
vt 0.826598 0.164060
vt 0.561346 0.670141
vt 0.563049 0.668667
vt 0.555528 0.663301
vt 0.557290 0.661895
vt 0.826495 0.154595
vt 0.826247 0.145159
vt 0.549945 0.656225
vt 0.551757 0.654883
vt 0.544564 0.648956
vt 0.546418 0.647678
vt 0.825888 0.135769
vt 0.825437 0.126427
vt 0.539368 0.641514
vt 0.541264 0.640301
vt 0.534395 0.633872
vt 0.536332 0.632730
vt 0.824904 0.117136
vt 0.824276 0.107916
vt 0.529700 0.625994
vt 0.531684 0.624932
vt 0.525376 0.617842
vt 0.527408 0.616872
vt 0.823533 0.098798
vt 0.822644 0.089839
vt 0.521515 0.609391
vt 0.523599 0.608522
vt 0.518188 0.600651
vt 0.520320 0.599892
vt 0.821582 0.081103
vt 0.820332 0.072653
vt 0.515441 0.591652
vt 0.517615 0.591007
vt 0.513254 0.582454
vt 0.515462 0.581921
vt 0.818888 0.064546
vt 0.817265 0.056797
vt 0.511581 0.573123
vt 0.513813 0.572695
vt 0.510328 0.563717
vt 0.512574 0.563386
vt 0.513896 0.563398
vt 0.515126 0.572683
vt 0.516768 0.581871
vt 0.509392 0.554287
vt 0.511643 0.554040
vt 0.508690 0.544848
vt 0.510941 0.544678
vt 0.512290 0.544698
vt 0.512978 0.554062
vt 0.508158 0.535407
vt 0.510405 0.535309
vt 0.507802 0.525953
vt 0.510044 0.525927
vt 0.511423 0.525932
vt 0.511770 0.535321
vt 0.507657 0.516476
vt 0.509892 0.516527
vt 0.507811 0.506982
vt 0.510039 0.507122
vt 0.511433 0.507140
vt 0.511282 0.516534
vt 0.508364 0.497489
vt 0.510584 0.497729
vt 0.509407 0.488040
vt 0.511615 0.488391
vt 0.512996 0.488470
vt 0.511976 0.497772
vt 0.511009 0.478685
vt 0.513200 0.479153
vt 0.513181 0.469474
vt 0.515349 0.470058
vt 0.516696 0.470227
vt 0.514566 0.479276
vt 0.515901 0.460447
vt 0.518040 0.461142
vt 0.519093 0.451617
vt 0.521200 0.452413
vt 0.522516 0.452659
vt 0.519370 0.461353
vt 0.522669 0.442981
vt 0.524740 0.443865
vt 0.526542 0.434512
vt 0.528576 0.435473
vt 0.529884 0.435762
vt 0.526049 0.444137
vt 0.530640 0.426180
vt 0.532635 0.427209
vt 0.534942 0.417971
vt 0.536898 0.419065
vt 0.538214 0.419376
vt 0.533947 0.427511
vt 0.539454 0.409889
vt 0.541368 0.411049
vt 0.544228 0.401983
vt 0.546095 0.403214
vt 0.547405 0.403545
vt 0.542685 0.411368
vt 0.549328 0.394324
vt 0.551141 0.395635
vt 0.554812 0.387014
vt 0.556564 0.388411
vt 0.787065 0.877564
vt 0.788655 0.868333
vt 0.552432 0.395981
vt 0.560729 0.380157
vt 0.562410 0.381642
vt 0.567077 0.373828
vt 0.568680 0.375402
vt 0.789901 0.858983
vt 0.790768 0.849556
vt 0.573832 0.368084
vt 0.575354 0.369739
vt 0.580928 0.362910
vt 0.582367 0.364636
vt 0.791237 0.840098
vt 0.791335 0.830657
vt 0.588287 0.358267
vt 0.589645 0.360051
vt 0.595830 0.354067
vt 0.597111 0.355897
vt 0.791106 0.821277
vt 0.790614 0.811976
vt 0.603486 0.350214
vt 0.604697 0.352080
vt 0.611222 0.346635
vt 0.612364 0.348528
vt 0.789924 0.802763
vt 0.789084 0.793630
vt 0.619016 0.343278
vt 0.620092 0.345195
vt 0.626878 0.340162
vt 0.627885 0.342101
vt 0.270885 0.354264
vt 0.275034 0.360112
vt 0.273289 0.360668
vt 0.269137 0.354808
vt 0.266670 0.348607
vt 0.264920 0.349139
vt 0.634825 0.337336
vt 0.635758 0.339297
vt 0.642869 0.334901
vt 0.643720 0.336884
vt 0.279100 0.366192
vt 0.283049 0.372567
vt 0.281301 0.373115
vt 0.277356 0.366750
vt 0.651016 0.332966
vt 0.651775 0.334970
vt 0.659246 0.331620
vt 0.659907 0.333641
vt 0.286842 0.379300
vt 0.290441 0.386421
vt 0.288667 0.386909
vt 0.285083 0.379823
vt 0.667532 0.330929
vt 0.668091 0.332962
vt 0.675834 0.330884
vt 0.676293 0.332922
vt 0.293813 0.393941
vt 0.296951 0.401823
vt 0.295144 0.402227
vt 0.292022 0.394387
vt 0.298594 0.400671
vt 0.301538 0.408952
vt 0.299861 0.410010
vt 0.304276 0.417461
vt 0.302571 0.418431
vt 0.300739 0.418777
vt 0.298039 0.410380
vt 0.306845 0.426123
vt 0.305121 0.427012
vt 0.309286 0.434893
vt 0.307548 0.435708
vt 0.305707 0.436048
vt 0.303282 0.427349
vt 0.311630 0.443742
vt 0.309884 0.444487
vt 0.313884 0.452674
vt 0.312129 0.453349
vt 0.310291 0.453707
vt 0.308043 0.444835
vt 0.316035 0.461705
vt 0.314269 0.462306
vt 0.318036 0.470856
vt 0.316256 0.471371
vt 0.314422 0.471720
vt 0.312434 0.462665
vt 0.319830 0.480140
vt 0.318031 0.480557
vt 0.321355 0.489543
vt 0.319534 0.489850
vt 0.316197 0.480880
vt 0.322552 0.499040
vt 0.320709 0.499226
vt 0.323396 0.508582
vt 0.321534 0.508643
vt 0.323877 0.518115
vt 0.322000 0.518053
vt 0.324025 0.527593
vt 0.322139 0.527416
vt 0.320292 0.527496
vt 0.320155 0.518179
vt 0.323885 0.536981
vt 0.321995 0.536699
vt 0.323512 0.546270
vt 0.321625 0.545895
vt 0.319773 0.545917
vt 0.320146 0.536745
vt 0.322960 0.555458
vt 0.321080 0.555001
vt 0.322259 0.564557
vt 0.320388 0.564022
vt 0.318532 0.564022
vt 0.319226 0.555009
vt 0.321421 0.573569
vt 0.319560 0.572958
vt 0.320422 0.582476
vt 0.318573 0.581785
vt 0.316719 0.581769
vt 0.317704 0.572952
vt 0.319227 0.591241
vt 0.317390 0.590464
vt 0.317787 0.599797
vt 0.315964 0.598925
vt 0.314120 0.598872
vt 0.315540 0.590432
vt 0.316056 0.608067
vt 0.314248 0.607095
vt 0.314012 0.615979
vt 0.312225 0.614904
vt 0.310401 0.614795
vt 0.312414 0.607015
vt 0.311650 0.623472
vt 0.309886 0.622297
vt 0.308999 0.630530
vt 0.307263 0.629264
vt 0.305461 0.629099
vt 0.308074 0.622159
vt 0.306103 0.637165
vt 0.304397 0.635819
vt 0.938608 0.313407
vt 0.934352 0.308291
vt 0.935927 0.306666
vt 0.940140 0.311731
vt 0.301347 0.642022
vt 0.299557 0.641812
vt 0.302603 0.635630
vt 0.930246 0.302888
vt 0.931853 0.301311
vt 0.926254 0.297280
vt 0.927887 0.295751
vt 0.298168 0.647944
vt 0.294897 0.653654
vt 0.293108 0.653408
vt 0.296379 0.647715
vt 0.922347 0.291525
vt 0.924001 0.290042
vt 0.918524 0.285613
vt 0.920198 0.284178
vt 0.921938 0.283930
vt 0.925744 0.289818
vt 0.929632 0.295551
vt 0.914798 0.279506
vt 0.916496 0.278125
vt 0.911218 0.273134
vt 0.912943 0.271815
vt 0.914683 0.271551
vt 0.918234 0.277862
vt 0.907840 0.266424
vt 0.909599 0.265178
vt 0.904725 0.259327
vt 0.906523 0.258165
vt 0.908276 0.257949
vt 0.911344 0.264930
vt 0.901930 0.251816
vt 0.903766 0.250746
vt 0.899477 0.243914
vt 0.901349 0.242942
vt 0.903124 0.242818
vt 0.905530 0.250574
vt 0.897371 0.235666
vt 0.899272 0.234793
vt 0.901058 0.234715
s 1
usemtl M_Brass
f 1/1/1 898/2/898 2689/3/2689 897/4/897
f 898/2/898 2/5/2 899/6/899 2689/3/2689
f 2689/3/2689 899/6/899 66/7/66 900/8/900
f 897/4/897 2689/3/2689 900/8/900 65/9/65
f 2/5/2 901/10/901 2690/11/2690 899/6/899
f 901/10/901 3/12/3 902/13/902 2690/11/2690
f 2690/11/2690 902/13/902 67/14/67 903/15/903
f 899/6/899 2690/11/2690 903/15/903 66/7/66
f 3/12/3 904/16/904 2691/17/2691 902/13/902
f 904/16/904 4/18/4 905/19/905 2691/17/2691
f 2691/17/2691 905/19/905 68/20/68 906/21/906
f 902/13/902 2691/17/2691 906/21/906 67/14/67
f 4/18/4 907/22/907 2692/23/2692 905/19/905
f 907/22/907 5/24/5 908/25/908 2692/23/2692
f 2692/23/2692 908/25/908 69/26/69 909/27/909
f 905/19/905 2692/23/2692 909/27/909 68/20/68
f 5/24/5 910/28/910 2693/29/2693 908/25/908
f 910/28/910 6/30/6 911/31/911 2693/29/2693
f 2693/29/2693 911/31/911 70/32/70 912/33/912
f 908/25/908 2693/29/2693 912/33/912 69/26/69
f 6/30/6 913/34/913 2694/35/2694 911/31/911
f 913/34/913 7/36/7 914/37/914 2694/35/2694
f 2694/35/2694 914/37/914 71/38/71 915/39/915
f 911/31/911 2694/35/2694 915/39/915 70/32/70
f 7/36/7 916/40/916 2695/41/2695 914/37/914
f 916/40/916 8/42/8 917/43/917 2695/41/2695
f 2695/41/2695 917/43/917 72/44/72 918/45/918
f 914/37/914 2695/41/2695 918/45/918 71/38/71
f 8/42/8 919/46/919 2696/47/2696 917/43/917
f 919/46/919 9/48/9 920/49/920 2696/47/2696
f 2696/47/2696 920/49/920 73/50/73 921/51/921
f 917/43/917 2696/47/2696 921/51/921 72/44/72
f 9/48/9 922/52/922 2697/53/2697 920/49/920
f 922/52/922 10/54/10 923/55/923 2697/53/2697
f 2697/53/2697 923/55/923 74/56/74 924/57/924
f 920/49/920 2697/53/2697 924/57/924 73/50/73
f 10/54/10 925/58/925 2698/59/2698 923/55/923
f 925/58/925 11/60/11 926/61/926 2698/59/2698
f 2698/59/2698 926/61/926 75/62/75 927/63/927
f 923/55/923 2698/59/2698 927/63/927 74/56/74
f 11/60/11 928/64/928 2699/65/2699 926/61/926
f 928/64/928 12/66/12 929/67/929 2699/65/2699
f 2699/65/2699 929/67/929 76/68/76 930/69/930
f 926/61/926 2699/65/2699 930/69/930 75/62/75
f 12/66/12 931/70/931 2700/71/2700 929/67/929
f 931/70/931 13/72/13 932/73/932 2700/71/2700
f 2700/71/2700 932/73/932 77/74/77 933/75/933
f 929/67/929 2700/71/2700 933/75/933 76/68/76
f 13/72/13 934/76/934 2701/77/2701 932/73/932
f 934/76/934 14/78/14 935/79/935 2701/77/2701
f 2701/77/2701 935/79/935 78/80/78 936/81/936
f 932/73/932 2701/77/2701 936/81/936 77/74/77
f 14/78/14 937/82/937 2702/83/2702 935/79/935
f 937/82/937 15/84/15 938/85/938 2702/83/2702
f 2702/83/2702 938/85/938 79/86/79 939/87/939
f 935/79/935 2702/83/2702 939/87/939 78/80/78
f 15/84/15 940/88/940 2703/89/2703 938/85/938
f 940/88/940 16/90/16 941/91/941 2703/89/2703
f 2703/89/2703 941/91/941 80/92/80 942/93/942
f 938/85/938 2703/89/2703 942/93/942 79/86/79
f 16/90/16 943/94/943 2704/95/2704 941/91/941
f 943/94/943 17/96/17 944/97/944 2704/95/2704
f 2704/95/2704 944/97/944 81/98/81 945/99/945
f 941/91/941 2704/95/2704 945/99/945 80/92/80
f 17/96/17 946/100/946 2705/101/2705 944/97/944
f 946/100/946 18/102/18 947/103/947 2705/101/2705
f 2705/101/2705 947/103/947 82/104/82 948/105/948
f 944/97/944 2705/101/2705 948/105/948 81/98/81
f 18/102/18 949/106/949 2706/107/2706 947/103/947
f 949/106/949 19/108/19 950/109/950 2706/107/2706
f 2706/107/2706 950/109/950 83/110/83 951/111/951
f 947/103/947 2706/107/2706 951/111/951 82/104/82
f 19/108/19 952/112/952 2707/113/2707 950/109/950
f 952/112/952 20/114/20 953/115/953 2707/113/2707
f 2707/113/2707 953/115/953 84/116/84 954/117/954
f 950/109/950 2707/113/2707 954/117/954 83/110/83
f 20/114/20 955/118/955 2708/119/2708 953/115/953
f 955/118/955 21/120/21 956/121/956 2708/119/2708
f 2708/119/2708 956/121/956 85/122/85 957/123/957
f 953/115/953 2708/119/2708 957/123/957 84/116/84
f 21/120/21 958/124/958 2709/125/2709 956/121/956
f 958/124/958 22/126/22 959/127/959 2709/125/2709
f 2709/125/2709 959/127/959 86/128/86 960/129/960
f 956/121/956 2709/125/2709 960/129/960 85/122/85
f 22/126/22 961/130/961 2710/131/2710 959/127/959
f 961/130/961 23/132/23 962/133/962 2710/131/2710
f 2710/131/2710 962/133/962 87/134/87 963/135/963
f 959/127/959 2710/131/2710 963/135/963 86/128/86
f 23/132/23 964/136/964 2711/137/2711 962/133/962
f 964/136/964 24/138/24 965/139/965 2711/137/2711
f 2711/137/2711 965/139/965 88/140/88 966/141/966
f 962/133/962 2711/137/2711 966/141/966 87/134/87
f 24/138/24 967/142/967 2712/143/2712 965/139/965
f 967/142/967 25/144/25 968/145/968 2712/143/2712
f 2712/143/2712 968/145/968 89/146/89 969/147/969
f 965/139/965 2712/143/2712 969/147/969 88/140/88
f 25/144/25 970/148/970 2713/149/2713 968/145/968
f 970/148/970 26/150/26 971/151/971 2713/149/2713
f 2713/149/2713 971/151/971 90/152/90 972/153/972
f 968/145/968 2713/149/2713 972/153/972 89/146/89
f 26/150/26 973/154/973 2714/155/2714 971/151/971
f 973/154/973 27/156/27 974/157/974 2714/155/2714
f 2714/155/2714 974/157/974 91/158/91 975/159/975
f 971/151/971 2714/155/2714 975/159/975 90/152/90
f 27/156/27 976/160/976 2715/161/2715 974/157/974
f 976/160/976 28/162/28 977/163/977 2715/161/2715
f 2715/161/2715 977/163/977 92/164/92 978/165/978
f 974/157/974 2715/161/2715 978/165/978 91/158/91
f 28/162/28 979/166/979 2716/167/2716 977/163/977
f 979/166/979 29/168/29 980/169/980 2716/167/2716
f 2716/167/2716 980/169/980 93/170/93 981/171/981
f 977/163/977 2716/167/2716 981/171/981 92/164/92
f 29/168/29 982/172/982 2717/173/2717 980/169/980
f 982/172/982 30/174/30 983/175/983 2717/173/2717
f 2717/173/2717 983/175/983 94/176/94 984/177/984
f 980/169/980 2717/173/2717 984/177/984 93/170/93
f 30/174/30 985/178/985 2718/179/2718 983/175/983
f 985/178/985 31/180/31 986/181/986 2718/179/2718
f 2718/179/2718 986/181/986 95/182/95 987/183/987
f 983/175/983 2718/179/2718 987/183/987 94/176/94
f 31/180/31 988/184/988 2719/185/2719 986/181/986
f 988/184/988 32/186/32 989/187/989 2719/185/2719
f 2719/185/2719 989/187/989 96/188/96 990/189/990
f 986/181/986 2719/185/2719 990/189/990 95/182/95
f 32/186/32 991/190/991 2720/191/2720 989/187/989
f 991/190/991 33/192/33 992/193/992 2720/191/2720
f 2720/191/2720 992/193/992 97/194/97 993/195/993
f 989/187/989 2720/191/2720 993/195/993 96/188/96
f 33/192/33 994/196/994 2721/197/2721 992/193/992
f 994/196/994 34/198/34 995/199/995 2721/197/2721
f 2721/197/2721 995/199/995 98/200/98 996/201/996
f 992/193/992 2721/197/2721 996/201/996 97/194/97
f 34/198/34 997/202/997 2722/203/2722 995/199/995
f 997/202/997 35/204/35 998/205/998 2722/203/2722
f 2722/203/2722 998/205/998 99/206/99 999/207/999
f 995/199/995 2722/203/2722 999/207/999 98/200/98
f 35/204/35 1000/208/1000 2723/209/2723 998/205/998
f 1000/208/1000 36/210/36 1001/211/1001 2723/209/2723
f 2723/209/2723 1001/211/1001 100/212/100 1002/213/1002
f 998/205/998 2723/209/2723 1002/213/1002 99/206/99
f 36/210/36 1003/214/1003 2724/215/2724 1001/211/1001
f 1003/214/1003 37/216/37 1004/217/1004 2724/215/2724
f 2724/215/2724 1004/217/1004 101/218/101 1005/219/1005
f 1001/211/1001 2724/215/2724 1005/219/1005 100/212/100
f 37/216/37 1006/220/1006 2725/221/2725 1004/217/1004
f 1006/220/1006 38/222/38 1007/223/1007 2725/221/2725
f 2725/221/2725 1007/223/1007 102/224/102 1008/225/1008
f 1004/217/1004 2725/221/2725 1008/225/1008 101/218/101
f 38/222/38 1009/226/1009 2726/227/2726 1007/223/1007
f 1009/226/1009 39/228/39 1010/229/1010 2726/227/2726
f 2726/227/2726 1010/229/1010 103/230/103 1011/231/1011
f 1007/223/1007 2726/227/2726 1011/231/1011 102/224/102
f 39/228/39 1012/232/1012 2727/233/2727 1010/229/1010
f 1012/232/1012 40/234/40 1013/235/1013 2727/233/2727
f 2727/233/2727 1013/235/1013 104/236/104 1014/237/1014
f 1010/229/1010 2727/233/2727 1014/237/1014 103/230/103
f 40/234/40 1015/238/1015 2728/239/2728 1013/235/1013
f 1015/238/1015 41/240/41 1016/241/1016 2728/239/2728
f 2728/239/2728 1016/241/1016 105/242/105 1017/243/1017
f 1013/235/1013 2728/239/2728 1017/243/1017 104/236/104
f 41/240/41 1018/244/1018 2729/245/2729 1016/241/1016
f 1018/244/1018 42/246/42 1019/247/1019 2729/245/2729
f 2729/245/2729 1019/247/1019 106/248/106 1020/249/1020
f 1016/241/1016 2729/245/2729 1020/249/1020 105/242/105
f 42/246/42 1021/250/1021 2730/251/2730 1019/247/1019
f 1021/250/1021 43/252/43 1022/253/1022 2730/251/2730
f 2730/251/2730 1022/253/1022 107/254/107 1023/255/1023
f 1019/247/1019 2730/251/2730 1023/255/1023 106/248/106
f 43/252/43 1024/256/1024 2731/257/2731 1022/253/1022
f 1024/256/1024 44/258/44 1025/259/1025 2731/257/2731
f 2731/257/2731 1025/259/1025 108/260/108 1026/261/1026
f 1022/253/1022 2731/257/2731 1026/261/1026 107/254/107
f 44/258/44 1027/262/1027 2732/263/2732 1025/259/1025
f 1027/262/1027 45/264/45 1028/265/1028 2732/263/2732
f 2732/263/2732 1028/265/1028 109/266/109 1029/267/1029
f 1025/259/1025 2732/263/2732 1029/267/1029 108/260/108
f 45/264/45 1030/268/1030 2733/269/2733 1028/265/1028
f 1030/268/1030 46/270/46 1031/271/1031 2733/269/2733
f 2733/269/2733 1031/271/1031 110/272/110 1032/273/1032
f 1028/265/1028 2733/269/2733 1032/273/1032 109/266/109
f 46/270/46 1033/274/1033 2734/275/2734 1031/271/1031
f 1033/274/1033 47/276/47 1034/277/1034 2734/275/2734
f 2734/275/2734 1034/277/1034 111/278/111 1035/279/1035
f 1031/271/1031 2734/275/2734 1035/279/1035 110/272/110
f 47/276/47 1036/280/1036 2735/281/2735 1034/277/1034
f 1036/280/1036 48/282/48 1037/283/1037 2735/281/2735
f 2735/281/2735 1037/283/1037 112/284/112 1038/285/1038
f 1034/277/1034 2735/281/2735 1038/285/1038 111/278/111
f 48/282/48 1039/286/1039 2736/287/2736 1037/283/1037
f 1039/286/1039 49/288/49 1040/289/1040 2736/287/2736
f 2736/287/2736 1040/289/1040 113/290/113 1041/291/1041
f 1037/283/1037 2736/287/2736 1041/291/1041 112/284/112
f 49/288/49 1042/292/1042 2737/293/2737 1040/289/1040
f 1042/292/1042 50/294/50 1043/295/1043 2737/293/2737
f 2737/293/2737 1043/295/1043 114/296/114 1044/297/1044
f 1040/289/1040 2737/293/2737 1044/297/1044 113/290/113
f 50/294/50 1045/298/1045 2738/299/2738 1043/295/1043
f 1045/298/1045 51/300/51 1046/301/1046 2738/299/2738
f 2738/299/2738 1046/301/1046 115/302/115 1047/303/1047
f 1043/295/1043 2738/299/2738 1047/303/1047 114/296/114
f 51/300/51 1048/304/1048 2739/305/2739 1046/301/1046
f 1048/304/1048 52/306/52 1049/307/1049 2739/305/2739
f 2739/305/2739 1049/307/1049 116/308/116 1050/309/1050
f 1046/301/1046 2739/305/2739 1050/309/1050 115/302/115
f 52/306/52 1051/310/1051 2740/311/2740 1049/307/1049
f 1051/310/1051 53/312/53 1052/313/1052 2740/311/2740
f 2740/311/2740 1052/313/1052 117/314/117 1053/315/1053
f 1049/307/1049 2740/311/2740 1053/315/1053 116/308/116
f 53/312/53 1054/316/1054 2741/317/2741 1052/313/1052
f 1054/316/1054 54/318/54 1055/319/1055 2741/317/2741
f 2741/317/2741 1055/319/1055 118/320/118 1056/321/1056
f 1052/313/1052 2741/317/2741 1056/321/1056 117/314/117
f 54/318/54 1057/322/1057 2742/323/2742 1055/319/1055
f 1057/322/1057 55/324/55 1058/325/1058 2742/323/2742
f 2742/323/2742 1058/325/1058 119/326/119 1059/327/1059
f 1055/319/1055 2742/323/2742 1059/327/1059 118/320/118
f 55/324/55 1060/328/1060 2743/329/2743 1058/325/1058
f 1060/328/1060 56/330/56 1061/331/1061 2743/329/2743
f 2743/329/2743 1061/331/1061 120/332/120 1062/333/1062
f 1058/325/1058 2743/329/2743 1062/333/1062 119/326/119
f 56/330/56 1063/334/1063 2744/335/2744 1061/331/1061
f 1063/334/1063 57/336/57 1064/337/1064 2744/335/2744
f 2744/335/2744 1064/337/1064 121/338/121 1065/339/1065
f 1061/331/1061 2744/335/2744 1065/339/1065 120/332/120
f 57/336/57 1066/340/1066 2745/341/2745 1064/337/1064
f 1066/340/1066 58/342/58 1067/343/1067 2745/341/2745
f 2745/341/2745 1067/343/1067 122/344/122 1068/345/1068
f 1064/337/1064 2745/341/2745 1068/345/1068 121/338/121
f 58/342/58 1069/346/1069 2746/347/2746 1067/343/1067
f 1069/346/1069 59/348/59 1070/349/1070 2746/347/2746
f 2746/347/2746 1070/349/1070 123/350/123 1071/351/1071
f 1067/343/1067 2746/347/2746 1071/351/1071 122/344/122
f 59/348/59 1072/352/1072 2747/353/2747 1070/349/1070
f 1072/352/1072 60/354/60 1073/355/1073 2747/353/2747
f 2747/353/2747 1073/355/1073 124/356/124 1074/357/1074
f 1070/349/1070 2747/353/2747 1074/357/1074 123/350/123
f 60/354/60 1075/358/1075 2748/359/2748 1073/355/1073
f 1075/358/1075 61/360/61 1076/361/1076 2748/359/2748
f 2748/359/2748 1076/361/1076 125/362/125 1077/363/1077
f 1073/355/1073 2748/359/2748 1077/363/1077 124/356/124
f 61/360/61 1078/364/1078 2749/365/2749 1076/361/1076
f 1078/364/1078 62/366/62 1079/367/1079 2749/365/2749
f 2749/365/2749 1079/367/1079 126/368/126 1080/369/1080
f 1076/361/1076 2749/365/2749 1080/369/1080 125/362/125
f 62/366/62 1081/370/1081 2750/371/2750 1079/367/1079
f 1081/370/1081 63/372/63 1082/373/1082 2750/371/2750
f 2750/371/2750 1082/373/1082 127/374/127 1083/375/1083
f 1079/367/1079 2750/371/2750 1083/375/1083 126/368/126
f 63/372/63 1084/376/1084 2751/377/2751 1082/373/1082
f 1084/376/1084 64/378/64 1085/379/1085 2751/377/2751
f 2751/377/2751 1085/379/1085 128/380/128 1086/381/1086
f 1082/373/1082 2751/377/2751 1086/381/1086 127/374/127
f 64/378/64 1087/382/1087 2752/383/2752 1085/379/1085
f 1087/382/1087 1/1/1 897/4/897 2752/383/2752
f 2752/383/2752 897/4/897 65/9/65 1088/384/1088
f 1085/379/1085 2752/383/2752 1088/384/1088 128/380/128
f 65/9/65 900/8/900 2753/385/2753 1089/386/1089
f 900/8/900 66/7/66 1090/387/1090 2753/385/2753
f 2753/388/2753 1090/389/1090 130/390/130 1091/391/1091
f 1089/392/1089 2753/388/2753 1091/391/1091 129/393/129
f 66/7/66 903/15/903 2754/394/2754 1090/387/1090
f 903/15/903 67/14/67 1092/395/1092 2754/394/2754
f 2754/396/2754 1092/397/1092 131/398/131 1093/399/1093
f 1090/389/1090 2754/396/2754 1093/399/1093 130/390/130
f 67/14/67 906/21/906 2755/400/2755 1092/395/1092
f 906/21/906 68/20/68 1094/401/1094 2755/400/2755
f 2755/402/2755 1094/403/1094 132/404/132 1095/405/1095
f 1092/397/1092 2755/402/2755 1095/405/1095 131/398/131
f 68/20/68 909/27/909 2756/406/2756 1094/401/1094
f 909/27/909 69/26/69 1096/407/1096 2756/406/2756
f 2756/408/2756 1096/409/1096 133/410/133 1097/411/1097
f 1094/403/1094 2756/408/2756 1097/411/1097 132/404/132
f 69/26/69 912/33/912 2757/412/2757 1096/407/1096
f 912/33/912 70/32/70 1098/413/1098 2757/412/2757
f 2757/414/2757 1098/415/1098 134/416/134 1099/417/1099
f 1096/409/1096 2757/414/2757 1099/417/1099 133/410/133
f 70/32/70 915/39/915 2758/418/2758 1098/413/1098
f 915/39/915 71/38/71 1100/419/1100 2758/418/2758
f 2758/420/2758 1100/421/1100 135/422/135 1101/423/1101
f 1098/415/1098 2758/420/2758 1101/423/1101 134/416/134
f 71/38/71 918/45/918 2759/424/2759 1100/419/1100
f 918/45/918 72/44/72 1102/425/1102 2759/424/2759
f 2759/426/2759 1102/427/1102 136/428/136 1103/429/1103
f 1100/421/1100 2759/426/2759 1103/429/1103 135/422/135
f 72/44/72 921/51/921 2760/430/2760 1102/425/1102
f 921/51/921 73/50/73 1104/431/1104 2760/430/2760
f 2760/432/2760 1104/433/1104 137/434/137 1105/435/1105
f 1102/427/1102 2760/432/2760 1105/435/1105 136/428/136
f 73/50/73 924/57/924 2761/436/2761 1104/431/1104
f 924/57/924 74/56/74 1106/437/1106 2761/436/2761
f 2761/438/2761 1106/439/1106 138/440/138 1107/441/1107
f 1104/433/1104 2761/438/2761 1107/441/1107 137/434/137
f 74/56/74 927/63/927 2762/442/2762 1106/437/1106
f 927/63/927 75/62/75 1108/443/1108 2762/442/2762
f 2762/444/2762 1108/445/1108 139/446/139 1109/447/1109
f 1106/439/1106 2762/444/2762 1109/447/1109 138/440/138
f 75/62/75 930/69/930 2763/448/2763 1108/443/1108
f 930/69/930 76/68/76 1110/449/1110 2763/448/2763
f 2763/450/2763 1110/451/1110 140/452/140 1111/453/1111
f 1108/445/1108 2763/450/2763 1111/453/1111 139/446/139
f 76/68/76 933/75/933 2764/454/2764 1110/449/1110
f 933/75/933 77/74/77 1112/455/1112 2764/454/2764
f 2764/456/2764 1112/457/1112 141/458/141 1113/459/1113
f 1110/451/1110 2764/456/2764 1113/459/1113 140/452/140
f 77/74/77 936/81/936 2765/460/2765 1112/455/1112
f 936/81/936 78/80/78 1114/461/1114 2765/460/2765
f 2765/462/2765 1114/463/1114 142/464/142 1115/465/1115
f 1112/457/1112 2765/462/2765 1115/465/1115 141/458/141
f 78/80/78 939/87/939 2766/466/2766 1114/461/1114
f 939/87/939 79/86/79 1116/467/1116 2766/466/2766
f 2766/468/2766 1116/469/1116 143/470/143 1117/471/1117
f 1114/463/1114 2766/468/2766 1117/471/1117 142/464/142
f 79/86/79 942/93/942 2767/472/2767 1116/467/1116
f 942/93/942 80/92/80 1118/473/1118 2767/472/2767
f 2767/472/2767 1118/473/1118 144/474/144 1119/475/1119
f 1116/469/1116 2767/476/2767 1119/477/1119 143/470/143
f 80/92/80 945/99/945 2768/478/2768 1118/473/1118
f 945/99/945 81/98/81 1120/479/1120 2768/478/2768
f 2768/478/2768 1120/479/1120 145/480/145 1121/481/1121
f 1118/473/1118 2768/478/2768 1121/481/1121 144/474/144
f 81/98/81 948/105/948 2769/482/2769 1120/479/1120
f 948/105/948 82/104/82 1122/483/1122 2769/482/2769
f 2769/482/2769 1122/483/1122 146/484/146 1123/485/1123
f 1120/479/1120 2769/482/2769 1123/485/1123 145/480/145
f 82/104/82 951/111/951 2770/486/2770 1122/483/1122
f 951/111/951 83/110/83 1124/487/1124 2770/486/2770
f 2770/486/2770 1124/487/1124 147/488/147 1125/489/1125
f 1122/483/1122 2770/486/2770 1125/489/1125 146/484/146
f 83/110/83 954/117/954 2771/490/2771 1124/487/1124
f 954/117/954 84/116/84 1126/491/1126 2771/490/2771
f 2771/490/2771 1126/491/1126 148/492/148 1127/493/1127
f 1124/487/1124 2771/490/2771 1127/493/1127 147/488/147
f 84/116/84 957/123/957 2772/494/2772 1126/491/1126
f 957/123/957 85/122/85 1128/495/1128 2772/494/2772
f 2772/494/2772 1128/495/1128 149/496/149 1129/497/1129
f 1126/491/1126 2772/494/2772 1129/497/1129 148/492/148
f 85/122/85 960/129/960 2773/498/2773 1128/495/1128
f 960/129/960 86/128/86 1130/499/1130 2773/498/2773
f 2773/498/2773 1130/499/1130 150/500/150 1131/501/1131
f 1128/495/1128 2773/498/2773 1131/501/1131 149/496/149
f 86/128/86 963/135/963 2774/502/2774 1130/499/1130
f 963/135/963 87/134/87 1132/503/1132 2774/502/2774
f 2774/502/2774 1132/503/1132 151/504/151 1133/505/1133
f 1130/499/1130 2774/502/2774 1133/505/1133 150/500/150
f 87/134/87 966/141/966 2775/506/2775 1132/503/1132
f 966/141/966 88/140/88 1134/507/1134 2775/506/2775
f 2775/506/2775 1134/507/1134 152/508/152 1135/509/1135
f 1132/503/1132 2775/506/2775 1135/509/1135 151/504/151
f 88/140/88 969/147/969 2776/510/2776 1134/507/1134
f 969/147/969 89/146/89 1136/511/1136 2776/510/2776
f 2776/510/2776 1136/511/1136 153/512/153 1137/513/1137
f 1134/507/1134 2776/510/2776 1137/513/1137 152/508/152
f 89/146/89 972/153/972 2777/514/2777 1136/511/1136
f 972/153/972 90/152/90 1138/515/1138 2777/514/2777
f 2777/514/2777 1138/515/1138 154/516/154 1139/517/1139
f 1136/511/1136 2777/514/2777 1139/517/1139 153/512/153
f 90/152/90 975/159/975 2778/518/2778 1138/515/1138
f 975/159/975 91/158/91 1140/519/1140 2778/518/2778
f 2778/518/2778 1140/519/1140 155/520/155 1141/521/1141
f 1138/515/1138 2778/518/2778 1141/521/1141 154/516/154
f 91/158/91 978/165/978 2779/522/2779 1140/519/1140
f 978/165/978 92/164/92 1142/523/1142 2779/522/2779
f 2779/522/2779 1142/523/1142 156/524/156 1143/525/1143
f 1140/519/1140 2779/522/2779 1143/525/1143 155/520/155
f 92/164/92 981/171/981 2780/526/2780 1142/523/1142
f 981/171/981 93/170/93 1144/527/1144 2780/526/2780
f 2780/526/2780 1144/527/1144 157/528/157 1145/529/1145
f 1142/523/1142 2780/526/2780 1145/529/1145 156/524/156
f 93/170/93 984/177/984 2781/530/2781 1144/527/1144
f 984/177/984 94/176/94 1146/531/1146 2781/530/2781
f 2781/530/2781 1146/531/1146 158/532/158 1147/533/1147
f 1144/527/1144 2781/530/2781 1147/533/1147 157/528/157
f 94/176/94 987/183/987 2782/534/2782 1146/531/1146
f 987/183/987 95/182/95 1148/535/1148 2782/534/2782
f 2782/534/2782 1148/535/1148 159/536/159 1149/537/1149
f 1146/531/1146 2782/534/2782 1149/537/1149 158/532/158
f 95/182/95 990/189/990 2783/538/2783 1148/535/1148
f 990/189/990 96/188/96 1150/539/1150 2783/538/2783
f 2783/538/2783 1150/539/1150 160/540/160 1151/541/1151
f 1148/535/1148 2783/538/2783 1151/541/1151 159/536/159
f 96/188/96 993/195/993 2784/542/2784 1150/539/1150
f 993/195/993 97/194/97 1152/543/1152 2784/542/2784
f 2784/542/2784 1152/543/1152 161/544/161 1153/545/1153
f 1150/539/1150 2784/542/2784 1153/545/1153 160/540/160
f 97/194/97 996/201/996 2785/546/2785 1152/543/1152
f 996/201/996 98/200/98 1154/547/1154 2785/546/2785
f 2785/546/2785 1154/547/1154 162/548/162 1155/549/1155
f 1152/543/1152 2785/546/2785 1155/549/1155 161/544/161
f 98/200/98 999/207/999 2786/550/2786 1154/547/1154
f 999/207/999 99/206/99 1156/551/1156 2786/550/2786
f 2786/550/2786 1156/551/1156 163/552/163 1157/553/1157
f 1154/547/1154 2786/550/2786 1157/553/1157 162/548/162
f 99/206/99 1002/213/1002 2787/554/2787 1156/551/1156
f 1002/213/1002 100/212/100 1158/555/1158 2787/554/2787
f 2787/554/2787 1158/555/1158 164/556/164 1159/557/1159
f 1156/551/1156 2787/554/2787 1159/557/1159 163/552/163
f 100/212/100 1005/219/1005 2788/558/2788 1158/555/1158
f 1005/219/1005 101/218/101 1160/559/1160 2788/558/2788
f 2788/558/2788 1160/559/1160 165/560/165 1161/561/1161
f 1158/555/1158 2788/558/2788 1161/561/1161 164/556/164
f 101/218/101 1008/225/1008 2789/562/2789 1160/559/1160
f 1008/225/1008 102/224/102 1162/563/1162 2789/562/2789
f 2789/562/2789 1162/563/1162 166/564/166 1163/565/1163
f 1160/559/1160 2789/562/2789 1163/565/1163 165/560/165
f 102/224/102 1011/231/1011 2790/566/2790 1162/563/1162
f 1011/231/1011 103/230/103 1164/567/1164 2790/566/2790
f 2790/566/2790 1164/567/1164 167/568/167 1165/569/1165
f 1162/563/1162 2790/566/2790 1165/569/1165 166/564/166
f 103/230/103 1014/237/1014 2791/570/2791 1164/567/1164
f 1014/237/1014 104/236/104 1166/571/1166 2791/570/2791
f 2791/570/2791 1166/571/1166 168/572/168 1167/573/1167
f 1164/567/1164 2791/570/2791 1167/573/1167 167/568/167
f 104/236/104 1017/243/1017 2792/574/2792 1166/571/1166
f 1017/243/1017 105/242/105 1168/575/1168 2792/574/2792
f 2792/574/2792 1168/575/1168 169/576/169 1169/577/1169
f 1166/571/1166 2792/574/2792 1169/577/1169 168/572/168
f 105/242/105 1020/249/1020 2793/578/2793 1168/575/1168
f 1020/249/1020 106/248/106 1170/579/1170 2793/578/2793
f 2793/578/2793 1170/579/1170 170/580/170 1171/581/1171
f 1168/575/1168 2793/578/2793 1171/581/1171 169/576/169
f 106/248/106 1023/255/1023 2794/582/2794 1170/579/1170
f 1023/255/1023 107/254/107 1172/583/1172 2794/582/2794
f 2794/582/2794 1172/583/1172 171/584/171 1173/585/1173
f 1170/579/1170 2794/582/2794 1173/585/1173 170/580/170
f 107/254/107 1026/261/1026 2795/586/2795 1172/583/1172
f 1026/261/1026 108/260/108 1174/587/1174 2795/586/2795
f 2795/586/2795 1174/587/1174 172/588/172 1175/589/1175
f 1172/583/1172 2795/586/2795 1175/589/1175 171/584/171
f 108/260/108 1029/267/1029 2796/590/2796 1174/587/1174
f 1029/267/1029 109/266/109 1176/591/1176 2796/590/2796
f 2796/590/2796 1176/591/1176 173/592/173 1177/593/1177
f 1174/587/1174 2796/590/2796 1177/593/1177 172/588/172
f 109/266/109 1032/273/1032 2797/594/2797 1176/591/1176
f 1032/273/1032 110/272/110 1178/595/1178 2797/594/2797
f 2797/594/2797 1178/595/1178 174/596/174 1179/597/1179
f 1176/591/1176 2797/594/2797 1179/597/1179 173/592/173
f 110/272/110 1035/279/1035 2798/598/2798 1178/595/1178
f 1035/279/1035 111/278/111 1180/599/1180 2798/598/2798
f 2798/598/2798 1180/599/1180 175/600/175 1181/601/1181
f 1178/595/1178 2798/598/2798 1181/601/1181 174/596/174
f 111/278/111 1038/285/1038 2799/602/2799 1180/599/1180
f 1038/285/1038 112/284/112 1182/603/1182 2799/602/2799
f 2799/602/2799 1182/603/1182 176/604/176 1183/605/1183
f 1180/599/1180 2799/602/2799 1183/605/1183 175/600/175
f 112/284/112 1041/291/1041 2800/606/2800 1182/603/1182
f 1041/291/1041 113/290/113 1184/607/1184 2800/606/2800
f 2800/606/2800 1184/607/1184 177/608/177 1185/609/1185
f 1182/603/1182 2800/606/2800 1185/609/1185 176/604/176
f 113/290/113 1044/297/1044 2801/610/2801 1184/607/1184
f 1044/297/1044 114/296/114 1186/611/1186 2801/610/2801
f 2801/612/2801 1186/613/1186 178/614/178 1187/615/1187
f 1184/607/1184 2801/610/2801 1187/616/1187 177/608/177
f 114/296/114 1047/303/1047 2802/617/2802 1186/611/1186
f 1047/303/1047 115/302/115 1188/618/1188 2802/617/2802
f 2802/619/2802 1188/620/1188 179/621/179 1189/622/1189
f 1186/613/1186 2802/619/2802 1189/622/1189 178/614/178
f 115/302/115 1050/309/1050 2803/623/2803 1188/618/1188
f 1050/309/1050 116/308/116 1190/624/1190 2803/623/2803
f 2803/625/2803 1190/626/1190 180/627/180 1191/628/1191
f 1188/620/1188 2803/625/2803 1191/628/1191 179/621/179
f 116/308/116 1053/315/1053 2804/629/2804 1190/624/1190
f 1053/315/1053 117/314/117 1192/630/1192 2804/629/2804
f 2804/631/2804 1192/632/1192 181/633/181 1193/634/1193
f 1190/626/1190 2804/631/2804 1193/634/1193 180/627/180
f 117/314/117 1056/321/1056 2805/635/2805 1192/630/1192
f 1056/321/1056 118/320/118 1194/636/1194 2805/635/2805
f 2805/637/2805 1194/638/1194 182/639/182 1195/640/1195
f 1192/632/1192 2805/637/2805 1195/640/1195 181/633/181
f 118/320/118 1059/327/1059 2806/641/2806 1194/636/1194
f 1059/327/1059 119/326/119 1196/642/1196 2806/641/2806
f 2806/643/2806 1196/644/1196 183/645/183 1197/646/1197
f 1194/638/1194 2806/643/2806 1197/646/1197 182/639/182
f 119/326/119 1062/333/1062 2807/647/2807 1196/642/1196
f 1062/333/1062 120/332/120 1198/648/1198 2807/647/2807
f 2807/649/2807 1198/650/1198 184/651/184 1199/652/1199
f 1196/644/1196 2807/649/2807 1199/652/1199 183/645/183
f 120/332/120 1065/339/1065 2808/653/2808 1198/648/1198
f 1065/339/1065 121/338/121 1200/654/1200 2808/653/2808
f 2808/655/2808 1200/656/1200 185/657/185 1201/658/1201
f 1198/650/1198 2808/655/2808 1201/658/1201 184/651/184
f 121/338/121 1068/345/1068 2809/659/2809 1200/654/1200
f 1068/345/1068 122/344/122 1202/660/1202 2809/659/2809
f 2809/661/2809 1202/662/1202 186/663/186 1203/664/1203
f 1200/656/1200 2809/661/2809 1203/664/1203 185/657/185
f 122/344/122 1071/351/1071 2810/665/2810 1202/660/1202
f 1071/351/1071 123/350/123 1204/666/1204 2810/665/2810
f 2810/667/2810 1204/668/1204 187/669/187 1205/670/1205
f 1202/662/1202 2810/671/2810 1205/672/1205 186/663/186
f 123/350/123 1074/357/1074 2811/673/2811 1204/666/1204
f 1074/357/1074 124/356/124 1206/674/1206 2811/673/2811
f 2811/675/2811 1206/676/1206 188/677/188 1207/678/1207
f 1204/668/1204 2811/675/2811 1207/678/1207 187/669/187
f 124/356/124 1077/363/1077 2812/679/2812 1206/674/1206
f 1077/363/1077 125/362/125 1208/680/1208 2812/679/2812
f 2812/681/2812 1208/682/1208 189/683/189 1209/684/1209
f 1206/676/1206 2812/681/2812 1209/684/1209 188/677/188
f 125/362/125 1080/369/1080 2813/685/2813 1208/680/1208
f 1080/369/1080 126/368/126 1210/686/1210 2813/685/2813
f 2813/687/2813 1210/688/1210 190/689/190 1211/690/1211
f 1208/682/1208 2813/687/2813 1211/690/1211 189/683/189
f 126/368/126 1083/375/1083 2814/691/2814 1210/686/1210
f 1083/375/1083 127/374/127 1212/692/1212 2814/691/2814
f 2814/693/2814 1212/694/1212 191/695/191 1213/696/1213
f 1210/688/1210 2814/693/2814 1213/696/1213 190/689/190
f 127/374/127 1086/381/1086 2815/697/2815 1212/692/1212
f 1086/381/1086 128/380/128 1214/698/1214 2815/697/2815
f 2815/699/2815 1214/700/1214 192/701/192 1215/702/1215
f 1212/694/1212 2815/699/2815 1215/702/1215 191/695/191
f 128/380/128 1088/384/1088 2816/703/2816 1214/698/1214
f 1088/384/1088 65/9/65 1089/386/1089 2816/703/2816
f 2816/704/2816 1089/392/1089 129/393/129 1216/705/1216
f 1214/700/1214 2816/704/2816 1216/705/1216 192/701/192
f 129/393/129 1091/391/1091 2817/706/2817 1217/707/1217
f 1091/391/1091 130/390/130 1218/708/1218 2817/706/2817
f 2817/706/2817 1218/708/1218 194/709/194 1219/710/1219
f 1217/707/1217 2817/706/2817 1219/710/1219 193/711/193
f 130/390/130 1093/399/1093 2818/712/2818 1218/708/1218
f 1093/399/1093 131/398/131 1220/713/1220 2818/712/2818
f 2818/712/2818 1220/713/1220 195/714/195 1221/715/1221
f 1218/708/1218 2818/712/2818 1221/715/1221 194/709/194
f 131/398/131 1095/405/1095 2819/716/2819 1220/713/1220
f 1095/405/1095 132/404/132 1222/717/1222 2819/716/2819
f 2819/716/2819 1222/717/1222 196/718/196 1223/719/1223
f 1220/713/1220 2819/716/2819 1223/719/1223 195/714/195
f 132/404/132 1097/411/1097 2820/720/2820 1222/717/1222
f 1097/411/1097 133/410/133 1224/721/1224 2820/720/2820
f 2820/720/2820 1224/721/1224 197/722/197 1225/723/1225
f 1222/717/1222 2820/720/2820 1225/723/1225 196/718/196
f 133/410/133 1099/417/1099 2821/724/2821 1224/721/1224
f 1099/417/1099 134/416/134 1226/725/1226 2821/724/2821
f 2821/724/2821 1226/725/1226 198/726/198 1227/727/1227
f 1224/721/1224 2821/724/2821 1227/727/1227 197/722/197
f 134/416/134 1101/423/1101 2822/728/2822 1226/725/1226
f 1101/423/1101 135/422/135 1228/729/1228 2822/728/2822
f 2822/728/2822 1228/729/1228 199/730/199 1229/731/1229
f 1226/725/1226 2822/728/2822 1229/731/1229 198/726/198
f 135/422/135 1103/429/1103 2823/732/2823 1228/729/1228
f 1103/429/1103 136/428/136 1230/733/1230 2823/732/2823
f 2823/732/2823 1230/733/1230 200/734/200 1231/735/1231
f 1228/729/1228 2823/732/2823 1231/735/1231 199/730/199
f 136/428/136 1105/435/1105 2824/736/2824 1230/733/1230
f 1105/435/1105 137/434/137 1232/737/1232 2824/736/2824
f 2824/736/2824 1232/737/1232 201/738/201 1233/739/1233
f 1230/733/1230 2824/736/2824 1233/739/1233 200/734/200
f 137/434/137 1107/441/1107 2825/740/2825 1232/737/1232
f 1107/441/1107 138/440/138 1234/741/1234 2825/740/2825
f 2825/740/2825 1234/741/1234 202/742/202 1235/743/1235
f 1232/737/1232 2825/740/2825 1235/743/1235 201/738/201
f 138/440/138 1109/447/1109 2826/744/2826 1234/741/1234
f 1109/447/1109 139/446/139 1236/745/1236 2826/744/2826
f 2826/744/2826 1236/745/1236 203/746/203 1237/747/1237
f 1234/741/1234 2826/744/2826 1237/747/1237 202/742/202
f 139/446/139 1111/453/1111 2827/748/2827 1236/745/1236
f 1111/453/1111 140/452/140 1238/749/1238 2827/748/2827
f 2827/748/2827 1238/749/1238 204/750/204 1239/751/1239
f 1236/745/1236 2827/748/2827 1239/751/1239 203/746/203
f 140/452/140 1113/459/1113 2828/752/2828 1238/749/1238
f 1113/459/1113 141/458/141 1240/753/1240 2828/752/2828
f 2828/752/2828 1240/753/1240 205/754/205 1241/755/1241
f 1238/749/1238 2828/752/2828 1241/755/1241 204/750/204
f 141/458/141 1115/465/1115 2829/756/2829 1240/753/1240
f 1115/465/1115 142/464/142 1242/757/1242 2829/756/2829
f 2829/756/2829 1242/757/1242 206/758/206 1243/759/1243
f 1240/753/1240 2829/756/2829 1243/759/1243 205/754/205
f 142/464/142 1117/471/1117 2830/760/2830 1242/757/1242
f 1117/471/1117 143/470/143 1244/761/1244 2830/760/2830
f 2830/760/2830 1244/761/1244 207/762/207 1245/763/1245
f 1242/757/1242 2830/760/2830 1245/763/1245 206/758/206
f 143/470/143 1119/477/1119 2831/764/2831 1244/761/1244
f 1119/477/1119 144/765/144 1246/766/1246 2831/764/2831
f 2831/764/2831 1246/766/1246 208/767/208 1247/768/1247
f 1244/761/1244 2831/764/2831 1247/768/1247 207/762/207
f 144/765/144 1121/769/1121 2832/770/2832 1246/766/1246
f 1121/481/1121 145/480/145 1248/771/1248 2832/772/2832
f 2832/770/2832 1248/773/1248 209/774/209 1249/775/1249
f 1246/766/1246 2832/770/2832 1249/775/1249 208/767/208
f 145/480/145 1123/485/1123 2833/776/2833 1248/771/1248
f 1123/485/1123 146/484/146 1250/777/1250 2833/776/2833
f 2833/776/2833 1250/777/1250 210/778/210 1251/779/1251
f 1248/773/1248 2833/780/2833 1251/781/1251 209/774/209
f 146/484/146 1125/489/1125 2834/782/2834 1250/777/1250
f 1125/489/1125 147/488/147 1252/783/1252 2834/782/2834
f 2834/782/2834 1252/783/1252 211/784/211 1253/785/1253
f 1250/777/1250 2834/782/2834 1253/785/1253 210/778/210
f 147/488/147 1127/493/1127 2835/786/2835 1252/783/1252
f 1127/493/1127 148/492/148 1254/787/1254 2835/786/2835
f 2835/786/2835 1254/787/1254 212/788/212 1255/789/1255
f 1252/783/1252 2835/786/2835 1255/789/1255 211/784/211
f 148/492/148 1129/497/1129 2836/790/2836 1254/787/1254
f 1129/497/1129 149/496/149 1256/791/1256 2836/790/2836
f 2836/790/2836 1256/791/1256 213/792/213 1257/793/1257
f 1254/787/1254 2836/790/2836 1257/793/1257 212/788/212
f 149/496/149 1131/501/1131 2837/794/2837 1256/791/1256
f 1131/501/1131 150/500/150 1258/795/1258 2837/794/2837
f 2837/794/2837 1258/795/1258 214/796/214 1259/797/1259
f 1256/791/1256 2837/794/2837 1259/797/1259 213/792/213
f 150/500/150 1133/505/1133 2838/798/2838 1258/795/1258
f 1133/505/1133 151/504/151 1260/799/1260 2838/798/2838
f 2838/798/2838 1260/799/1260 215/800/215 1261/801/1261
f 1258/795/1258 2838/798/2838 1261/801/1261 214/796/214
f 151/504/151 1135/509/1135 2839/802/2839 1260/799/1260
f 1135/509/1135 152/508/152 1262/803/1262 2839/802/2839
f 2839/802/2839 1262/803/1262 216/804/216 1263/805/1263
f 1260/799/1260 2839/802/2839 1263/805/1263 215/800/215
f 152/508/152 1137/513/1137 2840/806/2840 1262/803/1262
f 1137/513/1137 153/512/153 1264/807/1264 2840/806/2840
f 2840/806/2840 1264/807/1264 217/808/217 1265/809/1265
f 1262/803/1262 2840/806/2840 1265/809/1265 216/804/216
f 153/512/153 1139/517/1139 2841/810/2841 1264/807/1264
f 1139/517/1139 154/516/154 1266/811/1266 2841/810/2841
f 2841/810/2841 1266/811/1266 218/812/218 1267/813/1267
f 1264/807/1264 2841/810/2841 1267/813/1267 217/808/217
f 154/516/154 1141/521/1141 2842/814/2842 1266/811/1266
f 1141/521/1141 155/520/155 1268/815/1268 2842/814/2842
f 2842/814/2842 1268/815/1268 219/816/219 1269/817/1269
f 1266/811/1266 2842/814/2842 1269/817/1269 218/812/218
f 155/520/155 1143/525/1143 2843/818/2843 1268/815/1268
f 1143/525/1143 156/524/156 1270/819/1270 2843/818/2843
f 2843/818/2843 1270/819/1270 220/820/220 1271/821/1271
f 1268/815/1268 2843/818/2843 1271/821/1271 219/816/219
f 156/524/156 1145/529/1145 2844/822/2844 1270/819/1270
f 1145/529/1145 157/528/157 1272/823/1272 2844/822/2844
f 2844/822/2844 1272/823/1272 221/824/221 1273/825/1273
f 1270/819/1270 2844/822/2844 1273/825/1273 220/820/220
f 157/528/157 1147/533/1147 2845/826/2845 1272/823/1272
f 1147/533/1147 158/532/158 1274/827/1274 2845/826/2845
f 2845/826/2845 1274/827/1274 222/828/222 1275/829/1275
f 1272/823/1272 2845/826/2845 1275/829/1275 221/824/221
f 158/532/158 1149/537/1149 2846/830/2846 1274/827/1274
f 1149/537/1149 159/536/159 1276/831/1276 2846/830/2846
f 2846/830/2846 1276/831/1276 223/832/223 1277/833/1277
f 1274/827/1274 2846/830/2846 1277/833/1277 222/828/222
f 159/536/159 1151/541/1151 2847/834/2847 1276/831/1276
f 1151/541/1151 160/540/160 1278/835/1278 2847/834/2847
f 2847/834/2847 1278/835/1278 224/836/224 1279/837/1279
f 1276/831/1276 2847/834/2847 1279/837/1279 223/832/223
f 160/540/160 1153/545/1153 2848/838/2848 1278/835/1278
f 1153/545/1153 161/544/161 1280/839/1280 2848/838/2848
f 2848/838/2848 1280/839/1280 225/840/225 1281/841/1281
f 1278/835/1278 2848/838/2848 1281/841/1281 224/836/224
f 161/544/161 1155/549/1155 2849/842/2849 1280/839/1280
f 1155/549/1155 162/548/162 1282/843/1282 2849/842/2849
f 2849/842/2849 1282/843/1282 226/844/226 1283/845/1283
f 1280/839/1280 2849/842/2849 1283/845/1283 225/840/225
f 162/548/162 1157/553/1157 2850/846/2850 1282/843/1282
f 1157/553/1157 163/552/163 1284/847/1284 2850/846/2850
f 2850/846/2850 1284/847/1284 227/848/227 1285/849/1285
f 1282/843/1282 2850/846/2850 1285/849/1285 226/844/226
f 163/552/163 1159/557/1159 2851/850/2851 1284/847/1284
f 1159/557/1159 164/556/164 1286/851/1286 2851/850/2851
f 2851/850/2851 1286/851/1286 228/852/228 1287/853/1287
f 1284/847/1284 2851/850/2851 1287/853/1287 227/848/227
f 164/556/164 1161/561/1161 2852/854/2852 1286/851/1286
f 1161/561/1161 165/560/165 1288/855/1288 2852/854/2852
f 2852/854/2852 1288/855/1288 229/856/229 1289/857/1289
f 1286/851/1286 2852/854/2852 1289/857/1289 228/852/228
f 165/560/165 1163/565/1163 2853/858/2853 1288/855/1288
f 1163/565/1163 166/564/166 1290/859/1290 2853/858/2853
f 2853/858/2853 1290/859/1290 230/860/230 1291/861/1291
f 1288/855/1288 2853/858/2853 1291/861/1291 229/856/229
f 166/564/166 1165/569/1165 2854/862/2854 1290/859/1290
f 1165/569/1165 167/568/167 1292/863/1292 2854/862/2854
f 2854/862/2854 1292/863/1292 231/864/231 1293/865/1293
f 1290/859/1290 2854/862/2854 1293/865/1293 230/860/230
f 167/568/167 1167/573/1167 2855/866/2855 1292/863/1292
f 1167/573/1167 168/572/168 1294/867/1294 2855/866/2855
f 2855/866/2855 1294/867/1294 232/868/232 1295/869/1295
f 1292/863/1292 2855/866/2855 1295/869/1295 231/864/231
f 168/572/168 1169/577/1169 2856/870/2856 1294/867/1294
f 1169/577/1169 169/576/169 1296/871/1296 2856/870/2856
f 2856/870/2856 1296/871/1296 233/872/233 1297/873/1297
f 1294/867/1294 2856/870/2856 1297/873/1297 232/868/232
f 169/576/169 1171/581/1171 2857/874/2857 1296/871/1296
f 1171/581/1171 170/580/170 1298/875/1298 2857/874/2857
f 2857/874/2857 1298/875/1298 234/876/234 1299/877/1299
f 1296/871/1296 2857/874/2857 1299/877/1299 233/872/233
f 170/580/170 1173/585/1173 2858/878/2858 1298/875/1298
f 1173/585/1173 171/584/171 1300/879/1300 2858/878/2858
f 2858/878/2858 1300/879/1300 235/880/235 1301/881/1301
f 1298/875/1298 2858/878/2858 1301/881/1301 234/876/234
f 171/584/171 1175/589/1175 2859/882/2859 1300/879/1300
f 1175/589/1175 172/588/172 1302/883/1302 2859/882/2859
f 2859/882/2859 1302/883/1302 236/884/236 1303/885/1303
f 1300/879/1300 2859/882/2859 1303/885/1303 235/880/235
f 172/588/172 1177/593/1177 2860/886/2860 1302/883/1302
f 1177/593/1177 173/592/173 1304/887/1304 2860/886/2860
f 2860/888/2860 1304/889/1304 237/890/237 1305/891/1305
f 1302/892/1302 2860/888/2860 1305/891/1305 236/893/236
f 173/592/173 1179/597/1179 2861/894/2861 1304/887/1304
f 1179/597/1179 174/596/174 1306/895/1306 2861/894/2861
f 2861/896/2861 1306/897/1306 238/898/238 1307/899/1307
f 1304/889/1304 2861/896/2861 1307/899/1307 237/890/237
f 174/900/174 1181/901/1181 2862/902/2862 1306/897/1306
f 1181/901/1181 175/903/175 1308/904/1308 2862/902/2862
f 2862/902/2862 1308/904/1308 239/905/239 1309/906/1309
f 1306/897/1306 2862/902/2862 1309/906/1309 238/898/238
f 175/903/175 1183/907/1183 2863/908/2863 1308/904/1308
f 1183/907/1183 176/909/176 1310/910/1310 2863/908/2863
f 2863/908/2863 1310/910/1310 240/911/240 1311/912/1311
f 1308/904/1308 2863/908/2863 1311/912/1311 239/905/239
f 176/909/176 1185/913/1185 2864/914/2864 1310/910/1310
f 1185/913/1185 177/915/177 1312/916/1312 2864/914/2864
f 2864/914/2864 1312/916/1312 241/917/241 1313/918/1313
f 1310/910/1310 2864/914/2864 1313/918/1313 240/911/240
f 177/915/177 1187/615/1187 2865/919/2865 1312/916/1312
f 1187/615/1187 178/614/178 1314/920/1314 2865/919/2865
f 2865/919/2865 1314/920/1314 242/921/242 1315/922/1315
f 1312/916/1312 2865/919/2865 1315/922/1315 241/917/241
f 178/614/178 1189/622/1189 2866/923/2866 1314/920/1314
f 1189/622/1189 179/621/179 1316/924/1316 2866/923/2866
f 2866/923/2866 1316/924/1316 243/925/243 1317/926/1317
f 1314/920/1314 2866/923/2866 1317/926/1317 242/921/242
f 179/621/179 1191/628/1191 2867/927/2867 1316/924/1316
f 1191/628/1191 180/627/180 1318/928/1318 2867/927/2867
f 2867/927/2867 1318/928/1318 244/929/244 1319/930/1319
f 1316/924/1316 2867/927/2867 1319/930/1319 243/925/243
f 180/627/180 1193/634/1193 2868/931/2868 1318/928/1318
f 1193/634/1193 181/633/181 1320/932/1320 2868/931/2868
f 2868/931/2868 1320/932/1320 245/933/245 1321/934/1321
f 1318/928/1318 2868/931/2868 1321/934/1321 244/929/244
f 181/633/181 1195/640/1195 2869/935/2869 1320/932/1320
f 1195/640/1195 182/639/182 1322/936/1322 2869/935/2869
f 2869/935/2869 1322/936/1322 246/937/246 1323/938/1323
f 1320/932/1320 2869/935/2869 1323/938/1323 245/933/245
f 182/639/182 1197/646/1197 2870/939/2870 1322/936/1322
f 1197/646/1197 183/645/183 1324/940/1324 2870/939/2870
f 2870/939/2870 1324/940/1324 247/941/247 1325/942/1325
f 1322/936/1322 2870/939/2870 1325/942/1325 246/937/246
f 183/645/183 1199/652/1199 2871/943/2871 1324/940/1324
f 1199/652/1199 184/651/184 1326/944/1326 2871/943/2871
f 2871/943/2871 1326/944/1326 248/945/248 1327/946/1327
f 1324/940/1324 2871/943/2871 1327/946/1327 247/941/247
f 184/651/184 1201/658/1201 2872/947/2872 1326/944/1326
f 1201/658/1201 185/657/185 1328/948/1328 2872/947/2872
f 2872/947/2872 1328/948/1328 249/949/249 1329/950/1329
f 1326/944/1326 2872/947/2872 1329/950/1329 248/945/248
f 185/657/185 1203/664/1203 2873/951/2873 1328/948/1328
f 1203/664/1203 186/663/186 1330/952/1330 2873/951/2873
f 2873/951/2873 1330/952/1330 250/953/250 1331/954/1331
f 1328/948/1328 2873/951/2873 1331/954/1331 249/949/249
f 186/663/186 1205/672/1205 2874/955/2874 1330/952/1330
f 1205/672/1205 187/956/187 1332/957/1332 2874/955/2874
f 2874/955/2874 1332/957/1332 251/958/251 1333/959/1333
f 1330/952/1330 2874/955/2874 1333/959/1333 250/953/250
f 187/956/187 1207/960/1207 2875/961/2875 1332/957/1332
f 1207/960/1207 188/962/188 1334/963/1334 2875/961/2875
f 2875/961/2875 1334/963/1334 252/964/252 1335/965/1335
f 1332/957/1332 2875/961/2875 1335/965/1335 251/958/251
f 188/677/188 1209/684/1209 2876/966/2876 1334/967/1334
f 1209/684/1209 189/683/189 1336/968/1336 2876/966/2876
f 2876/966/2876 1336/968/1336 253/969/253 1337/970/1337
f 1334/967/1334 2876/966/2876 1337/970/1337 252/971/252
f 189/683/189 1211/690/1211 2877/972/2877 1336/968/1336
f 1211/690/1211 190/689/190 1338/973/1338 2877/972/2877
f 2877/972/2877 1338/973/1338 254/974/254 1339/975/1339
f 1336/968/1336 2877/972/2877 1339/975/1339 253/969/253
f 190/689/190 1213/696/1213 2878/976/2878 1338/973/1338
f 1213/696/1213 191/695/191 1340/977/1340 2878/976/2878
f 2878/976/2878 1340/977/1340 255/978/255 1341/979/1341
f 1338/973/1338 2878/976/2878 1341/979/1341 254/974/254
f 191/695/191 1215/702/1215 2879/980/2879 1340/977/1340
f 1215/702/1215 192/701/192 1342/981/1342 2879/980/2879
f 2879/980/2879 1342/981/1342 256/982/256 1343/983/1343
f 1340/977/1340 2879/980/2879 1343/983/1343 255/978/255
f 192/701/192 1216/705/1216 2880/984/2880 1342/981/1342
f 1216/705/1216 129/393/129 1217/707/1217 2880/984/2880
f 2880/984/2880 1217/707/1217 193/711/193 1344/985/1344
f 1342/981/1342 2880/984/2880 1344/985/1344 256/982/256
f 193/711/193 1219/710/1219 2881/986/2881 1345/987/1345
f 1219/710/1219 194/709/194 1346/988/1346 2881/986/2881
f 2881/986/2881 1346/988/1346 258/989/258 1347/990/1347
f 1345/987/1345 2881/986/2881 1347/990/1347 257/991/257
f 194/709/194 1221/715/1221 2882/992/2882 1346/988/1346
f 1221/715/1221 195/714/195 1348/993/1348 2882/992/2882
f 2882/992/2882 1348/993/1348 259/994/259 1349/995/1349
f 1346/988/1346 2882/992/2882 1349/995/1349 258/989/258
f 195/714/195 1223/719/1223 2883/996/2883 1348/993/1348
f 1223/719/1223 196/718/196 1350/997/1350 2883/996/2883
f 2883/996/2883 1350/997/1350 260/998/260 1351/999/1351
f 1348/993/1348 2883/996/2883 1351/999/1351 259/994/259
f 196/718/196 1225/723/1225 2884/1000/2884 1350/997/1350
f 1225/723/1225 197/722/197 1352/1001/1352 2884/1000/2884
f 2884/1000/2884 1352/1001/1352 261/1002/261 1353/1003/1353
f 1350/997/1350 2884/1000/2884 1353/1003/1353 260/998/260
f 197/722/197 1227/727/1227 2885/1004/2885 1352/1001/1352
f 1227/727/1227 198/726/198 1354/1005/1354 2885/1004/2885
f 2885/1004/2885 1354/1005/1354 262/1006/262 1355/1007/1355
f 1352/1001/1352 2885/1004/2885 1355/1007/1355 261/1002/261
f 198/726/198 1229/731/1229 2886/1008/2886 1354/1005/1354
f 1229/731/1229 199/730/199 1356/1009/1356 2886/1008/2886
f 2886/1008/2886 1356/1009/1356 263/1010/263 1357/1011/1357
f 1354/1005/1354 2886/1008/2886 1357/1011/1357 262/1006/262
f 199/730/199 1231/735/1231 2887/1012/2887 1356/1009/1356
f 1231/735/1231 200/734/200 1358/1013/1358 2887/1012/2887
f 2887/1012/2887 1358/1013/1358 264/1014/264 1359/1015/1359
f 1356/1009/1356 2887/1012/2887 1359/1015/1359 263/1010/263
f 200/734/200 1233/739/1233 2888/1016/2888 1358/1013/1358
f 1233/739/1233 201/738/201 1360/1017/1360 2888/1016/2888
f 2888/1016/2888 1360/1017/1360 265/1018/265 1361/1019/1361
f 1358/1013/1358 2888/1016/2888 1361/1019/1361 264/1014/264
f 201/738/201 1235/743/1235 2889/1020/2889 1360/1017/1360
f 1235/743/1235 202/742/202 1362/1021/1362 2889/1020/2889
f 2889/1020/2889 1362/1021/1362 266/1022/266 1363/1023/1363
f 1360/1017/1360 2889/1020/2889 1363/1023/1363 265/1018/265
f 202/742/202 1237/747/1237 2890/1024/2890 1362/1021/1362
f 1237/747/1237 203/746/203 1364/1025/1364 2890/1024/2890
f 2890/1024/2890 1364/1025/1364 267/1026/267 1365/1027/1365
f 1362/1021/1362 2890/1024/2890 1365/1027/1365 266/1022/266
f 203/746/203 1239/751/1239 2891/1028/2891 1364/1025/1364
f 1239/751/1239 204/750/204 1366/1029/1366 2891/1028/2891
f 2891/1028/2891 1366/1029/1366 268/1030/268 1367/1031/1367
f 1364/1025/1364 2891/1028/2891 1367/1031/1367 267/1026/267
f 204/750/204 1241/755/1241 2892/1032/2892 1366/1029/1366
f 1241/755/1241 205/754/205 1368/1033/1368 2892/1032/2892
f 2892/1032/2892 1368/1033/1368 269/1034/269 1369/1035/1369
f 1366/1029/1366 2892/1032/2892 1369/1035/1369 268/1030/268
f 205/754/205 1243/759/1243 2893/1036/2893 1368/1033/1368
f 1243/759/1243 206/758/206 1370/1037/1370 2893/1036/2893
f 2893/1036/2893 1370/1037/1370 270/1038/270 1371/1039/1371
f 1368/1033/1368 2893/1036/2893 1371/1039/1371 269/1034/269
f 206/758/206 1245/763/1245 2894/1040/2894 1370/1037/1370
f 1245/763/1245 207/762/207 1372/1041/1372 2894/1040/2894
f 2894/1040/2894 1372/1041/1372 271/1042/271 1373/1043/1373
f 1370/1037/1370 2894/1040/2894 1373/1043/1373 270/1038/270
f 207/762/207 1247/768/1247 2895/1044/2895 1372/1041/1372
f 1247/768/1247 208/767/208 1374/1045/1374 2895/1044/2895
f 2895/1046/2895 1374/1047/1374 272/1048/272 1375/1049/1375
f 1372/1041/1372 2895/1044/2895 1375/1050/1375 271/1042/271
f 208/767/208 1249/775/1249 2896/1051/2896 1374/1045/1374
f 1249/775/1249 209/774/209 1376/1052/1376 2896/1051/2896
f 2896/1053/2896 1376/1054/1376 273/1055/273 1377/1056/1377
f 1374/1047/1374 2896/1053/2896 1377/1056/1377 272/1048/272
f 209/774/209 1251/781/1251 2897/1057/2897 1376/1052/1376
f 1251/781/1251 210/1058/210 1378/1059/1378 2897/1057/2897
f 2897/1060/2897 1378/1061/1378 274/1062/274 1379/1063/1379
f 1376/1054/1376 2897/1060/2897 1379/1063/1379 273/1055/273
f 210/1058/210 1253/1064/1253 2898/1065/2898 1378/1059/1378
f 1253/785/1253 211/784/211 1380/1066/1380 2898/1067/2898
f 2898/1068/2898 1380/1069/1380 275/1070/275 1381/1071/1381
f 1378/1061/1378 2898/1068/2898 1381/1071/1381 274/1062/274
f 211/784/211 1255/789/1255 2899/1072/2899 1380/1066/1380
f 1255/789/1255 212/788/212 1382/1073/1382 2899/1072/2899
f 2899/1074/2899 1382/1075/1382 276/1076/276 1383/1077/1383
f 1380/1069/1380 2899/1074/2899 1383/1077/1383 275/1070/275
f 212/788/212 1257/793/1257 2900/1078/2900 1382/1073/1382
f 1257/793/1257 213/792/213 1384/1079/1384 2900/1078/2900
f 2900/1080/2900 1384/1081/1384 277/1082/277 1385/1083/1385
f 1382/1075/1382 2900/1080/2900 1385/1083/1385 276/1076/276
f 213/792/213 1259/797/1259 2901/1084/2901 1384/1079/1384
f 1259/797/1259 214/796/214 1386/1085/1386 2901/1084/2901
f 2901/1084/2901 1386/1085/1386 278/1086/278 1387/1087/1387
f 1384/1079/1384 2901/1084/2901 1387/1087/1387 277/1088/277
f 214/796/214 1261/801/1261 2902/1089/2902 1386/1085/1386
f 1261/801/1261 215/800/215 1388/1090/1388 2902/1089/2902
f 2902/1089/2902 1388/1090/1388 279/1091/279 1389/1092/1389
f 1386/1085/1386 2902/1089/2902 1389/1092/1389 278/1086/278
f 215/800/215 1263/805/1263 2903/1093/2903 1388/1090/1388
f 1263/805/1263 216/804/216 1390/1094/1390 2903/1093/2903
f 2903/1093/2903 1390/1094/1390 280/1095/280 1391/1096/1391
f 1388/1090/1388 2903/1093/2903 1391/1096/1391 279/1091/279
f 216/804/216 1265/809/1265 2904/1097/2904 1390/1094/1390
f 1265/809/1265 217/808/217 1392/1098/1392 2904/1097/2904
f 2904/1097/2904 1392/1098/1392 281/1099/281 1393/1100/1393
f 1390/1094/1390 2904/1097/2904 1393/1100/1393 280/1095/280
f 217/808/217 1267/813/1267 2905/1101/2905 1392/1098/1392
f 1267/813/1267 218/812/218 1394/1102/1394 2905/1101/2905
f 2905/1101/2905 1394/1102/1394 282/1103/282 1395/1104/1395
f 1392/1098/1392 2905/1101/2905 1395/1104/1395 281/1099/281
f 218/812/218 1269/817/1269 2906/1105/2906 1394/1102/1394
f 1269/817/1269 219/816/219 1396/1106/1396 2906/1105/2906
f 2906/1105/2906 1396/1106/1396 283/1107/283 1397/1108/1397
f 1394/1102/1394 2906/1105/2906 1397/1108/1397 282/1103/282
f 219/816/219 1271/821/1271 2907/1109/2907 1396/1106/1396
f 1271/821/1271 220/820/220 1398/1110/1398 2907/1109/2907
f 2907/1109/2907 1398/1110/1398 284/1111/284 1399/1112/1399
f 1396/1106/1396 2907/1109/2907 1399/1112/1399 283/1107/283
f 220/820/220 1273/825/1273 2908/1113/2908 1398/1110/1398
f 1273/825/1273 221/824/221 1400/1114/1400 2908/1113/2908
f 2908/1113/2908 1400/1114/1400 285/1115/285 1401/1116/1401
f 1398/1110/1398 2908/1113/2908 1401/1116/1401 284/1111/284
f 221/824/221 1275/829/1275 2909/1117/2909 1400/1114/1400
f 1275/829/1275 222/828/222 1402/1118/1402 2909/1117/2909
f 2909/1117/2909 1402/1118/1402 286/1119/286 1403/1120/1403
f 1400/1114/1400 2909/1117/2909 1403/1120/1403 285/1115/285
f 222/828/222 1277/833/1277 2910/1121/2910 1402/1118/1402
f 1277/833/1277 223/832/223 1404/1122/1404 2910/1121/2910
f 2910/1121/2910 1404/1122/1404 287/1123/287 1405/1124/1405
f 1402/1118/1402 2910/1121/2910 1405/1124/1405 286/1119/286
f 223/832/223 1279/837/1279 2911/1125/2911 1404/1122/1404
f 1279/837/1279 224/836/224 1406/1126/1406 2911/1125/2911
f 2911/1125/2911 1406/1126/1406 288/1127/288 1407/1128/1407
f 1404/1122/1404 2911/1125/2911 1407/1128/1407 287/1123/287
f 224/836/224 1281/841/1281 2912/1129/2912 1406/1126/1406
f 1281/841/1281 225/840/225 1408/1130/1408 2912/1129/2912
f 2912/1129/2912 1408/1130/1408 289/1131/289 1409/1132/1409
f 1406/1126/1406 2912/1129/2912 1409/1132/1409 288/1127/288
f 225/840/225 1283/845/1283 2913/1133/2913 1408/1130/1408
f 1283/845/1283 226/844/226 1410/1134/1410 2913/1133/2913
f 2913/1133/2913 1410/1134/1410 290/1135/290 1411/1136/1411
f 1408/1130/1408 2913/1133/2913 1411/1136/1411 289/1131/289
f 226/844/226 1285/849/1285 2914/1137/2914 1410/1134/1410
f 1285/849/1285 227/848/227 1412/1138/1412 2914/1137/2914
f 2914/1137/2914 1412/1138/1412 291/1139/291 1413/1140/1413
f 1410/1134/1410 2914/1137/2914 1413/1140/1413 290/1135/290
f 227/848/227 1287/853/1287 2915/1141/2915 1412/1138/1412
f 1287/853/1287 228/852/228 1414/1142/1414 2915/1141/2915
f 2915/1141/2915 1414/1142/1414 292/1143/292 1415/1144/1415
f 1412/1138/1412 2915/1141/2915 1415/1144/1415 291/1139/291
f 228/852/228 1289/857/1289 2916/1145/2916 1414/1142/1414
f 1289/857/1289 229/856/229 1416/1146/1416 2916/1145/2916
f 2916/1145/2916 1416/1146/1416 293/1147/293 1417/1148/1417
f 1414/1142/1414 2916/1145/2916 1417/1148/1417 292/1143/292
f 229/856/229 1291/861/1291 2917/1149/2917 1416/1146/1416
f 1291/861/1291 230/860/230 1418/1150/1418 2917/1149/2917
f 2917/1149/2917 1418/1150/1418 294/1151/294 1419/1152/1419
f 1416/1146/1416 2917/1149/2917 1419/1152/1419 293/1147/293
f 230/860/230 1293/865/1293 2918/1153/2918 1418/1150/1418
f 1293/865/1293 231/864/231 1420/1154/1420 2918/1153/2918
f 2918/1153/2918 1420/1154/1420 295/1155/295 1421/1156/1421
f 1418/1150/1418 2918/1153/2918 1421/1156/1421 294/1151/294
f 231/864/231 1295/869/1295 2919/1157/2919 1420/1154/1420
f 1295/869/1295 232/868/232 1422/1158/1422 2919/1157/2919
f 2919/1157/2919 1422/1158/1422 296/1159/296 1423/1160/1423
f 1420/1154/1420 2919/1157/2919 1423/1160/1423 295/1155/295
f 232/868/232 1297/873/1297 2920/1161/2920 1422/1158/1422
f 1297/873/1297 233/872/233 1424/1162/1424 2920/1161/2920
f 2920/1161/2920 1424/1162/1424 297/1163/297 1425/1164/1425
f 1422/1158/1422 2920/1161/2920 1425/1164/1425 296/1159/296
f 233/872/233 1299/877/1299 2921/1165/2921 1424/1162/1424
f 1299/877/1299 234/876/234 1426/1166/1426 2921/1165/2921
f 2921/1167/2921 1426/1168/1426 298/1169/298 1427/1170/1427
f 1424/1162/1424 2921/1165/2921 1427/1171/1427 297/1163/297
f 234/876/234 1301/881/1301 2922/1172/2922 1426/1166/1426
f 1301/1173/1301 235/1174/235 1428/1175/1428 2922/1176/2922
f 2922/1176/2922 1428/1175/1428 299/1177/299 1429/1178/1429
f 1426/1168/1426 2922/1176/2922 1429/1178/1429 298/1169/298
f 235/1174/235 1303/1179/1303 2923/1180/2923 1428/1175/1428
f 1303/1179/1303 236/893/236 1430/1181/1430 2923/1180/2923
f 2923/1180/2923 1430/1181/1430 300/1182/300 1431/1183/1431
f 1428/1175/1428 2923/1180/2923 1431/1183/1431 299/1177/299
f 236/893/236 1305/891/1305 2924/1184/2924 1430/1181/1430
f 1305/891/1305 237/890/237 1432/1185/1432 2924/1184/2924
f 2924/1184/2924 1432/1185/1432 301/1186/301 1433/1187/1433
f 1430/1181/1430 2924/1184/2924 1433/1187/1433 300/1182/300
f 237/890/237 1307/899/1307 2925/1188/2925 1432/1185/1432
f 1307/899/1307 238/898/238 1434/1189/1434 2925/1188/2925
f 2925/1188/2925 1434/1189/1434 302/1190/302 1435/1191/1435
f 1432/1185/1432 2925/1188/2925 1435/1191/1435 301/1186/301
f 238/898/238 1309/906/1309 2926/1192/2926 1434/1189/1434
f 1309/906/1309 239/905/239 1436/1193/1436 2926/1192/2926
f 2926/1192/2926 1436/1193/1436 303/1194/303 1437/1195/1437
f 1434/1189/1434 2926/1192/2926 1437/1195/1437 302/1190/302
f 239/905/239 1311/912/1311 2927/1196/2927 1436/1193/1436
f 1311/912/1311 240/911/240 1438/1197/1438 2927/1196/2927
f 2927/1196/2927 1438/1197/1438 304/1198/304 1439/1199/1439
f 1436/1193/1436 2927/1196/2927 1439/1199/1439 303/1194/303
f 240/911/240 1313/918/1313 2928/1200/2928 1438/1197/1438
f 1313/918/1313 241/917/241 1440/1201/1440 2928/1200/2928
f 2928/1200/2928 1440/1201/1440 305/1202/305 1441/1203/1441
f 1438/1197/1438 2928/1200/2928 1441/1203/1441 304/1198/304
f 241/917/241 1315/922/1315 2929/1204/2929 1440/1201/1440
f 1315/922/1315 242/921/242 1442/1205/1442 2929/1204/2929
f 2929/1204/2929 1442/1205/1442 306/1206/306 1443/1207/1443
f 1440/1201/1440 2929/1204/2929 1443/1207/1443 305/1202/305
f 242/921/242 1317/926/1317 2930/1208/2930 1442/1205/1442
f 1317/926/1317 243/925/243 1444/1209/1444 2930/1208/2930
f 2930/1208/2930 1444/1209/1444 307/1210/307 1445/1211/1445
f 1442/1205/1442 2930/1208/2930 1445/1211/1445 306/1206/306
f 243/925/243 1319/930/1319 2931/1212/2931 1444/1209/1444
f 1319/930/1319 244/929/244 1446/1213/1446 2931/1212/2931
f 2931/1212/2931 1446/1213/1446 308/1214/308 1447/1215/1447
f 1444/1209/1444 2931/1212/2931 1447/1215/1447 307/1210/307
f 244/929/244 1321/934/1321 2932/1216/2932 1446/1213/1446
f 1321/934/1321 245/933/245 1448/1217/1448 2932/1216/2932
f 2932/1216/2932 1448/1217/1448 309/1218/309 1449/1219/1449
f 1446/1213/1446 2932/1216/2932 1449/1219/1449 308/1214/308
f 245/933/245 1323/938/1323 2933/1220/2933 1448/1217/1448
f 1323/938/1323 246/937/246 1450/1221/1450 2933/1220/2933
f 2933/1220/2933 1450/1221/1450 310/1222/310 1451/1223/1451
f 1448/1217/1448 2933/1220/2933 1451/1223/1451 309/1218/309
f 246/937/246 1325/942/1325 2934/1224/2934 1450/1221/1450
f 1325/942/1325 247/941/247 1452/1225/1452 2934/1224/2934
f 2934/1224/2934 1452/1225/1452 311/1226/311 1453/1227/1453
f 1450/1221/1450 2934/1224/2934 1453/1227/1453 310/1222/310
f 247/941/247 1327/946/1327 2935/1228/2935 1452/1225/1452
f 1327/946/1327 248/945/248 1454/1229/1454 2935/1228/2935
f 2935/1228/2935 1454/1229/1454 312/1230/312 1455/1231/1455
f 1452/1225/1452 2935/1228/2935 1455/1231/1455 311/1226/311
f 248/945/248 1329/950/1329 2936/1232/2936 1454/1229/1454
f 1329/950/1329 249/949/249 1456/1233/1456 2936/1232/2936
f 2936/1232/2936 1456/1233/1456 313/1234/313 1457/1235/1457
f 1454/1229/1454 2936/1232/2936 1457/1235/1457 312/1230/312
f 249/949/249 1331/954/1331 2937/1236/2937 1456/1233/1456
f 1331/954/1331 250/953/250 1458/1237/1458 2937/1236/2937
f 2937/1236/2937 1458/1237/1458 314/1238/314 1459/1239/1459
f 1456/1233/1456 2937/1236/2937 1459/1239/1459 313/1234/313
f 250/953/250 1333/959/1333 2938/1240/2938 1458/1237/1458
f 1333/959/1333 251/958/251 1460/1241/1460 2938/1240/2938
f 2938/1240/2938 1460/1241/1460 315/1242/315 1461/1243/1461
f 1458/1237/1458 2938/1240/2938 1461/1243/1461 314/1238/314
f 251/958/251 1335/965/1335 2939/1244/2939 1460/1241/1460
f 1335/965/1335 252/964/252 1462/1245/1462 2939/1244/2939
f 2939/1244/2939 1462/1245/1462 316/1246/316 1463/1247/1463
f 1460/1241/1460 2939/1244/2939 1463/1247/1463 315/1242/315
f 252/964/252 1337/1248/1337 2940/1249/2940 1462/1245/1462
f 1337/970/1337 253/969/253 1464/1250/1464 2940/1251/2940
f 2940/1251/2940 1464/1250/1464 317/1252/317 1465/1253/1465
f 1462/1245/1462 2940/1249/2940 1465/1254/1465 316/1246/316
f 253/969/253 1339/975/1339 2941/1255/2941 1464/1250/1464
f 1339/975/1339 254/974/254 1466/1256/1466 2941/1255/2941
f 2941/1255/2941 1466/1256/1466 318/1257/318 1467/1258/1467
f 1464/1250/1464 2941/1255/2941 1467/1258/1467 317/1252/317
f 254/974/254 1341/979/1341 2942/1259/2942 1466/1256/1466
f 1341/979/1341 255/978/255 1468/1260/1468 2942/1259/2942
f 2942/1259/2942 1468/1260/1468 319/1261/319 1469/1262/1469
f 1466/1256/1466 2942/1259/2942 1469/1262/1469 318/1257/318
f 255/978/255 1343/983/1343 2943/1263/2943 1468/1260/1468
f 1343/983/1343 256/982/256 1470/1264/1470 2943/1263/2943
f 2943/1263/2943 1470/1264/1470 320/1265/320 1471/1266/1471
f 1468/1260/1468 2943/1263/2943 1471/1266/1471 319/1261/319
f 256/982/256 1344/985/1344 2944/1267/2944 1470/1264/1470
f 1344/985/1344 193/711/193 1345/987/1345 2944/1267/2944
f 2944/1267/2944 1345/987/1345 257/991/257 1472/1268/1472
f 1470/1264/1470 2944/1267/2944 1472/1268/1472 320/1265/320
f 257/991/257 1347/990/1347 2945/1269/2945 1473/1270/1473
f 1347/990/1347 258/989/258 1474/1271/1474 2945/1269/2945
f 2945/1269/2945 1474/1271/1474 322/1272/322 1475/1273/1475
f 1473/1270/1473 2945/1269/2945 1475/1273/1475 321/1274/321
f 258/989/258 1349/995/1349 2946/1275/2946 1474/1271/1474
f 1349/995/1349 259/994/259 1476/1276/1476 2946/1275/2946
f 2946/1275/2946 1476/1276/1476 323/1277/323 1477/1278/1477
f 1474/1271/1474 2946/1275/2946 1477/1278/1477 322/1272/322
f 259/994/259 1351/999/1351 2947/1279/2947 1476/1276/1476
f 1351/999/1351 260/998/260 1478/1280/1478 2947/1279/2947
f 2947/1279/2947 1478/1280/1478 324/1281/324 1479/1282/1479
f 1476/1276/1476 2947/1279/2947 1479/1282/1479 323/1277/323
f 260/998/260 1353/1003/1353 2948/1283/2948 1478/1280/1478
f 1353/1003/1353 261/1002/261 1480/1284/1480 2948/1283/2948
f 2948/1283/2948 1480/1284/1480 325/1285/325 1481/1286/1481
f 1478/1280/1478 2948/1283/2948 1481/1286/1481 324/1281/324
f 261/1002/261 1355/1007/1355 2949/1287/2949 1480/1284/1480
f 1355/1007/1355 262/1006/262 1482/1288/1482 2949/1287/2949
f 2949/1287/2949 1482/1288/1482 326/1289/326 1483/1290/1483
f 1480/1284/1480 2949/1287/2949 1483/1290/1483 325/1285/325
f 262/1006/262 1357/1011/1357 2950/1291/2950 1482/1288/1482
f 1357/1011/1357 263/1010/263 1484/1292/1484 2950/1291/2950
f 2950/1291/2950 1484/1292/1484 327/1293/327 1485/1294/1485
f 1482/1288/1482 2950/1291/2950 1485/1294/1485 326/1289/326
f 263/1010/263 1359/1015/1359 2951/1295/2951 1484/1292/1484
f 1359/1015/1359 264/1014/264 1486/1296/1486 2951/1295/2951
f 2951/1295/2951 1486/1296/1486 328/1297/328 1487/1298/1487
f 1484/1292/1484 2951/1295/2951 1487/1298/1487 327/1293/327
f 264/1014/264 1361/1019/1361 2952/1299/2952 1486/1296/1486
f 1361/1019/1361 265/1018/265 1488/1300/1488 2952/1299/2952
f 2952/1299/2952 1488/1300/1488 329/1301/329 1489/1302/1489
f 1486/1296/1486 2952/1299/2952 1489/1302/1489 328/1297/328
f 265/1018/265 1363/1023/1363 2953/1303/2953 1488/1300/1488
f 1363/1023/1363 266/1022/266 1490/1304/1490 2953/1303/2953
f 2953/1303/2953 1490/1304/1490 330/1305/330 1491/1306/1491
f 1488/1300/1488 2953/1303/2953 1491/1306/1491 329/1301/329
f 266/1022/266 1365/1027/1365 2954/1307/2954 1490/1304/1490
f 1365/1027/1365 267/1026/267 1492/1308/1492 2954/1307/2954
f 2954/1307/2954 1492/1308/1492 331/1309/331 1493/1310/1493
f 1490/1304/1490 2954/1307/2954 1493/1310/1493 330/1305/330
f 267/1026/267 1367/1031/1367 2955/1311/2955 1492/1308/1492
f 1367/1031/1367 268/1030/268 1494/1312/1494 2955/1311/2955
f 2955/1311/2955 1494/1312/1494 332/1313/332 1495/1314/1495
f 1492/1308/1492 2955/1311/2955 1495/1314/1495 331/1309/331
f 268/1030/268 1369/1035/1369 2956/1315/2956 1494/1312/1494
f 1369/1035/1369 269/1034/269 1496/1316/1496 2956/1315/2956
f 2956/1317/2956 1496/1318/1496 333/1319/333 1497/1320/1497
f 1494/1312/1494 2956/1315/2956 1497/1321/1497 332/1313/332
f 269/1034/269 1371/1039/1371 2957/1322/2957 1496/1316/1496
f 1371/1039/1371 270/1038/270 1498/1323/1498 2957/1322/2957
f 2957/1324/2957 1498/1325/1498 334/1326/334 1499/1327/1499
f 1496/1318/1496 2957/1324/2957 1499/1327/1499 333/1319/333
f 270/1328/270 1373/1329/1373 2958/1330/2958 1498/1325/1498
f 1373/1329/1373 271/1331/271 1500/1332/1500 2958/1330/2958
f 2958/1330/2958 1500/1332/1500 335/1333/335 1501/1334/1501
f 1498/1325/1498 2958/1330/2958 1501/1334/1501 334/1326/334
f 271/1331/271 1375/1049/1375 2959/1335/2959 1500/1332/1500
f 1375/1049/1375 272/1048/272 1502/1336/1502 2959/1335/2959
f 2959/1335/2959 1502/1336/1502 336/1337/336 1503/1338/1503
f 1500/1332/1500 2959/1335/2959 1503/1338/1503 335/1333/335
f 272/1048/272 1377/1056/1377 2960/1339/2960 1502/1336/1502
f 1377/1056/1377 273/1055/273 1504/1340/1504 2960/1339/2960
f 2960/1339/2960 1504/1340/1504 337/1341/337 1505/1342/1505
f 1502/1336/1502 2960/1339/2960 1505/1342/1505 336/1337/336
f 273/1055/273 1379/1063/1379 2961/1343/2961 1504/1340/1504
f 1379/1063/1379 274/1062/274 1506/1344/1506 2961/1343/2961
f 2961/1343/2961 1506/1344/1506 338/1345/338 1507/1346/1507
f 1504/1340/1504 2961/1343/2961 1507/1346/1507 337/1341/337
f 274/1062/274 1381/1071/1381 2962/1347/2962 1506/1344/1506
f 1381/1071/1381 275/1070/275 1508/1348/1508 2962/1347/2962
f 2962/1347/2962 1508/1348/1508 339/1349/339 1509/1350/1509
f 1506/1344/1506 2962/1347/2962 1509/1350/1509 338/1345/338
f 275/1070/275 1383/1077/1383 2963/1351/2963 1508/1348/1508
f 1383/1077/1383 276/1076/276 1510/1352/1510 2963/1351/2963
f 2963/1351/2963 1510/1352/1510 340/1353/340 1511/1354/1511
f 1508/1348/1508 2963/1351/2963 1511/1354/1511 339/1349/339
f 276/1076/276 1385/1083/1385 2964/1355/2964 1510/1352/1510
f 1385/1083/1385 277/1082/277 1512/1356/1512 2964/1355/2964
f 2964/1355/2964 1512/1356/1512 341/1357/341 1513/1358/1513
f 1510/1352/1510 2964/1355/2964 1513/1358/1513 340/1353/340
f 277/1082/277 1387/1359/1387 2965/1360/2965 1512/1356/1512
f 1387/1359/1387 278/1361/278 1514/1362/1514 2965/1360/2965
f 2965/1360/2965 1514/1362/1514 342/1363/342 1515/1364/1515
f 1512/1356/1512 2965/1360/2965 1515/1364/1515 341/1357/341
f 278/1361/278 1389/1365/1389 2966/1366/2966 1514/1362/1514
f 1389/1365/1389 279/1367/279 1516/1368/1516 2966/1366/2966
f 2966/1366/2966 1516/1368/1516 343/1369/343 1517/1370/1517
f 1514/1362/1514 2966/1366/2966 1517/1370/1517 342/1363/342
f 279/1367/279 1391/1371/1391 2967/1372/2967 1516/1368/1516
f 1391/1371/1391 280/1373/280 1518/1374/1518 2967/1372/2967
f 2967/1372/2967 1518/1374/1518 344/1375/344 1519/1376/1519
f 1516/1368/1516 2967/1372/2967 1519/1376/1519 343/1369/343
f 280/1095/280 1393/1100/1393 2968/1377/2968 1518/1378/1518
f 1393/1100/1393 281/1099/281 1520/1379/1520 2968/1377/2968
f 2968/1380/2968 1520/1381/1520 345/1382/345 1521/1383/1521
f 1518/1374/1518 2968/1380/2968 1521/1383/1521 344/1375/344
f 281/1099/281 1395/1104/1395 2969/1384/2969 1520/1379/1520
f 1395/1104/1395 282/1103/282 1522/1385/1522 2969/1384/2969
f 2969/1386/2969 1522/1387/1522 346/1388/346 1523/1389/1523
f 1520/1381/1520 2969/1386/2969 1523/1389/1523 345/1382/345
f 282/1103/282 1397/1108/1397 2970/1390/2970 1522/1385/1522
f 1397/1108/1397 283/1107/283 1524/1391/1524 2970/1390/2970
f 2970/1392/2970 1524/1393/1524 347/1394/347 1525/1395/1525
f 1522/1387/1522 2970/1392/2970 1525/1395/1525 346/1388/346
f 283/1107/283 1399/1112/1399 2971/1396/2971 1524/1391/1524
f 1399/1112/1399 284/1111/284 1526/1397/1526 2971/1396/2971
f 2971/1396/2971 1526/1397/1526 348/1398/348 1527/1399/1527
f 1524/1391/1524 2971/1396/2971 1527/1399/1527 347/1400/347
f 284/1111/284 1401/1116/1401 2972/1401/2972 1526/1397/1526
f 1401/1116/1401 285/1115/285 1528/1402/1528 2972/1401/2972
f 2972/1401/2972 1528/1402/1528 349/1403/349 1529/1404/1529
f 1526/1397/1526 2972/1401/2972 1529/1404/1529 348/1398/348
f 285/1115/285 1403/1120/1403 2973/1405/2973 1528/1402/1528
f 1403/1120/1403 286/1119/286 1530/1406/1530 2973/1405/2973
f 2973/1405/2973 1530/1406/1530 350/1407/350 1531/1408/1531
f 1528/1402/1528 2973/1405/2973 1531/1408/1531 349/1403/349
f 286/1119/286 1405/1124/1405 2974/1409/2974 1530/1406/1530
f 1405/1124/1405 287/1123/287 1532/1410/1532 2974/1409/2974
f 2974/1409/2974 1532/1410/1532 351/1411/351 1533/1412/1533
f 1530/1406/1530 2974/1409/2974 1533/1412/1533 350/1407/350
f 287/1123/287 1407/1128/1407 2975/1413/2975 1532/1410/1532
f 1407/1128/1407 288/1127/288 1534/1414/1534 2975/1413/2975
f 2975/1413/2975 1534/1414/1534 352/1415/352 1535/1416/1535
f 1532/1410/1532 2975/1413/2975 1535/1416/1535 351/1411/351
f 288/1127/288 1409/1132/1409 2976/1417/2976 1534/1414/1534
f 1409/1132/1409 289/1131/289 1536/1418/1536 2976/1417/2976
f 2976/1419/2976 1536/1420/1536 353/1421/353 1537/1422/1537
f 1534/1414/1534 2976/1417/2976 1537/1423/1537 352/1415/352
f 289/1131/289 1411/1136/1411 2977/1424/2977 1536/1418/1536
f 1411/1136/1411 290/1135/290 1538/1425/1538 2977/1424/2977
f 2977/1426/2977 1538/1427/1538 354/1428/354 1539/1429/1539
f 1536/1420/1536 2977/1426/2977 1539/1429/1539 353/1421/353
f 290/1135/290 1413/1140/1413 2978/1430/2978 1538/1425/1538
f 1413/1140/1413 291/1139/291 1540/1431/1540 2978/1430/2978
f 2978/1432/2978 1540/1433/1540 355/1434/355 1541/1435/1541
f 1538/1427/1538 2978/1432/2978 1541/1435/1541 354/1428/354
f 291/1139/291 1415/1144/1415 2979/1436/2979 1540/1431/1540
f 1415/1144/1415 292/1143/292 1542/1437/1542 2979/1436/2979
f 2979/1438/2979 1542/1439/1542 356/1440/356 1543/1441/1543
f 1540/1433/1540 2979/1438/2979 1543/1441/1543 355/1434/355
f 292/1143/292 1417/1148/1417 2980/1442/2980 1542/1437/1542
f 1417/1148/1417 293/1147/293 1544/1443/1544 2980/1442/2980
f 2980/1444/2980 1544/1445/1544 357/1446/357 1545/1447/1545
f 1542/1439/1542 2980/1444/2980 1545/1447/1545 356/1440/356
f 293/1147/293 1419/1152/1419 2981/1448/2981 1544/1443/1544
f 1419/1152/1419 294/1151/294 1546/1449/1546 2981/1448/2981
f 2981/1450/2981 1546/1451/1546 358/1452/358 1547/1453/1547
f 1544/1445/1544 2981/1450/2981 1547/1453/1547 357/1446/357
f 294/1151/294 1421/1156/1421 2982/1454/2982 1546/1449/1546
f 1421/1156/1421 295/1155/295 1548/1455/1548 2982/1454/2982
f 2982/1456/2982 1548/1457/1548 359/1458/359 1549/1459/1549
f 1546/1451/1546 2982/1456/2982 1549/1459/1549 358/1452/358
f 295/1460/295 1423/1461/1423 2983/1462/2983 1548/1457/1548
f 1423/1461/1423 296/1463/296 1550/1464/1550 2983/1462/2983
f 2983/1462/2983 1550/1464/1550 360/1465/360 1551/1466/1551
f 1548/1457/1548 2983/1462/2983 1551/1466/1551 359/1458/359
f 296/1463/296 1425/1467/1425 2984/1468/2984 1550/1464/1550
f 1425/1467/1425 297/1469/297 1552/1470/1552 2984/1468/2984
f 2984/1468/2984 1552/1470/1552 361/1471/361 1553/1472/1553
f 1550/1464/1550 2984/1468/2984 1553/1472/1553 360/1465/360
f 297/1469/297 1427/1473/1427 2985/1474/2985 1552/1470/1552
f 1427/1473/1427 298/1475/298 1554/1476/1554 2985/1474/2985
f 2985/1474/2985 1554/1476/1554 362/1477/362 1555/1478/1555
f 1552/1470/1552 2985/1474/2985 1555/1478/1555 361/1471/361
f 298/1169/298 1429/1178/1429 2986/1479/2986 1554/1480/1554
f 1429/1178/1429 299/1177/299 1556/1481/1556 2986/1479/2986
f 2986/1482/2986 1556/1483/1556 363/1484/363 1557/1485/1557
f 1554/1476/1554 2986/1482/2986 1557/1485/1557 362/1477/362
f 299/1177/299 1431/1183/1431 2987/1486/2987 1556/1481/1556
f 1431/1183/1431 300/1182/300 1558/1487/1558 2987/1486/2987
f 2987/1488/2987 1558/1489/1558 364/1490/364 1559/1491/1559
f 1556/1483/1556 2987/1488/2987 1559/1491/1559 363/1484/363
f 300/1182/300 1433/1187/1433 2988/1492/2988 1558/1487/1558
f 1433/1187/1433 301/1186/301 1560/1493/1560 2988/1492/2988
f 2988/1492/2988 1560/1493/1560 365/1494/365 1561/1495/1561
f 1558/1487/1558 2988/1492/2988 1561/1495/1561 364/1496/364
f 301/1186/301 1435/1191/1435 2989/1497/2989 1560/1493/1560
f 1435/1191/1435 302/1190/302 1562/1498/1562 2989/1497/2989
f 2989/1497/2989 1562/1498/1562 366/1499/366 1563/1500/1563
f 1560/1493/1560 2989/1497/2989 1563/1500/1563 365/1494/365
f 302/1190/302 1437/1195/1437 2990/1501/2990 1562/1498/1562
f 1437/1195/1437 303/1194/303 1564/1502/1564 2990/1501/2990
f 2990/1501/2990 1564/1502/1564 367/1503/367 1565/1504/1565
f 1562/1498/1562 2990/1501/2990 1565/1504/1565 366/1499/366
f 303/1194/303 1439/1199/1439 2991/1505/2991 1564/1502/1564
f 1439/1199/1439 304/1198/304 1566/1506/1566 2991/1505/2991
f 2991/1505/2991 1566/1506/1566 368/1507/368 1567/1508/1567
f 1564/1502/1564 2991/1505/2991 1567/1508/1567 367/1503/367
f 304/1198/304 1441/1203/1441 2992/1509/2992 1566/1506/1566
f 1441/1203/1441 305/1202/305 1568/1510/1568 2992/1509/2992
f 2992/1509/2992 1568/1510/1568 369/1511/369 1569/1512/1569
f 1566/1506/1566 2992/1509/2992 1569/1512/1569 368/1507/368
f 305/1202/305 1443/1207/1443 2993/1513/2993 1568/1510/1568
f 1443/1207/1443 306/1206/306 1570/1514/1570 2993/1513/2993
f 2993/1513/2993 1570/1514/1570 370/1515/370 1571/1516/1571
f 1568/1510/1568 2993/1513/2993 1571/1516/1571 369/1511/369
f 306/1206/306 1445/1211/1445 2994/1517/2994 1570/1514/1570
f 1445/1211/1445 307/1210/307 1572/1518/1572 2994/1517/2994
f 2994/1517/2994 1572/1518/1572 371/1519/371 1573/1520/1573
f 1570/1514/1570 2994/1517/2994 1573/1520/1573 370/1515/370
f 307/1210/307 1447/1215/1447 2995/1521/2995 1572/1518/1572
f 1447/1215/1447 308/1214/308 1574/1522/1574 2995/1521/2995
f 2995/1521/2995 1574/1522/1574 372/1523/372 1575/1524/1575
f 1572/1518/1572 2995/1521/2995 1575/1524/1575 371/1519/371
f 308/1214/308 1449/1219/1449 2996/1525/2996 1574/1522/1574
f 1449/1219/1449 309/1218/309 1576/1526/1576 2996/1525/2996
f 2996/1525/2996 1576/1526/1576 373/1527/373 1577/1528/1577
f 1574/1522/1574 2996/1525/2996 1577/1528/1577 372/1523/372
f 309/1218/309 1451/1223/1451 2997/1529/2997 1576/1526/1576
f 1451/1223/1451 310/1222/310 1578/1530/1578 2997/1529/2997
f 2997/1529/2997 1578/1530/1578 374/1531/374 1579/1532/1579
f 1576/1526/1576 2997/1529/2997 1579/1532/1579 373/1527/373
f 310/1222/310 1453/1227/1453 2998/1533/2998 1578/1530/1578
f 1453/1227/1453 311/1226/311 1580/1534/1580 2998/1533/2998
f 2998/1533/2998 1580/1534/1580 375/1535/375 1581/1536/1581
f 1578/1530/1578 2998/1533/2998 1581/1536/1581 374/1531/374
f 311/1226/311 1455/1231/1455 2999/1537/2999 1580/1534/1580
f 1455/1231/1455 312/1230/312 1582/1538/1582 2999/1537/2999
f 2999/1537/2999 1582/1538/1582 376/1539/376 1583/1540/1583
f 1580/1534/1580 2999/1537/2999 1583/1540/1583 375/1535/375
f 312/1230/312 1457/1235/1457 3000/1541/3000 1582/1538/1582
f 1457/1235/1457 313/1234/313 1584/1542/1584 3000/1541/3000
f 3000/1541/3000 1584/1542/1584 377/1543/377 1585/1544/1585
f 1582/1538/1582 3000/1541/3000 1585/1544/1585 376/1539/376
f 313/1234/313 1459/1239/1459 3001/1545/3001 1584/1542/1584
f 1459/1239/1459 314/1238/314 1586/1546/1586 3001/1545/3001
f 3001/1545/3001 1586/1546/1586 378/1547/378 1587/1548/1587
f 1584/1542/1584 3001/1545/3001 1587/1548/1587 377/1543/377
f 314/1238/314 1461/1243/1461 3002/1549/3002 1586/1546/1586
f 1461/1243/1461 315/1242/315 1588/1550/1588 3002/1549/3002
f 3002/1549/3002 1588/1550/1588 379/1551/379 1589/1552/1589
f 1586/1546/1586 3002/1549/3002 1589/1552/1589 378/1547/378
f 315/1242/315 1463/1247/1463 3003/1553/3003 1588/1550/1588
f 1463/1247/1463 316/1246/316 1590/1554/1590 3003/1553/3003
f 3003/1553/3003 1590/1554/1590 380/1555/380 1591/1556/1591
f 1588/1550/1588 3003/1553/3003 1591/1556/1591 379/1551/379
f 316/1246/316 1465/1254/1465 3004/1557/3004 1590/1554/1590
f 1465/1254/1465 317/1558/317 1592/1559/1592 3004/1557/3004
f 3004/1557/3004 1592/1559/1592 381/1560/381 1593/1561/1593
f 1590/1554/1590 3004/1557/3004 1593/1561/1593 380/1555/380
f 317/1252/317 1467/1258/1467 3005/1562/3005 1592/1563/1592
f 1467/1258/1467 318/1257/318 1594/1564/1594 3005/1562/3005
f 3005/1565/3005 1594/1566/1594 382/1567/382 1595/1568/1595
f 1592/1559/1592 3005/1565/3005 1595/1568/1595 381/1560/381
f 318/1257/318 1469/1262/1469 3006/1569/3006 1594/1564/1594
f 1469/1262/1469 319/1261/319 1596/1570/1596 3006/1569/3006
f 3006/1569/3006 1596/1570/1596 383/1571/383 1597/1572/1597
f 1594/1564/1594 3006/1569/3006 1597/1572/1597 382/1573/382
f 319/1261/319 1471/1266/1471 3007/1574/3007 1596/1570/1596
f 1471/1266/1471 320/1265/320 1598/1575/1598 3007/1574/3007
f 3007/1574/3007 1598/1575/1598 384/1576/384 1599/1577/1599
f 1596/1570/1596 3007/1574/3007 1599/1577/1599 383/1571/383
f 320/1265/320 1472/1268/1472 3008/1578/3008 1598/1575/1598
f 1472/1268/1472 257/991/257 1473/1270/1473 3008/1578/3008
f 3008/1578/3008 1473/1270/1473 321/1274/321 1600/1579/1600
f 1598/1575/1598 3008/1578/3008 1600/1579/1600 384/1576/384
f 321/1580/321 1475/1581/1475 3009/1582/3009 1601/1583/1601
f 1475/1581/1475 322/1584/322 1602/1585/1602 3009/1582/3009
f 3009/1582/3009 1602/1585/1602 386/1586/386 1603/1587/1603
f 1601/1583/1601 3009/1582/3009 1603/1587/1603 385/1588/385
f 322/1584/322 1477/1589/1477 3010/1590/3010 1602/1585/1602
f 1477/1589/1477 323/1591/323 1604/1592/1604 3010/1590/3010
f 3010/1590/3010 1604/1592/1604 387/1593/387 1605/1594/1605
f 1602/1585/1602 3010/1590/3010 1605/1594/1605 386/1586/386
f 323/1277/323 1479/1282/1479 3011/1595/3011 1604/1596/1604
f 1479/1282/1479 324/1281/324 1606/1597/1606 3011/1595/3011
f 3011/1598/3011 1606/1599/1606 388/1600/388 1607/1601/1607
f 1604/1592/1604 3011/1598/3011 1607/1601/1607 387/1593/387
f 324/1281/324 1481/1286/1481 3012/1602/3012 1606/1597/1606
f 1481/1286/1481 325/1285/325 1608/1603/1608 3012/1602/3012
f 3012/1604/3012 1608/1605/1608 389/1606/389 1609/1607/1609
f 1606/1599/1606 3012/1604/3012 1609/1607/1609 388/1600/388
f 325/1285/325 1483/1290/1483 3013/1608/3013 1608/1603/1608
f 1483/1290/1483 326/1289/326 1610/1609/1610 3013/1608/3013
f 3013/1610/3013 1610/1611/1610 390/1612/390 1611/1613/1611
f 1608/1605/1608 3013/1610/3013 1611/1613/1611 389/1606/389
f 326/1289/326 1485/1294/1485 3014/1614/3014 1610/1609/1610
f 1485/1294/1485 327/1293/327 1612/1615/1612 3014/1614/3014
f 3014/1616/3014 1612/1617/1612 391/1618/391 1613/1619/1613
f 1610/1611/1610 3014/1616/3014 1613/1619/1613 390/1612/390
f 327/1293/327 1487/1298/1487 3015/1620/3015 1612/1615/1612
f 1487/1621/1487 328/1622/328 1614/1623/1614 3015/1624/3015
f 3015/1625/3015 1614/1626/1614 392/1627/392 1615/1628/1615
f 1612/1617/1612 3015/1625/3015 1615/1628/1615 391/1618/391
f 328/1622/328 1489/1629/1489 3016/1630/3016 1614/1623/1614
f 1489/1629/1489 329/1631/329 1616/1632/1616 3016/1630/3016
f 3016/1633/3016 1616/1634/1616 393/1635/393 1617/1636/1617
f 1614/1626/1614 3016/1633/3016 1617/1636/1617 392/1627/392
f 329/1631/329 1491/1637/1491 3017/1638/3017 1616/1632/1616
f 1491/1637/1491 330/1639/330 1618/1640/1618 3017/1638/3017
f 3017/1641/3017 1618/1642/1618 394/1643/394 1619/1644/1619
f 1616/1634/1616 3017/1641/3017 1619/1644/1619 393/1635/393
f 330/1639/330 1493/1645/1493 3018/1646/3018 1618/1640/1618
f 1493/1645/1493 331/1647/331 1620/1648/1620 3018/1646/3018
f 3018/1649/3018 1620/1650/1620 395/1651/395 1621/1652/1621
f 1618/1642/1618 3018/1649/3018 1621/1652/1621 394/1643/394
f 331/1647/331 1495/1653/1495 3019/1654/3019 1620/1648/1620
f 1495/1653/1495 332/1655/332 1622/1656/1622 3019/1654/3019
f 3019/1657/3019 1622/1658/1622 396/1659/396 1623/1660/1623
f 1620/1650/1620 3019/1657/3019 1623/1660/1623 395/1651/395
f 332/1655/332 1497/1320/1497 3020/1661/3020 1622/1656/1622
f 1497/1320/1497 333/1319/333 1624/1662/1624 3020/1661/3020
f 3020/1661/3020 1624/1662/1624 397/1663/397 1625/1664/1625
f 1622/1658/1622 3020/1665/3020 1625/1666/1625 396/1659/396
f 333/1319/333 1499/1327/1499 3021/1667/3021 1624/1662/1624
f 1499/1327/1499 334/1326/334 1626/1668/1626 3021/1667/3021
f 3021/1667/3021 1626/1668/1626 398/1669/398 1627/1670/1627
f 1624/1662/1624 3021/1667/3021 1627/1670/1627 397/1663/397
f 334/1326/334 1501/1334/1501 3022/1671/3022 1626/1668/1626
f 1501/1334/1501 335/1333/335 1628/1672/1628 3022/1671/3022
f 3022/1671/3022 1628/1672/1628 399/1673/399 1629/1674/1629
f 1626/1668/1626 3022/1671/3022 1629/1674/1629 398/1669/398
f 335/1333/335 1503/1338/1503 3023/1675/3023 1628/1672/1628
f 1503/1338/1503 336/1337/336 1630/1676/1630 3023/1675/3023
f 3023/1675/3023 1630/1676/1630 400/1677/400 1631/1678/1631
f 1628/1672/1628 3023/1675/3023 1631/1678/1631 399/1673/399
f 336/1337/336 1505/1342/1505 3024/1679/3024 1630/1676/1630
f 1505/1342/1505 337/1341/337 1632/1680/1632 3024/1679/3024
f 3024/1679/3024 1632/1680/1632 401/1681/401 1633/1682/1633
f 1630/1676/1630 3024/1679/3024 1633/1682/1633 400/1677/400
f 337/1341/337 1507/1346/1507 3025/1683/3025 1632/1680/1632
f 1507/1346/1507 338/1345/338 1634/1684/1634 3025/1683/3025
f 3025/1683/3025 1634/1684/1634 402/1685/402 1635/1686/1635
f 1632/1680/1632 3025/1683/3025 1635/1686/1635 401/1681/401
f 338/1345/338 1509/1350/1509 3026/1687/3026 1634/1684/1634
f 1509/1350/1509 339/1349/339 1636/1688/1636 3026/1687/3026
f 3026/1687/3026 1636/1688/1636 403/1689/403 1637/1690/1637
f 1634/1684/1634 3026/1687/3026 1637/1690/1637 402/1685/402
f 339/1349/339 1511/1354/1511 3027/1691/3027 1636/1688/1636
f 1511/1354/1511 340/1353/340 1638/1692/1638 3027/1691/3027
f 3027/1691/3027 1638/1692/1638 404/1693/404 1639/1694/1639
f 1636/1688/1636 3027/1691/3027 1639/1694/1639 403/1689/403
f 340/1353/340 1513/1358/1513 3028/1695/3028 1638/1692/1638
f 1513/1358/1513 341/1357/341 1640/1696/1640 3028/1695/3028
f 3028/1695/3028 1640/1696/1640 405/1697/405 1641/1698/1641
f 1638/1692/1638 3028/1695/3028 1641/1698/1641 404/1693/404
f 341/1357/341 1515/1364/1515 3029/1699/3029 1640/1696/1640
f 1515/1364/1515 342/1363/342 1642/1700/1642 3029/1699/3029
f 3029/1699/3029 1642/1700/1642 406/1701/406 1643/1702/1643
f 1640/1696/1640 3029/1699/3029 1643/1702/1643 405/1697/405
f 342/1363/342 1517/1370/1517 3030/1703/3030 1642/1700/1642
f 1517/1370/1517 343/1369/343 1644/1704/1644 3030/1703/3030
f 3030/1703/3030 1644/1704/1644 407/1705/407 1645/1706/1645
f 1642/1700/1642 3030/1703/3030 1645/1706/1645 406/1701/406
f 343/1369/343 1519/1376/1519 3031/1707/3031 1644/1704/1644
f 1519/1376/1519 344/1375/344 1646/1708/1646 3031/1707/3031
f 3031/1707/3031 1646/1708/1646 408/1709/408 1647/1710/1647
f 1644/1704/1644 3031/1707/3031 1647/1710/1647 407/1705/407
f 344/1375/344 1521/1383/1521 3032/1711/3032 1646/1708/1646
f 1521/1383/1521 345/1382/345 1648/1712/1648 3032/1711/3032
f 3032/1711/3032 1648/1712/1648 409/1713/409 1649/1714/1649
f 1646/1708/1646 3032/1711/3032 1649/1714/1649 408/1709/408
f 345/1382/345 1523/1389/1523 3033/1715/3033 1648/1712/1648
f 1523/1389/1523 346/1388/346 1650/1716/1650 3033/1715/3033
f 3033/1715/3033 1650/1716/1650 410/1717/410 1651/1718/1651
f 1648/1712/1648 3033/1715/3033 1651/1718/1651 409/1713/409
f 346/1388/346 1525/1395/1525 3034/1719/3034 1650/1716/1650
f 1525/1395/1525 347/1394/347 1652/1720/1652 3034/1719/3034
f 3034/1721/3034 1652/1722/1652 411/1723/411 1653/1724/1653
f 1650/1716/1650 3034/1719/3034 1653/1725/1653 410/1717/410
f 347/1394/347 1527/1726/1527 3035/1727/3035 1652/1720/1652
f 1527/1726/1527 348/1728/348 1654/1729/1654 3035/1727/3035
f 3035/1730/3035 1654/1731/1654 412/1732/412 1655/1733/1655
f 1652/1722/1652 3035/1730/3035 1655/1733/1655 411/1723/411
f 348/1734/348 1529/1735/1529 3036/1736/3036 1654/1731/1654
f 1529/1735/1529 349/1737/349 1656/1738/1656 3036/1736/3036
f 3036/1736/3036 1656/1738/1656 413/1739/413 1657/1740/1657
f 1654/1731/1654 3036/1736/3036 1657/1740/1657 412/1732/412
f 349/1737/349 1531/1741/1531 3037/1742/3037 1656/1738/1656
f 1531/1741/1531 350/1743/350 1658/1744/1658 3037/1742/3037
f 3037/1742/3037 1658/1744/1658 414/1745/414 1659/1746/1659
f 1656/1738/1656 3037/1742/3037 1659/1746/1659 413/1739/413
f 350/1743/350 1533/1747/1533 3038/1748/3038 1658/1744/1658
f 1533/1747/1533 351/1749/351 1660/1750/1660 3038/1748/3038
f 3038/1748/3038 1660/1750/1660 415/1751/415 1661/1752/1661
f 1658/1744/1658 3038/1748/3038 1661/1752/1661 414/1745/414
f 351/1749/351 1535/1753/1535 3039/1754/3039 1660/1750/1660
f 1535/1753/1535 352/1755/352 1662/1756/1662 3039/1754/3039
f 3039/1754/3039 1662/1756/1662 416/1757/416 1663/1758/1663
f 1660/1750/1660 3039/1754/3039 1663/1758/1663 415/1751/415
f 352/1755/352 1537/1422/1537 3040/1759/3040 1662/1756/1662
f 1537/1422/1537 353/1421/353 1664/1760/1664 3040/1759/3040
f 3040/1759/3040 1664/1760/1664 417/1761/417 1665/1762/1665
f 1662/1756/1662 3040/1759/3040 1665/1762/1665 416/1757/416
f 353/1421/353 1539/1429/1539 3041/1763/3041 1664/1760/1664
f 1539/1429/1539 354/1428/354 1666/1764/1666 3041/1763/3041
f 3041/1763/3041 1666/1764/1666 418/1765/418 1667/1766/1667
f 1664/1760/1664 3041/1763/3041 1667/1766/1667 417/1761/417
f 354/1428/354 1541/1435/1541 3042/1767/3042 1666/1764/1666
f 1541/1435/1541 355/1434/355 1668/1768/1668 3042/1767/3042
f 3042/1767/3042 1668/1768/1668 419/1769/419 1669/1770/1669
f 1666/1764/1666 3042/1767/3042 1669/1770/1669 418/1765/418
f 355/1434/355 1543/1441/1543 3043/1771/3043 1668/1768/1668
f 1543/1441/1543 356/1440/356 1670/1772/1670 3043/1771/3043
f 3043/1771/3043 1670/1772/1670 420/1773/420 1671/1774/1671
f 1668/1768/1668 3043/1771/3043 1671/1774/1671 419/1769/419
f 356/1440/356 1545/1447/1545 3044/1775/3044 1670/1772/1670
f 1545/1447/1545 357/1446/357 1672/1776/1672 3044/1775/3044
f 3044/1775/3044 1672/1776/1672 421/1777/421 1673/1778/1673
f 1670/1772/1670 3044/1775/3044 1673/1778/1673 420/1773/420
f 357/1446/357 1547/1453/1547 3045/1779/3045 1672/1776/1672
f 1547/1453/1547 358/1452/358 1674/1780/1674 3045/1779/3045
f 3045/1779/3045 1674/1780/1674 422/1781/422 1675/1782/1675
f 1672/1776/1672 3045/1779/3045 1675/1782/1675 421/1777/421
f 358/1452/358 1549/1459/1549 3046/1783/3046 1674/1780/1674
f 1549/1459/1549 359/1458/359 1676/1784/1676 3046/1783/3046
f 3046/1783/3046 1676/1784/1676 423/1785/423 1677/1786/1677
f 1674/1780/1674 3046/1783/3046 1677/1786/1677 422/1781/422
f 359/1458/359 1551/1466/1551 3047/1787/3047 1676/1784/1676
f 1551/1466/1551 360/1465/360 1678/1788/1678 3047/1787/3047
f 3047/1787/3047 1678/1788/1678 424/1789/424 1679/1790/1679
f 1676/1784/1676 3047/1787/3047 1679/1790/1679 423/1785/423
f 360/1465/360 1553/1472/1553 3048/1791/3048 1678/1788/1678
f 1553/1472/1553 361/1471/361 1680/1792/1680 3048/1791/3048
f 3048/1791/3048 1680/1792/1680 425/1793/425 1681/1794/1681
f 1678/1788/1678 3048/1791/3048 1681/1794/1681 424/1789/424
f 361/1471/361 1555/1478/1555 3049/1795/3049 1680/1792/1680
f 1555/1478/1555 362/1477/362 1682/1796/1682 3049/1795/3049
f 3049/1795/3049 1682/1796/1682 426/1797/426 1683/1798/1683
f 1680/1792/1680 3049/1795/3049 1683/1798/1683 425/1793/425
f 362/1477/362 1557/1485/1557 3050/1799/3050 1682/1796/1682
f 1557/1485/1557 363/1484/363 1684/1800/1684 3050/1799/3050
f 3050/1799/3050 1684/1800/1684 427/1801/427 1685/1802/1685
f 1682/1796/1682 3050/1799/3050 1685/1802/1685 426/1797/426
f 363/1484/363 1559/1491/1559 3051/1803/3051 1684/1800/1684
f 1559/1491/1559 364/1490/364 1686/1804/1686 3051/1803/3051
f 3051/1803/3051 1686/1804/1686 428/1805/428 1687/1806/1687
f 1684/1800/1684 3051/1803/3051 1687/1806/1687 427/1801/427
f 364/1490/364 1561/1807/1561 3052/1808/3052 1686/1804/1686
f 1561/1807/1561 365/1809/365 1688/1810/1688 3052/1808/3052
f 3052/1808/3052 1688/1810/1688 429/1811/429 1689/1812/1689
f 1686/1804/1686 3052/1808/3052 1689/1812/1689 428/1805/428
f 365/1809/365 1563/1813/1563 3053/1814/3053 1688/1810/1688
f 1563/1813/1563 366/1815/366 1690/1816/1690 3053/1814/3053
f 3053/1817/3053 1690/1818/1690 430/1819/430 1691/1820/1691
f 1688/1810/1688 3053/1814/3053 1691/1821/1691 429/1811/429
f 366/1815/366 1565/1822/1565 3054/1823/3054 1690/1816/1690
f 1565/1504/1565 367/1503/367 1692/1824/1692 3054/1825/3054
f 3054/1826/3054 1692/1827/1692 431/1828/431 1693/1829/1693
f 1690/1818/1690 3054/1826/3054 1693/1829/1693 430/1819/430
f 367/1503/367 1567/1508/1567 3055/1830/3055 1692/1824/1692
f 1567/1508/1567 368/1507/368 1694/1831/1694 3055/1830/3055
f 3055/1832/3055 1694/1833/1694 432/1834/432 1695/1835/1695
f 1692/1827/1692 3055/1832/3055 1695/1835/1695 431/1828/431
f 368/1507/368 1569/1512/1569 3056/1836/3056 1694/1831/1694
f 1569/1512/1569 369/1511/369 1696/1837/1696 3056/1836/3056
f 3056/1838/3056 1696/1839/1696 433/1840/433 1697/1841/1697
f 1694/1833/1694 3056/1838/3056 1697/1841/1697 432/1834/432
f 369/1511/369 1571/1516/1571 3057/1842/3057 1696/1837/1696
f 1571/1516/1571 370/1515/370 1698/1843/1698 3057/1842/3057
f 3057/1844/3057 1698/1845/1698 434/1846/434 1699/1847/1699
f 1696/1839/1696 3057/1844/3057 1699/1847/1699 433/1840/433
f 370/1515/370 1573/1520/1573 3058/1848/3058 1698/1843/1698
f 1573/1520/1573 371/1519/371 1700/1849/1700 3058/1848/3058
f 3058/1850/3058 1700/1851/1700 435/1852/435 1701/1853/1701
f 1698/1845/1698 3058/1850/3058 1701/1853/1701 434/1846/434
f 371/1519/371 1575/1524/1575 3059/1854/3059 1700/1849/1700
f 1575/1524/1575 372/1523/372 1702/1855/1702 3059/1854/3059
f 3059/1856/3059 1702/1857/1702 436/1858/436 1703/1859/1703
f 1700/1851/1700 3059/1856/3059 1703/1859/1703 435/1852/435
f 372/1523/372 1577/1528/1577 3060/1860/3060 1702/1855/1702
f 1577/1528/1577 373/1527/373 1704/1861/1704 3060/1860/3060
f 3060/1862/3060 1704/1863/1704 437/1864/437 1705/1865/1705
f 1702/1857/1702 3060/1862/3060 1705/1865/1705 436/1858/436
f 373/1527/373 1579/1532/1579 3061/1866/3061 1704/1861/1704
f 1579/1532/1579 374/1531/374 1706/1867/1706 3061/1866/3061
f 3061/1868/3061 1706/1869/1706 438/1870/438 1707/1871/1707
f 1704/1863/1704 3061/1868/3061 1707/1871/1707 437/1864/437
f 374/1531/374 1581/1536/1581 3062/1872/3062 1706/1867/1706
f 1581/1536/1581 375/1535/375 1708/1873/1708 3062/1872/3062
f 3062/1874/3062 1708/1875/1708 439/1876/439 1709/1877/1709
f 1706/1869/1706 3062/1874/3062 1709/1877/1709 438/1870/438
f 375/1535/375 1583/1540/1583 3063/1878/3063 1708/1873/1708
f 1583/1540/1583 376/1539/376 1710/1879/1710 3063/1878/3063
f 3063/1880/3063 1710/1881/1710 440/1882/440 1711/1883/1711
f 1708/1875/1708 3063/1880/3063 1711/1883/1711 439/1876/439
f 376/1539/376 1585/1544/1585 3064/1884/3064 1710/1879/1710
f 1585/1544/1585 377/1543/377 1712/1885/1712 3064/1884/3064
f 3064/1886/3064 1712/1887/1712 441/1888/441 1713/1889/1713
f 1710/1881/1710 3064/1886/3064 1713/1889/1713 440/1882/440
f 377/1890/377 1587/1891/1587 3065/1892/3065 1712/1887/1712
f 1587/1891/1587 378/1893/378 1714/1894/1714 3065/1892/3065
f 3065/1892/3065 1714/1894/1714 442/1895/442 1715/1896/1715
f 1712/1887/1712 3065/1892/3065 1715/1896/1715 441/1888/441
f 378/1893/378 1589/1897/1589 3066/1898/3066 1714/1894/1714
f 1589/1897/1589 379/1899/379 1716/1900/1716 3066/1898/3066
f 3066/1898/3066 1716/1900/1716 443/1901/443 1717/1902/1717
f 1714/1894/1714 3066/1898/3066 1717/1902/1717 442/1895/442
f 379/1899/379 1591/1903/1591 3067/1904/3067 1716/1900/1716
f 1591/1903/1591 380/1905/380 1718/1906/1718 3067/1904/3067
f 3067/1904/3067 1718/1906/1718 444/1907/444 1719/1908/1719
f 1716/1900/1716 3067/1904/3067 1719/1908/1719 443/1901/443
f 380/1905/380 1593/1909/1593 3068/1910/3068 1718/1906/1718
f 1593/1909/1593 381/1911/381 1720/1912/1720 3068/1910/3068
f 3068/1910/3068 1720/1912/1720 445/1913/445 1721/1914/1721
f 1718/1906/1718 3068/1910/3068 1721/1914/1721 444/1907/444
f 381/1911/381 1595/1915/1595 3069/1916/3069 1720/1912/1720
f 1595/1915/1595 382/1917/382 1722/1918/1722 3069/1916/3069
f 3069/1916/3069 1722/1918/1722 446/1919/446 1723/1920/1723
f 1720/1912/1720 3069/1916/3069 1723/1920/1723 445/1913/445
f 382/1917/382 1597/1921/1597 3070/1922/3070 1722/1918/1722
f 1597/1921/1597 383/1923/383 1724/1924/1724 3070/1922/3070
f 3070/1922/3070 1724/1924/1724 447/1925/447 1725/1926/1725
f 1722/1918/1722 3070/1922/3070 1725/1926/1725 446/1919/446
f 383/1923/383 1599/1927/1599 3071/1928/3071 1724/1924/1724
f 1599/1927/1599 384/1929/384 1726/1930/1726 3071/1928/3071
f 3071/1928/3071 1726/1930/1726 448/1931/448 1727/1932/1727
f 1724/1924/1724 3071/1928/3071 1727/1932/1727 447/1925/447
f 384/1929/384 1600/1933/1600 3072/1934/3072 1726/1930/1726
f 1600/1933/1600 321/1580/321 1601/1583/1601 3072/1934/3072
f 3072/1934/3072 1601/1583/1601 385/1588/385 1728/1935/1728
f 1726/1930/1726 3072/1934/3072 1728/1935/1728 448/1931/448
f 449/1936/449 1729/1937/1729 3073/1938/3073 1730/1939/1730
f 1729/1937/1729 513/1940/513 1732/1941/1732 3073/1938/3073
f 3073/1938/3073 1732/1941/1732 514/1942/514 1731/1943/1731
f 1730/1939/1730 3073/1938/3073 1731/1943/1731 450/1944/450
f 450/1944/450 1731/1943/1731 3074/1945/3074 1733/1946/1733
f 1731/1943/1731 514/1942/514 1735/1947/1735 3074/1945/3074
f 3074/1945/3074 1735/1947/1735 515/1948/515 1734/1949/1734
f 1733/1946/1733 3074/1945/3074 1734/1949/1734 451/1950/451
f 451/1950/451 1734/1949/1734 3075/1951/3075 1736/1952/1736
f 1734/1949/1734 515/1948/515 1738/1953/1738 3075/1951/3075
f 3075/1951/3075 1738/1953/1738 516/1954/516 1737/1955/1737
f 1736/1952/1736 3075/1951/3075 1737/1955/1737 452/1956/452
f 452/1956/452 1737/1955/1737 3076/1957/3076 1739/1958/1739
f 1737/1955/1737 516/1954/516 1741/1959/1741 3076/1957/3076
f 3076/1957/3076 1741/1959/1741 517/1960/517 1740/1961/1740
f 1739/1958/1739 3076/1957/3076 1740/1961/1740 453/1962/453
f 453/1962/453 1740/1961/1740 3077/1963/3077 1742/1964/1742
f 1740/1961/1740 517/1960/517 1744/1965/1744 3077/1963/3077
f 3077/1963/3077 1744/1965/1744 518/1966/518 1743/1967/1743
f 1742/1964/1742 3077/1963/3077 1743/1967/1743 454/1968/454
f 454/1968/454 1743/1967/1743 3078/1969/3078 1745/1970/1745
f 1743/1967/1743 518/1966/518 1747/1971/1747 3078/1969/3078
f 3078/1969/3078 1747/1971/1747 519/1972/519 1746/1973/1746
f 1745/1970/1745 3078/1969/3078 1746/1973/1746 455/1974/455
f 455/1974/455 1746/1973/1746 3079/1975/3079 1748/1976/1748
f 1746/1973/1746 519/1972/519 1750/1977/1750 3079/1975/3079
f 3079/1975/3079 1750/1977/1750 520/1978/520 1749/1979/1749
f 1748/1976/1748 3079/1975/3079 1749/1979/1749 456/1980/456
f 456/1980/456 1749/1979/1749 3080/1981/3080 1751/1982/1751
f 1749/1979/1749 520/1978/520 1753/1983/1753 3080/1981/3080
f 3080/1981/3080 1753/1983/1753 521/1984/521 1752/1985/1752
f 1751/1982/1751 3080/1981/3080 1752/1985/1752 457/1986/457
f 457/1986/457 1752/1985/1752 3081/1987/3081 1754/1988/1754
f 1752/1985/1752 521/1984/521 1756/1989/1756 3081/1987/3081
f 3081/1987/3081 1756/1989/1756 522/1990/522 1755/1991/1755
f 1754/1988/1754 3081/1987/3081 1755/1991/1755 458/1992/458
f 458/1992/458 1755/1991/1755 3082/1993/3082 1757/1994/1757
f 1755/1991/1755 522/1990/522 1759/1995/1759 3082/1993/3082
f 3082/1993/3082 1759/1995/1759 523/1996/523 1758/1997/1758
f 1757/1994/1757 3082/1993/3082 1758/1997/1758 459/1998/459
f 459/1998/459 1758/1997/1758 3083/1999/3083 1760/2000/1760
f 1758/1997/1758 523/1996/523 1762/2001/1762 3083/1999/3083
f 3083/1999/3083 1762/2001/1762 524/2002/524 1761/2003/1761
f 1760/2000/1760 3083/1999/3083 1761/2003/1761 460/2004/460
f 460/2004/460 1761/2003/1761 3084/2005/3084 1763/2006/1763
f 1761/2003/1761 524/2002/524 1765/2007/1765 3084/2005/3084
f 3084/2005/3084 1765/2007/1765 525/2008/525 1764/2009/1764
f 1763/2006/1763 3084/2005/3084 1764/2009/1764 461/2010/461
f 461/2010/461 1764/2009/1764 3085/2011/3085 1766/2012/1766
f 1764/2009/1764 525/2008/525 1768/2013/1768 3085/2011/3085
f 3085/2011/3085 1768/2013/1768 526/2014/526 1767/2015/1767
f 1766/2012/1766 3085/2011/3085 1767/2015/1767 462/2016/462
f 462/2016/462 1767/2015/1767 3086/2017/3086 1769/2018/1769
f 1767/2015/1767 526/2014/526 1771/2019/1771 3086/2017/3086
f 3086/2017/3086 1771/2019/1771 527/2020/527 1770/2021/1770
f 1769/2018/1769 3086/2017/3086 1770/2021/1770 463/2022/463
f 463/2022/463 1770/2021/1770 3087/2023/3087 1772/2024/1772
f 1770/2021/1770 527/2020/527 1774/2025/1774 3087/2023/3087
f 3087/2023/3087 1774/2025/1774 528/2026/528 1773/2027/1773
f 1772/2024/1772 3087/2023/3087 1773/2027/1773 464/2028/464
f 464/2028/464 1773/2027/1773 3088/2029/3088 1775/2030/1775
f 1773/2027/1773 528/2026/528 1777/2031/1777 3088/2029/3088
f 3088/2029/3088 1777/2031/1777 529/2032/529 1776/2033/1776
f 1775/2030/1775 3088/2029/3088 1776/2033/1776 465/2034/465
f 465/2034/465 1776/2033/1776 3089/2035/3089 1778/2036/1778
f 1776/2033/1776 529/2032/529 1780/2037/1780 3089/2035/3089
f 3089/2035/3089 1780/2037/1780 530/2038/530 1779/2039/1779
f 1778/2036/1778 3089/2035/3089 1779/2039/1779 466/2040/466
f 466/2040/466 1779/2039/1779 3090/2041/3090 1781/2042/1781
f 1779/2039/1779 530/2038/530 1783/2043/1783 3090/2041/3090
f 3090/2041/3090 1783/2043/1783 531/2044/531 1782/2045/1782
f 1781/2042/1781 3090/2041/3090 1782/2045/1782 467/2046/467
f 467/2046/467 1782/2045/1782 3091/2047/3091 1784/2048/1784
f 1782/2045/1782 531/2044/531 1786/2049/1786 3091/2047/3091
f 3091/2047/3091 1786/2049/1786 532/2050/532 1785/2051/1785
f 1784/2048/1784 3091/2047/3091 1785/2051/1785 468/2052/468
f 468/2052/468 1785/2051/1785 3092/2053/3092 1787/2054/1787
f 1785/2051/1785 532/2050/532 1789/2055/1789 3092/2053/3092
f 3092/2053/3092 1789/2055/1789 533/2056/533 1788/2057/1788
f 1787/2054/1787 3092/2053/3092 1788/2057/1788 469/2058/469
f 469/2058/469 1788/2057/1788 3093/2059/3093 1790/2060/1790
f 1788/2057/1788 533/2056/533 1792/2061/1792 3093/2059/3093
f 3093/2059/3093 1792/2061/1792 534/2062/534 1791/2063/1791
f 1790/2060/1790 3093/2059/3093 1791/2063/1791 470/2064/470
f 470/2064/470 1791/2063/1791 3094/2065/3094 1793/2066/1793
f 1791/2063/1791 534/2062/534 1795/2067/1795 3094/2065/3094
f 3094/2065/3094 1795/2067/1795 535/2068/535 1794/2069/1794
f 1793/2066/1793 3094/2065/3094 1794/2069/1794 471/2070/471
f 471/2070/471 1794/2069/1794 3095/2071/3095 1796/2072/1796
f 1794/2069/1794 535/2068/535 1798/2073/1798 3095/2071/3095
f 3095/2071/3095 1798/2073/1798 536/2074/536 1797/2075/1797
f 1796/2072/1796 3095/2071/3095 1797/2075/1797 472/2076/472
f 472/2076/472 1797/2075/1797 3096/2077/3096 1799/2078/1799
f 1797/2075/1797 536/2074/536 1801/2079/1801 3096/2077/3096
f 3096/2077/3096 1801/2079/1801 537/2080/537 1800/2081/1800
f 1799/2078/1799 3096/2077/3096 1800/2081/1800 473/2082/473
f 473/2082/473 1800/2081/1800 3097/2083/3097 1802/2084/1802
f 1800/2081/1800 537/2080/537 1804/2085/1804 3097/2083/3097
f 3097/2083/3097 1804/2085/1804 538/2086/538 1803/2087/1803
f 1802/2084/1802 3097/2083/3097 1803/2087/1803 474/2088/474
f 474/2088/474 1803/2087/1803 3098/2089/3098 1805/2090/1805
f 1803/2087/1803 538/2086/538 1807/2091/1807 3098/2089/3098
f 3098/2089/3098 1807/2091/1807 539/2092/539 1806/2093/1806
f 1805/2090/1805 3098/2089/3098 1806/2093/1806 475/2094/475
f 475/2094/475 1806/2093/1806 3099/2095/3099 1808/2096/1808
f 1806/2093/1806 539/2092/539 1810/2097/1810 3099/2095/3099
f 3099/2095/3099 1810/2097/1810 540/2098/540 1809/2099/1809
f 1808/2096/1808 3099/2095/3099 1809/2099/1809 476/2100/476
f 476/2100/476 1809/2099/1809 3100/2101/3100 1811/2102/1811
f 1809/2099/1809 540/2098/540 1813/2103/1813 3100/2101/3100
f 3100/2101/3100 1813/2103/1813 541/2104/541 1812/2105/1812
f 1811/2102/1811 3100/2101/3100 1812/2105/1812 477/2106/477
f 477/2106/477 1812/2105/1812 3101/2107/3101 1814/2108/1814
f 1812/2105/1812 541/2104/541 1816/2109/1816 3101/2107/3101
f 3101/2107/3101 1816/2109/1816 542/2110/542 1815/2111/1815
f 1814/2108/1814 3101/2107/3101 1815/2111/1815 478/2112/478
f 478/2112/478 1815/2111/1815 3102/2113/3102 1817/2114/1817
f 1815/2111/1815 542/2110/542 1819/2115/1819 3102/2113/3102
f 3102/2113/3102 1819/2115/1819 543/2116/543 1818/2117/1818
f 1817/2114/1817 3102/2113/3102 1818/2117/1818 479/2118/479
f 479/2118/479 1818/2117/1818 3103/2119/3103 1820/2120/1820
f 1818/2117/1818 543/2116/543 1822/2121/1822 3103/2119/3103
f 3103/2119/3103 1822/2121/1822 544/2122/544 1821/2123/1821
f 1820/2120/1820 3103/2119/3103 1821/2123/1821 480/2124/480
f 480/2124/480 1821/2123/1821 3104/2125/3104 1823/2126/1823
f 1821/2123/1821 544/2122/544 1825/2127/1825 3104/2125/3104
f 3104/2125/3104 1825/2127/1825 545/2128/545 1824/2129/1824
f 1823/2126/1823 3104/2125/3104 1824/2129/1824 481/2130/481
f 481/2130/481 1824/2129/1824 3105/2131/3105 1826/2132/1826
f 1824/2129/1824 545/2128/545 1828/2133/1828 3105/2131/3105
f 3105/2131/3105 1828/2133/1828 546/2134/546 1827/2135/1827
f 1826/2132/1826 3105/2131/3105 1827/2135/1827 482/2136/482
f 482/2136/482 1827/2135/1827 3106/2137/3106 1829/2138/1829
f 1827/2135/1827 546/2134/546 1831/2139/1831 3106/2137/3106
f 3106/2137/3106 1831/2139/1831 547/2140/547 1830/2141/1830
f 1829/2138/1829 3106/2137/3106 1830/2141/1830 483/2142/483
f 483/2142/483 1830/2141/1830 3107/2143/3107 1832/2144/1832
f 1830/2141/1830 547/2140/547 1834/2145/1834 3107/2143/3107
f 3107/2143/3107 1834/2145/1834 548/2146/548 1833/2147/1833
f 1832/2144/1832 3107/2143/3107 1833/2147/1833 484/2148/484
f 484/2148/484 1833/2147/1833 3108/2149/3108 1835/2150/1835
f 1833/2147/1833 548/2146/548 1837/2151/1837 3108/2149/3108
f 3108/2149/3108 1837/2151/1837 549/2152/549 1836/2153/1836
f 1835/2150/1835 3108/2149/3108 1836/2153/1836 485/2154/485
f 485/2154/485 1836/2153/1836 3109/2155/3109 1838/2156/1838
f 1836/2153/1836 549/2152/549 1840/2157/1840 3109/2155/3109
f 3109/2155/3109 1840/2157/1840 550/2158/550 1839/2159/1839
f 1838/2156/1838 3109/2155/3109 1839/2159/1839 486/2160/486
f 486/2160/486 1839/2159/1839 3110/2161/3110 1841/2162/1841
f 1839/2159/1839 550/2158/550 1843/2163/1843 3110/2161/3110
f 3110/2161/3110 1843/2163/1843 551/2164/551 1842/2165/1842
f 1841/2162/1841 3110/2161/3110 1842/2165/1842 487/2166/487
f 487/2166/487 1842/2165/1842 3111/2167/3111 1844/2168/1844
f 1842/2165/1842 551/2164/551 1846/2169/1846 3111/2167/3111
f 3111/2167/3111 1846/2169/1846 552/2170/552 1845/2171/1845
f 1844/2168/1844 3111/2167/3111 1845/2171/1845 488/2172/488
f 488/2172/488 1845/2171/1845 3112/2173/3112 1847/2174/1847
f 1845/2171/1845 552/2170/552 1849/2175/1849 3112/2173/3112
f 3112/2173/3112 1849/2175/1849 553/2176/553 1848/2177/1848
f 1847/2174/1847 3112/2173/3112 1848/2177/1848 489/2178/489
f 489/2178/489 1848/2177/1848 3113/2179/3113 1850/2180/1850
f 1848/2177/1848 553/2176/553 1852/2181/1852 3113/2179/3113
f 3113/2179/3113 1852/2181/1852 554/2182/554 1851/2183/1851
f 1850/2180/1850 3113/2179/3113 1851/2183/1851 490/2184/490
f 490/2184/490 1851/2183/1851 3114/2185/3114 1853/2186/1853
f 1851/2183/1851 554/2182/554 1855/2187/1855 3114/2185/3114
f 3114/2185/3114 1855/2187/1855 555/2188/555 1854/2189/1854
f 1853/2186/1853 3114/2185/3114 1854/2189/1854 491/2190/491
f 491/2190/491 1854/2189/1854 3115/2191/3115 1856/2192/1856
f 1854/2189/1854 555/2188/555 1858/2193/1858 3115/2191/3115
f 3115/2191/3115 1858/2193/1858 556/2194/556 1857/2195/1857
f 1856/2192/1856 3115/2191/3115 1857/2195/1857 492/2196/492
f 492/2196/492 1857/2195/1857 3116/2197/3116 1859/2198/1859
f 1857/2195/1857 556/2194/556 1861/2199/1861 3116/2197/3116
f 3116/2197/3116 1861/2199/1861 557/2200/557 1860/2201/1860
f 1859/2198/1859 3116/2197/3116 1860/2201/1860 493/2202/493
f 493/2202/493 1860/2201/1860 3117/2203/3117 1862/2204/1862
f 1860/2201/1860 557/2200/557 1864/2205/1864 3117/2203/3117
f 3117/2203/3117 1864/2205/1864 558/2206/558 1863/2207/1863
f 1862/2204/1862 3117/2203/3117 1863/2207/1863 494/2208/494
f 494/2208/494 1863/2207/1863 3118/2209/3118 1865/2210/1865
f 1863/2207/1863 558/2206/558 1867/2211/1867 3118/2209/3118
f 3118/2209/3118 1867/2211/1867 559/2212/559 1866/2213/1866
f 1865/2210/1865 3118/2209/3118 1866/2213/1866 495/2214/495
f 495/2214/495 1866/2213/1866 3119/2215/3119 1868/2216/1868
f 1866/2213/1866 559/2212/559 1870/2217/1870 3119/2215/3119
f 3119/2215/3119 1870/2217/1870 560/2218/560 1869/2219/1869
f 1868/2216/1868 3119/2215/3119 1869/2219/1869 496/2220/496
f 496/2220/496 1869/2219/1869 3120/2221/3120 1871/2222/1871
f 1869/2219/1869 560/2218/560 1873/2223/1873 3120/2221/3120
f 3120/2221/3120 1873/2223/1873 561/2224/561 1872/2225/1872
f 1871/2222/1871 3120/2221/3120 1872/2225/1872 497/2226/497
f 497/2226/497 1872/2225/1872 3121/2227/3121 1874/2228/1874
f 1872/2225/1872 561/2224/561 1876/2229/1876 3121/2227/3121
f 3121/2227/3121 1876/2229/1876 562/2230/562 1875/2231/1875
f 1874/2228/1874 3121/2227/3121 1875/2231/1875 498/2232/498
f 498/2232/498 1875/2231/1875 3122/2233/3122 1877/2234/1877
f 1875/2231/1875 562/2230/562 1879/2235/1879 3122/2233/3122
f 3122/2233/3122 1879/2235/1879 563/2236/563 1878/2237/1878
f 1877/2234/1877 3122/2233/3122 1878/2237/1878 499/2238/499
f 499/2238/499 1878/2237/1878 3123/2239/3123 1880/2240/1880
f 1878/2237/1878 563/2236/563 1882/2241/1882 3123/2239/3123
f 3123/2239/3123 1882/2241/1882 564/2242/564 1881/2243/1881
f 1880/2240/1880 3123/2239/3123 1881/2243/1881 500/2244/500
f 500/2244/500 1881/2243/1881 3124/2245/3124 1883/2246/1883
f 1881/2243/1881 564/2242/564 1885/2247/1885 3124/2245/3124
f 3124/2245/3124 1885/2247/1885 565/2248/565 1884/2249/1884
f 1883/2246/1883 3124/2245/3124 1884/2249/1884 501/2250/501
f 501/2250/501 1884/2249/1884 3125/2251/3125 1886/2252/1886
f 1884/2249/1884 565/2248/565 1888/2253/1888 3125/2251/3125
f 3125/2251/3125 1888/2253/1888 566/2254/566 1887/2255/1887
f 1886/2252/1886 3125/2251/3125 1887/2255/1887 502/2256/502
f 502/2256/502 1887/2255/1887 3126/2257/3126 1889/2258/1889
f 1887/2255/1887 566/2254/566 1891/2259/1891 3126/2257/3126
f 3126/2257/3126 1891/2259/1891 567/2260/567 1890/2261/1890
f 1889/2258/1889 3126/2257/3126 1890/2261/1890 503/2262/503
f 503/2262/503 1890/2261/1890 3127/2263/3127 1892/2264/1892
f 1890/2261/1890 567/2260/567 1894/2265/1894 3127/2263/3127
f 3127/2263/3127 1894/2265/1894 568/2266/568 1893/2267/1893
f 1892/2264/1892 3127/2263/3127 1893/2267/1893 504/2268/504
f 504/2268/504 1893/2267/1893 3128/2269/3128 1895/2270/1895
f 1893/2267/1893 568/2266/568 1897/2271/1897 3128/2269/3128
f 3128/2269/3128 1897/2271/1897 569/2272/569 1896/2273/1896
f 1895/2270/1895 3128/2269/3128 1896/2273/1896 505/2274/505
f 505/2274/505 1896/2273/1896 3129/2275/3129 1898/2276/1898
f 1896/2273/1896 569/2272/569 1900/2277/1900 3129/2275/3129
f 3129/2275/3129 1900/2277/1900 570/2278/570 1899/2279/1899
f 1898/2276/1898 3129/2275/3129 1899/2279/1899 506/2280/506
f 506/2280/506 1899/2279/1899 3130/2281/3130 1901/2282/1901
f 1899/2279/1899 570/2278/570 1903/2283/1903 3130/2281/3130
f 3130/2281/3130 1903/2283/1903 571/2284/571 1902/2285/1902
f 1901/2282/1901 3130/2281/3130 1902/2285/1902 507/2286/507
f 507/2286/507 1902/2285/1902 3131/2287/3131 1904/2288/1904
f 1902/2285/1902 571/2284/571 1906/2289/1906 3131/2287/3131
f 3131/2287/3131 1906/2289/1906 572/2290/572 1905/2291/1905
f 1904/2288/1904 3131/2287/3131 1905/2291/1905 508/2292/508
f 508/2292/508 1905/2291/1905 3132/2293/3132 1907/2294/1907
f 1905/2291/1905 572/2290/572 1909/2295/1909 3132/2293/3132
f 3132/2293/3132 1909/2295/1909 573/2296/573 1908/2297/1908
f 1907/2294/1907 3132/2293/3132 1908/2297/1908 509/2298/509
f 509/2298/509 1908/2297/1908 3133/2299/3133 1910/2300/1910
f 1908/2297/1908 573/2296/573 1912/2301/1912 3133/2299/3133
f 3133/2299/3133 1912/2301/1912 574/2302/574 1911/2303/1911
f 1910/2300/1910 3133/2299/3133 1911/2303/1911 510/2304/510
f 510/2304/510 1911/2303/1911 3134/2305/3134 1913/2306/1913
f 1911/2303/1911 574/2302/574 1915/2307/1915 3134/2305/3134
f 3134/2305/3134 1915/2307/1915 575/2308/575 1914/2309/1914
f 1913/2306/1913 3134/2305/3134 1914/2309/1914 511/2310/511
f 511/2310/511 1914/2309/1914 3135/2311/3135 1916/2312/1916
f 1914/2309/1914 575/2308/575 1918/2313/1918 3135/2311/3135
f 3135/2311/3135 1918/2313/1918 576/2314/576 1917/2315/1917
f 1916/2312/1916 3135/2311/3135 1917/2315/1917 512/2316/512
f 512/2316/512 1917/2315/1917 3136/2317/3136 1919/2318/1919
f 1917/2315/1917 576/2314/576 1920/2319/1920 3136/2317/3136
f 3136/2317/3136 1920/2319/1920 513/1940/513 1729/1937/1729
f 1919/2318/1919 3136/2317/3136 1729/1937/1729 449/1936/449
f 513/1940/513 1921/2320/1921 3137/2321/3137 1732/1941/1732
f 1921/2322/1921 577/2323/577 1923/2324/1923 3137/2325/3137
f 3137/2325/3137 1923/2324/1923 578/2326/578 1922/2327/1922
f 1732/1941/1732 3137/2321/3137 1922/2328/1922 514/1942/514
f 514/1942/514 1922/2328/1922 3138/2329/3138 1735/1947/1735
f 1922/2327/1922 578/2326/578 1925/2330/1925 3138/2331/3138
f 3138/2331/3138 1925/2330/1925 579/2332/579 1924/2333/1924
f 1735/1947/1735 3138/2329/3138 1924/2334/1924 515/1948/515
f 515/1948/515 1924/2334/1924 3139/2335/3139 1738/1953/1738
f 1924/2333/1924 579/2332/579 1927/2336/1927 3139/2337/3139
f 3139/2337/3139 1927/2336/1927 580/2338/580 1926/2339/1926
f 1738/1953/1738 3139/2335/3139 1926/2340/1926 516/1954/516
f 516/1954/516 1926/2340/1926 3140/2341/3140 1741/1959/1741
f 1926/2339/1926 580/2338/580 1929/2342/1929 3140/2343/3140
f 3140/2343/3140 1929/2342/1929 581/2344/581 1928/2345/1928
f 1741/1959/1741 3140/2341/3140 1928/2346/1928 517/1960/517
f 517/1960/517 1928/2346/1928 3141/2347/3141 1744/1965/1744
f 1928/2345/1928 581/2344/581 1931/2348/1931 3141/2349/3141
f 3141/2349/3141 1931/2348/1931 582/2350/582 1930/2351/1930
f 1744/1965/1744 3141/2347/3141 1930/2352/1930 518/1966/518
f 518/1966/518 1930/2352/1930 3142/2353/3142 1747/1971/1747
f 1930/2351/1930 582/2350/582 1933/2354/1933 3142/2355/3142
f 3142/2355/3142 1933/2354/1933 583/2356/583 1932/2357/1932
f 1747/1971/1747 3142/2353/3142 1932/2358/1932 519/1972/519
f 519/1972/519 1932/2358/1932 3143/2359/3143 1750/1977/1750
f 1932/2357/1932 583/2356/583 1935/2360/1935 3143/2361/3143
f 3143/2361/3143 1935/2360/1935 584/2362/584 1934/2363/1934
f 1750/1977/1750 3143/2359/3143 1934/2364/1934 520/1978/520
f 520/1978/520 1934/2364/1934 3144/2365/3144 1753/1983/1753
f 1934/2363/1934 584/2362/584 1937/2366/1937 3144/2367/3144
f 3144/2367/3144 1937/2366/1937 585/2368/585 1936/2369/1936
f 1753/1983/1753 3144/2365/3144 1936/2370/1936 521/1984/521
f 521/1984/521 1936/2370/1936 3145/2371/3145 1756/1989/1756
f 1936/2369/1936 585/2368/585 1939/2372/1939 3145/2373/3145
f 3145/2373/3145 1939/2372/1939 586/2374/586 1938/2375/1938
f 1756/1989/1756 3145/2371/3145 1938/2376/1938 522/1990/522
f 522/1990/522 1938/2376/1938 3146/2377/3146 1759/1995/1759
f 1938/2375/1938 586/2374/586 1941/2378/1941 3146/2379/3146
f 3146/2379/3146 1941/2378/1941 587/2380/587 1940/2381/1940
f 1759/1995/1759 3146/2377/3146 1940/2382/1940 523/1996/523
f 523/1996/523 1940/2382/1940 3147/2383/3147 1762/2001/1762
f 1940/2381/1940 587/2380/587 1943/2384/1943 3147/2385/3147
f 3147/2385/3147 1943/2384/1943 588/2386/588 1942/2387/1942
f 1762/2001/1762 3147/2383/3147 1942/2388/1942 524/2002/524
f 524/2002/524 1942/2388/1942 3148/2389/3148 1765/2007/1765
f 1942/2387/1942 588/2386/588 1945/2390/1945 3148/2391/3148
f 3148/2391/3148 1945/2390/1945 589/2392/589 1944/2393/1944
f 1765/2007/1765 3148/2389/3148 1944/2394/1944 525/2008/525
f 525/2008/525 1944/2394/1944 3149/2395/3149 1768/2013/1768
f 1944/2393/1944 589/2392/589 1947/2396/1947 3149/2397/3149
f 3149/2397/3149 1947/2396/1947 590/2398/590 1946/2399/1946
f 1768/2013/1768 3149/2395/3149 1946/2400/1946 526/2014/526
f 526/2014/526 1946/2400/1946 3150/2401/3150 1771/2019/1771
f 1946/2400/1946 590/2402/590 1949/2403/1949 3150/2401/3150
f 3150/2401/3150 1949/2403/1949 591/2404/591 1948/2405/1948
f 1771/2019/1771 3150/2401/3150 1948/2405/1948 527/2020/527
f 527/2020/527 1948/2405/1948 3151/2406/3151 1774/2025/1774
f 1948/2405/1948 591/2404/591 1951/2407/1951 3151/2406/3151
f 3151/2406/3151 1951/2407/1951 592/2408/592 1950/2409/1950
f 1774/2025/1774 3151/2406/3151 1950/2409/1950 528/2026/528
f 528/2026/528 1950/2409/1950 3152/2410/3152 1777/2031/1777
f 1950/2409/1950 592/2408/592 1953/2411/1953 3152/2410/3152
f 3152/2410/3152 1953/2411/1953 593/2412/593 1952/2413/1952
f 1777/2031/1777 3152/2410/3152 1952/2413/1952 529/2032/529
f 529/2032/529 1952/2413/1952 3153/2414/3153 1780/2037/1780
f 1952/2413/1952 593/2412/593 1955/2415/1955 3153/2414/3153
f 3153/2414/3153 1955/2415/1955 594/2416/594 1954/2417/1954
f 1780/2037/1780 3153/2414/3153 1954/2417/1954 530/2038/530
f 530/2038/530 1954/2417/1954 3154/2418/3154 1783/2043/1783
f 1954/2417/1954 594/2416/594 1957/2419/1957 3154/2418/3154
f 3154/2418/3154 1957/2419/1957 595/2420/595 1956/2421/1956
f 1783/2043/1783 3154/2418/3154 1956/2421/1956 531/2044/531
f 531/2044/531 1956/2421/1956 3155/2422/3155 1786/2049/1786
f 1956/2421/1956 595/2420/595 1959/2423/1959 3155/2422/3155
f 3155/2422/3155 1959/2423/1959 596/2424/596 1958/2425/1958
f 1786/2049/1786 3155/2422/3155 1958/2425/1958 532/2050/532
f 532/2050/532 1958/2425/1958 3156/2426/3156 1789/2055/1789
f 1958/2425/1958 596/2424/596 1961/2427/1961 3156/2426/3156
f 3156/2426/3156 1961/2427/1961 597/2428/597 1960/2429/1960
f 1789/2055/1789 3156/2426/3156 1960/2429/1960 533/2056/533
f 533/2056/533 1960/2429/1960 3157/2430/3157 1792/2061/1792
f 1960/2429/1960 597/2428/597 1963/2431/1963 3157/2430/3157
f 3157/2430/3157 1963/2431/1963 598/2432/598 1962/2433/1962
f 1792/2061/1792 3157/2430/3157 1962/2433/1962 534/2062/534
f 534/2062/534 1962/2433/1962 3158/2434/3158 1795/2067/1795
f 1962/2433/1962 598/2432/598 1965/2435/1965 3158/2434/3158
f 3158/2434/3158 1965/2435/1965 599/2436/599 1964/2437/1964
f 1795/2067/1795 3158/2434/3158 1964/2437/1964 535/2068/535
f 535/2068/535 1964/2437/1964 3159/2438/3159 1798/2073/1798
f 1964/2437/1964 599/2436/599 1967/2439/1967 3159/2438/3159
f 3159/2438/3159 1967/2439/1967 600/2440/600 1966/2441/1966
f 1798/2073/1798 3159/2438/3159 1966/2441/1966 536/2074/536
f 536/2074/536 1966/2441/1966 3160/2442/3160 1801/2079/1801
f 1966/2441/1966 600/2440/600 1969/2443/1969 3160/2442/3160
f 3160/2442/3160 1969/2443/1969 601/2444/601 1968/2445/1968
f 1801/2079/1801 3160/2442/3160 1968/2445/1968 537/2080/537
f 537/2080/537 1968/2445/1968 3161/2446/3161 1804/2085/1804
f 1968/2445/1968 601/2444/601 1971/2447/1971 3161/2446/3161
f 3161/2446/3161 1971/2447/1971 602/2448/602 1970/2449/1970
f 1804/2085/1804 3161/2446/3161 1970/2449/1970 538/2086/538
f 538/2086/538 1970/2449/1970 3162/2450/3162 1807/2091/1807
f 1970/2449/1970 602/2448/602 1973/2451/1973 3162/2450/3162
f 3162/2450/3162 1973/2451/1973 603/2452/603 1972/2453/1972
f 1807/2091/1807 3162/2450/3162 1972/2453/1972 539/2092/539
f 539/2092/539 1972/2453/1972 3163/2454/3163 1810/2097/1810
f 1972/2453/1972 603/2452/603 1975/2455/1975 3163/2454/3163
f 3163/2454/3163 1975/2455/1975 604/2456/604 1974/2457/1974
f 1810/2097/1810 3163/2454/3163 1974/2457/1974 540/2098/540
f 540/2098/540 1974/2457/1974 3164/2458/3164 1813/2103/1813
f 1974/2457/1974 604/2456/604 1977/2459/1977 3164/2458/3164
f 3164/2458/3164 1977/2459/1977 605/2460/605 1976/2461/1976
f 1813/2103/1813 3164/2458/3164 1976/2461/1976 541/2104/541
f 541/2104/541 1976/2461/1976 3165/2462/3165 1816/2109/1816
f 1976/2461/1976 605/2460/605 1979/2463/1979 3165/2462/3165
f 3165/2462/3165 1979/2463/1979 606/2464/606 1978/2465/1978
f 1816/2109/1816 3165/2462/3165 1978/2465/1978 542/2110/542
f 542/2110/542 1978/2465/1978 3166/2466/3166 1819/2115/1819
f 1978/2465/1978 606/2464/606 1981/2467/1981 3166/2466/3166
f 3166/2466/3166 1981/2467/1981 607/2468/607 1980/2469/1980
f 1819/2115/1819 3166/2466/3166 1980/2469/1980 543/2116/543
f 543/2116/543 1980/2469/1980 3167/2470/3167 1822/2121/1822
f 1980/2469/1980 607/2468/607 1983/2471/1983 3167/2470/3167
f 3167/2470/3167 1983/2471/1983 608/2472/608 1982/2473/1982
f 1822/2121/1822 3167/2470/3167 1982/2473/1982 544/2122/544
f 544/2122/544 1982/2473/1982 3168/2474/3168 1825/2127/1825
f 1982/2473/1982 608/2472/608 1985/2475/1985 3168/2474/3168
f 3168/2474/3168 1985/2475/1985 609/2476/609 1984/2477/1984
f 1825/2127/1825 3168/2474/3168 1984/2477/1984 545/2128/545
f 545/2128/545 1984/2477/1984 3169/2478/3169 1828/2133/1828
f 1984/2477/1984 609/2476/609 1987/2479/1987 3169/2478/3169
f 3169/2478/3169 1987/2479/1987 610/2480/610 1986/2481/1986
f 1828/2133/1828 3169/2478/3169 1986/2481/1986 546/2134/546
f 546/2134/546 1986/2481/1986 3170/2482/3170 1831/2139/1831
f 1986/2481/1986 610/2480/610 1989/2483/1989 3170/2482/3170
f 3170/2482/3170 1989/2483/1989 611/2484/611 1988/2485/1988
f 1831/2139/1831 3170/2482/3170 1988/2485/1988 547/2140/547
f 547/2140/547 1988/2485/1988 3171/2486/3171 1834/2145/1834
f 1988/2485/1988 611/2484/611 1991/2487/1991 3171/2486/3171
f 3171/2486/3171 1991/2487/1991 612/2488/612 1990/2489/1990
f 1834/2145/1834 3171/2486/3171 1990/2489/1990 548/2146/548
f 548/2146/548 1990/2489/1990 3172/2490/3172 1837/2151/1837
f 1990/2489/1990 612/2488/612 1993/2491/1993 3172/2490/3172
f 3172/2490/3172 1993/2491/1993 613/2492/613 1992/2493/1992
f 1837/2151/1837 3172/2490/3172 1992/2493/1992 549/2152/549
f 549/2152/549 1992/2493/1992 3173/2494/3173 1840/2157/1840
f 1992/2493/1992 613/2492/613 1995/2495/1995 3173/2494/3173
f 3173/2494/3173 1995/2495/1995 614/2496/614 1994/2497/1994
f 1840/2157/1840 3173/2494/3173 1994/2497/1994 550/2158/550
f 550/2158/550 1994/2497/1994 3174/2498/3174 1843/2163/1843
f 1994/2497/1994 614/2496/614 1997/2499/1997 3174/2498/3174
f 3174/2498/3174 1997/2499/1997 615/2500/615 1996/2501/1996
f 1843/2163/1843 3174/2498/3174 1996/2501/1996 551/2164/551
f 551/2164/551 1996/2501/1996 3175/2502/3175 1846/2169/1846
f 1996/2501/1996 615/2500/615 1999/2503/1999 3175/2502/3175
f 3175/2502/3175 1999/2503/1999 616/2504/616 1998/2505/1998
f 1846/2169/1846 3175/2502/3175 1998/2505/1998 552/2170/552
f 552/2170/552 1998/2505/1998 3176/2506/3176 1849/2175/1849
f 1998/2505/1998 616/2504/616 2001/2507/2001 3176/2506/3176
f 3176/2506/3176 2001/2507/2001 617/2508/617 2000/2509/2000
f 1849/2175/1849 3176/2506/3176 2000/2509/2000 553/2176/553
f 553/2176/553 2000/2509/2000 3177/2510/3177 1852/2181/1852
f 2000/2509/2000 617/2508/617 2003/2511/2003 3177/2510/3177
f 3177/2510/3177 2003/2511/2003 618/2512/618 2002/2513/2002
f 1852/2181/1852 3177/2510/3177 2002/2513/2002 554/2182/554
f 554/2182/554 2002/2513/2002 3178/2514/3178 1855/2187/1855
f 2002/2513/2002 618/2512/618 2005/2515/2005 3178/2514/3178
f 3178/2514/3178 2005/2515/2005 619/2516/619 2004/2517/2004
f 1855/2187/1855 3178/2514/3178 2004/2517/2004 555/2188/555
f 555/2188/555 2004/2517/2004 3179/2518/3179 1858/2193/1858
f 2004/2517/2004 619/2516/619 2007/2519/2007 3179/2518/3179
f 3179/2518/3179 2007/2519/2007 620/2520/620 2006/2521/2006
f 1858/2193/1858 3179/2518/3179 2006/2521/2006 556/2194/556
f 556/2194/556 2006/2521/2006 3180/2522/3180 1861/2199/1861
f 2006/2521/2006 620/2520/620 2009/2523/2009 3180/2522/3180
f 3180/2522/3180 2009/2523/2009 621/2524/621 2008/2525/2008
f 1861/2199/1861 3180/2522/3180 2008/2525/2008 557/2200/557
f 557/2200/557 2008/2525/2008 3181/2526/3181 1864/2205/1864
f 2008/2525/2008 621/2524/621 2011/2527/2011 3181/2526/3181
f 3181/2528/3181 2011/2529/2011 622/2530/622 2010/2531/2010
f 1864/2205/1864 3181/2526/3181 2010/2532/2010 558/2206/558
f 558/2206/558 2010/2532/2010 3182/2533/3182 1867/2211/1867
f 2010/2531/2010 622/2530/622 2013/2534/2013 3182/2535/3182
f 3182/2535/3182 2013/2534/2013 623/2536/623 2012/2537/2012
f 1867/2211/1867 3182/2533/3182 2012/2538/2012 559/2212/559
f 559/2212/559 2012/2538/2012 3183/2539/3183 1870/2217/1870
f 2012/2537/2012 623/2536/623 2015/2540/2015 3183/2541/3183
f 3183/2541/3183 2015/2540/2015 624/2542/624 2014/2543/2014
f 1870/2217/1870 3183/2539/3183 2014/2544/2014 560/2218/560
f 560/2218/560 2014/2544/2014 3184/2545/3184 1873/2223/1873
f 2014/2543/2014 624/2542/624 2017/2546/2017 3184/2547/3184
f 3184/2547/3184 2017/2546/2017 625/2548/625 2016/2549/2016
f 1873/2223/1873 3184/2545/3184 2016/2550/2016 561/2224/561
f 561/2224/561 2016/2550/2016 3185/2551/3185 1876/2229/1876
f 2016/2549/2016 625/2548/625 2019/2552/2019 3185/2553/3185
f 3185/2553/3185 2019/2552/2019 626/2554/626 2018/2555/2018
f 1876/2229/1876 3185/2551/3185 2018/2556/2018 562/2230/562
f 562/2230/562 2018/2556/2018 3186/2557/3186 1879/2235/1879
f 2018/2555/2018 626/2554/626 2021/2558/2021 3186/2559/3186
f 3186/2559/3186 2021/2558/2021 627/2560/627 2020/2561/2020
f 1879/2235/1879 3186/2557/3186 2020/2562/2020 563/2236/563
f 563/2236/563 2020/2562/2020 3187/2563/3187 1882/2241/1882
f 2020/2561/2020 627/2560/627 2023/2564/2023 3187/2565/3187
f 3187/2565/3187 2023/2564/2023 628/2566/628 2022/2567/2022
f 1882/2241/1882 3187/2563/3187 2022/2568/2022 564/2242/564
f 564/2242/564 2022/2568/2022 3188/2569/3188 1885/2247/1885
f 2022/2567/2022 628/2566/628 2025/2570/2025 3188/2571/3188
f 3188/2571/3188 2025/2570/2025 629/2572/629 2024/2573/2024
f 1885/2247/1885 3188/2569/3188 2024/2574/2024 565/2248/565
f 565/2248/565 2024/2574/2024 3189/2575/3189 1888/2253/1888
f 2024/2573/2024 629/2572/629 2027/2576/2027 3189/2577/3189
f 3189/2577/3189 2027/2576/2027 630/2578/630 2026/2579/2026
f 1888/2253/1888 3189/2575/3189 2026/2580/2026 566/2254/566
f 566/2254/566 2026/2580/2026 3190/2581/3190 1891/2259/1891
f 2026/2579/2026 630/2578/630 2029/2582/2029 3190/2583/3190
f 3190/2583/3190 2029/2582/2029 631/2584/631 2028/2585/2028
f 1891/2259/1891 3190/2581/3190 2028/2586/2028 567/2260/567
f 567/2260/567 2028/2586/2028 3191/2587/3191 1894/2265/1894
f 2028/2585/2028 631/2584/631 2031/2588/2031 3191/2589/3191
f 3191/2589/3191 2031/2588/2031 632/2590/632 2030/2591/2030
f 1894/2265/1894 3191/2587/3191 2030/2592/2030 568/2266/568
f 568/2266/568 2030/2592/2030 3192/2593/3192 1897/2271/1897
f 2030/2591/2030 632/2590/632 2033/2594/2033 3192/2595/3192
f 3192/2595/3192 2033/2594/2033 633/2596/633 2032/2597/2032
f 1897/2271/1897 3192/2593/3192 2032/2598/2032 569/2272/569
f 569/2272/569 2032/2598/2032 3193/2599/3193 1900/2277/1900
f 2032/2597/2032 633/2596/633 2035/2600/2035 3193/2601/3193
f 3193/2601/3193 2035/2600/2035 634/2602/634 2034/2603/2034
f 1900/2277/1900 3193/2599/3193 2034/2604/2034 570/2278/570
f 570/2278/570 2034/2604/2034 3194/2605/3194 1903/2283/1903
f 2034/2603/2034 634/2602/634 2037/2606/2037 3194/2607/3194
f 3194/2607/3194 2037/2606/2037 635/2608/635 2036/2609/2036
f 1903/2283/1903 3194/2605/3194 2036/2610/2036 571/2284/571
f 571/2284/571 2036/2610/2036 3195/2611/3195 1906/2289/1906
f 2036/2609/2036 635/2608/635 2039/2612/2039 3195/2613/3195
f 3195/2613/3195 2039/2612/2039 636/2614/636 2038/2615/2038
f 1906/2289/1906 3195/2611/3195 2038/2616/2038 572/2290/572
f 572/2290/572 2038/2616/2038 3196/2617/3196 1909/2295/1909
f 2038/2618/2038 636/2619/636 2041/2620/2041 3196/2621/3196
f 3196/2621/3196 2041/2620/2041 637/2622/637 2040/2623/2040
f 1909/2295/1909 3196/2617/3196 2040/2624/2040 573/2296/573
f 573/2296/573 2040/2624/2040 3197/2625/3197 1912/2301/1912
f 2040/2623/2040 637/2622/637 2043/2626/2043 3197/2627/3197
f 3197/2627/3197 2043/2626/2043 638/2628/638 2042/2629/2042
f 1912/2301/1912 3197/2625/3197 2042/2630/2042 574/2302/574
f 574/2302/574 2042/2630/2042 3198/2631/3198 1915/2307/1915
f 2042/2629/2042 638/2628/638 2045/2632/2045 3198/2633/3198
f 3198/2633/3198 2045/2632/2045 639/2634/639 2044/2635/2044
f 1915/2307/1915 3198/2631/3198 2044/2636/2044 575/2308/575
f 575/2308/575 2044/2636/2044 3199/2637/3199 1918/2313/1918
f 2044/2635/2044 639/2634/639 2047/2638/2047 3199/2639/3199
f 3199/2639/3199 2047/2638/2047 640/2640/640 2046/2641/2046
f 1918/2313/1918 3199/2637/3199 2046/2642/2046 576/2314/576
f 576/2314/576 2046/2642/2046 3200/2643/3200 1920/2319/1920
f 2046/2641/2046 640/2640/640 2048/2644/2048 3200/2645/3200
f 3200/2645/3200 2048/2644/2048 577/2323/577 1921/2322/1921
f 1920/2319/1920 3200/2643/3200 1921/2320/1921 513/1940/513
f 577/2323/577 2049/2646/2049 3201/2647/3201 1923/2324/1923
f 2049/2646/2049 641/2648/641 2051/2649/2051 3201/2647/3201
f 3201/2647/3201 2051/2649/2051 642/2650/642 2050/2651/2050
f 1923/2324/1923 3201/2647/3201 2050/2651/2050 578/2326/578
f 578/2326/578 2050/2651/2050 3202/2652/3202 1925/2330/1925
f 2050/2651/2050 642/2650/642 2053/2653/2053 3202/2652/3202
f 3202/2652/3202 2053/2653/2053 643/2654/643 2052/2655/2052
f 1925/2330/1925 3202/2652/3202 2052/2655/2052 579/2332/579
f 579/2332/579 2052/2655/2052 3203/2656/3203 1927/2336/1927
f 2052/2655/2052 643/2654/643 2055/2657/2055 3203/2656/3203
f 3203/2656/3203 2055/2657/2055 644/2658/644 2054/2659/2054
f 1927/2336/1927 3203/2656/3203 2054/2659/2054 580/2338/580
f 580/2338/580 2054/2659/2054 3204/2660/3204 1929/2342/1929
f 2054/2659/2054 644/2658/644 2057/2661/2057 3204/2660/3204
f 3204/2660/3204 2057/2661/2057 645/2662/645 2056/2663/2056
f 1929/2342/1929 3204/2660/3204 2056/2663/2056 581/2344/581
f 581/2344/581 2056/2663/2056 3205/2664/3205 1931/2348/1931
f 2056/2663/2056 645/2662/645 2059/2665/2059 3205/2664/3205
f 3205/2664/3205 2059/2665/2059 646/2666/646 2058/2667/2058
f 1931/2348/1931 3205/2664/3205 2058/2667/2058 582/2350/582
f 582/2350/582 2058/2667/2058 3206/2668/3206 1933/2354/1933
f 2058/2667/2058 646/2666/646 2061/2669/2061 3206/2668/3206
f 3206/2668/3206 2061/2669/2061 647/2670/647 2060/2671/2060
f 1933/2354/1933 3206/2668/3206 2060/2671/2060 583/2356/583
f 583/2356/583 2060/2671/2060 3207/2672/3207 1935/2360/1935
f 2060/2671/2060 647/2670/647 2063/2673/2063 3207/2672/3207
f 3207/2672/3207 2063/2673/2063 648/2674/648 2062/2675/2062
f 1935/2360/1935 3207/2672/3207 2062/2675/2062 584/2362/584
f 584/2362/584 2062/2675/2062 3208/2676/3208 1937/2366/1937
f 2062/2675/2062 648/2674/648 2065/2677/2065 3208/2676/3208
f 3208/2676/3208 2065/2677/2065 649/2678/649 2064/2679/2064
f 1937/2366/1937 3208/2676/3208 2064/2679/2064 585/2368/585
f 585/2368/585 2064/2679/2064 3209/2680/3209 1939/2372/1939
f 2064/2679/2064 649/2678/649 2067/2681/2067 3209/2680/3209
f 3209/2680/3209 2067/2681/2067 650/2682/650 2066/2683/2066
f 1939/2372/1939 3209/2680/3209 2066/2683/2066 586/2374/586
f 586/2374/586 2066/2683/2066 3210/2684/3210 1941/2378/1941
f 2066/2683/2066 650/2682/650 2069/2685/2069 3210/2684/3210
f 3210/2684/3210 2069/2685/2069 651/2686/651 2068/2687/2068
f 1941/2378/1941 3210/2684/3210 2068/2687/2068 587/2380/587
f 587/2380/587 2068/2687/2068 3211/2688/3211 1943/2384/1943
f 2068/2687/2068 651/2686/651 2071/2689/2071 3211/2688/3211
f 3211/2688/3211 2071/2689/2071 652/2690/652 2070/2691/2070
f 1943/2384/1943 3211/2688/3211 2070/2691/2070 588/2386/588
f 588/2386/588 2070/2691/2070 3212/2692/3212 1945/2390/1945
f 2070/2691/2070 652/2690/652 2073/2693/2073 3212/2692/3212
f 3212/2692/3212 2073/2693/2073 653/2694/653 2072/2695/2072
f 1945/2390/1945 3212/2692/3212 2072/2695/2072 589/2392/589
f 589/2392/589 2072/2695/2072 3213/2696/3213 1947/2396/1947
f 2072/2695/2072 653/2694/653 2075/2697/2075 3213/2696/3213
f 3213/2696/3213 2075/2697/2075 654/2698/654 2074/2699/2074
f 1947/2396/1947 3213/2696/3213 2074/2699/2074 590/2398/590
f 590/2398/590 2074/2699/2074 3214/2700/3214 1949/2701/1949
f 2074/2699/2074 654/2698/654 2077/2702/2077 3214/2700/3214
f 3214/2700/3214 2077/2702/2077 655/2703/655 2076/2704/2076
f 1949/2701/1949 3214/2700/3214 2076/2704/2076 591/2705/591
f 591/2705/591 2076/2704/2076 3215/2706/3215 1951/2707/1951
f 2076/2704/2076 655/2703/655 2079/2708/2079 3215/2706/3215
f 3215/2706/3215 2079/2708/2079 656/2709/656 2078/2710/2078
f 1951/2707/1951 3215/2706/3215 2078/2710/2078 592/2711/592
f 592/2408/592 2078/2712/2078 3216/2713/3216 1953/2411/1953
f 2078/2710/2078 656/2709/656 2081/2714/2081 3216/2715/3216
f 3216/2713/3216 2081/2716/2081 657/2717/657 2080/2718/2080
f 1953/2411/1953 3216/2713/3216 2080/2718/2080 593/2412/593
f 593/2412/593 2080/2718/2080 3217/2719/3217 1955/2415/1955
f 2080/2718/2080 657/2717/657 2083/2720/2083 3217/2719/3217
f 3217/2719/3217 2083/2720/2083 658/2721/658 2082/2722/2082
f 1955/2415/1955 3217/2719/3217 2082/2722/2082 594/2416/594
f 594/2416/594 2082/2722/2082 3218/2723/3218 1957/2419/1957
f 2082/2722/2082 658/2721/658 2085/2724/2085 3218/2723/3218
f 3218/2723/3218 2085/2724/2085 659/2725/659 2084/2726/2084
f 1957/2419/1957 3218/2723/3218 2084/2726/2084 595/2420/595
f 595/2420/595 2084/2726/2084 3219/2727/3219 1959/2423/1959
f 2084/2726/2084 659/2725/659 2087/2728/2087 3219/2727/3219
f 3219/2727/3219 2087/2728/2087 660/2729/660 2086/2730/2086
f 1959/2423/1959 3219/2727/3219 2086/2730/2086 596/2424/596
f 596/2424/596 2086/2730/2086 3220/2731/3220 1961/2427/1961
f 2086/2730/2086 660/2729/660 2089/2732/2089 3220/2731/3220
f 3220/2731/3220 2089/2732/2089 661/2733/661 2088/2734/2088
f 1961/2427/1961 3220/2731/3220 2088/2734/2088 597/2428/597
f 597/2428/597 2088/2734/2088 3221/2735/3221 1963/2431/1963
f 2088/2734/2088 661/2733/661 2091/2736/2091 3221/2735/3221
f 3221/2735/3221 2091/2736/2091 662/2737/662 2090/2738/2090
f 1963/2431/1963 3221/2735/3221 2090/2738/2090 598/2432/598
f 598/2432/598 2090/2738/2090 3222/2739/3222 1965/2435/1965
f 2090/2738/2090 662/2737/662 2093/2740/2093 3222/2739/3222
f 3222/2739/3222 2093/2740/2093 663/2741/663 2092/2742/2092
f 1965/2435/1965 3222/2739/3222 2092/2742/2092 599/2436/599
f 599/2436/599 2092/2742/2092 3223/2743/3223 1967/2439/1967
f 2092/2742/2092 663/2741/663 2095/2744/2095 3223/2743/3223
f 3223/2743/3223 2095/2744/2095 664/2745/664 2094/2746/2094
f 1967/2439/1967 3223/2743/3223 2094/2746/2094 600/2440/600
f 600/2440/600 2094/2746/2094 3224/2747/3224 1969/2443/1969
f 2094/2746/2094 664/2745/664 2097/2748/2097 3224/2747/3224
f 3224/2747/3224 2097/2748/2097 665/2749/665 2096/2750/2096
f 1969/2443/1969 3224/2747/3224 2096/2750/2096 601/2444/601
f 601/2444/601 2096/2750/2096 3225/2751/3225 1971/2447/1971
f 2096/2750/2096 665/2749/665 2099/2752/2099 3225/2751/3225
f 3225/2751/3225 2099/2752/2099 666/2753/666 2098/2754/2098
f 1971/2447/1971 3225/2751/3225 2098/2754/2098 602/2448/602
f 602/2448/602 2098/2754/2098 3226/2755/3226 1973/2451/1973
f 2098/2754/2098 666/2753/666 2101/2756/2101 3226/2755/3226
f 3226/2755/3226 2101/2756/2101 667/2757/667 2100/2758/2100
f 1973/2451/1973 3226/2755/3226 2100/2758/2100 603/2452/603
f 603/2452/603 2100/2758/2100 3227/2759/3227 1975/2455/1975
f 2100/2758/2100 667/2757/667 2103/2760/2103 3227/2759/3227
f 3227/2759/3227 2103/2760/2103 668/2761/668 2102/2762/2102
f 1975/2455/1975 3227/2759/3227 2102/2762/2102 604/2456/604
f 604/2456/604 2102/2762/2102 3228/2763/3228 1977/2459/1977
f 2102/2762/2102 668/2761/668 2105/2764/2105 3228/2763/3228
f 3228/2763/3228 2105/2764/2105 669/2765/669 2104/2766/2104
f 1977/2459/1977 3228/2763/3228 2104/2766/2104 605/2460/605
f 605/2460/605 2104/2766/2104 3229/2767/3229 1979/2463/1979
f 2104/2766/2104 669/2765/669 2107/2768/2107 3229/2767/3229
f 3229/2767/3229 2107/2768/2107 670/2769/670 2106/2770/2106
f 1979/2463/1979 3229/2767/3229 2106/2770/2106 606/2464/606
f 606/2464/606 2106/2770/2106 3230/2771/3230 1981/2467/1981
f 2106/2770/2106 670/2769/670 2109/2772/2109 3230/2771/3230
f 3230/2771/3230 2109/2772/2109 671/2773/671 2108/2774/2108
f 1981/2467/1981 3230/2771/3230 2108/2774/2108 607/2468/607
f 607/2468/607 2108/2774/2108 3231/2775/3231 1983/2471/1983
f 2108/2774/2108 671/2773/671 2111/2776/2111 3231/2775/3231
f 3231/2775/3231 2111/2776/2111 672/2777/672 2110/2778/2110
f 1983/2471/1983 3231/2775/3231 2110/2778/2110 608/2472/608
f 608/2472/608 2110/2778/2110 3232/2779/3232 1985/2475/1985
f 2110/2778/2110 672/2777/672 2113/2780/2113 3232/2779/3232
f 3232/2779/3232 2113/2780/2113 673/2781/673 2112/2782/2112
f 1985/2475/1985 3232/2779/3232 2112/2782/2112 609/2476/609
f 609/2476/609 2112/2782/2112 3233/2783/3233 1987/2479/1987
f 2112/2782/2112 673/2781/673 2115/2784/2115 3233/2783/3233
f 3233/2783/3233 2115/2784/2115 674/2785/674 2114/2786/2114
f 1987/2479/1987 3233/2783/3233 2114/2786/2114 610/2480/610
f 610/2480/610 2114/2786/2114 3234/2787/3234 1989/2483/1989
f 2114/2786/2114 674/2785/674 2117/2788/2117 3234/2787/3234
f 3234/2787/3234 2117/2788/2117 675/2789/675 2116/2790/2116
f 1989/2483/1989 3234/2787/3234 2116/2790/2116 611/2484/611
f 611/2484/611 2116/2790/2116 3235/2791/3235 1991/2487/1991
f 2116/2790/2116 675/2789/675 2119/2792/2119 3235/2791/3235
f 3235/2791/3235 2119/2792/2119 676/2793/676 2118/2794/2118
f 1991/2487/1991 3235/2791/3235 2118/2794/2118 612/2488/612
f 612/2488/612 2118/2794/2118 3236/2795/3236 1993/2491/1993
f 2118/2794/2118 676/2793/676 2121/2796/2121 3236/2795/3236
f 3236/2795/3236 2121/2796/2121 677/2797/677 2120/2798/2120
f 1993/2491/1993 3236/2795/3236 2120/2798/2120 613/2492/613
f 613/2492/613 2120/2798/2120 3237/2799/3237 1995/2495/1995
f 2120/2798/2120 677/2797/677 2123/2800/2123 3237/2799/3237
f 3237/2799/3237 2123/2800/2123 678/2801/678 2122/2802/2122
f 1995/2495/1995 3237/2799/3237 2122/2802/2122 614/2496/614
f 614/2496/614 2122/2802/2122 3238/2803/3238 1997/2499/1997
f 2122/2802/2122 678/2801/678 2125/2804/2125 3238/2803/3238
f 3238/2803/3238 2125/2804/2125 679/2805/679 2124/2806/2124
f 1997/2499/1997 3238/2803/3238 2124/2806/2124 615/2500/615
f 615/2500/615 2124/2806/2124 3239/2807/3239 1999/2503/1999
f 2124/2806/2124 679/2805/679 2127/2808/2127 3239/2807/3239
f 3239/2807/3239 2127/2808/2127 680/2809/680 2126/2810/2126
f 1999/2503/1999 3239/2807/3239 2126/2810/2126 616/2504/616
f 616/2504/616 2126/2810/2126 3240/2811/3240 2001/2507/2001
f 2126/2810/2126 680/2809/680 2129/2812/2129 3240/2811/3240
f 3240/2811/3240 2129/2812/2129 681/2813/681 2128/2814/2128
f 2001/2507/2001 3240/2811/3240 2128/2814/2128 617/2508/617
f 617/2508/617 2128/2814/2128 3241/2815/3241 2003/2511/2003
f 2128/2816/2128 681/2817/681 2131/2818/2131 3241/2819/3241
f 3241/2819/3241 2131/2818/2131 682/2820/682 2130/2821/2130
f 2003/2511/2003 3241/2815/3241 2130/2822/2130 618/2512/618
f 618/2823/618 2130/2821/2130 3242/2824/3242 2005/2825/2005
f 2130/2821/2130 682/2820/682 2133/2826/2133 3242/2824/3242
f 3242/2824/3242 2133/2826/2133 683/2827/683 2132/2828/2132
f 2005/2825/2005 3242/2824/3242 2132/2828/2132 619/2829/619
f 619/2829/619 2132/2828/2132 3243/2830/3243 2007/2831/2007
f 2132/2828/2132 683/2827/683 2135/2832/2135 3243/2830/3243
f 3243/2830/3243 2135/2832/2135 684/2833/684 2134/2834/2134
f 2007/2831/2007 3243/2830/3243 2134/2834/2134 620/2835/620
f 620/2835/620 2134/2834/2134 3244/2836/3244 2009/2837/2009
f 2134/2834/2134 684/2833/684 2137/2838/2137 3244/2836/3244
f 3244/2836/3244 2137/2838/2137 685/2839/685 2136/2840/2136
f 2009/2837/2009 3244/2836/3244 2136/2840/2136 621/2841/621
f 621/2841/621 2136/2840/2136 3245/2842/3245 2011/2529/2011
f 2136/2840/2136 685/2839/685 2139/2843/2139 3245/2842/3245
f 3245/2842/3245 2139/2843/2139 686/2844/686 2138/2845/2138
f 2011/2529/2011 3245/2842/3245 2138/2845/2138 622/2530/622
f 622/2530/622 2138/2845/2138 3246/2846/3246 2013/2534/2013
f 2138/2845/2138 686/2844/686 2141/2847/2141 3246/2846/3246
f 3246/2846/3246 2141/2847/2141 687/2848/687 2140/2849/2140
f 2013/2534/2013 3246/2846/3246 2140/2849/2140 623/2536/623
f 623/2536/623 2140/2849/2140 3247/2850/3247 2015/2540/2015
f 2140/2849/2140 687/2848/687 2143/2851/2143 3247/2850/3247
f 3247/2850/3247 2143/2851/2143 688/2852/688 2142/2853/2142
f 2015/2540/2015 3247/2850/3247 2142/2853/2142 624/2542/624
f 624/2542/624 2142/2853/2142 3248/2854/3248 2017/2546/2017
f 2142/2853/2142 688/2852/688 2145/2855/2145 3248/2854/3248
f 3248/2854/3248 2145/2855/2145 689/2856/689 2144/2857/2144
f 2017/2546/2017 3248/2854/3248 2144/2857/2144 625/2548/625
f 625/2548/625 2144/2857/2144 3249/2858/3249 2019/2552/2019
f 2144/2857/2144 689/2856/689 2147/2859/2147 3249/2858/3249
f 3249/2858/3249 2147/2859/2147 690/2860/690 2146/2861/2146
f 2019/2552/2019 3249/2858/3249 2146/2861/2146 626/2554/626
f 626/2554/626 2146/2861/2146 3250/2862/3250 2021/2558/2021
f 2146/2861/2146 690/2860/690 2149/2863/2149 3250/2862/3250
f 3250/2862/3250 2149/2863/2149 691/2864/691 2148/2865/2148
f 2021/2558/2021 3250/2862/3250 2148/2865/2148 627/2560/627
f 627/2560/627 2148/2865/2148 3251/2866/3251 2023/2564/2023
f 2148/2865/2148 691/2864/691 2151/2867/2151 3251/2866/3251
f 3251/2866/3251 2151/2867/2151 692/2868/692 2150/2869/2150
f 2023/2564/2023 3251/2866/3251 2150/2869/2150 628/2566/628
f 628/2566/628 2150/2869/2150 3252/2870/3252 2025/2570/2025
f 2150/2869/2150 692/2868/692 2153/2871/2153 3252/2870/3252
f 3252/2870/3252 2153/2871/2153 693/2872/693 2152/2873/2152
f 2025/2570/2025 3252/2870/3252 2152/2873/2152 629/2572/629
f 629/2572/629 2152/2873/2152 3253/2874/3253 2027/2576/2027
f 2152/2873/2152 693/2872/693 2155/2875/2155 3253/2874/3253
f 3253/2874/3253 2155/2875/2155 694/2876/694 2154/2877/2154
f 2027/2576/2027 3253/2874/3253 2154/2877/2154 630/2578/630
f 630/2578/630 2154/2877/2154 3254/2878/3254 2029/2582/2029
f 2154/2877/2154 694/2876/694 2157/2879/2157 3254/2878/3254
f 3254/2878/3254 2157/2879/2157 695/2880/695 2156/2881/2156
f 2029/2582/2029 3254/2878/3254 2156/2881/2156 631/2584/631
f 631/2584/631 2156/2881/2156 3255/2882/3255 2031/2588/2031
f 2156/2881/2156 695/2880/695 2159/2883/2159 3255/2882/3255
f 3255/2882/3255 2159/2883/2159 696/2884/696 2158/2885/2158
f 2031/2588/2031 3255/2882/3255 2158/2885/2158 632/2590/632
f 632/2590/632 2158/2885/2158 3256/2886/3256 2033/2594/2033
f 2158/2885/2158 696/2884/696 2161/2887/2161 3256/2886/3256
f 3256/2886/3256 2161/2887/2161 697/2888/697 2160/2889/2160
f 2033/2594/2033 3256/2886/3256 2160/2889/2160 633/2596/633
f 633/2596/633 2160/2889/2160 3257/2890/3257 2035/2600/2035
f 2160/2889/2160 697/2888/697 2163/2891/2163 3257/2890/3257
f 3257/2890/3257 2163/2891/2163 698/2892/698 2162/2893/2162
f 2035/2600/2035 3257/2890/3257 2162/2893/2162 634/2602/634
f 634/2602/634 2162/2893/2162 3258/2894/3258 2037/2606/2037
f 2162/2893/2162 698/2892/698 2165/2895/2165 3258/2894/3258
f 3258/2894/3258 2165/2895/2165 699/2896/699 2164/2897/2164
f 2037/2606/2037 3258/2894/3258 2164/2897/2164 635/2608/635
f 635/2608/635 2164/2897/2164 3259/2898/3259 2039/2612/2039
f 2164/2897/2164 699/2896/699 2167/2899/2167 3259/2898/3259
f 3259/2898/3259 2167/2899/2167 700/2900/700 2166/2901/2166
f 2039/2612/2039 3259/2898/3259 2166/2901/2166 636/2614/636
f 636/2619/636 2166/2902/2166 3260/2903/3260 2041/2620/2041
f 2166/2902/2166 700/2904/700 2169/2905/2169 3260/2903/3260
f 3260/2903/3260 2169/2905/2169 701/2906/701 2168/2907/2168
f 2041/2620/2041 3260/2903/3260 2168/2907/2168 637/2622/637
f 637/2622/637 2168/2907/2168 3261/2908/3261 2043/2626/2043
f 2168/2907/2168 701/2906/701 2171/2909/2171 3261/2908/3261
f 3261/2908/3261 2171/2909/2171 702/2910/702 2170/2911/2170
f 2043/2626/2043 3261/2908/3261 2170/2911/2170 638/2628/638
f 638/2628/638 2170/2911/2170 3262/2912/3262 2045/2632/2045
f 2170/2911/2170 702/2910/702 2173/2913/2173 3262/2912/3262
f 3262/2912/3262 2173/2913/2173 703/2914/703 2172/2915/2172
f 2045/2632/2045 3262/2912/3262 2172/2915/2172 639/2634/639
f 639/2634/639 2172/2915/2172 3263/2916/3263 2047/2638/2047
f 2172/2915/2172 703/2914/703 2175/2917/2175 3263/2916/3263
f 3263/2916/3263 2175/2917/2175 704/2918/704 2174/2919/2174
f 2047/2638/2047 3263/2916/3263 2174/2919/2174 640/2640/640
f 640/2640/640 2174/2919/2174 3264/2920/3264 2048/2644/2048
f 2174/2919/2174 704/2918/704 2176/2921/2176 3264/2920/3264
f 3264/2920/3264 2176/2921/2176 641/2648/641 2049/2646/2049
f 2048/2644/2048 3264/2920/3264 2049/2646/2049 577/2323/577
f 641/2648/641 2177/2922/2177 3265/2923/3265 2051/2649/2051
f 2177/2922/2177 705/2924/705 2179/2925/2179 3265/2923/3265
f 3265/2923/3265 2179/2925/2179 706/2926/706 2178/2927/2178
f 2051/2649/2051 3265/2923/3265 2178/2927/2178 642/2650/642
f 642/2650/642 2178/2927/2178 3266/2928/3266 2053/2653/2053
f 2178/2927/2178 706/2926/706 2181/2929/2181 3266/2928/3266
f 3266/2928/3266 2181/2929/2181 707/2930/707 2180/2931/2180
f 2053/2653/2053 3266/2928/3266 2180/2931/2180 643/2654/643
f 643/2654/643 2180/2931/2180 3267/2932/3267 2055/2657/2055
f 2180/2931/2180 707/2930/707 2183/2933/2183 3267/2932/3267
f 3267/2932/3267 2183/2933/2183 708/2934/708 2182/2935/2182
f 2055/2657/2055 3267/2932/3267 2182/2935/2182 644/2658/644
f 644/2658/644 2182/2935/2182 3268/2936/3268 2057/2661/2057
f 2182/2935/2182 708/2934/708 2185/2937/2185 3268/2936/3268
f 3268/2936/3268 2185/2937/2185 709/2938/709 2184/2939/2184
f 2057/2661/2057 3268/2936/3268 2184/2939/2184 645/2662/645
f 645/2662/645 2184/2939/2184 3269/2940/3269 2059/2665/2059
f 2184/2939/2184 709/2938/709 2187/2941/2187 3269/2940/3269
f 3269/2940/3269 2187/2941/2187 710/2942/710 2186/2943/2186
f 2059/2665/2059 3269/2940/3269 2186/2943/2186 646/2666/646
f 646/2666/646 2186/2943/2186 3270/2944/3270 2061/2669/2061
f 2186/2943/2186 710/2942/710 2189/2945/2189 3270/2944/3270
f 3270/2944/3270 2189/2945/2189 711/2946/711 2188/2947/2188
f 2061/2669/2061 3270/2944/3270 2188/2947/2188 647/2670/647
f 647/2670/647 2188/2947/2188 3271/2948/3271 2063/2673/2063
f 2188/2947/2188 711/2946/711 2191/2949/2191 3271/2948/3271
f 3271/2948/3271 2191/2949/2191 712/2950/712 2190/2951/2190
f 2063/2673/2063 3271/2948/3271 2190/2951/2190 648/2674/648
f 648/2674/648 2190/2951/2190 3272/2952/3272 2065/2677/2065
f 2190/2951/2190 712/2950/712 2193/2953/2193 3272/2952/3272
f 3272/2952/3272 2193/2953/2193 713/2954/713 2192/2955/2192
f 2065/2677/2065 3272/2952/3272 2192/2955/2192 649/2678/649
f 649/2678/649 2192/2955/2192 3273/2956/3273 2067/2681/2067
f 2192/2955/2192 713/2954/713 2195/2957/2195 3273/2956/3273
f 3273/2956/3273 2195/2957/2195 714/2958/714 2194/2959/2194
f 2067/2681/2067 3273/2956/3273 2194/2959/2194 650/2682/650
f 650/2682/650 2194/2959/2194 3274/2960/3274 2069/2685/2069
f 2194/2959/2194 714/2958/714 2197/2961/2197 3274/2960/3274
f 3274/2960/3274 2197/2961/2197 715/2962/715 2196/2963/2196
f 2069/2685/2069 3274/2960/3274 2196/2963/2196 651/2686/651
f 651/2686/651 2196/2963/2196 3275/2964/3275 2071/2689/2071
f 2196/2963/2196 715/2962/715 2199/2965/2199 3275/2964/3275
f 3275/2964/3275 2199/2965/2199 716/2966/716 2198/2967/2198
f 2071/2689/2071 3275/2964/3275 2198/2967/2198 652/2690/652
f 652/2690/652 2198/2967/2198 3276/2968/3276 2073/2693/2073
f 2198/2967/2198 716/2966/716 2201/2969/2201 3276/2968/3276
f 3276/2968/3276 2201/2969/2201 717/2970/717 2200/2971/2200
f 2073/2693/2073 3276/2968/3276 2200/2971/2200 653/2694/653
f 653/2694/653 2200/2971/2200 3277/2972/3277 2075/2697/2075
f 2200/2971/2200 717/2970/717 2203/2973/2203 3277/2972/3277
f 3277/2972/3277 2203/2973/2203 718/2974/718 2202/2975/2202
f 2075/2697/2075 3277/2972/3277 2202/2975/2202 654/2698/654
f 654/2698/654 2202/2975/2202 3278/2976/3278 2077/2702/2077
f 2202/2975/2202 718/2974/718 2205/2977/2205 3278/2976/3278
f 3278/2976/3278 2205/2977/2205 719/2978/719 2204/2979/2204
f 2077/2702/2077 3278/2976/3278 2204/2979/2204 655/2703/655
f 655/2703/655 2204/2979/2204 3279/2980/3279 2079/2708/2079
f 2204/2981/2204 719/2982/719 2207/2983/2207 3279/2984/3279
f 3279/2984/3279 2207/2983/2207 720/2985/720 2206/2986/2206
f 2079/2708/2079 3279/2980/3279 2206/2987/2206 656/2709/656
f 656/2709/656 2206/2987/2206 3280/2988/3280 2081/2714/2081
f 2206/2986/2206 720/2985/720 2209/2989/2209 3280/2990/3280
f 3280/2990/3280 2209/2989/2209 721/2991/721 2208/2992/2208
f 2081/2993/2081 3280/2990/3280 2208/2992/2208 657/2994/657
f 657/2994/657 2208/2992/2208 3281/2995/3281 2083/2996/2083
f 2208/2992/2208 721/2991/721 2211/2997/2211 3281/2995/3281
f 3281/2995/3281 2211/2997/2211 722/2998/722 2210/2999/2210
f 2083/2996/2083 3281/2995/3281 2210/2999/2210 658/3000/658
f 658/3000/658 2210/2999/2210 3282/3001/3282 2085/3002/2085
f 2210/2999/2210 722/2998/722 2213/3003/2213 3282/3001/3282
f 3282/3001/3282 2213/3003/2213 723/3004/723 2212/3005/2212
f 2085/2724/2085 3282/3006/3282 2212/3007/2212 659/2725/659
f 659/2725/659 2212/3007/2212 3283/3008/3283 2087/2728/2087
f 2212/3005/2212 723/3004/723 2215/3009/2215 3283/3010/3283
f 3283/3010/3283 2215/3009/2215 724/3011/724 2214/3012/2214
f 2087/2728/2087 3283/3008/3283 2214/3013/2214 660/2729/660
f 660/2729/660 2214/3013/2214 3284/3014/3284 2089/2732/2089
f 2214/3012/2214 724/3011/724 2217/3015/2217 3284/3016/3284
f 3284/3016/3284 2217/3015/2217 725/3017/725 2216/3018/2216
f 2089/2732/2089 3284/3014/3284 2216/3019/2216 661/2733/661
f 661/2733/661 2216/3019/2216 3285/3020/3285 2091/2736/2091
f 2216/3018/2216 725/3017/725 2219/3021/2219 3285/3022/3285
f 3285/3022/3285 2219/3021/2219 726/3023/726 2218/3024/2218
f 2091/2736/2091 3285/3020/3285 2218/3025/2218 662/2737/662
f 662/2737/662 2218/3025/2218 3286/3026/3286 2093/2740/2093
f 2218/3024/2218 726/3023/726 2221/3027/2221 3286/3028/3286
f 3286/3028/3286 2221/3027/2221 727/3029/727 2220/3030/2220
f 2093/2740/2093 3286/3026/3286 2220/3031/2220 663/2741/663
f 663/2741/663 2220/3031/2220 3287/3032/3287 2095/2744/2095
f 2220/3031/2220 727/3033/727 2223/3034/2223 3287/3032/3287
f 3287/3032/3287 2223/3034/2223 728/3035/728 2222/3036/2222
f 2095/2744/2095 3287/3032/3287 2222/3036/2222 664/2745/664
f 664/2745/664 2222/3036/2222 3288/3037/3288 2097/2748/2097
f 2222/3036/2222 728/3035/728 2225/3038/2225 3288/3037/3288
f 3288/3037/3288 2225/3038/2225 729/3039/729 2224/3040/2224
f 2097/2748/2097 3288/3037/3288 2224/3040/2224 665/2749/665
f 665/2749/665 2224/3040/2224 3289/3041/3289 2099/2752/2099
f 2224/3040/2224 729/3039/729 2227/3042/2227 3289/3041/3289
f 3289/3041/3289 2227/3042/2227 730/3043/730 2226/3044/2226
f 2099/2752/2099 3289/3041/3289 2226/3044/2226 666/2753/666
f 666/2753/666 2226/3044/2226 3290/3045/3290 2101/2756/2101
f 2226/3044/2226 730/3043/730 2229/3046/2229 3290/3045/3290
f 3290/3045/3290 2229/3046/2229 731/3047/731 2228/3048/2228
f 2101/2756/2101 3290/3045/3290 2228/3048/2228 667/2757/667
f 667/2757/667 2228/3048/2228 3291/3049/3291 2103/2760/2103
f 2228/3048/2228 731/3047/731 2231/3050/2231 3291/3049/3291
f 3291/3049/3291 2231/3050/2231 732/3051/732 2230/3052/2230
f 2103/2760/2103 3291/3049/3291 2230/3052/2230 668/2761/668
f 668/2761/668 2230/3052/2230 3292/3053/3292 2105/2764/2105
f 2230/3052/2230 732/3051/732 2233/3054/2233 3292/3053/3292
f 3292/3053/3292 2233/3054/2233 733/3055/733 2232/3056/2232
f 2105/2764/2105 3292/3053/3292 2232/3056/2232 669/2765/669
f 669/2765/669 2232/3056/2232 3293/3057/3293 2107/2768/2107
f 2232/3056/2232 733/3055/733 2235/3058/2235 3293/3057/3293
f 3293/3057/3293 2235/3058/2235 734/3059/734 2234/3060/2234
f 2107/2768/2107 3293/3057/3293 2234/3060/2234 670/2769/670
f 670/2769/670 2234/3060/2234 3294/3061/3294 2109/2772/2109
f 2234/3060/2234 734/3059/734 2237/3062/2237 3294/3061/3294
f 3294/3061/3294 2237/3062/2237 735/3063/735 2236/3064/2236
f 2109/2772/2109 3294/3061/3294 2236/3064/2236 671/2773/671
f 671/2773/671 2236/3064/2236 3295/3065/3295 2111/2776/2111
f 2236/3064/2236 735/3063/735 2239/3066/2239 3295/3065/3295
f 3295/3065/3295 2239/3066/2239 736/3067/736 2238/3068/2238
f 2111/2776/2111 3295/3065/3295 2238/3068/2238 672/2777/672
f 672/2777/672 2238/3068/2238 3296/3069/3296 2113/2780/2113
f 2238/3068/2238 736/3067/736 2241/3070/2241 3296/3069/3296
f 3296/3069/3296 2241/3070/2241 737/3071/737 2240/3072/2240
f 2113/2780/2113 3296/3069/3296 2240/3072/2240 673/2781/673
f 673/2781/673 2240/3072/2240 3297/3073/3297 2115/2784/2115
f 2240/3072/2240 737/3071/737 2243/3074/2243 3297/3073/3297
f 3297/3073/3297 2243/3074/2243 738/3075/738 2242/3076/2242
f 2115/2784/2115 3297/3073/3297 2242/3076/2242 674/2785/674
f 674/2785/674 2242/3076/2242 3298/3077/3298 2117/2788/2117
f 2242/3076/2242 738/3075/738 2245/3078/2245 3298/3077/3298
f 3298/3077/3298 2245/3078/2245 739/3079/739 2244/3080/2244
f 2117/2788/2117 3298/3077/3298 2244/3080/2244 675/2789/675
f 675/2789/675 2244/3080/2244 3299/3081/3299 2119/2792/2119
f 2244/3080/2244 739/3079/739 2247/3082/2247 3299/3081/3299
f 3299/3081/3299 2247/3082/2247 740/3083/740 2246/3084/2246
f 2119/2792/2119 3299/3081/3299 2246/3084/2246 676/2793/676
f 676/2793/676 2246/3084/2246 3300/3085/3300 2121/2796/2121
f 2246/3084/2246 740/3083/740 2249/3086/2249 3300/3085/3300
f 3300/3085/3300 2249/3086/2249 741/3087/741 2248/3088/2248
f 2121/2796/2121 3300/3085/3300 2248/3088/2248 677/2797/677
f 677/2797/677 2248/3088/2248 3301/3089/3301 2123/2800/2123
f 2248/3088/2248 741/3087/741 2251/3090/2251 3301/3089/3301
f 3301/3089/3301 2251/3090/2251 742/3091/742 2250/3092/2250
f 2123/2800/2123 3301/3089/3301 2250/3092/2250 678/2801/678
f 678/2801/678 2250/3092/2250 3302/3093/3302 2125/2804/2125
f 2250/3092/2250 742/3091/742 2253/3094/2253 3302/3093/3302
f 3302/3093/3302 2253/3094/2253 743/3095/743 2252/3096/2252
f 2125/2804/2125 3302/3093/3302 2252/3096/2252 679/2805/679
f 679/2805/679 2252/3096/2252 3303/3097/3303 2127/2808/2127
f 2252/3096/2252 743/3095/743 2255/3098/2255 3303/3097/3303
f 3303/3099/3303 2255/3100/2255 744/3101/744 2254/3102/2254
f 2127/2808/2127 3303/3097/3303 2254/3103/2254 680/2809/680
f 680/2809/680 2254/3103/2254 3304/3104/3304 2129/2812/2129
f 2254/3102/2254 744/3101/744 2257/3105/2257 3304/3106/3304
f 3304/3106/3304 2257/3105/2257 745/3107/745 2256/3108/2256
f 2129/3109/2129 3304/3106/3304 2256/3108/2256 681/2817/681
f 681/2817/681 2256/3108/2256 3305/3110/3305 2131/2818/2131
f 2256/3108/2256 745/3107/745 2259/3111/2259 3305/3110/3305
f 3305/3110/3305 2259/3111/2259 746/3112/746 2258/3113/2258
f 2131/2818/2131 3305/3110/3305 2258/3113/2258 682/2820/682
f 682/2820/682 2258/3113/2258 3306/3114/3306 2133/2826/2133
f 2258/3113/2258 746/3112/746 2261/3115/2261 3306/3114/3306
f 3306/3114/3306 2261/3115/2261 747/3116/747 2260/3117/2260
f 2133/2826/2133 3306/3114/3306 2260/3117/2260 683/2827/683
f 683/2827/683 2260/3117/2260 3307/3118/3307 2135/2832/2135
f 2260/3117/2260 747/3116/747 2263/3119/2263 3307/3118/3307
f 3307/3118/3307 2263/3119/2263 748/3120/748 2262/3121/2262
f 2135/2832/2135 3307/3118/3307 2262/3121/2262 684/2833/684
f 684/2833/684 2262/3121/2262 3308/3122/3308 2137/2838/2137
f 2262/3121/2262 748/3120/748 2265/3123/2265 3308/3122/3308
f 3308/3122/3308 2265/3123/2265 749/3124/749 2264/3125/2264
f 2137/2838/2137 3308/3122/3308 2264/3125/2264 685/2839/685
f 685/2839/685 2264/3125/2264 3309/3126/3309 2139/2843/2139
f 2264/3125/2264 749/3124/749 2267/3127/2267 3309/3126/3309
f 3309/3126/3309 2267/3127/2267 750/3128/750 2266/3129/2266
f 2139/2843/2139 3309/3126/3309 2266/3129/2266 686/2844/686
f 686/2844/686 2266/3129/2266 3310/3130/3310 2141/2847/2141
f 2266/3129/2266 750/3128/750 2269/3131/2269 3310/3130/3310
f 3310/3130/3310 2269/3131/2269 751/3132/751 2268/3133/2268
f 2141/2847/2141 3310/3130/3310 2268/3133/2268 687/2848/687
f 687/2848/687 2268/3133/2268 3311/3134/3311 2143/2851/2143
f 2268/3133/2268 751/3132/751 2271/3135/2271 3311/3134/3311
f 3311/3134/3311 2271/3135/2271 752/3136/752 2270/3137/2270
f 2143/2851/2143 3311/3134/3311 2270/3137/2270 688/2852/688
f 688/2852/688 2270/3137/2270 3312/3138/3312 2145/2855/2145
f 2270/3137/2270 752/3136/752 2273/3139/2273 3312/3138/3312
f 3312/3138/3312 2273/3139/2273 753/3140/753 2272/3141/2272
f 2145/2855/2145 3312/3138/3312 2272/3141/2272 689/2856/689
f 689/2856/689 2272/3141/2272 3313/3142/3313 2147/2859/2147
f 2272/3141/2272 753/3140/753 2275/3143/2275 3313/3142/3313
f 3313/3142/3313 2275/3143/2275 754/3144/754 2274/3145/2274
f 2147/2859/2147 3313/3142/3313 2274/3145/2274 690/2860/690
f 690/2860/690 2274/3145/2274 3314/3146/3314 2149/2863/2149
f 2274/3145/2274 754/3144/754 2277/3147/2277 3314/3146/3314
f 3314/3146/3314 2277/3147/2277 755/3148/755 2276/3149/2276
f 2149/2863/2149 3314/3146/3314 2276/3149/2276 691/2864/691
f 691/2864/691 2276/3149/2276 3315/3150/3315 2151/2867/2151
f 2276/3149/2276 755/3148/755 2279/3151/2279 3315/3150/3315
f 3315/3150/3315 2279/3151/2279 756/3152/756 2278/3153/2278
f 2151/2867/2151 3315/3150/3315 2278/3153/2278 692/2868/692
f 692/2868/692 2278/3153/2278 3316/3154/3316 2153/2871/2153
f 2278/3153/2278 756/3152/756 2281/3155/2281 3316/3154/3316
f 3316/3154/3316 2281/3155/2281 757/3156/757 2280/3157/2280
f 2153/2871/2153 3316/3154/3316 2280/3157/2280 693/2872/693
f 693/2872/693 2280/3157/2280 3317/3158/3317 2155/2875/2155
f 2280/3157/2280 757/3156/757 2283/3159/2283 3317/3158/3317
f 3317/3158/3317 2283/3159/2283 758/3160/758 2282/3161/2282
f 2155/2875/2155 3317/3158/3317 2282/3161/2282 694/2876/694
f 694/2876/694 2282/3161/2282 3318/3162/3318 2157/2879/2157
f 2282/3161/2282 758/3160/758 2285/3163/2285 3318/3162/3318
f 3318/3162/3318 2285/3163/2285 759/3164/759 2284/3165/2284
f 2157/2879/2157 3318/3162/3318 2284/3165/2284 695/2880/695
f 695/2880/695 2284/3165/2284 3319/3166/3319 2159/2883/2159
f 2284/3165/2284 759/3164/759 2287/3167/2287 3319/3166/3319
f 3319/3166/3319 2287/3167/2287 760/3168/760 2286/3169/2286
f 2159/2883/2159 3319/3166/3319 2286/3169/2286 696/2884/696
f 696/2884/696 2286/3169/2286 3320/3170/3320 2161/2887/2161
f 2286/3169/2286 760/3168/760 2289/3171/2289 3320/3170/3320
f 3320/3170/3320 2289/3171/2289 761/3172/761 2288/3173/2288
f 2161/2887/2161 3320/3170/3320 2288/3173/2288 697/2888/697
f 697/2888/697 2288/3173/2288 3321/3174/3321 2163/2891/2163
f 2288/3173/2288 761/3172/761 2291/3175/2291 3321/3174/3321
f 3321/3174/3321 2291/3175/2291 762/3176/762 2290/3177/2290
f 2163/2891/2163 3321/3174/3321 2290/3177/2290 698/2892/698
f 698/2892/698 2290/3177/2290 3322/3178/3322 2165/2895/2165
f 2290/3177/2290 762/3176/762 2293/3179/2293 3322/3178/3322
f 3322/3178/3322 2293/3179/2293 763/3180/763 2292/3181/2292
f 2165/2895/2165 3322/3178/3322 2292/3181/2292 699/2896/699
f 699/2896/699 2292/3181/2292 3323/3182/3323 2167/2899/2167
f 2292/3181/2292 763/3180/763 2295/3183/2295 3323/3182/3323
f 3323/3182/3323 2295/3183/2295 764/3184/764 2294/3185/2294
f 2167/2899/2167 3323/3182/3323 2294/3185/2294 700/2900/700
f 700/2904/700 2294/3186/2294 3324/3187/3324 2169/2905/2169
f 2294/3186/2294 764/3188/764 2297/3189/2297 3324/3187/3324
f 3324/3187/3324 2297/3189/2297 765/3190/765 2296/3191/2296
f 2169/2905/2169 3324/3187/3324 2296/3191/2296 701/2906/701
f 701/2906/701 2296/3191/2296 3325/3192/3325 2171/2909/2171
f 2296/3191/2296 765/3190/765 2299/3193/2299 3325/3192/3325
f 3325/3192/3325 2299/3193/2299 766/3194/766 2298/3195/2298
f 2171/2909/2171 3325/3192/3325 2298/3195/2298 702/2910/702
f 702/2910/702 2298/3195/2298 3326/3196/3326 2173/2913/2173
f 2298/3195/2298 766/3194/766 2301/3197/2301 3326/3196/3326
f 3326/3196/3326 2301/3197/2301 767/3198/767 2300/3199/2300
f 2173/2913/2173 3326/3196/3326 2300/3199/2300 703/2914/703
f 703/2914/703 2300/3199/2300 3327/3200/3327 2175/2917/2175
f 2300/3199/2300 767/3198/767 2303/3201/2303 3327/3200/3327
f 3327/3200/3327 2303/3201/2303 768/3202/768 2302/3203/2302
f 2175/2917/2175 3327/3200/3327 2302/3203/2302 704/2918/704
f 704/2918/704 2302/3203/2302 3328/3204/3328 2176/2921/2176
f 2302/3203/2302 768/3202/768 2304/3205/2304 3328/3204/3328
f 3328/3204/3328 2304/3205/2304 705/2924/705 2177/2922/2177
f 2176/2921/2176 3328/3204/3328 2177/2922/2177 641/2648/641
f 705/2924/705 2305/3206/2305 3329/3207/3329 2179/2925/2179
f 2305/3206/2305 769/3208/769 2307/3209/2307 3329/3207/3329
f 3329/3207/3329 2307/3209/2307 770/3210/770 2306/3211/2306
f 2179/2925/2179 3329/3207/3329 2306/3211/2306 706/2926/706
f 706/2926/706 2306/3211/2306 3330/3212/3330 2181/2929/2181
f 2306/3211/2306 770/3210/770 2309/3213/2309 3330/3212/3330
f 3330/3212/3330 2309/3213/2309 771/3214/771 2308/3215/2308
f 2181/2929/2181 3330/3212/3330 2308/3215/2308 707/2930/707
f 707/2930/707 2308/3215/2308 3331/3216/3331 2183/2933/2183
f 2308/3215/2308 771/3214/771 2311/3217/2311 3331/3216/3331
f 3331/3216/3331 2311/3217/2311 772/3218/772 2310/3219/2310
f 2183/2933/2183 3331/3216/3331 2310/3219/2310 708/2934/708
f 708/2934/708 2310/3219/2310 3332/3220/3332 2185/2937/2185
f 2310/3219/2310 772/3218/772 2313/3221/2313 3332/3220/3332
f 3332/3220/3332 2313/3221/2313 773/3222/773 2312/3223/2312
f 2185/2937/2185 3332/3220/3332 2312/3223/2312 709/2938/709
f 709/2938/709 2312/3223/2312 3333/3224/3333 2187/2941/2187
f 2312/3223/2312 773/3222/773 2315/3225/2315 3333/3224/3333
f 3333/3224/3333 2315/3225/2315 774/3226/774 2314/3227/2314
f 2187/2941/2187 3333/3224/3333 2314/3227/2314 710/2942/710
f 710/2942/710 2314/3227/2314 3334/3228/3334 2189/2945/2189
f 2314/3227/2314 774/3226/774 2317/3229/2317 3334/3228/3334
f 3334/3228/3334 2317/3229/2317 775/3230/775 2316/3231/2316
f 2189/2945/2189 3334/3228/3334 2316/3231/2316 711/2946/711
f 711/2946/711 2316/3231/2316 3335/3232/3335 2191/2949/2191
f 2316/3231/2316 775/3230/775 2319/3233/2319 3335/3232/3335
f 3335/3232/3335 2319/3233/2319 776/3234/776 2318/3235/2318
f 2191/2949/2191 3335/3232/3335 2318/3235/2318 712/2950/712
f 712/2950/712 2318/3235/2318 3336/3236/3336 2193/2953/2193
f 2318/3235/2318 776/3234/776 2321/3237/2321 3336/3236/3336
f 3336/3236/3336 2321/3237/2321 777/3238/777 2320/3239/2320
f 2193/2953/2193 3336/3236/3336 2320/3239/2320 713/2954/713
f 713/2954/713 2320/3239/2320 3337/3240/3337 2195/2957/2195
f 2320/3239/2320 777/3238/777 2323/3241/2323 3337/3240/3337
f 3337/3240/3337 2323/3241/2323 778/3242/778 2322/3243/2322
f 2195/2957/2195 3337/3240/3337 2322/3243/2322 714/2958/714
f 714/2958/714 2322/3243/2322 3338/3244/3338 2197/2961/2197
f 2322/3243/2322 778/3242/778 2325/3245/2325 3338/3244/3338
f 3338/3244/3338 2325/3245/2325 779/3246/779 2324/3247/2324
f 2197/2961/2197 3338/3244/3338 2324/3247/2324 715/2962/715
f 715/2962/715 2324/3247/2324 3339/3248/3339 2199/2965/2199
f 2324/3247/2324 779/3246/779 2327/3249/2327 3339/3248/3339
f 3339/3248/3339 2327/3249/2327 780/3250/780 2326/3251/2326
f 2199/2965/2199 3339/3248/3339 2326/3251/2326 716/2966/716
f 716/2966/716 2326/3251/2326 3340/3252/3340 2201/2969/2201
f 2326/3251/2326 780/3250/780 2329/3253/2329 3340/3252/3340
f 3340/3252/3340 2329/3253/2329 781/3254/781 2328/3255/2328
f 2201/2969/2201 3340/3252/3340 2328/3255/2328 717/2970/717
f 717/2970/717 2328/3255/2328 3341/3256/3341 2203/2973/2203
f 2328/3257/2328 781/3258/781 2331/3259/2331 3341/3260/3341
f 3341/3260/3341 2331/3259/2331 782/3261/782 2330/3262/2330
f 2203/2973/2203 3341/3256/3341 2330/3263/2330 718/2974/718
f 718/3264/718 2330/3262/2330 3342/3265/3342 2205/3266/2205
f 2330/3262/2330 782/3261/782 2333/3267/2333 3342/3265/3342
f 3342/3265/3342 2333/3267/2333 783/3268/783 2332/3269/2332
f 2205/3266/2205 3342/3265/3342 2332/3269/2332 719/2982/719
f 719/2982/719 2332/3269/2332 3343/3270/3343 2207/2983/2207
f 2332/3269/2332 783/3268/783 2335/3271/2335 3343/3270/3343
f 3343/3270/3343 2335/3271/2335 784/3272/784 2334/3273/2334
f 2207/2983/2207 3343/3270/3343 2334/3273/2334 720/2985/720
f 720/2985/720 2334/3273/2334 3344/3274/3344 2209/2989/2209
f 2334/3273/2334 784/3272/784 2337/3275/2337 3344/3274/3344
f 3344/3274/3344 2337/3275/2337 785/3276/785 2336/3277/2336
f 2209/2989/2209 3344/3274/3344 2336/3277/2336 721/2991/721
f 721/2991/721 2336/3277/2336 3345/3278/3345 2211/2997/2211
f 2336/3277/2336 785/3276/785 2339/3279/2339 3345/3278/3345
f 3345/3278/3345 2339/3279/2339 786/3280/786 2338/3281/2338
f 2211/2997/2211 3345/3278/3345 2338/3281/2338 722/2998/722
f 722/2998/722 2338/3281/2338 3346/3282/3346 2213/3003/2213
f 2338/3281/2338 786/3280/786 2341/3283/2341 3346/3282/3346
f 3346/3282/3346 2341/3283/2341 787/3284/787 2340/3285/2340
f 2213/3003/2213 3346/3282/3346 2340/3285/2340 723/3004/723
f 723/3004/723 2340/3285/2340 3347/3286/3347 2215/3009/2215
f 2340/3285/2340 787/3284/787 2343/3287/2343 3347/3286/3347
f 3347/3286/3347 2343/3287/2343 788/3288/788 2342/3289/2342
f 2215/3009/2215 3347/3286/3347 2342/3289/2342 724/3011/724
f 724/3011/724 2342/3289/2342 3348/3290/3348 2217/3015/2217
f 2342/3289/2342 788/3288/788 2345/3291/2345 3348/3290/3348
f 3348/3290/3348 2345/3291/2345 789/3292/789 2344/3293/2344
f 2217/3015/2217 3348/3290/3348 2344/3293/2344 725/3017/725
f 725/3017/725 2344/3293/2344 3349/3294/3349 2219/3021/2219
f 2344/3293/2344 789/3292/789 2347/3295/2347 3349/3294/3349
f 3349/3294/3349 2347/3295/2347 790/3296/790 2346/3297/2346
f 2219/3021/2219 3349/3294/3349 2346/3297/2346 726/3023/726
f 726/3023/726 2346/3297/2346 3350/3298/3350 2221/3027/2221
f 2346/3297/2346 790/3296/790 2349/3299/2349 3350/3298/3350
f 3350/3298/3350 2349/3299/2349 791/3300/791 2348/3301/2348
f 2221/3027/2221 3350/3298/3350 2348/3301/2348 727/3029/727
f 727/3029/727 2348/3301/2348 3351/3302/3351 2223/3303/2223
f 2348/3301/2348 791/3300/791 2351/3304/2351 3351/3302/3351
f 3351/3302/3351 2351/3304/2351 792/3305/792 2350/3306/2350
f 2223/3303/2223 3351/3302/3351 2350/3306/2350 728/3307/728
f 728/3307/728 2350/3306/2350 3352/3308/3352 2225/3309/2225
f 2350/3306/2350 792/3305/792 2353/3310/2353 3352/3308/3352
f 3352/3308/3352 2353/3310/2353 793/3311/793 2352/3312/2352
f 2225/3309/2225 3352/3308/3352 2352/3312/2352 729/3313/729
f 729/3313/729 2352/3312/2352 3353/3314/3353 2227/3315/2227
f 2352/3312/2352 793/3311/793 2355/3316/2355 3353/3314/3353
f 3353/3314/3353 2355/3316/2355 794/3317/794 2354/3318/2354
f 2227/3315/2227 3353/3314/3353 2354/3318/2354 730/3319/730
f 730/3043/730 2354/3320/2354 3354/3321/3354 2229/3046/2229
f 2354/3318/2354 794/3317/794 2357/3322/2357 3354/3323/3354
f 3354/3323/3354 2357/3322/2357 795/3324/795 2356/3325/2356
f 2229/3046/2229 3354/3321/3354 2356/3326/2356 731/3047/731
f 731/3047/731 2356/3326/2356 3355/3327/3355 2231/3050/2231
f 2356/3325/2356 795/3324/795 2359/3328/2359 3355/3329/3355
f 3355/3329/3355 2359/3328/2359 796/3330/796 2358/3331/2358
f 2231/3050/2231 3355/3327/3355 2358/3332/2358 732/3051/732
f 732/3051/732 2358/3332/2358 3356/3333/3356 2233/3054/2233
f 2358/3331/2358 796/3330/796 2361/3334/2361 3356/3335/3356
f 3356/3335/3356 2361/3334/2361 797/3336/797 2360/3337/2360
f 2233/3054/2233 3356/3333/3356 2360/3338/2360 733/3055/733
f 733/3055/733 2360/3338/2360 3357/3339/3357 2235/3058/2235
f 2360/3338/2360 797/3340/797 2363/3341/2363 3357/3339/3357
f 3357/3339/3357 2363/3341/2363 798/3342/798 2362/3343/2362
f 2235/3058/2235 3357/3339/3357 2362/3343/2362 734/3059/734
f 734/3059/734 2362/3343/2362 3358/3344/3358 2237/3062/2237
f 2362/3343/2362 798/3342/798 2365/3345/2365 3358/3344/3358
f 3358/3344/3358 2365/3345/2365 799/3346/799 2364/3347/2364
f 2237/3062/2237 3358/3344/3358 2364/3347/2364 735/3063/735
f 735/3063/735 2364/3347/2364 3359/3348/3359 2239/3066/2239
f 2364/3347/2364 799/3346/799 2367/3349/2367 3359/3348/3359
f 3359/3348/3359 2367/3349/2367 800/3350/800 2366/3351/2366
f 2239/3066/2239 3359/3348/3359 2366/3351/2366 736/3067/736
f 736/3067/736 2366/3351/2366 3360/3352/3360 2241/3070/2241
f 2366/3353/2366 800/3354/800 2369/3355/2369 3360/3356/3360
f 3360/3356/3360 2369/3355/2369 801/3357/801 2368/3358/2368
f 2241/3070/2241 3360/3352/3360 2368/3359/2368 737/3071/737
f 737/3071/737 2368/3359/2368 3361/3360/3361 2243/3074/2243
f 2368/3358/2368 801/3357/801 2371/3361/2371 3361/3362/3361
f 3361/3362/3361 2371/3361/2371 802/3363/802 2370/3364/2370
f 2243/3074/2243 3361/3360/3361 2370/3365/2370 738/3075/738
f 738/3075/738 2370/3365/2370 3362/3366/3362 2245/3078/2245
f 2370/3364/2370 802/3363/802 2373/3367/2373 3362/3368/3362
f 3362/3368/3362 2373/3367/2373 803/3369/803 2372/3370/2372
f 2245/3078/2245 3362/3366/3362 2372/3371/2372 739/3079/739
f 739/3079/739 2372/3371/2372 3363/3372/3363 2247/3082/2247
f 2372/3370/2372 803/3369/803 2375/3373/2375 3363/3374/3363
f 3363/3374/3363 2375/3373/2375 804/3375/804 2374/3376/2374
f 2247/3082/2247 3363/3372/3363 2374/3377/2374 740/3083/740
f 740/3083/740 2374/3377/2374 3364/3378/3364 2249/3086/2249
f 2374/3376/2374 804/3375/804 2377/3379/2377 3364/3380/3364
f 3364/3380/3364 2377/3379/2377 805/3381/805 2376/3382/2376
f 2249/3086/2249 3364/3378/3364 2376/3383/2376 741/3087/741
f 741/3087/741 2376/3383/2376 3365/3384/3365 2251/3090/2251
f 2376/3382/2376 805/3381/805 2379/3385/2379 3365/3386/3365
f 3365/3386/3365 2379/3385/2379 806/3387/806 2378/3388/2378
f 2251/3389/2251 3365/3386/3365 2378/3388/2378 742/3390/742
f 742/3390/742 2378/3388/2378 3366/3391/3366 2253/3392/2253
f 2378/3388/2378 806/3387/806 2381/3393/2381 3366/3391/3366
f 3366/3391/3366 2381/3393/2381 807/3394/807 2380/3395/2380
f 2253/3392/2253 3366/3391/3366 2380/3395/2380 743/3396/743
f 743/3396/743 2380/3395/2380 3367/3397/3367 2255/3398/2255
f 2380/3395/2380 807/3394/807 2383/3399/2383 3367/3397/3367
f 3367/3397/3367 2383/3399/2383 808/3400/808 2382/3401/2382
f 2255/3398/2255 3367/3397/3367 2382/3401/2382 744/3402/744
f 744/3402/744 2382/3401/2382 3368/3403/3368 2257/3404/2257
f 2382/3401/2382 808/3400/808 2385/3405/2385 3368/3403/3368
f 3368/3403/3368 2385/3405/2385 809/3406/809 2384/3407/2384
f 2257/3105/2257 3368/3408/3368 2384/3409/2384 745/3107/745
f 745/3107/745 2384/3409/2384 3369/3410/3369 2259/3111/2259
f 2384/3407/2384 809/3406/809 2387/3411/2387 3369/3412/3369
f 3369/3412/3369 2387/3411/2387 810/3413/810 2386/3414/2386
f 2259/3111/2259 3369/3410/3369 2386/3415/2386 746/3112/746
f 746/3112/746 2386/3415/2386 3370/3416/3370 2261/3115/2261
f 2386/3414/2386 810/3413/810 2389/3417/2389 3370/3418/3370
f 3370/3418/3370 2389/3417/2389 811/3419/811 2388/3420/2388
f 2261/3115/2261 3370/3416/3370 2388/3421/2388 747/3116/747
f 747/3116/747 2388/3421/2388 3371/3422/3371 2263/3119/2263
f 2388/3421/2388 811/3423/811 2391/3424/2391 3371/3422/3371
f 3371/3422/3371 2391/3424/2391 812/3425/812 2390/3426/2390
f 2263/3119/2263 3371/3422/3371 2390/3426/2390 748/3120/748
f 748/3120/748 2390/3426/2390 3372/3427/3372 2265/3123/2265
f 2390/3426/2390 812/3425/812 2393/3428/2393 3372/3427/3372
f 3372/3427/3372 2393/3428/2393 813/3429/813 2392/3430/2392
f 2265/3123/2265 3372/3427/3372 2392/3430/2392 749/3124/749
f 749/3124/749 2392/3430/2392 3373/3431/3373 2267/3127/2267
f 2392/3430/2392 813/3429/813 2395/3432/2395 3373/3431/3373
f 3373/3431/3373 2395/3432/2395 814/3433/814 2394/3434/2394
f 2267/3127/2267 3373/3431/3373 2394/3434/2394 750/3128/750
f 750/3128/750 2394/3434/2394 3374/3435/3374 2269/3131/2269
f 2394/3434/2394 814/3433/814 2397/3436/2397 3374/3435/3374
f 3374/3435/3374 2397/3436/2397 815/3437/815 2396/3438/2396
f 2269/3131/2269 3374/3435/3374 2396/3438/2396 751/3132/751
f 751/3132/751 2396/3438/2396 3375/3439/3375 2271/3135/2271
f 2396/3438/2396 815/3437/815 2399/3440/2399 3375/3439/3375
f 3375/3439/3375 2399/3440/2399 816/3441/816 2398/3442/2398
f 2271/3135/2271 3375/3439/3375 2398/3442/2398 752/3136/752
f 752/3136/752 2398/3442/2398 3376/3443/3376 2273/3139/2273
f 2398/3442/2398 816/3441/816 2401/3444/2401 3376/3443/3376
f 3376/3443/3376 2401/3444/2401 817/3445/817 2400/3446/2400
f 2273/3139/2273 3376/3443/3376 2400/3446/2400 753/3140/753
f 753/3140/753 2400/3446/2400 3377/3447/3377 2275/3143/2275
f 2400/3446/2400 817/3445/817 2403/3448/2403 3377/3447/3377
f 3377/3447/3377 2403/3448/2403 818/3449/818 2402/3450/2402
f 2275/3143/2275 3377/3447/3377 2402/3450/2402 754/3144/754
f 754/3144/754 2402/3450/2402 3378/3451/3378 2277/3147/2277
f 2402/3450/2402 818/3449/818 2405/3452/2405 3378/3451/3378
f 3378/3451/3378 2405/3452/2405 819/3453/819 2404/3454/2404
f 2277/3147/2277 3378/3451/3378 2404/3454/2404 755/3148/755
f 755/3148/755 2404/3454/2404 3379/3455/3379 2279/3151/2279
f 2404/3454/2404 819/3453/819 2407/3456/2407 3379/3455/3379
f 3379/3455/3379 2407/3456/2407 820/3457/820 2406/3458/2406
f 2279/3151/2279 3379/3455/3379 2406/3458/2406 756/3152/756
f 756/3152/756 2406/3458/2406 3380/3459/3380 2281/3155/2281
f 2406/3458/2406 820/3457/820 2409/3460/2409 3380/3459/3380
f 3380/3459/3380 2409/3460/2409 821/3461/821 2408/3462/2408
f 2281/3155/2281 3380/3459/3380 2408/3462/2408 757/3156/757
f 757/3156/757 2408/3462/2408 3381/3463/3381 2283/3159/2283
f 2408/3462/2408 821/3461/821 2411/3464/2411 3381/3463/3381
f 3381/3463/3381 2411/3464/2411 822/3465/822 2410/3466/2410
f 2283/3159/2283 3381/3463/3381 2410/3466/2410 758/3160/758
f 758/3160/758 2410/3466/2410 3382/3467/3382 2285/3163/2285
f 2410/3466/2410 822/3465/822 2413/3468/2413 3382/3467/3382
f 3382/3467/3382 2413/3468/2413 823/3469/823 2412/3470/2412
f 2285/3163/2285 3382/3467/3382 2412/3470/2412 759/3164/759
f 759/3164/759 2412/3470/2412 3383/3471/3383 2287/3167/2287
f 2412/3470/2412 823/3469/823 2415/3472/2415 3383/3471/3383
f 3383/3471/3383 2415/3472/2415 824/3473/824 2414/3474/2414
f 2287/3167/2287 3383/3471/3383 2414/3474/2414 760/3168/760
f 760/3168/760 2414/3474/2414 3384/3475/3384 2289/3171/2289
f 2414/3474/2414 824/3473/824 2417/3476/2417 3384/3475/3384
f 3384/3475/3384 2417/3476/2417 825/3477/825 2416/3478/2416
f 2289/3171/2289 3384/3475/3384 2416/3478/2416 761/3172/761
f 761/3172/761 2416/3478/2416 3385/3479/3385 2291/3175/2291
f 2416/3478/2416 825/3477/825 2419/3480/2419 3385/3479/3385
f 3385/3479/3385 2419/3480/2419 826/3481/826 2418/3482/2418
f 2291/3175/2291 3385/3479/3385 2418/3482/2418 762/3176/762
f 762/3176/762 2418/3482/2418 3386/3483/3386 2293/3179/2293
f 2418/3482/2418 826/3481/826 2421/3484/2421 3386/3483/3386
f 3386/3483/3386 2421/3484/2421 827/3485/827 2420/3486/2420
f 2293/3179/2293 3386/3483/3386 2420/3486/2420 763/3180/763
f 763/3180/763 2420/3486/2420 3387/3487/3387 2295/3183/2295
f 2420/3486/2420 827/3485/827 2423/3488/2423 3387/3487/3387
f 3387/3487/3387 2423/3488/2423 828/3489/828 2422/3490/2422
f 2295/3183/2295 3387/3487/3387 2422/3490/2422 764/3184/764
f 764/3188/764 2422/3491/2422 3388/3492/3388 2297/3189/2297
f 2422/3491/2422 828/3493/828 2425/3494/2425 3388/3492/3388
f 3388/3492/3388 2425/3494/2425 829/3495/829 2424/3496/2424
f 2297/3189/2297 3388/3492/3388 2424/3496/2424 765/3190/765
f 765/3190/765 2424/3496/2424 3389/3497/3389 2299/3193/2299
f 2424/3496/2424 829/3495/829 2427/3498/2427 3389/3497/3389
f 3389/3497/3389 2427/3498/2427 830/3499/830 2426/3500/2426
f 2299/3193/2299 3389/3497/3389 2426/3500/2426 766/3194/766
f 766/3194/766 2426/3500/2426 3390/3501/3390 2301/3197/2301
f 2426/3500/2426 830/3499/830 2429/3502/2429 3390/3501/3390
f 3390/3501/3390 2429/3502/2429 831/3503/831 2428/3504/2428
f 2301/3197/2301 3390/3501/3390 2428/3504/2428 767/3198/767
f 767/3198/767 2428/3504/2428 3391/3505/3391 2303/3201/2303
f 2428/3504/2428 831/3503/831 2431/3506/2431 3391/3505/3391
f 3391/3505/3391 2431/3506/2431 832/3507/832 2430/3508/2430
f 2303/3201/2303 3391/3505/3391 2430/3508/2430 768/3202/768
f 768/3202/768 2430/3508/2430 3392/3509/3392 2304/3205/2304
f 2430/3508/2430 832/3507/832 2432/3510/2432 3392/3509/3392
f 3392/3509/3392 2432/3510/2432 769/3208/769 2305/3206/2305
f 2304/3205/2304 3392/3509/3392 2305/3206/2305 705/2924/705
f 769/3511/769 2433/3512/2433 3393/3513/3393 2307/3514/2307
f 2433/3512/2433 833/3515/833 2435/3516/2435 3393/3513/3393
f 3393/3513/3393 2435/3516/2435 834/3517/834 2434/3518/2434
f 2307/3514/2307 3393/3513/3393 2434/3518/2434 770/3519/770
f 770/3519/770 2434/3518/2434 3394/3520/3394 2309/3521/2309
f 2434/3518/2434 834/3517/834 2437/3522/2437 3394/3520/3394
f 3394/3520/3394 2437/3522/2437 835/3523/835 2436/3524/2436
f 2309/3521/2309 3394/3520/3394 2436/3524/2436 771/3525/771
f 771/3214/771 2436/3526/2436 3395/3527/3395 2311/3217/2311
f 2436/3524/2436 835/3523/835 2439/3528/2439 3395/3529/3395
f 3395/3529/3395 2439/3528/2439 836/3530/836 2438/3531/2438
f 2311/3217/2311 3395/3527/3395 2438/3532/2438 772/3218/772
f 772/3218/772 2438/3532/2438 3396/3533/3396 2313/3221/2313
f 2438/3531/2438 836/3530/836 2441/3534/2441 3396/3535/3396
f 3396/3535/3396 2441/3534/2441 837/3536/837 2440/3537/2440
f 2313/3221/2313 3396/3533/3396 2440/3538/2440 773/3222/773
f 773/3222/773 2440/3538/2440 3397/3539/3397 2315/3225/2315
f 2440/3537/2440 837/3536/837 2443/3540/2443 3397/3541/3397
f 3397/3541/3397 2443/3540/2443 838/3542/838 2442/3543/2442
f 2315/3225/2315 3397/3539/3397 2442/3544/2442 774/3226/774
f 774/3226/774 2442/3544/2442 3398/3545/3398 2317/3229/2317
f 2442/3543/2442 838/3542/838 2445/3546/2445 3398/3547/3398
f 3398/3547/3398 2445/3546/2445 839/3548/839 2444/3549/2444
f 2317/3229/2317 3398/3545/3398 2444/3550/2444 775/3230/775
f 775/3230/775 2444/3550/2444 3399/3551/3399 2319/3233/2319
f 2444/3549/2444 839/3548/839 2447/3552/2447 3399/3553/3399
f 3399/3553/3399 2447/3552/2447 840/3554/840 2446/3555/2446
f 2319/3233/2319 3399/3551/3399 2446/3556/2446 776/3234/776
f 776/3234/776 2446/3556/2446 3400/3557/3400 2321/3237/2321
f 2446/3555/2446 840/3554/840 2449/3558/2449 3400/3559/3400
f 3400/3559/3400 2449/3558/2449 841/3560/841 2448/3561/2448
f 2321/3237/2321 3400/3557/3400 2448/3562/2448 777/3238/777
f 777/3238/777 2448/3562/2448 3401/3563/3401 2323/3241/2323
f 2448/3561/2448 841/3560/841 2451/3564/2451 3401/3565/3401
f 3401/3565/3401 2451/3564/2451 842/3566/842 2450/3567/2450
f 2323/3241/2323 3401/3563/3401 2450/3568/2450 778/3242/778
f 778/3242/778 2450/3568/2450 3402/3569/3402 2325/3245/2325
f 2450/3567/2450 842/3566/842 2453/3570/2453 3402/3571/3402
f 3402/3571/3402 2453/3570/2453 843/3572/843 2452/3573/2452
f 2325/3245/2325 3402/3569/3402 2452/3574/2452 779/3246/779
f 779/3575/779 2452/3576/2452 3403/3577/3403 2327/3578/2327
f 2452/3576/2452 843/3579/843 2455/3580/2455 3403/3577/3403
f 3403/3577/3403 2455/3580/2455 844/3581/844 2454/3582/2454
f 2327/3578/2327 3403/3577/3403 2454/3582/2454 780/3583/780
f 780/3583/780 2454/3582/2454 3404/3584/3404 2329/3585/2329
f 2454/3582/2454 844/3581/844 2457/3586/2457 3404/3584/3404
f 3404/3584/3404 2457/3586/2457 845/3587/845 2456/3588/2456
f 2329/3585/2329 3404/3584/3404 2456/3588/2456 781/3258/781
f 781/3258/781 2456/3588/2456 3405/3589/3405 2331/3259/2331
f 2456/3588/2456 845/3587/845 2459/3590/2459 3405/3589/3405
f 3405/3589/3405 2459/3590/2459 846/3591/846 2458/3592/2458
f 2331/3259/2331 3405/3589/3405 2458/3592/2458 782/3261/782
f 782/3261/782 2458/3592/2458 3406/3593/3406 2333/3267/2333
f 2458/3592/2458 846/3591/846 2461/3594/2461 3406/3593/3406
f 3406/3593/3406 2461/3594/2461 847/3595/847 2460/3596/2460
f 2333/3267/2333 3406/3593/3406 2460/3596/2460 783/3268/783
f 783/3268/783 2460/3596/2460 3407/3597/3407 2335/3271/2335
f 2460/3596/2460 847/3595/847 2463/3598/2463 3407/3597/3407
f 3407/3597/3407 2463/3598/2463 848/3599/848 2462/3600/2462
f 2335/3271/2335 3407/3597/3407 2462/3600/2462 784/3272/784
f 784/3272/784 2462/3600/2462 3408/3601/3408 2337/3275/2337
f 2462/3600/2462 848/3599/848 2465/3602/2465 3408/3601/3408
f 3408/3601/3408 2465/3602/2465 849/3603/849 2464/3604/2464
f 2337/3275/2337 3408/3601/3408 2464/3604/2464 785/3276/785
f 785/3276/785 2464/3604/2464 3409/3605/3409 2339/3279/2339
f 2464/3604/2464 849/3603/849 2467/3606/2467 3409/3605/3409
f 3409/3605/3409 2467/3606/2467 850/3607/850 2466/3608/2466
f 2339/3279/2339 3409/3605/3409 2466/3608/2466 786/3280/786
f 786/3280/786 2466/3608/2466 3410/3609/3410 2341/3283/2341
f 2466/3608/2466 850/3607/850 2469/3610/2469 3410/3609/3410
f 3410/3609/3410 2469/3610/2469 851/3611/851 2468/3612/2468
f 2341/3283/2341 3410/3609/3410 2468/3612/2468 787/3284/787
f 787/3284/787 2468/3612/2468 3411/3613/3411 2343/3287/2343
f 2468/3612/2468 851/3611/851 2471/3614/2471 3411/3613/3411
f 3411/3613/3411 2471/3614/2471 852/3615/852 2470/3616/2470
f 2343/3287/2343 3411/3613/3411 2470/3616/2470 788/3288/788
f 788/3288/788 2470/3616/2470 3412/3617/3412 2345/3291/2345
f 2470/3616/2470 852/3615/852 2473/3618/2473 3412/3617/3412
f 3412/3617/3412 2473/3618/2473 853/3619/853 2472/3620/2472
f 2345/3291/2345 3412/3617/3412 2472/3620/2472 789/3292/789
f 789/3292/789 2472/3620/2472 3413/3621/3413 2347/3295/2347
f 2472/3620/2472 853/3619/853 2475/3622/2475 3413/3621/3413
f 3413/3621/3413 2475/3622/2475 854/3623/854 2474/3624/2474
f 2347/3295/2347 3413/3621/3413 2474/3624/2474 790/3296/790
f 790/3296/790 2474/3624/2474 3414/3625/3414 2349/3299/2349
f 2474/3624/2474 854/3623/854 2477/3626/2477 3414/3625/3414
f 3414/3625/3414 2477/3626/2477 855/3627/855 2476/3628/2476
f 2349/3299/2349 3414/3625/3414 2476/3628/2476 791/3300/791
f 791/3300/791 2476/3628/2476 3415/3629/3415 2351/3304/2351
f 2476/3628/2476 855/3627/855 2479/3630/2479 3415/3629/3415
f 3415/3629/3415 2479/3630/2479 856/3631/856 2478/3632/2478
f 2351/3304/2351 3415/3629/3415 2478/3632/2478 792/3305/792
f 792/3305/792 2478/3632/2478 3416/3633/3416 2353/3310/2353
f 2478/3632/2478 856/3631/856 2481/3634/2481 3416/3633/3416
f 3416/3633/3416 2481/3634/2481 857/3635/857 2480/3636/2480
f 2353/3310/2353 3416/3633/3416 2480/3636/2480 793/3311/793
f 793/3311/793 2480/3636/2480 3417/3637/3417 2355/3316/2355
f 2480/3636/2480 857/3635/857 2483/3638/2483 3417/3637/3417
f 3417/3637/3417 2483/3638/2483 858/3639/858 2482/3640/2482
f 2355/3316/2355 3417/3637/3417 2482/3640/2482 794/3317/794
f 794/3317/794 2482/3640/2482 3418/3641/3418 2357/3322/2357
f 2482/3640/2482 858/3639/858 2485/3642/2485 3418/3641/3418
f 3418/3641/3418 2485/3642/2485 859/3643/859 2484/3644/2484
f 2357/3322/2357 3418/3641/3418 2484/3644/2484 795/3324/795
f 795/3324/795 2484/3644/2484 3419/3645/3419 2359/3328/2359
f 2484/3644/2484 859/3643/859 2487/3646/2487 3419/3645/3419
f 3419/3645/3419 2487/3646/2487 860/3647/860 2486/3648/2486
f 2359/3328/2359 3419/3645/3419 2486/3648/2486 796/3330/796
f 796/3330/796 2486/3648/2486 3420/3649/3420 2361/3334/2361
f 2486/3648/2486 860/3647/860 2489/3650/2489 3420/3649/3420
f 3420/3649/3420 2489/3650/2489 861/3651/861 2488/3652/2488
f 2361/3334/2361 3420/3649/3420 2488/3652/2488 797/3336/797
f 797/3336/797 2488/3652/2488 3421/3653/3421 2363/3654/2363
f 2488/3655/2488 861/3656/861 2491/3657/2491 3421/3658/3421
f 3421/3658/3421 2491/3657/2491 862/3659/862 2490/3660/2490
f 2363/3654/2363 3421/3653/3421 2490/3661/2490 798/3662/798
f 798/3663/798 2490/3660/2490 3422/3664/3422 2365/3665/2365
f 2490/3660/2490 862/3659/862 2493/3666/2493 3422/3664/3422
f 3422/3664/3422 2493/3666/2493 863/3667/863 2492/3668/2492
f 2365/3665/2365 3422/3664/3422 2492/3668/2492 799/3669/799
f 799/3669/799 2492/3668/2492 3423/3670/3423 2367/3671/2367
f 2492/3668/2492 863/3667/863 2495/3672/2495 3423/3670/3423
f 3423/3670/3423 2495/3672/2495 864/3673/864 2494/3674/2494
f 2367/3671/2367 3423/3670/3423 2494/3674/2494 800/3354/800
f 800/3354/800 2494/3674/2494 3424/3675/3424 2369/3355/2369
f 2494/3674/2494 864/3673/864 2497/3676/2497 3424/3675/3424
f 3424/3675/3424 2497/3676/2497 865/3677/865 2496/3678/2496
f 2369/3355/2369 3424/3675/3424 2496/3678/2496 801/3357/801
f 801/3357/801 2496/3678/2496 3425/3679/3425 2371/3361/2371
f 2496/3678/2496 865/3677/865 2499/3680/2499 3425/3679/3425
f 3425/3679/3425 2499/3680/2499 866/3681/866 2498/3682/2498
f 2371/3361/2371 3425/3679/3425 2498/3682/2498 802/3363/802
f 802/3363/802 2498/3682/2498 3426/3683/3426 2373/3367/2373
f 2498/3682/2498 866/3681/866 2501/3684/2501 3426/3683/3426
f 3426/3683/3426 2501/3684/2501 867/3685/867 2500/3686/2500
f 2373/3367/2373 3426/3683/3426 2500/3686/2500 803/3369/803
f 803/3369/803 2500/3686/2500 3427/3687/3427 2375/3373/2375
f 2500/3686/2500 867/3685/867 2503/3688/2503 3427/3687/3427
f 3427/3687/3427 2503/3688/2503 868/3689/868 2502/3690/2502
f 2375/3373/2375 3427/3687/3427 2502/3690/2502 804/3375/804
f 804/3375/804 2502/3690/2502 3428/3691/3428 2377/3379/2377
f 2502/3690/2502 868/3689/868 2505/3692/2505 3428/3691/3428
f 3428/3691/3428 2505/3692/2505 869/3693/869 2504/3694/2504
f 2377/3379/2377 3428/3691/3428 2504/3694/2504 805/3381/805
f 805/3381/805 2504/3694/2504 3429/3695/3429 2379/3385/2379
f 2504/3694/2504 869/3693/869 2507/3696/2507 3429/3695/3429
f 3429/3695/3429 2507/3696/2507 870/3697/870 2506/3698/2506
f 2379/3385/2379 3429/3695/3429 2506/3698/2506 806/3387/806
f 806/3387/806 2506/3698/2506 3430/3699/3430 2381/3393/2381
f 2506/3698/2506 870/3697/870 2509/3700/2509 3430/3699/3430
f 3430/3699/3430 2509/3700/2509 871/3701/871 2508/3702/2508
f 2381/3393/2381 3430/3699/3430 2508/3702/2508 807/3394/807
f 807/3394/807 2508/3702/2508 3431/3703/3431 2383/3399/2383
f 2508/3702/2508 871/3701/871 2511/3704/2511 3431/3703/3431
f 3431/3703/3431 2511/3704/2511 872/3705/872 2510/3706/2510
f 2383/3399/2383 3431/3703/3431 2510/3706/2510 808/3400/808
f 808/3400/808 2510/3706/2510 3432/3707/3432 2385/3405/2385
f 2510/3706/2510 872/3705/872 2513/3708/2513 3432/3707/3432
f 3432/3707/3432 2513/3708/2513 873/3709/873 2512/3710/2512
f 2385/3405/2385 3432/3707/3432 2512/3710/2512 809/3406/809
f 809/3406/809 2512/3710/2512 3433/3711/3433 2387/3411/2387
f 2512/3710/2512 873/3709/873 2515/3712/2515 3433/3711/3433
f 3433/3711/3433 2515/3712/2515 874/3713/874 2514/3714/2514
f 2387/3411/2387 3433/3711/3433 2514/3714/2514 810/3413/810
f 810/3413/810 2514/3714/2514 3434/3715/3434 2389/3417/2389
f 2514/3714/2514 874/3713/874 2517/3716/2517 3434/3715/3434
f 3434/3715/3434 2517/3716/2517 875/3717/875 2516/3718/2516
f 2389/3417/2389 3434/3715/3434 2516/3718/2516 811/3419/811
f 811/3419/811 2516/3718/2516 3435/3719/3435 2391/3720/2391
f 2516/3718/2516 875/3717/875 2519/3721/2519 3435/3719/3435
f 3435/3719/3435 2519/3721/2519 876/3722/876 2518/3723/2518
f 2391/3720/2391 3435/3719/3435 2518/3723/2518 812/3724/812
f 812/3724/812 2518/3723/2518 3436/3725/3436 2393/3726/2393
f 2518/3723/2518 876/3722/876 2521/3727/2521 3436/3725/3436
f 3436/3725/3436 2521/3727/2521 877/3728/877 2520/3729/2520
f 2393/3726/2393 3436/3725/3436 2520/3729/2520 813/3730/813
f 813/3730/813 2520/3729/2520 3437/3731/3437 2395/3732/2395
f 2520/3729/2520 877/3728/877 2523/3733/2523 3437/3731/3437
f 3437/3731/3437 2523/3733/2523 878/3734/878 2522/3735/2522
f 2395/3732/2395 3437/3731/3437 2522/3735/2522 814/3736/814
f 814/3736/814 2522/3735/2522 3438/3737/3438 2397/3738/2397
f 2522/3735/2522 878/3734/878 2525/3739/2525 3438/3737/3438
f 3438/3737/3438 2525/3739/2525 879/3740/879 2524/3741/2524
f 2397/3436/2397 3438/3742/3438 2524/3743/2524 815/3437/815
f 815/3437/815 2524/3743/2524 3439/3744/3439 2399/3440/2399
f 2524/3741/2524 879/3740/879 2527/3745/2527 3439/3746/3439
f 3439/3746/3439 2527/3745/2527 880/3747/880 2526/3748/2526
f 2399/3440/2399 3439/3744/3439 2526/3749/2526 816/3441/816
f 816/3441/816 2526/3749/2526 3440/3750/3440 2401/3444/2401
f 2526/3748/2526 880/3747/880 2529/3751/2529 3440/3752/3440
f 3440/3752/3440 2529/3751/2529 881/3753/881 2528/3754/2528
f 2401/3444/2401 3440/3750/3440 2528/3755/2528 817/3445/817
f 817/3445/817 2528/3755/2528 3441/3756/3441 2403/3448/2403
f 2528/3754/2528 881/3753/881 2531/3757/2531 3441/3758/3441
f 3441/3758/3441 2531/3757/2531 882/3759/882 2530/3760/2530
f 2403/3448/2403 3441/3756/3441 2530/3761/2530 818/3449/818
f 818/3449/818 2530/3761/2530 3442/3762/3442 2405/3452/2405
f 2530/3761/2530 882/3763/882 2533/3764/2533 3442/3762/3442
f 3442/3762/3442 2533/3764/2533 883/3765/883 2532/3766/2532
f 2405/3452/2405 3442/3762/3442 2532/3766/2532 819/3453/819
f 819/3453/819 2532/3766/2532 3443/3767/3443 2407/3456/2407
f 2532/3768/2532 883/3769/883 2535/3770/2535 3443/3771/3443
f 3443/3771/3443 2535/3770/2535 884/3772/884 2534/3773/2534
f 2407/3456/2407 3443/3767/3443 2534/3774/2534 820/3457/820
f 820/3457/820 2534/3774/2534 3444/3775/3444 2409/3460/2409
f 2534/3773/2534 884/3772/884 2537/3776/2537 3444/3777/3444
f 3444/3777/3444 2537/3776/2537 885/3778/885 2536/3779/2536
f 2409/3460/2409 3444/3775/3444 2536/3780/2536 821/3461/821
f 821/3461/821 2536/3780/2536 3445/3781/3445 2411/3464/2411
f 2536/3779/2536 885/3778/885 2539/3782/2539 3445/3783/3445
f 3445/3783/3445 2539/3782/2539 886/3784/886 2538/3785/2538
f 2411/3464/2411 3445/3781/3445 2538/3786/2538 822/3465/822
f 822/3465/822 2538/3786/2538 3446/3787/3446 2413/3468/2413
f 2538/3785/2538 886/3784/886 2541/3788/2541 3446/3789/3446
f 3446/3789/3446 2541/3788/2541 887/3790/887 2540/3791/2540
f 2413/3468/2413 3446/3787/3446 2540/3792/2540 823/3469/823
f 823/3469/823 2540/3792/2540 3447/3793/3447 2415/3472/2415
f 2540/3791/2540 887/3790/887 2543/3794/2543 3447/3795/3447
f 3447/3795/3447 2543/3794/2543 888/3796/888 2542/3797/2542
f 2415/3472/2415 3447/3793/3447 2542/3798/2542 824/3473/824
f 824/3473/824 2542/3798/2542 3448/3799/3448 2417/3476/2417
f 2542/3797/2542 888/3796/888 2545/3800/2545 3448/3801/3448
f 3448/3801/3448 2545/3800/2545 889/3802/889 2544/3803/2544
f 2417/3476/2417 3448/3799/3448 2544/3804/2544 825/3477/825
f 825/3805/825 2544/3803/2544 3449/3806/3449 2419/3807/2419
f 2544/3803/2544 889/3802/889 2547/3808/2547 3449/3806/3449
f 3449/3806/3449 2547/3808/2547 890/3809/890 2546/3810/2546
f 2419/3807/2419 3449/3806/3449 2546/3810/2546 826/3811/826
f 826/3811/826 2546/3810/2546 3450/3812/3450 2421/3813/2421
f 2546/3810/2546 890/3809/890 2549/3814/2549 3450/3812/3450
f 3450/3812/3450 2549/3814/2549 891/3815/891 2548/3816/2548
f 2421/3813/2421 3450/3812/3450 2548/3816/2548 827/3817/827
f 827/3817/827 2548/3816/2548 3451/3818/3451 2423/3819/2423
f 2548/3816/2548 891/3815/891 2551/3820/2551 3451/3818/3451
f 3451/3818/3451 2551/3820/2551 892/3821/892 2550/3822/2550
f 2423/3819/2423 3451/3818/3451 2550/3822/2550 828/3823/828
f 828/3823/828 2550/3822/2550 3452/3824/3452 2425/3825/2425
f 2550/3822/2550 892/3821/892 2553/3826/2553 3452/3824/3452
f 3452/3824/3452 2553/3826/2553 893/3827/893 2552/3828/2552
f 2425/3825/2425 3452/3824/3452 2552/3828/2552 829/3829/829
f 829/3829/829 2552/3828/2552 3453/3830/3453 2427/3831/2427
f 2552/3828/2552 893/3827/893 2555/3832/2555 3453/3830/3453
f 3453/3830/3453 2555/3832/2555 894/3833/894 2554/3834/2554
f 2427/3831/2427 3453/3830/3453 2554/3834/2554 830/3835/830
f 830/3835/830 2554/3834/2554 3454/3836/3454 2429/3837/2429
f 2554/3834/2554 894/3833/894 2557/3838/2557 3454/3836/3454
f 3454/3836/3454 2557/3838/2557 895/3839/895 2556/3840/2556
f 2429/3837/2429 3454/3836/3454 2556/3840/2556 831/3841/831
f 831/3841/831 2556/3840/2556 3455/3842/3455 2431/3843/2431
f 2556/3840/2556 895/3839/895 2559/3844/2559 3455/3842/3455
f 3455/3842/3455 2559/3844/2559 896/3845/896 2558/3846/2558
f 2431/3843/2431 3455/3842/3455 2558/3846/2558 832/3847/832
f 832/3847/832 2558/3846/2558 3456/3848/3456 2432/3849/2432
f 2558/3846/2558 896/3845/896 2560/3850/2560 3456/3848/3456
f 3456/3848/3456 2560/3850/2560 833/3515/833 2433/3512/2433
f 2432/3849/2432 3456/3848/3456 2433/3512/2433 769/3511/769
f 2/5/2 898/2/898 3457/3851/3457 2562/3852/2562
f 898/2/898 1/1/1 2561/3853/2561 3457/3851/3457
f 3457/3854/3457 2561/3855/2561 449/1936/449 1730/1939/1730
f 2562/3856/2562 3457/3854/3457 1730/1939/1730 450/1944/450
f 3/12/3 901/10/901 3458/3857/3458 2563/3858/2563
f 901/10/901 2/5/2 2562/3852/2562 3458/3857/3458
f 3458/3859/3458 2562/3856/2562 450/1944/450 1733/1946/1733
f 2563/3860/2563 3458/3859/3458 1733/1946/1733 451/1950/451
f 4/18/4 904/16/904 3459/3861/3459 2564/3862/2564
f 904/16/904 3/12/3 2563/3858/2563 3459/3861/3459
f 3459/3863/3459 2563/3860/2563 451/1950/451 1736/1952/1736
f 2564/3864/2564 3459/3863/3459 1736/1952/1736 452/1956/452
f 5/24/5 907/22/907 3460/3865/3460 2565/3866/2565
f 907/22/907 4/18/4 2564/3862/2564 3460/3865/3460
f 3460/3867/3460 2564/3864/2564 452/1956/452 1739/1958/1739
f 2565/3868/2565 3460/3867/3460 1739/1958/1739 453/1962/453
f 6/30/6 910/28/910 3461/3869/3461 2566/3870/2566
f 910/28/910 5/24/5 2565/3866/2565 3461/3869/3461
f 3461/3871/3461 2565/3868/2565 453/1962/453 1742/1964/1742
f 2566/3872/2566 3461/3871/3461 1742/1964/1742 454/1968/454
f 7/36/7 913/34/913 3462/3873/3462 2567/3874/2567
f 913/34/913 6/30/6 2566/3870/2566 3462/3873/3462
f 3462/3875/3462 2566/3872/2566 454/1968/454 1745/1970/1745
f 2567/3876/2567 3462/3875/3462 1745/1970/1745 455/1974/455
f 8/42/8 916/40/916 3463/3877/3463 2568/3878/2568
f 916/40/916 7/36/7 2567/3874/2567 3463/3877/3463
f 3463/3879/3463 2567/3876/2567 455/1974/455 1748/1976/1748
f 2568/3880/2568 3463/3879/3463 1748/1976/1748 456/1980/456
f 9/48/9 919/46/919 3464/3881/3464 2569/3882/2569
f 919/46/919 8/42/8 2568/3878/2568 3464/3881/3464
f 3464/3883/3464 2568/3880/2568 456/1980/456 1751/1982/1751
f 2569/3884/2569 3464/3883/3464 1751/1982/1751 457/1986/457
f 10/54/10 922/52/922 3465/3885/3465 2570/3886/2570
f 922/52/922 9/48/9 2569/3882/2569 3465/3885/3465
f 3465/3887/3465 2569/3884/2569 457/1986/457 1754/1988/1754
f 2570/3888/2570 3465/3887/3465 1754/1988/1754 458/1992/458
f 11/60/11 925/58/925 3466/3889/3466 2571/3890/2571
f 925/58/925 10/54/10 2570/3886/2570 3466/3889/3466
f 3466/3891/3466 2570/3888/2570 458/1992/458 1757/1994/1757
f 2571/3892/2571 3466/3891/3466 1757/1994/1757 459/1998/459
f 12/66/12 928/64/928 3467/3893/3467 2572/3894/2572
f 928/64/928 11/60/11 2571/3890/2571 3467/3893/3467
f 3467/3895/3467 2571/3892/2571 459/1998/459 1760/2000/1760
f 2572/3896/2572 3467/3895/3467 1760/2000/1760 460/2004/460
f 13/72/13 931/70/931 3468/3897/3468 2573/3898/2573
f 931/70/931 12/66/12 2572/3894/2572 3468/3897/3468
f 3468/3899/3468 2572/3896/2572 460/2004/460 1763/2006/1763
f 2573/3900/2573 3468/3899/3468 1763/2006/1763 461/2010/461
f 14/78/14 934/76/934 3469/3901/3469 2574/3902/2574
f 934/76/934 13/72/13 2573/3898/2573 3469/3901/3469
f 3469/3903/3469 2573/3900/2573 461/2010/461 1766/2012/1766
f 2574/3904/2574 3469/3903/3469 1766/2012/1766 462/2016/462
f 15/84/15 937/82/937 3470/3905/3470 2575/3906/2575
f 937/82/937 14/78/14 2574/3902/2574 3470/3905/3470
f 3470/3907/3470 2574/3904/2574 462/2016/462 1769/2018/1769
f 2575/3908/2575 3470/3907/3470 1769/2018/1769 463/2022/463
f 16/90/16 940/88/940 3471/3909/3471 2576/3910/2576
f 940/88/940 15/84/15 2575/3906/2575 3471/3909/3471
f 3471/3911/3471 2575/3908/2575 463/2022/463 1772/2024/1772
f 2576/3912/2576 3471/3911/3471 1772/2024/1772 464/2028/464
f 17/96/17 943/94/943 3472/3913/3472 2577/3914/2577
f 943/94/943 16/90/16 2576/3910/2576 3472/3913/3472
f 3472/3915/3472 2576/3912/2576 464/2028/464 1775/2030/1775
f 2577/3916/2577 3472/3915/3472 1775/2030/1775 465/2034/465
f 18/102/18 946/100/946 3473/3917/3473 2578/3918/2578
f 946/100/946 17/96/17 2577/3914/2577 3473/3917/3473
f 3473/3919/3473 2577/3916/2577 465/2034/465 1778/2036/1778
f 2578/3920/2578 3473/3919/3473 1778/2036/1778 466/2040/466
f 19/108/19 949/106/949 3474/3921/3474 2579/3922/2579
f 949/106/949 18/102/18 2578/3918/2578 3474/3921/3474
f 3474/3923/3474 2578/3920/2578 466/2040/466 1781/2042/1781
f 2579/3924/2579 3474/3923/3474 1781/2042/1781 467/2046/467
f 20/114/20 952/112/952 3475/3925/3475 2580/3926/2580
f 952/112/952 19/108/19 2579/3922/2579 3475/3925/3475
f 3475/3927/3475 2579/3924/2579 467/2046/467 1784/2048/1784
f 2580/3928/2580 3475/3927/3475 1784/2048/1784 468/2052/468
f 21/120/21 955/118/955 3476/3929/3476 2581/3930/2581
f 955/118/955 20/114/20 2580/3926/2580 3476/3929/3476
f 3476/3931/3476 2580/3928/2580 468/2052/468 1787/2054/1787
f 2581/3932/2581 3476/3931/3476 1787/2054/1787 469/2058/469
f 22/126/22 958/124/958 3477/3933/3477 2582/3934/2582
f 958/124/958 21/120/21 2581/3930/2581 3477/3933/3477
f 3477/3935/3477 2581/3932/2581 469/2058/469 1790/2060/1790
f 2582/3936/2582 3477/3935/3477 1790/2060/1790 470/2064/470
f 23/132/23 961/130/961 3478/3937/3478 2583/3938/2583
f 961/130/961 22/126/22 2582/3934/2582 3478/3937/3478
f 3478/3939/3478 2582/3936/2582 470/2064/470 1793/2066/1793
f 2583/3940/2583 3478/3939/3478 1793/2066/1793 471/2070/471
f 24/138/24 964/136/964 3479/3941/3479 2584/3942/2584
f 964/136/964 23/132/23 2583/3938/2583 3479/3941/3479
f 3479/3943/3479 2583/3940/2583 471/2070/471 1796/2072/1796
f 2584/3944/2584 3479/3943/3479 1796/2072/1796 472/2076/472
f 25/144/25 967/142/967 3480/3945/3480 2585/3946/2585
f 967/142/967 24/138/24 2584/3942/2584 3480/3945/3480
f 3480/3947/3480 2584/3944/2584 472/2076/472 1799/2078/1799
f 2585/3948/2585 3480/3947/3480 1799/2078/1799 473/2082/473
f 26/150/26 970/148/970 3481/3949/3481 2586/3950/2586
f 970/148/970 25/144/25 2585/3946/2585 3481/3949/3481
f 3481/3951/3481 2585/3948/2585 473/2082/473 1802/2084/1802
f 2586/3952/2586 3481/3951/3481 1802/2084/1802 474/2088/474
f 27/156/27 973/154/973 3482/3953/3482 2587/3954/2587
f 973/154/973 26/150/26 2586/3950/2586 3482/3953/3482
f 3482/3955/3482 2586/3952/2586 474/2088/474 1805/2090/1805
f 2587/3956/2587 3482/3955/3482 1805/2090/1805 475/2094/475
f 28/162/28 976/160/976 3483/3957/3483 2588/3958/2588
f 976/160/976 27/156/27 2587/3954/2587 3483/3957/3483
f 3483/3959/3483 2587/3956/2587 475/2094/475 1808/2096/1808
f 2588/3960/2588 3483/3959/3483 1808/2096/1808 476/2100/476
f 29/168/29 979/166/979 3484/3961/3484 2589/3962/2589
f 979/166/979 28/162/28 2588/3958/2588 3484/3961/3484
f 3484/3963/3484 2588/3960/2588 476/2100/476 1811/2102/1811
f 2589/3964/2589 3484/3963/3484 1811/2102/1811 477/2106/477
f 30/174/30 982/172/982 3485/3965/3485 2590/3966/2590
f 982/172/982 29/168/29 2589/3962/2589 3485/3965/3485
f 3485/3967/3485 2589/3964/2589 477/2106/477 1814/2108/1814
f 2590/3968/2590 3485/3967/3485 1814/2108/1814 478/2112/478
f 31/180/31 985/178/985 3486/3969/3486 2591/3970/2591
f 985/178/985 30/174/30 2590/3966/2590 3486/3969/3486
f 3486/3971/3486 2590/3968/2590 478/2112/478 1817/2114/1817
f 2591/3972/2591 3486/3971/3486 1817/2114/1817 479/2118/479
f 32/186/32 988/184/988 3487/3973/3487 2592/3974/2592
f 988/184/988 31/180/31 2591/3970/2591 3487/3973/3487
f 3487/3975/3487 2591/3972/2591 479/2118/479 1820/2120/1820
f 2592/3976/2592 3487/3975/3487 1820/2120/1820 480/2124/480
f 33/192/33 991/190/991 3488/3977/3488 2593/3978/2593
f 991/190/991 32/186/32 2592/3974/2592 3488/3977/3488
f 3488/3979/3488 2592/3976/2592 480/2124/480 1823/2126/1823
f 2593/3980/2593 3488/3979/3488 1823/2126/1823 481/2130/481
f 34/198/34 994/196/994 3489/3981/3489 2594/3982/2594
f 994/196/994 33/192/33 2593/3978/2593 3489/3981/3489
f 3489/3983/3489 2593/3980/2593 481/2130/481 1826/2132/1826
f 2594/3984/2594 3489/3983/3489 1826/2132/1826 482/2136/482
f 35/204/35 997/202/997 3490/3985/3490 2595/3986/2595
f 997/202/997 34/198/34 2594/3982/2594 3490/3985/3490
f 3490/3987/3490 2594/3984/2594 482/2136/482 1829/2138/1829
f 2595/3988/2595 3490/3987/3490 1829/2138/1829 483/2142/483
f 36/210/36 1000/208/1000 3491/3989/3491 2596/3990/2596
f 1000/208/1000 35/204/35 2595/3986/2595 3491/3989/3491
f 3491/3991/3491 2595/3988/2595 483/2142/483 1832/2144/1832
f 2596/3992/2596 3491/3991/3491 1832/2144/1832 484/2148/484
f 37/216/37 1003/214/1003 3492/3993/3492 2597/3994/2597
f 1003/214/1003 36/210/36 2596/3990/2596 3492/3993/3492
f 3492/3995/3492 2596/3992/2596 484/2148/484 1835/2150/1835
f 2597/3996/2597 3492/3995/3492 1835/2150/1835 485/2154/485
f 38/222/38 1006/220/1006 3493/3997/3493 2598/3998/2598
f 1006/220/1006 37/216/37 2597/3994/2597 3493/3997/3493
f 3493/3999/3493 2597/3996/2597 485/2154/485 1838/2156/1838
f 2598/4000/2598 3493/3999/3493 1838/2156/1838 486/2160/486
f 39/228/39 1009/226/1009 3494/4001/3494 2599/4002/2599
f 1009/226/1009 38/222/38 2598/3998/2598 3494/4001/3494
f 3494/4003/3494 2598/4000/2598 486/2160/486 1841/2162/1841
f 2599/4004/2599 3494/4003/3494 1841/2162/1841 487/2166/487
f 40/234/40 1012/232/1012 3495/4005/3495 2600/4006/2600
f 1012/232/1012 39/228/39 2599/4002/2599 3495/4005/3495
f 3495/4007/3495 2599/4004/2599 487/2166/487 1844/2168/1844
f 2600/4008/2600 3495/4007/3495 1844/2168/1844 488/2172/488
f 41/240/41 1015/238/1015 3496/4009/3496 2601/4010/2601
f 1015/238/1015 40/234/40 2600/4006/2600 3496/4009/3496
f 3496/4011/3496 2600/4008/2600 488/2172/488 1847/2174/1847
f 2601/4012/2601 3496/4011/3496 1847/2174/1847 489/2178/489
f 42/246/42 1018/244/1018 3497/4013/3497 2602/4014/2602
f 1018/244/1018 41/240/41 2601/4010/2601 3497/4013/3497
f 3497/4015/3497 2601/4012/2601 489/2178/489 1850/2180/1850
f 2602/4016/2602 3497/4015/3497 1850/2180/1850 490/2184/490
f 43/252/43 1021/250/1021 3498/4017/3498 2603/4018/2603
f 1021/250/1021 42/246/42 2602/4014/2602 3498/4017/3498
f 3498/4019/3498 2602/4016/2602 490/2184/490 1853/2186/1853
f 2603/4020/2603 3498/4019/3498 1853/2186/1853 491/2190/491
f 44/258/44 1024/256/1024 3499/4021/3499 2604/4022/2604
f 1024/256/1024 43/252/43 2603/4018/2603 3499/4021/3499
f 3499/4023/3499 2603/4020/2603 491/2190/491 1856/2192/1856
f 2604/4024/2604 3499/4023/3499 1856/2192/1856 492/2196/492
f 45/264/45 1027/262/1027 3500/4025/3500 2605/4026/2605
f 1027/262/1027 44/258/44 2604/4022/2604 3500/4025/3500
f 3500/4027/3500 2604/4024/2604 492/2196/492 1859/2198/1859
f 2605/4028/2605 3500/4027/3500 1859/2198/1859 493/2202/493
f 46/270/46 1030/268/1030 3501/4029/3501 2606/4030/2606
f 1030/268/1030 45/264/45 2605/4026/2605 3501/4029/3501
f 3501/4031/3501 2605/4028/2605 493/2202/493 1862/2204/1862
f 2606/4032/2606 3501/4031/3501 1862/2204/1862 494/2208/494
f 47/276/47 1033/274/1033 3502/4033/3502 2607/4034/2607
f 1033/274/1033 46/270/46 2606/4030/2606 3502/4033/3502
f 3502/4035/3502 2606/4032/2606 494/2208/494 1865/2210/1865
f 2607/4036/2607 3502/4035/3502 1865/2210/1865 495/2214/495
f 48/282/48 1036/280/1036 3503/4037/3503 2608/4038/2608
f 1036/280/1036 47/276/47 2607/4034/2607 3503/4037/3503
f 3503/4039/3503 2607/4036/2607 495/2214/495 1868/2216/1868
f 2608/4040/2608 3503/4039/3503 1868/2216/1868 496/2220/496
f 49/288/49 1039/286/1039 3504/4041/3504 2609/4042/2609
f 1039/286/1039 48/282/48 2608/4038/2608 3504/4041/3504
f 3504/4043/3504 2608/4040/2608 496/2220/496 1871/2222/1871
f 2609/4044/2609 3504/4043/3504 1871/2222/1871 497/2226/497
f 50/294/50 1042/292/1042 3505/4045/3505 2610/4046/2610
f 1042/292/1042 49/288/49 2609/4042/2609 3505/4045/3505
f 3505/4047/3505 2609/4044/2609 497/2226/497 1874/2228/1874
f 2610/4048/2610 3505/4047/3505 1874/2228/1874 498/2232/498
f 51/300/51 1045/298/1045 3506/4049/3506 2611/4050/2611
f 1045/298/1045 50/294/50 2610/4046/2610 3506/4049/3506
f 3506/4051/3506 2610/4048/2610 498/2232/498 1877/2234/1877
f 2611/4052/2611 3506/4051/3506 1877/2234/1877 499/2238/499
f 52/306/52 1048/304/1048 3507/4053/3507 2612/4054/2612
f 1048/304/1048 51/300/51 2611/4050/2611 3507/4053/3507
f 3507/4055/3507 2611/4052/2611 499/2238/499 1880/2240/1880
f 2612/4056/2612 3507/4055/3507 1880/2240/1880 500/2244/500
f 53/312/53 1051/310/1051 3508/4057/3508 2613/4058/2613
f 1051/310/1051 52/306/52 2612/4054/2612 3508/4057/3508
f 3508/4059/3508 2612/4056/2612 500/2244/500 1883/2246/1883
f 2613/4060/2613 3508/4059/3508 1883/2246/1883 501/2250/501
f 54/318/54 1054/316/1054 3509/4061/3509 2614/4062/2614
f 1054/316/1054 53/312/53 2613/4058/2613 3509/4061/3509
f 3509/4063/3509 2613/4060/2613 501/2250/501 1886/2252/1886
f 2614/4064/2614 3509/4063/3509 1886/2252/1886 502/2256/502
f 55/324/55 1057/322/1057 3510/4065/3510 2615/4066/2615
f 1057/322/1057 54/318/54 2614/4062/2614 3510/4065/3510
f 3510/4067/3510 2614/4064/2614 502/2256/502 1889/2258/1889
f 2615/4068/2615 3510/4067/3510 1889/2258/1889 503/2262/503
f 56/330/56 1060/328/1060 3511/4069/3511 2616/4070/2616
f 1060/328/1060 55/324/55 2615/4066/2615 3511/4069/3511
f 3511/4071/3511 2615/4068/2615 503/2262/503 1892/2264/1892
f 2616/4072/2616 3511/4071/3511 1892/2264/1892 504/2268/504
f 57/336/57 1063/334/1063 3512/4073/3512 2617/4074/2617
f 1063/334/1063 56/330/56 2616/4070/2616 3512/4073/3512
f 3512/4075/3512 2616/4072/2616 504/2268/504 1895/2270/1895
f 2617/4076/2617 3512/4075/3512 1895/2270/1895 505/2274/505
f 58/342/58 1066/340/1066 3513/4077/3513 2618/4078/2618
f 1066/340/1066 57/336/57 2617/4074/2617 3513/4077/3513
f 3513/4079/3513 2617/4076/2617 505/2274/505 1898/2276/1898
f 2618/4080/2618 3513/4079/3513 1898/2276/1898 506/2280/506
f 59/348/59 1069/346/1069 3514/4081/3514 2619/4082/2619
f 1069/346/1069 58/342/58 2618/4078/2618 3514/4081/3514
f 3514/4083/3514 2618/4080/2618 506/2280/506 1901/2282/1901
f 2619/4084/2619 3514/4083/3514 1901/2282/1901 507/2286/507
f 60/354/60 1072/352/1072 3515/4085/3515 2620/4086/2620
f 1072/352/1072 59/348/59 2619/4082/2619 3515/4085/3515
f 3515/4087/3515 2619/4084/2619 507/2286/507 1904/2288/1904
f 2620/4088/2620 3515/4087/3515 1904/2288/1904 508/2292/508
f 61/360/61 1075/358/1075 3516/4089/3516 2621/4090/2621
f 1075/358/1075 60/354/60 2620/4086/2620 3516/4089/3516
f 3516/4091/3516 2620/4088/2620 508/2292/508 1907/2294/1907
f 2621/4092/2621 3516/4091/3516 1907/2294/1907 509/2298/509
f 62/366/62 1078/364/1078 3517/4093/3517 2622/4094/2622
f 1078/364/1078 61/360/61 2621/4090/2621 3517/4093/3517
f 3517/4095/3517 2621/4092/2621 509/2298/509 1910/2300/1910
f 2622/4096/2622 3517/4095/3517 1910/2300/1910 510/2304/510
f 63/372/63 1081/370/1081 3518/4097/3518 2623/4098/2623
f 1081/370/1081 62/366/62 2622/4094/2622 3518/4097/3518
f 3518/4099/3518 2622/4096/2622 510/2304/510 1913/2306/1913
f 2623/4100/2623 3518/4099/3518 1913/2306/1913 511/2310/511
f 64/378/64 1084/376/1084 3519/4101/3519 2624/4102/2624
f 1084/376/1084 63/372/63 2623/4098/2623 3519/4101/3519
f 3519/4103/3519 2623/4100/2623 511/2310/511 1916/2312/1916
f 2624/4104/2624 3519/4103/3519 1916/2312/1916 512/2316/512
f 1/1/1 1087/382/1087 3520/4105/3520 2561/3853/2561
f 1087/382/1087 64/378/64 2624/4102/2624 3520/4105/3520
f 3520/4106/3520 2624/4104/2624 512/2316/512 1919/2318/1919
f 2561/3855/2561 3520/4106/3520 1919/2318/1919 449/1936/449
f 385/4107/385 1603/4108/1603 3521/4109/3521 2625/4110/2625
f 1603/4108/1603 386/4111/386 2626/4112/2626 3521/4109/3521
f 3521/4109/3521 2626/4112/2626 834/4113/834 2435/4114/2435
f 2625/4110/2625 3521/4109/3521 2435/4114/2435 833/4115/833
f 386/4111/386 1605/4116/1605 3522/4117/3522 2626/4112/2626
f 1605/4116/1605 387/4118/387 2627/4119/2627 3522/4117/3522
f 3522/4117/3522 2627/4119/2627 835/4120/835 2437/4121/2437
f 2626/4112/2626 3522/4117/3522 2437/4121/2437 834/4113/834
f 387/4118/387 1607/4122/1607 3523/4123/3523 2627/4119/2627
f 1607/4122/1607 388/4124/388 2628/4125/2628 3523/4123/3523
f 3523/4123/3523 2628/4125/2628 836/4126/836 2439/4127/2439
f 2627/4119/2627 3523/4123/3523 2439/4127/2439 835/4120/835
f 388/4124/388 1609/4128/1609 3524/4129/3524 2628/4125/2628
f 1609/4128/1609 389/4130/389 2629/4131/2629 3524/4129/3524
f 3524/4129/3524 2629/4131/2629 837/4132/837 2441/4133/2441
f 2628/4125/2628 3524/4129/3524 2441/4133/2441 836/4126/836
f 389/4130/389 1611/4134/1611 3525/4135/3525 2629/4131/2629
f 1611/4134/1611 390/4136/390 2630/4137/2630 3525/4135/3525
f 3525/4135/3525 2630/4137/2630 838/4138/838 2443/4139/2443
f 2629/4131/2629 3525/4135/3525 2443/4139/2443 837/4132/837
f 390/4136/390 1613/4140/1613 3526/4141/3526 2630/4137/2630
f 1613/4140/1613 391/4142/391 2631/4143/2631 3526/4141/3526
f 3526/4141/3526 2631/4143/2631 839/4144/839 2445/4145/2445
f 2630/4137/2630 3526/4141/3526 2445/4145/2445 838/4138/838
f 391/4142/391 1615/4146/1615 3527/4147/3527 2631/4143/2631
f 1615/4146/1615 392/4148/392 2632/4149/2632 3527/4147/3527
f 3527/4147/3527 2632/4149/2632 840/4150/840 2447/4151/2447
f 2631/4143/2631 3527/4147/3527 2447/4151/2447 839/4144/839
f 392/4148/392 1617/4152/1617 3528/4153/3528 2632/4149/2632
f 1617/4152/1617 393/4154/393 2633/4155/2633 3528/4153/3528
f 3528/4153/3528 2633/4155/2633 841/4156/841 2449/4157/2449
f 2632/4149/2632 3528/4153/3528 2449/4157/2449 840/4150/840
f 393/4154/393 1619/4158/1619 3529/4159/3529 2633/4155/2633
f 1619/4158/1619 394/4160/394 2634/4161/2634 3529/4159/3529
f 3529/4159/3529 2634/4161/2634 842/4162/842 2451/4163/2451
f 2633/4155/2633 3529/4159/3529 2451/4163/2451 841/4156/841
f 394/4160/394 1621/4164/1621 3530/4165/3530 2634/4161/2634
f 1621/4164/1621 395/4166/395 2635/4167/2635 3530/4165/3530
f 3530/4165/3530 2635/4167/2635 843/4168/843 2453/4169/2453
f 2634/4161/2634 3530/4165/3530 2453/4169/2453 842/4162/842
f 395/4166/395 1623/4170/1623 3531/4171/3531 2635/4167/2635
f 1623/4170/1623 396/4172/396 2636/4173/2636 3531/4171/3531
f 3531/4171/3531 2636/4173/2636 844/4174/844 2455/4175/2455
f 2635/4167/2635 3531/4171/3531 2455/4175/2455 843/4168/843
f 396/4172/396 1625/4176/1625 3532/4177/3532 2636/4173/2636
f 1625/4176/1625 397/4178/397 2637/4179/2637 3532/4177/3532
f 3532/4177/3532 2637/4179/2637 845/4180/845 2457/4181/2457
f 2636/4173/2636 3532/4177/3532 2457/4181/2457 844/4174/844
f 397/4182/397 1627/4183/1627 3533/4184/3533 2637/4185/2637
f 1627/4183/1627 398/4186/398 2638/4187/2638 3533/4184/3533
f 3533/4188/3533 2638/4189/2638 846/4190/846 2459/4191/2459
f 2637/4179/2637 3533/4188/3533 2459/4191/2459 845/4180/845
f 398/4186/398 1629/4192/1629 3534/4193/3534 2638/4187/2638
f 1629/4192/1629 399/4194/399 2639/4195/2639 3534/4193/3534
f 3534/4196/3534 2639/4197/2639 847/3595/847 2461/3594/2461
f 2638/4198/2638 3534/4196/3534 2461/3594/2461 846/3591/846
f 399/4194/399 1631/4199/1631 3535/4200/3535 2639/4195/2639
f 1631/4199/1631 400/4201/400 2640/4202/2640 3535/4200/3535
f 3535/4203/3535 2640/4204/2640 848/3599/848 2463/3598/2463
f 2639/4197/2639 3535/4203/3535 2463/3598/2463 847/3595/847
f 400/4201/400 1633/4205/1633 3536/4206/3536 2640/4202/2640
f 1633/4205/1633 401/4207/401 2641/4208/2641 3536/4206/3536
f 3536/4209/3536 2641/4210/2641 849/3603/849 2465/3602/2465
f 2640/4204/2640 3536/4209/3536 2465/3602/2465 848/3599/848
f 401/4207/401 1635/4211/1635 3537/4212/3537 2641/4208/2641
f 1635/4211/1635 402/4213/402 2642/4214/2642 3537/4212/3537
f 3537/4215/3537 2642/4216/2642 850/3607/850 2467/3606/2467
f 2641/4210/2641 3537/4215/3537 2467/3606/2467 849/3603/849
f 402/4213/402 1637/4217/1637 3538/4218/3538 2642/4214/2642
f 1637/4217/1637 403/4219/403 2643/4220/2643 3538/4218/3538
f 3538/4221/3538 2643/4222/2643 851/3611/851 2469/3610/2469
f 2642/4216/2642 3538/4221/3538 2469/3610/2469 850/3607/850
f 403/4219/403 1639/4223/1639 3539/4224/3539 2643/4220/2643
f 1639/4223/1639 404/4225/404 2644/4226/2644 3539/4224/3539
f 3539/4227/3539 2644/4228/2644 852/3615/852 2471/3614/2471
f 2643/4222/2643 3539/4227/3539 2471/3614/2471 851/3611/851
f 404/4225/404 1641/4229/1641 3540/4230/3540 2644/4226/2644
f 1641/4229/1641 405/4231/405 2645/4232/2645 3540/4230/3540
f 3540/4233/3540 2645/4234/2645 853/3619/853 2473/3618/2473
f 2644/4228/2644 3540/4233/3540 2473/3618/2473 852/3615/852
f 405/4231/405 1643/4235/1643 3541/4236/3541 2645/4232/2645
f 1643/4235/1643 406/4237/406 2646/4238/2646 3541/4236/3541
f 3541/4239/3541 2646/4240/2646 854/3623/854 2475/3622/2475
f 2645/4234/2645 3541/4239/3541 2475/3622/2475 853/3619/853
f 406/4237/406 1645/4241/1645 3542/4242/3542 2646/4238/2646
f 1645/4241/1645 407/4243/407 2647/4244/2647 3542/4242/3542
f 3542/4245/3542 2647/4246/2647 855/3627/855 2477/3626/2477
f 2646/4240/2646 3542/4245/3542 2477/3626/2477 854/3623/854
f 407/4243/407 1647/4247/1647 3543/4248/3543 2647/4244/2647
f 1647/4247/1647 408/4249/408 2648/4250/2648 3543/4248/3543
f 3543/4251/3543 2648/4252/2648 856/3631/856 2479/3630/2479
f 2647/4246/2647 3543/4251/3543 2479/3630/2479 855/3627/855
f 408/4249/408 1649/4253/1649 3544/4254/3544 2648/4250/2648
f 1649/4253/1649 409/4255/409 2649/4256/2649 3544/4254/3544
f 3544/4257/3544 2649/4258/2649 857/3635/857 2481/3634/2481
f 2648/4252/2648 3544/4257/3544 2481/3634/2481 856/3631/856
f 409/4255/409 1651/4259/1651 3545/4260/3545 2649/4256/2649
f 1651/4259/1651 410/4261/410 2650/4262/2650 3545/4260/3545
f 3545/4263/3545 2650/4264/2650 858/3639/858 2483/3638/2483
f 2649/4258/2649 3545/4263/3545 2483/3638/2483 857/3635/857
f 410/4261/410 1653/4265/1653 3546/4266/3546 2650/4262/2650
f 1653/4265/1653 411/4267/411 2651/4268/2651 3546/4266/3546
f 3546/4266/3546 2651/4268/2651 859/4269/859 2485/4270/2485
f 2650/4262/2650 3546/4266/3546 2485/4270/2485 858/4271/858
f 411/4267/411 1655/4272/1655 3547/4273/3547 2651/4268/2651
f 1655/4272/1655 412/4274/412 2652/4275/2652 3547/4273/3547
f 3547/4273/3547 2652/4275/2652 860/4276/860 2487/4277/2487
f 2651/4268/2651 3547/4273/3547 2487/4277/2487 859/4269/859
f 412/4274/412 1657/4278/1657 3548/4279/3548 2652/4275/2652
f 1657/4278/1657 413/4280/413 2653/4281/2653 3548/4279/3548
f 3548/4279/3548 2653/4281/2653 861/4282/861 2489/4283/2489
f 2652/4275/2652 3548/4279/3548 2489/4283/2489 860/4276/860
f 413/4280/413 1659/4284/1659 3549/4285/3549 2653/4281/2653
f 1659/4284/1659 414/4286/414 2654/4287/2654 3549/4285/3549
f 3549/4285/3549 2654/4287/2654 862/4288/862 2491/4289/2491
f 2653/4281/2653 3549/4285/3549 2491/4289/2491 861/4282/861
f 414/4286/414 1661/4290/1661 3550/4291/3550 2654/4287/2654
f 1661/4290/1661 415/4292/415 2655/4293/2655 3550/4291/3550
f 3550/4291/3550 2655/4293/2655 863/4294/863 2493/4295/2493
f 2654/4287/2654 3550/4291/3550 2493/4295/2493 862/4288/862
f 415/4292/415 1663/4296/1663 3551/4297/3551 2655/4293/2655
f 1663/4296/1663 416/4298/416 2656/4299/2656 3551/4297/3551
f 3551/4297/3551 2656/4299/2656 864/4300/864 2495/4301/2495
f 2655/4293/2655 3551/4297/3551 2495/4301/2495 863/4294/863
f 416/4298/416 1665/4302/1665 3552/4303/3552 2656/4299/2656
f 1665/4302/1665 417/4304/417 2657/4305/2657 3552/4303/3552
f 3552/4303/3552 2657/4305/2657 865/4306/865 2497/4307/2497
f 2656/4299/2656 3552/4303/3552 2497/4307/2497 864/4300/864
f 417/4304/417 1667/4308/1667 3553/4309/3553 2657/4305/2657
f 1667/4308/1667 418/4310/418 2658/4311/2658 3553/4309/3553
f 3553/4309/3553 2658/4311/2658 866/4312/866 2499/4313/2499
f 2657/4305/2657 3553/4309/3553 2499/4313/2499 865/4306/865
f 418/4310/418 1669/4314/1669 3554/4315/3554 2658/4311/2658
f 1669/4314/1669 419/4316/419 2659/4317/2659 3554/4315/3554
f 3554/4315/3554 2659/4317/2659 867/4318/867 2501/4319/2501
f 2658/4311/2658 3554/4315/3554 2501/4319/2501 866/4312/866
f 419/4316/419 1671/4320/1671 3555/4321/3555 2659/4317/2659
f 1671/4320/1671 420/4322/420 2660/4323/2660 3555/4321/3555
f 3555/4321/3555 2660/4323/2660 868/4324/868 2503/4325/2503
f 2659/4317/2659 3555/4321/3555 2503/4325/2503 867/4318/867
f 420/4322/420 1673/4326/1673 3556/4327/3556 2660/4323/2660
f 1673/4326/1673 421/4328/421 2661/4329/2661 3556/4327/3556
f 3556/4330/3556 2661/4331/2661 869/3693/869 2505/3692/2505
f 2660/4323/2660 3556/4327/3556 2505/4332/2505 868/4324/868
f 421/4328/421 1675/4333/1675 3557/4334/3557 2661/4329/2661
f 1675/4333/1675 422/4335/422 2662/4336/2662 3557/4334/3557
f 3557/4337/3557 2662/4338/2662 870/3697/870 2507/3696/2507
f 2661/4331/2661 3557/4337/3557 2507/3696/2507 869/3693/869
f 422/4335/422 1677/4339/1677 3558/4340/3558 2662/4336/2662
f 1677/4339/1677 423/4341/423 2663/4342/2663 3558/4340/3558
f 3558/4343/3558 2663/4344/2663 871/3701/871 2509/3700/2509
f 2662/4338/2662 3558/4343/3558 2509/3700/2509 870/3697/870
f 423/4341/423 1679/4345/1679 3559/4346/3559 2663/4342/2663
f 1679/4345/1679 424/4347/424 2664/4348/2664 3559/4346/3559
f 3559/4349/3559 2664/4350/2664 872/3705/872 2511/3704/2511
f 2663/4344/2663 3559/4349/3559 2511/3704/2511 871/3701/871
f 424/4347/424 1681/4351/1681 3560/4352/3560 2664/4348/2664
f 1681/4351/1681 425/4353/425 2665/4354/2665 3560/4352/3560
f 3560/4355/3560 2665/4356/2665 873/3709/873 2513/3708/2513
f 2664/4350/2664 3560/4355/3560 2513/3708/2513 872/3705/872
f 425/4353/425 1683/4357/1683 3561/4358/3561 2665/4354/2665
f 1683/4357/1683 426/4359/426 2666/4360/2666 3561/4358/3561
f 3561/4361/3561 2666/4362/2666 874/4363/874 2515/4364/2515
f 2665/4365/2665 3561/4361/3561 2515/4364/2515 873/4366/873
f 426/4359/426 1685/4367/1685 3562/4368/3562 2666/4360/2666
f 1685/4367/1685 427/4369/427 2667/4370/2667 3562/4368/3562
f 3562/4371/3562 2667/4372/2667 875/4373/875 2517/4374/2517
f 2666/4362/2666 3562/4371/3562 2517/4374/2517 874/4363/874
f 427/4369/427 1687/4375/1687 3563/4376/3563 2667/4370/2667
f 1687/4375/1687 428/4377/428 2668/4378/2668 3563/4376/3563
f 3563/4379/3563 2668/4380/2668 876/4381/876 2519/4382/2519
f 2667/4372/2667 3563/4379/3563 2519/4382/2519 875/4373/875
f 428/4377/428 1689/4383/1689 3564/4384/3564 2668/4378/2668
f 1689/4383/1689 429/4385/429 2669/4386/2669 3564/4384/3564
f 3564/4387/3564 2669/4388/2669 877/4389/877 2521/4390/2521
f 2668/4380/2668 3564/4387/3564 2521/4390/2521 876/4381/876
f 429/4391/429 1691/4392/1691 3565/4393/3565 2669/4388/2669
f 1691/4392/1691 430/4394/430 2670/4395/2670 3565/4393/3565
f 3565/4393/3565 2670/4395/2670 878/4396/878 2523/4397/2523
f 2669/4388/2669 3565/4393/3565 2523/4397/2523 877/4389/877
f 430/4394/430 1693/4398/1693 3566/4399/3566 2670/4395/2670
f 1693/4398/1693 431/4400/431 2671/4401/2671 3566/4399/3566
f 3566/4399/3566 2671/4401/2671 879/4402/879 2525/4403/2525
f 2670/4395/2670 3566/4399/3566 2525/4403/2525 878/4396/878
f 431/4400/431 1695/4404/1695 3567/4405/3567 2671/4401/2671
f 1695/4404/1695 432/4406/432 2672/4407/2672 3567/4405/3567
f 3567/4405/3567 2672/4407/2672 880/4408/880 2527/4409/2527
f 2671/4401/2671 3567/4405/3567 2527/4409/2527 879/4402/879
f 432/4406/432 1697/4410/1697 3568/4411/3568 2672/4407/2672
f 1697/4410/1697 433/4412/433 2673/4413/2673 3568/4411/3568
f 3568/4411/3568 2673/4413/2673 881/4414/881 2529/4415/2529
f 2672/4407/2672 3568/4411/3568 2529/4415/2529 880/4408/880
f 433/4412/433 1699/4416/1699 3569/4417/3569 2673/4413/2673
f 1699/4416/1699 434/4418/434 2674/4419/2674 3569/4417/3569
f 3569/4417/3569 2674/4419/2674 882/3763/882 2531/4420/2531
f 2673/4413/2673 3569/4417/3569 2531/4420/2531 881/4414/881
f 434/4418/434 1701/4421/1701 3570/4422/3570 2674/4419/2674
f 1701/4421/1701 435/4423/435 2675/4424/2675 3570/4422/3570
f 3570/4422/3570 2675/4424/2675 883/3765/883 2533/3764/2533
f 2674/4419/2674 3570/4422/3570 2533/3764/2533 882/3763/882
f 435/4423/435 1703/4425/1703 3571/4426/3571 2675/4424/2675
f 1703/4425/1703 436/4427/436 2676/4428/2676 3571/4426/3571
f 3571/4426/3571 2676/4428/2676 884/4429/884 2535/4430/2535
f 2675/4424/2675 3571/4426/3571 2535/4430/2535 883/3765/883
f 436/4427/436 1705/4431/1705 3572/4432/3572 2676/4428/2676
f 1705/4431/1705 437/4433/437 2677/4434/2677 3572/4432/3572
f 3572/4432/3572 2677/4434/2677 885/4435/885 2537/4436/2537
f 2676/4428/2676 3572/4432/3572 2537/4436/2537 884/4429/884
f 437/4433/437 1707/4437/1707 3573/4438/3573 2677/4434/2677
f 1707/4437/1707 438/4439/438 2678/4440/2678 3573/4438/3573
f 3573/4438/3573 2678/4440/2678 886/4441/886 2539/4442/2539
f 2677/4434/2677 3573/4438/3573 2539/4442/2539 885/4435/885
f 438/4439/438 1709/4443/1709 3574/4444/3574 2678/4440/2678
f 1709/4443/1709 439/4445/439 2679/4446/2679 3574/4444/3574
f 3574/4444/3574 2679/4446/2679 887/4447/887 2541/4448/2541
f 2678/4440/2678 3574/4444/3574 2541/4448/2541 886/4441/886
f 439/4445/439 1711/4449/1711 3575/4450/3575 2679/4446/2679
f 1711/4449/1711 440/4451/440 2680/4452/2680 3575/4450/3575
f 3575/4450/3575 2680/4452/2680 888/4453/888 2543/4454/2543
f 2679/4446/2679 3575/4450/3575 2543/4454/2543 887/4447/887
f 440/4451/440 1713/4455/1713 3576/4456/3576 2680/4452/2680
f 1713/4455/1713 441/4457/441 2681/4458/2681 3576/4456/3576
f 3576/4456/3576 2681/4458/2681 889/4459/889 2545/4460/2545
f 2680/4452/2680 3576/4456/3576 2545/4460/2545 888/4453/888
f 441/4457/441 1715/4461/1715 3577/4462/3577 2681/4458/2681
f 1715/4461/1715 442/4463/442 2682/4464/2682 3577/4462/3577
f 3577/4462/3577 2682/4464/2682 890/4465/890 2547/4466/2547
f 2681/4458/2681 3577/4462/3577 2547/4466/2547 889/4459/889
f 442/4463/442 1717/4467/1717 3578/4468/3578 2682/4464/2682
f 1717/4469/1717 443/4470/443 2683/4471/2683 3578/4472/3578
f 3578/4468/3578 2683/4473/2683 891/4474/891 2549/4475/2549
f 2682/4464/2682 3578/4468/3578 2549/4475/2549 890/4465/890
f 443/4470/443 1719/4476/1719 3579/4477/3579 2683/4471/2683
f 1719/4476/1719 444/4478/444 2684/4479/2684 3579/4477/3579
f 3579/4480/3579 2684/4481/2684 892/4482/892 2551/4483/2551
f 2683/4473/2683 3579/4480/3579 2551/4483/2551 891/4474/891
f 444/4478/444 1721/4484/1721 3580/4485/3580 2684/4479/2684
f 1721/4484/1721 445/4486/445 2685/4487/2685 3580/4485/3580
f 3580/4485/3580 2685/4487/2685 893/4488/893 2553/4489/2553
f 2684/4479/2684 3580/4485/3580 2553/4489/2553 892/4490/892
f 445/4486/445 1723/4491/1723 3581/4492/3581 2685/4487/2685
f 1723/4491/1723 446/4493/446 2686/4494/2686 3581/4492/3581
f 3581/4492/3581 2686/4494/2686 894/4495/894 2555/4496/2555
f 2685/4487/2685 3581/4492/3581 2555/4496/2555 893/4488/893
f 446/4493/446 1725/4497/1725 3582/4498/3582 2686/4494/2686
f 1725/4497/1725 447/4499/447 2687/4500/2687 3582/4498/3582
f 3582/4498/3582 2687/4500/2687 895/4501/895 2557/4502/2557
f 2686/4494/2686 3582/4498/3582 2557/4502/2557 894/4495/894
f 447/4499/447 1727/4503/1727 3583/4504/3583 2687/4500/2687
f 1727/4503/1727 448/4505/448 2688/4506/2688 3583/4504/3583
f 3583/4504/3583 2688/4506/2688 896/4507/896 2559/4508/2559
f 2687/4500/2687 3583/4504/3583 2559/4508/2559 895/4501/895
f 448/4505/448 1728/4509/1728 3584/4510/3584 2688/4506/2688
f 1728/4509/1728 385/4107/385 2625/4110/2625 3584/4510/3584
f 3584/4510/3584 2625/4110/2625 833/4115/833 2560/4511/2560
f 2688/4506/2688 3584/4510/3584 2560/4511/2560 896/4507/896
