# Blender 5.0.1
# www.blender.org
mtllib chess_board.mtl
o SM_ChessBoard
v -27.350000 -27.350000 -0.000001
v -27.350000 -27.649998 0.299999
v -27.649998 -27.350000 0.299999
v -27.350000 -27.499798 0.040078
v -27.499802 -27.349997 0.040078
v -27.493462 -27.493460 0.079009
v -27.499802 -27.609917 0.299999
v -27.350000 -27.609917 0.150196
v -27.493462 -27.570988 0.156535
v -27.609921 -27.349997 0.150196
v -27.609921 -27.499798 0.299999
v -27.570990 -27.493460 0.156535
v -27.350000 -27.649998 1.209999
v -27.350000 -27.350000 1.509999
v -27.649998 -27.350000 1.209999
v -27.350000 -27.609917 1.359802
v -27.499802 -27.609917 1.209999
v -27.493462 -27.570988 1.353462
v -27.499802 -27.349997 1.469920
v -27.350000 -27.499798 1.469920
v -27.493462 -27.493460 1.430989
v -27.609921 -27.499798 1.209999
v -27.609921 -27.349997 1.359802
v -27.570990 -27.493460 1.353462
v -27.350000 27.350000 0.000001
v -27.649998 27.350000 0.300001
v -27.350000 27.649998 0.300001
v -27.499798 27.350000 0.040080
v -27.349997 27.499802 0.040080
v -27.493460 27.493462 0.079011
v -27.609917 27.499802 0.300001
v -27.609917 27.350000 0.150198
v -27.570988 27.493462 0.156538
v -27.349997 27.609921 0.150198
v -27.499798 27.609921 0.300001
v -27.493460 27.570990 0.156538
v -27.350000 27.350000 1.510001
v -27.350000 27.649998 1.210001
v -27.649998 27.350000 1.210001
v -27.350000 27.499798 1.469923
v -27.499802 27.349997 1.469923
v -27.493462 27.493460 1.430991
v -27.499802 27.609917 1.210001
v -27.350000 27.609917 1.359805
v -27.493462 27.570988 1.353465
v -27.609921 27.349997 1.359805
v -27.609921 27.499798 1.210001
v -27.570990 27.493460 1.353465
v 27.350000 -27.350000 -0.000001
v 27.649998 -27.350000 0.299999
v 27.350000 -27.649998 0.299999
v 27.499798 -27.350000 0.040078
v 27.349997 -27.499802 0.040078
v 27.493460 -27.493462 0.079009
v 27.609917 -27.499802 0.299999
v 27.609917 -27.350000 0.150196
v 27.570988 -27.493462 0.156535
v 27.349997 -27.609921 0.150196
v 27.499798 -27.609921 0.299999
v 27.493460 -27.570990 0.156535
v 27.350000 -27.350000 1.509999
v 27.350000 -27.649998 1.209999
v 27.649998 -27.350000 1.209999
v 27.350000 -27.499798 1.469920
v 27.499802 -27.349997 1.469920
v 27.493462 -27.493460 1.430989
v 27.499802 -27.609917 1.209999
v 27.350000 -27.609917 1.359802
v 27.493462 -27.570988 1.353462
v 27.609921 -27.349997 1.359802
v 27.609921 -27.499798 1.209999
v 27.570990 -27.493460 1.353462
v 27.350000 27.350000 0.000001
v 27.350000 27.649998 0.300001
v 27.649998 27.350000 0.300001
v 27.350000 27.499798 0.040080
v 27.499802 27.349997 0.040080
v 27.493462 27.493460 0.079011
v 27.499802 27.609917 0.300001
v 27.350000 27.609917 0.150198
v 27.493462 27.570988 0.156538
v 27.609921 27.349997 0.150198
v 27.609921 27.499798 0.300001
v 27.570990 27.493460 0.156538
v 27.350000 27.350000 1.510001
v 27.649998 27.350000 1.210001
v 27.350000 27.649998 1.210001
v 27.499798 27.350000 1.469923
v 27.349997 27.499802 1.469923
v 27.493460 27.493462 1.430991
v 27.609917 27.499802 1.210001
v 27.609917 27.350000 1.359805
v 27.570988 27.493462 1.353465
v 27.349997 27.609921 1.359805
v 27.499798 27.609921 1.210001
v 27.493460 27.570990 1.353465
v -27.444998 23.404999 1.510001
v -27.444998 23.199999 1.715001
v -27.649998 23.404999 1.715001
v -27.444998 23.302633 1.537388
v -27.547363 23.404997 1.537388
v -27.543032 23.306965 1.563991
v -27.547363 23.227385 1.715001
v -27.444998 23.227385 1.612635
v -27.543032 23.253988 1.616967
v -27.622610 23.404997 1.612635
v -27.622610 23.302633 1.715001
v -27.596008 23.306965 1.616967
v -27.444998 23.199999 1.715001
v -27.444998 23.404999 1.920001
v -27.649998 23.404999 1.715001
v -27.444998 23.227385 1.817366
v -27.547363 23.227385 1.715001
v -27.543032 23.253988 1.813034
v -27.547363 23.404997 1.892614
v -27.444998 23.302633 1.892614
v -27.543032 23.306965 1.866011
v -27.622610 23.302633 1.715001
v -27.622610 23.404997 1.817366
v -27.596008 23.306965 1.813034
v -27.444998 27.444998 1.510001
v -27.649998 27.444998 1.715001
v -27.444998 27.649998 1.715001
v -27.547359 27.444998 1.537388
v -27.444994 27.547363 1.537388
v -27.543030 27.543032 1.563991
v -27.622608 27.547363 1.715001
v -27.622608 27.444998 1.612635
v -27.596006 27.543032 1.616968
v -27.444994 27.622610 1.612635
v -27.547359 27.622610 1.715001
v -27.543030 27.596008 1.616968
v -27.444998 27.444998 1.920001
v -27.444998 27.649998 1.715001
v -27.649998 27.444998 1.715001
v -27.444998 27.547359 1.892614
v -27.547363 27.444994 1.892614
v -27.543032 27.543030 1.866011
v -27.547363 27.622608 1.715001
v -27.444998 27.622608 1.817366
v -27.543032 27.596006 1.813034
v -27.622610 27.444994 1.817366
v -27.622610 27.547359 1.715001
v -27.596008 27.543030 1.813034
v 27.444998 23.404999 1.510001
v 27.649998 23.404999 1.715001
v 27.444998 23.199999 1.715001
v 27.547359 23.404997 1.537388
v 27.444994 23.302633 1.537388
v 27.543030 23.306965 1.563991
v 27.622608 23.302633 1.715001
v 27.622608 23.404997 1.612635
v 27.596006 23.306965 1.616967
v 27.444994 23.227385 1.612635
v 27.547359 23.227385 1.715001
v 27.543030 23.253988 1.616967
v 27.444998 23.404999 1.920001
v 27.444998 23.199999 1.715001
v 27.649998 23.404999 1.715001
v 27.444998 23.302633 1.892614
v 27.547363 23.404997 1.892614
v 27.543032 23.306965 1.866011
v 27.547363 23.227385 1.715001
v 27.444998 23.227385 1.817366
v 27.543032 23.253988 1.813034
v 27.622610 23.404997 1.817366
v 27.622610 23.302633 1.715001
v 27.596008 23.306965 1.813034
v 27.444998 27.444998 1.510001
v 27.444998 27.649998 1.715001
v 27.649998 27.444998 1.715001
v 27.444998 27.547359 1.537388
v 27.547363 27.444994 1.537388
v 27.543032 27.543030 1.563991
v 27.547363 27.622608 1.715001
v 27.444998 27.622608 1.612635
v 27.543032 27.596006 1.616968
v 27.622610 27.444994 1.612635
v 27.622610 27.547359 1.715001
v 27.596008 27.543030 1.616968
v 27.444998 27.444998 1.920001
v 27.649998 27.444998 1.715001
v 27.444998 27.649998 1.715001
v 27.547359 27.444998 1.892614
v 27.444994 27.547363 1.892614
v 27.543030 27.543032 1.866011
v 27.622608 27.547363 1.715001
v 27.622608 27.444998 1.817366
v 27.596006 27.543032 1.813034
v 27.444994 27.622610 1.817366
v 27.547359 27.622610 1.715001
v 27.543030 27.596008 1.813034
v -27.444998 -27.444998 1.509999
v -27.444998 -27.649998 1.714999
v -27.649998 -27.444998 1.714999
v -27.444998 -27.547359 1.537386
v -27.547363 -27.444994 1.537386
v -27.543032 -27.543030 1.563989
v -27.547363 -27.622608 1.714999
v -27.444998 -27.622608 1.612633
v -27.543032 -27.596006 1.616965
v -27.622610 -27.444994 1.612633
v -27.622610 -27.547359 1.714999
v -27.596008 -27.543030 1.616965
v -27.444998 -27.649998 1.714999
v -27.444998 -27.444998 1.919999
v -27.649998 -27.444998 1.714999
v -27.444998 -27.622608 1.817364
v -27.547363 -27.622608 1.714999
v -27.543032 -27.596006 1.813032
v -27.547363 -27.444994 1.892612
v -27.444998 -27.547359 1.892612
v -27.543032 -27.543030 1.866009
v -27.622610 -27.547359 1.714999
v -27.622610 -27.444994 1.817364
v -27.596008 -27.543030 1.813032
v -27.444998 -23.404999 1.509999
v -27.649998 -23.404999 1.714999
v -27.444998 -23.199999 1.714999
v -27.547359 -23.404997 1.537386
v -27.444994 -23.302633 1.537386
v -27.543030 -23.306965 1.563989
v -27.622608 -23.302633 1.714999
v -27.622608 -23.404997 1.612633
v -27.596006 -23.306965 1.616966
v -27.444994 -23.227385 1.612633
v -27.547359 -23.227385 1.714999
v -27.543030 -23.253988 1.616966
v -27.444998 -23.404999 1.919999
v -27.444998 -23.199999 1.714999
v -27.649998 -23.404999 1.714999
v -27.444998 -23.302633 1.892612
v -27.547363 -23.404997 1.892612
v -27.543032 -23.306965 1.866009
v -27.547363 -23.227385 1.714999
v -27.444998 -23.227385 1.817364
v -27.543032 -23.253988 1.813032
v -27.622610 -23.404997 1.817364
v -27.622610 -23.302633 1.714999
v -27.596008 -23.306965 1.813032
v 27.444998 -27.444998 1.509999
v 27.649998 -27.444998 1.714999
v 27.444998 -27.649998 1.714999
v 27.547359 -27.444998 1.537386
v 27.444994 -27.547363 1.537386
v 27.543030 -27.543032 1.563989
v 27.622608 -27.547363 1.714999
v 27.622608 -27.444998 1.612633
v 27.596006 -27.543032 1.616965
v 27.444994 -27.622610 1.612633
v 27.547359 -27.622610 1.714999
v 27.543030 -27.596008 1.616965
v 27.444998 -27.444998 1.919999
v 27.444998 -27.649998 1.714999
v 27.649998 -27.444998 1.714999
v 27.444998 -27.547359 1.892612
v 27.547363 -27.444994 1.892612
v 27.543032 -27.543030 1.866009
v 27.547363 -27.622608 1.714999
v 27.444998 -27.622608 1.817364
v 27.543032 -27.596006 1.813032
v 27.622610 -27.444994 1.817364
v 27.622610 -27.547359 1.714999
v 27.596008 -27.543030 1.813032
v 27.444998 -23.404999 1.509999
v 27.444998 -23.199999 1.714999
v 27.649998 -23.404999 1.714999
v 27.444998 -23.302633 1.537386
v 27.547363 -23.404997 1.537386
v 27.543032 -23.306965 1.563989
v 27.547363 -23.227385 1.714999
v 27.444998 -23.227385 1.612633
v 27.543032 -23.253988 1.616966
v 27.622610 -23.404997 1.612633
v 27.622610 -23.302633 1.714999
v 27.596008 -23.306965 1.616966
v 27.444998 -23.404999 1.919999
v 27.649998 -23.404999 1.714999
v 27.444998 -23.199999 1.714999
v 27.547359 -23.404997 1.892612
v 27.444994 -23.302633 1.892612
v 27.543030 -23.306965 1.866009
v 27.622608 -23.302633 1.714999
v 27.622608 -23.404997 1.817364
v 27.596006 -23.306965 1.813032
v 27.444994 -23.227385 1.817364
v 27.547359 -23.227385 1.714999
v 27.543030 -23.253988 1.813032
v 23.404999 -22.994999 1.509999
v 23.404999 -23.199999 1.714999
v 23.199999 -22.994999 1.714999
v 23.404997 -23.097366 1.537386
v 23.302633 -22.995001 1.537386
v 23.306965 -23.093035 1.563989
v 23.302633 -23.172613 1.714999
v 23.404997 -23.172613 1.612633
v 23.306965 -23.146011 1.616966
v 23.227385 -22.995001 1.612633
v 23.227385 -23.097366 1.714999
v 23.253988 -23.093035 1.616966
v 23.404999 -23.199999 1.714999
v 23.404999 -22.994999 1.919999
v 23.199999 -22.994999 1.714999
v 23.404997 -23.172613 1.817364
v 23.302633 -23.172613 1.714999
v 23.306965 -23.146011 1.813032
v 23.302633 -22.995001 1.892612
v 23.404997 -23.097366 1.892612
v 23.306965 -23.093035 1.866009
v 23.227385 -23.097366 1.714999
v 23.227385 -22.995001 1.817364
v 23.253988 -23.093035 1.813032
v 23.404999 22.994999 1.510001
v 23.199999 22.994999 1.715001
v 23.404999 23.199999 1.715001
v 23.302633 22.995001 1.537388
v 23.404997 23.097366 1.537388
v 23.306965 23.093035 1.563991
v 23.227385 23.097366 1.715001
v 23.227385 22.995001 1.612635
v 23.253988 23.093035 1.616967
v 23.404997 23.172613 1.612635
v 23.302633 23.172613 1.715001
v 23.306965 23.146011 1.616967
v 23.404999 22.994999 1.920001
v 23.404999 23.199999 1.715001
v 23.199999 22.994999 1.715001
v 23.404997 23.097366 1.892614
v 23.302633 22.995001 1.892614
v 23.306965 23.093035 1.866011
v 23.302633 23.172613 1.715001
v 23.404997 23.172613 1.817366
v 23.306965 23.146011 1.813034
v 23.227385 22.995001 1.817366
v 23.227385 23.097366 1.715001
v 23.253988 23.093035 1.813034
v 27.444998 -22.994999 1.509999
v 27.649998 -22.994999 1.714999
v 27.444998 -23.199999 1.714999
v 27.547359 -22.995001 1.537386
v 27.444994 -23.097366 1.537386
v 27.543030 -23.093035 1.563989
v 27.622608 -23.097366 1.714999
v 27.622608 -22.995001 1.612633
v 27.596006 -23.093035 1.616966
v 27.444994 -23.172613 1.612633
v 27.547359 -23.172613 1.714999
v 27.543030 -23.146011 1.616966
v 27.444998 -22.994999 1.919999
v 27.444998 -23.199999 1.714999
v 27.649998 -22.994999 1.714999
v 27.444998 -23.097366 1.892612
v 27.547363 -22.995001 1.892612
v 27.543032 -23.093035 1.866009
v 27.547363 -23.172613 1.714999
v 27.444998 -23.172613 1.817364
v 27.543032 -23.146011 1.813032
v 27.622610 -22.995001 1.817364
v 27.622610 -23.097366 1.714999
v 27.596008 -23.093035 1.813032
v 27.444998 22.994999 1.510001
v 27.444998 23.199999 1.715001
v 27.649998 22.994999 1.715001
v 27.444998 23.097366 1.537388
v 27.547363 22.995001 1.537388
v 27.543032 23.093035 1.563991
v 27.547363 23.172613 1.715001
v 27.444998 23.172613 1.612635
v 27.543032 23.146011 1.616967
v 27.622610 22.995001 1.612635
v 27.622610 23.097366 1.715001
v 27.596008 23.093035 1.616967
v 27.444998 22.994999 1.920001
v 27.649998 22.994999 1.715001
v 27.444998 23.199999 1.715001
v 27.547359 22.995001 1.892614
v 27.444994 23.097366 1.892614
v 27.543030 23.093035 1.866011
v 27.622608 23.097366 1.715001
v 27.622608 22.995001 1.817366
v 27.596006 23.093035 1.813034
v 27.444994 23.172613 1.817366
v 27.547359 23.172613 1.715001
v 27.543030 23.146011 1.813034
v -27.444998 -22.994999 1.509999
v -27.444998 -23.199999 1.714999
v -27.649998 -22.994999 1.714999
v -27.444998 -23.097366 1.537386
v -27.547363 -22.995001 1.537386
v -27.543032 -23.093035 1.563989
v -27.547363 -23.172613 1.714999
v -27.444998 -23.172613 1.612633
v -27.543032 -23.146011 1.616966
v -27.622610 -22.995001 1.612633
v -27.622610 -23.097366 1.714999
v -27.596008 -23.093035 1.616966
v -27.444998 -23.199999 1.714999
v -27.444998 -22.994999 1.919999
v -27.649998 -22.994999 1.714999
v -27.444998 -23.172613 1.817364
v -27.547363 -23.172613 1.714999
v -27.543032 -23.146011 1.813032
v -27.547363 -22.995001 1.892612
v -27.444998 -23.097366 1.892612
v -27.543032 -23.093035 1.866009
v -27.622610 -23.097366 1.714999
v -27.622610 -22.995001 1.817364
v -27.596008 -23.093035 1.813032
v -27.444998 22.994999 1.510001
v -27.649998 22.994999 1.715001
v -27.444998 23.199999 1.715001
v -27.547359 22.995001 1.537388
v -27.444994 23.097366 1.537388
v -27.543030 23.093035 1.563991
v -27.622608 23.097366 1.715001
v -27.622608 22.995001 1.612635
v -27.596006 23.093035 1.616967
v -27.444994 23.172613 1.612635
v -27.547359 23.172613 1.715001
v -27.543030 23.146011 1.616967
v -27.444998 22.994999 1.920001
v -27.444998 23.199999 1.715001
v -27.649998 22.994999 1.715001
v -27.444998 23.097366 1.892614
v -27.547363 22.995001 1.892614
v -27.543032 23.093035 1.866011
v -27.547363 23.172613 1.715001
v -27.444998 23.172613 1.817366
v -27.543032 23.146011 1.813034
v -27.622610 22.995001 1.817366
v -27.622610 23.097366 1.715001
v -27.596008 23.093035 1.813034
v -23.404999 -22.994999 1.509999
v -23.199999 -22.994999 1.714999
v -23.404999 -23.199999 1.714999
v -23.302633 -22.995001 1.537386
v -23.404997 -23.097366 1.537386
v -23.306965 -23.093035 1.563989
v -23.227385 -23.097366 1.714999
v -23.227385 -22.995001 1.612633
v -23.253988 -23.093035 1.616966
v -23.404997 -23.172613 1.612633
v -23.302633 -23.172613 1.714999
v -23.306965 -23.146011 1.616966
v -23.404999 -22.994999 1.919999
v -23.404999 -23.199999 1.714999
v -23.199999 -22.994999 1.714999
v -23.404997 -23.097366 1.892612
v -23.302633 -22.995001 1.892612
v -23.306965 -23.093035 1.866009
v -23.302633 -23.172613 1.714999
v -23.404997 -23.172613 1.817364
v -23.306965 -23.146011 1.813032
v -23.227385 -22.995001 1.817364
v -23.227385 -23.097366 1.714999
v -23.253988 -23.093035 1.813032
v -23.404999 22.994999 1.510001
v -23.404999 23.199999 1.715001
v -23.199999 22.994999 1.715001
v -23.404997 23.097366 1.537388
v -23.302633 22.995001 1.537388
v -23.306965 23.093035 1.563991
v -23.302633 23.172613 1.715001
v -23.404997 23.172613 1.612635
v -23.306965 23.146011 1.616967
v -23.227385 22.995001 1.612635
v -23.227385 23.097366 1.715001
v -23.253988 23.093035 1.616967
v -23.404999 22.994999 1.920001
v -23.199999 22.994999 1.715001
v -23.404999 23.199999 1.715001
v -23.302633 22.995001 1.892614
v -23.404997 23.097366 1.892614
v -23.306965 23.093035 1.866011
v -23.227385 23.097366 1.715001
v -23.227385 22.995001 1.817366
v -23.253988 23.093035 1.813034
v -23.404997 23.172613 1.817366
v -23.302633 23.172613 1.715001
v -23.306965 23.146011 1.813034
v -23.199999 -23.199999 1.709999
v -18.044445 -23.199999 1.709999
v -12.888889 -23.199999 1.709999
v -7.733332 -23.199999 1.709999
v -2.577778 -23.199999 1.709999
v 2.577779 -23.199999 1.709999
v 7.733334 -23.199999 1.709999
v 12.888889 -23.199999 1.709999
v 18.044445 -23.199999 1.709999
v 23.199999 -23.199999 1.709999
v -23.199999 -18.044445 1.709999
v -18.044445 -18.044445 1.709999
v -12.888889 -18.044445 1.709999
v -7.733332 -18.044445 1.709999
v -2.577778 -18.044445 1.709999
v 2.577779 -18.044445 1.709999
v 7.733334 -18.044445 1.709999
v 12.888889 -18.044445 1.709999
v 18.044445 -18.044445 1.709999
v 23.199999 -18.044445 1.709999
v -23.199999 -12.888889 1.710000
v -18.044445 -12.888889 1.710000
v -12.888889 -12.888889 1.710000
v -7.733332 -12.888889 1.710000
v -2.577778 -12.888889 1.710000
v 2.577779 -12.888889 1.710000
v 7.733334 -12.888889 1.710000
v 12.888889 -12.888889 1.710000
v 18.044445 -12.888889 1.710000
v 23.199999 -12.888889 1.710000
v -23.199999 -7.733332 1.710000
v -18.044445 -7.733332 1.710000
v -12.888889 -7.733332 1.710000
v -7.733332 -7.733332 1.710000
v -2.577778 -7.733332 1.710000
v 2.577779 -7.733332 1.710000
v 7.733334 -7.733332 1.710000
v 12.888889 -7.733332 1.710000
v 18.044445 -7.733332 1.710000
v 23.199999 -7.733332 1.710000
v -23.199999 -2.577778 1.710000
v -18.044445 -2.577778 1.710000
v -12.888889 -2.577778 1.710000
v -7.733332 -2.577778 1.710000
v -2.577778 -2.577778 1.710000
v 2.577779 -2.577778 1.710000
v 7.733334 -2.577778 1.710000
v 12.888889 -2.577778 1.710000
v 18.044445 -2.577778 1.710000
v 23.199999 -2.577778 1.710000
v -23.199999 2.577779 1.710000
v -18.044445 2.577779 1.710000
v -12.888889 2.577779 1.710000
v -7.733332 2.577779 1.710000
v -2.577778 2.577779 1.710000
v 2.577779 2.577779 1.710000
v 7.733334 2.577779 1.710000
v 12.888889 2.577779 1.710000
v 18.044445 2.577779 1.710000
v 23.199999 2.577779 1.710000
v -23.199999 7.733334 1.710000
v -18.044445 7.733334 1.710000
v -12.888889 7.733334 1.710000
v -7.733332 7.733334 1.710000
v -2.577778 7.733334 1.710000
v 2.577779 7.733334 1.710000
v 7.733334 7.733334 1.710000
v 12.888889 7.733334 1.710000
v 18.044445 7.733334 1.710000
v 23.199999 7.733334 1.710000
v -23.199999 12.888889 1.710001
v -18.044445 12.888889 1.710001
v -12.888889 12.888889 1.710001
v -7.733332 12.888889 1.710001
v -2.577778 12.888889 1.710001
v 2.577779 12.888889 1.710001
v 7.733334 12.888889 1.710001
v 12.888889 12.888889 1.710001
v 18.044445 12.888889 1.710001
v 23.199999 12.888889 1.710001
v -23.199999 18.044445 1.710001
v -18.044445 18.044445 1.710001
v -12.888889 18.044445 1.710001
v -7.733332 18.044445 1.710001
v -2.577778 18.044445 1.710001
v 2.577779 18.044445 1.710001
v 7.733334 18.044445 1.710001
v 12.888889 18.044445 1.710001
v 18.044445 18.044445 1.710001
v 23.199999 18.044445 1.710001
v -23.199999 23.199999 1.710001
v -18.044445 23.199999 1.710001
v -12.888889 23.199999 1.710001
v -7.733332 23.199999 1.710001
v -2.577778 23.199999 1.710001
v 2.577779 23.199999 1.710001
v 7.733334 23.199999 1.710001
v 12.888889 23.199999 1.710001
v 18.044445 23.199999 1.710001
v 23.199999 23.199999 1.710001
v -27.590000 -27.590000 1.919999
v -27.590000 -27.650002 1.979999
v -27.650002 -27.590000 1.979999
v -27.590000 -27.619961 1.928015
v -27.619961 -27.590000 1.928015
v -27.618694 -27.618694 1.935801
v -27.619961 -27.641985 1.979999
v -27.590000 -27.641985 1.950038
v -27.618694 -27.634201 1.951306
v -27.641985 -27.590000 1.950038
v -27.641985 -27.619961 1.979999
v -27.634201 -27.618694 1.951306
v -27.590000 -27.650002 1.979999
v -27.590000 -27.590000 2.039999
v -27.650002 -27.590000 1.979999
v -27.590000 -27.641985 2.009959
v -27.619961 -27.641985 1.979999
v -27.618694 -27.634201 2.008692
v -27.619961 -27.590000 2.031983
v -27.590000 -27.619961 2.031983
v -27.618694 -27.618694 2.024197
v -27.641985 -27.619961 1.979999
v -27.641985 -27.590000 2.009959
v -27.634201 -27.618694 2.008692
v -27.590000 -22.709999 1.919999
v -27.650002 -22.709999 1.979999
v -27.590000 -22.650000 1.979999
v -27.619961 -22.709999 1.928015
v -27.590000 -22.680040 1.928015
v -27.618694 -22.681309 1.935801
v -27.641985 -22.680040 1.979999
v -27.641985 -22.709999 1.950038
v -27.634201 -22.681309 1.951306
v -27.590000 -22.658016 1.950038
v -27.619961 -22.658016 1.979999
v -27.618694 -22.665802 1.951306
v -27.590000 -22.709999 2.039999
v -27.590000 -22.650000 1.979999
v -27.650002 -22.709999 1.979999
v -27.590000 -22.680040 2.031983
v -27.619961 -22.709999 2.031983
v -27.618694 -22.681309 2.024197
v -27.619961 -22.658016 1.979999
v -27.590000 -22.658016 2.009960
v -27.618694 -22.665802 2.008692
v -27.641985 -22.709999 2.009960
v -27.641985 -22.680040 1.979999
v -27.634201 -22.681309 2.008692
v -22.709999 -27.590000 1.919999
v -22.650000 -27.590000 1.979999
v -22.709999 -27.650002 1.979999
v -22.680040 -27.590000 1.928015
v -22.709999 -27.619961 1.928015
v -22.681309 -27.618694 1.935801
v -22.658016 -27.619961 1.979999
v -22.658016 -27.590000 1.950038
v -22.665802 -27.618694 1.951306
v -22.709999 -27.641985 1.950038
v -22.680040 -27.641985 1.979999
v -22.681309 -27.634201 1.951306
v -22.709999 -27.590000 2.039999
v -22.709999 -27.650002 1.979999
v -22.650000 -27.590000 1.979999
v -22.709999 -27.619961 2.031983
v -22.680040 -27.590000 2.031983
v -22.681309 -27.618694 2.024197
v -22.680040 -27.641985 1.979999
v -22.709999 -27.641985 2.009959
v -22.681309 -27.634201 2.008692
v -22.658016 -27.590000 2.009959
v -22.658016 -27.619961 1.979999
v -22.665802 -27.618694 2.008692
v -22.709999 -22.709999 1.919999
v -22.709999 -22.650000 1.979999
v -22.650000 -22.709999 1.979999
v -22.709999 -22.680040 1.928015
v -22.680040 -22.709999 1.928015
v -22.681309 -22.681309 1.935801
v -22.680040 -22.658016 1.979999
v -22.709999 -22.658016 1.950038
v -22.681309 -22.665802 1.951306
v -22.658016 -22.709999 1.950038
v -22.658016 -22.680040 1.979999
v -22.665802 -22.681309 1.951306
v -22.709999 -22.709999 2.039999
v -22.650000 -22.709999 1.979999
v -22.709999 -22.650000 1.979999
v -22.680040 -22.709999 2.031983
v -22.709999 -22.680040 2.031983
v -22.681309 -22.681309 2.024197
v -22.658016 -22.680040 1.979999
v -22.658016 -22.709999 2.009960
v -22.665802 -22.681309 2.008692
v -22.709999 -22.658016 2.009960
v -22.680040 -22.658016 1.979999
v -22.681309 -22.665802 2.008692
v -25.850000 -25.850000 2.228999
v -25.850000 -25.461971 2.112326
v -25.850000 -25.430000 2.039999
v -25.850000 -25.461971 1.967672
v -25.850000 -25.689274 1.865386
v -25.850000 -25.850000 1.850999
v -25.788492 -25.701508 2.214612
v -25.736349 -25.575623 2.173642
v -25.701508 -25.491508 2.112326
v -25.689274 -25.461971 2.039999
v -25.701508 -25.491508 1.967672
v -25.736349 -25.575623 1.906356
v -25.788492 -25.701508 1.865386
v -25.736349 -25.736349 2.214612
v -25.640001 -25.640001 2.173642
v -25.575623 -25.575623 2.112326
v -25.553015 -25.553015 2.039999
v -25.575623 -25.575623 1.967672
v -25.640001 -25.640001 1.906356
v -25.736349 -25.736349 1.865386
v -25.701508 -25.788492 2.214612
v -25.575623 -25.736349 2.173642
v -25.491508 -25.701508 2.112326
v -25.461971 -25.689274 2.039999
v -25.491508 -25.701508 1.967672
v -25.575623 -25.736349 1.906356
v -25.701508 -25.788492 1.865386
v -25.689274 -25.850000 2.214612
v -25.553015 -25.850000 2.173642
v -25.461971 -25.850000 2.112326
v -25.430000 -25.850000 2.039999
v -25.461971 -25.850000 1.967672
v -25.553015 -25.850000 1.906356
v -25.689274 -25.850000 1.865386
v -25.701508 -25.911510 2.214612
v -25.575623 -25.963652 2.173642
v -25.491508 -25.998493 2.112326
v -25.461971 -26.010727 2.039999
v -25.491508 -25.998493 1.967672
v -25.575623 -25.963652 1.906356
v -25.701508 -25.911510 1.865386
v -25.736349 -25.963652 2.214612
v -25.640001 -26.059999 2.173642
v -25.575623 -26.124378 2.112326
v -25.553015 -26.146988 2.039999
v -25.575623 -26.124378 1.967672
v -25.640001 -26.059999 1.906356
v -25.736349 -25.963652 1.865386
v -25.788492 -25.998493 2.214612
v -25.736349 -26.124378 2.173642
v -25.701508 -26.208492 2.112326
v -25.689274 -26.238029 2.039999
v -25.701508 -26.208492 1.967672
v -25.736349 -26.124378 1.906356
v -25.788492 -25.998493 1.865386
v -25.850000 -26.010727 2.214612
v -25.850000 -26.146988 2.173642
v -25.850000 -26.238029 2.112326
v -25.850000 -26.270002 2.039999
v -25.850000 -26.238029 1.967672
v -25.850000 -26.146988 1.906356
v -25.850000 -26.010727 1.865386
v -25.911510 -25.998493 2.214612
v -25.963652 -26.124378 2.173642
v -25.998493 -26.208492 2.112326
v -26.010727 -26.238029 2.039999
v -25.998493 -26.208492 1.967672
v -25.963652 -26.124378 1.906356
v -25.911510 -25.998493 1.865386
v -25.963652 -25.963652 2.214612
v -26.059999 -26.059999 2.173642
v -26.124378 -26.124378 2.112326
v -26.146988 -26.146988 2.039999
v -26.124378 -26.124378 1.967672
v -26.059999 -26.059999 1.906356
v -25.963652 -25.963652 1.865386
v -25.998493 -25.911507 2.214612
v -26.124378 -25.963652 2.173642
v -26.208492 -25.998493 2.112326
v -26.238029 -26.010727 2.039999
v -26.208492 -25.998493 1.967672
v -26.124378 -25.963652 1.906356
v -25.998493 -25.911507 1.865386
v -26.010727 -25.850000 2.214612
v -26.146988 -25.850000 2.173642
v -26.238029 -25.850000 2.112326
v -26.270002 -25.850000 2.039999
v -26.238029 -25.850000 1.967672
v -26.146988 -25.850000 1.906356
v -26.010727 -25.850000 1.865386
v -25.998493 -25.788492 2.214612
v -26.124378 -25.736349 2.173642
v -26.208492 -25.701508 2.112326
v -26.238029 -25.689274 2.039999
v -26.208492 -25.701508 1.967672
v -26.124378 -25.736349 1.906356
v -25.998493 -25.788492 1.865386
v -25.963652 -25.736349 2.214612
v -26.059999 -25.640001 2.173642
v -26.124378 -25.575623 2.112326
v -26.146984 -25.553015 2.039999
v -26.124378 -25.575623 1.967672
v -26.059999 -25.640001 1.906356
v -25.963652 -25.736349 1.865386
v -25.911507 -25.701508 2.214612
v -25.963652 -25.575623 2.173642
v -25.998493 -25.491508 2.112326
v -26.010727 -25.461971 2.039999
v -25.998493 -25.491508 1.967672
v -25.963652 -25.575623 1.906356
v -25.911507 -25.701508 1.865386
v -25.850000 -25.689274 2.214612
v -25.850000 -25.553015 2.173642
v -25.850000 -25.553015 1.906356
v -27.590000 22.709999 1.920001
v -27.590000 22.650000 1.980001
v -27.650002 22.709999 1.980001
v -27.590000 22.680040 1.928017
v -27.619961 22.709999 1.928017
v -27.618694 22.681309 1.935803
v -27.619961 22.658016 1.980001
v -27.590000 22.658016 1.950040
v -27.618694 22.665802 1.951308
v -27.641985 22.709999 1.950040
v -27.641985 22.680040 1.980001
v -27.634201 22.681309 1.951308
v -27.590000 22.650000 1.980001
v -27.590000 22.709999 2.040001
v -27.650002 22.709999 1.980001
v -27.590000 22.658016 2.009962
v -27.619961 22.658016 1.980001
v -27.618694 22.665802 2.008694
v -27.619961 22.709999 2.031985
v -27.590000 22.680040 2.031985
v -27.618694 22.681309 2.024199
v -27.641985 22.680040 1.980001
v -27.641985 22.709999 2.009962
v -27.634201 22.681309 2.008694
v -27.590000 27.590000 1.920001
v -27.650002 27.590000 1.980001
v -27.590000 27.650002 1.980001
v -27.619961 27.590000 1.928017
v -27.590000 27.619961 1.928017
v -27.618694 27.618694 1.935803
v -27.641985 27.619961 1.980001
v -27.641985 27.590000 1.950040
v -27.634201 27.618694 1.951308
v -27.590000 27.641985 1.950040
v -27.619961 27.641985 1.980001
v -27.618694 27.634201 1.951308
v -27.590000 27.590000 2.040001
v -27.590000 27.650002 1.980001
v -27.650002 27.590000 1.980001
v -27.590000 27.619961 2.031986
v -27.619961 27.590000 2.031986
v -27.618694 27.618694 2.024199
v -27.619961 27.641985 1.980001
v -27.590000 27.641985 2.009962
v -27.618694 27.634201 2.008694
v -27.641985 27.590000 2.009962
v -27.641985 27.619961 1.980001
v -27.634201 27.618694 2.008694
v -22.709999 22.709999 1.920001
v -22.650000 22.709999 1.980001
v -22.709999 22.650000 1.980001
v -22.680040 22.709999 1.928017
v -22.709999 22.680040 1.928017
v -22.681309 22.681309 1.935803
v -22.658016 22.680040 1.980001
v -22.658016 22.709999 1.950040
v -22.665802 22.681309 1.951308
v -22.709999 22.658016 1.950040
v -22.680040 22.658016 1.980001
v -22.681309 22.665802 1.951308
v -22.709999 22.709999 2.040001
v -22.709999 22.650000 1.980001
v -22.650000 22.709999 1.980001
v -22.709999 22.680040 2.031985
v -22.680040 22.709999 2.031985
v -22.681309 22.681309 2.024199
v -22.680040 22.658016 1.980001
v -22.709999 22.658016 2.009962
v -22.681309 22.665802 2.008694
v -22.658016 22.709999 2.009962
v -22.658016 22.680040 1.980001
v -22.665802 22.681309 2.008694
v -22.709999 27.590000 1.920001
v -22.709999 27.650002 1.980001
v -22.650000 27.590000 1.980001
v -22.709999 27.619961 1.928017
v -22.680040 27.590000 1.928017
v -22.681309 27.618694 1.935803
v -22.680040 27.641985 1.980001
v -22.709999 27.641985 1.950040
v -22.681309 27.634201 1.951308
v -22.658016 27.590000 1.950040
v -22.658016 27.619961 1.980001
v -22.665802 27.618694 1.951308
v -22.709999 27.590000 2.040001
v -22.650000 27.590000 1.980001
v -22.709999 27.650002 1.980001
v -22.680040 27.590000 2.031986
v -22.709999 27.619961 2.031986
v -22.681309 27.618694 2.024199
v -22.658016 27.619961 1.980001
v -22.658016 27.590000 2.009962
v -22.665802 27.618694 2.008694
v -22.709999 27.641985 2.009962
v -22.680040 27.641985 1.980001
v -22.681309 27.634201 2.008694
v -25.850000 25.850000 2.229001
v -25.850000 26.238029 2.112329
v -25.850000 26.270002 2.040001
v -25.850000 26.238029 1.967674
v -25.850000 26.010727 1.865388
v -25.850000 25.850000 1.851001
v -25.788492 25.998493 2.214614
v -25.736349 26.124378 2.173644
v -25.701508 26.208492 2.112329
v -25.689274 26.238029 2.040001
v -25.701508 26.208492 1.967674
v -25.736349 26.124378 1.906358
v -25.788492 25.998493 1.865388
v -25.736349 25.963652 2.214614
v -25.640001 26.059999 2.173644
v -25.575623 26.124378 2.112329
v -25.553015 26.146988 2.040001
v -25.575623 26.124378 1.967674
v -25.640001 26.059999 1.906358
v -25.736349 25.963652 1.865388
v -25.701508 25.911510 2.214614
v -25.575623 25.963652 2.173644
v -25.491508 25.998493 2.112329
v -25.461971 26.010727 2.040001
v -25.491508 25.998493 1.967674
v -25.575623 25.963652 1.906358
v -25.701508 25.911510 1.865388
v -25.689274 25.850000 2.214614
v -25.553015 25.850000 2.173644
v -25.461971 25.850000 2.112329
v -25.430000 25.850000 2.040001
v -25.461971 25.850000 1.967674
v -25.553015 25.850000 1.906358
v -25.689274 25.850000 1.865388
v -25.701508 25.788492 2.214614
v -25.575623 25.736349 2.173644
v -25.491508 25.701508 2.112329
v -25.461971 25.689274 2.040001
v -25.491508 25.701508 1.967674
v -25.575623 25.736349 1.906358
v -25.701508 25.788492 1.865388
v -25.736349 25.736349 2.214614
v -25.640001 25.640001 2.173644
v -25.575623 25.575623 2.112329
v -25.553015 25.553015 2.040001
v -25.575623 25.575623 1.967674
v -25.640001 25.640001 1.906358
v -25.736349 25.736349 1.865388
v -25.788492 25.701508 2.214614
v -25.736349 25.575623 2.173644
v -25.701508 25.491508 2.112329
v -25.689274 25.461971 2.040001
v -25.701508 25.491508 1.967674
v -25.736349 25.575623 1.906358
v -25.788492 25.701508 1.865388
v -25.850000 25.689274 2.214614
v -25.850000 25.553015 2.173644
v -25.850000 25.461971 2.112329
v -25.850000 25.430000 2.040001
v -25.850000 25.461971 1.967674
v -25.850000 25.553015 1.906358
v -25.850000 25.689274 1.865388
v -25.911510 25.701508 2.214614
v -25.963652 25.575623 2.173644
v -25.998493 25.491508 2.112329
v -26.010727 25.461971 2.040001
v -25.998493 25.491508 1.967674
v -25.963652 25.575623 1.906358
v -25.911510 25.701508 1.865388
v -25.963652 25.736349 2.214614
v -26.059999 25.640001 2.173644
v -26.124378 25.575623 2.112329
v -26.146988 25.553015 2.040001
v -26.124378 25.575623 1.967674
v -26.059999 25.640001 1.906358
v -25.963652 25.736349 1.865388
v -25.998493 25.788494 2.214614
v -26.124378 25.736349 2.173644
v -26.208492 25.701508 2.112329
v -26.238029 25.689274 2.040001
v -26.208492 25.701508 1.967674
v -26.124378 25.736349 1.906358
v -25.998493 25.788494 1.865388
v -26.010727 25.850000 2.214614
v -26.146988 25.850000 2.173644
v -26.238029 25.850000 2.112329
v -26.270002 25.850000 2.040001
v -26.238029 25.850000 1.967674
v -26.146988 25.850000 1.906358
v -26.010727 25.850000 1.865388
v -25.998493 25.911510 2.214614
v -26.124378 25.963652 2.173644
v -26.208492 25.998493 2.112329
v -26.238029 26.010727 2.040001
v -26.208492 25.998493 1.967674
v -26.124378 25.963652 1.906358
v -25.998493 25.911510 1.865388
v -25.963652 25.963652 2.214614
v -26.059999 26.059999 2.173644
v -26.124378 26.124378 2.112329
v -26.146984 26.146988 2.040001
v -26.124378 26.124378 1.967674
v -26.059999 26.059999 1.906358
v -25.963652 25.963652 1.865388
v -25.911507 25.998493 2.214614
v -25.963652 26.124378 2.173644
v -25.998493 26.208492 2.112329
v -26.010727 26.238029 2.040001
v -25.998493 26.208492 1.967674
v -25.963652 26.124378 1.906358
v -25.911507 25.998493 1.865388
v -25.850000 26.010727 2.214614
v -25.850000 26.146988 2.173644
v -25.850000 26.146988 1.906358
v 22.709999 -27.590000 1.919999
v 22.709999 -27.650002 1.979999
v 22.650000 -27.590000 1.979999
v 22.709999 -27.619961 1.928015
v 22.680040 -27.590000 1.928015
v 22.681309 -27.618694 1.935801
v 22.680040 -27.641985 1.979999
v 22.709999 -27.641985 1.950038
v 22.681309 -27.634201 1.951306
v 22.658016 -27.590000 1.950038
v 22.658016 -27.619961 1.979999
v 22.665802 -27.618694 1.951306
v 22.709999 -27.650002 1.979999
v 22.709999 -27.590000 2.039999
v 22.650000 -27.590000 1.979999
v 22.709999 -27.641985 2.009959
v 22.680040 -27.641985 1.979999
v 22.681309 -27.634201 2.008692
v 22.680040 -27.590000 2.031983
v 22.709999 -27.619961 2.031983
v 22.681309 -27.618694 2.024197
v 22.658016 -27.619961 1.979999
v 22.658016 -27.590000 2.009959
v 22.665802 -27.618694 2.008692
v 22.709999 -22.709999 1.919999
v 22.650000 -22.709999 1.979999
v 22.709999 -22.650000 1.979999
v 22.680040 -22.709999 1.928015
v 22.709999 -22.680040 1.928015
v 22.681309 -22.681309 1.935801
v 22.658016 -22.680040 1.979999
v 22.658016 -22.709999 1.950038
v 22.665802 -22.681309 1.951306
v 22.709999 -22.658016 1.950038
v 22.680040 -22.658016 1.979999
v 22.681309 -22.665802 1.951306
v 22.709999 -22.709999 2.039999
v 22.709999 -22.650000 1.979999
v 22.650000 -22.709999 1.979999
v 22.709999 -22.680040 2.031983
v 22.680040 -22.709999 2.031983
v 22.681309 -22.681309 2.024197
v 22.680040 -22.658016 1.979999
v 22.709999 -22.658016 2.009960
v 22.681309 -22.665802 2.008692
v 22.658016 -22.709999 2.009960
v 22.658016 -22.680040 1.979999
v 22.665802 -22.681309 2.008692
v 27.590000 -27.590000 1.919999
v 27.650002 -27.590000 1.979999
v 27.590000 -27.650002 1.979999
v 27.619961 -27.590000 1.928015
v 27.590000 -27.619961 1.928015
v 27.618694 -27.618694 1.935801
v 27.641985 -27.619961 1.979999
v 27.641985 -27.590000 1.950038
v 27.634201 -27.618694 1.951306
v 27.590000 -27.641985 1.950038
v 27.619961 -27.641985 1.979999
v 27.618694 -27.634201 1.951306
v 27.590000 -27.590000 2.039999
v 27.590000 -27.650002 1.979999
v 27.650002 -27.590000 1.979999
v 27.590000 -27.619961 2.031983
v 27.619961 -27.590000 2.031983
v 27.618694 -27.618694 2.024197
v 27.619961 -27.641985 1.979999
v 27.590000 -27.641985 2.009959
v 27.618694 -27.634201 2.008692
v 27.641985 -27.590000 2.009959
v 27.641985 -27.619961 1.979999
v 27.634201 -27.618694 2.008692
v 27.590000 -22.709999 1.919999
v 27.590000 -22.650000 1.979999
v 27.650002 -22.709999 1.979999
v 27.590000 -22.680040 1.928015
v 27.619961 -22.709999 1.928015
v 27.618694 -22.681309 1.935801
v 27.619961 -22.658016 1.979999
v 27.590000 -22.658016 1.950038
v 27.618694 -22.665802 1.951306
v 27.641985 -22.709999 1.950038
v 27.641985 -22.680040 1.979999
v 27.634201 -22.681309 1.951306
v 27.590000 -22.709999 2.039999
v 27.650002 -22.709999 1.979999
v 27.590000 -22.650000 1.979999
v 27.619961 -22.709999 2.031983
v 27.590000 -22.680040 2.031983
v 27.618694 -22.681309 2.024197
v 27.641985 -22.680040 1.979999
v 27.641985 -22.709999 2.009960
v 27.634201 -22.681309 2.008692
v 27.590000 -22.658016 2.009960
v 27.619961 -22.658016 1.979999
v 27.618694 -22.665802 2.008692
v 25.850000 -25.850000 2.228999
v 25.850000 -25.461971 2.112326
v 25.850000 -25.430000 2.039999
v 25.850000 -25.461971 1.967672
v 25.850000 -25.689274 1.865386
v 25.850000 -25.850000 1.850999
v 25.911510 -25.701508 2.214612
v 25.963652 -25.575623 2.173642
v 25.998493 -25.491508 2.112326
v 26.010727 -25.461971 2.039999
v 25.998493 -25.491508 1.967672
v 25.963652 -25.575623 1.906356
v 25.911510 -25.701508 1.865386
v 25.963652 -25.736349 2.214612
v 26.059999 -25.640001 2.173642
v 26.124378 -25.575623 2.112326
v 26.146988 -25.553015 2.039999
v 26.124378 -25.575623 1.967672
v 26.059999 -25.640001 1.906356
v 25.963652 -25.736349 1.865386
v 25.998493 -25.788492 2.214612
v 26.124378 -25.736349 2.173642
v 26.208492 -25.701508 2.112326
v 26.238029 -25.689274 2.039999
v 26.208492 -25.701508 1.967672
v 26.124378 -25.736349 1.906356
v 25.998493 -25.788492 1.865386
v 26.010727 -25.850000 2.214612
v 26.146988 -25.850000 2.173642
v 26.238029 -25.850000 2.112326
v 26.270002 -25.850000 2.039999
v 26.238029 -25.850000 1.967672
v 26.146988 -25.850000 1.906356
v 26.010727 -25.850000 1.865386
v 25.998493 -25.911510 2.214612
v 26.124378 -25.963652 2.173642
v 26.208492 -25.998493 2.112326
v 26.238029 -26.010727 2.039999
v 26.208492 -25.998493 1.967672
v 26.124378 -25.963652 1.906356
v 25.998493 -25.911510 1.865386
v 25.963652 -25.963652 2.214612
v 26.059999 -26.059999 2.173642
v 26.124378 -26.124378 2.112326
v 26.146988 -26.146988 2.039999
v 26.124378 -26.124378 1.967672
v 26.059999 -26.059999 1.906356
v 25.963652 -25.963652 1.865386
v 25.911510 -25.998493 2.214612
v 25.963652 -26.124378 2.173642
v 25.998493 -26.208492 2.112326
v 26.010727 -26.238029 2.039999
v 25.998493 -26.208492 1.967672
v 25.963652 -26.124378 1.906356
v 25.911510 -25.998493 1.865386
v 25.850000 -26.010727 2.214612
v 25.850000 -26.146988 2.173642
v 25.850000 -26.238029 2.112326
v 25.850000 -26.270002 2.039999
v 25.850000 -26.238029 1.967672
v 25.850000 -26.146988 1.906356
v 25.850000 -26.010727 1.865386
v 25.788492 -25.998493 2.214612
v 25.736349 -26.124378 2.173642
v 25.701508 -26.208492 2.112326
v 25.689274 -26.238029 2.039999
v 25.701508 -26.208492 1.967672
v 25.736349 -26.124378 1.906356
v 25.788492 -25.998493 1.865386
v 25.736349 -25.963652 2.214612
v 25.640001 -26.059999 2.173642
v 25.575623 -26.124378 2.112326
v 25.553015 -26.146988 2.039999
v 25.575623 -26.124378 1.967672
v 25.640001 -26.059999 1.906356
v 25.736349 -25.963652 1.865386
v 25.701508 -25.911507 2.214612
v 25.575623 -25.963652 2.173642
v 25.491508 -25.998493 2.112326
v 25.461971 -26.010727 2.039999
v 25.491508 -25.998493 1.967672
v 25.575623 -25.963652 1.906356
v 25.701508 -25.911507 1.865386
v 25.689274 -25.850000 2.214612
v 25.553015 -25.850000 2.173642
v 25.461971 -25.850000 2.112326
v 25.430000 -25.850000 2.039999
v 25.461971 -25.850000 1.967672
v 25.553015 -25.850000 1.906356
v 25.689274 -25.850000 1.865386
v 25.701508 -25.788492 2.214612
v 25.575623 -25.736349 2.173642
v 25.491508 -25.701508 2.112326
v 25.461971 -25.689274 2.039999
v 25.491508 -25.701508 1.967672
v 25.575623 -25.736349 1.906356
v 25.701508 -25.788492 1.865386
v 25.736349 -25.736349 2.214612
v 25.640001 -25.640001 2.173642
v 25.575623 -25.575623 2.112326
v 25.553019 -25.553015 2.039999
v 25.575623 -25.575623 1.967672
v 25.640001 -25.640001 1.906356
v 25.736349 -25.736349 1.865386
v 25.788494 -25.701508 2.214612
v 25.736349 -25.575623 2.173642
v 25.701508 -25.491508 2.112326
v 25.689274 -25.461971 2.039999
v 25.701508 -25.491508 1.967672
v 25.736349 -25.575623 1.906356
v 25.788494 -25.701508 1.865386
v 25.850000 -25.689274 2.214612
v 25.850000 -25.553015 2.173642
v 25.850000 -25.553015 1.906356
v 22.709999 22.709999 1.920001
v 22.709999 22.650000 1.980001
v 22.650000 22.709999 1.980001
v 22.709999 22.680040 1.928017
v 22.680040 22.709999 1.928017
v 22.681309 22.681309 1.935803
v 22.680040 22.658016 1.980001
v 22.709999 22.658016 1.950040
v 22.681309 22.665802 1.951308
v 22.658016 22.709999 1.950040
v 22.658016 22.680040 1.980001
v 22.665802 22.681309 1.951308
v 22.709999 22.650000 1.980001
v 22.709999 22.709999 2.040001
v 22.650000 22.709999 1.980001
v 22.709999 22.658016 2.009962
v 22.680040 22.658016 1.980001
v 22.681309 22.665802 2.008694
v 22.680040 22.709999 2.031985
v 22.709999 22.680040 2.031985
v 22.681309 22.681309 2.024199
v 22.658016 22.680040 1.980001
v 22.658016 22.709999 2.009962
v 22.665802 22.681309 2.008694
v 22.709999 27.590000 1.920001
v 22.650000 27.590000 1.980001
v 22.709999 27.650002 1.980001
v 22.680040 27.590000 1.928017
v 22.709999 27.619961 1.928017
v 22.681309 27.618694 1.935803
v 22.658016 27.619961 1.980001
v 22.658016 27.590000 1.950040
v 22.665802 27.618694 1.951308
v 22.709999 27.641985 1.950040
v 22.680040 27.641985 1.980001
v 22.681309 27.634201 1.951308
v 22.709999 27.590000 2.040001
v 22.709999 27.650002 1.980001
v 22.650000 27.590000 1.980001
v 22.709999 27.619961 2.031986
v 22.680040 27.590000 2.031986
v 22.681309 27.618694 2.024199
v 22.680040 27.641985 1.980001
v 22.709999 27.641985 2.009962
v 22.681309 27.634201 2.008694
v 22.658016 27.590000 2.009962
v 22.658016 27.619961 1.980001
v 22.665802 27.618694 2.008694
v 27.590000 22.709999 1.920001
v 27.650002 22.709999 1.980001
v 27.590000 22.650000 1.980001
v 27.619961 22.709999 1.928017
v 27.590000 22.680040 1.928017
v 27.618694 22.681309 1.935803
v 27.641985 22.680040 1.980001
v 27.641985 22.709999 1.950040
v 27.634201 22.681309 1.951308
v 27.590000 22.658016 1.950040
v 27.619961 22.658016 1.980001
v 27.618694 22.665802 1.951308
v 27.590000 22.709999 2.040001
v 27.590000 22.650000 1.980001
v 27.650002 22.709999 1.980001
v 27.590000 22.680040 2.031985
v 27.619961 22.709999 2.031985
v 27.618694 22.681309 2.024199
v 27.619961 22.658016 1.980001
v 27.590000 22.658016 2.009962
v 27.618694 22.665802 2.008694
v 27.641985 22.709999 2.009962
v 27.641985 22.680040 1.980001
v 27.634201 22.681309 2.008694
v 27.590000 27.590000 1.920001
v 27.590000 27.650002 1.980001
v 27.650002 27.590000 1.980001
v 27.590000 27.619961 1.928017
v 27.619961 27.590000 1.928017
v 27.618694 27.618694 1.935803
v 27.619961 27.641985 1.980001
v 27.590000 27.641985 1.950040
v 27.618694 27.634201 1.951308
v 27.641985 27.590000 1.950040
v 27.641985 27.619961 1.980001
v 27.634201 27.618694 1.951308
v 27.590000 27.590000 2.040001
v 27.650002 27.590000 1.980001
v 27.590000 27.650002 1.980001
v 27.619961 27.590000 2.031986
v 27.590000 27.619961 2.031986
v 27.618694 27.618694 2.024199
v 27.641985 27.619961 1.980001
v 27.641985 27.590000 2.009962
v 27.634201 27.618694 2.008694
v 27.590000 27.641985 2.009962
v 27.619961 27.641985 1.980001
v 27.618694 27.634201 2.008694
v 25.850000 25.850000 2.229001
v 25.850000 26.238029 2.112329
v 25.850000 26.270002 2.040001
v 25.850000 26.238029 1.967674
v 25.850000 26.010727 1.865388
v 25.850000 25.850000 1.851001
v 25.911510 25.998493 2.214614
v 25.963652 26.124378 2.173644
v 25.998493 26.208492 2.112329
v 26.010727 26.238029 2.040001
v 25.998493 26.208492 1.967674
v 25.963652 26.124378 1.906358
v 25.911510 25.998493 1.865388
v 25.963652 25.963652 2.214614
v 26.059999 26.059999 2.173644
v 26.124378 26.124378 2.112329
v 26.146988 26.146988 2.040001
v 26.124378 26.124378 1.967674
v 26.059999 26.059999 1.906358
v 25.963652 25.963652 1.865388
v 25.998493 25.911510 2.214614
v 26.124378 25.963652 2.173644
v 26.208492 25.998493 2.112329
v 26.238029 26.010727 2.040001
v 26.208492 25.998493 1.967674
v 26.124378 25.963652 1.906358
v 25.998493 25.911510 1.865388
v 26.010727 25.850000 2.214614
v 26.146988 25.850000 2.173644
v 26.238029 25.850000 2.112329
v 26.270002 25.850000 2.040001
v 26.238029 25.850000 1.967674
v 26.146988 25.850000 1.906358
v 26.010727 25.850000 1.865388
v 25.998493 25.788492 2.214614
v 26.124378 25.736349 2.173644
v 26.208492 25.701508 2.112329
v 26.238029 25.689274 2.040001
v 26.208492 25.701508 1.967674
v 26.124378 25.736349 1.906358
v 25.998493 25.788492 1.865388
v 25.963652 25.736349 2.214614
v 26.059999 25.640001 2.173644
v 26.124378 25.575623 2.112329
v 26.146988 25.553015 2.040001
v 26.124378 25.575623 1.967674
v 26.059999 25.640001 1.906358
v 25.963652 25.736349 1.865388
v 25.911510 25.701508 2.214614
v 25.963652 25.575623 2.173644
v 25.998493 25.491508 2.112329
v 26.010727 25.461971 2.040001
v 25.998493 25.491508 1.967674
v 25.963652 25.575623 1.906358
v 25.911510 25.701508 1.865388
v 25.850000 25.689274 2.214614
v 25.850000 25.553015 2.173644
v 25.850000 25.461971 2.112329
v 25.850000 25.430000 2.040001
v 25.850000 25.461971 1.967674
v 25.850000 25.553015 1.906358
v 25.850000 25.689274 1.865388
v 25.788492 25.701508 2.214614
v 25.736349 25.575623 2.173644
v 25.701508 25.491508 2.112329
v 25.689274 25.461971 2.040001
v 25.701508 25.491508 1.967674
v 25.736349 25.575623 1.906358
v 25.788492 25.701508 1.865388
v 25.736349 25.736349 2.214614
v 25.640001 25.640001 2.173644
v 25.575623 25.575623 2.112329
v 25.553015 25.553015 2.040001
v 25.575623 25.575623 1.967674
v 25.640001 25.640001 1.906358
v 25.736349 25.736349 1.865388
v 25.701508 25.788494 2.214614
v 25.575623 25.736349 2.173644
v 25.491508 25.701508 2.112329
v 25.461971 25.689274 2.040001
v 25.491508 25.701508 1.967674
v 25.575623 25.736349 1.906358
v 25.701508 25.788494 1.865388
v 25.689274 25.850000 2.214614
v 25.553015 25.850000 2.173644
v 25.461971 25.850000 2.112329
v 25.430000 25.850000 2.040001
v 25.461971 25.850000 1.967674
v 25.553015 25.850000 1.906358
v 25.689274 25.850000 1.865388
v 25.701508 25.911510 2.214614
v 25.575623 25.963652 2.173644
v 25.491508 25.998493 2.112329
v 25.461971 26.010727 2.040001
v 25.491508 25.998493 1.967674
v 25.575623 25.963652 1.906358
v 25.701508 25.911510 1.865388
v 25.736349 25.963652 2.214614
v 25.640001 26.059999 2.173644
v 25.575623 26.124378 2.112329
v 25.553019 26.146988 2.040001
v 25.575623 26.124378 1.967674
v 25.640001 26.059999 1.906358
v 25.736349 25.963652 1.865388
v 25.788494 25.998493 2.214614
v 25.736349 26.124378 2.173644
v 25.701508 26.208492 2.112329
v 25.689274 26.238029 2.040001
v 25.701508 26.208492 1.967674
v 25.736349 26.124378 1.906358
v 25.788494 25.998493 1.865388
v 25.850000 26.010727 2.214614
v 25.850000 26.146988 2.173644
v 25.850000 26.146988 1.906358
v 25.424999 -11.599999 2.143999
v 25.424999 -11.349813 2.089782
v 25.424999 -11.349813 1.910217
v 25.424999 -11.599999 1.855999
v 25.485241 -11.474907 2.129739
v 25.533550 -11.374590 2.089782
v 25.560362 -11.318918 2.032043
v 25.560362 -11.318918 1.967956
v 25.533550 -11.374590 1.910217
v 25.485241 -11.474907 1.870260
v 25.533550 -11.513433 2.129739
v 25.620604 -11.444012 2.089782
v 25.668913 -11.405485 2.032043
v 25.668913 -11.405485 1.967956
v 25.620604 -11.444012 1.910217
v 25.533550 -11.513433 1.870260
v 25.560362 -11.569104 2.129739
v 25.668913 -11.544328 2.089782
v 25.729153 -11.530579 2.032043
v 25.729153 -11.530579 1.967956
v 25.668913 -11.544328 1.910217
v 25.560362 -11.569104 1.870260
v 25.560362 -11.630895 2.129739
v 25.668913 -11.655671 2.089782
v 25.729153 -11.669421 2.032043
v 25.729153 -11.669421 1.967956
v 25.668913 -11.655671 1.910217
v 25.560362 -11.630895 1.870260
v 25.533550 -11.686566 2.129739
v 25.620604 -11.755988 2.089782
v 25.668913 -11.794515 2.032043
v 25.668913 -11.794515 1.967956
v 25.620604 -11.755988 1.910217
v 25.533550 -11.686566 1.870260
v 25.485241 -11.725093 2.129739
v 25.533550 -11.825410 2.089782
v 25.560362 -11.881081 2.032043
v 25.560362 -11.881081 1.967956
v 25.533550 -11.825410 1.910217
v 25.485241 -11.725093 1.870260
v 25.424999 -11.738843 2.129739
v 25.424999 -11.850185 2.089782
v 25.424999 -11.911976 2.032043
v 25.424999 -11.911976 1.967956
v 25.424999 -11.850185 1.910217
v 25.424999 -11.738843 1.870260
v 25.364758 -11.725093 2.129739
v 25.316446 -11.825410 2.089782
v 25.289637 -11.881081 2.032043
v 25.289637 -11.881081 1.967956
v 25.316446 -11.825410 1.910217
v 25.364758 -11.725093 1.870260
v 25.316446 -11.686566 2.129739
v 25.229395 -11.755988 2.089782
v 25.181086 -11.794515 2.032043
v 25.181086 -11.794515 1.967956
v 25.229395 -11.755988 1.910217
v 25.316446 -11.686566 1.870260
v 25.289637 -11.630895 2.129739
v 25.181086 -11.655671 2.089782
v 25.120846 -11.669421 2.032043
v 25.120846 -11.669421 1.967956
v 25.181086 -11.655671 1.910217
v 25.289637 -11.630895 1.870260
v 25.289637 -11.569104 2.129739
v 25.181086 -11.544328 2.089782
v 25.120846 -11.530579 2.032043
v 25.120846 -11.530579 1.967956
v 25.181086 -11.544328 1.910217
v 25.289637 -11.569104 1.870260
v 25.316446 -11.513433 2.129739
v 25.229395 -11.444012 2.089782
v 25.181086 -11.405485 2.032043
v 25.181086 -11.405485 1.967956
v 25.229395 -11.444012 1.910217
v 25.316446 -11.513433 1.870260
v 25.364758 -11.474907 2.129739
v 25.316446 -11.374590 2.089782
v 25.289637 -11.318918 2.032043
v 25.289637 -11.318918 1.967956
v 25.316446 -11.374590 1.910217
v 25.364758 -11.474907 1.870260
v 25.424999 -11.461157 2.129739
v 25.424999 -11.288023 2.032043
v 25.424999 -11.288023 1.967956
v 25.424999 -11.461157 1.870260
v -25.424999 -11.599999 2.143999
v -25.424999 -11.349813 2.089782
v -25.424999 -11.349813 1.910217
v -25.424999 -11.599999 1.855999
v -25.364758 -11.474907 2.129739
v -25.316446 -11.374590 2.089782
v -25.289637 -11.318918 2.032043
v -25.289637 -11.318918 1.967956
v -25.316446 -11.374590 1.910217
v -25.364758 -11.474907 1.870260
v -25.316446 -11.513433 2.129739
v -25.229395 -11.444012 2.089782
v -25.181086 -11.405485 2.032043
v -25.181086 -11.405485 1.967956
v -25.229395 -11.444012 1.910217
v -25.316446 -11.513433 1.870260
v -25.289637 -11.569104 2.129739
v -25.181086 -11.544328 2.089782
v -25.120846 -11.530579 2.032043
v -25.120846 -11.530579 1.967956
v -25.181086 -11.544328 1.910217
v -25.289637 -11.569104 1.870260
v -25.289637 -11.630895 2.129739
v -25.181086 -11.655671 2.089782
v -25.120846 -11.669421 2.032043
v -25.120846 -11.669421 1.967956
v -25.181086 -11.655671 1.910217
v -25.289637 -11.630895 1.870260
v -25.316446 -11.686566 2.129739
v -25.229395 -11.755988 2.089782
v -25.181086 -11.794515 2.032043
v -25.181086 -11.794515 1.967956
v -25.229395 -11.755988 1.910217
v -25.316446 -11.686566 1.870260
v -25.364758 -11.725093 2.129739
v -25.316446 -11.825410 2.089782
v -25.289637 -11.881081 2.032043
v -25.289637 -11.881081 1.967956
v -25.316446 -11.825410 1.910217
v -25.364758 -11.725093 1.870260
v -25.424999 -11.738843 2.129739
v -25.424999 -11.850185 2.089782
v -25.424999 -11.911976 2.032043
v -25.424999 -11.911976 1.967956
v -25.424999 -11.850185 1.910217
v -25.424999 -11.738843 1.870260
v -25.485241 -11.725093 2.129739
v -25.533550 -11.825410 2.089782
v -25.560362 -11.881081 2.032043
v -25.560362 -11.881081 1.967956
v -25.533550 -11.825410 1.910217
v -25.485241 -11.725093 1.870260
v -25.533550 -11.686566 2.129739
v -25.620604 -11.755988 2.089782
v -25.668913 -11.794515 2.032043
v -25.668913 -11.794515 1.967956
v -25.620604 -11.755988 1.910217
v -25.533550 -11.686566 1.870260
v -25.560362 -11.630895 2.129739
v -25.668913 -11.655671 2.089782
v -25.729153 -11.669421 2.032043
v -25.729153 -11.669421 1.967956
v -25.668913 -11.655671 1.910217
v -25.560362 -11.630895 1.870260
v -25.560362 -11.569104 2.129739
v -25.668913 -11.544328 2.089782
v -25.729153 -11.530579 2.032043
v -25.729153 -11.530579 1.967956
v -25.668913 -11.544328 1.910217
v -25.560362 -11.569104 1.870260
v -25.533550 -11.513433 2.129739
v -25.620604 -11.444012 2.089782
v -25.668913 -11.405485 2.032043
v -25.668913 -11.405485 1.967956
v -25.620604 -11.444012 1.910217
v -25.533550 -11.513433 1.870260
v -25.485241 -11.474907 2.129739
v -25.533550 -11.374590 2.089782
v -25.560362 -11.318918 2.032043
v -25.560362 -11.318918 1.967956
v -25.533550 -11.374590 1.910217
v -25.485241 -11.474907 1.870260
v -25.424999 -11.461157 2.129739
v -25.424999 -11.288023 2.032043
v -25.424999 -11.288023 1.967956
v -25.424999 -11.461157 1.870260
v -11.599999 25.424999 2.144001
v -11.599999 25.675186 2.089784
v -11.599999 25.675186 1.910219
v -11.599999 25.424999 1.856001
v -11.539758 25.550091 2.129741
v -11.491447 25.650410 2.089784
v -11.464639 25.706079 2.032044
v -11.464639 25.706079 1.967958
v -11.491447 25.650410 1.910219
v -11.539758 25.550091 1.870262
v -11.491447 25.511566 2.129741
v -11.404397 25.580988 2.089784
v -11.356087 25.619513 2.032044
v -11.356087 25.619513 1.967958
v -11.404397 25.580988 1.910219
v -11.491447 25.511566 1.870262
v -11.464639 25.455894 2.129741
v -11.356087 25.480669 2.089784
v -11.295845 25.494421 2.032044
v -11.295845 25.494421 1.967958
v -11.356087 25.480669 1.910219
v -11.464639 25.455894 1.870262
v -11.464639 25.394102 2.129741
v -11.356087 25.369328 2.089784
v -11.295845 25.355577 2.032044
v -11.295845 25.355577 1.967958
v -11.356087 25.369328 1.910219
v -11.464639 25.394102 1.870262
v -11.491447 25.338432 2.129741
v -11.404397 25.269011 2.089784
v -11.356087 25.230486 2.032044
v -11.356087 25.230486 1.967958
v -11.404397 25.269011 1.910219
v -11.491447 25.338432 1.870262
v -11.539758 25.299908 2.129741
v -11.491447 25.199589 2.089784
v -11.464639 25.143919 2.032044
v -11.464639 25.143919 1.967958
v -11.491447 25.199589 1.910219
v -11.539758 25.299908 1.870262
v -11.599999 25.286156 2.129741
v -11.599999 25.174812 2.089784
v -11.599999 25.113022 2.032044
v -11.599999 25.113022 1.967958
v -11.599999 25.174812 1.910219
v -11.599999 25.286156 1.870262
v -11.660241 25.299908 2.129741
v -11.708551 25.199589 2.089784
v -11.735362 25.143919 2.032044
v -11.735362 25.143919 1.967958
v -11.708551 25.199589 1.910219
v -11.660241 25.299908 1.870262
v -11.708551 25.338432 2.129741
v -11.795603 25.269011 2.089784
v -11.843913 25.230486 2.032044
v -11.843913 25.230486 1.967958
v -11.795603 25.269011 1.910219
v -11.708551 25.338432 1.870262
v -11.735361 25.394102 2.129741
v -11.843913 25.369328 2.089784
v -11.904155 25.355577 2.032044
v -11.904155 25.355577 1.967958
v -11.843913 25.369328 1.910219
v -11.735361 25.394102 1.870262
v -11.735361 25.455894 2.129741
v -11.843913 25.480669 2.089784
v -11.904155 25.494421 2.032044
v -11.904155 25.494421 1.967958
v -11.843913 25.480669 1.910219
v -11.735361 25.455894 1.870262
v -11.708551 25.511566 2.129741
v -11.795603 25.580988 2.089784
v -11.843913 25.619513 2.032044
v -11.843913 25.619513 1.967958
v -11.795603 25.580988 1.910219
v -11.708551 25.511566 1.870262
v -11.660241 25.550091 2.129741
v -11.708551 25.650410 2.089784
v -11.735361 25.706079 2.032044
v -11.735361 25.706079 1.967958
v -11.708551 25.650410 1.910219
v -11.660241 25.550091 1.870262
v -11.599999 25.563843 2.129741
v -11.599999 25.736977 2.032044
v -11.599999 25.736977 1.967958
v -11.599999 25.563843 1.870262
v -11.599999 -25.424999 2.143999
v -11.599999 -25.174812 2.089781
v -11.599999 -25.174812 1.910216
v -11.599999 -25.424999 1.855999
v -11.539758 -25.299908 2.129738
v -11.491447 -25.199589 2.089781
v -11.464639 -25.143919 2.032042
v -11.464639 -25.143919 1.967956
v -11.491447 -25.199589 1.910216
v -11.539758 -25.299908 1.870259
v -11.491447 -25.338432 2.129738
v -11.404397 -25.269011 2.089781
v -11.356087 -25.230486 2.032042
v -11.356087 -25.230486 1.967956
v -11.404397 -25.269011 1.910216
v -11.491447 -25.338432 1.870259
v -11.464639 -25.394102 2.129738
v -11.356087 -25.369328 2.089781
v -11.295845 -25.355577 2.032042
v -11.295845 -25.355577 1.967956
v -11.356087 -25.369328 1.910216
v -11.464639 -25.394102 1.870259
v -11.464639 -25.455894 2.129738
v -11.356087 -25.480669 2.089781
v -11.295845 -25.494421 2.032042
v -11.295845 -25.494421 1.967956
v -11.356087 -25.480669 1.910216
v -11.464639 -25.455894 1.870259
v -11.491447 -25.511566 2.129738
v -11.404397 -25.580988 2.089781
v -11.356087 -25.619513 2.032042
v -11.356087 -25.619513 1.967956
v -11.404397 -25.580988 1.910216
v -11.491447 -25.511566 1.870259
v -11.539758 -25.550091 2.129738
v -11.491447 -25.650410 2.089781
v -11.464639 -25.706079 2.032042
v -11.464639 -25.706079 1.967956
v -11.491447 -25.650410 1.910216
v -11.539758 -25.550091 1.870259
v -11.599999 -25.563843 2.129738
v -11.599999 -25.675186 2.089781
v -11.599999 -25.736977 2.032042
v -11.599999 -25.736977 1.967956
v -11.599999 -25.675186 1.910216
v -11.599999 -25.563843 1.870259
v -11.660241 -25.550091 2.129738
v -11.708551 -25.650410 2.089781
v -11.735362 -25.706079 2.032042
v -11.735362 -25.706079 1.967956
v -11.708551 -25.650410 1.910216
v -11.660241 -25.550091 1.870259
v -11.708551 -25.511566 2.129738
v -11.795603 -25.580988 2.089781
v -11.843913 -25.619513 2.032042
v -11.843913 -25.619513 1.967956
v -11.795603 -25.580988 1.910216
v -11.708551 -25.511566 1.870259
v -11.735361 -25.455894 2.129738
v -11.843913 -25.480669 2.089781
v -11.904155 -25.494421 2.032042
v -11.904155 -25.494421 1.967956
v -11.843913 -25.480669 1.910216
v -11.735361 -25.455894 1.870259
v -11.735361 -25.394102 2.129738
v -11.843913 -25.369328 2.089781
v -11.904155 -25.355577 2.032042
v -11.904155 -25.355577 1.967956
v -11.843913 -25.369328 1.910216
v -11.735361 -25.394102 1.870259
v -11.708551 -25.338432 2.129738
v -11.795603 -25.269011 2.089781
v -11.843913 -25.230486 2.032042
v -11.843913 -25.230486 1.967956
v -11.795603 -25.269011 1.910216
v -11.708551 -25.338432 1.870259
v -11.660241 -25.299908 2.129738
v -11.708551 -25.199589 2.089781
v -11.735361 -25.143919 2.032042
v -11.735361 -25.143919 1.967956
v -11.708551 -25.199589 1.910216
v -11.660241 -25.299908 1.870259
v -11.599999 -25.286156 2.129738
v -11.599999 -25.113022 2.032042
v -11.599999 -25.113022 1.967956
v -11.599999 -25.286156 1.870259
v 25.424999 -0.000000 2.144000
v 25.424999 0.250186 2.089782
v 25.424999 0.250186 1.910218
v 25.424999 -0.000000 1.856000
v 25.485241 0.125093 2.129740
v 25.533550 0.225410 2.089782
v 25.560362 0.281081 2.032043
v 25.560362 0.281081 1.967957
v 25.533550 0.225410 1.910218
v 25.485241 0.125093 1.870260
v 25.533550 0.086567 2.129740
v 25.620604 0.155988 2.089782
v 25.668913 0.194514 2.032043
v 25.668913 0.194514 1.967957
v 25.620604 0.155988 1.910218
v 25.533550 0.086567 1.870260
v 25.560362 0.030895 2.129740
v 25.668913 0.055672 2.089782
v 25.729153 0.069421 2.032043
v 25.729153 0.069421 1.967957
v 25.668913 0.055672 1.910218
v 25.560362 0.030895 1.870260
v 25.560362 -0.030896 2.129740
v 25.668913 -0.055672 2.089782
v 25.729153 -0.069422 2.032043
v 25.729153 -0.069422 1.967957
v 25.668913 -0.055672 1.910218
v 25.560362 -0.030896 1.870260
v 25.533550 -0.086567 2.129740
v 25.620604 -0.155989 2.089782
v 25.668913 -0.194515 2.032043
v 25.668913 -0.194515 1.967957
v 25.620604 -0.155989 1.910218
v 25.533550 -0.086567 1.870260
v 25.485241 -0.125093 2.129740
v 25.533550 -0.225410 2.089782
v 25.560362 -0.281082 2.032043
v 25.560362 -0.281082 1.967957
v 25.533550 -0.225410 1.910218
v 25.485241 -0.125093 1.870260
v 25.424999 -0.138843 2.129740
v 25.424999 -0.250186 2.089782
v 25.424999 -0.311977 2.032043
v 25.424999 -0.311977 1.967957
v 25.424999 -0.250186 1.910218
v 25.424999 -0.138843 1.870260
v 25.364758 -0.125093 2.129740
v 25.316446 -0.225410 2.089782
v 25.289637 -0.281082 2.032043
v 25.289637 -0.281082 1.967957
v 25.316446 -0.225410 1.910218
v 25.364758 -0.125093 1.870260
v 25.316446 -0.086567 2.129740
v 25.229395 -0.155989 2.089782
v 25.181086 -0.194514 2.032043
v 25.181086 -0.194514 1.967957
v 25.229395 -0.155989 1.910218
v 25.316446 -0.086567 1.870260
v 25.289637 -0.030895 2.129740
v 25.181086 -0.055672 2.089782
v 25.120846 -0.069421 2.032043
v 25.120846 -0.069421 1.967957
v 25.181086 -0.055672 1.910218
v 25.289637 -0.030895 1.870260
v 25.289637 0.030895 2.129740
v 25.181086 0.055672 2.089782
v 25.120846 0.069421 2.032043
v 25.120846 0.069421 1.967957
v 25.181086 0.055672 1.910218
v 25.289637 0.030895 1.870260
v 25.316446 0.086567 2.129740
v 25.229395 0.155988 2.089782
v 25.181086 0.194514 2.032043
v 25.181086 0.194514 1.967957
v 25.229395 0.155988 1.910218
v 25.316446 0.086567 1.870260
v 25.364758 0.125093 2.129740
v 25.316446 0.225410 2.089782
v 25.289637 0.281081 2.032043
v 25.289637 0.281081 1.967957
v 25.316446 0.225410 1.910218
v 25.364758 0.125093 1.870260
v 25.424999 0.138843 2.129740
v 25.424999 0.311977 2.032043
v 25.424999 0.311977 1.967957
v 25.424999 0.138843 1.870260
v -25.424999 -0.000000 2.144000
v -25.424999 0.250186 2.089782
v -25.424999 0.250186 1.910218
v -25.424999 -0.000000 1.856000
v -25.364758 0.125093 2.129740
v -25.316446 0.225410 2.089782
v -25.289637 0.281081 2.032043
v -25.289637 0.281081 1.967957
v -25.316446 0.225410 1.910218
v -25.364758 0.125093 1.870260
v -25.316446 0.086567 2.129740
v -25.229395 0.155988 2.089782
v -25.181086 0.194514 2.032043
v -25.181086 0.194514 1.967957
v -25.229395 0.155988 1.910218
v -25.316446 0.086567 1.870260
v -25.289637 0.030895 2.129740
v -25.181086 0.055672 2.089782
v -25.120846 0.069421 2.032043
v -25.120846 0.069421 1.967957
v -25.181086 0.055672 1.910218
v -25.289637 0.030895 1.870260
v -25.289637 -0.030896 2.129740
v -25.181086 -0.055672 2.089782
v -25.120846 -0.069422 2.032043
v -25.120846 -0.069422 1.967957
v -25.181086 -0.055672 1.910218
v -25.289637 -0.030896 1.870260
v -25.316446 -0.086567 2.129740
v -25.229395 -0.155989 2.089782
v -25.181086 -0.194515 2.032043
v -25.181086 -0.194515 1.967957
v -25.229395 -0.155989 1.910218
v -25.316446 -0.086567 1.870260
v -25.364758 -0.125093 2.129740
v -25.316446 -0.225410 2.089782
v -25.289637 -0.281082 2.032043
v -25.289637 -0.281082 1.967957
v -25.316446 -0.225410 1.910218
v -25.364758 -0.125093 1.870260
v -25.424999 -0.138843 2.129740
v -25.424999 -0.250186 2.089782
v -25.424999 -0.311977 2.032043
v -25.424999 -0.311977 1.967957
v -25.424999 -0.250186 1.910218
v -25.424999 -0.138843 1.870260
v -25.485241 -0.125093 2.129740
v -25.533550 -0.225410 2.089782
v -25.560362 -0.281082 2.032043
v -25.560362 -0.281082 1.967957
v -25.533550 -0.225410 1.910218
v -25.485241 -0.125093 1.870260
v -25.533550 -0.086567 2.129740
v -25.620604 -0.155989 2.089782
v -25.668913 -0.194514 2.032043
v -25.668913 -0.194514 1.967957
v -25.620604 -0.155989 1.910218
v -25.533550 -0.086567 1.870260
v -25.560362 -0.030895 2.129740
v -25.668913 -0.055672 2.089782
v -25.729153 -0.069421 2.032043
v -25.729153 -0.069421 1.967957
v -25.668913 -0.055672 1.910218
v -25.560362 -0.030895 1.870260
v -25.560362 0.030895 2.129740
v -25.668913 0.055672 2.089782
v -25.729153 0.069421 2.032043
v -25.729153 0.069421 1.967957
v -25.668913 0.055672 1.910218
v -25.560362 0.030895 1.870260
v -25.533550 0.086567 2.129740
v -25.620604 0.155988 2.089782
v -25.668913 0.194514 2.032043
v -25.668913 0.194514 1.967957
v -25.620604 0.155988 1.910218
v -25.533550 0.086567 1.870260
v -25.485241 0.125093 2.129740
v -25.533550 0.225410 2.089782
v -25.560362 0.281081 2.032043
v -25.560362 0.281081 1.967957
v -25.533550 0.225410 1.910218
v -25.485241 0.125093 1.870260
v -25.424999 0.138843 2.129740
v -25.424999 0.311977 2.032043
v -25.424999 0.311977 1.967957
v -25.424999 0.138843 1.870260
v 0.000000 25.424999 2.144001
v 0.000000 25.675186 2.089784
v 0.000000 25.675186 1.910219
v 0.000000 25.424999 1.856001
v 0.060242 25.550091 2.129741
v 0.108552 25.650410 2.089784
v 0.135362 25.706079 2.032044
v 0.135362 25.706079 1.967958
v 0.108552 25.650410 1.910219
v 0.060242 25.550091 1.870262
v 0.108552 25.511566 2.129741
v 0.195603 25.580988 2.089784
v 0.243913 25.619513 2.032044
v 0.243913 25.619513 1.967958
v 0.195603 25.580988 1.910219
v 0.108552 25.511566 1.870262
v 0.135362 25.455894 2.129741
v 0.243913 25.480669 2.089784
v 0.304155 25.494421 2.032044
v 0.304155 25.494421 1.967958
v 0.243913 25.480669 1.910219
v 0.135362 25.455894 1.870262
v 0.135362 25.394102 2.129741
v 0.243913 25.369328 2.089784
v 0.304155 25.355577 2.032044
v 0.304155 25.355577 1.967958
v 0.243913 25.369328 1.910219
v 0.135362 25.394102 1.870262
v 0.108552 25.338432 2.129741
v 0.195603 25.269011 2.089784
v 0.243913 25.230486 2.032044
v 0.243913 25.230486 1.967958
v 0.195603 25.269011 1.910219
v 0.108552 25.338432 1.870262
v 0.060242 25.299908 2.129741
v 0.108552 25.199589 2.089784
v 0.135362 25.143919 2.032044
v 0.135362 25.143919 1.967958
v 0.108552 25.199589 1.910219
v 0.060242 25.299908 1.870262
v -0.000000 25.286156 2.129741
v -0.000000 25.174812 2.089784
v -0.000000 25.113022 2.032044
v -0.000000 25.113022 1.967958
v -0.000000 25.174812 1.910219
v -0.000000 25.286156 1.870262
v -0.060242 25.299908 2.129741
v -0.108552 25.199589 2.089784
v -0.135362 25.143919 2.032044
v -0.135362 25.143919 1.967958
v -0.108552 25.199589 1.910219
v -0.060242 25.299908 1.870262
v -0.108552 25.338432 2.129741
v -0.195603 25.269011 2.089784
v -0.243913 25.230486 2.032044
v -0.243913 25.230486 1.967958
v -0.195603 25.269011 1.910219
v -0.108552 25.338432 1.870262
v -0.135362 25.394102 2.129741
v -0.243913 25.369328 2.089784
v -0.304155 25.355577 2.032044
v -0.304155 25.355577 1.967958
v -0.243913 25.369328 1.910219
v -0.135362 25.394102 1.870262
v -0.135362 25.455894 2.129741
v -0.243913 25.480669 2.089784
v -0.304155 25.494421 2.032044
v -0.304155 25.494421 1.967958
v -0.243913 25.480669 1.910219
v -0.135362 25.455894 1.870262
v -0.108552 25.511566 2.129741
v -0.195603 25.580988 2.089784
v -0.243913 25.619513 2.032044
v -0.243913 25.619513 1.967958
v -0.195603 25.580988 1.910219
v -0.108552 25.511566 1.870262
v -0.060242 25.550091 2.129741
v -0.108552 25.650410 2.089784
v -0.135362 25.706079 2.032044
v -0.135362 25.706079 1.967958
v -0.108552 25.650410 1.910219
v -0.060242 25.550091 1.870262
v 0.000000 25.563843 2.129741
v 0.000000 25.736977 2.032044
v 0.000000 25.736977 1.967958
v 0.000000 25.563843 1.870262
v 0.000000 -25.424999 2.143999
v 0.000000 -25.174812 2.089781
v 0.000000 -25.174812 1.910216
v 0.000000 -25.424999 1.855999
v 0.060242 -25.299908 2.129738
v 0.108552 -25.199589 2.089781
v 0.135362 -25.143919 2.032042
v 0.135362 -25.143919 1.967956
v 0.108552 -25.199589 1.910216
v 0.060242 -25.299908 1.870259
v 0.108552 -25.338432 2.129738
v 0.195603 -25.269011 2.089781
v 0.243913 -25.230486 2.032042
v 0.243913 -25.230486 1.967956
v 0.195603 -25.269011 1.910216
v 0.108552 -25.338432 1.870259
v 0.135362 -25.394102 2.129738
v 0.243913 -25.369328 2.089781
v 0.304155 -25.355577 2.032042
v 0.304155 -25.355577 1.967956
v 0.243913 -25.369328 1.910216
v 0.135362 -25.394102 1.870259
v 0.135362 -25.455894 2.129738
v 0.243913 -25.480669 2.089781
v 0.304155 -25.494421 2.032042
v 0.304155 -25.494421 1.967956
v 0.243913 -25.480669 1.910216
v 0.135362 -25.455894 1.870259
v 0.108552 -25.511566 2.129738
v 0.195603 -25.580988 2.089781
v 0.243913 -25.619513 2.032042
v 0.243913 -25.619513 1.967956
v 0.195603 -25.580988 1.910216
v 0.108552 -25.511566 1.870259
v 0.060242 -25.550091 2.129738
v 0.108552 -25.650410 2.089781
v 0.135362 -25.706079 2.032042
v 0.135362 -25.706079 1.967956
v 0.108552 -25.650410 1.910216
v 0.060242 -25.550091 1.870259
v -0.000000 -25.563843 2.129738
v -0.000000 -25.675186 2.089781
v -0.000000 -25.736977 2.032042
v -0.000000 -25.736977 1.967956
v -0.000000 -25.675186 1.910216
v -0.000000 -25.563843 1.870259
v -0.060242 -25.550091 2.129738
v -0.108552 -25.650410 2.089781
v -0.135362 -25.706079 2.032042
v -0.135362 -25.706079 1.967956
v -0.108552 -25.650410 1.910216
v -0.060242 -25.550091 1.870259
v -0.108552 -25.511566 2.129738
v -0.195603 -25.580988 2.089781
v -0.243913 -25.619513 2.032042
v -0.243913 -25.619513 1.967956
v -0.195603 -25.580988 1.910216
v -0.108552 -25.511566 1.870259
v -0.135362 -25.455894 2.129738
v -0.243913 -25.480669 2.089781
v -0.304155 -25.494421 2.032042
v -0.304155 -25.494421 1.967956
v -0.243913 -25.480669 1.910216
v -0.135362 -25.455894 1.870259
v -0.135362 -25.394102 2.129738
v -0.243913 -25.369328 2.089781
v -0.304155 -25.355577 2.032042
v -0.304155 -25.355577 1.967956
v -0.243913 -25.369328 1.910216
v -0.135362 -25.394102 1.870259
v -0.108552 -25.338432 2.129738
v -0.195603 -25.269011 2.089781
v -0.243913 -25.230486 2.032042
v -0.243913 -25.230486 1.967956
v -0.195603 -25.269011 1.910216
v -0.108552 -25.338432 1.870259
v -0.060242 -25.299908 2.129738
v -0.108552 -25.199589 2.089781
v -0.135362 -25.143919 2.032042
v -0.135362 -25.143919 1.967956
v -0.108552 -25.199589 1.910216
v -0.060242 -25.299908 1.870259
v 0.000000 -25.286156 2.129738
v 0.000000 -25.113022 2.032042
v 0.000000 -25.113022 1.967956
v 0.000000 -25.286156 1.870259
v 25.424999 11.599999 2.144001
v 25.424999 11.850185 2.089783
v 25.424999 11.850185 1.910218
v 25.424999 11.599999 1.856001
v 25.485241 11.725093 2.129740
v 25.533550 11.825410 2.089783
v 25.560362 11.881081 2.032044
v 25.560362 11.881081 1.967957
v 25.533550 11.825410 1.910218
v 25.485241 11.725093 1.870261
v 25.533550 11.686566 2.129740
v 25.620604 11.755988 2.089783
v 25.668913 11.794515 2.032044
v 25.668913 11.794515 1.967957
v 25.620604 11.755988 1.910218
v 25.533550 11.686566 1.870261
v 25.560362 11.630895 2.129740
v 25.668913 11.655671 2.089783
v 25.729153 11.669421 2.032044
v 25.729153 11.669421 1.967957
v 25.668913 11.655671 1.910218
v 25.560362 11.630895 1.870261
v 25.560362 11.569104 2.129740
v 25.668913 11.544328 2.089783
v 25.729153 11.530579 2.032044
v 25.729153 11.530579 1.967957
v 25.668913 11.544328 1.910218
v 25.560362 11.569104 1.870261
v 25.533550 11.513433 2.129740
v 25.620604 11.444012 2.089783
v 25.668913 11.405485 2.032044
v 25.668913 11.405485 1.967957
v 25.620604 11.444012 1.910218
v 25.533550 11.513433 1.870261
v 25.485241 11.474907 2.129740
v 25.533550 11.374590 2.089783
v 25.560362 11.318918 2.032044
v 25.560362 11.318918 1.967957
v 25.533550 11.374590 1.910218
v 25.485241 11.474907 1.870261
v 25.424999 11.461157 2.129740
v 25.424999 11.349813 2.089783
v 25.424999 11.288023 2.032044
v 25.424999 11.288023 1.967957
v 25.424999 11.349813 1.910218
v 25.424999 11.461157 1.870261
v 25.364758 11.474907 2.129740
v 25.316446 11.374590 2.089783
v 25.289637 11.318918 2.032044
v 25.289637 11.318918 1.967957
v 25.316446 11.374590 1.910218
v 25.364758 11.474907 1.870261
v 25.316446 11.513433 2.129740
v 25.229395 11.444012 2.089783
v 25.181086 11.405485 2.032044
v 25.181086 11.405485 1.967957
v 25.229395 11.444012 1.910218
v 25.316446 11.513433 1.870261
v 25.289637 11.569104 2.129740
v 25.181086 11.544328 2.089783
v 25.120846 11.530579 2.032044
v 25.120846 11.530579 1.967957
v 25.181086 11.544328 1.910218
v 25.289637 11.569104 1.870261
v 25.289637 11.630895 2.129740
v 25.181086 11.655671 2.089783
v 25.120846 11.669421 2.032044
v 25.120846 11.669421 1.967957
v 25.181086 11.655671 1.910218
v 25.289637 11.630895 1.870261
v 25.316446 11.686566 2.129740
v 25.229395 11.755988 2.089783
v 25.181086 11.794515 2.032044
v 25.181086 11.794515 1.967957
v 25.229395 11.755988 1.910218
v 25.316446 11.686566 1.870261
v 25.364758 11.725093 2.129740
v 25.316446 11.825410 2.089783
v 25.289637 11.881081 2.032044
v 25.289637 11.881081 1.967957
v 25.316446 11.825410 1.910218
v 25.364758 11.725093 1.870261
v 25.424999 11.738843 2.129740
v 25.424999 11.911976 2.032044
v 25.424999 11.911976 1.967957
v 25.424999 11.738843 1.870261
v -25.424999 11.599999 2.144001
v -25.424999 11.850185 2.089783
v -25.424999 11.850185 1.910218
v -25.424999 11.599999 1.856001
v -25.364758 11.725093 2.129740
v -25.316446 11.825410 2.089783
v -25.289637 11.881081 2.032044
v -25.289637 11.881081 1.967957
v -25.316446 11.825410 1.910218
v -25.364758 11.725093 1.870261
v -25.316446 11.686566 2.129740
v -25.229395 11.755988 2.089783
v -25.181086 11.794515 2.032044
v -25.181086 11.794515 1.967957
v -25.229395 11.755988 1.910218
v -25.316446 11.686566 1.870261
v -25.289637 11.630895 2.129740
v -25.181086 11.655671 2.089783
v -25.120846 11.669421 2.032044
v -25.120846 11.669421 1.967957
v -25.181086 11.655671 1.910218
v -25.289637 11.630895 1.870261
v -25.289637 11.569104 2.129740
v -25.181086 11.544328 2.089783
v -25.120846 11.530579 2.032044
v -25.120846 11.530579 1.967957
v -25.181086 11.544328 1.910218
v -25.289637 11.569104 1.870261
v -25.316446 11.513433 2.129740
v -25.229395 11.444012 2.089783
v -25.181086 11.405485 2.032044
v -25.181086 11.405485 1.967957
v -25.229395 11.444012 1.910218
v -25.316446 11.513433 1.870261
v -25.364758 11.474907 2.129740
v -25.316446 11.374590 2.089783
v -25.289637 11.318918 2.032044
v -25.289637 11.318918 1.967957
v -25.316446 11.374590 1.910218
v -25.364758 11.474907 1.870261
v -25.424999 11.461157 2.129740
v -25.424999 11.349813 2.089783
v -25.424999 11.288023 2.032044
v -25.424999 11.288023 1.967957
v -25.424999 11.349813 1.910218
v -25.424999 11.461157 1.870261
v -25.485241 11.474907 2.129740
v -25.533550 11.374590 2.089783
v -25.560362 11.318918 2.032044
v -25.560362 11.318918 1.967957
v -25.533550 11.374590 1.910218
v -25.485241 11.474907 1.870261
v -25.533550 11.513433 2.129740
v -25.620604 11.444012 2.089783
v -25.668913 11.405485 2.032044
v -25.668913 11.405485 1.967957
v -25.620604 11.444012 1.910218
v -25.533550 11.513433 1.870261
v -25.560362 11.569104 2.129740
v -25.668913 11.544328 2.089783
v -25.729153 11.530579 2.032044
v -25.729153 11.530579 1.967957
v -25.668913 11.544328 1.910218
v -25.560362 11.569104 1.870261
v -25.560362 11.630895 2.129740
v -25.668913 11.655671 2.089783
v -25.729153 11.669421 2.032044
v -25.729153 11.669421 1.967957
v -25.668913 11.655671 1.910218
v -25.560362 11.630895 1.870261
v -25.533550 11.686566 2.129740
v -25.620604 11.755988 2.089783
v -25.668913 11.794515 2.032044
v -25.668913 11.794515 1.967957
v -25.620604 11.755988 1.910218
v -25.533550 11.686566 1.870261
v -25.485241 11.725093 2.129740
v -25.533550 11.825410 2.089783
v -25.560362 11.881081 2.032044
v -25.560362 11.881081 1.967957
v -25.533550 11.825410 1.910218
v -25.485241 11.725093 1.870261
v -25.424999 11.738843 2.129740
v -25.424999 11.911976 2.032044
v -25.424999 11.911976 1.967957
v -25.424999 11.738843 1.870261
v 11.599999 25.424999 2.144001
v 11.599999 25.675186 2.089784
v 11.599999 25.675186 1.910219
v 11.599999 25.424999 1.856001
v 11.660241 25.550091 2.129741
v 11.708551 25.650410 2.089784
v 11.735361 25.706079 2.032044
v 11.735361 25.706079 1.967958
v 11.708551 25.650410 1.910219
v 11.660241 25.550091 1.870262
v 11.708551 25.511566 2.129741
v 11.795603 25.580988 2.089784
v 11.843913 25.619513 2.032044
v 11.843913 25.619513 1.967958
v 11.795603 25.580988 1.910219
v 11.708551 25.511566 1.870262
v 11.735361 25.455894 2.129741
v 11.843913 25.480669 2.089784
v 11.904155 25.494421 2.032044
v 11.904155 25.494421 1.967958
v 11.843913 25.480669 1.910219
v 11.735361 25.455894 1.870262
v 11.735361 25.394102 2.129741
v 11.843913 25.369328 2.089784
v 11.904155 25.355577 2.032044
v 11.904155 25.355577 1.967958
v 11.843913 25.369328 1.910219
v 11.735361 25.394102 1.870262
v 11.708551 25.338432 2.129741
v 11.795603 25.269011 2.089784
v 11.843913 25.230486 2.032044
v 11.843913 25.230486 1.967958
v 11.795603 25.269011 1.910219
v 11.708551 25.338432 1.870262
v 11.660241 25.299908 2.129741
v 11.708551 25.199589 2.089784
v 11.735361 25.143919 2.032044
v 11.735361 25.143919 1.967958
v 11.708551 25.199589 1.910219
v 11.660241 25.299908 1.870262
v 11.599999 25.286156 2.129741
v 11.599999 25.174812 2.089784
v 11.599999 25.113022 2.032044
v 11.599999 25.113022 1.967958
v 11.599999 25.174812 1.910219
v 11.599999 25.286156 1.870262
v 11.539758 25.299908 2.129741
v 11.491447 25.199589 2.089784
v 11.464638 25.143919 2.032044
v 11.464638 25.143919 1.967958
v 11.491447 25.199589 1.910219
v 11.539758 25.299908 1.870262
v 11.491447 25.338432 2.129741
v 11.404397 25.269011 2.089784
v 11.356087 25.230486 2.032044
v 11.356087 25.230486 1.967958
v 11.404397 25.269011 1.910219
v 11.491447 25.338432 1.870262
v 11.464639 25.394102 2.129741
v 11.356087 25.369328 2.089784
v 11.295845 25.355577 2.032044
v 11.295845 25.355577 1.967958
v 11.356087 25.369328 1.910219
v 11.464639 25.394102 1.870262
v 11.464639 25.455894 2.129741
v 11.356087 25.480669 2.089784
v 11.295845 25.494421 2.032044
v 11.295845 25.494421 1.967958
v 11.356087 25.480669 1.910219
v 11.464639 25.455894 1.870262
v 11.491447 25.511566 2.129741
v 11.404397 25.580988 2.089784
v 11.356087 25.619513 2.032044
v 11.356087 25.619513 1.967958
v 11.404397 25.580988 1.910219
v 11.491447 25.511566 1.870262
v 11.539758 25.550091 2.129741
v 11.491447 25.650410 2.089784
v 11.464639 25.706079 2.032044
v 11.464639 25.706079 1.967958
v 11.491447 25.650410 1.910219
v 11.539758 25.550091 1.870262
v 11.599999 25.563843 2.129741
v 11.599999 25.736977 2.032044
v 11.599999 25.736977 1.967958
v 11.599999 25.563843 1.870262
v 11.599999 -25.424999 2.143999
v 11.599999 -25.174812 2.089781
v 11.599999 -25.174812 1.910216
v 11.599999 -25.424999 1.855999
v 11.660241 -25.299908 2.129738
v 11.708551 -25.199589 2.089781
v 11.735361 -25.143919 2.032042
v 11.735361 -25.143919 1.967956
v 11.708551 -25.199589 1.910216
v 11.660241 -25.299908 1.870259
v 11.708551 -25.338432 2.129738
v 11.795603 -25.269011 2.089781
v 11.843913 -25.230486 2.032042
v 11.843913 -25.230486 1.967956
v 11.795603 -25.269011 1.910216
v 11.708551 -25.338432 1.870259
v 11.735361 -25.394102 2.129738
v 11.843913 -25.369328 2.089781
v 11.904155 -25.355577 2.032042
v 11.904155 -25.355577 1.967956
v 11.843913 -25.369328 1.910216
v 11.735361 -25.394102 1.870259
v 11.735361 -25.455894 2.129738
v 11.843913 -25.480669 2.089781
v 11.904155 -25.494421 2.032042
v 11.904155 -25.494421 1.967956
v 11.843913 -25.480669 1.910216
v 11.735361 -25.455894 1.870259
v 11.708551 -25.511566 2.129738
v 11.795603 -25.580988 2.089781
v 11.843913 -25.619513 2.032042
v 11.843913 -25.619513 1.967956
v 11.795603 -25.580988 1.910216
v 11.708551 -25.511566 1.870259
v 11.660241 -25.550091 2.129738
v 11.708551 -25.650410 2.089781
v 11.735361 -25.706079 2.032042
v 11.735361 -25.706079 1.967956
v 11.708551 -25.650410 1.910216
v 11.660241 -25.550091 1.870259
v 11.599999 -25.563843 2.129738
v 11.599999 -25.675186 2.089781
v 11.599999 -25.736977 2.032042
v 11.599999 -25.736977 1.967956
v 11.599999 -25.675186 1.910216
v 11.599999 -25.563843 1.870259
v 11.539758 -25.550091 2.129738
v 11.491447 -25.650410 2.089781
v 11.464638 -25.706079 2.032042
v 11.464638 -25.706079 1.967956
v 11.491447 -25.650410 1.910216
v 11.539758 -25.550091 1.870259
v 11.491447 -25.511566 2.129738
v 11.404397 -25.580988 2.089781
v 11.356087 -25.619513 2.032042
v 11.356087 -25.619513 1.967956
v 11.404397 -25.580988 1.910216
v 11.491447 -25.511566 1.870259
v 11.464639 -25.455894 2.129738
v 11.356087 -25.480669 2.089781
v 11.295845 -25.494421 2.032042
v 11.295845 -25.494421 1.967956
v 11.356087 -25.480669 1.910216
v 11.464639 -25.455894 1.870259
v 11.464639 -25.394102 2.129738
v 11.356087 -25.369328 2.089781
v 11.295845 -25.355577 2.032042
v 11.295845 -25.355577 1.967956
v 11.356087 -25.369328 1.910216
v 11.464639 -25.394102 1.870259
v 11.491447 -25.338432 2.129738
v 11.404397 -25.269011 2.089781
v 11.356087 -25.230486 2.032042
v 11.356087 -25.230486 1.967956
v 11.404397 -25.269011 1.910216
v 11.491447 -25.338432 1.870259
v 11.539758 -25.299908 2.129738
v 11.491447 -25.199589 2.089781
v 11.464639 -25.143919 2.032042
v 11.464639 -25.143919 1.967956
v 11.491447 -25.199589 1.910216
v 11.539758 -25.299908 1.870259
v 11.599999 -25.286156 2.129738
v 11.599999 -25.113022 2.032042
v 11.599999 -25.113022 1.967956
v 11.599999 -25.286156 1.870259
vn -0.2566 -0.2566 -0.9318
vn -0.2178 -0.6901 -0.6901
vn -0.2566 -0.9318 -0.2566
vn -0.6901 -0.6901 -0.2178
vn -0.9318 -0.2566 -0.2566
vn -0.6901 -0.2178 -0.6901
vn -0.5773 -0.5774 -0.5774
vn -0.2566 -0.9318 0.2566
vn -0.2178 -0.6901 0.6901
vn -0.2566 -0.2566 0.9318
vn -0.6901 -0.2178 0.6901
vn -0.9318 -0.2566 0.2566
vn -0.6901 -0.6901 0.2178
vn -0.5774 -0.5773 0.5774
vn -0.2566 0.2566 -0.9318
vn -0.6901 0.2178 -0.6901
vn -0.9318 0.2566 -0.2566
vn -0.6901 0.6901 -0.2178
vn -0.2566 0.9318 -0.2566
vn -0.2178 0.6901 -0.6901
vn -0.5773 0.5773 -0.5774
vn -0.2566 0.2566 0.9318
vn -0.2178 0.6901 0.6901
vn -0.2566 0.9318 0.2566
vn -0.6901 0.6901 0.2178
vn -0.9318 0.2566 0.2566
vn -0.6901 0.2178 0.6901
vn -0.5774 0.5773 0.5774
vn 0.2566 -0.2566 -0.9318
vn 0.6901 -0.2178 -0.6901
vn 0.9318 -0.2566 -0.2566
vn 0.6901 -0.6901 -0.2178
vn 0.2566 -0.9318 -0.2566
vn 0.2178 -0.6901 -0.6901
vn 0.5774 -0.5773 -0.5774
vn 0.2566 -0.2566 0.9318
vn 0.2178 -0.6901 0.6901
vn 0.2566 -0.9318 0.2566
vn 0.6901 -0.6901 0.2178
vn 0.9318 -0.2566 0.2566
vn 0.6901 -0.2178 0.6901
vn 0.5774 -0.5773 0.5774
vn 0.2566 0.2566 -0.9318
vn 0.2178 0.6901 -0.6901
vn 0.2566 0.9318 -0.2566
vn 0.6901 0.6901 -0.2178
vn 0.9318 0.2566 -0.2566
vn 0.6901 0.2178 -0.6901
vn 0.5773 0.5773 -0.5774
vn 0.2566 0.2566 0.9318
vn 0.6901 0.2178 0.6901
vn 0.9318 0.2566 0.2566
vn 0.6901 0.6901 0.2178
vn 0.2566 0.9318 0.2566
vn 0.2178 0.6901 0.6901
vn 0.5774 0.5773 0.5774
vn -0.2585 -0.0000 -0.9660
vn -0.7071 -0.0000 -0.7071
vn -0.9660 -0.0000 -0.2584
vn -0.2584 -0.9660 -0.0000
vn -0.7071 -0.7071 -0.0000
vn -0.9660 -0.2585 -0.0000
vn -0.2585 -0.0000 0.9660
vn -0.7071 -0.0000 0.7071
vn -0.9660 -0.0000 0.2584
vn -0.2584 0.9660 -0.0000
vn -0.7071 0.7071 -0.0000
vn -0.9660 0.2585 -0.0000
vn -0.0000 0.2585 -0.9660
vn -0.0000 0.7071 -0.7071
vn -0.0000 0.9660 -0.2585
vn -0.0000 0.2585 0.9660
vn -0.0000 0.7071 0.7071
vn -0.0000 0.9660 0.2585
vn 0.9660 0.2585 -0.0000
vn 0.7071 0.7071 -0.0000
vn 0.2584 0.9660 -0.0000
vn 0.2585 -0.0000 -0.9660
vn 0.7071 -0.0000 -0.7071
vn 0.9660 -0.0000 -0.2584
vn 0.2585 -0.0000 0.9660
vn 0.7071 -0.0000 0.7071
vn 0.9660 -0.0000 0.2584
vn 0.2584 -0.9660 -0.0000
vn 0.7071 -0.7071 -0.0000
vn 0.9660 -0.2585 -0.0000
vn -0.0000 -0.2585 -0.9660
vn -0.0000 -0.7071 -0.7071
vn -0.0000 -0.9660 -0.2585
vn -0.0000 -0.2585 0.9660
vn -0.0000 -0.7071 0.7071
vn -0.0000 -0.9660 0.2585
vn -0.0000 -0.0000 -1.0000
vn -1.0000 -0.0000 -0.0000
vn -0.0000 -1.0000 -0.0000
vn -0.0000 -0.0000 1.0000
vn -0.0000 1.0000 -0.0000
vn 1.0000 -0.0000 -0.0000
vn -0.6901 -0.2178 -0.6902
vn -0.5774 -0.5773 -0.5773
vn -0.5773 -0.5774 0.5773
vn -0.6902 0.2178 -0.6901
vn -0.6901 0.6901 -0.2177
vn -0.5773 0.5774 -0.5773
vn -0.5773 0.5774 0.5773
vn 0.6901 -0.6901 -0.2177
vn 0.2178 -0.6901 -0.6902
vn 0.5774 -0.5773 -0.5773
vn 0.6901 -0.2178 0.6902
vn 0.5773 -0.5774 0.5773
vn 0.2177 0.6901 -0.6901
vn 0.5773 0.5774 -0.5773
vn 0.6901 0.6901 0.2177
vn 0.5773 0.5774 0.5773
vn -0.2584 -0.0000 0.9660
vn -0.0000 0.0027 1.0000
vn -0.0000 0.0014 -1.0000
vn -0.0000 0.0010 1.0000
vn -0.0000 0.0015 1.0000
vn -0.0000 -0.0036 -1.0000
vn -0.0000 -0.0006 -1.0000
vn -0.0000 -0.2584 -0.9660
vn -0.0000 -0.9660 -0.2584
vn -0.0000 -0.9660 0.2584
vn -0.2177 -0.6901 -0.6901
vn -0.5773 -0.5774 -0.5773
vn -0.5774 0.5773 -0.5773
vn -0.6901 0.2178 0.6902
vn 0.6902 -0.2178 -0.6901
vn 0.5773 -0.5774 -0.5773
vn 0.6901 0.2178 -0.6902
vn 0.5774 0.5773 -0.5773
vn -0.0000 0.0036 -1.0000
vn -0.0000 0.0006 -1.0000
vn -0.0000 0.2584 -0.9660
vn -0.0000 0.9660 -0.2584
vn -0.0000 0.9660 0.2584
vn -0.0000 0.0009 1.0000
vn -0.0000 0.0006 1.0000
vn -0.0000 -0.0027 1.0000
vn -0.0000 -0.0014 -1.0000
vn 0.2178 0.6901 0.6902
vn -0.9660 -0.0000 0.2585
vn 0.6901 -0.2178 -0.6902
vn 0.9660 -0.0000 0.2585
vn -0.2177 -0.6901 -0.6902
vn -0.2566 -0.9318 -0.2565
vn -0.6902 -0.6901 -0.2177
vn -0.6901 -0.2177 -0.6902
vn -0.5773 -0.5772 -0.5775
vn -0.2566 -0.9318 0.2565
vn -0.2177 -0.6901 0.6901
vn -0.6901 -0.2177 0.6902
vn -0.6902 -0.6901 0.2177
vn -0.5773 -0.5772 0.5775
vn -0.6900 0.2177 -0.6902
vn -0.9319 0.2566 -0.2566
vn -0.6901 0.6902 -0.2177
vn -0.2566 0.9318 -0.2565
vn -0.5773 0.5772 -0.5775
vn -0.2178 0.6901 0.6902
vn -0.2566 0.9318 0.2565
vn -0.6901 0.6902 0.2177
vn -0.6900 0.2177 0.6902
vn -0.5773 0.5772 0.5775
vn 0.9318 -0.2566 -0.2567
vn 0.6902 -0.6901 -0.2177
vn 0.2177 -0.6901 -0.6902
vn 0.2177 -0.6901 0.6902
vn 0.6902 -0.6901 0.2177
vn 0.5774 -0.5773 0.5773
vn 0.2178 0.6901 -0.6902
vn 0.6901 0.6902 -0.2178
vn 0.6901 0.6902 0.2178
vn 0.5774 0.5773 0.5773
vn -0.9660 -0.0000 -0.2585
vn 0.0177 0.0891 -0.9959
vn 0.1104 0.5552 -0.8244
vn 0.1790 0.8999 0.3978
vn 0.0572 0.2875 0.9561
vn 0.0572 0.2875 -0.9561
vn 0.1790 0.8999 -0.3978
vn 0.1104 0.5552 0.8244
vn 0.0177 0.0891 0.9959
vn 0.1629 0.2437 -0.9561
vn 0.5097 0.7629 -0.3978
vn 0.3145 0.4707 0.8244
vn 0.0505 0.0756 0.9959
vn 0.0505 0.0756 -0.9959
vn 0.3145 0.4707 -0.8244
vn 0.5097 0.7629 0.3978
vn 0.1629 0.2437 0.9561
vn 0.7629 0.5097 -0.3978
vn 0.4707 0.3145 0.8244
vn 0.0756 0.0505 0.9959
vn 0.0756 0.0505 -0.9959
vn 0.4707 0.3145 -0.8244
vn 0.7629 0.5097 0.3978
vn 0.2437 0.1628 0.9561
vn 0.2437 0.1628 -0.9561
vn 0.0891 0.0177 -0.9959
vn 0.5552 0.1104 -0.8244
vn 0.8999 0.1790 0.3978
vn 0.2875 0.0572 0.9561
vn 0.2875 0.0572 -0.9561
vn 0.8999 0.1790 -0.3978
vn 0.5552 0.1104 0.8244
vn 0.0891 0.0177 0.9959
vn 0.8999 -0.1790 0.3978
vn 0.2875 -0.0572 0.9561
vn 0.2875 -0.0572 -0.9561
vn 0.8999 -0.1790 -0.3978
vn 0.5552 -0.1104 0.8244
vn 0.0891 -0.0177 0.9959
vn 0.0891 -0.0177 -0.9959
vn 0.5552 -0.1104 -0.8244
vn 0.2437 -0.1628 -0.9561
vn 0.7629 -0.5097 -0.3978
vn 0.4706 -0.3145 0.8244
vn 0.0756 -0.0505 0.9959
vn 0.0756 -0.0505 -0.9959
vn 0.4706 -0.3145 -0.8244
vn 0.7629 -0.5097 0.3978
vn 0.2437 -0.1628 0.9561
vn 0.3145 -0.4707 0.8244
vn 0.0505 -0.0756 0.9959
vn 0.0505 -0.0756 -0.9959
vn 0.3145 -0.4707 -0.8244
vn 0.5097 -0.7629 0.3978
vn 0.1629 -0.2437 0.9561
vn 0.1629 -0.2437 -0.9561
vn 0.5097 -0.7629 -0.3978
vn 0.0177 -0.0891 -0.9959
vn 0.1104 -0.5552 -0.8244
vn 0.1790 -0.8999 0.3978
vn 0.0572 -0.2875 0.9561
vn 0.0572 -0.2875 -0.9561
vn 0.1790 -0.8999 -0.3978
vn 0.1104 -0.5552 0.8244
vn 0.0177 -0.0891 0.9959
vn -0.0572 -0.2875 0.9561
vn -0.0572 -0.2875 -0.9561
vn -0.1790 -0.8999 -0.3978
vn -0.1104 -0.5552 0.8244
vn -0.0177 -0.0891 0.9959
vn -0.0177 -0.0891 -0.9959
vn -0.1104 -0.5552 -0.8244
vn -0.1790 -0.8999 0.3978
vn -0.1629 -0.2437 -0.9561
vn -0.5097 -0.7629 -0.3977
vn -0.3145 -0.4707 0.8244
vn -0.0505 -0.0756 0.9959
vn -0.0505 -0.0756 -0.9959
vn -0.3145 -0.4707 -0.8244
vn -0.5097 -0.7629 0.3978
vn -0.1629 -0.2437 0.9561
vn -0.0756 -0.0505 0.9959
vn -0.0756 -0.0505 -0.9959
vn -0.4707 -0.3145 -0.8244
vn -0.7629 -0.5097 0.3978
vn -0.2437 -0.1628 0.9561
vn -0.2437 -0.1628 -0.9561
vn -0.7629 -0.5097 -0.3978
vn -0.4707 -0.3145 0.8244
vn -0.5552 -0.1104 -0.8244
vn -0.8999 -0.1790 0.3978
vn -0.2875 -0.0572 0.9561
vn -0.2875 -0.0572 -0.9561
vn -0.8999 -0.1790 -0.3978
vn -0.5552 -0.1104 0.8244
vn -0.0891 -0.0177 0.9959
vn -0.0891 -0.0177 -0.9959
vn -0.2875 0.0572 -0.9561
vn -0.8999 0.1790 -0.3978
vn -0.5552 0.1104 0.8244
vn -0.0891 0.0177 0.9959
vn -0.0891 0.0177 -0.9959
vn -0.5552 0.1104 -0.8244
vn -0.8999 0.1790 0.3978
vn -0.2875 0.0572 0.9561
vn -0.7629 0.5097 -0.3978
vn -0.4707 0.3145 0.8244
vn -0.0756 0.0505 0.9959
vn -0.0756 0.0505 -0.9959
vn -0.4707 0.3145 -0.8244
vn -0.7629 0.5097 0.3978
vn -0.2437 0.1628 0.9561
vn -0.2437 0.1628 -0.9561
vn -0.0505 0.0756 -0.9959
vn -0.3145 0.4707 -0.8244
vn -0.5097 0.7629 0.3978
vn -0.1629 0.2437 0.9561
vn -0.1629 0.2437 -0.9561
vn -0.5097 0.7629 -0.3978
vn -0.3145 0.4707 0.8244
vn -0.0505 0.0756 0.9959
vn -0.1790 0.8999 0.3978
vn -0.0572 0.2875 0.9561
vn -0.0572 0.2875 -0.9561
vn -0.1790 0.8999 -0.3978
vn -0.1104 0.5552 0.8244
vn -0.0177 0.0891 0.9959
vn -0.0177 0.0891 -0.9959
vn -0.1104 0.5552 -0.8244
vn -0.2178 -0.6901 -0.6902
vn -0.6901 -0.6902 -0.2177
vn -0.6900 -0.2177 -0.6902
vn -0.6900 -0.2177 0.6902
vn -0.9319 -0.2566 0.2566
vn -0.6901 -0.6902 0.2177
vn -0.6901 0.2177 -0.6902
vn -0.6902 0.6901 -0.2177
vn -0.2177 0.6901 -0.6901
vn -0.2177 0.6901 0.6902
vn -0.6902 0.6901 0.2177
vn -0.6901 0.2177 0.6902
vn 0.6901 -0.6902 -0.2178
vn 0.2178 -0.6901 0.6902
vn 0.6901 -0.6902 0.2178
vn 0.2177 0.6901 -0.6902
vn 0.6902 0.6901 -0.2177
vn 0.9318 0.2566 0.2567
vn 0.6902 0.6901 0.2177
vn 0.2177 0.6901 0.6902
vn 0.4706 0.3145 0.8244
vn 0.4706 0.3145 -0.8244
vn 0.4707 -0.3145 0.8244
vn 0.4707 -0.3145 -0.8244
vn -0.5097 -0.7629 -0.3978
vn -0.2177 -0.6901 0.6902
vn -0.9318 -0.2566 0.2567
vn -0.5774 -0.5773 0.5773
vn -0.6901 0.6902 -0.2178
vn -0.6901 0.6902 0.2178
vn -0.5774 0.5773 0.5773
vn 0.6901 -0.2177 -0.6902
vn 0.2566 -0.9318 -0.2565
vn 0.2177 -0.6902 -0.6901
vn 0.5773 -0.5772 -0.5775
vn 0.2566 -0.9318 0.2565
vn 0.6901 -0.2177 0.6902
vn 0.5773 -0.5772 0.5775
vn 0.2566 0.9318 -0.2565
vn 0.6901 0.6902 -0.2177
vn 0.6900 0.2177 -0.6902
vn 0.5773 0.5772 -0.5775
vn 0.6900 0.2177 0.6902
vn 0.9319 0.2566 0.2566
vn 0.6901 0.6902 0.2177
vn 0.2566 0.9318 0.2565
vn 0.5773 0.5772 0.5775
vn 0.9660 -0.0000 -0.2585
vn 0.5097 0.7629 -0.3977
vn -0.4706 -0.3145 0.8244
vn -0.4706 -0.3145 -0.8244
vn -0.6901 -0.6902 -0.2178
vn -0.6901 -0.6902 0.2178
vn -0.9318 0.2566 -0.2567
vn -0.2177 0.6901 -0.6902
vn 0.6900 -0.2177 -0.6902
vn 0.9319 -0.2566 -0.2566
vn 0.6901 -0.6902 -0.2177
vn 0.6901 -0.6902 0.2177
vn 0.6900 -0.2177 0.6902
vn 0.6901 0.2177 -0.6902
vn 0.6901 0.2177 0.6902
vn 0.2177 0.6901 0.6901
vn -0.4706 0.3145 0.8244
vn -0.4706 0.3145 -0.8244
vn 0.1540 0.6746 0.7219
vn 0.0233 0.1021 0.9945
vn 0.0769 0.3368 -0.9384
vn 0.2225 0.9749 -0.0000
vn 0.0769 0.3368 0.9384
vn 0.0233 0.1021 -0.9945
vn 0.1540 0.6746 -0.7219
vn 0.0653 0.0819 -0.9945
vn 0.4314 0.5410 -0.7219
vn 0.4314 0.5410 0.7219
vn 0.0653 0.0819 0.9945
vn 0.2154 0.2701 -0.9384
vn 0.6235 0.7818 -0.0000
vn 0.2154 0.2701 0.9384
vn 0.6234 0.3002 0.7219
vn 0.0944 0.0455 0.9945
vn 0.3112 0.1499 -0.9384
vn 0.9010 0.4339 -0.0000
vn 0.3112 0.1499 0.9384
vn 0.0944 0.0455 -0.9945
vn 0.6234 0.3002 -0.7219
vn 0.3454 -0.0000 -0.9384
vn 0.3454 -0.0000 0.9384
vn 0.1048 -0.0000 -0.9945
vn 0.6920 -0.0000 -0.7219
vn 0.6920 -0.0000 0.7219
vn 0.1048 -0.0000 0.9945
vn 0.3112 -0.1499 -0.9384
vn 0.9010 -0.4339 -0.0000
vn 0.3112 -0.1499 0.9384
vn 0.0944 -0.0455 -0.9945
vn 0.6234 -0.3002 -0.7219
vn 0.6234 -0.3002 0.7219
vn 0.0944 -0.0455 0.9945
vn 0.2154 -0.2701 0.9384
vn 0.0653 -0.0819 -0.9945
vn 0.4314 -0.5410 -0.7219
vn 0.4314 -0.5410 0.7219
vn 0.0653 -0.0819 0.9945
vn 0.2154 -0.2701 -0.9384
vn 0.6235 -0.7818 -0.0000
vn 0.0233 -0.1021 -0.9945
vn 0.1540 -0.6746 -0.7219
vn 0.1540 -0.6746 0.7219
vn 0.0233 -0.1021 0.9945
vn 0.0769 -0.3368 -0.9384
vn 0.2225 -0.9749 -0.0000
vn 0.0769 -0.3368 0.9384
vn -0.1540 -0.6746 -0.7219
vn -0.1540 -0.6746 0.7219
vn -0.0233 -0.1021 0.9945
vn -0.0769 -0.3368 -0.9384
vn -0.2225 -0.9749 -0.0000
vn -0.0769 -0.3368 0.9384
vn -0.0233 -0.1021 -0.9945
vn -0.0653 -0.0819 0.9945
vn -0.2154 -0.2701 -0.9384
vn -0.6235 -0.7818 -0.0000
vn -0.2154 -0.2701 0.9384
vn -0.0653 -0.0819 -0.9945
vn -0.4314 -0.5410 -0.7219
vn -0.4314 -0.5410 0.7219
vn -0.3112 -0.1499 -0.9384
vn -0.9010 -0.4339 -0.0000
vn -0.3112 -0.1499 0.9384
vn -0.0944 -0.0455 -0.9945
vn -0.6234 -0.3002 -0.7219
vn -0.6235 -0.3002 0.7219
vn -0.0944 -0.0455 0.9945
vn -0.3454 -0.0000 0.9384
vn -0.1048 -0.0000 -0.9945
vn -0.6920 -0.0000 -0.7219
vn -0.6920 -0.0000 0.7219
vn -0.1048 -0.0000 0.9945
vn -0.3454 -0.0000 -0.9384
vn -0.0944 0.0455 -0.9945
vn -0.6235 0.3002 -0.7219
vn -0.6234 0.3002 0.7219
vn -0.0944 0.0455 0.9945
vn -0.3112 0.1499 -0.9384
vn -0.9010 0.4339 -0.0000
vn -0.3112 0.1499 0.9384
vn -0.0653 0.0819 -0.9945
vn -0.4314 0.5410 -0.7219
vn -0.4314 0.5410 0.7219
vn -0.0653 0.0819 0.9945
vn -0.2154 0.2701 -0.9384
vn -0.6235 0.7818 -0.0000
vn -0.2154 0.2701 0.9384
vn -0.1540 0.6746 0.7219
vn -0.0233 0.1021 0.9945
vn -0.0769 0.3368 -0.9384
vn -0.2225 0.9749 -0.0000
vn -0.0769 0.3368 0.9384
vn -0.0233 0.1021 -0.9945
vn -0.1540 0.6746 -0.7219
vn 0.6235 0.3002 0.7219
vn 0.6235 -0.3002 -0.7219
vn -0.6234 -0.3002 0.7219
vn -0.6234 0.3002 -0.7219
vn -0.6919 -0.0000 0.7220
vn 0.6919 -0.0000 -0.7220
vn 0.6919 -0.0000 0.7220
vn -0.6235 0.3002 0.7219
vn 0.4314 -0.5410 0.7220
vt 0.995632 0.495746
vt 0.996978 0.495746
vt 0.996921 0.497035
vt 0.995632 0.497092
vt 0.997968 0.495746
vt 0.997618 0.497035
vt 0.365127 0.899642
vt 0.365127 0.900942
vt 0.363838 0.901103
vt 0.363781 0.899855
vt 0.365127 0.902325
vt 0.363838 0.902076
vt 0.365127 0.903410
vt 0.363781 0.903119
vt 0.995632 0.498082
vt 0.996921 0.497732
vt 0.363141 0.901513
vt 0.373306 0.899642
vt 0.374652 0.899855
vt 0.374595 0.901103
vt 0.373306 0.900942
vt 0.001804 0.495746
vt 0.002794 0.495746
vt 0.002851 0.497035
vt 0.002154 0.497035
vt 0.004140 0.495746
vt 0.004140 0.497092
vt 0.004140 0.498082
vt 0.002851 0.497732
vt 0.373306 0.903410
vt 0.373306 0.902325
vt 0.374595 0.902076
vt 0.374652 0.903119
vt 0.375292 0.901513
vt 0.504026 0.495746
vt 0.504026 0.497092
vt 0.502737 0.497035
vt 0.502680 0.495746
vt 0.504026 0.498082
vt 0.502737 0.497732
vt 0.396646 0.835759
vt 0.396646 0.836938
vt 0.395356 0.837156
vt 0.395299 0.836023
vt 0.396646 0.838337
vt 0.395356 0.838141
vt 0.396646 0.839569
vt 0.395299 0.839324
vt 0.501690 0.495746
vt 0.502040 0.497035
vt 0.394660 0.837667
vt 0.495746 0.495746
vt 0.497092 0.495746
vt 0.497035 0.497035
vt 0.495746 0.497092
vt 0.498082 0.495746
vt 0.497732 0.497035
vt 0.404824 0.839569
vt 0.404824 0.838336
vt 0.406113 0.838140
vt 0.406170 0.839324
vt 0.404824 0.836938
vt 0.406113 0.837156
vt 0.404824 0.835759
vt 0.406170 0.836023
vt 0.495746 0.498082
vt 0.497035 0.497732
vt 0.406810 0.837667
vt 0.995632 0.004140
vt 0.995632 0.002794
vt 0.996921 0.002851
vt 0.996978 0.004140
vt 0.359533 0.503851
vt 0.358543 0.504227
vt 0.358486 0.502901
vt 0.359183 0.502637
vt 0.357197 0.504364
vt 0.357197 0.502982
vt 0.357197 0.501690
vt 0.358486 0.501992
vt 0.365127 0.502565
vt 0.363781 0.502778
vt 0.363838 0.501943
vt 0.365127 0.501690
vt 0.997968 0.004140
vt 0.997618 0.002851
vt 0.004140 0.004140
vt 0.002794 0.004140
vt 0.002851 0.002851
vt 0.004140 0.002794
vt 0.001804 0.004140
vt 0.002154 0.002851
vt 0.373306 0.502565
vt 0.373306 0.501690
vt 0.374595 0.501943
vt 0.374652 0.502778
vt 0.349018 0.501690
vt 0.349018 0.502982
vt 0.347729 0.502901
vt 0.347729 0.501992
vt 0.349018 0.504364
vt 0.347672 0.504227
vt 0.346682 0.503851
vt 0.347032 0.502637
vt 0.504026 0.004140
vt 0.502680 0.004140
vt 0.502737 0.002851
vt 0.504026 0.002794
vt 0.501690 0.004140
vt 0.502040 0.002851
vt 0.389065 0.504373
vt 0.389065 0.503073
vt 0.390354 0.502913
vt 0.390411 0.504161
vt 0.389065 0.501690
vt 0.390354 0.501939
vt 0.357195 0.959162
vt 0.358542 0.959025
vt 0.358485 0.960085
vt 0.357195 0.960270
vt 0.504026 0.001804
vt 0.502737 0.002154
vt 0.391051 0.502502
vt 0.495746 0.004140
vt 0.495746 0.002794
vt 0.497035 0.002851
vt 0.497092 0.004140
vt 0.495746 0.001804
vt 0.497035 0.002154
vt 0.349017 0.959162
vt 0.349017 0.960270
vt 0.347728 0.960085
vt 0.347671 0.959025
vt 0.380886 0.501690
vt 0.380886 0.503073
vt 0.379597 0.502913
vt 0.379597 0.501939
vt 0.380886 0.504373
vt 0.379540 0.504161
vt 0.498082 0.004140
vt 0.497732 0.002851
vt 0.378900 0.502502
vt 0.395299 0.501955
vt 0.396646 0.501690
vt 0.406170 0.501955
vt 0.404824 0.501690
vt 0.390410 0.901238
vt 0.389064 0.901450
vt 0.379539 0.901238
vt 0.380885 0.901450
vt 0.995632 0.001804
vt 0.004140 0.001804
vt 0.003401 0.503287
vt 0.002481 0.503287
vt 0.002519 0.502405
vt 0.003401 0.502367
vt 0.001804 0.503287
vt 0.002043 0.502405
vt 0.636130 0.900744
vt 0.636130 0.901633
vt 0.635249 0.901742
vt 0.635210 0.900890
vt 0.636130 0.902578
vt 0.635249 0.902407
vt 0.636130 0.903319
vt 0.635210 0.903120
vt 0.003401 0.501690
vt 0.002519 0.501929
vt 0.634773 0.902023
vt 0.624842 0.900744
vt 0.625762 0.900890
vt 0.625723 0.901742
vt 0.624842 0.901633
vt 0.044914 0.996600
vt 0.045590 0.996600
vt 0.045629 0.997481
vt 0.045153 0.997481
vt 0.046510 0.996600
vt 0.046510 0.997519
vt 0.046510 0.998196
vt 0.045629 0.997957
vt 0.624842 0.903319
vt 0.624842 0.902578
vt 0.625723 0.902407
vt 0.625762 0.903120
vt 0.626199 0.902023
vt 0.039709 0.503287
vt 0.039709 0.502367
vt 0.040590 0.502405
vt 0.040629 0.503287
vt 0.039709 0.501690
vt 0.040590 0.501929
vt 0.582074 0.601096
vt 0.582074 0.600290
vt 0.582955 0.600141
vt 0.582994 0.600915
vt 0.582074 0.599334
vt 0.582955 0.599468
vt 0.582074 0.598492
vt 0.582994 0.598659
vt 0.041306 0.503287
vt 0.041066 0.502405
vt 0.583431 0.599792
vt 0.082819 0.996600
vt 0.083739 0.996600
vt 0.083700 0.997481
vt 0.082819 0.997519
vt 0.084415 0.996600
vt 0.084176 0.997481
vt 0.538538 0.598492
vt 0.538538 0.599334
vt 0.537657 0.599468
vt 0.537618 0.598659
vt 0.538538 0.600290
vt 0.537657 0.600141
vt 0.538538 0.601096
vt 0.537618 0.600915
vt 0.082819 0.998196
vt 0.083700 0.997957
vt 0.537181 0.599792
vt 0.003401 0.996599
vt 0.003401 0.997519
vt 0.002519 0.997481
vt 0.002481 0.996599
vt 0.422424 0.599969
vt 0.421748 0.600226
vt 0.421709 0.599320
vt 0.422185 0.599139
vt 0.420828 0.600319
vt 0.420828 0.599375
vt 0.420828 0.598492
vt 0.421709 0.598699
vt 0.636130 0.502288
vt 0.635210 0.502433
vt 0.635249 0.501863
vt 0.636130 0.501690
vt 0.001804 0.996599
vt 0.002043 0.997481
vt 0.046510 0.503287
vt 0.045590 0.503287
vt 0.045629 0.502405
vt 0.046510 0.502367
vt 0.044914 0.503287
vt 0.045153 0.502405
vt 0.624842 0.502288
vt 0.624842 0.501690
vt 0.625723 0.501863
vt 0.625762 0.502433
vt 0.412015 0.598492
vt 0.412015 0.599375
vt 0.411134 0.599320
vt 0.411134 0.598699
vt 0.412015 0.600319
vt 0.411095 0.600226
vt 0.410419 0.599969
vt 0.410658 0.599139
vt 0.039709 0.996600
vt 0.040629 0.996600
vt 0.040590 0.997481
vt 0.039709 0.997519
vt 0.041305 0.996600
vt 0.041066 0.997481
vt 0.644704 0.503523
vt 0.644704 0.502635
vt 0.645585 0.502526
vt 0.645624 0.503378
vt 0.644704 0.501690
vt 0.645585 0.501860
vt 0.420828 0.633909
vt 0.421748 0.633816
vt 0.421709 0.634540
vt 0.420828 0.634667
vt 0.039709 0.998196
vt 0.040590 0.997957
vt 0.646062 0.502245
vt 0.082819 0.503287
vt 0.082819 0.502367
vt 0.083700 0.502405
vt 0.083739 0.503287
vt 0.082819 0.501690
vt 0.083700 0.501929
vt 0.412015 0.633909
vt 0.412015 0.634667
vt 0.411134 0.634540
vt 0.411095 0.633816
vt 0.654636 0.901980
vt 0.654636 0.901035
vt 0.655517 0.901144
vt 0.655517 0.901810
vt 0.654636 0.900147
vt 0.655556 0.900292
vt 0.084415 0.503287
vt 0.084176 0.502405
vt 0.655993 0.901425
vt 0.582994 0.625589
vt 0.582074 0.625769
vt 0.463843 0.639475
vt 0.537618 0.625589
vt 0.538538 0.625769
vt 0.482392 0.634213
vt 0.482392 0.633261
vt 0.482392 0.633261
vt 0.513296 0.640557
vt 0.513543 0.639633
vt 0.513543 0.639633
vt 0.513296 0.638713
vt 0.645624 0.901835
vt 0.644704 0.901980
vt 0.655556 0.501835
vt 0.654636 0.501690
vt 0.564030 0.632666
vt 0.564030 0.633619
vt 0.564030 0.633619
vt 0.573350 0.632666
vt 0.573350 0.632666
vt 0.573102 0.633590
vt 0.573102 0.633590
vt 0.573350 0.634510
vt 0.003401 0.998196
vt 0.046510 0.501690
vt 0.464320 0.633261
vt 0.463843 0.634085
vt 0.463843 0.634085
vt 0.463843 0.635042
vt 0.463843 0.635042
vt 0.464320 0.635866
vt 0.431238 0.643431
vt 0.573350 0.643571
vt 0.125929 0.996599
vt 0.126849 0.996599
vt 0.126810 0.997481
vt 0.125929 0.997519
vt 0.127525 0.996599
vt 0.127286 0.997481
vt 0.641096 0.900744
vt 0.641096 0.901633
vt 0.640215 0.901742
vt 0.640176 0.900890
vt 0.641096 0.902578
vt 0.640215 0.902407
vt 0.641096 0.903319
vt 0.640176 0.903120
vt 0.125929 0.998196
vt 0.126810 0.997957
vt 0.639739 0.902023
vt 0.629807 0.900744
vt 0.630727 0.900890
vt 0.630688 0.901742
vt 0.629807 0.901633
vt 0.131134 0.996599
vt 0.131810 0.996599
vt 0.131849 0.997481
vt 0.131373 0.997481
vt 0.132730 0.996599
vt 0.132730 0.997519
vt 0.132730 0.998196
vt 0.131849 0.997957
vt 0.629807 0.903319
vt 0.629807 0.902578
vt 0.630688 0.902407
vt 0.630727 0.903120
vt 0.631164 0.902023
vt 0.089620 0.996599
vt 0.089620 0.997519
vt 0.088739 0.997481
vt 0.088700 0.996599
vt 0.089620 0.998196
vt 0.088739 0.997957
vt 0.577108 0.601096
vt 0.577108 0.600290
vt 0.577989 0.600141
vt 0.578028 0.600915
vt 0.577108 0.599334
vt 0.577989 0.599468
vt 0.577108 0.598492
vt 0.578028 0.598659
vt 0.088024 0.996599
vt 0.088263 0.997481
vt 0.578465 0.599792
vt 0.169038 0.996599
vt 0.169958 0.996599
vt 0.169920 0.997481
vt 0.169038 0.997519
vt 0.170635 0.996599
vt 0.170396 0.997481
vt 0.588397 0.598492
vt 0.588397 0.599334
vt 0.587516 0.599468
vt 0.587477 0.598659
vt 0.588397 0.600290
vt 0.587516 0.600141
vt 0.588397 0.601096
vt 0.587477 0.600915
vt 0.169038 0.998196
vt 0.169920 0.997957
vt 0.587040 0.599792
vt 0.125929 0.503287
vt 0.125929 0.502367
vt 0.126810 0.502405
vt 0.126849 0.503287
vt 0.417220 0.599969
vt 0.416543 0.600226
vt 0.416504 0.599320
vt 0.416981 0.599139
vt 0.415623 0.600319
vt 0.415623 0.599375
vt 0.415623 0.598492
vt 0.416504 0.598699
vt 0.641096 0.502288
vt 0.640176 0.502433
vt 0.640215 0.501863
vt 0.641096 0.501690
vt 0.127525 0.503287
vt 0.127286 0.502405
vt 0.132730 0.503286
vt 0.131810 0.503286
vt 0.131849 0.502405
vt 0.132730 0.502366
vt 0.131134 0.503286
vt 0.131373 0.502405
vt 0.629807 0.502288
vt 0.629807 0.501690
vt 0.630688 0.501863
vt 0.630727 0.502433
vt 0.427629 0.598492
vt 0.427629 0.599375
vt 0.426748 0.599320
vt 0.426748 0.598699
vt 0.427629 0.600319
vt 0.426709 0.600226
vt 0.426033 0.599969
vt 0.426272 0.599139
vt 0.089620 0.503287
vt 0.088700 0.503287
vt 0.088739 0.502405
vt 0.089620 0.502367
vt 0.088024 0.503287
vt 0.088263 0.502405
vt 0.649670 0.503523
vt 0.649670 0.502635
vt 0.650551 0.502526
vt 0.650590 0.503378
vt 0.649670 0.501690
vt 0.650551 0.501860
vt 0.415623 0.633909
vt 0.416543 0.633816
vt 0.416504 0.634540
vt 0.415623 0.634667
vt 0.089620 0.501690
vt 0.088739 0.501929
vt 0.651027 0.502245
vt 0.169039 0.503286
vt 0.169039 0.502367
vt 0.169920 0.502405
vt 0.169959 0.503286
vt 0.169039 0.501690
vt 0.169920 0.501929
vt 0.427629 0.633909
vt 0.427629 0.634667
vt 0.426748 0.634540
vt 0.426709 0.633816
vt 0.659601 0.901980
vt 0.659601 0.901035
vt 0.660482 0.901144
vt 0.660482 0.901810
vt 0.659601 0.900147
vt 0.660521 0.900292
vt 0.170635 0.503286
vt 0.170396 0.502405
vt 0.660959 0.901425
vt 0.578028 0.625589
vt 0.577108 0.625769
vt 0.555869 0.643906
vt 0.587477 0.625589
vt 0.588397 0.625769
vt 0.425697 0.660546
vt 0.426174 0.659722
vt 0.426174 0.659722
vt 0.426174 0.658765
vt 0.426174 0.658765
vt 0.425697 0.657941
vt 0.650590 0.901835
vt 0.649670 0.901980
vt 0.660521 0.501835
vt 0.659601 0.501690
vt 0.472928 0.658119
vt 0.473404 0.658944
vt 0.473404 0.658944
vt 0.473404 0.659900
vt 0.473404 0.659900
vt 0.472928 0.660725
vt 0.125929 0.501690
vt 0.132730 0.501690
vt 0.486001 0.633261
vt 0.486001 0.634213
vt 0.486001 0.634213
vt 0.513543 0.633261
vt 0.513543 0.633261
vt 0.513296 0.634185
vt 0.513543 0.635105
vt 0.600414 0.643906
vt 0.573350 0.647179
vt 0.212148 0.503287
vt 0.212148 0.502367
vt 0.213029 0.502405
vt 0.213068 0.503287
vt 0.212148 0.501690
vt 0.213029 0.501929
vt 0.492323 0.601067
vt 0.492323 0.600178
vt 0.493205 0.600069
vt 0.493243 0.600922
vt 0.492323 0.599233
vt 0.493205 0.599404
vt 0.492323 0.598492
vt 0.493243 0.598691
vt 0.213745 0.503287
vt 0.213505 0.502405
vt 0.493681 0.599788
vt 0.507221 0.628417
vt 0.508141 0.628562
vt 0.508102 0.629415
vt 0.507221 0.629305
vt 0.218949 0.501690
vt 0.218949 0.502367
vt 0.218068 0.502405
vt 0.218068 0.501929
vt 0.218949 0.503287
vt 0.218029 0.503287
vt 0.217353 0.503287
vt 0.217592 0.502405
vt 0.507221 0.630992
vt 0.507221 0.630250
vt 0.508102 0.630080
vt 0.508141 0.630793
vt 0.508578 0.629696
vt 0.212148 0.916613
vt 0.213068 0.916613
vt 0.213029 0.917494
vt 0.212148 0.917533
vt 0.213745 0.916613
vt 0.213505 0.917494
vt 0.674498 0.504294
vt 0.674498 0.503488
vt 0.675380 0.503339
vt 0.675418 0.504113
vt 0.674498 0.502532
vt 0.675380 0.502666
vt 0.674498 0.501690
vt 0.675418 0.501858
vt 0.212148 0.918209
vt 0.213029 0.917970
vt 0.675856 0.502990
vt 0.218949 0.916613
vt 0.218949 0.917533
vt 0.218068 0.917494
vt 0.218029 0.916613
vt 0.218949 0.918209
vt 0.218068 0.917970
vt 0.670890 0.501690
vt 0.670890 0.502532
vt 0.670009 0.502666
vt 0.669970 0.501858
vt 0.670890 0.503488
vt 0.670009 0.503339
vt 0.670890 0.504294
vt 0.669970 0.504113
vt 0.217353 0.916613
vt 0.217592 0.917494
vt 0.669533 0.502990
vt 0.175840 0.503287
vt 0.174920 0.503287
vt 0.174959 0.502405
vt 0.175840 0.502367
vt 0.605619 0.503167
vt 0.604943 0.503424
vt 0.604904 0.502518
vt 0.605380 0.502337
vt 0.604023 0.503517
vt 0.604023 0.502573
vt 0.604023 0.501690
vt 0.604904 0.501897
vt 0.492323 0.630394
vt 0.493243 0.630249
vt 0.493205 0.630819
vt 0.492323 0.630992
vt 0.175840 0.501690
vt 0.174959 0.501929
vt 0.255258 0.503287
vt 0.255258 0.502367
vt 0.256139 0.502405
vt 0.256178 0.503287
vt 0.255258 0.501690
vt 0.256139 0.501929
vt 0.507221 0.599090
vt 0.507221 0.598492
vt 0.508102 0.598665
vt 0.508141 0.599235
vt 0.621233 0.501690
vt 0.621233 0.502573
vt 0.620352 0.502518
vt 0.620352 0.501897
vt 0.621233 0.503517
vt 0.620313 0.503424
vt 0.619637 0.503167
vt 0.619876 0.502337
vt 0.175840 0.916613
vt 0.175840 0.917533
vt 0.174959 0.917494
vt 0.174920 0.916613
vt 0.175840 0.918209
vt 0.174959 0.917970
vt 0.463843 0.600325
vt 0.463843 0.599437
vt 0.464724 0.599328
vt 0.464763 0.600180
vt 0.463843 0.598492
vt 0.464724 0.598662
vt 0.604023 0.885897
vt 0.604943 0.885803
vt 0.604904 0.886527
vt 0.604023 0.886654
vt 0.174243 0.916613
vt 0.174482 0.917494
vt 0.465201 0.599047
vt 0.255258 0.916613
vt 0.256178 0.916613
vt 0.256139 0.917494
vt 0.255258 0.917533
vt 0.256854 0.916613
vt 0.256615 0.917494
vt 0.621233 0.885897
vt 0.621233 0.886654
vt 0.620352 0.886527
vt 0.620313 0.885803
vt 0.482392 0.629652
vt 0.482392 0.628707
vt 0.483273 0.628817
vt 0.483273 0.629482
vt 0.482392 0.627819
vt 0.483312 0.627964
vt 0.255258 0.918209
vt 0.256139 0.917970
vt 0.483749 0.629098
vt 0.675419 0.784987
vt 0.674499 0.785168
vt 0.555869 0.647515
vt 0.669970 0.784987
vt 0.670890 0.785168
vt 0.464763 0.629507
vt 0.463843 0.629652
vt 0.483312 0.598637
vt 0.482392 0.598492
vt 0.573102 0.638119
vt 0.573350 0.639038
vt 0.573102 0.639962
vt 0.174243 0.503287
vt 0.256854 0.503287
vt 0.555869 0.638454
vt 0.555869 0.638454
vt 0.555622 0.639378
vt 0.555622 0.639378
vt 0.555869 0.640298
vt 0.573350 0.650788
vt 0.298368 0.503287
vt 0.298368 0.502367
vt 0.299249 0.502405
vt 0.299288 0.503287
vt 0.298368 0.501690
vt 0.299249 0.501929
vt 0.503612 0.628417
vt 0.503612 0.629305
vt 0.502731 0.629415
vt 0.502692 0.628562
vt 0.503612 0.630250
vt 0.502731 0.630080
vt 0.503612 0.630992
vt 0.502692 0.630793
vt 0.299964 0.503287
vt 0.299725 0.502405
vt 0.502255 0.629696
vt 0.497289 0.628417
vt 0.498209 0.628562
vt 0.498170 0.629415
vt 0.497289 0.629305
vt 0.305169 0.501690
vt 0.305169 0.502367
vt 0.304288 0.502405
vt 0.304288 0.501929
vt 0.305169 0.503287
vt 0.304249 0.503287
vt 0.303573 0.503287
vt 0.303812 0.502405
vt 0.497289 0.630992
vt 0.497289 0.630250
vt 0.498170 0.630080
vt 0.498209 0.630793
vt 0.498646 0.629696
vt 0.298368 0.916613
vt 0.299288 0.916613
vt 0.299249 0.917494
vt 0.298368 0.917533
vt 0.299964 0.916613
vt 0.299725 0.917494
vt 0.679464 0.504294
vt 0.679464 0.503488
vt 0.680345 0.503339
vt 0.680384 0.504113
vt 0.679464 0.502532
vt 0.680345 0.502666
vt 0.679464 0.501690
vt 0.680384 0.501858
vt 0.298368 0.918209
vt 0.299249 0.917970
vt 0.680821 0.502990
vt 0.305169 0.916613
vt 0.305169 0.917533
vt 0.304288 0.917494
vt 0.304249 0.916613
vt 0.305169 0.918209
vt 0.304288 0.917970
vt 0.665924 0.501690
vt 0.665924 0.502532
vt 0.665043 0.502666
vt 0.665004 0.501858
vt 0.665924 0.503488
vt 0.665043 0.503339
vt 0.665924 0.504294
vt 0.665004 0.504113
vt 0.303573 0.916613
vt 0.303812 0.917494
vt 0.664567 0.502990
vt 0.262059 0.503287
vt 0.261139 0.503287
vt 0.261178 0.502405
vt 0.262059 0.502367
vt 0.616028 0.503167
vt 0.615352 0.503424
vt 0.615313 0.502518
vt 0.615789 0.502337
vt 0.614432 0.503517
vt 0.614432 0.502573
vt 0.614432 0.501690
vt 0.615313 0.501897
vt 0.503612 0.599090
vt 0.502692 0.599235
vt 0.502731 0.598665
vt 0.503612 0.598492
vt 0.262059 0.501690
vt 0.261178 0.501929
vt 0.341477 0.503287
vt 0.341477 0.502367
vt 0.342359 0.502405
vt 0.342397 0.503287
vt 0.341477 0.501690
vt 0.342359 0.501929
vt 0.497289 0.599090
vt 0.497289 0.598492
vt 0.498170 0.598665
vt 0.498209 0.599235
vt 0.610824 0.501690
vt 0.610824 0.502573
vt 0.609942 0.502518
vt 0.609942 0.501897
vt 0.610824 0.503517
vt 0.609904 0.503424
vt 0.609227 0.503167
vt 0.609466 0.502337
vt 0.262059 0.916613
vt 0.262059 0.917533
vt 0.261178 0.917494
vt 0.261139 0.916613
vt 0.262059 0.918209
vt 0.261178 0.917970
vt 0.512186 0.600325
vt 0.512186 0.599437
vt 0.513067 0.599328
vt 0.513106 0.600180
vt 0.512186 0.598492
vt 0.513067 0.598662
vt 0.614432 0.885897
vt 0.615352 0.885803
vt 0.615313 0.886527
vt 0.614432 0.886654
vt 0.260463 0.916613
vt 0.260702 0.917494
vt 0.513543 0.599047
vt 0.341477 0.916613
vt 0.342397 0.916613
vt 0.342359 0.917494
vt 0.341477 0.917533
vt 0.343074 0.916613
vt 0.342835 0.917494
vt 0.610824 0.885897
vt 0.610824 0.886654
vt 0.609942 0.886527
vt 0.609904 0.885803
vt 0.487358 0.629652
vt 0.487358 0.628707
vt 0.488239 0.628817
vt 0.488239 0.629482
vt 0.487358 0.627819
vt 0.488278 0.627964
vt 0.341477 0.918209
vt 0.342359 0.917970
vt 0.488715 0.629098
vt 0.680384 0.784987
vt 0.679464 0.785168
vt 0.555869 0.651123
vt 0.665004 0.784987
vt 0.665924 0.785168
vt 0.600167 0.640298
vt 0.600167 0.640298
vt 0.600414 0.639374
vt 0.600414 0.639374
vt 0.600167 0.638454
vt 0.513106 0.629507
vt 0.512186 0.629652
vt 0.488278 0.598637
vt 0.487358 0.598492
vt 0.260463 0.503287
vt 0.343074 0.503287
vt 0.000000 0.000000
vt 0.111111 0.000000
vt 0.111111 0.111111
vt 0.000000 0.111111
vt 0.222222 0.000000
vt 0.222222 0.111111
vt 0.333333 0.000000
vt 0.333333 0.111111
vt 0.444444 0.000000
vt 0.444444 0.111111
vt 0.555556 0.000000
vt 0.555556 0.111111
vt 0.666667 0.000000
vt 0.666667 0.111111
vt 0.777778 0.000000
vt 0.777778 0.111111
vt 0.888889 0.000000
vt 0.888889 0.111111
vt 1.000000 0.000000
vt 1.000000 0.111111
vt 0.111111 0.222222
vt 0.000000 0.222222
vt 0.222222 0.222222
vt 0.333333 0.222222
vt 0.444444 0.222222
vt 0.555556 0.222222
vt 0.666667 0.222222
vt 0.777778 0.222222
vt 0.888889 0.222222
vt 1.000000 0.222222
vt 0.111111 0.333333
vt 0.000000 0.333333
vt 0.222222 0.333333
vt 0.333333 0.333333
vt 0.444444 0.333333
vt 0.555556 0.333333
vt 0.666667 0.333333
vt 0.777778 0.333333
vt 0.888889 0.333333
vt 1.000000 0.333333
vt 0.111111 0.444444
vt 0.000000 0.444444
vt 0.222222 0.444444
vt 0.333333 0.444444
vt 0.444444 0.444444
vt 0.555556 0.444444
vt 0.666667 0.444444
vt 0.777778 0.444444
vt 0.888889 0.444444
vt 1.000000 0.444444
vt 0.111111 0.555556
vt 0.000000 0.555556
vt 0.222222 0.555556
vt 0.333333 0.555556
vt 0.444444 0.555556
vt 0.555556 0.555556
vt 0.666667 0.555556
vt 0.777778 0.555556
vt 0.888889 0.555556
vt 1.000000 0.555556
vt 0.111111 0.666667
vt 0.000000 0.666667
vt 0.222222 0.666667
vt 0.333333 0.666667
vt 0.444444 0.666667
vt 0.555556 0.666667
vt 0.666667 0.666667
vt 0.777778 0.666667
vt 0.888889 0.666667
vt 1.000000 0.666667
vt 0.111111 0.777778
vt 0.000000 0.777778
vt 0.222222 0.777778
vt 0.333333 0.777778
vt 0.444444 0.777778
vt 0.555556 0.777778
vt 0.666667 0.777778
vt 0.777778 0.777778
vt 0.888889 0.777778
vt 1.000000 0.777778
vt 0.111111 0.888889
vt 0.000000 0.888889
vt 0.222222 0.888889
vt 0.333333 0.888889
vt 0.444444 0.888889
vt 0.555556 0.888889
vt 0.666667 0.888889
vt 0.777778 0.888889
vt 0.888889 0.888889
vt 1.000000 0.888889
vt 0.111111 1.000000
vt 0.000000 1.000000
vt 0.222222 1.000000
vt 0.333333 1.000000
vt 0.444444 1.000000
vt 0.555556 1.000000
vt 0.666667 1.000000
vt 0.777778 1.000000
vt 0.888889 1.000000
vt 1.000000 1.000000
vt 0.454744 0.502158
vt 0.454744 0.501888
vt 0.455002 0.501900
vt 0.455013 0.502158
vt 0.454744 0.501690
vt 0.455002 0.501760
vt 0.478386 0.599246
vt 0.478386 0.598986
vt 0.478644 0.598954
vt 0.478656 0.599203
vt 0.478386 0.598709
vt 0.478644 0.598759
vt 0.478386 0.598492
vt 0.478656 0.598550
vt 0.455211 0.502158
vt 0.455141 0.501900
vt 0.478784 0.598871
vt 0.525163 0.634092
vt 0.525433 0.634134
vt 0.525421 0.634384
vt 0.525163 0.634352
vt 0.458820 0.546016
vt 0.459018 0.546016
vt 0.459029 0.546273
vt 0.458890 0.546273
vt 0.459287 0.546016
vt 0.459287 0.546285
vt 0.459287 0.546483
vt 0.459029 0.546413
vt 0.525163 0.634845
vt 0.525163 0.634629
vt 0.525421 0.634579
vt 0.525433 0.634787
vt 0.525561 0.634466
vt 0.454744 0.546016
vt 0.455013 0.546016
vt 0.455002 0.546273
vt 0.454744 0.546285
vt 0.455211 0.546016
vt 0.455141 0.546273
vt 0.577108 0.630140
vt 0.577108 0.629904
vt 0.577366 0.629860
vt 0.577377 0.630087
vt 0.577108 0.629624
vt 0.577366 0.629663
vt 0.577108 0.629378
vt 0.577377 0.629427
vt 0.454744 0.546483
vt 0.455002 0.546413
vt 0.577505 0.629758
vt 0.503145 0.546016
vt 0.503414 0.546016
vt 0.503403 0.546273
vt 0.503145 0.546285
vt 0.503612 0.546016
vt 0.503542 0.546273
vt 0.581511 0.629378
vt 0.581511 0.629624
vt 0.581253 0.629663
vt 0.581242 0.629427
vt 0.581511 0.629904
vt 0.581253 0.629860
vt 0.581511 0.630140
vt 0.581242 0.630087
vt 0.503145 0.546483
vt 0.503403 0.546413
vt 0.581114 0.629758
vt 0.410886 0.502158
vt 0.410617 0.502158
vt 0.410628 0.501900
vt 0.410886 0.501888
vt 0.439856 0.598924
vt 0.439658 0.599000
vt 0.439647 0.598734
vt 0.439786 0.598682
vt 0.439389 0.599027
vt 0.439389 0.598751
vt 0.439389 0.598492
vt 0.439647 0.598553
vt 0.478386 0.634670
vt 0.478656 0.634628
vt 0.478644 0.634795
vt 0.478386 0.634845
vt 0.410886 0.501690
vt 0.410628 0.501760
vt 0.459287 0.502157
vt 0.459018 0.502157
vt 0.459029 0.501900
vt 0.459287 0.501888
vt 0.458820 0.502157
vt 0.458890 0.501900
vt 0.525163 0.598667
vt 0.525163 0.598492
vt 0.525421 0.598543
vt 0.525433 0.598710
vt 0.443932 0.598492
vt 0.443932 0.598750
vt 0.443674 0.598734
vt 0.443674 0.598553
vt 0.443932 0.599027
vt 0.443663 0.599000
vt 0.443465 0.598924
vt 0.443535 0.598682
vt 0.410886 0.546016
vt 0.410886 0.546285
vt 0.410628 0.546273
vt 0.410617 0.546016
vt 0.410886 0.546483
vt 0.410628 0.546413
vt 0.551616 0.599029
vt 0.551616 0.598769
vt 0.551874 0.598737
vt 0.551885 0.598986
vt 0.551616 0.598492
vt 0.551874 0.598542
vt 0.439389 0.639601
vt 0.439658 0.639574
vt 0.439647 0.639786
vt 0.439389 0.639823
vt 0.410419 0.546016
vt 0.410489 0.546273
vt 0.552013 0.598655
vt 0.503145 0.502158
vt 0.503145 0.501888
vt 0.503403 0.501900
vt 0.503414 0.502158
vt 0.503145 0.501690
vt 0.503403 0.501760
vt 0.443932 0.639601
vt 0.443932 0.639823
vt 0.443674 0.639786
vt 0.443663 0.639574
vt 0.592005 0.634454
vt 0.592005 0.634177
vt 0.592263 0.634209
vt 0.592263 0.634404
vt 0.592005 0.633917
vt 0.592275 0.633959
vt 0.503612 0.502158
vt 0.503542 0.501900
vt 0.592403 0.634291
vt 0.577377 0.659891
vt 0.577108 0.659943
vt 0.573350 0.654396
vt 0.581242 0.659891
vt 0.581511 0.659943
vt 0.551885 0.634411
vt 0.551616 0.634454
vt 0.592275 0.598535
vt 0.592005 0.598492
vt 0.410419 0.502158
vt 0.459287 0.501690
vt 0.424209 0.641696
vt 0.422792 0.641978
vt 0.422792 0.641414
vt 0.421591 0.642216
vt 0.420789 0.642376
vt 0.420789 0.641015
vt 0.421591 0.641175
vt 0.523343 0.662310
vt 0.522693 0.662140
vt 0.522693 0.660906
vt 0.523343 0.660974
vt 0.496265 0.640638
vt 0.496026 0.639437
vt 0.496546 0.639222
vt 0.497227 0.640240
vt 0.523993 0.662140
vt 0.523993 0.660906
vt 0.496424 0.641441
vt 0.497681 0.640920
vt 0.495744 0.638020
vt 0.421990 0.640213
vt 0.423008 0.640893
vt 0.523343 0.659502
vt 0.523993 0.659546
vt 0.497963 0.639503
vt 0.498643 0.639958
vt 0.496945 0.638823
vt 0.421309 0.639758
vt 0.522693 0.659546
vt 0.523343 0.658119
vt 0.523993 0.658269
vt 0.498362 0.638541
vt 0.499164 0.638701
vt 0.497161 0.638302
vt 0.423406 0.640495
vt 0.422271 0.638796
vt 0.422726 0.639476
vt 0.522693 0.658269
vt 0.423927 0.640279
vt 0.423529 0.638275
vt 0.423688 0.639078
vt 0.430514 0.648725
vt 0.431164 0.648927
vt 0.431164 0.650061
vt 0.430514 0.649952
vt 0.497161 0.637739
vt 0.498362 0.637500
vt 0.429864 0.648927
vt 0.429864 0.650061
vt 0.499164 0.637340
vt 0.431164 0.651396
vt 0.430514 0.651397
vt 0.496945 0.637218
vt 0.497963 0.636538
vt 0.424730 0.639078
vt 0.424491 0.640279
vt 0.429864 0.651396
vt 0.498643 0.636083
vt 0.424889 0.638275
vt 0.425692 0.639476
vt 0.425011 0.640495
vt 0.430514 0.652841
vt 0.429864 0.652730
vt 0.497227 0.635801
vt 0.497681 0.635121
vt 0.496546 0.636819
vt 0.426146 0.638796
vt 0.431164 0.652730
vt 0.496265 0.635403
vt 0.496424 0.634600
vt 0.496026 0.636604
vt 0.425410 0.640893
vt 0.427109 0.639758
vt 0.426428 0.640213
vt 0.431164 0.653859
vt 0.430514 0.654063
vt 0.429864 0.653859
vt 0.425626 0.641414
vt 0.427629 0.641015
vt 0.426827 0.641175
vt 0.447358 0.649703
vt 0.446708 0.649458
vt 0.446708 0.648536
vt 0.447358 0.648706
vt 0.495462 0.636604
vt 0.495223 0.635403
vt 0.448008 0.649458
vt 0.448008 0.648536
vt 0.495063 0.634600
vt 0.494941 0.636819
vt 0.494261 0.635801
vt 0.426827 0.642216
vt 0.425626 0.641978
vt 0.447358 0.647370
vt 0.448008 0.647302
vt 0.493806 0.635121
vt 0.427629 0.642376
vt 0.446708 0.647302
vt 0.426428 0.643179
vt 0.425410 0.642498
vt 0.447358 0.645898
vt 0.448008 0.645942
vt 0.493525 0.636538
vt 0.492844 0.636083
vt 0.494543 0.637218
vt 0.427109 0.643633
vt 0.446708 0.645942
vt 0.494327 0.637739
vt 0.425011 0.642897
vt 0.426146 0.644595
vt 0.425692 0.643915
vt 0.446708 0.644665
vt 0.447358 0.644515
vt 0.493126 0.637500
vt 0.448008 0.644665
vt 0.492324 0.637340
vt 0.424889 0.645116
vt 0.424730 0.644314
vt 0.446708 0.643664
vt 0.447358 0.643431
vt 0.494327 0.638302
vt 0.493126 0.638541
vt 0.424491 0.643112
vt 0.448008 0.643664
vt 0.492324 0.638701
vt 0.423688 0.644314
vt 0.423927 0.643112
vt 0.511848 0.655140
vt 0.512498 0.654929
vt 0.512498 0.656122
vt 0.511848 0.656242
vt 0.493525 0.639503
vt 0.492844 0.639958
vt 0.494543 0.638823
vt 0.423529 0.645116
vt 0.513148 0.655140
vt 0.513148 0.656242
vt 0.512498 0.657554
vt 0.511848 0.657565
vt 0.494261 0.640240
vt 0.493806 0.640920
vt 0.494941 0.639221
vt 0.423406 0.642897
vt 0.422271 0.644595
vt 0.422726 0.643915
vt 0.513148 0.657565
vt 0.423008 0.642498
vt 0.421309 0.643633
vt 0.421990 0.643179
vt 0.513148 0.658909
vt 0.512498 0.659009
vt 0.495462 0.639437
vt 0.495223 0.640638
vt 0.511848 0.658909
vt 0.495063 0.641441
vt 0.513148 0.660068
vt 0.512498 0.660264
vt 0.511848 0.660068
vt 0.507688 0.502157
vt 0.507419 0.502157
vt 0.507430 0.501900
vt 0.507688 0.501888
vt 0.507221 0.502157
vt 0.507291 0.501900
vt 0.469206 0.634092
vt 0.469206 0.634352
vt 0.468948 0.634384
vt 0.468937 0.634134
vt 0.469206 0.634629
vt 0.468948 0.634579
vt 0.469206 0.634845
vt 0.468937 0.634787
vt 0.507688 0.501690
vt 0.507430 0.501760
vt 0.468809 0.634466
vt 0.472815 0.634092
vt 0.473084 0.634134
vt 0.473073 0.634384
vt 0.472815 0.634352
vt 0.410886 0.550091
vt 0.410886 0.550289
vt 0.410628 0.550301
vt 0.410628 0.550161
vt 0.410886 0.550558
vt 0.410617 0.550558
vt 0.410419 0.550558
vt 0.410489 0.550301
vt 0.472815 0.634845
vt 0.472815 0.634629
vt 0.473073 0.634579
vt 0.473084 0.634787
vt 0.473212 0.634466
vt 0.551546 0.502157
vt 0.551546 0.501888
vt 0.551804 0.501900
vt 0.551815 0.502157
vt 0.551546 0.501690
vt 0.551804 0.501760
vt 0.573102 0.599254
vt 0.573102 0.599018
vt 0.573360 0.598975
vt 0.573372 0.599201
vt 0.573102 0.598739
vt 0.573360 0.598778
vt 0.573102 0.598492
vt 0.573372 0.598541
vt 0.552013 0.502157
vt 0.551943 0.501900
vt 0.573500 0.598873
vt 0.410886 0.594416
vt 0.410886 0.594686
vt 0.410628 0.594674
vt 0.410617 0.594416
vt 0.410886 0.594884
vt 0.410628 0.594814
vt 0.564030 0.598492
vt 0.564030 0.598739
vt 0.563772 0.598778
vt 0.563761 0.598541
vt 0.564030 0.599018
vt 0.563772 0.598975
vt 0.564030 0.599254
vt 0.563761 0.599201
vt 0.410419 0.594416
vt 0.410489 0.594674
vt 0.563633 0.598873
vt 0.507688 0.546016
vt 0.507688 0.546285
vt 0.507430 0.546273
vt 0.507419 0.546016
vt 0.435781 0.598924
vt 0.435583 0.599000
vt 0.435571 0.598734
vt 0.435711 0.598682
vt 0.435313 0.599027
vt 0.435313 0.598750
vt 0.435313 0.598492
vt 0.435571 0.598553
vt 0.469206 0.598667
vt 0.468937 0.598710
vt 0.468948 0.598543
vt 0.469206 0.598492
vt 0.507221 0.546016
vt 0.507291 0.546273
vt 0.454744 0.550558
vt 0.454744 0.550289
vt 0.455002 0.550301
vt 0.455013 0.550558
vt 0.454744 0.550091
vt 0.455002 0.550161
vt 0.472815 0.598667
vt 0.472815 0.598492
vt 0.473073 0.598543
vt 0.473084 0.598710
vt 0.431705 0.598492
vt 0.431705 0.598750
vt 0.431447 0.598734
vt 0.431447 0.598553
vt 0.431705 0.599027
vt 0.431436 0.599000
vt 0.431238 0.598924
vt 0.431308 0.598682
vt 0.551546 0.546016
vt 0.551815 0.546016
vt 0.551804 0.546273
vt 0.551546 0.546285
vt 0.552013 0.546016
vt 0.551943 0.546273
vt 0.559627 0.599029
vt 0.559627 0.598769
vt 0.559885 0.598737
vt 0.559897 0.598986
vt 0.559627 0.598492
vt 0.559885 0.598542
vt 0.435313 0.639601
vt 0.435583 0.639574
vt 0.435571 0.639786
vt 0.435313 0.639823
vt 0.551546 0.546483
vt 0.551804 0.546413
vt 0.560024 0.598655
vt 0.454744 0.594416
vt 0.455013 0.594416
vt 0.455002 0.594674
vt 0.454744 0.594686
vt 0.455211 0.594416
vt 0.455141 0.594674
vt 0.431705 0.639601
vt 0.431705 0.639823
vt 0.431447 0.639786
vt 0.431436 0.639574
vt 0.547610 0.634454
vt 0.547610 0.634177
vt 0.547868 0.634209
vt 0.547868 0.634404
vt 0.547610 0.633917
vt 0.547879 0.633960
vt 0.454744 0.594884
vt 0.455002 0.594814
vt 0.548007 0.634291
vt 0.573372 0.629005
vt 0.573102 0.629058
vt 0.555869 0.654732
vt 0.563761 0.629005
vt 0.564030 0.629058
vt 0.559897 0.634411
vt 0.559627 0.634454
vt 0.547879 0.598535
vt 0.547610 0.598492
vt 0.507688 0.546483
vt 0.455211 0.550558
vt 0.506714 0.640638
vt 0.506873 0.641441
vt 0.505513 0.641441
vt 0.505672 0.640638
vt 0.421439 0.662131
vt 0.420789 0.661962
vt 0.420789 0.660728
vt 0.421439 0.660795
vt 0.479189 0.642395
vt 0.480390 0.642156
vt 0.480606 0.642677
vt 0.479587 0.643357
vt 0.506475 0.639437
vt 0.505911 0.639437
vt 0.422089 0.661962
vt 0.422089 0.660728
vt 0.478386 0.642555
vt 0.478907 0.643812
vt 0.481807 0.641874
vt 0.506193 0.638020
vt 0.504710 0.640240
vt 0.505390 0.639221
vt 0.421439 0.659324
vt 0.422089 0.659368
vt 0.480324 0.644094
vt 0.479869 0.644774
vt 0.481004 0.643075
vt 0.504256 0.640920
vt 0.420789 0.659368
vt 0.481286 0.644492
vt 0.481126 0.645295
vt 0.481525 0.643291
vt 0.504992 0.638823
vt 0.503293 0.639958
vt 0.503974 0.639503
vt 0.420789 0.658090
vt 0.421439 0.657941
vt 0.422089 0.658090
vt 0.504776 0.638302
vt 0.502773 0.638701
vt 0.503575 0.638541
vt 0.486738 0.654241
vt 0.486088 0.654039
vt 0.486088 0.652905
vt 0.486738 0.653014
vt 0.482088 0.643291
vt 0.482327 0.644492
vt 0.487388 0.654039
vt 0.487388 0.652905
vt 0.482487 0.645295
vt 0.482609 0.643075
vt 0.483290 0.644094
vt 0.503575 0.637500
vt 0.504776 0.637739
vt 0.486738 0.651569
vt 0.487388 0.651570
vt 0.483744 0.644774
vt 0.502773 0.637340
vt 0.486088 0.651570
vt 0.503974 0.636537
vt 0.504992 0.637218
vt 0.486738 0.650125
vt 0.487388 0.650236
vt 0.484026 0.643357
vt 0.484706 0.643812
vt 0.483008 0.642677
vt 0.503293 0.636083
vt 0.486088 0.650236
vt 0.483223 0.642156
vt 0.505390 0.636819
vt 0.504256 0.635121
vt 0.504710 0.635801
vt 0.486088 0.649107
vt 0.486738 0.648903
vt 0.484424 0.642395
vt 0.487388 0.649107
vt 0.485227 0.642555
vt 0.505513 0.634600
vt 0.505672 0.635403
vt 0.461342 0.649703
vt 0.460692 0.649458
vt 0.460692 0.648536
vt 0.461342 0.648706
vt 0.483223 0.641593
vt 0.484425 0.641354
vt 0.505911 0.636604
vt 0.461992 0.649458
vt 0.461992 0.648536
vt 0.485227 0.641194
vt 0.506714 0.635403
vt 0.506475 0.636604
vt 0.461342 0.647370
vt 0.461992 0.647302
vt 0.484026 0.640391
vt 0.484706 0.639937
vt 0.483008 0.641072
vt 0.506873 0.634600
vt 0.460692 0.647302
vt 0.461342 0.645898
vt 0.461992 0.645942
vt 0.483290 0.639655
vt 0.483744 0.638975
vt 0.482609 0.640673
vt 0.506995 0.636819
vt 0.508130 0.635121
vt 0.507676 0.635801
vt 0.460692 0.645942
vt 0.507394 0.637218
vt 0.509093 0.636083
vt 0.508412 0.636537
vt 0.460692 0.644665
vt 0.461342 0.644515
vt 0.482088 0.640458
vt 0.482327 0.639256
vt 0.461992 0.644665
vt 0.482487 0.638454
vt 0.460692 0.643664
vt 0.461342 0.643431
vt 0.481525 0.640458
vt 0.481286 0.639256
vt 0.508811 0.637500
vt 0.507610 0.637739
vt 0.461992 0.643664
vt 0.481126 0.638454
vt 0.509613 0.637340
vt 0.508811 0.638541
vt 0.507610 0.638302
vt 0.431164 0.662795
vt 0.430514 0.663006
vt 0.430514 0.661813
vt 0.431164 0.661693
vt 0.480324 0.639655
vt 0.479869 0.638975
vt 0.481004 0.640673
vt 0.509613 0.638701
vt 0.429864 0.662795
vt 0.429864 0.661693
vt 0.479587 0.640391
vt 0.478907 0.639937
vt 0.480606 0.641072
vt 0.507394 0.638823
vt 0.509093 0.639958
vt 0.508412 0.639503
vt 0.429864 0.660370
vt 0.430514 0.660381
vt 0.431164 0.660370
vt 0.506995 0.639221
vt 0.508130 0.640920
vt 0.507676 0.640240
vt 0.429864 0.659026
vt 0.430514 0.658926
vt 0.480390 0.641593
vt 0.479189 0.641354
vt 0.431164 0.659026
vt 0.478386 0.641194
vt 0.430514 0.657671
vt 0.431164 0.657867
vt 0.429864 0.657867
vt 0.459287 0.550558
vt 0.459018 0.550558
vt 0.459029 0.550301
vt 0.459287 0.550289
vt 0.458820 0.550558
vt 0.458890 0.550301
vt 0.600414 0.634092
vt 0.600414 0.634352
vt 0.600156 0.634384
vt 0.600145 0.634134
vt 0.600414 0.634628
vt 0.600156 0.634579
vt 0.600414 0.634845
vt 0.600145 0.634787
vt 0.459287 0.550091
vt 0.459029 0.550161
vt 0.600017 0.634466
vt 0.517152 0.634092
vt 0.517421 0.634134
vt 0.517410 0.634384
vt 0.517152 0.634352
vt 0.507688 0.550091
vt 0.507688 0.550289
vt 0.507430 0.550301
vt 0.507430 0.550161
vt 0.507688 0.550558
vt 0.507419 0.550558
vt 0.507221 0.550558
vt 0.507291 0.550301
vt 0.517152 0.634845
vt 0.517152 0.634628
vt 0.517410 0.634579
vt 0.517421 0.634787
vt 0.517549 0.634466
vt 0.503145 0.550558
vt 0.503145 0.550289
vt 0.503403 0.550301
vt 0.503414 0.550558
vt 0.503145 0.550091
vt 0.503403 0.550161
vt 0.585120 0.630140
vt 0.585120 0.629904
vt 0.585378 0.629860
vt 0.585389 0.630087
vt 0.585120 0.629624
vt 0.585378 0.629663
vt 0.585120 0.629378
vt 0.585389 0.629427
vt 0.503612 0.550558
vt 0.503542 0.550301
vt 0.585517 0.629758
vt 0.507688 0.594416
vt 0.507688 0.594686
vt 0.507430 0.594674
vt 0.507419 0.594416
vt 0.507688 0.594884
vt 0.507430 0.594814
vt 0.569494 0.632666
vt 0.569494 0.632913
vt 0.569236 0.632952
vt 0.569225 0.632715
vt 0.569494 0.633193
vt 0.569236 0.633149
vt 0.569494 0.633428
vt 0.569225 0.633376
vt 0.507221 0.594416
vt 0.507291 0.594674
vt 0.569097 0.633047
vt 0.459287 0.594416
vt 0.459287 0.594686
vt 0.459029 0.594674
vt 0.459018 0.594416
vt 0.456159 0.598924
vt 0.455961 0.599000
vt 0.455950 0.598734
vt 0.456089 0.598682
vt 0.455692 0.599027
vt 0.455692 0.598750
vt 0.455692 0.598492
vt 0.455950 0.598553
vt 0.600414 0.598667
vt 0.600145 0.598710
vt 0.600156 0.598543
vt 0.600414 0.598492
vt 0.458820 0.594416
vt 0.458890 0.594674
vt 0.551546 0.550558
vt 0.551546 0.550289
vt 0.551804 0.550301
vt 0.551815 0.550558
vt 0.551546 0.550091
vt 0.551804 0.550161
vt 0.517152 0.598667
vt 0.517152 0.598492
vt 0.517410 0.598543
vt 0.517421 0.598710
vt 0.460235 0.598492
vt 0.460235 0.598750
vt 0.459977 0.598734
vt 0.459977 0.598553
vt 0.460235 0.599027
vt 0.459966 0.599000
vt 0.459768 0.598924
vt 0.459838 0.598682
vt 0.503145 0.594416
vt 0.503414 0.594416
vt 0.503403 0.594674
vt 0.503145 0.594686
vt 0.503612 0.594416
vt 0.503542 0.594674
vt 0.543604 0.599029
vt 0.543604 0.598769
vt 0.543862 0.598737
vt 0.543874 0.598986
vt 0.543604 0.598492
vt 0.543862 0.598542
vt 0.455692 0.639601
vt 0.455961 0.639574
vt 0.455950 0.639786
vt 0.455692 0.639823
vt 0.503145 0.594884
vt 0.503403 0.594814
vt 0.544002 0.598655
vt 0.551546 0.594416
vt 0.551815 0.594416
vt 0.551804 0.594674
vt 0.551546 0.594686
vt 0.552013 0.594416
vt 0.551943 0.594674
vt 0.460235 0.639601
vt 0.460235 0.639823
vt 0.459977 0.639786
vt 0.459966 0.639574
vt 0.533175 0.634454
vt 0.533175 0.634177
vt 0.533433 0.634209
vt 0.533433 0.634404
vt 0.533175 0.633917
vt 0.533444 0.633959
vt 0.551546 0.594884
vt 0.551804 0.594814
vt 0.533572 0.634291
vt 0.585389 0.659891
vt 0.585120 0.659943
vt 0.573350 0.658005
vt 0.569225 0.663179
vt 0.569494 0.663232
vt 0.543874 0.634411
vt 0.543604 0.634454
vt 0.533444 0.598535
vt 0.533175 0.598492
vt 0.459287 0.594884
vt 0.552013 0.550558
vt 0.469237 0.662140
vt 0.468587 0.662310
vt 0.468587 0.660974
vt 0.469237 0.660906
vt 0.467937 0.642555
vt 0.468740 0.642395
vt 0.469138 0.643357
vt 0.468458 0.643812
vt 0.469941 0.642156
vt 0.471358 0.641874
vt 0.470156 0.642677
vt 0.548593 0.641482
vt 0.548874 0.642899
vt 0.548311 0.642899
vt 0.549113 0.644100
vt 0.549273 0.644903
vt 0.547912 0.644903
vt 0.548072 0.644100
vt 0.467937 0.662140
vt 0.467937 0.660906
vt 0.547790 0.642683
vt 0.546655 0.644382
vt 0.547110 0.643702
vt 0.467937 0.659547
vt 0.468587 0.659502
vt 0.470555 0.643075
vt 0.469875 0.644094
vt 0.469237 0.659547
vt 0.469420 0.644774
vt 0.471076 0.643291
vt 0.470837 0.644492
vt 0.546373 0.642965
vt 0.547392 0.642285
vt 0.468587 0.658119
vt 0.469237 0.658269
vt 0.470677 0.645295
vt 0.545693 0.643420
vt 0.467937 0.658269
vt 0.545975 0.642003
vt 0.547176 0.641764
vt 0.448008 0.658447
vt 0.447358 0.658650
vt 0.447358 0.657422
vt 0.448008 0.657313
vt 0.471878 0.644492
vt 0.472038 0.645295
vt 0.471639 0.643291
vt 0.545172 0.642163
vt 0.446708 0.658447
vt 0.446708 0.657313
vt 0.472160 0.643075
vt 0.547176 0.641200
vt 0.545172 0.640802
vt 0.545975 0.640962
vt 0.446708 0.655978
vt 0.447358 0.655977
vt 0.472840 0.644094
vt 0.448008 0.655978
vt 0.473295 0.644774
vt 0.545693 0.639545
vt 0.546373 0.639999
vt 0.446708 0.654644
vt 0.447358 0.654534
vt 0.472559 0.642677
vt 0.473577 0.643357
vt 0.547392 0.640680
vt 0.448008 0.654644
vt 0.474257 0.643812
vt 0.547110 0.639263
vt 0.547790 0.640281
vt 0.447358 0.653312
vt 0.448008 0.653515
vt 0.473975 0.642395
vt 0.474778 0.642555
vt 0.472774 0.642156
vt 0.546655 0.638583
vt 0.446708 0.653515
vt 0.513148 0.651076
vt 0.512498 0.651321
vt 0.512498 0.650324
vt 0.513148 0.650154
vt 0.473975 0.641354
vt 0.474778 0.641194
vt 0.472774 0.641593
vt 0.548311 0.640066
vt 0.547912 0.638062
vt 0.548072 0.638864
vt 0.511848 0.651076
vt 0.511848 0.650154
vt 0.548874 0.640066
vt 0.549273 0.638062
vt 0.549113 0.638864
vt 0.511848 0.648920
vt 0.512498 0.648987
vt 0.472559 0.641072
vt 0.473577 0.640391
vt 0.513148 0.648920
vt 0.474257 0.639937
vt 0.511848 0.647560
vt 0.512498 0.647516
vt 0.472160 0.640673
vt 0.472840 0.639655
vt 0.550076 0.639263
vt 0.549395 0.640281
vt 0.513148 0.647560
vt 0.473295 0.638975
vt 0.550530 0.638583
vt 0.550812 0.639999
vt 0.549794 0.640680
vt 0.512498 0.646133
vt 0.513148 0.646283
vt 0.471878 0.639257
vt 0.472038 0.638454
vt 0.471639 0.640458
vt 0.551492 0.639545
vt 0.511848 0.646283
vt 0.470837 0.639256
vt 0.470677 0.638454
vt 0.471076 0.640458
vt 0.550009 0.641200
vt 0.552013 0.640802
vt 0.551211 0.640962
vt 0.511848 0.645281
vt 0.512498 0.645049
vt 0.513148 0.645281
vt 0.550009 0.641764
vt 0.552013 0.642163
vt 0.551211 0.642003
vt 0.590218 0.663062
vt 0.589568 0.662851
vt 0.589568 0.661749
vt 0.590218 0.661869
vt 0.470555 0.640673
vt 0.469875 0.639655
vt 0.590868 0.662851
vt 0.590868 0.661749
vt 0.469420 0.638975
vt 0.470156 0.641072
vt 0.469138 0.640391
vt 0.550812 0.642965
vt 0.549794 0.642285
vt 0.590218 0.660437
vt 0.590868 0.660426
vt 0.468458 0.639937
vt 0.551492 0.643420
vt 0.589568 0.660426
vt 0.550076 0.643702
vt 0.549395 0.642683
vt 0.590218 0.658982
vt 0.590868 0.659082
vt 0.468740 0.641354
vt 0.467937 0.641194
vt 0.469941 0.641593
vt 0.550530 0.644382
vt 0.589568 0.659082
vt 0.589568 0.657923
vt 0.590218 0.657727
vt 0.590868 0.657923
vt 0.599947 0.550558
vt 0.599947 0.550289
vt 0.600205 0.550301
vt 0.600216 0.550558
vt 0.599947 0.550091
vt 0.600205 0.550161
vt 0.556019 0.634092
vt 0.556019 0.634352
vt 0.555761 0.634384
vt 0.555750 0.634134
vt 0.556019 0.634629
vt 0.555761 0.634579
vt 0.556019 0.634845
vt 0.555750 0.634787
vt 0.600414 0.550558
vt 0.600344 0.550301
vt 0.555622 0.634466
vt 0.521158 0.634092
vt 0.521427 0.634134
vt 0.521416 0.634384
vt 0.521158 0.634352
vt 0.555622 0.546016
vt 0.555820 0.546016
vt 0.555831 0.546273
vt 0.555692 0.546273
vt 0.556089 0.546016
vt 0.556089 0.546285
vt 0.556089 0.546483
vt 0.555831 0.546413
vt 0.521158 0.634845
vt 0.521158 0.634629
vt 0.521416 0.634579
vt 0.521427 0.634787
vt 0.521555 0.634466
vt 0.599947 0.594416
vt 0.600216 0.594416
vt 0.600205 0.594674
vt 0.599947 0.594686
vt 0.600414 0.594416
vt 0.600344 0.594674
vt 0.569097 0.599254
vt 0.569097 0.599019
vt 0.569355 0.598975
vt 0.569366 0.599202
vt 0.569097 0.598739
vt 0.569355 0.598778
vt 0.569097 0.598492
vt 0.569366 0.598541
vt 0.599947 0.594884
vt 0.600205 0.594814
vt 0.569494 0.598873
vt 0.599947 0.546016
vt 0.600216 0.546016
vt 0.600205 0.546273
vt 0.599947 0.546285
vt 0.600414 0.546016
vt 0.600344 0.546273
vt 0.538538 0.629378
vt 0.538538 0.629624
vt 0.538280 0.629663
vt 0.538269 0.629427
vt 0.538538 0.629904
vt 0.538280 0.629860
vt 0.538538 0.630140
vt 0.538269 0.630087
vt 0.599947 0.546483
vt 0.600205 0.546413
vt 0.538141 0.629758
vt 0.556089 0.550558
vt 0.555820 0.550558
vt 0.555831 0.550301
vt 0.556089 0.550289
vt 0.448008 0.598924
vt 0.447810 0.599000
vt 0.447798 0.598734
vt 0.447938 0.598682
vt 0.447541 0.599027
vt 0.447541 0.598750
vt 0.447541 0.598492
vt 0.447798 0.598553
vt 0.556019 0.598667
vt 0.555750 0.598710
vt 0.555761 0.598543
vt 0.556019 0.598492
vt 0.556089 0.550091
vt 0.555831 0.550161
vt 0.556089 0.502157
vt 0.555820 0.502157
vt 0.555831 0.501900
vt 0.556089 0.501888
vt 0.555622 0.502157
vt 0.555692 0.501900
vt 0.521158 0.598667
vt 0.521158 0.598492
vt 0.521416 0.598543
vt 0.521427 0.598710
vt 0.452083 0.598492
vt 0.452083 0.598750
vt 0.451826 0.598734
vt 0.451826 0.598553
vt 0.452083 0.599027
vt 0.451814 0.599000
vt 0.451616 0.598924
vt 0.451686 0.598682
vt 0.556089 0.594416
vt 0.556089 0.594686
vt 0.555831 0.594674
vt 0.555820 0.594416
vt 0.556089 0.594884
vt 0.555831 0.594814
vt 0.529169 0.599029
vt 0.529169 0.598769
vt 0.529427 0.598737
vt 0.529438 0.598986
vt 0.529169 0.598492
vt 0.529427 0.598542
vt 0.447541 0.639601
vt 0.447810 0.639574
vt 0.447798 0.639786
vt 0.447541 0.639823
vt 0.555622 0.594416
vt 0.555692 0.594674
vt 0.529566 0.598655
vt 0.599947 0.502157
vt 0.599947 0.501888
vt 0.600205 0.501900
vt 0.600216 0.502157
vt 0.599947 0.501690
vt 0.600205 0.501760
vt 0.452083 0.639601
vt 0.452083 0.639823
vt 0.451826 0.639786
vt 0.451814 0.639574
vt 0.596011 0.634454
vt 0.596011 0.634177
vt 0.596269 0.634209
vt 0.596269 0.634404
vt 0.596011 0.633917
vt 0.596280 0.633960
vt 0.600414 0.502157
vt 0.600344 0.501900
vt 0.596408 0.634291
vt 0.569366 0.629005
vt 0.569097 0.629058
vt 0.555869 0.658340
vt 0.538269 0.659891
vt 0.538538 0.659943
vt 0.529438 0.634411
vt 0.529169 0.634454
vt 0.596280 0.598535
vt 0.596011 0.598492
vt 0.555622 0.550558
vt 0.556089 0.501690
vt 0.519084 0.662140
vt 0.518434 0.662310
vt 0.518434 0.660974
vt 0.519084 0.660906
vt 0.593668 0.644903
vt 0.593509 0.644100
vt 0.594471 0.643702
vt 0.594925 0.644382
vt 0.593270 0.642899
vt 0.592988 0.641482
vt 0.593790 0.642683
vt 0.520572 0.641874
vt 0.519156 0.642156
vt 0.519156 0.641593
vt 0.517954 0.642395
vt 0.517152 0.642555
vt 0.517152 0.641194
vt 0.517954 0.641354
vt 0.517784 0.662140
vt 0.517784 0.660906
vt 0.519371 0.641072
vt 0.517673 0.639937
vt 0.518353 0.640391
vt 0.517784 0.659546
vt 0.518434 0.659502
vt 0.594189 0.642285
vt 0.595207 0.642965
vt 0.519084 0.659546
vt 0.595887 0.643420
vt 0.594405 0.641764
vt 0.595606 0.642003
vt 0.519089 0.639655
vt 0.519770 0.640673
vt 0.518434 0.658119
vt 0.519084 0.658269
vt 0.596408 0.642163
vt 0.518635 0.638975
vt 0.517784 0.658269
vt 0.520052 0.639256
vt 0.520290 0.640458
vt 0.461992 0.658447
vt 0.461342 0.658650
vt 0.461342 0.657423
vt 0.461992 0.657313
vt 0.595606 0.640962
vt 0.596408 0.640802
vt 0.594405 0.641201
vt 0.519892 0.638454
vt 0.460692 0.658447
vt 0.460692 0.657313
vt 0.594189 0.640680
vt 0.520854 0.640458
vt 0.521253 0.638454
vt 0.521093 0.639256
vt 0.460692 0.655978
vt 0.461342 0.655977
vt 0.595207 0.640000
vt 0.461992 0.655978
vt 0.595887 0.639545
vt 0.522510 0.638975
vt 0.522055 0.639655
vt 0.460692 0.654644
vt 0.461342 0.654534
vt 0.593790 0.640281
vt 0.594471 0.639263
vt 0.521375 0.640673
vt 0.461992 0.654644
vt 0.594925 0.638583
vt 0.522792 0.640391
vt 0.521773 0.641072
vt 0.461342 0.653312
vt 0.461992 0.653515
vt 0.593509 0.638865
vt 0.593668 0.638062
vt 0.593270 0.640066
vt 0.523472 0.639937
vt 0.460692 0.653515
vt 0.599943 0.654538
vt 0.599293 0.654783
vt 0.599293 0.653786
vt 0.599943 0.653616
vt 0.592467 0.638865
vt 0.592308 0.638062
vt 0.592706 0.640066
vt 0.521989 0.641593
vt 0.523993 0.641194
vt 0.523190 0.641354
vt 0.598643 0.654538
vt 0.598643 0.653616
vt 0.521989 0.642156
vt 0.523993 0.642555
vt 0.523190 0.642395
vt 0.598643 0.652382
vt 0.599293 0.652449
vt 0.592185 0.640281
vt 0.591505 0.639263
vt 0.599943 0.652382
vt 0.591050 0.638583
vt 0.598643 0.651022
vt 0.599293 0.650978
vt 0.591787 0.640680
vt 0.590769 0.640000
vt 0.522792 0.643357
vt 0.521773 0.642677
vt 0.599943 0.651022
vt 0.590088 0.639545
vt 0.523472 0.643812
vt 0.522055 0.644094
vt 0.521375 0.643075
vt 0.599293 0.649595
vt 0.599943 0.649745
vt 0.590370 0.640962
vt 0.589568 0.640802
vt 0.591571 0.641201
vt 0.522510 0.644774
vt 0.598643 0.649745
vt 0.590370 0.642003
vt 0.589568 0.642163
vt 0.591571 0.641764
vt 0.520854 0.643291
vt 0.521253 0.645295
vt 0.521093 0.644492
vt 0.598643 0.648743
vt 0.599293 0.648511
vt 0.599943 0.648743
vt 0.520290 0.643291
vt 0.519892 0.645295
vt 0.520052 0.644492
vt 0.486738 0.663184
vt 0.486088 0.662973
vt 0.486088 0.661872
vt 0.486738 0.661992
vt 0.591787 0.642285
vt 0.590769 0.642965
vt 0.487388 0.662973
vt 0.487388 0.661872
vt 0.590088 0.643420
vt 0.592185 0.642683
vt 0.591505 0.643702
vt 0.519089 0.644094
vt 0.519770 0.643075
vt 0.486738 0.660559
vt 0.487388 0.660548
vt 0.591050 0.644382
vt 0.518635 0.644774
vt 0.486088 0.660548
vt 0.518353 0.643357
vt 0.519371 0.642677
vt 0.486738 0.659105
vt 0.487388 0.659205
vt 0.592467 0.644100
vt 0.592308 0.644903
vt 0.592706 0.642899
vt 0.517673 0.643812
vt 0.486088 0.659205
vt 0.486088 0.658045
vt 0.486738 0.657850
vt 0.487388 0.658045
vt 0.530335 0.653278
vt 0.530335 0.652722
vt 0.531310 0.652500
vt 0.531551 0.653000
vt 0.530335 0.651722
vt 0.530335 0.650474
vt 0.530876 0.651598
vt 0.549280 0.652563
vt 0.549280 0.653564
vt 0.548304 0.653341
vt 0.548738 0.652439
vt 0.599943 0.669828
vt 0.599367 0.669828
vt 0.599367 0.668682
vt 0.599943 0.668682
vt 0.549280 0.651315
vt 0.549280 0.654119
vt 0.548063 0.653841
vt 0.548304 0.652093
vt 0.547087 0.653063
vt 0.547522 0.652717
vt 0.532093 0.651876
vt 0.532527 0.652222
vt 0.531310 0.651252
vt 0.599367 0.667435
vt 0.599943 0.667435
vt 0.532527 0.650974
vt 0.533068 0.651098
vt 0.531551 0.650752
vt 0.547087 0.651815
vt 0.548063 0.651593
vt 0.599367 0.666335
vt 0.599943 0.666335
vt 0.546546 0.651939
vt 0.547087 0.650815
vt 0.548063 0.651037
vt 0.429864 0.666614
vt 0.430440 0.666614
vt 0.430440 0.667769
vt 0.429864 0.667769
vt 0.531551 0.650196
vt 0.532527 0.649974
vt 0.546546 0.650691
vt 0.533068 0.649850
vt 0.547522 0.649913
vt 0.548304 0.650537
vt 0.430440 0.669014
vt 0.429864 0.669014
vt 0.531310 0.649696
vt 0.532093 0.649072
vt 0.547087 0.649567
vt 0.532527 0.648726
vt 0.530876 0.649350
vt 0.531310 0.648448
vt 0.548738 0.650191
vt 0.548063 0.648789
vt 0.548304 0.649289
vt 0.531551 0.647948
vt 0.430440 0.670104
vt 0.429864 0.670104
vt 0.549280 0.650067
vt 0.549280 0.648511
vt 0.549280 0.649067
vt 0.530335 0.648225
vt 0.530335 0.647670
vt 0.530335 0.649226
vt 0.560203 0.670023
vt 0.559627 0.670023
vt 0.559627 0.669204
vt 0.560203 0.669204
vt 0.550496 0.648789
vt 0.550255 0.649289
vt 0.529359 0.648448
vt 0.529118 0.647948
vt 0.529793 0.649350
vt 0.549821 0.650191
vt 0.559627 0.668057
vt 0.560203 0.668057
vt 0.529359 0.649696
vt 0.551037 0.649913
vt 0.550255 0.650537
vt 0.559627 0.666811
vt 0.560203 0.666811
vt 0.528577 0.649072
vt 0.551472 0.649567
vt 0.528143 0.648726
vt 0.551472 0.650815
vt 0.550496 0.651037
vt 0.559627 0.665711
vt 0.560203 0.665711
vt 0.529118 0.650196
vt 0.528143 0.649974
vt 0.552013 0.650691
vt 0.527601 0.649850
vt 0.452899 0.666198
vt 0.452323 0.666198
vt 0.452323 0.665350
vt 0.452899 0.665350
vt 0.529118 0.650752
vt 0.528143 0.650974
vt 0.550496 0.651593
vt 0.552013 0.651939
vt 0.551472 0.651815
vt 0.527601 0.651098
vt 0.550255 0.652093
vt 0.551472 0.653063
vt 0.551037 0.652717
vt 0.528577 0.651876
vt 0.528143 0.652222
vt 0.529359 0.651252
vt 0.452323 0.664189
vt 0.452899 0.664189
vt 0.549821 0.652439
vt 0.550496 0.653841
vt 0.550255 0.653341
vt 0.529359 0.652500
vt 0.529118 0.653000
vt 0.529793 0.651598
vt 0.452323 0.662945
vt 0.452899 0.662945
vt 0.452323 0.661864
vt 0.452899 0.661864
vt 0.592301 0.652563
vt 0.592301 0.653564
vt 0.591326 0.653341
vt 0.591760 0.652439
vt 0.528884 0.669596
vt 0.528308 0.669596
vt 0.528308 0.668449
vt 0.528884 0.668449
vt 0.423522 0.653777
vt 0.423522 0.652776
vt 0.424064 0.652653
vt 0.424498 0.653554
vt 0.592301 0.651315
vt 0.592301 0.654119
vt 0.591085 0.653841
vt 0.423522 0.654332
vt 0.424739 0.654055
vt 0.423522 0.651528
vt 0.424498 0.652306
vt 0.590543 0.652717
vt 0.591326 0.652093
vt 0.528308 0.667203
vt 0.528884 0.667203
vt 0.425280 0.652930
vt 0.590109 0.653063
vt 0.425714 0.653277
vt 0.590109 0.651815
vt 0.591085 0.651593
vt 0.528308 0.666102
vt 0.528884 0.666102
vt 0.424739 0.651806
vt 0.425714 0.652029
vt 0.589568 0.651939
vt 0.426256 0.652152
vt 0.435889 0.673297
vt 0.435313 0.673297
vt 0.435313 0.672143
vt 0.435889 0.672143
vt 0.424739 0.651251
vt 0.425714 0.651028
vt 0.591085 0.651037
vt 0.589568 0.650691
vt 0.590109 0.650815
vt 0.426256 0.650905
vt 0.591326 0.650537
vt 0.590109 0.649567
vt 0.590543 0.649913
vt 0.425280 0.650127
vt 0.425714 0.649780
vt 0.424498 0.650750
vt 0.435313 0.670897
vt 0.435889 0.670897
vt 0.591760 0.650191
vt 0.591085 0.648789
vt 0.591326 0.649289
vt 0.424498 0.649503
vt 0.424739 0.649002
vt 0.424064 0.650404
vt 0.435313 0.669807
vt 0.435889 0.669807
vt 0.423522 0.649280
vt 0.423522 0.648725
vt 0.423522 0.650281
vt 0.592301 0.649067
vt 0.592301 0.650067
vt 0.513148 0.668184
vt 0.512572 0.668184
vt 0.512572 0.667365
vt 0.513148 0.667365
vt 0.592301 0.648511
vt 0.593277 0.649289
vt 0.592843 0.650191
vt 0.512572 0.666219
vt 0.513148 0.666219
vt 0.422981 0.650404
vt 0.422547 0.649503
vt 0.593518 0.648789
vt 0.422306 0.649002
vt 0.594059 0.649913
vt 0.593277 0.650537
vt 0.512572 0.664972
vt 0.513148 0.664972
vt 0.422547 0.650750
vt 0.421764 0.650127
vt 0.594493 0.649567
vt 0.421330 0.649780
vt 0.422306 0.651251
vt 0.421330 0.651028
vt 0.593518 0.651037
vt 0.595035 0.650691
vt 0.594493 0.650815
vt 0.420789 0.650905
vt 0.512572 0.663872
vt 0.513148 0.663872
vt 0.593518 0.651593
vt 0.595035 0.651939
vt 0.594493 0.651815
vt 0.421330 0.652029
vt 0.420789 0.652152
vt 0.422306 0.651806
vt 0.461992 0.666593
vt 0.461416 0.666593
vt 0.461416 0.665745
vt 0.461992 0.665745
vt 0.594493 0.653063
vt 0.594059 0.652717
vt 0.421764 0.652930
vt 0.421330 0.653277
vt 0.422547 0.652306
vt 0.593277 0.652093
vt 0.461416 0.664584
vt 0.461992 0.664584
vt 0.422981 0.652653
vt 0.593277 0.653341
vt 0.592843 0.652439
vt 0.461416 0.663339
vt 0.461992 0.663339
vt 0.422547 0.653554
vt 0.593518 0.653841
vt 0.422306 0.654055
vt 0.461416 0.662258
vt 0.461992 0.662258
vt 0.414447 0.641079
vt 0.413905 0.642203
vt 0.413471 0.641857
vt 0.413471 0.643105
vt 0.413230 0.643605
vt 0.412254 0.642827
vt 0.412689 0.642481
vt 0.531551 0.643784
vt 0.531310 0.643284
vt 0.532093 0.642660
vt 0.532527 0.643006
vt 0.530876 0.642382
vt 0.530335 0.641258
vt 0.531310 0.642036
vt 0.422089 0.669233
vt 0.421513 0.669233
vt 0.421513 0.668087
vt 0.422089 0.668087
vt 0.413230 0.641357
vt 0.411713 0.641703
vt 0.412254 0.641580
vt 0.532527 0.641758
vt 0.533068 0.641882
vt 0.531551 0.641535
vt 0.421513 0.666840
vt 0.422089 0.666840
vt 0.413230 0.640802
vt 0.411713 0.640455
vt 0.412254 0.640579
vt 0.532527 0.640757
vt 0.533068 0.640634
vt 0.531551 0.640980
vt 0.421513 0.665740
vt 0.422089 0.665740
vt 0.532093 0.639856
vt 0.532527 0.639510
vt 0.531310 0.640480
vt 0.412689 0.639677
vt 0.413471 0.640301
vt 0.447284 0.673692
vt 0.446708 0.673692
vt 0.446708 0.672537
vt 0.447284 0.672537
vt 0.412254 0.639331
vt 0.413471 0.639053
vt 0.413905 0.639955
vt 0.446708 0.671292
vt 0.447284 0.671292
vt 0.530876 0.640134
vt 0.531310 0.639232
vt 0.413230 0.638553
vt 0.531551 0.638732
vt 0.414447 0.638831
vt 0.414447 0.639831
vt 0.446708 0.670202
vt 0.447284 0.670202
vt 0.530335 0.640010
vt 0.530335 0.639009
vt 0.414447 0.638275
vt 0.530335 0.638454
vt 0.529793 0.640134
vt 0.529359 0.639232
vt 0.414988 0.639955
vt 0.415663 0.638553
vt 0.415422 0.639053
vt 0.529118 0.638732
vt 0.501268 0.667794
vt 0.500692 0.667794
vt 0.500692 0.666975
vt 0.501268 0.666975
vt 0.415422 0.640301
vt 0.416639 0.639331
vt 0.416204 0.639677
vt 0.528577 0.639856
vt 0.528143 0.639510
vt 0.529359 0.640480
vt 0.500692 0.665828
vt 0.501268 0.665828
vt 0.417180 0.640455
vt 0.416639 0.640579
vt 0.528143 0.640757
vt 0.527601 0.640634
vt 0.529118 0.640980
vt 0.415663 0.640802
vt 0.500692 0.664582
vt 0.501268 0.664582
vt 0.529118 0.641535
vt 0.416639 0.641580
vt 0.415663 0.641357
vt 0.500692 0.663482
vt 0.501268 0.663482
vt 0.528143 0.641758
vt 0.417180 0.641703
vt 0.527601 0.641882
vt 0.416204 0.642481
vt 0.415422 0.641857
vt 0.482480 0.662454
vt 0.481904 0.662454
vt 0.481904 0.661606
vt 0.482480 0.661606
vt 0.529359 0.642036
vt 0.528577 0.642660
vt 0.416639 0.642827
vt 0.528143 0.643006
vt 0.481904 0.660445
vt 0.482480 0.660445
vt 0.529793 0.642382
vt 0.529359 0.643284
vt 0.414988 0.642203
vt 0.415663 0.643605
vt 0.415422 0.643105
vt 0.529118 0.643784
vt 0.414447 0.642327
vt 0.414447 0.643883
vt 0.414447 0.643328
vt 0.530335 0.643506
vt 0.530335 0.644062
vt 0.530335 0.642506
vt 0.481904 0.659201
vt 0.482480 0.659201
vt 0.481904 0.658119
vt 0.482480 0.658119
vt 0.469695 0.652485
vt 0.468913 0.653109
vt 0.468479 0.652207
vt 0.469454 0.651985
vt 0.417180 0.669417
vt 0.416604 0.669417
vt 0.416604 0.668271
vt 0.417180 0.668271
vt 0.481504 0.653109
vt 0.480722 0.652485
vt 0.480963 0.651985
vt 0.481938 0.652207
vt 0.470671 0.651707
vt 0.468479 0.653455
vt 0.467937 0.652331
vt 0.481938 0.653455
vt 0.482480 0.652331
vt 0.479746 0.651707
vt 0.480963 0.651429
vt 0.468479 0.651207
vt 0.469454 0.651429
vt 0.416604 0.667024
vt 0.417180 0.667024
vt 0.481938 0.651207
vt 0.467937 0.651083
vt 0.482480 0.651083
vt 0.468913 0.650305
vt 0.469695 0.650929
vt 0.416604 0.665924
vt 0.417180 0.665924
vt 0.480722 0.650929
vt 0.481504 0.650305
vt 0.468479 0.649959
vt 0.481938 0.649959
vt 0.546546 0.666944
vt 0.547122 0.666944
vt 0.547122 0.668098
vt 0.546546 0.668098
vt 0.480288 0.650583
vt 0.480722 0.649681
vt 0.470129 0.650583
vt 0.469454 0.649181
vt 0.469695 0.649681
vt 0.480963 0.649181
vt 0.470671 0.650459
vt 0.470671 0.648903
vt 0.470671 0.649458
vt 0.479746 0.649458
vt 0.479746 0.648903
vt 0.479746 0.650459
vt 0.547122 0.669344
vt 0.546546 0.669344
vt 0.471212 0.650583
vt 0.471887 0.649181
vt 0.471646 0.649681
vt 0.478771 0.649681
vt 0.478530 0.649181
vt 0.479205 0.650583
vt 0.547122 0.670434
vt 0.546546 0.670434
vt 0.477988 0.650305
vt 0.477554 0.649959
vt 0.478771 0.650929
vt 0.472429 0.650305
vt 0.471646 0.650929
vt 0.505453 0.667794
vt 0.504877 0.667794
vt 0.504877 0.666975
vt 0.505453 0.666975
vt 0.472863 0.649959
vt 0.472863 0.651207
vt 0.471887 0.651429
vt 0.504877 0.665828
vt 0.505453 0.665828
vt 0.478530 0.651429
vt 0.477554 0.651207
vt 0.473404 0.651083
vt 0.477013 0.651083
vt 0.472863 0.652207
vt 0.471887 0.651985
vt 0.504877 0.664582
vt 0.505453 0.664582
vt 0.478530 0.651985
vt 0.477554 0.652207
vt 0.473404 0.652331
vt 0.477013 0.652331
vt 0.478771 0.652485
vt 0.477988 0.653109
vt 0.471646 0.652485
vt 0.472863 0.653455
vt 0.472429 0.653109
vt 0.477554 0.653455
vt 0.504877 0.663482
vt 0.505453 0.663482
vt 0.471212 0.652831
vt 0.471887 0.654233
vt 0.471646 0.653733
vt 0.478771 0.653733
vt 0.478530 0.654233
vt 0.479205 0.652831
vt 0.435889 0.666198
vt 0.435313 0.666198
vt 0.435313 0.665350
vt 0.435889 0.665350
vt 0.470671 0.654511
vt 0.470671 0.653955
vt 0.479746 0.653955
vt 0.479746 0.654511
vt 0.479746 0.652955
vt 0.470671 0.652955
vt 0.435313 0.664189
vt 0.435889 0.664189
vt 0.480288 0.652831
vt 0.469695 0.653733
vt 0.470129 0.652831
vt 0.435313 0.662945
vt 0.435889 0.662945
vt 0.480722 0.653733
vt 0.469454 0.654233
vt 0.480963 0.654233
vt 0.435313 0.661864
vt 0.435889 0.661864
vt 0.439264 0.646513
vt 0.440239 0.646736
vt 0.439805 0.647637
vt 0.439023 0.647013
vt 0.481773 0.669556
vt 0.481197 0.669556
vt 0.481197 0.668409
vt 0.481773 0.668409
vt 0.452158 0.646736
vt 0.453133 0.646513
vt 0.453374 0.647013
vt 0.452592 0.647637
vt 0.438047 0.646235
vt 0.440781 0.646859
vt 0.440239 0.647983
vt 0.451616 0.646859
vt 0.452158 0.647983
vt 0.454350 0.646235
vt 0.439023 0.648261
vt 0.438588 0.647360
vt 0.481197 0.667163
vt 0.481773 0.667163
vt 0.453808 0.647360
vt 0.453374 0.648261
vt 0.439264 0.648761
vt 0.453133 0.648761
vt 0.438047 0.648484
vt 0.438047 0.647483
vt 0.481197 0.666063
vt 0.481773 0.666063
vt 0.454350 0.647483
vt 0.454350 0.648484
vt 0.438047 0.649039
vt 0.454350 0.649039
vt 0.454891 0.647360
vt 0.455325 0.648261
vt 0.437506 0.647360
vt 0.436830 0.648761
vt 0.437071 0.648261
vt 0.455566 0.648761
vt 0.569494 0.670331
vt 0.568918 0.670331
vt 0.568918 0.669176
vt 0.569494 0.669176
vt 0.437071 0.647013
vt 0.435855 0.647983
vt 0.436289 0.647637
vt 0.456108 0.647637
vt 0.456542 0.647983
vt 0.455325 0.647013
vt 0.568918 0.667931
vt 0.569494 0.667931
vt 0.435313 0.646859
vt 0.435855 0.646736
vt 0.456542 0.646736
vt 0.457083 0.646859
vt 0.455566 0.646513
vt 0.436830 0.646513
vt 0.568918 0.666840
vt 0.569494 0.666840
vt 0.455566 0.645958
vt 0.435855 0.645735
vt 0.436830 0.645958
vt 0.538538 0.667864
vt 0.537962 0.667864
vt 0.537962 0.667045
vt 0.538538 0.667045
vt 0.456542 0.645735
vt 0.435313 0.645611
vt 0.457083 0.645611
vt 0.436289 0.644833
vt 0.437071 0.645457
vt 0.537962 0.665899
vt 0.538538 0.665899
vt 0.455325 0.645457
vt 0.456108 0.644833
vt 0.435855 0.644487
vt 0.456542 0.644487
vt 0.537962 0.664652
vt 0.538538 0.664652
vt 0.454891 0.645111
vt 0.455325 0.644209
vt 0.437506 0.645111
vt 0.436830 0.643709
vt 0.437071 0.644209
vt 0.455566 0.643709
vt 0.438047 0.644987
vt 0.438047 0.643431
vt 0.438047 0.643987
vt 0.454350 0.643987
vt 0.454350 0.643431
vt 0.454350 0.644987
vt 0.537962 0.663552
vt 0.538538 0.663552
vt 0.438588 0.645111
vt 0.439264 0.643709
vt 0.439023 0.644209
vt 0.453374 0.644209
vt 0.453133 0.643709
vt 0.453808 0.645111
vt 0.542937 0.660789
vt 0.542361 0.660789
vt 0.542361 0.659941
vt 0.542937 0.659941
vt 0.452592 0.644833
vt 0.452158 0.644487
vt 0.453374 0.645457
vt 0.439805 0.644833
vt 0.439023 0.645457
vt 0.542361 0.658780
vt 0.542937 0.658780
vt 0.440239 0.644487
vt 0.440239 0.645735
vt 0.439264 0.645958
vt 0.542361 0.657536
vt 0.542937 0.657536
vt 0.453133 0.645958
vt 0.452158 0.645735
vt 0.440781 0.645611
vt 0.451616 0.645611
vt 0.542361 0.656455
vt 0.542937 0.656455
vt 0.507698 0.648353
vt 0.508240 0.648477
vt 0.507698 0.649601
vt 0.507264 0.649255
vt 0.492323 0.648477
vt 0.492865 0.648353
vt 0.493299 0.649255
vt 0.492865 0.649601
vt 0.493840 0.648131
vt 0.495057 0.647853
vt 0.494081 0.648631
vt 0.506723 0.648131
vt 0.506482 0.648631
vt 0.477589 0.669556
vt 0.477013 0.669556
vt 0.477013 0.668409
vt 0.477589 0.668409
vt 0.505506 0.647853
vt 0.506048 0.648977
vt 0.506723 0.650379
vt 0.506482 0.649879
vt 0.494081 0.649879
vt 0.493840 0.650379
vt 0.494516 0.648977
vt 0.477013 0.667163
vt 0.477589 0.667163
vt 0.505506 0.650657
vt 0.505506 0.650102
vt 0.495057 0.650102
vt 0.495057 0.650657
vt 0.495057 0.649101
vt 0.505506 0.649101
vt 0.477013 0.666063
vt 0.477589 0.666063
vt 0.495598 0.648977
vt 0.504531 0.649879
vt 0.504965 0.648977
vt 0.457083 0.673297
vt 0.456507 0.673297
vt 0.456507 0.672143
vt 0.457083 0.672143
vt 0.496033 0.649879
vt 0.504290 0.650379
vt 0.496274 0.650379
vt 0.503748 0.649255
vt 0.504531 0.648631
vt 0.456507 0.670897
vt 0.457083 0.670897
vt 0.496033 0.648631
vt 0.496815 0.649255
vt 0.503314 0.649601
vt 0.497249 0.649601
vt 0.456507 0.669807
vt 0.457083 0.669807
vt 0.496274 0.648131
vt 0.497249 0.648353
vt 0.504290 0.648131
vt 0.502773 0.648477
vt 0.503314 0.648353
vt 0.497791 0.648477
vt 0.504290 0.647575
vt 0.502773 0.647229
vt 0.503314 0.647353
vt 0.497249 0.647353
vt 0.497791 0.647229
vt 0.496274 0.647575
vt 0.585517 0.667864
vt 0.584941 0.667864
vt 0.584941 0.667045
vt 0.585517 0.667045
vt 0.504531 0.647075
vt 0.503314 0.646105
vt 0.503748 0.646451
vt 0.496815 0.646451
vt 0.497249 0.646105
vt 0.496033 0.647075
vt 0.584941 0.665899
vt 0.585517 0.665899
vt 0.496033 0.645827
vt 0.496274 0.645327
vt 0.495598 0.646729
vt 0.504531 0.645827
vt 0.504965 0.646729
vt 0.584941 0.664652
vt 0.585517 0.664652
vt 0.504290 0.645327
vt 0.505506 0.645605
vt 0.505506 0.646605
vt 0.584941 0.663552
vt 0.585517 0.663552
vt 0.495057 0.646605
vt 0.495057 0.645605
vt 0.505506 0.645049
vt 0.495057 0.645049
vt 0.506482 0.645827
vt 0.506048 0.646729
vt 0.477589 0.662454
vt 0.477013 0.662454
vt 0.477013 0.661606
vt 0.477589 0.661606
vt 0.494516 0.646729
vt 0.494081 0.645827
vt 0.506723 0.645327
vt 0.493841 0.645327
vt 0.494081 0.647075
vt 0.493299 0.646451
vt 0.506482 0.647075
vt 0.507698 0.646105
vt 0.507264 0.646451
vt 0.492865 0.646105
vt 0.477013 0.660445
vt 0.477589 0.660445
vt 0.506723 0.647575
vt 0.508240 0.647229
vt 0.507698 0.647353
vt 0.492865 0.647353
vt 0.492323 0.647229
vt 0.493840 0.647575
vt 0.477013 0.659200
vt 0.477589 0.659200
vt 0.477013 0.658119
vt 0.477589 0.658119
vt 0.519501 0.653109
vt 0.520284 0.652485
vt 0.520718 0.652831
vt 0.520284 0.653733
vt 0.530335 0.659690
vt 0.531310 0.660468
vt 0.530876 0.660814
vt 0.532093 0.661092
vt 0.532527 0.661438
vt 0.531551 0.662216
vt 0.531310 0.661716
vt 0.519067 0.653455
vt 0.520043 0.654233
vt 0.521259 0.651707
vt 0.523269 0.669412
vt 0.522693 0.669412
vt 0.522693 0.668265
vt 0.523269 0.668265
vt 0.530335 0.661939
vt 0.530335 0.660938
vt 0.522693 0.667018
vt 0.523269 0.667019
vt 0.521259 0.652955
vt 0.521259 0.653955
vt 0.530335 0.662494
vt 0.521259 0.654511
vt 0.521801 0.652831
vt 0.522235 0.653733
vt 0.529793 0.660814
vt 0.529118 0.662216
vt 0.529359 0.661716
vt 0.522476 0.654233
vt 0.522693 0.665918
vt 0.523269 0.665918
vt 0.529359 0.660468
vt 0.528143 0.661438
vt 0.528577 0.661092
vt 0.523017 0.653109
vt 0.523451 0.653455
vt 0.522235 0.652485
vt 0.552013 0.670434
vt 0.551437 0.670434
vt 0.551437 0.669279
vt 0.552013 0.669279
vt 0.527601 0.660314
vt 0.528143 0.660190
vt 0.523451 0.652207
vt 0.523993 0.652331
vt 0.522476 0.651985
vt 0.529118 0.659968
vt 0.551437 0.668034
vt 0.552013 0.668034
vt 0.522476 0.651429
vt 0.528143 0.659190
vt 0.529118 0.659412
vt 0.551437 0.666944
vt 0.552013 0.666944
vt 0.523451 0.651207
vt 0.527601 0.659066
vt 0.523993 0.651083
vt 0.528577 0.658288
vt 0.529359 0.658912
vt 0.496508 0.663482
vt 0.497084 0.663482
vt 0.497084 0.664301
vt 0.496508 0.664301
vt 0.522235 0.650929
vt 0.523017 0.650305
vt 0.528143 0.657942
vt 0.523451 0.649959
vt 0.497084 0.665447
vt 0.496508 0.665447
vt 0.521801 0.650583
vt 0.522235 0.649681
vt 0.529793 0.658566
vt 0.529118 0.657164
vt 0.529359 0.657664
vt 0.522476 0.649181
vt 0.530335 0.658442
vt 0.530335 0.656886
vt 0.530335 0.657442
vt 0.521259 0.649458
vt 0.521259 0.648903
vt 0.521259 0.650459
vt 0.497084 0.666694
vt 0.496508 0.666694
vt 0.530876 0.658566
vt 0.531551 0.657164
vt 0.531310 0.657664
vt 0.520284 0.649681
vt 0.520043 0.649181
vt 0.520718 0.650583
vt 0.497084 0.667794
vt 0.496508 0.667794
vt 0.519501 0.650305
vt 0.519067 0.649959
vt 0.520284 0.650929
vt 0.532093 0.658288
vt 0.531310 0.658912
vt 0.440074 0.666198
vt 0.439498 0.666198
vt 0.439498 0.665350
vt 0.440074 0.665350
vt 0.532527 0.657942
vt 0.532527 0.659190
vt 0.531551 0.659412
vt 0.439498 0.664189
vt 0.440074 0.664189
vt 0.520043 0.651429
vt 0.519067 0.651207
vt 0.533068 0.659066
vt 0.518526 0.651083
vt 0.532527 0.660190
vt 0.531551 0.659968
vt 0.439498 0.662945
vt 0.440074 0.662945
vt 0.520043 0.651985
vt 0.519067 0.652207
vt 0.533068 0.660314
vt 0.518526 0.652331
vt 0.439498 0.661864
vt 0.440074 0.661864
vt 0.549279 0.660531
vt 0.550255 0.661309
vt 0.549821 0.661655
vt 0.551037 0.661933
vt 0.551472 0.662279
vt 0.550496 0.663057
vt 0.550255 0.662557
vt 0.435855 0.657200
vt 0.436289 0.656853
vt 0.437071 0.657477
vt 0.436830 0.657978
vt 0.437071 0.656229
vt 0.438047 0.655451
vt 0.437506 0.656576
vt 0.533068 0.669596
vt 0.532492 0.669596
vt 0.532492 0.668449
vt 0.533068 0.668449
vt 0.549279 0.661779
vt 0.549279 0.663335
vt 0.549279 0.662780
vt 0.438047 0.657700
vt 0.438047 0.658255
vt 0.438047 0.656699
vt 0.532492 0.667203
vt 0.533068 0.667203
vt 0.548738 0.661655
vt 0.548063 0.663057
vt 0.548304 0.662557
vt 0.439023 0.657477
vt 0.439263 0.657978
vt 0.438588 0.656576
vt 0.532492 0.666102
vt 0.533068 0.666102
vt 0.439805 0.656853
vt 0.440239 0.657200
vt 0.439023 0.656229
vt 0.547522 0.661933
vt 0.548304 0.661309
vt 0.440074 0.673297
vt 0.439498 0.673297
vt 0.439498 0.672143
vt 0.440074 0.672143
vt 0.547087 0.662279
vt 0.547087 0.661032
vt 0.548063 0.660809
vt 0.439498 0.670897
vt 0.440074 0.670897
vt 0.439263 0.655729
vt 0.440239 0.655952
vt 0.546546 0.661155
vt 0.440780 0.656075
vt 0.547087 0.660031
vt 0.548063 0.660254
vt 0.439498 0.669807
vt 0.440074 0.669807
vt 0.439263 0.655174
vt 0.440239 0.654951
vt 0.546546 0.659907
vt 0.440780 0.654827
vt 0.439023 0.654673
vt 0.439805 0.654049
vt 0.548304 0.659753
vt 0.547087 0.658783
vt 0.547521 0.659129
vt 0.440239 0.653703
vt 0.492899 0.667794
vt 0.492323 0.667794
vt 0.492323 0.666975
vt 0.492899 0.666975
vt 0.548738 0.659407
vt 0.548063 0.658005
vt 0.548304 0.658505
vt 0.439023 0.653426
vt 0.439263 0.652925
vt 0.438588 0.654327
vt 0.492323 0.665828
vt 0.492899 0.665828
vt 0.549279 0.657727
vt 0.549279 0.658283
vt 0.438047 0.653203
vt 0.438047 0.652648
vt 0.438047 0.654204
vt 0.549279 0.659283
vt 0.492323 0.664582
vt 0.492899 0.664582
vt 0.437506 0.654327
vt 0.550255 0.658505
vt 0.549821 0.659407
vt 0.492323 0.663482
vt 0.492899 0.663482
vt 0.437071 0.653426
vt 0.550496 0.658005
vt 0.436830 0.652925
vt 0.551037 0.659129
vt 0.550255 0.659753
vt 0.447284 0.666593
vt 0.446708 0.666593
vt 0.446708 0.665745
vt 0.447284 0.665745
vt 0.437071 0.654673
vt 0.436289 0.654049
vt 0.551472 0.658783
vt 0.435855 0.653703
vt 0.446708 0.664584
vt 0.447284 0.664584
vt 0.436830 0.655174
vt 0.435855 0.654951
vt 0.550496 0.660254
vt 0.552013 0.659907
vt 0.551472 0.660031
vt 0.435313 0.654827
vt 0.550496 0.660809
vt 0.552013 0.661155
vt 0.551472 0.661032
vt 0.435855 0.655952
vt 0.435313 0.656075
vt 0.436830 0.655729
vt 0.446708 0.663339
vt 0.447284 0.663339
vt 0.446708 0.662258
vt 0.447284 0.662258
vt 0.454350 0.657700
vt 0.454350 0.658255
vt 0.453133 0.657978
vt 0.453374 0.657477
vt 0.504133 0.659873
vt 0.504133 0.659318
vt 0.505108 0.659095
vt 0.505349 0.659595
vt 0.504133 0.658317
vt 0.504133 0.657069
vt 0.504674 0.658193
vt 0.454350 0.656699
vt 0.453808 0.656576
vt 0.412289 0.669417
vt 0.411713 0.669417
vt 0.411713 0.668271
vt 0.412289 0.668271
vt 0.454350 0.655451
vt 0.453374 0.656229
vt 0.452158 0.657200
vt 0.452592 0.656853
vt 0.505891 0.658471
vt 0.506325 0.658817
vt 0.505108 0.657847
vt 0.411713 0.667024
vt 0.412289 0.667024
vt 0.451616 0.656075
vt 0.452158 0.655952
vt 0.506325 0.657570
vt 0.506866 0.657693
vt 0.505349 0.657347
vt 0.453133 0.655729
vt 0.411713 0.665924
vt 0.412289 0.665924
vt 0.505349 0.656792
vt 0.452158 0.654951
vt 0.453133 0.655174
vt 0.590292 0.666670
vt 0.590868 0.666670
vt 0.590868 0.667825
vt 0.590292 0.667825
vt 0.506325 0.656569
vt 0.451616 0.654827
vt 0.506866 0.656445
vt 0.452592 0.654050
vt 0.453374 0.654673
vt 0.590868 0.669070
vt 0.590292 0.669070
vt 0.505108 0.656291
vt 0.505891 0.655667
vt 0.452158 0.653703
vt 0.506325 0.655321
vt 0.590868 0.670160
vt 0.590292 0.670160
vt 0.504674 0.655945
vt 0.505108 0.655043
vt 0.453808 0.654327
vt 0.453133 0.652925
vt 0.453374 0.653426
vt 0.505349 0.654543
vt 0.454350 0.654204
vt 0.454350 0.652648
vt 0.454350 0.653203
vt 0.504133 0.654821
vt 0.504133 0.654265
vt 0.504133 0.655821
vt 0.542938 0.668710
vt 0.542362 0.668710
vt 0.542362 0.667891
vt 0.542938 0.667891
vt 0.454891 0.654327
vt 0.455566 0.652925
vt 0.455325 0.653426
vt 0.503157 0.655043
vt 0.502916 0.654543
vt 0.503591 0.655945
vt 0.542362 0.666745
vt 0.542938 0.666745
vt 0.502375 0.655667
vt 0.501940 0.655321
vt 0.503157 0.656291
vt 0.456108 0.654050
vt 0.455325 0.654673
vt 0.542362 0.665498
vt 0.542938 0.665498
vt 0.456542 0.653703
vt 0.456542 0.654951
vt 0.455566 0.655174
vt 0.542362 0.664398
vt 0.542938 0.664398
vt 0.502916 0.656792
vt 0.501940 0.656569
vt 0.457083 0.654827
vt 0.501399 0.656445
vt 0.456542 0.655952
vt 0.455566 0.655729
vt 0.542937 0.652846
vt 0.542361 0.652846
vt 0.542361 0.651998
vt 0.542937 0.651998
vt 0.502916 0.657347
vt 0.501940 0.657570
vt 0.457083 0.656075
vt 0.501399 0.657693
vt 0.503157 0.657847
vt 0.502375 0.658471
vt 0.455325 0.656229
vt 0.456542 0.657200
vt 0.456108 0.656853
vt 0.501940 0.658817
vt 0.542361 0.650837
vt 0.542937 0.650837
vt 0.454891 0.656576
vt 0.455566 0.657978
vt 0.455325 0.657477
vt 0.503157 0.659095
vt 0.502916 0.659595
vt 0.503591 0.658193
vt 0.542361 0.649592
vt 0.542937 0.649592
vt 0.542361 0.648511
vt 0.542937 0.648511
vt 0.495057 0.657069
vt 0.495057 0.658317
vt 0.494516 0.658193
vt 0.495057 0.659318
vt 0.495057 0.659873
vt 0.493840 0.659595
vt 0.494081 0.659095
vt 0.562361 0.662102
vt 0.562361 0.661547
vt 0.563336 0.661324
vt 0.563577 0.661824
vt 0.562361 0.660546
vt 0.562361 0.659298
vt 0.562902 0.660422
vt 0.469237 0.669412
vt 0.468661 0.669412
vt 0.468661 0.668265
vt 0.469237 0.668265
vt 0.468661 0.667019
vt 0.469237 0.667019
vt 0.563336 0.660076
vt 0.564119 0.660700
vt 0.494081 0.657847
vt 0.492865 0.658817
vt 0.493299 0.658471
vt 0.564553 0.661046
vt 0.493840 0.657347
vt 0.492324 0.657693
vt 0.492865 0.657570
vt 0.564553 0.659799
vt 0.565094 0.659922
vt 0.563577 0.659576
vt 0.468661 0.665918
vt 0.469237 0.665918
vt 0.493840 0.656792
vt 0.492324 0.656445
vt 0.492865 0.656569
vt 0.564553 0.658798
vt 0.565094 0.658674
vt 0.563577 0.659021
vt 0.486664 0.670283
vt 0.486088 0.670283
vt 0.486088 0.669128
vt 0.486664 0.669128
vt 0.564119 0.657896
vt 0.564553 0.657550
vt 0.563336 0.658520
vt 0.493299 0.655667
vt 0.494081 0.656291
vt 0.486088 0.667883
vt 0.486664 0.667883
vt 0.492865 0.655321
vt 0.494081 0.655043
vt 0.494516 0.655945
vt 0.486088 0.666793
vt 0.486664 0.666793
vt 0.562902 0.658174
vt 0.563336 0.657272
vt 0.493840 0.654543
vt 0.563577 0.656772
vt 0.495057 0.654821
vt 0.495057 0.655821
vt 0.565094 0.670023
vt 0.564518 0.670023
vt 0.564518 0.669204
vt 0.565094 0.669204
vt 0.562361 0.658050
vt 0.562361 0.657050
vt 0.495057 0.654265
vt 0.562361 0.656494
vt 0.561819 0.658174
vt 0.561385 0.657272
vt 0.495598 0.655945
vt 0.496274 0.654543
vt 0.496033 0.655043
vt 0.561144 0.656772
vt 0.564518 0.668057
vt 0.565094 0.668057
vt 0.496033 0.656291
vt 0.497249 0.655321
vt 0.496815 0.655667
vt 0.560603 0.657896
vt 0.560169 0.657550
vt 0.561385 0.658520
vt 0.564518 0.666811
vt 0.565094 0.666811
vt 0.497791 0.656445
vt 0.497249 0.656569
vt 0.560169 0.658798
vt 0.559627 0.658674
vt 0.561144 0.659021
vt 0.496274 0.656792
vt 0.564518 0.665711
vt 0.565094 0.665711
vt 0.561144 0.659576
vt 0.497249 0.657570
vt 0.496274 0.657347
vt 0.595759 0.662726
vt 0.595183 0.662726
vt 0.595183 0.661878
vt 0.595759 0.661878
vt 0.560169 0.659799
vt 0.497791 0.657693
vt 0.559627 0.659922
vt 0.496815 0.658471
vt 0.496033 0.657847
vt 0.595183 0.660717
vt 0.595759 0.660717
vt 0.561385 0.660076
vt 0.560603 0.660700
vt 0.497249 0.658817
vt 0.560169 0.661046
vt 0.595183 0.659473
vt 0.595759 0.659473
vt 0.561819 0.660422
vt 0.561385 0.661324
vt 0.495598 0.658193
vt 0.496274 0.659595
vt 0.496033 0.659095
vt 0.561144 0.661824
vt 0.595183 0.658391
vt 0.595759 0.658391
vt 0.412689 0.660913
vt 0.412254 0.661260
vt 0.411713 0.660135
vt 0.412254 0.660012
vt 0.564553 0.642614
vt 0.564119 0.642268
vt 0.564553 0.641366
vt 0.565094 0.641490
vt 0.563336 0.641644
vt 0.562361 0.640866
vt 0.563577 0.641144
vt 0.413471 0.660290
vt 0.413230 0.659789
vt 0.519084 0.669412
vt 0.518508 0.669412
vt 0.518508 0.668265
vt 0.519084 0.668265
vt 0.414447 0.659512
vt 0.413230 0.659234
vt 0.411713 0.658888
vt 0.412254 0.659011
vt 0.564553 0.640366
vt 0.565094 0.640242
vt 0.563577 0.640588
vt 0.518508 0.667019
vt 0.519084 0.667019
vt 0.412254 0.657763
vt 0.412689 0.658110
vt 0.564119 0.639464
vt 0.564553 0.639118
vt 0.563336 0.640088
vt 0.413471 0.658734
vt 0.518508 0.665918
vt 0.519084 0.665918
vt 0.562902 0.639742
vt 0.413471 0.657486
vt 0.413905 0.658387
vt 0.452899 0.673297
vt 0.452323 0.673297
vt 0.452323 0.672143
vt 0.452899 0.672143
vt 0.563336 0.638840
vt 0.413230 0.656985
vt 0.563577 0.638340
vt 0.414447 0.657263
vt 0.414447 0.658264
vt 0.452323 0.670897
vt 0.452899 0.670897
vt 0.562361 0.639618
vt 0.562361 0.638617
vt 0.414447 0.656708
vt 0.562361 0.638062
vt 0.452323 0.669807
vt 0.452899 0.669807
vt 0.561819 0.639742
vt 0.561385 0.638840
vt 0.414988 0.658387
vt 0.415663 0.656985
vt 0.415422 0.657486
vt 0.561144 0.638340
vt 0.415422 0.658734
vt 0.416639 0.657763
vt 0.416205 0.658110
vt 0.560603 0.639464
vt 0.560169 0.639118
vt 0.561385 0.640088
vt 0.577148 0.667864
vt 0.576572 0.667864
vt 0.576572 0.667045
vt 0.577148 0.667045
vt 0.415663 0.659234
vt 0.417180 0.658888
vt 0.416639 0.659011
vt 0.560169 0.640366
vt 0.559627 0.640242
vt 0.561144 0.640588
vt 0.576572 0.665899
vt 0.577148 0.665899
vt 0.560169 0.641366
vt 0.559627 0.641490
vt 0.561144 0.641144
vt 0.416639 0.660012
vt 0.415663 0.659789
vt 0.576572 0.664652
vt 0.577148 0.664652
vt 0.417180 0.660135
vt 0.416204 0.660913
vt 0.415422 0.660290
vt 0.576572 0.663552
vt 0.577148 0.663552
vt 0.561385 0.641644
vt 0.560603 0.642268
vt 0.416639 0.661260
vt 0.560169 0.642614
vt 0.415422 0.661537
vt 0.414988 0.660636
vt 0.457083 0.666198
vt 0.456507 0.666198
vt 0.456507 0.665351
vt 0.457083 0.665351
vt 0.561819 0.641990
vt 0.561385 0.642892
vt 0.415663 0.662038
vt 0.561144 0.643392
vt 0.562361 0.642114
vt 0.562361 0.643114
vt 0.414447 0.660759
vt 0.414447 0.662315
vt 0.414447 0.661760
vt 0.562361 0.643670
vt 0.456507 0.664189
vt 0.457083 0.664189
vt 0.413905 0.660636
vt 0.413230 0.662038
vt 0.413471 0.661537
vt 0.563336 0.642892
vt 0.563577 0.643392
vt 0.562902 0.641990
vt 0.456507 0.662945
vt 0.457083 0.662945
vt 0.456507 0.661864
vt 0.457083 0.661864
vt 0.563577 0.652608
vt 0.563336 0.652108
vt 0.564119 0.651484
vt 0.564553 0.651830
vt 0.562902 0.651206
vt 0.562361 0.650082
vt 0.563336 0.650860
vt 0.413905 0.651420
vt 0.413471 0.652321
vt 0.412689 0.651697
vt 0.413471 0.651073
vt 0.595759 0.669828
vt 0.595183 0.669828
vt 0.595183 0.668682
vt 0.595759 0.668682
vt 0.414447 0.650295
vt 0.413230 0.652822
vt 0.412254 0.652044
vt 0.413230 0.650573
vt 0.411713 0.650919
vt 0.412254 0.650796
vt 0.564553 0.650582
vt 0.565094 0.650706
vt 0.563577 0.650360
vt 0.595183 0.667435
vt 0.595759 0.667435
vt 0.564553 0.649582
vt 0.565094 0.649458
vt 0.563577 0.649804
vt 0.412254 0.649795
vt 0.413230 0.650018
vt 0.595183 0.666335
vt 0.595759 0.666335
vt 0.411713 0.649671
vt 0.412689 0.648893
vt 0.413471 0.649517
vt 0.461992 0.673692
vt 0.461416 0.673692
vt 0.461416 0.672537
vt 0.461992 0.672537
vt 0.563336 0.649304
vt 0.564119 0.648680
vt 0.412254 0.648547
vt 0.564553 0.648334
vt 0.413471 0.648270
vt 0.413905 0.649171
vt 0.461416 0.671292
vt 0.461992 0.671292
vt 0.562902 0.648958
vt 0.563336 0.648056
vt 0.413230 0.647769
vt 0.563577 0.647556
vt 0.562361 0.648834
vt 0.562361 0.647834
vt 0.414447 0.649048
vt 0.414447 0.647492
vt 0.414447 0.648047
vt 0.562361 0.647278
vt 0.461416 0.670202
vt 0.461992 0.670202
vt 0.414988 0.649171
vt 0.415663 0.647769
vt 0.415422 0.648270
vt 0.561385 0.648056
vt 0.561144 0.647556
vt 0.561819 0.648958
vt 0.581333 0.667864
vt 0.580757 0.667864
vt 0.580757 0.667045
vt 0.581333 0.667045
vt 0.416639 0.648547
vt 0.416204 0.648893
vt 0.560603 0.648680
vt 0.560169 0.648334
vt 0.561385 0.649304
vt 0.415422 0.649517
vt 0.580757 0.665899
vt 0.581333 0.665899
vt 0.561144 0.649804
vt 0.416639 0.649795
vt 0.415663 0.650018
vt 0.580757 0.664652
vt 0.581333 0.664652
vt 0.560169 0.649582
vt 0.417180 0.649671
vt 0.559627 0.649458
vt 0.416639 0.650796
vt 0.415663 0.650573
vt 0.580757 0.663552
vt 0.581333 0.663552
vt 0.561144 0.650360
vt 0.560169 0.650582
vt 0.417180 0.650919
vt 0.559627 0.650706
vt 0.599943 0.662726
vt 0.599367 0.662726
vt 0.599367 0.661878
vt 0.599943 0.661878
vt 0.561385 0.650860
vt 0.560603 0.651484
vt 0.415422 0.651073
vt 0.416639 0.652044
vt 0.416204 0.651697
vt 0.560169 0.651830
vt 0.414988 0.651420
vt 0.415663 0.652822
vt 0.415422 0.652321
vt 0.561385 0.652108
vt 0.561144 0.652608
vt 0.561819 0.651206
vt 0.599367 0.660717
vt 0.599943 0.660717
vt 0.414447 0.651543
vt 0.414447 0.653099
vt 0.414447 0.652544
vt 0.562361 0.652331
vt 0.562361 0.652886
vt 0.562361 0.651330
vt 0.599367 0.659473
vt 0.599943 0.659473
vt 0.599367 0.658391
vt 0.599943 0.658391
s 0
usemtl M_BoardFrame
f 1/1/1 4/2/1 6/3/1 5/4/1
f 4/2/2 8/5/2 9/6/2 6/3/2
f 2/7/3 7/8/3 9/9/3 8/10/3
f 7/8/4 11/11/4 12/12/4 9/9/4
f 3/13/5 10/14/5 12/12/5 11/11/5
f 10/15/6 5/4/6 6/3/6 12/16/6
f 6/17/7 9/9/7 12/12/7
f 13/18/8 16/19/8 18/20/8 17/21/8
f 16/22/9 20/23/9 21/24/9 18/25/9
f 14/26/10 19/27/10 21/24/10 20/23/10
f 19/27/11 23/28/11 24/29/11 21/24/11
f 15/30/12 22/31/12 24/32/12 23/33/12
f 22/31/13 17/21/13 18/20/13 24/32/13
f 18/20/14 21/34/14 24/32/14
f 25/35/15 28/36/15 30/37/15 29/38/15
f 28/36/16 32/39/16 33/40/16 30/37/16
f 26/41/17 31/42/17 33/43/17 32/44/17
f 31/42/18 35/45/18 36/46/18 33/43/18
f 27/47/19 34/48/19 36/46/19 35/45/19
f 34/49/20 29/38/20 30/37/20 36/50/20
f 30/51/21 33/43/21 36/46/21
f 37/52/22 40/53/22 42/54/22 41/55/22
f 40/53/23 44/56/23 45/57/23 42/54/23
f 38/58/24 43/59/24 45/60/24 44/61/24
f 43/59/25 47/62/25 48/63/25 45/60/25
f 39/64/26 46/65/26 48/63/26 47/62/26
f 46/66/27 41/55/27 42/54/27 48/67/27
f 42/68/28 45/60/28 48/63/28
f 49/69/29 52/70/29 54/71/29 53/72/29
f 52/73/30 56/74/30 57/75/30 54/76/30
f 50/77/31 55/78/31 57/75/31 56/74/31
f 55/78/32 59/79/32 60/80/32 57/75/32
f 51/81/33 58/82/33 60/83/33 59/84/33
f 58/85/34 53/72/34 54/71/34 60/86/34
f 54/76/35 57/75/35 60/80/35
f 61/87/36 64/88/36 66/89/36 65/90/36
f 64/88/37 68/91/37 69/92/37 66/89/37
f 62/93/38 67/94/38 69/95/38 68/96/38
f 67/97/39 71/98/39 72/99/39 69/100/39
f 63/101/40 70/102/40 72/99/40 71/98/40
f 70/102/41 65/103/41 66/104/41 72/99/41
f 66/104/42 69/100/42 72/99/42
f 73/105/43 76/106/43 78/107/43 77/108/43
f 76/106/44 80/109/44 81/110/44 78/107/44
f 74/111/45 79/112/45 81/113/45 80/114/45
f 79/112/46 83/115/46 84/116/46 81/113/46
f 75/117/47 82/118/47 84/119/47 83/120/47
f 82/121/48 77/108/48 78/107/48 84/122/48
f 78/123/49 81/113/49 84/116/49
f 85/124/50 88/125/50 90/126/50 89/127/50
f 88/125/51 92/128/51 93/129/51 90/126/51
f 86/130/52 91/131/52 93/132/52 92/133/52
f 91/134/53 95/135/53 96/136/53 93/137/53
f 87/138/54 94/139/54 96/136/54 95/135/54
f 94/140/55 89/127/55 90/126/55 96/141/55
f 90/142/56 93/137/56 96/136/56
f 25/35/57 1/1/57 5/4/57 28/36/57
f 28/36/58 5/4/58 10/15/58 32/39/58
f 32/44/59 10/143/59 3/144/59 26/41/59
f 2/7/60 13/18/60 17/21/60 7/8/60
f 7/8/61 17/21/61 22/31/61 11/11/61
f 11/11/62 22/31/62 15/30/62 3/13/62
f 14/26/63 37/52/63 41/55/63 19/27/63
f 19/27/64 41/55/64 46/66/64 23/28/64
f 23/145/65 46/65/65 39/64/65 15/146/65
f 38/58/66 27/47/66 35/45/66 43/59/66
f 43/59/67 35/45/67 31/42/67 47/62/67
f 47/62/68 31/42/68 26/41/68 39/64/68
f 73/105/69 25/35/69 29/38/69 76/106/69
f 76/106/70 29/38/70 34/49/70 80/109/70
f 80/114/71 34/147/71 27/148/71 74/111/71
f 37/52/72 85/124/72 89/127/72 40/53/72
f 40/53/73 89/127/73 94/140/73 44/56/73
f 44/149/74 94/139/74 87/138/74 38/150/74
f 86/130/75 75/117/75 83/120/75 91/131/75
f 91/134/76 83/115/76 79/112/76 95/135/76
f 95/135/77 79/112/77 74/111/77 87/138/77
f 49/69/78 73/105/78 77/108/78 52/70/78
f 52/70/79 77/108/79 82/121/79 56/151/79
f 56/74/80 82/118/80 75/117/80 50/77/80
f 85/124/81 61/87/81 65/90/81 88/125/81
f 88/125/82 65/90/82 70/152/82 92/128/82
f 92/133/83 70/102/83 63/101/83 86/130/83
f 62/93/84 51/81/84 59/84/84 67/94/84
f 67/97/85 59/79/85 55/78/85 71/98/85
f 71/98/86 55/78/86 50/77/86 63/101/86
f 1/1/87 49/69/87 53/72/87 4/2/87
f 4/2/88 53/72/88 58/85/88 8/5/88
f 8/10/89 58/82/89 51/81/89 2/7/89
f 61/87/90 14/26/90 20/23/90 64/88/90
f 64/88/91 20/23/91 16/22/91 68/91/91
f 68/96/92 16/19/92 13/18/92 62/93/92
f 25/35/93 73/105/93 49/69/93 1/1/93
f 3/144/94 15/146/94 39/64/94 26/41/94
f 51/81/95 62/93/95 13/18/95 2/7/95
f 85/124/96 37/52/96 14/26/96 61/87/96
f 27/148/97 38/150/97 87/138/97 74/111/97
f 75/117/98 86/130/98 63/101/98 50/77/98
f 97/153/1 100/154/1 102/155/1 101/156/1
f 100/154/2 104/157/2 105/158/2 102/155/2
f 98/159/3 103/160/3 105/161/3 104/162/3
f 103/160/4 107/163/4 108/164/4 105/161/4
f 99/165/5 106/166/5 108/164/5 107/163/5
f 106/167/99 101/156/99 102/155/99 108/168/99
f 102/169/100 105/161/100 108/164/100
f 109/170/8 112/171/8 114/172/8 113/173/8
f 112/174/9 116/175/9 117/176/9 114/177/9
f 110/178/10 115/179/10 117/176/10 116/175/10
f 115/179/11 119/180/11 120/181/11 117/176/11
f 111/182/12 118/183/12 120/184/12 119/185/12
f 118/183/13 113/173/13 114/172/13 120/184/13
f 114/172/101 117/186/101 120/184/101
f 121/187/15 124/188/15 126/189/15 125/190/15
f 124/188/102 128/191/102 129/192/102 126/189/102
f 122/193/17 127/194/17 129/195/17 128/196/17
f 127/194/103 131/197/103 132/198/103 129/195/103
f 123/199/19 130/200/19 132/198/19 131/197/19
f 130/201/20 125/190/20 126/189/20 132/202/20
f 126/203/104 129/195/104 132/198/104
f 133/204/22 136/205/22 138/206/22 137/207/22
f 136/205/23 140/208/23 141/209/23 138/206/23
f 134/210/24 139/211/24 141/212/24 140/213/24
f 139/211/25 143/214/25 144/215/25 141/212/25
f 135/216/26 142/217/26 144/215/26 143/214/26
f 142/218/27 137/207/27 138/206/27 144/219/27
f 138/220/105 141/212/105 144/215/105
f 145/221/29 148/222/29 150/223/29 149/224/29
f 148/225/30 152/226/30 153/227/30 150/228/30
f 146/229/31 151/230/31 153/227/31 152/226/31
f 151/230/106 155/231/106 156/232/106 153/227/106
f 147/233/33 154/234/33 156/235/33 155/236/33
f 154/237/107 149/224/107 150/223/107 156/238/107
f 150/228/108 153/227/108 156/232/108
f 157/239/36 160/240/36 162/241/36 161/242/36
f 160/240/37 164/243/37 165/244/37 162/241/37
f 158/245/38 163/246/38 165/247/38 164/248/38
f 163/249/39 167/250/39 168/251/39 165/252/39
f 159/253/40 166/254/40 168/251/40 167/250/40
f 166/254/109 161/255/109 162/256/109 168/251/109
f 162/256/110 165/252/110 168/251/110
f 169/257/43 172/258/43 174/259/43 173/260/43
f 172/258/111 176/261/111 177/262/111 174/259/111
f 170/263/45 175/264/45 177/265/45 176/266/45
f 175/264/46 179/267/46 180/268/46 177/265/46
f 171/269/47 178/270/47 180/271/47 179/272/47
f 178/273/48 173/260/48 174/259/48 180/274/48
f 174/275/112 177/265/112 180/268/112
f 181/276/50 184/277/50 186/278/50 185/279/50
f 184/277/51 188/280/51 189/281/51 186/278/51
f 182/282/52 187/283/52 189/284/52 188/285/52
f 187/286/113 191/287/113 192/288/113 189/289/113
f 183/290/54 190/291/54 192/288/54 191/287/54
f 190/292/55 185/279/55 186/278/55 192/293/55
f 186/294/114 189/289/114 192/288/114
f 121/187/57 97/153/57 101/156/57 124/188/57
f 124/188/58 101/156/58 106/167/58 128/191/58
f 128/196/59 106/295/59 99/296/59 122/193/59
f 98/297/97 109/297/97 113/297/97 103/297/97
f 103/297/97 113/297/97 118/297/97 107/297/97
f 107/297/97 118/297/97 111/297/97 99/297/97
f 110/178/115 133/204/115 137/207/115 115/179/115
f 115/179/64 137/207/64 142/218/64 119/180/64
f 119/298/65 142/217/65 135/216/65 111/299/65
f 134/300/116 123/300/116 131/301/116 139/302/116
f 139/303/117 131/303/117 127/304/117 143/305/117
f 143/305/93 127/304/93 122/306/93 135/306/93
f 169/257/69 121/187/69 125/190/69 172/258/69
f 172/258/70 125/190/70 130/201/70 176/261/70
f 176/266/71 130/307/71 123/308/71 170/263/71
f 133/204/72 181/276/72 185/279/72 136/205/72
f 136/205/73 185/279/73 190/292/73 140/208/73
f 140/309/74 190/291/74 183/290/74 134/310/74
f 182/311/118 171/311/118 179/312/118 187/313/118
f 187/314/119 179/315/119 175/316/119 191/317/119
f 191/317/93 175/316/93 170/318/93 183/318/93
f 145/221/78 169/257/78 173/260/78 148/222/78
f 148/222/79 173/260/79 178/273/79 152/319/79
f 152/226/80 178/270/80 171/269/80 146/229/80
f 181/276/81 157/239/81 161/242/81 184/277/81
f 184/277/82 161/242/82 166/320/82 188/280/82
f 188/285/83 166/254/83 159/253/83 182/282/83
f 158/321/120 147/321/120 155/322/120 163/323/120
f 163/323/121 155/322/121 151/324/121 167/325/121
f 167/325/93 151/324/93 146/326/93 159/326/93
f 97/153/122 145/221/122 149/224/122 100/154/122
f 100/154/88 149/224/88 154/237/88 104/157/88
f 104/162/123 154/234/123 147/233/123 98/159/123
f 157/239/90 110/178/90 116/175/90 160/240/90
f 160/240/91 116/175/91 112/174/91 164/243/91
f 164/248/124 112/171/124 109/170/124 158/245/124
f 121/187/93 169/257/93 145/221/93 97/153/93
f 99/297/97 111/297/97 135/297/97 122/297/97
f 147/297/97 158/297/97 109/297/97 98/297/97
f 181/276/96 133/204/96 110/178/96 157/239/96
f 123/327/97 134/327/97 183/327/97 170/327/97
f 171/328/97 182/328/97 159/328/97 146/328/97
f 193/329/1 196/330/1 198/331/1 197/332/1
f 196/330/125 200/333/125 201/334/125 198/331/125
f 194/335/3 199/336/3 201/337/3 200/338/3
f 199/336/4 203/339/4 204/340/4 201/337/4
f 195/341/5 202/342/5 204/340/5 203/339/5
f 202/343/6 197/332/6 198/331/6 204/344/6
f 198/345/126 201/337/126 204/340/126
f 205/346/8 208/347/8 210/348/8 209/349/8
f 208/350/9 212/351/9 213/352/9 210/353/9
f 206/354/10 211/355/10 213/352/10 212/351/10
f 211/355/11 215/356/11 216/357/11 213/352/11
f 207/358/12 214/359/12 216/360/12 215/361/12
f 214/359/13 209/349/13 210/348/13 216/360/13
f 210/348/101 213/362/101 216/360/101
f 217/363/15 220/364/15 222/365/15 221/366/15
f 220/364/16 224/367/16 225/368/16 222/365/16
f 218/369/17 223/370/17 225/371/17 224/372/17
f 223/370/103 227/373/103 228/374/103 225/371/103
f 219/375/19 226/376/19 228/374/19 227/373/19
f 226/377/20 221/366/20 222/365/20 228/378/20
f 222/379/127 225/371/127 228/374/127
f 229/380/22 232/381/22 234/382/22 233/383/22
f 232/381/23 236/384/23 237/385/23 234/382/23
f 230/386/24 235/387/24 237/388/24 236/389/24
f 235/387/25 239/390/25 240/391/25 237/388/25
f 231/392/26 238/393/26 240/391/26 239/390/26
f 238/394/128 233/383/128 234/382/128 240/395/128
f 234/396/105 237/388/105 240/391/105
f 241/397/29 244/398/29 246/399/29 245/400/29
f 244/401/129 248/402/129 249/403/129 246/404/129
f 242/405/31 247/406/31 249/403/31 248/402/31
f 247/406/106 251/407/106 252/408/106 249/403/106
f 243/409/33 250/410/33 252/411/33 251/412/33
f 250/413/34 245/400/34 246/399/34 252/414/34
f 246/404/130 249/403/130 252/408/130
f 253/415/36 256/416/36 258/417/36 257/418/36
f 256/416/37 260/419/37 261/420/37 258/417/37
f 254/421/38 259/422/38 261/423/38 260/424/38
f 259/425/39 263/426/39 264/427/39 261/428/39
f 255/429/40 262/430/40 264/427/40 263/426/40
f 262/430/41 257/431/41 258/432/41 264/427/41
f 258/432/110 261/428/110 264/427/110
f 265/433/43 268/434/43 270/435/43 269/436/43
f 268/434/44 272/437/44 273/438/44 270/435/44
f 266/439/45 271/440/45 273/441/45 272/442/45
f 271/440/46 275/443/46 276/444/46 273/441/46
f 267/445/47 274/446/47 276/447/47 275/448/47
f 274/449/131 269/436/131 270/435/131 276/450/131
f 270/451/132 273/441/132 276/444/132
f 277/452/50 280/453/50 282/454/50 281/455/50
f 280/453/51 284/456/51 285/457/51 282/454/51
f 278/458/52 283/459/52 285/460/52 284/461/52
f 283/462/113 287/463/113 288/464/113 285/465/113
f 279/466/54 286/467/54 288/464/54 287/463/54
f 286/468/55 281/455/55 282/454/55 288/469/55
f 282/470/114 285/465/114 288/464/114
f 217/363/57 193/329/57 197/332/57 220/364/57
f 220/364/58 197/332/58 202/343/58 224/367/58
f 224/372/59 202/471/59 195/472/59 218/369/59
f 194/473/97 205/473/97 209/473/97 199/473/97
f 199/473/97 209/473/97 214/473/97 203/473/97
f 203/473/97 214/473/97 207/473/97 195/473/97
f 206/354/115 229/380/115 233/383/115 211/355/115
f 211/355/64 233/383/64 238/394/64 215/356/64
f 215/474/65 238/393/65 231/392/65 207/475/65
f 230/476/133 219/476/133 227/477/133 235/478/133
f 235/478/134 227/477/134 223/479/134 239/480/134
f 239/480/93 223/479/93 218/481/93 231/481/93
f 265/433/135 217/363/135 221/366/135 268/434/135
f 268/434/70 221/366/70 226/377/70 272/437/70
f 272/442/136 226/482/136 219/483/136 266/439/136
f 229/380/72 277/452/72 281/455/72 232/381/72
f 232/381/73 281/455/73 286/468/73 236/384/73
f 236/484/137 286/467/137 279/466/137 230/485/137
f 278/486/138 267/486/138 275/487/138 283/488/138
f 283/488/139 275/487/139 271/489/139 287/490/139
f 287/490/96 271/489/96 266/491/96 279/491/96
f 241/397/78 265/433/78 269/436/78 244/398/78
f 244/398/79 269/436/79 274/449/79 248/492/79
f 248/402/80 274/446/80 267/445/80 242/405/80
f 277/452/81 253/415/81 257/418/81 280/453/81
f 280/453/82 257/418/82 262/493/82 284/456/82
f 284/461/83 262/430/83 255/429/83 278/458/83
f 254/494/140 243/494/140 251/495/140 259/496/140
f 259/497/141 251/498/141 247/499/141 263/499/141
f 263/499/93 247/499/93 242/500/93 255/500/93
f 193/329/87 241/397/87 245/400/87 196/330/87
f 196/330/88 245/400/88 250/413/88 200/333/88
f 200/338/89 250/410/89 243/409/89 194/335/89
f 253/415/90 206/354/90 212/351/90 256/416/90
f 256/416/91 212/351/91 208/350/91 260/419/91
f 260/424/92 208/347/92 205/346/92 254/421/92
f 217/363/93 265/433/93 241/397/93 193/329/93
f 195/473/97 207/473/97 231/473/97 218/473/97
f 243/473/97 254/473/97 205/473/97 194/473/97
f 277/452/96 229/380/96 206/354/96 253/415/96
f 219/501/97 230/501/97 279/501/97 266/501/97
f 267/502/97 278/502/97 255/502/97 242/502/97
f 289/503/1 292/504/1 294/505/1 293/506/1
f 292/504/2 296/507/2 297/508/2 294/505/2
f 290/509/3 295/510/3 297/511/3 296/512/3
f 295/510/4 299/513/4 300/514/4 297/511/4
f 291/515/5 298/516/5 300/514/5 299/513/5
f 298/517/99 293/506/99 294/505/99 300/518/99
f 294/519/126 297/511/126 300/514/126
f 301/520/8 304/521/8 306/522/8 305/523/8
f 304/524/9 308/525/9 309/526/9 306/527/9
f 302/528/10 307/529/10 309/526/10 308/525/10
f 307/529/11 311/530/11 312/531/11 309/526/11
f 303/532/12 310/533/12 312/534/12 311/535/12
f 310/533/13 305/523/13 306/522/13 312/534/13
f 306/522/101 309/536/101 312/534/101
f 313/537/15 316/538/15 318/539/15 317/540/15
f 316/538/16 320/541/16 321/542/16 318/539/16
f 314/543/17 319/544/17 321/545/17 320/546/17
f 319/544/18 323/547/18 324/548/18 321/545/18
f 315/549/19 322/550/19 324/548/19 323/547/19
f 322/551/20 317/540/20 318/539/20 324/552/20
f 318/553/104 321/545/104 324/548/104
f 325/554/22 328/555/22 330/556/22 329/557/22
f 328/555/23 332/558/23 333/559/23 330/556/23
f 326/560/24 331/561/24 333/562/24 332/563/24
f 331/561/25 335/564/25 336/565/25 333/562/25
f 327/566/26 334/567/26 336/565/26 335/564/26
f 334/568/27 329/557/27 330/556/27 336/569/27
f 330/570/105 333/562/105 336/565/105
f 337/571/29 340/572/29 342/573/29 341/574/29
f 340/575/30 344/576/30 345/577/30 342/578/30
f 338/579/31 343/580/31 345/577/31 344/576/31
f 343/580/106 347/581/106 348/582/106 345/577/106
f 339/583/33 346/584/33 348/585/33 347/586/33
f 346/587/34 341/574/34 342/573/34 348/588/34
f 342/578/130 345/577/130 348/582/130
f 349/589/36 352/590/36 354/591/36 353/592/36
f 352/590/37 356/593/37 357/594/37 354/591/37
f 350/595/38 355/596/38 357/597/38 356/598/38
f 355/599/39 359/600/39 360/601/39 357/602/39
f 351/603/40 358/604/40 360/601/40 359/600/40
f 358/604/41 353/605/41 354/606/41 360/601/41
f 354/606/110 357/602/110 360/601/110
f 361/607/43 364/608/43 366/609/43 365/610/43
f 364/608/44 368/611/44 369/612/44 366/609/44
f 362/613/45 367/614/45 369/615/45 368/616/45
f 367/614/46 371/617/46 372/618/46 369/615/46
f 363/619/47 370/620/47 372/621/47 371/622/47
f 370/623/48 365/610/48 366/609/48 372/624/48
f 366/625/112 369/615/112 372/618/112
f 373/626/50 376/627/50 378/628/50 377/629/50
f 376/627/51 380/630/51 381/631/51 378/628/51
f 374/632/52 379/633/52 381/634/52 380/635/52
f 379/636/113 383/637/113 384/638/113 381/639/113
f 375/640/54 382/641/54 384/638/54 383/637/54
f 382/642/142 377/629/142 378/628/142 384/643/142
f 378/644/114 381/639/114 384/638/114
f 313/537/57 289/503/57 293/506/57 316/538/57
f 316/538/58 293/506/58 298/517/58 320/541/58
f 320/546/59 298/645/59 291/646/59 314/543/59
f 290/647/97 301/647/97 305/647/97 295/647/97
f 295/647/97 305/647/97 310/647/97 299/647/97
f 299/647/97 310/647/97 303/647/97 291/647/97
f 302/528/63 325/554/63 329/557/63 307/529/63
f 307/529/64 329/557/64 334/568/64 311/530/64
f 311/648/143 334/567/143 327/566/143 303/649/143
f 326/647/97 315/647/97 323/647/97 331/647/97
f 331/647/97 323/647/97 319/647/97 335/647/97
f 335/647/97 319/647/97 314/647/97 327/647/97
f 361/607/69 313/537/69 317/540/69 364/608/69
f 364/608/70 317/540/70 322/551/70 368/611/70
f 368/616/136 322/650/136 315/651/136 362/613/136
f 325/554/72 373/626/72 377/629/72 328/555/72
f 328/555/73 377/629/73 382/642/73 332/558/73
f 332/652/137 382/641/137 375/640/137 326/653/137
f 374/654/138 363/654/138 371/655/138 379/655/138
f 379/655/139 371/655/139 367/656/139 383/656/139
f 383/647/96 367/647/96 362/647/96 375/647/96
f 337/571/78 361/607/78 365/610/78 340/572/78
f 340/572/79 365/610/79 370/623/79 344/657/79
f 344/576/80 370/620/80 363/619/80 338/579/80
f 373/626/81 349/589/81 353/592/81 376/627/81
f 376/627/82 353/592/82 358/658/82 380/630/82
f 380/635/83 358/604/83 351/603/83 374/632/83
f 350/647/120 339/647/120 347/647/120 355/647/120
f 355/659/121 347/660/121 343/661/121 359/662/121
f 359/662/93 343/661/93 338/663/93 351/663/93
f 289/503/87 337/571/87 341/574/87 292/504/87
f 292/504/88 341/574/88 346/587/88 296/507/88
f 296/512/123 346/584/123 339/583/123 290/509/123
f 349/589/90 302/528/90 308/525/90 352/590/90
f 352/590/91 308/525/91 304/524/91 356/593/91
f 356/598/124 304/521/124 301/520/124 350/595/124
f 313/537/93 361/607/93 337/571/93 289/503/93
f 291/647/97 303/647/97 327/647/97 314/647/97
f 339/647/97 350/647/97 301/647/97 290/647/97
f 373/626/96 325/554/96 302/528/96 349/589/96
f 315/647/97 326/647/97 375/647/97 362/647/97
f 363/664/97 374/664/97 351/664/97 338/664/97
f 385/665/1 388/666/1 390/667/1 389/668/1
f 388/666/2 392/669/2 393/670/2 390/667/2
f 386/671/3 391/672/3 393/673/3 392/674/3
f 391/672/4 395/675/4 396/676/4 393/673/4
f 387/677/5 394/678/5 396/676/5 395/675/5
f 394/679/99 389/668/99 390/667/99 396/680/99
f 390/681/126 393/673/126 396/676/126
f 397/682/8 400/683/8 402/684/8 401/685/8
f 400/686/9 404/687/9 405/688/9 402/689/9
f 398/690/10 403/691/10 405/688/10 404/687/10
f 403/691/11 407/692/11 408/693/11 405/688/11
f 399/694/12 406/695/12 408/696/12 407/697/12
f 406/695/13 401/685/13 402/684/13 408/696/13
f 402/684/101 405/698/101 408/696/101
f 409/699/15 412/700/15 414/701/15 413/702/15
f 412/700/16 416/703/16 417/704/16 414/701/16
f 410/705/17 415/706/17 417/707/17 416/708/17
f 415/706/103 419/709/103 420/710/103 417/707/103
f 411/711/19 418/712/19 420/710/19 419/709/19
f 418/713/20 413/702/20 414/701/20 420/714/20
f 414/715/104 417/707/104 420/710/104
f 421/716/22 424/717/22 426/718/22 425/719/22
f 424/717/23 428/720/23 429/721/23 426/718/23
f 422/722/24 427/723/24 429/724/24 428/725/24
f 427/723/25 431/726/25 432/727/25 429/724/25
f 423/728/26 430/729/26 432/727/26 431/726/26
f 430/730/27 425/719/27 426/718/27 432/731/27
f 426/732/105 429/724/105 432/727/105
f 433/733/29 436/734/29 438/735/29 437/736/29
f 436/737/144 440/738/144 441/739/144 438/740/144
f 434/741/31 439/742/31 441/739/31 440/738/31
f 439/742/32 443/743/32 444/744/32 441/739/32
f 435/745/33 442/746/33 444/747/33 443/748/33
f 442/749/34 437/736/34 438/735/34 444/750/34
f 438/740/130 441/739/130 444/744/130
f 445/751/36 448/752/36 450/753/36 449/754/36
f 448/752/37 452/755/37 453/756/37 450/753/37
f 446/757/38 451/758/38 453/759/38 452/760/38
f 451/761/39 455/762/39 456/763/39 453/764/39
f 447/765/40 454/766/40 456/763/40 455/762/40
f 454/766/41 449/767/41 450/768/41 456/763/41
f 450/768/110 453/764/110 456/763/110
f 457/769/43 460/770/43 462/771/43 461/772/43
f 460/770/44 464/773/44 465/774/44 462/771/44
f 458/775/45 463/776/45 465/777/45 464/778/45
f 463/776/46 467/779/46 468/780/46 465/777/46
f 459/781/47 466/782/47 468/783/47 467/784/47
f 466/785/48 461/772/48 462/771/48 468/786/48
f 462/787/112 465/777/112 468/780/112
f 469/788/50 472/789/50 474/790/50 473/791/50
f 472/789/51 476/792/51 477/793/51 474/790/51
f 470/794/52 475/795/52 477/796/52 476/797/52
f 475/798/53 479/799/53 480/800/53 477/801/53
f 471/802/54 478/803/54 480/800/54 479/799/54
f 478/804/55 473/791/55 474/790/55 480/805/55
f 474/806/114 477/801/114 480/800/114
f 409/699/57 385/665/57 389/668/57 412/700/57
f 412/700/58 389/668/58 394/679/58 416/703/58
f 416/708/59 394/807/59 387/808/59 410/705/59
f 386/809/97 397/809/97 401/809/97 391/809/97
f 391/809/97 401/809/97 406/809/97 395/809/97
f 395/809/97 406/809/97 399/809/97 387/809/97
f 398/690/115 421/716/115 425/719/115 403/691/115
f 403/691/64 425/719/64 430/730/64 407/692/64
f 407/810/65 430/729/65 423/728/65 399/811/65
f 422/809/133 411/809/133 419/809/133 427/809/133
f 427/812/134 419/813/134 415/814/134 431/815/134
f 431/815/93 415/814/93 410/816/93 423/816/93
f 457/769/69 409/699/69 413/702/69 460/770/69
f 460/770/70 413/702/70 418/713/70 464/773/70
f 464/778/136 418/817/136 411/818/136 458/775/136
f 421/716/72 469/788/72 473/791/72 424/717/72
f 424/717/73 473/791/73 478/804/73 428/720/73
f 428/819/137 478/803/137 471/802/137 422/820/137
f 470/809/97 459/809/97 467/809/97 475/809/97
f 475/809/97 467/809/97 463/809/97 479/809/97
f 479/809/97 463/809/97 458/809/97 471/809/97
f 433/733/78 457/769/78 461/772/78 436/734/78
f 436/734/79 461/772/79 466/785/79 440/821/79
f 440/738/80 466/782/80 459/781/80 434/741/80
f 469/788/81 445/751/81 449/754/81 472/789/81
f 472/789/82 449/754/82 454/822/82 476/792/82
f 476/797/145 454/766/145 447/765/145 470/794/145
f 446/809/97 435/809/97 443/809/97 451/809/97
f 451/809/97 443/809/97 439/809/97 455/809/97
f 455/809/97 439/809/97 434/809/97 447/809/97
f 385/665/87 433/733/87 437/736/87 388/666/87
f 388/666/88 437/736/88 442/749/88 392/669/88
f 392/674/123 442/746/123 435/745/123 386/671/123
f 445/751/90 398/690/90 404/687/90 448/752/90
f 448/752/91 404/687/91 400/686/91 452/755/91
f 452/760/124 400/683/124 397/682/124 446/757/124
f 409/699/93 457/769/93 433/733/93 385/665/93
f 387/809/97 399/809/97 423/809/97 410/809/97
f 435/809/97 446/809/97 397/809/97 386/809/97
f 469/788/96 421/716/96 398/690/96 445/751/96
f 411/809/97 422/809/97 471/809/97 458/809/97
f 459/809/97 470/809/97 447/809/97 434/809/97
usemtl M_BoardSquares
f 481/823/96 482/824/96 492/825/96 491/826/96
f 482/824/96 483/827/96 493/828/96 492/825/96
f 483/827/96 484/829/96 494/830/96 493/828/96
f 484/829/96 485/831/96 495/832/96 494/830/96
f 485/831/96 486/833/96 496/834/96 495/832/96
f 486/833/96 487/835/96 497/836/96 496/834/96
f 487/835/96 488/837/96 498/838/96 497/836/96
f 488/837/96 489/839/96 499/840/96 498/838/96
f 489/839/96 490/841/96 500/842/96 499/840/96
f 491/826/96 492/825/96 502/843/96 501/844/96
f 492/825/96 493/828/96 503/845/96 502/843/96
f 493/828/96 494/830/96 504/846/96 503/845/96
f 494/830/96 495/832/96 505/847/96 504/846/96
f 495/832/96 496/834/96 506/848/96 505/847/96
f 496/834/96 497/836/96 507/849/96 506/848/96
f 497/836/96 498/838/96 508/850/96 507/849/96
f 498/838/96 499/840/96 509/851/96 508/850/96
f 499/840/96 500/842/96 510/852/96 509/851/96
f 501/844/96 502/843/96 512/853/96 511/854/96
f 502/843/96 503/845/96 513/855/96 512/853/96
f 503/845/96 504/846/96 514/856/96 513/855/96
f 504/846/96 505/847/96 515/857/96 514/856/96
f 505/847/96 506/848/96 516/858/96 515/857/96
f 506/848/96 507/849/96 517/859/96 516/858/96
f 507/849/96 508/850/96 518/860/96 517/859/96
f 508/850/96 509/851/96 519/861/96 518/860/96
f 509/851/96 510/852/96 520/862/96 519/861/96
f 511/854/96 512/853/96 522/863/96 521/864/96
f 512/853/96 513/855/96 523/865/96 522/863/96
f 513/855/96 514/856/96 524/866/96 523/865/96
f 514/856/96 515/857/96 525/867/96 524/866/96
f 515/857/96 516/858/96 526/868/96 525/867/96
f 516/858/96 517/859/96 527/869/96 526/868/96
f 517/859/96 518/860/96 528/870/96 527/869/96
f 518/860/96 519/861/96 529/871/96 528/870/96
f 519/861/96 520/862/96 530/872/96 529/871/96
f 521/864/96 522/863/96 532/873/96 531/874/96
f 522/863/96 523/865/96 533/875/96 532/873/96
f 523/865/96 524/866/96 534/876/96 533/875/96
f 524/866/96 525/867/96 535/877/96 534/876/96
f 525/867/96 526/868/96 536/878/96 535/877/96
f 526/868/96 527/869/96 537/879/96 536/878/96
f 527/869/96 528/870/96 538/880/96 537/879/96
f 528/870/96 529/871/96 539/881/96 538/880/96
f 529/871/96 530/872/96 540/882/96 539/881/96
f 531/874/96 532/873/96 542/883/96 541/884/96
f 532/873/96 533/875/96 543/885/96 542/883/96
f 533/875/96 534/876/96 544/886/96 543/885/96
f 534/876/96 535/877/96 545/887/96 544/886/96
f 535/877/96 536/878/96 546/888/96 545/887/96
f 536/878/96 537/879/96 547/889/96 546/888/96
f 537/879/96 538/880/96 548/890/96 547/889/96
f 538/880/96 539/881/96 549/891/96 548/890/96
f 539/881/96 540/882/96 550/892/96 549/891/96
f 541/884/96 542/883/96 552/893/96 551/894/96
f 542/883/96 543/885/96 553/895/96 552/893/96
f 543/885/96 544/886/96 554/896/96 553/895/96
f 544/886/96 545/887/96 555/897/96 554/896/96
f 545/887/96 546/888/96 556/898/96 555/897/96
f 546/888/96 547/889/96 557/899/96 556/898/96
f 547/889/96 548/890/96 558/900/96 557/899/96
f 548/890/96 549/891/96 559/901/96 558/900/96
f 549/891/96 550/892/96 560/902/96 559/901/96
f 551/894/96 552/893/96 562/903/96 561/904/96
f 552/893/96 553/895/96 563/905/96 562/903/96
f 553/895/96 554/896/96 564/906/96 563/905/96
f 554/896/96 555/897/96 565/907/96 564/906/96
f 555/897/96 556/898/96 566/908/96 565/907/96
f 556/898/96 557/899/96 567/909/96 566/908/96
f 557/899/96 558/900/96 568/910/96 567/909/96
f 558/900/96 559/901/96 569/911/96 568/910/96
f 559/901/96 560/902/96 570/912/96 569/911/96
f 561/904/96 562/903/96 572/913/96 571/914/96
f 562/903/96 563/905/96 573/915/96 572/913/96
f 563/905/96 564/906/96 574/916/96 573/915/96
f 564/906/96 565/907/96 575/917/96 574/916/96
f 565/907/96 566/908/96 576/918/96 575/917/96
f 566/908/96 567/909/96 577/919/96 576/918/96
f 567/909/96 568/910/96 578/920/96 577/919/96
f 568/910/96 569/911/96 579/921/96 578/920/96
f 569/911/96 570/912/96 580/922/96 579/921/96
usemtl M_Brass
f 581/923/1 584/924/1 586/925/1 585/926/1
f 584/924/146 588/927/146 589/928/146 586/925/146
f 582/929/147 587/930/147 589/931/147 588/932/147
f 587/930/148 591/933/148 592/934/148 589/931/148
f 583/935/5 590/936/5 592/934/5 591/933/5
f 590/937/149 585/926/149 586/925/149 592/938/149
f 586/939/150 589/931/150 592/934/150
f 593/940/151 596/941/151 598/942/151 597/943/151
f 596/944/152 600/945/152 601/946/152 598/947/152
f 594/948/10 599/949/10 601/946/10 600/945/10
f 599/949/153 603/950/153 604/951/153 601/946/153
f 595/952/12 602/953/12 604/954/12 603/955/12
f 602/953/154 597/943/154 598/942/154 604/954/154
f 598/942/155 601/956/155 604/954/155
f 605/957/15 608/958/15 610/959/15 609/960/15
f 608/958/156 612/961/156 613/962/156 610/959/156
f 606/963/157 611/964/157 613/965/157 612/966/157
f 611/964/158 615/967/158 616/968/158 613/965/158
f 607/969/159 614/970/159 616/968/159 615/967/159
f 614/971/20 609/960/20 610/959/20 616/972/20
f 610/973/160 613/965/160 616/968/160
f 617/974/22 620/975/22 622/976/22 621/977/22
f 620/975/161 624/978/161 625/979/161 622/976/161
f 618/980/162 623/981/162 625/982/162 624/983/162
f 623/981/163 627/984/163 628/985/163 625/982/163
f 619/986/26 626/987/26 628/985/26 627/984/26
f 626/988/164 621/977/164 622/976/164 628/989/164
f 622/990/165 625/982/165 628/985/165
f 629/991/29 632/992/29 634/993/29 633/994/29
f 632/995/30 636/996/30 637/997/30 634/998/30
f 630/999/166 635/1000/166 637/997/166 636/996/166
f 635/1000/167 639/1001/167 640/1002/167 637/997/167
f 631/1003/33 638/1004/33 640/1005/33 639/1006/33
f 638/1007/168 633/994/168 634/993/168 640/1008/168
f 634/998/108 637/997/108 640/1002/108
f 641/1009/36 644/1010/36 646/1011/36 645/1012/36
f 644/1010/169 648/1013/169 649/1014/169 646/1011/169
f 642/1015/38 647/1016/38 649/1017/38 648/1018/38
f 647/1019/170 651/1020/170 652/1021/170 649/1022/170
f 643/1023/40 650/1024/40 652/1021/40 651/1020/40
f 650/1024/41 645/1025/41 646/1026/41 652/1021/41
f 646/1026/171 649/1022/171 652/1021/171
f 653/1027/43 656/1028/43 658/1029/43 657/1030/43
f 656/1028/172 660/1031/172 661/1032/172 658/1029/172
f 654/1033/45 659/1034/45 661/1035/45 660/1036/45
f 659/1034/173 663/1037/173 664/1038/173 661/1035/173
f 655/1039/47 662/1040/47 664/1041/47 663/1042/47
f 662/1043/48 657/1030/48 658/1029/48 664/1044/48
f 658/1045/132 661/1035/132 664/1038/132
f 665/1046/50 668/1047/50 670/1048/50 669/1049/50
f 668/1047/51 672/1050/51 673/1051/51 670/1048/51
f 666/1052/52 671/1053/52 673/1054/52 672/1055/52
f 671/1056/174 675/1057/174 676/1058/174 673/1059/174
f 667/1060/54 674/1061/54 676/1058/54 675/1057/54
f 674/1062/55 669/1049/55 670/1048/55 676/1063/55
f 670/1064/175 673/1059/175 676/1058/175
f 605/957/57 581/923/57 585/926/57 608/958/57
f 608/958/58 585/926/58 590/937/58 612/961/58
f 612/966/176 590/1065/176 583/1066/176 606/963/176
f 582/1067/97 593/1067/97 597/1067/97 587/1067/97
f 587/1067/97 597/1067/97 602/1067/97 591/1067/97
f 591/1067/97 602/1067/97 595/1067/97 583/1067/97
f 594/948/63 617/974/63 621/977/63 599/949/63
f 599/949/64 621/977/64 626/988/64 603/950/64
f 603/1068/143 626/987/143 619/986/143 595/1069/143
f 618/1067/97 607/1067/97 615/1067/97 623/1067/97
f 623/1067/97 615/1067/97 611/1067/97 627/1067/97
f 627/1067/97 611/1067/97 606/1067/97 619/1067/97
f 653/1027/69 605/957/69 609/960/69 656/1028/69
f 656/1028/70 609/960/70 614/971/70 660/1031/70
f 660/1036/136 614/1070/136 607/1071/136 654/1033/136
f 617/974/72 665/1046/72 669/1049/72 620/975/72
f 620/975/73 669/1049/73 674/1062/73 624/978/73
f 624/1072/137 674/1061/137 667/1060/137 618/1073/137
f 666/1067/97 655/1067/97 663/1067/97 671/1067/97
f 671/1067/97 663/1067/97 659/1067/97 675/1067/97
f 675/1067/97 659/1067/97 654/1067/97 667/1067/97
f 629/991/78 653/1027/78 657/1030/78 632/992/78
f 632/992/79 657/1030/79 662/1043/79 636/1074/79
f 636/996/80 662/1040/80 655/1039/80 630/999/80
f 665/1046/81 641/1009/81 645/1012/81 668/1047/81
f 668/1047/82 645/1012/82 650/1075/82 672/1050/82
f 672/1055/83 650/1024/83 643/1023/83 666/1052/83
f 642/1067/97 631/1067/97 639/1067/97 647/1067/97
f 647/1067/97 639/1067/97 635/1067/97 651/1067/97
f 651/1067/97 635/1067/97 630/1067/97 643/1067/97
f 581/923/87 629/991/87 633/994/87 584/924/87
f 584/924/88 633/994/88 638/1007/88 588/927/88
f 588/932/89 638/1004/89 631/1003/89 582/929/89
f 641/1009/90 594/948/90 600/945/90 644/1010/90
f 644/1010/91 600/945/91 596/944/91 648/1013/91
f 648/1018/92 596/941/92 593/940/92 642/1015/92
f 605/957/93 653/1027/93 629/991/93 581/923/93
f 583/1067/97 595/1067/97 619/1067/97 606/1067/97
f 631/1067/97 642/1067/97 593/1067/97 582/1067/97
f 665/1046/96 617/974/96 594/948/96 641/1009/96
f 607/1067/97 618/1067/97 667/1067/97 654/1067/97
f 655/1067/97 666/1067/97 643/1067/97 630/1067/97
f 682/1076/177 681/1077/177 689/1078/177
f 790/1079/178 680/1080/178 687/1081/178 688/1082/178
f 679/1083/179 678/1084/179 685/1085/179 686/1086/179
f 789/1087/180 788/1088/180 683/1089/180 684/1090/180
f 681/1077/181 790/1079/181 688/1082/181 689/1078/181
f 680/1091/182 679/1083/182 686/1086/182 687/1092/182
f 678/1093/183 789/1087/183 684/1090/183 685/1094/183
f 788/1088/184 677/1095/184 683/1089/184
f 689/1078/185 688/1082/185 695/1096/185 696/1097/185
f 687/1092/186 686/1086/186 693/1098/186 694/1099/186
f 685/1094/187 684/1090/187 691/1100/187 692/1101/187
f 683/1089/188 677/1095/188 690/1102/188
f 682/1076/189 689/1078/189 696/1097/189
f 688/1082/190 687/1081/190 694/1103/190 695/1096/190
f 686/1086/191 685/1085/191 692/1104/191 693/1098/191
f 684/1090/192 683/1089/192 690/1102/192 691/1100/192
f 694/1099/193 693/1098/193 700/1105/193 701/1106/193
f 692/1101/194 691/1100/194 698/1107/194 699/1108/194
f 690/1102/195 677/1095/195 697/1109/195
f 682/1076/196 696/1097/196 703/1110/196
f 695/1096/197 694/1103/197 701/1111/197 702/1112/197
f 693/1098/198 692/1104/198 699/1113/198 700/1105/198
f 691/1100/199 690/1102/199 697/1109/199 698/1107/199
f 696/1097/200 695/1096/200 702/1112/200 703/1110/200
f 682/1076/201 703/1110/201 710/1114/201
f 702/1112/202 701/1111/202 708/1115/202 709/1116/202
f 700/1117/203 699/1118/203 706/1119/203 707/1120/203
f 698/1107/204 697/1109/204 704/1121/204 705/1122/204
f 703/1110/205 702/1112/205 709/1116/205 710/1114/205
f 701/1123/206 700/1117/206 707/1120/206 708/1124/206
f 699/1108/207 698/1107/207 705/1122/207 706/1125/207
f 697/1109/208 677/1095/208 704/1121/208
f 707/1120/209 706/1119/209 713/1126/209 714/1127/209
f 705/1122/210 704/1121/210 711/1128/210 712/1129/210
f 710/1114/211 709/1116/211 716/1130/211 717/1131/211
f 708/1124/212 707/1120/212 714/1127/212 715/1132/212
f 706/1125/213 705/1122/213 712/1129/213 713/1133/213
f 704/1121/214 677/1095/214 711/1128/214
f 682/1076/215 710/1114/215 717/1131/215
f 709/1116/216 708/1115/216 715/1134/216 716/1130/216
f 717/1131/217 716/1130/217 723/1135/217 724/1136/217
f 715/1132/218 714/1127/218 721/1137/218 722/1138/218
f 713/1133/219 712/1129/219 719/1139/219 720/1140/219
f 711/1128/220 677/1095/220 718/1141/220
f 682/1076/221 717/1131/221 724/1136/221
f 716/1130/222 715/1134/222 722/1142/222 723/1135/222
f 714/1127/223 713/1126/223 720/1143/223 721/1137/223
f 712/1129/224 711/1128/224 718/1141/224 719/1139/224
f 720/1140/225 719/1139/225 726/1144/225 727/1145/225
f 718/1141/226 677/1095/226 725/1146/226
f 682/1076/227 724/1136/227 731/1147/227
f 723/1135/228 722/1142/228 729/1148/228 730/1149/228
f 721/1137/229 720/1143/229 727/1150/229 728/1151/229
f 719/1139/230 718/1141/230 725/1146/230 726/1144/230
f 724/1136/231 723/1135/231 730/1149/231 731/1147/231
f 722/1138/232 721/1137/232 728/1151/232 729/1152/232
f 682/1076/233 731/1147/233 738/1153/233
f 730/1149/234 729/1148/234 736/1154/234 737/1155/234
f 728/1156/235 727/1157/235 734/1158/235 735/1159/235
f 726/1144/236 725/1146/236 732/1160/236 733/1161/236
f 731/1147/237 730/1149/237 737/1155/237 738/1153/237
f 729/1162/238 728/1156/238 735/1159/238 736/1163/238
f 727/1145/239 726/1144/239 733/1161/239 734/1164/239
f 725/1146/240 677/1095/240 732/1160/240
f 733/1161/241 732/1160/241 739/1165/241 740/1166/241
f 738/1153/242 737/1155/242 744/1167/242 745/1168/242
f 736/1163/243 735/1159/243 742/1169/243 743/1170/243
f 734/1164/244 733/1161/244 740/1166/244 741/1171/244
f 732/1160/245 677/1095/245 739/1165/245
f 682/1076/246 738/1153/246 745/1168/246
f 737/1155/247 736/1154/247 743/1172/247 744/1167/247
f 735/1159/248 734/1158/248 741/1173/248 742/1169/248
f 745/1168/249 744/1167/249 751/1174/249 752/1175/249
f 743/1170/250 742/1169/250 749/1176/250 750/1177/250
f 741/1171/251 740/1166/251 747/1178/251 748/1179/251
f 739/1165/252 677/1095/252 746/1180/252
f 682/1076/253 745/1168/253 752/1175/253
f 744/1167/254 743/1172/254 750/1181/254 751/1174/254
f 742/1169/255 741/1173/255 748/1182/255 749/1176/255
f 740/1166/256 739/1165/256 746/1180/256 747/1178/256
f 746/1180/257 677/1095/257 753/1183/257
f 682/1076/258 752/1175/258 759/1184/258
f 751/1174/259 750/1181/259 757/1185/259 758/1186/259
f 749/1176/260 748/1182/260 755/1187/260 756/1188/260
f 747/1178/261 746/1180/261 753/1183/261 754/1189/261
f 752/1175/262 751/1174/262 758/1186/262 759/1184/262
f 750/1177/263 749/1176/263 756/1188/263 757/1190/263
f 748/1179/264 747/1178/264 754/1189/264 755/1191/264
f 758/1186/265 757/1185/265 764/1192/265 765/1193/265
f 756/1188/266 755/1187/266 762/1194/266 763/1195/266
f 754/1189/267 753/1183/267 760/1196/267 761/1197/267
f 759/1184/268 758/1186/268 765/1193/268 766/1198/268
f 757/1190/269 756/1188/269 763/1195/269 764/1199/269
f 755/1191/270 754/1189/270 761/1197/270 762/1200/270
f 753/1183/271 677/1095/271 760/1196/271
f 682/1076/272 759/1184/272 766/1198/272
f 766/1198/273 765/1193/273 772/1201/273 773/1202/273
f 764/1203/274 763/1204/274 770/1205/274 771/1206/274
f 762/1200/275 761/1197/275 768/1207/275 769/1208/275
f 760/1196/276 677/1095/276 767/1209/276
f 682/1076/277 766/1198/277 773/1202/277
f 765/1193/278 764/1192/278 771/1210/278 772/1201/278
f 763/1204/279 762/1211/279 769/1212/279 770/1205/279
f 761/1197/280 760/1196/280 767/1209/280 768/1207/280
f 771/1206/281 770/1205/281 777/1213/281 778/1214/281
f 769/1208/282 768/1207/282 775/1215/282 776/1216/282
f 767/1209/283 677/1095/283 774/1217/283
f 682/1076/284 773/1202/284 780/1218/284
f 772/1201/285 771/1210/285 778/1219/285 779/1220/285
f 770/1205/286 769/1212/286 776/1221/286 777/1213/286
f 768/1207/287 767/1209/287 774/1217/287 775/1215/287
f 773/1202/288 772/1201/288 779/1220/288 780/1218/288
f 682/1076/289 780/1218/289 787/1222/289
f 779/1220/290 778/1219/290 785/1223/290 786/1224/290
f 777/1213/291 776/1221/291 783/1225/291 784/1226/291
f 775/1215/292 774/1217/292 781/1227/292 782/1228/292
f 780/1218/293 779/1220/293 786/1224/293 787/1222/293
f 778/1214/294 777/1213/294 784/1226/294 785/1229/294
f 776/1216/295 775/1215/295 782/1228/295 783/1230/295
f 774/1217/296 677/1095/296 781/1227/296
f 784/1226/297 783/1225/297 678/1231/297 679/1232/297
f 782/1228/298 781/1227/298 788/1088/298 789/1087/298
f 787/1222/299 786/1224/299 790/1079/299 681/1077/299
f 785/1229/300 784/1226/300 679/1232/300 680/1233/300
f 783/1230/301 782/1228/301 789/1087/301 678/1093/301
f 781/1227/302 677/1095/302 788/1088/302
f 682/1076/303 787/1222/303 681/1077/303
f 786/1224/304 785/1223/304 680/1080/304 790/1079/304
f 791/1234/1 794/1235/1 796/1236/1 795/1237/1
f 794/1235/305 798/1238/305 799/1239/305 796/1236/305
f 792/1240/147 797/1241/147 799/1242/147 798/1243/147
f 797/1241/306 801/1244/306 802/1245/306 799/1242/306
f 793/1246/5 800/1247/5 802/1245/5 801/1244/5
f 800/1248/307 795/1237/307 796/1236/307 802/1249/307
f 796/1250/150 799/1242/150 802/1245/150
f 803/1251/151 806/1252/151 808/1253/151 807/1254/151
f 806/1255/9 810/1256/9 811/1257/9 808/1258/9
f 804/1259/10 809/1260/10 811/1257/10 810/1256/10
f 809/1260/308 813/1261/308 814/1262/308 811/1257/308
f 805/1263/309 812/1264/309 814/1265/309 813/1266/309
f 812/1264/310 807/1254/310 808/1253/310 814/1265/310
f 808/1253/155 811/1267/155 814/1265/155
f 815/1268/15 818/1269/15 820/1270/15 819/1271/15
f 818/1269/311 822/1272/311 823/1273/311 820/1270/311
f 816/1274/17 821/1275/17 823/1276/17 822/1277/17
f 821/1275/312 825/1278/312 826/1279/312 823/1276/312
f 817/1280/159 824/1281/159 826/1279/159 825/1278/159
f 824/1282/313 819/1271/313 820/1270/313 826/1283/313
f 820/1284/160 823/1276/160 826/1279/160
f 827/1285/22 830/1286/22 832/1287/22 831/1288/22
f 830/1286/314 834/1289/314 835/1290/314 832/1287/314
f 828/1291/162 833/1292/162 835/1293/162 834/1294/162
f 833/1292/315 837/1295/315 838/1296/315 835/1293/315
f 829/1297/26 836/1298/26 838/1296/26 837/1295/26
f 836/1299/316 831/1288/316 832/1287/316 838/1300/316
f 832/1301/165 835/1293/165 838/1296/165
f 839/1302/29 842/1303/29 844/1304/29 843/1305/29
f 842/1306/30 846/1307/30 847/1308/30 844/1309/30
f 840/1310/31 845/1311/31 847/1308/31 846/1307/31
f 845/1311/317 849/1312/317 850/1313/317 847/1308/317
f 841/1314/33 848/1315/33 850/1316/33 849/1317/33
f 848/1318/34 843/1305/34 844/1304/34 850/1319/34
f 844/1309/108 847/1308/108 850/1313/108
f 851/1320/36 854/1321/36 856/1322/36 855/1323/36
f 854/1321/318 858/1324/318 859/1325/318 856/1322/318
f 852/1326/38 857/1327/38 859/1328/38 858/1329/38
f 857/1330/319 861/1331/319 862/1332/319 859/1333/319
f 853/1334/40 860/1335/40 862/1332/40 861/1331/40
f 860/1335/41 855/1336/41 856/1337/41 862/1332/41
f 856/1337/171 859/1333/171 862/1332/171
f 863/1338/43 866/1339/43 868/1340/43 867/1341/43
f 866/1339/320 870/1342/320 871/1343/320 868/1340/320
f 864/1344/45 869/1345/45 871/1346/45 870/1347/45
f 869/1345/321 873/1348/321 874/1349/321 871/1346/321
f 865/1350/47 872/1351/47 874/1352/47 873/1353/47
f 872/1354/48 867/1341/48 868/1340/48 874/1355/48
f 868/1356/132 871/1346/132 874/1349/132
f 875/1357/50 878/1358/50 880/1359/50 879/1360/50
f 878/1358/51 882/1361/51 883/1362/51 880/1359/51
f 876/1363/322 881/1364/322 883/1365/322 882/1366/322
f 881/1367/323 885/1368/323 886/1369/323 883/1370/323
f 877/1371/54 884/1372/54 886/1369/54 885/1368/54
f 884/1373/324 879/1360/324 880/1359/324 886/1374/324
f 880/1375/175 883/1370/175 886/1369/175
f 815/1268/57 791/1234/57 795/1237/57 818/1269/57
f 818/1269/58 795/1237/58 800/1248/58 822/1272/58
f 822/1277/176 800/1376/176 793/1377/176 816/1274/176
f 792/1378/97 803/1378/97 807/1378/97 797/1378/97
f 797/1378/97 807/1378/97 812/1378/97 801/1378/97
f 801/1378/97 812/1378/97 805/1378/97 793/1378/97
f 804/1259/63 827/1285/63 831/1288/63 809/1260/63
f 809/1260/64 831/1288/64 836/1299/64 813/1261/64
f 813/1379/143 836/1298/143 829/1297/143 805/1380/143
f 828/1378/97 817/1378/97 825/1378/97 833/1378/97
f 833/1378/97 825/1378/97 821/1378/97 837/1378/97
f 837/1378/97 821/1378/97 816/1378/97 829/1378/97
f 863/1338/69 815/1268/69 819/1271/69 866/1339/69
f 866/1339/70 819/1271/70 824/1282/70 870/1342/70
f 870/1347/71 824/1381/71 817/1382/71 864/1344/71
f 827/1285/72 875/1357/72 879/1360/72 830/1286/72
f 830/1286/73 879/1360/73 884/1373/73 834/1289/73
f 834/1383/74 884/1372/74 877/1371/74 828/1384/74
f 876/1378/97 865/1378/97 873/1378/97 881/1378/97
f 881/1378/97 873/1378/97 869/1378/97 885/1378/97
f 885/1378/97 869/1378/97 864/1378/97 877/1378/97
f 839/1302/78 863/1338/78 867/1341/78 842/1303/78
f 842/1303/79 867/1341/79 872/1354/79 846/1385/79
f 846/1307/80 872/1351/80 865/1350/80 840/1310/80
f 875/1357/81 851/1320/81 855/1323/81 878/1358/81
f 878/1358/82 855/1323/82 860/1386/82 882/1361/82
f 882/1366/83 860/1335/83 853/1334/83 876/1363/83
f 852/1378/97 841/1378/97 849/1378/97 857/1378/97
f 857/1378/97 849/1378/97 845/1378/97 861/1378/97
f 861/1378/97 845/1378/97 840/1378/97 853/1378/97
f 791/1234/87 839/1302/87 843/1305/87 794/1235/87
f 794/1235/88 843/1305/88 848/1318/88 798/1238/88
f 798/1243/123 848/1315/123 841/1314/123 792/1240/123
f 851/1320/90 804/1259/90 810/1256/90 854/1321/90
f 854/1321/91 810/1256/91 806/1255/91 858/1324/91
f 858/1329/124 806/1252/124 803/1251/124 852/1326/124
f 815/1268/93 863/1338/93 839/1302/93 791/1234/93
f 793/1378/97 805/1378/97 829/1378/97 816/1378/97
f 841/1378/97 852/1378/97 803/1378/97 792/1378/97
f 875/1357/96 827/1285/96 804/1259/96 851/1320/96
f 817/1378/97 828/1378/97 877/1378/97 864/1378/97
f 865/1378/97 876/1378/97 853/1378/97 840/1378/97
f 1000/1387/178 890/1388/178 897/1389/178 898/1390/178
f 889/1391/179 888/1392/179 895/1393/179 896/1394/179
f 999/1395/180 998/1396/180 893/1397/180 894/1398/180
f 891/1399/181 1000/1387/181 898/1390/181 899/1400/181
f 890/1401/182 889/1391/182 896/1394/182 897/1402/182
f 888/1403/183 999/1395/183 894/1398/183 895/1404/183
f 998/1396/184 887/1405/184 893/1397/184
f 892/1406/177 891/1399/177 899/1400/177
f 899/1400/185 898/1390/185 905/1407/185 906/1408/185
f 897/1402/186 896/1394/186 903/1409/186 904/1410/186
f 895/1404/187 894/1398/187 901/1411/187 902/1412/187
f 893/1397/188 887/1405/188 900/1413/188
f 892/1406/189 899/1400/189 906/1408/189
f 898/1390/190 897/1389/190 904/1414/190 905/1407/190
f 896/1394/191 895/1393/191 902/1415/191 903/1409/191
f 894/1398/192 893/1397/192 900/1413/192 901/1411/192
f 902/1412/325 901/1411/325 908/1416/325 909/1417/325
f 900/1413/195 887/1405/195 907/1418/195
f 892/1406/196 906/1408/196 913/1419/196
f 905/1407/326 904/1414/326 911/1420/326 912/1421/326
f 903/1409/198 902/1415/198 909/1422/198 910/1423/198
f 901/1411/199 900/1413/199 907/1418/199 908/1416/199
f 906/1408/200 905/1407/200 912/1421/200 913/1419/200
f 904/1410/193 903/1409/193 910/1423/193 911/1424/193
f 892/1406/201 913/1419/201 920/1425/201
f 912/1421/202 911/1420/202 918/1426/202 919/1427/202
f 910/1428/203 909/1429/203 916/1430/203 917/1431/203
f 908/1416/204 907/1418/204 914/1432/204 915/1433/204
f 913/1419/205 912/1421/205 919/1427/205 920/1425/205
f 911/1434/206 910/1428/206 917/1431/206 918/1435/206
f 909/1417/207 908/1416/207 915/1433/207 916/1436/207
f 907/1418/208 887/1405/208 914/1432/208
f 915/1433/210 914/1432/210 921/1437/210 922/1438/210
f 920/1425/211 919/1427/211 926/1439/211 927/1440/211
f 918/1435/212 917/1431/212 924/1441/212 925/1442/212
f 916/1436/213 915/1433/213 922/1438/213 923/1443/213
f 914/1432/214 887/1405/214 921/1437/214
f 892/1406/215 920/1425/215 927/1440/215
f 919/1427/216 918/1426/216 925/1444/216 926/1439/216
f 917/1431/209 916/1430/209 923/1445/209 924/1441/209
f 927/1440/217 926/1439/217 933/1446/217 934/1447/217
f 925/1442/218 924/1441/218 931/1448/218 932/1449/218
f 923/1443/327 922/1438/327 929/1450/327 930/1451/327
f 921/1437/220 887/1405/220 928/1452/220
f 892/1406/221 927/1440/221 934/1447/221
f 926/1439/328 925/1444/328 932/1453/328 933/1446/328
f 924/1441/223 923/1445/223 930/1454/223 931/1448/223
f 922/1438/224 921/1437/224 928/1452/224 929/1450/224
f 928/1452/226 887/1405/226 935/1455/226
f 892/1406/227 934/1447/227 941/1456/227
f 933/1446/228 932/1453/228 939/1457/228 940/1458/228
f 931/1448/229 930/1454/229 937/1459/229 938/1460/229
f 929/1450/230 928/1452/230 935/1455/230 936/1461/230
f 934/1447/231 933/1446/231 940/1458/231 941/1456/231
f 932/1449/232 931/1448/232 938/1460/232 939/1462/232
f 930/1451/225 929/1450/225 936/1461/225 937/1463/225
f 940/1458/234 939/1457/234 946/1464/234 947/1465/234
f 938/1466/235 937/1467/235 944/1468/235 945/1469/235
f 936/1461/236 935/1455/236 942/1470/236 943/1471/236
f 941/1456/237 940/1458/237 947/1465/237 948/1472/237
f 939/1473/238 938/1466/238 945/1469/238 946/1474/238
f 937/1463/239 936/1461/239 943/1471/239 944/1475/239
f 935/1455/240 887/1405/240 942/1470/240
f 892/1406/233 941/1456/233 948/1472/233
f 948/1472/242 947/1465/242 954/1476/242 955/1477/242
f 946/1474/243 945/1469/243 952/1478/243 953/1479/243
f 944/1475/244 943/1471/244 950/1480/244 951/1481/244
f 942/1470/245 887/1405/245 949/1482/245
f 892/1406/246 948/1472/246 955/1477/246
f 947/1465/247 946/1464/247 953/1483/247 954/1476/247
f 945/1469/248 944/1468/248 951/1484/248 952/1478/248
f 943/1471/241 942/1470/241 949/1482/241 950/1480/241
f 953/1479/329 952/1478/329 959/1485/329 960/1486/329
f 951/1481/251 950/1480/251 957/1487/251 958/1488/251
f 949/1482/252 887/1405/252 956/1489/252
f 892/1406/253 955/1477/253 962/1490/253
f 954/1476/254 953/1483/254 960/1491/254 961/1492/254
f 952/1478/255 951/1484/255 958/1493/255 959/1485/255
f 950/1480/256 949/1482/256 956/1489/256 957/1487/256
f 955/1477/249 954/1476/249 961/1492/249 962/1490/249
f 892/1406/258 962/1490/258 969/1494/258
f 961/1492/259 960/1491/259 967/1495/259 968/1496/259
f 959/1485/260 958/1493/260 965/1497/260 966/1498/260
f 957/1487/261 956/1489/261 963/1499/261 964/1500/261
f 962/1490/262 961/1492/262 968/1496/262 969/1494/262
f 960/1486/263 959/1485/263 966/1498/263 967/1501/263
f 958/1488/264 957/1487/264 964/1500/264 965/1502/264
f 956/1489/257 887/1405/257 963/1499/257
f 966/1498/266 965/1497/266 972/1503/266 973/1504/266
f 964/1500/267 963/1499/267 970/1505/267 971/1506/267
f 969/1494/268 968/1496/268 975/1507/268 976/1508/268
f 967/1501/269 966/1498/269 973/1504/269 974/1509/269
f 965/1502/270 964/1500/270 971/1506/270 972/1510/270
f 963/1499/271 887/1405/271 970/1505/271
f 892/1406/272 969/1494/272 976/1508/272
f 968/1496/265 967/1495/265 974/1511/265 975/1507/265
f 976/1508/273 975/1507/273 982/1512/273 983/1513/273
f 974/1514/274 973/1515/274 980/1516/274 981/1517/274
f 972/1510/275 971/1506/275 978/1518/275 979/1519/275
f 970/1505/276 887/1405/276 977/1520/276
f 892/1406/277 976/1508/277 983/1513/277
f 975/1507/278 974/1511/278 981/1521/278 982/1512/278
f 973/1515/279 972/1522/279 979/1523/279 980/1516/279
f 971/1506/280 970/1505/280 977/1520/280 978/1518/280
f 979/1519/282 978/1518/282 985/1524/282 986/1525/282
f 977/1520/283 887/1405/283 984/1526/283
f 892/1406/284 983/1513/284 990/1527/284
f 982/1512/285 981/1521/285 988/1528/285 989/1529/285
f 980/1516/286 979/1523/286 986/1530/286 987/1531/286
f 978/1518/287 977/1520/287 984/1526/287 985/1524/287
f 983/1513/288 982/1512/288 989/1529/288 990/1527/288
f 981/1517/281 980/1516/281 987/1531/281 988/1532/281
f 892/1406/289 990/1527/289 997/1533/289
f 989/1529/290 988/1528/290 995/1534/290 996/1535/290
f 987/1531/291 986/1530/291 993/1536/291 994/1537/291
f 985/1524/292 984/1526/292 991/1538/292 992/1539/292
f 990/1527/293 989/1529/293 996/1535/293 997/1533/293
f 988/1532/294 987/1531/294 994/1537/294 995/1540/294
f 986/1525/295 985/1524/295 992/1539/295 993/1541/295
f 984/1526/296 887/1405/296 991/1538/296
f 992/1539/298 991/1538/298 998/1396/298 999/1395/298
f 997/1533/299 996/1535/299 1000/1387/299 891/1399/299
f 995/1540/300 994/1537/300 889/1542/300 890/1543/300
f 993/1541/301 992/1539/301 999/1395/301 888/1403/301
f 991/1538/302 887/1405/302 998/1396/302
f 892/1406/303 997/1533/303 891/1399/303
f 996/1535/304 995/1534/304 890/1388/304 1000/1387/304
f 994/1537/297 993/1536/297 888/1544/297 889/1542/297
f 1001/1545/1 1004/1546/1 1006/1547/1 1005/1548/1
f 1004/1546/146 1008/1549/146 1009/1550/146 1006/1547/146
f 1002/1551/3 1007/1552/3 1009/1553/3 1008/1554/3
f 1007/1552/148 1011/1555/148 1012/1556/148 1009/1553/148
f 1003/1557/5 1010/1558/5 1012/1556/5 1011/1555/5
f 1010/1559/6 1005/1548/6 1006/1547/6 1012/1560/6
f 1006/1561/100 1009/1553/100 1012/1556/100
f 1013/1562/8 1016/1563/8 1018/1564/8 1017/1565/8
f 1016/1566/330 1020/1567/330 1021/1568/330 1018/1569/330
f 1014/1570/10 1019/1571/10 1021/1568/10 1020/1567/10
f 1019/1571/11 1023/1572/11 1024/1573/11 1021/1568/11
f 1015/1574/331 1022/1575/331 1024/1576/331 1023/1577/331
f 1022/1575/154 1017/1565/154 1018/1564/154 1024/1576/154
f 1018/1564/332 1021/1578/332 1024/1576/332
f 1025/1579/15 1028/1580/15 1030/1581/15 1029/1582/15
f 1028/1580/16 1032/1583/16 1033/1584/16 1030/1581/16
f 1026/1585/17 1031/1586/17 1033/1587/17 1032/1588/17
f 1031/1586/333 1035/1589/333 1036/1590/333 1033/1587/333
f 1027/1591/19 1034/1592/19 1036/1590/19 1035/1589/19
f 1034/1593/20 1029/1582/20 1030/1581/20 1036/1594/20
f 1030/1595/127 1033/1587/127 1036/1590/127
f 1037/1596/22 1040/1597/22 1042/1598/22 1041/1599/22
f 1040/1597/161 1044/1600/161 1045/1601/161 1042/1598/161
f 1038/1602/24 1043/1603/24 1045/1604/24 1044/1605/24
f 1043/1603/334 1047/1606/334 1048/1607/334 1045/1604/334
f 1039/1608/26 1046/1609/26 1048/1607/26 1047/1606/26
f 1046/1610/27 1041/1599/27 1042/1598/27 1048/1611/27
f 1042/1612/335 1045/1604/335 1048/1607/335
f 1049/1613/29 1052/1614/29 1054/1615/29 1053/1616/29
f 1052/1617/336 1056/1618/336 1057/1619/336 1054/1620/336
f 1050/1621/31 1055/1622/31 1057/1619/31 1056/1618/31
f 1055/1622/167 1059/1623/167 1060/1624/167 1057/1619/167
f 1051/1625/337 1058/1626/337 1060/1627/337 1059/1628/337
f 1058/1629/338 1053/1616/338 1054/1615/338 1060/1630/338
f 1054/1620/339 1057/1619/339 1060/1624/339
f 1061/1631/36 1064/1632/36 1066/1633/36 1065/1634/36
f 1064/1632/169 1068/1635/169 1069/1636/169 1066/1633/169
f 1062/1637/340 1067/1638/340 1069/1639/340 1068/1640/340
f 1067/1641/170 1071/1642/170 1072/1643/170 1069/1644/170
f 1063/1645/40 1070/1646/40 1072/1643/40 1071/1642/40
f 1070/1646/341 1065/1647/341 1066/1648/341 1072/1643/341
f 1066/1648/342 1069/1644/342 1072/1643/342
f 1073/1649/43 1076/1650/43 1078/1651/43 1077/1652/43
f 1076/1650/172 1080/1653/172 1081/1654/172 1078/1651/172
f 1074/1655/343 1079/1656/343 1081/1657/343 1080/1658/343
f 1079/1656/344 1083/1659/344 1084/1660/344 1081/1657/344
f 1075/1661/47 1082/1662/47 1084/1663/47 1083/1664/47
f 1082/1665/345 1077/1652/345 1078/1651/345 1084/1666/345
f 1078/1667/346 1081/1657/346 1084/1660/346
f 1085/1668/50 1088/1669/50 1090/1670/50 1089/1671/50
f 1088/1669/347 1092/1672/347 1093/1673/347 1090/1670/347
f 1086/1674/348 1091/1675/348 1093/1676/348 1092/1677/348
f 1091/1678/349 1095/1679/349 1096/1680/349 1093/1681/349
f 1087/1682/350 1094/1683/350 1096/1680/350 1095/1679/350
f 1094/1684/55 1089/1671/55 1090/1670/55 1096/1685/55
f 1090/1686/351 1093/1681/351 1096/1680/351
f 1025/1579/57 1001/1545/57 1005/1548/57 1028/1580/57
f 1028/1580/58 1005/1548/58 1010/1559/58 1032/1583/58
f 1032/1588/59 1010/1687/59 1003/1688/59 1026/1585/59
f 1002/1689/97 1013/1689/97 1017/1689/97 1007/1689/97
f 1007/1689/97 1017/1689/97 1022/1689/97 1011/1689/97
f 1011/1689/97 1022/1689/97 1015/1689/97 1003/1689/97
f 1014/1570/63 1037/1596/63 1041/1599/63 1019/1571/63
f 1019/1571/64 1041/1599/64 1046/1610/64 1023/1572/64
f 1023/1690/65 1046/1609/65 1039/1608/65 1015/1691/65
f 1038/1689/97 1027/1689/97 1035/1689/97 1043/1689/97
f 1043/1689/97 1035/1689/97 1031/1689/97 1047/1689/97
f 1047/1689/97 1031/1689/97 1026/1689/97 1039/1689/97
f 1073/1649/69 1025/1579/69 1029/1582/69 1076/1650/69
f 1076/1650/70 1029/1582/70 1034/1593/70 1080/1653/70
f 1080/1658/136 1034/1692/136 1027/1693/136 1074/1655/136
f 1037/1596/72 1085/1668/72 1089/1671/72 1040/1597/72
f 1040/1597/73 1089/1671/73 1094/1684/73 1044/1600/73
f 1044/1694/137 1094/1683/137 1087/1682/137 1038/1695/137
f 1086/1689/97 1075/1689/97 1083/1689/97 1091/1689/97
f 1091/1689/97 1083/1689/97 1079/1689/97 1095/1689/97
f 1095/1689/97 1079/1689/97 1074/1689/97 1087/1689/97
f 1049/1613/78 1073/1649/78 1077/1652/78 1052/1614/78
f 1052/1614/79 1077/1652/79 1082/1665/79 1056/1696/79
f 1056/1618/352 1082/1662/352 1075/1661/352 1050/1621/352
f 1085/1668/81 1061/1631/81 1065/1634/81 1088/1669/81
f 1088/1669/82 1065/1634/82 1070/1697/82 1092/1672/82
f 1092/1677/145 1070/1646/145 1063/1645/145 1086/1674/145
f 1062/1689/97 1051/1689/97 1059/1689/97 1067/1689/97
f 1067/1689/97 1059/1689/97 1055/1689/97 1071/1689/97
f 1071/1689/97 1055/1689/97 1050/1689/97 1063/1689/97
f 1001/1545/87 1049/1613/87 1053/1616/87 1004/1546/87
f 1004/1546/88 1053/1616/88 1058/1629/88 1008/1549/88
f 1008/1554/89 1058/1626/89 1051/1625/89 1002/1551/89
f 1061/1631/90 1014/1570/90 1020/1567/90 1064/1632/90
f 1064/1632/91 1020/1567/91 1016/1566/91 1068/1635/91
f 1068/1640/92 1016/1563/92 1013/1562/92 1062/1637/92
f 1025/1579/93 1073/1649/93 1049/1613/93 1001/1545/93
f 1003/1689/97 1015/1689/97 1039/1689/97 1026/1689/97
f 1051/1689/97 1062/1689/97 1013/1689/97 1002/1689/97
f 1085/1668/96 1037/1596/96 1014/1570/96 1061/1631/96
f 1027/1689/97 1038/1689/97 1087/1689/97 1074/1689/97
f 1075/1689/97 1086/1689/97 1063/1689/97 1050/1689/97
f 1100/1698/182 1099/1699/182 1106/1700/182 1107/1701/182
f 1098/1702/183 1209/1703/183 1104/1704/183 1105/1705/183
f 1208/1706/184 1097/1707/184 1103/1708/184
f 1102/1709/177 1101/1710/177 1109/1711/177
f 1210/1712/178 1100/1713/178 1107/1714/178 1108/1715/178
f 1099/1699/179 1098/1716/179 1105/1717/179 1106/1700/179
f 1209/1703/180 1208/1706/180 1103/1708/180 1104/1704/180
f 1101/1710/181 1210/1712/181 1108/1715/181 1109/1711/181
f 1102/1709/189 1109/1711/189 1116/1718/189
f 1108/1715/190 1107/1714/190 1114/1719/190 1115/1720/190
f 1106/1700/191 1105/1717/191 1112/1721/191 1113/1722/191
f 1104/1704/192 1103/1708/192 1110/1723/192 1111/1724/192
f 1109/1711/185 1108/1715/185 1115/1720/185 1116/1718/185
f 1107/1701/353 1106/1700/353 1113/1722/353 1114/1725/353
f 1105/1705/187 1104/1704/187 1111/1724/187 1112/1726/187
f 1103/1708/188 1097/1707/188 1110/1723/188
f 1111/1724/199 1110/1723/199 1117/1727/199 1118/1728/199
f 1116/1718/200 1115/1720/200 1122/1729/200 1123/1730/200
f 1114/1725/193 1113/1722/193 1120/1731/193 1121/1732/193
f 1112/1726/194 1111/1724/194 1118/1728/194 1119/1733/194
f 1110/1723/195 1097/1707/195 1117/1727/195
f 1102/1709/196 1116/1718/196 1123/1730/196
f 1115/1720/197 1114/1719/197 1121/1734/197 1122/1729/197
f 1113/1722/198 1112/1721/198 1119/1735/198 1120/1731/198
f 1123/1730/205 1122/1729/205 1129/1736/205 1130/1737/205
f 1121/1738/206 1120/1739/206 1127/1740/206 1128/1741/206
f 1119/1733/207 1118/1728/207 1125/1742/207 1126/1743/207
f 1117/1727/208 1097/1707/208 1124/1744/208
f 1102/1709/201 1123/1730/201 1130/1737/201
f 1122/1729/202 1121/1734/202 1128/1745/202 1129/1736/202
f 1120/1739/203 1119/1746/203 1126/1747/203 1127/1740/203
f 1118/1728/204 1117/1727/204 1124/1744/204 1125/1742/204
f 1124/1744/214 1097/1707/214 1131/1748/214
f 1102/1709/215 1130/1737/215 1137/1749/215
f 1129/1736/216 1128/1745/216 1135/1750/216 1136/1751/216
f 1127/1740/209 1126/1747/209 1133/1752/209 1134/1753/209
f 1125/1742/210 1124/1744/210 1131/1748/210 1132/1754/210
f 1130/1737/211 1129/1736/211 1136/1751/211 1137/1749/211
f 1128/1741/212 1127/1740/212 1134/1753/212 1135/1755/212
f 1126/1743/213 1125/1742/213 1132/1754/213 1133/1756/213
f 1136/1751/328 1135/1750/328 1142/1757/328 1143/1758/328
f 1134/1753/223 1133/1752/223 1140/1759/223 1141/1760/223
f 1132/1754/224 1131/1748/224 1138/1761/224 1139/1762/224
f 1137/1749/217 1136/1751/217 1143/1758/217 1144/1763/217
f 1135/1755/218 1134/1753/218 1141/1760/218 1142/1764/218
f 1133/1756/327 1132/1754/327 1139/1762/327 1140/1765/327
f 1131/1748/220 1097/1707/220 1138/1761/220
f 1102/1709/221 1137/1749/221 1144/1763/221
f 1144/1763/231 1143/1758/231 1150/1766/231 1151/1767/231
f 1142/1764/232 1141/1760/232 1148/1768/232 1149/1769/232
f 1140/1765/225 1139/1762/225 1146/1770/225 1147/1771/225
f 1138/1761/226 1097/1707/226 1145/1772/226
f 1102/1709/227 1144/1763/227 1151/1767/227
f 1143/1758/228 1142/1757/228 1149/1773/228 1150/1766/228
f 1141/1760/229 1140/1759/229 1147/1774/229 1148/1768/229
f 1139/1762/230 1138/1761/230 1145/1772/230 1146/1770/230
f 1149/1775/238 1148/1776/238 1155/1777/238 1156/1778/238
f 1147/1771/239 1146/1770/239 1153/1779/239 1154/1780/239
f 1145/1772/240 1097/1707/240 1152/1781/240
f 1102/1709/233 1151/1767/233 1158/1782/233
f 1150/1766/234 1149/1773/234 1156/1783/234 1157/1784/234
f 1148/1776/235 1147/1785/235 1154/1786/235 1155/1777/235
f 1146/1770/236 1145/1772/236 1152/1781/236 1153/1779/236
f 1151/1767/237 1150/1766/237 1157/1784/237 1158/1782/237
f 1102/1709/246 1158/1782/246 1165/1787/246
f 1157/1784/247 1156/1783/247 1163/1788/247 1164/1789/247
f 1155/1777/248 1154/1786/248 1161/1790/248 1162/1791/248
f 1153/1779/241 1152/1781/241 1159/1792/241 1160/1793/241
f 1158/1782/242 1157/1784/242 1164/1789/242 1165/1787/242
f 1156/1778/243 1155/1777/243 1162/1791/243 1163/1794/243
f 1154/1780/244 1153/1779/244 1160/1793/244 1161/1795/244
f 1152/1781/245 1097/1707/245 1159/1792/245
f 1162/1791/255 1161/1790/255 1168/1796/255 1169/1797/255
f 1160/1793/256 1159/1792/256 1166/1798/256 1167/1799/256
f 1165/1787/249 1164/1789/249 1171/1800/249 1172/1801/249
f 1163/1794/329 1162/1791/329 1169/1797/329 1170/1802/329
f 1161/1795/251 1160/1793/251 1167/1799/251 1168/1803/251
f 1159/1792/252 1097/1707/252 1166/1798/252
f 1102/1709/253 1165/1787/253 1172/1801/253
f 1164/1789/254 1163/1788/254 1170/1804/254 1171/1800/254
f 1172/1801/262 1171/1800/262 1178/1805/262 1179/1806/262
f 1170/1802/263 1169/1797/263 1176/1807/263 1177/1808/263
f 1168/1803/354 1167/1799/354 1174/1809/354 1175/1810/354
f 1166/1798/257 1097/1707/257 1173/1811/257
f 1102/1709/258 1172/1801/258 1179/1806/258
f 1171/1800/355 1170/1804/355 1177/1812/355 1178/1805/355
f 1169/1797/260 1168/1796/260 1175/1813/260 1176/1807/260
f 1167/1799/261 1166/1798/261 1173/1811/261 1174/1809/261
f 1175/1810/270 1174/1809/270 1181/1814/270 1182/1815/270
f 1173/1811/271 1097/1707/271 1180/1816/271
f 1102/1709/272 1179/1806/272 1186/1817/272
f 1178/1805/265 1177/1812/265 1184/1818/265 1185/1819/265
f 1176/1807/266 1175/1813/266 1182/1820/266 1183/1821/266
f 1174/1809/267 1173/1811/267 1180/1816/267 1181/1814/267
f 1179/1806/268 1178/1805/268 1185/1819/268 1186/1817/268
f 1177/1808/269 1176/1807/269 1183/1821/269 1184/1822/269
f 1102/1709/277 1186/1817/277 1193/1823/277
f 1185/1819/278 1184/1818/278 1191/1824/278 1192/1825/278
f 1183/1826/279 1182/1827/279 1189/1828/279 1190/1829/279
f 1181/1814/280 1180/1816/280 1187/1830/280 1188/1831/280
f 1186/1817/273 1185/1819/273 1192/1825/273 1193/1823/273
f 1184/1832/274 1183/1826/274 1190/1829/274 1191/1833/274
f 1182/1815/275 1181/1814/275 1188/1831/275 1189/1834/275
f 1180/1816/276 1097/1707/276 1187/1830/276
f 1188/1831/287 1187/1830/287 1194/1835/287 1195/1836/287
f 1193/1823/288 1192/1825/288 1199/1837/288 1200/1838/288
f 1191/1833/281 1190/1829/281 1197/1839/281 1198/1840/281
f 1189/1834/282 1188/1831/282 1195/1836/282 1196/1841/282
f 1187/1830/283 1097/1707/283 1194/1835/283
f 1102/1709/284 1193/1823/284 1200/1838/284
f 1192/1825/285 1191/1824/285 1198/1842/285 1199/1837/285
f 1190/1829/286 1189/1828/286 1196/1843/286 1197/1839/286
f 1200/1838/293 1199/1837/293 1206/1844/293 1207/1845/293
f 1198/1840/294 1197/1839/294 1204/1846/294 1205/1847/294
f 1196/1841/295 1195/1836/295 1202/1848/295 1203/1849/295
f 1194/1835/296 1097/1707/296 1201/1850/296
f 1102/1709/289 1200/1838/289 1207/1845/289
f 1199/1837/290 1198/1842/290 1205/1851/290 1206/1844/290
f 1197/1839/291 1196/1843/291 1203/1852/291 1204/1846/291
f 1195/1836/292 1194/1835/292 1201/1850/292 1202/1848/292
f 1201/1850/302 1097/1707/302 1208/1706/302
f 1102/1709/303 1207/1845/303 1101/1710/303
f 1206/1844/304 1205/1851/304 1100/1713/304 1210/1712/304
f 1204/1846/297 1203/1852/297 1098/1853/297 1099/1854/297
f 1202/1848/298 1201/1850/298 1208/1706/298 1209/1703/298
f 1207/1845/299 1206/1844/299 1210/1712/299 1101/1710/299
f 1205/1847/300 1204/1846/300 1099/1854/300 1100/1855/300
f 1203/1849/301 1202/1848/301 1209/1703/301 1098/1702/301
f 1211/1856/1 1214/1857/1 1216/1858/1 1215/1859/1
f 1214/1857/305 1218/1860/305 1219/1861/305 1216/1858/305
f 1212/1862/3 1217/1863/3 1219/1864/3 1218/1865/3
f 1217/1863/356 1221/1866/356 1222/1867/356 1219/1864/356
f 1213/1868/5 1220/1869/5 1222/1867/5 1221/1866/5
f 1220/1870/6 1215/1859/6 1216/1858/6 1222/1871/6
f 1216/1872/100 1219/1864/100 1222/1867/100
f 1223/1873/8 1226/1874/8 1228/1875/8 1227/1876/8
f 1226/1877/9 1230/1878/9 1231/1879/9 1228/1880/9
f 1224/1881/10 1229/1882/10 1231/1879/10 1230/1878/10
f 1229/1882/11 1233/1883/11 1234/1884/11 1231/1879/11
f 1225/1885/12 1232/1886/12 1234/1887/12 1233/1888/12
f 1232/1886/357 1227/1876/357 1228/1875/357 1234/1887/357
f 1228/1875/332 1231/1889/332 1234/1887/332
f 1235/1890/15 1238/1891/15 1240/1892/15 1239/1893/15
f 1238/1891/16 1242/1894/16 1243/1895/16 1240/1892/16
f 1236/1896/358 1241/1897/358 1243/1898/358 1242/1899/358
f 1241/1897/312 1245/1900/312 1246/1901/312 1243/1898/312
f 1237/1902/19 1244/1903/19 1246/1901/19 1245/1900/19
f 1244/1904/359 1239/1893/359 1240/1892/359 1246/1905/359
f 1240/1906/127 1243/1898/127 1246/1901/127
f 1247/1907/22 1250/1908/22 1252/1909/22 1251/1910/22
f 1250/1908/314 1254/1911/314 1255/1912/314 1252/1909/314
f 1248/1913/24 1253/1914/24 1255/1915/24 1254/1916/24
f 1253/1914/315 1257/1917/315 1258/1918/315 1255/1915/315
f 1249/1919/26 1256/1920/26 1258/1918/26 1257/1917/26
f 1256/1921/27 1251/1910/27 1252/1909/27 1258/1922/27
f 1252/1923/335 1255/1915/335 1258/1918/335
f 1259/1924/29 1262/1925/29 1264/1926/29 1263/1927/29
f 1262/1928/360 1266/1929/360 1267/1930/360 1264/1931/360
f 1260/1932/361 1265/1933/361 1267/1930/361 1266/1929/361
f 1265/1933/362 1269/1934/362 1270/1935/362 1267/1930/362
f 1261/1936/337 1268/1937/337 1270/1938/337 1269/1939/337
f 1268/1940/34 1263/1927/34 1264/1926/34 1270/1941/34
f 1264/1931/339 1267/1930/339 1270/1935/339
f 1271/1942/36 1274/1943/36 1276/1944/36 1275/1945/36
f 1274/1943/318 1278/1946/318 1279/1947/318 1276/1944/318
f 1272/1948/340 1277/1949/340 1279/1950/340 1278/1951/340
f 1277/1952/363 1281/1953/363 1282/1954/363 1279/1955/363
f 1273/1956/40 1280/1957/40 1282/1954/40 1281/1953/40
f 1280/1957/364 1275/1958/364 1276/1959/364 1282/1954/364
f 1276/1959/342 1279/1955/342 1282/1954/342
f 1283/1960/43 1286/1961/43 1288/1962/43 1287/1963/43
f 1286/1961/320 1290/1964/320 1291/1965/320 1288/1962/320
f 1284/1966/343 1289/1967/343 1291/1968/343 1290/1969/343
f 1289/1967/321 1293/1970/321 1294/1971/321 1291/1968/321
f 1285/1972/47 1292/1973/47 1294/1974/47 1293/1975/47
f 1292/1976/365 1287/1963/365 1288/1962/365 1294/1977/365
f 1288/1978/346 1291/1968/346 1294/1971/346
f 1295/1979/50 1298/1980/50 1300/1981/50 1299/1982/50
f 1298/1980/366 1302/1983/366 1303/1984/366 1300/1981/366
f 1296/1985/52 1301/1986/52 1303/1987/52 1302/1988/52
f 1301/1989/323 1305/1990/323 1306/1991/323 1303/1992/323
f 1297/1993/350 1304/1994/350 1306/1991/350 1305/1990/350
f 1304/1995/367 1299/1982/367 1300/1981/367 1306/1996/367
f 1300/1997/351 1303/1992/351 1306/1991/351
f 1235/1890/57 1211/1856/57 1215/1859/57 1238/1891/57
f 1238/1891/58 1215/1859/58 1220/1870/58 1242/1894/58
f 1242/1899/59 1220/1998/59 1213/1999/59 1236/1896/59
f 1212/2000/97 1223/2000/97 1227/2000/97 1217/2000/97
f 1217/2000/97 1227/2000/97 1232/2000/97 1221/2000/97
f 1221/2000/97 1232/2000/97 1225/2000/97 1213/2000/97
f 1224/1881/63 1247/1907/63 1251/1910/63 1229/1882/63
f 1229/1882/64 1251/1910/64 1256/1921/64 1233/1883/64
f 1233/2001/65 1256/1920/65 1249/1919/65 1225/2002/65
f 1248/2000/97 1237/2000/97 1245/2000/97 1253/2000/97
f 1253/2000/97 1245/2000/97 1241/2000/97 1257/2000/97
f 1257/2000/97 1241/2000/97 1236/2000/97 1249/2000/97
f 1283/1960/69 1235/1890/69 1239/1893/69 1286/1961/69
f 1286/1961/70 1239/1893/70 1244/1904/70 1290/1964/70
f 1290/1969/71 1244/2003/71 1237/2004/71 1284/1966/71
f 1247/1907/72 1295/1979/72 1299/1982/72 1250/1908/72
f 1250/1908/73 1299/1982/73 1304/1995/73 1254/1911/73
f 1254/2005/74 1304/1994/74 1297/1993/74 1248/2006/74
f 1296/2000/97 1285/2000/97 1293/2000/97 1301/2000/97
f 1301/2000/97 1293/2000/97 1289/2000/97 1305/2000/97
f 1305/2000/97 1289/2000/97 1284/2000/97 1297/2000/97
f 1259/1924/78 1283/1960/78 1287/1963/78 1262/1925/78
f 1262/1925/79 1287/1963/79 1292/1976/79 1266/2007/79
f 1266/1929/352 1292/1973/352 1285/1972/352 1260/1932/352
f 1295/1979/81 1271/1942/81 1275/1945/81 1298/1980/81
f 1298/1980/82 1275/1945/82 1280/2008/82 1302/1983/82
f 1302/1988/145 1280/1957/145 1273/1956/145 1296/1985/145
f 1272/2000/97 1261/2000/97 1269/2000/97 1277/2000/97
f 1277/2000/97 1269/2000/97 1265/2000/97 1281/2000/97
f 1281/2000/97 1265/2000/97 1260/2000/97 1273/2000/97
f 1211/1856/87 1259/1924/87 1263/1927/87 1214/1857/87
f 1214/1857/88 1263/1927/88 1268/1940/88 1218/1860/88
f 1218/1865/123 1268/1937/123 1261/1936/123 1212/1862/123
f 1271/1942/90 1224/1881/90 1230/1878/90 1274/1943/90
f 1274/1943/91 1230/1878/91 1226/1877/91 1278/1946/91
f 1278/1951/124 1226/1874/124 1223/1873/124 1272/1948/124
f 1235/1890/93 1283/1960/93 1259/1924/93 1211/1856/93
f 1213/2000/97 1225/2000/97 1249/2000/97 1236/2000/97
f 1261/2000/97 1272/2000/97 1223/2000/97 1212/2000/97
f 1295/1979/96 1247/1907/96 1224/1881/96 1271/1942/96
f 1237/2000/97 1248/2000/97 1297/2000/97 1284/2000/97
f 1285/2000/97 1296/2000/97 1273/2000/97 1260/2000/97
f 1310/2009/182 1309/2010/182 1316/2011/182 1317/2012/182
f 1308/2013/183 1419/2014/183 1314/2015/183 1315/2016/183
f 1418/2017/184 1307/2018/184 1313/2019/184
f 1312/2020/177 1311/2021/177 1319/2022/177
f 1420/2023/178 1310/2024/178 1317/2025/178 1318/2026/178
f 1309/2010/179 1308/2027/179 1315/2028/179 1316/2011/179
f 1419/2014/180 1418/2017/180 1313/2019/180 1314/2015/180
f 1311/2021/181 1420/2023/181 1318/2026/181 1319/2022/181
f 1312/2020/189 1319/2022/189 1326/2029/189
f 1318/2026/190 1317/2025/190 1324/2030/190 1325/2031/190
f 1316/2011/191 1315/2028/191 1322/2032/191 1323/2033/191
f 1314/2015/192 1313/2019/192 1320/2034/192 1321/2035/192
f 1319/2022/185 1318/2026/185 1325/2031/185 1326/2029/185
f 1317/2012/186 1316/2011/186 1323/2033/186 1324/2036/186
f 1315/2016/187 1314/2015/187 1321/2035/187 1322/2037/187
f 1313/2019/188 1307/2018/188 1320/2034/188
f 1321/2035/199 1320/2034/199 1327/2038/199 1328/2039/199
f 1326/2029/200 1325/2031/200 1332/2040/200 1333/2041/200
f 1324/2036/193 1323/2033/193 1330/2042/193 1331/2043/193
f 1322/2037/194 1321/2035/194 1328/2039/194 1329/2044/194
f 1320/2034/195 1307/2018/195 1327/2038/195
f 1312/2020/196 1326/2029/196 1333/2041/196
f 1325/2031/197 1324/2030/197 1331/2045/197 1332/2040/197
f 1323/2033/198 1322/2032/198 1329/2046/198 1330/2042/198
f 1333/2041/205 1332/2040/205 1339/2047/205 1340/2048/205
f 1331/2049/206 1330/2050/206 1337/2051/206 1338/2052/206
f 1329/2044/207 1328/2039/207 1335/2053/207 1336/2054/207
f 1327/2038/208 1307/2018/208 1334/2055/208
f 1312/2020/201 1333/2041/201 1340/2048/201
f 1332/2040/202 1331/2045/202 1338/2056/202 1339/2047/202
f 1330/2050/203 1329/2057/203 1336/2058/203 1337/2051/203
f 1328/2039/204 1327/2038/204 1334/2055/204 1335/2053/204
f 1334/2055/214 1307/2018/214 1341/2059/214
f 1312/2020/215 1340/2048/215 1347/2060/215
f 1339/2047/216 1338/2056/216 1345/2061/216 1346/2062/216
f 1337/2051/209 1336/2058/209 1343/2063/209 1344/2064/209
f 1335/2053/210 1334/2055/210 1341/2059/210 1342/2065/210
f 1340/2048/211 1339/2047/211 1346/2062/211 1347/2060/211
f 1338/2052/212 1337/2051/212 1344/2064/212 1345/2066/212
f 1336/2054/213 1335/2053/213 1342/2065/213 1343/2067/213
f 1346/2062/328 1345/2061/328 1352/2068/328 1353/2069/328
f 1344/2064/223 1343/2063/223 1350/2070/223 1351/2071/223
f 1342/2065/224 1341/2059/224 1348/2072/224 1349/2073/224
f 1347/2060/217 1346/2062/217 1353/2069/217 1354/2074/217
f 1345/2066/218 1344/2064/218 1351/2071/218 1352/2075/218
f 1343/2067/327 1342/2065/327 1349/2073/327 1350/2076/327
f 1341/2059/220 1307/2018/220 1348/2072/220
f 1312/2020/221 1347/2060/221 1354/2074/221
f 1354/2074/231 1353/2069/231 1360/2077/231 1361/2078/231
f 1352/2075/232 1351/2071/232 1358/2079/232 1359/2080/232
f 1350/2076/225 1349/2073/225 1356/2081/225 1357/2082/225
f 1348/2072/226 1307/2018/226 1355/2083/226
f 1312/2020/227 1354/2074/227 1361/2078/227
f 1353/2069/228 1352/2068/228 1359/2084/228 1360/2077/228
f 1351/2071/229 1350/2070/229 1357/2085/229 1358/2079/229
f 1349/2073/230 1348/2072/230 1355/2083/230 1356/2081/230
f 1359/2086/238 1358/2087/238 1365/2088/238 1366/2089/238
f 1357/2082/239 1356/2081/239 1363/2090/239 1364/2091/239
f 1355/2083/240 1307/2018/240 1362/2092/240
f 1312/2020/233 1361/2078/233 1368/2093/233
f 1360/2077/234 1359/2084/234 1366/2094/234 1367/2095/234
f 1358/2087/235 1357/2096/235 1364/2097/235 1365/2088/235
f 1356/2081/236 1355/2083/236 1362/2092/236 1363/2090/236
f 1361/2078/237 1360/2077/237 1367/2095/237 1368/2093/237
f 1312/2020/246 1368/2093/246 1375/2098/246
f 1367/2095/247 1366/2094/247 1373/2099/247 1374/2100/247
f 1365/2088/248 1364/2097/248 1371/2101/248 1372/2102/248
f 1363/2090/241 1362/2092/241 1369/2103/241 1370/2104/241
f 1368/2093/242 1367/2095/242 1374/2100/242 1375/2098/242
f 1366/2089/243 1365/2088/243 1372/2102/243 1373/2105/243
f 1364/2091/244 1363/2090/244 1370/2104/244 1371/2106/244
f 1362/2092/245 1307/2018/245 1369/2103/245
f 1372/2102/255 1371/2101/255 1378/2107/255 1379/2108/255
f 1370/2104/256 1369/2103/256 1376/2109/256 1377/2110/256
f 1375/2098/249 1374/2100/249 1381/2111/249 1382/2112/249
f 1373/2105/329 1372/2102/329 1379/2108/329 1380/2113/329
f 1371/2106/251 1370/2104/251 1377/2110/251 1378/2114/251
f 1369/2103/252 1307/2018/252 1376/2109/252
f 1312/2020/253 1375/2098/253 1382/2112/253
f 1374/2100/254 1373/2099/254 1380/2115/254 1381/2111/254
f 1382/2112/262 1381/2111/262 1388/2116/262 1389/2117/262
f 1380/2113/263 1379/2108/263 1386/2118/263 1387/2119/263
f 1378/2114/264 1377/2110/264 1384/2120/264 1385/2121/264
f 1376/2109/257 1307/2018/257 1383/2122/257
f 1312/2020/258 1382/2112/258 1389/2117/258
f 1381/2111/259 1380/2115/259 1387/2123/259 1388/2116/259
f 1379/2108/260 1378/2107/260 1385/2124/260 1386/2118/260
f 1377/2110/261 1376/2109/261 1383/2122/261 1384/2120/261
f 1385/2121/270 1384/2120/270 1391/2125/270 1392/2126/270
f 1383/2122/271 1307/2018/271 1390/2127/271
f 1312/2020/272 1389/2117/272 1396/2128/272
f 1388/2116/265 1387/2123/265 1394/2129/265 1395/2130/265
f 1386/2118/266 1385/2124/266 1392/2131/266 1393/2132/266
f 1384/2120/267 1383/2122/267 1390/2127/267 1391/2125/267
f 1389/2117/268 1388/2116/268 1395/2130/268 1396/2128/268
f 1387/2119/269 1386/2118/269 1393/2132/269 1394/2133/269
f 1312/2020/277 1396/2128/277 1403/2134/277
f 1395/2130/278 1394/2129/278 1401/2135/278 1402/2136/278
f 1393/2137/279 1392/2138/279 1399/2139/279 1400/2140/279
f 1391/2125/280 1390/2127/280 1397/2141/280 1398/2142/280
f 1396/2128/273 1395/2130/273 1402/2136/273 1403/2134/273
f 1394/2143/274 1393/2137/274 1400/2140/274 1401/2144/274
f 1392/2126/275 1391/2125/275 1398/2142/275 1399/2145/275
f 1390/2127/276 1307/2018/276 1397/2141/276
f 1398/2142/287 1397/2141/287 1404/2146/287 1405/2147/287
f 1403/2134/288 1402/2136/288 1409/2148/288 1410/2149/288
f 1401/2144/281 1400/2140/281 1407/2150/281 1408/2151/281
f 1399/2145/368 1398/2142/368 1405/2147/368 1406/2152/368
f 1397/2141/283 1307/2018/283 1404/2146/283
f 1312/2020/284 1403/2134/284 1410/2149/284
f 1402/2136/369 1401/2135/369 1408/2153/369 1409/2148/369
f 1400/2140/286 1399/2139/286 1406/2154/286 1407/2150/286
f 1410/2149/293 1409/2148/293 1416/2155/293 1417/2156/293
f 1408/2151/294 1407/2150/294 1414/2157/294 1415/2158/294
f 1406/2152/295 1405/2147/295 1412/2159/295 1413/2160/295
f 1404/2146/296 1307/2018/296 1411/2161/296
f 1312/2020/289 1410/2149/289 1417/2156/289
f 1409/2148/290 1408/2153/290 1415/2162/290 1416/2155/290
f 1407/2150/291 1406/2154/291 1413/2163/291 1414/2157/291
f 1405/2147/292 1404/2146/292 1411/2161/292 1412/2159/292
f 1411/2161/302 1307/2018/302 1418/2017/302
f 1312/2020/303 1417/2156/303 1311/2021/303
f 1416/2155/304 1415/2162/304 1310/2024/304 1420/2023/304
f 1414/2157/297 1413/2163/297 1308/2164/297 1309/2165/297
f 1412/2159/298 1411/2161/298 1418/2017/298 1419/2014/298
f 1417/2156/299 1416/2155/299 1420/2023/299 1311/2021/299
f 1415/2158/300 1414/2157/300 1309/2165/300 1310/2166/300
f 1413/2160/301 1412/2159/301 1419/2014/301 1308/2013/301
f 1504/2167/370 1422/2168/370 1426/2169/370 1427/2170/370
f 1503/2171/371 1421/2172/371 1425/2173/371
f 1506/2174/372 1423/2175/372 1429/2176/372 1430/2177/372
f 1505/2178/373 1504/2179/373 1427/2180/373 1428/2181/373
f 1422/2168/374 1503/2171/374 1425/2173/374 1426/2169/374
f 1424/2182/375 1506/2174/375 1430/2177/375
f 1423/2175/376 1505/2183/376 1428/2184/376 1429/2176/376
f 1424/2182/377 1430/2177/377 1436/2185/377
f 1429/2176/378 1428/2184/378 1434/2186/378 1435/2187/378
f 1427/2170/379 1426/2169/379 1432/2188/379 1433/2189/379
f 1425/2173/380 1421/2172/380 1431/2190/380
f 1430/2177/381 1429/2176/381 1435/2187/381 1436/2185/381
f 1428/2181/382 1427/2180/382 1433/2191/382 1434/2192/382
f 1426/2169/383 1425/2173/383 1431/2190/383 1432/2188/383
f 1433/2189/384 1432/2188/384 1438/2193/384 1439/2194/384
f 1431/2190/385 1421/2172/385 1437/2195/385
f 1436/2185/386 1435/2187/386 1441/2196/386 1442/2197/386
f 1434/2192/387 1433/2191/387 1439/2198/387 1440/2199/387
f 1432/2188/388 1431/2190/388 1437/2195/388 1438/2193/388
f 1424/2182/389 1436/2185/389 1442/2197/389
f 1435/2187/390 1434/2186/390 1440/2200/390 1441/2196/390
f 1442/2197/391 1441/2196/391 1447/2201/391 1448/2202/391
f 1440/2203/98 1439/2204/98 1445/2205/98 1446/2206/98
f 1438/2193/392 1437/2195/392 1443/2207/392 1444/2208/392
f 1424/2182/393 1442/2197/393 1448/2202/393
f 1441/2196/394 1440/2200/394 1446/2209/394 1447/2201/394
f 1439/2194/395 1438/2193/395 1444/2208/395 1445/2210/395
f 1437/2195/396 1421/2172/396 1443/2207/396
f 1448/2202/397 1447/2201/397 1453/2211/397 1454/2212/397
f 1446/2206/398 1445/2205/398 1451/2213/398 1452/2214/398
f 1444/2208/399 1443/2207/399 1449/2215/399 1450/2216/399
f 1424/2182/400 1448/2202/400 1454/2212/400
f 1447/2201/401 1446/2209/401 1452/2217/401 1453/2211/401
f 1445/2210/402 1444/2208/402 1450/2216/402 1451/2218/402
f 1443/2207/403 1421/2172/403 1449/2215/403
f 1450/2216/404 1449/2215/404 1455/2219/404 1456/2220/404
f 1424/2182/405 1454/2212/405 1460/2221/405
f 1453/2211/406 1452/2217/406 1458/2222/406 1459/2223/406
f 1451/2218/407 1450/2216/407 1456/2220/407 1457/2224/407
f 1449/2215/408 1421/2172/408 1455/2219/408
f 1454/2212/409 1453/2211/409 1459/2223/409 1460/2221/409
f 1452/2214/410 1451/2213/410 1457/2225/410 1458/2226/410
f 1424/2182/411 1460/2221/411 1466/2227/411
f 1459/2223/412 1458/2222/412 1464/2228/412 1465/2229/412
f 1457/2224/413 1456/2220/413 1462/2230/413 1463/2231/413
f 1455/2219/414 1421/2172/414 1461/2232/414
f 1460/2221/415 1459/2223/415 1465/2229/415 1466/2227/415
f 1458/2233/416 1457/2234/416 1463/2235/416 1464/2236/416
f 1456/2220/417 1455/2219/417 1461/2232/417 1462/2230/417
f 1465/2229/418 1464/2228/418 1470/2237/418 1471/2238/418
f 1463/2231/419 1462/2230/419 1468/2239/419 1469/2240/419
f 1461/2232/420 1421/2172/420 1467/2241/420
f 1466/2227/421 1465/2229/421 1471/2238/421 1472/2242/421
f 1464/2236/422 1463/2235/422 1469/2243/422 1470/2244/422
f 1462/2230/423 1461/2232/423 1467/2241/423 1468/2239/423
f 1424/2182/424 1466/2227/424 1472/2242/424
f 1467/2241/425 1421/2172/425 1473/2245/425
f 1472/2242/426 1471/2238/426 1477/2246/426 1478/2247/426
f 1470/2244/427 1469/2243/427 1475/2248/427 1476/2249/427
f 1468/2239/428 1467/2241/428 1473/2245/428 1474/2250/428
f 1424/2182/429 1472/2242/429 1478/2247/429
f 1471/2238/430 1470/2237/430 1476/2251/430 1477/2246/430
f 1469/2240/431 1468/2239/431 1474/2250/431 1475/2252/431
f 1478/2247/432 1477/2246/432 1483/2253/432 1484/2254/432
f 1476/2249/433 1475/2248/433 1481/2255/433 1482/2256/433
f 1474/2250/434 1473/2245/434 1479/2257/434 1480/2258/434
f 1424/2182/435 1478/2247/435 1484/2254/435
f 1477/2246/436 1476/2251/436 1482/2259/436 1483/2253/436
f 1475/2252/437 1474/2250/437 1480/2258/437 1481/2260/437
f 1473/2245/438 1421/2172/438 1479/2257/438
f 1482/2261/94 1481/2262/94 1487/2263/94 1488/2264/94
f 1480/2258/439 1479/2257/439 1485/2265/439 1486/2266/439
f 1424/2182/440 1484/2254/440 1490/2267/440
f 1483/2253/441 1482/2259/441 1488/2268/441 1489/2269/441
f 1481/2260/442 1480/2258/442 1486/2266/442 1487/2270/442
f 1479/2257/443 1421/2172/443 1485/2265/443
f 1484/2254/444 1483/2253/444 1489/2269/444 1490/2267/444
f 1424/2182/445 1490/2267/445 1496/2271/445
f 1489/2269/446 1488/2268/446 1494/2272/446 1495/2273/446
f 1487/2270/447 1486/2266/447 1492/2274/447 1493/2275/447
f 1485/2265/448 1421/2172/448 1491/2276/448
f 1490/2267/449 1489/2269/449 1495/2273/449 1496/2271/449
f 1488/2264/450 1487/2263/450 1493/2277/450 1494/2278/450
f 1486/2266/451 1485/2265/451 1491/2276/451 1492/2274/451
f 1424/2182/452 1496/2271/452 1502/2279/452
f 1495/2273/453 1494/2272/453 1500/2280/453 1501/2281/453
f 1493/2275/454 1492/2274/454 1498/2282/454 1499/2283/454
f 1491/2276/455 1421/2172/455 1497/2284/455
f 1496/2271/456 1495/2273/456 1501/2281/456 1502/2279/456
f 1494/2278/457 1493/2277/457 1499/2285/457 1500/2286/457
f 1492/2274/458 1491/2276/458 1497/2284/458 1498/2282/458
f 1499/2283/459 1498/2282/459 1422/2168/459 1504/2167/459
f 1497/2284/460 1421/2172/460 1503/2171/460
f 1502/2279/461 1501/2281/461 1423/2175/461 1506/2174/461
f 1500/2286/462 1499/2285/462 1504/2287/462 1505/2288/462
f 1498/2282/463 1497/2284/463 1503/2171/463 1422/2168/463
f 1424/2182/464 1502/2279/464 1506/2174/464
f 1501/2281/465 1500/2280/465 1505/2183/465 1423/2175/465
f 1592/2289/372 1509/2290/372 1515/2291/372 1516/2292/372
f 1591/2293/373 1590/2294/373 1513/2295/373 1514/2296/373
f 1508/2297/374 1589/2298/374 1511/2299/374 1512/2300/374
f 1510/2301/375 1592/2289/375 1516/2292/375
f 1509/2290/376 1591/2302/376 1514/2303/376 1515/2291/376
f 1590/2304/370 1508/2297/370 1512/2300/370 1513/2305/370
f 1589/2298/371 1507/2306/371 1511/2299/371
f 1511/2299/380 1507/2306/380 1517/2307/380
f 1516/2292/381 1515/2291/381 1521/2308/381 1522/2309/381
f 1514/2296/382 1513/2295/382 1519/2310/382 1520/2311/382
f 1512/2300/383 1511/2299/383 1517/2307/383 1518/2312/383
f 1510/2301/377 1516/2292/377 1522/2309/377
f 1515/2291/378 1514/2303/378 1520/2313/378 1521/2308/378
f 1513/2305/379 1512/2300/379 1518/2312/379 1519/2314/379
f 1522/2309/386 1521/2308/386 1527/2315/386 1528/2316/386
f 1520/2311/387 1519/2310/387 1525/2317/387 1526/2318/387
f 1518/2312/388 1517/2307/388 1523/2319/388 1524/2320/388
f 1510/2301/389 1522/2309/389 1528/2316/389
f 1521/2308/390 1520/2313/390 1526/2321/390 1527/2315/390
f 1519/2314/466 1518/2312/466 1524/2320/466 1525/2322/466
f 1517/2307/385 1507/2306/385 1523/2319/385
f 1526/2323/98 1525/2324/98 1531/2325/98 1532/2326/98
f 1524/2320/392 1523/2319/392 1529/2327/392 1530/2328/392
f 1510/2301/393 1528/2316/393 1534/2329/393
f 1527/2315/394 1526/2321/394 1532/2330/394 1533/2331/394
f 1525/2322/395 1524/2320/395 1530/2328/395 1531/2332/395
f 1523/2319/396 1507/2306/396 1529/2327/396
f 1528/2316/391 1527/2315/391 1533/2331/391 1534/2329/391
f 1510/2301/400 1534/2329/400 1540/2333/400
f 1533/2331/467 1532/2330/467 1538/2334/467 1539/2335/467
f 1531/2332/402 1530/2328/402 1536/2336/402 1537/2337/402
f 1529/2327/403 1507/2306/403 1535/2338/403
f 1534/2329/397 1533/2331/397 1539/2335/397 1540/2333/397
f 1532/2326/398 1531/2325/398 1537/2339/398 1538/2340/398
f 1530/2328/399 1529/2327/399 1535/2338/399 1536/2336/399
f 1510/2301/405 1540/2333/405 1546/2341/405
f 1539/2335/406 1538/2334/406 1544/2342/406 1545/2343/406
f 1537/2337/407 1536/2336/407 1542/2344/407 1543/2345/407
f 1535/2338/408 1507/2306/408 1541/2346/408
f 1540/2333/409 1539/2335/409 1545/2343/409 1546/2341/409
f 1538/2340/410 1537/2339/410 1543/2347/410 1544/2348/410
f 1536/2336/404 1535/2338/404 1541/2346/404 1542/2344/404
f 1543/2345/413 1542/2344/413 1548/2349/413 1549/2350/413
f 1541/2346/414 1507/2306/414 1547/2351/414
f 1546/2341/415 1545/2343/415 1551/2352/415 1552/2353/415
f 1544/2354/416 1543/2355/416 1549/2356/416 1550/2357/416
f 1542/2344/417 1541/2346/417 1547/2351/417 1548/2349/417
f 1510/2301/411 1546/2341/411 1552/2353/411
f 1545/2343/412 1544/2342/412 1550/2358/412 1551/2352/412
f 1552/2353/421 1551/2352/421 1557/2359/421 1558/2360/421
f 1550/2357/422 1549/2356/422 1555/2361/422 1556/2362/422
f 1548/2349/423 1547/2351/423 1553/2363/423 1554/2364/423
f 1510/2301/424 1552/2353/424 1558/2360/424
f 1551/2352/418 1550/2358/418 1556/2365/418 1557/2359/418
f 1549/2350/419 1548/2349/419 1554/2364/419 1555/2366/419
f 1547/2351/420 1507/2306/420 1553/2363/420
f 1558/2360/426 1557/2359/426 1563/2367/426 1564/2368/426
f 1556/2362/427 1555/2361/427 1561/2369/427 1562/2370/427
f 1554/2364/428 1553/2363/428 1559/2371/428 1560/2372/428
f 1510/2301/429 1558/2360/429 1564/2368/429
f 1557/2359/430 1556/2365/430 1562/2373/430 1563/2367/430
f 1555/2366/431 1554/2364/431 1560/2372/431 1561/2374/431
f 1553/2363/425 1507/2306/425 1559/2371/425
f 1560/2372/434 1559/2371/434 1565/2375/434 1566/2376/434
f 1510/2301/435 1564/2368/435 1570/2377/435
f 1563/2367/436 1562/2373/436 1568/2378/436 1569/2379/436
f 1561/2374/468 1560/2372/468 1566/2376/468 1567/2380/468
f 1559/2371/438 1507/2306/438 1565/2375/438
f 1564/2368/432 1563/2367/432 1569/2379/432 1570/2377/432
f 1562/2370/433 1561/2369/433 1567/2381/433 1568/2382/433
f 1510/2301/440 1570/2377/440 1576/2383/440
f 1569/2379/441 1568/2378/441 1574/2384/441 1575/2385/441
f 1567/2380/442 1566/2376/442 1572/2386/442 1573/2387/442
f 1565/2375/443 1507/2306/443 1571/2388/443
f 1570/2377/444 1569/2379/444 1575/2385/444 1576/2383/444
f 1568/2389/94 1567/2390/94 1573/2391/94 1574/2392/94
f 1566/2376/439 1565/2375/439 1571/2388/439 1572/2386/439
f 1575/2385/469 1574/2384/469 1580/2393/469 1581/2394/469
f 1573/2387/447 1572/2386/447 1578/2395/447 1579/2396/447
f 1571/2388/448 1507/2306/448 1577/2397/448
f 1576/2383/449 1575/2385/449 1581/2394/449 1582/2398/449
f 1574/2392/450 1573/2391/450 1579/2399/450 1580/2400/450
f 1572/2386/451 1571/2388/451 1577/2397/451 1578/2395/451
f 1510/2301/445 1576/2383/445 1582/2398/445
f 1577/2397/455 1507/2306/455 1583/2401/455
f 1582/2398/456 1581/2394/456 1587/2402/456 1588/2403/456
f 1580/2400/457 1579/2399/457 1585/2404/457 1586/2405/457
f 1578/2395/458 1577/2397/458 1583/2401/458 1584/2406/458
f 1510/2301/452 1582/2398/452 1588/2403/452
f 1581/2394/453 1580/2393/453 1586/2407/453 1587/2402/453
f 1579/2396/454 1578/2395/454 1584/2406/454 1585/2408/454
f 1588/2403/461 1587/2402/461 1509/2290/461 1592/2289/461
f 1586/2405/462 1585/2404/462 1590/2409/462 1591/2410/462
f 1584/2406/463 1583/2401/463 1589/2298/463 1508/2297/463
f 1510/2301/464 1588/2403/464 1592/2289/464
f 1587/2402/465 1586/2407/465 1591/2302/465 1509/2290/465
f 1585/2408/459 1584/2406/459 1508/2297/459 1590/2304/459
f 1583/2401/460 1507/2306/460 1589/2298/460
f 1596/2411/375 1678/2412/375 1602/2413/375
f 1595/2414/376 1677/2415/376 1600/2416/376 1601/2417/376
f 1676/2418/370 1594/2419/370 1598/2420/370 1599/2421/370
f 1675/2422/371 1593/2423/371 1597/2424/371
f 1678/2412/372 1595/2414/372 1601/2417/372 1602/2413/372
f 1677/2425/373 1676/2426/373 1599/2427/373 1600/2428/373
f 1594/2419/374 1675/2422/374 1597/2424/374 1598/2420/374
f 1596/2411/377 1602/2413/377 1608/2429/377
f 1601/2417/378 1600/2416/378 1606/2430/378 1607/2431/378
f 1599/2421/379 1598/2420/379 1604/2432/379 1605/2433/379
f 1597/2424/380 1593/2423/380 1603/2434/380
f 1602/2413/381 1601/2417/381 1607/2431/381 1608/2429/381
f 1600/2428/382 1599/2427/382 1605/2435/382 1606/2436/382
f 1598/2420/383 1597/2424/383 1603/2434/383 1604/2432/383
f 1596/2411/389 1608/2429/389 1614/2437/389
f 1607/2431/390 1606/2430/390 1612/2438/390 1613/2439/390
f 1605/2433/384 1604/2432/384 1610/2440/384 1611/2441/384
f 1603/2434/385 1593/2423/385 1609/2442/385
f 1608/2429/386 1607/2431/386 1613/2439/386 1614/2437/386
f 1606/2436/387 1605/2435/387 1611/2443/387 1612/2444/387
f 1604/2432/388 1603/2434/388 1609/2442/388 1610/2440/388
f 1611/2441/395 1610/2440/395 1616/2445/395 1617/2446/395
f 1609/2442/396 1593/2423/396 1615/2447/396
f 1614/2437/391 1613/2439/391 1619/2448/391 1620/2449/391
f 1612/2450/98 1611/2451/98 1617/2452/98 1618/2453/98
f 1610/2440/392 1609/2442/392 1615/2447/392 1616/2445/392
f 1596/2411/393 1614/2437/393 1620/2449/393
f 1613/2439/394 1612/2438/394 1618/2454/394 1619/2448/394
f 1620/2449/397 1619/2448/397 1625/2455/397 1626/2456/397
f 1618/2453/398 1617/2452/398 1623/2457/398 1624/2458/398
f 1616/2445/399 1615/2447/399 1621/2459/399 1622/2460/399
f 1596/2411/400 1620/2449/400 1626/2456/400
f 1619/2448/401 1618/2454/401 1624/2461/401 1625/2455/401
f 1617/2446/402 1616/2445/402 1622/2460/402 1623/2462/402
f 1615/2447/403 1593/2423/403 1621/2459/403
f 1626/2456/409 1625/2455/409 1631/2463/409 1632/2464/409
f 1624/2458/410 1623/2457/410 1629/2465/410 1630/2466/410
f 1622/2460/404 1621/2459/404 1627/2467/404 1628/2468/404
f 1596/2411/405 1626/2456/405 1632/2464/405
f 1625/2455/406 1624/2461/406 1630/2469/406 1631/2463/406
f 1623/2462/407 1622/2460/407 1628/2468/407 1629/2470/407
f 1621/2459/408 1593/2423/408 1627/2467/408
f 1628/2468/417 1627/2467/417 1633/2471/417 1634/2472/417
f 1596/2411/411 1632/2464/411 1638/2473/411
f 1631/2463/412 1630/2469/412 1636/2474/412 1637/2475/412
f 1629/2470/413 1628/2468/413 1634/2472/413 1635/2476/413
f 1627/2467/414 1593/2423/414 1633/2471/414
f 1632/2464/415 1631/2463/415 1637/2475/415 1638/2473/415
f 1630/2477/416 1629/2478/416 1635/2479/416 1636/2480/416
f 1596/2411/424 1638/2473/424 1644/2481/424
f 1637/2475/418 1636/2474/418 1642/2482/418 1643/2483/418
f 1635/2476/419 1634/2472/419 1640/2484/419 1641/2485/419
f 1633/2471/420 1593/2423/420 1639/2486/420
f 1638/2473/421 1637/2475/421 1643/2483/421 1644/2481/421
f 1636/2480/422 1635/2479/422 1641/2487/422 1642/2488/422
f 1634/2472/423 1633/2471/423 1639/2486/423 1640/2484/423
f 1643/2483/430 1642/2482/430 1648/2489/430 1649/2490/430
f 1641/2485/431 1640/2484/431 1646/2491/431 1647/2492/431
f 1639/2486/425 1593/2423/425 1645/2493/425
f 1644/2481/426 1643/2483/426 1649/2490/426 1650/2494/426
f 1642/2488/427 1641/2487/427 1647/2495/427 1648/2496/427
f 1640/2484/428 1639/2486/428 1645/2493/428 1646/2491/428
f 1596/2411/429 1644/2481/429 1650/2494/429
f 1645/2493/438 1593/2423/438 1651/2497/438
f 1650/2494/432 1649/2490/432 1655/2498/432 1656/2499/432
f 1648/2496/433 1647/2495/433 1653/2500/433 1654/2501/433
f 1646/2491/434 1645/2493/434 1651/2497/434 1652/2502/434
f 1596/2411/435 1650/2494/435 1656/2499/435
f 1649/2490/436 1648/2489/436 1654/2503/436 1655/2498/436
f 1647/2492/468 1646/2491/468 1652/2502/468 1653/2504/468
f 1656/2499/444 1655/2498/444 1661/2505/444 1662/2506/444
f 1654/2507/94 1653/2508/94 1659/2509/94 1660/2510/94
f 1652/2502/439 1651/2497/439 1657/2511/439 1658/2512/439
f 1596/2411/440 1656/2499/440 1662/2506/440
f 1655/2498/441 1654/2503/441 1660/2513/441 1661/2505/441
f 1653/2504/470 1652/2502/470 1658/2512/470 1659/2514/470
f 1651/2497/443 1593/2423/443 1657/2511/443
f 1660/2510/450 1659/2509/450 1665/2515/450 1666/2516/450
f 1658/2512/451 1657/2511/451 1663/2517/451 1664/2518/451
f 1596/2411/445 1662/2506/445 1668/2519/445
f 1661/2505/469 1660/2513/469 1666/2520/469 1667/2521/469
f 1659/2514/447 1658/2512/447 1664/2518/447 1665/2522/447
f 1657/2511/448 1593/2423/448 1663/2517/448
f 1662/2506/449 1661/2505/449 1667/2521/449 1668/2519/449
f 1596/2411/452 1668/2519/452 1674/2523/452
f 1667/2521/453 1666/2520/453 1672/2524/453 1673/2525/453
f 1665/2522/454 1664/2518/454 1670/2526/454 1671/2527/454
f 1663/2517/455 1593/2423/455 1669/2528/455
f 1668/2519/456 1667/2521/456 1673/2525/456 1674/2523/456
f 1666/2516/457 1665/2515/457 1671/2529/457 1672/2530/457
f 1664/2518/458 1663/2517/458 1669/2528/458 1670/2526/458
f 1596/2411/464 1674/2523/464 1678/2412/464
f 1673/2525/465 1672/2524/465 1677/2415/465 1595/2414/465
f 1671/2527/459 1670/2526/459 1594/2419/459 1676/2418/459
f 1669/2528/460 1593/2423/460 1675/2422/460
f 1674/2523/461 1673/2525/461 1595/2414/461 1678/2412/461
f 1672/2530/462 1671/2529/462 1676/2531/462 1677/2532/462
f 1670/2526/463 1669/2528/463 1675/2422/463 1594/2419/463
f 1764/2533/372 1681/2534/372 1687/2535/372 1688/2536/372
f 1763/2537/373 1762/2538/373 1685/2539/373 1686/2540/373
f 1680/2541/374 1761/2542/374 1683/2543/374 1684/2544/374
f 1682/2545/375 1764/2533/375 1688/2536/375
f 1681/2534/376 1763/2546/376 1686/2547/376 1687/2535/376
f 1762/2548/370 1680/2541/370 1684/2544/370 1685/2549/370
f 1761/2542/371 1679/2550/371 1683/2543/371
f 1683/2543/380 1679/2550/380 1689/2551/380
f 1688/2536/381 1687/2535/381 1693/2552/381 1694/2553/381
f 1686/2540/382 1685/2539/382 1691/2554/382 1692/2555/382
f 1684/2544/383 1683/2543/383 1689/2551/383 1690/2556/383
f 1682/2545/377 1688/2536/377 1694/2553/377
f 1687/2535/378 1686/2547/378 1692/2557/378 1693/2552/378
f 1685/2549/379 1684/2544/379 1690/2556/379 1691/2558/379
f 1694/2553/386 1693/2552/386 1699/2559/386 1700/2560/386
f 1692/2555/387 1691/2554/387 1697/2561/387 1698/2562/387
f 1690/2556/388 1689/2551/388 1695/2563/388 1696/2564/388
f 1682/2545/389 1694/2553/389 1700/2560/389
f 1693/2552/390 1692/2557/390 1698/2565/390 1699/2559/390
f 1691/2558/384 1690/2556/384 1696/2564/384 1697/2566/384
f 1689/2551/385 1679/2550/385 1695/2563/385
f 1698/2567/98 1697/2568/98 1703/2569/98 1704/2570/98
f 1696/2564/392 1695/2563/392 1701/2571/392 1702/2572/392
f 1682/2545/393 1700/2560/393 1706/2573/393
f 1699/2559/394 1698/2565/394 1704/2574/394 1705/2575/394
f 1697/2566/395 1696/2564/395 1702/2572/395 1703/2576/395
f 1695/2563/396 1679/2550/396 1701/2571/396
f 1700/2560/391 1699/2559/391 1705/2575/391 1706/2573/391
f 1682/2545/400 1706/2573/400 1712/2577/400
f 1705/2575/401 1704/2574/401 1710/2578/401 1711/2579/401
f 1703/2576/402 1702/2572/402 1708/2580/402 1709/2581/402
f 1701/2571/403 1679/2550/403 1707/2582/403
f 1706/2573/397 1705/2575/397 1711/2579/397 1712/2577/397
f 1704/2570/398 1703/2569/398 1709/2583/398 1710/2584/398
f 1702/2572/399 1701/2571/399 1707/2582/399 1708/2580/399
f 1682/2545/405 1712/2577/405 1718/2585/405
f 1711/2579/406 1710/2578/406 1716/2586/406 1717/2587/406
f 1709/2581/407 1708/2580/407 1714/2588/407 1715/2589/407
f 1707/2582/408 1679/2550/408 1713/2590/408
f 1712/2577/409 1711/2579/409 1717/2587/409 1718/2585/409
f 1710/2584/410 1709/2583/410 1715/2591/410 1716/2592/410
f 1708/2580/404 1707/2582/404 1713/2590/404 1714/2588/404
f 1715/2589/413 1714/2588/413 1720/2593/413 1721/2594/413
f 1713/2590/414 1679/2550/414 1719/2595/414
f 1718/2585/415 1717/2587/415 1723/2596/415 1724/2597/415
f 1716/2598/416 1715/2599/416 1721/2600/416 1722/2601/416
f 1714/2588/417 1713/2590/417 1719/2595/417 1720/2593/417
f 1682/2545/411 1718/2585/411 1724/2597/411
f 1717/2587/412 1716/2586/412 1722/2602/412 1723/2596/412
f 1724/2597/421 1723/2596/421 1729/2603/421 1730/2604/421
f 1722/2601/422 1721/2600/422 1727/2605/422 1728/2606/422
f 1720/2593/423 1719/2595/423 1725/2607/423 1726/2608/423
f 1682/2545/424 1724/2597/424 1730/2604/424
f 1723/2596/418 1722/2602/418 1728/2609/418 1729/2603/418
f 1721/2594/419 1720/2593/419 1726/2608/419 1727/2610/419
f 1719/2595/420 1679/2550/420 1725/2607/420
f 1730/2604/426 1729/2603/426 1735/2611/426 1736/2612/426
f 1728/2606/427 1727/2605/427 1733/2613/427 1734/2614/427
f 1726/2608/428 1725/2607/428 1731/2615/428 1732/2616/428
f 1682/2545/429 1730/2604/429 1736/2612/429
f 1729/2603/430 1728/2609/430 1734/2617/430 1735/2611/430
f 1727/2610/431 1726/2608/431 1732/2616/431 1733/2618/431
f 1725/2607/425 1679/2550/425 1731/2615/425
f 1732/2616/434 1731/2615/434 1737/2619/434 1738/2620/434
f 1682/2545/435 1736/2612/435 1742/2621/435
f 1735/2611/436 1734/2617/436 1740/2622/436 1741/2623/436
f 1733/2618/468 1732/2616/468 1738/2620/468 1739/2624/468
f 1731/2615/438 1679/2550/438 1737/2619/438
f 1736/2612/432 1735/2611/432 1741/2623/432 1742/2621/432
f 1734/2614/433 1733/2613/433 1739/2625/433 1740/2626/433
f 1682/2545/440 1742/2621/440 1748/2627/440
f 1741/2623/441 1740/2622/441 1746/2628/441 1747/2629/441
f 1739/2624/470 1738/2620/470 1744/2630/470 1745/2631/470
f 1737/2619/443 1679/2550/443 1743/2632/443
f 1742/2621/444 1741/2623/444 1747/2629/444 1748/2627/444
f 1740/2633/94 1739/2634/94 1745/2635/94 1746/2636/94
f 1738/2620/439 1737/2619/439 1743/2632/439 1744/2630/439
f 1747/2629/469 1746/2628/469 1752/2637/469 1753/2638/469
f 1745/2631/447 1744/2630/447 1750/2639/447 1751/2640/447
f 1743/2632/448 1679/2550/448 1749/2641/448
f 1748/2627/449 1747/2629/449 1753/2638/449 1754/2642/449
f 1746/2636/450 1745/2635/450 1751/2643/450 1752/2644/450
f 1744/2630/451 1743/2632/451 1749/2641/451 1750/2639/451
f 1682/2545/445 1748/2627/445 1754/2642/445
f 1749/2641/455 1679/2550/455 1755/2645/455
f 1754/2642/456 1753/2638/456 1759/2646/456 1760/2647/456
f 1752/2644/457 1751/2643/457 1757/2648/457 1758/2649/457
f 1750/2639/458 1749/2641/458 1755/2645/458 1756/2650/458
f 1682/2545/452 1754/2642/452 1760/2647/452
f 1753/2638/453 1752/2637/453 1758/2651/453 1759/2646/453
f 1751/2640/454 1750/2639/454 1756/2650/454 1757/2652/454
f 1760/2647/461 1759/2646/461 1681/2534/461 1764/2533/461
f 1758/2649/462 1757/2648/462 1762/2653/462 1763/2654/462
f 1756/2650/463 1755/2645/463 1761/2542/463 1680/2541/463
f 1682/2545/464 1760/2647/464 1764/2533/464
f 1759/2646/465 1758/2651/465 1763/2546/465 1681/2534/465
f 1757/2652/459 1756/2650/459 1680/2541/459 1762/2548/459
f 1755/2645/460 1679/2550/460 1761/2542/460
f 1850/2655/372 1767/2656/372 1773/2657/372 1774/2658/372
f 1849/2659/373 1848/2660/373 1771/2661/373 1772/2662/373
f 1766/2663/374 1847/2664/374 1769/2665/374 1770/2666/374
f 1768/2667/375 1850/2655/375 1774/2658/375
f 1767/2656/376 1849/2668/376 1772/2669/376 1773/2657/376
f 1848/2670/370 1766/2663/370 1770/2666/370 1771/2671/370
f 1847/2664/371 1765/2672/371 1769/2665/371
f 1774/2658/381 1773/2657/381 1779/2673/381 1780/2674/381
f 1772/2662/382 1771/2661/382 1777/2675/382 1778/2676/382
f 1770/2666/383 1769/2665/383 1775/2677/383 1776/2678/383
f 1768/2667/377 1774/2658/377 1780/2674/377
f 1773/2657/378 1772/2669/378 1778/2679/378 1779/2673/378
f 1771/2671/379 1770/2666/379 1776/2678/379 1777/2680/379
f 1769/2665/380 1765/2672/380 1775/2677/380
f 1780/2674/386 1779/2673/386 1785/2681/386 1786/2682/386
f 1778/2676/387 1777/2675/387 1783/2683/387 1784/2684/387
f 1776/2678/388 1775/2677/388 1781/2685/388 1782/2686/388
f 1768/2667/389 1780/2674/389 1786/2682/389
f 1779/2673/390 1778/2679/390 1784/2687/390 1785/2681/390
f 1777/2680/384 1776/2678/384 1782/2686/384 1783/2688/384
f 1775/2677/385 1765/2672/385 1781/2685/385
f 1782/2686/392 1781/2685/392 1787/2689/392 1788/2690/392
f 1768/2667/393 1786/2682/393 1792/2691/393
f 1785/2681/471 1784/2687/471 1790/2692/471 1791/2693/471
f 1783/2688/472 1782/2686/472 1788/2690/472 1789/2694/472
f 1781/2685/396 1765/2672/396 1787/2689/396
f 1786/2682/391 1785/2681/391 1791/2693/391 1792/2691/391
f 1784/2695/98 1783/2696/98 1789/2697/98 1790/2698/98
f 1768/2667/400 1792/2691/400 1798/2699/400
f 1791/2693/467 1790/2692/467 1796/2700/467 1797/2701/467
f 1789/2694/402 1788/2690/402 1794/2702/402 1795/2703/402
f 1787/2689/403 1765/2672/403 1793/2704/403
f 1792/2691/397 1791/2693/397 1797/2701/397 1798/2699/397
f 1790/2698/398 1789/2697/398 1795/2705/398 1796/2706/398
f 1788/2690/399 1787/2689/399 1793/2704/399 1794/2702/399
f 1797/2701/406 1796/2700/406 1802/2707/406 1803/2708/406
f 1795/2703/407 1794/2702/407 1800/2709/407 1801/2710/407
f 1793/2704/408 1765/2672/408 1799/2711/408
f 1798/2699/409 1797/2701/409 1803/2708/409 1804/2712/409
f 1796/2706/410 1795/2705/410 1801/2713/410 1802/2714/410
f 1794/2702/404 1793/2704/404 1799/2711/404 1800/2709/404
f 1768/2667/405 1798/2699/405 1804/2712/405
f 1799/2711/414 1765/2672/414 1805/2715/414
f 1804/2712/415 1803/2708/415 1809/2716/415 1810/2717/415
f 1802/2718/416 1801/2719/416 1807/2720/416 1808/2721/416
f 1800/2709/417 1799/2711/417 1805/2715/417 1806/2722/417
f 1768/2667/411 1804/2712/411 1810/2717/411
f 1803/2708/412 1802/2707/412 1808/2723/412 1809/2716/412
f 1801/2710/413 1800/2709/413 1806/2722/413 1807/2724/413
f 1810/2717/421 1809/2716/421 1815/2725/421 1816/2726/421
f 1808/2721/422 1807/2720/422 1813/2727/422 1814/2728/422
f 1806/2722/423 1805/2715/423 1811/2729/423 1812/2730/423
f 1768/2667/424 1810/2717/424 1816/2726/424
f 1809/2716/418 1808/2723/418 1814/2731/418 1815/2725/418
f 1807/2724/419 1806/2722/419 1812/2730/419 1813/2732/419
f 1805/2715/420 1765/2672/420 1811/2729/420
f 1814/2728/427 1813/2727/427 1819/2733/427 1820/2734/427
f 1812/2730/428 1811/2729/428 1817/2735/428 1818/2736/428
f 1768/2667/429 1816/2726/429 1822/2737/429
f 1815/2725/430 1814/2731/430 1820/2738/430 1821/2739/430
f 1813/2732/431 1812/2730/431 1818/2736/431 1819/2740/431
f 1811/2729/425 1765/2672/425 1817/2735/425
f 1816/2726/426 1815/2725/426 1821/2739/426 1822/2737/426
f 1768/2667/435 1822/2737/435 1828/2741/435
f 1821/2739/436 1820/2738/436 1826/2742/436 1827/2743/436
f 1819/2740/468 1818/2736/468 1824/2744/468 1825/2745/468
f 1817/2735/438 1765/2672/438 1823/2746/438
f 1822/2737/432 1821/2739/432 1827/2743/432 1828/2741/432
f 1820/2734/433 1819/2733/433 1825/2747/433 1826/2748/433
f 1818/2736/434 1817/2735/434 1823/2746/434 1824/2744/434
f 1768/2667/440 1828/2741/440 1834/2749/440
f 1827/2743/441 1826/2742/441 1832/2750/441 1833/2751/441
f 1825/2745/442 1824/2744/442 1830/2752/442 1831/2753/442
f 1823/2746/443 1765/2672/443 1829/2754/443
f 1828/2741/444 1827/2743/444 1833/2751/444 1834/2749/444
f 1826/2755/94 1825/2756/94 1831/2757/94 1832/2758/94
f 1824/2744/439 1823/2746/439 1829/2754/439 1830/2752/439
f 1831/2753/473 1830/2752/473 1836/2759/473 1837/2760/473
f 1829/2754/448 1765/2672/448 1835/2761/448
f 1834/2749/449 1833/2751/449 1839/2762/449 1840/2763/449
f 1832/2758/450 1831/2757/450 1837/2764/450 1838/2765/450
f 1830/2752/451 1829/2754/451 1835/2761/451 1836/2759/451
f 1768/2667/445 1834/2749/445 1840/2763/445
f 1833/2751/469 1832/2750/469 1838/2766/469 1839/2762/469
f 1840/2763/456 1839/2762/456 1845/2767/456 1846/2768/456
f 1838/2765/457 1837/2764/457 1843/2769/457 1844/2770/457
f 1836/2759/458 1835/2761/458 1841/2771/458 1842/2772/458
f 1768/2667/452 1840/2763/452 1846/2768/452
f 1839/2762/453 1838/2766/453 1844/2773/453 1845/2767/453
f 1837/2760/454 1836/2759/454 1842/2772/454 1843/2774/454
f 1835/2761/455 1765/2672/455 1841/2771/455
f 1846/2768/461 1845/2767/461 1767/2656/461 1850/2655/461
f 1844/2770/462 1843/2769/462 1848/2775/462 1849/2776/462
f 1842/2772/463 1841/2771/463 1847/2664/463 1766/2663/463
f 1768/2667/464 1846/2768/464 1850/2655/464
f 1845/2767/465 1844/2773/465 1849/2668/465 1767/2656/465
f 1843/2774/459 1842/2772/459 1766/2663/459 1848/2670/459
f 1841/2771/460 1765/2672/460 1847/2664/460
f 1853/2777/376 1935/2778/376 1858/2779/376 1859/2780/376
f 1934/2781/370 1852/2782/370 1856/2783/370 1857/2784/370
f 1933/2785/371 1851/2786/371 1855/2787/371
f 1936/2788/372 1853/2777/372 1859/2780/372 1860/2789/372
f 1935/2790/373 1934/2791/373 1857/2792/373 1858/2793/373
f 1852/2782/374 1933/2785/374 1855/2787/374 1856/2783/374
f 1854/2794/375 1936/2788/375 1860/2789/375
f 1854/2794/377 1860/2789/377 1866/2795/377
f 1859/2780/378 1858/2779/378 1864/2796/378 1865/2797/378
f 1857/2784/379 1856/2783/379 1862/2798/379 1863/2799/379
f 1855/2787/380 1851/2786/380 1861/2800/380
f 1860/2789/381 1859/2780/381 1865/2797/381 1866/2795/381
f 1858/2793/382 1857/2792/382 1863/2801/382 1864/2802/382
f 1856/2783/383 1855/2787/383 1861/2800/383 1862/2798/383
f 1865/2797/390 1864/2796/390 1870/2803/390 1871/2804/390
f 1863/2799/466 1862/2798/466 1868/2805/466 1869/2806/466
f 1861/2800/385 1851/2786/385 1867/2807/385
f 1866/2795/386 1865/2797/386 1871/2804/386 1872/2808/386
f 1864/2802/387 1863/2801/387 1869/2809/387 1870/2810/387
f 1862/2798/388 1861/2800/388 1867/2807/388 1868/2805/388
f 1854/2794/389 1866/2795/389 1872/2808/389
f 1867/2807/396 1851/2786/396 1873/2811/396
f 1872/2808/391 1871/2804/391 1877/2812/391 1878/2813/391
f 1870/2814/98 1869/2815/98 1875/2816/98 1876/2817/98
f 1868/2805/392 1867/2807/392 1873/2811/392 1874/2818/392
f 1854/2794/393 1872/2808/393 1878/2813/393
f 1871/2804/394 1870/2803/394 1876/2819/394 1877/2812/394
f 1869/2806/395 1868/2805/395 1874/2818/395 1875/2820/395
f 1878/2813/397 1877/2812/397 1883/2821/397 1884/2822/397
f 1876/2817/398 1875/2816/398 1881/2823/398 1882/2824/398
f 1874/2818/399 1873/2811/399 1879/2825/399 1880/2826/399
f 1854/2794/400 1878/2813/400 1884/2822/400
f 1877/2812/401 1876/2819/401 1882/2827/401 1883/2821/401
f 1875/2820/402 1874/2818/402 1880/2826/402 1881/2828/402
f 1873/2811/403 1851/2786/403 1879/2825/403
f 1882/2824/410 1881/2823/410 1887/2829/410 1888/2830/410
f 1880/2826/404 1879/2825/404 1885/2831/404 1886/2832/404
f 1854/2794/405 1884/2822/405 1890/2833/405
f 1883/2821/406 1882/2827/406 1888/2834/406 1889/2835/406
f 1881/2828/474 1880/2826/474 1886/2832/474 1887/2836/474
f 1879/2825/408 1851/2786/408 1885/2831/408
f 1884/2822/409 1883/2821/409 1889/2835/409 1890/2833/409
f 1854/2794/411 1890/2833/411 1896/2837/411
f 1889/2835/412 1888/2834/412 1894/2838/412 1895/2839/412
f 1887/2836/413 1886/2832/413 1892/2840/413 1893/2841/413
f 1885/2831/414 1851/2786/414 1891/2842/414
f 1890/2833/415 1889/2835/415 1895/2839/415 1896/2837/415
f 1888/2843/416 1887/2844/416 1893/2845/416 1894/2846/416
f 1886/2832/417 1885/2831/417 1891/2842/417 1892/2840/417
f 1854/2794/424 1896/2837/424 1902/2847/424
f 1895/2839/418 1894/2838/418 1900/2848/418 1901/2849/418
f 1893/2841/419 1892/2840/419 1898/2850/419 1899/2851/419
f 1891/2842/420 1851/2786/420 1897/2852/420
f 1896/2837/421 1895/2839/421 1901/2849/421 1902/2847/421
f 1894/2846/422 1893/2845/422 1899/2853/422 1900/2854/422
f 1892/2840/423 1891/2842/423 1897/2852/423 1898/2850/423
f 1899/2851/431 1898/2850/431 1904/2855/431 1905/2856/431
f 1897/2852/425 1851/2786/425 1903/2857/425
f 1902/2847/426 1901/2849/426 1907/2858/426 1908/2859/426
f 1900/2854/427 1899/2853/427 1905/2860/427 1906/2861/427
f 1898/2850/428 1897/2852/428 1903/2857/428 1904/2855/428
f 1854/2794/429 1902/2847/429 1908/2859/429
f 1901/2849/430 1900/2848/430 1906/2862/430 1907/2858/430
f 1908/2859/432 1907/2858/432 1913/2863/432 1914/2864/432
f 1906/2861/433 1905/2860/433 1911/2865/433 1912/2866/433
f 1904/2855/434 1903/2857/434 1909/2867/434 1910/2868/434
f 1854/2794/435 1908/2859/435 1914/2864/435
f 1907/2858/436 1906/2862/436 1912/2869/436 1913/2863/436
f 1905/2856/437 1904/2855/437 1910/2868/437 1911/2870/437
f 1903/2857/438 1851/2786/438 1909/2867/438
f 1914/2864/444 1913/2863/444 1919/2871/444 1920/2872/444
f 1912/2873/94 1911/2874/94 1917/2875/94 1918/2876/94
f 1910/2868/439 1909/2867/439 1915/2877/439 1916/2878/439
f 1854/2794/440 1914/2864/440 1920/2872/440
f 1913/2863/441 1912/2869/441 1918/2879/441 1919/2871/441
f 1911/2870/442 1910/2868/442 1916/2878/442 1917/2880/442
f 1909/2867/443 1851/2786/443 1915/2877/443
f 1916/2878/451 1915/2877/451 1921/2881/451 1922/2882/451
f 1854/2794/445 1920/2872/445 1926/2883/445
f 1919/2871/446 1918/2879/446 1924/2884/446 1925/2885/446
f 1917/2880/447 1916/2878/447 1922/2882/447 1923/2886/447
f 1915/2877/448 1851/2786/448 1921/2881/448
f 1920/2872/449 1919/2871/449 1925/2885/449 1926/2883/449
f 1918/2876/450 1917/2875/450 1923/2887/450 1924/2888/450
f 1854/2794/452 1926/2883/452 1932/2889/452
f 1925/2885/453 1924/2884/453 1930/2890/453 1931/2891/453
f 1923/2886/454 1922/2882/454 1928/2892/454 1929/2893/454
f 1921/2881/455 1851/2786/455 1927/2894/455
f 1926/2883/456 1925/2885/456 1931/2891/456 1932/2889/456
f 1924/2888/457 1923/2887/457 1929/2895/457 1930/2896/457
f 1922/2882/458 1921/2881/458 1927/2894/458 1928/2892/458
f 1931/2891/465 1930/2890/465 1935/2778/465 1853/2777/465
f 1929/2893/459 1928/2892/459 1852/2782/459 1934/2781/459
f 1927/2894/460 1851/2786/460 1933/2785/460
f 1932/2889/461 1931/2891/461 1853/2777/461 1936/2788/461
f 1930/2896/462 1929/2895/462 1934/2897/462 1935/2898/462
f 1928/2892/463 1927/2894/463 1933/2785/463 1852/2782/463
f 1854/2794/464 1932/2889/464 1936/2788/464
f 1938/2899/374 2019/2900/374 1941/2901/374 1942/2902/374
f 1940/2903/375 2022/2904/375 1946/2905/375
f 1939/2906/376 2021/2907/376 1944/2908/376 1945/2909/376
f 2020/2910/370 1938/2899/370 1942/2902/370 1943/2911/370
f 2019/2900/371 1937/2912/371 1941/2901/371
f 2022/2904/372 1939/2906/372 1945/2909/372 1946/2905/372
f 2021/2913/373 2020/2914/373 1943/2915/373 1944/2916/373
f 1946/2905/381 1945/2909/381 1951/2917/381 1952/2918/381
f 1944/2916/382 1943/2915/382 1949/2919/382 1950/2920/382
f 1942/2902/383 1941/2901/383 1947/2921/383 1948/2922/383
f 1940/2903/377 1946/2905/377 1952/2918/377
f 1945/2909/378 1944/2908/378 1950/2923/378 1951/2917/378
f 1943/2911/379 1942/2902/379 1948/2922/379 1949/2924/379
f 1941/2901/380 1937/2912/380 1947/2921/380
f 1948/2922/388 1947/2921/388 1953/2925/388 1954/2926/388
f 1940/2903/389 1952/2918/389 1958/2927/389
f 1951/2917/390 1950/2923/390 1956/2928/390 1957/2929/390
f 1949/2924/384 1948/2922/384 1954/2926/384 1955/2930/384
f 1947/2921/385 1937/2912/385 1953/2925/385
f 1952/2918/386 1951/2917/386 1957/2929/386 1958/2927/386
f 1950/2920/387 1949/2919/387 1955/2931/387 1956/2932/387
f 1940/2903/393 1958/2927/393 1964/2933/393
f 1957/2929/394 1956/2928/394 1962/2934/394 1963/2935/394
f 1955/2930/395 1954/2926/395 1960/2936/395 1961/2937/395
f 1953/2925/396 1937/2912/396 1959/2938/396
f 1958/2927/391 1957/2929/391 1963/2935/391 1964/2933/391
f 1956/2939/98 1955/2940/98 1961/2941/98 1962/2942/98
f 1954/2926/392 1953/2925/392 1959/2938/392 1960/2936/392
f 1963/2935/401 1962/2934/401 1968/2943/401 1969/2944/401
f 1961/2937/402 1960/2936/402 1966/2945/402 1967/2946/402
f 1959/2938/403 1937/2912/403 1965/2947/403
f 1964/2933/397 1963/2935/397 1969/2944/397 1970/2948/397
f 1962/2942/398 1961/2941/398 1967/2949/398 1968/2950/398
f 1960/2936/399 1959/2938/399 1965/2947/399 1966/2945/399
f 1940/2903/400 1964/2933/400 1970/2948/400
f 1965/2947/408 1937/2912/408 1971/2951/408
f 1970/2948/409 1969/2944/409 1975/2952/409 1976/2953/409
f 1968/2950/410 1967/2949/410 1973/2954/410 1974/2955/410
f 1966/2945/404 1965/2947/404 1971/2951/404 1972/2956/404
f 1940/2903/405 1970/2948/405 1976/2953/405
f 1969/2944/406 1968/2943/406 1974/2957/406 1975/2952/406
f 1967/2946/407 1966/2945/407 1972/2956/407 1973/2958/407
f 1976/2953/415 1975/2952/415 1981/2959/415 1982/2960/415
f 1974/2961/416 1973/2962/416 1979/2963/416 1980/2964/416
f 1972/2956/417 1971/2951/417 1977/2965/417 1978/2966/417
f 1940/2903/411 1976/2953/411 1982/2960/411
f 1975/2952/412 1974/2957/412 1980/2967/412 1981/2959/412
f 1973/2958/413 1972/2956/413 1978/2966/413 1979/2968/413
f 1971/2951/414 1937/2912/414 1977/2965/414
f 1980/2964/422 1979/2963/422 1985/2969/422 1986/2970/422
f 1978/2966/423 1977/2965/423 1983/2971/423 1984/2972/423
f 1940/2903/424 1982/2960/424 1988/2973/424
f 1981/2959/418 1980/2967/418 1986/2974/418 1987/2975/418
f 1979/2968/419 1978/2966/419 1984/2972/419 1985/2976/419
f 1977/2965/420 1937/2912/420 1983/2971/420
f 1982/2960/421 1981/2959/421 1987/2975/421 1988/2973/421
f 1940/2903/429 1988/2973/429 1994/2977/429
f 1987/2975/430 1986/2974/430 1992/2978/430 1993/2979/430
f 1985/2976/431 1984/2972/431 1990/2980/431 1991/2981/431
f 1983/2971/425 1937/2912/425 1989/2982/425
f 1988/2973/426 1987/2975/426 1993/2979/426 1994/2977/426
f 1986/2970/427 1985/2969/427 1991/2983/427 1992/2984/427
f 1984/2972/428 1983/2971/428 1989/2982/428 1990/2980/428
f 1940/2903/435 1994/2977/435 2000/2985/435
f 1993/2979/436 1992/2978/436 1998/2986/436 1999/2987/436
f 1991/2981/468 1990/2980/468 1996/2988/468 1997/2989/468
f 1989/2982/438 1937/2912/438 1995/2990/438
f 1994/2977/432 1993/2979/432 1999/2987/432 2000/2985/432
f 1992/2984/433 1991/2983/433 1997/2991/433 1998/2992/433
f 1990/2980/434 1989/2982/434 1995/2990/434 1996/2988/434
f 1997/2989/442 1996/2988/442 2002/2993/442 2003/2994/442
f 1995/2990/443 1937/2912/443 2001/2995/443
f 2000/2985/444 1999/2987/444 2005/2996/444 2006/2997/444
f 1998/2998/94 1997/2999/94 2003/3000/94 2004/3001/94
f 1996/2988/439 1995/2990/439 2001/2995/439 2002/2993/439
f 1940/2903/440 2000/2985/440 2006/2997/440
f 1999/2987/441 1998/2986/441 2004/3002/441 2005/2996/441
f 2006/2997/449 2005/2996/449 2011/3003/449 2012/3004/449
f 2004/3001/450 2003/3000/450 2009/3005/450 2010/3006/450
f 2002/2993/451 2001/2995/451 2007/3007/451 2008/3008/451
f 1940/2903/445 2006/2997/445 2012/3004/445
f 2005/2996/469 2004/3002/469 2010/3009/469 2011/3003/469
f 2003/2994/447 2002/2993/447 2008/3008/447 2009/3010/447
f 2001/2995/448 1937/2912/448 2007/3007/448
f 2012/3004/456 2011/3003/456 2017/3011/456 2018/3012/456
f 2010/3006/457 2009/3005/457 2015/3013/457 2016/3014/457
f 2008/3008/458 2007/3007/458 2013/3015/458 2014/3016/458
f 1940/2903/452 2012/3004/452 2018/3012/452
f 2011/3003/453 2010/3009/453 2016/3017/453 2017/3011/453
f 2009/3010/454 2008/3008/454 2014/3016/454 2015/3018/454
f 2007/3007/455 1937/2912/455 2013/3015/455
f 2014/3016/463 2013/3015/463 2019/2900/463 1938/2899/463
f 1940/2903/464 2018/3012/464 2022/2904/464
f 2017/3011/465 2016/3017/465 2021/2907/465 1939/2906/465
f 2015/3018/459 2014/3016/459 1938/2899/459 2020/2910/459
f 2013/3015/460 1937/2912/460 2019/2900/460
f 2018/3012/461 2017/3011/461 1939/2906/461 2022/2904/461
f 2016/3014/462 2015/3013/462 2020/3019/462 2021/3020/462
f 2026/3021/375 2108/3022/375 2032/3023/375
f 2025/3024/376 2107/3025/376 2030/3026/376 2031/3027/376
f 2106/3028/370 2024/3029/370 2028/3030/370 2029/3031/370
f 2105/3032/371 2023/3033/371 2027/3034/371
f 2108/3022/372 2025/3024/372 2031/3027/372 2032/3023/372
f 2107/3035/373 2106/3036/373 2029/3037/373 2030/3038/373
f 2024/3029/374 2105/3032/374 2027/3034/374 2028/3030/374
f 2026/3021/377 2032/3023/377 2038/3039/377
f 2031/3027/378 2030/3026/378 2036/3040/378 2037/3041/378
f 2029/3031/379 2028/3030/379 2034/3042/379 2035/3043/379
f 2027/3034/380 2023/3033/380 2033/3044/380
f 2032/3023/381 2031/3027/381 2037/3041/381 2038/3039/381
f 2030/3038/382 2029/3037/382 2035/3045/382 2036/3046/382
f 2028/3030/383 2027/3034/383 2033/3044/383 2034/3042/383
f 2026/3021/389 2038/3039/389 2044/3047/389
f 2037/3041/390 2036/3040/390 2042/3048/390 2043/3049/390
f 2035/3043/384 2034/3042/384 2040/3050/384 2041/3051/384
f 2033/3044/385 2023/3033/385 2039/3052/385
f 2038/3039/386 2037/3041/386 2043/3049/386 2044/3047/386
f 2036/3046/387 2035/3045/387 2041/3053/387 2042/3054/387
f 2034/3042/388 2033/3044/388 2039/3052/388 2040/3050/388
f 2041/3051/395 2040/3050/395 2046/3055/395 2047/3056/395
f 2039/3052/396 2023/3033/396 2045/3057/396
f 2044/3047/391 2043/3049/391 2049/3058/391 2050/3059/391
f 2042/3060/98 2041/3061/98 2047/3062/98 2048/3063/98
f 2040/3050/392 2039/3052/392 2045/3057/392 2046/3055/392
f 2026/3021/393 2044/3047/393 2050/3059/393
f 2043/3049/394 2042/3048/394 2048/3064/394 2049/3058/394
f 2050/3059/397 2049/3058/397 2055/3065/397 2056/3066/397
f 2048/3063/398 2047/3062/398 2053/3067/398 2054/3068/398
f 2046/3055/399 2045/3057/399 2051/3069/399 2052/3070/399
f 2026/3021/400 2050/3059/400 2056/3066/400
f 2049/3058/401 2048/3064/401 2054/3071/401 2055/3065/401
f 2047/3056/402 2046/3055/402 2052/3070/402 2053/3072/402
f 2045/3057/403 2023/3033/403 2051/3069/403
f 2056/3066/409 2055/3065/409 2061/3073/409 2062/3074/409
f 2054/3068/410 2053/3067/410 2059/3075/410 2060/3076/410
f 2052/3070/404 2051/3069/404 2057/3077/404 2058/3078/404
f 2026/3021/405 2056/3066/405 2062/3074/405
f 2055/3065/406 2054/3071/406 2060/3079/406 2061/3073/406
f 2053/3072/407 2052/3070/407 2058/3078/407 2059/3080/407
f 2051/3069/408 2023/3033/408 2057/3077/408
f 2058/3078/417 2057/3077/417 2063/3081/417 2064/3082/417
f 2026/3021/411 2062/3074/411 2068/3083/411
f 2061/3073/412 2060/3079/412 2066/3084/412 2067/3085/412
f 2059/3080/413 2058/3078/413 2064/3082/413 2065/3086/413
f 2057/3077/414 2023/3033/414 2063/3081/414
f 2062/3074/415 2061/3073/415 2067/3085/415 2068/3083/415
f 2060/3087/416 2059/3088/416 2065/3089/416 2066/3090/416
f 2026/3021/424 2068/3083/424 2074/3091/424
f 2067/3085/418 2066/3084/418 2072/3092/418 2073/3093/418
f 2065/3086/419 2064/3082/419 2070/3094/419 2071/3095/419
f 2063/3081/420 2023/3033/420 2069/3096/420
f 2068/3083/421 2067/3085/421 2073/3093/421 2074/3091/421
f 2066/3090/422 2065/3089/422 2071/3097/422 2072/3098/422
f 2064/3082/423 2063/3081/423 2069/3096/423 2070/3094/423
f 2073/3093/430 2072/3092/430 2078/3099/430 2079/3100/430
f 2071/3095/431 2070/3094/431 2076/3101/431 2077/3102/431
f 2069/3096/425 2023/3033/425 2075/3103/425
f 2074/3091/426 2073/3093/426 2079/3100/426 2080/3104/426
f 2072/3098/427 2071/3097/427 2077/3105/427 2078/3106/427
f 2070/3094/428 2069/3096/428 2075/3103/428 2076/3101/428
f 2026/3021/429 2074/3091/429 2080/3104/429
f 2075/3103/438 2023/3033/438 2081/3107/438
f 2080/3104/432 2079/3100/432 2085/3108/432 2086/3109/432
f 2078/3106/433 2077/3105/433 2083/3110/433 2084/3111/433
f 2076/3101/434 2075/3103/434 2081/3107/434 2082/3112/434
f 2026/3021/435 2080/3104/435 2086/3109/435
f 2079/3100/436 2078/3099/436 2084/3113/436 2085/3108/436
f 2077/3102/468 2076/3101/468 2082/3112/468 2083/3114/468
f 2086/3109/444 2085/3108/444 2091/3115/444 2092/3116/444
f 2084/3117/94 2083/3118/94 2089/3119/94 2090/3120/94
f 2082/3112/439 2081/3107/439 2087/3121/439 2088/3122/439
f 2026/3021/440 2086/3109/440 2092/3116/440
f 2085/3108/441 2084/3113/441 2090/3123/441 2091/3115/441
f 2083/3114/442 2082/3112/442 2088/3122/442 2089/3124/442
f 2081/3107/443 2023/3033/443 2087/3121/443
f 2090/3120/450 2089/3119/450 2095/3125/450 2096/3126/450
f 2088/3122/451 2087/3121/451 2093/3127/451 2094/3128/451
f 2026/3021/445 2092/3116/445 2098/3129/445
f 2091/3115/469 2090/3123/469 2096/3130/469 2097/3131/469
f 2089/3124/447 2088/3122/447 2094/3128/447 2095/3132/447
f 2087/3121/448 2023/3033/448 2093/3127/448
f 2092/3116/449 2091/3115/449 2097/3131/449 2098/3129/449
f 2026/3021/452 2098/3129/452 2104/3133/452
f 2097/3131/453 2096/3130/453 2102/3134/453 2103/3135/453
f 2095/3132/454 2094/3128/454 2100/3136/454 2101/3137/454
f 2093/3127/455 2023/3033/455 2099/3138/455
f 2098/3129/456 2097/3131/456 2103/3135/456 2104/3133/456
f 2096/3126/457 2095/3125/457 2101/3139/457 2102/3140/457
f 2094/3128/458 2093/3127/458 2099/3138/458 2100/3136/458
f 2026/3021/464 2104/3133/464 2108/3022/464
f 2103/3135/465 2102/3134/465 2107/3025/465 2025/3024/465
f 2101/3137/459 2100/3136/459 2024/3029/459 2106/3028/459
f 2099/3138/460 2023/3033/460 2105/3032/460
f 2104/3133/461 2103/3135/461 2025/3024/461 2108/3022/461
f 2102/3140/462 2101/3139/462 2106/3141/462 2107/3142/462
f 2100/3136/463 2099/3138/463 2105/3032/463 2024/3029/463
f 2111/3143/376 2193/3144/376 2116/3145/376 2117/3146/376
f 2192/3147/370 2110/3148/370 2114/3149/370 2115/3150/370
f 2191/3151/371 2109/3152/371 2113/3153/371
f 2194/3154/372 2111/3143/372 2117/3146/372 2118/3155/372
f 2193/3156/373 2192/3157/373 2115/3158/373 2116/3159/373
f 2110/3148/374 2191/3151/374 2113/3153/374 2114/3149/374
f 2112/3160/375 2194/3154/375 2118/3155/375
f 2112/3160/377 2118/3155/377 2124/3161/377
f 2117/3146/378 2116/3145/378 2122/3162/378 2123/3163/378
f 2115/3150/379 2114/3149/379 2120/3164/379 2121/3165/379
f 2113/3153/380 2109/3152/380 2119/3166/380
f 2118/3155/381 2117/3146/381 2123/3163/381 2124/3161/381
f 2116/3159/382 2115/3158/382 2121/3167/382 2122/3168/382
f 2114/3149/383 2113/3153/383 2119/3166/383 2120/3164/383
f 2123/3163/390 2122/3162/390 2128/3169/390 2129/3170/390
f 2121/3165/384 2120/3164/384 2126/3171/384 2127/3172/384
f 2119/3166/385 2109/3152/385 2125/3173/385
f 2124/3161/386 2123/3163/386 2129/3170/386 2130/3174/386
f 2122/3168/387 2121/3167/387 2127/3175/387 2128/3176/387
f 2120/3164/388 2119/3166/388 2125/3173/388 2126/3171/388
f 2112/3160/389 2124/3161/389 2130/3174/389
f 2125/3173/396 2109/3152/396 2131/3177/396
f 2130/3174/391 2129/3170/391 2135/3178/391 2136/3179/391
f 2128/3180/98 2127/3181/98 2133/3182/98 2134/3183/98
f 2126/3171/392 2125/3173/392 2131/3177/392 2132/3184/392
f 2112/3160/393 2130/3174/393 2136/3179/393
f 2129/3170/394 2128/3169/394 2134/3185/394 2135/3178/394
f 2127/3172/395 2126/3171/395 2132/3184/395 2133/3186/395
f 2136/3179/397 2135/3178/397 2141/3187/397 2142/3188/397
f 2134/3183/398 2133/3182/398 2139/3189/398 2140/3190/398
f 2132/3184/399 2131/3177/399 2137/3191/399 2138/3192/399
f 2112/3160/400 2136/3179/400 2142/3188/400
f 2135/3178/401 2134/3185/401 2140/3193/401 2141/3187/401
f 2133/3186/402 2132/3184/402 2138/3192/402 2139/3194/402
f 2131/3177/403 2109/3152/403 2137/3191/403
f 2140/3190/410 2139/3189/410 2145/3195/410 2146/3196/410
f 2138/3192/404 2137/3191/404 2143/3197/404 2144/3198/404
f 2112/3160/405 2142/3188/405 2148/3199/405
f 2141/3187/406 2140/3193/406 2146/3200/406 2147/3201/406
f 2139/3194/407 2138/3192/407 2144/3198/407 2145/3202/407
f 2137/3191/408 2109/3152/408 2143/3197/408
f 2142/3188/409 2141/3187/409 2147/3201/409 2148/3199/409
f 2112/3160/411 2148/3199/411 2154/3203/411
f 2147/3201/412 2146/3200/412 2152/3204/412 2153/3205/412
f 2145/3202/413 2144/3198/413 2150/3206/413 2151/3207/413
f 2143/3197/414 2109/3152/414 2149/3208/414
f 2148/3199/415 2147/3201/415 2153/3205/415 2154/3203/415
f 2146/3209/416 2145/3210/416 2151/3211/416 2152/3212/416
f 2144/3198/417 2143/3197/417 2149/3208/417 2150/3206/417
f 2112/3160/424 2154/3203/424 2160/3213/424
f 2153/3205/418 2152/3204/418 2158/3214/418 2159/3215/418
f 2151/3207/419 2150/3206/419 2156/3216/419 2157/3217/419
f 2149/3208/420 2109/3152/420 2155/3218/420
f 2154/3203/421 2153/3205/421 2159/3215/421 2160/3213/421
f 2152/3212/422 2151/3211/422 2157/3219/422 2158/3220/422
f 2150/3206/423 2149/3208/423 2155/3218/423 2156/3216/423
f 2157/3217/431 2156/3216/431 2162/3221/431 2163/3222/431
f 2155/3218/425 2109/3152/425 2161/3223/425
f 2160/3213/426 2159/3215/426 2165/3224/426 2166/3225/426
f 2158/3220/427 2157/3219/427 2163/3226/427 2164/3227/427
f 2156/3216/428 2155/3218/428 2161/3223/428 2162/3221/428
f 2112/3160/429 2160/3213/429 2166/3225/429
f 2159/3215/430 2158/3214/430 2164/3228/430 2165/3224/430
f 2166/3225/432 2165/3224/432 2171/3229/432 2172/3230/432
f 2164/3227/433 2163/3226/433 2169/3231/433 2170/3232/433
f 2162/3221/434 2161/3223/434 2167/3233/434 2168/3234/434
f 2112/3160/435 2166/3225/435 2172/3230/435
f 2165/3224/436 2164/3228/436 2170/3235/436 2171/3229/436
f 2163/3222/437 2162/3221/437 2168/3234/437 2169/3236/437
f 2161/3223/438 2109/3152/438 2167/3233/438
f 2172/3230/444 2171/3229/444 2177/3237/444 2178/3238/444
f 2170/3239/94 2169/3240/94 2175/3241/94 2176/3242/94
f 2168/3234/439 2167/3233/439 2173/3243/439 2174/3244/439
f 2112/3160/440 2172/3230/440 2178/3238/440
f 2171/3229/441 2170/3235/441 2176/3245/441 2177/3237/441
f 2169/3236/442 2168/3234/442 2174/3244/442 2175/3246/442
f 2167/3233/443 2109/3152/443 2173/3243/443
f 2174/3244/451 2173/3243/451 2179/3247/451 2180/3248/451
f 2112/3160/445 2178/3238/445 2184/3249/445
f 2177/3237/446 2176/3245/446 2182/3250/446 2183/3251/446
f 2175/3246/447 2174/3244/447 2180/3248/447 2181/3252/447
f 2173/3243/448 2109/3152/448 2179/3247/448
f 2178/3238/449 2177/3237/449 2183/3251/449 2184/3249/449
f 2176/3242/450 2175/3241/450 2181/3253/450 2182/3254/450
f 2112/3160/452 2184/3249/452 2190/3255/452
f 2183/3251/453 2182/3250/453 2188/3256/453 2189/3257/453
f 2181/3252/454 2180/3248/454 2186/3258/454 2187/3259/454
f 2179/3247/455 2109/3152/455 2185/3260/455
f 2184/3249/456 2183/3251/456 2189/3257/456 2190/3255/456
f 2182/3254/457 2181/3253/457 2187/3261/457 2188/3262/457
f 2180/3248/458 2179/3247/458 2185/3260/458 2186/3258/458
f 2189/3257/465 2188/3256/465 2193/3144/465 2111/3143/465
f 2187/3259/459 2186/3258/459 2110/3148/459 2192/3147/459
f 2185/3260/460 2109/3152/460 2191/3151/460
f 2190/3255/461 2189/3257/461 2111/3143/461 2194/3154/461
f 2188/3262/462 2187/3261/462 2192/3263/462 2193/3264/462
f 2186/3258/463 2185/3260/463 2191/3151/463 2110/3148/463
f 2112/3160/464 2190/3255/464 2194/3154/464
f 2198/3265/375 2280/3266/375 2204/3267/375
f 2197/3268/376 2279/3269/376 2202/3270/376 2203/3271/376
f 2278/3272/370 2196/3273/370 2200/3274/370 2201/3275/370
f 2277/3276/371 2195/3277/371 2199/3278/371
f 2280/3266/372 2197/3268/372 2203/3271/372 2204/3267/372
f 2279/3279/373 2278/3280/373 2201/3281/373 2202/3282/373
f 2196/3273/374 2277/3276/374 2199/3278/374 2200/3274/374
f 2202/3282/382 2201/3281/382 2207/3283/382 2208/3284/382
f 2200/3274/383 2199/3278/383 2205/3285/383 2206/3286/383
f 2198/3265/377 2204/3267/377 2210/3287/377
f 2203/3271/378 2202/3270/378 2208/3288/378 2209/3289/378
f 2201/3275/379 2200/3274/379 2206/3286/379 2207/3290/379
f 2199/3278/380 2195/3277/380 2205/3285/380
f 2204/3267/381 2203/3271/381 2209/3289/381 2210/3287/381
f 2198/3265/389 2210/3287/389 2216/3291/389
f 2209/3289/390 2208/3288/390 2214/3292/390 2215/3293/390
f 2207/3290/466 2206/3286/466 2212/3294/466 2213/3295/466
f 2205/3285/385 2195/3277/385 2211/3296/385
f 2210/3287/386 2209/3289/386 2215/3293/386 2216/3291/386
f 2208/3284/387 2207/3283/387 2213/3297/387 2214/3298/387
f 2206/3286/388 2205/3285/388 2211/3296/388 2212/3294/388
f 2198/3265/393 2216/3291/393 2222/3299/393
f 2215/3293/394 2214/3292/394 2220/3300/394 2221/3301/394
f 2213/3295/395 2212/3294/395 2218/3302/395 2219/3303/395
f 2211/3296/396 2195/3277/396 2217/3304/396
f 2216/3291/391 2215/3293/391 2221/3301/391 2222/3299/391
f 2214/3305/98 2213/3306/98 2219/3307/98 2220/3308/98
f 2212/3294/392 2211/3296/392 2217/3304/392 2218/3302/392
f 2219/3303/402 2218/3302/402 2224/3309/402 2225/3310/402
f 2217/3304/403 2195/3277/403 2223/3311/403
f 2222/3299/397 2221/3301/397 2227/3312/397 2228/3313/397
f 2220/3308/398 2219/3307/398 2225/3314/398 2226/3315/398
f 2218/3302/399 2217/3304/399 2223/3311/399 2224/3309/399
f 2198/3265/400 2222/3299/400 2228/3313/400
f 2221/3301/467 2220/3300/467 2226/3316/467 2227/3312/467
f 2228/3313/409 2227/3312/409 2233/3317/409 2234/3318/409
f 2226/3315/410 2225/3314/410 2231/3319/410 2232/3320/410
f 2224/3309/404 2223/3311/404 2229/3321/404 2230/3322/404
f 2198/3265/405 2228/3313/405 2234/3318/405
f 2227/3312/406 2226/3316/406 2232/3323/406 2233/3317/406
f 2225/3310/407 2224/3309/407 2230/3322/407 2231/3324/407
f 2223/3311/408 2195/3277/408 2229/3321/408
f 2234/3318/415 2233/3317/415 2239/3325/415 2240/3326/415
f 2232/3327/416 2231/3328/416 2237/3329/416 2238/3330/416
f 2230/3322/417 2229/3321/417 2235/3331/417 2236/3332/417
f 2198/3265/411 2234/3318/411 2240/3326/411
f 2233/3317/412 2232/3323/412 2238/3333/412 2239/3325/412
f 2231/3324/413 2230/3322/413 2236/3332/413 2237/3334/413
f 2229/3321/414 2195/3277/414 2235/3331/414
f 2236/3332/423 2235/3331/423 2241/3335/423 2242/3336/423
f 2198/3265/424 2240/3326/424 2246/3337/424
f 2239/3325/418 2238/3333/418 2244/3338/418 2245/3339/418
f 2237/3334/419 2236/3332/419 2242/3336/419 2243/3340/419
f 2235/3331/420 2195/3277/420 2241/3335/420
f 2240/3326/421 2239/3325/421 2245/3339/421 2246/3337/421
f 2238/3330/422 2237/3329/422 2243/3341/422 2244/3342/422
f 2198/3265/429 2246/3337/429 2252/3343/429
f 2245/3339/430 2244/3338/430 2250/3344/430 2251/3345/430
f 2243/3340/431 2242/3336/431 2248/3346/431 2249/3347/431
f 2241/3335/425 2195/3277/425 2247/3348/425
f 2246/3337/426 2245/3339/426 2251/3345/426 2252/3343/426
f 2244/3342/427 2243/3341/427 2249/3349/427 2250/3350/427
f 2242/3336/428 2241/3335/428 2247/3348/428 2248/3346/428
f 2251/3345/436 2250/3344/436 2256/3351/436 2257/3352/436
f 2249/3347/468 2248/3346/468 2254/3353/468 2255/3354/468
f 2247/3348/438 2195/3277/438 2253/3355/438
f 2252/3343/432 2251/3345/432 2257/3352/432 2258/3356/432
f 2250/3350/433 2249/3349/433 2255/3357/433 2256/3358/433
f 2248/3346/434 2247/3348/434 2253/3355/434 2254/3353/434
f 2198/3265/435 2252/3343/435 2258/3356/435
f 2253/3355/443 2195/3277/443 2259/3359/443
f 2258/3356/444 2257/3352/444 2263/3360/444 2264/3361/444
f 2256/3362/94 2255/3363/94 2261/3364/94 2262/3365/94
f 2254/3353/439 2253/3355/439 2259/3359/439 2260/3366/439
f 2198/3265/440 2258/3356/440 2264/3361/440
f 2257/3352/441 2256/3351/441 2262/3367/441 2263/3360/441
f 2255/3354/442 2254/3353/442 2260/3366/442 2261/3368/442
f 2264/3361/449 2263/3360/449 2269/3369/449 2270/3370/449
f 2262/3365/450 2261/3364/450 2267/3371/450 2268/3372/450
f 2260/3366/451 2259/3359/451 2265/3373/451 2266/3374/451
f 2198/3265/445 2264/3361/445 2270/3370/445
f 2263/3360/469 2262/3367/469 2268/3375/469 2269/3369/469
f 2261/3368/447 2260/3366/447 2266/3374/447 2267/3376/447
f 2259/3359/448 2195/3277/448 2265/3373/448
f 2268/3372/457 2267/3371/457 2273/3377/457 2274/3378/457
f 2266/3374/458 2265/3373/458 2271/3379/458 2272/3380/458
f 2198/3265/452 2270/3370/452 2276/3381/452
f 2269/3369/453 2268/3375/453 2274/3382/453 2275/3383/453
f 2267/3376/454 2266/3374/454 2272/3380/454 2273/3384/454
f 2265/3373/455 2195/3277/455 2271/3379/455
f 2270/3370/456 2269/3369/456 2275/3383/456 2276/3381/456
f 2198/3265/464 2276/3381/464 2280/3266/464
f 2275/3383/465 2274/3382/465 2279/3269/465 2197/3268/465
f 2273/3384/459 2272/3380/459 2196/3273/459 2278/3272/459
f 2271/3379/460 2195/3277/460 2277/3276/460
f 2276/3381/461 2275/3383/461 2197/3268/461 2280/3266/461
f 2274/3378/462 2273/3377/462 2278/3385/462 2279/3386/462
f 2272/3380/463 2271/3379/463 2277/3276/463 2196/3273/463
f 2283/3387/376 2365/3388/376 2288/3389/376 2289/3390/376
f 2364/3391/370 2282/3392/370 2286/3393/370 2287/3394/370
f 2363/3395/371 2281/3396/371 2285/3397/371
f 2366/3398/372 2283/3387/372 2289/3390/372 2290/3399/372
f 2365/3400/373 2364/3401/373 2287/3402/373 2288/3403/373
f 2282/3392/374 2363/3395/374 2285/3397/374 2286/3393/374
f 2284/3404/375 2366/3398/375 2290/3399/375
f 2284/3404/377 2290/3399/377 2296/3405/377
f 2289/3390/378 2288/3389/378 2294/3406/378 2295/3407/378
f 2287/3394/379 2286/3393/379 2292/3408/379 2293/3409/379
f 2285/3397/380 2281/3396/380 2291/3410/380
f 2290/3399/381 2289/3390/381 2295/3407/381 2296/3405/381
f 2288/3403/382 2287/3402/382 2293/3411/382 2294/3412/382
f 2286/3393/383 2285/3397/383 2291/3410/383 2292/3408/383
f 2295/3407/390 2294/3406/390 2300/3413/390 2301/3414/390
f 2293/3409/384 2292/3408/384 2298/3415/384 2299/3416/384
f 2291/3410/385 2281/3396/385 2297/3417/385
f 2296/3405/386 2295/3407/386 2301/3414/386 2302/3418/386
f 2294/3412/387 2293/3411/387 2299/3419/387 2300/3420/387
f 2292/3408/388 2291/3410/388 2297/3417/388 2298/3415/388
f 2284/3404/389 2296/3405/389 2302/3418/389
f 2297/3417/396 2281/3396/396 2303/3421/396
f 2302/3418/391 2301/3414/391 2307/3422/391 2308/3423/391
f 2300/3424/98 2299/3425/98 2305/3426/98 2306/3427/98
f 2298/3415/392 2297/3417/392 2303/3421/392 2304/3428/392
f 2284/3404/393 2302/3418/393 2308/3423/393
f 2301/3414/394 2300/3413/394 2306/3429/394 2307/3422/394
f 2299/3416/472 2298/3415/472 2304/3428/472 2305/3430/472
f 2308/3423/397 2307/3422/397 2313/3431/397 2314/3432/397
f 2306/3427/398 2305/3426/398 2311/3433/398 2312/3434/398
f 2304/3428/399 2303/3421/399 2309/3435/399 2310/3436/399
f 2284/3404/400 2308/3423/400 2314/3432/400
f 2307/3422/401 2306/3429/401 2312/3437/401 2313/3431/401
f 2305/3430/402 2304/3428/402 2310/3436/402 2311/3438/402
f 2303/3421/403 2281/3396/403 2309/3435/403
f 2312/3434/410 2311/3433/410 2317/3439/410 2318/3440/410
f 2310/3436/404 2309/3435/404 2315/3441/404 2316/3442/404
f 2284/3404/405 2314/3432/405 2320/3443/405
f 2313/3431/406 2312/3437/406 2318/3444/406 2319/3445/406
f 2311/3438/407 2310/3436/407 2316/3442/407 2317/3446/407
f 2309/3435/408 2281/3396/408 2315/3441/408
f 2314/3432/409 2313/3431/409 2319/3445/409 2320/3443/409
f 2284/3404/411 2320/3443/411 2326/3447/411
f 2319/3445/412 2318/3444/412 2324/3448/412 2325/3449/412
f 2317/3446/413 2316/3442/413 2322/3450/413 2323/3451/413
f 2315/3441/414 2281/3396/414 2321/3452/414
f 2320/3443/415 2319/3445/415 2325/3449/415 2326/3447/415
f 2318/3453/416 2317/3454/416 2323/3455/416 2324/3456/416
f 2316/3442/417 2315/3441/417 2321/3452/417 2322/3450/417
f 2284/3404/424 2326/3447/424 2332/3457/424
f 2325/3449/418 2324/3448/418 2330/3458/418 2331/3459/418
f 2323/3451/419 2322/3450/419 2328/3460/419 2329/3461/419
f 2321/3452/420 2281/3396/420 2327/3462/420
f 2326/3447/421 2325/3449/421 2331/3459/421 2332/3457/421
f 2324/3456/422 2323/3455/422 2329/3463/422 2330/3464/422
f 2322/3450/423 2321/3452/423 2327/3462/423 2328/3460/423
f 2329/3461/431 2328/3460/431 2334/3465/431 2335/3466/431
f 2327/3462/425 2281/3396/425 2333/3467/425
f 2332/3457/426 2331/3459/426 2337/3468/426 2338/3469/426
f 2330/3464/427 2329/3463/427 2335/3470/427 2336/3471/427
f 2328/3460/428 2327/3462/428 2333/3467/428 2334/3465/428
f 2284/3404/429 2332/3457/429 2338/3469/429
f 2331/3459/430 2330/3458/430 2336/3472/430 2337/3468/430
f 2338/3469/432 2337/3468/432 2343/3473/432 2344/3474/432
f 2336/3471/433 2335/3470/433 2341/3475/433 2342/3476/433
f 2334/3465/434 2333/3467/434 2339/3477/434 2340/3478/434
f 2284/3404/435 2338/3469/435 2344/3474/435
f 2337/3468/436 2336/3472/436 2342/3479/436 2343/3473/436
f 2335/3466/468 2334/3465/468 2340/3478/468 2341/3480/468
f 2333/3467/438 2281/3396/438 2339/3477/438
f 2344/3474/444 2343/3473/444 2349/3481/444 2350/3482/444
f 2342/3483/94 2341/3484/94 2347/3485/94 2348/3486/94
f 2340/3478/439 2339/3477/439 2345/3487/439 2346/3488/439
f 2284/3404/440 2344/3474/440 2350/3482/440
f 2343/3473/441 2342/3479/441 2348/3489/441 2349/3481/441
f 2341/3480/442 2340/3478/442 2346/3488/442 2347/3490/442
f 2339/3477/443 2281/3396/443 2345/3487/443
f 2346/3488/451 2345/3487/451 2351/3491/451 2352/3492/451
f 2284/3404/445 2350/3482/445 2356/3493/445
f 2349/3481/469 2348/3489/469 2354/3494/469 2355/3495/469
f 2347/3490/447 2346/3488/447 2352/3492/447 2353/3496/447
f 2345/3487/448 2281/3396/448 2351/3491/448
f 2350/3482/449 2349/3481/449 2355/3495/449 2356/3493/449
f 2348/3486/450 2347/3485/450 2353/3497/450 2354/3498/450
f 2284/3404/452 2356/3493/452 2362/3499/452
f 2355/3495/453 2354/3494/453 2360/3500/453 2361/3501/453
f 2353/3496/454 2352/3492/454 2358/3502/454 2359/3503/454
f 2351/3491/455 2281/3396/455 2357/3504/455
f 2356/3493/456 2355/3495/456 2361/3501/456 2362/3499/456
f 2354/3498/457 2353/3497/457 2359/3505/457 2360/3506/457
f 2352/3492/458 2351/3491/458 2357/3504/458 2358/3502/458
f 2361/3501/465 2360/3500/465 2365/3388/465 2283/3387/465
f 2359/3503/459 2358/3502/459 2282/3392/459 2364/3391/459
f 2357/3504/460 2281/3396/460 2363/3395/460
f 2362/3499/461 2361/3501/461 2283/3387/461 2366/3398/461
f 2360/3506/462 2359/3505/462 2364/3507/462 2365/3508/462
f 2358/3502/463 2357/3504/463 2363/3395/463 2282/3392/463
f 2284/3404/464 2362/3499/464 2366/3398/464
f 2450/3509/370 2368/3510/370 2372/3511/370 2373/3512/370
f 2449/3513/371 2367/3514/371 2371/3515/371
f 2452/3516/372 2369/3517/372 2375/3518/372 2376/3519/372
f 2451/3520/373 2450/3521/373 2373/3522/373 2374/3523/373
f 2368/3510/374 2449/3513/374 2371/3515/374 2372/3511/374
f 2370/3524/375 2452/3516/375 2376/3519/375
f 2369/3517/376 2451/3525/376 2374/3526/376 2375/3518/376
f 2370/3524/377 2376/3519/377 2382/3527/377
f 2375/3518/378 2374/3526/378 2380/3528/378 2381/3529/378
f 2373/3512/379 2372/3511/379 2378/3530/379 2379/3531/379
f 2371/3515/380 2367/3514/380 2377/3532/380
f 2376/3519/381 2375/3518/381 2381/3529/381 2382/3527/381
f 2374/3523/382 2373/3522/382 2379/3533/382 2380/3534/382
f 2372/3511/383 2371/3515/383 2377/3532/383 2378/3530/383
f 2379/3531/384 2378/3530/384 2384/3535/384 2385/3536/384
f 2377/3532/385 2367/3514/385 2383/3537/385
f 2382/3527/386 2381/3529/386 2387/3538/386 2388/3539/386
f 2380/3534/387 2379/3533/387 2385/3540/387 2386/3541/387
f 2378/3530/388 2377/3532/388 2383/3537/388 2384/3535/388
f 2370/3524/389 2382/3527/389 2388/3539/389
f 2381/3529/390 2380/3528/390 2386/3542/390 2387/3538/390
f 2388/3539/391 2387/3538/391 2393/3543/391 2394/3544/391
f 2386/3545/98 2385/3546/98 2391/3547/98 2392/3548/98
f 2384/3535/392 2383/3537/392 2389/3549/392 2390/3550/392
f 2370/3524/393 2388/3539/393 2394/3544/393
f 2387/3538/394 2386/3542/394 2392/3551/394 2393/3543/394
f 2385/3536/472 2384/3535/472 2390/3550/472 2391/3552/472
f 2383/3537/396 2367/3514/396 2389/3549/396
f 2394/3544/397 2393/3543/397 2399/3553/397 2400/3554/397
f 2392/3548/398 2391/3547/398 2397/3555/398 2398/3556/398
f 2390/3550/399 2389/3549/399 2395/3557/399 2396/3558/399
f 2370/3524/400 2394/3544/400 2400/3554/400
f 2393/3543/401 2392/3551/401 2398/3559/401 2399/3553/401
f 2391/3552/402 2390/3550/402 2396/3558/402 2397/3560/402
f 2389/3549/403 2367/3514/403 2395/3557/403
f 2396/3558/404 2395/3557/404 2401/3561/404 2402/3562/404
f 2370/3524/405 2400/3554/405 2406/3563/405
f 2399/3553/406 2398/3559/406 2404/3564/406 2405/3565/406
f 2397/3560/407 2396/3558/407 2402/3562/407 2403/3566/407
f 2395/3557/408 2367/3514/408 2401/3561/408
f 2400/3554/409 2399/3553/409 2405/3565/409 2406/3563/409
f 2398/3556/410 2397/3555/410 2403/3567/410 2404/3568/410
f 2370/3524/411 2406/3563/411 2412/3569/411
f 2405/3565/412 2404/3564/412 2410/3570/412 2411/3571/412
f 2403/3566/413 2402/3562/413 2408/3572/413 2409/3573/413
f 2401/3561/414 2367/3514/414 2407/3574/414
f 2406/3563/415 2405/3565/415 2411/3571/415 2412/3569/415
f 2404/3575/416 2403/3576/416 2409/3577/416 2410/3578/416
f 2402/3562/417 2401/3561/417 2407/3574/417 2408/3572/417
f 2411/3571/418 2410/3570/418 2416/3579/418 2417/3580/418
f 2409/3573/419 2408/3572/419 2414/3581/419 2415/3582/419
f 2407/3574/420 2367/3514/420 2413/3583/420
f 2412/3569/421 2411/3571/421 2417/3580/421 2418/3584/421
f 2410/3578/422 2409/3577/422 2415/3585/422 2416/3586/422
f 2408/3572/423 2407/3574/423 2413/3583/423 2414/3581/423
f 2370/3524/424 2412/3569/424 2418/3584/424
f 2413/3583/425 2367/3514/425 2419/3587/425
f 2418/3584/426 2417/3580/426 2423/3588/426 2424/3589/426
f 2416/3586/427 2415/3585/427 2421/3590/427 2422/3591/427
f 2414/3581/428 2413/3583/428 2419/3587/428 2420/3592/428
f 2370/3524/429 2418/3584/429 2424/3589/429
f 2417/3580/430 2416/3579/430 2422/3593/430 2423/3588/430
f 2415/3582/431 2414/3581/431 2420/3592/431 2421/3594/431
f 2424/3589/432 2423/3588/432 2429/3595/432 2430/3596/432
f 2422/3591/433 2421/3590/433 2427/3597/433 2428/3598/433
f 2420/3592/434 2419/3587/434 2425/3599/434 2426/3600/434
f 2370/3524/435 2424/3589/435 2430/3596/435
f 2423/3588/436 2422/3593/436 2428/3601/436 2429/3595/436
f 2421/3594/468 2420/3592/468 2426/3600/468 2427/3602/468
f 2419/3587/438 2367/3514/438 2425/3599/438
f 2428/3603/94 2427/3604/94 2433/3605/94 2434/3606/94
f 2426/3600/439 2425/3599/439 2431/3607/439 2432/3608/439
f 2370/3524/440 2430/3596/440 2436/3609/440
f 2429/3595/441 2428/3601/441 2434/3610/441 2435/3611/441
f 2427/3602/442 2426/3600/442 2432/3608/442 2433/3612/442
f 2425/3599/443 2367/3514/443 2431/3607/443
f 2430/3596/444 2429/3595/444 2435/3611/444 2436/3609/444
f 2370/3524/445 2436/3609/445 2442/3613/445
f 2435/3611/469 2434/3610/469 2440/3614/469 2441/3615/469
f 2433/3612/447 2432/3608/447 2438/3616/447 2439/3617/447
f 2431/3607/448 2367/3514/448 2437/3618/448
f 2436/3609/449 2435/3611/449 2441/3615/449 2442/3613/449
f 2434/3606/450 2433/3605/450 2439/3619/450 2440/3620/450
f 2432/3608/451 2431/3607/451 2437/3618/451 2438/3616/451
f 2370/3524/452 2442/3613/452 2448/3621/452
f 2441/3615/453 2440/3614/453 2446/3622/453 2447/3623/453
f 2439/3617/454 2438/3616/454 2444/3624/454 2445/3625/454
f 2437/3618/455 2367/3514/455 2443/3626/455
f 2442/3613/456 2441/3615/456 2447/3623/456 2448/3621/456
f 2440/3620/457 2439/3619/457 2445/3627/457 2446/3628/457
f 2438/3616/458 2437/3618/458 2443/3626/458 2444/3624/458
f 2445/3625/459 2444/3624/459 2368/3510/459 2450/3509/459
f 2443/3626/460 2367/3514/460 2449/3513/460
f 2448/3621/461 2447/3623/461 2369/3517/461 2452/3516/461
f 2446/3628/462 2445/3627/462 2450/3629/462 2451/3630/462
f 2444/3624/463 2443/3626/463 2449/3513/463 2368/3510/463
f 2370/3524/464 2448/3621/464 2452/3516/464
f 2447/3623/465 2446/3622/465 2451/3525/465 2369/3517/465
