# Blender 5.0.1
# www.blender.org
mtllib clipboard.mtl
o SM_Clipboard
v -11.387730 -15.988440 -0.189468
v -11.422118 -15.988806 -0.174085
v -11.451676 -15.989466 -0.151806
v -11.421741 -15.973059 -0.188922
v -11.442591 -15.975998 -0.176114
v -11.460814 -15.978053 -0.160828
v -11.467132 -15.967131 -0.167132
v -11.488441 -15.989466 -0.087731
v -11.488808 -15.974082 -0.122119
v -11.489468 -15.951805 -0.151677
v -11.473060 -15.988920 -0.121741
v -11.475999 -15.976111 -0.142591
v -11.478054 -15.960828 -0.160813
v -11.489468 -15.887729 -0.188442
v -11.474085 -15.922117 -0.188808
v -11.451805 -15.951676 -0.189467
v -11.488921 -15.921739 -0.173059
v -11.476113 -15.942590 -0.176000
v -11.460827 -15.960813 -0.178054
v -11.387730 -15.989466 0.188441
v -11.422119 -15.974084 0.188807
v -11.451677 -15.951805 0.189466
v -11.421740 -15.988919 0.173058
v -11.442591 -15.976113 0.175998
v -11.460814 -15.960826 0.178053
v -11.467132 -15.967131 0.167131
v -11.488442 -15.887729 0.189466
v -11.488809 -15.922117 0.174084
v -11.489467 -15.951675 0.151804
v -11.473060 -15.921741 0.188921
v -11.476000 -15.942589 0.176112
v -11.478054 -15.960811 0.160826
v -11.489468 -15.988440 0.087730
v -11.474085 -15.988806 0.122117
v -11.451805 -15.989466 0.151676
v -11.488922 -15.973059 0.121740
v -11.476113 -15.975998 0.142590
v -11.460827 -15.978053 0.160812
v -11.488442 15.887729 -0.189466
v -11.488809 15.922117 -0.174084
v -11.489467 15.951675 -0.151804
v -11.473060 15.921741 -0.188921
v -11.476000 15.942589 -0.176112
v -11.478054 15.960811 -0.160826
v -11.467132 15.967131 -0.167131
v -11.489468 15.988440 -0.087730
v -11.474085 15.988806 -0.122117
v -11.451805 15.989466 -0.151676
v -11.488922 15.973059 -0.121740
v -11.476113 15.975998 -0.142590
v -11.460827 15.978053 -0.160812
v -11.387730 15.989466 -0.188441
v -11.422119 15.974084 -0.188807
v -11.451677 15.951805 -0.189466
v -11.421740 15.988919 -0.173058
v -11.442591 15.976113 -0.175998
v -11.460814 15.960826 -0.178053
v -11.387730 15.988440 0.189468
v -11.422118 15.988806 0.174085
v -11.451676 15.989466 0.151806
v -11.421741 15.973059 0.188922
v -11.442591 15.975998 0.176114
v -11.460814 15.978053 0.160828
v -11.467132 15.967131 0.167132
v -11.488441 15.989466 0.087731
v -11.488808 15.974082 0.122119
v -11.489468 15.951805 0.151677
v -11.473060 15.988920 0.121741
v -11.475999 15.976111 0.142591
v -11.478054 15.960828 0.160813
v -11.489468 15.887729 0.188442
v -11.474085 15.922117 0.188808
v -11.451805 15.951676 0.189467
v -11.488921 15.921739 0.173059
v -11.476113 15.942590 0.176000
v -11.460827 15.960813 0.178054
v 11.488442 -15.887729 -0.189468
v 11.488809 -15.922117 -0.174085
v 11.489467 -15.951675 -0.151806
v 11.473060 -15.921741 -0.188922
v 11.476000 -15.942589 -0.176114
v 11.478054 -15.960811 -0.160828
v 11.467132 -15.967131 -0.167132
v 11.489468 -15.988440 -0.087731
v 11.474085 -15.988806 -0.122119
v 11.451805 -15.989466 -0.151677
v 11.488922 -15.973059 -0.121741
v 11.476113 -15.975998 -0.142591
v 11.460827 -15.978053 -0.160813
v 11.387730 -15.989466 -0.188442
v 11.422119 -15.974084 -0.188808
v 11.451677 -15.951805 -0.189467
v 11.421740 -15.988919 -0.173059
v 11.442591 -15.976113 -0.176000
v 11.460814 -15.960826 -0.178054
v 11.387730 -15.988440 0.189466
v 11.422118 -15.988806 0.174084
v 11.451676 -15.989466 0.151804
v 11.421741 -15.973059 0.188921
v 11.442591 -15.975998 0.176112
v 11.460814 -15.978053 0.160826
v 11.467132 -15.967131 0.167131
v 11.488441 -15.989466 0.087730
v 11.488808 -15.974082 0.122118
v 11.489468 -15.951805 0.151676
v 11.473060 -15.988920 0.121740
v 11.475999 -15.976111 0.142590
v 11.478054 -15.960828 0.160812
v 11.489468 -15.887729 0.188441
v 11.474085 -15.922117 0.188807
v 11.451805 -15.951676 0.189466
v 11.488921 -15.921739 0.173058
v 11.476113 -15.942590 0.175998
v 11.460827 -15.960813 0.178053
v 11.387730 15.988440 -0.189466
v 11.422118 15.988806 -0.174084
v 11.451676 15.989466 -0.151804
v 11.421741 15.973059 -0.188921
v 11.442591 15.975998 -0.176112
v 11.460814 15.978053 -0.160826
v 11.467132 15.967131 -0.167131
v 11.488441 15.989466 -0.087730
v 11.488808 15.974082 -0.122118
v 11.489468 15.951805 -0.151676
v 11.473060 15.988920 -0.121740
v 11.475999 15.976111 -0.142590
v 11.478054 15.960828 -0.160812
v 11.489468 15.887729 -0.188441
v 11.474085 15.922117 -0.188807
v 11.451805 15.951676 -0.189466
v 11.488921 15.921739 -0.173058
v 11.476113 15.942590 -0.175998
v 11.460827 15.960813 -0.178053
v 11.488442 15.887729 0.189468
v 11.488809 15.922117 0.174085
v 11.489467 15.951675 0.151806
v 11.473060 15.921741 0.188922
v 11.476000 15.942589 0.176114
v 11.478054 15.960811 0.160828
v 11.467132 15.967131 0.167132
v 11.489468 15.988440 0.087731
v 11.474085 15.988806 0.122119
v 11.451805 15.989466 0.151677
v 11.488922 15.973059 0.121741
v 11.476113 15.975998 0.142591
v 11.460827 15.978053 0.160813
v 11.387730 15.989466 0.188442
v 11.422119 15.974084 0.188808
v 11.451677 15.951805 0.189467
v 11.421740 15.988919 0.173059
v 11.442591 15.976113 0.176000
v 11.460814 15.960826 0.178054
v -11.299415 -15.992020 -0.200001
v -11.299413 -16.000000 -0.192021
v -11.355764 -15.995829 -0.195906
v -11.299413 -15.997662 -0.197664
v -11.314798 -15.997534 -0.197551
v -11.329727 -15.998776 -0.194454
v -11.329848 -15.994413 -0.198801
v -11.500000 -16.000000 -0.000001
v -11.500000 -16.000000 -0.000001
v -11.495831 -15.995906 -0.055761
v -11.500000 -16.000000 -0.000001
v -11.498940 -15.998958 -0.014183
v -11.497915 -15.997952 -0.027881
v -11.497915 -15.997952 -0.027881
v -11.500000 -15.799411 -0.192021
v -11.492021 -15.799412 -0.200001
v -11.495906 -15.855757 -0.195831
v -11.497663 -15.799411 -0.197664
v -11.497551 -15.814793 -0.197535
v -11.494454 -15.829721 -0.198779
v -11.498802 -15.829839 -0.194415
v -11.349380 -16.000000 -0.184615
v -11.369239 -15.994343 -0.190947
v -11.356087 -15.998343 -0.189679
v -11.395626 -16.000000 -0.165460
v -11.411138 -15.994263 -0.173291
v -11.401812 -15.998319 -0.170651
v -11.435718 -16.000000 -0.135719
v -11.446829 -15.994446 -0.146897
v -11.441335 -15.998371 -0.141355
v -11.349382 -15.984614 -0.200001
v -11.370839 -15.990269 -0.194382
v -11.356554 -15.989479 -0.198355
v -11.395623 -15.965459 -0.200001
v -11.411514 -15.972779 -0.194037
v -11.401920 -15.970498 -0.198254
v -11.500000 -15.984615 -0.049382
v -11.494346 -15.990946 -0.069240
v -11.498344 -15.989679 -0.056087
v -11.500001 -15.965460 -0.095623
v -11.494264 -15.973288 -0.111137
v -11.498321 -15.970651 -0.101809
v -11.500000 -15.935716 -0.135717
v -11.494447 -15.946897 -0.146829
v -11.498374 -15.941355 -0.141336
v -11.484615 -16.000000 -0.049380
v -11.490272 -15.994380 -0.070837
v -11.489479 -15.998352 -0.056561
v -11.465461 -16.000000 -0.095625
v -11.472781 -15.994036 -0.111514
v -11.470504 -15.998253 -0.101921
v -11.484615 -15.849379 -0.200001
v -11.490947 -15.869238 -0.194345
v -11.489679 -15.856084 -0.198344
v -11.465462 -15.895620 -0.200001
v -11.473290 -15.911135 -0.194264
v -11.470652 -15.901807 -0.198320
v -11.435717 -15.935718 -0.200001
v -11.446897 -15.946828 -0.194447
v -11.441355 -15.941334 -0.198374
v -11.500000 -15.849380 -0.184615
v -11.494383 -15.870835 -0.190272
v -11.498355 -15.856552 -0.189482
v -11.500001 -15.895623 -0.165461
v -11.494036 -15.911512 -0.172781
v -11.498254 -15.901918 -0.170503
v -11.299413 -16.000000 0.192020
v -11.299415 -15.992020 0.199999
v -11.355760 -15.995905 0.195830
v -11.299414 -15.997662 0.197662
v -11.314795 -15.997551 0.197533
v -11.329721 -15.994453 0.198778
v -11.329844 -15.998800 0.194413
v -11.492021 -15.799412 0.199999
v -11.500000 -15.799411 0.192020
v -11.495831 -15.855761 0.195905
v -11.497663 -15.799411 0.197662
v -11.497535 -15.814796 0.197550
v -11.498778 -15.829722 0.194453
v -11.494414 -15.829844 0.198800
v -11.500000 -16.000000 -0.000001
v -11.500000 -16.000000 -0.000001
v -11.495905 -15.995829 0.055762
v -11.500000 -16.000000 -0.000001
v -11.498959 -15.998939 0.014182
v -11.497952 -15.997913 0.027881
v -11.497952 -15.997913 0.027881
v -11.349383 -15.984614 0.199999
v -11.369241 -15.990946 0.194344
v -11.356088 -15.989680 0.198343
v -11.395623 -15.965462 0.199999
v -11.411138 -15.973289 0.194262
v -11.401809 -15.970651 0.198319
v -11.435717 -15.935718 0.199999
v -11.446829 -15.946895 0.194445
v -11.441335 -15.941355 0.198373
v -11.349381 -16.000000 0.184614
v -11.370838 -15.994380 0.190271
v -11.356561 -15.998352 0.189478
v -11.395626 -16.000000 0.165458
v -11.411513 -15.994035 0.172779
v -11.401922 -15.998252 0.170499
v -11.500000 -15.849381 0.184614
v -11.494346 -15.869239 0.190946
v -11.498344 -15.856086 0.189678
v -11.500001 -15.895623 0.165460
v -11.494264 -15.911137 0.173289
v -11.498321 -15.901809 0.170652
v -11.500000 -15.935716 0.135716
v -11.494446 -15.946828 0.146896
v -11.498374 -15.941332 0.141353
v -11.484616 -15.849380 0.199999
v -11.490273 -15.870836 0.194381
v -11.489482 -15.856552 0.198354
v -11.465462 -15.895621 0.199999
v -11.472781 -15.911513 0.194036
v -11.470503 -15.901920 0.198253
v -11.484615 -16.000000 0.049378
v -11.490947 -15.994343 0.069238
v -11.489679 -15.998343 0.056084
v -11.465461 -16.000000 0.095623
v -11.473290 -15.994263 0.111135
v -11.470652 -15.998319 0.101810
v -11.435718 -16.000000 0.135717
v -11.446897 -15.994446 0.146828
v -11.441355 -15.998371 0.141333
v -11.500000 -15.984614 0.049381
v -11.494381 -15.990269 0.070838
v -11.498354 -15.989479 0.056551
v -11.499999 -15.965460 0.095622
v -11.494037 -15.972779 0.111512
v -11.498252 -15.970500 0.101920
v -11.492021 15.799412 -0.199999
v -11.500000 15.799411 -0.192020
v -11.495831 15.855761 -0.195905
v -11.497663 15.799412 -0.197662
v -11.497535 15.814796 -0.197550
v -11.498778 15.829722 -0.194453
v -11.494414 15.829844 -0.198800
v -11.500000 16.000000 0.000001
v -11.500000 16.000000 0.000001
v -11.495905 15.995829 -0.055762
v -11.500000 16.000000 0.000001
v -11.498959 15.998939 -0.014182
v -11.497952 15.997913 -0.027881
v -11.497952 15.997913 -0.027881
v -11.299413 16.000000 -0.192020
v -11.299415 15.992020 -0.199999
v -11.355760 15.995905 -0.195830
v -11.299413 15.997662 -0.197662
v -11.314795 15.997551 -0.197533
v -11.329721 15.994453 -0.198778
v -11.329844 15.998800 -0.194413
v -11.500000 15.849381 -0.184614
v -11.494346 15.869239 -0.190946
v -11.498344 15.856086 -0.189678
v -11.500001 15.895623 -0.165460
v -11.494264 15.911137 -0.173289
v -11.498321 15.901809 -0.170652
v -11.500000 15.935716 -0.135716
v -11.494446 15.946828 -0.146896
v -11.498374 15.941332 -0.141353
v -11.484616 15.849380 -0.199999
v -11.490273 15.870836 -0.194381
v -11.489482 15.856552 -0.198354
v -11.465462 15.895621 -0.199999
v -11.472781 15.911513 -0.194036
v -11.470503 15.901920 -0.198253
v -11.484615 16.000000 -0.049378
v -11.490947 15.994343 -0.069238
v -11.489679 15.998343 -0.056084
v -11.465461 16.000000 -0.095623
v -11.473290 15.994263 -0.111135
v -11.470652 15.998319 -0.101810
v -11.435718 16.000000 -0.135717
v -11.446897 15.994446 -0.146828
v -11.441355 15.998371 -0.141333
v -11.500000 15.984614 -0.049381
v -11.494381 15.990269 -0.070838
v -11.498354 15.989479 -0.056551
v -11.499999 15.965460 -0.095622
v -11.494037 15.972779 -0.111512
v -11.498252 15.970500 -0.101920
v -11.349383 15.984614 -0.199999
v -11.369241 15.990946 -0.194344
v -11.356088 15.989680 -0.198343
v -11.395623 15.965462 -0.199999
v -11.411138 15.973289 -0.194262
v -11.401809 15.970651 -0.198319
v -11.435717 15.935718 -0.199999
v -11.446829 15.946895 -0.194445
v -11.441335 15.941355 -0.198373
v -11.349381 16.000000 -0.184614
v -11.370838 15.994380 -0.190271
v -11.356561 15.998352 -0.189478
v -11.395626 16.000000 -0.165458
v -11.411513 15.994035 -0.172779
v -11.401922 15.998252 -0.170499
v -11.299415 15.992020 0.200001
v -11.299413 16.000000 0.192021
v -11.355764 15.995829 0.195906
v -11.299413 15.997662 0.197664
v -11.314798 15.997534 0.197551
v -11.329727 15.998776 0.194454
v -11.329848 15.994413 0.198801
v -11.500000 16.000000 0.000001
v -11.500000 16.000000 0.000001
v -11.495831 15.995906 0.055761
v -11.500000 16.000000 0.000001
v -11.498940 15.998958 0.014183
v -11.497915 15.997952 0.027881
v -11.497915 15.997952 0.027881
v -11.500000 15.799411 0.192021
v -11.492021 15.799412 0.200001
v -11.495906 15.855757 0.195831
v -11.497663 15.799412 0.197664
v -11.497551 15.814793 0.197535
v -11.494454 15.829721 0.198779
v -11.498802 15.829839 0.194415
v -11.349380 16.000000 0.184615
v -11.369239 15.994343 0.190947
v -11.356087 15.998343 0.189679
v -11.395626 16.000000 0.165460
v -11.411138 15.994263 0.173291
v -11.401812 15.998319 0.170651
v -11.435718 16.000000 0.135719
v -11.446829 15.994446 0.146897
v -11.441335 15.998371 0.141355
v -11.349382 15.984614 0.200001
v -11.370839 15.990269 0.194382
v -11.356554 15.989479 0.198355
v -11.395623 15.965459 0.200001
v -11.411514 15.972779 0.194037
v -11.401920 15.970498 0.198254
v -11.500000 15.984615 0.049382
v -11.494346 15.990946 0.069240
v -11.498344 15.989679 0.056087
v -11.500001 15.965460 0.095623
v -11.494264 15.973288 0.111137
v -11.498321 15.970651 0.101809
v -11.500000 15.935716 0.135717
v -11.494447 15.946897 0.146829
v -11.498374 15.941355 0.141336
v -11.484615 16.000000 0.049380
v -11.490272 15.994380 0.070837
v -11.489479 15.998352 0.056561
v -11.465461 16.000000 0.095625
v -11.472781 15.994036 0.111514
v -11.470504 15.998253 0.101921
v -11.484615 15.849379 0.200001
v -11.490947 15.869238 0.194345
v -11.489679 15.856084 0.198344
v -11.465462 15.895620 0.200001
v -11.473290 15.911135 0.194264
v -11.470652 15.901807 0.198320
v -11.435717 15.935718 0.200001
v -11.446897 15.946828 0.194447
v -11.441355 15.941334 0.198374
v -11.500000 15.849380 0.184615
v -11.494383 15.870835 0.190272
v -11.498355 15.856552 0.189482
v -11.500001 15.895623 0.165461
v -11.494036 15.911512 0.172781
v -11.498254 15.901918 0.170503
v 11.492021 -15.799412 -0.200001
v 11.500000 -15.799411 -0.192021
v 11.495831 -15.855761 -0.195906
v 11.497663 -15.799412 -0.197664
v 11.497535 -15.814796 -0.197551
v 11.498778 -15.829722 -0.194454
v 11.494414 -15.829844 -0.198801
v 11.500000 -16.000000 -0.000001
v 11.500000 -16.000000 -0.000001
v 11.495905 -15.995829 -0.055764
v 11.500000 -16.000000 -0.000001
v 11.498959 -15.998939 -0.014183
v 11.497952 -15.997913 -0.027882
v 11.497952 -15.997913 -0.027882
v 11.299413 -16.000000 -0.192021
v 11.299415 -15.992020 -0.200001
v 11.355760 -15.995905 -0.195831
v 11.299413 -15.997662 -0.197664
v 11.314795 -15.997551 -0.197535
v 11.329721 -15.994453 -0.198779
v 11.329844 -15.998800 -0.194415
v 11.500000 -15.849381 -0.184615
v 11.494346 -15.869239 -0.190947
v 11.498344 -15.856086 -0.189679
v 11.500001 -15.895623 -0.165461
v 11.494264 -15.911137 -0.173291
v 11.498321 -15.901809 -0.170653
v 11.500000 -15.935716 -0.135717
v 11.494446 -15.946828 -0.146897
v 11.498374 -15.941332 -0.141354
v 11.484616 -15.849380 -0.200001
v 11.490273 -15.870836 -0.194382
v 11.489482 -15.856552 -0.198355
v 11.465462 -15.895621 -0.200001
v 11.472781 -15.911513 -0.194037
v 11.470503 -15.901920 -0.198254
v 11.484615 -16.000000 -0.049380
v 11.490947 -15.994343 -0.069239
v 11.489679 -15.998343 -0.056086
v 11.465461 -16.000000 -0.095625
v 11.473290 -15.994263 -0.111137
v 11.470652 -15.998319 -0.101811
v 11.435718 -16.000000 -0.135719
v 11.446897 -15.994446 -0.146829
v 11.441355 -15.998371 -0.141335
v 11.500000 -15.984614 -0.049382
v 11.494381 -15.990269 -0.070839
v 11.498354 -15.989479 -0.056553
v 11.499999 -15.965460 -0.095623
v 11.494037 -15.972779 -0.111514
v 11.498252 -15.970500 -0.101922
v 11.349383 -15.984614 -0.200001
v 11.369241 -15.990946 -0.194345
v 11.356088 -15.989680 -0.198344
v 11.395623 -15.965462 -0.200001
v 11.411138 -15.973289 -0.194264
v 11.401809 -15.970651 -0.198320
v 11.435717 -15.935718 -0.200001
v 11.446829 -15.946895 -0.194447
v 11.441335 -15.941355 -0.198374
v 11.349381 -16.000000 -0.184615
v 11.370838 -15.994380 -0.190272
v 11.356561 -15.998352 -0.189480
v 11.395626 -16.000000 -0.165460
v 11.411513 -15.994035 -0.172781
v 11.401922 -15.998252 -0.170501
v 11.299415 -15.992020 0.199999
v 11.299413 -16.000000 0.192020
v 11.355764 -15.995829 0.195904
v 11.299414 -15.997662 0.197662
v 11.314798 -15.997534 0.197550
v 11.329727 -15.998776 0.194452
v 11.329848 -15.994413 0.198800
v 11.500000 -16.000000 -0.000001
v 11.500000 -16.000000 -0.000001
v 11.495831 -15.995906 0.055760
v 11.500000 -16.000000 -0.000001
v 11.498940 -15.998958 0.014181
v 11.497915 -15.997952 0.027880
v 11.497915 -15.997952 0.027880
v 11.500000 -15.799411 0.192020
v 11.492021 -15.799412 0.199999
v 11.495906 -15.855757 0.195830
v 11.497663 -15.799411 0.197662
v 11.497551 -15.814793 0.197533
v 11.494454 -15.829721 0.198778
v 11.498802 -15.829839 0.194414
v 11.349380 -16.000000 0.184614
v 11.369239 -15.994343 0.190946
v 11.356087 -15.998343 0.189678
v 11.395626 -16.000000 0.165458
v 11.411138 -15.994263 0.173289
v 11.401812 -15.998319 0.170649
v 11.435718 -16.000000 0.135717
v 11.446829 -15.994446 0.146896
v 11.441335 -15.998371 0.141354
v 11.349382 -15.984614 0.199999
v 11.370839 -15.990269 0.194380
v 11.356554 -15.989479 0.198354
v 11.395623 -15.965459 0.199999
v 11.411514 -15.972779 0.194036
v 11.401920 -15.970498 0.198253
v 11.500000 -15.984615 0.049380
v 11.494346 -15.990946 0.069239
v 11.498344 -15.989679 0.056085
v 11.500001 -15.965460 0.095622
v 11.494264 -15.973288 0.111136
v 11.498321 -15.970651 0.101808
v 11.500000 -15.935716 0.135716
v 11.494447 -15.946897 0.146828
v 11.498374 -15.941355 0.141334
v 11.484615 -16.000000 0.049378
v 11.490272 -15.994380 0.070836
v 11.489479 -15.998352 0.056559
v 11.465461 -16.000000 0.095623
v 11.472781 -15.994036 0.111512
v 11.470504 -15.998253 0.101919
v 11.484615 -15.849379 0.199999
v 11.490947 -15.869238 0.194344
v 11.489679 -15.856084 0.198343
v 11.465462 -15.895620 0.199999
v 11.473290 -15.911135 0.194262
v 11.470652 -15.901807 0.198319
v 11.435717 -15.935718 0.199999
v 11.446897 -15.946828 0.194445
v 11.441355 -15.941334 0.198373
v 11.500000 -15.849380 0.184614
v 11.494383 -15.870835 0.190271
v 11.498355 -15.856552 0.189481
v 11.500001 -15.895623 0.165460
v 11.494036 -15.911512 0.172779
v 11.498254 -15.901918 0.170502
v 11.299415 15.992020 -0.199999
v 11.299413 16.000000 -0.192020
v 11.355764 15.995829 -0.195904
v 11.299413 15.997662 -0.197662
v 11.314798 15.997534 -0.197550
v 11.329727 15.998776 -0.194452
v 11.329848 15.994413 -0.198800
v 11.500000 16.000000 0.000001
v 11.500000 16.000000 0.000001
v 11.495831 15.995906 -0.055760
v 11.500000 16.000000 0.000001
v 11.498940 15.998958 -0.014181
v 11.497915 15.997952 -0.027880
v 11.497915 15.997952 -0.027880
v 11.500000 15.799411 -0.192020
v 11.492021 15.799412 -0.199999
v 11.495906 15.855757 -0.195830
v 11.497663 15.799411 -0.197662
v 11.497551 15.814793 -0.197533
v 11.494454 15.829721 -0.198778
v 11.498802 15.829839 -0.194414
v 11.349380 16.000000 -0.184614
v 11.369239 15.994343 -0.190946
v 11.356087 15.998343 -0.189678
v 11.395626 16.000000 -0.165458
v 11.411138 15.994263 -0.173289
v 11.401812 15.998319 -0.170649
v 11.435718 16.000000 -0.135717
v 11.446829 15.994446 -0.146896
v 11.441335 15.998371 -0.141354
v 11.349382 15.984614 -0.199999
v 11.370839 15.990269 -0.194380
v 11.356554 15.989479 -0.198354
v 11.395623 15.965459 -0.199999
v 11.411514 15.972779 -0.194036
v 11.401920 15.970498 -0.198253
v 11.500000 15.984615 -0.049380
v 11.494346 15.990946 -0.069239
v 11.498344 15.989679 -0.056085
v 11.500001 15.965460 -0.095622
v 11.494264 15.973288 -0.111136
v 11.498321 15.970651 -0.101808
v 11.500000 15.935716 -0.135716
v 11.494447 15.946897 -0.146828
v 11.498374 15.941355 -0.141334
v 11.484615 16.000000 -0.049378
v 11.490272 15.994380 -0.070836
v 11.489479 15.998352 -0.056559
v 11.465461 16.000000 -0.095623
v 11.472781 15.994036 -0.111512
v 11.470504 15.998253 -0.101919
v 11.484615 15.849379 -0.199999
v 11.490947 15.869238 -0.194344
v 11.489679 15.856084 -0.198343
v 11.465462 15.895620 -0.199999
v 11.473290 15.911135 -0.194262
v 11.470652 15.901807 -0.198319
v 11.435717 15.935718 -0.199999
v 11.446897 15.946828 -0.194445
v 11.441355 15.941334 -0.198373
v 11.500000 15.849380 -0.184614
v 11.494383 15.870835 -0.190271
v 11.498355 15.856552 -0.189481
v 11.500001 15.895623 -0.165460
v 11.494036 15.911512 -0.172779
v 11.498254 15.901918 -0.170502
v 11.492021 15.799412 0.200001
v 11.500000 15.799411 0.192021
v 11.495831 15.855761 0.195906
v 11.497663 15.799412 0.197664
v 11.497535 15.814796 0.197551
v 11.498778 15.829722 0.194454
v 11.494414 15.829844 0.198801
v 11.500000 16.000000 0.000001
v 11.500000 16.000000 0.000001
v 11.495905 15.995829 0.055764
v 11.500000 16.000000 0.000001
v 11.498959 15.998939 0.014183
v 11.497952 15.997913 0.027882
v 11.497952 15.997913 0.027882
v 11.299413 16.000000 0.192021
v 11.299415 15.992020 0.200001
v 11.355760 15.995905 0.195831
v 11.299413 15.997662 0.197664
v 11.314795 15.997551 0.197535
v 11.329721 15.994453 0.198779
v 11.329844 15.998800 0.194415
v 11.500000 15.849381 0.184615
v 11.494346 15.869239 0.190947
v 11.498344 15.856086 0.189679
v 11.500001 15.895623 0.165461
v 11.494264 15.911137 0.173291
v 11.498321 15.901809 0.170653
v 11.500000 15.935716 0.135717
v 11.494446 15.946828 0.146897
v 11.498374 15.941332 0.141354
v 11.484616 15.849380 0.200001
v 11.490273 15.870836 0.194382
v 11.489482 15.856552 0.198355
v 11.465462 15.895621 0.200001
v 11.472781 15.911513 0.194037
v 11.470503 15.901920 0.198254
v 11.484615 16.000000 0.049380
v 11.490947 15.994343 0.069239
v 11.489679 15.998343 0.056086
v 11.465461 16.000000 0.095625
v 11.473290 15.994263 0.111137
v 11.470652 15.998319 0.101811
v 11.435718 16.000000 0.135719
v 11.446897 15.994446 0.146829
v 11.441355 15.998371 0.141335
v 11.500000 15.984614 0.049382
v 11.494381 15.990269 0.070839
v 11.498354 15.989479 0.056553
v 11.499999 15.965460 0.095623
v 11.494037 15.972779 0.111514
v 11.498252 15.970500 0.101922
v 11.349383 15.984614 0.200001
v 11.369241 15.990946 0.194345
v 11.356088 15.989680 0.198344
v 11.395623 15.965462 0.200001
v 11.411138 15.973289 0.194264
v 11.401809 15.970651 0.198320
v 11.435717 15.935718 0.200001
v 11.446829 15.946895 0.194447
v 11.441335 15.941355 0.198374
v 11.349381 16.000000 0.184615
v 11.370838 15.994380 0.190272
v 11.356561 15.998352 0.189480
v 11.395626 16.000000 0.165460
v 11.411513 15.994035 0.172781
v 11.401922 15.998252 0.170501
v -5.200000 12.050000 0.200001
v -5.200000 11.750001 0.500000
v -5.500000 12.050000 0.500000
v -5.200000 11.900197 0.240079
v -5.349804 12.050000 0.240079
v -5.343464 11.906537 0.279011
v -5.349804 11.790079 0.500000
v -5.200000 11.790079 0.350197
v -5.343464 11.829010 0.356537
v -5.459921 12.050000 0.350197
v -5.459921 11.900197 0.500000
v -5.420990 11.906537 0.356537
v -5.200000 11.750001 0.700000
v -5.200000 12.050000 1.000000
v -5.500000 12.050000 0.700000
v -5.200000 11.790079 0.849804
v -5.349804 11.790079 0.700000
v -5.343464 11.829010 0.843464
v -5.349804 12.050000 0.959922
v -5.200000 11.900197 0.959922
v -5.343464 11.906537 0.920990
v -5.459921 11.900197 0.700000
v -5.459921 12.050000 0.849804
v -5.420990 11.906537 0.843464
v -5.200000 14.950000 0.200001
v -5.500000 14.950000 0.500001
v -5.200000 15.250000 0.500001
v -5.349804 14.950000 0.240080
v -5.200000 15.099803 0.240080
v -5.343464 15.093464 0.279011
v -5.459921 15.099803 0.500001
v -5.459921 14.950000 0.350197
v -5.420990 15.093464 0.356537
v -5.200000 15.209921 0.350197
v -5.349804 15.209921 0.500001
v -5.343464 15.170990 0.356537
v -5.200000 14.950000 1.000001
v -5.200000 15.250000 0.700001
v -5.500000 14.950000 0.700001
v -5.200000 15.099803 0.959922
v -5.349804 14.950000 0.959922
v -5.343464 15.093464 0.920990
v -5.349804 15.209921 0.700001
v -5.200000 15.209921 0.849804
v -5.343464 15.170990 0.843464
v -5.459921 14.950000 0.849804
v -5.459921 15.099803 0.700001
v -5.420990 15.093464 0.843464
v 5.200000 12.050000 0.200001
v 5.500000 12.050000 0.500000
v 5.200000 11.750001 0.500000
v 5.349804 12.050000 0.240079
v 5.200000 11.900197 0.240079
v 5.343464 11.906537 0.279011
v 5.459921 11.900197 0.500000
v 5.459921 12.050000 0.350197
v 5.420990 11.906537 0.356537
v 5.200000 11.790079 0.350197
v 5.349804 11.790079 0.500000
v 5.343464 11.829010 0.356537
v 5.200000 12.050000 1.000000
v 5.200000 11.750001 0.700000
v 5.500000 12.050000 0.700000
v 5.200000 11.900197 0.959922
v 5.349804 12.050000 0.959922
v 5.343464 11.906537 0.920990
v 5.349804 11.790079 0.700000
v 5.200000 11.790079 0.849804
v 5.343464 11.829010 0.843464
v 5.459921 12.050000 0.849804
v 5.459921 11.900197 0.700000
v 5.420990 11.906537 0.843464
v 5.200000 14.950000 0.200001
v 5.200000 15.250000 0.500001
v 5.500000 14.950000 0.500001
v 5.200000 15.099803 0.240080
v 5.349804 14.950000 0.240080
v 5.343464 15.093464 0.279011
v 5.349804 15.209921 0.500001
v 5.200000 15.209921 0.350197
v 5.343464 15.170990 0.356537
v 5.459921 14.950000 0.350197
v 5.459921 15.099803 0.500001
v 5.420990 15.093464 0.356537
v 5.200000 14.950000 1.000001
v 5.500000 14.950000 0.700001
v 5.200000 15.250000 0.700001
v 5.349804 14.950000 0.959922
v 5.200000 15.099803 0.959922
v 5.343464 15.093464 0.920990
v 5.459921 15.099803 0.700001
v 5.459921 14.950000 0.849804
v 5.420990 15.093464 0.843464
v 5.200000 15.209921 0.849804
v 5.349804 15.209921 0.700001
v 5.343464 15.170990 0.843464
v -4.100000 15.599998 1.200001
v -2.900000 15.599998 1.200001
v -4.100000 15.569551 1.046927
v -2.900000 15.569551 1.046927
v -4.100000 15.482843 0.917158
v -2.900000 15.482843 0.917158
v -4.100000 15.353073 0.830449
v -2.900000 15.353073 0.830449
v -4.100000 15.200000 0.800001
v -2.900000 15.200000 0.800001
v -4.100000 15.046926 0.830449
v -2.900000 15.046926 0.830449
v -4.100000 14.917156 0.917158
v -2.900000 14.917156 0.917158
v -4.100000 14.830448 1.046927
v -2.900000 14.830448 1.046927
v -4.100000 14.800000 1.200001
v -2.900000 14.800000 1.200001
v -4.100000 14.830448 1.353074
v -2.900000 14.830448 1.353074
v -4.100000 14.917156 1.482843
v -2.900000 14.917156 1.482843
v -4.100000 15.046926 1.569553
v -2.900000 15.046926 1.569553
v -4.100000 15.200000 1.600001
v -2.900000 15.200000 1.600001
v -4.100000 15.353073 1.569553
v -2.900000 15.353073 1.569553
v -4.100000 15.482843 1.482843
v -2.900000 15.482843 1.482843
v -4.100000 15.569551 1.353074
v -2.900000 15.569551 1.353074
v 2.900000 15.599998 1.200001
v 4.100000 15.599998 1.200001
v 2.900000 15.569551 1.046927
v 4.100000 15.569551 1.046927
v 2.900000 15.482843 0.917158
v 4.100000 15.482843 0.917158
v 2.900000 15.353073 0.830449
v 4.100000 15.353073 0.830449
v 2.900000 15.200000 0.800001
v 4.100000 15.200000 0.800001
v 2.900000 15.046926 0.830449
v 4.100000 15.046926 0.830449
v 2.900000 14.917156 0.917158
v 4.100000 14.917156 0.917158
v 2.900000 14.830448 1.046927
v 4.100000 14.830448 1.046927
v 2.900000 14.800000 1.200001
v 4.100000 14.800000 1.200001
v 2.900000 14.830448 1.353074
v 4.100000 14.830448 1.353074
v 2.900000 14.917156 1.482843
v 4.100000 14.917156 1.482843
v 2.900000 15.046926 1.569553
v 4.100000 15.046926 1.569553
v 2.900000 15.200000 1.600001
v 4.100000 15.200000 1.600001
v 2.900000 15.353073 1.569553
v 4.100000 15.353073 1.569553
v 2.900000 15.482843 1.482843
v 4.100000 15.482843 1.482843
v 2.900000 15.569551 1.353074
v 4.100000 15.569551 1.353074
vn -0.3157 -0.6467 -0.6944
vn -0.3937 -0.7338 -0.5537
vn -0.3794 -0.5516 -0.7429
vn -0.4573 -0.6288 -0.6289
vn -0.6467 -0.6943 -0.3157
vn -0.7338 -0.5537 -0.3936
vn -0.5516 -0.7428 -0.3793
vn -0.6287 -0.6289 -0.4573
vn -0.6945 -0.3157 -0.6466
vn -0.5537 -0.3936 -0.7338
vn -0.7429 -0.3793 -0.5516
vn -0.6289 -0.4573 -0.6288
vn -0.3157 -0.6945 0.6466
vn -0.3936 -0.5537 0.7338
vn -0.3793 -0.7429 0.5516
vn -0.4574 -0.6289 0.6287
vn -0.6467 -0.3157 0.6944
vn -0.7338 -0.3937 0.5537
vn -0.5516 -0.3794 0.7428
vn -0.6288 -0.4573 0.6289
vn -0.6944 -0.6467 0.3157
vn -0.5538 -0.7338 0.3936
vn -0.7428 -0.5516 0.3794
vn -0.6289 -0.6287 0.4574
vn -0.6467 0.3157 -0.6944
vn -0.7338 0.3937 -0.5537
vn -0.5516 0.3794 -0.7428
vn -0.6288 0.4573 -0.6289
vn -0.6944 0.6467 -0.3157
vn -0.5538 0.7338 -0.3936
vn -0.7428 0.5516 -0.3794
vn -0.6289 0.6287 -0.4574
vn -0.3157 0.6945 -0.6466
vn -0.3936 0.5537 -0.7338
vn -0.3793 0.7429 -0.5516
vn -0.4574 0.6289 -0.6287
vn -0.3157 0.6467 0.6944
vn -0.3937 0.7338 0.5537
vn -0.3794 0.5516 0.7429
vn -0.4573 0.6288 0.6289
vn -0.6467 0.6943 0.3157
vn -0.7338 0.5537 0.3936
vn -0.5516 0.7428 0.3793
vn -0.6287 0.6289 0.4573
vn -0.6945 0.3157 0.6466
vn -0.5537 0.3936 0.7338
vn -0.7429 0.3793 0.5516
vn -0.6289 0.4573 0.6288
vn 0.6467 -0.3157 -0.6944
vn 0.7338 -0.3937 -0.5537
vn 0.5516 -0.3794 -0.7428
vn 0.6288 -0.4573 -0.6289
vn 0.6944 -0.6467 -0.3157
vn 0.5538 -0.7338 -0.3936
vn 0.7428 -0.5516 -0.3794
vn 0.6289 -0.6287 -0.4574
vn 0.3157 -0.6945 -0.6466
vn 0.3936 -0.5537 -0.7338
vn 0.3793 -0.7429 -0.5516
vn 0.4574 -0.6289 -0.6287
vn 0.3157 -0.6467 0.6944
vn 0.3937 -0.7338 0.5537
vn 0.3794 -0.5516 0.7429
vn 0.4573 -0.6288 0.6289
vn 0.6467 -0.6943 0.3157
vn 0.7338 -0.5537 0.3936
vn 0.5516 -0.7428 0.3793
vn 0.6287 -0.6289 0.4573
vn 0.6945 -0.3157 0.6466
vn 0.5537 -0.3936 0.7338
vn 0.7429 -0.3793 0.5516
vn 0.6289 -0.4573 0.6288
vn 0.3157 0.6467 -0.6944
vn 0.3937 0.7338 -0.5537
vn 0.3794 0.5516 -0.7429
vn 0.4573 0.6288 -0.6289
vn 0.6467 0.6943 -0.3157
vn 0.7338 0.5537 -0.3936
vn 0.5516 0.7428 -0.3793
vn 0.6287 0.6289 -0.4573
vn 0.6945 0.3157 -0.6466
vn 0.5537 0.3936 -0.7338
vn 0.7429 0.3793 -0.5516
vn 0.6289 0.4573 -0.6288
vn 0.6467 0.3157 0.6944
vn 0.7338 0.3937 0.5537
vn 0.5516 0.3794 0.7428
vn 0.6288 0.4573 0.6289
vn 0.6944 0.6467 0.3157
vn 0.5538 0.7338 0.3936
vn 0.7428 0.5516 0.3794
vn 0.6289 0.6287 0.4574
vn 0.3157 0.6945 0.6466
vn 0.3936 0.5537 0.7338
vn 0.3793 0.7429 0.5516
vn 0.4574 0.6289 0.6287
vn -0.0071 -0.3894 -0.9211
vn -0.0075 -0.9208 -0.3900
vn -0.0578 -0.7054 -0.7064
vn -0.9383 -0.3446 -0.0293
vn 0.9383 0.3447 0.0293
vn -0.0000 1.0000 -0.0000
vn -0.9211 -0.0071 -0.3893
vn -0.3899 -0.0074 -0.9208
vn -0.7064 -0.0577 -0.7054
vn -0.0071 -0.9211 0.3892
vn -0.0074 -0.3900 0.9208
vn -0.0577 -0.7066 0.7053
vn -0.3894 -0.0071 0.9210
vn -0.9208 -0.0074 0.3901
vn -0.7054 -0.0577 0.7065
vn -0.9991 -0.0422 -0.0000
vn 0.9991 0.0422 -0.0000
vn -0.3894 0.0071 -0.9210
vn -0.9207 0.0074 -0.3901
vn -0.7054 0.0577 -0.7065
vn -0.9991 0.0422 -0.0000
vn 0.9991 -0.0422 -0.0000
vn -0.0071 0.9211 -0.3892
vn -0.0074 0.3900 -0.9208
vn -0.0577 0.7066 -0.7053
vn -0.0071 0.3894 0.9211
vn -0.0075 0.9208 0.3900
vn -0.0578 0.7054 0.7064
vn -0.9383 0.3446 0.0293
vn 0.9383 -0.3447 -0.0293
vn -0.9211 0.0071 0.3894
vn -0.3899 0.0074 0.9208
vn -0.7064 0.0577 0.7054
vn 0.3894 -0.0071 -0.9210
vn 0.9207 -0.0074 -0.3901
vn 0.7054 -0.0577 -0.7065
vn -0.9965 -0.0839 -0.0000
vn 0.9965 0.0839 -0.0000
vn 0.0071 -0.9211 -0.3892
vn 0.0074 -0.3900 -0.9208
vn 0.0577 -0.7066 -0.7053
vn 0.0071 -0.3894 0.9211
vn 0.0075 -0.9208 0.3900
vn 0.0578 -0.7054 0.7064
vn -0.8049 -0.5912 0.0503
vn 0.8049 0.5913 -0.0503
vn 0.9211 -0.0071 0.3893
vn 0.3899 -0.0074 0.9208
vn 0.7064 -0.0577 0.7054
vn 0.0071 0.3894 -0.9211
vn 0.0075 0.9208 -0.3900
vn 0.0578 0.7054 -0.7064
vn -0.8049 0.5912 -0.0503
vn 0.8049 -0.5913 0.0503
vn 0.9211 0.0071 -0.3893
vn 0.3899 0.0074 -0.9208
vn 0.7064 0.0577 -0.7054
vn 0.3894 0.0071 0.9210
vn 0.9207 0.0074 0.3901
vn 0.7054 0.0577 0.7065
vn -0.9965 0.0839 -0.0000
vn 0.9965 -0.0839 -0.0000
vn 0.0071 0.9211 0.3892
vn 0.0074 0.3900 0.9208
vn 0.0577 0.7066 0.7053
vn -0.0368 -0.1935 -0.9804
vn -0.1366 -0.3712 -0.9184
vn -0.0367 -0.9801 -0.1952
vn -0.1364 -0.9161 -0.3769
vn -0.0867 -0.9742 -0.2082
vn -0.2122 -0.8369 -0.5045
vn -0.1222 -0.9786 -0.1658
vn -0.2726 -0.8874 -0.3719
vn -0.0893 -0.2119 -0.9732
vn -0.2200 -0.5089 -0.8322
vn -0.1245 -0.1700 -0.9775
vn -0.2767 -0.3841 -0.8809
vn -0.2755 -0.9580 -0.0791
vn -0.3712 -0.9176 -0.1423
vn -0.9574 -0.2776 -0.0793
vn -0.9152 -0.3768 -0.1429
vn -0.9743 -0.2081 -0.0866
vn -0.8369 -0.5045 -0.2122
vn -0.9786 -0.1656 -0.1222
vn -0.8872 -0.3721 -0.2727
vn -0.2118 -0.9732 -0.0893
vn -0.5091 -0.8321 -0.2200
vn -0.1701 -0.9775 -0.1245
vn -0.3840 -0.8809 -0.2767
vn -0.9804 -0.0368 -0.1934
vn -0.9185 -0.1366 -0.3712
vn -0.1950 -0.0367 -0.9801
vn -0.3770 -0.1363 -0.9161
vn -0.2081 -0.0866 -0.9743
vn -0.5046 -0.2123 -0.8369
vn -0.1657 -0.1222 -0.9786
vn -0.3720 -0.2726 -0.8873
vn -0.9732 -0.0893 -0.2121
vn -0.8323 -0.2201 -0.5088
vn -0.9776 -0.1245 -0.1700
vn -0.8808 -0.2768 -0.3842
vn -0.0369 -0.9804 0.1935
vn -0.1366 -0.9185 0.3711
vn -0.0367 -0.1950 0.9801
vn -0.1362 -0.3771 0.9161
vn -0.0867 -0.2081 0.9743
vn -0.2123 -0.5045 0.8369
vn -0.1222 -0.1657 0.9786
vn -0.2726 -0.3720 0.8873
vn -0.0894 -0.9732 0.2121
vn -0.2200 -0.8323 0.5089
vn -0.1247 -0.9775 0.1702
vn -0.2765 -0.8809 0.3840
vn -0.1934 -0.0368 0.9804
vn -0.3713 -0.1365 0.9184
vn -0.9801 -0.0367 0.1950
vn -0.9162 -0.1362 0.3769
vn -0.9743 -0.0866 0.2081
vn -0.8369 -0.2122 0.5046
vn -0.9786 -0.1222 0.1657
vn -0.8873 -0.2727 0.3719
vn -0.2119 -0.0893 0.9732
vn -0.5089 -0.2200 0.8322
vn -0.1700 -0.1245 0.9776
vn -0.3841 -0.2768 0.8808
vn -0.9581 -0.2754 0.0791
vn -0.9174 -0.3717 0.1424
vn -0.2778 -0.9574 0.0794
vn -0.3772 -0.9151 0.1428
vn -0.2080 -0.9743 0.0867
vn -0.5045 -0.8369 0.2122
vn -0.1657 -0.9786 0.1223
vn -0.3719 -0.8874 0.2726
vn -0.9732 -0.2120 0.0893
vn -0.8323 -0.5088 0.2200
vn -0.9775 -0.1701 0.1245
vn -0.8809 -0.3840 0.2766
vn -0.1934 0.0368 -0.9804
vn -0.3713 0.1365 -0.9184
vn -0.9801 0.0367 -0.1950
vn -0.9162 0.1362 -0.3769
vn -0.9743 0.0866 -0.2081
vn -0.8369 0.2122 -0.5046
vn -0.9786 0.1222 -0.1657
vn -0.8873 0.2727 -0.3719
vn -0.2119 0.0893 -0.9732
vn -0.5089 0.2200 -0.8322
vn -0.1700 0.1245 -0.9776
vn -0.3841 0.2768 -0.8808
vn -0.9581 0.2754 -0.0791
vn -0.9174 0.3717 -0.1424
vn -0.2778 0.9574 -0.0794
vn -0.3772 0.9151 -0.1428
vn -0.2080 0.9743 -0.0867
vn -0.5045 0.8369 -0.2122
vn -0.1657 0.9786 -0.1223
vn -0.3719 0.8874 -0.2726
vn -0.9732 0.2120 -0.0893
vn -0.8323 0.5088 -0.2200
vn -0.9775 0.1701 -0.1245
vn -0.8809 0.3840 -0.2766
vn -0.0369 0.9804 -0.1935
vn -0.1366 0.9185 -0.3711
vn -0.0367 0.1950 -0.9801
vn -0.1362 0.3771 -0.9161
vn -0.0867 0.2081 -0.9743
vn -0.2123 0.5045 -0.8369
vn -0.1222 0.1657 -0.9786
vn -0.2726 0.3720 -0.8873
vn -0.0894 0.9732 -0.2121
vn -0.2200 0.8323 -0.5089
vn -0.1247 0.9775 -0.1702
vn -0.2765 0.8809 -0.3840
vn -0.0368 0.1935 0.9804
vn -0.1366 0.3712 0.9184
vn -0.0367 0.9801 0.1952
vn -0.1364 0.9161 0.3769
vn -0.0867 0.9742 0.2082
vn -0.2122 0.8369 0.5045
vn -0.1222 0.9786 0.1658
vn -0.2726 0.8874 0.3719
vn -0.0893 0.2119 0.9732
vn -0.2200 0.5089 0.8322
vn -0.1245 0.1700 0.9775
vn -0.2767 0.3841 0.8809
vn -0.2755 0.9580 0.0791
vn -0.3712 0.9176 0.1423
vn -0.9574 0.2776 0.0793
vn -0.9152 0.3768 0.1429
vn -0.9743 0.2081 0.0866
vn -0.8369 0.5045 0.2122
vn -0.9786 0.1656 0.1222
vn -0.8872 0.3721 0.2727
vn -0.2118 0.9732 0.0893
vn -0.5091 0.8321 0.2200
vn -0.1701 0.9775 0.1245
vn -0.3840 0.8809 0.2767
vn -0.9804 0.0368 0.1934
vn -0.9185 0.1366 0.3712
vn -0.1950 0.0367 0.9801
vn -0.3770 0.1363 0.9161
vn -0.2081 0.0866 0.9743
vn -0.5046 0.2123 0.8369
vn -0.1657 0.1222 0.9786
vn -0.3720 0.2726 0.8873
vn -0.9732 0.0893 0.2121
vn -0.8323 0.2201 0.5088
vn -0.9776 0.1245 0.1700
vn -0.8808 0.2768 0.3842
vn 0.1934 -0.0368 -0.9804
vn 0.3713 -0.1365 -0.9184
vn 0.9801 -0.0367 -0.1950
vn 0.9162 -0.1362 -0.3769
vn 0.9743 -0.0866 -0.2081
vn 0.8369 -0.2122 -0.5046
vn 0.9786 -0.1222 -0.1657
vn 0.8873 -0.2727 -0.3719
vn 0.2119 -0.0893 -0.9732
vn 0.5089 -0.2200 -0.8322
vn 0.1700 -0.1245 -0.9776
vn 0.3841 -0.2768 -0.8808
vn 0.9581 -0.2754 -0.0791
vn 0.9174 -0.3717 -0.1424
vn 0.2778 -0.9574 -0.0794
vn 0.3772 -0.9151 -0.1428
vn 0.2080 -0.9743 -0.0867
vn 0.5045 -0.8369 -0.2122
vn 0.1657 -0.9786 -0.1223
vn 0.3719 -0.8874 -0.2726
vn 0.9732 -0.2120 -0.0893
vn 0.8323 -0.5088 -0.2200
vn 0.9775 -0.1701 -0.1245
vn 0.8809 -0.3840 -0.2766
vn 0.0369 -0.9804 -0.1935
vn 0.1366 -0.9185 -0.3711
vn 0.0367 -0.1950 -0.9801
vn 0.1362 -0.3771 -0.9161
vn 0.0867 -0.2081 -0.9743
vn 0.2123 -0.5045 -0.8369
vn 0.1222 -0.1657 -0.9786
vn 0.2726 -0.3720 -0.8873
vn 0.0894 -0.9732 -0.2121
vn 0.2200 -0.8323 -0.5089
vn 0.1247 -0.9775 -0.1702
vn 0.2765 -0.8809 -0.3840
vn 0.0368 -0.1935 0.9804
vn 0.1366 -0.3712 0.9184
vn 0.0367 -0.9801 0.1952
vn 0.1364 -0.9161 0.3769
vn 0.0867 -0.9742 0.2082
vn 0.2122 -0.8369 0.5045
vn 0.1222 -0.9786 0.1658
vn 0.2726 -0.8874 0.3719
vn 0.0893 -0.2119 0.9732
vn 0.2200 -0.5089 0.8322
vn 0.1245 -0.1700 0.9775
vn 0.2767 -0.3841 0.8809
vn 0.2755 -0.9580 0.0791
vn 0.3712 -0.9176 0.1423
vn 0.9574 -0.2776 0.0793
vn 0.9152 -0.3768 0.1429
vn 0.9743 -0.2081 0.0866
vn 0.8369 -0.5045 0.2122
vn 0.9786 -0.1656 0.1222
vn 0.8872 -0.3721 0.2727
vn 0.2118 -0.9732 0.0893
vn 0.5091 -0.8321 0.2200
vn 0.1701 -0.9775 0.1245
vn 0.3840 -0.8809 0.2767
vn 0.9804 -0.0368 0.1934
vn 0.9185 -0.1365 0.3712
vn 0.1950 -0.0367 0.9801
vn 0.3770 -0.1363 0.9161
vn 0.2081 -0.0866 0.9743
vn 0.5046 -0.2123 0.8369
vn 0.1657 -0.1222 0.9786
vn 0.3720 -0.2726 0.8873
vn 0.9732 -0.0893 0.2121
vn 0.8323 -0.2201 0.5088
vn 0.9776 -0.1245 0.1700
vn 0.8808 -0.2768 0.3842
vn 0.0368 0.1935 -0.9804
vn 0.1366 0.3712 -0.9184
vn 0.0367 0.9801 -0.1952
vn 0.1364 0.9161 -0.3769
vn 0.0867 0.9742 -0.2082
vn 0.2122 0.8369 -0.5045
vn 0.1222 0.9786 -0.1658
vn 0.2726 0.8874 -0.3719
vn 0.0893 0.2119 -0.9732
vn 0.2200 0.5089 -0.8322
vn 0.1245 0.1700 -0.9775
vn 0.2767 0.3841 -0.8809
vn 0.2755 0.9580 -0.0791
vn 0.3712 0.9176 -0.1423
vn 0.9574 0.2776 -0.0793
vn 0.9152 0.3768 -0.1429
vn 0.9743 0.2081 -0.0866
vn 0.8369 0.5045 -0.2122
vn 0.9786 0.1656 -0.1222
vn 0.8872 0.3721 -0.2727
vn 0.2118 0.9732 -0.0893
vn 0.5091 0.8321 -0.2200
vn 0.1701 0.9775 -0.1245
vn 0.3840 0.8809 -0.2767
vn 0.9804 0.0368 -0.1934
vn 0.9185 0.1365 -0.3712
vn 0.1950 0.0367 -0.9801
vn 0.3770 0.1363 -0.9161
vn 0.2081 0.0866 -0.9743
vn 0.5046 0.2123 -0.8369
vn 0.1657 0.1222 -0.9786
vn 0.3720 0.2726 -0.8873
vn 0.9732 0.0893 -0.2121
vn 0.8323 0.2201 -0.5088
vn 0.9776 0.1245 -0.1700
vn 0.8808 0.2768 -0.3842
vn 0.1934 0.0368 0.9804
vn 0.3713 0.1365 0.9184
vn 0.9801 0.0367 0.1950
vn 0.9162 0.1362 0.3769
vn 0.9743 0.0866 0.2081
vn 0.8369 0.2122 0.5046
vn 0.9786 0.1222 0.1657
vn 0.8873 0.2727 0.3719
vn 0.2119 0.0893 0.9732
vn 0.5089 0.2200 0.8322
vn 0.1700 0.1245 0.9776
vn 0.3841 0.2768 0.8808
vn 0.9581 0.2754 0.0791
vn 0.9174 0.3717 0.1424
vn 0.2778 0.9574 0.0794
vn 0.3772 0.9151 0.1428
vn 0.2080 0.9743 0.0867
vn 0.5045 0.8369 0.2122
vn 0.1657 0.9786 0.1223
vn 0.3719 0.8874 0.2726
vn 0.9732 0.2120 0.0893
vn 0.8323 0.5088 0.2200
vn 0.9775 0.1701 0.1245
vn 0.8809 0.3840 0.2766
vn 0.0369 0.9804 0.1935
vn 0.1366 0.9185 0.3711
vn 0.0367 0.1950 0.9801
vn 0.1362 0.3771 0.9161
vn 0.0867 0.2081 0.9743
vn 0.2123 0.5045 0.8369
vn 0.1222 0.1657 0.9786
vn 0.2726 0.3720 0.8873
vn 0.0894 0.9732 0.2121
vn 0.2200 0.8323 0.5089
vn 0.1247 0.9775 0.1702
vn 0.2765 0.8809 0.3840
vn -0.9239 -0.0000 -0.3826
vn -0.3827 -0.0000 -0.9239
vn -0.0000 0.9238 -0.3828
vn -0.0000 0.3827 -0.9239
vn 0.9239 -0.0000 -0.3826
vn 0.3827 -0.0000 -0.9239
vn -0.0000 -0.9238 -0.3828
vn -0.0000 -0.3827 -0.9239
vn -0.3827 -0.0000 0.9239
vn -0.9239 -0.0000 0.3826
vn -0.0000 -0.3827 0.9239
vn -0.0000 -0.9238 0.3828
vn 0.9239 -0.0000 0.3826
vn 0.3827 -0.0000 0.9239
vn -0.0000 0.9238 0.3828
vn -0.0000 0.3827 0.9239
vn -0.0000 -0.0000 -1.0000
vn -0.2926 -0.6810 -0.6713
vn -0.0000 -1.0000 -0.0000
vn -0.6809 -0.6714 -0.2926
vn -1.0000 -0.0000 -0.0000
vn -0.6713 -0.2926 -0.6810
vn -0.2834 -0.6954 -0.6604
vn -0.3523 -0.7998 -0.4861
vn -0.5052 -0.7871 -0.3539
vn -0.2954 -0.6523 -0.6980
vn -0.3538 -0.5051 -0.7872
vn -0.6955 -0.6603 -0.2834
vn -0.7999 -0.4860 -0.3522
vn -0.7871 -0.3538 -0.5052
vn -0.6523 -0.6980 -0.2955
vn -0.6603 -0.2834 -0.6955
vn -0.4860 -0.3522 -0.7999
vn -0.6980 -0.2955 -0.6523
vn -0.2924 -0.6714 0.6810
vn -0.0000 -0.0000 1.0000
vn -0.6809 -0.2926 0.6714
vn -0.6713 -0.6809 0.2926
vn -0.2834 -0.6604 0.6954
vn -0.3522 -0.4860 0.7999
vn -0.5052 -0.3539 0.7871
vn -0.2954 -0.6980 0.6523
vn -0.3539 -0.7871 0.5052
vn -0.6955 -0.2834 0.6602
vn -0.7999 -0.3522 0.4859
vn -0.7871 -0.5052 0.3539
vn -0.6523 -0.2954 0.6980
vn -0.6604 -0.6954 0.2834
vn -0.4861 -0.7998 0.3522
vn -0.6979 -0.6524 0.2955
vn -0.6809 0.2926 -0.6714
vn -0.6713 0.6809 -0.2926
vn -0.2924 0.6714 -0.6810
vn -0.6955 0.2834 -0.6602
vn -0.7999 0.3522 -0.4859
vn -0.7871 0.5052 -0.3539
vn -0.6523 0.2954 -0.6980
vn -0.5052 0.3539 -0.7871
vn -0.6604 0.6954 -0.2834
vn -0.4861 0.7998 -0.3522
vn -0.3539 0.7871 -0.5052
vn -0.6979 0.6524 -0.2955
vn -0.2834 0.6604 -0.6954
vn -0.3522 0.4860 -0.7999
vn -0.2954 0.6980 -0.6523
vn -0.2926 0.6810 0.6713
vn -0.6809 0.6714 0.2926
vn -0.6713 0.2926 0.6810
vn -0.2834 0.6954 0.6604
vn -0.3523 0.7998 0.4861
vn -0.5052 0.7871 0.3539
vn -0.2954 0.6523 0.6980
vn -0.3538 0.5051 0.7872
vn -0.6955 0.6603 0.2834
vn -0.7999 0.4860 0.3522
vn -0.7871 0.3538 0.5052
vn -0.6523 0.6980 0.2955
vn -0.6603 0.2834 0.6955
vn -0.4860 0.3522 0.7999
vn -0.6980 0.2954 0.6523
vn 0.6809 -0.2926 -0.6714
vn 1.0000 -0.0000 -0.0000
vn 0.6713 -0.6809 -0.2926
vn 0.2924 -0.6714 -0.6810
vn 0.6955 -0.2834 -0.6602
vn 0.7999 -0.3522 -0.4859
vn 0.7871 -0.5052 -0.3539
vn 0.6523 -0.2954 -0.6980
vn 0.5052 -0.3539 -0.7871
vn 0.6604 -0.6954 -0.2834
vn 0.4861 -0.7998 -0.3522
vn 0.3539 -0.7871 -0.5052
vn 0.6979 -0.6524 -0.2955
vn 0.2834 -0.6604 -0.6954
vn 0.3522 -0.4860 -0.7999
vn 0.2954 -0.6980 -0.6523
vn 0.2926 -0.6810 0.6713
vn 0.6809 -0.6714 0.2926
vn 0.6713 -0.2926 0.6810
vn 0.2834 -0.6954 0.6604
vn 0.3523 -0.7998 0.4861
vn 0.5052 -0.7871 0.3539
vn 0.2954 -0.6523 0.6980
vn 0.3538 -0.5051 0.7872
vn 0.6955 -0.6603 0.2834
vn 0.7999 -0.4860 0.3522
vn 0.7871 -0.3538 0.5052
vn 0.6523 -0.6980 0.2955
vn 0.6603 -0.2834 0.6955
vn 0.4860 -0.3522 0.7999
vn 0.6980 -0.2955 0.6523
vn 0.2926 0.6810 -0.6713
vn 0.6809 0.6714 -0.2926
vn 0.6713 0.2926 -0.6810
vn 0.2834 0.6954 -0.6604
vn 0.3523 0.7998 -0.4861
vn 0.5052 0.7871 -0.3539
vn 0.2954 0.6523 -0.6980
vn 0.3538 0.5051 -0.7872
vn 0.6955 0.6603 -0.2834
vn 0.7999 0.4860 -0.3522
vn 0.7871 0.3538 -0.5052
vn 0.6523 0.6980 -0.2955
vn 0.6603 0.2834 -0.6955
vn 0.4860 0.3522 -0.7999
vn 0.6980 0.2955 -0.6523
vn 0.6809 0.2926 0.6714
vn 0.6713 0.6809 0.2926
vn 0.2924 0.6714 0.6810
vn 0.6955 0.2834 0.6602
vn 0.7999 0.3522 0.4859
vn 0.7871 0.5052 0.3539
vn 0.6523 0.2954 0.6980
vn 0.5052 0.3539 0.7871
vn 0.6604 0.6954 0.2834
vn 0.4861 0.7998 0.3522
vn 0.3539 0.7871 0.5052
vn 0.6979 0.6524 0.2955
vn 0.2834 0.6604 0.6954
vn 0.3522 0.4860 0.7999
vn 0.2954 0.6980 0.6523
vn -0.2566 -0.2566 -0.9318
vn -0.2178 -0.6901 -0.6901
vn -0.2566 -0.9318 -0.2566
vn -0.6901 -0.6901 -0.2178
vn -0.9318 -0.2566 -0.2566
vn -0.6901 -0.2178 -0.6901
vn -0.5773 -0.5774 -0.5774
vn -0.2566 -0.9318 0.2566
vn -0.2178 -0.6901 0.6901
vn -0.2566 -0.2566 0.9318
vn -0.6901 -0.2178 0.6901
vn -0.9318 -0.2566 0.2566
vn -0.6901 -0.6901 0.2178
vn -0.5773 -0.5774 0.5774
vn -0.2566 0.2566 -0.9318
vn -0.6901 0.2178 -0.6901
vn -0.9318 0.2566 -0.2566
vn -0.6901 0.6901 -0.2178
vn -0.2566 0.9318 -0.2566
vn -0.2178 0.6901 -0.6901
vn -0.5774 0.5773 -0.5773
vn -0.2566 0.2566 0.9318
vn -0.2178 0.6901 0.6901
vn -0.2566 0.9318 0.2566
vn -0.6901 0.6901 0.2178
vn -0.9318 0.2566 0.2566
vn -0.6901 0.2178 0.6901
vn -0.5774 0.5773 0.5773
vn 0.2566 -0.2566 -0.9318
vn 0.6901 -0.2178 -0.6901
vn 0.9318 -0.2566 -0.2566
vn 0.6901 -0.6901 -0.2178
vn 0.2566 -0.9318 -0.2566
vn 0.2178 -0.6901 -0.6901
vn 0.5773 -0.5774 -0.5774
vn 0.2566 -0.2566 0.9318
vn 0.2178 -0.6901 0.6901
vn 0.2566 -0.9318 0.2566
vn 0.6901 -0.6901 0.2178
vn 0.9318 -0.2566 0.2566
vn 0.6901 -0.2178 0.6901
vn 0.5773 -0.5774 0.5774
vn 0.2566 0.2566 -0.9318
vn 0.2178 0.6901 -0.6901
vn 0.2566 0.9318 -0.2566
vn 0.6901 0.6901 -0.2178
vn 0.9318 0.2566 -0.2566
vn 0.6901 0.2178 -0.6901
vn 0.5774 0.5773 -0.5773
vn 0.2566 0.2566 0.9318
vn 0.6901 0.2178 0.6901
vn 0.9318 0.2566 0.2566
vn 0.6901 0.6901 0.2178
vn 0.2566 0.9318 0.2566
vn 0.2178 0.6901 0.6901
vn 0.5774 0.5773 0.5773
vn -0.2585 -0.0000 -0.9660
vn -0.7071 -0.0000 -0.7071
vn -0.9660 -0.0000 -0.2585
vn -0.2584 -0.9660 -0.0000
vn -0.7071 -0.7071 -0.0000
vn -0.9660 -0.2585 -0.0000
vn -0.2585 -0.0000 0.9660
vn -0.7071 -0.0000 0.7071
vn -0.9660 -0.0000 0.2585
vn -0.2585 0.9660 -0.0000
vn -0.7071 0.7071 -0.0000
vn -0.9660 0.2585 -0.0000
vn -0.0000 0.2585 -0.9660
vn -0.0000 0.7071 -0.7071
vn -0.0000 0.9660 -0.2585
vn -0.0000 0.2585 0.9660
vn -0.0000 0.7071 0.7071
vn -0.0000 0.9660 0.2585
vn 0.9660 0.2585 -0.0000
vn 0.7071 0.7071 -0.0000
vn 0.2585 0.9660 -0.0000
vn 0.2585 -0.0000 -0.9660
vn 0.7071 -0.0000 -0.7071
vn 0.9660 -0.0000 -0.2585
vn 0.2585 -0.0000 0.9660
vn 0.7071 -0.0000 0.7071
vn 0.9660 -0.0000 0.2585
vn 0.2584 -0.9660 -0.0000
vn 0.7071 -0.7071 -0.0000
vn 0.9660 -0.2585 -0.0000
vn -0.0000 -0.2585 -0.9660
vn -0.0000 -0.7071 -0.7071
vn -0.0000 -0.9660 -0.2584
vn -0.0000 -0.2585 0.9660
vn -0.0000 -0.7071 0.7071
vn -0.0000 -0.9660 0.2584
vn -0.0000 0.9808 -0.1951
vn -0.0000 0.8315 -0.5556
vn -0.0000 0.5556 -0.8315
vn -0.0000 0.1951 -0.9808
vn -0.0000 -0.1951 -0.9808
vn -0.0000 -0.5556 -0.8315
vn -0.0000 -0.8315 -0.5556
vn -0.0000 -0.9808 -0.1951
vn -0.0000 -0.9808 0.1951
vn -0.0000 -0.8315 0.5556
vn -0.0000 -0.5556 0.8315
vn -0.0000 -0.1951 0.9808
vn -0.0000 0.1951 0.9808
vn -0.0000 0.5556 0.8315
vn -0.0000 0.8315 0.5556
vn -0.0000 0.9808 0.1951
vt 0.958834 0.002242
vt 0.959548 0.002234
vt 0.959973 0.002500
vt 0.959540 0.002561
vt 0.990231 0.951651
vt 0.990693 0.952258
vt 0.990506 0.952406
vt 0.990188 0.952026
vt 0.960352 0.002815
vt 0.960164 0.003005
vt 0.960351 0.002457
vt 0.960482 0.002684
vt 0.971096 0.666267
vt 0.971810 0.665948
vt 0.972235 0.665990
vt 0.971802 0.666256
vt 0.972424 0.665485
vt 0.972613 0.665673
vt 0.991318 0.952694
vt 0.990884 0.952711
vt 0.972745 0.665804
vt 0.972614 0.666030
vt 0.973187 0.664155
vt 0.973195 0.664869
vt 0.972929 0.665294
vt 0.972868 0.664861
vt 0.960627 0.003619
vt 0.960669 0.003194
vt 0.972971 0.665672
vt 0.004333 0.002221
vt 0.003619 0.002540
vt 0.003194 0.002498
vt 0.003627 0.002232
vt 0.003005 0.003003
vt 0.002815 0.002815
vt 0.997439 0.951643
vt 0.997500 0.952026
vt 0.997184 0.952406
vt 0.996995 0.952261
vt 0.002684 0.002684
vt 0.002815 0.002458
vt 0.002241 0.004333
vt 0.002234 0.003619
vt 0.002500 0.003194
vt 0.002561 0.003627
vt 0.965660 0.664869
vt 0.966122 0.665482
vt 0.965935 0.665672
vt 0.965617 0.665294
vt 0.002457 0.002816
vt 0.967453 0.666246
vt 0.966739 0.666253
vt 0.966313 0.665987
vt 0.966746 0.665926
vt 0.996381 0.952715
vt 0.996806 0.952712
vt 0.965935 0.666030
vt 0.965804 0.665803
vt 0.960902 0.664129
vt 0.960909 0.664843
vt 0.960643 0.665269
vt 0.960582 0.664836
vt 0.972912 0.003644
vt 0.972450 0.003030
vt 0.972637 0.002841
vt 0.972955 0.003219
vt 0.960328 0.665647
vt 0.960138 0.665460
vt 0.960686 0.665647
vt 0.960459 0.665778
vt 0.992028 0.002238
vt 0.991317 0.002562
vt 0.990871 0.002503
vt 0.991297 0.002230
vt 0.990707 0.003028
vt 0.990498 0.002825
vt 0.971826 0.002586
vt 0.972258 0.002525
vt 0.990348 0.002678
vt 0.990467 0.002441
vt 0.989946 0.004360
vt 0.989912 0.003624
vt 0.990180 0.003201
vt 0.990264 0.003653
vt 0.959524 0.665922
vt 0.959949 0.665965
vt 0.990111 0.002800
vt 0.004333 0.666221
vt 0.003619 0.666229
vt 0.003194 0.665963
vt 0.003627 0.665902
vt 0.997446 0.003598
vt 0.996986 0.002990
vt 0.997152 0.002782
vt 0.997465 0.003153
vt 0.002815 0.665647
vt 0.003003 0.665458
vt 0.002816 0.666005
vt 0.002684 0.665779
vt 0.995660 0.002238
vt 0.996344 0.002201
vt 0.996772 0.002467
vt 0.996363 0.002551
vt 0.966762 0.002565
vt 0.966148 0.003027
vt 0.965958 0.002840
vt 0.966337 0.002523
vt 0.997122 0.002397
vt 0.997263 0.002632
vt 0.965385 0.004358
vt 0.965377 0.003644
vt 0.965643 0.003219
vt 0.965704 0.003652
vt 0.002540 0.664844
vt 0.002498 0.665269
vt 0.965600 0.002840
vt 0.965827 0.002709
vt 0.483825 0.004316
vt 0.483817 0.003602
vt 0.484083 0.003177
vt 0.484144 0.003610
vt 0.977945 0.655155
vt 0.978408 0.655762
vt 0.978220 0.655909
vt 0.977903 0.655528
vt 0.484399 0.002798
vt 0.484588 0.002986
vt 0.484041 0.002799
vt 0.484268 0.002667
vt 0.992047 0.482427
vt 0.991333 0.482743
vt 0.990908 0.482657
vt 0.991341 0.482385
vt 0.990719 0.483201
vt 0.990530 0.482978
vt 0.990529 0.482566
vt 0.990716 0.482301
vt 0.990398 0.482811
vt 0.989956 0.484514
vt 0.989948 0.483757
vt 0.990214 0.483344
vt 0.990275 0.483815
vt 0.485202 0.002523
vt 0.484777 0.002481
vt 0.990171 0.482919
vt 0.477250 0.002242
vt 0.477964 0.002234
vt 0.478389 0.002500
vt 0.477956 0.002561
vt 0.997484 0.483807
vt 0.997021 0.483204
vt 0.997208 0.482978
vt 0.997526 0.483344
vt 0.478768 0.002815
vt 0.478581 0.003005
vt 0.997339 0.482811
vt 0.997566 0.482918
vt 0.995691 0.482451
vt 0.996404 0.482391
vt 0.996830 0.482660
vt 0.996397 0.482764
vt 0.997018 0.482301
vt 0.997208 0.482566
vt 0.479363 0.004333
vt 0.479043 0.003619
vt 0.479085 0.003194
vt 0.479351 0.003627
vt 0.985153 0.655147
vt 0.985214 0.655529
vt 0.984899 0.655909
vt 0.984709 0.655764
vt 0.478899 0.002684
vt 0.479126 0.002815
vt 0.485893 0.666204
vt 0.485179 0.666211
vt 0.484754 0.665945
vt 0.485187 0.665884
vt 0.990243 0.476590
vt 0.990705 0.477200
vt 0.990498 0.477372
vt 0.990178 0.476994
vt 0.484375 0.665630
vt 0.484562 0.665440
vt 0.990348 0.477487
vt 0.990111 0.477348
vt 0.979762 0.002202
vt 0.979048 0.002518
vt 0.978622 0.002431
vt 0.979055 0.002158
vt 0.978434 0.002976
vt 0.978244 0.002751
vt 0.991326 0.477638
vt 0.990872 0.477681
vt 0.978113 0.002583
vt 0.978244 0.002338
vt 0.977670 0.004287
vt 0.977663 0.003529
vt 0.977929 0.003117
vt 0.977990 0.003589
vt 0.484100 0.664827
vt 0.484058 0.665252
vt 0.977886 0.002690
vt 0.479342 0.664129
vt 0.479350 0.664843
vt 0.479084 0.665269
vt 0.479023 0.664836
vt 0.985198 0.003581
vt 0.984735 0.002978
vt 0.984923 0.002751
vt 0.985240 0.003117
vt 0.478768 0.665647
vt 0.478579 0.665460
vt 0.985053 0.002583
vt 0.985280 0.002690
vt 0.983405 0.002226
vt 0.984119 0.002164
vt 0.984544 0.002433
vt 0.984111 0.002539
vt 0.984732 0.002072
vt 0.984922 0.002337
vt 0.477251 0.666242
vt 0.477965 0.665923
vt 0.478390 0.665965
vt 0.477957 0.666231
vt 0.997425 0.476535
vt 0.997463 0.476946
vt 0.997153 0.477329
vt 0.996984 0.477162
vt 0.478899 0.665778
vt 0.478769 0.666005
vt 0.957000 0.002167
vt 0.957000 0.002050
vt 0.957319 0.002053
vt 0.957632 0.002117
vt 0.989858 0.949176
vt 0.989808 0.949793
vt 0.989744 0.949483
vt 0.989741 0.949168
vt 0.958170 0.002088
vt 0.957629 0.002027
vt 0.209267 0.670489
vt 0.973262 0.662321
vt 0.973379 0.662321
vt 0.973376 0.662640
vt 0.973311 0.662953
vt 0.960999 0.006167
vt 0.961050 0.005537
vt 0.961114 0.005847
vt 0.961116 0.006167
vt 0.973341 0.663491
vt 0.973402 0.662950
vt 0.997833 0.949176
vt 0.997950 0.949168
vt 0.997947 0.949482
vt 0.997882 0.949795
vt 0.006167 0.002168
vt 0.005537 0.002117
vt 0.005847 0.002053
vt 0.006167 0.002051
vt 0.004997 0.002087
vt 0.005535 0.002027
vt 0.002167 0.006167
vt 0.002050 0.006167
vt 0.002053 0.005848
vt 0.002117 0.005535
vt 0.965287 0.662321
vt 0.965237 0.662950
vt 0.965172 0.662640
vt 0.965170 0.662321
vt 0.002088 0.004997
vt 0.002027 0.005538
vt 0.960976 0.662296
vt 0.961093 0.662296
vt 0.961091 0.662615
vt 0.961026 0.662928
vt 0.973285 0.006192
vt 0.973335 0.005563
vt 0.973400 0.005873
vt 0.973402 0.006192
vt 0.961055 0.663466
vt 0.961116 0.662925
vt 0.213320 0.670489
vt 0.989891 0.006206
vt 0.989770 0.006203
vt 0.989772 0.005884
vt 0.989839 0.005574
vt 0.956977 0.666295
vt 0.957606 0.666345
vt 0.957296 0.666410
vt 0.956976 0.666412
vt 0.989805 0.005033
vt 0.989741 0.005570
vt 0.006167 0.666295
vt 0.006167 0.666412
vt 0.005848 0.666410
vt 0.005535 0.666345
vt 0.997836 0.006154
vt 0.997885 0.005524
vt 0.997946 0.005830
vt 0.997949 0.006149
vt 0.004997 0.666374
vt 0.005538 0.666436
vt 0.965310 0.006192
vt 0.965193 0.006192
vt 0.965196 0.005872
vt 0.965261 0.005560
vt 0.002168 0.662296
vt 0.002117 0.662925
vt 0.002053 0.662615
vt 0.002051 0.662296
vt 0.965231 0.005022
vt 0.965170 0.005562
vt 0.483751 0.006150
vt 0.483633 0.006150
vt 0.483636 0.005830
vt 0.483701 0.005518
vt 0.977573 0.652684
vt 0.977522 0.653300
vt 0.977458 0.652990
vt 0.977456 0.652676
vt 0.483671 0.004980
vt 0.483610 0.005520
vt 0.217374 0.670489
vt 0.989882 0.486358
vt 0.989764 0.486351
vt 0.989767 0.486035
vt 0.989832 0.485731
vt 0.487750 0.002151
vt 0.487121 0.002100
vt 0.487431 0.002036
vt 0.487750 0.002033
vt 0.989803 0.485191
vt 0.989741 0.485719
vt 0.475416 0.002167
vt 0.475416 0.002050
vt 0.475736 0.002053
vt 0.476048 0.002118
vt 0.997856 0.486358
vt 0.997907 0.485733
vt 0.997971 0.486035
vt 0.997973 0.486350
vt 0.476587 0.002088
vt 0.476046 0.002027
vt 0.985547 0.652683
vt 0.985664 0.652675
vt 0.985662 0.652990
vt 0.985597 0.653302
vt 0.479416 0.006167
vt 0.479466 0.005537
vt 0.479531 0.005847
vt 0.479533 0.006167
vt 0.479496 0.004997
vt 0.479557 0.005535
vt 0.487727 0.666278
vt 0.487727 0.666395
vt 0.487407 0.666393
vt 0.487095 0.666328
vt 0.989891 0.474070
vt 0.989839 0.474696
vt 0.989773 0.474385
vt 0.989771 0.474067
vt 0.989804 0.475231
vt 0.989741 0.474692
vt 0.221428 0.670489
vt 0.977596 0.006131
vt 0.977479 0.006123
vt 0.977482 0.005808
vt 0.977546 0.005504
vt 0.483727 0.662279
vt 0.483677 0.662908
vt 0.483613 0.662598
vt 0.483610 0.662279
vt 0.977517 0.004964
vt 0.977456 0.005492
vt 0.479416 0.662296
vt 0.479533 0.662296
vt 0.479531 0.662615
vt 0.479466 0.662928
vt 0.985570 0.006131
vt 0.985621 0.005506
vt 0.985685 0.005807
vt 0.985688 0.006123
vt 0.479495 0.663466
vt 0.479557 0.662925
vt 0.997837 0.474018
vt 0.997950 0.474013
vt 0.997947 0.474332
vt 0.997884 0.474646
vt 0.475417 0.666295
vt 0.476046 0.666345
vt 0.475736 0.666410
vt 0.475417 0.666412
vt 0.476587 0.666376
vt 0.476049 0.666436
vt 0.958037 0.002321
vt 0.958186 0.002220
vt 0.958483 0.002204
vt 0.990012 0.950199
vt 0.989907 0.950331
vt 0.989881 0.950587
vt 0.989778 0.950316
vt 0.990410 0.951146
vt 0.990302 0.951267
vt 0.990247 0.951444
vt 0.991027 0.951967
vt 0.990910 0.952077
vt 0.990795 0.952176
vt 0.958998 0.002719
vt 0.959128 0.002614
vt 0.959328 0.002567
vt 0.959830 0.003336
vt 0.959947 0.003220
vt 0.960062 0.003106
vt 0.992820 0.952969
vt 0.993845 0.953284
vt 0.993267 0.953234
vt 0.992671 0.953063
vt 0.992688 0.953184
vt 0.992375 0.953065
vt 0.969274 0.666486
vt 0.970300 0.666167
vt 0.970439 0.666272
vt 0.969853 0.666443
vt 0.970712 0.666298
vt 0.970432 0.666401
vt 0.971260 0.665769
vt 0.971388 0.665877
vt 0.971582 0.665931
vt 0.972092 0.665151
vt 0.972209 0.665268
vt 0.972323 0.665383
vt 0.991860 0.952577
vt 0.991729 0.952674
vt 0.991530 0.952706
vt 0.973108 0.663359
vt 0.973209 0.663507
vt 0.973225 0.663804
vt 0.960845 0.005129
vt 0.960951 0.004990
vt 0.960977 0.004717
vt 0.961080 0.004997
vt 0.960448 0.004169
vt 0.960556 0.004040
vt 0.960610 0.003847
vt 0.972710 0.664319
vt 0.972815 0.664449
vt 0.972862 0.664649
vt 0.997679 0.950199
vt 0.997780 0.950341
vt 0.997912 0.950316
vt 0.997796 0.950619
vt 0.005129 0.002321
vt 0.004990 0.002216
vt 0.004717 0.002190
vt 0.004169 0.002719
vt 0.004040 0.002611
vt 0.003847 0.002557
vt 0.003336 0.003337
vt 0.003220 0.003220
vt 0.003106 0.003105
vt 0.997281 0.951146
vt 0.997386 0.951269
vt 0.997433 0.951451
vt 0.996664 0.951967
vt 0.996780 0.952077
vt 0.996894 0.952177
vt 0.002321 0.005129
vt 0.002220 0.004981
vt 0.002203 0.004684
vt 0.965441 0.663358
vt 0.965336 0.663498
vt 0.965310 0.663771
vt 0.965207 0.663491
vt 0.965839 0.664319
vt 0.965731 0.664447
vt 0.965676 0.664641
vt 0.966456 0.665151
vt 0.966339 0.665268
vt 0.966224 0.665382
vt 0.002719 0.004169
vt 0.002614 0.004039
vt 0.002567 0.003839
vt 0.968249 0.666166
vt 0.968695 0.666443
vt 0.968100 0.666267
vt 0.968116 0.666399
vt 0.967803 0.666284
vt 0.994871 0.952969
vt 0.995010 0.953067
vt 0.994424 0.953235
vt 0.995283 0.953079
vt 0.995003 0.953186
vt 0.995831 0.952576
vt 0.995959 0.952677
vt 0.996153 0.952717
vt 0.967289 0.665769
vt 0.967158 0.665873
vt 0.966959 0.665921
vt 0.960822 0.663333
vt 0.960923 0.663482
vt 0.960940 0.663779
vt 0.973131 0.005154
vt 0.973236 0.005015
vt 0.973262 0.004742
vt 0.973365 0.005022
vt 0.972733 0.004194
vt 0.972841 0.004066
vt 0.972896 0.003872
vt 0.972116 0.003362
vt 0.972233 0.003245
vt 0.972348 0.003131
vt 0.960424 0.664293
vt 0.960529 0.664424
vt 0.960576 0.664623
vt 0.959807 0.665126
vt 0.959923 0.665243
vt 0.960038 0.665358
vt 0.970323 0.002346
vt 0.969298 0.002027
vt 0.969877 0.002070
vt 0.970472 0.002245
vt 0.970456 0.002114
vt 0.970769 0.002229
vt 0.993864 0.002027
vt 0.992842 0.002352
vt 0.992700 0.002246
vt 0.993283 0.002070
vt 0.992421 0.002215
vt 0.992703 0.002113
vt 0.991885 0.002755
vt 0.991754 0.002646
vt 0.991554 0.002586
vt 0.991056 0.003376
vt 0.990937 0.003258
vt 0.990816 0.003137
vt 0.971283 0.002744
vt 0.971414 0.002639
vt 0.971613 0.002592
vt 0.990044 0.005170
vt 0.989941 0.005020
vt 0.989917 0.004718
vt 0.958014 0.666141
vt 0.958153 0.666246
vt 0.958426 0.666273
vt 0.958147 0.666376
vt 0.958974 0.665743
vt 0.959103 0.665851
vt 0.959296 0.665906
vt 0.990440 0.004210
vt 0.990333 0.004078
vt 0.990278 0.003873
vt 0.005129 0.666142
vt 0.004981 0.666243
vt 0.004684 0.666259
vt 0.997683 0.005120
vt 0.997785 0.004978
vt 0.997804 0.004699
vt 0.997909 0.004980
vt 0.997287 0.004165
vt 0.997391 0.004034
vt 0.997439 0.003834
vt 0.996671 0.003339
vt 0.996785 0.003220
vt 0.996893 0.003099
vt 0.004169 0.665744
vt 0.004039 0.665848
vt 0.003839 0.665896
vt 0.003337 0.665126
vt 0.003220 0.665243
vt 0.003105 0.665357
vt 0.994885 0.002339
vt 0.994437 0.002063
vt 0.995031 0.002234
vt 0.995010 0.002099
vt 0.995319 0.002210
vt 0.968272 0.002346
vt 0.968133 0.002241
vt 0.968719 0.002069
vt 0.967860 0.002215
vt 0.968140 0.002112
vt 0.967312 0.002744
vt 0.967184 0.002636
vt 0.966990 0.002581
vt 0.966480 0.003362
vt 0.966363 0.003244
vt 0.966249 0.003129
vt 0.995842 0.002729
vt 0.995969 0.002621
vt 0.996160 0.002566
vt 0.965464 0.005154
vt 0.965363 0.005005
vt 0.965347 0.004709
vt 0.002321 0.663333
vt 0.002216 0.663473
vt 0.002190 0.663746
vt 0.002087 0.663466
vt 0.002719 0.664294
vt 0.002611 0.664422
vt 0.002557 0.664616
vt 0.965862 0.004194
vt 0.965757 0.004063
vt 0.965710 0.003864
vt 0.483904 0.005112
vt 0.483803 0.004963
vt 0.483787 0.004667
vt 0.977727 0.653706
vt 0.977621 0.653838
vt 0.977595 0.654093
vt 0.977492 0.653822
vt 0.978124 0.654652
vt 0.978017 0.654773
vt 0.977962 0.654949
vt 0.978742 0.655473
vt 0.978625 0.655582
vt 0.978510 0.655680
vt 0.484302 0.004152
vt 0.484197 0.004021
vt 0.484150 0.003822
vt 0.484920 0.003320
vt 0.484803 0.003203
vt 0.484689 0.003087
vt 0.980535 0.656473
vt 0.981560 0.656788
vt 0.980981 0.656738
vt 0.980386 0.656567
vt 0.980402 0.656688
vt 0.980089 0.656569
vt 0.993869 0.482250
vt 0.992844 0.482566
vt 0.992704 0.482456
vt 0.993290 0.482285
vt 0.992431 0.482417
vt 0.992711 0.482320
vt 0.991883 0.482958
vt 0.991755 0.482846
vt 0.991561 0.482778
vt 0.991051 0.483567
vt 0.990934 0.483446
vt 0.990820 0.483319
vt 0.979574 0.656081
vt 0.979444 0.656178
vt 0.979244 0.656210
vt 0.990035 0.485335
vt 0.989934 0.485182
vt 0.989918 0.484876
vt 0.486712 0.002304
vt 0.486573 0.002199
vt 0.486300 0.002173
vt 0.486580 0.002070
vt 0.485752 0.002702
vt 0.485624 0.002594
vt 0.485430 0.002539
vt 0.990433 0.484388
vt 0.990329 0.484253
vt 0.990281 0.484042
vt 0.476454 0.002321
vt 0.476603 0.002220
vt 0.476900 0.002204
vt 0.997702 0.485335
vt 0.997807 0.485192
vt 0.997834 0.484909
vt 0.997937 0.485190
vt 0.997305 0.484388
vt 0.997412 0.484255
vt 0.997467 0.484051
vt 0.996687 0.483567
vt 0.996804 0.483446
vt 0.996919 0.483320
vt 0.477414 0.002719
vt 0.477545 0.002614
vt 0.477744 0.002567
vt 0.478247 0.003336
vt 0.478364 0.003220
vt 0.478479 0.003106
vt 0.994894 0.482566
vt 0.994448 0.482286
vt 0.995043 0.482460
vt 0.995027 0.482322
vt 0.995340 0.482430
vt 0.982585 0.656473
vt 0.982725 0.656571
vt 0.982139 0.656739
vt 0.982998 0.656583
vt 0.982718 0.656689
vt 0.983546 0.656081
vt 0.983674 0.656181
vt 0.983868 0.656221
vt 0.984378 0.655473
vt 0.984495 0.655582
vt 0.984609 0.655682
vt 0.995855 0.482958
vt 0.995985 0.482849
vt 0.996184 0.482787
vt 0.985393 0.653706
vt 0.985494 0.653847
vt 0.985626 0.653822
vt 0.985511 0.654125
vt 0.479262 0.005129
vt 0.479367 0.004990
vt 0.479393 0.004717
vt 0.478864 0.004169
vt 0.478972 0.004041
vt 0.479027 0.003847
vt 0.984996 0.654652
vt 0.985100 0.654775
vt 0.985148 0.654956
vt 0.486689 0.666124
vt 0.486540 0.666225
vt 0.486557 0.666357
vt 0.486244 0.666242
vt 0.990045 0.475103
vt 0.989937 0.475240
vt 0.989904 0.475506
vt 0.990441 0.476058
vt 0.990331 0.476184
vt 0.990269 0.476371
vt 0.991056 0.476884
vt 0.990937 0.476999
vt 0.990815 0.477107
vt 0.485729 0.665727
vt 0.485598 0.665831
vt 0.485399 0.665879
vt 0.484896 0.665109
vt 0.484779 0.665226
vt 0.484664 0.665340
vt 0.992843 0.477885
vt 0.993864 0.478197
vt 0.993284 0.478154
vt 0.992691 0.477984
vt 0.992703 0.478111
vt 0.992389 0.477996
vt 0.981583 0.002027
vt 0.980558 0.002342
vt 0.980419 0.002232
vt 0.981004 0.002061
vt 0.980146 0.002192
vt 0.980426 0.002096
vt 0.979598 0.002734
vt 0.979469 0.002622
vt 0.979276 0.002553
vt 0.978765 0.003342
vt 0.978649 0.003221
vt 0.978535 0.003094
vt 0.991886 0.477495
vt 0.991752 0.477597
vt 0.991547 0.477639
vt 0.977750 0.005109
vt 0.977649 0.004956
vt 0.977632 0.004650
vt 0.483881 0.663316
vt 0.483776 0.663456
vt 0.483750 0.663729
vt 0.483647 0.663449
vt 0.484279 0.664276
vt 0.484171 0.664405
vt 0.484116 0.664599
vt 0.978148 0.004163
vt 0.978043 0.004028
vt 0.977996 0.003816
vt 0.479263 0.663333
vt 0.479364 0.663482
vt 0.479380 0.663779
vt 0.985417 0.005109
vt 0.985522 0.004966
vt 0.985548 0.004682
vt 0.985651 0.004963
vt 0.985019 0.004162
vt 0.985127 0.004030
vt 0.985182 0.003825
vt 0.984401 0.003342
vt 0.984518 0.003221
vt 0.984634 0.003095
vt 0.478865 0.664293
vt 0.478969 0.664424
vt 0.479017 0.664623
vt 0.478247 0.665126
vt 0.478364 0.665243
vt 0.478478 0.665358
vt 0.982609 0.002342
vt 0.982162 0.002062
vt 0.982758 0.002236
vt 0.982741 0.002098
vt 0.983054 0.002206
vt 0.994886 0.477872
vt 0.995022 0.477973
vt 0.994437 0.478147
vt 0.995287 0.477991
vt 0.995010 0.478098
vt 0.995843 0.477469
vt 0.995968 0.477573
vt 0.996153 0.477620
vt 0.996672 0.476847
vt 0.996785 0.476961
vt 0.996892 0.477069
vt 0.983569 0.002734
vt 0.983700 0.002624
vt 0.983899 0.002563
vt 0.997684 0.475053
vt 0.997781 0.475199
vt 0.997909 0.475177
vt 0.997791 0.475488
vt 0.476455 0.666141
vt 0.476594 0.666246
vt 0.476867 0.666273
vt 0.477415 0.665744
vt 0.477543 0.665851
vt 0.477737 0.665906
vt 0.997287 0.476013
vt 0.997389 0.476140
vt 0.997428 0.476332
vt 0.958450 0.002119
vt 0.970745 0.666369
vt 0.960946 0.004333
vt 0.961048 0.004684
vt 0.959320 0.002121
vt 0.971590 0.666362
vt 0.004683 0.002119
vt 0.965340 0.664155
vt 0.965238 0.663804
vt 0.967837 0.666368
vt 0.003839 0.002126
vt 0.966967 0.666367
vt 0.973232 0.004358
vt 0.973334 0.004709
vt 0.992381 0.002137
vt 0.989827 0.004746
vt 0.991508 0.002122
vt 0.989797 0.003850
vt 0.004717 0.666344
vt 0.995280 0.002120
vt 0.002221 0.664130
vt 0.002119 0.663779
vt 0.003847 0.666342
vt 0.967476 0.002246
vt 0.483702 0.004700
vt 0.992398 0.482332
vt 0.989833 0.484897
vt 0.483704 0.003830
vt 0.979032 0.656198
vt 0.991553 0.482279
vt 0.989835 0.483979
vt 0.997803 0.484510
vt 0.997905 0.484862
vt 0.995307 0.482335
vt 0.479465 0.004684
vt 0.996176 0.482276
vt 0.984096 0.656218
vt 0.479458 0.003839
vt 0.989924 0.475880
vt 0.989825 0.475534
vt 0.980112 0.002107
vt 0.977548 0.004671
vt 0.979268 0.002053
vt 0.977549 0.003751
vt 0.985517 0.004283
vt 0.985619 0.004635
vt 0.983021 0.002111
vt 0.476900 0.666344
vt 0.983891 0.002050
vt 0.996371 0.477626
vt 0.477745 0.666337
vt 0.564072 0.675054
vt 0.560961 0.675054
vt 0.561093 0.672076
vt 0.564072 0.671944
vt 0.558675 0.675054
vt 0.559483 0.672076
vt 0.636837 0.889292
vt 0.636836 0.892223
vt 0.633857 0.891960
vt 0.633726 0.889155
vt 0.676866 0.740668
vt 0.676866 0.738382
vt 0.679845 0.738250
vt 0.679845 0.739860
vt 0.676866 0.735271
vt 0.679977 0.735271
vt 0.682263 0.735271
vt 0.681455 0.738250
vt 0.561093 0.670466
vt 0.640990 0.889292
vt 0.644100 0.889155
vt 0.643968 0.891960
vt 0.640989 0.892223
vt 0.483610 0.891812
vt 0.485897 0.891812
vt 0.486028 0.894791
vt 0.484419 0.894791
vt 0.489007 0.891812
vt 0.489007 0.894923
vt 0.667316 0.735271
vt 0.669603 0.735271
vt 0.669735 0.738250
vt 0.668125 0.738250
vt 0.672713 0.735271
vt 0.672713 0.738382
vt 0.672713 0.740668
vt 0.669735 0.739860
vt 0.624289 0.675054
vt 0.624289 0.671944
vt 0.627267 0.672076
vt 0.627399 0.675054
vt 0.682263 0.675054
vt 0.679977 0.675054
vt 0.679845 0.672075
vt 0.681455 0.672075
vt 0.676866 0.675054
vt 0.676866 0.671944
vt 0.655831 0.670493
vt 0.656025 0.672947
vt 0.652989 0.673036
vt 0.652852 0.671308
vt 0.656096 0.676112
vt 0.652926 0.676069
vt 0.650454 0.675909
vt 0.651248 0.672924
vt 0.549224 0.891812
vt 0.552335 0.891812
vt 0.552203 0.894791
vt 0.549224 0.894923
vt 0.554621 0.891812
vt 0.553813 0.894791
vt 0.660234 0.676085
vt 0.660163 0.672920
vt 0.663063 0.672970
vt 0.663263 0.676001
vt 0.659969 0.670466
vt 0.662926 0.671242
vt 0.672713 0.675054
vt 0.669603 0.675054
vt 0.669735 0.672075
vt 0.672713 0.671944
vt 0.667316 0.675054
vt 0.668125 0.672075
vt 0.669735 0.670466
vt 0.564072 0.891004
vt 0.564072 0.894114
vt 0.561093 0.893983
vt 0.560961 0.891004
vt 0.564072 0.896401
vt 0.561093 0.895592
vt 0.691711 0.735653
vt 0.691711 0.738576
vt 0.688731 0.738309
vt 0.688600 0.735511
vt 0.636850 0.670466
vt 0.636851 0.673098
vt 0.633872 0.673095
vt 0.633871 0.671241
vt 0.636851 0.676303
vt 0.633740 0.676166
vt 0.631453 0.675789
vt 0.632261 0.672829
vt 0.489007 0.675863
vt 0.485897 0.675863
vt 0.486029 0.672884
vt 0.489007 0.672752
vt 0.646400 0.675789
vt 0.644114 0.676166
vt 0.643982 0.673095
vt 0.645592 0.672829
vt 0.641004 0.676303
vt 0.641004 0.673098
vt 0.641003 0.670466
vt 0.643982 0.671241
vt 0.695864 0.735653
vt 0.698974 0.735511
vt 0.698842 0.738309
vt 0.695864 0.738576
vt 0.489007 0.670466
vt 0.486029 0.671274
vt 0.624289 0.891004
vt 0.627399 0.891004
vt 0.627267 0.893983
vt 0.624289 0.894114
vt 0.650454 0.891221
vt 0.652926 0.891381
vt 0.652989 0.894288
vt 0.651248 0.894175
vt 0.656096 0.891424
vt 0.656025 0.894462
vt 0.691715 0.670466
vt 0.691715 0.673108
vt 0.688736 0.673100
vt 0.688736 0.671240
vt 0.691716 0.676315
vt 0.688605 0.676173
vt 0.686317 0.675784
vt 0.687126 0.672826
vt 0.549224 0.675863
vt 0.549224 0.672752
vt 0.552203 0.672884
vt 0.552335 0.675863
vt 0.701264 0.675784
vt 0.698979 0.676173
vt 0.698847 0.673100
vt 0.700456 0.672826
vt 0.695868 0.676315
vt 0.695868 0.673108
vt 0.695868 0.670466
vt 0.698846 0.671240
vt 0.660234 0.891397
vt 0.663263 0.891313
vt 0.663063 0.894222
vt 0.660163 0.894435
vt 0.554621 0.675863
vt 0.553813 0.672884
vt 0.624289 0.896401
vt 0.549224 0.670466
vt 0.558675 0.891004
vt 0.483610 0.675863
vt 0.008085 0.670714
vt 0.008085 0.695557
vt 0.004865 0.695530
vt 0.004865 0.670686
vt 0.002027 0.695410
vt 0.002027 0.670566
vt 0.076887 0.670489
vt 0.076887 0.695407
vt 0.074193 0.695407
vt 0.074193 0.670489
vt 0.071014 0.695407
vt 0.071014 0.670489
vt 0.067836 0.695407
vt 0.067836 0.670489
vt 0.065141 0.695407
vt 0.065141 0.670489
vt 0.033542 0.695066
vt 0.033542 0.670490
vt 0.036237 0.670787
vt 0.036237 0.695363
vt 0.039416 0.670891
vt 0.039416 0.695467
vt 0.042594 0.670787
vt 0.042594 0.695362
vt 0.045288 0.670489
vt 0.045288 0.695065
vt 0.080941 0.695407
vt 0.080941 0.670489
vt 0.083636 0.670489
vt 0.083636 0.695407
vt 0.086814 0.670489
vt 0.086814 0.695407
vt 0.089993 0.670489
vt 0.089993 0.695407
vt 0.092687 0.670489
vt 0.092687 0.695407
vt 0.169033 0.680304
vt 0.169033 0.677065
vt 0.170256 0.674066
vt 0.172515 0.671763
vt 0.175467 0.670507
vt 0.178662 0.670489
vt 0.181614 0.671713
vt 0.183873 0.673990
vt 0.185096 0.676976
vt 0.185096 0.680215
vt 0.183873 0.683214
vt 0.181614 0.685517
vt 0.178662 0.686773
vt 0.175467 0.686791
vt 0.172515 0.685568
vt 0.170256 0.683290
vt 0.013731 0.670489
vt 0.013731 0.695333
vt 0.011199 0.695488
vt 0.011199 0.670645
vt 0.144633 0.677015
vt 0.144633 0.680256
vt 0.143393 0.683250
vt 0.141101 0.685542
vt 0.138107 0.686782
vt 0.134866 0.686782
vt 0.131872 0.685542
vt 0.129581 0.683250
vt 0.128341 0.680256
vt 0.128341 0.677015
vt 0.129581 0.674021
vt 0.131872 0.671730
vt 0.134866 0.670490
vt 0.138107 0.670490
vt 0.141101 0.671730
vt 0.143393 0.674021
vt 0.023843 0.670714
vt 0.023843 0.695557
vt 0.020622 0.695530
vt 0.020622 0.670686
vt 0.017784 0.695410
vt 0.017784 0.670566
vt 0.108487 0.670489
vt 0.108487 0.695407
vt 0.105793 0.695407
vt 0.105793 0.670489
vt 0.102614 0.695407
vt 0.102614 0.670489
vt 0.099436 0.695407
vt 0.099436 0.670489
vt 0.096741 0.695407
vt 0.096741 0.670489
vt 0.049341 0.695066
vt 0.049341 0.670490
vt 0.052037 0.670787
vt 0.052037 0.695363
vt 0.055215 0.670891
vt 0.055215 0.695467
vt 0.058394 0.670787
vt 0.058394 0.695362
vt 0.061088 0.670489
vt 0.061088 0.695065
vt 0.112541 0.695407
vt 0.112541 0.670489
vt 0.115235 0.670489
vt 0.115235 0.695407
vt 0.118414 0.670489
vt 0.118414 0.695407
vt 0.121592 0.670489
vt 0.121592 0.695407
vt 0.124287 0.670489
vt 0.124287 0.695407
vt 0.189150 0.680304
vt 0.189150 0.677065
vt 0.190372 0.674066
vt 0.192632 0.671763
vt 0.195584 0.670507
vt 0.198779 0.670490
vt 0.201731 0.671713
vt 0.203990 0.673990
vt 0.205213 0.676976
vt 0.205213 0.680215
vt 0.203990 0.683214
vt 0.201731 0.685517
vt 0.198779 0.686773
vt 0.195584 0.686791
vt 0.192632 0.685568
vt 0.190372 0.683290
vt 0.029488 0.670489
vt 0.029488 0.695333
vt 0.026956 0.695488
vt 0.026956 0.670645
vt 0.164979 0.677015
vt 0.164979 0.680256
vt 0.163739 0.683250
vt 0.161447 0.685542
vt 0.158453 0.686782
vt 0.155212 0.686782
vt 0.152218 0.685542
vt 0.149927 0.683250
vt 0.148687 0.680256
vt 0.148687 0.677015
vt 0.149927 0.674021
vt 0.152218 0.671730
vt 0.155213 0.670490
vt 0.158453 0.670490
vt 0.161447 0.671730
vt 0.163739 0.674021
s 0
usemtl M_Hardboard
f 1/1/1 2/2/1 5/3/1 4/4/1
f 2/5/2 3/6/2 6/7/2 5/8/2
f 4/4/3 5/3/3 19/9/3 16/10/3
f 5/3/4 6/11/4 7/12/4 19/9/4
f 8/13/5 9/14/5 12/15/5 11/16/5
f 9/14/6 10/17/6 13/18/6 12/15/6
f 11/19/7 12/20/7 6/7/7 3/6/7
f 12/15/8 13/18/8 7/21/8 6/22/8
f 14/23/9 15/24/9 18/25/9 17/26/9
f 15/27/10 16/10/10 19/9/10 18/28/10
f 17/26/11 18/25/11 13/18/11 10/17/11
f 18/25/12 19/29/12 7/21/12 13/18/12
f 20/30/13 21/31/13 24/32/13 23/33/13
f 21/31/14 22/34/14 25/35/14 24/32/14
f 23/36/15 24/37/15 38/38/15 35/39/15
f 24/32/16 25/35/16 26/40/16 38/41/16
f 27/42/17 28/43/17 31/44/17 30/45/17
f 28/46/18 29/47/18 32/48/18 31/49/18
f 30/45/19 31/44/19 25/35/19 22/34/19
f 31/44/20 32/50/20 26/40/20 25/35/20
f 33/51/21 34/52/21 37/53/21 36/54/21
f 34/55/22 35/39/22 38/38/22 37/56/22
f 36/54/23 37/53/23 32/48/23 29/47/23
f 37/53/24 38/57/24 26/58/24 32/48/24
f 39/59/25 40/60/25 43/61/25 42/62/25
f 40/63/26 41/64/26 44/65/26 43/66/26
f 42/62/27 43/61/27 57/67/27 54/68/27
f 43/61/28 44/69/28 45/70/28 57/67/28
f 46/71/29 47/72/29 50/73/29 49/74/29
f 47/72/30 48/75/30 51/76/30 50/73/30
f 49/77/31 50/78/31 44/65/31 41/64/31
f 50/73/32 51/76/32 45/79/32 44/80/32
f 52/81/33 53/82/33 56/83/33 55/84/33
f 53/85/34 54/68/34 57/67/34 56/86/34
f 55/84/35 56/83/35 51/76/35 48/75/35
f 56/83/36 57/87/36 45/79/36 51/76/36
f 58/88/37 59/89/37 62/90/37 61/91/37
f 59/92/38 60/93/38 63/94/38 62/95/38
f 61/91/39 62/90/39 76/96/39 73/97/39
f 62/90/40 63/98/40 64/99/40 76/96/40
f 65/100/41 66/101/41 69/102/41 68/103/41
f 66/104/42 67/105/42 70/106/42 69/107/42
f 68/103/43 69/102/43 63/94/43 60/93/43
f 69/102/44 70/108/44 64/109/44 63/94/44
f 71/110/45 72/111/45 75/112/45 74/113/45
f 72/114/46 73/97/46 76/96/46 75/115/46
f 74/113/47 75/112/47 70/106/47 67/105/47
f 75/112/48 76/116/48 64/117/48 70/106/48
f 77/118/49 78/119/49 81/120/49 80/121/49
f 78/122/50 79/123/50 82/124/50 81/125/50
f 80/121/51 81/120/51 95/126/51 92/127/51
f 81/120/52 82/128/52 83/129/52 95/126/52
f 84/130/53 85/131/53 88/132/53 87/133/53
f 85/131/54 86/134/54 89/135/54 88/132/54
f 87/133/55 88/132/55 82/136/55 79/137/55
f 88/132/56 89/135/56 83/138/56 82/136/56
f 90/139/57 91/140/57 94/141/57 93/142/57
f 91/143/58 92/127/58 95/126/58 94/144/58
f 93/142/59 94/141/59 89/135/59 86/134/59
f 94/141/60 95/145/60 83/138/60 89/135/60
f 96/146/61 97/147/61 100/148/61 99/149/61
f 97/150/62 98/151/62 101/152/62 100/153/62
f 99/149/63 100/148/63 114/154/63 111/155/63
f 100/153/64 101/152/64 102/156/64 114/157/64
f 103/158/65 104/159/65 107/160/65 106/161/65
f 104/159/66 105/162/66 108/163/66 107/160/66
f 106/161/67 107/160/67 101/152/67 98/151/67
f 107/160/68 108/163/68 102/156/68 101/152/68
f 109/164/69 110/165/69 113/166/69 112/167/69
f 110/165/70 111/155/70 114/154/70 113/166/70
f 112/168/71 113/169/71 108/170/71 105/171/71
f 113/166/72 114/154/72 102/172/72 108/173/72
f 115/174/73 116/175/73 119/176/73 118/177/73
f 116/178/74 117/179/74 120/180/74 119/181/74
f 118/177/75 119/176/75 133/182/75 130/183/75
f 119/181/76 120/180/76 121/184/76 133/185/76
f 122/186/77 123/187/77 126/188/77 125/189/77
f 123/187/78 124/190/78 127/191/78 126/188/78
f 125/192/79 126/193/79 120/180/79 117/179/79
f 126/188/80 127/191/80 121/194/80 120/195/80
f 128/196/81 129/197/81 132/198/81 131/199/81
f 129/200/82 130/183/82 133/182/82 132/201/82
f 131/199/83 132/198/83 127/191/83 124/190/83
f 132/198/84 133/202/84 121/194/84 127/191/84
f 134/203/85 135/204/85 138/205/85 137/206/85
f 135/207/86 136/208/86 139/209/86 138/210/86
f 137/206/87 138/205/87 152/211/87 149/212/87
f 138/210/88 139/209/88 140/213/88 152/214/88
f 141/215/89 142/216/89 145/217/89 144/218/89
f 142/216/90 143/219/90 146/220/90 145/217/90
f 144/218/91 145/217/91 139/209/91 136/208/91
f 145/217/92 146/220/92 140/213/92 139/209/92
f 147/221/93 148/222/93 151/223/93 150/224/93
f 148/222/94 149/212/94 152/211/94 151/223/94
f 150/225/95 151/226/95 146/227/95 143/228/95
f 151/223/96 152/211/96 140/229/96 146/230/96
f 153/231/97 156/232/97 157/233/97 159/234/97
f 154/235/98 158/236/98 157/237/98 156/238/98
f 155/239/99 159/234/99 157/233/99 158/240/99
f 160/241/100 163/241/100 164/241/100 166/241/100
f 161/241/101 165/241/101 164/241/101 163/241/101
f 162/241/102 166/241/102 164/241/102 165/241/102
f 167/242/103 170/243/103 171/244/103 173/245/103
f 168/246/104 172/247/104 171/248/104 170/249/104
f 169/250/105 173/245/105 171/244/105 172/251/105
f 219/252/106 222/253/106 223/254/106 225/255/106
f 220/256/107 224/257/107 223/258/107 222/259/107
f 221/260/108 225/261/108 223/258/108 224/257/108
f 226/262/109 229/263/109 230/264/109 232/265/109
f 227/266/110 231/267/110 230/268/110 229/269/110
f 228/270/111 232/265/111 230/264/111 231/271/111
f 233/241/112 236/241/112 237/241/112 239/241/112
f 234/241/113 238/241/113 237/241/113 236/241/113
f 235/241/102 239/241/102 237/241/102 238/241/102
f 285/272/114 288/273/114 289/274/114 291/275/114
f 286/276/115 290/277/115 289/278/115 288/279/115
f 287/280/116 291/275/116 289/274/116 290/281/116
f 292/282/117 295/282/117 296/282/117 298/282/117
f 293/282/118 297/282/118 296/282/118 295/282/118
f 294/282/102 298/282/102 296/282/102 297/282/102
f 299/283/119 302/284/119 303/285/119 305/286/119
f 300/287/120 304/288/120 303/289/120 302/290/120
f 301/291/121 305/286/121 303/285/121 304/292/121
f 351/293/122 354/294/122 355/295/122 357/296/122
f 352/297/123 356/298/123 355/299/123 354/300/123
f 353/301/124 357/296/124 355/295/124 356/302/124
f 358/282/125 361/282/125 362/282/125 364/282/125
f 359/282/126 363/282/126 362/282/126 361/282/126
f 360/282/102 364/282/102 362/282/102 363/282/102
f 365/303/127 368/304/127 369/305/127 371/306/127
f 366/307/128 370/308/128 369/309/128 368/310/128
f 367/311/129 371/306/129 369/305/129 370/312/129
f 417/313/130 420/314/130 421/315/130 423/316/130
f 418/317/131 422/318/131 421/319/131 420/320/131
f 419/321/132 423/316/132 421/315/132 422/322/132
f 424/323/133 427/323/133 428/323/133 430/323/133
f 425/323/134 429/323/134 428/323/134 427/323/134
f 426/323/102 430/323/102 428/323/102 429/323/102
f 431/324/135 434/325/135 435/326/135 437/327/135
f 432/328/136 436/329/136 435/330/136 434/331/136
f 433/332/137 437/327/137 435/326/137 436/333/137
f 483/334/138 486/335/138 487/336/138 489/337/138
f 484/338/139 488/339/139 487/340/139 486/341/139
f 485/342/140 489/337/140 487/336/140 488/343/140
f 490/323/141 493/323/141 494/323/141 496/323/141
f 491/323/142 495/323/142 494/323/142 493/323/142
f 492/323/102 496/323/102 494/323/102 495/323/102
f 497/344/143 500/345/143 501/346/143 503/347/143
f 498/348/144 502/349/144 501/350/144 500/351/144
f 499/352/145 503/353/145 501/350/145 502/349/145
f 549/354/146 552/355/146 553/356/146 555/357/146
f 550/358/147 554/359/147 553/360/147 552/361/147
f 551/362/148 555/363/148 553/360/148 554/359/148
f 556/364/149 559/364/149 560/364/149 562/364/149
f 557/364/150 561/364/150 560/364/150 559/364/150
f 558/364/102 562/364/102 560/364/102 561/364/102
f 563/365/151 566/366/151 567/367/151 569/368/151
f 564/369/152 568/370/152 567/371/152 566/372/152
f 565/373/153 569/368/153 567/367/153 568/374/153
f 615/375/154 618/376/154 619/377/154 621/378/154
f 616/379/155 620/380/155 619/381/155 618/382/155
f 617/383/156 621/378/156 619/377/156 620/384/156
f 622/364/157 625/364/157 626/364/157 628/364/157
f 623/364/158 627/364/158 626/364/158 625/364/158
f 624/364/102 628/364/102 626/364/102 627/364/102
f 629/385/159 632/386/159 633/387/159 635/388/159
f 630/389/160 634/390/160 633/391/160 632/392/160
f 631/393/161 635/394/161 633/391/161 634/390/161
f 183/395/162 153/231/162 159/234/162 185/396/162
f 185/396/163 159/234/163 155/239/163 184/397/163
f 154/235/164 174/398/164 176/399/164 158/236/164
f 158/236/165 176/399/165 175/400/165 155/401/165
f 174/398/166 177/402/166 179/403/166 176/399/166
f 176/399/167 179/403/167 178/404/167 175/400/167
f 177/402/168 180/405/168 182/406/168 179/403/168
f 179/403/169 182/406/169 181/407/169 178/404/169
f 186/408/170 183/395/170 185/396/170 188/409/170
f 188/409/171 185/396/171 184/397/171 187/410/171
f 210/411/172 186/408/172 188/409/172 212/412/172
f 212/412/173 188/409/173 187/410/173 211/413/173
f 198/414/174 160/415/174 166/416/174 200/417/174
f 200/417/175 166/416/175 162/418/175 199/419/175
f 161/420/176 189/421/176 191/422/176 165/423/176
f 165/423/177 191/422/177 190/424/177 162/425/177
f 189/421/178 192/426/178 194/427/178 191/422/178
f 191/422/179 194/427/179 193/428/179 190/424/179
f 192/426/180 195/429/180 197/430/180 194/427/180
f 194/427/181 197/430/181 196/431/181 193/428/181
f 201/432/182 198/414/182 200/417/182 203/433/182
f 203/433/183 200/417/183 199/419/183 202/434/183
f 180/405/184 201/432/184 203/433/184 182/406/184
f 182/406/185 203/433/185 202/434/185 181/407/185
f 213/435/186 167/242/186 173/245/186 215/436/186
f 215/436/187 173/245/187 169/250/187 214/437/187
f 168/246/188 204/438/188 206/439/188 172/247/188
f 172/247/189 206/439/189 205/440/189 169/441/189
f 204/438/190 207/442/190 209/443/190 206/439/190
f 206/439/191 209/443/191 208/444/191 205/440/191
f 207/442/192 210/411/192 212/412/192 209/443/192
f 209/443/193 212/412/193 211/413/193 208/444/193
f 216/445/194 213/435/194 215/436/194 218/446/194
f 218/446/195 215/436/195 214/437/195 217/447/195
f 195/429/196 216/445/196 218/446/196 197/430/196
f 197/430/197 218/446/197 217/447/197 196/431/197
f 249/448/198 219/252/198 225/255/198 251/449/198
f 251/449/199 225/255/199 221/450/199 250/451/199
f 220/256/200 240/452/200 242/453/200 224/257/200
f 224/257/201 242/453/201 241/454/201 221/260/201
f 240/452/202 243/455/202 245/456/202 242/453/202
f 242/453/203 245/456/203 244/457/203 241/454/203
f 243/455/204 246/458/204 248/459/204 245/456/204
f 245/456/205 248/459/205 247/460/205 244/457/205
f 252/461/206 249/448/206 251/449/206 254/462/206
f 254/462/207 251/449/207 250/451/207 253/463/207
f 276/464/208 252/461/208 254/462/208 278/465/208
f 278/465/209 254/462/209 253/463/209 277/466/209
f 264/467/210 226/262/210 232/265/210 266/468/210
f 266/468/211 232/265/211 228/270/211 265/469/211
f 227/266/212 255/470/212 257/471/212 231/267/212
f 231/267/213 257/471/213 256/472/213 228/473/213
f 255/470/214 258/474/214 260/475/214 257/471/214
f 257/471/215 260/475/215 259/476/215 256/472/215
f 258/474/216 261/477/216 263/478/216 260/475/216
f 260/475/217 263/478/217 262/479/217 259/476/217
f 267/480/218 264/467/218 266/468/218 269/481/218
f 269/481/219 266/468/219 265/469/219 268/482/219
f 246/458/220 267/480/220 269/481/220 248/459/220
f 248/459/221 269/481/221 268/482/221 247/460/221
f 279/483/222 233/420/222 239/484/222 281/485/222
f 281/485/223 239/484/223 235/486/223 280/487/223
f 234/415/224 270/488/224 272/489/224 238/490/224
f 238/490/225 272/489/225 271/491/225 235/492/225
f 270/488/226 273/493/226 275/494/226 272/489/226
f 272/489/227 275/494/227 274/495/227 271/491/227
f 273/493/228 276/464/228 278/465/228 275/494/228
f 275/494/229 278/465/229 277/466/229 274/495/229
f 282/496/230 279/483/230 281/485/230 284/497/230
f 284/497/231 281/485/231 280/487/231 283/498/231
f 261/477/232 282/496/232 284/497/232 263/478/232
f 263/478/233 284/497/233 283/498/233 262/479/233
f 315/499/234 285/272/234 291/275/234 317/500/234
f 317/500/235 291/275/235 287/280/235 316/501/235
f 286/276/236 306/502/236 308/503/236 290/277/236
f 290/277/237 308/503/237 307/504/237 287/505/237
f 306/502/238 309/506/238 311/507/238 308/503/238
f 308/503/239 311/507/239 310/508/239 307/504/239
f 309/506/240 312/509/240 314/510/240 311/507/240
f 311/507/241 314/510/241 313/511/241 310/508/241
f 318/512/242 315/499/242 317/500/242 320/513/242
f 320/513/243 317/500/243 316/501/243 319/514/243
f 342/515/244 318/512/244 320/513/244 344/516/244
f 344/516/245 320/513/245 319/514/245 343/517/245
f 330/518/246 292/519/246 298/520/246 332/521/246
f 332/521/247 298/520/247 294/522/247 331/523/247
f 293/524/248 321/525/248 323/526/248 297/527/248
f 297/527/249 323/526/249 322/528/249 294/529/249
f 321/525/250 324/530/250 326/531/250 323/526/250
f 323/526/251 326/531/251 325/532/251 322/528/251
f 324/530/252 327/533/252 329/534/252 326/531/252
f 326/531/253 329/534/253 328/535/253 325/532/253
f 333/536/254 330/518/254 332/521/254 335/537/254
f 335/537/255 332/521/255 331/523/255 334/538/255
f 312/509/256 333/536/256 335/537/256 314/510/256
f 314/510/257 335/537/257 334/538/257 313/511/257
f 345/539/258 299/283/258 305/286/258 347/540/258
f 347/540/259 305/286/259 301/291/259 346/541/259
f 300/287/260 336/542/260 338/543/260 304/288/260
f 304/288/261 338/543/261 337/544/261 301/545/261
f 336/542/262 339/546/262 341/547/262 338/543/262
f 338/543/263 341/547/263 340/548/263 337/544/263
f 339/546/264 342/515/264 344/516/264 341/547/264
f 341/547/265 344/516/265 343/517/265 340/548/265
f 348/549/266 345/539/266 347/540/266 350/550/266
f 350/550/267 347/540/267 346/541/267 349/551/267
f 327/533/268 348/549/268 350/550/268 329/534/268
f 329/534/269 350/550/269 349/551/269 328/535/269
f 381/552/270 351/293/270 357/296/270 383/553/270
f 383/553/271 357/296/271 353/301/271 382/554/271
f 352/297/272 372/555/272 374/556/272 356/298/272
f 356/298/273 374/556/273 373/557/273 353/558/273
f 372/555/274 375/559/274 377/560/274 374/556/274
f 374/556/275 377/560/275 376/561/275 373/557/275
f 375/559/276 378/562/276 380/563/276 377/560/276
f 377/560/277 380/563/277 379/564/277 376/561/277
f 384/565/278 381/552/278 383/553/278 386/566/278
f 386/566/279 383/553/279 382/554/279 385/567/279
f 408/568/280 384/565/280 386/566/280 410/569/280
f 410/569/281 386/566/281 385/567/281 409/570/281
f 396/571/282 358/524/282 364/572/282 398/573/282
f 398/573/283 364/572/283 360/574/283 397/575/283
f 359/519/284 387/576/284 389/577/284 363/578/284
f 363/578/285 389/577/285 388/579/285 360/580/285
f 387/576/286 390/581/286 392/582/286 389/577/286
f 389/577/287 392/582/287 391/583/287 388/579/287
f 390/581/288 393/584/288 395/585/288 392/582/288
f 392/582/289 395/585/289 394/586/289 391/583/289
f 399/587/290 396/571/290 398/573/290 401/588/290
f 401/588/291 398/573/291 397/575/291 400/589/291
f 378/562/292 399/587/292 401/588/292 380/563/292
f 380/563/293 401/588/293 400/589/293 379/564/293
f 411/590/294 365/303/294 371/306/294 413/591/294
f 413/591/295 371/306/295 367/311/295 412/592/295
f 366/307/296 402/593/296 404/594/296 370/308/296
f 370/308/297 404/594/297 403/595/297 367/596/297
f 402/593/298 405/597/298 407/598/298 404/594/298
f 404/594/299 407/598/299 406/599/299 403/595/299
f 405/597/300 408/568/300 410/569/300 407/598/300
f 407/598/301 410/569/301 409/570/301 406/599/301
f 414/600/302 411/590/302 413/591/302 416/601/302
f 416/601/303 413/591/303 412/592/303 415/602/303
f 393/584/304 414/600/304 416/601/304 395/585/304
f 395/585/305 416/601/305 415/602/305 394/586/305
f 447/603/306 417/313/306 423/316/306 449/604/306
f 449/604/307 423/316/307 419/321/307 448/605/307
f 418/317/308 438/606/308 440/607/308 422/318/308
f 422/318/309 440/607/309 439/608/309 419/609/309
f 438/606/310 441/610/310 443/611/310 440/607/310
f 440/607/311 443/611/311 442/612/311 439/608/311
f 441/610/312 444/613/312 446/614/312 443/611/312
f 443/611/313 446/614/313 445/615/313 442/612/313
f 450/616/314 447/603/314 449/604/314 452/617/314
f 452/617/315 449/604/315 448/605/315 451/618/315
f 474/619/316 450/616/316 452/617/316 476/620/316
f 476/620/317 452/617/317 451/618/317 475/621/317
f 462/622/318 424/623/318 430/624/318 464/625/318
f 464/625/319 430/624/319 426/626/319 463/627/319
f 425/628/320 453/629/320 455/630/320 429/631/320
f 429/631/321 455/630/321 454/632/321 426/633/321
f 453/629/322 456/634/322 458/635/322 455/630/322
f 455/630/323 458/635/323 457/636/323 454/632/323
f 456/634/324 459/637/324 461/638/324 458/635/324
f 458/635/325 461/638/325 460/639/325 457/636/325
f 465/640/326 462/622/326 464/625/326 467/641/326
f 467/641/327 464/625/327 463/627/327 466/642/327
f 444/613/328 465/640/328 467/641/328 446/614/328
f 446/614/329 467/641/329 466/642/329 445/615/329
f 477/643/330 431/324/330 437/327/330 479/644/330
f 479/644/331 437/327/331 433/332/331 478/645/331
f 432/328/332 468/646/332 470/647/332 436/329/332
f 436/329/333 470/647/333 469/648/333 433/649/333
f 468/646/334 471/650/334 473/651/334 470/647/334
f 470/647/335 473/651/335 472/652/335 469/648/335
f 471/650/336 474/619/336 476/620/336 473/651/336
f 473/651/337 476/620/337 475/621/337 472/652/337
f 480/653/338 477/643/338 479/644/338 482/654/338
f 482/654/339 479/644/339 478/645/339 481/655/339
f 459/637/340 480/653/340 482/654/340 461/638/340
f 461/638/341 482/654/341 481/655/341 460/639/341
f 513/656/342 483/334/342 489/337/342 515/657/342
f 515/657/343 489/337/343 485/342/343 514/658/343
f 484/338/344 504/659/344 506/660/344 488/339/344
f 488/339/345 506/660/345 505/661/345 485/662/345
f 504/659/346 507/663/346 509/664/346 506/660/346
f 506/660/347 509/664/347 508/665/347 505/661/347
f 507/663/348 510/666/348 512/667/348 509/664/348
f 509/664/349 512/667/349 511/668/349 508/665/349
f 516/669/350 513/656/350 515/657/350 518/670/350
f 518/670/351 515/657/351 514/658/351 517/671/351
f 540/672/352 516/669/352 518/670/352 542/673/352
f 542/673/353 518/670/353 517/671/353 541/674/353
f 528/675/354 490/628/354 496/676/354 530/677/354
f 530/677/355 496/676/355 492/678/355 529/679/355
f 491/623/356 519/680/356 521/681/356 495/682/356
f 495/682/357 521/681/357 520/683/357 492/684/357
f 519/680/358 522/685/358 524/686/358 521/681/358
f 521/681/359 524/686/359 523/687/359 520/683/359
f 522/685/360 525/688/360 527/689/360 524/686/360
f 524/686/361 527/689/361 526/690/361 523/687/361
f 531/691/362 528/675/362 530/677/362 533/692/362
f 533/692/363 530/677/363 529/679/363 532/693/363
f 510/666/364 531/691/364 533/692/364 512/667/364
f 512/667/365 533/692/365 532/693/365 511/668/365
f 543/694/366 497/344/366 503/347/366 545/695/366
f 545/695/367 503/347/367 499/696/367 544/697/367
f 498/348/368 534/698/368 536/699/368 502/349/368
f 502/349/369 536/699/369 535/700/369 499/352/369
f 534/698/370 537/701/370 539/702/370 536/699/370
f 536/699/371 539/702/371 538/703/371 535/700/371
f 537/701/372 540/672/372 542/673/372 539/702/372
f 539/702/373 542/673/373 541/674/373 538/703/373
f 546/704/374 543/694/374 545/695/374 548/705/374
f 548/705/375 545/695/375 544/697/375 547/706/375
f 525/688/376 546/704/376 548/705/376 527/689/376
f 527/689/377 548/705/377 547/706/377 526/690/377
f 579/707/378 549/354/378 555/357/378 581/708/378
f 581/708/379 555/357/379 551/709/379 580/710/379
f 550/358/380 570/711/380 572/712/380 554/359/380
f 554/359/381 572/712/381 571/713/381 551/362/381
f 570/711/382 573/714/382 575/715/382 572/712/382
f 572/712/383 575/715/383 574/716/383 571/713/383
f 573/714/384 576/717/384 578/718/384 575/715/384
f 575/715/385 578/718/385 577/719/385 574/716/385
f 582/720/386 579/707/386 581/708/386 584/721/386
f 584/721/387 581/708/387 580/710/387 583/722/387
f 606/723/388 582/720/388 584/721/388 608/724/388
f 608/724/389 584/721/389 583/722/389 607/725/389
f 594/726/390 556/727/390 562/728/390 596/729/390
f 596/729/391 562/728/391 558/730/391 595/731/391
f 557/732/392 585/733/392 587/734/392 561/735/392
f 561/735/393 587/734/393 586/736/393 558/737/393
f 585/733/394 588/738/394 590/739/394 587/734/394
f 587/734/395 590/739/395 589/740/395 586/736/395
f 588/738/396 591/741/396 593/742/396 590/739/396
f 590/739/397 593/742/397 592/743/397 589/740/397
f 597/744/398 594/726/398 596/729/398 599/745/398
f 599/745/399 596/729/399 595/731/399 598/746/399
f 576/717/400 597/744/400 599/745/400 578/718/400
f 578/718/401 599/745/401 598/746/401 577/719/401
f 609/747/402 563/365/402 569/368/402 611/748/402
f 611/748/403 569/368/403 565/373/403 610/749/403
f 564/369/404 600/750/404 602/751/404 568/370/404
f 568/370/405 602/751/405 601/752/405 565/753/405
f 600/750/406 603/754/406 605/755/406 602/751/406
f 602/751/407 605/755/407 604/756/407 601/752/407
f 603/754/408 606/723/408 608/724/408 605/755/408
f 605/755/409 608/724/409 607/725/409 604/756/409
f 612/757/410 609/747/410 611/748/410 614/758/410
f 614/758/411 611/748/411 610/749/411 613/759/411
f 591/741/412 612/757/412 614/758/412 593/742/412
f 593/742/413 614/758/413 613/759/413 592/743/413
f 645/760/414 615/375/414 621/378/414 647/761/414
f 647/761/415 621/378/415 617/383/415 646/762/415
f 616/379/416 636/763/416 638/764/416 620/380/416
f 620/380/417 638/764/417 637/765/417 617/766/417
f 636/763/418 639/767/418 641/768/418 638/764/418
f 638/764/419 641/768/419 640/769/419 637/765/419
f 639/767/420 642/770/420 644/771/420 641/768/420
f 641/768/421 644/771/421 643/772/421 640/769/421
f 648/773/422 645/760/422 647/761/422 650/774/422
f 650/774/423 647/761/423 646/762/423 649/775/423
f 672/776/424 648/773/424 650/774/424 674/777/424
f 674/777/425 650/774/425 649/775/425 673/778/425
f 660/779/426 622/732/426 628/780/426 662/781/426
f 662/781/427 628/780/427 624/782/427 661/783/427
f 623/727/428 651/784/428 653/785/428 627/786/428
f 627/786/429 653/785/429 652/787/429 624/788/429
f 651/784/430 654/789/430 656/790/430 653/785/430
f 653/785/431 656/790/431 655/791/431 652/787/431
f 654/789/432 657/792/432 659/793/432 656/790/432
f 656/790/433 659/793/433 658/794/433 655/791/433
f 663/795/434 660/779/434 662/781/434 665/796/434
f 665/796/435 662/781/435 661/783/435 664/797/435
f 642/770/436 663/795/436 665/796/436 644/771/436
f 644/771/437 665/796/437 664/797/437 643/772/437
f 675/798/438 629/385/438 635/388/438 677/799/438
f 677/799/439 635/388/439 631/800/439 676/801/439
f 630/389/440 666/802/440 668/803/440 634/390/440
f 634/390/441 668/803/441 667/804/441 631/393/441
f 666/802/442 669/805/442 671/806/442 668/803/442
f 668/803/443 671/806/443 670/807/443 667/804/443
f 669/805/444 672/776/444 674/777/444 671/806/444
f 671/806/445 674/777/445 673/778/445 670/807/445
f 678/808/446 675/798/446 677/799/446 680/809/446
f 680/809/447 677/799/447 676/801/447 679/810/447
f 657/792/448 678/808/448 680/809/448 659/793/448
f 659/793/449 680/809/449 679/810/449 658/794/449
f 167/242/450 286/276/450 288/279/450 170/243/450
f 170/249/451 288/273/451 285/272/451 168/246/451
f 299/283/452 550/358/452 552/361/452 302/284/452
f 302/290/453 552/355/453 549/354/453 300/287/453
f 563/365/454 418/317/454 420/320/454 566/366/454
f 566/372/455 420/314/455 417/313/455 564/369/455
f 431/324/456 154/235/456 156/238/456 434/325/456
f 434/331/457 156/232/457 153/231/457 432/328/457
f 160/241/102 234/241/102 236/241/102 163/241/102
f 163/241/102 236/241/102 233/241/102 161/241/102
f 226/262/458 366/307/458 368/310/458 229/263/458
f 229/269/459 368/304/459 365/303/459 227/266/459
f 358/282/102 293/282/102 295/282/102 361/282/102
f 361/282/102 295/282/102 292/282/102 359/282/102
f 424/323/102 491/323/102 493/323/102 427/323/102
f 427/323/102 493/323/102 490/323/102 425/323/102
f 483/334/460 220/256/460 222/259/460 486/335/460
f 486/341/461 222/253/461 219/252/461 484/338/461
f 497/344/462 616/379/462 618/382/462 500/345/462
f 500/351/463 618/376/463 615/375/463 498/348/463
f 629/385/464 352/297/464 354/300/464 632/386/464
f 632/392/465 354/294/465 351/293/465 630/389/465
f 622/364/102 557/364/102 559/364/102 625/364/102
f 625/364/102 559/364/102 556/364/102 623/364/102
f 285/272/466 315/499/466 318/512/466 342/515/466 339/546/466 336/542/466 300/287/466 549/354/466 579/707/466 582/720/466 606/723/466 603/754/466 600/750/466 564/369/466 417/313/466 447/603/466 450/616/466 474/619/466 471/650/466 468/646/466 432/328/466 153/231/466 183/395/466 186/408/466 210/411/466 207/442/466 204/438/466 168/246/466
f 155/239/467 175/811/467 1/1/467 184/397/467
f 431/324/468 477/643/468 480/653/468 459/637/468 456/634/468 453/629/468 425/628/468 490/628/468 528/675/468 531/691/468 510/666/468 507/663/468 504/659/468 484/338/468 219/252/468 249/448/468 252/461/468 276/464/468 273/493/468 270/488/468 234/415/468 160/415/468 198/414/468 201/432/468 180/405/468 177/402/468 174/398/468 154/235/468
f 162/425/469 190/424/469 8/13/469 199/812/469
f 167/242/470 213/435/470 216/445/470 195/429/470 192/426/470 189/421/470 161/420/470 233/420/470 279/483/470 282/496/470 261/477/470 258/474/470 255/470/470 227/266/470 365/303/470 411/590/470 414/600/470 393/584/470 390/581/470 387/576/470 359/519/470 292/519/470 330/518/470 333/536/470 312/509/470 309/506/470 306/502/470 286/276/470
f 169/441/471 205/440/471 14/813/471 214/814/471
f 175/811/472 178/815/472 2/2/472 1/1/472
f 178/404/473 181/407/473 3/6/473 2/5/473
f 202/434/474 11/19/474 3/6/474 181/407/474
f 184/397/475 1/1/475 4/4/475 187/410/475
f 187/410/476 4/4/476 16/10/476 211/413/476
f 190/424/477 193/428/477 9/14/477 8/13/477
f 193/428/478 196/431/478 10/17/478 9/14/478
f 217/447/479 17/26/479 10/17/479 196/431/479
f 199/812/480 8/13/480 11/16/480 202/816/480
f 205/440/481 208/444/481 15/27/481 14/813/481
f 208/444/482 211/413/482 16/10/482 15/27/482
f 214/437/483 14/23/483 17/26/483 217/447/483
f 221/260/484 241/454/484 20/30/484 250/817/484
f 615/375/485 645/760/485 648/773/485 672/776/485 669/805/485 666/802/485 630/389/485 351/293/485 381/552/485 384/565/485 408/568/485 405/597/485 402/593/485 366/307/485 226/262/485 264/467/485 267/480/485 246/458/485 243/455/485 240/452/485 220/256/485 483/334/485 513/656/485 516/669/485 540/672/485 537/701/485 534/698/485 498/348/485
f 228/473/486 256/472/486 27/818/486 265/819/486
f 235/486/487 271/820/487 33/51/487 280/487/487
f 241/454/488 244/457/488 21/31/488 20/30/488
f 244/457/489 247/460/489 22/34/489 21/31/489
f 268/482/490 30/45/490 22/34/490 247/460/490
f 250/817/491 20/30/491 23/33/491 253/821/491
f 253/463/492 23/36/492 35/39/492 277/466/492
f 256/472/493 259/476/493 28/46/493 27/818/493
f 259/476/494 262/479/494 29/47/494 28/46/494
f 283/498/495 36/54/495 29/47/495 262/479/495
f 265/469/496 27/42/496 30/45/496 268/482/496
f 271/820/497 274/822/497 34/52/497 33/51/497
f 274/495/498 277/466/498 35/39/498 34/55/498
f 280/487/499 33/51/499 36/54/499 283/498/499
f 287/505/500 307/504/500 39/823/500 316/824/500
f 294/529/501 322/528/501 46/71/501 331/825/501
f 299/283/102 345/539/102 348/549/102 327/533/102 324/530/102 321/525/102 293/524/102 358/524/102 396/571/102 399/587/102 378/562/102 375/559/102 372/555/102 352/297/102 629/385/102 675/798/102 678/808/102 657/792/102 654/789/102 651/784/102 623/727/102 556/727/102 594/726/102 597/744/102 576/717/102 573/714/102 570/711/102 550/358/102
f 301/291/502 337/826/502 52/81/502 346/541/502
f 307/504/503 310/508/503 40/63/503 39/823/503
f 310/508/504 313/511/504 41/64/504 40/63/504
f 334/538/505 49/77/505 41/64/505 313/511/505
f 316/501/506 39/59/506 42/62/506 319/514/506
f 319/514/507 42/62/507 54/68/507 343/517/507
f 322/528/508 325/532/508 47/72/508 46/71/508
f 325/532/509 328/535/509 48/75/509 47/72/509
f 349/551/510 55/84/510 48/75/510 328/535/510
f 331/825/511 46/71/511 49/74/511 334/827/511
f 337/826/512 340/828/512 53/82/512 52/81/512
f 340/548/513 343/517/513 54/68/513 53/85/513
f 346/541/514 52/81/514 55/84/514 349/551/514
f 353/301/515 373/829/515 58/88/515 382/554/515
f 360/574/516 388/830/516 65/100/516 397/575/516
f 367/596/517 403/595/517 71/831/517 412/832/517
f 373/829/518 376/833/518 59/89/518 58/88/518
f 376/561/519 379/564/519 60/93/519 59/92/519
f 400/589/520 68/103/520 60/93/520 379/564/520
f 382/554/521 58/88/521 61/91/521 385/567/521
f 385/567/522 61/91/522 73/97/522 409/570/522
f 388/579/523 391/583/523 66/104/523 65/834/523
f 391/583/524 394/586/524 67/105/524 66/104/524
f 415/602/525 74/113/525 67/105/525 394/586/525
f 397/575/526 65/100/526 68/103/526 400/589/526
f 403/595/527 406/599/527 72/114/527 71/831/527
f 406/599/528 409/570/528 73/97/528 72/114/528
f 412/592/529 71/110/529 74/113/529 415/602/529
f 419/321/530 439/835/530 77/118/530 448/605/530
f 563/365/531 609/747/531 612/757/531 591/741/531 588/738/531 585/733/531 557/732/531 622/732/531 660/779/531 663/795/531 642/770/531 639/767/531 636/763/531 616/379/531 497/344/531 543/694/531 546/704/531 525/688/531 522/685/531 519/680/531 491/623/531 424/623/531 462/622/531 465/640/531 444/613/531 441/610/531 438/606/531 418/317/531
f 426/633/532 454/632/532 84/130/532 463/836/532
f 433/332/533 469/837/533 90/139/533 478/645/533
f 439/835/534 442/838/534 78/119/534 77/118/534
f 442/612/535 445/615/535 79/123/535 78/122/535
f 466/642/536 87/839/536 79/123/536 445/615/536
f 448/605/537 77/118/537 80/121/537 451/618/537
f 451/618/538 80/121/538 92/127/538 475/621/538
f 454/632/539 457/636/539 85/131/539 84/130/539
f 457/636/540 460/639/540 86/134/540 85/131/540
f 481/655/541 93/142/541 86/134/541 460/639/541
f 463/836/542 84/130/542 87/133/542 466/840/542
f 469/837/543 472/841/543 91/140/543 90/139/543
f 472/652/544 475/621/544 92/127/544 91/143/544
f 478/645/545 90/139/545 93/142/545 481/655/545
f 485/662/546 505/661/546 96/842/546 514/843/546
f 492/678/547 520/844/547 103/158/547 529/679/547
f 499/352/548 535/700/548 109/164/548 544/845/548
f 505/661/549 508/665/549 97/150/549 96/842/549
f 508/665/550 511/668/550 98/151/550 97/150/550
f 532/693/551 106/161/551 98/151/551 511/668/551
f 514/658/552 96/146/552 99/149/552 517/671/552
f 517/671/553 99/149/553 111/155/553 541/674/553
f 520/844/554 523/846/554 104/159/554 103/158/554
f 523/687/555 526/690/555 105/171/555 104/847/555
f 547/706/556 112/168/556 105/171/556 526/690/556
f 529/679/557 103/158/557 106/161/557 532/693/557
f 535/700/558 538/703/558 110/165/558 109/164/558
f 538/703/559 541/674/559 111/155/559 110/165/559
f 544/845/560 109/164/560 112/167/560 547/848/560
f 551/362/561 571/713/561 115/849/561 580/850/561
f 558/737/562 586/736/562 122/186/562 595/851/562
f 565/373/563 601/852/563 128/196/563 610/749/563
f 571/713/564 574/716/564 116/178/564 115/849/564
f 574/716/565 577/719/565 117/179/565 116/178/565
f 598/746/566 125/192/566 117/179/566 577/719/566
f 580/710/567 115/174/567 118/177/567 583/722/567
f 583/722/568 118/177/568 130/183/568 607/725/568
f 586/736/569 589/740/569 123/187/569 122/186/569
f 589/740/570 592/743/570 124/190/570 123/187/570
f 613/759/571 131/199/571 124/190/571 592/743/571
f 595/851/572 122/186/572 125/189/572 598/853/572
f 601/852/573 604/854/573 129/197/573 128/196/573
f 604/756/574 607/725/574 130/183/574 129/200/574
f 610/749/575 128/196/575 131/199/575 613/759/575
f 617/766/576 637/765/576 134/855/576 646/856/576
f 624/782/577 652/857/577 141/215/577 661/783/577
f 631/393/578 667/804/578 147/221/578 676/858/578
f 637/765/579 640/769/579 135/207/579 134/855/579
f 640/769/580 643/772/580 136/208/580 135/207/580
f 664/797/581 144/218/581 136/208/581 643/772/581
f 646/762/582 134/203/582 137/206/582 649/775/582
f 649/775/583 137/206/583 149/212/583 673/778/583
f 652/857/584 655/859/584 142/216/584 141/215/584
f 655/791/585 658/794/585 143/228/585 142/860/585
f 679/810/586 150/225/586 143/228/586 658/794/586
f 661/783/587 141/215/587 144/218/587 664/797/587
f 667/804/588 670/807/588 148/222/588 147/221/588
f 670/807/589 673/778/589 149/212/589 148/222/589
f 676/858/590 147/221/590 150/224/590 679/861/590
usemtl M_ClipSteel
f 681/862/591 684/863/591 686/864/591 685/865/591
f 684/863/592 688/866/592 689/867/592 686/864/592
f 682/868/593 687/869/593 689/870/593 688/871/593
f 687/872/594 691/873/594 692/874/594 689/875/594
f 683/876/595 690/877/595 692/874/595 691/873/595
f 690/877/596 685/878/596 686/879/596 692/874/596
f 686/864/597 689/867/597 692/880/597
f 693/881/598 696/882/598 698/883/598 697/884/598
f 696/885/599 700/886/599 701/887/599 698/888/599
f 694/889/600 699/890/600 701/887/600 700/886/600
f 699/891/601 703/892/601 704/893/601 701/894/601
f 695/895/602 702/896/602 704/893/602 703/892/602
f 702/896/603 697/897/603 698/898/603 704/893/603
f 698/898/604 701/894/604 704/893/604
f 705/899/605 708/900/605 710/901/605 709/902/605
f 708/903/606 712/904/606 713/905/606 710/906/606
f 706/907/607 711/908/607 713/905/607 712/904/607
f 711/909/608 715/910/608 716/911/608 713/912/608
f 707/913/609 714/914/609 716/911/609 715/910/609
f 714/914/610 709/915/610 710/916/610 716/911/610
f 710/916/611 713/912/611 716/911/611
f 717/917/612 720/918/612 722/919/612 721/920/612
f 720/918/613 724/921/613 725/922/613 722/919/613
f 718/923/614 723/924/614 725/925/614 724/926/614
f 723/924/615 727/927/615 728/928/615 725/925/615
f 719/929/616 726/930/616 728/931/616 727/932/616
f 726/930/617 721/933/617 722/934/617 728/931/617
f 722/934/618 725/935/618 728/931/618
f 729/936/619 732/937/619 734/938/619 733/939/619
f 732/937/620 736/940/620 737/941/620 734/938/620
f 730/942/621 735/943/621 737/944/621 736/945/621
f 735/946/622 739/947/622 740/948/622 737/949/622
f 731/950/623 738/951/623 740/948/623 739/947/623
f 738/951/624 733/952/624 734/953/624 740/948/624
f 734/953/625 737/949/625 740/948/625
f 741/954/626 744/955/626 746/956/626 745/957/626
f 744/958/627 748/959/627 749/960/627 746/961/627
f 742/962/628 747/963/628 749/960/628 748/959/628
f 747/963/629 751/964/629 752/965/629 749/960/629
f 743/966/630 750/967/630 752/968/630 751/969/630
f 750/970/631 745/957/631 746/956/631 752/971/631
f 746/961/632 749/960/632 752/965/632
f 753/972/633 756/973/633 758/974/633 757/975/633
f 756/976/634 760/977/634 761/978/634 758/979/634
f 754/980/635 759/981/635 761/978/635 760/977/635
f 759/982/636 763/983/636 764/984/636 761/985/636
f 755/986/637 762/987/637 764/984/637 763/983/637
f 762/987/638 757/988/638 758/989/638 764/984/638
f 758/989/639 761/985/639 764/984/639
f 765/990/640 768/991/640 770/992/640 769/993/640
f 768/994/641 772/995/641 773/996/641 770/997/641
f 766/998/642 771/999/642 773/996/642 772/995/642
f 771/999/643 775/1000/643 776/1001/643 773/996/643
f 767/1002/644 774/1003/644 776/1004/644 775/1005/644
f 774/1006/645 769/993/645 770/992/645 776/1007/645
f 770/997/646 773/996/646 776/1001/646
f 705/899/647 681/862/647 685/865/647 708/900/647
f 708/903/648 685/878/648 690/877/648 712/904/648
f 712/904/649 690/877/649 683/876/649 706/907/649
f 682/868/650 693/881/650 697/884/650 687/869/650
f 687/872/651 697/897/651 702/896/651 691/873/651
f 691/873/652 702/896/652 695/895/652 683/876/652
f 694/889/653 717/917/653 721/920/653 699/890/653
f 699/891/654 721/933/654 726/930/654 703/892/654
f 703/892/655 726/930/655 719/929/655 695/895/655
f 718/923/656 707/913/656 715/910/656 723/924/656
f 723/924/657 715/910/657 711/909/657 727/927/657
f 727/932/658 711/908/658 706/907/658 719/929/658
f 753/972/659 705/899/659 709/902/659 756/973/659
f 756/976/660 709/915/660 714/914/660 760/977/660
f 760/977/661 714/914/661 707/913/661 754/980/661
f 717/917/662 765/990/662 769/993/662 720/918/662
f 720/918/663 769/993/663 774/1006/663 724/921/663
f 724/926/664 774/1003/664 767/1002/664 718/923/664
f 766/998/665 755/986/665 763/983/665 771/999/665
f 771/999/666 763/983/666 759/982/666 775/1000/666
f 775/1005/667 759/981/667 754/980/667 767/1002/667
f 729/936/668 753/972/668 757/975/668 732/937/668
f 732/937/669 757/975/669 762/1008/669 736/940/669
f 736/945/670 762/987/670 755/986/670 730/942/670
f 765/990/671 741/954/671 745/957/671 768/991/671
f 768/991/672 745/957/672 750/970/672 772/1009/672
f 772/995/673 750/967/673 743/966/673 766/998/673
f 742/962/674 731/950/674 739/947/674 747/963/674
f 747/963/675 739/947/675 735/946/675 751/964/675
f 751/969/676 735/943/676 730/942/676 743/966/676
f 681/862/677 729/936/677 733/939/677 684/863/677
f 684/863/678 733/939/678 738/1010/678 688/866/678
f 688/871/679 738/951/679 731/950/679 682/868/679
f 741/954/680 694/889/680 700/886/680 744/955/680
f 744/955/681 700/886/681 696/885/681 748/1011/681
f 748/959/682 696/882/682 693/881/682 742/962/682
f 705/899/466 753/972/466 729/936/466 681/862/466
f 683/876/470 695/895/470 719/929/470 706/907/470
f 731/950/468 742/962/468 693/881/468 682/868/468
f 765/990/485 717/917/485 694/889/485 741/954/485
f 707/913/102 718/923/102 767/1002/102 754/980/102
f 755/986/531 766/998/531 743/966/531 730/942/531
f 777/1012/683 778/1013/683 780/1014/683 779/1015/683
f 779/1015/684 780/1014/684 782/1016/684 781/1017/684
f 781/1018/685 782/1019/685 784/1020/685 783/1021/685
f 783/1021/686 784/1020/686 786/1022/686 785/1023/686
f 785/1023/687 786/1022/687 788/1024/687 787/1025/687
f 787/1025/688 788/1024/688 790/1026/688 789/1027/688
f 789/1028/689 790/1029/689 792/1030/689 791/1031/689
f 791/1031/690 792/1030/690 794/1032/690 793/1033/690
f 793/1033/691 794/1032/691 796/1034/691 795/1035/691
f 795/1035/692 796/1034/692 798/1036/692 797/1037/692
f 797/1038/693 798/1039/693 800/1040/693 799/1041/693
f 799/1041/694 800/1040/694 802/1042/694 801/1043/694
f 801/1043/695 802/1042/695 804/1044/695 803/1045/695
f 803/1045/696 804/1044/696 806/1046/696 805/1047/696
f 780/1048/531 778/1049/531 808/1050/531 806/1051/531 804/1052/531 802/1053/531 800/1054/531 798/1055/531 796/1056/531 794/1057/531 792/1058/531 790/1059/531 788/1060/531 786/1061/531 784/1062/531 782/1063/531
f 805/1064/697 806/1065/697 808/1066/697 807/1067/697
f 807/1067/698 808/1066/698 778/1013/698 777/1012/698
f 777/1068/470 779/1069/470 781/1070/470 783/1071/470 785/1072/470 787/1073/470 789/1074/470 791/1075/470 793/1076/470 795/1077/470 797/1078/470 799/1079/470 801/1080/470 803/1081/470 805/1082/470 807/1083/470
f 809/1084/683 810/1085/683 812/1086/683 811/1087/683
f 811/1087/684 812/1086/684 814/1088/684 813/1089/684
f 813/1090/685 814/1091/685 816/1092/685 815/1093/685
f 815/1093/686 816/1092/686 818/1094/686 817/1095/686
f 817/1095/687 818/1094/687 820/1096/687 819/1097/687
f 819/1097/688 820/1096/688 822/1098/688 821/1099/688
f 821/1100/689 822/1101/689 824/1102/689 823/1103/689
f 823/1103/690 824/1102/690 826/1104/690 825/1105/690
f 825/1105/691 826/1104/691 828/1106/691 827/1107/691
f 827/1107/692 828/1106/692 830/1108/692 829/1109/692
f 829/1110/693 830/1111/693 832/1112/693 831/1113/693
f 831/1113/694 832/1112/694 834/1114/694 833/1115/694
f 833/1115/695 834/1114/695 836/1116/695 835/1117/695
f 835/1117/696 836/1116/696 838/1118/696 837/1119/696
f 812/1120/531 810/1121/531 840/1122/531 838/1123/531 836/1124/531 834/1125/531 832/1126/531 830/1127/531 828/1128/531 826/1129/531 824/1130/531 822/1131/531 820/1132/531 818/1133/531 816/1134/531 814/1135/531
f 837/1136/697 838/1137/697 840/1138/697 839/1139/697
f 839/1139/698 840/1138/698 810/1085/698 809/1084/698
f 809/1140/470 811/1141/470 813/1142/470 815/1143/470 817/1144/470 819/1145/470 821/1146/470 823/1147/470 825/1148/470 827/1149/470 829/1150/470 831/1151/470 833/1152/470 835/1153/470 837/1154/470 839/1155/470
