# Blender 5.0.1
# www.blender.org
mtllib dome_lamp.mtl
o SM_DomeLamp
v 0.000000 9.750000 -1.250000
v 0.000000 9.750000 1.250000
v 1.109473 9.677282 -1.250000
v 1.109473 9.677282 1.250000
v 2.199962 9.460369 -1.250000
v 2.199962 9.460369 1.250000
v 3.252810 9.102976 -1.250000
v 3.252810 9.102976 1.250000
v 4.250000 8.611217 -1.250000
v 4.250000 8.611217 1.250000
v 5.174472 7.993504 -1.250000
v 5.174472 7.993504 1.250000
v 6.010407 7.260407 -1.250000
v 6.010407 7.260407 1.250000
v 6.743504 6.424472 -1.250000
v 6.743504 6.424472 1.250000
v 7.361216 5.500000 -1.250000
v 7.361216 5.500000 1.250000
v 7.852976 4.502810 -1.250000
v 7.852976 4.502810 1.250000
v 8.210369 3.449962 -1.250000
v 8.210369 3.449962 1.250000
v 8.427281 2.359473 -1.250000
v 8.427281 2.359473 1.250000
v 8.500000 1.250000 -1.250000
v 8.500000 1.250000 1.250000
v 8.427281 0.140527 -1.250000
v 8.427281 0.140527 1.250000
v 8.210369 -0.949962 -1.250000
v 8.210369 -0.949962 1.250000
v 7.852976 -2.002810 -1.250000
v 7.852976 -2.002810 1.250000
v 7.361216 -3.000000 -1.250000
v 7.361216 -3.000000 1.250000
v 6.743504 -3.924472 -1.250000
v 6.743504 -3.924472 1.250000
v 6.010407 -4.760407 -1.250000
v 6.010407 -4.760407 1.250000
v 5.174472 -5.493504 -1.250000
v 5.174472 -5.493504 1.250000
v 4.250000 -6.111216 -1.250000
v 4.250000 -6.111216 1.250000
v 3.252810 -6.602976 -1.250000
v 3.252810 -6.602976 1.250000
v 2.199962 -6.960369 -1.250000
v 2.199962 -6.960369 1.250000
v 1.109473 -7.177281 -1.250000
v 1.109473 -7.177281 1.250000
v 0.000000 -7.250000 -1.250000
v 0.000000 -7.250000 1.250000
v -1.109473 -7.177281 -1.250000
v -1.109473 -7.177281 1.250000
v -2.199962 -6.960369 -1.250000
v -2.199962 -6.960369 1.250000
v -3.252810 -6.602976 -1.250000
v -3.252810 -6.602976 1.250000
v -4.250000 -6.111216 -1.250000
v -4.250000 -6.111216 1.250000
v -5.174472 -5.493504 -1.250000
v -5.174472 -5.493504 1.250000
v -6.010407 -4.760407 -1.250000
v -6.010407 -4.760407 1.250000
v -6.743504 -3.924472 -1.250000
v -6.743504 -3.924472 1.250000
v -7.361216 -3.000000 -1.250000
v -7.361216 -3.000000 1.250000
v -7.852976 -2.002810 -1.250000
v -7.852976 -2.002810 1.250000
v -8.210369 -0.949962 -1.250000
v -8.210369 -0.949962 1.250000
v -8.427281 0.140527 -1.250000
v -8.427281 0.140527 1.250000
v -8.500000 1.250000 -1.250000
v -8.500000 1.250000 1.250000
v -8.427281 2.359473 -1.250000
v -8.427281 2.359473 1.250000
v -8.210369 3.449962 -1.250000
v -8.210369 3.449962 1.250000
v -7.852976 4.502810 -1.250000
v -7.852976 4.502810 1.250000
v -7.361216 5.500000 -1.250000
v -7.361216 5.500000 1.250000
v -6.743504 6.424472 -1.250000
v -6.743504 6.424472 1.250000
v -6.010407 7.260407 -1.250000
v -6.010407 7.260407 1.250000
v -5.174472 7.993504 -1.250000
v -5.174472 7.993504 1.250000
v -4.250000 8.611217 -1.250000
v -4.250000 8.611217 1.250000
v -3.252810 9.102976 -1.250000
v -3.252810 9.102976 1.250000
v -2.199962 9.460369 -1.250000
v -2.199962 9.460369 1.250000
v -1.109473 9.677282 -1.250000
v -1.109473 9.677282 1.250000
v 0.000000 4.250000 1.250000
v 0.000000 4.250000 2.450000
v 0.585271 4.192356 1.250000
v 0.585271 4.192356 2.450000
v 1.148050 4.021639 1.250000
v 1.148050 4.021638 2.450000
v 1.666711 3.744409 1.250000
v 1.666711 3.744409 2.450000
v 2.121320 3.371320 1.250000
v 2.121320 3.371320 2.450000
v 2.494409 2.916711 1.250000
v 2.494409 2.916710 2.450000
v 2.771639 2.398050 1.250000
v 2.771639 2.398050 2.450000
v 2.942356 1.835271 1.250000
v 2.942356 1.835271 2.450000
v 3.000000 1.250000 1.250000
v 3.000000 1.250000 2.450000
v 2.942356 0.664729 1.250000
v 2.942356 0.664729 2.450000
v 2.771639 0.101950 1.250000
v 2.771639 0.101950 2.450000
v 2.494409 -0.416711 1.250000
v 2.494409 -0.416711 2.450000
v 2.121320 -0.871320 1.250000
v 2.121320 -0.871320 2.450000
v 1.666711 -1.244409 1.250000
v 1.666711 -1.244409 2.450000
v 1.148050 -1.521639 1.250000
v 1.148050 -1.521639 2.450000
v 0.585271 -1.692356 1.250000
v 0.585271 -1.692356 2.450000
v 0.000000 -1.750000 1.250000
v 0.000000 -1.750000 2.450000
v -0.585271 -1.692356 1.250000
v -0.585271 -1.692356 2.450000
v -1.148050 -1.521639 1.250000
v -1.148050 -1.521639 2.450000
v -1.666711 -1.244409 1.250000
v -1.666711 -1.244409 2.450000
v -2.121320 -0.871320 1.250000
v -2.121320 -0.871320 2.450000
v -2.494409 -0.416711 1.250000
v -2.494409 -0.416711 2.450000
v -2.771639 0.101950 1.250000
v -2.771639 0.101950 2.450000
v -2.942356 0.664729 1.250000
v -2.942356 0.664729 2.450000
v -3.000000 1.250000 1.250000
v -3.000000 1.250000 2.450000
v -2.942356 1.835271 1.250000
v -2.942356 1.835271 2.450000
v -2.771639 2.398050 1.250000
v -2.771639 2.398050 2.450000
v -2.494409 2.916711 1.250000
v -2.494409 2.916710 2.450000
v -2.121320 3.371320 1.250000
v -2.121320 3.371320 2.450000
v -1.666711 3.744409 1.250000
v -1.666711 3.744409 2.450000
v -1.148050 4.021639 1.250000
v -1.148050 4.021638 2.450000
v -0.585271 4.192356 1.250000
v -0.585271 4.192356 2.450000
v 0.000000 2.150000 1.749998
v 0.000000 2.149998 37.750000
v 0.232937 2.119333 1.749998
v 0.232937 2.119331 37.750000
v 0.450000 2.029423 1.749998
v 0.450000 2.029421 37.750000
v 0.636396 1.886396 1.749998
v 0.636396 1.886394 37.750000
v 0.779423 1.700000 1.749998
v 0.779423 1.699998 37.750000
v 0.869333 1.482937 1.749998
v 0.869333 1.482936 37.750000
v 0.900000 1.250000 1.749998
v 0.900000 1.249998 37.750000
v 0.869333 1.017063 1.749998
v 0.869333 1.017061 37.750000
v 0.779423 0.800000 1.749998
v 0.779423 0.799998 37.750000
v 0.636396 0.613604 1.749998
v 0.636396 0.613602 37.750000
v 0.450000 0.470577 1.749998
v 0.450000 0.470576 37.750000
v 0.232937 0.380667 1.749998
v 0.232937 0.380665 37.750000
v 0.000000 0.350000 1.749998
v 0.000000 0.349998 37.750000
v -0.232937 0.380667 1.749998
v -0.232937 0.380665 37.750000
v -0.450000 0.470577 1.749998
v -0.450000 0.470576 37.750000
v -0.636396 0.613604 1.749998
v -0.636396 0.613602 37.750000
v -0.779423 0.800000 1.749998
v -0.779423 0.799998 37.750000
v -0.869333 1.017063 1.749998
v -0.869333 1.017061 37.750000
v -0.900000 1.250000 1.749998
v -0.900000 1.249998 37.750000
v -0.869333 1.482937 1.749998
v -0.869333 1.482936 37.750000
v -0.779423 1.700000 1.749998
v -0.779423 1.699998 37.750000
v -0.636396 1.886396 1.749998
v -0.636396 1.886394 37.750000
v -0.450000 2.029423 1.749998
v -0.450000 2.029421 37.750000
v -0.232937 2.119333 1.749998
v -0.232937 2.119331 37.750000
v -0.692820 0.849998 37.250000
v -0.400000 0.557178 37.250000
v -0.000000 0.449998 37.250000
v 0.400000 0.557178 37.250000
v 0.692820 0.849998 37.250000
v 0.800000 1.249998 37.250000
v 0.692821 1.649998 37.250000
v 0.400001 1.942818 37.250000
v 0.000001 2.049999 37.250000
v -0.399999 1.942819 37.250000
v -0.692820 1.649999 37.250000
v -0.800000 1.249999 37.250000
v -0.510694 0.849998 38.936310
v -0.225386 0.557178 38.870407
v 0.164352 0.449998 38.780384
v 0.554089 0.557178 38.690357
v 0.839397 0.849998 38.624454
v 0.943827 1.249998 38.600330
v 0.839398 1.649998 38.624454
v 0.554090 1.942818 38.690357
v 0.164353 2.049998 38.780384
v -0.225385 1.942819 38.870407
v -0.510693 1.649999 38.936310
v -0.615123 1.249999 38.960434
v 0.032464 0.849998 40.435757
v 0.292683 0.557178 40.301479
v 0.648148 0.449998 40.118057
v 1.003613 0.557178 39.934631
v 1.263832 0.849998 39.800358
v 1.359079 1.249998 39.751209
v 1.263832 1.649998 39.800358
v 1.003614 1.942818 39.934631
v 0.648149 2.049998 40.118057
v 0.292684 1.942819 40.301479
v 0.032465 1.649999 40.435757
v -0.062782 1.249999 40.484905
v 0.921819 0.849998 41.720493
v 1.139771 0.557178 41.524940
v 1.437500 0.449998 41.257812
v 1.735229 0.557178 40.990685
v 1.953181 0.849998 40.795132
v 2.032958 1.249998 40.723557
v 1.953182 1.649998 40.795132
v 1.735229 1.942818 40.990685
v 1.437501 2.049998 41.257812
v 1.139772 1.942819 41.524940
v 0.921819 1.649999 41.720493
v 0.842043 1.249999 41.792072
v 2.125615 0.849998 42.765079
v 2.291676 0.557178 42.523903
v 2.518519 0.449998 42.194443
v 2.745361 0.557178 41.864986
v 2.911422 0.849998 41.623806
v 2.972205 1.249998 41.535530
v 2.911422 1.649998 41.623806
v 2.745362 1.942818 41.864986
v 2.518519 2.049998 42.194443
v 2.291677 1.942819 42.523899
v 2.125616 1.649999 42.765079
v 2.064833 1.249999 42.853359
v 3.607772 0.849998 43.560978
v 3.721694 0.557178 43.291229
v 3.877315 0.449998 42.922741
v 4.032936 0.557178 42.554256
v 4.146859 0.849998 42.284504
v 4.188557 1.249998 42.185768
v 4.146859 1.649998 42.284504
v 4.032937 1.942818 42.554253
v 3.877316 2.049998 42.922741
v 3.721695 1.942819 43.291225
v 3.607772 1.649999 43.560978
v 3.566073 1.249999 43.659714
v 5.340720 0.849998 44.111763
v 5.408040 0.557178 43.826786
v 5.500001 0.449998 43.437500
v 5.591961 0.557178 43.048214
v 5.659281 0.849998 42.763237
v 5.683922 1.249998 42.658928
v 5.659281 1.649998 42.763237
v 5.591961 1.942818 43.048210
v 5.500001 2.049998 43.437500
v 5.408041 1.942819 43.826782
v 5.340721 1.649999 44.111763
v 5.316080 1.249999 44.216068
v 7.306650 0.849998 44.423172
v 7.334560 0.557178 44.131683
v 7.372686 0.449998 43.733505
v 7.410812 0.557177 43.335323
v 7.438723 0.849998 43.043839
v 7.448938 1.249998 42.937149
v 7.438723 1.649998 43.043839
v 7.410812 1.942818 43.335323
v 7.372686 2.049998 43.733505
v 7.334560 1.942819 44.131680
v 7.306650 1.649999 44.423168
v 7.296434 1.249999 44.529861
v 9.492965 0.849998 44.498280
v 9.488111 0.557178 44.205498
v 9.481483 0.449998 43.805553
v 9.474853 0.557177 43.405609
v 9.470000 0.849998 43.112831
v 9.468224 1.249998 43.005665
v 9.470000 1.649998 43.112831
v 9.474853 1.942818 43.405609
v 9.481483 2.049998 43.805553
v 9.488111 1.942819 44.205498
v 9.492965 1.649999 44.498280
v 9.494740 1.249999 44.605446
v 11.888649 0.849998 44.337063
v 11.856465 0.557178 44.046013
v 11.812501 0.449998 43.648438
v 11.768537 0.557177 43.250862
v 11.736352 0.849998 42.959816
v 11.724572 1.249998 42.853283
v 11.736352 1.649998 42.959812
v 11.768537 1.942818 43.250858
v 11.812501 2.049998 43.648438
v 11.856465 1.942819 44.046013
v 11.888649 1.649999 44.337059
v 11.900430 1.249999 44.443588
v 14.482641 0.849998 43.937309
v 14.427364 0.557178 43.649754
v 14.351852 0.449998 43.256943
v 14.276342 0.557178 42.864140
v 14.221064 0.849998 42.576580
v 14.200830 1.249998 42.471329
v 14.221064 1.649998 42.576580
v 14.276340 1.942818 42.864136
v 14.351852 2.049998 43.256943
v 14.427362 1.942819 43.649750
v 14.482641 1.649999 43.937309
v 14.502874 1.249999 44.042561
v 17.263361 0.849998 43.295509
v 17.188251 0.557178 43.012486
v 17.085648 0.449998 42.625870
v 16.983044 0.557178 42.239250
v 16.907934 0.849998 41.956226
v 16.880440 1.249998 41.852634
v 16.907934 1.649998 41.956226
v 16.983044 1.942818 42.239250
v 17.085648 2.049998 42.625870
v 17.188251 1.942819 43.012486
v 17.263361 1.649999 43.295509
v 17.290855 1.249999 43.399101
v 20.219090 0.849998 42.407269
v 20.126492 0.557178 42.129475
v 20.000000 0.449998 41.750000
v 19.873508 0.557178 41.370529
v 19.780912 0.849998 41.092735
v 19.747019 1.249998 40.991055
v 19.780912 1.649998 41.092735
v 19.873508 1.942818 41.370529
v 20.000000 2.049998 41.750000
v 20.126492 1.942819 42.129475
v 20.219090 1.649999 42.407269
v 20.252981 1.249999 42.508949
v 27.399185 1.249998 51.211620
v 27.370108 2.685786 51.122124
v 27.283361 4.097007 50.855148
v 27.140438 5.459516 50.415276
v 26.943783 6.749998 49.810032
v 26.696756 7.946373 49.049763
v 25.300812 11.412673 44.753490
v 24.443684 12.155892 42.115517
v 27.548344 2.673503 51.064213
v 27.636784 4.072651 50.740314
v 27.662998 5.423503 50.245487
v 27.626537 6.702945 49.588188
v 27.528030 7.889085 48.779667
v 27.369154 8.961629 47.833752
v 27.152630 9.902225 46.766632
v 26.882166 10.694779 45.596569
v 26.562384 11.325729 44.343578
v 26.198759 11.784283 43.029102
v 25.797516 12.062592 41.675629
v 25.365517 12.155892 40.306316
v 27.723526 2.636863 51.007290
v 27.984158 3.999998 50.627445
v 28.176617 5.316081 50.078602
v 28.297615 6.562590 49.370144
v 28.345078 7.718200 48.514191
v 28.318197 8.763138 47.525387
v 28.217428 9.679523 46.420662
v 28.044500 10.451678 45.218903
v 27.802372 11.066388 43.940685
v 27.495178 11.513139 42.607872
v 27.128183 11.784284 41.243267
v 26.707666 11.875183 39.870228
v 27.892668 2.576493 50.952332
v 28.319540 3.880292 50.518478
v 28.672508 5.139086 49.917477
v 28.945526 6.331336 49.159622
v 29.133924 7.436643 48.257877
v 29.234482 8.436094 47.227669
v 29.245476 9.312591 46.086628
v 29.166716 10.051133 44.854275
v 28.999556 10.639086 43.551697
v 28.746849 11.066389 42.201180
v 28.412920 11.325731 40.825832
v 28.003490 11.412674 39.449188
v 28.052864 2.493427 50.900280
v 28.637196 3.715581 50.415264
v 29.142183 4.895548 49.764870
v 29.559189 6.013137 48.960232
v 29.881073 7.049230 48.015114
v 30.102331 7.986095 46.945686
v 30.219177 8.807705 45.770252
v 30.229610 9.499999 44.508919
v 30.133450 10.051133 43.183270
v 29.932350 10.451678 41.815983
v 29.629744 10.694781 40.430462
v 29.230812 10.776278 39.050407
v 28.201380 2.389085 50.852024
v 28.931686 3.508683 50.319576
v 29.577610 4.589633 49.623394
v 30.128098 5.613441 48.775383
v 30.573732 6.562591 47.790058
v 30.906891 7.420839 46.684273
v 31.121870 8.173504 45.476948
v 31.214991 8.807705 44.188751
v 31.184662 9.312591 42.841713
v 31.031401 9.679524 41.458881
v 30.757832 9.902227 40.063923
v 30.368631 9.976886 38.680706
v 28.335672 2.265254 50.808388
v 29.197973 3.263138 50.233055
v 29.971334 4.226577 49.495464
v 30.642525 5.139085 48.608238
v 31.200058 5.985051 47.586552
v 31.634399 6.749999 46.447891
v 31.938112 7.420840 45.211735
v 32.106003 7.986096 43.899242
v 32.135197 8.436095 42.532864
v 32.025192 8.763139 41.135979
v 31.777882 8.961632 39.732491
v 31.397486 9.028174 38.346409
v 28.453442 2.124050 50.770123
v 29.431498 2.983148 50.157177
v 30.316622 3.812590 49.383274
v 31.093662 4.598186 48.461651
v 31.749332 5.326494 47.408081
v 32.272408 5.985051 46.240589
v 32.653938 6.562592 44.979149
v 32.887398 7.049231 43.645351
v 32.968796 7.436643 42.262012
v 32.896729 7.718202 40.852798
v 32.672440 7.889087 39.441830
v 32.299763 7.946375 38.053246
v 28.552679 1.967892 50.737881
v 29.628271 2.673503 50.093246
v 30.607563 3.354757 49.288742
v 31.473797 3.999998 48.338139
v 32.212154 4.598186 47.257702
v 32.809998 5.139086 46.065914
v 33.257099 5.613442 44.783173
v 33.545815 6.013139 43.431419
v 33.671188 6.331336 42.033787
v 33.631092 6.562591 40.614189
v 33.426208 6.702945 39.196918
v 33.060032 6.749999 37.806217
v 28.631678 1.799450 50.712212
v 29.784922 2.339502 50.042343
v 30.839180 2.860911 49.213486
v 31.776423 3.354757 48.239811
v 32.580608 3.812591 47.137985
v 33.237972 4.226577 45.926857
v 33.737278 4.589634 44.627155
v 34.069973 4.895548 43.261112
v 34.230366 5.139086 41.852100
v 34.215717 5.316081 40.424232
v 34.026276 5.423503 39.001942
v 33.665283 5.459517 37.609558
v 28.689093 1.621607 50.693558
v 29.898769 1.986859 50.005352
v 31.007513 2.339501 49.158787
v 31.996357 2.673503 48.168350
v 32.848381 2.983148 47.050976
v 33.549011 3.263138 45.825794
v 34.086250 3.508683 44.513763
v 34.450912 3.715581 43.137337
v 34.636753 3.880292 41.720055
v 34.640602 3.999999 40.286179
v 34.462387 4.072651 38.860241
v 34.105152 4.097008 37.466637
v 28.723940 1.437406 50.682236
v 29.967865 1.621607 49.982903
v 31.109678 1.799450 49.125595
v 32.129845 1.967892 48.124973
v 33.010906 2.124050 46.998169
v 33.737789 2.265253 45.764458
v 34.298050 2.389086 44.444946
v 34.682117 2.493428 43.062214
v 34.883404 2.576494 41.639919
v 34.898479 2.636863 40.202393
v 34.727074 2.673503 38.774239
v 34.372124 2.685786 37.379890
v 28.735622 1.249998 50.678436
v 29.991032 1.249998 49.975376
v 31.143930 1.249997 49.114464
v 32.174595 1.249998 48.110435
v 33.065392 1.249998 46.980469
v 33.801071 1.249997 45.743896
v 34.369057 1.249998 44.421875
v 34.759628 1.249998 43.037025
v 34.966095 1.249998 41.613049
v 34.984928 1.249998 40.174301
v 34.815807 1.249997 38.745411
v 34.461624 1.249998 37.350811
v 28.723940 1.062590 50.682236
v 29.967865 0.878388 49.982903
v 31.109678 0.700545 49.125595
v 32.129845 0.532103 48.124973
v 33.010906 0.375945 46.998169
v 33.737789 0.234742 45.764458
v 34.298054 0.110911 44.444946
v 34.682117 0.006569 43.062210
v 34.883404 -0.076498 41.639919
v 34.898479 -0.136867 40.202393
v 34.727074 -0.173508 38.774239
v 34.372124 -0.185791 37.379890
v 28.689093 0.878388 50.693558
v 29.898769 0.513137 50.005352
v 31.007517 0.160493 49.158787
v 31.996357 -0.173508 48.168350
v 32.848385 -0.483153 47.050976
v 33.549011 -0.763143 45.825794
v 34.086250 -1.008687 44.513763
v 34.450912 -1.215586 43.137337
v 34.636757 -1.380297 41.720055
v 34.640606 -1.500003 40.286179
v 34.462387 -1.572657 38.860241
v 34.105156 -1.597013 37.466637
v 28.631678 0.700545 50.712212
v 29.784922 0.160494 50.042343
v 30.839180 -0.360916 49.213486
v 31.776423 -0.854762 48.239811
v 32.580608 -1.312596 47.137981
v 33.237972 -1.726583 45.926857
v 33.737278 -2.089638 44.627155
v 34.069973 -2.395553 43.261112
v 34.230366 -2.639091 41.852100
v 34.215717 -2.816086 40.424232
v 34.026276 -2.923510 39.001942
v 33.665283 -2.959522 37.609558
v 28.552679 0.532103 50.737881
v 29.628271 -0.173508 50.093246
v 30.607563 -0.854763 49.288742
v 31.473797 -1.500004 48.338139
v 32.212154 -2.098192 47.257702
v 32.809998 -2.639092 46.065914
v 33.257099 -3.113447 44.783173
v 33.545815 -3.513144 43.431419
v 33.671188 -3.831341 42.033787
v 33.631092 -4.062596 40.614189
v 33.426208 -4.202952 39.196918
v 33.060032 -4.250005 37.806217
v 28.453442 0.375945 50.770123
v 29.431501 -0.483153 50.157177
v 30.316622 -1.312597 49.383274
v 31.093662 -2.098192 48.461651
v 31.749332 -2.826500 47.408081
v 32.272408 -3.485058 46.240589
v 32.653938 -4.062596 44.979149
v 32.887402 -4.549237 43.645348
v 32.968796 -4.936648 42.262012
v 32.896732 -5.218207 40.852798
v 32.672440 -5.389093 39.441830
v 32.299767 -5.446382 38.053242
v 28.335672 0.234741 50.808388
v 29.197973 -0.763144 50.233055
v 29.971334 -1.726583 49.495464
v 30.642525 -2.639092 48.608238
v 31.200060 -3.485058 47.586548
v 31.634403 -4.250005 46.447887
v 31.938114 -4.920846 45.211735
v 32.106007 -5.486103 43.899242
v 32.135197 -5.936100 42.532864
v 32.025196 -6.263144 41.135979
v 31.777882 -6.461637 39.732491
v 31.397486 -6.528181 38.346409
v 28.201380 0.110910 50.852024
v 28.931686 -1.008689 50.319576
v 29.577610 -2.089641 49.623394
v 30.128098 -3.113448 48.775383
v 30.573734 -4.062598 47.790058
v 30.906891 -4.920846 46.684273
v 31.121870 -5.673510 45.476948
v 31.214994 -6.307712 44.188751
v 31.184662 -6.812597 42.841713
v 31.031403 -7.179530 41.458881
v 30.757832 -7.402234 40.063923
v 30.368631 -7.476893 38.680706
v 28.052864 0.006568 50.900280
v 28.637197 -1.215587 50.415264
v 29.142183 -2.395555 49.764870
v 29.559189 -3.513145 48.960232
v 29.881073 -4.549237 48.015114
v 30.102331 -5.486104 46.945686
v 30.219177 -6.307712 45.770252
v 30.229610 -7.000008 44.508919
v 30.133453 -7.551140 43.183270
v 29.932350 -7.951684 41.815983
v 29.629744 -8.194788 40.430462
v 29.230812 -8.276287 39.050407
v 27.892668 -0.076499 50.952332
v 28.319544 -1.380299 50.518478
v 28.672508 -2.639093 49.917477
v 28.945526 -3.831343 49.159622
v 29.133928 -4.936651 48.257877
v 29.234482 -5.936104 47.227669
v 29.245476 -6.812599 46.086628
v 29.166719 -7.551143 44.854275
v 28.999556 -8.139092 43.551697
v 28.746849 -8.566396 42.201180
v 28.412924 -8.825739 40.825832
v 28.003490 -8.912683 39.449188
v 27.723526 -0.136868 51.007290
v 27.984158 -1.500005 50.627445
v 28.176617 -2.816088 50.078602
v 28.297615 -4.062598 49.370144
v 28.345078 -5.218209 48.514191
v 28.318197 -6.263147 47.525387
v 28.217428 -7.179532 46.420662
v 28.044504 -7.951688 45.218903
v 27.802372 -8.566396 43.940685
v 27.495182 -9.013145 42.607872
v 27.128183 -9.284292 41.243267
v 26.707666 -9.375193 39.870228
v 27.548344 -0.173508 51.064213
v 27.636784 -1.572658 50.740314
v 27.662998 -2.923511 50.245487
v 27.626537 -4.202952 49.588188
v 27.528030 -5.389094 48.779667
v 27.369154 -6.461639 47.833752
v 27.152630 -7.402234 46.766636
v 26.882166 -8.194790 45.596569
v 26.562384 -8.825737 44.343578
v 26.198759 -9.284291 43.029102
v 25.797516 -9.562600 41.675629
v 25.365513 -9.655902 40.306316
v 27.370108 -0.185792 51.122124
v 27.283361 -1.597015 50.855148
v 27.140438 -2.959524 50.415276
v 26.943783 -4.250006 49.810032
v 26.696754 -5.446383 49.049763
v 26.403585 -6.528183 48.147484
v 26.069292 -7.476894 47.118629
v 25.699593 -8.276289 45.980812
v 25.300812 -8.912681 44.753490
v 24.879772 -9.375192 43.457664
v 24.443682 -9.655903 42.115517
v 23.999998 -9.750009 40.750000
v 27.191872 -0.173508 51.180035
v 26.929939 -1.572659 50.969982
v 26.617876 -2.923511 50.585068
v 26.261023 -4.202953 50.031872
v 25.865480 -5.389095 49.319859
v 25.438019 -6.461639 48.461216
v 24.985956 -7.402235 47.470631
v 24.517021 -8.194791 46.365051
v 24.039238 -8.825738 45.163399
v 23.560787 -9.284291 43.886230
v 23.089848 -9.562601 42.555405
v 22.634481 -9.655903 41.193684
v 27.016684 -0.136869 51.236958
v 26.582565 -1.500006 51.082848
v 26.104256 -2.816088 50.751953
v 25.589947 -4.062598 50.249916
v 25.048431 -5.218210 49.585335
v 24.488976 -6.263147 48.769577
v 23.921154 -7.179533 47.816605
v 23.354683 -7.951689 46.742718
v 22.799252 -8.566397 45.566296
v 22.264366 -9.013147 44.307465
v 21.759176 -9.284294 42.987762
v 21.292328 -9.375193 41.629776
v 26.847544 -0.076499 51.291912
v 26.247183 -1.380299 51.191826
v 25.608366 -2.639094 50.913078
v 24.942034 -3.831343 50.460442
v 24.259584 -4.936652 49.841648
v 23.572689 -5.936104 49.067299
v 22.893108 -6.812599 48.150639
v 22.232466 -7.551144 47.107349
v 21.602068 -8.139093 45.955284
v 21.012697 -8.566398 44.714157
v 20.474438 -8.825742 43.405201
v 19.996506 -8.912683 42.050816
v 26.687347 0.006567 51.343964
v 25.929525 -1.215588 51.295036
v 25.138691 -2.395555 51.065681
v 24.328373 -3.513145 50.659828
v 23.512436 -4.549239 50.084412
v 22.704842 -5.486104 49.349277
v 21.919409 -6.307712 48.467010
v 21.169573 -7.000009 47.452702
v 20.468170 -7.551140 46.323711
v 19.827194 -7.951686 45.099346
v 19.257616 -8.194791 43.800571
v 18.769184 -8.276287 42.449596
v 26.538832 0.110909 51.392220
v 25.635036 -1.008690 51.390724
v 24.703264 -2.089641 51.207161
v 23.759462 -3.113449 50.844681
v 22.819775 -4.062599 50.309467
v 21.900280 -4.920848 49.610699
v 21.016712 -5.673512 48.760311
v 20.184189 -6.307714 47.772873
v 19.416960 -6.812597 46.665268
v 18.728144 -7.179532 45.456451
v 18.129528 -7.402236 44.167107
v 17.631361 -7.476895 42.819298
v 26.404539 0.234741 51.435852
v 25.368750 -0.763145 51.477249
v 24.309540 -1.726583 51.335098
v 23.245037 -2.639092 51.011826
v 22.193449 -3.485059 50.512974
v 21.172771 -4.250006 49.847076
v 20.200470 -4.920847 49.025528
v 19.293177 -5.486105 48.062382
v 18.466425 -5.936100 46.974117
v 17.734348 -6.263145 45.779358
v 17.109478 -6.461640 44.498547
v 16.602507 -6.528183 43.153591
v 26.286770 0.375944 51.474117
v 25.135221 -0.483154 51.553123
v 23.964252 -1.312596 51.447285
v 22.793896 -2.098193 51.158409
v 21.644175 -2.826501 50.691444
v 20.534763 -3.485059 50.054382
v 19.484642 -4.062598 49.258114
v 18.511780 -4.549239 48.316273
v 17.632828 -4.936648 47.244968
v 16.862814 -5.218207 46.062534
v 16.214916 -5.389095 44.789204
v 15.700229 -5.446383 43.446758
v 26.187532 0.532103 51.506363
v 24.938450 -0.173509 51.617058
v 23.673311 -0.854763 51.541817
v 22.413761 -1.500004 51.281921
v 21.181353 -2.098193 50.841827
v 19.997171 -2.639092 50.229053
v 18.881481 -3.113448 49.454094
v 17.853367 -3.513146 48.530205
v 16.930431 -3.831341 47.473190
v 16.128450 -4.062596 46.301144
v 15.461153 -4.202953 45.034115
v 14.939960 -4.250006 43.693783
v 26.108534 0.700545 51.532028
v 24.781799 0.160493 51.667957
v 23.441692 -0.360916 51.617073
v 22.111137 -0.854762 51.380253
v 20.812901 -1.312596 50.961540
v 19.569197 -1.726583 50.368111
v 18.401304 -2.089639 49.610115
v 17.329206 -2.395555 48.700516
v 16.371254 -2.639090 47.654881
v 15.543826 -2.816086 46.491100
v 14.861081 -2.923510 45.229092
v 14.334711 -2.959522 43.890442
v 26.051117 0.878388 51.550686
v 24.667953 0.513136 51.704948
v 23.273359 0.160494 51.671768
v 21.891201 -0.173508 51.451714
v 20.545122 -0.483153 51.048546
v 19.258158 -0.763143 50.469173
v 18.052330 -1.008687 49.723499
v 16.948265 -1.215586 48.824291
v 15.964866 -1.380296 47.786922
v 15.118941 -1.500003 46.629154
v 14.424971 -1.572656 45.370792
v 13.894838 -1.597013 44.033367
v 26.016272 1.062590 51.562012
v 24.598854 0.878388 51.727402
v 23.171194 0.700546 51.704967
v 21.757715 0.532104 51.495087
v 20.382601 0.375946 51.101357
v 19.069382 0.234743 50.530510
v 17.840528 0.110911 49.792320
v 16.717062 0.006569 48.899414
v 15.718216 -0.076497 47.867062
v 14.861068 -0.136867 46.712940
v 14.160284 -0.173507 45.456795
v 13.627868 -0.185790 44.120110
v 26.004589 1.249998 51.565804
v 24.575691 1.249998 51.734924
v 23.136944 1.249999 51.716087
v 21.712965 1.249999 51.509624
v 20.328117 1.249999 51.119061
v 19.006094 1.250000 50.551075
v 17.769522 1.250000 49.815392
v 16.639553 1.249999 48.924595
v 15.635530 1.249999 47.893929
v 14.774616 1.249999 46.741032
v 14.071551 1.250000 45.485626
v 13.538366 1.250000 44.149189
v 26.016272 1.437406 51.562012
v 24.598854 1.621608 51.727402
v 23.171194 1.799452 51.704967
v 21.757715 1.967894 51.495087
v 20.382601 2.124053 51.101357
v 19.069382 2.265256 50.530510
v 17.840527 2.389088 49.792320
v 16.717062 2.493430 48.899414
v 15.718216 2.576495 47.867065
v 14.861068 2.636864 46.712940
v 14.160284 2.673506 45.456795
v 13.627866 2.685790 44.120110
v 26.051117 1.621608 51.550686
v 24.667952 1.986859 51.704948
v 23.273359 2.339504 51.671768
v 21.891201 2.673505 51.451714
v 20.545122 2.983151 51.048553
v 19.258158 3.263142 50.469173
v 18.052330 3.508686 49.723499
v 16.948265 3.715585 48.824291
v 15.964864 3.880295 47.786922
v 15.118941 4.000000 46.629154
v 14.424971 4.072656 45.370792
v 13.894838 4.097013 44.033367
v 26.108534 1.799451 51.532028
v 24.781799 2.339503 51.667957
v 23.441692 2.860914 51.617073
v 22.111137 3.354760 51.380253
v 20.812899 3.812594 50.961540
v 19.569197 4.226582 50.368111
v 18.401304 4.589638 49.610115
v 17.329206 4.895553 48.700516
v 16.371254 5.139089 47.654881
v 15.543824 5.316084 46.491100
v 14.861081 5.423509 45.229092
v 14.334711 5.459523 43.890442
v 26.187532 1.967893 51.506363
v 24.938450 2.673505 51.617058
v 23.673311 3.354761 51.541817
v 22.413761 4.000002 51.281921
v 21.181351 4.598191 50.841827
v 19.997171 5.139092 50.229053
v 18.881479 5.613448 49.454094
v 17.853367 6.013145 48.530205
v 16.930431 6.331340 47.473190
v 16.128450 6.562595 46.301144
v 15.461153 6.702953 45.034115
v 14.939960 6.750007 43.693783
v 26.286770 2.124052 51.474117
v 25.135221 2.983151 51.553123
v 23.964252 3.812594 51.447285
v 22.793896 4.598191 51.158409
v 21.644173 5.326499 50.691444
v 20.534763 5.985058 50.054382
v 19.484642 6.562598 49.258114
v 18.511778 7.049239 48.316273
v 17.632828 7.436648 47.244968
v 16.862812 7.718206 46.062534
v 16.214916 7.889095 44.789204
v 15.700229 7.946384 43.446758
v 26.404539 2.265255 51.435852
v 25.368750 3.263141 51.477249
v 24.309542 4.226582 51.335091
v 23.245037 5.139091 51.011826
v 22.193447 5.985058 50.512974
v 21.172771 6.750007 49.847076
v 20.200468 7.420847 49.025528
v 19.293177 7.986105 48.062382
v 18.466425 8.436101 46.974117
v 17.734348 8.763144 45.779358
v 17.109478 8.961640 44.498543
v 16.602507 9.028185 43.153591
v 26.538832 2.389087 51.392220
v 25.635036 3.508686 51.390724
v 24.703268 4.589638 51.207161
v 23.759464 5.613447 50.844681
v 22.819775 6.562598 50.309467
v 21.900280 7.420849 49.610699
v 21.016712 8.173512 48.760315
v 20.184189 8.807715 47.772873
v 19.416962 9.312597 46.665268
v 18.728144 9.679531 45.456451
v 18.129528 9.902237 44.167107
v 17.631361 9.976897 42.819298
v 26.687347 2.493429 51.343964
v 25.929525 3.715585 51.295036
v 25.138691 4.895553 51.065681
v 24.328373 6.013144 50.659828
v 23.512436 7.049239 50.084412
v 22.704842 7.986107 49.349277
v 21.919409 8.807714 48.467010
v 21.169573 9.500011 47.452702
v 20.468170 10.051140 46.323711
v 19.827196 10.451686 45.099346
v 19.257618 10.694792 43.800571
v 18.769184 10.776292 42.449593
v 26.847544 2.576495 51.291912
v 26.247179 3.880297 51.191826
v 25.608370 5.139091 50.913078
v 24.942036 6.331343 50.460434
v 24.259584 7.436653 49.841648
v 23.572689 8.436107 49.067299
v 22.893108 9.312601 48.150639
v 22.232466 10.051147 47.107349
v 21.602068 10.639093 45.955284
v 21.012697 11.066398 44.714157
v 20.474440 11.325744 43.405197
v 19.996508 11.412688 42.050816
v 27.016684 2.636865 51.236958
v 26.582565 4.000003 51.082848
v 26.104259 5.316086 50.751953
v 25.589949 6.562597 50.249916
v 25.048431 7.718211 49.585335
v 24.488977 8.763151 48.769577
v 23.921156 9.679535 47.816605
v 23.354683 10.451692 46.742718
v 22.799253 11.066397 45.566296
v 22.264368 11.513146 44.307465
v 21.759180 11.784296 42.987762
v 21.292332 11.875198 41.629772
v 27.191872 2.673505 51.180035
v 26.929939 4.072656 50.969982
v 26.617878 5.423509 50.585068
v 26.261026 6.702952 50.031872
v 25.865482 7.889096 49.319859
v 25.438023 8.961642 48.461212
v 24.985958 9.902237 47.470631
v 24.517021 10.694794 46.365051
v 24.039242 11.325738 45.163399
v 23.560787 11.784292 43.886230
v 23.089849 12.062606 42.555405
v 22.634483 12.155908 41.193684
v 26.403587 9.028186 48.147480
v 26.069296 9.976897 47.118629
v 25.699594 10.776293 45.980812
v 24.879776 11.875192 43.457664
v 24.000002 12.250014 40.750000
v 27.337383 1.249998 51.021408
v 27.308855 2.659146 50.933605
v 27.223705 4.044736 50.671555
v 27.083401 5.382515 50.239731
v 26.890331 6.649590 49.645527
v 26.647802 7.824280 48.899109
v 25.277218 11.227818 44.680882
v 24.435637 11.957595 42.090755
v 27.483782 2.647090 50.876766
v 27.570639 4.020827 50.558823
v 27.596401 5.347161 50.073044
v 27.560625 6.603397 49.427734
v 27.463923 7.768036 48.633938
v 27.307945 8.821149 47.705227
v 27.095366 9.744714 46.657501
v 26.829815 10.522923 45.508678
v 26.515844 11.142456 44.278427
v 26.158821 11.592713 42.987793
v 25.764853 11.865990 41.658867
v 25.336699 11.958029 40.301926
v 27.655718 2.611130 50.820904
v 27.911636 3.949508 50.448029
v 28.100624 5.241704 49.909214
v 28.219450 6.465604 49.213673
v 28.266075 7.600266 48.373299
v 28.239704 8.626273 47.402481
v 28.140779 9.526066 46.317822
v 27.971004 10.284245 45.137886
v 27.733274 10.887833 43.882858
v 27.431664 11.326501 42.574223
v 27.071327 11.592743 41.234367
v 26.654499 11.682411 39.873745
v 27.821720 2.551881 50.766968
v 28.240862 3.831999 50.341057
v 28.587442 5.067947 49.751034
v 28.855532 6.238571 49.006996
v 29.040539 7.323843 48.121662
v 29.139296 8.305187 47.110184
v 29.150110 9.165813 45.989872
v 29.072800 9.890987 44.779892
v 28.908686 10.468302 43.500946
v 28.660572 10.887877 42.174927
v 28.332705 11.142528 40.824520
v 27.926811 11.228294 39.460346
v 27.978945 2.470356 50.715881
v 28.552685 3.670312 50.239742
v 29.048529 4.828864 49.601219
v 29.457993 5.926182 48.811245
v 29.774061 6.943493 47.883327
v 29.991335 7.863385 46.833344
v 30.106085 8.670117 45.679256
v 30.116352 9.349882 44.440823
v 30.021957 9.891044 43.139221
v 29.824512 10.284344 41.796738
v 29.527401 10.523049 40.436340
v 29.131866 10.603444 39.068802
v 28.124702 2.367950 50.668518
v 28.841766 3.467213 50.145809
v 29.475990 4.528545 49.462330
v 30.016514 5.533783 48.629768
v 30.454094 6.465727 47.662369
v 30.781239 7.308427 46.576683
v 30.992348 8.047462 45.391293
v 31.083805 8.670185 44.126476
v 31.054043 9.165935 42.803879
v 30.903578 9.526232 41.446129
v 30.634979 9.744906 40.076466
v 30.249046 9.818556 38.705807
v 28.256502 2.246416 50.625694
v 29.103167 3.226177 50.060879
v 29.862511 4.172130 49.336739
v 30.521551 5.068087 48.465672
v 31.068998 5.898717 47.462574
v 31.495493 6.649807 46.344608
v 31.793732 7.308501 45.130909
v 31.958603 7.863526 43.842236
v 31.987291 8.305383 42.500648
v 31.879299 8.626511 41.129097
v 31.636482 8.821414 39.751060
v 31.259233 8.887055 38.377579
v 28.372091 2.107833 50.588139
v 29.332405 2.951327 49.986393
v 30.201483 3.765715 49.226604
v 30.964453 4.537062 48.321766
v 31.608259 5.252168 47.287357
v 32.121880 5.898795 46.141087
v 32.496525 6.465876 44.902557
v 32.725780 6.943708 43.592964
v 32.805721 7.324110 42.234722
v 32.734985 7.600575 40.851067
v 32.514774 7.768370 39.465683
v 32.145138 7.824883 38.089729
v 28.469484 1.954572 50.556492
v 29.525562 2.647368 49.923630
v 30.487103 3.316257 49.133797
v 31.337648 3.949795 48.200504
v 32.062645 4.537139 47.139721
v 32.649677 5.068240 45.969593
v 33.088703 5.534007 44.710144
v 33.372211 5.926468 43.382927
v 33.495342 6.238908 42.010651
v 33.455994 6.465981 40.616798
v 33.254833 6.603797 39.225224
v 32.891613 6.650213 37.847183
v 28.547018 1.789255 50.531303
v 29.679337 2.319499 49.873669
v 30.714485 2.831444 49.059917
v 31.634748 3.316333 48.103973
v 32.424374 3.765867 47.022186
v 33.069855 4.172353 45.833069
v 33.560139 4.528837 44.556965
v 33.886833 4.829214 43.215717
v 34.044350 5.068345 41.832268
v 34.029987 5.242138 40.430294
v 33.843994 5.347618 39.033794
v 33.485882 5.383143 37.654095
v 28.603369 1.614712 50.512993
v 29.791092 1.973330 49.837357
v 30.879740 2.319572 49.006226
v 31.850668 2.647515 48.033817
v 32.687271 2.951548 46.936764
v 33.375229 3.226465 45.733845
v 33.902760 3.467564 44.445644
v 34.260845 3.670718 43.094193
v 34.443348 3.832448 41.702625
v 34.447144 3.949989 40.294754
v 34.272175 4.021328 38.894672
v 33.917774 4.045355 37.513767
v 28.637568 1.433928 50.501884
v 29.858923 1.614784 49.815315
v 30.980036 1.789399 48.973637
v 31.981718 1.954786 47.991234
v 32.846828 2.108114 46.884922
v 33.560566 2.246759 45.673626
v 34.110706 2.368349 44.378075
v 34.487843 2.470802 43.020435
v 34.685509 2.552365 41.623943
v 34.700333 2.611643 40.212486
v 34.532047 2.647619 38.810234
v 34.179901 2.659737 37.428596
v 28.649033 1.249998 50.498154
v 29.881662 1.249998 49.807930
v 31.013659 1.249997 48.962711
v 32.025654 1.249998 47.976963
v 32.900322 1.249998 46.867542
v 33.622700 1.249997 45.653439
v 34.180420 1.249998 44.355427
v 34.563942 1.249998 42.995708
v 34.766693 1.249998 41.597565
v 34.785210 1.249998 40.184910
v 34.619171 1.249997 38.781921
v 34.267776 1.249998 37.400043
v 28.637568 1.066067 50.501884
v 29.858923 0.885211 49.815315
v 30.980036 0.710595 48.973637
v 31.981718 0.545209 47.991234
v 32.846828 0.391881 46.884922
v 33.560566 0.253236 45.673626
v 34.110706 0.131647 44.378075
v 34.487843 0.029194 43.020435
v 34.685509 -0.052369 41.623943
v 34.700333 -0.111647 40.212486
v 34.532051 -0.147625 38.810234
v 34.179901 -0.159742 37.428593
v 28.603369 0.885283 50.512993
v 29.791096 0.526666 49.837357
v 30.879740 0.180423 49.006226
v 31.850668 -0.147521 48.033817
v 32.687271 -0.451553 46.936764
v 33.375229 -0.726471 45.733845
v 33.902760 -0.967568 44.445644
v 34.260845 -1.170722 43.094193
v 34.443348 -1.332453 41.702625
v 34.447144 -1.449993 40.294754
v 34.272175 -1.521333 38.894672
v 33.917774 -1.545360 37.513767
v 28.547018 0.710740 50.531303
v 29.679337 0.180497 49.873669
v 30.714489 -0.331450 49.059917
v 31.634748 -0.816338 48.103973
v 32.424377 -1.265872 47.022186
v 33.069855 -1.672360 45.833069
v 33.560139 -2.028841 44.556965
v 33.886837 -2.329218 43.215717
v 34.044350 -2.568350 41.832268
v 34.029991 -2.742143 40.430294
v 33.843994 -2.847624 39.033794
v 33.485882 -2.883149 37.654095
v 28.469484 0.545423 50.556492
v 29.525562 -0.147372 49.923630
v 30.487104 -0.816263 49.133797
v 31.337648 -1.449800 48.200504
v 32.062645 -2.037145 47.139721
v 32.649677 -2.568246 45.969593
v 33.088703 -3.034011 44.710144
v 33.372215 -3.426474 43.382923
v 33.495346 -3.738914 42.010651
v 33.455994 -3.965986 40.616798
v 33.254833 -4.103803 39.225224
v 32.891617 -4.150219 37.847183
v 28.372091 0.392162 50.588139
v 29.332405 -0.451332 49.986393
v 30.201483 -1.265722 49.226604
v 30.964455 -2.037068 48.321766
v 31.608259 -2.752174 47.287357
v 32.121880 -3.398801 46.141087
v 32.496525 -3.965881 44.902557
v 32.725784 -4.443714 43.592964
v 32.805725 -4.824116 42.234722
v 32.734985 -5.100581 40.851067
v 32.514778 -5.268377 39.465683
v 32.145142 -5.324890 38.089729
v 28.256506 0.253579 50.625694
v 29.103167 -0.726182 50.060879
v 29.862514 -1.672136 49.336739
v 30.521551 -2.568093 48.465672
v 31.069002 -3.398725 47.462574
v 31.495493 -4.149814 46.344608
v 31.793732 -4.808506 45.130909
v 31.958603 -5.363533 43.842236
v 31.987291 -5.805388 42.500648
v 31.879303 -6.126517 41.129097
v 31.636482 -6.321420 39.751060
v 31.259233 -6.387063 38.377579
v 28.124704 0.132045 50.668518
v 28.841770 -0.967219 50.145809
v 29.475990 -2.028552 49.462330
v 30.016514 -3.033790 48.629768
v 30.454096 -3.965734 47.662369
v 30.781239 -4.808434 46.576683
v 30.992348 -5.547469 45.391293
v 31.083805 -6.170192 44.126476
v 31.054043 -6.665941 42.803879
v 30.903578 -7.026237 41.446129
v 30.634979 -7.244913 40.076466
v 30.249044 -7.318563 38.705807
v 27.978945 0.029639 50.715881
v 28.552685 -1.170319 50.239742
v 29.048529 -2.328871 49.601219
v 29.457993 -3.426190 48.811245
v 29.774063 -4.443501 47.883327
v 29.991335 -5.363394 46.833344
v 30.106085 -6.170125 45.679256
v 30.116352 -6.849890 44.440819
v 30.021957 -7.391050 43.139221
v 29.824516 -7.784349 41.796738
v 29.527401 -8.023056 40.436340
v 29.131868 -8.103453 39.068802
v 27.821720 -0.051886 50.766968
v 28.240862 -1.332006 50.341057
v 28.587446 -2.567954 49.751034
v 28.855532 -3.738579 49.006996
v 29.040539 -4.823851 48.121662
v 29.139296 -5.805197 47.110184
v 29.150110 -6.665821 45.989872
v 29.072800 -7.390997 44.779892
v 28.908686 -7.968309 43.500946
v 28.660572 -8.387883 42.174927
v 28.332705 -8.642535 40.824520
v 27.926811 -8.728302 39.460346
v 27.655718 -0.111136 50.820904
v 27.911636 -1.449515 50.448029
v 28.100624 -2.741711 49.909214
v 28.219450 -3.965612 49.213673
v 28.266075 -5.100275 48.373299
v 28.239704 -6.126284 47.402481
v 28.140779 -7.026074 46.317822
v 27.971004 -7.784254 45.137886
v 27.733274 -8.387840 43.882858
v 27.431664 -8.826508 42.574223
v 27.071327 -9.092752 41.234367
v 26.654499 -9.182421 39.873745
v 27.483782 -0.147096 50.876766
v 27.570641 -1.520834 50.558823
v 27.596401 -2.847170 50.073044
v 27.560625 -4.103404 49.427734
v 27.463923 -5.268044 48.633938
v 27.307945 -6.321158 47.705227
v 27.095366 -7.244722 46.657501
v 26.829819 -8.022933 45.508678
v 26.515844 -8.642464 44.278427
v 26.158821 -9.092723 42.987793
v 25.764853 -9.365999 41.658867
v 25.336699 -9.458037 40.301929
v 27.308855 -0.159152 50.933605
v 27.223705 -1.544744 50.671555
v 27.083401 -2.882524 50.239731
v 26.890331 -4.149599 49.645527
v 26.647802 -5.324289 48.899109
v 26.359970 -6.386490 48.013245
v 26.031750 -7.318022 47.003086
v 25.668764 -8.102948 45.885929
v 25.277218 -8.727825 44.680882
v 24.863819 -9.181971 43.408566
v 24.435637 -9.457604 42.090755
v 23.995955 -9.550437 40.737560
v 27.133924 -0.147096 50.990444
v 26.876774 -1.520834 50.784279
v 26.570398 -2.847170 50.406414
v 26.220036 -4.103405 49.863319
v 25.831688 -5.268045 49.164280
v 25.411991 -6.321159 48.321259
v 24.968136 -7.244722 47.348679
v 24.507710 -8.022933 46.263180
v 24.038595 -8.642464 45.083336
v 23.568817 -9.092723 43.829338
v 23.106417 -9.365999 42.522644
v 22.655212 -9.458038 41.173191
v 26.961988 -0.111136 51.046310
v 26.535776 -1.449515 50.895073
v 26.066172 -2.741712 50.570251
v 25.561211 -3.965612 50.077385
v 25.029533 -5.100276 49.424915
v 24.480236 -6.126284 48.624004
v 23.922718 -7.026075 47.688354
v 23.366522 -7.784255 46.633972
v 22.821163 -8.387840 45.478905
v 22.295975 -8.826509 44.242908
v 21.799942 -9.092753 42.947144
v 21.337410 -9.182421 41.601376
v 26.795990 -0.051887 51.100243
v 26.206551 -1.332007 51.002045
v 25.579351 -2.567954 50.728424
v 24.925127 -3.738579 50.284058
v 24.255068 -4.823852 49.676556
v 23.580641 -5.805197 48.916302
v 22.913387 -6.665822 48.016308
v 22.264725 -7.390998 46.991966
v 21.645754 -7.968309 45.860817
v 21.067066 -8.387884 44.642204
v 20.538565 -8.642538 43.356991
v 20.065100 -8.728303 42.014771
v 26.638763 0.029639 51.151329
v 25.894728 -1.170320 51.103359
v 25.118267 -2.328871 50.878239
v 24.322670 -3.426190 50.479813
v 23.521545 -4.443502 49.914890
v 22.728603 -5.363395 49.193146
v 21.957415 -6.170125 48.326920
v 21.221172 -6.849892 47.331039
v 20.532482 -7.391051 46.222542
v 19.903124 -7.784351 45.020393
v 19.343866 -8.023060 43.745171
v 18.860044 -8.103454 42.406319
v 26.493004 0.132044 51.198692
v 25.605646 -0.967220 51.197289
v 24.690807 -2.028552 51.017128
v 23.764143 -3.033791 50.661289
v 22.841511 -3.965735 50.135845
v 21.938696 -4.808435 49.449802
v 21.071152 -5.547470 48.614883
v 20.253717 -6.170194 47.645386
v 19.500393 -6.665941 46.557884
v 18.824059 -7.026239 45.371002
v 18.236292 -7.244915 44.105045
v 17.742863 -7.318564 42.769314
v 26.361202 0.253579 51.241516
v 25.344246 -0.726183 51.282227
v 24.304285 -1.672136 51.142715
v 23.259109 -2.568094 50.825382
v 22.226604 -3.398726 50.335640
v 21.224442 -4.149815 49.681877
v 20.269768 -4.808508 48.875271
v 19.378918 -5.363535 47.929623
v 18.567148 -5.805388 46.861118
v 17.848335 -6.126517 45.688034
v 17.234787 -6.321422 44.430454
v 16.732677 -6.387064 43.097542
v 26.245617 0.392162 51.279076
v 25.115007 -0.451334 51.356709
v 23.965313 -1.265721 51.252853
v 22.816204 -2.037068 50.969292
v 21.687347 -2.752175 50.510860
v 20.598053 -3.398802 49.885403
v 19.566973 -3.965883 49.103622
v 18.611740 -4.443716 48.178894
v 17.748714 -4.824116 47.127041
v 16.992649 -5.100582 45.966064
v 16.356491 -5.268378 44.715828
v 15.846768 -5.324892 43.385391
v 26.148224 0.545423 51.310719
v 24.921848 -0.147373 51.419472
v 23.679691 -0.816262 51.345657
v 22.443012 -1.449800 51.090549
v 21.232964 -2.037146 50.658493
v 20.070257 -2.568246 50.056892
v 18.974791 -3.034012 49.296032
v 17.965307 -3.426476 48.388935
v 17.059093 -3.738913 47.351112
v 16.271643 -3.965986 46.200333
v 15.616433 -4.103804 44.956287
v 15.100293 -4.150219 43.627937
v 26.070686 0.710739 51.335907
v 24.768074 0.180496 51.469433
v 23.452311 -0.331449 51.419544
v 22.145910 -0.816338 51.187088
v 20.871229 -1.265873 50.776028
v 19.650078 -1.672359 50.193417
v 18.503357 -2.028841 49.449211
v 17.450686 -2.329220 48.556145
v 16.510088 -2.568349 47.529495
v 15.697648 -2.742143 46.386833
v 15.027273 -2.847624 45.147717
v 14.506024 -2.883149 43.821026
v 26.014338 0.885283 51.354218
v 24.656317 0.526665 51.505745
v 23.287058 0.180423 51.473236
v 21.929989 -0.147520 51.257240
v 20.608334 -0.451552 50.861454
v 19.344706 -0.726470 50.292641
v 18.160734 -0.967568 49.560535
v 17.076675 -1.170722 48.677670
v 16.111092 -1.332452 47.659138
v 15.280491 -1.449994 46.522377
v 14.599093 -1.521333 45.286839
v 14.074132 -1.545360 43.961353
v 25.980139 1.066067 51.365334
v 24.588486 0.885211 51.527786
v 23.186762 0.710596 51.505821
v 21.798941 0.545210 51.299824
v 20.448776 0.391882 50.913292
v 19.159369 0.253237 50.352859
v 17.952787 0.131648 49.628101
v 16.849678 0.029194 48.751423
v 15.868929 -0.052368 47.737820
v 15.027306 -0.111647 46.604641
v 14.339219 -0.147623 45.371281
v 13.812006 -0.159740 44.046528
v 25.968670 1.249998 51.369061
v 24.565748 1.249998 51.535172
v 23.153137 1.249999 51.516747
v 21.755007 1.249999 51.314091
v 20.395283 1.249999 50.930672
v 19.097235 1.250000 50.373047
v 17.883076 1.250000 49.650753
v 16.773582 1.249999 48.776150
v 15.787745 1.249999 47.764198
v 14.942426 1.249999 46.632221
v 14.252096 1.250000 45.399590
v 13.724129 1.250000 44.075077
v 25.980139 1.433929 51.365334
v 24.588486 1.614785 51.527786
v 23.186762 1.789402 51.505821
v 21.798941 1.954788 51.299824
v 20.448774 2.108116 50.913292
v 19.159369 2.246762 50.352859
v 17.952787 2.368351 49.628101
v 16.849678 2.470804 48.751423
v 15.868929 2.552367 47.737823
v 15.027306 2.611644 46.604641
v 14.339219 2.647623 45.371281
v 13.812006 2.659740 44.046528
v 26.014338 1.614713 51.354218
v 24.656315 1.973331 51.505745
v 23.287058 2.319575 51.473236
v 21.929989 2.647518 51.257240
v 20.608334 2.951550 50.861454
v 19.344706 3.226470 50.292641
v 18.160734 3.467567 49.560535
v 17.076675 3.670721 48.677670
v 16.111090 3.832451 47.659138
v 15.280491 3.949991 46.522377
v 14.599093 4.021332 45.286839
v 14.074132 4.045360 43.961353
v 26.070686 1.789256 51.335907
v 24.768072 2.319500 51.469433
v 23.452311 2.831447 51.419544
v 22.145910 3.316336 51.187080
v 20.871227 3.765871 50.776028
v 19.650078 4.172359 50.193417
v 18.503357 4.528841 49.449211
v 17.450684 4.829218 48.556145
v 16.510088 5.068348 47.529495
v 15.697646 5.242141 46.386833
v 15.027273 5.347624 45.147717
v 14.506024 5.383150 43.821026
v 26.148224 1.954573 51.310719
v 24.921846 2.647370 51.419472
v 23.679693 3.316261 51.345657
v 22.443012 3.949798 51.090549
v 21.232964 4.537144 50.658493
v 20.070257 5.068246 50.056892
v 18.974791 5.534012 49.296032
v 17.965307 5.926475 48.388935
v 17.059093 6.238912 47.351112
v 16.271643 6.465985 46.200333
v 15.616433 6.603804 44.956287
v 15.100293 6.650220 43.627937
v 26.245617 2.107834 51.279076
v 25.115007 2.951330 51.356709
v 23.965315 3.765719 51.252853
v 22.816204 4.537066 50.969292
v 21.687347 5.252173 50.510860
v 20.598053 5.898802 49.885403
v 19.566971 6.465883 49.103622
v 18.611740 6.943716 48.178894
v 17.748714 7.324115 47.127041
v 16.992649 7.600581 45.966064
v 16.356491 7.768378 44.715828
v 15.846768 7.824893 43.385391
v 26.361202 2.246418 51.241516
v 25.344246 3.226180 51.282227
v 24.304285 4.172134 51.142715
v 23.259109 5.068092 50.825382
v 22.226604 5.898725 50.335648
v 21.224442 6.649815 49.681877
v 20.269766 7.308508 48.875271
v 19.378918 7.863535 47.929623
v 18.567148 8.305388 46.861115
v 17.848335 8.626517 45.688034
v 17.234787 8.821423 44.430454
v 16.732677 8.887066 43.097542
v 26.493004 2.367952 51.198692
v 25.605642 3.467217 51.197289
v 24.690809 4.528550 51.017128
v 23.764143 5.533789 50.661289
v 22.841511 6.465734 50.135845
v 21.938696 7.308437 49.449802
v 21.071152 8.047471 48.614883
v 20.253717 8.670195 47.645386
v 19.500395 9.165942 46.557884
v 18.824059 9.526238 45.371002
v 18.236292 9.744917 44.105045
v 17.742865 9.818566 42.769314
v 26.638763 2.470358 51.151329
v 25.894728 3.670316 51.103367
v 25.118267 4.828868 50.878239
v 24.322670 5.926189 50.479813
v 23.521544 6.943502 49.914890
v 22.728603 7.863397 49.193146
v 21.957413 8.670128 48.326920
v 21.221170 9.349894 47.331039
v 20.532482 9.891051 46.222542
v 19.903124 10.284350 45.020393
v 19.343868 10.523061 43.745171
v 18.860044 10.603457 42.406319
v 26.795990 2.551883 51.100243
v 26.206551 3.832004 51.002045
v 25.579353 5.067952 50.728424
v 24.925129 6.238578 50.284058
v 24.255068 7.323852 49.676556
v 23.580643 8.305201 48.916302
v 22.913387 9.165823 48.016304
v 22.264725 9.891001 46.991966
v 21.645756 10.468309 45.860817
v 21.067068 10.887884 44.642204
v 20.538565 11.142540 43.356991
v 20.065100 11.228308 42.014771
v 26.961988 2.611133 51.046310
v 26.535776 3.949513 50.895073
v 26.066175 5.241709 50.570244
v 25.561214 6.465611 50.077385
v 25.029533 7.600277 49.424915
v 24.480238 8.626287 48.624004
v 23.922720 9.526077 47.688354
v 23.366522 10.284258 46.633972
v 22.821163 10.887839 45.478901
v 22.295975 11.326509 44.242905
v 21.799944 11.592755 42.947144
v 21.337414 11.682426 41.601372
v 27.133924 2.647093 50.990444
v 26.876774 4.020832 50.784279
v 26.570398 5.347167 50.406414
v 26.220039 6.603404 49.863319
v 25.831688 7.768048 49.164280
v 25.411993 8.821162 48.321259
v 24.968138 9.744725 47.348679
v 24.507710 10.522936 46.263180
v 24.038597 11.142464 45.083336
v 23.568819 11.592724 43.829338
v 23.106421 11.866004 42.522640
v 22.655216 11.958043 41.173191
v 26.359970 8.886494 48.013245
v 26.031750 9.818026 47.003086
v 25.668764 10.602952 45.885929
v 24.863821 11.681971 43.408566
v 23.995958 12.050443 40.737556
v 27.306482 1.249998 50.926304
v 27.278194 2.646628 50.839245
v 27.193815 4.019361 50.579556
v 27.054790 5.344711 50.151680
v 26.623207 7.763746 48.823402
v 26.338036 8.816040 47.945736
v 26.012859 9.738879 46.944942
v 25.265335 11.135509 44.644302
v 24.431581 11.858459 42.078274
v 27.451569 2.634680 50.782913
v 27.537600 3.995669 50.467854
v 27.563099 5.309680 49.986519
v 27.527634 6.554228 49.347149
v 27.431810 7.708020 48.560677
v 27.277267 8.751312 47.640560
v 27.066648 9.666256 46.602543
v 26.803558 10.437194 45.464390
v 26.492500 11.050938 44.245575
v 26.138794 11.496984 42.966946
v 25.748491 11.767702 41.650383
v 25.328272 11.858459 40.318417
v 27.621975 2.599039 50.727547
v 27.875498 3.924998 50.358063
v 28.062710 5.205187 49.824188
v 28.180408 6.417701 49.135048
v 28.226578 7.541795 48.302441
v 28.200430 8.558234 47.340607
v 28.102409 9.449628 46.266003
v 27.934196 10.200724 45.097023
v 27.698669 10.798669 43.853664
v 27.399857 11.233234 42.557201
v 27.042871 11.496985 41.229813
v 26.633820 11.585405 39.894218
v 27.786503 2.540316 50.674088
v 28.201735 3.808557 50.252064
v 28.545076 5.033020 49.667458
v 28.810650 6.192753 48.930271
v 28.993910 7.267916 48.053120
v 29.091724 8.240109 47.051006
v 29.102417 9.092702 45.941086
v 29.025805 9.811103 44.742340
v 28.863203 10.383020 43.475285
v 28.617388 10.798670 42.161602
v 28.292570 11.050940 40.823765
v 27.894302 11.135510 39.484665
v 27.942329 2.459515 50.623451
v 28.510725 3.648337 50.151665
v 29.001942 4.796124 49.519012
v 29.407574 5.883234 48.736320
v 29.720678 6.891069 47.816978
v 29.935902 7.802383 46.776714
v 30.049562 8.601585 45.633335
v 30.059710 9.274999 44.406403
v 29.966175 9.811103 43.116909
v 29.770559 10.200724 41.786911
v 29.476208 10.437197 40.439178
v 29.088152 10.516472 39.096756
v 28.086796 2.358019 50.576515
v 28.797186 3.447082 50.058590
v 29.425493 4.498552 49.381393
v 29.960970 5.494439 48.556511
v 30.394449 6.417701 47.598057
v 30.718521 7.252542 46.522427
v 30.927637 7.984681 45.348034
v 31.018219 8.601585 44.094963
v 30.988716 9.092702 42.784664
v 30.839634 9.449629 41.439548
v 30.573528 9.666257 40.082638
v 30.194941 9.738880 38.737141
v 28.217426 2.237565 50.534069
v 29.056210 3.208234 49.974426
v 29.808479 4.145397 49.256950
v 30.461365 5.033020 48.393921
v 31.003696 5.855913 47.400101
v 31.426188 6.599998 46.292492
v 31.721619 7.252544 45.090054
v 31.884930 7.802385 43.813354
v 31.913328 8.240111 42.484238
v 31.806326 8.558235 41.125454
v 31.565758 8.751313 39.760242
v 31.195736 8.816043 38.411964
v 28.331985 2.100213 50.496845
v 29.283369 2.935880 49.900620
v 30.144352 3.742702 49.147820
v 30.900202 4.506872 48.251335
v 31.537987 5.215316 47.226498
v 32.046795 5.855912 46.090847
v 32.417923 6.417702 44.863811
v 32.645016 6.891070 43.566387
v 32.724190 7.267916 42.220776
v 32.654091 7.541796 40.849995
v 32.435921 7.708021 39.477505
v 32.073410 7.763747 38.126789
v 28.428513 1.948313 50.465481
v 29.474771 2.634680 49.838428
v 30.427357 3.297354 49.055866
v 31.269968 3.924998 48.131187
v 31.988186 4.506872 47.080219
v 32.569725 5.033019 45.920937
v 33.004631 5.494439 44.673176
v 33.285473 5.883235 43.358292
v 33.407433 6.192754 41.998775
v 33.368427 6.417701 40.617897
v 33.169128 6.554229 39.239277
v 32.812943 6.599999 37.886501
v 28.505362 1.784465 50.440514
v 29.627150 2.309788 49.788918
v 30.652660 2.816977 48.982662
v 31.564337 3.297355 48.035545
v 32.346588 3.742701 46.963768
v 32.986027 4.145396 45.785671
v 33.471714 4.498552 44.521412
v 33.795338 4.796124 43.192627
v 33.951359 5.033020 41.822044
v 33.937107 5.205187 40.433121
v 33.752831 5.309680 39.049618
v 33.401684 5.344712 37.695210
v 28.561207 1.611472 50.422371
v 29.737892 1.966762 49.752934
v 30.816401 2.309788 48.929459
v 31.778276 2.634680 47.966030
v 32.607063 2.935880 46.879135
v 33.288582 3.208233 45.687366
v 33.811169 3.447082 44.411118
v 34.165890 3.648339 43.072227
v 34.346664 3.808557 41.693600
v 34.350403 3.924998 40.298832
v 34.177048 3.995670 38.911781
v 33.829559 4.019362 37.556183
v 28.595104 1.432295 50.411354
v 29.805105 1.611472 49.731098
v 30.915779 1.784465 48.897167
v 31.908121 1.948313 47.923840
v 32.765152 2.100212 46.827766
v 33.472210 2.237564 45.627701
v 34.017197 2.358019 44.344173
v 34.390785 2.459516 42.999153
v 34.586586 2.540316 41.615646
v 34.601246 2.599039 40.217327
v 34.434517 2.634680 38.828125
v 34.089249 2.646628 37.471806
v 28.606468 1.249998 50.407661
v 29.827637 1.249998 49.723774
v 30.949095 1.249997 48.886345
v 31.951651 1.249997 47.909695
v 32.818150 1.249997 46.810547
v 33.533772 1.249997 45.607697
v 34.086266 1.249997 44.321735
v 34.466183 1.249998 42.974655
v 34.667019 1.249997 41.589512
v 34.685337 1.249997 40.190006
v 34.520828 1.249998 38.800079
v 34.176308 1.249997 37.443516
v 28.595104 1.067701 50.411354
v 29.805105 0.888523 49.731098
v 30.915779 0.715530 48.897167
v 31.908121 0.551682 47.923840
v 32.765152 0.399782 46.827766
v 33.472210 0.262430 45.627701
v 34.017197 0.141976 44.344173
v 34.390785 0.040480 42.999153
v 34.586586 -0.040321 41.615646
v 34.601246 -0.099045 40.217327
v 34.434517 -0.134684 38.828125
v 34.089249 -0.146633 37.471806
v 28.561207 0.888523 50.422371
v 29.737892 0.533233 49.752934
v 30.816401 0.190207 48.929459
v 31.778276 -0.134685 47.966030
v 32.607063 -0.435885 46.879135
v 33.288582 -0.708239 45.687366
v 33.811169 -0.947087 44.411118
v 34.165890 -1.148343 43.072224
v 34.346664 -1.308562 41.693600
v 34.350403 -1.425004 40.298832
v 34.177048 -1.495674 38.911781
v 33.829559 -1.519368 37.556183
v 28.505362 0.715530 50.440514
v 29.627150 0.190208 49.788918
v 30.652660 -0.316982 48.982662
v 31.564341 -0.797360 48.035542
v 32.346588 -1.242707 46.963768
v 32.986027 -1.645403 45.785671
v 33.471714 -1.998558 44.521412
v 33.795338 -2.296129 43.192627
v 33.951359 -2.533025 41.822044
v 33.937107 -2.705193 40.433121
v 33.752831 -2.809685 39.049618
v 33.401688 -2.844717 37.695210
v 28.428513 0.551682 50.465481
v 29.474771 -0.134685 49.838428
v 30.427357 -0.797360 49.055866
v 31.269968 -1.425004 48.131187
v 31.988186 -2.006878 47.080219
v 32.569725 -2.533025 45.920937
v 33.004635 -2.994445 44.673176
v 33.285473 -3.383240 43.358292
v 33.407433 -3.692760 41.998775
v 33.368427 -3.917708 40.617897
v 33.169128 -4.054234 39.239273
v 32.812943 -4.100005 37.886501
v 28.331985 0.399783 50.496845
v 29.283369 -0.435885 49.900620
v 30.144352 -1.242707 49.147820
v 30.900202 -2.006878 48.251335
v 31.537987 -2.715323 47.226498
v 32.046795 -3.355919 46.090847
v 32.417923 -3.917708 44.863811
v 32.645016 -4.391075 43.566387
v 32.724194 -4.767923 42.220776
v 32.654095 -5.041802 40.849995
v 32.435921 -5.208026 39.477505
v 32.073410 -5.263753 38.126789
v 28.217426 0.262430 50.534069
v 29.056210 -0.708239 49.974426
v 29.808479 -1.645403 49.256950
v 30.461365 -2.533026 48.393921
v 31.003696 -3.355920 47.400101
v 31.426188 -4.100004 46.292492
v 31.721619 -4.752550 45.090054
v 31.884933 -5.302391 43.813354
v 31.913332 -5.740118 42.484238
v 31.806326 -6.058242 41.125454
v 31.565758 -6.251319 39.760242
v 31.195740 -6.316050 38.411964
v 28.086796 0.141976 50.576515
v 28.797186 -0.947087 50.058590
v 29.425493 -1.998559 49.381393
v 29.960970 -2.994446 48.556511
v 30.394449 -3.917709 47.598057
v 30.718521 -4.752549 46.522427
v 30.927637 -5.484688 45.348034
v 31.018219 -6.101592 44.094963
v 30.988716 -6.592710 42.784664
v 30.839634 -6.949635 41.439548
v 30.573526 -7.166263 40.082638
v 30.194944 -7.238889 38.737141
v 27.942329 0.040480 50.623451
v 28.510725 -1.148343 50.151665
v 29.001942 -2.296130 49.519012
v 29.407576 -3.383242 48.736317
v 29.720678 -4.391077 47.816978
v 29.935902 -5.302389 46.776718
v 30.049562 -6.101593 45.633335
v 30.059710 -6.775006 44.406403
v 29.966179 -7.311110 43.116905
v 29.770559 -7.700731 41.786911
v 29.476204 -7.937201 40.439178
v 29.088154 -8.016480 39.096756
v 27.786503 -0.040321 50.674088
v 28.201735 -1.308562 50.252064
v 28.545076 -2.533026 49.667458
v 28.810650 -3.692762 48.930271
v 28.993910 -4.767924 48.053120
v 29.091722 -5.740116 47.051006
v 29.102417 -6.592710 45.941086
v 29.025805 -7.311110 44.742340
v 28.863203 -7.883028 43.475285
v 28.617388 -8.298676 42.161602
v 28.292570 -8.550945 40.823765
v 27.894306 -8.635520 39.484661
v 27.621975 -0.099044 50.727547
v 27.875498 -1.425004 50.358063
v 28.062710 -2.705194 49.824188
v 28.180408 -3.917710 49.135048
v 28.226578 -5.041803 48.302441
v 28.200426 -6.058240 47.340607
v 28.102409 -6.949636 46.266003
v 27.934196 -7.700730 45.097023
v 27.698671 -8.298677 43.853664
v 27.399857 -8.733243 42.557201
v 27.042871 -8.996992 41.229813
v 26.633823 -9.085416 39.894218
v 27.451569 -0.134685 50.782913
v 27.537600 -1.495675 50.467854
v 27.563099 -2.809687 49.986519
v 27.527634 -4.054237 49.347149
v 27.431810 -5.208028 48.560677
v 27.277267 -6.251318 47.640560
v 27.066648 -7.166265 46.602543
v 26.803558 -7.937201 45.464390
v 26.492500 -8.550946 44.245575
v 26.138794 -8.996993 42.966946
v 25.748491 -9.267710 41.650383
v 25.328272 -9.358470 40.318417
v 27.278194 -0.146633 50.839245
v 27.193815 -1.519367 50.579556
v 27.054790 -2.844718 50.151680
v 26.863497 -4.100007 49.562939
v 26.623207 -5.263753 48.823402
v 26.338036 -6.316046 47.945736
v 26.012856 -7.238888 46.944942
v 25.653240 -8.016477 45.838154
v 25.265335 -8.635519 44.644302
v 24.855778 -9.085414 43.383823
v 24.431580 -9.358466 42.078274
v 23.999998 -9.450010 40.750000
v 27.104818 -0.134685 50.895576
v 26.850033 -1.495675 50.691257
v 26.546482 -2.809687 50.316841
v 26.199358 -4.054237 49.778728
v 25.814606 -5.208028 49.086136
v 25.398804 -6.251318 48.250912
v 24.959064 -7.166265 47.287338
v 24.502920 -7.937201 46.211914
v 24.038168 -8.550947 45.043034
v 23.572762 -8.996993 43.800701
v 23.114670 -9.267710 42.506165
v 22.671722 -9.358470 41.181583
v 26.934410 -0.099044 50.950943
v 26.512131 -1.425004 50.801052
v 26.046869 -2.705194 50.479172
v 25.546583 -3.917710 49.990829
v 25.019836 -5.041803 49.344372
v 24.475639 -6.058240 48.550861
v 23.923306 -6.949636 47.623878
v 23.372282 -7.700729 46.579281
v 22.832001 -8.298678 45.434944
v 22.311699 -8.733244 44.210442
v 21.820290 -8.996993 42.926735
v 21.366175 -9.085416 41.605782
v 26.769886 -0.040321 51.004402
v 26.185894 -1.308562 50.907051
v 25.564503 -2.533026 50.635902
v 24.916344 -3.692762 50.195610
v 24.252504 -4.767924 49.593693
v 23.584345 -5.740116 48.840462
v 22.923296 -6.592710 47.948803
v 22.280672 -7.311108 46.933968
v 21.667465 -7.883030 45.813324
v 21.094168 -8.298678 44.606041
v 20.570591 -8.550946 43.332787
v 20.105692 -8.635520 42.015339
v 26.614056 0.040480 51.055038
v 25.876904 -1.148343 51.007442
v 25.107637 -2.296130 50.784348
v 24.319418 -3.383242 50.389557
v 23.525732 -4.391077 49.829834
v 22.740166 -5.302389 49.114754
v 21.976151 -6.101593 48.256546
v 21.246769 -6.775003 47.269901
v 20.564491 -7.311112 46.171700
v 19.940996 -7.700732 44.980732
v 19.386955 -7.937202 43.717373
v 18.911842 -8.016480 42.403240
v 26.469591 0.141976 51.101978
v 25.590446 -0.947087 51.100521
v 24.684086 -1.998559 50.921967
v 23.766024 -2.994446 50.569366
v 22.851961 -3.917709 50.048756
v 21.957546 -4.752549 49.369041
v 21.098076 -5.484689 48.541851
v 20.288260 -6.101590 47.581337
v 19.541950 -6.592711 46.503944
v 18.871918 -6.949636 45.328094
v 18.289635 -7.166264 44.073914
v 17.805050 -7.238890 42.762859
v 26.338963 0.262430 51.144421
v 25.331419 -0.708239 51.184685
v 24.301100 -1.645404 51.046406
v 23.265625 -2.533027 50.731956
v 22.242718 -3.355920 50.246716
v 21.249880 -4.100004 49.598976
v 20.304092 -4.752552 48.799831
v 19.421547 -5.302389 47.862953
v 18.617338 -5.740119 46.804367
v 17.905226 -6.058242 45.642193
v 17.297401 -6.251319 44.396313
v 16.804256 -6.316051 43.088036
v 26.224401 0.399783 51.181644
v 25.104263 -0.435885 51.258492
v 23.965229 -1.242707 51.155537
v 22.826790 -2.006879 50.874542
v 21.708424 -2.715322 50.420315
v 20.629272 -3.355918 49.800621
v 19.607788 -3.917709 49.026073
v 18.661461 -4.391073 48.109921
v 17.806473 -4.767924 47.067833
v 17.057461 -5.041801 45.917648
v 16.427240 -5.208026 44.679043
v 15.926584 -5.263755 43.373211
v 26.127874 0.551682 51.213009
v 24.912857 -0.134685 51.320683
v 23.682222 -0.797360 51.247494
v 22.457024 -1.425004 50.994690
v 21.258226 -2.006878 50.566597
v 20.106342 -2.533024 49.970535
v 19.021076 -2.994445 49.216709
v 18.021008 -3.383238 48.318016
v 17.123234 -3.692761 47.289833
v 16.343126 -3.917707 46.149750
v 15.694033 -4.054234 44.917278
v 15.187052 -4.100007 43.613499
v 26.051027 0.715530 51.237976
v 24.760481 0.190208 51.370193
v 23.456919 -0.316982 51.320694
v 22.162651 -0.797360 51.090336
v 20.899822 -1.242706 50.683044
v 19.690041 -1.645401 50.105797
v 18.553997 -1.998558 49.368473
v 17.511143 -2.296127 48.483681
v 16.579308 -2.533026 47.466564
v 15.774446 -2.705191 46.334526
v 15.110328 -2.809685 45.106934
v 14.598310 -2.844718 43.804794
v 25.995176 0.888523 51.256119
v 24.649738 0.533234 51.406174
v 23.293179 0.190208 51.373898
v 21.948713 -0.134685 51.159847
v 20.639347 -0.435884 50.767677
v 19.387487 -0.708238 50.204105
v 18.214540 -0.947087 49.478767
v 17.140591 -1.148340 48.604080
v 16.184002 -1.308562 47.595005
v 15.361148 -1.425001 46.468815
v 14.686110 -1.495674 45.244770
v 14.170432 -1.519367 43.943821
v 25.961283 1.067701 51.267136
v 24.582525 0.888524 51.428013
v 23.193800 0.715530 51.406193
v 21.818869 0.551683 51.202034
v 20.481258 0.399784 50.819046
v 19.203857 0.262432 50.263767
v 18.008514 0.141977 49.545712
v 16.915693 0.040482 48.677151
v 15.944080 -0.040320 47.672962
v 15.110308 -0.099041 46.550316
v 14.428644 -0.134683 45.328426
v 13.910744 -0.146632 44.028198
v 25.949919 1.249998 51.270832
v 24.559992 1.249998 51.435341
v 23.160482 1.249998 51.417015
v 21.775337 1.249998 51.216179
v 20.428259 1.249999 50.836266
v 19.142298 1.249999 50.283772
v 17.939445 1.249999 49.568153
v 16.840298 1.250000 48.701649
v 15.863648 1.249999 47.699097
v 15.026215 1.250001 46.577641
v 14.342329 1.250000 45.356472
v 13.823682 1.249999 44.056488
v 25.961283 1.432295 51.267136
v 24.582525 1.611473 51.428013
v 23.193800 1.784466 51.406193
v 21.818869 1.948315 51.202034
v 20.481258 2.100215 50.819046
v 19.203857 2.237566 50.263767
v 18.008514 2.358022 49.545712
v 16.915693 2.459518 48.677151
v 15.944078 2.540318 47.672962
v 15.110308 2.599044 46.550316
v 14.428644 2.634683 45.328426
v 13.910744 2.646631 44.028198
v 25.995176 1.611473 51.256119
v 24.649738 1.966763 51.406174
v 23.293179 2.309789 51.373898
v 21.948713 2.634682 51.159847
v 20.639347 2.935883 50.767677
v 19.387487 3.208236 50.204105
v 18.214540 3.447086 49.478767
v 17.140591 3.648341 48.604080
v 16.184000 3.808560 47.595005
v 15.361150 3.925004 46.468811
v 14.686110 3.995673 45.244770
v 14.170432 4.019367 43.943821
v 26.051027 1.784466 51.237976
v 24.760481 2.309789 51.370193
v 23.456919 2.816978 51.320694
v 22.162651 3.297357 51.090336
v 20.899822 3.742705 50.683044
v 19.690041 4.145400 50.105797
v 18.553997 4.498557 49.368473
v 17.511145 4.796127 48.483681
v 16.579308 5.033024 47.466564
v 15.774446 5.205194 46.334526
v 15.110328 5.309685 45.106934
v 14.598310 5.344717 43.804794
v 26.127874 1.948314 51.213009
v 24.912857 2.634681 51.320683
v 23.682222 3.297357 51.247494
v 22.457024 3.925002 50.994690
v 21.258226 4.506876 50.566597
v 20.106342 5.033022 49.970535
v 19.021078 5.494444 49.216709
v 18.021009 5.883238 48.318012
v 17.123234 6.192760 47.289833
v 16.343128 6.417709 46.149750
v 15.694033 6.554234 44.917278
v 15.187052 6.600006 43.613499
v 26.224401 2.100214 51.181644
v 25.104263 2.935882 51.258492
v 23.965229 3.742704 51.155537
v 22.826790 4.506876 50.874542
v 21.708424 5.215321 50.420315
v 20.629272 5.855917 49.800621
v 19.607790 6.417708 49.026073
v 18.661465 6.891073 48.109921
v 17.806475 7.267923 47.067833
v 17.057463 7.541805 45.917648
v 16.427240 7.708026 44.679043
v 15.926584 7.763754 43.373211
v 26.338963 2.237566 51.144421
v 25.331423 3.208236 51.184685
v 24.301100 4.145400 51.046406
v 23.265625 5.033024 50.731956
v 22.242718 5.855919 50.246716
v 21.249880 6.600002 49.598972
v 20.304094 7.252551 48.799831
v 19.421551 7.802389 47.862953
v 18.617338 8.240119 46.804367
v 17.905230 8.558245 45.642193
v 17.297403 8.751320 44.396313
v 16.804256 8.816051 43.088036
v 26.469591 2.358021 51.101978
v 25.590446 3.447084 51.100521
v 24.684086 4.498556 50.921967
v 23.766024 5.494444 50.569366
v 22.851961 6.417708 50.048756
v 21.957548 7.252548 49.369041
v 21.098078 7.984688 48.541851
v 20.288261 8.601590 47.581337
v 19.541952 9.092710 46.503944
v 18.871923 9.449639 45.328094
v 18.289635 9.666264 44.073914
v 17.805050 9.738891 42.762859
v 26.614058 2.459517 51.055038
v 25.876904 3.648339 51.007442
v 25.107637 4.796127 50.784348
v 24.319418 5.883240 50.389557
v 23.525732 6.891076 49.829834
v 22.740168 7.802388 49.114754
v 21.976154 8.601593 48.256546
v 21.246771 9.275003 47.269901
v 20.564493 9.811112 46.171700
v 19.941000 10.200735 44.980728
v 19.386955 10.437203 43.717373
v 18.911842 10.516483 42.403240
v 26.769886 2.540318 51.004402
v 26.185894 3.808558 50.907051
v 25.564503 5.033023 50.635902
v 24.916344 6.192760 50.195606
v 24.252504 7.267924 49.593693
v 23.584347 8.240115 48.840462
v 22.923298 9.092710 47.948803
v 22.280676 9.811107 46.933964
v 21.667467 10.383030 45.813324
v 21.094172 10.798681 44.606041
v 20.570595 11.050947 43.332787
v 20.105692 11.135524 42.015339
v 26.934412 2.599041 50.950943
v 26.512131 3.925000 50.801052
v 26.046869 5.205191 50.479172
v 25.546587 6.417709 49.990829
v 25.019836 7.541804 49.344372
v 24.475641 8.558239 48.550861
v 23.923306 9.449636 47.623878
v 23.372286 10.200727 46.579281
v 22.832001 10.798679 45.434944
v 22.311705 11.233247 44.210442
v 21.820292 11.496994 42.926735
v 21.366177 11.585421 41.605782
v 27.104818 2.634681 50.895576
v 26.850033 3.995672 50.691257
v 26.546482 5.309684 50.316841
v 26.199358 6.554235 49.778728
v 25.814606 7.708029 49.086136
v 25.398804 8.751317 48.250908
v 24.959068 9.666265 47.287338
v 24.502922 10.437199 46.211914
v 24.038170 11.050948 45.043034
v 23.572769 11.496997 43.800697
v 23.114672 11.767713 42.506165
v 22.671724 11.858475 41.181583
v 26.863497 6.600006 49.562939
v 25.653244 10.516475 45.838150
v 24.855785 11.585418 43.383820
v 24.000000 11.950014 40.750000
v 25.000000 1.249998 46.049999
v 25.000000 2.649998 45.674873
v 25.000000 3.229897 41.270100
v 25.000000 2.649998 40.825127
v 25.000000 1.249998 40.450001
v 25.187565 1.949998 45.954594
v 25.362345 2.602294 45.674873
v 25.512436 3.162434 45.229900
v 25.627604 3.592244 44.650002
v 25.700001 3.862434 43.974693
v 25.724693 3.954591 43.250000
v 25.700001 3.862434 42.525307
v 25.627604 3.592244 41.850002
v 25.512436 3.162434 41.270100
v 25.362345 2.602294 40.825127
v 25.187565 1.949998 40.545406
v 25.362345 1.877601 45.954594
v 25.700001 2.462434 45.674873
v 25.989950 2.964641 45.229900
v 26.212437 3.349998 44.650002
v 26.352295 3.592244 43.974693
v 26.400000 3.674869 43.250000
v 26.352295 3.592244 42.525307
v 26.212437 3.349998 41.850002
v 25.989950 2.964641 41.270100
v 25.700001 2.462434 40.825127
v 25.362345 1.877601 40.545406
v 25.512436 1.762434 45.954594
v 25.989950 2.239948 45.674873
v 26.400000 2.649998 45.229900
v 26.714643 2.964641 44.650002
v 26.912436 3.162434 43.974693
v 26.979900 3.229897 43.250000
v 26.912436 3.162434 42.525307
v 26.714643 2.964641 41.850002
v 26.400000 2.649998 41.270100
v 25.989950 2.239948 40.825127
v 25.512436 1.762434 40.545406
v 25.627604 1.612345 45.954594
v 26.212437 1.949998 45.674873
v 26.714643 2.239947 45.229900
v 27.100000 2.462434 44.650002
v 27.342245 2.602294 43.974693
v 27.424871 2.649998 43.250000
v 27.342245 2.602294 42.525307
v 27.100000 2.462434 41.850002
v 26.714643 2.239948 41.270100
v 26.212437 1.949998 40.825127
v 25.627604 1.612345 40.545406
v 25.700001 1.437562 45.954594
v 26.352295 1.612345 45.674873
v 26.912436 1.762433 45.229900
v 27.342245 1.877601 44.650002
v 27.612436 1.949998 43.974693
v 27.704594 1.974691 43.250000
v 27.612436 1.949998 42.525307
v 27.342245 1.877601 41.850002
v 26.912436 1.762434 41.270100
v 26.352295 1.612345 40.825127
v 25.700001 1.437563 40.545406
v 25.724693 1.249998 45.954594
v 26.400000 1.249998 45.674873
v 26.979900 1.249998 45.229900
v 27.424871 1.249998 44.650002
v 27.704594 1.249998 43.974693
v 27.799999 1.249998 43.250000
v 27.704594 1.249998 42.525307
v 27.424871 1.249998 41.850002
v 26.979900 1.249998 41.270100
v 26.400000 1.249998 40.825127
v 25.724693 1.249998 40.545406
v 25.700001 1.062434 45.954594
v 26.352295 0.887651 45.674873
v 26.912436 0.737562 45.229900
v 27.342245 0.622395 44.650002
v 27.612436 0.549998 43.974693
v 27.704594 0.525305 43.250000
v 27.612436 0.549998 42.525307
v 27.342245 0.622395 41.850002
v 26.912436 0.737563 41.270100
v 26.352295 0.887652 40.825127
v 25.700001 1.062434 40.545406
v 25.627604 0.887651 45.954594
v 26.212437 0.549998 45.674873
v 26.714643 0.260049 45.229900
v 27.100000 0.037562 44.650002
v 27.342245 -0.102298 43.974693
v 27.424871 -0.150002 43.250000
v 27.342245 -0.102298 42.525307
v 27.100000 0.037563 41.850002
v 26.714643 0.260049 41.270100
v 26.212437 0.549998 40.825127
v 25.627604 0.887652 40.545406
v 25.512436 0.737562 45.954594
v 25.989950 0.260049 45.674873
v 26.400000 -0.150002 45.229900
v 26.714643 -0.464645 44.650002
v 26.912436 -0.662438 43.974693
v 26.979900 -0.729901 43.250000
v 26.912436 -0.662438 42.525307
v 26.714643 -0.464645 41.850002
v 26.400000 -0.150002 41.270100
v 25.989950 0.260049 40.825127
v 25.512436 0.737563 40.545406
v 25.362345 0.622395 45.954594
v 25.700001 0.037562 45.674873
v 25.989950 -0.464645 45.229900
v 26.212437 -0.850002 44.650002
v 26.352295 -1.092248 43.974693
v 26.400000 -1.174873 43.250000
v 26.352295 -1.092248 42.525307
v 26.212437 -0.850002 41.850002
v 25.989950 -0.464644 41.270100
v 25.700001 0.037563 40.825127
v 25.362345 0.622395 40.545406
v 25.187565 0.549998 45.954594
v 25.362345 -0.102298 45.674873
v 25.512436 -0.662437 45.229900
v 25.627604 -1.092248 44.650002
v 25.700001 -1.362438 43.974693
v 25.724693 -1.454594 43.250000
v 25.700001 -1.362438 42.525307
v 25.627604 -1.092248 41.850002
v 25.512436 -0.662437 41.270100
v 25.362345 -0.102298 40.825127
v 25.187565 0.549998 40.545406
v 25.000000 0.525305 45.954594
v 25.000000 -0.150002 45.674873
v 25.000000 -0.729900 45.229900
v 25.000000 -1.174874 44.650002
v 25.000000 -1.454595 43.974693
v 25.000000 -1.550002 43.250000
v 25.000000 -1.454595 42.525307
v 25.000000 -1.174874 41.850002
v 25.000000 -0.729900 41.270100
v 25.000000 -0.150002 40.825127
v 25.000000 0.525305 40.545406
v 24.812435 0.549998 45.954594
v 24.637653 -0.102298 45.674873
v 24.487564 -0.662437 45.229900
v 24.372396 -1.092248 44.650002
v 24.299999 -1.362438 43.974693
v 24.275307 -1.454594 43.250000
v 24.299999 -1.362438 42.525307
v 24.372396 -1.092248 41.850002
v 24.487564 -0.662437 41.270100
v 24.637653 -0.102298 40.825127
v 24.812435 0.549998 40.545406
v 24.637653 0.622395 45.954594
v 24.299999 0.037562 45.674873
v 24.010050 -0.464644 45.229900
v 23.787563 -0.850003 44.650002
v 23.647703 -1.092248 43.974693
v 23.600000 -1.174873 43.250000
v 23.647703 -1.092248 42.525307
v 23.787563 -0.850003 41.850002
v 24.010050 -0.464644 41.270100
v 24.299999 0.037563 40.825127
v 24.637653 0.622395 40.545406
v 24.487564 0.737562 45.954594
v 24.010050 0.260049 45.674873
v 23.600000 -0.150001 45.229900
v 23.285357 -0.464646 44.650002
v 23.087564 -0.662438 43.974693
v 23.020100 -0.729901 43.250000
v 23.087564 -0.662438 42.525307
v 23.285357 -0.464646 41.850002
v 23.600000 -0.150001 41.270100
v 24.010050 0.260049 40.825127
v 24.487564 0.737563 40.545406
v 24.372396 0.887651 45.954594
v 23.787563 0.549998 45.674873
v 23.285358 0.260049 45.229900
v 22.900000 0.037562 44.650002
v 22.657753 -0.102299 43.974693
v 22.575129 -0.150002 43.250000
v 22.657753 -0.102298 42.525307
v 22.900000 0.037562 41.850002
v 23.285358 0.260049 41.270100
v 23.787563 0.549998 40.825127
v 24.372396 0.887652 40.545406
v 24.299999 1.062433 45.954594
v 23.647703 0.887651 45.674873
v 23.087566 0.737563 45.229900
v 22.657753 0.622395 44.650002
v 22.387564 0.549998 43.974693
v 22.295408 0.525305 43.250000
v 22.387564 0.549998 42.525307
v 22.657753 0.622395 41.850002
v 23.087566 0.737563 41.270100
v 23.647703 0.887652 40.825127
v 24.299999 1.062434 40.545406
v 24.275307 1.249998 45.954594
v 23.600000 1.249998 45.674873
v 23.020102 1.249998 45.229900
v 22.575129 1.249998 44.650002
v 22.295406 1.249998 43.974693
v 22.200001 1.249998 43.250000
v 22.295406 1.249998 42.525307
v 22.575129 1.249998 41.850002
v 23.020102 1.249998 41.270100
v 23.600000 1.249998 40.825127
v 24.275307 1.249998 40.545406
v 24.299999 1.437562 45.954594
v 23.647703 1.612345 45.674873
v 23.087566 1.762434 45.229900
v 22.657753 1.877601 44.650002
v 22.387564 1.949998 43.974693
v 22.295408 1.974691 43.250000
v 22.387564 1.949998 42.525307
v 22.657753 1.877601 41.850002
v 23.087566 1.762434 41.270100
v 23.647703 1.612345 40.825127
v 24.299999 1.437563 40.545406
v 24.372396 1.612345 45.954594
v 23.787563 1.949998 45.674873
v 23.285358 2.239947 45.229900
v 22.900000 2.462434 44.650002
v 22.657753 2.602294 43.974693
v 22.575129 2.649998 43.250000
v 22.657753 2.602294 42.525307
v 22.900000 2.462434 41.850002
v 23.285358 2.239948 41.270100
v 23.787563 1.949998 40.825127
v 24.372396 1.612345 40.545406
v 24.487564 1.762434 45.954594
v 24.010050 2.239948 45.674873
v 23.600000 2.649997 45.229900
v 23.285357 2.964642 44.650002
v 23.087564 3.162434 43.974693
v 23.020100 3.229897 43.250000
v 23.087564 3.162434 42.525307
v 23.285357 2.964642 41.850002
v 23.600000 2.649998 41.270100
v 24.010050 2.239948 40.825127
v 24.487564 1.762434 40.545406
v 24.637653 1.877601 45.954594
v 24.299999 2.462434 45.674873
v 24.010052 2.964640 45.229900
v 23.787563 3.349999 44.650002
v 23.647703 3.592244 43.974693
v 23.600000 3.674869 43.250000
v 23.647703 3.592244 42.525307
v 23.787563 3.349999 41.850002
v 24.010052 2.964640 41.270100
v 24.299999 2.462434 40.825127
v 24.637653 1.877601 40.545406
v 24.812435 1.949998 45.954594
v 24.637653 2.602294 45.674873
v 24.487566 3.162433 45.229900
v 24.372396 3.592245 44.650002
v 24.299999 3.862434 43.974693
v 24.275307 3.954591 43.250000
v 24.299999 3.862434 42.525307
v 24.372396 3.592245 41.850002
v 24.487566 3.162433 41.270100
v 24.637653 2.602294 40.825127
v 24.812435 1.949998 40.545406
v 25.000000 1.974691 45.954594
v 25.000000 3.229896 45.229900
v 25.000000 3.674870 44.650002
v 25.000000 3.954591 43.974693
v 25.000000 4.049998 43.250000
v 25.000000 3.954591 42.525307
v 25.000000 3.674870 41.850002
v 25.000000 1.974691 40.545406
vn -0.0000 0.7212 -0.6927
vn -0.0000 0.7212 0.6927
vn 0.0941 0.7151 -0.6927
vn 0.0941 0.7151 0.6927
vn 0.1867 0.6967 -0.6927
vn 0.1867 0.6967 0.6927
vn 0.2760 0.6663 -0.6927
vn 0.2760 0.6663 0.6927
vn 0.3606 0.6246 -0.6927
vn 0.3606 0.6246 0.6927
vn 0.4391 0.5722 -0.6927
vn 0.4391 0.5722 0.6927
vn 0.5100 0.5100 -0.6927
vn 0.5100 0.5100 0.6927
vn 0.5722 0.4391 -0.6927
vn 0.5722 0.4391 0.6927
vn 0.6246 0.3606 -0.6927
vn 0.6246 0.3606 0.6927
vn 0.6663 0.2760 -0.6927
vn 0.6663 0.2760 0.6927
vn 0.6967 0.1867 -0.6927
vn 0.6967 0.1867 0.6927
vn 0.7151 0.0941 -0.6927
vn 0.7151 0.0941 0.6927
vn 0.7212 -0.0000 -0.6927
vn 0.7212 -0.0000 0.6927
vn 0.7151 -0.0941 -0.6927
vn 0.7151 -0.0941 0.6927
vn 0.6967 -0.1867 -0.6927
vn 0.6967 -0.1867 0.6927
vn 0.6663 -0.2760 -0.6927
vn 0.6663 -0.2760 0.6927
vn 0.6246 -0.3606 -0.6927
vn 0.6246 -0.3606 0.6927
vn 0.5722 -0.4391 -0.6927
vn 0.5722 -0.4391 0.6927
vn 0.5100 -0.5100 -0.6927
vn 0.5100 -0.5100 0.6927
vn 0.4391 -0.5722 -0.6927
vn 0.4391 -0.5722 0.6927
vn 0.3606 -0.6246 -0.6927
vn 0.3606 -0.6246 0.6927
vn 0.2760 -0.6663 -0.6927
vn 0.2760 -0.6663 0.6927
vn 0.1867 -0.6967 -0.6927
vn 0.1867 -0.6967 0.6927
vn 0.0941 -0.7151 -0.6927
vn 0.0941 -0.7151 0.6927
vn -0.0000 -0.7212 -0.6927
vn -0.0000 -0.7212 0.6927
vn -0.0941 -0.7151 -0.6927
vn -0.0941 -0.7151 0.6927
vn -0.1867 -0.6967 -0.6927
vn -0.1867 -0.6967 0.6927
vn -0.2760 -0.6663 -0.6927
vn -0.2760 -0.6663 0.6927
vn -0.3606 -0.6246 -0.6927
vn -0.3606 -0.6246 0.6927
vn -0.4391 -0.5722 -0.6927
vn -0.4391 -0.5722 0.6927
vn -0.5100 -0.5100 -0.6927
vn -0.5100 -0.5100 0.6927
vn -0.5722 -0.4391 -0.6927
vn -0.5722 -0.4391 0.6927
vn -0.6246 -0.3606 -0.6927
vn -0.6246 -0.3606 0.6927
vn -0.6663 -0.2760 -0.6927
vn -0.6663 -0.2760 0.6927
vn -0.6967 -0.1867 -0.6927
vn -0.6967 -0.1867 0.6927
vn -0.7151 -0.0941 -0.6927
vn -0.7151 -0.0941 0.6927
vn -0.7212 -0.0000 -0.6927
vn -0.7212 -0.0000 0.6927
vn -0.7151 0.0941 -0.6927
vn -0.7151 0.0941 0.6927
vn -0.6967 0.1867 -0.6927
vn -0.6967 0.1867 0.6927
vn -0.6663 0.2760 -0.6927
vn -0.6663 0.2760 0.6927
vn -0.6246 0.3606 -0.6927
vn -0.6246 0.3606 0.6927
vn -0.5722 0.4391 -0.6927
vn -0.5722 0.4391 0.6927
vn -0.5100 0.5100 -0.6927
vn -0.5100 0.5100 0.6927
vn -0.4391 0.5722 -0.6927
vn -0.4391 0.5722 0.6927
vn -0.3606 0.6246 -0.6927
vn -0.3606 0.6246 0.6927
vn -0.2760 0.6663 -0.6927
vn -0.2760 0.6663 0.6927
vn -0.1867 0.6967 -0.6927
vn -0.1867 0.6967 0.6927
vn -0.0941 0.7151 -0.6927
vn -0.0941 0.7151 0.6927
vn -0.0000 0.7279 -0.6857
vn -0.0000 0.7279 0.6857
vn 0.1420 0.7139 -0.6857
vn 0.1420 0.7139 0.6857
vn 0.2785 0.6725 -0.6857
vn 0.2785 0.6725 0.6857
vn 0.4044 0.6052 -0.6857
vn 0.4044 0.6052 0.6857
vn 0.5147 0.5147 -0.6857
vn 0.5147 0.5147 0.6857
vn 0.6052 0.4044 -0.6857
vn 0.6052 0.4044 0.6857
vn 0.6725 0.2785 -0.6857
vn 0.6725 0.2785 0.6857
vn 0.7139 0.1420 -0.6857
vn 0.7139 0.1420 0.6857
vn 0.7279 -0.0000 -0.6857
vn 0.7279 -0.0000 0.6857
vn 0.7139 -0.1420 -0.6857
vn 0.7139 -0.1420 0.6857
vn 0.6725 -0.2785 -0.6857
vn 0.6725 -0.2785 0.6857
vn 0.6052 -0.4044 -0.6857
vn 0.6052 -0.4044 0.6857
vn 0.5147 -0.5147 -0.6857
vn 0.5147 -0.5147 0.6857
vn 0.4044 -0.6052 -0.6857
vn 0.4044 -0.6052 0.6857
vn 0.2785 -0.6725 -0.6857
vn 0.2785 -0.6725 0.6857
vn 0.1420 -0.7139 -0.6857
vn 0.1420 -0.7139 0.6857
vn -0.0000 -0.7279 -0.6857
vn -0.0000 -0.7279 0.6857
vn -0.1420 -0.7139 -0.6857
vn -0.1420 -0.7139 0.6857
vn -0.2785 -0.6725 -0.6857
vn -0.2785 -0.6725 0.6857
vn -0.4044 -0.6052 -0.6857
vn -0.4044 -0.6052 0.6857
vn -0.5147 -0.5147 -0.6857
vn -0.5147 -0.5147 0.6857
vn -0.6052 -0.4044 -0.6857
vn -0.6052 -0.4044 0.6857
vn -0.6725 -0.2785 -0.6857
vn -0.6725 -0.2785 0.6857
vn -0.7139 -0.1420 -0.6857
vn -0.7139 -0.1420 0.6857
vn -0.7279 -0.0000 -0.6857
vn -0.7279 -0.0000 0.6857
vn -0.7139 0.1420 -0.6857
vn -0.7139 0.1420 0.6857
vn -0.6725 0.2785 -0.6857
vn -0.6725 0.2785 0.6857
vn -0.6052 0.4044 -0.6857
vn -0.6052 0.4044 0.6857
vn -0.5147 0.5147 -0.6857
vn -0.5147 0.5147 0.6857
vn -0.4044 0.6052 -0.6857
vn -0.4044 0.6052 0.6857
vn -0.2785 0.6725 -0.6857
vn -0.2785 0.6725 0.6857
vn -0.1420 0.7139 -0.6857
vn -0.1420 0.7139 0.6857
vn -0.0000 0.7342 -0.6789
vn -0.0000 0.7342 0.6789
vn 0.1900 0.7092 -0.6789
vn 0.1900 0.7092 0.6789
vn 0.3671 0.6359 -0.6789
vn 0.3671 0.6359 0.6789
vn 0.5192 0.5192 -0.6789
vn 0.5192 0.5192 0.6789
vn 0.6359 0.3671 -0.6789
vn 0.6359 0.3671 0.6789
vn 0.7092 0.1900 -0.6789
vn 0.7092 0.1900 0.6789
vn 0.7342 -0.0000 -0.6789
vn 0.7342 -0.0000 0.6789
vn 0.7092 -0.1900 -0.6789
vn 0.7092 -0.1900 0.6789
vn 0.6359 -0.3671 -0.6789
vn 0.6359 -0.3671 0.6789
vn 0.5192 -0.5192 -0.6789
vn 0.5192 -0.5192 0.6789
vn 0.3671 -0.6359 -0.6789
vn 0.3671 -0.6359 0.6789
vn 0.1900 -0.7092 -0.6789
vn 0.1900 -0.7092 0.6789
vn -0.0000 -0.7342 -0.6789
vn -0.0000 -0.7342 0.6789
vn -0.1900 -0.7092 -0.6789
vn -0.1900 -0.7092 0.6789
vn -0.3671 -0.6359 -0.6789
vn -0.3671 -0.6359 0.6789
vn -0.5192 -0.5192 -0.6789
vn -0.5192 -0.5192 0.6789
vn -0.6359 -0.3671 -0.6789
vn -0.6359 -0.3671 0.6789
vn -0.7092 -0.1900 -0.6789
vn -0.7092 -0.1900 0.6789
vn -0.7342 -0.0000 -0.6789
vn -0.7342 -0.0000 0.6789
vn -0.7092 0.1900 -0.6789
vn -0.7092 0.1900 0.6789
vn -0.6359 0.3671 -0.6789
vn -0.6359 0.3671 0.6789
vn -0.5192 0.5192 -0.6789
vn -0.5192 0.5192 0.6789
vn -0.3671 0.6359 -0.6789
vn -0.3671 0.6359 0.6789
vn -0.1900 0.7092 -0.6789
vn -0.1900 0.7092 0.6789
vn -0.8666 -0.4901 0.0936
vn -0.5125 -0.8569 0.0552
vn -0.0176 -0.9998 0.0019
vn 0.4862 -0.8723 -0.0520
vn 0.8581 -0.5053 -0.0915
vn 0.9944 -0.0000 -0.1060
vn 0.8581 0.5053 -0.0915
vn 0.4862 0.8723 -0.0520
vn -0.0176 0.9998 0.0019
vn -0.5125 0.8569 0.0552
vn -0.8666 0.4901 0.0936
vn -0.9942 -0.0000 0.1074
vn -0.8483 -0.4917 0.1964
vn -0.5013 -0.8575 0.1160
vn -0.0192 -0.9998 0.0045
vn 0.4725 -0.8746 -0.1089
vn 0.8389 -0.5088 -0.1932
vn 0.9745 -0.0000 -0.2243
vn 0.8389 0.5088 -0.1932
vn 0.4725 0.8746 -0.1089
vn -0.0192 0.9998 0.0045
vn -0.5013 0.8575 0.1160
vn -0.8483 0.4917 0.1964
vn -0.9742 -0.0000 0.2256
vn -0.7740 -0.4912 0.3995
vn -0.4581 -0.8569 0.2364
vn -0.0189 -0.9998 0.0098
vn 0.4297 -0.8753 -0.2217
vn 0.7647 -0.5096 -0.3944
vn 0.8888 -0.0000 -0.4584
vn 0.7647 0.5096 -0.3944
vn 0.4297 0.8753 -0.2217
vn -0.0189 0.9998 0.0098
vn -0.4581 0.8569 0.2364
vn -0.7740 0.4912 0.3995
vn -0.8886 -0.0000 0.4587
vn -0.6485 -0.4914 0.5813
vn -0.3835 -0.8571 0.3438
vn -0.0154 -0.9998 0.0138
vn 0.3602 -0.8750 -0.3234
vn 0.6402 -0.5093 -0.5751
vn 0.7439 -0.0000 -0.6683
vn 0.6402 0.5093 -0.5751
vn 0.3602 0.8750 -0.3234
vn -0.0154 0.9998 0.0138
vn -0.3835 0.8571 0.3438
vn -0.6485 0.4914 0.5813
vn -0.7447 -0.0000 0.6674
vn -0.4942 -0.4923 0.7166
vn -0.2914 -0.8581 0.4227
vn -0.0104 -0.9998 0.0150
vn 0.2754 -0.8739 -0.4005
vn 0.4878 -0.5081 -0.7098
vn 0.5663 -0.0000 -0.8242
vn 0.4878 0.5081 -0.7098
vn 0.2754 0.8739 -0.4005
vn -0.0104 0.9998 0.0150
vn -0.2914 0.8581 0.4227
vn -0.4942 0.4923 0.7166
vn -0.5678 -0.0000 0.8232
vn -0.3389 -0.4935 0.8010
vn -0.1992 -0.8594 0.4709
vn -0.0060 -0.9999 0.0140
vn 0.1898 -0.8726 -0.4501
vn 0.3348 -0.5066 -0.7945
vn 0.3883 -0.0000 -0.9215
vn 0.3348 0.5066 -0.7945
vn 0.1898 0.8726 -0.4501
vn -0.0060 0.9999 0.0140
vn -0.1992 0.8594 0.4709
vn -0.3389 0.4935 0.8010
vn -0.3897 -0.0000 0.9209
vn -0.2002 -0.4947 0.8457
vn -0.1172 -0.8606 0.4955
vn -0.0029 -0.9999 0.0120
vn 0.1127 -0.8714 -0.4775
vn 0.1980 -0.5054 -0.8399
vn 0.2294 -0.0000 -0.9733
vn 0.1980 0.5054 -0.8399
vn 0.1127 0.8714 -0.4775
vn -0.0029 0.9999 0.0120
vn -0.1172 0.8606 0.4955
vn -0.2002 0.4947 0.8457
vn -0.2304 -0.0000 0.9731
vn -0.0830 -0.4957 0.8645
vn -0.0485 -0.8616 0.5052
vn -0.0010 -0.9999 0.0100
vn 0.0469 -0.8704 -0.4902
vn 0.0821 -0.5044 -0.8596
vn 0.0950 -0.0000 -0.9955
vn 0.0821 0.5044 -0.8596
vn 0.0469 0.8704 -0.4902
vn -0.0010 0.9999 0.0100
vn -0.0485 0.8616 0.5052
vn -0.0830 0.4957 0.8645
vn -0.0956 -0.0000 0.9954
vn 0.0143 -0.4964 0.8680
vn 0.0083 -0.8624 0.5062
vn 0.0001 -1.0000 0.0084
vn -0.0082 -0.8696 -0.4936
vn -0.0144 -0.5036 -0.8638
vn -0.0167 -0.0000 -0.9999
vn -0.0144 0.5036 -0.8638
vn -0.0082 0.8696 -0.4936
vn 0.0001 1.0000 0.0084
vn 0.0083 0.8624 0.5062
vn 0.0143 0.4964 0.8680
vn 0.0164 -0.0000 0.9999
vn 0.0953 -0.4970 0.8625
vn 0.0555 -0.8630 0.5022
vn 0.0008 -1.0000 0.0070
vn -0.0544 -0.8691 -0.4917
vn -0.0951 -0.5031 -0.8590
vn -0.1100 -0.0000 -0.9939
vn -0.0951 0.5031 -0.8590
vn -0.0544 0.8691 -0.4917
vn 0.0008 1.0000 0.0070
vn 0.0555 0.8630 0.5022
vn 0.0953 0.4970 0.8625
vn 0.1098 -0.0000 0.9940
vn 0.1637 -0.4974 0.8519
vn 0.0952 -0.8634 0.4955
vn 0.0011 -1.0000 0.0060
vn -0.0935 -0.8687 -0.4865
vn -0.1632 -0.5026 -0.8489
vn -0.1888 -0.0000 -0.9820
vn -0.1632 0.5026 -0.8489
vn -0.0935 0.8687 -0.4865
vn 0.0011 1.0000 0.0060
vn 0.0952 0.8634 0.4955
vn 0.1637 0.4974 0.8519
vn 0.1887 -0.0000 0.9820
vn 0.2225 -0.4977 0.8383
vn 0.1293 -0.8637 0.4871
vn 0.0014 -1.0000 0.0052
vn -0.1272 -0.8683 -0.4794
vn -0.2218 -0.5023 -0.8357
vn -0.2565 -0.0000 -0.9665
vn -0.2218 0.5023 -0.8357
vn -0.1272 0.8683 -0.4794
vn 0.0014 1.0000 0.0052
vn 0.1293 0.8637 0.4871
vn 0.2225 0.4977 0.8383
vn 0.2565 -0.0000 0.9665
vn 0.2496 -0.4977 0.8307
vn 0.1450 -0.8638 0.4825
vn 0.0014 -1.0000 0.0047
vn -0.1429 -0.8680 -0.4755
vn -0.2489 -0.5020 -0.8283
vn -0.2878 -0.0000 -0.9577
vn -0.2489 0.5020 -0.8283
vn -0.1429 0.8680 -0.4755
vn 0.0014 1.0000 0.0047
vn 0.1450 0.8638 0.4825
vn 0.2496 0.4977 0.8306
vn 0.2878 -0.0000 0.9577
vn 0.3090 -0.0000 0.9511
vn 0.3063 0.1332 0.9426
vn 0.2983 0.2614 0.9180
vn 0.2852 0.3850 0.8777
vn 0.2673 0.5020 0.8225
vn 0.2448 0.6105 0.7533
vn 0.1180 0.9243 0.3630
vn 0.0402 0.9915 0.1238
vn 0.3228 0.1321 0.9372
vn 0.3307 0.2591 0.9075
vn 0.3330 0.3817 0.8622
vn 0.3296 0.4977 0.8023
vn 0.3205 0.6052 0.7287
vn 0.3060 0.7024 0.6426
vn 0.2863 0.7876 0.5457
vn 0.2617 0.8593 0.4395
vn 0.2327 0.9164 0.3258
vn 0.1997 0.9578 0.2065
vn 0.1633 0.9830 0.0838
vn -0.1045 0.7576 -0.6443
vn 0.3390 0.1287 0.9319
vn 0.3626 0.2524 0.8971
vn 0.3800 0.3719 0.8470
vn 0.3908 0.4849 0.7824
vn 0.3950 0.5897 0.7044
vn 0.3925 0.6843 0.6145
vn 0.3832 0.7673 0.5142
vn 0.3675 0.8372 0.4051
vn 0.3455 0.8928 0.2891
vn 0.3176 0.9332 0.1682
vn 0.2843 0.9577 0.0445
vn -0.0113 0.7381 -0.6746
vn 0.3547 0.1231 0.9268
vn 0.3934 0.2415 0.8871
vn 0.4253 0.3557 0.8322
vn 0.4500 0.4638 0.7631
vn 0.4669 0.5640 0.6811
vn 0.4759 0.6545 0.5874
vn 0.4768 0.7339 0.4838
vn 0.4696 0.8007 0.3719
vn 0.4544 0.8539 0.2537
vn 0.4314 0.8926 0.1313
vn 0.4011 0.9160 0.0066
vn 0.0787 0.7059 -0.7039
vn 0.3696 0.1154 0.9220
vn 0.4226 0.2263 0.8776
vn 0.4683 0.3334 0.8183
vn 0.5060 0.4348 0.7449
vn 0.5350 0.5287 0.6590
vn 0.5550 0.6135 0.5617
vn 0.5655 0.6879 0.4550
vn 0.5663 0.7506 0.3405
vn 0.5575 0.8004 0.2202
vn 0.5392 0.8367 0.0962
vn 0.5117 0.8587 -0.0294
vn 0.1640 0.6617 -0.7316
vn 0.3834 0.1057 0.9175
vn 0.4496 0.2073 0.8688
vn 0.5081 0.3054 0.8053
vn 0.5579 0.3983 0.7281
vn 0.5982 0.4843 0.6384
vn 0.6283 0.5621 0.5379
vn 0.6476 0.6302 0.4283
vn 0.6559 0.6876 0.3114
vn 0.6531 0.7333 0.1892
vn 0.6391 0.7665 0.0638
vn 0.6143 0.7866 -0.0627
vn 0.2430 0.6062 -0.7573
vn 0.3958 0.0942 0.9135
vn 0.4740 0.1848 0.8609
vn 0.5441 0.2722 0.7936
vn 0.6049 0.3550 0.7128
vn 0.6553 0.4317 0.6199
vn 0.6945 0.5010 0.5164
vn 0.7219 0.5617 0.4041
vn 0.7370 0.6129 0.2850
vn 0.7395 0.6536 0.1611
vn 0.7295 0.6831 0.0344
vn 0.7070 0.7011 -0.0928
vn 0.3145 0.5403 -0.7805
vn 0.4068 0.0811 0.9099
vn 0.4955 0.1591 0.8539
vn 0.5757 0.2344 0.7834
vn 0.6461 0.3056 0.6994
vn 0.7054 0.3716 0.6036
vn 0.7526 0.4313 0.4975
vn 0.7871 0.4836 0.3830
vn 0.8081 0.5276 0.2619
vn 0.8153 0.5627 0.1364
vn 0.8087 0.5881 0.0087
vn 0.7883 0.6036 -0.1193
vn 0.3772 0.4652 -0.8009
vn 0.4160 0.0666 0.9069
vn 0.5135 0.1307 0.8481
vn 0.6023 0.1925 0.7747
vn 0.6807 0.2510 0.6882
vn 0.7476 0.3052 0.5899
vn 0.8016 0.3542 0.4816
vn 0.8420 0.3972 0.3651
vn 0.8680 0.4334 0.2425
vn 0.8792 0.4621 0.1157
vn 0.8755 0.4831 -0.0130
vn 0.8569 0.4957 -0.1415
vn 0.4300 0.3820 -0.8180
vn 0.4233 0.0510 0.9046
vn 0.5279 0.1000 0.8434
vn 0.6235 0.1473 0.7678
vn 0.7084 0.1921 0.6792
vn 0.7812 0.2336 0.5790
vn 0.8406 0.2711 0.4689
vn 0.8857 0.3040 0.3509
vn 0.9157 0.3317 0.2270
vn 0.9301 0.3537 0.0992
vn 0.9287 0.3697 -0.0303
vn 0.9114 0.3794 -0.1593
vn 0.4720 0.2924 -0.8317
vn 0.4286 0.0345 0.9028
vn 0.5384 0.0677 0.8400
vn 0.6389 0.0996 0.7628
vn 0.7284 0.1299 0.6727
vn 0.8056 0.1580 0.5711
vn 0.8689 0.1834 0.4597
vn 0.9174 0.2056 0.3406
vn 0.9503 0.2243 0.2157
vn 0.9670 0.2392 0.0872
vn 0.9673 0.2500 -0.0429
vn 0.9511 0.2566 -0.1721
vn 0.5026 0.1978 -0.8416
vn 0.4319 0.0174 0.9018
vn 0.5447 0.0341 0.8379
vn 0.6482 0.0503 0.7598
vn 0.7406 0.0655 0.6687
vn 0.8204 0.0797 0.5662
vn 0.8861 0.0925 0.4542
vn 0.9367 0.1037 0.3344
vn 0.9714 0.1131 0.2089
vn 0.9895 0.1206 0.0799
vn 0.9907 0.1261 -0.0505
vn 0.9751 0.1294 -0.1800
vn 0.5211 0.0997 -0.8476
vn 0.4329 -0.0000 0.9014
vn 0.5468 -0.0000 0.8372
vn 0.6514 -0.0000 0.7588
vn 0.7447 -0.0000 0.6674
vn 0.8253 -0.0000 0.5646
vn 0.8919 -0.0000 0.4523
vn 0.9432 -0.0000 0.3323
vn 0.9784 -0.0000 0.2066
vn 0.9970 -0.0000 0.0774
vn 0.9986 -0.0000 -0.0530
vn 0.9832 -0.0000 -0.1826
vn 0.5273 -0.0000 -0.8497
vn 0.4319 -0.0174 0.9018
vn 0.5447 -0.0341 0.8379
vn 0.6482 -0.0503 0.7598
vn 0.7406 -0.0655 0.6687
vn 0.8204 -0.0797 0.5662
vn 0.8861 -0.0925 0.4542
vn 0.9367 -0.1037 0.3344
vn 0.9714 -0.1131 0.2089
vn 0.9895 -0.1206 0.0799
vn 0.9907 -0.1261 -0.0505
vn 0.9751 -0.1294 -0.1800
vn 0.5211 -0.0997 -0.8476
vn 0.4286 -0.0345 0.9028
vn 0.5384 -0.0677 0.8400
vn 0.6389 -0.0996 0.7628
vn 0.7284 -0.1299 0.6727
vn 0.8056 -0.1580 0.5711
vn 0.8689 -0.1834 0.4597
vn 0.9174 -0.2056 0.3406
vn 0.9503 -0.2243 0.2157
vn 0.9670 -0.2392 0.0872
vn 0.9673 -0.2500 -0.0429
vn 0.9511 -0.2566 -0.1721
vn 0.5026 -0.1978 -0.8416
vn 0.4233 -0.0510 0.9046
vn 0.5279 -0.1000 0.8434
vn 0.6235 -0.1473 0.7678
vn 0.7084 -0.1921 0.6792
vn 0.7812 -0.2336 0.5790
vn 0.8406 -0.2711 0.4689
vn 0.8857 -0.3040 0.3509
vn 0.9157 -0.3317 0.2270
vn 0.9301 -0.3537 0.0992
vn 0.9287 -0.3697 -0.0303
vn 0.9114 -0.3794 -0.1593
vn 0.4720 -0.2924 -0.8317
vn 0.4160 -0.0666 0.9069
vn 0.5135 -0.1307 0.8481
vn 0.6023 -0.1925 0.7747
vn 0.6807 -0.2510 0.6882
vn 0.7476 -0.3052 0.5899
vn 0.8016 -0.3542 0.4816
vn 0.8420 -0.3972 0.3651
vn 0.8680 -0.4334 0.2425
vn 0.8792 -0.4621 0.1157
vn 0.8755 -0.4831 -0.0130
vn 0.8569 -0.4957 -0.1415
vn 0.4300 -0.3820 -0.8180
vn 0.4068 -0.0811 0.9099
vn 0.4955 -0.1591 0.8539
vn 0.5757 -0.2344 0.7834
vn 0.6461 -0.3056 0.6994
vn 0.7054 -0.3716 0.6036
vn 0.7526 -0.4313 0.4975
vn 0.7871 -0.4836 0.3830
vn 0.8081 -0.5276 0.2619
vn 0.8153 -0.5627 0.1364
vn 0.8087 -0.5881 0.0087
vn 0.7883 -0.6036 -0.1193
vn 0.3772 -0.4651 -0.8009
vn 0.3958 -0.0942 0.9135
vn 0.4740 -0.1848 0.8609
vn 0.5441 -0.2722 0.7936
vn 0.6049 -0.3550 0.7128
vn 0.6553 -0.4317 0.6199
vn 0.6945 -0.5010 0.5164
vn 0.7219 -0.5617 0.4041
vn 0.7370 -0.6129 0.2850
vn 0.7395 -0.6536 0.1611
vn 0.7295 -0.6831 0.0344
vn 0.7070 -0.7011 -0.0928
vn 0.3145 -0.5403 -0.7805
vn 0.3834 -0.1057 0.9175
vn 0.4496 -0.2073 0.8688
vn 0.5081 -0.3054 0.8053
vn 0.5579 -0.3983 0.7281
vn 0.5982 -0.4843 0.6384
vn 0.6283 -0.5621 0.5379
vn 0.6476 -0.6302 0.4283
vn 0.6559 -0.6876 0.3114
vn 0.6531 -0.7333 0.1892
vn 0.6391 -0.7665 0.0638
vn 0.6143 -0.7866 -0.0627
vn 0.2430 -0.6062 -0.7573
vn 0.3696 -0.1154 0.9220
vn 0.4226 -0.2263 0.8776
vn 0.4683 -0.3334 0.8183
vn 0.5060 -0.4348 0.7449
vn 0.5350 -0.5287 0.6590
vn 0.5550 -0.6135 0.5617
vn 0.5655 -0.6879 0.4550
vn 0.5663 -0.7506 0.3405
vn 0.5575 -0.8004 0.2202
vn 0.5392 -0.8367 0.0962
vn 0.5117 -0.8587 -0.0294
vn 0.1640 -0.6617 -0.7316
vn 0.3547 -0.1231 0.9268
vn 0.3934 -0.2415 0.8871
vn 0.4253 -0.3557 0.8322
vn 0.4500 -0.4638 0.7631
vn 0.4669 -0.5640 0.6811
vn 0.4759 -0.6545 0.5874
vn 0.4768 -0.7339 0.4838
vn 0.4696 -0.8007 0.3719
vn 0.4544 -0.8539 0.2537
vn 0.4314 -0.8926 0.1313
vn 0.4011 -0.9160 0.0066
vn 0.0787 -0.7059 -0.7039
vn 0.3390 -0.1287 0.9319
vn 0.3626 -0.2525 0.8971
vn 0.3800 -0.3719 0.8470
vn 0.3908 -0.4849 0.7824
vn 0.3950 -0.5897 0.7044
vn 0.3925 -0.6843 0.6145
vn 0.3832 -0.7673 0.5142
vn 0.3675 -0.8372 0.4051
vn 0.3455 -0.8928 0.2891
vn 0.3176 -0.9332 0.1682
vn 0.2843 -0.9577 0.0445
vn -0.0113 -0.7381 -0.6746
vn 0.3228 -0.1321 0.9372
vn 0.3307 -0.2591 0.9075
vn 0.3330 -0.3817 0.8622
vn 0.3296 -0.4977 0.8023
vn 0.3205 -0.6052 0.7287
vn 0.3060 -0.7024 0.6426
vn 0.2863 -0.7876 0.5457
vn 0.2617 -0.8593 0.4395
vn 0.2327 -0.9164 0.3258
vn 0.1997 -0.9578 0.2065
vn 0.1633 -0.9830 0.0838
vn -0.1045 -0.7576 -0.6443
vn 0.3063 -0.1332 0.9426
vn 0.2983 -0.2614 0.9180
vn 0.2852 -0.3850 0.8777
vn 0.2673 -0.5020 0.8225
vn 0.2448 -0.6105 0.7533
vn 0.2181 -0.7085 0.6712
vn 0.1877 -0.7944 0.5777
vn 0.1541 -0.8667 0.4744
vn 0.1180 -0.9243 0.3630
vn 0.0798 -0.9661 0.2455
vn 0.0402 -0.9915 0.1238
vn -0.1993 -0.7641 -0.6135
vn 0.2897 -0.1321 0.9480
vn 0.2658 -0.2591 0.9285
vn 0.2374 -0.3817 0.8933
vn 0.2049 -0.4977 0.8428
vn 0.1690 -0.6052 0.7779
vn 0.1301 -0.7024 0.6998
vn 0.0891 -0.7876 0.6098
vn 0.0466 -0.8593 0.5094
vn 0.0032 -0.9164 0.4003
vn -0.0402 -0.9578 0.2845
vn -0.0829 -0.9830 0.1638
vn -0.2942 -0.7576 -0.5827
vn 0.2735 -0.1287 0.9532
vn 0.2339 -0.2525 0.9389
vn 0.1904 -0.3719 0.9085
vn 0.1437 -0.4849 0.8627
vn 0.0945 -0.5897 0.8021
vn 0.0437 -0.6843 0.7279
vn -0.0078 -0.7673 0.6413
vn -0.0592 -0.8372 0.5437
vn -0.1096 -0.8928 0.4370
vn -0.1580 -0.9332 0.3228
vn -0.2038 -0.9577 0.2031
vn -0.3874 -0.7381 -0.5524
vn 0.2578 -0.1231 0.9583
vn 0.2032 -0.2415 0.9489
vn 0.1451 -0.3557 0.9233
vn 0.0845 -0.4638 0.8819
vn 0.0226 -0.5640 0.8255
vn -0.0398 -0.6545 0.7550
vn -0.1014 -0.7339 0.6717
vn -0.1613 -0.8007 0.5769
vn -0.2184 -0.8539 0.4723
vn -0.2718 -0.8926 0.3598
vn -0.3206 -0.9160 0.2411
vn -0.4774 -0.7059 -0.5232
vn 0.2429 -0.1154 0.9632
vn 0.1740 -0.2263 0.9584
vn 0.1021 -0.3334 0.9372
vn 0.0285 -0.4348 0.9001
vn -0.0455 -0.5287 0.8476
vn -0.1188 -0.6135 0.7807
vn -0.1900 -0.6879 0.7005
vn -0.2580 -0.7506 0.6083
vn -0.3216 -0.8004 0.5058
vn -0.3796 -0.8367 0.3948
vn -0.4313 -0.8587 0.2770
vn -0.5627 -0.6617 -0.4955
vn 0.2291 -0.1057 0.9676
vn 0.1470 -0.2073 0.9672
vn 0.0623 -0.3054 0.9502
vn -0.0234 -0.3983 0.9170
vn -0.1087 -0.4843 0.8681
vn -0.1921 -0.5621 0.8045
vn -0.2722 -0.6302 0.7272
vn -0.3476 -0.6876 0.6375
vn -0.4172 -0.7333 0.5369
vn -0.4796 -0.7665 0.4273
vn -0.5338 -0.7866 0.3103
vn -0.6417 -0.6062 -0.4698
vn 0.2167 -0.0942 0.9717
vn 0.1225 -0.1848 0.9751
vn 0.0263 -0.2722 0.9619
vn -0.0704 -0.3550 0.9322
vn -0.1658 -0.4317 0.8867
vn -0.2584 -0.5010 0.8260
vn -0.3465 -0.5617 0.7513
vn -0.4287 -0.6129 0.6638
vn -0.5036 -0.6536 0.5650
vn -0.5699 -0.6831 0.4566
vn -0.6265 -0.7011 0.3405
vn -0.7132 -0.5403 -0.4466
vn 0.2058 -0.0811 0.9752
vn 0.1011 -0.1591 0.9821
vn -0.0053 -0.2344 0.9721
vn -0.1115 -0.3056 0.9456
vn -0.2159 -0.3716 0.9029
vn -0.3165 -0.4313 0.8449
vn -0.4116 -0.4836 0.7725
vn -0.4998 -0.5276 0.6869
vn -0.5794 -0.5627 0.5896
vn -0.6492 -0.5881 0.4824
vn -0.7079 -0.6036 0.3669
vn -0.7759 -0.4652 -0.4262
vn 0.1966 -0.0666 0.9782
vn 0.0830 -0.1307 0.9879
vn -0.0319 -0.1925 0.9808
vn -0.1462 -0.2510 0.9569
vn -0.2581 -0.3052 0.9166
vn -0.3654 -0.3542 0.8608
vn -0.4666 -0.3972 0.7903
vn -0.5597 -0.4334 0.7064
vn -0.6433 -0.4621 0.6104
vn -0.7160 -0.4831 0.5041
vn -0.7764 -0.4957 0.3891
vn -0.8287 -0.3820 -0.4090
vn 0.1892 -0.0510 0.9806
vn 0.0686 -0.1000 0.9926
vn -0.0531 -0.1473 0.9877
vn -0.1739 -0.1921 0.9658
vn -0.2916 -0.2336 0.9276
vn -0.4044 -0.2711 0.8735
vn -0.5103 -0.3040 0.8045
vn -0.6074 -0.3317 0.7218
vn -0.6942 -0.3537 0.6269
vn -0.7691 -0.3697 0.5213
vn -0.8310 -0.3794 0.4069
vn -0.8707 -0.2924 -0.3954
vn 0.1839 -0.0345 0.9823
vn 0.0582 -0.0677 0.9960
vn -0.0685 -0.0997 0.9927
vn -0.1939 -0.1299 0.9724
vn -0.3161 -0.1580 0.9355
vn -0.4327 -0.1834 0.8827
vn -0.5420 -0.2056 0.8148
vn -0.6421 -0.2243 0.7331
vn -0.7311 -0.2392 0.6389
vn -0.8077 -0.2500 0.5339
vn -0.8706 -0.2566 0.4198
vn -0.9013 -0.1978 -0.3855
vn 0.1807 -0.0174 0.9834
vn 0.0518 -0.0341 0.9981
vn -0.0778 -0.0503 0.9957
vn -0.2061 -0.0655 0.9763
vn -0.3309 -0.0797 0.9403
vn -0.4499 -0.0925 0.8883
vn -0.5613 -0.1037 0.8211
vn -0.6631 -0.1131 0.7399
vn -0.7536 -0.1206 0.6462
vn -0.8312 -0.1261 0.5415
vn -0.8947 -0.1294 0.4276
vn -0.9198 -0.0997 -0.3794
vn 0.1796 -0.0000 0.9837
vn 0.0497 -0.0000 0.9988
vn -0.0810 -0.0000 0.9967
vn -0.2102 -0.0000 0.9777
vn -0.3358 -0.0000 0.9419
vn -0.4557 -0.0000 0.8901
vn -0.6701 -0.0000 0.7422
vn -0.7611 -0.0000 0.6487
vn -0.8391 -0.0000 0.5441
vn -0.9027 -0.0000 0.4302
vn -0.9260 -0.0000 -0.3774
vn 0.1807 0.0174 0.9834
vn 0.0518 0.0341 0.9981
vn -0.0778 0.0502 0.9957
vn -0.2061 0.0655 0.9763
vn -0.3309 0.0797 0.9403
vn -0.4499 0.0925 0.8883
vn -0.5613 0.1037 0.8211
vn -0.6631 0.1131 0.7399
vn -0.7536 0.1206 0.6462
vn -0.8312 0.1261 0.5415
vn -0.8947 0.1294 0.4276
vn -0.9198 0.0997 -0.3794
vn 0.1839 0.0345 0.9823
vn 0.0582 0.0676 0.9960
vn -0.0685 0.0996 0.9927
vn -0.1939 0.1299 0.9724
vn -0.3161 0.1580 0.9355
vn -0.4327 0.1834 0.8827
vn -0.5420 0.2056 0.8148
vn -0.6421 0.2243 0.7331
vn -0.7311 0.2392 0.6389
vn -0.8077 0.2500 0.5339
vn -0.8706 0.2566 0.4198
vn -0.9013 0.1978 -0.3855
vn 0.1892 0.0510 0.9806
vn 0.0686 0.1000 0.9926
vn -0.0531 0.1473 0.9877
vn -0.1739 0.1921 0.9658
vn -0.2916 0.2336 0.9276
vn -0.4044 0.2711 0.8735
vn -0.5103 0.3040 0.8045
vn -0.6074 0.3317 0.7218
vn -0.6942 0.3537 0.6269
vn -0.7691 0.3697 0.5213
vn -0.8310 0.3794 0.4069
vn -0.8707 0.2924 -0.3954
vn 0.1966 0.0666 0.9782
vn 0.0830 0.1307 0.9879
vn -0.0319 0.1925 0.9808
vn -0.1462 0.2510 0.9569
vn -0.2581 0.3052 0.9166
vn -0.3654 0.3542 0.8608
vn -0.4666 0.3972 0.7903
vn -0.5597 0.4334 0.7064
vn -0.6433 0.4621 0.6104
vn -0.7160 0.4831 0.5041
vn -0.7764 0.4957 0.3891
vn -0.8287 0.3820 -0.4090
vn 0.2058 0.0811 0.9752
vn 0.1011 0.1591 0.9821
vn -0.0053 0.2344 0.9721
vn -0.1115 0.3056 0.9456
vn -0.2159 0.3716 0.9029
vn -0.3165 0.4313 0.8449
vn -0.4116 0.4836 0.7725
vn -0.4998 0.5276 0.6869
vn -0.5794 0.5627 0.5896
vn -0.6492 0.5881 0.4824
vn -0.7079 0.6036 0.3669
vn -0.7759 0.4651 -0.4262
vn 0.2167 0.0942 0.9717
vn 0.1225 0.1848 0.9751
vn 0.0263 0.2722 0.9619
vn -0.0704 0.3550 0.9322
vn -0.1658 0.4317 0.8867
vn -0.2584 0.5010 0.8260
vn -0.3465 0.5617 0.7513
vn -0.4287 0.6129 0.6638
vn -0.5036 0.6536 0.5650
vn -0.5699 0.6831 0.4566
vn -0.6265 0.7011 0.3405
vn -0.7132 0.5403 -0.4466
vn 0.2291 0.1057 0.9676
vn 0.1470 0.2073 0.9672
vn 0.0623 0.3054 0.9502
vn -0.0234 0.3983 0.9170
vn -0.1087 0.4843 0.8681
vn -0.1921 0.5621 0.8045
vn -0.2722 0.6302 0.7272
vn -0.3476 0.6876 0.6375
vn -0.4172 0.7333 0.5369
vn -0.4796 0.7665 0.4273
vn -0.5338 0.7866 0.3103
vn -0.6417 0.6062 -0.4698
vn 0.2429 0.1153 0.9632
vn 0.1740 0.2263 0.9584
vn 0.1021 0.3334 0.9372
vn 0.0285 0.4348 0.9001
vn -0.0455 0.5287 0.8476
vn -0.1188 0.6135 0.7807
vn -0.1900 0.6879 0.7005
vn -0.2580 0.7506 0.6083
vn -0.3216 0.8004 0.5058
vn -0.3796 0.8367 0.3948
vn -0.4313 0.8587 0.2770
vn -0.5627 0.6617 -0.4955
vn 0.2578 0.1231 0.9583
vn 0.2032 0.2415 0.9489
vn 0.1451 0.3557 0.9233
vn 0.0845 0.4638 0.8819
vn 0.0226 0.5640 0.8255
vn -0.0398 0.6545 0.7550
vn -0.1014 0.7339 0.6717
vn -0.1613 0.8007 0.5769
vn -0.2184 0.8539 0.4723
vn -0.2718 0.8926 0.3598
vn -0.3206 0.9160 0.2411
vn -0.4774 0.7059 -0.5232
vn 0.2735 0.1287 0.9532
vn 0.2339 0.2525 0.9389
vn 0.1904 0.3719 0.9085
vn 0.1437 0.4849 0.8627
vn 0.0945 0.5897 0.8021
vn 0.0437 0.6843 0.7279
vn -0.0078 0.7673 0.6413
vn -0.0592 0.8372 0.5437
vn -0.1096 0.8928 0.4370
vn -0.1580 0.9332 0.3228
vn -0.2038 0.9577 0.2031
vn -0.3874 0.7381 -0.5524
vn 0.2897 0.1321 0.9480
vn 0.2658 0.2591 0.9285
vn 0.2374 0.3817 0.8933
vn 0.2049 0.4977 0.8428
vn 0.1690 0.6052 0.7779
vn 0.1301 0.7024 0.6998
vn 0.0891 0.7876 0.6098
vn 0.0466 0.8593 0.5094
vn 0.0032 0.9164 0.4003
vn -0.0402 0.9578 0.2845
vn -0.0829 0.9830 0.1638
vn -0.2942 0.7576 -0.5827
vn 0.2181 0.7085 0.6712
vn 0.1877 0.7944 0.5777
vn 0.1541 0.8667 0.4744
vn 0.0798 0.9661 0.2455
vn -0.1993 0.7641 -0.6135
vn -0.3090 -0.0000 -0.9511
vn -0.3063 -0.1332 -0.9426
vn -0.2983 -0.2613 -0.9180
vn -0.2852 -0.3850 -0.8778
vn -0.2673 -0.5020 -0.8225
vn -0.2448 -0.6104 -0.7533
vn -0.1180 -0.9243 -0.3631
vn -0.0402 -0.9915 -0.1237
vn -0.3228 -0.1320 -0.9372
vn -0.3307 -0.2591 -0.9075
vn -0.3330 -0.3817 -0.8622
vn -0.3296 -0.4977 -0.8023
vn -0.3205 -0.6052 -0.7287
vn -0.3060 -0.7024 -0.6427
vn -0.2863 -0.7875 -0.5457
vn -0.2617 -0.8593 -0.4395
vn -0.2327 -0.9164 -0.3258
vn -0.1997 -0.9578 -0.2066
vn -0.1633 -0.9830 -0.0837
vn -0.3166 -0.6367 -0.7031
vn -0.3390 -0.1286 -0.9319
vn -0.3626 -0.2524 -0.8971
vn -0.3800 -0.3718 -0.8470
vn -0.3908 -0.4849 -0.7824
vn -0.3950 -0.5896 -0.7045
vn -0.3925 -0.6843 -0.6146
vn -0.3832 -0.7673 -0.5142
vn -0.3675 -0.8372 -0.4051
vn -0.3455 -0.8928 -0.2891
vn -0.3176 -0.9332 -0.1683
vn -0.2842 -0.9577 -0.0444
vn -0.3950 -0.6203 -0.6777
vn -0.3547 -0.1230 -0.9268
vn -0.3934 -0.2414 -0.8871
vn -0.4253 -0.3557 -0.8322
vn -0.4500 -0.4638 -0.7632
vn -0.4669 -0.5640 -0.6811
vn -0.4759 -0.6545 -0.5875
vn -0.4768 -0.7339 -0.4838
vn -0.4696 -0.8007 -0.3719
vn -0.4544 -0.8539 -0.2538
vn -0.4314 -0.8926 -0.1313
vn -0.4010 -0.9160 -0.0064
vn -0.4706 -0.5933 -0.6531
vn -0.3696 -0.1153 -0.9220
vn -0.4225 -0.2263 -0.8776
vn -0.4683 -0.3334 -0.8183
vn -0.5060 -0.4347 -0.7450
vn -0.5350 -0.5287 -0.6590
vn -0.5550 -0.6135 -0.5618
vn -0.5655 -0.6879 -0.4550
vn -0.5663 -0.7506 -0.3405
vn -0.5575 -0.8004 -0.2203
vn -0.5392 -0.8367 -0.0962
vn -0.5117 -0.8587 0.0295
vn -0.5422 -0.5561 -0.6298
vn -0.3834 -0.1056 -0.9175
vn -0.4496 -0.2073 -0.8689
vn -0.5081 -0.3054 -0.8053
vn -0.5579 -0.3983 -0.7281
vn -0.5982 -0.4843 -0.6385
vn -0.6283 -0.5620 -0.5380
vn -0.6476 -0.6302 -0.4283
vn -0.6559 -0.6876 -0.3114
vn -0.6531 -0.7333 -0.1892
vn -0.6391 -0.7665 -0.0638
vn -0.6142 -0.7866 0.0629
vn -0.6087 -0.5095 -0.6082
vn -0.3958 -0.0941 -0.9135
vn -0.4740 -0.1848 -0.8609
vn -0.5441 -0.2722 -0.7936
vn -0.6049 -0.3550 -0.7128
vn -0.6553 -0.4316 -0.6199
vn -0.6945 -0.5009 -0.5164
vn -0.7219 -0.5617 -0.4042
vn -0.7370 -0.6128 -0.2851
vn -0.7395 -0.6536 -0.1611
vn -0.7295 -0.6831 -0.0344
vn -0.7070 -0.7011 0.0930
vn -0.6687 -0.4541 -0.5887
vn -0.4067 -0.0811 -0.9099
vn -0.4954 -0.1591 -0.8539
vn -0.5757 -0.2343 -0.7834
vn -0.6460 -0.3056 -0.6995
vn -0.7054 -0.3716 -0.6036
vn -0.7526 -0.4313 -0.4976
vn -0.7871 -0.4836 -0.3830
vn -0.8081 -0.5276 -0.2620
vn -0.8153 -0.5627 -0.1365
vn -0.8087 -0.5881 -0.0087
vn -0.7883 -0.6036 0.1194
vn -0.7214 -0.3909 -0.5716
vn -0.4159 -0.0666 -0.9070
vn -0.5135 -0.1307 -0.8481
vn -0.6023 -0.1925 -0.7747
vn -0.6807 -0.2510 -0.6882
vn -0.7475 -0.3052 -0.5899
vn -0.8016 -0.3542 -0.4816
vn -0.8420 -0.3972 -0.3652
vn -0.8680 -0.4333 -0.2425
vn -0.8792 -0.4621 -0.1157
vn -0.8755 -0.4831 0.0130
vn -0.8568 -0.4958 0.1417
vn -0.7658 -0.3211 -0.5572
vn -0.4233 -0.0510 -0.9046
vn -0.5279 -0.1000 -0.8434
vn -0.6235 -0.1473 -0.7679
vn -0.7083 -0.1921 -0.6792
vn -0.7811 -0.2336 -0.5790
vn -0.8406 -0.2711 -0.4690
vn -0.8857 -0.3040 -0.3510
vn -0.9157 -0.3317 -0.2270
vn -0.9301 -0.3537 -0.0992
vn -0.9287 -0.3697 0.0303
vn -0.9114 -0.3794 0.1594
vn -0.8011 -0.2457 -0.5457
vn -0.4286 -0.0345 -0.9028
vn -0.5383 -0.0676 -0.8400
vn -0.6388 -0.0996 -0.7629
vn -0.7284 -0.1299 -0.6727
vn -0.8055 -0.1580 -0.5711
vn -0.8689 -0.1834 -0.4598
vn -0.9174 -0.2056 -0.3406
vn -0.9503 -0.2243 -0.2157
vn -0.9670 -0.2392 -0.0872
vn -0.9673 -0.2500 0.0429
vn -0.9510 -0.2566 0.1723
vn -0.8268 -0.1662 -0.5374
vn -0.4318 -0.0174 -0.9018
vn -0.5447 -0.0341 -0.8380
vn -0.6482 -0.0502 -0.7598
vn -0.7406 -0.0655 -0.6687
vn -0.8204 -0.0797 -0.5663
vn -0.8861 -0.0925 -0.4542
vn -0.9367 -0.1037 -0.3344
vn -0.9714 -0.1131 -0.2089
vn -0.9895 -0.1206 -0.0799
vn -0.9907 -0.1261 0.0505
vn -0.9751 -0.1294 0.1801
vn -0.8424 -0.0838 -0.5323
vn -0.4329 -0.0000 -0.9014
vn -0.5468 -0.0000 -0.8373
vn -0.6513 -0.0000 -0.7588
vn -0.7447 -0.0000 -0.6674
vn -0.8253 -0.0000 -0.5647
vn -0.8919 -0.0000 -0.4523
vn -0.9432 -0.0000 -0.3323
vn -0.9784 -0.0000 -0.2066
vn -0.9970 -0.0000 -0.0774
vn -0.9986 -0.0000 0.0530
vn -0.9832 -0.0000 0.1827
vn -0.8476 -0.0000 -0.5306
vn -0.4318 0.0174 -0.9018
vn -0.5447 0.0341 -0.8380
vn -0.6482 0.0502 -0.7598
vn -0.7406 0.0655 -0.6687
vn -0.8204 0.0797 -0.5663
vn -0.8861 0.0925 -0.4542
vn -0.9367 0.1037 -0.3344
vn -0.9714 0.1131 -0.2089
vn -0.9895 0.1206 -0.0799
vn -0.9907 0.1261 0.0505
vn -0.9751 0.1294 0.1801
vn -0.8424 0.0838 -0.5323
vn -0.4286 0.0345 -0.9028
vn -0.5383 0.0676 -0.8400
vn -0.6388 0.0996 -0.7629
vn -0.7284 0.1299 -0.6727
vn -0.8055 0.1580 -0.5711
vn -0.8689 0.1834 -0.4598
vn -0.9174 0.2056 -0.3406
vn -0.9503 0.2243 -0.2157
vn -0.9670 0.2392 -0.0872
vn -0.9673 0.2500 0.0428
vn -0.9510 0.2566 0.1723
vn -0.8268 0.1662 -0.5374
vn -0.4233 0.0510 -0.9046
vn -0.5279 0.1000 -0.8434
vn -0.6235 0.1473 -0.7679
vn -0.7083 0.1921 -0.6792
vn -0.7811 0.2336 -0.5790
vn -0.8406 0.2711 -0.4690
vn -0.8857 0.3040 -0.3510
vn -0.9157 0.3317 -0.2270
vn -0.9301 0.3537 -0.0992
vn -0.9287 0.3697 0.0303
vn -0.9114 0.3794 0.1594
vn -0.8011 0.2457 -0.5457
vn -0.4159 0.0666 -0.9069
vn -0.5135 0.1307 -0.8481
vn -0.6023 0.1925 -0.7747
vn -0.6807 0.2510 -0.6882
vn -0.7475 0.3052 -0.5899
vn -0.8016 0.3542 -0.4816
vn -0.8420 0.3972 -0.3652
vn -0.8680 0.4333 -0.2425
vn -0.8792 0.4621 -0.1157
vn -0.8755 0.4831 0.0130
vn -0.8568 0.4958 0.1417
vn -0.7658 0.3211 -0.5572
vn -0.4067 0.0811 -0.9099
vn -0.4954 0.1591 -0.8539
vn -0.5757 0.2343 -0.7834
vn -0.6460 0.3056 -0.6995
vn -0.7054 0.3716 -0.6036
vn -0.7526 0.4313 -0.4976
vn -0.7871 0.4836 -0.3830
vn -0.8081 0.5276 -0.2620
vn -0.8153 0.5627 -0.1365
vn -0.8087 0.5881 -0.0087
vn -0.7883 0.6036 0.1194
vn -0.7214 0.3909 -0.5716
vn -0.3958 0.0941 -0.9135
vn -0.4740 0.1848 -0.8609
vn -0.5441 0.2722 -0.7936
vn -0.6049 0.3550 -0.7128
vn -0.6553 0.4316 -0.6199
vn -0.6945 0.5009 -0.5164
vn -0.7219 0.5617 -0.4042
vn -0.7370 0.6128 -0.2851
vn -0.7395 0.6536 -0.1611
vn -0.7295 0.6831 -0.0344
vn -0.7070 0.7011 0.0930
vn -0.6687 0.4541 -0.5887
vn -0.3834 0.1056 -0.9175
vn -0.4496 0.2073 -0.8689
vn -0.5081 0.3054 -0.8053
vn -0.5579 0.3983 -0.7281
vn -0.5982 0.4843 -0.6385
vn -0.6283 0.5620 -0.5380
vn -0.6476 0.6302 -0.4283
vn -0.6559 0.6876 -0.3114
vn -0.6531 0.7333 -0.1892
vn -0.6391 0.7665 -0.0638
vn -0.6142 0.7866 0.0629
vn -0.6087 0.5095 -0.6082
vn -0.3696 0.1153 -0.9220
vn -0.4225 0.2263 -0.8776
vn -0.4683 0.3334 -0.8183
vn -0.5060 0.4347 -0.7450
vn -0.5350 0.5287 -0.6590
vn -0.5550 0.6135 -0.5618
vn -0.5655 0.6879 -0.4550
vn -0.5663 0.7506 -0.3405
vn -0.5575 0.8004 -0.2203
vn -0.5392 0.8367 -0.0962
vn -0.5117 0.8587 0.0295
vn -0.5422 0.5561 -0.6298
vn -0.3547 0.1230 -0.9268
vn -0.3934 0.2414 -0.8871
vn -0.4253 0.3557 -0.8322
vn -0.4500 0.4638 -0.7632
vn -0.4669 0.5640 -0.6811
vn -0.4759 0.6545 -0.5875
vn -0.4768 0.7339 -0.4838
vn -0.4696 0.8007 -0.3719
vn -0.4544 0.8539 -0.2538
vn -0.4314 0.8926 -0.1313
vn -0.4010 0.9160 -0.0064
vn -0.4706 0.5933 -0.6531
vn -0.3390 0.1286 -0.9319
vn -0.3626 0.2524 -0.8971
vn -0.3800 0.3718 -0.8470
vn -0.3908 0.4849 -0.7824
vn -0.3950 0.5896 -0.7045
vn -0.3925 0.6843 -0.6146
vn -0.3832 0.7673 -0.5142
vn -0.3675 0.8372 -0.4051
vn -0.3455 0.8928 -0.2891
vn -0.3176 0.9332 -0.1683
vn -0.2842 0.9577 -0.0444
vn -0.3950 0.6203 -0.6777
vn -0.3228 0.1320 -0.9372
vn -0.3307 0.2591 -0.9075
vn -0.3330 0.3817 -0.8622
vn -0.3296 0.4977 -0.8023
vn -0.3205 0.6052 -0.7287
vn -0.3060 0.7024 -0.6427
vn -0.2863 0.7875 -0.5457
vn -0.2617 0.8593 -0.4395
vn -0.2327 0.9164 -0.3258
vn -0.1997 0.9578 -0.2066
vn -0.1633 0.9830 -0.0837
vn -0.3166 0.6367 -0.7031
vn -0.3063 0.1332 -0.9426
vn -0.2983 0.2613 -0.9180
vn -0.2852 0.3850 -0.8778
vn -0.2673 0.5020 -0.8225
vn -0.2448 0.6104 -0.7533
vn -0.2181 0.7084 -0.6712
vn -0.1877 0.7943 -0.5777
vn -0.1542 0.8667 -0.4744
vn -0.1180 0.9243 -0.3631
vn -0.0798 0.9661 -0.2455
vn -0.0402 0.9915 -0.1237
vn -0.2369 0.6422 -0.7290
vn -0.2897 0.1320 -0.9480
vn -0.2658 0.2591 -0.9286
vn -0.2374 0.3817 -0.8933
vn -0.2049 0.4977 -0.8428
vn -0.1690 0.6052 -0.7779
vn -0.1302 0.7024 -0.6998
vn -0.0891 0.7875 -0.6098
vn -0.0466 0.8593 -0.5094
vn -0.0032 0.9164 -0.4003
vn 0.0402 0.9578 -0.2845
vn 0.0829 0.9830 -0.1637
vn -0.1572 0.6367 -0.7549
vn -0.2735 0.1286 -0.9532
vn -0.2340 0.2524 -0.9389
vn -0.1904 0.3718 -0.9086
vn -0.1437 0.4849 -0.8627
vn -0.0945 0.5896 -0.8021
vn -0.0437 0.6843 -0.7279
vn 0.0078 0.7673 -0.6413
vn 0.0592 0.8372 -0.5437
vn 0.1095 0.8928 -0.4370
vn 0.1580 0.9332 -0.3228
vn 0.2039 0.9577 -0.2030
vn -0.0788 0.6203 -0.7804
vn -0.2578 0.1230 -0.9583
vn -0.2032 0.2414 -0.9489
vn -0.1451 0.3557 -0.9233
vn -0.0846 0.4638 -0.8819
vn -0.0226 0.5640 -0.8255
vn 0.0397 0.6545 -0.7550
vn 0.1014 0.7339 -0.6717
vn 0.1613 0.8007 -0.5769
vn 0.2184 0.8539 -0.4724
vn 0.2718 0.8926 -0.3598
vn 0.3207 0.9160 -0.2409
vn -0.0032 0.5933 -0.8050
vn -0.2429 0.1153 -0.9632
vn -0.1740 0.2263 -0.9584
vn -0.1021 0.3334 -0.9372
vn -0.0285 0.4347 -0.9001
vn 0.0455 0.5287 -0.8476
vn 0.1188 0.6135 -0.7807
vn 0.1900 0.6879 -0.7005
vn 0.2580 0.7506 -0.6083
vn 0.3216 0.8004 -0.5059
vn 0.3796 0.8367 -0.3948
vn 0.4313 0.8587 -0.2769
vn 0.0685 0.5561 -0.8283
vn -0.2292 0.1056 -0.9676
vn -0.1470 0.2073 -0.9672
vn -0.0623 0.3054 -0.9502
vn 0.0234 0.3983 -0.9170
vn 0.1087 0.4843 -0.8681
vn 0.1921 0.5620 -0.8045
vn 0.2722 0.6302 -0.7272
vn 0.3476 0.6876 -0.6375
vn 0.4172 0.7333 -0.5369
vn 0.4796 0.7665 -0.4273
vn 0.5339 0.7866 -0.3102
vn 0.1349 0.5095 -0.8498
vn -0.2167 0.0941 -0.9717
vn -0.1225 0.1848 -0.9751
vn -0.0263 0.2722 -0.9619
vn 0.0703 0.3550 -0.9322
vn 0.1658 0.4316 -0.8867
vn 0.2583 0.5009 -0.8260
vn 0.3465 0.5617 -0.7513
vn 0.4287 0.6128 -0.6638
vn 0.5036 0.6536 -0.5650
vn 0.5699 0.6831 -0.4566
vn 0.6266 0.7011 -0.3403
vn 0.1950 0.4541 -0.8694
vn -0.2058 0.0811 -0.9752
vn -0.1011 0.1591 -0.9821
vn 0.0053 0.2343 -0.9721
vn 0.1115 0.3056 -0.9456
vn 0.2158 0.3716 -0.9030
vn 0.3164 0.4313 -0.8449
vn 0.4116 0.4836 -0.7725
vn 0.4998 0.5276 -0.6869
vn 0.5794 0.5627 -0.5897
vn 0.6492 0.5881 -0.4824
vn 0.7079 0.6036 -0.3667
vn 0.2477 0.3909 -0.8865
vn -0.1966 0.0666 -0.9782
vn -0.0831 0.1307 -0.9879
vn 0.0319 0.1925 -0.9808
vn 0.1462 0.2510 -0.9569
vn 0.2580 0.3052 -0.9167
vn 0.3654 0.3542 -0.8608
vn 0.4665 0.3972 -0.7903
vn 0.5597 0.4333 -0.7064
vn 0.6433 0.4621 -0.6104
vn 0.7159 0.4831 -0.5041
vn 0.7765 0.4958 -0.3890
vn 0.2920 0.3211 -0.9009
vn -0.1893 0.0509 -0.9806
vn -0.0687 0.1000 -0.9926
vn 0.0530 0.1473 -0.9877
vn 0.1738 0.1921 -0.9659
vn 0.2916 0.2336 -0.9276
vn 0.4044 0.2711 -0.8735
vn 0.5102 0.3040 -0.8045
vn 0.6074 0.3317 -0.7219
vn 0.6942 0.3537 -0.6269
vn 0.7691 0.3697 -0.5213
vn 0.8310 0.3794 -0.4067
vn 0.3274 0.2457 -0.9124
vn -0.1839 0.0345 -0.9823
vn -0.0582 0.0676 -0.9960
vn 0.0684 0.0996 -0.9927
vn 0.1939 0.1299 -0.9724
vn 0.3160 0.1580 -0.9355
vn 0.4327 0.1834 -0.8827
vn 0.5420 0.2056 -0.8148
vn 0.6420 0.2243 -0.7331
vn 0.7311 0.2392 -0.6389
vn 0.8077 0.2500 -0.5339
vn 0.8707 0.2566 -0.4196
vn 0.3530 0.1662 -0.9207
vn -0.1807 0.0174 -0.9834
vn -0.0519 0.0341 -0.9981
vn 0.0778 0.0502 -0.9957
vn 0.2061 0.0655 -0.9763
vn 0.3308 0.0797 -0.9403
vn 0.4499 0.0925 -0.8883
vn 0.5613 0.1037 -0.8211
vn 0.6631 0.1131 -0.7400
vn 0.7535 0.1206 -0.6462
vn 0.8312 0.1261 -0.5415
vn 0.8947 0.1294 -0.4274
vn 0.3686 0.0838 -0.9258
vn -0.1796 -0.0000 -0.9837
vn -0.0498 -0.0000 -0.9988
vn 0.0809 -0.0000 -0.9967
vn 0.2102 -0.0000 -0.9777
vn 0.3358 -0.0000 -0.9419
vn 0.4557 -0.0000 -0.8902
vn 0.5677 -0.0000 -0.8232
vn 0.6701 -0.0000 -0.7423
vn 0.7611 -0.0000 -0.6487
vn 0.8390 -0.0000 -0.5441
vn 0.9028 -0.0000 -0.4301
vn 0.3739 -0.0000 -0.9275
vn -0.1807 -0.0174 -0.9834
vn -0.0519 -0.0341 -0.9981
vn 0.0778 -0.0502 -0.9957
vn 0.2061 -0.0655 -0.9763
vn 0.3308 -0.0797 -0.9403
vn 0.4499 -0.0925 -0.8883
vn 0.5613 -0.1037 -0.8211
vn 0.6631 -0.1131 -0.7400
vn 0.7535 -0.1206 -0.6462
vn 0.8312 -0.1261 -0.5415
vn 0.8947 -0.1294 -0.4274
vn 0.3686 -0.0838 -0.9258
vn -0.1839 -0.0345 -0.9823
vn -0.0582 -0.0676 -0.9960
vn 0.0684 -0.0996 -0.9927
vn 0.1939 -0.1299 -0.9724
vn 0.3160 -0.1580 -0.9355
vn 0.4327 -0.1834 -0.8827
vn 0.5420 -0.2056 -0.8148
vn 0.6420 -0.2243 -0.7331
vn 0.7311 -0.2392 -0.6389
vn 0.8077 -0.2500 -0.5339
vn 0.8707 -0.2566 -0.4196
vn 0.3530 -0.1662 -0.9207
vn -0.1893 -0.0510 -0.9806
vn -0.0687 -0.1000 -0.9926
vn 0.0530 -0.1473 -0.9877
vn 0.1738 -0.1921 -0.9659
vn 0.2916 -0.2336 -0.9276
vn 0.4044 -0.2711 -0.8735
vn 0.5102 -0.3040 -0.8045
vn 0.6074 -0.3317 -0.7219
vn 0.6942 -0.3537 -0.6269
vn 0.7691 -0.3697 -0.5213
vn 0.8310 -0.3794 -0.4067
vn 0.3274 -0.2457 -0.9124
vn -0.1966 -0.0666 -0.9782
vn -0.0831 -0.1307 -0.9879
vn 0.0319 -0.1925 -0.9808
vn 0.1462 -0.2510 -0.9569
vn 0.2580 -0.3052 -0.9167
vn 0.3654 -0.3542 -0.8608
vn 0.4665 -0.3972 -0.7903
vn 0.5597 -0.4333 -0.7064
vn 0.6433 -0.4621 -0.6104
vn 0.7159 -0.4831 -0.5041
vn 0.7765 -0.4958 -0.3890
vn 0.2920 -0.3211 -0.9009
vn -0.2058 -0.0811 -0.9752
vn -0.1011 -0.1591 -0.9821
vn 0.0053 -0.2343 -0.9721
vn 0.1115 -0.3056 -0.9456
vn 0.2158 -0.3716 -0.9030
vn 0.3164 -0.4313 -0.8449
vn 0.4116 -0.4836 -0.7725
vn 0.4998 -0.5276 -0.6869
vn 0.5794 -0.5627 -0.5897
vn 0.6492 -0.5881 -0.4824
vn 0.7079 -0.6036 -0.3667
vn 0.2477 -0.3909 -0.8865
vn -0.2167 -0.0941 -0.9717
vn -0.1226 -0.1848 -0.9751
vn -0.0263 -0.2722 -0.9619
vn 0.0703 -0.3550 -0.9322
vn 0.1658 -0.4316 -0.8867
vn 0.2583 -0.5009 -0.8260
vn 0.3465 -0.5617 -0.7513
vn 0.4287 -0.6128 -0.6638
vn 0.5036 -0.6536 -0.5650
vn 0.5699 -0.6831 -0.4566
vn 0.6266 -0.7011 -0.3403
vn 0.1950 -0.4541 -0.8694
vn -0.2292 -0.1056 -0.9676
vn -0.1470 -0.2073 -0.9672
vn -0.0623 -0.3054 -0.9502
vn 0.0234 -0.3983 -0.9170
vn 0.1087 -0.4843 -0.8681
vn 0.1921 -0.5620 -0.8045
vn 0.2722 -0.6302 -0.7272
vn 0.3476 -0.6876 -0.6375
vn 0.4172 -0.7333 -0.5369
vn 0.4796 -0.7665 -0.4273
vn 0.5339 -0.7866 -0.3102
vn 0.1349 -0.5095 -0.8498
vn -0.2429 -0.1153 -0.9632
vn -0.1740 -0.2263 -0.9584
vn -0.1021 -0.3334 -0.9372
vn -0.0285 -0.4347 -0.9001
vn 0.0455 -0.5287 -0.8476
vn 0.1188 -0.6135 -0.7807
vn 0.1900 -0.6879 -0.7005
vn 0.2580 -0.7506 -0.6083
vn 0.3216 -0.8004 -0.5059
vn 0.3796 -0.8367 -0.3948
vn 0.4313 -0.8587 -0.2769
vn 0.0685 -0.5561 -0.8283
vn -0.2578 -0.1230 -0.9583
vn -0.2032 -0.2414 -0.9489
vn -0.1451 -0.3557 -0.9233
vn -0.0846 -0.4638 -0.8819
vn -0.0226 -0.5640 -0.8255
vn 0.0397 -0.6545 -0.7550
vn 0.1014 -0.7339 -0.6717
vn 0.1613 -0.8007 -0.5769
vn 0.2184 -0.8539 -0.4724
vn 0.2718 -0.8926 -0.3598
vn 0.3207 -0.9160 -0.2409
vn -0.0032 -0.5933 -0.8050
vn -0.2735 -0.1286 -0.9532
vn -0.2340 -0.2524 -0.9389
vn -0.1904 -0.3718 -0.9086
vn -0.1437 -0.4849 -0.8627
vn -0.0945 -0.5896 -0.8021
vn -0.0437 -0.6843 -0.7279
vn 0.0078 -0.7673 -0.6413
vn 0.0592 -0.8372 -0.5437
vn 0.1095 -0.8928 -0.4370
vn 0.1580 -0.9332 -0.3228
vn 0.2039 -0.9577 -0.2030
vn -0.0788 -0.6203 -0.7804
vn -0.2897 -0.1320 -0.9480
vn -0.2658 -0.2591 -0.9286
vn -0.2374 -0.3817 -0.8933
vn -0.2049 -0.4977 -0.8428
vn -0.1690 -0.6052 -0.7779
vn -0.1302 -0.7024 -0.6998
vn -0.0891 -0.7875 -0.6098
vn -0.0466 -0.8593 -0.5094
vn -0.0032 -0.9164 -0.4003
vn 0.0402 -0.9578 -0.2845
vn 0.0829 -0.9830 -0.1637
vn -0.1572 -0.6367 -0.7549
vn -0.2181 -0.7084 -0.6712
vn -0.1877 -0.7943 -0.5777
vn -0.1542 -0.8667 -0.4744
vn -0.0798 -0.9661 -0.2455
vn -0.2369 -0.6422 -0.7290
vn -0.2983 -0.2614 -0.9180
vn -0.2852 -0.3850 -0.8777
vn -0.2448 -0.6105 -0.7533
vn -0.2181 -0.7085 -0.6712
vn -0.1877 -0.7944 -0.5777
vn -0.1180 -0.9243 -0.3630
vn -0.0402 -0.9915 -0.1238
vn -0.3228 -0.1321 -0.9372
vn -0.3060 -0.7024 -0.6426
vn -0.2863 -0.7876 -0.5457
vn -0.1997 -0.9578 -0.2065
vn -0.1633 -0.9830 -0.0838
vn -0.1441 -0.9893 -0.0220
vn -0.3391 -0.1287 -0.9319
vn -0.3800 -0.3719 -0.8470
vn -0.3950 -0.5897 -0.7045
vn -0.3925 -0.6843 -0.6145
vn -0.3176 -0.9332 -0.1682
vn -0.2843 -0.9577 -0.0445
vn -0.2658 -0.9639 0.0176
vn -0.3547 -0.1231 -0.9268
vn -0.3934 -0.2415 -0.8871
vn -0.4500 -0.4638 -0.7631
vn -0.4759 -0.6545 -0.5874
vn -0.4544 -0.8539 -0.2537
vn -0.4011 -0.9160 -0.0066
vn -0.3834 -0.9219 0.0558
vn -0.3696 -0.1154 -0.9220
vn -0.4226 -0.2263 -0.8776
vn -0.5060 -0.4348 -0.7449
vn -0.5550 -0.6135 -0.5617
vn -0.5575 -0.8004 -0.2202
vn -0.5117 -0.8587 0.0294
vn -0.4947 -0.8642 0.0920
vn -0.3834 -0.1057 -0.9175
vn -0.4496 -0.2073 -0.8688
vn -0.5982 -0.4843 -0.6384
vn -0.6283 -0.5621 -0.5379
vn -0.6143 -0.7866 0.0627
vn -0.5979 -0.7917 0.1255
vn -0.3958 -0.0942 -0.9135
vn -0.6553 -0.4317 -0.6199
vn -0.6945 -0.5010 -0.5164
vn -0.7219 -0.5617 -0.4041
vn -0.7370 -0.6129 -0.2850
vn -0.7070 -0.7011 0.0928
vn -0.6913 -0.7056 0.1558
vn -0.4068 -0.0811 -0.9099
vn -0.4955 -0.1591 -0.8539
vn -0.5757 -0.2344 -0.7834
vn -0.6461 -0.3056 -0.6994
vn -0.7526 -0.4313 -0.4975
vn -0.8081 -0.5276 -0.2619
vn -0.8153 -0.5627 -0.1364
vn -0.7883 -0.6036 0.1193
vn -0.7731 -0.6075 0.1824
vn -0.4160 -0.0666 -0.9069
vn -0.7476 -0.3052 -0.5899
vn -0.8420 -0.3972 -0.3651
vn -0.8680 -0.4334 -0.2425
vn -0.8569 -0.4957 0.1415
vn -0.8421 -0.4989 0.2048
vn -0.6235 -0.1473 -0.7678
vn -0.7084 -0.1921 -0.6792
vn -0.8406 -0.2711 -0.4689
vn -0.8857 -0.3040 -0.3509
vn -0.9114 -0.3794 0.1593
vn -0.8970 -0.3819 0.2227
vn -0.5384 -0.0676 -0.8400
vn -0.6389 -0.0996 -0.7628
vn -0.8056 -0.1580 -0.5711
vn -0.8689 -0.1834 -0.4597
vn -0.9511 -0.2566 0.1721
vn -0.9369 -0.2583 0.2356
vn -0.4319 -0.0174 -0.9018
vn -0.5447 -0.0341 -0.8379
vn -0.6482 -0.0503 -0.7598
vn -0.8204 -0.0797 -0.5662
vn -0.9751 -0.1294 0.1800
vn -0.9611 -0.1302 0.2435
vn -0.5468 -0.0000 -0.8372
vn -0.6514 -0.0000 -0.7588
vn -0.8253 -0.0000 -0.5646
vn -0.9432 -0.0000 -0.3322
vn -0.9832 -0.0000 0.1826
vn -0.9692 -0.0000 0.2462
vn -0.4319 0.0174 -0.9018
vn -0.5447 0.0341 -0.8379
vn -0.6482 0.0503 -0.7598
vn -0.8204 0.0797 -0.5662
vn -0.9751 0.1294 0.1800
vn -0.9611 0.1302 0.2435
vn -0.5384 0.0676 -0.8400
vn -0.6389 0.0996 -0.7628
vn -0.8056 0.1580 -0.5711
vn -0.8689 0.1834 -0.4597
vn -0.9673 0.2500 0.0429
vn -0.9511 0.2566 0.1721
vn -0.9369 0.2583 0.2356
vn -0.6235 0.1473 -0.7678
vn -0.7084 0.1921 -0.6792
vn -0.7812 0.2336 -0.5790
vn -0.8406 0.2711 -0.4689
vn -0.8857 0.3040 -0.3509
vn -0.9114 0.3794 0.1593
vn -0.8970 0.3819 0.2227
vn -0.4160 0.0666 -0.9069
vn -0.7476 0.3052 -0.5899
vn -0.8420 0.3972 -0.3651
vn -0.8680 0.4334 -0.2425
vn -0.8569 0.4957 0.1415
vn -0.8421 0.4989 0.2048
vn -0.4068 0.0811 -0.9099
vn -0.4955 0.1591 -0.8539
vn -0.5757 0.2344 -0.7834
vn -0.6461 0.3056 -0.6994
vn -0.7526 0.4313 -0.4975
vn -0.8081 0.5276 -0.2619
vn -0.8153 0.5627 -0.1364
vn -0.7883 0.6036 0.1193
vn -0.7731 0.6075 0.1824
vn -0.3958 0.0942 -0.9135
vn -0.6553 0.4317 -0.6199
vn -0.6945 0.5010 -0.5164
vn -0.7219 0.5617 -0.4041
vn -0.7370 0.6129 -0.2850
vn -0.7070 0.7011 0.0928
vn -0.6913 0.7056 0.1558
vn -0.3834 0.1057 -0.9175
vn -0.4496 0.2073 -0.8688
vn -0.5982 0.4843 -0.6384
vn -0.6283 0.5621 -0.5379
vn -0.6143 0.7866 0.0627
vn -0.5979 0.7917 0.1255
vn -0.3696 0.1154 -0.9220
vn -0.4226 0.2263 -0.8776
vn -0.5060 0.4348 -0.7449
vn -0.5550 0.6135 -0.5617
vn -0.5575 0.8004 -0.2202
vn -0.5117 0.8587 0.0294
vn -0.4947 0.8642 0.0920
vn -0.3548 0.1231 -0.9268
vn -0.3934 0.2415 -0.8871
vn -0.4500 0.4638 -0.7631
vn -0.4759 0.6545 -0.5874
vn -0.4544 0.8539 -0.2537
vn -0.4011 0.9160 -0.0066
vn -0.3834 0.9219 0.0558
vn -0.3390 0.1287 -0.9319
vn -0.3626 0.2525 -0.8971
vn -0.3800 0.3719 -0.8470
vn -0.3950 0.5897 -0.7045
vn -0.3925 0.6843 -0.6145
vn -0.3176 0.9332 -0.1682
vn -0.2843 0.9577 -0.0445
vn -0.2658 0.9639 0.0176
vn -0.3228 0.1321 -0.9372
vn -0.3060 0.7024 -0.6426
vn -0.2863 0.7876 -0.5457
vn -0.1997 0.9578 -0.2065
vn -0.1633 0.9830 -0.0838
vn -0.1441 0.9893 -0.0220
vn -0.2983 0.2614 -0.9180
vn -0.2852 0.3850 -0.8777
vn -0.2448 0.6105 -0.7533
vn -0.2181 0.7085 -0.6712
vn -0.1877 0.7944 -0.5777
vn -0.1541 0.8667 -0.4744
vn -0.1180 0.9243 -0.3630
vn -0.0402 0.9915 -0.1238
vn -0.0202 0.9979 -0.0622
vn -0.2897 0.1321 -0.9480
vn -0.2658 0.2591 -0.9285
vn -0.1301 0.7024 -0.6998
vn -0.0891 0.7876 -0.6098
vn 0.0829 0.9830 -0.1638
vn 0.1037 0.9893 -0.1025
vn -0.2735 0.1287 -0.9532
vn -0.2339 0.2524 -0.9389
vn -0.1904 0.3719 -0.9085
vn -0.0945 0.5897 -0.8021
vn 0.1096 0.8928 -0.4370
vn 0.2038 0.9577 -0.2031
vn 0.2254 0.9639 -0.1420
vn -0.2578 0.1231 -0.9583
vn -0.2032 0.2415 -0.9489
vn -0.0845 0.4638 -0.8819
vn 0.0398 0.6545 -0.7550
vn 0.2184 0.8539 -0.4723
vn 0.3206 0.9160 -0.2411
vn 0.3430 0.9219 -0.1802
vn -0.0285 0.4348 -0.9001
vn 0.4313 0.8587 -0.2770
vn 0.4543 0.8642 -0.2164
vn -0.2291 0.1057 -0.9676
vn -0.1470 0.2074 -0.9672
vn 0.1921 0.5621 -0.8045
vn 0.4796 0.7665 -0.4272
vn 0.5338 0.7866 -0.3103
vn 0.5575 0.7917 -0.2499
vn -0.2167 0.0942 -0.9717
vn 0.0704 0.3550 -0.9322
vn 0.1658 0.4317 -0.8867
vn 0.2584 0.5010 -0.8260
vn 0.4287 0.6129 -0.6638
vn 0.6265 0.7011 -0.3405
vn 0.6508 0.7056 -0.2802
vn 0.0053 0.2344 -0.9721
vn 0.2159 0.3716 -0.9029
vn 0.3165 0.4313 -0.8449
vn 0.5794 0.5627 -0.5896
vn 0.7079 0.6036 -0.3669
vn 0.7327 0.6075 -0.3068
vn -0.0830 0.1307 -0.9879
vn 0.2581 0.3052 -0.9166
vn 0.4666 0.3972 -0.7903
vn 0.5597 0.4334 -0.7064
vn 0.7160 0.4831 -0.5041
vn 0.7764 0.4957 -0.3891
vn 0.8017 0.4989 -0.3292
vn -0.1892 0.0510 -0.9806
vn -0.0686 0.1000 -0.9926
vn 0.0531 0.1473 -0.9877
vn 0.1739 0.1921 -0.9658
vn 0.5103 0.3040 -0.8045
vn 0.8310 0.3794 -0.4069
vn 0.8566 0.3819 -0.3471
vn -0.0582 0.0677 -0.9960
vn 0.0685 0.0996 -0.9927
vn 0.3161 0.1580 -0.9355
vn 0.6421 0.2243 -0.7331
vn 0.8706 0.2566 -0.4198
vn 0.8965 0.2583 -0.3601
vn -0.0518 0.0341 -0.9981
vn 0.0778 0.0503 -0.9957
vn 0.3309 0.0797 -0.9403
vn 0.6631 0.1131 -0.7399
vn 0.7536 0.1206 -0.6462
vn 0.8947 0.1294 -0.4276
vn 0.9207 0.1302 -0.3679
vn -0.0497 -0.0000 -0.9988
vn 0.0810 -0.0000 -0.9967
vn 0.4557 -0.0000 -0.8901
vn 0.5678 -0.0000 -0.8232
vn 0.6701 -0.0000 -0.7422
vn 0.8391 -0.0000 -0.5441
vn 0.9027 -0.0000 -0.4302
vn 0.9288 -0.0000 -0.3706
vn -0.0518 -0.0341 -0.9981
vn 0.0778 -0.0503 -0.9957
vn 0.3309 -0.0797 -0.9403
vn 0.6631 -0.1131 -0.7399
vn 0.7536 -0.1206 -0.6462
vn 0.8947 -0.1294 -0.4276
vn 0.9207 -0.1302 -0.3679
vn 0.0685 -0.0996 -0.9927
vn 0.3161 -0.1580 -0.9355
vn 0.6421 -0.2243 -0.7331
vn 0.8706 -0.2566 -0.4198
vn 0.8965 -0.2583 -0.3601
vn -0.1892 -0.0510 -0.9806
vn -0.0686 -0.1000 -0.9926
vn 0.0531 -0.1473 -0.9877
vn 0.1739 -0.1921 -0.9658
vn 0.5103 -0.3040 -0.8045
vn 0.8310 -0.3794 -0.4069
vn 0.8566 -0.3819 -0.3471
vn -0.0830 -0.1307 -0.9879
vn 0.2581 -0.3052 -0.9166
vn 0.4666 -0.3972 -0.7903
vn 0.5597 -0.4334 -0.7064
vn 0.7160 -0.4831 -0.5041
vn 0.7764 -0.4957 -0.3891
vn 0.8017 -0.4989 -0.3292
vn 0.0053 -0.2344 -0.9721
vn 0.2159 -0.3716 -0.9029
vn 0.3165 -0.4313 -0.8449
vn 0.5794 -0.5627 -0.5896
vn 0.7079 -0.6036 -0.3669
vn 0.7327 -0.6075 -0.3068
vn -0.2167 -0.0942 -0.9717
vn -0.1225 -0.1848 -0.9751
vn 0.0704 -0.3550 -0.9322
vn 0.1658 -0.4317 -0.8867
vn 0.2584 -0.5010 -0.8260
vn 0.4287 -0.6129 -0.6638
vn 0.6265 -0.7011 -0.3405
vn 0.6508 -0.7056 -0.2802
vn -0.2291 -0.1057 -0.9676
vn -0.1470 -0.2074 -0.9672
vn 0.1921 -0.5621 -0.8045
vn 0.4796 -0.7665 -0.4272
vn 0.5338 -0.7866 -0.3103
vn 0.5575 -0.7917 -0.2499
vn -0.2429 -0.1154 -0.9632
vn -0.0285 -0.4348 -0.9001
vn 0.4313 -0.8587 -0.2770
vn 0.4543 -0.8642 -0.2164
vn -0.2578 -0.1231 -0.9583
vn -0.2032 -0.2415 -0.9489
vn -0.0845 -0.4638 -0.8819
vn 0.0398 -0.6545 -0.7550
vn 0.2184 -0.8539 -0.4723
vn 0.3206 -0.9160 -0.2411
vn 0.3430 -0.9219 -0.1802
vn -0.2735 -0.1287 -0.9532
vn -0.2339 -0.2524 -0.9389
vn -0.1904 -0.3719 -0.9085
vn -0.0945 -0.5897 -0.8021
vn 0.1096 -0.8928 -0.4370
vn 0.2038 -0.9577 -0.2031
vn 0.2254 -0.9639 -0.1420
vn -0.2897 -0.1321 -0.9480
vn -0.2658 -0.2591 -0.9285
vn -0.1301 -0.7024 -0.6998
vn -0.0891 -0.7876 -0.6098
vn 0.0829 -0.9830 -0.1638
vn 0.1037 -0.9893 -0.1025
vn -0.1541 -0.8667 -0.4744
vn -0.0202 -0.9979 -0.0622
vn -0.0000 -0.0000 1.0000
vn -0.0000 0.5081 0.8613
vn -0.0000 0.7125 -0.7017
vn -0.0000 0.5081 -0.8613
vn -0.0000 -0.0000 -1.0000
vn 0.0696 0.2597 0.9632
vn 0.1315 0.4908 0.8613
vn 0.1844 0.6882 0.7017
vn 0.2248 0.8391 0.4954
vn 0.2502 0.9337 0.2561
vn 0.2588 0.9659 -0.0000
vn 0.2502 0.9337 -0.2561
vn 0.2248 0.8391 -0.4954
vn 0.1844 0.6882 -0.7017
vn 0.1315 0.4908 -0.8613
vn 0.0696 0.2597 -0.9632
vn 0.1345 0.2329 0.9632
vn 0.2540 0.4400 0.8613
vn 0.3562 0.6170 0.7017
vn 0.4343 0.7523 0.4954
vn 0.4833 0.8371 0.2561
vn 0.5000 0.8660 -0.0000
vn 0.4833 0.8371 -0.2561
vn 0.4343 0.7523 -0.4954
vn 0.3562 0.6170 -0.7017
vn 0.2540 0.4400 -0.8613
vn 0.1345 0.2329 -0.9632
vn 0.1901 0.1901 0.9632
vn 0.3593 0.3593 0.8613
vn 0.5038 0.5038 0.7017
vn 0.6143 0.6143 0.4954
vn 0.6835 0.6835 0.2562
vn 0.7071 0.7071 -0.0000
vn 0.6835 0.6835 -0.2561
vn 0.6143 0.6143 -0.4954
vn 0.5038 0.5038 -0.7017
vn 0.3593 0.3593 -0.8613
vn 0.1901 0.1901 -0.9632
vn 0.2329 0.1345 0.9632
vn 0.4400 0.2540 0.8613
vn 0.6170 0.3562 0.7017
vn 0.7523 0.4343 0.4954
vn 0.8371 0.4833 0.2562
vn 0.8660 0.5000 -0.0000
vn 0.8371 0.4833 -0.2562
vn 0.7523 0.4343 -0.4954
vn 0.6170 0.3562 -0.7017
vn 0.4400 0.2540 -0.8613
vn 0.2329 0.1345 -0.9632
vn 0.2597 0.0696 0.9632
vn 0.4908 0.1315 0.8613
vn 0.6882 0.1844 0.7017
vn 0.8391 0.2248 0.4954
vn 0.9337 0.2502 0.2562
vn 0.9659 0.2588 -0.0000
vn 0.9337 0.2502 -0.2562
vn 0.8391 0.2248 -0.4954
vn 0.6882 0.1844 -0.7017
vn 0.4908 0.1315 -0.8613
vn 0.2597 0.0696 -0.9632
vn 0.2689 -0.0000 0.9632
vn 0.5081 -0.0000 0.8613
vn 0.7125 -0.0000 0.7017
vn 0.8687 -0.0000 0.4954
vn 0.9666 -0.0000 0.2562
vn 1.0000 -0.0000 -0.0000
vn 0.9666 -0.0000 -0.2562
vn 0.8687 -0.0000 -0.4954
vn 0.7125 -0.0000 -0.7017
vn 0.5081 -0.0000 -0.8613
vn 0.2689 -0.0000 -0.9632
vn 0.2597 -0.0696 0.9632
vn 0.4908 -0.1315 0.8613
vn 0.6882 -0.1844 0.7017
vn 0.8391 -0.2248 0.4954
vn 0.9337 -0.2502 0.2562
vn 0.9659 -0.2588 -0.0000
vn 0.9337 -0.2502 -0.2562
vn 0.8391 -0.2248 -0.4954
vn 0.6882 -0.1844 -0.7017
vn 0.4908 -0.1315 -0.8613
vn 0.2597 -0.0696 -0.9632
vn 0.2329 -0.1345 0.9632
vn 0.4400 -0.2540 0.8613
vn 0.6170 -0.3562 0.7017
vn 0.7523 -0.4343 0.4954
vn 0.8371 -0.4833 0.2562
vn 0.8660 -0.5000 -0.0000
vn 0.8371 -0.4833 -0.2562
vn 0.7523 -0.4343 -0.4954
vn 0.6170 -0.3562 -0.7017
vn 0.4400 -0.2540 -0.8613
vn 0.2329 -0.1345 -0.9632
vn 0.1901 -0.1901 0.9632
vn 0.3593 -0.3593 0.8613
vn 0.5038 -0.5038 0.7017
vn 0.6143 -0.6143 0.4954
vn 0.6835 -0.6835 0.2562
vn 0.7071 -0.7071 -0.0000
vn 0.6835 -0.6835 -0.2561
vn 0.6143 -0.6143 -0.4954
vn 0.5038 -0.5038 -0.7017
vn 0.3593 -0.3593 -0.8613
vn 0.1901 -0.1902 -0.9632
vn 0.1345 -0.2329 0.9632
vn 0.2540 -0.4400 0.8613
vn 0.3562 -0.6170 0.7017
vn 0.4343 -0.7523 0.4954
vn 0.4833 -0.8371 0.2561
vn 0.5000 -0.8660 -0.0000
vn 0.4833 -0.8371 -0.2561
vn 0.4343 -0.7523 -0.4954
vn 0.3562 -0.6170 -0.7017
vn 0.2540 -0.4400 -0.8613
vn 0.1345 -0.2329 -0.9632
vn 0.0696 -0.2597 0.9632
vn 0.1315 -0.4908 0.8613
vn 0.1844 -0.6882 0.7017
vn 0.2248 -0.8391 0.4954
vn 0.2502 -0.9337 0.2561
vn 0.2588 -0.9659 -0.0000
vn 0.2502 -0.9337 -0.2561
vn 0.2248 -0.8391 -0.4954
vn 0.1844 -0.6882 -0.7017
vn 0.1315 -0.4908 -0.8613
vn 0.0696 -0.2597 -0.9632
vn -0.0000 -0.2689 0.9632
vn -0.0000 -0.5081 0.8613
vn -0.0000 -0.7125 0.7017
vn -0.0000 -0.8687 0.4954
vn -0.0000 -0.9666 0.2561
vn -0.0000 -1.0000 -0.0000
vn -0.0000 -0.9666 -0.2561
vn -0.0000 -0.8687 -0.4954
vn -0.0000 -0.7125 -0.7017
vn -0.0000 -0.5081 -0.8613
vn -0.0000 -0.2689 -0.9632
vn -0.0696 -0.2597 0.9632
vn -0.1315 -0.4907 0.8613
vn -0.1844 -0.6882 0.7017
vn -0.2248 -0.8391 0.4954
vn -0.2502 -0.9337 0.2561
vn -0.2588 -0.9659 -0.0000
vn -0.2502 -0.9337 -0.2562
vn -0.2248 -0.8391 -0.4954
vn -0.1844 -0.6882 -0.7017
vn -0.1315 -0.4908 -0.8613
vn -0.0696 -0.2597 -0.9632
vn -0.1345 -0.2329 0.9632
vn -0.2540 -0.4400 0.8613
vn -0.3562 -0.6170 0.7017
vn -0.4343 -0.7523 0.4954
vn -0.4833 -0.8371 0.2561
vn -0.5000 -0.8660 -0.0000
vn -0.4833 -0.8371 -0.2561
vn -0.4343 -0.7523 -0.4954
vn -0.3562 -0.6170 -0.7017
vn -0.2540 -0.4400 -0.8613
vn -0.1345 -0.2329 -0.9632
vn -0.1901 -0.1901 0.9632
vn -0.3593 -0.3593 0.8613
vn -0.5038 -0.5038 0.7017
vn -0.6143 -0.6143 0.4954
vn -0.6835 -0.6835 0.2561
vn -0.7071 -0.7071 -0.0000
vn -0.6835 -0.6835 -0.2561
vn -0.6143 -0.6143 -0.4954
vn -0.5038 -0.5038 -0.7017
vn -0.3593 -0.3593 -0.8613
vn -0.1901 -0.1901 -0.9632
vn -0.2329 -0.1345 0.9632
vn -0.4400 -0.2540 0.8613
vn -0.6170 -0.3562 0.7017
vn -0.7523 -0.4343 0.4954
vn -0.8371 -0.4833 0.2561
vn -0.8660 -0.5000 -0.0000
vn -0.8371 -0.4833 -0.2561
vn -0.7523 -0.4343 -0.4954
vn -0.6170 -0.3562 -0.7017
vn -0.4400 -0.2540 -0.8613
vn -0.2329 -0.1345 -0.9632
vn -0.2597 -0.0696 0.9632
vn -0.4908 -0.1315 0.8613
vn -0.6882 -0.1844 0.7017
vn -0.8391 -0.2248 0.4954
vn -0.9337 -0.2502 0.2561
vn -0.9659 -0.2588 -0.0000
vn -0.9337 -0.2502 -0.2561
vn -0.8391 -0.2248 -0.4954
vn -0.6882 -0.1844 -0.7017
vn -0.4908 -0.1315 -0.8613
vn -0.2597 -0.0696 -0.9632
vn -0.2689 -0.0000 0.9632
vn -0.5081 -0.0000 0.8613
vn -0.7125 -0.0000 0.7017
vn -0.8687 -0.0000 0.4954
vn -0.9666 -0.0000 0.2561
vn -1.0000 -0.0000 -0.0000
vn -0.9666 -0.0000 -0.2561
vn -0.8687 -0.0000 -0.4954
vn -0.7125 -0.0000 -0.7017
vn -0.5081 -0.0000 -0.8613
vn -0.2689 -0.0000 -0.9632
vn -0.2597 0.0696 0.9632
vn -0.4908 0.1315 0.8613
vn -0.6882 0.1844 0.7017
vn -0.8391 0.2248 0.4954
vn -0.9337 0.2502 0.2561
vn -0.9659 0.2588 -0.0000
vn -0.9337 0.2502 -0.2561
vn -0.8391 0.2248 -0.4954
vn -0.6882 0.1844 -0.7017
vn -0.4908 0.1315 -0.8613
vn -0.2597 0.0696 -0.9632
vn -0.2329 0.1345 0.9632
vn -0.4400 0.2540 0.8613
vn -0.6170 0.3562 0.7017
vn -0.7523 0.4343 0.4954
vn -0.8371 0.4833 0.2561
vn -0.8660 0.5000 -0.0000
vn -0.8371 0.4833 -0.2561
vn -0.7523 0.4343 -0.4954
vn -0.6170 0.3562 -0.7017
vn -0.4400 0.2540 -0.8613
vn -0.2329 0.1345 -0.9632
vn -0.1901 0.1901 0.9632
vn -0.3593 0.3593 0.8613
vn -0.5038 0.5038 0.7017
vn -0.6143 0.6143 0.4954
vn -0.6835 0.6835 0.2561
vn -0.7071 0.7071 -0.0000
vn -0.6835 0.6835 -0.2561
vn -0.6143 0.6143 -0.4954
vn -0.5038 0.5038 -0.7017
vn -0.3593 0.3593 -0.8613
vn -0.1901 0.1901 -0.9632
vn -0.1345 0.2329 0.9632
vn -0.2540 0.4400 0.8613
vn -0.3562 0.6170 0.7017
vn -0.4343 0.7523 0.4954
vn -0.4833 0.8371 0.2561
vn -0.5000 0.8660 -0.0000
vn -0.4833 0.8371 -0.2561
vn -0.4343 0.7523 -0.4954
vn -0.3562 0.6170 -0.7017
vn -0.2540 0.4400 -0.8613
vn -0.1345 0.2329 -0.9632
vn -0.0696 0.2597 0.9632
vn -0.1315 0.4908 0.8613
vn -0.1844 0.6882 0.7017
vn -0.2248 0.8391 0.4954
vn -0.2502 0.9337 0.2561
vn -0.2588 0.9659 -0.0000
vn -0.2502 0.9337 -0.2561
vn -0.2248 0.8391 -0.4954
vn -0.1844 0.6882 -0.7017
vn -0.1315 0.4908 -0.8613
vn -0.0696 0.2597 -0.9632
vn -0.0000 0.2689 0.9632
vn -0.0000 0.7125 0.7017
vn -0.0000 0.8687 0.4954
vn -0.0000 0.9666 0.2561
vn -0.0000 1.0000 -0.0000
vn -0.0000 0.9666 -0.2561
vn -0.0000 0.8687 -0.4954
vn -0.0000 0.2689 -0.9632
vt 0.942546 0.168603
vt 0.909017 0.167826
vt 0.907180 0.157728
vt 0.940709 0.158505
vt 0.905631 0.146239
vt 0.939161 0.147016
vt 0.904399 0.133556
vt 0.937928 0.134333
vt 0.903503 0.119896
vt 0.937032 0.120673
vt 0.902959 0.105493
vt 0.936488 0.106270
vt 0.902777 0.090593
vt 0.936306 0.091370
vt 0.902959 0.075451
vt 0.936488 0.076228
vt 0.903503 0.060327
vt 0.937032 0.061104
vt 0.904399 0.045478
vt 0.937928 0.046255
vt 0.905631 0.031160
vt 0.939161 0.031937
vt 0.907180 0.017617
vt 0.940709 0.018394
vt 0.909017 0.005080
vt 0.942546 0.005857
vt 0.261423 0.829326
vt 0.295507 0.829279
vt 0.295182 0.841584
vt 0.261097 0.841631
vt 0.294922 0.854943
vt 0.260838 0.854990
vt 0.294734 0.869125
vt 0.260649 0.869172
vt 0.294619 0.883889
vt 0.260535 0.883936
vt 0.294581 0.898981
vt 0.260496 0.899028
vt 0.294619 0.914145
vt 0.260535 0.914192
vt 0.294734 0.929119
vt 0.260649 0.929166
vt 0.294922 0.943649
vt 0.260838 0.943696
vt 0.295182 0.957485
vt 0.261097 0.957532
vt 0.295508 0.970390
vt 0.261423 0.970437
vt 0.129582 0.965481
vt 0.095475 0.965450
vt 0.095583 0.953245
vt 0.129690 0.953276
vt 0.095674 0.939969
vt 0.129781 0.940000
vt 0.095746 0.925848
vt 0.129854 0.925879
vt 0.095799 0.911124
vt 0.129907 0.911155
vt 0.095831 0.896050
vt 0.129938 0.896081
vt 0.095841 0.880882
vt 0.129949 0.880913
vt 0.095831 0.865881
vt 0.129938 0.865912
vt 0.095799 0.851304
vt 0.129907 0.851335
vt 0.095746 0.837399
vt 0.129854 0.837430
vt 0.095674 0.824404
vt 0.129781 0.824435
vt 0.095583 0.812543
vt 0.129690 0.812574
vt 0.095475 0.802017
vt 0.129582 0.802048
vt 0.843462 0.920649
vt 0.809444 0.920609
vt 0.810278 0.910426
vt 0.844297 0.910466
vt 0.811010 0.898862
vt 0.845029 0.898902
vt 0.811627 0.886115
vt 0.845645 0.886155
vt 0.812118 0.872403
vt 0.846136 0.872443
vt 0.812475 0.857962
vt 0.846493 0.858002
vt 0.812691 0.843038
vt 0.846710 0.843078
vt 0.812764 0.827887
vt 0.846782 0.827927
vt 0.812691 0.812767
vt 0.846710 0.812807
vt 0.812475 0.797937
vt 0.846493 0.797978
vt 0.812118 0.783652
vt 0.846136 0.783692
vt 0.811627 0.770156
vt 0.845645 0.770196
vt 0.811010 0.757679
vt 0.845029 0.757719
vt 0.431722 0.478149
vt 0.416782 0.478161
vt 0.401971 0.476194
vt 0.387540 0.472279
vt 0.373738 0.466485
vt 0.360800 0.458911
vt 0.348948 0.449686
vt 0.338384 0.438967
vt 0.329290 0.426940
vt 0.321820 0.413808
vt 0.316103 0.399798
vt 0.312236 0.385148
vt 0.310286 0.370109
vt 0.310286 0.354940
vt 0.312236 0.339898
vt 0.316103 0.325242
vt 0.321820 0.311222
vt 0.329290 0.298078
vt 0.338384 0.286036
vt 0.348948 0.275300
vt 0.360800 0.266056
vt 0.373738 0.258460
vt 0.387540 0.252643
vt 0.401971 0.248705
vt 0.416782 0.246713
vt 0.431722 0.246701
vt 0.446533 0.248669
vt 0.460964 0.252583
vt 0.474766 0.258377
vt 0.487704 0.265952
vt 0.499556 0.275177
vt 0.510120 0.285895
vt 0.519215 0.297923
vt 0.526684 0.311054
vt 0.532401 0.325064
vt 0.536268 0.339714
vt 0.538218 0.354753
vt 0.538218 0.369923
vt 0.536268 0.384965
vt 0.532401 0.399621
vt 0.526684 0.413641
vt 0.519215 0.426784
vt 0.510120 0.438827
vt 0.499556 0.449562
vt 0.487704 0.458807
vt 0.474766 0.466402
vt 0.460964 0.472219
vt 0.446533 0.476157
vt 0.810278 0.746435
vt 0.844297 0.746475
vt 0.809444 0.736617
vt 0.843462 0.736657
vt 0.432384 0.236541
vt 0.417363 0.236521
vt 0.402471 0.234522
vt 0.387962 0.230577
vt 0.374084 0.224754
vt 0.361076 0.217152
vt 0.349159 0.207902
vt 0.338538 0.197162
vt 0.329393 0.185116
vt 0.321883 0.171969
vt 0.316135 0.157946
vt 0.312247 0.143289
vt 0.310286 0.128247
vt 0.310286 0.113077
vt 0.312247 0.098040
vt 0.316135 0.083393
vt 0.321883 0.069385
vt 0.329393 0.056258
vt 0.338538 0.044235
vt 0.349159 0.033522
vt 0.361076 0.024303
vt 0.374084 0.016735
vt 0.387962 0.010948
vt 0.402471 0.007041
vt 0.417363 0.005080
vt 0.432384 0.005100
vt 0.447277 0.007099
vt 0.461786 0.011044
vt 0.475664 0.016867
vt 0.488672 0.024468
vt 0.500589 0.033718
vt 0.511210 0.044459
vt 0.520354 0.056505
vt 0.527865 0.069652
vt 0.533613 0.083674
vt 0.537501 0.098332
vt 0.539461 0.113374
vt 0.539461 0.128544
vt 0.537501 0.143581
vt 0.533613 0.158228
vt 0.527865 0.172236
vt 0.520354 0.185363
vt 0.511210 0.197386
vt 0.500589 0.208099
vt 0.488672 0.217318
vt 0.475663 0.224886
vt 0.461786 0.230673
vt 0.447277 0.234580
vt 0.435345 0.866298
vt 0.419251 0.865925
vt 0.418316 0.860391
vt 0.434410 0.860764
vt 0.417621 0.853830
vt 0.433715 0.854203
vt 0.417193 0.846494
vt 0.433288 0.846867
vt 0.417049 0.838666
vt 0.433143 0.839039
vt 0.417193 0.830647
vt 0.433288 0.831020
vt 0.417621 0.822744
vt 0.433715 0.823117
vt 0.418316 0.815261
vt 0.434410 0.815634
vt 0.419251 0.808485
vt 0.435345 0.808858
vt 0.417400 0.876460
vt 0.433761 0.876458
vt 0.433589 0.883117
vt 0.417228 0.883119
vt 0.433470 0.890521
vt 0.417109 0.890523
vt 0.433409 0.898387
vt 0.417049 0.898388
vt 0.433409 0.906411
vt 0.417049 0.906412
vt 0.433470 0.914285
vt 0.417109 0.914287
vt 0.433589 0.921707
vt 0.417228 0.921709
vt 0.433761 0.928392
vt 0.417400 0.928394
vt 0.249206 0.917836
vt 0.232834 0.917809
vt 0.232889 0.910918
vt 0.249261 0.910944
vt 0.232930 0.903357
vt 0.249302 0.903383
vt 0.232956 0.895417
vt 0.249327 0.895443
vt 0.232964 0.887403
vt 0.249336 0.887430
vt 0.232956 0.879624
vt 0.249327 0.879651
vt 0.232930 0.872378
vt 0.249302 0.872405
vt 0.232889 0.865944
vt 0.249261 0.865970
vt 0.232834 0.860568
vt 0.249206 0.860595
vt 0.249163 0.850408
vt 0.232834 0.850350
vt 0.233249 0.844407
vt 0.249578 0.844466
vt 0.233576 0.837527
vt 0.249905 0.837585
vt 0.233801 0.829973
vt 0.250130 0.830032
vt 0.233916 0.822037
vt 0.250244 0.822095
vt 0.233916 0.814022
vt 0.250244 0.814081
vt 0.233801 0.806238
vt 0.250130 0.806296
vt 0.233576 0.798982
vt 0.249905 0.799041
vt 0.049148 0.883483
vt 0.041246 0.883497
vt 0.033495 0.881946
vt 0.026195 0.878888
vt 0.019624 0.874443
vt 0.014036 0.868779
vt 0.009646 0.862116
vt 0.006622 0.854709
vt 0.005080 0.846842
vt 0.005080 0.838818
vt 0.006622 0.830946
vt 0.009646 0.823528
vt 0.014036 0.816848
vt 0.019624 0.811165
vt 0.026195 0.806695
vt 0.033495 0.803611
vt 0.041246 0.802032
vt 0.049148 0.802017
vt 0.056899 0.803569
vt 0.064200 0.806626
vt 0.070770 0.811072
vt 0.076358 0.816735
vt 0.080749 0.823398
vt 0.083773 0.830806
vt 0.085314 0.838672
vt 0.085314 0.846696
vt 0.083773 0.854568
vt 0.080749 0.861987
vt 0.076358 0.868666
vt 0.070770 0.874350
vt 0.064200 0.878819
vt 0.056899 0.881903
vt 0.233249 0.792535
vt 0.249578 0.792593
vt 0.232834 0.787143
vt 0.249163 0.787202
vt 0.186310 0.868620
vt 0.178364 0.868605
vt 0.170571 0.867025
vt 0.163231 0.863940
vt 0.156624 0.859470
vt 0.151006 0.853786
vt 0.146591 0.847106
vt 0.143551 0.839687
vt 0.142001 0.831815
vt 0.142001 0.823792
vt 0.143551 0.815926
vt 0.146591 0.808519
vt 0.151006 0.801857
vt 0.156624 0.796194
vt 0.163231 0.791749
vt 0.170571 0.788693
vt 0.178364 0.787143
vt 0.186310 0.787158
vt 0.194103 0.788739
vt 0.201444 0.791823
vt 0.208050 0.796294
vt 0.213668 0.801978
vt 0.218083 0.808658
vt 0.221123 0.816076
vt 0.222674 0.823948
vt 0.222674 0.831971
vt 0.221123 0.839838
vt 0.218083 0.847244
vt 0.213668 0.853907
vt 0.208050 0.859569
vt 0.201444 0.864014
vt 0.194103 0.867070
vt 0.863139 0.954097
vt 0.863139 0.471144
vt 0.865416 0.470732
vt 0.865416 0.953685
vt 0.868199 0.470442
vt 0.868199 0.953395
vt 0.871299 0.470294
vt 0.871299 0.953247
vt 0.874505 0.470296
vt 0.874505 0.953249
vt 0.877598 0.470450
vt 0.877598 0.953403
vt 0.880367 0.470745
vt 0.880367 0.953697
vt 0.947634 0.680093
vt 0.947634 0.189276
vt 0.950351 0.189342
vt 0.950351 0.680158
vt 0.953416 0.189378
vt 0.953416 0.680195
vt 0.956619 0.189383
vt 0.956619 0.680199
vt 0.959743 0.189355
vt 0.959743 0.680171
vt 0.962575 0.189297
vt 0.962575 0.680113
vt 0.890527 0.961464
vt 0.890527 0.470309
vt 0.893225 0.470328
vt 0.893225 0.961483
vt 0.896279 0.470338
vt 0.896279 0.961493
vt 0.899481 0.470340
vt 0.899481 0.961495
vt 0.902613 0.470333
vt 0.902613 0.961487
vt 0.905461 0.470317
vt 0.905461 0.961471
vt 0.907831 0.470294
vt 0.907831 0.961448
vt 0.917992 0.679166
vt 0.917992 0.189299
vt 0.920295 0.189463
vt 0.920295 0.679329
vt 0.923096 0.189577
vt 0.923096 0.679443
vt 0.926205 0.189634
vt 0.926205 0.679500
vt 0.929411 0.189630
vt 0.929411 0.679496
vt 0.932493 0.189565
vt 0.932493 0.679432
vt 0.274815 0.548376
vt 0.271658 0.548385
vt 0.268609 0.547564
vt 0.265874 0.545969
vt 0.263642 0.543709
vt 0.262063 0.540938
vt 0.261246 0.537844
vt 0.261246 0.534639
vt 0.262063 0.531541
vt 0.263642 0.528760
vt 0.265874 0.526488
vt 0.268609 0.524877
vt 0.271658 0.524039
vt 0.274815 0.524030
vt 0.277865 0.524851
vt 0.280599 0.526446
vt 0.282832 0.528706
vt 0.284411 0.531478
vt 0.285228 0.534572
vt 0.285228 0.537777
vt 0.284411 0.540875
vt 0.282832 0.543655
vt 0.280599 0.545928
vt 0.277865 0.547538
vt 0.935243 0.189445
vt 0.935243 0.679311
vt 0.937473 0.189276
vt 0.937473 0.679143
vt 0.240617 0.548383
vt 0.237442 0.548375
vt 0.234376 0.547538
vt 0.231627 0.545928
vt 0.229382 0.543656
vt 0.227795 0.540876
vt 0.226973 0.537778
vt 0.226973 0.534573
vt 0.227795 0.531480
vt 0.229382 0.528708
vt 0.231627 0.526447
vt 0.234376 0.524852
vt 0.237442 0.524030
vt 0.240617 0.524038
vt 0.243683 0.524876
vt 0.246432 0.526486
vt 0.248677 0.528758
vt 0.250264 0.531537
vt 0.251086 0.534635
vt 0.251086 0.537840
vt 0.250264 0.540934
vt 0.248677 0.543706
vt 0.246432 0.545966
vt 0.243683 0.547562
vt 0.832221 0.456584
vt 0.854205 0.449400
vt 0.855354 0.452844
vt 0.833057 0.460133
vt 0.831049 0.451400
vt 0.852174 0.444501
vt 0.829854 0.445969
vt 0.849807 0.439459
vt 0.422778 0.796846
vt 0.428320 0.778024
vt 0.433022 0.778326
vt 0.427138 0.798325
vt 0.417496 0.794912
vt 0.422789 0.776953
vt 0.412708 0.793042
vt 0.417909 0.775399
vt 0.285213 0.505005
vt 0.270215 0.493724
vt 0.273664 0.489782
vt 0.288400 0.500863
vt 0.282252 0.509766
vt 0.266536 0.497940
vt 0.280310 0.513870
vt 0.263614 0.501300
vt 0.796327 0.879424
vt 0.781683 0.862692
vt 0.785450 0.860321
vt 0.799283 0.876120
vt 0.792407 0.883409
vt 0.777170 0.865994
vt 0.788575 0.887007
vt 0.773121 0.869342
vt 0.872755 0.438411
vt 0.874214 0.441671
vt 0.869879 0.434017
vt 0.866358 0.429665
vt 0.430486 0.760931
vt 0.435345 0.759948
vt 0.424839 0.760800
vt 0.419917 0.759590
vt 0.258259 0.481660
vt 0.261963 0.477977
vt 0.253887 0.485172
vt 0.250016 0.487570
vt 0.770642 0.845622
vt 0.775127 0.844368
vt 0.765603 0.848106
vt 0.761361 0.851155
vt 0.887540 0.423880
vt 0.889257 0.426886
vt 0.883959 0.420177
vt 0.879474 0.416770
vt 0.863134 0.426523
vt 0.875286 0.414571
vt 0.423836 0.746265
vt 0.429423 0.745501
vt 0.418936 0.745383
vt 0.249113 0.468791
vt 0.253023 0.465396
vt 0.244177 0.471511
vt 0.239536 0.472828
vt 0.763304 0.828481
vt 0.768292 0.828398
vt 0.757896 0.830108
vt 0.753520 0.832842
vt 0.291822 0.561240
vt 0.291710 0.574940
vt 0.286246 0.573915
vt 0.286359 0.559999
vt 0.894251 0.403322
vt 0.898304 0.406264
vt 0.889121 0.400955
vt 0.884289 0.399796
vt 0.419818 0.733145
vt 0.425191 0.731661
vt 0.927444 0.690875
vt 0.927444 0.702010
vt 0.921987 0.701020
vt 0.921987 0.689660
vt 0.242619 0.454972
vt 0.246661 0.451854
vt 0.237323 0.456939
vt 0.232190 0.457226
vt 0.759705 0.811584
vt 0.764923 0.812550
vt 0.754129 0.812444
vt 0.749691 0.814898
vt 0.291617 0.592969
vt 0.286151 0.592176
vt 0.900731 0.383797
vt 0.905028 0.386025
vt 0.895267 0.382405
vt 0.890101 0.382221
vt 0.412708 0.721442
vt 0.417784 0.719455
vt 0.927444 0.717199
vt 0.921987 0.716447
vt 0.932902 0.701020
vt 0.932902 0.716447
vt 0.233358 0.441488
vt 0.238823 0.440152
vt 0.227997 0.440914
vt 0.759774 0.795169
vt 0.764997 0.796960
vt 0.754196 0.795424
vt 0.280702 0.592971
vt 0.280795 0.574941
vt 0.291542 0.614949
vt 0.286076 0.614372
vt 0.903453 0.361864
vt 0.907831 0.363485
vt 0.897879 0.361301
vt 0.892603 0.361947
vt 0.921987 0.735963
vt 0.917992 0.734508
vt 0.917992 0.714392
vt 0.927444 0.736495
vt 0.932902 0.735963
vt 0.232382 0.425282
vt 0.237881 0.424434
vt 0.226973 0.424042
vt 0.763401 0.779374
vt 0.768492 0.781767
vt 0.757919 0.779189
vt 0.280628 0.614951
vt 0.291486 0.640627
vt 0.286019 0.640238
vt 0.902476 0.337715
vt 0.906837 0.338841
vt 0.896924 0.337828
vt 0.891670 0.339150
vt 0.921987 0.759465
vt 0.917992 0.758530
vt 0.927444 0.759807
vt 0.932902 0.759465
vt 0.936897 0.734508
vt 0.936897 0.758530
vt 0.229138 0.406760
vt 0.234489 0.408500
vt 0.770490 0.764291
vt 0.775387 0.767108
vt 0.280571 0.640628
vt 0.276602 0.641695
vt 0.276657 0.616531
vt 0.291448 0.669826
vt 0.285981 0.669597
vt 0.295507 0.641692
vt 0.295470 0.670454
vt 0.892368 0.312168
vt 0.897826 0.311510
vt 0.887207 0.314036
vt 0.921987 0.786774
vt 0.917992 0.786280
vt 0.927444 0.786955
vt 0.932902 0.786774
vt 0.936897 0.786280
vt 0.234508 0.389220
vt 0.239747 0.391334
vt 0.780976 0.750005
vt 0.785658 0.753122
vt 0.280533 0.669827
vt 0.276565 0.670456
vt 0.291429 0.702398
vt 0.285962 0.702304
vt 0.295451 0.702655
vt 0.884179 0.284505
vt 0.889508 0.283403
vt 0.879147 0.286815
vt 0.921987 0.817683
vt 0.917992 0.817561
vt 0.927444 0.817728
vt 0.932902 0.817683
vt 0.936897 0.817562
vt 0.243101 0.371570
vt 0.248205 0.373968
vt 0.794819 0.736617
vt 0.799283 0.739946
vt 0.280514 0.702399
vt 0.276546 0.702657
vt 0.291428 0.738200
vt 0.285961 0.738223
vt 0.295450 0.738138
vt 0.872323 0.255020
vt 0.877506 0.253552
vt 0.867437 0.257697
vt 0.921987 0.851983
vt 0.917992 0.852180
vt 0.927444 0.851911
vt 0.932902 0.851983
vt 0.936897 0.852180
vt 0.254936 0.353962
vt 0.259893 0.356579
vt 0.239537 0.367416
vt 0.251518 0.349589
vt 0.280514 0.738201
vt 0.276545 0.738140
vt 0.291447 0.777084
vt 0.285980 0.777209
vt 0.295469 0.776745
vt 0.856768 0.223898
vt 0.861797 0.222121
vt 0.852035 0.226884
vt 0.921987 0.889467
vt 0.917992 0.889940
vt 0.927444 0.889294
vt 0.932902 0.889467
vt 0.936897 0.889940
vt 0.737872 0.717416
vt 0.739137 0.740510
vt 0.733491 0.740348
vt 0.732239 0.717482
vt 0.266760 0.331999
vt 0.270029 0.336545
vt 0.280532 0.777085
vt 0.276564 0.776747
vt 0.291486 0.818904
vt 0.286019 0.819119
vt 0.295507 0.818317
vt 0.837480 0.191321
vt 0.842352 0.189276
vt 0.832905 0.194574
vt 0.848869 0.230278
vt 0.829854 0.198164
vt 0.927444 0.929667
vt 0.921987 0.929930
vt 0.932902 0.929930
vt 0.936897 0.930650
vt 0.737876 0.766038
vt 0.732239 0.765667
vt 0.285281 0.314784
vt 0.288400 0.319471
vt 0.280571 0.818905
vt 0.276602 0.818320
vt 0.055325 0.524585
vt 0.066292 0.514671
vt 0.075738 0.521802
vt 0.066297 0.532868
vt 0.045363 0.532951
vt 0.057674 0.542245
vt 0.776723 0.266232
vt 0.793416 0.274995
vt 0.792588 0.285182
vt 0.775820 0.277352
vt 0.116272 0.463270
vt 0.129225 0.448584
vt 0.118298 0.464799
vt 0.758832 0.259237
vt 0.757869 0.271100
vt 0.103282 0.477457
vt 0.107299 0.480489
vt 0.740049 0.254131
vt 0.739042 0.266534
vt 0.090477 0.490904
vt 0.096416 0.495387
vt 0.720695 0.251001
vt 0.719661 0.263731
vt 0.078076 0.503380
vt 0.085835 0.509237
vt 0.701102 0.249900
vt 0.700059 0.262740
vt 0.102896 0.499050
vt 0.094302 0.514023
vt 0.718740 0.278275
vt 0.699129 0.277409
vt 0.086047 0.527629
vt 0.078271 0.539637
vt 0.071109 0.549839
vt 0.791851 0.296820
vt 0.775015 0.290055
vt 0.120508 0.466048
vt 0.757010 0.284652
vt 0.111681 0.482967
vt 0.738144 0.280703
vt 0.807229 0.304829
vt 0.806663 0.316317
vt 0.791216 0.309709
vt 0.774322 0.304125
vt 0.122865 0.466997
vt 0.756270 0.299662
vt 0.116355 0.484847
vt 0.737371 0.296396
vt 0.109807 0.501831
vt 0.717946 0.294382
vt 0.103332 0.517656
vt 0.698329 0.293655
vt 0.097040 0.532053
vt 0.091041 0.544775
vt 0.125329 0.467628
vt 0.121241 0.486099
vt 0.755663 0.315872
vt 0.736736 0.313344
vt 0.117030 0.503682
vt 0.717294 0.311778
vt 0.112769 0.520075
vt 0.697671 0.311201
vt 0.108531 0.534998
vt 0.104388 0.548195
vt 0.806198 0.328724
vt 0.790694 0.323629
vt 0.773752 0.319320
vt 0.122454 0.521237
vt 0.120323 0.536413
vt 0.118084 0.549839
vt 0.805843 0.341837
vt 0.790295 0.338341
vt 0.773317 0.335381
vt 0.127857 0.467931
vt 0.755198 0.333006
vt 0.126254 0.486701
vt 0.736250 0.331257
vt 0.124443 0.504571
vt 0.716796 0.330164
vt 0.697168 0.329746
vt 0.790025 0.353595
vt 0.773022 0.352032
vt 0.130407 0.467902
vt 0.754884 0.350769
vt 0.131309 0.486642
vt 0.735921 0.349829
vt 0.131917 0.504484
vt 0.716458 0.349227
vt 0.132220 0.521123
vt 0.696828 0.348973
vt 0.132213 0.536274
vt 0.819694 0.345808
vt 0.819487 0.357513
vt 0.805602 0.355433
vt 0.136320 0.485923
vt 0.139326 0.503422
vt 0.735755 0.368742
vt 0.716288 0.368639
vt 0.141900 0.519735
vt 0.696656 0.368554
vt 0.143998 0.534584
vt 0.819382 0.369432
vt 0.805481 0.369278
vt 0.789889 0.369129
vt 0.772873 0.368989
vt 0.132933 0.467539
vt 0.754725 0.368859
vt 0.819382 0.381363
vt 0.805481 0.383136
vt 0.789889 0.384678
vt 0.772873 0.385961
vt 0.135395 0.466850
vt 0.754725 0.386965
vt 0.141200 0.484557
vt 0.735755 0.387672
vt 0.146542 0.501402
vt 0.716288 0.388070
vt 0.151328 0.517096
vt 0.696656 0.388152
vt 0.155478 0.531371
vt 0.773022 0.402659
vt 0.754884 0.404779
vt 0.137748 0.465847
vt 0.145867 0.482568
vt 0.735921 0.406296
vt 0.153442 0.498460
vt 0.716458 0.407186
vt 0.160344 0.513252
vt 0.696828 0.407433
vt 0.166454 0.526691
vt 0.819487 0.393101
vt 0.805602 0.396770
vt 0.790025 0.399974
vt 0.159908 0.494646
vt 0.168792 0.508268
vt 0.716795 0.425660
vt 0.697168 0.426066
vt 0.176740 0.520623
vt 0.819694 0.404444
vt 0.805843 0.409946
vt 0.790295 0.414757
vt 0.773317 0.418796
vt 0.139954 0.464546
vt 0.755198 0.421994
vt 0.150240 0.479988
vt 0.736250 0.424295
vt 0.806198 0.422439
vt 0.790694 0.428774
vt 0.773752 0.434097
vt 0.141973 0.462970
vt 0.755663 0.438317
vt 0.154245 0.476862
vt 0.736736 0.441361
vt 0.165830 0.490024
vt 0.717294 0.443177
vt 0.176529 0.502230
vt 0.697671 0.443734
vt 0.186160 0.513272
vt 0.183616 0.531498
vt 0.194557 0.522959
vt 0.756270 0.453468
vt 0.737371 0.457201
vt 0.157813 0.473245
vt 0.171105 0.484675
vt 0.717946 0.459436
vt 0.183421 0.495242
vt 0.698329 0.460133
vt 0.194552 0.504763
vt 0.565135 0.435070
vt 0.549622 0.424510
vt 0.551638 0.416005
vt 0.567477 0.425191
vt 0.582014 0.444209
vt 0.584642 0.433125
vt 0.791216 0.441785
vt 0.774322 0.448299
vt 0.143773 0.461145
vt 0.189352 0.487421
vt 0.201772 0.495241
vt 0.553294 0.406478
vt 0.569401 0.414125
vt 0.586800 0.420710
vt 0.602839 0.439673
vt 0.605195 0.426120
vt 0.145321 0.459104
vt 0.621757 0.444721
vt 0.624271 0.430263
vt 0.160883 0.469197
vt 0.641073 0.448184
vt 0.643701 0.433067
vt 0.175644 0.478690
vt 0.660456 0.450001
vt 0.663154 0.434486
vt 0.679575 0.450143
vt 0.682295 0.434494
vt 0.588452 0.407175
vt 0.606998 0.411346
vt 0.146591 0.456880
vt 0.626195 0.414501
vt 0.163402 0.464787
vt 0.645713 0.416589
vt 0.179369 0.472171
vt 0.665218 0.417572
vt 0.194219 0.478903
vt 0.684378 0.417434
vt 0.207698 0.484870
vt 0.554562 0.396092
vt 0.570873 0.402062
vt 0.647073 0.399029
vt 0.666614 0.399548
vt 0.182216 0.465229
vt 0.197939 0.469834
vt 0.685786 0.399255
vt 0.212227 0.473828
vt 0.555419 0.385026
vt 0.571869 0.389207
vt 0.589569 0.392753
vt 0.608218 0.395602
vt 0.147563 0.454512
vt 0.627496 0.397706
vt 0.165328 0.460092
vt 0.555852 0.373468
vt 0.572371 0.375782
vt 0.590133 0.377690
vt 0.608833 0.379159
vt 0.148218 0.452041
vt 0.628152 0.380165
vt 0.166627 0.455192
vt 0.647759 0.380690
vt 0.184137 0.457984
vt 0.667319 0.380724
vt 0.200449 0.460367
vt 0.686496 0.380268
vt 0.215283 0.462302
vt 0.608833 0.362299
vt 0.628152 0.362178
vt 0.148546 0.449509
vt 0.167277 0.450171
vt 0.647759 0.361884
vt 0.185099 0.450559
vt 0.667319 0.361422
vt 0.201706 0.450666
vt 0.686496 0.360799
vt 0.216813 0.450491
vt 0.555852 0.361615
vt 0.572371 0.362015
vt 0.590133 0.362244
vt 0.666614 0.341970
vt 0.685786 0.341180
vt 0.201687 0.440896
vt 0.216791 0.438596
vt 0.555419 0.349672
vt 0.571869 0.348142
vt 0.589569 0.346679
vt 0.608218 0.345308
vt 0.148541 0.446958
vt 0.627496 0.344052
vt 0.167268 0.445113
vt 0.647073 0.342933
vt 0.185085 0.443081
vt 0.570873 0.334401
vt 0.588452 0.331262
vt 0.606998 0.328479
vt 0.148204 0.444433
vt 0.626195 0.326099
vt 0.166599 0.440107
vt 0.645713 0.324163
vt 0.184095 0.435679
vt 0.665218 0.322704
vt 0.200394 0.431225
vt 0.684377 0.321747
vt 0.215217 0.426821
vt 0.554562 0.337842
vt 0.624271 0.308624
vt 0.643701 0.305893
vt 0.165281 0.435237
vt 0.182147 0.428479
vt 0.663154 0.303951
vt 0.197849 0.421817
vt 0.682295 0.302833
vt 0.212117 0.415367
vt 0.553294 0.326328
vt 0.569401 0.321027
vt 0.586800 0.316256
vt 0.605195 0.312098
vt 0.147539 0.441978
vt 0.551638 0.315326
vt 0.567477 0.308247
vt 0.584642 0.301918
vt 0.602839 0.296447
vt 0.146559 0.439633
vt 0.621757 0.291927
vt 0.163338 0.430588
vt 0.641073 0.288436
vt 0.179274 0.421604
vt 0.660456 0.286033
vt 0.194095 0.412835
vt 0.679575 0.284760
vt 0.207547 0.404431
vt 0.582014 0.288494
vt 0.599970 0.281793
vt 0.145280 0.437439
vt 0.618697 0.276294
vt 0.160802 0.426238
vt 0.637874 0.272092
vt 0.175525 0.415172
vt 0.657172 0.269257
vt 0.189196 0.404431
vt 0.676262 0.267839
vt 0.201582 0.394199
vt 0.549622 0.305025
vt 0.565135 0.296283
vt 0.634157 0.257139
vt 0.653358 0.253910
vt 0.170963 0.409293
vt 0.183236 0.396749
vt 0.402548 0.930661
vt 0.383215 0.930084
vt 0.381651 0.914260
vt 0.400971 0.914701
vt 0.194326 0.384846
vt 0.212472 0.384650
vt 0.204043 0.373787
vt 0.562414 0.285336
vt 0.578961 0.276213
vt 0.596638 0.268387
vt 0.143724 0.435434
vt 0.615142 0.261993
vt 0.157717 0.422261
vt 0.559361 0.275597
vt 0.575536 0.265285
vt 0.592900 0.256458
vt 0.141918 0.433651
vt 0.611154 0.249267
vt 0.154136 0.418727
vt 0.362910 0.912471
vt 0.345069 0.909365
vt 0.343841 0.893367
vt 0.361626 0.895745
vt 0.165668 0.404067
vt 0.380333 0.897092
vt 0.176318 0.389922
vt 0.399642 0.897385
vt 0.185903 0.376533
vt 0.194259 0.364131
vt 0.327281 0.890000
vt 0.326365 0.874087
vt 0.342863 0.876391
vt 0.139893 0.432122
vt 0.150119 0.415695
vt 0.360604 0.877997
vt 0.159730 0.399584
vt 0.379284 0.878874
vt 0.168559 0.384065
vt 0.398583 0.879010
vt 0.176456 0.369402
vt 0.183286 0.355848
vt 0.201244 0.352927
vt 0.188932 0.343633
vt 0.312230 0.885699
vt 0.311391 0.871122
vt 0.378522 0.859919
vt 0.397814 0.859891
vt 0.160092 0.379279
vt 0.166148 0.363575
vt 0.171312 0.349079
vt 0.175498 0.336039
vt 0.310781 0.855953
vt 0.325699 0.857529
vt 0.137683 0.430873
vt 0.342153 0.858728
vt 0.145737 0.413218
vt 0.359861 0.859529
vt 0.153249 0.395921
vt 0.310411 0.840454
vt 0.325294 0.840610
vt 0.135325 0.429924
vt 0.341722 0.840678
vt 0.141063 0.411337
vt 0.359411 0.840658
vt 0.146339 0.393140
vt 0.378059 0.840549
vt 0.151063 0.375645
vt 0.397348 0.840354
vt 0.155154 0.359151
vt 0.158543 0.343941
vt 0.161171 0.330274
vt 0.341577 0.822552
vt 0.359260 0.821707
vt 0.136177 0.410085
vt 0.139115 0.391289
vt 0.377904 0.821097
vt 0.141625 0.373227
vt 0.397191 0.820734
vt 0.143663 0.356207
vt 0.145196 0.340521
vt 0.146196 0.326436
vt 0.310286 0.824888
vt 0.325159 0.823619
vt 0.132862 0.429293
vt 0.131872 0.354792
vt 0.131499 0.338877
vt 0.130829 0.324592
vt 0.310411 0.809523
vt 0.325295 0.806846
vt 0.130333 0.428989
vt 0.341722 0.804659
vt 0.131164 0.409483
vt 0.359411 0.802999
vt 0.131703 0.390400
vt 0.378059 0.801896
vt 0.131940 0.372065
vt 0.397348 0.801367
vt 0.127784 0.429019
vt 0.325699 0.790579
vt 0.342153 0.787306
vt 0.126109 0.409542
vt 0.359861 0.784856
vt 0.124228 0.390487
vt 0.378522 0.783273
vt 0.122174 0.372178
vt 0.397814 0.782584
vt 0.119982 0.354931
vt 0.117688 0.339038
vt 0.115333 0.324773
vt 0.310781 0.794622
vt 0.360604 0.767588
vt 0.379284 0.765549
vt 0.116820 0.391549
vt 0.112494 0.373567
vt 0.398583 0.764706
vt 0.108196 0.356621
vt 0.103999 0.341001
vt 0.099974 0.326976
vt 0.311391 0.780438
vt 0.326365 0.775097
vt 0.125257 0.429382
vt 0.342863 0.770789
vt 0.121098 0.410261
vt 0.090665 0.344733
vt 0.085014 0.331163
vt 0.096191 0.314784
vt 0.079861 0.319355
vt 0.122796 0.430070
vt 0.327281 0.760663
vt 0.343841 0.755391
vt 0.116218 0.411627
vt 0.361626 0.751489
vt 0.109603 0.393569
vt 0.380333 0.749025
vt 0.103066 0.376206
vt 0.399642 0.748040
vt 0.096717 0.359833
vt 0.120442 0.431074
vt 0.111551 0.413617
vt 0.345069 0.741375
vt 0.362910 0.736836
vt 0.102703 0.396511
vt 0.381651 0.733984
vt 0.094050 0.380050
vt 0.400971 0.732870
vt 0.085740 0.364514
vt 0.077915 0.350170
vt 0.070709 0.337262
vt 0.064245 0.326013
vt 0.328432 0.747525
vt 0.383215 0.720685
vt 0.402548 0.719455
vt 0.085602 0.385033
vt 0.075454 0.370581
vt 0.065967 0.357217
vt 0.057304 0.345170
vt 0.049612 0.334645
vt 0.118237 0.432375
vt 0.058634 0.316614
vt 0.043024 0.325823
vt 0.107178 0.416197
vt 0.346526 0.728982
vt 0.364434 0.723879
vt 0.096237 0.400325
vt 0.787362 0.492319
vt 0.804972 0.497284
vt 0.807398 0.509322
vt 0.789899 0.504906
vt 0.103173 0.419322
vt 0.090316 0.404947
vt 0.768830 0.489315
vt 0.771433 0.502234
vt 0.077865 0.391071
vt 0.749691 0.488322
vt 0.752317 0.501352
vt 0.066035 0.377933
vt 0.055026 0.365756
vt 0.045028 0.354750
vt 0.036212 0.345103
vt 0.116217 0.433951
vt 0.028729 0.336979
vt 0.057643 0.386442
vt 0.045279 0.375640
vt 0.034092 0.365840
vt 0.024274 0.357208
vt 0.114418 0.435776
vt 0.823632 0.515407
vt 0.825627 0.528255
vt 0.809526 0.523029
vt 0.099605 0.422940
vt 0.792123 0.519236
vt 0.085040 0.410296
vt 0.773716 0.516943
vt 0.070973 0.398060
vt 0.754620 0.516188
vt 0.112870 0.437817
vt 0.827307 0.542447
vt 0.811319 0.538168
vt 0.096535 0.426988
vt 0.793997 0.535065
vt 0.080501 0.416281
vt 0.775640 0.533190
vt 0.065042 0.405880
vt 0.756561 0.532575
vt 0.050422 0.395963
vt 0.036892 0.386700
vt 0.024682 0.378248
vt 0.014002 0.370753
vt 0.795490 0.552121
vt 0.777172 0.550696
vt 0.076776 0.422801
vt 0.060175 0.414398
vt 0.758105 0.550233
vt 0.044496 0.406334
vt 0.030009 0.398746
vt 0.016959 0.391764
vt 0.005572 0.385507
vt 0.111599 0.440041
vt 0.828645 0.557739
vt 0.812746 0.554482
vt 0.094016 0.431397
vt 0.024747 0.411573
vt 0.011056 0.406155
vt 0.842915 0.561836
vt 0.843806 0.576614
vt 0.829617 0.573870
vt 0.110628 0.442409
vt 0.813783 0.571691
vt 0.092090 0.436092
vt 0.796574 0.570113
vt 0.073929 0.429742
vt 0.778285 0.569164
vt 0.056455 0.423468
vt 0.759228 0.568860
vt 0.039967 0.417377
vt 0.109973 0.444880
vt 0.090791 0.440992
vt 0.814413 0.589500
vt 0.797232 0.588733
vt 0.072008 0.436988
vt 0.778960 0.588276
vt 0.053945 0.432935
vt 0.759909 0.588136
vt 0.036911 0.428902
vt 0.021198 0.424960
vt 0.007074 0.421175
vt 0.844347 0.591907
vt 0.830207 0.590564
vt 0.779187 0.607705
vt 0.760138 0.607733
vt 0.052688 0.442636
vt 0.035381 0.440714
vt 0.019421 0.438680
vt 0.005080 0.436568
vt 0.844528 0.607455
vt 0.830405 0.607536
vt 0.109645 0.447412
vt 0.814624 0.607606
vt 0.090141 0.446014
vt 0.797453 0.607662
vt 0.071046 0.444412
vt 0.844347 0.622990
vt 0.830207 0.624494
vt 0.109649 0.449963
vt 0.814413 0.625697
vt 0.090150 0.451071
vt 0.797232 0.626577
vt 0.071060 0.451890
vt 0.778960 0.627120
vt 0.052707 0.452405
vt 0.759910 0.627315
vt 0.035404 0.452609
vt 0.019447 0.452496
vt 0.005109 0.452070
vt 0.090819 0.456077
vt 0.072050 0.459292
vt 0.796574 0.645154
vt 0.778285 0.646187
vt 0.054000 0.462077
vt 0.759228 0.646547
vt 0.036978 0.464384
vt 0.021275 0.466174
vt 0.007161 0.467416
vt 0.843806 0.638248
vt 0.829617 0.641150
vt 0.109987 0.452487
vt 0.813783 0.643465
vt 0.040077 0.475838
vt 0.024875 0.479478
vt 0.011199 0.482342
vt 0.842915 0.652967
vt 0.828645 0.657217
vt 0.110651 0.454943
vt 0.812746 0.660605
vt 0.092137 0.460947
vt 0.795490 0.663074
vt 0.073998 0.466492
vt 0.777172 0.664581
vt 0.056545 0.471484
vt 0.758105 0.665100
vt 0.111631 0.457288
vt 0.827307 0.672421
vt 0.811319 0.676825
vt 0.094080 0.465597
vt 0.793998 0.680032
vt 0.076871 0.473367
vt 0.775640 0.681987
vt 0.060299 0.480467
vt 0.756561 0.682656
vt 0.044648 0.486774
vt 0.030184 0.492181
vt 0.017156 0.496595
vt 0.841690 0.666895
vt 0.080621 0.479799
vt 0.065198 0.488871
vt 0.773716 0.698107
vt 0.754620 0.698915
vt 0.050612 0.497006
vt 0.037112 0.504066
vt 0.024929 0.509929
vt 0.005787 0.499941
vt 0.014272 0.514497
vt 0.112910 0.459482
vt 0.825627 0.686502
vt 0.809526 0.691846
vt 0.096616 0.469947
vt 0.792123 0.695737
vt 0.045540 0.514929
vt 0.034385 0.522118
vt 0.024594 0.527801
vt 0.114466 0.461487
vt 0.823632 0.699218
vt 0.807398 0.705413
vt 0.099701 0.473923
vt 0.789899 0.709921
vt 0.085182 0.485678
vt 0.771433 0.712665
vt 0.071158 0.496552
vt 0.752317 0.713599
vt 0.057868 0.506358
vt 0.804972 0.717291
vt 0.787362 0.722340
vt 0.768830 0.725412
vt 0.749691 0.726457
vt 0.036578 0.539627
vt 0.759884 0.249267
vt 0.777709 0.256886
vt 0.514018 0.560326
vt 0.520800 0.571912
vt 0.509095 0.580252
vt 0.503256 0.570277
vt 0.171054 0.616656
vt 0.171994 0.630961
vt 0.156211 0.634949
vt 0.155373 0.622199
vt 0.188054 0.611909
vt 0.189080 0.627525
vt 0.447765 0.614010
vt 0.449016 0.616148
vt 0.431976 0.624983
vt 0.206082 0.608039
vt 0.207176 0.624698
vt 0.463045 0.602860
vt 0.465527 0.607100
vt 0.224829 0.605112
vt 0.225974 0.622529
vt 0.477550 0.591728
vt 0.481220 0.597998
vt 0.243976 0.603178
vt 0.245150 0.621055
vt 0.491030 0.580805
vt 0.495826 0.588997
vt 0.263371 0.602265
vt 0.264556 0.620297
vt 0.499497 0.597757
vt 0.484029 0.604702
vt 0.265463 0.639063
vt 0.246049 0.639660
vt 0.513564 0.590917
vt 0.156852 0.648217
vt 0.142553 0.650842
vt 0.142001 0.639419
vt 0.172713 0.645848
vt 0.189865 0.643775
vt 0.449974 0.618434
vt 0.208014 0.642034
vt 0.467427 0.611634
vt 0.226849 0.640654
vt 0.173199 0.661062
vt 0.157285 0.661777
vt 0.190396 0.660383
vt 0.450622 0.620829
vt 0.208580 0.659751
vt 0.468712 0.616384
vt 0.227442 0.659178
vt 0.485929 0.611726
vt 0.246657 0.658673
vt 0.501979 0.606934
vt 0.266076 0.658240
vt 0.516587 0.602091
vt 0.142926 0.662516
vt 0.469360 0.621269
vt 0.450949 0.623292
vt 0.227740 0.677783
vt 0.208866 0.677546
vt 0.486887 0.618949
vt 0.246964 0.677769
vt 0.503231 0.616372
vt 0.266385 0.677502
vt 0.518111 0.613582
vt 0.157504 0.675396
vt 0.143114 0.674240
vt 0.173445 0.676343
vt 0.190664 0.677063
vt 0.518111 0.625194
vt 0.503231 0.625909
vt 0.157504 0.688842
vt 0.143114 0.685816
vt 0.173445 0.691428
vt 0.190664 0.693531
vt 0.450949 0.625781
vt 0.208866 0.695114
vt 0.469360 0.626205
vt 0.227740 0.696150
vt 0.486887 0.626248
vt 0.246964 0.696622
vt 0.266385 0.696519
vt 0.190396 0.709505
vt 0.173199 0.706061
vt 0.450622 0.628253
vt 0.208580 0.712155
vt 0.468712 0.631108
vt 0.227442 0.713967
vt 0.485929 0.633498
vt 0.246657 0.714909
vt 0.501979 0.635382
vt 0.266076 0.714964
vt 0.516587 0.636728
vt 0.157285 0.701884
vt 0.142926 0.697044
vt 0.484029 0.640575
vt 0.467427 0.635894
vt 0.246049 0.732317
vt 0.226849 0.730927
vt 0.499496 0.644628
vt 0.265463 0.732523
vt 0.513564 0.647986
vt 0.156852 0.714299
vt 0.142553 0.707732
vt 0.172713 0.719991
vt 0.189865 0.724710
vt 0.449974 0.630666
vt 0.208014 0.728376
vt 0.156211 0.725875
vt 0.142001 0.717698
vt 0.171994 0.732979
vt 0.189080 0.738888
vt 0.449016 0.632979
vt 0.207176 0.743501
vt 0.465527 0.640481
vt 0.225974 0.746740
vt 0.481220 0.647357
vt 0.245150 0.748548
vt 0.495826 0.653491
vt 0.264556 0.748895
vt 0.509095 0.658776
vt 0.206082 0.757271
vt 0.188054 0.751795
vt 0.463045 0.644790
vt 0.447765 0.635152
vt 0.224829 0.761136
vt 0.477550 0.653730
vt 0.243976 0.763325
vt 0.491030 0.661817
vt 0.263371 0.763800
vt 0.503256 0.668914
vt 0.520800 0.663123
vt 0.514018 0.674899
vt 0.171054 0.744803
vt 0.155373 0.736413
vt 0.485191 0.669465
vt 0.473081 0.659583
vt 0.261929 0.776983
vt 0.242546 0.776395
vt 0.496147 0.678225
vt 0.505760 0.685715
vt 0.169910 0.755261
vt 0.154353 0.745734
vt 0.186805 0.763211
vt 0.446241 0.637148
vt 0.204749 0.769450
vt 0.460023 0.648749
vt 0.223436 0.773870
vt 0.650538 0.216027
vt 0.648611 0.205854
vt 0.664573 0.197090
vt 0.666291 0.206157
vt 0.633509 0.224304
vt 0.631405 0.213199
vt 0.444471 0.638932
vt 0.615496 0.230846
vt 0.613252 0.219000
vt 0.456513 0.652288
vt 0.596807 0.235542
vt 0.594461 0.223156
vt 0.467891 0.664817
vt 0.577763 0.238310
vt 0.575355 0.225597
vt 0.478409 0.676303
vt 0.558511 0.239107
vt 0.556082 0.226283
vt 0.487889 0.686552
vt 0.496168 0.695386
vt 0.592441 0.209062
vt 0.611320 0.205519
vt 0.462067 0.669341
vt 0.452574 0.655348
vt 0.573281 0.211131
vt 0.470800 0.682215
vt 0.553991 0.211692
vt 0.478625 0.693750
vt 0.485407 0.703747
vt 0.646952 0.194278
vt 0.663095 0.186773
vt 0.629595 0.200563
vt 0.442485 0.640475
vt 0.468511 0.699697
vt 0.462494 0.687100
vt 0.661880 0.175382
vt 0.676702 0.168368
vt 0.677748 0.178174
vt 0.645589 0.181498
vt 0.628107 0.186612
vt 0.440317 0.641750
vt 0.609733 0.190636
vt 0.448275 0.657876
vt 0.590782 0.193501
vt 0.455710 0.673080
vt 0.571579 0.195158
vt 0.552274 0.195581
vt 0.626969 0.171583
vt 0.644546 0.167731
vt 0.438005 0.642735
vt 0.608519 0.174603
vt 0.443689 0.659829
vt 0.589513 0.176739
vt 0.448928 0.675968
vt 0.570275 0.177953
vt 0.453632 0.690873
vt 0.550959 0.178227
vt 0.457722 0.704291
vt 0.660951 0.163111
vt 0.675902 0.157804
vt 0.569394 0.159810
vt 0.588654 0.159063
vt 0.444368 0.693471
vt 0.441837 0.677956
vt 0.550070 0.159926
vt 0.446442 0.707454
vt 0.660322 0.150172
vt 0.675361 0.146665
vt 0.643841 0.153213
vt 0.626199 0.155736
vt 0.435587 0.643413
vt 0.607698 0.157697
vt 0.438893 0.661174
vt 0.660005 0.136785
vt 0.675088 0.135140
vt 0.643485 0.138193
vt 0.625811 0.139340
vt 0.433105 0.643772
vt 0.607283 0.140205
vt 0.433972 0.661887
vt 0.588221 0.140775
vt 0.434559 0.679010
vt 0.568949 0.141040
vt 0.434858 0.694849
vt 0.549622 0.140993
vt 0.434864 0.709132
vt 0.607283 0.122428
vt 0.625811 0.122676
vt 0.429007 0.661957
vt 0.430602 0.643807
vt 0.588221 0.122189
vt 0.427219 0.679113
vt 0.568949 0.121962
vt 0.425267 0.694983
vt 0.549622 0.121750
vt 0.423186 0.709295
vt 0.660005 0.123179
vt 0.675088 0.123427
vt 0.643485 0.122927
vt 0.550070 0.102527
vt 0.569394 0.102905
vt 0.411608 0.707941
vt 0.415758 0.693871
vt 0.660322 0.109588
vt 0.675361 0.111725
vt 0.643841 0.107678
vt 0.626199 0.106029
vt 0.428121 0.643517
vt 0.607698 0.104669
vt 0.424085 0.661381
vt 0.588654 0.103622
vt 0.419941 0.678262
vt 0.644546 0.092705
vt 0.660951 0.096243
vt 0.626969 0.089685
vt 0.425703 0.642907
vt 0.608519 0.087233
vt 0.419290 0.660171
vt 0.589513 0.085392
vt 0.412850 0.676472
vt 0.570275 0.084193
vt 0.406493 0.691532
vt 0.550959 0.083653
vt 0.400328 0.705094
vt 0.675902 0.100237
vt 0.590782 0.067811
vt 0.609733 0.070417
vt 0.406068 0.673774
vt 0.414704 0.658346
vt 0.571579 0.066147
vt 0.397632 0.688007
vt 0.552274 0.065451
vt 0.389539 0.700801
vt 0.661881 0.083373
vt 0.676702 0.089157
vt 0.645589 0.078266
vt 0.628107 0.073922
vt 0.423390 0.641987
vt 0.663095 0.071198
vt 0.677748 0.078676
vt 0.646952 0.064606
vt 0.629595 0.059011
vt 0.421222 0.640773
vt 0.611320 0.054510
vt 0.410405 0.655938
vt 0.592441 0.051180
vt 0.399711 0.670213
vt 0.573281 0.049077
vt 0.389326 0.683354
vt 0.553991 0.048233
vt 0.379425 0.695136
vt 0.631405 0.045207
vt 0.648611 0.051960
vt 0.419237 0.639285
vt 0.613252 0.039783
vt 0.406466 0.652988
vt 0.594461 0.035783
vt 0.393887 0.665851
vt 0.575355 0.033273
vt 0.381716 0.677655
vt 0.556083 0.032292
vt 0.370160 0.688197
vt 0.370180 0.705358
vt 0.359418 0.697298
vt 0.664573 0.059927
vt 0.577763 0.019006
vt 0.596807 0.021883
vt 0.374934 0.671006
vt 0.388697 0.660762
vt 0.558512 0.017902
vt 0.361903 0.680102
vt 0.349826 0.687894
vt 0.650538 0.040544
vt 0.666291 0.049753
vt 0.633509 0.032745
vt 0.417467 0.637550
vt 0.615496 0.026489
vt 0.402956 0.649547
vt 0.338911 0.694250
vt 0.329646 0.682374
vt 0.341569 0.677309
vt 0.635869 0.021840
vt 0.652700 0.030554
vt 0.415943 0.635597
vt 0.618014 0.014855
vt 0.399934 0.645673
vt 0.599440 0.009720
vt 0.384228 0.655034
vt 0.580465 0.006521
vt 0.369095 0.663521
vt 0.561237 0.005308
vt 0.354794 0.670989
vt 0.620762 0.005080
vt 0.638445 0.012677
vt 0.397451 0.641432
vt 0.414691 0.633459
vt 0.568971 0.934231
vt 0.569853 0.922046
vt 0.587753 0.917548
vt 0.586909 0.929203
vt 0.380558 0.648764
vt 0.550274 0.937321
vt 0.551180 0.924814
vt 0.364300 0.655329
vt 0.530961 0.938424
vt 0.531874 0.925809
vt 0.348955 0.661015
vt 0.334786 0.665723
vt 0.322036 0.669375
vt 0.319230 0.686096
vt 0.310923 0.671906
vt 0.532661 0.911398
vt 0.551959 0.910527
vt 0.344486 0.650349
vt 0.360629 0.646570
vt 0.329595 0.653335
vt 0.316212 0.655475
vt 0.604572 0.911398
vt 0.605253 0.898919
vt 0.620647 0.892268
vt 0.620023 0.903699
vt 0.413733 0.631173
vt 0.588479 0.904236
vt 0.395552 0.636899
vt 0.570613 0.908128
vt 0.377749 0.642060
vt 0.605812 0.885100
vt 0.621159 0.879608
vt 0.413086 0.628778
vt 0.589076 0.889494
vt 0.394267 0.632149
vt 0.571237 0.892714
vt 0.375849 0.635037
vt 0.552600 0.894707
vt 0.358147 0.637392
vt 0.533307 0.895441
vt 0.341463 0.639175
vt 0.326084 0.640356
vt 0.312273 0.640912
vt 0.571714 0.876070
vt 0.589533 0.873574
vt 0.374891 0.627813
vt 0.393619 0.627264
vt 0.553090 0.877622
vt 0.356895 0.627954
vt 0.533801 0.878208
vt 0.339939 0.627684
vt 0.324314 0.627008
vt 0.310286 0.625937
vt 0.606241 0.870177
vt 0.621552 0.865938
vt 0.412759 0.626315
vt 0.324314 0.613520
vt 0.339939 0.616073
vt 0.310286 0.610803
vt 0.606530 0.854406
vt 0.621817 0.851490
vt 0.412759 0.623826
vt 0.589842 0.856748
vt 0.393619 0.622328
vt 0.572037 0.858479
vt 0.374891 0.620514
vt 0.553421 0.859567
vt 0.356895 0.618417
vt 0.534135 0.859996
vt 0.413086 0.621354
vt 0.589998 0.839306
vt 0.606676 0.838055
vt 0.394267 0.617424
vt 0.572200 0.840242
vt 0.375849 0.613264
vt 0.553589 0.840848
vt 0.358147 0.608945
vt 0.534304 0.841115
vt 0.341463 0.604539
vt 0.326084 0.600123
vt 0.312273 0.595772
vt 0.621951 0.836512
vt 0.553589 0.821788
vt 0.572200 0.821672
vt 0.360629 0.599698
vt 0.377749 0.606188
vt 0.534304 0.821890
vt 0.344486 0.593281
vt 0.329595 0.587046
vt 0.316212 0.581099
vt 0.606676 0.821406
vt 0.621951 0.821260
vt 0.413733 0.618941
vt 0.589997 0.821545
vt 0.395552 0.612639
vt 0.322036 0.567037
vt 0.334786 0.574512
vt 0.606530 0.804743
vt 0.621817 0.805995
vt 0.414691 0.616628
vt 0.589842 0.803768
vt 0.397451 0.608052
vt 0.572037 0.803087
vt 0.380558 0.599405
vt 0.553421 0.802711
vt 0.364300 0.590836
vt 0.534135 0.802648
vt 0.348955 0.582490
vt 0.399934 0.603742
vt 0.415943 0.614455
vt 0.571714 0.784804
vt 0.589533 0.786281
vt 0.384228 0.593033
vt 0.553090 0.783945
vt 0.369095 0.582509
vt 0.533801 0.783719
vt 0.354794 0.572353
vt 0.341569 0.562736
vt 0.329646 0.553825
vt 0.606240 0.788351
vt 0.621552 0.790979
vt 0.533307 0.765427
vt 0.552600 0.765810
vt 0.361903 0.563041
vt 0.374934 0.574862
vt 0.349826 0.551920
vt 0.338911 0.541689
vt 0.605812 0.772511
vt 0.621159 0.776468
vt 0.417467 0.612459
vt 0.589076 0.769382
vt 0.402956 0.599784
vt 0.571237 0.767136
vt 0.388697 0.587179
vt 0.570613 0.750385
vt 0.588479 0.753361
vt 0.393887 0.581946
vt 0.406466 0.596244
vt 0.551959 0.748617
vt 0.381716 0.568023
vt 0.532661 0.748085
vt 0.370161 0.554715
vt 0.359418 0.542249
vt 0.349673 0.530838
vt 0.605253 0.757493
vt 0.620647 0.762710
vt 0.419237 0.610674
vt 0.370180 0.533888
vt 0.379425 0.547517
vt 0.361747 0.521457
vt 0.341091 0.520678
vt 0.354272 0.510437
vt 0.421222 0.609131
vt 0.587753 0.738491
vt 0.604572 0.743554
vt 0.410405 0.593184
vt 0.569853 0.734839
vt 0.399711 0.577421
vt 0.551180 0.732660
vt 0.389326 0.562111
vt 0.531874 0.731989
vt 0.423390 0.607857
vt 0.586909 0.725028
vt 0.603781 0.730934
vt 0.414704 0.590656
vt 0.568971 0.720763
vt 0.406068 0.573683
vt 0.550274 0.718212
vt 0.397632 0.557226
vt 0.530960 0.717416
vt 0.389539 0.541569
vt 0.381927 0.526979
vt 0.374928 0.513706
vt 0.368660 0.501977
vt 0.502424 0.720178
vt 0.499798 0.736700
vt 0.482548 0.738389
vt 0.485107 0.722292
vt 0.406493 0.553453
vt 0.412850 0.570795
vt 0.520800 0.719455
vt 0.518151 0.736121
vt 0.400328 0.536975
vt 0.394459 0.521643
vt 0.388989 0.507718
vt 0.384009 0.495440
vt 0.425703 0.606872
vt 0.468973 0.725764
vt 0.466526 0.741160
vt 0.452006 0.744967
vt 0.454300 0.730535
vt 0.419290 0.588703
vt 0.403690 0.503596
vt 0.407562 0.517969
vt 0.400057 0.490940
vt 0.428121 0.606194
vt 0.464653 0.757593
vt 0.450250 0.760370
vt 0.424085 0.587358
vt 0.480589 0.755569
vt 0.419941 0.568806
vt 0.497788 0.754335
vt 0.415758 0.550855
vt 0.516124 0.753908
vt 0.411608 0.533812
vt 0.429007 0.586645
vt 0.430602 0.605834
vt 0.479265 0.773539
vt 0.463386 0.774780
vt 0.427219 0.567752
vt 0.496428 0.772779
vt 0.425267 0.549477
vt 0.514752 0.772513
vt 0.423186 0.532135
vt 0.421011 0.516020
vt 0.418779 0.501410
vt 0.416528 0.488554
vt 0.449062 0.776482
vt 0.514061 0.791616
vt 0.495743 0.791719
vt 0.434864 0.531971
vt 0.434859 0.549343
vt 0.434576 0.515831
vt 0.433998 0.501197
vt 0.433142 0.488322
vt 0.433105 0.605799
vt 0.462747 0.792429
vt 0.448463 0.793025
vt 0.433972 0.586576
vt 0.478597 0.791991
vt 0.434559 0.567649
vt 0.449614 0.490248
vt 0.449088 0.502962
vt 0.435587 0.606090
vt 0.462747 0.810236
vt 0.448463 0.809717
vt 0.438893 0.587151
vt 0.478597 0.810609
vt 0.441837 0.568500
vt 0.495743 0.810829
vt 0.444368 0.550455
vt 0.514061 0.810892
vt 0.446442 0.533325
vt 0.448024 0.517403
vt 0.448928 0.570290
vt 0.443689 0.588362
vt 0.496428 0.829782
vt 0.479265 0.829075
vt 0.453632 0.552794
vt 0.514752 0.830010
vt 0.457722 0.536173
vt 0.461127 0.520711
vt 0.463789 0.506673
vt 0.465662 0.494299
vt 0.438005 0.606700
vt 0.463386 0.827898
vt 0.449062 0.826273
vt 0.473659 0.525697
vt 0.468511 0.540466
vt 0.477850 0.512267
vt 0.481011 0.500406
vt 0.440317 0.607620
vt 0.464652 0.845112
vt 0.450250 0.842409
vt 0.448275 0.590187
vt 0.480589 0.847072
vt 0.455710 0.572989
vt 0.497788 0.848255
vt 0.462494 0.556320
vt 0.516124 0.848643
vt 0.442485 0.608834
vt 0.466526 0.861583
vt 0.452006 0.857849
vt 0.452574 0.592595
vt 0.482548 0.864293
vt 0.462067 0.576549
vt 0.499798 0.865931
vt 0.470800 0.560972
vt 0.518151 0.866473
vt 0.478625 0.546130
vt 0.485407 0.532277
vt 0.491030 0.519650
vt 0.495399 0.508465
vt 0.478409 0.566672
vt 0.467891 0.580911
vt 0.520800 0.883193
vt 0.502424 0.882508
vt 0.487889 0.553069
vt 0.496168 0.540337
vt 0.503105 0.528693
vt 0.183726 0.571463
vt 0.185354 0.583636
vt 0.168581 0.590756
vt 0.167090 0.579604
vt 0.444471 0.610322
vt 0.201465 0.564890
vt 0.203202 0.577877
vt 0.456513 0.595545
vt 0.220003 0.559999
vt 0.221818 0.573577
vt 0.485107 0.880443
vt 0.169910 0.603178
vt 0.154353 0.610186
vt 0.153169 0.599115
vt 0.186805 0.597196
vt 0.446241 0.612057
vt 0.204749 0.592342
vt 0.460023 0.598986
vt 0.223436 0.588701
vt 0.473081 0.586000
vt 0.240885 0.570810
vt 0.242546 0.586333
vt 0.485192 0.573320
vt 0.260254 0.569616
vt 0.261929 0.585274
vt 0.496147 0.561165
vt 0.505760 0.549741
vt 0.181445 0.007605
vt 0.200125 0.012649
vt 0.199232 0.015227
vt 0.180891 0.010274
vt 0.217991 0.020126
vt 0.216774 0.022568
vt 0.234738 0.029908
vt 0.233217 0.032173
vt 0.250081 0.041828
vt 0.248281 0.043877
vt 0.263755 0.055682
vt 0.261707 0.057479
vt 0.275527 0.071233
vt 0.273266 0.072748
vt 0.285196 0.088214
vt 0.282760 0.089421
vt 0.292597 0.106336
vt 0.290026 0.107214
vt 0.297602 0.125288
vt 0.294941 0.125822
vt 0.300126 0.144746
vt 0.297419 0.144927
vt 0.300126 0.164376
vt 0.297419 0.164201
vt 0.297602 0.183844
vt 0.294941 0.183316
vt 0.292597 0.202816
vt 0.290026 0.201943
vt 0.285196 0.220966
vt 0.282760 0.219765
vt 0.275527 0.237986
vt 0.273266 0.236476
vt 0.263755 0.253583
vt 0.261707 0.251790
vt 0.250080 0.267491
vt 0.248281 0.265446
vt 0.234738 0.279472
vt 0.233217 0.277209
vt 0.217991 0.289321
vt 0.216774 0.286879
vt 0.200125 0.296868
vt 0.199232 0.294290
vt 0.181445 0.301986
vt 0.180891 0.299314
vt 0.162272 0.304586
vt 0.162066 0.301867
vt 0.142934 0.304624
vt 0.143079 0.301905
vt 0.123761 0.302100
vt 0.124254 0.299426
vt 0.105082 0.297056
vt 0.105913 0.294474
vt 0.087215 0.289579
vt 0.088371 0.287132
vt 0.070468 0.279797
vt 0.071927 0.277528
vt 0.055126 0.267876
vt 0.056863 0.265824
vt 0.041451 0.254022
vt 0.043437 0.252221
vt 0.029679 0.238472
vt 0.031878 0.236953
vt 0.020010 0.221490
vt 0.022385 0.220279
vt 0.012609 0.203368
vt 0.015119 0.202486
vt 0.007604 0.184417
vt 0.010204 0.183878
vt 0.005080 0.164959
vt 0.007726 0.164773
vt 0.005080 0.145328
vt 0.007726 0.145499
vt 0.007604 0.125860
vt 0.010204 0.126384
vt 0.012609 0.106889
vt 0.015119 0.107757
vt 0.020010 0.088738
vt 0.022385 0.089935
vt 0.029679 0.071718
vt 0.031879 0.073224
vt 0.041451 0.056121
vt 0.043437 0.057910
vt 0.055126 0.042213
vt 0.056864 0.044254
vt 0.070468 0.030232
vt 0.071927 0.032491
vt 0.087215 0.020384
vt 0.088371 0.022821
vt 0.105082 0.012836
vt 0.105913 0.015411
vt 0.123761 0.007718
vt 0.124254 0.010386
vt 0.142934 0.005118
vt 0.143079 0.007833
vt 0.162272 0.005080
vt 0.162066 0.007795
vt 0.696683 0.590769
vt 0.700320 0.596981
vt 0.684773 0.605999
vt 0.682313 0.601797
vt 0.788936 0.047860
vt 0.790099 0.065571
vt 0.771101 0.067031
vt 0.769968 0.049775
vt 0.710038 0.579947
vt 0.714790 0.588064
vt 0.807975 0.046961
vt 0.809148 0.064825
vt 0.722150 0.569518
vt 0.727935 0.579400
vt 0.732811 0.559659
vt 0.739531 0.571138
vt 0.716692 0.061212
vt 0.717623 0.075385
vt 0.701986 0.079335
vt 0.701157 0.066703
vt 0.733534 0.056509
vt 0.734550 0.071980
vt 0.667175 0.612844
vt 0.668415 0.614963
vt 0.651526 0.623720
vt 0.751394 0.052675
vt 0.752479 0.069180
vt 0.669365 0.617229
vt 0.753309 0.086356
vt 0.735328 0.088081
vt 0.686656 0.610492
vt 0.771969 0.084989
vt 0.703103 0.603624
vt 0.790990 0.084004
vt 0.718427 0.596743
vt 0.810046 0.083416
vt 0.732363 0.589967
vt 0.702622 0.092481
vt 0.688455 0.095081
vt 0.687908 0.083764
vt 0.718336 0.090134
vt 0.720886 0.605836
vt 0.704986 0.610584
vt 0.810654 0.102416
vt 0.791592 0.102841
vt 0.735358 0.601038
vt 0.703051 0.105916
vt 0.688825 0.106647
vt 0.718818 0.105208
vt 0.735854 0.104535
vt 0.670007 0.619603
vt 0.753870 0.103909
vt 0.687929 0.615199
vt 0.772556 0.103341
vt 0.719061 0.120347
vt 0.703268 0.119409
vt 0.736120 0.121061
vt 0.670331 0.622044
vt 0.754153 0.121539
vt 0.688571 0.620039
vt 0.772852 0.121774
vt 0.705935 0.617741
vt 0.791896 0.121760
vt 0.722127 0.615188
vt 0.810960 0.121499
vt 0.736868 0.612424
vt 0.689011 0.118264
vt 0.688571 0.624930
vt 0.670331 0.624511
vt 0.772852 0.139971
vt 0.754153 0.138945
vt 0.705935 0.624973
vt 0.791896 0.140438
vt 0.722127 0.624637
vt 0.810960 0.140338
vt 0.736868 0.623928
vt 0.703268 0.132731
vt 0.689011 0.129733
vt 0.719061 0.135293
vt 0.736120 0.137376
vt 0.735358 0.635356
vt 0.720886 0.634023
vt 0.703051 0.145653
vt 0.688825 0.140858
vt 0.718818 0.149791
vt 0.735854 0.153202
vt 0.670007 0.626961
vt 0.753870 0.155828
vt 0.687929 0.629789
vt 0.772556 0.157623
vt 0.704986 0.632156
vt 0.791592 0.158556
vt 0.810654 0.158612
vt 0.735328 0.168267
vt 0.718336 0.163592
vt 0.669365 0.629352
vt 0.753308 0.171899
vt 0.686656 0.634531
vt 0.771969 0.174425
vt 0.703103 0.639169
vt 0.790990 0.175803
vt 0.718427 0.643184
vt 0.810046 0.176008
vt 0.732363 0.646510
vt 0.702622 0.157953
vt 0.688455 0.151447
vt 0.700320 0.645889
vt 0.684773 0.639077
vt 0.790099 0.191884
vt 0.771101 0.190093
vt 0.714790 0.651965
vt 0.809148 0.192228
vt 0.727935 0.657201
vt 0.701986 0.169422
vt 0.687908 0.161321
vt 0.717623 0.176460
vt 0.734550 0.182314
vt 0.668415 0.631645
vt 0.752479 0.186884
vt 0.739531 0.661508
vt 0.732811 0.673175
vt 0.722150 0.667246
vt 0.716692 0.188175
vt 0.701157 0.179864
vt 0.733534 0.195102
vt 0.667175 0.633798
vt 0.751394 0.200527
vt 0.682314 0.643347
vt 0.769968 0.204356
vt 0.696683 0.652203
vt 0.788936 0.206524
vt 0.710038 0.660215
vt 0.807975 0.206994
vt 0.750074 0.212593
vt 0.732296 0.206413
vt 0.679319 0.647270
vt 0.665665 0.635776
vt 0.768587 0.216971
vt 0.692255 0.658003
vt 0.787519 0.219472
vt 0.704253 0.667793
vt 0.806546 0.220054
vt 0.715106 0.676472
vt 0.724630 0.683891
vt 0.715558 0.198536
vt 0.700146 0.189099
vt 0.697533 0.674568
vt 0.687112 0.663189
vt 0.013887 0.791857
vt 0.011481 0.779153
vt 0.030399 0.778475
vt 0.032784 0.791071
vt 0.706925 0.684721
vt 0.715126 0.693473
vt 0.104883 0.768996
vt 0.102974 0.758917
vt 0.118788 0.750235
vt 0.120490 0.759218
vt 0.088012 0.777196
vt 0.085928 0.766194
vt 0.663910 0.637545
vt 0.070167 0.783677
vt 0.067944 0.771940
vt 0.675840 0.650777
vt 0.051652 0.788328
vt 0.049328 0.776057
vt 0.101330 0.747448
vt 0.117323 0.740012
vt 0.084134 0.753674
vt 0.661942 0.639074
vt 0.066030 0.758584
vt 0.671938 0.653809
vt 0.047326 0.762093
vt 0.681342 0.667672
vt 0.028345 0.764143
vt 0.689994 0.680426
vt 0.009409 0.764697
vt 0.697745 0.691853
vt 0.704464 0.701757
vt 0.045683 0.746676
vt 0.064457 0.743838
vt 0.675043 0.671376
vt 0.667677 0.656314
vt 0.026658 0.748318
vt 0.681764 0.685266
vt 0.007707 0.748736
vt 0.687725 0.697746
vt 0.116120 0.728726
vt 0.130805 0.721778
vt 0.131840 0.731494
vt 0.099980 0.734785
vt 0.082660 0.739852
vt 0.659794 0.640338
vt 0.677035 0.702298
vt 0.672984 0.689005
vt 0.115199 0.716569
vt 0.130012 0.711312
vt 0.098947 0.721146
vt 0.081532 0.724962
vt 0.657502 0.641314
vt 0.063254 0.727954
vt 0.663133 0.658250
vt 0.044425 0.730070
vt 0.668323 0.674238
vt 0.025366 0.731273
vt 0.006405 0.731543
vt 0.080770 0.709261
vt 0.098248 0.706762
vt 0.655105 0.641986
vt 0.062441 0.711204
vt 0.658381 0.659582
vt 0.043574 0.712557
vt 0.661297 0.676208
vt 0.024493 0.713298
vt 0.663804 0.691579
vt 0.005524 0.713413
vt 0.665859 0.705432
vt 0.114576 0.703749
vt 0.129476 0.700275
vt 0.024053 0.694701
vt 0.043145 0.694439
vt 0.654382 0.692944
vt 0.654086 0.677253
vt 0.005080 0.694656
vt 0.654388 0.707094
vt 0.114262 0.690486
vt 0.129205 0.688856
vt 0.097896 0.691881
vt 0.080385 0.693017
vt 0.652646 0.642342
vt 0.062030 0.693874
vt 0.653504 0.660289
vt 0.114262 0.677006
vt 0.129205 0.677251
vt 0.097896 0.676756
vt 0.080385 0.676507
vt 0.650165 0.642377
vt 0.062030 0.676261
vt 0.648585 0.660357
vt 0.043145 0.676024
vt 0.646813 0.677354
vt 0.024053 0.675800
vt 0.644879 0.693077
vt 0.005080 0.675592
vt 0.642817 0.707255
vt 0.062440 0.658667
vt 0.080770 0.660014
vt 0.643707 0.659787
vt 0.647705 0.642089
vt 0.043574 0.657629
vt 0.639601 0.676511
vt 0.024493 0.656919
vt 0.635457 0.691975
vt 0.005524 0.656548
vt 0.631346 0.705914
vt 0.114576 0.663539
vt 0.129476 0.665657
vt 0.098248 0.661648
vt 0.006405 0.637849
vt 0.025366 0.638380
vt 0.620169 0.703093
vt 0.626278 0.689658
vt 0.115199 0.650318
vt 0.130012 0.654274
vt 0.098947 0.646813
vt 0.081533 0.643821
vt 0.645309 0.641484
vt 0.063254 0.641392
vt 0.638956 0.658588
vt 0.044425 0.639568
vt 0.632576 0.674738
vt 0.099980 0.632507
vt 0.116120 0.637567
vt 0.082660 0.628204
vt 0.643017 0.640572
vt 0.064457 0.624732
vt 0.634411 0.656779
vt 0.045683 0.622150
vt 0.625856 0.672064
vt 0.026658 0.620502
vt 0.617498 0.686164
vt 0.007707 0.619816
vt 0.609480 0.698839
vt 0.130805 0.643297
vt 0.047326 0.605672
vt 0.066030 0.608972
vt 0.619557 0.668536
vt 0.630151 0.654393
vt 0.028345 0.603589
vt 0.609268 0.681555
vt 0.009409 0.602758
vt 0.599459 0.693227
vt 0.117323 0.625504
vt 0.131841 0.632912
vt 0.101330 0.618973
vt 0.084134 0.613431
vt 0.640868 0.639369
vt 0.590300 0.703353
vt 0.579638 0.695367
vt 0.590280 0.686352
vt 0.102974 0.606444
vt 0.118788 0.614337
vt 0.085928 0.599754
vt 0.638900 0.637895
vt 0.067944 0.594381
vt 0.626248 0.651470
vt 0.049328 0.590418
vt 0.613786 0.664214
vt 0.030399 0.587932
vt 0.601728 0.675908
vt 0.011481 0.586965
vt 0.088012 0.587408
vt 0.104883 0.595134
vt 0.637146 0.636175
vt 0.070167 0.581210
vt 0.622770 0.648060
vt 0.051652 0.576647
vt 0.608643 0.659172
vt 0.032785 0.573797
vt 0.595008 0.669320
vt 0.013887 0.572709
vt 0.582098 0.678331
vt 0.570134 0.686051
vt 0.120490 0.604257
vt 0.035461 0.561428
vt 0.054260 0.564596
vt 0.589223 0.661904
vt 0.604215 0.653496
vt 0.016587 0.560233
vt 0.575055 0.669302
vt 0.561953 0.675563
vt 0.559321 0.692347
vt 0.550141 0.680580
vt 0.090350 0.576603
vt 0.107025 0.585236
vt 0.635636 0.634239
vt 0.072661 0.569684
vt 0.619775 0.644221
vt 0.542602 0.667701
vt 0.555233 0.664084
vt 0.539823 0.684268
vt 0.531592 0.670209
vt 0.634395 0.632120
vt 0.075384 0.559999
vt 0.092903 0.567525
vt 0.617315 0.640020
vt 0.669591 0.932221
vt 0.670466 0.920148
vt 0.688199 0.915693
vt 0.687362 0.927240
vt 0.600578 0.647283
vt 0.651069 0.935281
vt 0.651966 0.922890
vt 0.584471 0.653787
vt 0.632111 0.936369
vt 0.633016 0.923871
vt 0.569269 0.659419
vt 0.688918 0.902504
vt 0.705536 0.897236
vt 0.704861 0.909600
vt 0.615433 0.635527
vt 0.633446 0.629855
vt 0.671218 0.906359
vt 0.597795 0.640641
vt 0.652738 0.908736
vt 0.580835 0.645108
vt 0.633795 0.909595
vt 0.564842 0.648852
vt 0.550090 0.651810
vt 0.536831 0.653930
vt 0.720787 0.890647
vt 0.720169 0.901973
vt 0.634435 0.893785
vt 0.653373 0.893062
vt 0.561847 0.637781
vt 0.578375 0.636015
vt 0.546611 0.638950
vt 0.532929 0.639502
vt 0.706091 0.883545
vt 0.721295 0.878105
vt 0.632804 0.627481
vt 0.689510 0.887898
vt 0.614160 0.630820
vt 0.671836 0.891088
vt 0.595913 0.633681
vt 0.706515 0.868760
vt 0.721684 0.864560
vt 0.632480 0.625040
vt 0.689962 0.872125
vt 0.613517 0.625980
vt 0.672309 0.874598
vt 0.594963 0.626524
vt 0.653858 0.876136
vt 0.577135 0.626664
vt 0.634925 0.876713
vt 0.560337 0.626396
vt 0.544857 0.625726
vt 0.530961 0.624664
vt 0.672629 0.857169
vt 0.690268 0.855455
vt 0.594963 0.619292
vt 0.613517 0.621088
vt 0.654187 0.858247
vt 0.577135 0.617214
vt 0.635256 0.858670
vt 0.560337 0.614891
vt 0.544857 0.612362
vt 0.530961 0.609671
vt 0.706802 0.853134
vt 0.721947 0.850246
vt 0.632480 0.622573
vt 0.546611 0.599089
vt 0.561847 0.603464
vt 0.532929 0.594778
vt 0.706946 0.836935
vt 0.722079 0.835406
vt 0.632804 0.620123
vt 0.690423 0.838174
vt 0.614160 0.616230
vt 0.672791 0.839102
vt 0.595913 0.612108
vt 0.654353 0.839702
vt 0.578375 0.607828
vt 0.635423 0.839965
vt 0.633446 0.617731
vt 0.690423 0.820577
vt 0.706946 0.820440
vt 0.615433 0.611487
vt 0.672791 0.820704
vt 0.597795 0.605096
vt 0.654353 0.820818
vt 0.580835 0.598667
vt 0.635423 0.820918
vt 0.564842 0.592309
vt 0.550090 0.586132
vt 0.536831 0.580241
vt 0.722079 0.820295
vt 0.654187 0.801918
vt 0.672629 0.802290
vt 0.584471 0.589886
vt 0.600578 0.598375
vt 0.635256 0.801855
vt 0.569269 0.581618
vt 0.555233 0.573714
vt 0.542602 0.566308
vt 0.706802 0.803931
vt 0.721947 0.805172
vt 0.634395 0.615439
vt 0.690268 0.802965
vt 0.617315 0.606942
vt 0.550141 0.553218
vt 0.561953 0.562047
vt 0.706515 0.787691
vt 0.721684 0.790294
vt 0.635636 0.613285
vt 0.689962 0.785640
vt 0.619775 0.602672
vt 0.672309 0.784176
vt 0.604215 0.592061
vt 0.653858 0.783326
vt 0.589223 0.581636
vt 0.634925 0.783102
vt 0.575055 0.571574
vt 0.622770 0.598749
vt 0.637146 0.611307
vt 0.671836 0.766672
vt 0.689510 0.768897
vt 0.608643 0.586262
vt 0.653373 0.765359
vt 0.595008 0.574058
vt 0.634435 0.764980
vt 0.582098 0.562348
vt 0.570134 0.551331
vt 0.559321 0.541195
vt 0.706090 0.771997
vt 0.721295 0.775917
vt 0.705536 0.757118
vt 0.720787 0.762286
vt 0.638900 0.609538
vt 0.688918 0.753024
vt 0.626248 0.595242
vt 0.671218 0.750077
vt 0.613786 0.581076
vt 0.652738 0.748325
vt 0.601728 0.567283
vt 0.633795 0.747799
vt 0.590280 0.554098
vt 0.579638 0.541749
vt 0.569983 0.530444
vt 0.651966 0.732516
vt 0.670465 0.734674
vt 0.609268 0.561425
vt 0.619557 0.576593
vt 0.633016 0.731854
vt 0.599459 0.546966
vt 0.590300 0.533464
vt 0.581946 0.521150
vt 0.561482 0.520379
vt 0.574541 0.510233
vt 0.640868 0.608009
vt 0.688198 0.738292
vt 0.704861 0.743308
vt 0.630151 0.592210
vt 0.601939 0.526620
vt 0.609480 0.541074
vt 0.595005 0.513470
vt 0.588796 0.501850
vt 0.643017 0.606745
vt 0.687362 0.724953
vt 0.704078 0.730804
vt 0.634411 0.589704
vt 0.669591 0.720728
vt 0.625856 0.572888
vt 0.651068 0.718201
vt 0.617498 0.556585
vt 0.632111 0.717416
vt 0.841440 0.011326
vt 0.839015 0.026580
vt 0.824630 0.030351
vt 0.826903 0.016053
vt 0.638956 0.587769
vt 0.645309 0.605769
vt 0.857424 0.007887
vt 0.854889 0.023835
vt 0.632576 0.570027
vt 0.874580 0.005793
vt 0.871978 0.022162
vt 0.626278 0.552846
vt 0.892617 0.005080
vt 0.889992 0.021591
vt 0.620169 0.536522
vt 0.614356 0.521332
vt 0.608936 0.507538
vt 0.604003 0.495375
vt 0.887983 0.039213
vt 0.869987 0.039633
vt 0.631346 0.533388
vt 0.635457 0.550272
vt 0.627337 0.517692
vt 0.623501 0.503454
vt 0.619902 0.490916
vt 0.647705 0.605097
vt 0.837160 0.042861
vt 0.822891 0.045612
vt 0.643707 0.586437
vt 0.852948 0.040856
vt 0.639601 0.568057
vt 0.638451 0.501288
vt 0.640662 0.515762
vt 0.636221 0.488552
vt 0.650165 0.604741
vt 0.835904 0.059889
vt 0.821714 0.061575
vt 0.648585 0.585730
vt 0.851636 0.058660
vt 0.646812 0.567012
vt 0.868640 0.057907
vt 0.644879 0.548907
vt 0.886625 0.057644
vt 0.642817 0.531726
vt 0.850974 0.076941
vt 0.835272 0.077374
vt 0.654086 0.566910
vt 0.653504 0.585661
vt 0.867961 0.076671
vt 0.654382 0.548775
vt 0.885940 0.076570
vt 0.654388 0.531564
vt 0.654102 0.515574
vt 0.653530 0.501077
vt 0.652682 0.488322
vt 0.652646 0.604706
vt 0.821121 0.077965
vt 0.667427 0.517132
vt 0.665859 0.532906
vt 0.668480 0.502825
vt 0.669001 0.490230
vt 0.655105 0.604994
vt 0.835272 0.095017
vt 0.821121 0.094503
vt 0.658381 0.586232
vt 0.850974 0.095386
vt 0.661297 0.567753
vt 0.867961 0.095604
vt 0.663804 0.549876
vt 0.885940 0.095667
vt 0.684900 0.494244
vt 0.683045 0.506502
vt 0.657502 0.605599
vt 0.835905 0.112516
vt 0.821714 0.110905
vt 0.663133 0.587431
vt 0.851636 0.113681
vt 0.668323 0.569527
vt 0.868640 0.114382
vt 0.672984 0.552194
vt 0.886625 0.114607
vt 0.677035 0.535727
vt 0.680408 0.520409
vt 0.869987 0.132684
vt 0.852948 0.131512
vt 0.681764 0.555687
vt 0.675043 0.572201
vt 0.887983 0.133067
vt 0.687725 0.539980
vt 0.692825 0.525349
vt 0.696976 0.512045
vt 0.700108 0.500294
vt 0.659794 0.606511
vt 0.837160 0.129570
vt 0.822891 0.126892
vt 0.667677 0.589239
vt 0.710035 0.519359
vt 0.704464 0.531869
vt 0.714362 0.508278
vt 0.661942 0.607714
vt 0.839015 0.145889
vt 0.824630 0.142189
vt 0.671938 0.591625
vt 0.854889 0.148574
vt 0.681342 0.575729
vt 0.871978 0.150197
vt 0.689994 0.560297
vt 0.889992 0.150730
vt 0.697745 0.545593
vt 0.746821 0.009925
vt 0.748541 0.022792
vt 0.730859 0.028497
vt 0.729247 0.016436
vt 0.675840 0.594549
vt 0.663910 0.609188
vt 0.765186 0.005080
vt 0.766984 0.018532
vt 0.687112 0.580051
vt 0.874580 0.166620
vt 0.857424 0.164575
vt 0.697533 0.565944
vt 0.892617 0.167296
vt 0.706925 0.552468
vt 0.715126 0.539855
vt 0.721998 0.528319
vt 0.714242 0.035551
vt 0.712764 0.024502
vt 0.804886 0.014616
vt 0.806546 0.030128
vt 0.787519 0.031171
vt 0.785874 0.015791
vt 0.715106 0.560489
vt 0.704253 0.572531
vt 0.724630 0.549171
vt 0.715558 0.047858
vt 0.700146 0.054800
vt 0.698973 0.043832
vt 0.732297 0.041932
vt 0.665665 0.610908
vt 0.750074 0.037124
vt 0.679319 0.597959
vt 0.768588 0.033516
vt 0.692255 0.585093
vt 0.747076 0.905907
vt 0.750972 0.897633
vt 0.757189 0.897167
vt 0.754009 0.905387
vt 0.173955 0.911288
vt 0.181718 0.905161
vt 0.182982 0.907383
vt 0.015851 0.930914
vt 0.022776 0.924838
vt 0.024564 0.926646
vt 0.019305 0.934406
vt 0.750972 0.943903
vt 0.747076 0.934993
vt 0.753292 0.934527
vt 0.756048 0.943522
vt 0.745058 0.915325
vt 0.752236 0.914787
vt 0.010213 0.936506
vt 0.015097 0.941445
vt 0.188731 0.899161
vt 0.194516 0.893697
vt 0.197971 0.899766
vt 0.191174 0.903453
vt 0.745058 0.925246
vt 0.751992 0.924726
vt 0.006244 0.941235
vt 0.012226 0.947284
vt 0.030515 0.918694
vt 0.199725 0.906535
vt 0.192414 0.908239
vt 0.760942 0.914788
vt 0.760401 0.924728
vt 0.021115 0.944935
vt 0.019597 0.951558
vt 0.183624 0.909860
vt 0.026767 0.927924
vt 0.760831 0.934528
vt 0.764728 0.897168
vt 0.762418 0.905388
vt 0.023561 0.936874
vt 0.762204 0.943523
vt 0.029235 0.928584
vt 0.028329 0.938150
vt 0.769180 0.934996
vt 0.769021 0.943905
vt 0.771730 0.905910
vt 0.770583 0.915329
vt 0.027859 0.946740
vt 0.199657 0.913543
vt 0.192366 0.913195
vt 0.769713 0.925249
vt 0.027856 0.953769
vt 0.183600 0.912426
vt 0.773077 0.897636
vt 0.191034 0.917981
vt 0.182910 0.914903
vt 0.031801 0.928583
vt 0.779294 0.926257
vt 0.777770 0.935899
vt 0.781667 0.898539
vt 0.781311 0.906917
vt 0.033285 0.938147
vt 0.776034 0.944643
vt 0.780501 0.916371
vt 0.034867 0.946736
vt 0.769246 0.951369
vt 0.774205 0.951891
vt 0.036439 0.953764
vt 0.038090 0.936866
vt 0.041663 0.944923
vt 0.782766 0.945685
vt 0.778965 0.952628
vt 0.790021 0.917845
vt 0.788489 0.927680
vt 0.044762 0.951544
vt 0.188509 0.922273
vt 0.181603 0.917125
vt 0.034288 0.927919
vt 0.786014 0.937176
vt 0.789911 0.899816
vt 0.790506 0.908341
vt 0.179767 0.918938
vt 0.036528 0.926639
vt 0.042418 0.934392
vt 0.793352 0.938739
vt 0.788757 0.946961
vt 0.798691 0.910084
vt 0.798494 0.919650
vt 0.047783 0.941426
vt 0.194203 0.926381
vt 0.189187 0.931337
vt 0.184962 0.925777
vt 0.796674 0.929424
vt 0.052258 0.947260
vt 0.797249 0.901379
vt 0.052810 0.936482
vt 0.058415 0.941205
vt 0.180636 0.928254
vt 0.177528 0.920221
vt 0.038368 0.924829
vt 0.950822 0.736440
vt 0.948426 0.727338
vt 0.956591 0.727565
vt 0.958142 0.736644
vt 0.948499 0.707577
vt 0.950963 0.698265
vt 0.958283 0.698469
vt 0.956664 0.707805
vt 0.045973 0.930896
vt 0.799283 0.940482
vt 0.793600 0.948384
vt 0.947633 0.717493
vt 0.956086 0.717729
vt 0.183068 0.934841
vt 0.048512 0.926616
vt 0.056402 0.930428
vt 0.176264 0.936655
vt 0.175825 0.929537
vt 0.965621 0.717877
vt 0.965800 0.727708
vt 0.960835 0.690359
vt 0.967577 0.690464
vt 0.966541 0.698598
vt 0.175037 0.920885
vt 0.039683 0.922614
vt 0.966400 0.736772
vt 0.965873 0.707948
vt 0.960636 0.744346
vt 0.967378 0.744451
vt 0.975172 0.698641
vt 0.975500 0.707997
vt 0.172465 0.920885
vt 0.040383 0.920143
vt 0.049864 0.921842
vt 0.975031 0.736816
vt 0.974425 0.744486
vt 0.975587 0.717927
vt 0.058314 0.923677
vt 0.169238 0.936655
vt 0.170856 0.929537
vt 0.975427 0.727757
vt 0.974625 0.690500
vt 0.981497 0.690464
vt 0.983589 0.698598
vt 0.166070 0.928254
vt 0.169987 0.920221
vt 0.040420 0.917585
vt 0.984815 0.727708
vt 0.983448 0.736772
vt 0.984888 0.707948
vt 0.049936 0.916901
vt 0.981298 0.744451
vt 0.985307 0.717877
vt 0.058415 0.916689
vt 0.162468 0.934841
vt 0.993398 0.707805
vt 0.994116 0.717729
vt 0.048722 0.912129
vt 0.056699 0.909940
vt 0.156417 0.931337
vt 0.161791 0.925777
vt 0.993325 0.727565
vt 0.987727 0.690359
vt 0.991219 0.698469
vt 0.167773 0.918938
vt 0.039792 0.915115
vt 0.991078 0.736644
vt 0.987527 0.744346
vt 0.918841 0.958011
vt 0.921311 0.948768
vt 0.928581 0.948825
vt 0.926948 0.958074
vt 0.165971 0.917125
vt 0.038541 0.912900
vt 0.046307 0.907851
vt 0.925187 0.994834
vt 0.921277 0.986969
vt 0.928546 0.987026
vt 0.931123 0.994881
vt 0.917992 0.967908
vt 0.926385 0.967973
vt 0.053283 0.903891
vt 0.151496 0.926381
vt 0.158311 0.922273
vt 0.918823 0.977785
vt 0.926930 0.977848
vt 0.925236 0.940810
vt 0.931171 0.940857
vt 0.935887 0.968014
vt 0.936108 0.977888
vt 0.937890 0.940886
vt 0.936809 0.948861
vt 0.155868 0.917981
vt 0.164707 0.914903
vt 0.036753 0.911093
vt 0.936775 0.987062
vt 0.936126 0.958114
vt 0.042853 0.904359
vt 0.937841 0.994910
vt 0.048399 0.898952
vt 0.148041 0.920312
vt 0.945749 0.958127
vt 0.945849 0.968028
vt 0.038597 0.901891
vt 0.042380 0.895462
vt 0.146288 0.913543
vt 0.154628 0.913195
vt 0.945731 0.977902
vt 0.944934 0.940896
vt 0.945437 0.948873
vt 0.164065 0.912425
vt 0.034550 0.909815
vt 0.945402 0.987074
vt 0.944885 0.994920
vt 0.955142 0.977888
vt 0.953840 0.987062
vt 0.953875 0.948861
vt 0.955160 0.958114
vt 0.164090 0.909860
vt 0.032082 0.909154
vt 0.033829 0.900615
vt 0.951775 0.994910
vt 0.955593 0.968014
vt 0.035637 0.893657
vt 0.146355 0.906535
vt 0.154676 0.908239
vt 0.951824 0.940886
vt 0.964454 0.967973
vt 0.963702 0.977848
vt 0.958090 0.940857
vt 0.961549 0.948825
vt 0.156007 0.903453
vt 0.164779 0.907383
vt 0.029517 0.909156
vt 0.961514 0.987026
vt 0.963719 0.958074
vt 0.028873 0.900618
vt 0.958041 0.994881
vt 0.028628 0.893661
vt 0.148238 0.899766
vt 0.142001 0.896574
vt 0.146375 0.889141
vt 0.151809 0.893697
vt 0.970843 0.958011
vt 0.971828 0.967908
vt 0.024068 0.901899
vt 0.021832 0.895474
vt 0.158533 0.899161
vt 0.970825 0.977785
vt 0.963304 0.940810
vt 0.967935 0.948768
vt 0.166086 0.905161
vt 0.027030 0.909819
vt 0.967901 0.986969
vt 0.024789 0.911099
vt 0.512423 0.949975
vt 0.503404 0.952954
vt 0.503903 0.946035
vt 0.512870 0.943771
vt 0.483682 0.952931
vt 0.474323 0.949930
vt 0.474769 0.943726
vt 0.484180 0.946011
vt 0.167922 0.903348
vt 0.019740 0.904372
vt 0.152518 0.883072
vt 0.156825 0.888742
vt 0.493601 0.953963
vt 0.494117 0.946799
vt 0.015712 0.898971
vt 0.162079 0.895657
vt 0.466161 0.945164
vt 0.466526 0.940098
vt 0.162944 0.885238
vt 0.166406 0.893180
vt 0.494482 0.938083
vt 0.504255 0.937616
vt 0.466784 0.933935
vt 0.475085 0.936178
vt 0.170162 0.902065
vt 0.022949 0.912909
vt 0.513186 0.936223
vt 0.484533 0.937593
vt 0.016186 0.907868
vt 0.160011 0.878781
vt 0.010685 0.903915
vt 0.021635 0.915125
vt 0.013646 0.912149
vt 0.520667 0.933999
vt 0.513350 0.927846
vt 0.520800 0.927159
vt 0.484715 0.928249
vt 0.494671 0.928410
vt 0.007093 0.909969
vt 0.169748 0.883424
vt 0.171217 0.891897
vt 0.504437 0.928272
vt 0.466918 0.927095
vt 0.475249 0.927801
vt 0.172652 0.901401
vt 0.176185 0.891897
vt 0.175224 0.901401
vt 0.020935 0.917596
vt 0.504438 0.918640
vt 0.513350 0.919210
vt 0.475249 0.919165
vt 0.484715 0.918617
vt 0.012294 0.916923
vt 0.520800 0.920108
vt 0.494671 0.918438
vt 0.005181 0.916720
vt 0.176774 0.883424
vt 0.466918 0.920044
vt 0.012222 0.921864
vt 0.005080 0.923708
vt 0.183544 0.885238
vt 0.180972 0.893180
vt 0.494482 0.908848
vt 0.504255 0.909377
vt 0.466784 0.913263
vt 0.475085 0.910859
vt 0.177702 0.902065
vt 0.020898 0.920154
vt 0.513186 0.910904
vt 0.484533 0.909353
vt 0.520667 0.913326
vt 0.179917 0.903348
vt 0.021526 0.922624
vt 0.013436 0.926636
vt 0.185241 0.878781
vt 0.192652 0.883072
vt 0.189595 0.888742
vt 0.484180 0.901089
vt 0.494117 0.900292
vt 0.006796 0.930457
vt 0.185251 0.895657
vt 0.503903 0.901112
vt 0.466526 0.907213
vt 0.474769 0.903450
vt 0.512870 0.903494
vt 0.466161 0.902307
vt 0.474323 0.897441
vt 0.503404 0.894410
vt 0.512423 0.897486
vt 0.483682 0.894387
vt 0.198679 0.889141
vt 0.493601 0.893353
s 1
usemtl M_LampMetal
f 1/1/1 2/2/2 4/3/4 3/4/3
f 3/4/3 4/3/4 6/5/6 5/6/5
f 5/6/5 6/5/6 8/7/8 7/8/7
f 7/8/7 8/7/8 10/9/10 9/10/9
f 9/10/9 10/9/10 12/11/12 11/12/11
f 11/12/11 12/11/12 14/13/14 13/14/13
f 13/14/13 14/13/14 16/15/16 15/16/15
f 15/16/15 16/15/16 18/17/18 17/18/17
f 17/18/17 18/17/18 20/19/20 19/20/19
f 19/20/19 20/19/20 22/21/22 21/22/21
f 21/22/21 22/21/22 24/23/24 23/24/23
f 23/24/23 24/23/24 26/25/26 25/26/25
f 25/27/25 26/28/26 28/29/28 27/30/27
f 27/30/27 28/29/28 30/31/30 29/32/29
f 29/32/29 30/31/30 32/33/32 31/34/31
f 31/34/31 32/33/32 34/35/34 33/36/33
f 33/36/33 34/35/34 36/37/36 35/38/35
f 35/38/35 36/37/36 38/39/38 37/40/37
f 37/40/37 38/39/38 40/41/40 39/42/39
f 39/42/39 40/41/40 42/43/42 41/44/41
f 41/44/41 42/43/42 44/45/44 43/46/43
f 43/46/43 44/45/44 46/47/46 45/48/45
f 45/49/45 46/50/46 48/51/48 47/52/47
f 47/52/47 48/51/48 50/53/50 49/54/49
f 49/54/49 50/53/50 52/55/52 51/56/51
f 51/56/51 52/55/52 54/57/54 53/58/53
f 53/58/53 54/57/54 56/59/56 55/60/55
f 55/60/55 56/59/56 58/61/58 57/62/57
f 57/62/57 58/61/58 60/63/60 59/64/59
f 59/64/59 60/63/60 62/65/62 61/66/61
f 61/66/61 62/65/62 64/67/64 63/68/63
f 63/68/63 64/67/64 66/69/66 65/70/65
f 65/70/65 66/69/66 68/71/68 67/72/67
f 67/72/67 68/71/68 70/73/70 69/74/69
f 69/75/69 70/76/70 72/77/72 71/78/71
f 71/78/71 72/77/72 74/79/74 73/80/73
f 73/80/73 74/79/74 76/81/76 75/82/75
f 75/82/75 76/81/76 78/83/78 77/84/77
f 77/84/77 78/83/78 80/85/80 79/86/79
f 79/86/79 80/85/80 82/87/82 81/88/81
f 81/88/81 82/87/82 84/89/84 83/90/83
f 83/90/83 84/89/84 86/91/86 85/92/85
f 85/92/85 86/91/86 88/93/88 87/94/87
f 87/94/87 88/93/88 90/95/90 89/96/89
f 89/96/89 90/95/90 92/97/92 91/98/91
f 91/98/91 92/97/92 94/99/94 93/100/93
f 4/101/4 2/102/2 96/103/96 94/104/94 92/105/92 90/106/90 88/107/88 86/108/86 84/109/84 82/110/82 80/111/80 78/112/78 76/113/76 74/114/74 72/115/72 70/116/70 68/117/68 66/118/66 64/119/64 62/120/62 60/121/60 58/122/58 56/123/56 54/124/54 52/125/52 50/126/50 48/127/48 46/128/46 44/129/44 42/130/42 40/131/40 38/132/38 36/133/36 34/134/34 32/135/32 30/136/30 28/137/28 26/138/26 24/139/24 22/140/22 20/141/20 18/142/18 16/143/16 14/144/14 12/145/12 10/146/10 8/147/8 6/148/6
f 93/100/93 94/99/94 96/149/96 95/150/95
f 95/150/95 96/149/96 2/151/2 1/152/1
f 1/153/1 3/154/3 5/155/5 7/156/7 9/157/9 11/158/11 13/159/13 15/160/15 17/161/17 19/162/19 21/163/21 23/164/23 25/165/25 27/166/27 29/167/29 31/168/31 33/169/33 35/170/35 37/171/37 39/172/39 41/173/41 43/174/43 45/175/45 47/176/47 49/177/49 51/178/51 53/179/53 55/180/55 57/181/57 59/182/59 61/183/61 63/184/63 65/185/65 67/186/67 69/187/69 71/188/71 73/189/73 75/190/75 77/191/77 79/192/79 81/193/81 83/194/83 85/195/85 87/196/87 89/197/89 91/198/91 93/199/93 95/200/95
f 97/201/97 98/202/98 100/203/100 99/204/99
f 99/204/99 100/203/100 102/205/102 101/206/101
f 101/206/101 102/205/102 104/207/104 103/208/103
f 103/208/103 104/207/104 106/209/106 105/210/105
f 105/210/105 106/209/106 108/211/108 107/212/107
f 107/212/107 108/211/108 110/213/110 109/214/109
f 109/214/109 110/213/110 112/215/112 111/216/111
f 111/216/111 112/215/112 114/217/114 113/218/113
f 113/219/113 114/220/114 116/221/116 115/222/115
f 115/222/115 116/221/116 118/223/118 117/224/117
f 117/224/117 118/223/118 120/225/120 119/226/119
f 119/226/119 120/225/120 122/227/122 121/228/121
f 121/228/121 122/227/122 124/229/124 123/230/123
f 123/230/123 124/229/124 126/231/126 125/232/125
f 125/232/125 126/231/126 128/233/128 127/234/127
f 127/235/127 128/236/128 130/237/130 129/238/129
f 129/238/129 130/237/130 132/239/132 131/240/131
f 131/240/131 132/239/132 134/241/134 133/242/133
f 133/242/133 134/241/134 136/243/136 135/244/135
f 135/244/135 136/243/136 138/245/138 137/246/137
f 137/246/137 138/245/138 140/247/140 139/248/139
f 139/248/139 140/247/140 142/249/142 141/250/141
f 141/250/141 142/249/142 144/251/144 143/252/143
f 143/253/143 144/254/144 146/255/146 145/256/145
f 145/256/145 146/255/146 148/257/148 147/258/147
f 147/258/147 148/257/148 150/259/150 149/260/149
f 149/260/149 150/259/150 152/261/152 151/262/151
f 151/262/151 152/261/152 154/263/154 153/264/153
f 153/264/153 154/263/154 156/265/156 155/266/155
f 155/266/155 156/265/156 158/267/158 157/268/157
f 100/269/100 98/270/98 160/271/160 158/272/158 156/273/156 154/274/154 152/275/152 150/276/150 148/277/148 146/278/146 144/279/144 142/280/142 140/281/140 138/282/138 136/283/136 134/284/134 132/285/132 130/286/130 128/287/128 126/288/126 124/289/124 122/290/122 120/291/120 118/292/118 116/293/116 114/294/114 112/295/112 110/296/110 108/297/108 106/298/106 104/299/104 102/300/102
f 157/268/157 158/267/158 160/301/160 159/302/159
f 159/302/159 160/301/160 98/303/98 97/304/97
f 97/305/97 99/306/99 101/307/101 103/308/103 105/309/105 107/310/107 109/311/109 111/312/111 113/313/113 115/314/115 117/315/117 119/316/119 121/317/121 123/318/123 125/319/125 127/320/127 129/321/129 131/322/131 133/323/133 135/324/135 137/325/137 139/326/139 141/327/141 143/328/143 145/329/145 147/330/147 149/331/149 151/332/151 153/333/153 155/334/155 157/335/157 159/336/159
f 161/337/161 162/338/162 164/339/164 163/340/163
f 163/340/163 164/339/164 166/341/166 165/342/165
f 165/342/165 166/341/166 168/343/168 167/344/167
f 167/344/167 168/343/168 170/345/170 169/346/169
f 169/346/169 170/345/170 172/347/172 171/348/171
f 171/348/171 172/347/172 174/349/174 173/350/173
f 173/351/173 174/352/174 176/353/176 175/354/175
f 175/354/175 176/353/176 178/355/178 177/356/177
f 177/356/177 178/355/178 180/357/180 179/358/179
f 179/358/179 180/357/180 182/359/182 181/360/181
f 181/360/181 182/359/182 184/361/184 183/362/183
f 183/363/183 184/364/184 186/365/186 185/366/185
f 185/366/185 186/365/186 188/367/188 187/368/187
f 187/368/187 188/367/188 190/369/190 189/370/189
f 189/370/189 190/369/190 192/371/192 191/372/191
f 191/372/191 192/371/192 194/373/194 193/374/193
f 193/374/193 194/373/194 196/375/196 195/376/195
f 195/377/195 196/378/196 198/379/198 197/380/197
f 197/380/197 198/379/198 200/381/200 199/382/199
f 199/382/199 200/381/200 202/383/202 201/384/201
f 201/384/201 202/383/202 204/385/204 203/386/203
f 203/386/203 204/385/204 206/387/206 205/388/205
f 164/389/164 162/390/162 208/391/208 206/392/206 204/393/204 202/394/202 200/395/200 198/396/198 196/397/196 194/398/194 192/399/192 190/400/190 188/401/188 186/402/186 184/403/184 182/404/182 180/405/180 178/406/178 176/407/176 174/408/174 172/409/172 170/410/170 168/411/168 166/412/166
f 205/388/205 206/387/206 208/413/208 207/414/207
f 207/414/207 208/413/208 162/415/162 161/416/161
f 161/417/161 163/418/163 165/419/165 167/420/167 169/421/169 171/422/171 173/423/173 175/424/175 177/425/177 179/426/179 181/427/181 183/428/183 185/429/185 187/430/187 189/431/189 191/432/191 193/433/193 195/434/195 197/435/197 199/436/199 201/437/201 203/438/203 205/439/205 207/440/207
f 209/441/209 221/442/221 232/443/232 220/444/220
f 210/445/210 222/446/222 221/442/221 209/441/209
f 211/447/211 223/448/223 222/446/222 210/445/210
f 212/449/212 224/450/224 223/451/223 211/452/211
f 213/453/213 225/454/225 224/450/224 212/449/212
f 214/455/214 226/456/226 225/454/225 213/453/213
f 215/457/215 227/458/227 226/459/226 214/460/214
f 216/461/216 228/462/228 227/458/227 215/457/215
f 217/463/217 229/464/229 228/462/228 216/461/216
f 218/465/218 230/466/230 229/467/229 217/468/217
f 219/469/219 231/470/231 230/466/230 218/465/218
f 220/471/220 232/472/232 231/470/231 219/469/219
f 221/442/221 233/473/233 244/474/244 232/443/232
f 222/446/222 234/475/234 233/473/233 221/442/221
f 223/448/223 235/476/235 234/475/234 222/446/222
f 224/450/224 236/477/236 235/478/235 223/451/223
f 225/454/225 237/479/237 236/477/236 224/450/224
f 226/456/226 238/480/238 237/479/237 225/454/225
f 227/458/227 239/481/239 238/482/238 226/459/226
f 228/462/228 240/483/240 239/481/239 227/458/227
f 229/464/229 241/484/241 240/483/240 228/462/228
f 230/466/230 242/485/242 241/486/241 229/467/229
f 231/470/231 243/487/243 242/485/242 230/466/230
f 232/472/232 244/488/244 243/487/243 231/470/231
f 233/473/233 245/489/245 256/490/256 244/474/244
f 234/475/234 246/491/246 245/489/245 233/473/233
f 235/476/235 247/492/247 246/491/246 234/475/234
f 236/493/236 248/494/248 247/492/247 235/476/235
f 237/479/237 249/495/249 248/496/248 236/477/236
f 238/480/238 250/497/250 249/495/249 237/479/237
f 239/481/239 251/498/251 250/499/250 238/482/238
f 240/483/240 252/500/252 251/498/251 239/481/239
f 241/484/241 253/501/253 252/500/252 240/483/240
f 242/485/242 254/502/254 253/503/253 241/486/241
f 243/487/243 255/504/255 254/502/254 242/485/242
f 244/488/244 256/505/256 255/504/255 243/487/243
f 245/506/245 257/507/257 268/508/268 256/509/256
f 246/491/246 258/510/258 257/511/257 245/489/245
f 247/492/247 259/512/259 258/510/258 246/491/246
f 248/494/248 260/513/260 259/512/259 247/492/247
f 249/495/249 261/514/261 260/515/260 248/496/248
f 250/516/250 262/517/262 261/518/261 249/519/249
f 251/498/251 263/520/263 262/521/262 250/499/250
f 252/500/252 264/522/264 263/520/263 251/498/251
f 253/501/253 265/523/265 264/522/264 252/500/252
f 254/502/254 266/524/266 265/525/265 253/503/253
f 255/504/255 267/526/267 266/524/266 254/502/254
f 256/505/256 268/527/268 267/526/267 255/504/255
f 257/507/257 269/528/269 280/529/280 268/508/268
f 258/510/258 270/530/270 269/531/269 257/511/257
f 259/512/259 271/532/271 270/530/270 258/510/258
f 260/513/260 272/533/272 271/532/271 259/512/259
f 261/514/261 273/534/273 272/535/272 260/515/260
f 262/517/262 274/536/274 273/537/273 261/518/261
f 263/538/263 275/539/275 274/536/274 262/517/262
f 264/522/264 276/540/276 275/541/275 263/520/263
f 265/523/265 277/542/277 276/540/276 264/522/264
f 266/524/266 278/543/278 277/544/277 265/525/265
f 267/526/267 279/545/279 278/543/278 266/524/266
f 268/508/268 280/529/280 279/546/279 267/547/267
f 269/528/269 281/548/281 292/549/292 280/529/280
f 270/530/270 282/550/282 281/551/281 269/531/269
f 271/532/271 283/552/283 282/550/282 270/530/270
f 272/533/272 284/553/284 283/552/283 271/532/271
f 273/537/273 285/554/285 284/555/284 272/556/272
f 274/536/274 286/557/286 285/554/285 273/537/273
f 275/539/275 287/558/287 286/557/286 274/536/274
f 276/540/276 288/559/288 287/560/287 275/541/275
f 277/542/277 289/561/289 288/559/288 276/540/276
f 278/543/278 290/562/290 289/563/289 277/544/277
f 279/545/279 291/564/291 290/562/290 278/543/278
f 280/529/280 292/549/292 291/565/291 279/546/279
f 281/548/281 293/566/293 304/567/304 292/549/292
f 282/550/282 294/568/294 293/569/293 281/551/281
f 283/552/283 295/570/295 294/568/294 282/550/282
f 284/553/284 296/571/296 295/570/295 283/552/283
f 285/554/285 297/572/297 296/573/296 284/555/284
f 286/557/286 298/574/298 297/572/297 285/554/285
f 287/558/287 299/575/299 298/574/298 286/557/286
f 288/576/288 300/577/300 299/575/299 287/558/287
f 289/561/289 301/578/301 300/579/300 288/559/288
f 290/562/290 302/580/302 301/581/301 289/563/289
f 291/565/291 303/582/303 302/583/302 290/584/290
f 292/549/292 304/567/304 303/582/303 291/565/291
f 293/566/293 305/585/305 316/586/316 304/567/304
f 294/587/294 306/588/306 305/585/305 293/566/293
f 295/570/295 307/589/307 306/590/306 294/568/294
f 296/571/296 308/591/308 307/589/307 295/570/295
f 297/572/297 309/592/309 308/593/308 296/573/296
f 298/574/298 310/594/310 309/592/309 297/572/297
f 299/575/299 311/595/311 310/594/310 298/574/298
f 300/577/300 312/596/312 311/595/311 299/575/299
f 301/578/301 313/597/313 312/598/312 300/579/300
f 302/580/302 314/599/314 313/600/313 301/581/301
f 303/582/303 315/601/315 314/602/314 302/583/302
f 304/567/304 316/586/316 315/601/315 303/582/303
f 305/585/305 317/603/317 328/604/328 316/586/316
f 306/588/306 318/605/318 317/603/317 305/585/305
f 307/589/307 319/606/319 318/607/318 306/590/306
f 308/591/308 320/608/320 319/606/319 307/589/307
f 309/592/309 321/609/321 320/610/320 308/593/308
f 310/594/310 322/611/322 321/609/321 309/592/309
f 311/595/311 323/612/323 322/611/322 310/594/310
f 312/596/312 324/613/324 323/612/323 311/595/311
f 313/597/313 325/614/325 324/615/324 312/598/312
f 314/599/314 326/616/326 325/617/325 313/600/313
f 315/601/315 327/618/327 326/619/326 314/602/314
f 316/586/316 328/604/328 327/618/327 315/601/315
f 317/603/317 329/620/329 340/621/340 328/604/328
f 318/605/318 330/622/330 329/620/329 317/603/317
f 319/606/319 331/623/331 330/624/330 318/607/318
f 320/608/320 332/625/332 331/623/331 319/606/319
f 321/609/321 333/626/333 332/627/332 320/610/320
f 322/611/322 334/628/334 333/626/333 321/609/321
f 323/612/323 335/629/335 334/628/334 322/611/322
f 324/613/324 336/630/336 335/629/335 323/612/323
f 325/614/325 337/631/337 336/632/336 324/615/324
f 326/633/326 338/634/338 337/631/337 325/614/325
f 327/618/327 339/635/339 338/636/338 326/619/326
f 328/604/328 340/621/340 339/635/339 327/618/327
f 329/620/329 341/637/341 352/638/352 340/621/340
f 330/622/330 342/639/342 341/637/341 329/620/329
f 331/623/331 343/640/343 342/641/342 330/624/330
f 332/625/332 344/642/344 343/640/343 331/623/331
f 333/626/333 345/643/345 344/644/344 332/627/332
f 334/628/334 346/645/346 345/643/345 333/626/333
f 335/629/335 347/646/347 346/645/346 334/628/334
f 336/630/336 348/647/348 347/646/347 335/629/335
f 337/648/337 349/649/349 348/650/348 336/651/336
f 338/634/338 350/652/350 349/653/349 337/631/337
f 339/635/339 351/654/351 350/655/350 338/636/338
f 340/621/340 352/638/352 351/654/351 339/635/339
f 341/637/341 353/656/353 364/657/364 352/638/352
f 342/639/342 354/658/354 353/656/353 341/637/341
f 343/640/343 355/659/355 354/660/354 342/641/342
f 344/642/344 356/661/356 355/659/355 343/640/343
f 345/662/345 357/663/357 356/661/356 344/642/344
f 346/645/346 358/664/358 357/665/357 345/643/345
f 347/646/347 359/666/359 358/664/358 346/645/346
f 348/647/348 360/667/360 359/666/359 347/646/347
f 349/649/349 361/668/361 360/669/360 348/650/348
f 350/652/350 362/670/362 361/671/361 349/653/349
f 351/654/351 363/672/363 362/673/362 350/655/350
f 352/638/352 364/657/364 363/672/363 351/654/351
f 937/674/936 370/675/370 377/676/377 378/677/378
f 938/678/937 937/674/936 378/677/378 379/679/379
f 939/680/938 938/681/937 379/682/379 380/683/380
f 366/684/366 365/685/365 373/686/373
f 371/687/371 939/680/938 380/683/380 381/688/381
f 367/689/367 366/684/366 373/686/373 374/690/374
f 940/691/939 371/687/371 381/688/381 382/692/382
f 368/693/368 367/689/367 374/690/374 375/694/375
f 372/695/372 940/691/939 382/692/382 383/696/383
f 369/697/369 368/693/368 375/694/375 376/698/376
f 941/699/940 372/695/372 383/696/383 384/700/384
f 370/675/370 369/697/369 376/698/376 377/676/377
f 376/698/376 375/694/375 387/701/387 388/702/388
f 384/700/384 383/696/383 395/703/395 396/704/396
f 377/676/377 376/698/376 388/702/388 389/705/389
f 378/677/378 377/676/377 389/705/389 390/706/390
f 379/679/379 378/677/378 390/706/390 391/707/391
f 380/683/380 379/682/379 391/708/391 392/709/392
f 373/686/373 365/685/365 385/710/385
f 381/688/381 380/683/380 392/709/392 393/711/393
f 374/690/374 373/686/373 385/710/385 386/712/386
f 382/692/382 381/688/381 393/711/393 394/713/394
f 375/694/375 374/690/374 386/712/386 387/701/387
f 383/696/383 382/692/382 394/713/394 395/703/395
f 391/708/391 390/714/390 402/715/402 403/716/403
f 392/709/392 391/708/391 403/716/403 404/717/404
f 385/710/385 365/685/365 397/718/397
f 393/711/393 392/709/392 404/717/404 405/719/405
f 386/712/386 385/710/385 397/718/397 398/720/398
f 394/713/394 393/711/393 405/719/405 406/721/406
f 387/701/387 386/712/386 398/720/398 399/722/399
f 395/703/395 394/713/394 406/721/406 407/723/407
f 388/702/388 387/701/387 399/722/399 400/724/400
f 396/704/396 395/703/395 407/723/407 408/725/408
f 389/705/389 388/702/388 400/724/400 401/726/401
f 390/706/390 389/705/389 401/726/401 402/727/402
f 398/720/398 397/718/397 409/728/409 410/729/410
f 406/721/406 405/719/405 417/730/417 418/731/418
f 399/722/399 398/720/398 410/729/410 411/732/411
f 407/723/407 406/721/406 418/731/418 419/733/419
f 400/724/400 399/722/399 411/732/411 412/734/412
f 408/725/408 407/723/407 419/733/419 420/735/420
f 401/726/401 400/724/400 412/734/412 413/736/413
f 402/727/402 401/726/401 413/736/413 414/737/414
f 403/716/403 402/715/402 414/738/414 415/739/415
f 404/717/404 403/716/403 415/739/415 416/740/416
f 397/718/397 365/685/365 409/728/409
f 405/719/405 404/717/404 416/740/416 417/730/417
f 413/736/413 412/734/412 424/741/424 425/742/425
f 414/737/414 413/736/413 425/742/425 426/743/426
f 415/739/415 414/738/414 426/744/426 427/745/427
f 416/740/416 415/739/415 427/745/427 428/746/428
f 409/728/409 365/685/365 421/747/421
f 417/730/417 416/740/416 428/746/428 429/748/429
f 410/729/410 409/728/409 421/747/421 422/749/422
f 418/731/418 417/730/417 429/748/429 430/750/430
f 411/732/411 410/729/410 422/749/422 423/751/423
f 419/733/419 418/731/418 430/750/430 431/752/431
f 412/734/412 411/732/411 423/751/423 424/741/424
f 420/735/420 419/733/419 431/752/431 432/753/432
f 428/746/428 427/745/427 439/754/439 440/755/440
f 421/747/421 365/685/365 433/756/433
f 429/748/429 428/746/428 440/755/440 441/757/441
f 422/749/422 421/747/421 433/756/433 434/758/434
f 430/750/430 429/748/429 441/757/441 442/759/442
f 423/751/423 422/749/422 434/758/434 435/760/435
f 431/752/431 430/750/430 442/759/442 443/761/443
f 424/741/424 423/751/423 435/760/435 436/762/436
f 432/753/432 431/752/431 443/761/443 444/763/444
f 425/742/425 424/741/424 436/762/436 437/764/437
f 426/744/426 425/765/425 437/766/437 438/767/438
f 427/745/427 426/744/426 438/767/438 439/754/439
f 435/760/435 434/758/434 446/768/446 447/769/447
f 443/761/443 442/759/442 454/770/454 455/771/455
f 436/762/436 435/760/435 447/769/447 448/772/448
f 444/763/444 443/761/443 455/771/455 456/773/456
f 437/764/437 436/762/436 448/772/448 449/774/449
f 438/767/438 437/766/437 449/775/449 450/776/450
f 439/754/439 438/767/438 450/776/450 451/777/451
f 440/755/440 439/754/439 451/777/451 452/778/452
f 433/756/433 365/685/365 445/779/445
f 441/757/441 440/755/440 452/778/452 453/780/453
f 434/758/434 433/756/433 445/779/445 446/768/446
f 442/759/442 441/757/441 453/780/453 454/770/454
f 450/776/450 449/775/449 461/781/461 462/782/462
f 451/777/451 450/776/450 462/782/462 463/783/463
f 452/778/452 451/777/451 463/783/463 464/784/464
f 445/779/445 365/685/365 457/785/457
f 453/780/453 452/778/452 464/784/464 465/786/465
f 446/768/446 445/779/445 457/785/457 458/787/458
f 454/770/454 453/780/453 465/786/465 466/788/466
f 447/769/447 446/768/446 458/787/458 459/789/459
f 455/771/455 454/770/454 466/788/466 467/790/467
f 448/772/448 447/769/447 459/789/459 460/791/460
f 456/773/456 455/771/455 467/790/467 468/792/468
f 449/774/449 448/772/448 460/791/460 461/793/461
f 465/786/465 464/784/464 476/794/476 477/795/477
f 458/787/458 457/785/457 469/796/469 470/797/470
f 466/788/466 465/786/465 477/795/477 478/798/478
f 459/789/459 458/787/458 470/797/470 471/799/471
f 467/790/467 466/788/466 478/798/478 479/800/479
f 460/791/460 459/789/459 471/799/471 472/801/472
f 468/792/468 467/790/467 479/800/479 480/802/480
f 461/793/461 460/791/460 472/801/472 473/803/473
f 462/782/462 461/781/461 473/804/473 474/805/474
f 463/783/463 462/782/462 474/805/474 475/806/475
f 464/784/464 463/783/463 475/806/475 476/794/476
f 457/785/457 365/685/365 469/796/469
f 472/801/472 471/799/471 483/807/483 484/808/484
f 480/802/480 479/800/479 491/809/491 492/810/492
f 473/803/473 472/801/472 484/808/484 485/811/485
f 474/805/474 473/804/473 485/812/485 486/813/486
f 475/806/475 474/805/474 486/813/486 487/814/487
f 476/794/476 475/806/475 487/814/487 488/815/488
f 469/796/469 365/685/365 481/816/481
f 477/795/477 476/794/476 488/815/488 489/817/489
f 470/797/470 469/796/469 481/816/481 482/818/482
f 478/798/478 477/795/477 489/817/489 490/819/490
f 471/799/471 470/797/470 482/818/482 483/807/483
f 479/800/479 478/798/478 490/819/490 491/809/491
f 487/814/487 486/813/486 498/820/498 499/821/499
f 488/815/488 487/814/487 499/821/499 500/822/500
f 481/816/481 365/685/365 493/823/493
f 489/817/489 488/815/488 500/822/500 501/824/501
f 482/818/482 481/816/481 493/823/493 494/825/494
f 490/819/490 489/817/489 501/824/501 502/826/502
f 483/807/483 482/818/482 494/825/494 495/827/495
f 491/809/491 490/819/490 502/826/502 503/828/503
f 484/808/484 483/807/483 495/827/495 496/829/496
f 492/810/492 491/809/491 503/828/503 504/830/504
f 485/811/485 484/808/484 496/829/496 497/831/497
f 486/832/486 485/811/485 497/831/497 498/833/498
f 502/826/502 501/824/501 513/834/513 514/835/514
f 495/827/495 494/825/494 506/836/506 507/837/507
f 503/828/503 502/826/502 514/835/514 515/838/515
f 496/829/496 495/827/495 507/837/507 508/839/508
f 504/830/504 503/828/503 515/838/515 516/840/516
f 497/831/497 496/829/496 508/839/508 509/841/509
f 498/842/498 497/843/497 509/844/509 510/845/510
f 499/846/499 498/842/498 510/845/510 511/847/511
f 500/822/500 499/821/499 511/848/511 512/849/512
f 493/823/493 365/685/365 505/850/505
f 501/824/501 500/822/500 512/849/512 513/834/513
f 494/825/494 493/823/493 505/850/505 506/836/506
f 509/841/509 508/839/508 520/851/520 521/852/521
f 510/845/510 509/844/509 521/853/521 522/854/522
f 511/847/511 510/845/510 522/854/522 523/855/523
f 512/856/512 511/847/511 523/855/523 524/857/524
f 505/850/505 365/685/365 517/858/517
f 513/859/513 512/856/512 524/857/524 525/860/525
f 506/836/506 505/850/505 517/858/517 518/861/518
f 514/862/514 513/859/513 525/860/525 526/863/526
f 507/837/507 506/836/506 518/861/518 519/864/519
f 515/865/515 514/862/514 526/863/526 527/866/527
f 508/839/508 507/837/507 519/864/519 520/851/520
f 516/867/516 515/865/515 527/866/527 528/868/528
f 524/857/524 523/855/523 535/869/535 536/870/536
f 517/858/517 365/685/365 529/871/529
f 525/860/525 524/857/524 536/870/536 537/872/537
f 518/861/518 517/858/517 529/871/529 530/873/530
f 526/863/526 525/860/525 537/872/537 538/874/538
f 519/864/519 518/861/518 530/873/530 531/875/531
f 527/866/527 526/863/526 538/874/538 539/876/539
f 520/851/520 519/864/519 531/875/531 532/877/532
f 528/868/528 527/866/527 539/876/539 540/878/540
f 521/852/521 520/851/520 532/877/532 533/879/533
f 522/854/522 521/853/521 533/880/533 534/881/534
f 523/855/523 522/854/522 534/881/534 535/869/535
f 539/876/539 538/874/538 550/882/550 551/883/551
f 532/877/532 531/875/531 543/884/543 544/885/544
f 540/878/540 539/876/539 551/883/551 552/886/552
f 533/879/533 532/877/532 544/885/544 545/887/545
f 534/881/534 533/880/533 545/888/545 546/889/546
f 535/869/535 534/881/534 546/889/546 547/890/547
f 536/870/536 535/869/535 547/890/547 548/891/548
f 529/871/529 365/685/365 541/892/541
f 537/872/537 536/870/536 548/891/548 549/893/549
f 530/873/530 529/871/529 541/892/541 542/894/542
f 538/874/538 537/872/537 549/893/549 550/882/550
f 531/875/531 530/873/530 542/894/542 543/884/543
f 546/889/546 545/888/545 557/895/557 558/896/558
f 547/890/547 546/889/546 558/896/558 559/897/559
f 548/891/548 547/890/547 559/897/559 560/898/560
f 541/892/541 365/685/365 553/899/553
f 549/893/549 548/891/548 560/898/560 561/900/561
f 542/894/542 541/892/541 553/899/553 554/901/554
f 550/882/550 549/893/549 561/900/561 562/902/562
f 543/884/543 542/894/542 554/901/554 555/903/555
f 551/883/551 550/882/550 562/902/562 563/904/563
f 544/885/544 543/884/543 555/903/555 556/905/556
f 552/886/552 551/883/551 563/904/563 564/906/564
f 545/887/545 544/885/544 556/905/556 557/907/557
f 561/900/561 560/898/560 572/908/572 573/909/573
f 554/901/554 553/899/553 565/910/565 566/911/566
f 562/902/562 561/900/561 573/909/573 574/912/574
f 555/903/555 554/901/554 566/911/566 567/913/567
f 563/904/563 562/902/562 574/912/574 575/914/575
f 556/905/556 555/903/555 567/913/567 568/915/568
f 564/906/564 563/904/563 575/914/575 576/916/576
f 557/907/557 556/905/556 568/915/568 569/917/569
f 558/896/558 557/895/557 569/918/569 570/919/570
f 559/897/559 558/896/558 570/919/570 571/920/571
f 560/898/560 559/897/559 571/920/571 572/908/572
f 553/899/553 365/685/365 565/910/565
f 576/916/576 575/914/575 587/921/587 588/922/588
f 569/917/569 568/915/568 580/923/580 581/924/581
f 570/919/570 569/918/569 581/925/581 582/926/582
f 571/920/571 570/919/570 582/926/582 583/927/583
f 572/908/572 571/920/571 583/927/583 584/928/584
f 565/910/565 365/685/365 577/929/577
f 573/909/573 572/908/572 584/928/584 585/930/585
f 566/911/566 565/910/565 577/929/577 578/931/578
f 574/912/574 573/909/573 585/930/585 586/932/586
f 567/913/567 566/911/566 578/931/578 579/933/579
f 575/914/575 574/912/574 586/932/586 587/921/587
f 568/915/568 567/913/567 579/933/579 580/923/580
f 583/927/583 582/926/582 594/934/594 595/935/595
f 584/928/584 583/927/583 595/935/595 596/936/596
f 577/929/577 365/685/365 589/937/589
f 585/930/585 584/928/584 596/936/596 597/938/597
f 578/931/578 577/929/577 589/937/589 590/939/590
f 586/932/586 585/930/585 597/938/597 598/940/598
f 579/933/579 578/931/578 590/939/590 591/941/591
f 587/921/587 586/932/586 598/940/598 599/942/599
f 580/923/580 579/933/579 591/941/591 592/943/592
f 588/922/588 587/921/587 599/942/599 600/944/600
f 581/924/581 580/923/580 592/943/592 593/945/593
f 582/926/582 581/925/581 593/946/593 594/934/594
f 598/940/598 597/938/597 609/947/609 610/948/610
f 591/941/591 590/939/590 602/949/602 603/950/603
f 599/942/599 598/940/598 610/948/610 611/951/611
f 592/943/592 591/941/591 603/950/603 604/952/604
f 600/944/600 599/942/599 611/951/611 612/953/612
f 593/945/593 592/943/592 604/952/604 605/954/605
f 594/934/594 593/946/593 605/955/605 606/956/606
f 595/935/595 594/934/594 606/956/606 607/957/607
f 596/936/596 595/935/595 607/957/607 608/958/608
f 589/937/589 365/685/365 601/959/601
f 597/938/597 596/936/596 608/958/608 609/947/609
f 590/939/590 589/937/589 601/959/601 602/949/602
f 606/956/606 605/955/605 617/960/617 618/961/618
f 607/957/607 606/956/606 618/961/618 619/962/619
f 608/958/608 607/957/607 619/962/619 620/963/620
f 601/959/601 365/685/365 613/964/613
f 609/947/609 608/958/608 620/963/620 621/965/621
f 602/949/602 601/959/601 613/964/613 614/966/614
f 610/948/610 609/947/609 621/965/621 622/967/622
f 603/950/603 602/949/602 614/966/614 615/968/615
f 611/951/611 610/948/610 622/967/622 623/969/623
f 604/952/604 603/950/603 615/968/615 616/970/616
f 612/953/612 611/951/611 623/969/623 624/971/624
f 605/954/605 604/952/604 616/970/616 617/972/617
f 620/963/620 619/962/619 631/973/631 632/974/632
f 613/964/613 365/685/365 625/975/625
f 621/965/621 620/963/620 632/974/632 633/976/633
f 614/966/614 613/964/613 625/975/625 626/977/626
f 622/967/622 621/965/621 633/976/633 634/978/634
f 615/968/615 614/966/614 626/977/626 627/979/627
f 623/969/623 622/967/622 634/978/634 635/980/635
f 616/970/616 615/968/615 627/979/627 628/981/628
f 624/971/624 623/969/623 635/980/635 636/982/636
f 617/972/617 616/970/616 628/981/628 629/983/629
f 618/961/618 617/960/617 629/984/629 630/985/630
f 619/962/619 618/961/618 630/985/630 631/973/631
f 635/980/635 634/978/634 646/986/646 647/987/647
f 628/981/628 627/979/627 639/988/639 640/989/640
f 636/990/636 635/991/635 647/992/647 648/993/648
f 629/983/629 628/981/628 640/989/640 641/994/641
f 630/995/630 629/983/629 641/994/641 642/996/642
f 631/973/631 630/985/630 642/997/642 643/998/643
f 632/974/632 631/973/631 643/998/643 644/999/644
f 625/975/625 365/685/365 637/1000/637
f 633/976/633 632/974/632 644/999/644 645/1001/645
f 626/977/626 625/975/625 637/1000/637 638/1002/638
f 634/978/634 633/976/633 645/1001/645 646/986/646
f 627/979/627 626/977/626 638/1002/638 639/988/639
f 643/998/643 642/997/642 654/1003/654 655/1004/655
f 644/999/644 643/998/643 655/1004/655 656/1005/656
f 637/1000/637 365/685/365 649/1006/649
f 645/1001/645 644/999/644 656/1005/656 657/1007/657
f 638/1002/638 637/1000/637 649/1006/649 650/1008/650
f 646/1009/646 645/1010/645 657/1011/657 658/1012/658
f 639/988/639 638/1002/638 650/1008/650 651/1013/651
f 647/992/647 646/1009/646 658/1012/658 659/1014/659
f 640/989/640 639/988/639 651/1013/651 652/1015/652
f 648/993/648 647/992/647 659/1014/659 660/1016/660
f 641/994/641 640/989/640 652/1015/652 653/1017/653
f 642/996/642 641/994/641 653/1017/653 654/1018/654
f 657/1011/657 656/1019/656 668/1020/668 669/1021/669
f 650/1008/650 649/1006/649 661/1022/661 662/1023/662
f 658/1012/658 657/1011/657 669/1021/669 670/1024/670
f 651/1013/651 650/1008/650 662/1023/662 663/1025/663
f 659/1014/659 658/1012/658 670/1024/670 671/1026/671
f 652/1015/652 651/1013/651 663/1025/663 664/1027/664
f 660/1016/660 659/1014/659 671/1026/671 672/1028/672
f 653/1017/653 652/1015/652 664/1027/664 665/1029/665
f 654/1018/654 653/1017/653 665/1029/665 666/1030/666
f 655/1031/655 654/1018/654 666/1030/666 667/1032/667
f 656/1019/656 655/1033/655 667/1034/667 668/1020/668
f 649/1006/649 365/685/365 661/1022/661
f 672/1028/672 671/1026/671 683/1035/683 684/1036/684
f 665/1029/665 664/1027/664 676/1037/676 677/1038/677
f 666/1030/666 665/1029/665 677/1038/677 678/1039/678
f 667/1032/667 666/1030/666 678/1039/678 679/1040/679
f 668/1020/668 667/1034/667 679/1041/679 680/1042/680
f 661/1022/661 365/685/365 673/1043/673
f 669/1021/669 668/1020/668 680/1042/680 681/1044/681
f 662/1023/662 661/1022/661 673/1043/673 674/1045/674
f 670/1024/670 669/1021/669 681/1044/681 682/1046/682
f 663/1025/663 662/1023/662 674/1045/674 675/1047/675
f 671/1026/671 670/1024/670 682/1046/682 683/1035/683
f 664/1027/664 663/1025/663 675/1047/675 676/1037/676
f 680/1042/680 679/1041/679 691/1048/691 692/1049/692
f 673/1043/673 365/685/365 685/1050/685
f 681/1044/681 680/1042/680 692/1049/692 693/1051/693
f 674/1045/674 673/1043/673 685/1050/685 686/1052/686
f 682/1046/682 681/1044/681 693/1051/693 694/1053/694
f 675/1047/675 674/1045/674 686/1052/686 687/1054/687
f 683/1035/683 682/1046/682 694/1053/694 695/1055/695
f 676/1037/676 675/1047/675 687/1054/687 688/1056/688
f 684/1036/684 683/1035/683 695/1055/695 696/1057/696
f 677/1038/677 676/1037/676 688/1056/688 689/1058/689
f 678/1039/678 677/1038/677 689/1058/689 690/1059/690
f 679/1040/679 678/1039/678 690/1059/690 691/1060/691
f 694/1053/694 693/1051/693 705/1061/705 706/1062/706
f 687/1054/687 686/1052/686 698/1063/698 699/1064/699
f 695/1055/695 694/1053/694 706/1062/706 707/1065/707
f 688/1056/688 687/1054/687 699/1064/699 700/1066/700
f 696/1057/696 695/1055/695 707/1065/707 708/1067/708
f 689/1058/689 688/1056/688 700/1066/700 701/1068/701
f 690/1059/690 689/1058/689 701/1068/701 702/1069/702
f 691/1060/691 690/1059/690 702/1069/702 703/1070/703
f 692/1049/692 691/1048/691 703/1071/703 704/1072/704
f 685/1050/685 365/685/365 697/1073/697
f 693/1051/693 692/1049/692 704/1072/704 705/1061/705
f 686/1052/686 685/1050/685 697/1073/697 698/1063/698
f 702/1069/702 701/1068/701 713/1074/713 714/1075/714
f 703/1070/703 702/1069/702 714/1075/714 715/1076/715
f 704/1072/704 703/1071/703 715/1077/715 716/1078/716
f 697/1073/697 365/685/365 709/1079/709
f 705/1061/705 704/1072/704 716/1078/716 717/1080/717
f 698/1063/698 697/1073/697 709/1079/709 710/1081/710
f 706/1062/706 705/1061/705 717/1080/717 718/1082/718
f 699/1064/699 698/1063/698 710/1081/710 711/1083/711
f 707/1065/707 706/1062/706 718/1082/718 719/1084/719
f 700/1066/700 699/1064/699 711/1083/711 712/1085/712
f 708/1067/708 707/1065/707 719/1084/719 720/1086/720
f 701/1068/701 700/1066/700 712/1085/712 713/1074/713
f 709/1079/709 365/685/365 721/1087/721
f 717/1080/717 716/1078/716 728/1088/728 729/1089/729
f 710/1081/710 709/1079/709 721/1087/721 722/1090/722
f 718/1082/718 717/1080/717 729/1089/729 730/1091/730
f 711/1083/711 710/1081/710 722/1090/722 723/1092/723
f 719/1084/719 718/1082/718 730/1091/730 731/1093/731
f 712/1085/712 711/1083/711 723/1092/723 724/1094/724
f 720/1086/720 719/1084/719 731/1093/731 732/1095/732
f 713/1074/713 712/1085/712 724/1094/724 725/1096/725
f 714/1075/714 713/1074/713 725/1096/725 726/1097/726
f 715/1076/715 714/1075/714 726/1097/726 727/1098/727
f 716/1078/716 715/1077/715 727/1099/727 728/1088/728
f 731/1093/731 730/1091/730 742/1100/742 743/1101/743
f 724/1094/724 723/1092/723 735/1102/735 736/1103/736
f 732/1095/732 731/1093/731 743/1101/743 744/1104/744
f 725/1096/725 724/1094/724 736/1103/736 737/1105/737
f 726/1097/726 725/1096/725 737/1105/737 738/1106/738
f 727/1098/727 726/1097/726 738/1106/738 739/1107/739
f 728/1088/728 727/1099/727 739/1108/739 740/1109/740
f 721/1087/721 365/685/365 733/1110/733
f 729/1089/729 728/1088/728 740/1109/740 741/1111/741
f 722/1090/722 721/1087/721 733/1110/733 734/1112/734
f 730/1091/730 729/1089/729 741/1111/741 742/1100/742
f 723/1092/723 722/1090/722 734/1112/734 735/1102/735
f 739/1107/739 738/1106/738 750/1113/750 751/1114/751
f 740/1115/740 739/1107/739 751/1114/751 752/1116/752
f 733/1110/733 365/685/365 745/1117/745
f 741/1111/741 740/1109/740 752/1118/752 753/1119/753
f 734/1112/734 733/1110/733 745/1117/745 746/1120/746
f 742/1100/742 741/1111/741 753/1119/753 754/1121/754
f 735/1102/735 734/1112/734 746/1120/746 747/1122/747
f 743/1101/743 742/1100/742 754/1121/754 755/1123/755
f 736/1103/736 735/1102/735 747/1122/747 748/1124/748
f 744/1104/744 743/1101/743 755/1123/755 756/1125/756
f 737/1105/737 736/1103/736 748/1124/748 749/1126/749
f 738/1106/738 737/1105/737 749/1126/749 750/1113/750
f 746/1120/746 745/1117/745 757/1127/757 758/1128/758
f 754/1121/754 753/1119/753 765/1129/765 766/1130/766
f 747/1122/747 746/1120/746 758/1128/758 759/1131/759
f 755/1123/755 754/1121/754 766/1130/766 767/1132/767
f 748/1124/748 747/1122/747 759/1131/759 760/1133/760
f 756/1125/756 755/1123/755 767/1132/767 768/1134/768
f 749/1126/749 748/1124/748 760/1133/760 761/1135/761
f 750/1113/750 749/1126/749 761/1135/761 762/1136/762
f 751/1114/751 750/1113/750 762/1136/762 763/1137/763
f 752/1116/752 751/1114/751 763/1137/763 764/1138/764
f 745/1117/745 365/685/365 757/1127/757
f 753/1119/753 752/1118/752 764/1139/764 765/1129/765
f 768/1134/768 767/1132/767 779/1140/779 780/1141/780
f 761/1135/761 760/1133/760 772/1142/772 773/1143/773
f 762/1136/762 761/1135/761 773/1143/773 774/1144/774
f 763/1137/763 762/1136/762 774/1144/774 775/1145/775
f 764/1138/764 763/1137/763 775/1145/775 776/1146/776
f 757/1127/757 365/685/365 769/1147/769
f 765/1148/765 764/1138/764 776/1146/776 777/1149/777
f 758/1128/758 757/1127/757 769/1147/769 770/1150/770
f 766/1130/766 765/1129/765 777/1151/777 778/1152/778
f 759/1131/759 758/1128/758 770/1150/770 771/1153/771
f 767/1132/767 766/1130/766 778/1152/778 779/1140/779
f 760/1133/760 759/1131/759 771/1153/771 772/1142/772
f 778/1154/778 777/1155/777 789/1156/789 790/1157/790
f 771/1153/771 770/1150/770 782/1158/782 783/1159/783
f 779/1160/779 778/1154/778 790/1157/790 791/1161/791
f 772/1142/772 771/1153/771 783/1159/783 784/1162/784
f 780/1163/780 779/1160/779 791/1161/791 792/1164/792
f 773/1143/773 772/1142/772 784/1162/784 785/1165/785
f 774/1144/774 773/1143/773 785/1165/785 786/1166/786
f 775/1145/775 774/1144/774 786/1166/786 787/1167/787
f 776/1146/776 775/1145/775 787/1167/787 788/1168/788
f 769/1147/769 365/685/365 781/1169/781
f 777/1149/777 776/1146/776 788/1168/788 789/1170/789
f 770/1150/770 769/1147/769 781/1169/781 782/1158/782
f 786/1166/786 785/1165/785 797/1171/797 798/1172/798
f 787/1167/787 786/1166/786 798/1172/798 799/1173/268
f 788/1168/788 787/1167/787 799/1173/268 800/1174/799
f 781/1169/781 365/685/365 793/1175/793
f 789/1156/789 788/1176/788 800/1177/799 801/1178/800
f 782/1158/782 781/1169/781 793/1175/793 794/1179/794
f 790/1157/790 789/1156/789 801/1178/800 802/1180/801
f 783/1159/783 782/1158/782 794/1179/794 795/1181/795
f 791/1161/791 790/1157/790 802/1180/801 803/1182/802
f 784/1162/784 783/1159/783 795/1181/795 796/1183/796
f 792/1164/792 791/1161/791 803/1182/802 804/1184/803
f 785/1165/785 784/1162/784 796/1183/796 797/1171/797
f 793/1175/793 365/685/365 805/1185/804
f 801/1178/800 800/1177/799 812/1186/811 813/1187/812
f 794/1179/794 793/1175/793 805/1185/804 806/1188/805
f 802/1180/801 801/1178/800 813/1187/812 814/1189/813
f 795/1181/795 794/1179/794 806/1188/805 807/1190/806
f 803/1182/802 802/1180/801 814/1189/813 815/1191/814
f 796/1183/796 795/1181/795 807/1190/806 808/1192/807
f 804/1184/803 803/1182/802 815/1191/814 816/1193/815
f 797/1171/797 796/1183/796 808/1192/807 809/1194/808
f 798/1172/798 797/1171/797 809/1194/808 810/1195/809
f 799/1173/268 798/1172/798 810/1195/809 811/1196/810
f 800/1174/799 799/1173/268 811/1196/810 812/1197/811
f 815/1191/814 814/1189/813 826/1198/825 827/1199/826
f 808/1192/807 807/1190/806 819/1200/818 820/1201/819
f 816/1193/815 815/1191/814 827/1199/826 828/1202/827
f 809/1194/808 808/1192/807 820/1201/819 821/1203/820
f 810/1195/809 809/1194/808 821/1203/820 822/1204/821
f 811/1196/810 810/1195/809 822/1204/821 823/1205/822
f 812/1197/811 811/1196/810 823/1205/822 824/1206/823
f 805/1185/804 365/685/365 817/1207/816
f 813/1187/812 812/1186/811 824/1208/823 825/1209/824
f 806/1188/805 805/1185/804 817/1207/816 818/1210/817
f 814/1189/813 813/1187/812 825/1209/824 826/1198/825
f 807/1190/806 806/1188/805 818/1210/817 819/1200/818
f 823/1205/822 822/1204/821 834/1211/833 835/1212/834
f 824/1208/823 823/1213/822 835/1214/834 836/1215/835
f 817/1207/816 365/685/365 829/1216/828
f 825/1209/824 824/1208/823 836/1215/835 837/1217/836
f 818/1210/817 817/1207/816 829/1216/828 830/1218/829
f 826/1198/825 825/1209/824 837/1217/836 838/1219/837
f 819/1200/818 818/1210/817 830/1218/829 831/1220/830
f 827/1199/826 826/1198/825 838/1219/837 839/1221/838
f 820/1201/819 819/1200/818 831/1220/830 832/1222/831
f 828/1202/827 827/1199/826 839/1221/838 840/1223/839
f 821/1203/820 820/1201/819 832/1222/831 833/1224/832
f 822/1204/821 821/1203/820 833/1224/832 834/1211/833
f 830/1218/829 829/1216/828 841/1225/840 842/1226/841
f 838/1219/837 837/1217/836 849/1227/848 850/1228/849
f 831/1220/830 830/1218/829 842/1226/841 843/1229/842
f 839/1221/838 838/1219/837 850/1228/849 851/1230/850
f 832/1222/831 831/1220/830 843/1229/842 844/1231/843
f 840/1223/839 839/1221/838 851/1230/850 852/1232/851
f 833/1224/832 832/1222/831 844/1231/843 845/1233/844
f 834/1211/833 833/1224/832 845/1233/844 846/1234/845
f 835/1212/834 834/1211/833 846/1234/845 847/1235/846
f 836/1215/835 835/1214/834 847/1236/846 848/1237/847
f 829/1216/828 365/685/365 841/1225/840
f 837/1217/836 836/1215/835 848/1237/847 849/1227/848
f 852/1232/851 851/1230/850 863/1238/862 864/1239/863
f 845/1233/844 844/1231/843 856/1240/855 857/1241/856
f 846/1234/845 845/1233/844 857/1241/856 858/1242/857
f 847/1235/846 846/1234/845 858/1242/857 859/1243/858
f 848/1237/847 847/1236/846 859/1244/858 860/1245/859
f 841/1225/840 365/685/365 853/1246/852
f 849/1227/848 848/1237/847 860/1245/859 861/1247/860
f 842/1226/841 841/1225/840 853/1246/852 854/1248/853
f 850/1228/849 849/1227/848 861/1247/860 862/1249/861
f 843/1229/842 842/1226/841 854/1248/853 855/1250/854
f 851/1230/850 850/1228/849 862/1249/861 863/1238/862
f 844/1231/843 843/1229/842 855/1250/854 856/1240/855
f 860/1245/859 859/1244/858 871/1251/870 872/1252/871
f 853/1246/852 365/685/365 865/1253/864
f 861/1247/860 860/1245/859 872/1252/871 873/1254/872
f 854/1248/853 853/1246/852 865/1253/864 866/1255/865
f 862/1249/861 861/1247/860 873/1254/872 874/1256/873
f 855/1250/854 854/1248/853 866/1255/865 867/1257/866
f 863/1238/862 862/1249/861 874/1256/873 875/1258/874
f 856/1240/855 855/1250/854 867/1257/866 868/1259/867
f 864/1239/863 863/1238/862 875/1258/874 876/1260/875
f 857/1241/856 856/1240/855 868/1259/867 869/1261/868
f 858/1242/857 857/1241/856 869/1261/868 870/1262/869
f 859/1243/858 858/1242/857 870/1262/869 871/1263/870
f 867/1257/866 866/1255/865 878/1264/877 879/1265/878
f 875/1258/874 874/1256/873 886/1266/885 887/1267/886
f 868/1259/867 867/1257/866 879/1265/878 880/1268/879
f 876/1260/875 875/1258/874 887/1267/886 888/1269/887
f 869/1261/868 868/1259/867 880/1268/879 881/1270/880
f 870/1262/869 869/1261/868 881/1270/880 882/1271/881
f 871/1263/870 870/1262/869 882/1271/881 883/1272/882
f 872/1252/871 871/1251/870 883/1273/882 884/1274/883
f 865/1253/864 365/685/365 877/1275/876
f 873/1254/872 872/1252/871 884/1274/883 885/1276/884
f 866/1255/865 865/1253/864 877/1275/876 878/1264/877
f 874/1256/873 873/1254/872 885/1276/884 886/1266/885
f 882/1271/881 881/1270/880 893/1277/892 894/1278/893
f 883/1272/882 882/1271/881 894/1278/893 895/1279/894
f 884/1274/883 883/1273/882 895/1280/894 896/1281/895
f 877/1275/876 365/685/365 889/1282/888
f 885/1276/884 884/1274/883 896/1281/895 897/1283/896
f 878/1264/877 877/1275/876 889/1282/888 890/1284/889
f 886/1266/885 885/1276/884 897/1283/896 898/1285/897
f 879/1265/878 878/1264/877 890/1284/889 891/1286/890
f 887/1267/886 886/1266/885 898/1285/897 899/1287/898
f 880/1268/879 879/1265/878 891/1286/890 892/1288/891
f 888/1269/887 887/1267/886 899/1287/898 900/1289/899
f 881/1270/880 880/1268/879 892/1288/891 893/1277/892
f 889/1282/888 365/685/365 901/1290/900
f 897/1283/896 896/1281/895 908/1291/907 909/1292/908
f 890/1284/889 889/1282/888 901/1290/900 902/1293/901
f 898/1285/897 897/1283/896 909/1292/908 910/1294/909
f 891/1286/890 890/1284/889 902/1293/901 903/1295/902
f 899/1287/898 898/1285/897 910/1294/909 911/1296/910
f 892/1288/891 891/1286/890 903/1295/902 904/1297/903
f 900/1289/899 899/1287/898 911/1296/910 912/1298/911
f 893/1277/892 892/1288/891 904/1297/903 905/1299/904
f 894/1278/893 893/1277/892 905/1299/904 906/1300/905
f 895/1279/894 894/1278/893 906/1300/905 907/1301/906
f 896/1281/895 895/1280/894 907/1302/906 908/1291/907
f 904/1297/903 903/1295/902 915/1303/914 916/1304/915
f 912/1298/911 911/1296/910 923/1305/922 924/1306/923
f 905/1299/904 904/1297/903 916/1304/915 917/1307/916
f 906/1300/905 905/1299/904 917/1307/916 918/1308/917
f 907/1301/906 906/1300/905 918/1308/917 919/1309/918
f 908/1310/907 907/1301/906 919/1309/918 920/1311/919
f 901/1290/900 365/685/365 913/1312/912
f 909/1292/908 908/1291/907 920/1313/919 921/1314/920
f 902/1293/901 901/1290/900 913/1312/912 914/1315/913
f 910/1294/909 909/1292/908 921/1314/920 922/1316/921
f 903/1295/902 902/1293/901 914/1315/913 915/1303/914
f 911/1296/910 910/1294/909 922/1316/921 923/1305/922
f 919/1309/918 918/1308/917 930/1317/929 931/1318/930
f 920/1311/919 919/1309/918 931/1318/930 932/1319/931
f 913/1312/912 365/685/365 925/1320/924
f 921/1314/920 920/1313/919 932/1321/931 933/1322/932
f 914/1315/913 913/1312/912 925/1320/924 926/1323/925
f 922/1316/921 921/1314/920 933/1322/932 934/1324/933
f 915/1303/914 914/1315/913 926/1323/925 927/1325/926
f 923/1305/922 922/1316/921 934/1324/933 935/1326/934
f 916/1304/915 915/1303/914 927/1325/926 928/1327/927
f 924/1306/923 923/1305/922 935/1326/934 936/1328/935
f 917/1307/916 916/1304/915 928/1327/927 929/1329/928
f 918/1308/917 917/1307/916 929/1329/928 930/1317/929
f 926/1323/925 925/1320/924 366/684/366 367/689/367
f 934/1324/933 933/1322/932 371/1330/371 940/1331/939
f 927/1325/926 926/1323/925 367/689/367 368/693/368
f 935/1326/934 934/1324/933 940/1331/939 372/1332/372
f 928/1327/927 927/1325/926 368/693/368 369/697/369
f 936/1328/935 935/1326/934 372/1332/372 941/1333/940
f 929/1329/928 928/1327/927 369/697/369 370/675/370
f 930/1317/929 929/1329/928 370/675/370 937/674/936
f 931/1318/930 930/1317/929 937/674/936 938/678/937
f 932/1319/931 931/1318/930 938/678/937 939/1334/938
f 925/1320/924 365/685/365 366/684/366
f 933/1335/932 932/1336/931 939/680/938 371/687/371
f 1514/1337/1513 955/1338/954 954/1339/953 947/1340/946
f 1515/1341/1514 956/1342/955 955/1343/954 1514/1344/1513
f 1516/1345/1515 957/1346/956 956/1342/955 1515/1341/1514
f 943/1347/942 950/1348/949 942/1349/941
f 948/1350/947 958/1351/957 957/1346/956 1516/1345/1515
f 944/1352/943 951/1353/950 950/1348/949 943/1347/942
f 1517/1354/1516 959/1355/958 958/1351/957 948/1350/947
f 945/1356/944 952/1357/951 951/1353/950 944/1352/943
f 949/1358/948 960/1359/959 959/1355/958 1517/1354/1516
f 946/1360/945 953/1361/952 952/1357/951 945/1356/944
f 1518/1362/1517 961/1363/960 960/1359/959 949/1358/948
f 947/1340/946 954/1339/953 953/1361/952 946/1360/945
f 953/1361/952 965/1364/964 964/1365/963 952/1357/951
f 961/1363/960 973/1366/972 972/1367/971 960/1359/959
f 954/1339/953 966/1368/965 965/1364/964 953/1361/952
f 955/1343/954 967/1369/966 966/1370/965 954/1371/953
f 956/1342/955 968/1372/967 967/1369/966 955/1343/954
f 957/1346/956 969/1373/968 968/1372/967 956/1342/955
f 950/1348/949 962/1374/961 942/1349/941
f 958/1351/957 970/1375/969 969/1373/968 957/1346/956
f 951/1353/950 963/1376/962 962/1374/961 950/1348/949
f 959/1355/958 971/1377/970 970/1375/969 958/1351/957
f 952/1357/951 964/1365/963 963/1376/962 951/1353/950
f 960/1359/959 972/1367/971 971/1377/970 959/1355/958
f 968/1372/967 980/1378/979 979/1379/978 967/1369/966
f 969/1373/968 981/1380/980 980/1378/979 968/1372/967
f 962/1374/961 974/1381/973 942/1349/941
f 970/1375/969 982/1382/981 981/1380/980 969/1373/968
f 963/1376/962 975/1383/974 974/1381/973 962/1374/961
f 971/1377/970 983/1384/982 982/1382/981 970/1375/969
f 964/1365/963 976/1385/975 975/1383/974 963/1376/962
f 972/1367/971 984/1386/983 983/1384/982 971/1377/970
f 965/1364/964 977/1387/976 976/1385/975 964/1365/963
f 973/1366/972 985/1388/984 984/1386/983 972/1367/971
f 966/1368/965 978/1389/977 977/1387/976 965/1364/964
f 967/1369/966 979/1379/978 978/1390/977 966/1370/965
f 975/1383/974 987/1391/986 986/1392/985 974/1381/973
f 983/1384/982 995/1393/994 994/1394/993 982/1382/981
f 976/1385/975 988/1395/987 987/1391/986 975/1383/974
f 984/1386/983 996/1396/995 995/1393/994 983/1384/982
f 977/1387/976 989/1397/988 988/1395/987 976/1385/975
f 985/1388/984 997/1398/996 996/1396/995 984/1386/983
f 978/1389/977 990/1399/989 989/1397/988 977/1387/976
f 979/1379/978 991/1400/990 990/1401/989 978/1390/977
f 980/1378/979 992/1402/991 991/1400/990 979/1379/978
f 981/1380/980 993/1403/992 992/1402/991 980/1378/979
f 974/1381/973 986/1392/985 942/1349/941
f 982/1382/981 994/1394/993 993/1403/992 981/1380/980
f 990/1399/989 1002/1404/1001 1001/1405/1000 989/1397/988
f 991/1400/990 1003/1406/1002 1002/1407/1001 990/1401/989
f 992/1402/991 1004/1408/1003 1003/1406/1002 991/1400/990
f 993/1403/992 1005/1409/1004 1004/1408/1003 992/1402/991
f 986/1392/985 998/1410/997 942/1349/941
f 994/1394/993 1006/1411/1005 1005/1409/1004 993/1403/992
f 987/1391/986 999/1412/998 998/1410/997 986/1392/985
f 995/1393/994 1007/1413/1006 1006/1411/1005 994/1394/993
f 988/1395/987 1000/1414/999 999/1412/998 987/1391/986
f 996/1396/995 1008/1415/1007 1007/1413/1006 995/1393/994
f 989/1397/988 1001/1405/1000 1000/1414/999 988/1395/987
f 997/1398/996 1009/1416/1008 1008/1415/1007 996/1396/995
f 1005/1409/1004 1017/1417/1016 1016/1418/1015 1004/1408/1003
f 998/1410/997 1010/1419/1009 942/1349/941
f 1006/1411/1005 1018/1420/1017 1017/1417/1016 1005/1409/1004
f 999/1412/998 1011/1421/1010 1010/1419/1009 998/1410/997
f 1007/1413/1006 1019/1422/1018 1018/1420/1017 1006/1411/1005
f 1000/1414/999 1012/1423/1011 1011/1421/1010 999/1412/998
f 1008/1415/1007 1020/1424/1019 1019/1422/1018 1007/1413/1006
f 1001/1405/1000 1013/1425/1012 1012/1423/1011 1000/1414/999
f 1009/1416/1008 1021/1426/1020 1020/1424/1019 1008/1415/1007
f 1002/1404/1001 1014/1427/1013 1013/1425/1012 1001/1405/1000
f 1003/1406/1002 1015/1428/1014 1014/1429/1013 1002/1407/1001
f 1004/1408/1003 1016/1418/1015 1015/1428/1014 1003/1406/1002
f 1012/1423/1011 1024/1430/1023 1023/1431/1022 1011/1421/1010
f 1020/1424/1019 1032/1432/1031 1031/1433/1030 1019/1422/1018
f 1013/1425/1012 1025/1434/1024 1024/1430/1023 1012/1423/1011
f 1021/1426/1020 1033/1435/1032 1032/1432/1031 1020/1424/1019
f 1014/1427/1013 1026/1436/1025 1025/1434/1024 1013/1425/1012
f 1015/1428/1014 1027/1437/1026 1026/1438/1025 1014/1429/1013
f 1016/1418/1015 1028/1439/1027 1027/1437/1026 1015/1428/1014
f 1017/1417/1016 1029/1440/1028 1028/1439/1027 1016/1418/1015
f 1010/1419/1009 1022/1441/1021 942/1349/941
f 1018/1420/1017 1030/1442/1029 1029/1440/1028 1017/1417/1016
f 1011/1421/1010 1023/1431/1022 1022/1441/1021 1010/1419/1009
f 1019/1422/1018 1031/1433/1030 1030/1442/1029 1018/1420/1017
f 1027/1437/1026 1039/1443/1038 1038/1444/1037 1026/1438/1025
f 1028/1439/1027 1040/1445/1039 1039/1443/1038 1027/1437/1026
f 1029/1440/1028 1041/1446/1040 1040/1445/1039 1028/1439/1027
f 1022/1441/1021 1034/1447/1033 942/1349/941
f 1030/1442/1029 1042/1448/1041 1041/1446/1040 1029/1440/1028
f 1023/1431/1022 1035/1449/1034 1034/1447/1033 1022/1441/1021
f 1031/1433/1030 1043/1450/1042 1042/1448/1041 1030/1442/1029
f 1024/1430/1023 1036/1451/1035 1035/1449/1034 1023/1431/1022
f 1032/1432/1031 1044/1452/1043 1043/1450/1042 1031/1433/1030
f 1025/1434/1024 1037/1453/1036 1036/1451/1035 1024/1430/1023
f 1033/1435/1032 1045/1454/1044 1044/1452/1043 1032/1432/1031
f 1026/1436/1025 1038/1455/1037 1037/1453/1036 1025/1434/1024
f 1042/1448/1041 1054/1456/1053 1053/1457/1052 1041/1446/1040
f 1035/1449/1034 1047/1458/1046 1046/1459/1045 1034/1447/1033
f 1043/1450/1042 1055/1460/1054 1054/1456/1053 1042/1448/1041
f 1036/1451/1035 1048/1461/1047 1047/1458/1046 1035/1449/1034
f 1044/1452/1043 1056/1462/1055 1055/1460/1054 1043/1450/1042
f 1037/1453/1036 1049/1463/1048 1048/1461/1047 1036/1451/1035
f 1045/1454/1044 1057/1464/1056 1056/1462/1055 1044/1452/1043
f 1038/1455/1037 1050/1465/1049 1049/1463/1048 1037/1453/1036
f 1039/1466/1038 1051/1467/1050 1050/1465/1049 1038/1455/1037
f 1040/1445/1039 1052/1468/1051 1051/1469/1050 1039/1443/1038
f 1041/1446/1040 1053/1457/1052 1052/1468/1051 1040/1445/1039
f 1034/1447/1033 1046/1459/1045 942/1349/941
f 1049/1463/1048 1061/1470/1060 1060/1471/1059 1048/1461/1047
f 1057/1464/1056 1069/1472/1068 1068/1473/1067 1056/1462/1055
f 1050/1465/1049 1062/1474/1061 1061/1470/1060 1049/1463/1048
f 1051/1467/1050 1063/1475/1062 1062/1474/1061 1050/1465/1049
f 1052/1468/1051 1064/1476/1063 1063/1477/1062 1051/1469/1050
f 1053/1457/1052 1065/1478/1064 1064/1476/1063 1052/1468/1051
f 1046/1459/1045 1058/1479/1057 942/1349/941
f 1054/1456/1053 1066/1480/1065 1065/1478/1064 1053/1457/1052
f 1047/1458/1046 1059/1481/1058 1058/1479/1057 1046/1459/1045
f 1055/1460/1054 1067/1482/1066 1066/1480/1065 1054/1456/1053
f 1048/1461/1047 1060/1471/1059 1059/1481/1058 1047/1458/1046
f 1056/1462/1055 1068/1473/1067 1067/1482/1066 1055/1460/1054
f 1064/1483/1063 1076/1484/1075 1075/1485/1074 1063/1486/1062
f 1065/1487/1064 1077/1488/1076 1076/1484/1075 1064/1483/1063
f 1058/1479/1057 1070/1489/1069 942/1349/941
f 1066/1490/1065 1078/1491/1077 1077/1488/1076 1065/1487/1064
f 1059/1481/1058 1071/1492/1070 1070/1489/1069 1058/1479/1057
f 1067/1493/1066 1079/1494/1078 1078/1491/1077 1066/1490/1065
f 1060/1471/1059 1072/1495/1071 1071/1492/1070 1059/1481/1058
f 1068/1496/1067 1080/1497/1079 1079/1494/1078 1067/1493/1066
f 1061/1470/1060 1073/1498/1072 1072/1495/1071 1060/1471/1059
f 1069/1499/1068 1081/1500/1080 1080/1497/1079 1068/1496/1067
f 1062/1474/1061 1074/1501/1073 1073/1498/1072 1061/1470/1060
f 1063/1475/1062 1075/1502/1074 1074/1501/1073 1062/1474/1061
f 1079/1494/1078 1091/1503/1090 1090/1504/1089 1078/1491/1077
f 1072/1495/1071 1084/1505/1083 1083/1506/1082 1071/1492/1070
f 1080/1497/1079 1092/1507/1091 1091/1503/1090 1079/1494/1078
f 1073/1498/1072 1085/1508/1084 1084/1505/1083 1072/1495/1071
f 1081/1500/1080 1093/1509/1092 1092/1507/1091 1080/1497/1079
f 1074/1501/1073 1086/1510/1085 1085/1508/1084 1073/1498/1072
f 1075/1502/1074 1087/1511/1086 1086/1510/1085 1074/1501/1073
f 1076/1484/1075 1088/1512/1087 1087/1513/1086 1075/1485/1074
f 1077/1488/1076 1089/1514/1088 1088/1512/1087 1076/1484/1075
f 1070/1489/1069 1082/1515/1081 942/1349/941
f 1078/1491/1077 1090/1504/1089 1089/1514/1088 1077/1488/1076
f 1071/1492/1070 1083/1506/1082 1082/1515/1081 1070/1489/1069
f 1086/1510/1085 1098/1516/1097 1097/1517/1096 1085/1508/1084
f 1087/1513/1086 1099/1518/1098 1098/1519/1097 1086/1520/1085
f 1088/1512/1087 1100/1521/1099 1099/1518/1098 1087/1513/1086
f 1089/1514/1088 1101/1522/1100 1100/1521/1099 1088/1512/1087
f 1082/1515/1081 1094/1523/1093 942/1349/941
f 1090/1504/1089 1102/1524/1101 1101/1522/1100 1089/1514/1088
f 1083/1506/1082 1095/1525/1094 1094/1523/1093 1082/1515/1081
f 1091/1503/1090 1103/1526/1102 1102/1524/1101 1090/1504/1089
f 1084/1505/1083 1096/1527/1095 1095/1525/1094 1083/1506/1082
f 1092/1507/1091 1104/1528/1103 1103/1526/1102 1091/1503/1090
f 1085/1508/1084 1097/1517/1096 1096/1527/1095 1084/1505/1083
f 1093/1509/1092 1105/1529/1104 1104/1528/1103 1092/1507/1091
f 1101/1522/1100 1113/1530/1112 1112/1531/1111 1100/1521/1099
f 1094/1523/1093 1106/1532/1105 942/1349/941
f 1102/1524/1101 1114/1533/1113 1113/1530/1112 1101/1522/1100
f 1095/1525/1094 1107/1534/1106 1106/1532/1105 1094/1523/1093
f 1103/1526/1102 1115/1535/1114 1114/1533/1113 1102/1524/1101
f 1096/1527/1095 1108/1536/1107 1107/1534/1106 1095/1525/1094
f 1104/1528/1103 1116/1537/1115 1115/1535/1114 1103/1526/1102
f 1097/1517/1096 1109/1538/1108 1108/1536/1107 1096/1527/1095
f 1105/1529/1104 1117/1539/1116 1116/1537/1115 1104/1528/1103
f 1098/1516/1097 1110/1540/1109 1109/1538/1108 1097/1517/1096
f 1099/1518/1098 1111/1541/1110 1110/1542/1109 1098/1519/1097
f 1100/1521/1099 1112/1531/1111 1111/1541/1110 1099/1518/1098
f 1116/1537/1115 1128/1543/1127 1127/1544/1126 1115/1535/1114
f 1109/1538/1108 1121/1545/1120 1120/1546/1119 1108/1536/1107
f 1117/1539/1116 1129/1547/1128 1128/1543/1127 1116/1537/1115
f 1110/1540/1109 1122/1548/1121 1121/1545/1120 1109/1538/1108
f 1111/1541/1110 1123/1549/1122 1122/1550/1121 1110/1542/1109
f 1112/1531/1111 1124/1551/1123 1123/1549/1122 1111/1541/1110
f 1113/1530/1112 1125/1552/1124 1124/1551/1123 1112/1531/1111
f 1106/1532/1105 1118/1553/1117 942/1349/941
f 1114/1533/1113 1126/1554/1125 1125/1552/1124 1113/1530/1112
f 1107/1534/1106 1119/1555/1118 1118/1553/1117 1106/1532/1105
f 1115/1535/1114 1127/1544/1126 1126/1554/1125 1114/1533/1113
f 1108/1536/1107 1120/1546/1119 1119/1555/1118 1107/1534/1106
f 1123/1549/1122 1135/1556/1134 1134/1557/1133 1122/1550/1121
f 1124/1551/1123 1136/1558/1135 1135/1556/1134 1123/1549/1122
f 1125/1552/1124 1137/1559/1136 1136/1558/1135 1124/1551/1123
f 1118/1553/1117 1130/1560/1129 942/1349/941
f 1126/1554/1125 1138/1561/1137 1137/1559/1136 1125/1552/1124
f 1119/1555/1118 1131/1562/1130 1130/1560/1129 1118/1553/1117
f 1127/1544/1126 1139/1563/1138 1138/1561/1137 1126/1554/1125
f 1120/1546/1119 1132/1564/1131 1131/1562/1130 1119/1555/1118
f 1128/1543/1127 1140/1565/1139 1139/1563/1138 1127/1544/1126
f 1121/1545/1120 1133/1566/1132 1132/1564/1131 1120/1546/1119
f 1129/1547/1128 1141/1567/1140 1140/1565/1139 1128/1543/1127
f 1122/1548/1121 1134/1568/1133 1133/1566/1132 1121/1545/1120
f 1138/1561/1137 1150/1569/1149 1149/1570/1148 1137/1559/1136
f 1131/1562/1130 1143/1571/1142 1142/1572/1141 1130/1560/1129
f 1139/1563/1138 1151/1573/1150 1150/1569/1149 1138/1561/1137
f 1132/1564/1131 1144/1574/1143 1143/1571/1142 1131/1562/1130
f 1140/1565/1139 1152/1575/1151 1151/1573/1150 1139/1563/1138
f 1133/1566/1132 1145/1576/1144 1144/1574/1143 1132/1564/1131
f 1141/1567/1140 1153/1577/1152 1152/1575/1151 1140/1565/1139
f 1134/1568/1133 1146/1578/1145 1145/1576/1144 1133/1566/1132
f 1135/1556/1134 1147/1579/1146 1146/1580/1145 1134/1557/1133
f 1136/1558/1135 1148/1581/1147 1147/1579/1146 1135/1556/1134
f 1137/1559/1136 1149/1570/1148 1148/1581/1147 1136/1558/1135
f 1130/1560/1129 1142/1572/1141 942/1349/941
f 1153/1577/1152 1165/1582/1164 1164/1583/1163 1152/1575/1151
f 1146/1578/1145 1158/1584/1157 1157/1585/1156 1145/1576/1144
f 1147/1579/1146 1159/1586/1158 1158/1587/1157 1146/1580/1145
f 1148/1581/1147 1160/1588/1159 1159/1586/1158 1147/1579/1146
f 1149/1570/1148 1161/1589/1160 1160/1588/1159 1148/1581/1147
f 1142/1572/1141 1154/1590/1153 942/1349/941
f 1150/1569/1149 1162/1591/1161 1161/1589/1160 1149/1570/1148
f 1143/1571/1142 1155/1592/1154 1154/1590/1153 1142/1572/1141
f 1151/1573/1150 1163/1593/1162 1162/1591/1161 1150/1569/1149
f 1144/1574/1143 1156/1594/1155 1155/1592/1154 1143/1571/1142
f 1152/1575/1151 1164/1583/1163 1163/1593/1162 1151/1573/1150
f 1145/1576/1144 1157/1585/1156 1156/1594/1155 1144/1574/1143
f 1160/1588/1159 1172/1595/1171 1171/1596/1170 1159/1586/1158
f 1161/1589/1160 1173/1597/1172 1172/1595/1171 1160/1588/1159
f 1154/1590/1153 1166/1598/1165 942/1349/941
f 1162/1591/1161 1174/1599/1173 1173/1597/1172 1161/1589/1160
f 1155/1592/1154 1167/1600/1166 1166/1598/1165 1154/1590/1153
f 1163/1593/1162 1175/1601/1174 1174/1599/1173 1162/1591/1161
f 1156/1594/1155 1168/1602/1167 1167/1600/1166 1155/1592/1154
f 1164/1583/1163 1176/1603/1175 1175/1601/1174 1163/1593/1162
f 1157/1585/1156 1169/1604/1168 1168/1602/1167 1156/1594/1155
f 1165/1582/1164 1177/1605/1176 1176/1603/1175 1164/1583/1163
f 1158/1584/1157 1170/1606/1169 1169/1604/1168 1157/1585/1156
f 1159/1586/1158 1171/1596/1170 1170/1607/1169 1158/1587/1157
f 1175/1601/1174 1187/1608/1186 1186/1609/1185 1174/1599/1173
f 1168/1602/1167 1180/1610/1179 1179/1611/1178 1167/1600/1166
f 1176/1603/1175 1188/1612/1187 1187/1608/1186 1175/1601/1174
f 1169/1604/1168 1181/1613/1180 1180/1610/1179 1168/1602/1167
f 1177/1605/1176 1189/1614/1188 1188/1612/1187 1176/1603/1175
f 1170/1606/1169 1182/1615/1181 1181/1613/1180 1169/1604/1168
f 1171/1596/1170 1183/1616/1182 1182/1617/1181 1170/1607/1169
f 1172/1595/1171 1184/1618/1183 1183/1616/1182 1171/1596/1170
f 1173/1597/1172 1185/1619/1184 1184/1618/1183 1172/1595/1171
f 1166/1598/1165 1178/1620/1177 942/1349/941
f 1174/1599/1173 1186/1609/1185 1185/1619/1184 1173/1597/1172
f 1167/1600/1166 1179/1611/1178 1178/1620/1177 1166/1598/1165
f 1183/1616/1182 1195/1621/1194 1194/1622/1193 1182/1617/1181
f 1184/1618/1183 1196/1623/1195 1195/1621/1194 1183/1616/1182
f 1185/1619/1184 1197/1624/1196 1196/1623/1195 1184/1618/1183
f 1178/1620/1177 1190/1625/1189 942/1349/941
f 1186/1609/1185 1198/1626/1197 1197/1624/1196 1185/1619/1184
f 1179/1611/1178 1191/1627/1190 1190/1625/1189 1178/1620/1177
f 1187/1608/1186 1199/1628/1198 1198/1626/1197 1186/1609/1185
f 1180/1610/1179 1192/1629/1191 1191/1627/1190 1179/1611/1178
f 1188/1612/1187 1200/1630/1199 1199/1628/1198 1187/1608/1186
f 1181/1613/1180 1193/1631/1192 1192/1629/1191 1180/1610/1179
f 1189/1614/1188 1201/1632/1200 1200/1630/1199 1188/1612/1187
f 1182/1615/1181 1194/1633/1193 1193/1631/1192 1181/1613/1180
f 1197/1624/1196 1209/1634/1208 1208/1635/1207 1196/1623/1195
f 1190/1625/1189 1202/1636/1201 942/1349/941
f 1198/1626/1197 1210/1637/1209 1209/1634/1208 1197/1624/1196
f 1191/1627/1190 1203/1638/1202 1202/1636/1201 1190/1625/1189
f 1199/1628/1198 1211/1639/1210 1210/1637/1209 1198/1626/1197
f 1192/1629/1191 1204/1640/1203 1203/1638/1202 1191/1627/1190
f 1200/1630/1199 1212/1641/1211 1211/1639/1210 1199/1628/1198
f 1193/1631/1192 1205/1642/1204 1204/1640/1203 1192/1629/1191
f 1201/1632/1200 1213/1643/1212 1212/1641/1211 1200/1630/1199
f 1194/1633/1193 1206/1644/1205 1205/1642/1204 1193/1631/1192
f 1195/1645/1194 1207/1646/1206 1206/1644/1205 1194/1633/1193
f 1196/1623/1195 1208/1635/1207 1207/1647/1206 1195/1621/1194
f 1212/1641/1211 1224/1648/1223 1223/1649/1222 1211/1639/1210
f 1205/1642/1204 1217/1650/1216 1216/1651/1215 1204/1640/1203
f 1213/1643/1212 1225/1652/1224 1224/1648/1223 1212/1641/1211
f 1206/1644/1205 1218/1653/1217 1217/1650/1216 1205/1642/1204
f 1207/1646/1206 1219/1654/1218 1218/1653/1217 1206/1644/1205
f 1208/1635/1207 1220/1655/1219 1219/1656/1218 1207/1647/1206
f 1209/1634/1208 1221/1657/1220 1220/1655/1219 1208/1635/1207
f 1202/1636/1201 1214/1658/1213 942/1349/941
f 1210/1637/1209 1222/1659/1221 1221/1657/1220 1209/1634/1208
f 1203/1638/1202 1215/1660/1214 1214/1658/1213 1202/1636/1201
f 1211/1639/1210 1223/1649/1222 1222/1659/1221 1210/1637/1209
f 1204/1640/1203 1216/1651/1215 1215/1660/1214 1203/1638/1202
f 1220/1661/1219 1232/1662/1231 1231/1663/1230 1219/1654/1218
f 1221/1657/1220 1233/1664/1232 1232/1665/1231 1220/1655/1219
f 1214/1658/1213 1226/1666/1225 942/1349/941
f 1222/1659/1221 1234/1667/1233 1233/1664/1232 1221/1657/1220
f 1215/1660/1214 1227/1668/1226 1226/1666/1225 1214/1658/1213
f 1223/1649/1222 1235/1669/1234 1234/1667/1233 1222/1659/1221
f 1216/1651/1215 1228/1670/1227 1227/1668/1226 1215/1660/1214
f 1224/1648/1223 1236/1671/1235 1235/1669/1234 1223/1649/1222
f 1217/1650/1216 1229/1672/1228 1228/1670/1227 1216/1651/1215
f 1225/1652/1224 1237/1673/1236 1236/1671/1235 1224/1648/1223
f 1218/1653/1217 1230/1674/1229 1229/1672/1228 1217/1650/1216
f 1219/1654/1218 1231/1663/1230 1230/1674/1229 1218/1653/1217
f 1234/1667/1233 1246/1675/1245 1245/1676/1244 1233/1664/1232
f 1227/1668/1226 1239/1677/1238 1238/1678/1237 1226/1666/1225
f 1235/1679/1234 1247/1680/1246 1246/1681/1245 1234/1682/1233
f 1228/1670/1227 1240/1683/1239 1239/1677/1238 1227/1668/1226
f 1236/1684/1235 1248/1685/1247 1247/1680/1246 1235/1679/1234
f 1229/1672/1228 1241/1686/1240 1240/1683/1239 1228/1670/1227
f 1237/1687/1236 1249/1688/1248 1248/1685/1247 1236/1684/1235
f 1230/1674/1229 1242/1689/1241 1241/1686/1240 1229/1672/1228
f 1231/1663/1230 1243/1690/1242 1242/1689/1241 1230/1674/1229
f 1232/1662/1231 1244/1691/1243 1243/1690/1242 1231/1663/1230
f 1233/1692/1232 1245/1693/1244 1244/1691/1243 1232/1662/1231
f 1226/1666/1225 1238/1678/1237 942/1349/941
f 1249/1688/1248 1261/1694/1260 1260/1695/1259 1248/1685/1247
f 1242/1689/1241 1254/1696/1253 1253/1697/1252 1241/1686/1240
f 1243/1690/1242 1255/1698/1254 1254/1696/1253 1242/1689/1241
f 1244/1691/1243 1256/1699/1255 1255/1698/1254 1243/1690/1242
f 1245/1700/1244 1257/1701/1256 1256/1702/1255 1244/1703/1243
f 1238/1678/1237 1250/1704/1249 942/1349/941
f 1246/1681/1245 1258/1705/1257 1257/1701/1256 1245/1700/1244
f 1239/1677/1238 1251/1706/1250 1250/1704/1249 1238/1678/1237
f 1247/1680/1246 1259/1707/1258 1258/1705/1257 1246/1681/1245
f 1240/1683/1239 1252/1708/1251 1251/1706/1250 1239/1677/1238
f 1248/1685/1247 1260/1695/1259 1259/1707/1258 1247/1680/1246
f 1241/1686/1240 1253/1697/1252 1252/1708/1251 1240/1683/1239
f 1257/1701/1256 1269/1709/1268 1268/1710/1267 1256/1702/1255
f 1250/1704/1249 1262/1711/1261 942/1349/941
f 1258/1705/1257 1270/1712/1269 1269/1709/1268 1257/1701/1256
f 1251/1706/1250 1263/1713/1262 1262/1711/1261 1250/1704/1249
f 1259/1707/1258 1271/1714/1270 1270/1712/1269 1258/1705/1257
f 1252/1708/1251 1264/1715/1263 1263/1713/1262 1251/1706/1250
f 1260/1695/1259 1272/1716/1271 1271/1714/1270 1259/1707/1258
f 1253/1697/1252 1265/1717/1264 1264/1715/1263 1252/1708/1251
f 1261/1694/1260 1273/1718/1272 1272/1716/1271 1260/1695/1259
f 1254/1696/1253 1266/1719/1265 1265/1717/1264 1253/1697/1252
f 1255/1698/1254 1267/1720/1266 1266/1719/1265 1254/1696/1253
f 1256/1699/1255 1268/1721/1267 1267/1720/1266 1255/1698/1254
f 1271/1714/1270 1283/1722/1282 1282/1723/1281 1270/1712/1269
f 1264/1715/1263 1276/1724/1275 1275/1725/1274 1263/1713/1262
f 1272/1716/1271 1284/1726/1283 1283/1722/1282 1271/1714/1270
f 1265/1717/1264 1277/1727/1276 1276/1724/1275 1264/1715/1263
f 1273/1718/1272 1285/1728/1284 1284/1726/1283 1272/1716/1271
f 1266/1719/1265 1278/1729/1277 1277/1727/1276 1265/1717/1264
f 1267/1720/1266 1279/1730/1278 1278/1729/1277 1266/1719/1265
f 1268/1721/1267 1280/1731/1279 1279/1730/1278 1267/1720/1266
f 1269/1709/1268 1281/1732/1280 1280/1733/1279 1268/1710/1267
f 1262/1711/1261 1274/1734/1273 942/1349/941
f 1270/1712/1269 1282/1723/1281 1281/1732/1280 1269/1709/1268
f 1263/1713/1262 1275/1725/1274 1274/1734/1273 1262/1711/1261
f 1279/1730/1278 1291/1735/1290 1290/1736/1289 1278/1729/1277
f 1280/1731/1279 1292/1737/1291 1291/1735/1290 1279/1730/1278
f 1281/1732/1280 1293/1738/1292 1292/1739/1291 1280/1733/1279
f 1274/1734/1273 1286/1740/1285 942/1349/941
f 1282/1723/1281 1294/1741/1293 1293/1738/1292 1281/1732/1280
f 1275/1725/1274 1287/1742/1286 1286/1740/1285 1274/1734/1273
f 1283/1722/1282 1295/1743/1294 1294/1741/1293 1282/1723/1281
f 1276/1724/1275 1288/1744/1287 1287/1742/1286 1275/1725/1274
f 1284/1726/1283 1296/1745/1295 1295/1743/1294 1283/1722/1282
f 1277/1727/1276 1289/1746/1288 1288/1744/1287 1276/1724/1275
f 1285/1728/1284 1297/1747/1296 1296/1745/1295 1284/1726/1283
f 1278/1729/1277 1290/1736/1289 1289/1746/1288 1277/1727/1276
f 1286/1740/1285 1298/1748/1297 942/1349/941
f 1294/1741/1293 1306/1749/1305 1305/1750/1304 1293/1738/1292
f 1287/1742/1286 1299/1751/1298 1298/1748/1297 1286/1740/1285
f 1295/1743/1294 1307/1752/1306 1306/1749/1305 1294/1741/1293
f 1288/1744/1287 1300/1753/1299 1299/1751/1298 1287/1742/1286
f 1296/1745/1295 1308/1754/1307 1307/1752/1306 1295/1743/1294
f 1289/1746/1288 1301/1755/1300 1300/1753/1299 1288/1744/1287
f 1297/1747/1296 1309/1756/1308 1308/1754/1307 1296/1745/1295
f 1290/1736/1289 1302/1757/1301 1301/1755/1300 1289/1746/1288
f 1291/1735/1290 1303/1758/1302 1302/1757/1301 1290/1736/1289
f 1292/1737/1291 1304/1759/1303 1303/1758/1302 1291/1735/1290
f 1293/1738/1292 1305/1750/1304 1304/1760/1303 1292/1739/1291
f 1308/1754/1307 1320/1761/1319 1319/1762/1318 1307/1752/1306
f 1301/1755/1300 1313/1763/1312 1312/1764/1311 1300/1753/1299
f 1309/1756/1308 1321/1765/1320 1320/1761/1319 1308/1754/1307
f 1302/1757/1301 1314/1766/1313 1313/1763/1312 1301/1755/1300
f 1303/1758/1302 1315/1767/1314 1314/1766/1313 1302/1757/1301
f 1304/1759/1303 1316/1768/1315 1315/1767/1314 1303/1758/1302
f 1305/1750/1304 1317/1769/1316 1316/1770/1315 1304/1760/1303
f 1298/1748/1297 1310/1771/1309 942/1349/941
f 1306/1749/1305 1318/1772/1317 1317/1769/1316 1305/1750/1304
f 1299/1751/1298 1311/1773/1310 1310/1771/1309 1298/1748/1297
f 1307/1752/1306 1319/1762/1318 1318/1772/1317 1306/1749/1305
f 1300/1753/1299 1312/1764/1311 1311/1773/1310 1299/1751/1298
f 1316/1768/1315 1328/1774/1327 1327/1775/1326 1315/1767/1314
f 1317/1769/1316 1329/1776/1328 1328/1777/1327 1316/1770/1315
f 1310/1771/1309 1322/1778/1321 942/1349/941
f 1318/1772/1317 1330/1779/1329 1329/1776/1328 1317/1769/1316
f 1311/1773/1310 1323/1780/1322 1322/1778/1321 1310/1771/1309
f 1319/1762/1318 1331/1781/1330 1330/1779/1329 1318/1772/1317
f 1312/1764/1311 1324/1782/1323 1323/1780/1322 1311/1773/1310
f 1320/1761/1319 1332/1783/1331 1331/1781/1330 1319/1762/1318
f 1313/1763/1312 1325/1784/1324 1324/1782/1323 1312/1764/1311
f 1321/1765/1320 1333/1785/1332 1332/1783/1331 1320/1761/1319
f 1314/1766/1313 1326/1786/1325 1325/1784/1324 1313/1763/1312
f 1315/1767/1314 1327/1775/1326 1326/1786/1325 1314/1766/1313
f 1323/1780/1322 1335/1787/1334 1334/1788/1333 1322/1778/1321
f 1331/1781/1330 1343/1789/1342 1342/1790/1341 1330/1779/1329
f 1324/1782/1323 1336/1791/1335 1335/1787/1334 1323/1780/1322
f 1332/1783/1331 1344/1792/1343 1343/1789/1342 1331/1781/1330
f 1325/1784/1324 1337/1793/1336 1336/1791/1335 1324/1782/1323
f 1333/1785/1332 1345/1794/1344 1344/1792/1343 1332/1783/1331
f 1326/1786/1325 1338/1795/1337 1337/1793/1336 1325/1784/1324
f 1327/1775/1326 1339/1796/1338 1338/1795/1337 1326/1786/1325
f 1328/1774/1327 1340/1797/1339 1339/1796/1338 1327/1775/1326
f 1329/1776/1328 1341/1798/1340 1340/1799/1339 1328/1777/1327
f 1322/1778/1321 1334/1788/1333 942/1349/941
f 1330/1779/1329 1342/1790/1341 1341/1798/1340 1329/1776/1328
f 1345/1794/1344 1357/1800/1356 1356/1801/1355 1344/1792/1343
f 1338/1795/1337 1350/1802/1349 1349/1803/1348 1337/1793/1336
f 1339/1796/1338 1351/1804/1350 1350/1802/1349 1338/1795/1337
f 1340/1797/1339 1352/1805/1351 1351/1804/1350 1339/1796/1338
f 1341/1798/1340 1353/1806/1352 1352/1807/1351 1340/1799/1339
f 1334/1788/1333 1346/1808/1345 942/1349/941
f 1342/1790/1341 1354/1809/1353 1353/1806/1352 1341/1798/1340
f 1335/1787/1334 1347/1810/1346 1346/1808/1345 1334/1788/1333
f 1343/1789/1342 1355/1811/1354 1354/1809/1353 1342/1790/1341
f 1336/1791/1335 1348/1812/1347 1347/1810/1346 1335/1787/1334
f 1344/1792/1343 1356/1801/1355 1355/1811/1354 1343/1789/1342
f 1337/1793/1336 1349/1803/1348 1348/1812/1347 1336/1791/1335
f 1355/1811/1354 1367/1813/1366 1366/1814/1365 1354/1809/1353
f 1348/1812/1347 1360/1815/1359 1359/1816/1358 1347/1810/1346
f 1356/1801/1355 1368/1817/1367 1367/1813/1366 1355/1811/1354
f 1349/1803/1348 1361/1818/1360 1360/1815/1359 1348/1812/1347
f 1357/1800/1356 1369/1819/1368 1368/1817/1367 1356/1801/1355
f 1350/1802/1349 1362/1820/1361 1361/1818/1360 1349/1803/1348
f 1351/1804/1350 1363/1821/1362 1362/1820/1361 1350/1802/1349
f 1352/1805/1351 1364/1822/1363 1363/1821/1362 1351/1804/1350
f 1353/1806/1352 1365/1823/1364 1364/1824/1363 1352/1807/1351
f 1346/1808/1345 1358/1825/1357 942/1349/941
f 1354/1809/1353 1366/1814/1365 1365/1823/1364 1353/1806/1352
f 1347/1810/1346 1359/1816/1358 1358/1825/1357 1346/1808/1345
f 1363/1821/1362 1375/1826/1374 1374/1827/1373 1362/1820/1361
f 1364/1822/1363 1376/1828/1375 1375/1826/1374 1363/1821/1362
f 1365/1829/1364 1377/1830/1376 1376/1828/1375 1364/1822/1363
f 1358/1825/1357 1370/1831/1369 942/1349/941
f 1366/1814/1365 1378/1832/1377 1377/1833/1376 1365/1823/1364
f 1359/1816/1358 1371/1834/1370 1370/1831/1369 1358/1825/1357
f 1367/1813/1366 1379/1835/1378 1378/1832/1377 1366/1814/1365
f 1360/1815/1359 1372/1836/1371 1371/1834/1370 1359/1816/1358
f 1368/1817/1367 1380/1837/1379 1379/1835/1378 1367/1813/1366
f 1361/1818/1360 1373/1838/1372 1372/1836/1371 1360/1815/1359
f 1369/1819/1368 1381/1839/1380 1380/1837/1379 1368/1817/1367
f 1362/1820/1361 1374/1827/1373 1373/1838/1372 1361/1818/1360
f 1370/1831/1369 1382/1840/1381 942/1349/941
f 1378/1832/1377 1390/1841/1389 1389/1842/1388 1377/1833/1376
f 1371/1834/1370 1383/1843/1382 1382/1840/1381 1370/1831/1369
f 1379/1835/1378 1391/1844/1390 1390/1841/1389 1378/1832/1377
f 1372/1836/1371 1384/1845/1383 1383/1843/1382 1371/1834/1370
f 1380/1837/1379 1392/1846/1391 1391/1844/1390 1379/1835/1378
f 1373/1838/1372 1385/1847/1384 1384/1845/1383 1372/1836/1371
f 1381/1839/1380 1393/1848/1392 1392/1846/1391 1380/1837/1379
f 1374/1827/1373 1386/1849/1385 1385/1847/1384 1373/1838/1372
f 1375/1826/1374 1387/1850/1386 1386/1849/1385 1374/1827/1373
f 1376/1828/1375 1388/1851/1387 1387/1850/1386 1375/1826/1374
f 1377/1830/1376 1389/1852/1388 1388/1851/1387 1376/1828/1375
f 1392/1853/1391 1404/1854/1403 1403/1855/1402 1391/1856/1390
f 1385/1847/1384 1397/1857/1396 1396/1858/1395 1384/1845/1383
f 1393/1859/1392 1405/1860/1404 1404/1854/1403 1392/1853/1391
f 1386/1849/1385 1398/1861/1397 1397/1857/1396 1385/1847/1384
f 1387/1850/1386 1399/1862/1398 1398/1861/1397 1386/1849/1385
f 1388/1851/1387 1400/1863/1399 1399/1862/1398 1387/1850/1386
f 1389/1852/1388 1401/1864/1400 1400/1863/1399 1388/1851/1387
f 1382/1840/1381 1394/1865/1393 942/1349/941
f 1390/1866/1389 1402/1867/1401 1401/1868/1400 1389/1869/1388
f 1383/1843/1382 1395/1870/1394 1394/1865/1393 1382/1840/1381
f 1391/1856/1390 1403/1855/1402 1402/1867/1401 1390/1866/1389
f 1384/1845/1383 1396/1858/1395 1395/1870/1394 1383/1843/1382
f 1400/1863/1399 1412/1871/1411 1411/1872/1410 1399/1862/1398
f 1401/1864/1400 1413/1873/1412 1412/1871/1411 1400/1863/1399
f 1394/1865/1393 1406/1874/1405 942/1349/941
f 1402/1867/1401 1414/1875/1413 1413/1876/1412 1401/1868/1400
f 1395/1870/1394 1407/1877/1406 1406/1874/1405 1394/1865/1393
f 1403/1855/1402 1415/1878/1414 1414/1875/1413 1402/1867/1401
f 1396/1858/1395 1408/1879/1407 1407/1877/1406 1395/1870/1394
f 1404/1854/1403 1416/1880/1415 1415/1878/1414 1403/1855/1402
f 1397/1857/1396 1409/1881/1408 1408/1879/1407 1396/1858/1395
f 1405/1860/1404 1417/1882/1416 1416/1880/1415 1404/1854/1403
f 1398/1861/1397 1410/1883/1409 1409/1881/1408 1397/1857/1396
f 1399/1862/1398 1411/1872/1410 1410/1883/1409 1398/1861/1397
f 1407/1877/1406 1419/1884/1418 1418/1885/1417 1406/1874/1405
f 1415/1878/1414 1427/1886/1426 1426/1887/1425 1414/1875/1413
f 1408/1879/1407 1420/1888/1419 1419/1884/1418 1407/1877/1406
f 1416/1880/1415 1428/1889/1427 1427/1886/1426 1415/1878/1414
f 1409/1881/1408 1421/1890/1420 1420/1888/1419 1408/1879/1407
f 1417/1882/1416 1429/1891/1428 1428/1889/1427 1416/1880/1415
f 1410/1883/1409 1422/1892/1421 1421/1890/1420 1409/1881/1408
f 1411/1872/1410 1423/1893/1422 1422/1892/1421 1410/1883/1409
f 1412/1871/1411 1424/1894/1423 1423/1893/1422 1411/1872/1410
f 1413/1873/1412 1425/1895/1424 1424/1894/1423 1412/1871/1411
f 1406/1874/1405 1418/1885/1417 942/1349/941
f 1414/1875/1413 1426/1887/1425 1425/1896/1424 1413/1876/1412
f 1429/1891/1428 1441/1897/1440 1440/1898/1439 1428/1889/1427
f 1422/1892/1421 1434/1899/1433 1433/1900/1432 1421/1890/1420
f 1423/1893/1422 1435/1901/1434 1434/1899/1433 1422/1892/1421
f 1424/1894/1423 1436/1902/1435 1435/1901/1434 1423/1893/1422
f 1425/1895/1424 1437/1903/1436 1436/1902/1435 1424/1894/1423
f 1418/1885/1417 1430/1904/1429 942/1349/941
f 1426/1887/1425 1438/1905/1437 1437/1906/1436 1425/1896/1424
f 1419/1884/1418 1431/1907/1430 1430/1904/1429 1418/1885/1417
f 1427/1886/1426 1439/1908/1438 1438/1905/1437 1426/1887/1425
f 1420/1888/1419 1432/1909/1431 1431/1907/1430 1419/1884/1418
f 1428/1889/1427 1440/1898/1439 1439/1908/1438 1427/1886/1426
f 1421/1890/1420 1433/1900/1432 1432/1909/1431 1420/1888/1419
f 1437/1903/1436 1449/1910/1448 1448/1911/1447 1436/1902/1435
f 1430/1904/1429 1442/1912/1441 942/1349/941
f 1438/1905/1437 1450/1913/1449 1449/1914/1448 1437/1906/1436
f 1431/1907/1430 1443/1915/1442 1442/1912/1441 1430/1904/1429
f 1439/1908/1438 1451/1916/1450 1450/1913/1449 1438/1905/1437
f 1432/1909/1431 1444/1917/1443 1443/1915/1442 1431/1907/1430
f 1440/1898/1439 1452/1918/1451 1451/1916/1450 1439/1908/1438
f 1433/1900/1432 1445/1919/1444 1444/1917/1443 1432/1909/1431
f 1441/1897/1440 1453/1920/1452 1452/1918/1451 1440/1898/1439
f 1434/1899/1433 1446/1921/1445 1445/1919/1444 1433/1900/1432
f 1435/1901/1434 1447/1922/1446 1446/1921/1445 1434/1899/1433
f 1436/1902/1435 1448/1911/1447 1447/1922/1446 1435/1901/1434
f 1444/1917/1443 1456/1923/1455 1455/1924/1454 1443/1915/1442
f 1452/1918/1451 1464/1925/1463 1463/1926/1462 1451/1916/1450
f 1445/1919/1444 1457/1927/1456 1456/1923/1455 1444/1917/1443
f 1453/1920/1452 1465/1928/1464 1464/1925/1463 1452/1918/1451
f 1446/1921/1445 1458/1929/1457 1457/1927/1456 1445/1919/1444
f 1447/1922/1446 1459/1930/1458 1458/1929/1457 1446/1921/1445
f 1448/1911/1447 1460/1931/1459 1459/1930/1458 1447/1922/1446
f 1449/1910/1448 1461/1932/1460 1460/1931/1459 1448/1911/1447
f 1442/1912/1441 1454/1933/1453 942/1349/941
f 1450/1913/1449 1462/1934/1461 1461/1935/1460 1449/1914/1448
f 1443/1915/1442 1455/1924/1454 1454/1933/1453 1442/1912/1441
f 1451/1916/1450 1463/1926/1462 1462/1934/1461 1450/1913/1449
f 1459/1930/1458 1471/1936/1470 1470/1937/1469 1458/1929/1457
f 1460/1931/1459 1472/1938/1471 1471/1936/1470 1459/1930/1458
f 1461/1932/1460 1473/1939/1472 1472/1938/1471 1460/1931/1459
f 1454/1933/1453 1466/1940/1465 942/1349/941
f 1462/1934/1461 1474/1941/1473 1473/1942/1472 1461/1935/1460
f 1455/1924/1454 1467/1943/1466 1466/1940/1465 1454/1933/1453
f 1463/1926/1462 1475/1944/1474 1474/1941/1473 1462/1934/1461
f 1456/1923/1455 1468/1945/1467 1467/1943/1466 1455/1924/1454
f 1464/1925/1463 1476/1946/1475 1475/1944/1474 1463/1926/1462
f 1457/1927/1456 1469/1947/1468 1468/1945/1467 1456/1923/1455
f 1465/1928/1464 1477/1948/1476 1476/1946/1475 1464/1925/1463
f 1458/1929/1457 1470/1937/1469 1469/1947/1468 1457/1927/1456
f 1466/1940/1465 1478/1949/1477 942/1349/941
f 1474/1941/1473 1486/1950/1485 1485/1951/1484 1473/1942/1472
f 1467/1943/1466 1479/1952/1478 1478/1949/1477 1466/1940/1465
f 1475/1944/1474 1487/1953/1486 1486/1950/1485 1474/1941/1473
f 1468/1945/1467 1480/1954/1479 1479/1952/1478 1467/1943/1466
f 1476/1946/1475 1488/1955/1487 1487/1953/1486 1475/1944/1474
f 1469/1947/1468 1481/1956/1480 1480/1954/1479 1468/1945/1467
f 1477/1948/1476 1489/1957/1488 1488/1955/1487 1476/1946/1475
f 1470/1937/1469 1482/1958/1481 1481/1956/1480 1469/1947/1468
f 1471/1936/1470 1483/1959/1482 1482/1958/1481 1470/1937/1469
f 1472/1938/1471 1484/1960/1483 1483/1959/1482 1471/1936/1470
f 1473/1939/1472 1485/1961/1484 1484/1960/1483 1472/1938/1471
f 1481/1956/1480 1493/1962/1492 1492/1963/1491 1480/1954/1479
f 1489/1957/1488 1501/1964/1500 1500/1965/1499 1488/1955/1487
f 1482/1958/1481 1494/1966/1493 1493/1962/1492 1481/1956/1480
f 1483/1959/1482 1495/1967/1494 1494/1966/1493 1482/1958/1481
f 1484/1960/1483 1496/1968/1495 1495/1967/1494 1483/1959/1482
f 1485/1969/1484 1497/1970/1496 1496/1971/1495 1484/1972/1483
f 1478/1949/1477 1490/1973/1489 942/1349/941
f 1486/1974/1485 1498/1975/1497 1497/1970/1496 1485/1969/1484
f 1479/1952/1478 1491/1976/1490 1490/1973/1489 1478/1949/1477
f 1487/1977/1486 1499/1978/1498 1498/1975/1497 1486/1974/1485
f 1480/1954/1479 1492/1963/1491 1491/1976/1490 1479/1952/1478
f 1488/1955/1487 1500/1965/1499 1499/1979/1498 1487/1953/1486
f 1496/1971/1495 1508/1980/1507 1507/1981/1506 1495/1982/1494
f 1497/1970/1496 1509/1983/1508 1508/1980/1507 1496/1971/1495
f 1490/1973/1489 1502/1984/1501 942/1349/941
f 1498/1975/1497 1510/1985/1509 1509/1983/1508 1497/1970/1496
f 1491/1976/1490 1503/1986/1502 1502/1984/1501 1490/1973/1489
f 1499/1978/1498 1511/1987/1510 1510/1985/1509 1498/1975/1497
f 1492/1963/1491 1504/1988/1503 1503/1986/1502 1491/1976/1490
f 1500/1989/1499 1512/1990/1511 1511/1987/1510 1499/1978/1498
f 1493/1962/1492 1505/1991/1504 1504/1988/1503 1492/1963/1491
f 1501/1992/1500 1513/1993/1512 1512/1990/1511 1500/1989/1499
f 1494/1966/1493 1506/1994/1505 1505/1991/1504 1493/1962/1492
f 1495/1967/1494 1507/1995/1506 1506/1994/1505 1494/1966/1493
f 1503/1986/1502 944/1352/943 943/1347/942 1502/1984/1501
f 1511/1987/1510 1517/1354/1516 948/1350/947 1510/1985/1509
f 1504/1988/1503 945/1356/944 944/1352/943 1503/1986/1502
f 1512/1990/1511 949/1358/948 1517/1354/1516 1511/1987/1510
f 1505/1991/1504 946/1360/945 945/1356/944 1504/1988/1503
f 1513/1993/1512 1518/1362/1517 949/1358/948 1512/1990/1511
f 1506/1994/1505 947/1340/946 946/1360/945 1505/1991/1504
f 1507/1995/1506 1514/1337/1513 947/1340/946 1506/1994/1505
f 1508/1980/1507 1515/1341/1514 1514/1344/1513 1507/1981/1506
f 1509/1983/1508 1516/1345/1515 1515/1341/1514 1508/1980/1507
f 1502/1984/1501 943/1347/942 942/1349/941
f 1510/1985/1509 948/1350/947 1516/1345/1515 1509/1983/1508
f 384/1996/384 396/1997/396 973/1998/972 961/1999/960
f 396/1997/396 408/2000/408 985/2001/984 973/1998/972
f 408/2000/408 420/2002/420 997/2003/996 985/2001/984
f 420/2002/420 432/2004/432 1009/2005/1008 997/2003/996
f 432/2004/432 444/2006/444 1021/2007/1020 1009/2005/1008
f 444/2006/444 456/2008/456 1033/2009/1032 1021/2007/1020
f 456/2008/456 468/2010/468 1045/2011/1044 1033/2009/1032
f 468/2010/468 480/2012/480 1057/2013/1056 1045/2011/1044
f 480/2012/480 492/2014/492 1069/2015/1068 1057/2013/1056
f 492/2014/492 504/2016/504 1081/2017/1080 1069/2015/1068
f 504/2016/504 516/2018/516 1093/2019/1092 1081/2017/1080
f 516/2018/516 528/2020/528 1105/2021/1104 1093/2019/1092
f 528/2020/528 540/2022/540 1117/2023/1116 1105/2021/1104
f 540/2022/540 552/2024/552 1129/2025/1128 1117/2023/1116
f 552/2024/552 564/2026/564 1141/2027/1140 1129/2025/1128
f 564/2026/564 576/2028/576 1153/2029/1152 1141/2027/1140
f 576/2028/576 588/2030/588 1165/2031/1164 1153/2029/1152
f 588/2030/588 600/2032/600 1177/2033/1176 1165/2031/1164
f 600/2032/600 612/2034/612 1189/2035/1188 1177/2033/1176
f 612/2034/612 624/2036/624 1201/2037/1200 1189/2035/1188
f 624/2036/624 636/2038/636 1213/2039/1212 1201/2037/1200
f 636/2038/636 648/2040/648 1225/2041/1224 1213/2039/1212
f 648/2040/648 660/2042/660 1237/2043/1236 1225/2041/1224
f 660/2042/660 672/2044/672 1249/2045/1248 1237/2043/1236
f 672/2044/672 684/2046/684 1261/2047/1260 1249/2045/1248
f 684/2046/684 696/2048/696 1273/2049/1272 1261/2047/1260
f 696/2048/696 708/2050/708 1285/2051/1284 1273/2049/1272
f 708/2050/708 720/2052/720 1297/2053/1296 1285/2051/1284
f 720/2052/720 732/2054/732 1309/2055/1308 1297/2053/1296
f 732/2054/732 744/2056/744 1321/2057/1320 1309/2055/1308
f 744/2056/744 756/2058/756 1333/2059/1332 1321/2057/1320
f 756/2058/756 768/2060/768 1345/2061/1344 1333/2059/1332
f 768/2060/768 780/2062/780 1357/2063/1356 1345/2061/1344
f 780/2062/780 792/2064/792 1369/2065/1368 1357/2063/1356
f 792/2064/792 804/2066/803 1381/2067/1380 1369/2065/1368
f 804/2066/803 816/2068/815 1393/2069/1392 1381/2067/1380
f 816/2068/815 828/2070/827 1405/2071/1404 1393/2069/1392
f 828/2070/827 840/2072/839 1417/2073/1416 1405/2071/1404
f 840/2072/839 852/2074/851 1429/2075/1428 1417/2073/1416
f 852/2074/851 864/2076/863 1441/2077/1440 1429/2075/1428
f 864/2076/863 876/2078/875 1453/2079/1452 1441/2077/1440
f 876/2078/875 888/2080/887 1465/2081/1464 1453/2079/1452
f 888/2080/887 900/2082/899 1477/2083/1476 1465/2081/1464
f 900/2082/899 912/2084/911 1489/2085/1488 1477/2083/1476
f 912/2084/911 924/2086/923 1501/2087/1500 1489/2085/1488
f 924/2086/923 936/2088/935 1513/2089/1512 1501/2087/1500
f 936/2088/935 941/2090/940 1518/2091/1517 1513/2089/1512
f 941/2090/940 384/1996/384 961/1999/960 1518/2091/1517
usemtl M_LampInner
f 1522/2092/1519 1530/2093/951 1529/2094/950 1521/2095/1518
f 1527/2096/1524 1538/2097/1529 1537/2098/1528 2094/2099/1516
f 2092/2100/945 1531/2101/952 1530/2093/951 1522/2092/1519
f 2095/2102/1837 1539/2103/1530 1538/2097/1529 1527/2096/1524
f 1523/2104/1520 1532/2105/953 1531/2101/952 2092/2100/945
f 1524/2106/1521 1533/2107/1526 1532/2105/953 1523/2104/1520
f 1525/2108/1522 1534/2109/1527 1533/2110/1526 1524/2111/1521
f 2093/2112/1836 1535/2113/956 1534/2109/1527 1525/2108/1522
f 1520/2114/942 1528/2115/1525 1519/2116/941
f 1526/2117/1523 1536/2118/957 1535/2113/956 2093/2112/1836
f 1521/2095/1518 1529/2094/950 1528/2115/1525 1520/2114/942
f 2094/2099/1516 1537/2098/1528 1536/2118/957 1526/2117/1523
f 1528/2115/1525 1540/2119/1531 1519/2116/941
f 1536/2118/957 1548/2120/969 1547/2121/968 1535/2113/956
f 1529/2094/950 1541/2122/962 1540/2119/1531 1528/2115/1525
f 1537/2098/1528 1549/2123/1535 1548/2120/969 1536/2118/957
f 1530/2093/951 1542/2124/1532 1541/2122/962 1529/2094/950
f 1538/2097/1529 1550/2125/1536 1549/2123/1535 1537/2098/1528
f 1531/2101/952 1543/2126/964 1542/2124/1532 1530/2093/951
f 1539/2103/1530 1551/2127/1537 1550/2125/1536 1538/2097/1529
f 1532/2105/953 1544/2128/1533 1543/2126/964 1531/2101/952
f 1533/2110/1526 1545/2129/1534 1544/2130/1533 1532/2131/953
f 1534/2109/1527 1546/2132/967 1545/2129/1534 1533/2110/1526
f 1535/2113/956 1547/2121/968 1546/2132/967 1534/2109/1527
f 1543/2126/964 1555/2133/1540 1554/2134/975 1542/2124/1532
f 1551/2127/1537 1563/2135/1544 1562/2136/1543 1550/2125/1536
f 1544/2128/1533 1556/2137/977 1555/2133/1540 1543/2126/964
f 1545/2129/1534 1557/2138/1541 1556/2139/977 1544/2130/1533
f 1546/2132/967 1558/2140/979 1557/2138/1541 1545/2129/1534
f 1547/2121/968 1559/2141/980 1558/2140/979 1546/2132/967
f 1540/2119/1531 1552/2142/1538 1519/2116/941
f 1548/2120/969 1560/2143/1542 1559/2141/980 1547/2121/968
f 1541/2122/962 1553/2144/1539 1552/2142/1538 1540/2119/1531
f 1549/2123/1535 1561/2145/982 1560/2143/1542 1548/2120/969
f 1542/2124/1532 1554/2134/975 1553/2144/1539 1541/2122/962
f 1550/2125/1536 1562/2136/1543 1561/2145/982 1549/2123/1535
f 1558/2140/979 1570/2146/991 1569/2147/1548 1557/2138/1541
f 1559/2141/980 1571/2148/992 1570/2146/991 1558/2140/979
f 1552/2142/1538 1564/2149/1545 1519/2116/941
f 1560/2143/1542 1572/2150/1549 1571/2148/992 1559/2141/980
f 1553/2144/1539 1565/2151/1546 1564/2149/1545 1552/2142/1538
f 1561/2145/982 1573/2152/994 1572/2150/1549 1560/2143/1542
f 1554/2134/975 1566/2153/987 1565/2151/1546 1553/2144/1539
f 1562/2136/1543 1574/2154/1550 1573/2152/994 1561/2145/982
f 1555/2133/1540 1567/2155/1547 1566/2153/987 1554/2134/975
f 1563/2135/1544 1575/2156/1551 1574/2154/1550 1562/2136/1543
f 1556/2137/977 1568/2157/989 1567/2155/1547 1555/2133/1540
f 1557/2138/1541 1569/2147/1548 1568/2158/989 1556/2139/977
f 1565/2151/1546 1577/2159/1553 1576/2160/1552 1564/2149/1545
f 1573/2152/994 1585/2161/1006 1584/2162/1005 1572/2150/1549
f 1566/2153/987 1578/2163/999 1577/2159/1553 1565/2151/1546
f 1574/2154/1550 1586/2164/1556 1585/2161/1006 1573/2152/994
f 1567/2155/1547 1579/2165/1000 1578/2163/999 1566/2153/987
f 1575/2156/1551 1587/2166/1557 1586/2164/1556 1574/2154/1550
f 1568/2157/989 1580/2167/1554 1579/2165/1000 1567/2155/1547
f 1569/2147/1548 1581/2168/1555 1580/2169/1554 1568/2158/989
f 1570/2146/991 1582/2170/1003 1581/2168/1555 1569/2147/1548
f 1571/2148/992 1583/2171/1004 1582/2170/1003 1570/2146/991
f 1564/2149/1545 1576/2160/1552 1519/2116/941
f 1572/2150/1549 1584/2162/1005 1583/2171/1004 1571/2148/992
f 1580/2167/1554 1592/2172/1559 1591/2173/1012 1579/2165/1000
f 1581/2168/1555 1593/2174/1560 1592/2175/1559 1580/2169/1554
f 1582/2170/1003 1594/2176/1561 1593/2174/1560 1581/2168/1555
f 1583/2171/1004 1595/2177/1562 1594/2176/1561 1582/2170/1003
f 1576/2160/1552 1588/2178/1558 1519/2116/941
f 1584/2162/1005 1596/2179/1017 1595/2177/1562 1583/2171/1004
f 1577/2159/1553 1589/2180/1010 1588/2178/1558 1576/2160/1552
f 1585/2161/1006 1597/2181/1018 1596/2179/1017 1584/2162/1005
f 1578/2163/999 1590/2182/1011 1589/2180/1010 1577/2159/1553
f 1586/2164/1556 1598/2183/1563 1597/2181/1018 1585/2161/1006
f 1579/2165/1000 1591/2173/1012 1590/2182/1011 1578/2163/999
f 1587/2166/1557 1599/2184/1564 1598/2183/1563 1586/2164/1556
f 1595/2177/1562 1607/2185/1570 1606/2186/1027 1594/2176/1561
f 1588/2178/1558 1600/2187/1565 1519/2116/941
f 1596/2179/1017 1608/2188/1571 1607/2185/1570 1595/2177/1562
f 1589/2180/1010 1601/2189/1566 1600/2187/1565 1588/2178/1558
f 1597/2181/1018 1609/2190/1030 1608/2188/1571 1596/2179/1017
f 1590/2182/1011 1602/2191/1567 1601/2189/1566 1589/2180/1010
f 1598/2183/1563 1610/2192/1572 1609/2190/1030 1597/2181/1018
f 1591/2173/1012 1603/2193/1568 1602/2191/1567 1590/2182/1011
f 1599/2184/1564 1611/2194/1573 1610/2192/1572 1598/2183/1563
f 1592/2172/1559 1604/2195/1025 1603/2193/1568 1591/2173/1012
f 1593/2174/1560 1605/2196/1569 1604/2197/1025 1592/2175/1559
f 1594/2176/1561 1606/2186/1027 1605/2196/1569 1593/2174/1560
f 1602/2191/1567 1614/2198/1035 1613/2199/1034 1601/2189/1566
f 1610/2192/1572 1622/2200/1578 1621/2201/1042 1609/2190/1030
f 1603/2193/1568 1615/2202/1036 1614/2198/1035 1602/2191/1567
f 1611/2194/1573 1623/2203/1579 1622/2200/1578 1610/2192/1572
f 1604/2195/1025 1616/2204/1575 1615/2202/1036 1603/2193/1568
f 1605/2196/1569 1617/2205/1038 1616/2206/1575 1604/2197/1025
f 1606/2186/1027 1618/2207/1576 1617/2205/1038 1605/2196/1569
f 1607/2185/1570 1619/2208/1577 1618/2207/1576 1606/2186/1027
f 1600/2187/1565 1612/2209/1574 1519/2116/941
f 1608/2188/1571 1620/2210/1041 1619/2208/1577 1607/2185/1570
f 1601/2189/1566 1613/2199/1034 1612/2209/1574 1600/2187/1565
f 1609/2190/1030 1621/2201/1042 1620/2210/1041 1608/2188/1571
f 1617/2211/1038 1629/2212/1582 1628/2213/1049 1616/2204/1575
f 1618/2207/1576 1630/2214/1583 1629/2215/1582 1617/2205/1038
f 1619/2208/1577 1631/2216/1052 1630/2214/1583 1618/2207/1576
f 1612/2209/1574 1624/2217/1045 1519/2116/941
f 1620/2210/1041 1632/2218/1053 1631/2216/1052 1619/2208/1577
f 1613/2199/1034 1625/2219/1046 1624/2217/1045 1612/2209/1574
f 1621/2201/1042 1633/2220/1054 1632/2218/1053 1620/2210/1041
f 1614/2198/1035 1626/2221/1580 1625/2219/1046 1613/2199/1034
f 1622/2200/1578 1634/2222/1584 1633/2220/1054 1621/2201/1042
f 1615/2202/1036 1627/2223/1581 1626/2221/1580 1614/2198/1035
f 1623/2203/1579 1635/2224/1585 1634/2222/1584 1622/2200/1578
f 1616/2204/1575 1628/2213/1049 1627/2223/1581 1615/2202/1036
f 1632/2218/1053 1644/2225/1065 1643/2226/1064 1631/2216/1052
f 1625/2219/1046 1637/2227/1586 1636/2228/1057 1624/2217/1045
f 1633/2220/1054 1645/2229/1066 1644/2225/1065 1632/2218/1053
f 1626/2221/1580 1638/2230/1587 1637/2227/1586 1625/2219/1046
f 1634/2222/1584 1646/2231/1590 1645/2229/1066 1633/2220/1054
f 1627/2223/1581 1639/2232/1060 1638/2230/1587 1626/2221/1580
f 1635/2224/1585 1647/2233/1591 1646/2231/1590 1634/2222/1584
f 1628/2213/1049 1640/2234/1588 1639/2232/1060 1627/2223/1581
f 1629/2212/1582 1641/2235/1589 1640/2234/1588 1628/2213/1049
f 1630/2214/1583 1642/2236/1063 1641/2237/1589 1629/2215/1582
f 1631/2216/1052 1643/2226/1064 1642/2236/1063 1630/2214/1583
f 1624/2217/1045 1636/2228/1057 1519/2116/941
f 1639/2232/1060 1651/2238/1072 1650/2239/1594 1638/2230/1587
f 1647/2240/1591 1659/2241/1597 1658/2242/1596 1646/2243/1590
f 1640/2234/1588 1652/2244/1595 1651/2238/1072 1639/2232/1060
f 1641/2235/1589 1653/2245/1074 1652/2244/1595 1640/2234/1588
f 1642/2246/1063 1654/2247/1075 1653/2248/1074 1641/2249/1589
f 1643/2250/1064 1655/2251/1076 1654/2247/1075 1642/2246/1063
f 1636/2228/1057 1648/2252/1592 1519/2116/941
f 1644/2253/1065 1656/2254/1077 1655/2251/1076 1643/2250/1064
f 1637/2227/1586 1649/2255/1593 1648/2252/1592 1636/2228/1057
f 1645/2256/1066 1657/2257/1078 1656/2254/1077 1644/2253/1065
f 1638/2230/1587 1650/2239/1594 1649/2255/1593 1637/2227/1586
f 1646/2243/1590 1658/2242/1596 1657/2257/1078 1645/2256/1066
f 1654/2247/1075 1666/2258/1601 1665/2259/1086 1653/2248/1074
f 1655/2251/1076 1667/2260/1088 1666/2258/1601 1654/2247/1075
f 1648/2252/1592 1660/2261/1081 1519/2116/941
f 1656/2254/1077 1668/2262/1089 1667/2260/1088 1655/2251/1076
f 1649/2255/1593 1661/2263/1598 1660/2261/1081 1648/2252/1592
f 1657/2257/1078 1669/2264/1090 1668/2262/1089 1656/2254/1077
f 1650/2239/1594 1662/2265/1599 1661/2263/1598 1649/2255/1593
f 1658/2242/1596 1670/2266/1602 1669/2264/1090 1657/2257/1078
f 1651/2238/1072 1663/2267/1084 1662/2265/1599 1650/2239/1594
f 1659/2241/1597 1671/2268/1603 1670/2266/1602 1658/2242/1596
f 1652/2244/1595 1664/2269/1600 1663/2267/1084 1651/2238/1072
f 1653/2245/1074 1665/2270/1086 1664/2269/1600 1652/2244/1595
f 1669/2264/1090 1681/2271/1102 1680/2272/1101 1668/2262/1089
f 1662/2265/1599 1674/2273/1606 1673/2274/1605 1661/2263/1598
f 1670/2266/1602 1682/2275/1608 1681/2271/1102 1669/2264/1090
f 1663/2267/1084 1675/2276/1096 1674/2273/1606 1662/2265/1599
f 1671/2268/1603 1683/2277/1609 1682/2275/1608 1670/2266/1602
f 1664/2269/1600 1676/2278/1607 1675/2276/1096 1663/2267/1084
f 1665/2259/1086 1677/2279/1098 1676/2280/1607 1664/2281/1600
f 1666/2258/1601 1678/2282/1099 1677/2279/1098 1665/2259/1086
f 1667/2260/1088 1679/2283/1100 1678/2282/1099 1666/2258/1601
f 1660/2261/1081 1672/2284/1604 1519/2116/941
f 1668/2262/1089 1680/2272/1101 1679/2283/1100 1667/2260/1088
f 1661/2263/1598 1673/2274/1605 1672/2284/1604 1660/2261/1081
f 1676/2278/1607 1688/2285/1612 1687/2286/1108 1675/2276/1096
f 1677/2279/1098 1689/2287/1613 1688/2288/1612 1676/2280/1607
f 1678/2282/1099 1690/2289/1111 1689/2287/1613 1677/2279/1098
f 1679/2283/1100 1691/2290/1112 1690/2289/1111 1678/2282/1099
f 1672/2284/1604 1684/2291/1105 1519/2116/941
f 1680/2272/1101 1692/2292/1113 1691/2290/1112 1679/2283/1100
f 1673/2274/1605 1685/2293/1610 1684/2291/1105 1672/2284/1604
f 1681/2271/1102 1693/2294/1614 1692/2292/1113 1680/2272/1101
f 1674/2273/1606 1686/2295/1611 1685/2293/1610 1673/2274/1605
f 1682/2275/1608 1694/2296/1615 1693/2294/1614 1681/2271/1102
f 1675/2276/1096 1687/2286/1108 1686/2295/1611 1674/2273/1606
f 1683/2277/1609 1695/2297/1616 1694/2296/1615 1682/2275/1608
f 1691/2290/1112 1703/2298/1124 1702/2299/1621 1690/2289/1111
f 1684/2291/1105 1696/2300/1117 1519/2116/941
f 1692/2292/1113 1704/2301/1125 1703/2298/1124 1691/2290/1112
f 1685/2293/1610 1697/2302/1118 1696/2300/1117 1684/2291/1105
f 1693/2294/1614 1705/2303/1126 1704/2301/1125 1692/2292/1113
f 1686/2295/1611 1698/2304/1617 1697/2302/1118 1685/2293/1610
f 1694/2296/1615 1706/2305/1622 1705/2303/1126 1693/2294/1614
f 1687/2286/1108 1699/2306/1618 1698/2304/1617 1686/2295/1611
f 1695/2297/1616 1707/2307/1623 1706/2305/1622 1694/2296/1615
f 1688/2285/1612 1700/2308/1619 1699/2306/1618 1687/2286/1108
f 1689/2287/1613 1701/2309/1620 1700/2310/1619 1688/2288/1612
f 1690/2289/1111 1702/2299/1621 1701/2309/1620 1689/2287/1613
f 1706/2305/1622 1718/2311/1628 1717/2312/1138 1705/2303/1126
f 1699/2306/1618 1711/2313/1132 1710/2314/1131 1698/2304/1617
f 1707/2307/1623 1719/2315/1629 1718/2311/1628 1706/2305/1622
f 1700/2308/1619 1712/2316/1625 1711/2313/1132 1699/2306/1618
f 1701/2309/1620 1713/2317/1134 1712/2318/1625 1700/2310/1619
f 1702/2299/1621 1714/2319/1626 1713/2317/1134 1701/2309/1620
f 1703/2298/1124 1715/2320/1627 1714/2319/1626 1702/2299/1621
f 1696/2300/1117 1708/2321/1624 1519/2116/941
f 1704/2301/1125 1716/2322/1137 1715/2320/1627 1703/2298/1124
f 1697/2302/1118 1709/2323/1130 1708/2321/1624 1696/2300/1117
f 1705/2303/1126 1717/2312/1138 1716/2322/1137 1704/2301/1125
f 1698/2304/1617 1710/2314/1131 1709/2323/1130 1697/2302/1118
f 1713/2317/1134 1725/2324/1634 1724/2325/1145 1712/2318/1625
f 1714/2319/1626 1726/2326/1147 1725/2324/1634 1713/2317/1134
f 1715/2320/1627 1727/2327/1635 1726/2326/1147 1714/2319/1626
f 1708/2321/1624 1720/2328/1630 1519/2116/941
f 1716/2322/1137 1728/2329/1636 1727/2327/1635 1715/2320/1627
f 1709/2323/1130 1721/2330/1631 1720/2328/1630 1708/2321/1624
f 1717/2312/1138 1729/2331/1150 1728/2329/1636 1716/2322/1137
f 1710/2314/1131 1722/2332/1632 1721/2330/1631 1709/2323/1130
f 1718/2311/1628 1730/2333/1637 1729/2331/1150 1717/2312/1138
f 1711/2313/1132 1723/2334/1633 1722/2332/1632 1710/2314/1131
f 1719/2315/1629 1731/2335/1638 1730/2333/1637 1718/2311/1628
f 1712/2316/1625 1724/2336/1145 1723/2334/1633 1711/2313/1132
f 1728/2329/1636 1740/2337/1161 1739/2338/1643 1727/2327/1635
f 1721/2330/1631 1733/2339/1154 1732/2340/1639 1720/2328/1630
f 1729/2331/1150 1741/2341/1162 1740/2337/1161 1728/2329/1636
f 1722/2332/1632 1734/2342/1155 1733/2339/1154 1721/2330/1631
f 1730/2333/1637 1742/2343/1644 1741/2341/1162 1729/2331/1150
f 1723/2334/1633 1735/2344/1156 1734/2342/1155 1722/2332/1632
f 1731/2335/1638 1743/2345/1645 1742/2343/1644 1730/2333/1637
f 1724/2336/1145 1736/2346/1640 1735/2344/1156 1723/2334/1633
f 1725/2324/1634 1737/2347/1641 1736/2348/1640 1724/2325/1145
f 1726/2326/1147 1738/2349/1642 1737/2347/1641 1725/2324/1634
f 1727/2327/1635 1739/2338/1643 1738/2349/1642 1726/2326/1147
f 1720/2328/1630 1732/2340/1639 1519/2116/941
f 1743/2345/1645 1755/2350/1651 1754/2351/1650 1742/2343/1644
f 1736/2346/1640 1748/2352/1648 1747/2353/1168 1735/2344/1156
f 1737/2347/1641 1749/2354/1649 1748/2355/1648 1736/2348/1640
f 1738/2349/1642 1750/2356/1171 1749/2354/1649 1737/2347/1641
f 1739/2338/1643 1751/2357/1172 1750/2356/1171 1738/2349/1642
f 1732/2340/1639 1744/2358/1646 1519/2116/941
f 1740/2337/1161 1752/2359/1173 1751/2357/1172 1739/2338/1643
f 1733/2339/1154 1745/2360/1647 1744/2358/1646 1732/2340/1639
f 1741/2341/1162 1753/2361/1174 1752/2359/1173 1740/2337/1161
f 1734/2342/1155 1746/2362/1167 1745/2360/1647 1733/2339/1154
f 1742/2343/1644 1754/2351/1650 1753/2361/1174 1741/2341/1162
f 1735/2344/1156 1747/2353/1168 1746/2362/1167 1734/2342/1155
f 1750/2356/1171 1762/2363/1183 1761/2364/1655 1749/2354/1649
f 1751/2357/1172 1763/2365/1184 1762/2363/1183 1750/2356/1171
f 1744/2358/1646 1756/2366/1652 1519/2116/941
f 1752/2359/1173 1764/2367/1656 1763/2365/1184 1751/2357/1172
f 1745/2360/1647 1757/2368/1653 1756/2366/1652 1744/2358/1646
f 1753/2361/1174 1765/2369/1186 1764/2367/1656 1752/2359/1173
f 1746/2362/1167 1758/2370/1179 1757/2368/1653 1745/2360/1647
f 1754/2351/1650 1766/2371/1657 1765/2369/1186 1753/2361/1174
f 1747/2353/1168 1759/2372/1654 1758/2370/1179 1746/2362/1167
f 1755/2350/1651 1767/2373/1658 1766/2371/1657 1754/2351/1650
f 1748/2352/1648 1760/2374/1181 1759/2372/1654 1747/2353/1168
f 1749/2354/1649 1761/2364/1655 1760/2375/1181 1748/2355/1648
f 1765/2369/1186 1777/2376/1198 1776/2377/1663 1764/2367/1656
f 1758/2370/1179 1770/2378/1191 1769/2379/1660 1757/2368/1653
f 1766/2371/1657 1778/2380/1664 1777/2376/1198 1765/2369/1186
f 1759/2372/1654 1771/2381/1661 1770/2378/1191 1758/2370/1179
f 1767/2373/1658 1779/2382/1665 1778/2380/1664 1766/2371/1657
f 1760/2374/1181 1772/2383/1193 1771/2381/1661 1759/2372/1654
f 1761/2364/1655 1773/2384/1662 1772/2385/1193 1760/2375/1181
f 1762/2363/1183 1774/2386/1195 1773/2384/1662 1761/2364/1655
f 1763/2365/1184 1775/2387/1196 1774/2386/1195 1762/2363/1183
f 1756/2366/1652 1768/2388/1659 1519/2116/941
f 1764/2367/1656 1776/2377/1663 1775/2387/1196 1763/2365/1184
f 1757/2368/1653 1769/2379/1660 1768/2388/1659 1756/2366/1652
f 1773/2389/1662 1785/2390/1670 1784/2391/1669 1772/2383/1193
f 1774/2386/1195 1786/2392/1207 1785/2393/1670 1773/2384/1662
f 1775/2387/1196 1787/2394/1208 1786/2392/1207 1774/2386/1195
f 1768/2388/1659 1780/2395/1666 1519/2116/941
f 1776/2377/1663 1788/2396/1209 1787/2394/1208 1775/2387/1196
f 1769/2379/1660 1781/2397/1667 1780/2395/1666 1768/2388/1659
f 1777/2376/1198 1789/2398/1671 1788/2396/1209 1776/2377/1663
f 1770/2378/1191 1782/2399/1668 1781/2397/1667 1769/2379/1660
f 1778/2380/1664 1790/2400/1672 1789/2398/1671 1777/2376/1198
f 1771/2381/1661 1783/2401/1204 1782/2399/1668 1770/2378/1191
f 1779/2382/1665 1791/2402/1673 1790/2400/1672 1778/2380/1664
f 1772/2383/1193 1784/2391/1669 1783/2401/1204 1771/2381/1661
f 1787/2394/1208 1799/2403/1220 1798/2404/1676 1786/2392/1207
f 1780/2395/1666 1792/2405/1674 1519/2116/941
f 1788/2396/1209 1800/2406/1221 1799/2403/1220 1787/2394/1208
f 1781/2397/1667 1793/2407/1214 1792/2405/1674 1780/2395/1666
f 1789/2398/1671 1801/2408/1677 1800/2406/1221 1788/2396/1209
f 1782/2399/1668 1794/2409/1215 1793/2407/1214 1781/2397/1667
f 1790/2400/1672 1802/2410/1678 1801/2408/1677 1789/2398/1671
f 1783/2401/1204 1795/2411/1216 1794/2409/1215 1782/2399/1668
f 1791/2402/1673 1803/2412/1679 1802/2410/1678 1790/2400/1672
f 1784/2391/1669 1796/2413/1217 1795/2411/1216 1783/2401/1204
f 1785/2390/1670 1797/2414/1675 1796/2413/1217 1784/2391/1669
f 1786/2392/1207 1798/2404/1676 1797/2415/1675 1785/2393/1670
f 1802/2410/1678 1814/2416/1687 1813/2417/1234 1801/2408/1677
f 1795/2411/1216 1807/2418/1228 1806/2419/1681 1794/2409/1215
f 1803/2412/1679 1815/2420/1688 1814/2416/1687 1802/2410/1678
f 1796/2413/1217 1808/2421/1682 1807/2418/1228 1795/2411/1216
f 1797/2414/1675 1809/2422/1683 1808/2421/1682 1796/2413/1217
f 1798/2423/1676 1810/2424/1684 1809/2422/1683 1797/2414/1675
f 1799/2403/1220 1811/2425/1685 1810/2426/1684 1798/2404/1676
f 1792/2405/1674 1804/2427/1225 1519/2116/941
f 1800/2406/1221 1812/2428/1686 1811/2425/1685 1799/2403/1220
f 1793/2407/1214 1805/2429/1680 1804/2427/1225 1792/2405/1674
f 1801/2408/1677 1813/2417/1234 1812/2428/1686 1800/2406/1221
f 1794/2409/1215 1806/2419/1681 1805/2429/1680 1793/2407/1214
f 1810/2424/1684 1822/2430/1692 1821/2431/1691 1809/2422/1683
f 1811/2432/1685 1823/2433/1244 1822/2430/1692 1810/2424/1684
f 1804/2427/1225 1816/2434/1689 1519/2116/941
f 1812/2428/1686 1824/2435/1245 1823/2436/1244 1811/2425/1685
f 1805/2429/1680 1817/2437/1690 1816/2434/1689 1804/2427/1225
f 1813/2438/1234 1825/2439/1246 1824/2440/1245 1812/2441/1686
f 1806/2419/1681 1818/2442/1239 1817/2437/1690 1805/2429/1680
f 1814/2443/1687 1826/2444/1693 1825/2439/1246 1813/2438/1234
f 1807/2418/1228 1819/2445/1240 1818/2442/1239 1806/2419/1681
f 1815/2446/1688 1827/2447/1694 1826/2444/1693 1814/2443/1687
f 1808/2421/1682 1820/2448/1241 1819/2445/1240 1807/2418/1228
f 1809/2422/1683 1821/2431/1691 1820/2448/1241 1808/2421/1682
f 1824/2440/1245 1836/2449/1699 1835/2450/1256 1823/2451/1244
f 1817/2437/1690 1829/2452/1696 1828/2453/1695 1816/2434/1689
f 1825/2439/1246 1837/2454/1258 1836/2449/1699 1824/2440/1245
f 1818/2442/1239 1830/2455/1697 1829/2452/1696 1817/2437/1690
f 1826/2444/1693 1838/2456/1700 1837/2454/1258 1825/2439/1246
f 1819/2445/1240 1831/2457/1252 1830/2455/1697 1818/2442/1239
f 1827/2447/1694 1839/2458/1701 1838/2456/1700 1826/2444/1693
f 1820/2448/1241 1832/2459/1698 1831/2457/1252 1819/2445/1240
f 1821/2431/1691 1833/2460/1254 1832/2459/1698 1820/2448/1241
f 1822/2430/1692 1834/2461/1255 1833/2460/1254 1821/2431/1691
f 1823/2451/1244 1835/2450/1256 1834/2462/1255 1822/2463/1692
f 1816/2434/1689 1828/2453/1695 1519/2116/941
f 1839/2458/1701 1851/2464/1708 1850/2465/1707 1838/2456/1700
f 1832/2459/1698 1844/2466/1265 1843/2467/1704 1831/2457/1252
f 1833/2460/1254 1845/2468/1705 1844/2466/1265 1832/2459/1698
f 1834/2461/1255 1846/2469/1267 1845/2468/1705 1833/2460/1254
f 1835/2450/1256 1847/2470/1268 1846/2471/1267 1834/2462/1255
f 1828/2453/1695 1840/2472/1702 1519/2116/941
f 1836/2449/1699 1848/2473/1706 1847/2470/1268 1835/2450/1256
f 1829/2452/1696 1841/2474/1703 1840/2472/1702 1828/2453/1695
f 1837/2454/1258 1849/2475/1270 1848/2473/1706 1836/2449/1699
f 1830/2455/1697 1842/2476/1263 1841/2474/1703 1829/2452/1696
f 1838/2456/1700 1850/2465/1707 1849/2475/1270 1837/2454/1258
f 1831/2457/1252 1843/2467/1704 1842/2476/1263 1830/2455/1697
f 1847/2470/1268 1859/2477/1280 1858/2478/1279 1846/2471/1267
f 1840/2472/1702 1852/2479/1273 1519/2116/941
f 1848/2473/1706 1860/2480/1281 1859/2477/1280 1847/2470/1268
f 1841/2474/1703 1853/2481/1274 1852/2479/1273 1840/2472/1702
f 1849/2475/1270 1861/2482/1282 1860/2480/1281 1848/2473/1706
f 1842/2476/1263 1854/2483/1275 1853/2481/1274 1841/2474/1703
f 1850/2465/1707 1862/2484/1710 1861/2482/1282 1849/2475/1270
f 1843/2467/1704 1855/2485/1709 1854/2483/1275 1842/2476/1263
f 1851/2464/1708 1863/2486/1711 1862/2484/1710 1850/2465/1707
f 1844/2466/1265 1856/2487/1277 1855/2485/1709 1843/2467/1704
f 1845/2468/1705 1857/2488/1278 1856/2487/1277 1844/2466/1265
f 1846/2469/1267 1858/2489/1279 1857/2488/1278 1845/2468/1705
f 1861/2482/1282 1873/2490/1715 1872/2491/1293 1860/2480/1281
f 1854/2483/1275 1866/2492/1287 1865/2493/1713 1853/2481/1274
f 1862/2484/1710 1874/2494/1716 1873/2490/1715 1861/2482/1282
f 1855/2485/1709 1867/2495/1288 1866/2492/1287 1854/2483/1275
f 1863/2486/1711 1875/2496/1717 1874/2494/1716 1862/2484/1710
f 1856/2487/1277 1868/2497/1289 1867/2495/1288 1855/2485/1709
f 1857/2488/1278 1869/2498/1714 1868/2497/1289 1856/2487/1277
f 1858/2489/1279 1870/2499/1291 1869/2498/1714 1857/2488/1278
f 1859/2477/1280 1871/2500/1292 1870/2501/1291 1858/2478/1279
f 1852/2479/1273 1864/2502/1712 1519/2116/941
f 1860/2480/1281 1872/2491/1293 1871/2500/1292 1859/2477/1280
f 1853/2481/1274 1865/2493/1713 1864/2502/1712 1852/2479/1273
f 1869/2498/1714 1881/2503/1721 1880/2504/1720 1868/2497/1289
f 1870/2499/1291 1882/2505/1303 1881/2503/1721 1869/2498/1714
f 1871/2500/1292 1883/2506/1722 1882/2507/1303 1870/2501/1291
f 1864/2502/1712 1876/2508/1718 1519/2116/941
f 1872/2491/1293 1884/2509/1305 1883/2506/1722 1871/2500/1292
f 1865/2493/1713 1877/2510/1298 1876/2508/1718 1864/2502/1712
f 1873/2490/1715 1885/2511/1306 1884/2509/1305 1872/2491/1293
f 1866/2492/1287 1878/2512/1299 1877/2510/1298 1865/2493/1713
f 1874/2494/1716 1886/2513/1723 1885/2511/1306 1873/2490/1715
f 1867/2495/1288 1879/2514/1719 1878/2512/1299 1866/2492/1287
f 1875/2496/1717 1887/2515/1724 1886/2513/1723 1874/2494/1716
f 1868/2497/1289 1880/2504/1720 1879/2514/1719 1867/2495/1288
f 1876/2508/1718 1888/2516/1309 1519/2116/941
f 1884/2509/1305 1896/2517/1728 1895/2518/1316 1883/2506/1722
f 1877/2510/1298 1889/2519/1310 1888/2516/1309 1876/2508/1718
f 1885/2511/1306 1897/2520/1318 1896/2517/1728 1884/2509/1305
f 1878/2512/1299 1890/2521/1725 1889/2519/1310 1877/2510/1298
f 1886/2513/1723 1898/2522/1729 1897/2520/1318 1885/2511/1306
f 1879/2514/1719 1891/2523/1312 1890/2521/1725 1878/2512/1299
f 1887/2515/1724 1899/2524/1730 1898/2522/1729 1886/2513/1723
f 1880/2504/1720 1892/2525/1726 1891/2523/1312 1879/2514/1719
f 1881/2503/1721 1893/2526/1727 1892/2525/1726 1880/2504/1720
f 1882/2505/1303 1894/2527/1315 1893/2526/1727 1881/2503/1721
f 1883/2506/1722 1895/2518/1316 1894/2528/1315 1882/2507/1303
f 1898/2522/1729 1910/2529/1736 1909/2530/1735 1897/2520/1318
f 1891/2523/1312 1903/2531/1324 1902/2532/1323 1890/2521/1725
f 1899/2524/1730 1911/2533/1737 1910/2529/1736 1898/2522/1729
f 1892/2525/1726 1904/2534/1732 1903/2531/1324 1891/2523/1312
f 1893/2526/1727 1905/2535/1326 1904/2534/1732 1892/2525/1726
f 1894/2527/1315 1906/2536/1733 1905/2535/1326 1893/2526/1727
f 1895/2518/1316 1907/2537/1734 1906/2538/1733 1894/2528/1315
f 1888/2516/1309 1900/2539/1321 1519/2116/941
f 1896/2517/1728 1908/2540/1329 1907/2537/1734 1895/2518/1316
f 1889/2519/1310 1901/2541/1731 1900/2539/1321 1888/2516/1309
f 1897/2520/1318 1909/2530/1735 1908/2540/1329 1896/2517/1728
f 1890/2521/1725 1902/2532/1323 1901/2541/1731 1889/2519/1310
f 1906/2536/1733 1918/2542/1742 1917/2543/1338 1905/2535/1326
f 1907/2537/1734 1919/2544/1340 1918/2545/1742 1906/2538/1733
f 1900/2539/1321 1912/2546/1738 1519/2116/941
f 1908/2540/1329 1920/2547/1341 1919/2544/1340 1907/2537/1734
f 1901/2541/1731 1913/2548/1739 1912/2546/1738 1900/2539/1321
f 1909/2530/1735 1921/2549/1342 1920/2547/1341 1908/2540/1329
f 1902/2532/1323 1914/2550/1740 1913/2548/1739 1901/2541/1731
f 1910/2529/1736 1922/2551/1743 1921/2549/1342 1909/2530/1735
f 1903/2531/1324 1915/2552/1741 1914/2550/1740 1902/2532/1323
f 1911/2533/1737 1923/2553/1744 1922/2551/1743 1910/2529/1736
f 1904/2534/1732 1916/2554/1337 1915/2552/1741 1903/2531/1324
f 1905/2535/1326 1917/2543/1338 1916/2554/1337 1904/2534/1732
f 1913/2548/1739 1925/2555/1745 1924/2556/1345 1912/2546/1738
f 1921/2549/1342 1933/2557/1354 1932/2558/1353 1920/2547/1341
f 1914/2550/1740 1926/2559/1746 1925/2555/1745 1913/2548/1739
f 1922/2551/1743 1934/2560/1749 1933/2557/1354 1921/2549/1342
f 1915/2552/1741 1927/2561/1348 1926/2559/1746 1914/2550/1740
f 1923/2553/1744 1935/2562/1750 1934/2560/1749 1922/2551/1743
f 1916/2554/1337 1928/2563/1747 1927/2561/1348 1915/2552/1741
f 1917/2543/1338 1929/2564/1350 1928/2563/1747 1916/2554/1337
f 1918/2542/1742 1930/2565/1351 1929/2564/1350 1917/2543/1338
f 1919/2544/1340 1931/2566/1748 1930/2567/1351 1918/2545/1742
f 1912/2546/1738 1924/2556/1345 1519/2116/941
f 1920/2547/1341 1932/2558/1353 1931/2566/1748 1919/2544/1340
f 1931/2566/1748 1943/2568/1754 1942/2569/1363 1930/2567/1351
f 1924/2556/1345 1936/2570/1357 1519/2116/941
f 1932/2558/1353 1944/2571/1755 1943/2568/1754 1931/2566/1748
f 1925/2555/1745 1937/2572/1751 1936/2570/1357 1924/2556/1345
f 1933/2557/1354 1945/2573/1366 1944/2571/1755 1932/2558/1353
f 1926/2559/1746 1938/2574/1752 1937/2572/1751 1925/2555/1745
f 1934/2560/1749 1946/2575/1756 1945/2573/1366 1933/2557/1354
f 1927/2561/1348 1939/2576/1360 1938/2574/1752 1926/2559/1746
f 1935/2562/1750 1947/2577/1757 1946/2575/1756 1934/2560/1749
f 1928/2563/1747 1940/2578/1753 1939/2576/1360 1927/2561/1348
f 1929/2564/1350 1941/2579/1362 1940/2578/1753 1928/2563/1747
f 1930/2565/1351 1942/2580/1363 1941/2579/1362 1929/2564/1350
f 1946/2575/1756 1958/2581/1764 1957/2582/1763 1945/2573/1366
f 1939/2576/1360 1951/2583/1372 1950/2584/1759 1938/2574/1752
f 1947/2577/1757 1959/2585/1765 1958/2581/1764 1946/2575/1756
f 1940/2578/1753 1952/2586/1373 1951/2583/1372 1939/2576/1360
f 1941/2579/1362 1953/2587/1760 1952/2586/1373 1940/2578/1753
f 1942/2580/1363 1954/2588/1761 1953/2587/1760 1941/2579/1362
f 1943/2589/1754 1955/2590/1762 1954/2588/1761 1942/2580/1363
f 1936/2570/1357 1948/2591/1369 1519/2116/941
f 1944/2571/1755 1956/2592/1377 1955/2593/1762 1943/2568/1754
f 1937/2572/1751 1949/2594/1758 1948/2591/1369 1936/2570/1357
f 1945/2573/1366 1957/2582/1763 1956/2592/1377 1944/2571/1755
f 1938/2574/1752 1950/2584/1759 1949/2594/1758 1937/2572/1751
f 1953/2587/1760 1965/2595/1386 1964/2596/1768 1952/2586/1373
f 1954/2588/1761 1966/2597/1387 1965/2595/1386 1953/2587/1760
f 1955/2590/1762 1967/2598/1769 1966/2597/1387 1954/2588/1761
f 1948/2591/1369 1960/2599/1381 1519/2116/941
f 1956/2592/1377 1968/2600/1770 1967/2601/1769 1955/2593/1762
f 1949/2594/1758 1961/2602/1766 1960/2599/1381 1948/2591/1369
f 1957/2582/1763 1969/2603/1390 1968/2600/1770 1956/2592/1377
f 1950/2584/1759 1962/2604/1767 1961/2602/1766 1949/2594/1758
f 1958/2581/1764 1970/2605/1771 1969/2603/1390 1957/2582/1763
f 1951/2583/1372 1963/2606/1384 1962/2604/1767 1950/2584/1759
f 1959/2585/1765 1971/2607/1772 1970/2605/1771 1958/2581/1764
f 1952/2586/1373 1964/2596/1768 1963/2606/1384 1951/2583/1372
f 1968/2608/1770 1980/2609/1401 1979/2610/1775 1967/2611/1769
f 1961/2602/1766 1973/2612/1394 1972/2613/1393 1960/2599/1381
f 1969/2614/1390 1981/2615/1402 1980/2609/1401 1968/2608/1770
f 1962/2604/1767 1974/2616/1773 1973/2612/1394 1961/2602/1766
f 1970/2617/1771 1982/2618/1776 1981/2615/1402 1969/2614/1390
f 1963/2606/1384 1975/2619/1396 1974/2616/1773 1962/2604/1767
f 1971/2620/1772 1983/2621/1777 1982/2618/1776 1970/2617/1771
f 1964/2596/1768 1976/2622/1774 1975/2619/1396 1963/2606/1384
f 1965/2595/1386 1977/2623/1398 1976/2622/1774 1964/2596/1768
f 1966/2597/1387 1978/2624/1399 1977/2623/1398 1965/2595/1386
f 1967/2598/1769 1979/2625/1775 1978/2624/1399 1966/2597/1387
f 1960/2599/1381 1972/2613/1393 1519/2116/941
f 1983/2621/1777 1995/2626/1784 1994/2627/1783 1982/2618/1776
f 1976/2622/1774 1988/2628/1409 1987/2629/1781 1975/2619/1396
f 1977/2623/1398 1989/2630/1410 1988/2628/1409 1976/2622/1774
f 1978/2624/1399 1990/2631/1782 1989/2630/1410 1977/2623/1398
f 1979/2625/1775 1991/2632/1412 1990/2631/1782 1978/2624/1399
f 1972/2613/1393 1984/2633/1778 1519/2116/941
f 1980/2609/1401 1992/2634/1413 1991/2635/1412 1979/2610/1775
f 1973/2612/1394 1985/2636/1779 1984/2633/1778 1972/2613/1393
f 1981/2615/1402 1993/2637/1414 1992/2634/1413 1980/2609/1401
f 1974/2616/1773 1986/2638/1780 1985/2636/1779 1973/2612/1394
f 1982/2618/1776 1994/2627/1783 1993/2637/1414 1981/2615/1402
f 1975/2619/1396 1987/2629/1781 1986/2638/1780 1974/2616/1773
f 1990/2631/1782 2002/2639/1787 2001/2640/1422 1989/2630/1410
f 1991/2632/1412 2003/2641/1788 2002/2639/1787 1990/2631/1782
f 1984/2633/1778 1996/2642/1417 1519/2116/941
f 1992/2634/1413 2004/2643/1425 2003/2644/1788 1991/2635/1412
f 1985/2636/1779 1997/2645/1785 1996/2642/1417 1984/2633/1778
f 1993/2637/1414 2005/2646/1789 2004/2643/1425 1992/2634/1413
f 1986/2638/1780 1998/2647/1419 1997/2645/1785 1985/2636/1779
f 1994/2627/1783 2006/2648/1790 2005/2646/1789 1993/2637/1414
f 1987/2629/1781 1999/2649/1420 1998/2647/1419 1986/2638/1780
f 1995/2626/1784 2007/2650/1791 2006/2648/1790 1994/2627/1783
f 1988/2628/1409 2000/2651/1786 1999/2649/1420 1987/2629/1781
f 1989/2630/1410 2001/2640/1422 2000/2651/1786 1988/2628/1409
f 2005/2646/1789 2017/2652/1438 2016/2653/1795 2004/2643/1425
f 1998/2647/1419 2010/2654/1792 2009/2655/1430 1997/2645/1785
f 2006/2648/1790 2018/2656/1796 2017/2652/1438 2005/2646/1789
f 1999/2649/1420 2011/2657/1432 2010/2654/1792 1998/2647/1419
f 2007/2650/1791 2019/2658/1797 2018/2656/1796 2006/2648/1790
f 2000/2651/1786 2012/2659/1793 2011/2657/1432 1999/2649/1420
f 2001/2640/1422 2013/2660/1794 2012/2659/1793 2000/2651/1786
f 2002/2639/1787 2014/2661/1435 2013/2660/1794 2001/2640/1422
f 2003/2641/1788 2015/2662/1436 2014/2661/1435 2002/2639/1787
f 1996/2642/1417 2008/2663/1429 1519/2116/941
f 2004/2643/1425 2016/2653/1795 2015/2664/1436 2003/2644/1788
f 1997/2645/1785 2009/2655/1430 2008/2663/1429 1996/2642/1417
f 2013/2660/1794 2025/2665/1802 2024/2666/1801 2012/2659/1793
f 2014/2661/1435 2026/2667/1447 2025/2665/1802 2013/2660/1794
f 2015/2662/1436 2027/2668/1803 2026/2667/1447 2014/2661/1435
f 2008/2663/1429 2020/2669/1798 1519/2116/941
f 2016/2653/1795 2028/2670/1449 2027/2671/1803 2015/2664/1436
f 2009/2655/1430 2021/2672/1799 2020/2669/1798 2008/2663/1429
f 2017/2652/1438 2029/2673/1450 2028/2670/1449 2016/2653/1795
f 2010/2654/1792 2022/2674/1443 2021/2672/1799 2009/2655/1430
f 2018/2656/1796 2030/2675/1804 2029/2673/1450 2017/2652/1438
f 2011/2657/1432 2023/2676/1800 2022/2674/1443 2010/2654/1792
f 2019/2658/1797 2031/2677/1805 2030/2675/1804 2018/2656/1796
f 2012/2659/1793 2024/2666/1801 2023/2676/1800 2011/2657/1432
f 2027/2668/1803 2039/2678/1460 2038/2679/1459 2026/2667/1447
f 2020/2669/1798 2032/2680/1806 1519/2116/941
f 2028/2670/1449 2040/2681/1461 2039/2682/1460 2027/2671/1803
f 2021/2672/1799 2033/2683/1807 2032/2680/1806 2020/2669/1798
f 2029/2673/1450 2041/2684/1809 2040/2681/1461 2028/2670/1449
f 2022/2674/1443 2034/2685/1455 2033/2683/1807 2021/2672/1799
f 2030/2675/1804 2042/2686/1810 2041/2684/1809 2029/2673/1450
f 2023/2676/1800 2035/2687/1456 2034/2685/1455 2022/2674/1443
f 2031/2677/1805 2043/2688/1811 2042/2686/1810 2030/2675/1804
f 2024/2666/1801 2036/2689/1457 2035/2687/1456 2023/2676/1800
f 2025/2665/1802 2037/2690/1808 2036/2689/1457 2024/2666/1801
f 2026/2667/1447 2038/2679/1459 2037/2690/1808 2025/2665/1802
f 2042/2686/1810 2054/2691/1814 2053/2692/1474 2041/2684/1809
f 2035/2687/1456 2047/2693/1813 2046/2694/1467 2034/2685/1455
f 2043/2688/1811 2055/2695/1815 2054/2691/1814 2042/2686/1810
f 2036/2689/1457 2048/2696/1469 2047/2693/1813 2035/2687/1456
f 2037/2690/1808 2049/2697/1470 2048/2696/1469 2036/2689/1457
f 2038/2679/1459 2050/2698/1471 2049/2697/1470 2037/2690/1808
f 2039/2678/1460 2051/2699/1472 2050/2698/1471 2038/2679/1459
f 2032/2680/1806 2044/2700/1812 1519/2116/941
f 2040/2681/1461 2052/2701/1473 2051/2702/1472 2039/2682/1460
f 2033/2683/1807 2045/2703/1466 2044/2700/1812 2032/2680/1806
f 2041/2684/1809 2053/2692/1474 2052/2701/1473 2040/2681/1461
f 2034/2685/1455 2046/2694/1467 2045/2703/1466 2033/2683/1807
f 2050/2698/1471 2062/2704/1483 2061/2705/1819 2049/2697/1470
f 2051/2699/1472 2063/2706/1484 2062/2704/1483 2050/2698/1471
f 2044/2700/1812 2056/2707/1816 1519/2116/941
f 2052/2701/1473 2064/2708/1820 2063/2709/1484 2051/2702/1472
f 2045/2703/1466 2057/2710/1817 2056/2707/1816 2044/2700/1812
f 2053/2692/1474 2065/2711/1486 2064/2708/1820 2052/2701/1473
f 2046/2694/1467 2058/2712/1479 2057/2710/1817 2045/2703/1466
f 2054/2691/1814 2066/2713/1821 2065/2711/1486 2053/2692/1474
f 2047/2693/1813 2059/2714/1818 2058/2712/1479 2046/2694/1467
f 2055/2695/1815 2067/2715/1822 2066/2713/1821 2054/2691/1814
f 2048/2696/1469 2060/2716/1481 2059/2714/1818 2047/2693/1813
f 2049/2697/1470 2061/2705/1819 2060/2716/1481 2048/2696/1469
f 2064/2717/1820 2076/2718/1827 2075/2719/1496 2063/2720/1484
f 2057/2710/1817 2069/2721/1824 2068/2722/1823 2056/2707/1816
f 2065/2723/1486 2077/2724/1498 2076/2718/1827 2064/2717/1820
f 2058/2712/1479 2070/2725/1825 2069/2721/1824 2057/2710/1817
f 2066/2713/1821 2078/2726/1828 2077/2727/1498 2065/2711/1486
f 2059/2714/1818 2071/2728/1492 2070/2725/1825 2058/2712/1479
f 2067/2715/1822 2079/2729/1829 2078/2726/1828 2066/2713/1821
f 2060/2716/1481 2072/2730/1826 2071/2728/1492 2059/2714/1818
f 2061/2705/1819 2073/2731/1494 2072/2730/1826 2060/2716/1481
f 2062/2704/1483 2074/2732/1495 2073/2731/1494 2061/2705/1819
f 2063/2720/1484 2075/2719/1496 2074/2733/1495 2062/2734/1483
f 2056/2707/1816 2068/2722/1823 1519/2116/941
f 2079/2735/1829 2091/2736/1835 2090/2737/1834 2078/2738/1828
f 2072/2730/1826 2084/2739/1505 2083/2740/1504 2071/2728/1492
f 2073/2731/1494 2085/2741/1832 2084/2739/1505 2072/2730/1826
f 2074/2733/1495 2086/2742/1833 2085/2743/1832 2073/2744/1494
f 2075/2719/1496 2087/2745/1508 2086/2742/1833 2074/2733/1495
f 2068/2722/1823 2080/2746/1830 1519/2116/941
f 2076/2718/1827 2088/2747/1509 2087/2745/1508 2075/2719/1496
f 2069/2721/1824 2081/2748/1831 2080/2746/1830 2068/2722/1823
f 2077/2724/1498 2089/2749/1510 2088/2747/1509 2076/2718/1827
f 2070/2725/1825 2082/2750/1503 2081/2748/1831 2069/2721/1824
f 2078/2738/1828 2090/2737/1834 2089/2749/1510 2077/2724/1498
f 2071/2728/1492 2083/2740/1504 2082/2750/1503 2070/2725/1825
f 2087/2745/1508 2093/2112/1836 1525/2108/1522 2086/2742/1833
f 2080/2746/1830 1520/2114/942 1519/2116/941
f 2088/2747/1509 1526/2117/1523 2093/2112/1836 2087/2745/1508
f 2081/2748/1831 1521/2095/1518 1520/2114/942 2080/2746/1830
f 2089/2749/1510 2094/2099/1516 1526/2117/1523 2088/2747/1509
f 2082/2750/1503 1522/2092/1519 1521/2095/1518 2081/2748/1831
f 2090/2737/1834 1527/2096/1524 2094/2099/1516 2089/2749/1510
f 2083/2740/1504 2092/2100/945 1522/2092/1519 2082/2750/1503
f 2091/2736/1835 2095/2102/1837 1527/2096/1524 2090/2737/1834
f 2084/2739/1505 1523/2104/1520 2092/2100/945 2083/2740/1504
f 2085/2741/1832 1524/2106/1521 1523/2104/1520 2084/2739/1505
f 2086/2742/1833 1525/2108/1522 1524/2111/1521 2085/2743/1832
usemtl M_LampBulb
f 2357/2751/2099 2356/2752/2098 2104/2753/1846 2105/2754/1847
f 2100/2755/1842 2361/2756/2103 2111/2757/1853
f 2097/2758/1839 2354/2759/2096 2101/2760/1843 2102/2761/1844
f 2098/2762/1840 2360/2763/2102 2108/2764/1850 2109/2765/1851
f 2358/2766/2100 2357/2751/2099 2105/2754/1847 2106/2767/1848
f 2355/2768/2097 2097/2758/1839 2102/2761/1844 2103/2769/1845
f 2099/2770/1841 2098/2771/1840 2109/2772/1851 2110/2773/1852
f 2359/2774/2101 2358/2766/2100 2106/2767/1848 2107/2775/1849
f 2356/2776/2098 2355/2768/2097 2103/2769/1845 2104/2777/1846
f 2361/2756/2103 2099/2770/1841 2110/2773/1852 2111/2757/1853
f 2354/2759/2096 2096/2778/1838 2101/2760/1843
f 2360/2763/2102 2359/2774/2101 2107/2775/1849 2108/2764/1850
f 2110/2773/1852 2109/2772/1851 2120/2779/1862 2121/2780/1863
f 2107/2775/1849 2106/2767/1848 2117/2781/1859 2118/2782/1860
f 2104/2777/1846 2103/2769/1845 2114/2783/1856 2115/2784/1857
f 2111/2757/1853 2110/2773/1852 2121/2780/1863 2122/2785/1864
f 2101/2760/1843 2096/2778/1838 2112/2786/1854
f 2108/2764/1850 2107/2775/1849 2118/2782/1860 2119/2787/1861
f 2105/2754/1847 2104/2753/1846 2115/2788/1857 2116/2789/1858
f 2100/2755/1842 2111/2757/1853 2122/2785/1864
f 2102/2761/1844 2101/2760/1843 2112/2786/1854 2113/2790/1855
f 2109/2765/1851 2108/2764/1850 2119/2787/1861 2120/2791/1862
f 2106/2767/1848 2105/2754/1847 2116/2789/1858 2117/2781/1859
f 2103/2769/1845 2102/2761/1844 2113/2790/1855 2114/2783/1856
f 2113/2790/1855 2112/2786/1854 2123/2792/1865 2124/2793/1866
f 2120/2791/1862 2119/2787/1861 2130/2794/1872 2131/2795/1873
f 2117/2781/1859 2116/2789/1858 2127/2796/1869 2128/2797/1870
f 2114/2783/1856 2113/2790/1855 2124/2793/1866 2125/2798/1867
f 2121/2780/1863 2120/2779/1862 2131/2799/1873 2132/2800/1874
f 2118/2782/1860 2117/2781/1859 2128/2797/1870 2129/2801/1871
f 2115/2784/1857 2114/2783/1856 2125/2798/1867 2126/2802/1868
f 2122/2785/1864 2121/2780/1863 2132/2800/1874 2133/2803/1875
f 2112/2786/1854 2096/2778/1838 2123/2792/1865
f 2119/2787/1861 2118/2782/1860 2129/2801/1871 2130/2794/1872
f 2116/2789/1858 2115/2788/1857 2126/2804/1868 2127/2796/1869
f 2100/2755/1842 2122/2785/1864 2133/2803/1875
f 2133/2803/1875 2132/2800/1874 2143/2805/1885 2144/2806/1886
f 2123/2792/1865 2096/2778/1838 2134/2807/1876
f 2130/2794/1872 2129/2801/1871 2140/2808/1882 2141/2809/1883
f 2127/2796/1869 2126/2804/1868 2137/2810/1879 2138/2811/1880
f 2100/2755/1842 2133/2803/1875 2144/2806/1886
f 2124/2793/1866 2123/2792/1865 2134/2807/1876 2135/2812/1877
f 2131/2795/1873 2130/2794/1872 2141/2809/1883 2142/2813/1884
f 2128/2797/1870 2127/2796/1869 2138/2811/1880 2139/2814/1881
f 2125/2798/1867 2124/2793/1866 2135/2812/1877 2136/2815/1878
f 2132/2816/1874 2131/2795/1873 2142/2813/1884 2143/2817/1885
f 2129/2801/1871 2128/2797/1870 2139/2814/1881 2140/2808/1882
f 2126/2802/1868 2125/2798/1867 2136/2815/1878 2137/2818/1879
f 2136/2815/1878 2135/2812/1877 2146/2819/1888 2147/2820/1889
f 2143/2817/1885 2142/2813/1884 2153/2821/1895 2154/2822/1896
f 2140/2808/1882 2139/2814/1881 2150/2823/1892 2151/2824/1893
f 2137/2818/1879 2136/2815/1878 2147/2820/1889 2148/2825/1890
f 2144/2806/1886 2143/2805/1885 2154/2826/1896 2155/2827/1897
f 2134/2807/1876 2096/2778/1838 2145/2828/1887
f 2141/2809/1883 2140/2808/1882 2151/2824/1893 2152/2829/1894
f 2138/2811/1880 2137/2810/1879 2148/2830/1890 2149/2831/1891
f 2100/2755/1842 2144/2806/1886 2155/2827/1897
f 2135/2812/1877 2134/2807/1876 2145/2828/1887 2146/2819/1888
f 2142/2813/1884 2141/2809/1883 2152/2829/1894 2153/2821/1895
f 2139/2814/1881 2138/2811/1880 2149/2831/1891 2150/2823/1892
f 2100/2755/1842 2155/2827/1897 2166/2832/1908
f 2146/2819/1888 2145/2828/1887 2156/2833/1898 2157/2834/1899
f 2153/2821/1895 2152/2829/1894 2163/2835/1905 2164/2836/1906
f 2150/2823/1892 2149/2831/1891 2160/2837/1902 2161/2838/1903
f 2147/2820/1889 2146/2819/1888 2157/2834/1899 2158/2839/1900
f 2154/2826/1896 2153/2840/1895 2164/2841/1906 2165/2842/1907
f 2151/2824/1893 2150/2823/1892 2161/2838/1903 2162/2843/1904
f 2148/2825/1890 2147/2820/1889 2158/2839/1900 2159/2844/1901
f 2155/2827/1897 2154/2826/1896 2165/2842/1907 2166/2832/1908
f 2145/2828/1887 2096/2778/1838 2156/2833/1898
f 2152/2829/1894 2151/2824/1893 2162/2843/1904 2163/2835/1905
f 2149/2831/1891 2148/2830/1890 2159/2845/1901 2160/2837/1902
f 2159/2844/1901 2158/2839/1900 2169/2846/1911 2170/2847/1912
f 2166/2832/1908 2165/2842/1907 2176/2848/1918 2177/2849/1919
f 2156/2833/1898 2096/2778/1838 2167/2850/1909
f 2163/2851/1905 2162/2852/1904 2173/2853/1915 2174/2854/1916
f 2160/2855/1902 2159/2856/1901 2170/2857/1912 2171/2858/1913
f 2100/2755/1842 2166/2832/1908 2177/2849/1919
f 2157/2834/1899 2156/2833/1898 2167/2850/1909 2168/2859/1910
f 2164/2836/1906 2163/2835/1905 2174/2860/1916 2175/2861/1917
f 2161/2862/1903 2160/2855/1902 2171/2858/1913 2172/2863/1914
f 2158/2839/1900 2157/2834/1899 2168/2859/1910 2169/2846/1911
f 2165/2842/1907 2164/2841/1906 2175/2864/1917 2176/2848/1918
f 2162/2852/1904 2161/2862/1903 2172/2863/1914 2173/2853/1915
f 2169/2846/1911 2168/2859/1910 2179/2865/1921 2180/2866/1922
f 2176/2848/1918 2175/2864/1917 2186/2867/1928 2187/2868/1929
f 2173/2853/1915 2172/2863/1914 2183/2869/1925 2184/2870/1926
f 2170/2857/1912 2169/2871/1911 2180/2872/1922 2181/2873/1923
f 2177/2849/1919 2176/2848/1918 2187/2868/1929 2188/2874/1930
f 2167/2850/1909 2096/2778/1838 2178/2875/1920
f 2174/2854/1916 2173/2853/1915 2184/2870/1926 2185/2876/1927
f 2171/2858/1913 2170/2857/1912 2181/2873/1923 2182/2877/1924
f 2100/2755/1842 2177/2849/1919 2188/2874/1930
f 2168/2859/1910 2167/2850/1909 2178/2875/1920 2179/2865/1921
f 2175/2878/1917 2174/2854/1916 2185/2876/1927 2186/2879/1928
f 2172/2863/1914 2171/2858/1913 2182/2877/1924 2183/2869/1925
f 2182/2877/1924 2181/2873/1923 2192/2880/1934 2193/2881/1935
f 2100/2755/1842 2188/2874/1930 2199/2882/1941
f 2179/2865/1921 2178/2875/1920 2189/2883/1931 2190/2884/1932
f 2186/2879/1928 2185/2876/1927 2196/2885/1938 2197/2886/1939
f 2183/2869/1925 2182/2877/1924 2193/2881/1935 2194/2887/1936
f 2180/2866/1922 2179/2865/1921 2190/2884/1932 2191/2888/1933
f 2187/2868/1929 2186/2867/1928 2197/2889/1939 2198/2890/1940
f 2184/2870/1926 2183/2869/1925 2194/2887/1936 2195/2891/1937
f 2181/2873/1923 2180/2872/1922 2191/2892/1933 2192/2880/1934
f 2188/2874/1930 2187/2868/1929 2198/2890/1940 2199/2882/1941
f 2178/2875/1920 2096/2778/1838 2189/2883/1931
f 2185/2876/1927 2184/2870/1926 2195/2891/1937 2196/2885/1938
f 2192/2880/1934 2191/2892/1933 2202/2893/1944 2203/2894/1945
f 2199/2882/1941 2198/2890/1940 2209/2895/1951 2210/2896/1952
f 2189/2883/1931 2096/2778/1838 2200/2897/1942
f 2196/2885/1938 2195/2891/1937 2206/2898/1948 2207/2899/1949
f 2193/2881/1935 2192/2880/1934 2203/2894/1945 2204/2900/1946
f 2100/2755/1842 2199/2882/1941 2210/2896/1952
f 2190/2884/1932 2189/2883/1931 2200/2897/1942 2201/2901/1943
f 2197/2886/1939 2196/2885/1938 2207/2899/1949 2208/2902/1950
f 2194/2887/1936 2193/2881/1935 2204/2900/1946 2205/2903/1947
f 2191/2888/1933 2190/2884/1932 2201/2901/1943 2202/2904/1944
f 2198/2890/1940 2197/2889/1939 2208/2905/1950 2209/2895/1951
f 2195/2891/1937 2194/2887/1936 2205/2903/1947 2206/2898/1948
f 2205/2903/1947 2204/2900/1946 2215/2906/1957 2216/2907/1958
f 2202/2904/1944 2201/2901/1943 2212/2908/1954 2213/2909/1955
f 2209/2895/1951 2208/2905/1950 2219/2910/1961 2220/2911/1962
f 2206/2898/1948 2205/2903/1947 2216/2907/1958 2217/2912/1959
f 2203/2894/1945 2202/2893/1944 2213/2913/1955 2214/2914/1956
f 2210/2896/1952 2209/2895/1951 2220/2911/1962 2221/2915/1963
f 2200/2897/1942 2096/2778/1838 2211/2916/1953
f 2207/2899/1949 2206/2898/1948 2217/2912/1959 2218/2917/1960
f 2204/2900/1946 2203/2894/1945 2214/2914/1956 2215/2906/1957
f 2100/2755/1842 2210/2896/1952 2221/2915/1963
f 2201/2901/1943 2200/2897/1942 2211/2916/1953 2212/2908/1954
f 2208/2902/1950 2207/2899/1949 2218/2917/1960 2219/2918/1961
f 2215/2919/1957 2214/2920/1956 2225/2921/1967 2226/2922/1968
f 2100/2755/1842 2221/2915/1963 2232/2923/1974
f 2212/2908/1954 2211/2916/1953 2222/2924/1964 2223/2925/1965
f 2219/2926/1961 2218/2927/1960 2229/2928/1971 2230/2929/1972
f 2216/2930/1958 2215/2919/1957 2226/2922/1968 2227/2931/1969
f 2213/2909/1955 2212/2908/1954 2223/2925/1965 2224/2932/1966
f 2220/2911/1962 2219/2910/1961 2230/2933/1972 2231/2934/1973
f 2217/2935/1959 2216/2930/1958 2227/2931/1969 2228/2936/1970
f 2214/2920/1956 2213/2937/1955 2224/2938/1966 2225/2921/1967
f 2221/2915/1963 2220/2911/1962 2231/2934/1973 2232/2923/1974
f 2211/2916/1953 2096/2778/1838 2222/2924/1964
f 2218/2927/1960 2217/2935/1959 2228/2936/1970 2229/2928/1971
f 2228/2936/1970 2227/2931/1969 2238/2939/1980 2239/2940/1981
f 2225/2921/1967 2224/2938/1966 2235/2941/1977 2236/2942/1978
f 2232/2923/1974 2231/2934/1973 2242/2943/1984 2243/2944/1985
f 2222/2924/1964 2096/2778/1838 2233/2945/1975
f 2229/2928/1971 2228/2936/1970 2239/2940/1981 2240/2946/1982
f 2226/2922/1968 2225/2921/1967 2236/2942/1978 2237/2947/1979
f 2100/2755/1842 2232/2923/1974 2243/2944/1985
f 2223/2925/1965 2222/2924/1964 2233/2945/1975 2234/2948/1976
f 2230/2929/1972 2229/2928/1971 2240/2946/1982 2241/2949/1983
f 2227/2931/1969 2226/2922/1968 2237/2947/1979 2238/2939/1980
f 2224/2932/1966 2223/2925/1965 2234/2948/1976 2235/2950/1977
f 2231/2934/1973 2230/2933/1972 2241/2951/1983 2242/2943/1984
f 2238/2939/1980 2237/2947/1979 2248/2952/1990 2249/2953/1991
f 2235/2950/1977 2234/2948/1976 2245/2954/1987 2246/2955/1988
f 2242/2943/1984 2241/2951/1983 2252/2956/1994 2253/2957/1995
f 2239/2940/1981 2238/2939/1980 2249/2953/1991 2250/2958/1992
f 2236/2942/1978 2235/2941/1977 2246/2959/1988 2247/2960/1989
f 2243/2944/1985 2242/2943/1984 2253/2957/1995 2254/2961/1996
f 2233/2945/1975 2096/2778/1838 2244/2962/1986
f 2240/2946/1982 2239/2940/1981 2250/2958/1992 2251/2963/1993
f 2237/2947/1979 2236/2942/1978 2247/2960/1989 2248/2952/1990
f 2100/2755/1842 2243/2944/1985 2254/2961/1996
f 2234/2948/1976 2233/2945/1975 2244/2962/1986 2245/2954/1987
f 2241/2949/1983 2240/2946/1982 2251/2963/1993 2252/2964/1994
f 2251/2963/1993 2250/2958/1992 2261/2965/2003 2262/2966/2004
f 2248/2952/1990 2247/2960/1989 2258/2967/2000 2259/2968/2001
f 2100/2755/1842 2254/2961/1996 2265/2969/2007
f 2245/2954/1987 2244/2962/1986 2255/2970/1997 2256/2971/1998
f 2252/2964/1994 2251/2963/1993 2262/2966/2004 2263/2972/2005
f 2249/2953/1991 2248/2952/1990 2259/2968/2001 2260/2973/2002
f 2246/2955/1988 2245/2954/1987 2256/2971/1998 2257/2974/1999
f 2253/2957/1995 2252/2956/1994 2263/2975/2005 2264/2976/2006
f 2250/2958/1992 2249/2953/1991 2260/2973/2002 2261/2965/2003
f 2247/2960/1989 2246/2959/1988 2257/2977/1999 2258/2967/2000
f 2254/2961/1996 2253/2957/1995 2264/2976/2006 2265/2969/2007
f 2244/2962/1986 2096/2778/1838 2255/2970/1997
f 2261/2965/2003 2260/2973/2002 2271/2978/2013 2272/2979/2014
f 2258/2967/2000 2257/2977/1999 2268/2980/2010 2269/2981/2011
f 2265/2969/2007 2264/2976/2006 2275/2982/2017 2276/2983/2018
f 2255/2970/1997 2096/2778/1838 2266/2984/2008
f 2262/2966/2004 2261/2965/2003 2272/2979/2014 2273/2985/2015
f 2259/2968/2001 2258/2967/2000 2269/2981/2011 2270/2986/2012
f 2100/2755/1842 2265/2969/2007 2276/2983/2018
f 2256/2971/1998 2255/2970/1997 2266/2984/2008 2267/2987/2009
f 2263/2972/2005 2262/2966/2004 2273/2985/2015 2274/2988/2016
f 2260/2973/2002 2259/2968/2001 2270/2986/2012 2271/2978/2013
f 2257/2974/1999 2256/2971/1998 2267/2987/2009 2268/2989/2010
f 2264/2976/2006 2263/2975/2005 2274/2990/2016 2275/2982/2017
f 2274/2990/2016 2273/2991/2015 2284/2992/2026 2285/2993/2027
f 2271/2978/2013 2270/2986/2012 2281/2994/2023 2282/2995/2024
f 2268/2989/2010 2267/2987/2009 2278/2996/2020 2279/2997/2021
f 2275/2982/2017 2274/2990/2016 2285/2993/2027 2286/2998/2028
f 2272/2979/2014 2271/2978/2013 2282/2995/2024 2283/2999/2025
f 2269/2981/2011 2268/2980/2010 2279/3000/2021 2280/3001/2022
f 2276/2983/2018 2275/2982/2017 2286/2998/2028 2287/3002/2029
f 2266/2984/2008 2096/2778/1838 2277/3003/2019
f 2273/2985/2015 2272/2979/2014 2283/2999/2025 2284/3004/2026
f 2270/2986/2012 2269/2981/2011 2280/3001/2022 2281/2994/2023
f 2100/2755/1842 2276/2983/2018 2287/3002/2029
f 2267/2987/2009 2266/2984/2008 2277/3003/2019 2278/2996/2020
f 2277/3003/2019 2096/2778/1838 2288/3005/2030
f 2284/3006/2026 2283/3007/2025 2294/3008/2036 2295/3009/2037
f 2281/3010/2023 2280/3011/2022 2291/3012/2033 2292/3013/2034
f 2100/2755/1842 2287/3002/2029 2298/3014/2040
f 2278/2996/2020 2277/3003/2019 2288/3005/2030 2289/3015/2031
f 2285/2993/2027 2284/2992/2026 2295/3016/2037 2296/3017/2038
f 2282/3018/2024 2281/3010/2023 2292/3013/2034 2293/3019/2035
f 2279/2997/2021 2278/2996/2020 2289/3015/2031 2290/3020/2032
f 2286/2998/2028 2285/2993/2027 2296/3017/2038 2297/3021/2039
f 2283/3007/2025 2282/3018/2024 2293/3019/2035 2294/3008/2036
f 2280/3011/2022 2279/3022/2021 2290/3023/2032 2291/3012/2033
f 2287/3002/2029 2286/2998/2028 2297/3021/2039 2298/3014/2040
f 2297/3021/2039 2296/3017/2038 2307/3024/2049 2308/3025/2050
f 2294/3008/2036 2293/3019/2035 2304/3026/2046 2305/3027/2047
f 2291/3012/2033 2290/3023/2032 2301/3028/2043 2302/3029/2044
f 2298/3014/2040 2297/3021/2039 2308/3025/2050 2309/3030/2051
f 2288/3005/2030 2096/2778/1838 2299/3031/2041
f 2295/3009/2037 2294/3008/2036 2305/3027/2047 2306/3032/2048
f 2292/3013/2034 2291/3012/2033 2302/3029/2044 2303/3033/2045
f 2100/2755/1842 2298/3014/2040 2309/3030/2051
f 2289/3015/2031 2288/3005/2030 2299/3031/2041 2300/3034/2042
f 2296/3017/2038 2295/3016/2037 2306/3035/2048 2307/3024/2049
f 2293/3019/2035 2292/3013/2034 2303/3033/2045 2304/3026/2046
f 2290/3020/2032 2289/3015/2031 2300/3034/2042 2301/3036/2043
f 2300/3034/2042 2299/3031/2041 2310/3037/2052 2311/3038/2053
f 2307/3039/2049 2306/3032/2048 2317/3040/2059 2318/3041/2060
f 2304/3026/2046 2303/3033/2045 2314/3042/2056 2315/3043/2057
f 2301/3036/2043 2300/3034/2042 2311/3038/2053 2312/3044/2054
f 2308/3025/2050 2307/3024/2049 2318/3045/2060 2319/3046/2061
f 2305/3027/2047 2304/3026/2046 2315/3043/2057 2316/3047/2058
f 2302/3029/2044 2301/3028/2043 2312/3048/2054 2313/3049/2055
f 2309/3030/2051 2308/3025/2050 2319/3046/2061 2320/3050/2062
f 2299/3031/2041 2096/2778/1838 2310/3037/2052
f 2306/3032/2048 2305/3027/2047 2316/3047/2058 2317/3040/2059
f 2303/3033/2045 2302/3029/2044 2313/3049/2055 2314/3042/2056
f 2100/2755/1842 2309/3030/2051 2320/3050/2062
f 2320/3050/2062 2319/3046/2061 2330/3051/2072 2331/3052/2073
f 2310/3037/2052 2096/2778/1838 2321/3053/2063
f 2317/3040/2059 2316/3047/2058 2327/3054/2069 2328/3055/2070
f 2314/3042/2056 2313/3049/2055 2324/3056/2066 2325/3057/2067
f 2100/2755/1842 2320/3050/2062 2331/3052/2073
f 2311/3038/2053 2310/3037/2052 2321/3053/2063 2322/3058/2064
f 2318/3041/2060 2317/3040/2059 2328/3055/2070 2329/3059/2071
f 2315/3043/2057 2314/3042/2056 2325/3057/2067 2326/3060/2068
f 2312/3044/2054 2311/3038/2053 2322/3058/2064 2323/3061/2065
f 2319/3046/2061 2318/3045/2060 2329/3062/2071 2330/3051/2072
f 2316/3047/2058 2315/3043/2057 2326/3060/2068 2327/3054/2069
f 2313/3049/2055 2312/3048/2054 2323/3063/2065 2324/3056/2066
f 2323/3061/2065 2322/3058/2064 2333/3064/2075 2334/3065/2076
f 2330/3051/2072 2329/3062/2071 2340/3066/2082 2341/3067/2083
f 2327/3054/2069 2326/3060/2068 2337/3068/2079 2338/3069/2080
f 2324/3056/2066 2323/3063/2065 2334/3070/2076 2335/3071/2077
f 2331/3052/2073 2330/3051/2072 2341/3067/2083 2342/3072/2084
f 2321/3053/2063 2096/2778/1838 2332/3073/2074
f 2328/3055/2070 2327/3054/2069 2338/3069/2080 2339/3074/2081
f 2325/3057/2067 2324/3056/2066 2335/3071/2077 2336/3075/2078
f 2100/2755/1842 2331/3052/2073 2342/3072/2084
f 2322/3058/2064 2321/3053/2063 2332/3073/2074 2333/3064/2075
f 2329/3059/2071 2328/3055/2070 2339/3074/2081 2340/3076/2082
f 2326/3060/2068 2325/3057/2067 2336/3075/2078 2337/3068/2079
f 2100/2755/1842 2342/3072/2084 2353/3077/2095
f 2333/3064/2075 2332/3073/2074 2343/3078/2085 2344/3079/2086
f 2340/3066/2082 2339/3080/2081 2350/3081/2092 2351/3082/2093
f 2337/3068/2079 2336/3075/2078 2347/3083/2089 2348/3084/2090
f 2334/3065/2076 2333/3064/2075 2344/3079/2086 2345/3085/2087
f 2341/3067/2083 2340/3066/2082 2351/3082/2093 2352/3086/2094
f 2338/3069/2080 2337/3068/2079 2348/3084/2090 2349/3087/2091
f 2335/3071/2077 2334/3070/2076 2345/3088/2087 2346/3089/2088
f 2342/3072/2084 2341/3067/2083 2352/3086/2094 2353/3077/2095
f 2332/3073/2074 2096/2778/1838 2343/3078/2085
f 2339/3074/2081 2338/3069/2080 2349/3087/2091 2350/3090/2092
f 2336/3075/2078 2335/3071/2077 2346/3089/2088 2347/3083/2089
f 2346/3089/2088 2345/3088/2087 2355/3091/2097 2356/3092/2098
f 2353/3077/2095 2352/3086/2094 2099/2770/1841 2361/2756/2103
f 2343/3078/2085 2096/2778/1838 2354/2759/2096
f 2350/3090/2092 2349/3087/2091 2359/3093/2101 2360/3094/2102
f 2347/3083/2089 2346/3089/2088 2356/3092/2098 2357/3095/2099
f 2100/2755/1842 2353/3077/2095 2361/2756/2103
f 2344/3079/2086 2343/3078/2085 2354/2759/2096 2097/2758/1839
f 2351/3082/2093 2350/3081/2092 2360/3096/2102 2098/2771/1840
f 2348/3084/2090 2347/3083/2089 2357/3095/2099 2358/3097/2100
f 2345/3085/2087 2344/3079/2086 2097/2758/1839 2355/2768/2097
f 2352/3086/2094 2351/3082/2093 2098/2771/1840 2099/2770/1841
f 2349/3087/2091 2348/3084/2090 2358/3097/2100 2359/3093/2101
