# Blender 5.0.1
# www.blender.org
mtllib loose_papers.mtl
o SM_LoosePapers
v -10.500000 -14.849999 0.070574
v -9.625000 -14.849999 0.062117
v -8.750000 -14.849999 0.074693
v -7.875000 -14.849999 0.120498
v -6.999999 -14.849999 0.168880
v -6.125000 -14.849999 0.170991
v -5.250000 -14.849999 0.105250
v -4.375000 -14.849999 0.002247
v -3.500000 -14.849999 -0.074842
v -2.625000 -14.849999 -0.078918
v -1.749999 -14.849999 -0.015164
v -0.875000 -14.849999 0.066086
v 0.000000 -14.849999 0.112704
v 0.875000 -14.849999 0.111860
v 1.750001 -14.849999 0.093464
v 2.625000 -14.849999 0.095123
v 3.500000 -14.849999 0.122422
v 4.375000 -14.849999 0.141923
v 5.250000 -14.849999 0.113743
v 6.125000 -14.849999 0.033678
v 7.000001 -14.849999 -0.054783
v 7.875000 -14.849999 -0.091659
v 8.750000 -14.849999 -0.049019
v 9.625001 -14.849999 0.045334
v 10.500000 -14.849999 0.129953
v -10.500000 -13.921875 0.008292
v -9.625000 -13.921875 0.046703
v -8.750000 -13.921875 0.125983
v -7.875000 -13.921875 0.204365
v -6.999999 -13.921875 0.224609
v -6.125000 -13.921875 0.161838
v -5.250000 -13.921875 0.047790
v -4.375000 -13.921875 -0.050871
v -3.500000 -13.921875 -0.082557
v -2.625000 -13.921875 -0.046850
v -1.749999 -13.921875 0.012942
v -0.875000 -13.921875 0.051891
v 0.000000 -13.921875 0.061425
v 0.875000 -13.921875 0.069675
v 1.750001 -13.921875 0.105929
v 2.625000 -13.921875 0.164042
v 3.500000 -13.921875 0.200597
v 4.375000 -13.921875 0.171523
v 5.250000 -13.921875 0.074886
v 6.125000 -13.921875 -0.039550
v 7.000001 -13.921875 -0.104770
v 7.875000 -13.921875 -0.086831
v 8.750000 -13.921875 -0.008535
v 9.625001 -13.921875 0.072956
v 10.500000 -13.921875 0.113884
v -10.500000 -12.993750 -0.013632
v -9.625000 -12.993750 0.082484
v -8.750000 -12.993750 0.187790
v -7.875000 -12.993750 0.237639
v -6.999999 -12.993750 0.200737
v -6.125000 -12.993750 0.103544
v -5.250000 -12.993750 0.008329
v -4.375000 -12.993750 -0.035880
v -3.500000 -12.993750 -0.027231
v -2.625000 -12.993750 -0.002159
v -1.749999 -12.993750 0.005397
v -0.875000 -12.993750 -0.002284
v 0.000000 -12.993750 0.008716
v 0.875000 -12.993750 0.065898
v 1.750001 -12.993750 0.155176
v 2.625000 -12.993750 0.223153
v 3.500000 -12.993750 0.217696
v 4.375000 -12.993750 0.132359
v 5.250000 -12.993750 0.015345
v 6.125000 -12.993750 -0.065932
v 7.000001 -12.993750 -0.074995
v 7.875000 -12.993750 -0.028939
v 8.750000 -12.993750 0.023990
v 9.625001 -12.993750 0.049725
v 10.500000 -12.993750 0.055273
v -10.500000 -12.065624 0.026571
v -9.625000 -12.065624 0.134292
v -8.750000 -12.065624 0.199578
v -7.875000 -12.065624 0.188725
v -6.999999 -12.065624 0.122807
v -6.125000 -12.065624 0.055558
v -5.250000 -12.065624 0.026545
v -4.375000 -12.065624 0.031378
v -3.500000 -12.065624 0.034155
v -2.625000 -12.065624 0.008565
v -1.749999 -12.065624 -0.031790
v -0.875000 -12.065624 -0.043019
v 0.000000 -12.065624 0.007431
v 0.875000 -12.065624 0.105221
v 1.750001 -12.065624 0.193379
v 2.625000 -12.065624 0.214958
v 3.500000 -12.065624 0.158076
v 4.375000 -12.065624 0.064513
v 5.250000 -12.065624 -0.005283
v 6.125000 -12.065624 -0.020010
v 7.000001 -12.065624 0.003078
v 7.875000 -12.065624 0.022197
v 8.750000 -12.065624 0.014501
v 9.625001 -12.065624 -0.001777
v 10.500000 -12.065624 0.013108
v -10.500000 -11.137500 0.090564
v -9.625000 -11.137500 0.143664
v -8.750000 -11.137500 0.136337
v -7.875000 -11.137500 0.090474
v -6.999999 -11.137500 0.054264
v -6.125000 -11.137500 0.056886
v -5.250000 -11.137500 0.083181
v -4.375000 -11.137500 0.090868
v -3.500000 -11.137500 0.053792
v -2.625000 -11.137500 -0.009173
v -1.749999 -11.137500 -0.047081
v -0.875000 -11.137500 -0.021192
v 0.000000 -11.137500 0.058859
v 0.875000 -11.137500 0.139938
v 1.750001 -11.137500 0.167982
v 2.625000 -11.137500 0.131418
v 3.500000 -11.137500 0.067774
v 4.375000 -11.137500 0.028608
v 5.250000 -11.137500 0.034676
v 6.125000 -11.137500 0.061282
v 7.000001 -11.137500 0.065863
v 7.875000 -11.137500 0.031498
v 8.750000 -11.137500 -0.014297
v 9.625001 -11.137500 -0.023394
v 10.500000 -11.137500 0.027693
v -10.500000 -10.209374 0.117977
v -9.625000 -10.209374 0.088686
v -8.750000 -10.209374 0.036130
v -7.875000 -10.209374 0.010273
v -6.999999 -10.209374 0.035585
v -6.125000 -10.209374 0.088681
v -5.250000 -10.209374 0.119544
v -4.375000 -10.209374 0.097175
v -3.500000 -10.209374 0.038407
v -2.625000 -10.209374 -0.006338
v -1.749999 -10.209374 0.002243
v -0.875000 -10.209374 0.057215
v 0.000000 -10.209374 0.111431
v 0.875000 -10.209374 0.119331
v 1.750001 -10.209374 0.077065
v 2.625000 -10.209374 0.025052
v 3.500000 -10.209374 0.010923
v 4.375000 -10.209374 0.046411
v 5.250000 -10.209374 0.097057
v 6.125000 -10.209374 0.113942
v 7.000001 -10.209374 0.078655
v 7.875000 -10.209374 0.020770
v 8.750000 -10.209374 -0.008176
v 9.625001 -10.209374 0.019069
v 10.500000 -10.209374 0.080604
v -10.500000 -9.281249 0.086232
v -9.625000 -9.281249 0.008308
v -8.750000 -9.281249 -0.033325
v -7.875000 -9.281249 -0.011693
v -6.999999 -9.281249 0.048985
v -6.125000 -9.281249 0.096426
v -5.250000 -9.281249 0.096710
v -4.375000 -9.281249 0.062376
v -3.500000 -9.281249 0.037570
v -2.625000 -9.281249 0.054614
v -1.749999 -9.281249 0.102118
v -0.875000 -9.281249 0.134138
v 0.000000 -9.281249 0.112430
v 0.875000 -9.281249 0.043506
v 1.750001 -9.281249 -0.023600
v 2.625000 -9.281249 -0.037867
v 3.500000 -9.281249 0.010387
v 4.375000 -9.281249 0.081668
v 5.250000 -9.281249 0.121767
v 6.125000 -9.281249 0.107802
v 7.000001 -9.281249 0.065143
v 7.875000 -9.281249 0.041008
v 8.750000 -9.281249 0.059491
v 9.625001 -9.281249 0.099208
v 10.500000 -9.281249 0.113876
v -10.500000 -8.353125 0.032262
v -9.625000 -8.353125 -0.033678
v -8.750000 -8.353125 -0.036423
v -7.875000 -8.353125 0.004798
v -6.999999 -8.353125 0.043089
v -6.125000 -8.353125 0.048836
v -5.250000 -8.353125 0.035022
v -4.375000 -8.353125 0.040483
v -3.500000 -8.353125 0.087594
v -2.625000 -8.353125 0.154523
v -1.749999 -8.353125 0.189168
v -0.875000 -8.353125 0.153799
v 0.000000 -8.353125 0.060855
v 0.875000 -8.353125 -0.032860
v 1.750001 -8.353125 -0.069846
v 2.625000 -8.353125 -0.036208
v 3.500000 -8.353125 0.031231
v 4.375000 -8.353125 0.079908
v 5.250000 -8.353125 0.086583
v 6.125000 -8.353125 0.072537
v 7.000001 -8.353125 0.076814
v 7.875000 -8.353125 0.113722
v 8.750000 -8.353125 0.154892
v 9.625001 -8.353125 0.153474
v 10.500000 -8.353125 0.089044
v -10.500000 -7.425000 0.014522
v -9.625000 -7.425000 -0.009462
v -8.750000 -7.425000 0.000999
v -7.875000 -7.425000 0.007667
v -6.999999 -7.425000 -0.008446
v -6.125000 -7.425000 -0.026363
v -5.250000 -7.425000 -0.005836
v -4.375000 -7.425000 0.069705
v -3.500000 -7.425000 0.168477
v -2.625000 -7.425000 0.228882
v -1.749999 -7.425000 0.207371
v -0.875000 -7.425000 0.114643
v 0.000000 -7.425000 0.008422
v 0.875000 -7.425000 -0.051351
v 1.750001 -7.425000 -0.046565
v 2.625000 -7.425000 -0.007310
v 3.500000 -7.425000 0.022392
v 4.375000 -7.425000 0.026641
v 5.250000 -7.425000 0.028959
v 6.125000 -7.425000 0.063504
v 7.000001 -7.425000 0.134221
v 7.875000 -7.425000 0.201542
v 8.750000 -7.425000 0.211307
v 9.625001 -7.425000 0.141741
v 10.500000 -7.425000 0.026671
v -10.500000 -6.496875 0.053562
v -9.625000 -6.496875 0.047578
v -8.750000 -6.496875 0.022995
v -7.875000 -6.496875 -0.028588
v -6.999999 -6.496875 -0.074476
v -6.125000 -6.496875 -0.066494
v -5.250000 -6.496875 0.013723
v -4.375000 -6.496875 0.131086
v -3.500000 -6.496875 0.218313
v -2.625000 -6.496875 0.225836
v -1.749999 -6.496875 0.158375
v -0.875000 -6.496875 0.067491
v 0.000000 -6.496875 0.007709
v 0.875000 -6.496875 -0.004984
v 1.750001 -6.496875 0.002995
v 2.625000 -6.496875 -0.002858
v 3.500000 -6.496875 -0.026463
v 4.375000 -6.496875 -0.035067
v 5.250000 -6.496875 0.008060
v 6.125000 -6.496875 0.102489
v 7.000001 -6.496875 0.200331
v 7.875000 -6.496875 0.239031
v 8.750000 -6.496875 0.190589
v 9.625001 -6.496875 0.084871
v 10.500000 -6.496875 -0.013459
v -10.500000 -5.568750 0.110901
v -9.625000 -5.568750 0.078046
v -8.750000 -5.568750 0.003054
v -7.875000 -5.568750 -0.073081
v -6.999999 -5.568750 -0.093753
v -6.125000 -5.568750 -0.034392
v -5.250000 -5.568750 0.073753
v -4.375000 -5.568750 0.165578
v -3.500000 -5.568750 0.191769
v -2.625000 -5.568750 0.153929
v -1.749999 -5.568750 0.096122
v -0.875000 -5.568750 0.062420
v 0.000000 -5.568750 0.059430
v 0.875000 -5.568750 0.056953
v 1.750001 -5.568750 0.024328
v 2.625000 -5.568750 -0.032807
v 3.500000 -5.568750 -0.070986
v 4.375000 -5.568750 -0.045839
v 5.250000 -5.568750 0.045176
v 6.125000 -5.568750 0.153476
v 7.000001 -5.568750 0.213816
v 7.875000 -5.568750 0.194066
v 8.750000 -5.568750 0.117966
v 9.625001 -5.568750 0.042090
v 10.500000 -5.568750 0.008227
v -10.500000 -4.640625 0.127493
v -9.625000 -4.640625 0.056501
v -8.750000 -4.640625 -0.028477
v -7.875000 -4.640625 -0.068486
v -6.999999 -4.640625 -0.035411
v -6.125000 -4.640625 0.044904
v -5.250000 -4.640625 0.114835
v -4.375000 -4.640625 0.132781
v -3.500000 -4.640625 0.104677
v -2.625000 -4.640625 0.072507
v -1.749999 -4.640625 0.071855
v -0.875000 -4.640625 0.098020
v 0.000000 -4.640625 0.111722
v 0.875000 -4.640625 0.078847
v 1.750001 -4.640625 0.007224
v 2.625000 -4.640625 -0.054366
v 3.500000 -4.640625 -0.055747
v 4.375000 -4.640625 0.010939
v 5.250000 -4.640625 0.102313
v 6.125000 -4.640625 0.158188
v 7.000001 -4.640625 0.149619
v 7.875000 -4.640625 0.099026
v 8.750000 -4.640625 0.055910
v 9.625001 -4.640625 0.051184
v 10.500000 -4.640625 0.071534
v -10.500000 -3.712500 0.083221
v -9.625000 -3.712500 0.016011
v -8.750000 -3.712500 -0.016765
v -7.875000 -3.712500 0.009100
v -6.999999 -3.712500 0.067920
v -6.125000 -3.712500 0.107919
v -5.250000 -3.712500 0.097518
v -4.375000 -3.712500 0.052544
v -3.500000 -3.712500 0.020175
v -2.625000 -3.712500 0.034599
v -1.749999 -3.712500 0.084827
v -0.875000 -3.712500 0.124028
v 0.000000 -3.712500 0.112150
v 0.875000 -3.712500 0.053310
v 1.750001 -3.712500 -0.006087
v 2.625000 -3.712500 -0.017301
v 3.500000 -3.712500 0.028168
v 4.375000 -3.712500 0.091372
v 5.250000 -3.712500 0.120434
v 6.125000 -3.712500 0.095861
v 7.000001 -3.712500 0.046239
v 7.875000 -3.712500 0.020700
v 8.750000 -3.712500 0.043432
v 9.625001 -3.712500 0.091573
v 10.500000 -3.712500 0.116460
v -10.500000 -2.784375 0.017723
v -9.625000 -2.784375 0.012844
v -8.750000 -2.784375 0.058179
v -7.875000 -2.784375 0.120847
v -6.999999 -2.784375 0.147993
v -6.125000 -2.784375 0.113389
v -5.250000 -2.784375 0.041548
v -4.375000 -2.784375 -0.012498
v -3.500000 -2.784375 -0.010071
v -2.625000 -2.784375 0.039102
v -1.749999 -2.784375 0.087751
v -0.875000 -2.784375 0.094455
v 0.000000 -2.784375 0.060285
v 0.875000 -2.784375 0.025858
v 1.750001 -2.784375 0.032024
v 2.625000 -2.784375 0.080336
v 3.500000 -2.784375 0.129680
v 4.375000 -2.784375 0.132628
v 5.250000 -2.784375 0.078987
v 6.125000 -2.784375 0.007069
v 7.000001 -2.784375 -0.028025
v 7.875000 -2.784375 -0.001341
v 8.750000 -2.784375 0.061310
v 9.625001 -2.784375 0.107088
v 10.500000 -2.784375 0.102712
v -10.500000 -1.856250 -0.008463
v -9.625000 -1.856250 0.067116
v -8.750000 -1.856250 0.155512
v -7.875000 -1.856250 0.196834
v -6.999999 -1.856250 0.162749
v -6.125000 -1.856250 0.079530
v -5.250000 -1.856250 0.005624
v -4.375000 -1.856250 -0.016392
v -3.500000 -1.856250 0.008518
v -2.625000 -1.856250 0.039213
v -1.749999 -1.856250 0.040633
v -0.875000 -1.856250 0.017431
v 0.000000 -1.856250 0.008134
v 0.875000 -1.856250 0.045544
v 1.750001 -1.856250 0.120401
v 2.625000 -1.856250 0.182928
v 3.500000 -1.856250 0.182749
v 4.375000 -1.856250 0.112606
v 5.250000 -1.856250 0.016957
v 6.125000 -1.856250 -0.042853
v 7.000001 -1.856250 -0.036941
v 7.875000 -1.856250 0.012875
v 8.750000 -1.856250 0.057312
v 9.625001 -1.856250 0.065232
v 10.500000 -1.856250 0.049216
v -10.500000 -0.928125 0.026356
v -9.625000 -0.928125 0.139443
v -8.750000 -0.928125 0.208090
v -7.875000 -0.928125 0.198265
v -6.999999 -0.928125 0.131333
v -6.125000 -0.928125 0.061335
v -5.250000 -0.928125 0.028055
v -4.375000 -0.928125 0.027662
v -3.500000 -0.928125 0.025565
v -2.625000 -0.928125 -0.002720
v -1.749999 -0.928125 -0.042179
v -0.875000 -0.928125 -0.048917
v 0.000000 -0.928125 0.007991
v 0.875000 -0.928125 0.111735
v 1.750001 -0.928125 0.203327
v 2.625000 -0.928125 0.225143
v 3.500000 -0.928125 0.165898
v 4.375000 -0.928125 0.068486
v 5.250000 -0.928125 -0.005742
v 6.125000 -0.928125 -0.024888
v 7.000001 -0.928125 -0.005510
v 7.875000 -0.928125 0.011690
v 8.750000 -0.928125 0.004989
v 9.625001 -0.928125 -0.007061
v 10.500000 -0.928125 0.014179
v -10.500000 -0.000000 0.084134
v -9.625000 -0.000000 0.167619
v -8.750000 -0.000000 0.184091
v -7.875000 -0.000000 0.149373
v -6.999999 -0.000000 0.108542
v -6.125000 -0.000000 0.091488
v -5.250000 -0.000000 0.087917
v -4.375000 -0.000000 0.063751
v -3.500000 -0.000000 0.002196
v -2.625000 0.000000 -0.070411
v -1.749999 0.000000 -0.100225
v -0.875000 0.000000 -0.051172
v 0.000000 -0.000000 0.060000
v 0.875000 -0.000000 0.171172
v 1.750001 -0.000000 0.220225
v 2.625000 -0.000000 0.190411
v 3.500000 -0.000000 0.117804
v 4.375000 -0.000000 0.056249
v 5.250000 -0.000000 0.032083
v 6.125000 -0.000000 0.028512
v 7.000001 -0.000000 0.011458
v 7.875000 0.000000 -0.029373
v 8.750000 0.000000 -0.064091
v 9.625001 0.000000 -0.047619
v 10.500000 -0.000000 0.035866
v -10.500000 0.928125 0.105821
v -9.625000 0.928125 0.127061
v -8.750000 0.928125 0.115011
v -7.875000 0.928125 0.108310
v -6.999999 0.928125 0.125510
v -6.125000 0.928125 0.144888
v -5.250000 0.928125 0.125742
v -4.375000 0.928125 0.051514
v -3.500000 0.928125 -0.045898
v -2.625000 0.928125 -0.105143
v -1.749999 0.928125 -0.083327
v -0.875000 0.928125 0.008265
v 0.000000 0.928125 0.112009
v 0.875000 0.928125 0.168917
v 1.750001 0.928125 0.162179
v 2.625000 0.928125 0.122720
v 3.500000 0.928125 0.094435
v 4.375000 0.928125 0.092338
v 5.250000 0.928125 0.091945
v 6.125000 0.928125 0.058665
v 7.000001 0.928125 -0.011333
v 7.875000 0.928125 -0.078265
v 8.750000 0.928125 -0.088090
v 9.625001 0.928125 -0.019443
v 10.500000 0.928125 0.093644
v -10.500000 1.856250 0.070784
v -9.625000 1.856250 0.054768
v -8.750000 1.856250 0.062688
v -7.875000 1.856250 0.107125
v -6.999999 1.856250 0.156941
v -6.125000 1.856250 0.162853
v -5.250000 1.856250 0.103043
v -4.375000 1.856250 0.007394
v -3.500000 1.856250 -0.062749
v -2.625000 1.856250 -0.062928
v -1.749999 1.856250 -0.000401
v -0.875000 1.856250 0.074456
v 0.000000 1.856250 0.111866
v 0.875000 1.856250 0.102569
v 1.750001 1.856250 0.079367
v 2.625000 1.856250 0.080787
v 3.500000 1.856250 0.111483
v 4.375000 1.856250 0.136392
v 5.250000 1.856250 0.114376
v 6.125000 1.856250 0.040470
v 7.000001 1.856250 -0.042749
v 7.875000 1.856250 -0.076834
v 8.750000 1.856250 -0.035512
v 9.625001 1.856250 0.052884
v 10.500000 1.856250 0.128463
v -10.500000 2.784375 0.017288
v -9.625000 2.784375 0.012912
v -8.750000 2.784375 0.058690
v -7.875000 2.784375 0.121341
v -6.999999 2.784375 0.148025
v -6.125000 2.784375 0.112931
v -5.250000 2.784375 0.041013
v -4.375000 2.784375 -0.012628
v -3.500000 2.784375 -0.009680
v -2.625000 2.784375 0.039664
v -1.749999 2.784375 0.087977
v -0.875000 2.784375 0.094142
v 0.000000 2.784375 0.059715
v 0.875000 2.784375 0.025545
v 1.750001 2.784375 0.032249
v 2.625000 2.784375 0.080898
v 3.500000 2.784375 0.130072
v 4.375000 2.784375 0.132498
v 5.250000 2.784375 0.078452
v 6.125000 2.784375 0.006611
v 7.000001 2.784375 -0.027993
v 7.875000 2.784375 -0.000847
v 8.750000 2.784375 0.061821
v 9.625001 2.784375 0.107156
v 10.500000 2.784375 0.102277
v -10.500000 3.712500 0.003540
v -9.625000 3.712500 0.028427
v -8.750000 3.712500 0.076568
v -7.875000 3.712500 0.099300
v -6.999999 3.712500 0.073760
v -6.125000 3.712500 0.024139
v -5.250000 3.712500 -0.000434
v -4.375000 3.712500 0.028628
v -3.500000 3.712500 0.091832
v -2.625000 3.712500 0.137301
v -1.749999 3.712500 0.126087
v -0.875000 3.712500 0.066690
v 0.000000 3.712500 0.007850
v 0.875000 3.712500 -0.004028
v 1.750001 3.712500 0.035173
v 2.625000 3.712500 0.085401
v 3.500000 3.712500 0.099825
v 4.375000 3.712500 0.067456
v 5.250000 3.712500 0.022482
v 6.125000 3.712500 0.012081
v 7.000001 3.712500 0.052080
v 7.875000 3.712500 0.110900
v 8.750000 3.712500 0.136765
v 9.625001 3.712500 0.103989
v 10.500000 3.712500 0.036779
v -10.500000 4.640625 0.048466
v -9.625000 4.640625 0.068816
v -8.750000 4.640625 0.064090
v -7.875000 4.640625 0.020974
v -6.999999 4.640625 -0.029619
v -6.125000 4.640625 -0.038188
v -5.250000 4.640625 0.017687
v -4.375000 4.640625 0.109061
v -3.500000 4.640625 0.175747
v -2.625000 4.640625 0.174366
v -1.749999 4.640625 0.112776
v -0.875000 4.640625 0.041153
v 0.000000 4.640625 0.008278
v 0.875000 4.640625 0.021980
v 1.750001 4.640625 0.048145
v 2.625000 4.640625 0.047493
v 3.500000 4.640625 0.015323
v 4.375000 4.640625 -0.012781
v 5.250000 4.640625 0.005165
v 6.125000 4.640625 0.075097
v 7.000001 4.640625 0.155412
v 7.875000 4.640625 0.188486
v 8.750000 4.640625 0.148477
v 9.625001 4.640625 0.063499
v 10.500000 4.640625 -0.007493
v -10.500000 5.568750 0.111773
v -9.625000 5.568750 0.077910
v -8.750000 5.568750 0.002034
v -7.875000 5.568750 -0.074066
v -6.999999 5.568750 -0.093816
v -6.125000 5.568750 -0.033476
v -5.250000 5.568750 0.074824
v -4.375000 5.568750 0.165840
v -3.500000 5.568750 0.190986
v -2.625000 5.568750 0.152807
v -1.749999 5.568750 0.095672
v -0.875000 5.568750 0.063047
v 0.000000 5.568750 0.060570
v 0.875000 5.568750 0.057580
v 1.750001 5.568750 0.023877
v 2.625000 5.568750 -0.033929
v 3.500000 5.568750 -0.071769
v 4.375000 5.568750 -0.045578
v 5.250000 5.568750 0.046247
v 6.125000 5.568750 0.154392
v 7.000001 5.568750 0.213753
v 7.875000 5.568750 0.193081
v 8.750000 5.568750 0.116946
v 9.625001 5.568750 0.041954
v 10.500000 5.568750 0.009099
v -10.500000 6.496875 0.133459
v -9.625000 6.496875 0.035129
v -8.750000 6.496875 -0.070589
v -7.875000 6.496875 -0.119031
v -6.999999 6.496875 -0.080331
v -6.125000 6.496875 0.017511
v -5.250000 6.496875 0.111940
v -4.375000 6.496875 0.155067
v -3.500000 6.496875 0.146463
v -2.625000 6.496875 0.122858
v -1.749999 6.496875 0.117005
v -0.875000 6.496875 0.124984
v 0.000000 6.496875 0.112291
v 0.875000 6.496875 0.052509
v 1.750001 6.496875 -0.038375
v 2.625000 6.496875 -0.105836
v 3.500000 6.496875 -0.098313
v 4.375000 6.496875 -0.011086
v 5.250000 6.496875 0.106277
v 6.125000 6.496875 0.186494
v 7.000001 6.496875 0.194476
v 7.875000 6.496875 0.148588
v 8.750000 6.496875 0.097005
v 9.625001 6.496875 0.072422
v 10.500000 6.496875 0.066438
v -10.500000 7.425000 0.093329
v -9.625000 7.425000 -0.021741
v -8.750000 7.425000 -0.091307
v -7.875000 7.425000 -0.081542
v -6.999999 7.425000 -0.014221
v -6.125000 7.425000 0.056496
v -5.250000 7.425000 0.091041
v -4.375000 7.425000 0.093359
v -3.500000 7.425000 0.097608
v -2.625000 7.425000 0.127310
v -1.749999 7.425000 0.166565
v -0.875000 7.425000 0.171351
v 0.000000 7.425000 0.111578
v 0.875000 7.425000 0.005357
v 1.750001 7.425000 -0.087371
v 2.625000 7.425000 -0.108882
v 3.500000 7.425000 -0.048477
v 4.375000 7.425000 0.050295
v 5.250000 7.425000 0.125836
v 6.125000 7.425000 0.146363
v 7.000001 7.425000 0.128446
v 7.875000 7.425000 0.112333
v 8.750000 7.425000 0.119001
v 9.625001 7.425000 0.129462
v 10.500000 7.425000 0.105478
v -10.500000 8.353125 0.030956
v -9.625000 8.353125 -0.033474
v -8.750000 8.353125 -0.034892
v -7.875000 8.353125 0.006278
v -6.999999 8.353125 0.043186
v -6.125000 8.353125 0.047463
v -5.250000 8.353125 0.033417
v -4.375000 8.353125 0.040092
v -3.500000 8.353125 0.088770
v -2.625000 8.353125 0.156208
v -1.749999 8.353125 0.189846
v -0.875000 8.353125 0.152860
v 0.000000 8.353125 0.059145
v 0.875000 8.353125 -0.033799
v 1.750001 8.353125 -0.069168
v 2.625000 8.353125 -0.034523
v 3.500000 8.353125 0.032406
v 4.375000 8.353125 0.079517
v 5.250000 8.353125 0.084978
v 6.125000 8.353125 0.071164
v 7.000001 8.353125 0.076911
v 7.875000 8.353125 0.115202
v 8.750000 8.353125 0.156423
v 9.625001 8.353125 0.153678
v 10.500000 8.353125 0.087738
v -10.500000 9.281249 0.020020
v -9.625000 9.281249 0.030992
v -8.750000 9.281249 0.063166
v -7.875000 9.281249 0.078992
v -6.999999 9.281249 0.054856
v -6.125000 9.281249 0.012198
v -5.250000 9.281249 -0.001767
v -4.375000 9.281249 0.038332
v -3.500000 9.281249 0.109613
v -2.625000 9.281249 0.157867
v -1.749999 9.281249 0.143600
v -0.875000 9.281249 0.076494
v 0.000000 9.281249 0.007570
v 0.875000 9.281249 -0.014138
v 1.750001 9.281249 0.017882
v 2.625000 9.281249 0.065386
v 3.500000 9.281249 0.082430
v 4.375000 9.281249 0.057624
v 5.250000 9.281249 0.023290
v 6.125000 9.281249 0.023574
v 7.000001 9.281249 0.071015
v 7.875000 9.281249 0.131693
v 8.750000 9.281249 0.153325
v 9.625001 9.281249 0.111692
v 10.500000 9.281249 0.033768
v -10.500000 10.209374 0.158576
v -9.625000 10.209374 0.206544
v -8.750000 10.209374 0.199087
v -7.875000 10.209374 0.129634
v -6.999999 10.209374 0.044445
v -6.125000 10.209374 0.006058
v -5.250000 10.209374 0.022943
v -4.375000 10.209374 0.073589
v -3.500000 10.209374 0.109077
v -2.625000 10.209374 0.094948
v -1.749999 10.209374 0.042935
v -0.875000 10.209374 0.000669
v 0.000000 10.209374 0.008569
v 0.875000 10.209374 0.062785
v 1.750001 10.209374 0.117757
v 2.625000 10.209374 0.126338
v 3.500000 10.209374 0.081593
v 4.375000 10.209374 0.022825
v 5.250000 10.209374 0.000456
v 6.125000 10.209374 0.031319
v 7.000001 10.209374 0.084415
v 7.875000 10.209374 0.109727
v 8.750000 10.209374 0.083870
v 9.625001 10.209374 0.031314
v 10.500000 10.209374 0.002023
v -10.500000 11.137500 0.420141
v -9.625000 11.137500 0.442954
v -8.750000 11.137500 0.360320
v -7.875000 11.137500 0.222415
v -6.999999 11.137500 0.106484
v -6.125000 11.137500 0.063917
v -5.250000 11.137500 0.085324
v -4.375000 11.137500 0.091392
v -3.500000 11.137500 0.052226
v -2.625000 11.137500 -0.011418
v -1.749999 11.137500 -0.047982
v -0.875000 11.137500 -0.019938
v 0.000000 11.137500 0.061141
v 0.875000 11.137500 0.141192
v 1.750001 11.137500 0.167081
v 2.625000 11.137500 0.129173
v 3.500000 11.137500 0.066208
v 4.375000 11.137500 0.029132
v 5.250000 11.137500 0.036819
v 6.125000 11.137500 0.063114
v 7.000001 11.137500 0.065736
v 7.875000 11.137500 0.029526
v 8.750000 11.137500 -0.016337
v 9.625001 11.137500 -0.023664
v 10.500000 11.137500 0.029436
v -10.500000 12.065624 0.746750
v -9.625000 12.065624 0.709229
v -8.750000 12.065624 0.560428
v -7.875000 12.065624 0.390733
v -6.999999 12.065624 0.262660
v -6.125000 12.065624 0.182425
v -5.250000 12.065624 0.125673
v -4.375000 12.065624 0.055487
v -3.500000 12.065624 -0.038076
v -2.625000 12.065624 -0.094958
v -1.749999 12.065624 -0.073379
v -0.875000 12.065624 0.014779
v 0.000000 12.065624 0.112569
v 0.875000 12.065624 0.163019
v 1.750001 12.065624 0.151790
v 2.625000 12.065624 0.111435
v 3.500000 12.065624 0.085845
v 4.375000 12.065624 0.088622
v 5.250000 12.065624 0.093455
v 6.125000 12.065624 0.064442
v 7.000001 12.065624 -0.002807
v 7.875000 12.065624 -0.068725
v 8.750000 12.065624 -0.079578
v 9.625001 12.065624 -0.014292
v 10.500000 12.065624 0.093429
v -10.500000 12.993750 1.119979
v -9.625000 12.993750 1.026904
v -8.750000 12.993750 0.824739
v -7.875000 12.993750 0.623918
v -6.999999 12.993750 0.449958
v -6.125000 12.993750 0.282219
v -5.250000 12.993750 0.116695
v -4.375000 12.993750 -0.012360
v -3.500000 12.993750 -0.097696
v -2.625000 12.993750 -0.103153
v -1.749999 12.993750 -0.035176
v -0.875000 12.993750 0.054102
v 0.000000 12.993750 0.111284
v 0.875000 12.993750 0.122284
v 1.750001 12.993750 0.114603
v 2.625000 12.993750 0.122159
v 3.500000 12.993750 0.147231
v 4.375000 12.993750 0.155880
v 5.250000 12.993750 0.111671
v 6.125000 12.993750 0.016456
v 7.000001 12.993750 -0.080737
v 7.875000 12.993750 -0.117639
v 8.750000 12.993750 -0.067790
v 9.625001 12.993750 0.037516
v 10.500000 12.993750 0.133632
v -10.500000 13.921875 1.580132
v -9.625000 13.921875 1.406700
v -8.750000 13.921875 1.108821
v -7.875000 13.921875 0.833587
v -6.999999 13.921875 0.567932
v -6.125000 13.921875 0.301429
v -5.250000 13.921875 0.072619
v -4.375000 13.921875 -0.051523
v -3.500000 13.921875 -0.080597
v -2.625000 13.921875 -0.044042
v -1.749999 13.921875 0.014071
v -0.875000 13.921875 0.050325
v 0.000000 13.921875 0.058575
v 0.875000 13.921875 0.068109
v 1.750001 13.921875 0.107058
v 2.625000 13.921875 0.166850
v 3.500000 13.921875 0.202557
v 4.375000 13.921875 0.170871
v 5.250000 13.921875 0.072210
v 6.125000 13.921875 -0.041838
v 7.000001 13.921875 -0.104609
v 7.875000 13.921875 -0.084365
v 8.750000 13.921875 -0.005983
v 9.625001 13.921875 0.073297
v 10.500000 13.921875 0.111708
v -10.500000 14.849999 2.114197
v -9.625000 14.849999 1.649726
v -8.750000 14.849999 1.252405
v -7.875000 14.849999 0.894904
v -6.999999 14.849999 0.549675
v -6.125000 14.849999 0.244704
v -5.250000 14.849999 0.039985
v -4.375000 14.849999 -0.021923
v -3.500000 14.849999 -0.002422
v -2.625000 14.849999 0.024877
v -1.749999 14.849999 0.026536
v -0.875000 14.849999 0.008140
v 0.000000 14.849999 0.007296
v 0.875000 14.849999 0.053914
v 1.750001 14.849999 0.135164
v 2.625000 14.849999 0.198918
v 3.500000 14.849999 0.194842
v 4.375000 14.849999 0.117753
v 5.250000 14.849999 0.014750
v 6.125000 14.849999 -0.050991
v 7.000001 14.849999 -0.048880
v 7.875000 14.849999 -0.000498
v 8.750000 14.849999 0.045307
v 9.625001 14.849999 0.057883
v 10.500000 14.849999 0.049426
v -10.499487 -14.851254 0.040605
v -9.623957 -14.850338 0.032137
v -8.748155 -14.848624 0.044781
v -7.873353 -14.847788 0.090625
v -6.999931 -14.848497 0.138917
v -6.127053 -14.850159 0.141062
v -5.253246 -14.851419 0.075460
v -4.377648 -14.851377 -0.027605
v -3.500660 -14.850293 -0.104834
v -2.623673 -14.849319 -0.108881
v -1.747916 -14.849402 -0.045085
v -0.873491 -14.850417 0.036127
v 0.000544 -14.851282 0.082737
v 0.875217 -14.850995 0.081878
v 1.750666 -14.849583 0.063474
v 2.626057 -14.848159 0.065198
v 3.500464 -14.847944 0.092496
v 4.373850 -14.849204 0.111955
v 5.247278 -14.850972 0.083883
v 6.122035 -14.851888 0.003885
v 6.998525 -14.851357 -0.084716
v 7.875873 -14.849999 -0.121646
v 8.752532 -14.849088 -0.078898
v 9.627574 -14.849359 0.015451
v 10.502146 -14.849813 0.100031
v -10.498591 -13.922390 -0.021671
v -9.623116 -13.921597 0.016764
v -8.747743 -13.920410 0.096104
v -7.873701 -13.920347 0.174432
v -7.000721 -13.921415 0.194621
v -6.127598 -13.922676 0.131962
v -5.253125 -13.923078 0.017977
v -4.377031 -13.922377 -0.080798
v -3.500168 -13.921334 -0.112551
v -2.623787 -13.920980 -0.076812
v -1.748535 -13.921675 -0.017022
v -0.874023 -13.922765 0.021920
v 0.000640 -13.923176 0.031460
v 0.875926 -13.922417 0.039694
v 1.751409 -13.921048 0.075974
v 2.626201 -13.920209 0.134113
v 3.499875 -13.920630 0.170623
v 4.373028 -13.921960 0.141588
v 5.246897 -13.923102 0.045072
v 6.122366 -13.923152 -0.069407
v 6.999220 -13.922185 -0.134758
v 7.876270 -13.921157 -0.116795
v 8.752287 -13.921017 -0.038436
v 9.626945 -13.921848 0.043019
v 10.501472 -13.922441 0.083926
v -10.497115 -12.992901 -0.043481
v -9.622044 -12.992677 0.052649
v -8.747771 -12.992869 0.157886
v -7.874795 -12.993990 0.207640
v -7.001893 -12.995058 0.170825
v -6.127805 -12.995100 0.073706
v -5.252200 -12.994014 -0.021589
v -4.375829 -12.992701 -0.065850
v -3.499791 -12.992252 -0.057193
v -2.624594 -12.993012 -0.032147
v -1.749798 -12.994271 -0.024598
v -0.874596 -12.994915 -0.032259
v 0.001294 -12.994427 -0.021249
v 0.877235 -12.993331 0.035984
v 1.752216 -12.992697 0.125276
v 2.625788 -12.993158 0.193169
v 3.498616 -12.994316 0.187734
v 4.372046 -12.995103 0.102536
v 5.247052 -12.994744 -0.014493
v 6.123497 -12.993477 -0.095893
v 7.000295 -12.992361 -0.104962
v 7.876307 -12.992343 -0.058877
v 8.751254 -12.993426 -0.005982
v 9.625787 -12.994668 0.019749
v 10.500572 -12.995167 0.025312
v -10.496893 -12.064296 -0.003238
v -9.622470 -12.064922 0.104407
v -8.749098 -12.066387 0.169601
v -7.875950 -12.067606 0.158806
v -7.001852 -12.067584 0.092929
v -6.126521 -12.066287 0.025604
v -5.250659 -12.064697 -0.003434
v -4.375213 -12.063973 0.001424
v -3.500479 -12.064487 0.004180
v -2.625857 -12.065565 -0.021423
v -1.750493 -12.066153 -0.061781
v -0.874197 -12.065787 -0.073008
v 0.002244 -12.065001 -0.022478
v 0.877678 -12.064775 0.075353
v 1.751574 -12.065595 0.163420
v 2.624540 -12.066915 0.184989
v 3.497891 -12.067616 0.128216
v 4.372603 -12.066982 0.034639
v 5.248569 -12.065372 -0.035248
v 6.124817 -12.063952 -0.049962
v 7.000393 -12.063732 -0.026860
v 7.875177 -12.064723 -0.007789
v 8.749896 -12.065985 -0.015497
v 9.625302 -12.066481 -0.031764
v 10.500739 -12.066438 -0.016872
v -10.498420 -11.137131 0.060608
v -9.624217 -11.138160 0.113682
v -8.750556 -11.139718 0.106424
v -7.876031 -11.139945 0.060591
v -7.000519 -11.138788 0.024296
v -6.124804 -11.137208 0.026888
v -5.249776 -11.136350 0.053204
v -4.375566 -11.136576 0.060888
v -3.501397 -11.137259 0.023825
v -2.626301 -11.137465 -0.039145
v -1.750052 -11.136881 -0.077075
v -0.873461 -11.136137 -0.051122
v 0.002274 -11.136202 0.028974
v 0.876581 -11.137438 0.109980
v 1.749997 -11.139144 0.138027
v 2.623712 -11.140086 0.101557
v 3.498573 -11.139521 0.037876
v 4.374388 -11.137825 -0.001384
v 5.250206 -11.136207 0.004705
v 6.125224 -11.135702 0.031336
v 6.999527 -11.136355 0.035888
v 7.873991 -11.137298 0.001515
v 8.749419 -11.137605 -0.044292
v 9.625732 -11.137152 -0.053383
v 10.501528 -11.136786 -0.002259
v -10.500712 -10.210502 0.088007
v -9.626014 -10.211166 0.058756
v -8.750982 -10.211698 0.006236
v -7.875001 -10.210903 -0.019688
v -6.999008 -10.209671 0.005603
v -6.123952 -10.209023 0.058702
v -5.249928 -10.209222 0.089544
v -4.376073 -10.209616 0.067195
v -3.501348 -10.209363 0.008437
v -2.625466 -10.208324 -0.036316
v -1.749169 -10.207292 -0.027673
v -0.873570 -10.207308 0.027321
v 0.000832 -10.208707 0.081450
v 0.874594 -10.210708 0.089363
v 1.748812 -10.211985 0.047203
v 2.624154 -10.211739 -0.004843
v 3.500256 -10.210306 -0.019061
v 4.376073 -10.208826 0.016435
v 5.250830 -10.208270 0.067089
v 6.124733 -10.208651 0.083952
v 6.998789 -10.209154 0.048680
v 7.873889 -10.209003 -0.009207
v 8.749998 -10.208247 -0.038155
v 9.626172 -10.207742 -0.010864
v 10.501613 -10.207692 0.050695
v -10.502142 -9.282925 0.056356
v -9.626664 -9.282872 -0.021601
v -8.750340 -9.282349 -0.063303
v -7.873957 -9.281556 -0.041673
v -6.998549 -9.281371 0.019020
v -6.124266 -9.281882 0.066442
v -5.250291 -9.282322 0.066731
v -4.375628 -9.281850 0.032388
v -3.500022 -9.280433 0.007581
v -2.624171 -9.279004 0.024710
v -1.749052 -9.278708 0.072241
v -0.874996 -9.279922 0.104167
v -0.001306 -9.281878 0.082465
v 0.873134 -9.283269 0.013633
v 1.748890 -9.283290 -0.053510
v 2.625442 -9.282253 -0.067847
v 3.501611 -9.281198 -0.019569
v 4.376559 -9.280939 0.051710
v 5.250481 -9.281366 0.091771
v 6.124394 -9.281633 0.077810
v 6.999206 -9.281055 0.035155
v 7.874913 -9.279850 0.011041
v 8.750660 -9.279020 0.029581
v 9.625563 -9.279474 0.069266
v 10.500225 -9.280097 0.083899
v -10.501999 -8.353846 0.002338
v -9.626155 -8.353417 -0.063654
v -8.749682 -8.352840 -0.066420
v -7.874007 -8.353062 -0.025186
v -6.999305 -8.354006 0.013110
v -6.124853 -8.354761 0.018881
v -5.249806 -8.354418 0.005051
v -4.374058 -8.352953 0.010499
v -3.498379 -8.351340 0.057691
v -2.623691 -8.350772 0.124644
v -1.750157 -8.351653 0.159205
v -0.876901 -8.353273 0.123860
v -0.002687 -8.354422 0.031003
v 0.873070 -8.354398 -0.062771
v 1.749813 -8.353569 -0.099842
v 2.626306 -8.352922 -0.066179
v 3.501651 -8.353127 0.001276
v 4.375980 -8.353895 0.049934
v 5.250206 -8.354275 0.056606
v 6.125124 -8.353579 0.042541
v 7.000657 -8.352099 0.046839
v 7.875972 -8.350942 0.083818
v 8.750332 -8.351084 0.124963
v 9.623880 -8.352519 0.123501
v 10.498039 -8.353484 0.059110
v -10.501026 -7.424172 -0.015449
v -9.625541 -7.424018 -0.039441
v -8.750014 -7.424326 -0.028993
v -7.875157 -7.425504 -0.022329
v -7.000265 -7.426549 -0.038405
v -6.124634 -7.426491 -0.056324
v -5.248371 -7.425274 -0.035791
v -4.372416 -7.423832 0.039839
v -3.497751 -7.423296 0.138610
v -2.624492 -7.424024 0.198902
v -1.751654 -7.425306 0.177418
v -0.877886 -7.426032 0.084800
v -0.002521 -7.425661 -0.021464
v 0.873951 -7.424694 -0.081331
v 1.750373 -7.424165 -0.076551
v 2.625897 -7.424670 -0.037294
v 3.500651 -7.425796 -0.007590
v 4.375442 -7.426477 -0.003320
v 5.250873 -7.425977 -0.001012
v 6.126679 -7.424580 0.033554
v 7.001939 -7.423380 0.104327
v 7.875950 -7.423349 0.171602
v 8.749000 -7.424481 0.181328
v 9.622276 -7.425818 0.111876
v 10.496655 -7.426373 -0.003110
v -10.500589 -6.495391 0.023604
v -9.625781 -6.495771 0.017608
v -8.751225 -6.496830 -0.006980
v -7.876289 -6.497863 -0.058544
v -7.000303 -6.497922 -0.104456
v -6.123520 -6.496966 -0.096458
v -5.247056 -6.495884 -0.016116
v -4.372011 -6.495692 0.101259
v -3.498561 -6.496606 0.188349
v -2.625754 -6.497832 0.195861
v -1.752230 -6.498283 0.128492
v -0.877292 -6.497536 0.037586
v -0.001353 -6.496236 -0.022254
v 0.874574 -6.495509 -0.034950
v 1.749823 -6.495968 -0.026991
v 2.624635 -6.497171 -0.032855
v 3.499814 -6.498024 -0.056440
v 4.375821 -6.497772 -0.065043
v 5.252182 -6.496677 -0.021860
v 6.127808 -6.495766 0.072641
v 7.001928 -6.495903 0.170409
v 7.874837 -6.496991 0.209031
v 8.747782 -6.498056 0.160694
v 9.622006 -6.498125 0.055047
v 10.497056 -6.497822 -0.043299
v -10.501222 -5.568081 0.080934
v -9.626719 -5.568586 0.048095
v -8.752151 -5.569290 -0.026864
v -7.876274 -5.569121 -0.103052
v -6.999347 -5.568148 -0.123740
v -6.122555 -5.567291 -0.064257
v -5.247079 -5.567483 0.043922
v -4.373162 -5.568790 0.135634
v -3.499950 -5.570277 0.161808
v -2.626214 -5.570792 0.124023
v -1.751349 -5.569941 0.066177
v -0.875788 -5.568432 0.032432
v -0.000439 -5.567449 0.029461
v 0.874232 -5.567636 0.026983
v 1.748671 -5.568584 -0.005642
v 2.623788 -5.569267 -0.062778
v 3.500030 -5.569009 -0.100985
v 4.376814 -5.568120 -0.075778
v 5.252913 -5.567583 0.015341
v 6.127460 -5.568129 0.123584
v 7.000679 -5.569499 0.183833
v 7.873741 -5.570623 0.164151
v 8.747841 -5.570533 0.088097
v 9.623259 -5.569219 0.012144
v 10.498752 -5.568336 -0.021744
v -10.502068 -4.641346 0.097573
v -9.627221 -4.641316 0.026592
v -8.751744 -4.640702 -0.058426
v -7.875113 -4.639391 -0.098460
v -6.998446 -4.638422 -0.065290
v -6.122877 -4.638734 0.015038
v -5.248632 -4.640318 0.084868
v -4.374911 -4.642132 0.102819
v -3.500642 -4.642943 0.074773
v -2.625412 -4.642323 0.042558
v -1.749789 -4.640949 0.041857
v -0.874698 -4.639960 0.068029
v -0.000491 -4.639965 0.081733
v 0.873450 -4.640563 0.048887
v 1.748175 -4.640822 -0.022720
v 2.624199 -4.640222 -0.084353
v 3.500965 -4.639213 -0.085698
v 4.377239 -4.638819 -0.018923
v 5.252126 -4.639700 0.072403
v 6.125810 -4.641463 0.128211
v 6.999349 -4.642903 0.119713
v 7.873779 -4.642994 0.069144
v 8.749245 -4.641724 0.025940
v 9.624977 -4.640089 0.021189
v 10.500272 -4.639351 0.041562
v -10.501799 -3.713737 0.053301
v -9.626349 -3.712944 -0.013955
v -8.750134 -3.711215 -0.046737
v -7.873925 -3.709891 -0.020767
v -6.998704 -3.709988 0.038054
v -6.124561 -3.711505 0.077939
v -5.250636 -3.713401 0.067539
v -4.375925 -3.714429 0.022620
v -3.500189 -3.714145 -0.009780
v -2.624168 -3.713169 0.004618
v -1.748887 -3.712521 0.054847
v -0.874713 -3.712672 0.094030
v -0.000981 -3.713143 0.082173
v 0.873420 -3.713035 0.023356
v 1.749059 -3.711969 -0.036067
v 2.625438 -3.710569 -0.047236
v 3.501430 -3.709977 -0.001692
v 4.376246 -3.710868 0.061443
v 5.250131 -3.712807 0.090436
v 6.124112 -3.714526 0.065942
v 6.999070 -3.714942 0.016353
v 7.874960 -3.714003 -0.009263
v 8.750866 -3.712636 0.013444
v 9.625870 -3.711901 0.061591
v 10.500563 -3.711797 0.086474
v -10.500011 -2.784703 -0.012275
v -9.624382 -2.783639 -0.017140
v -8.748554 -2.782028 0.028306
v -7.873842 -2.781791 0.090981
v -7.000144 -2.782969 0.118026
v -6.126456 -2.784591 0.083425
v -5.251723 -2.785509 0.011619
v -4.375759 -2.785348 -0.042473
v -3.499396 -2.784729 -0.040063
v -2.623748 -2.784563 0.009129
v -1.749236 -2.785143 0.057770
v -0.875256 -2.785832 0.064491
v -0.000770 -2.785676 0.030323
v 0.874732 -2.784347 -0.004141
v 1.750749 -2.782582 0.002087
v 2.626246 -2.781634 0.050487
v 3.500608 -2.782240 0.099762
v 4.374252 -2.783996 0.102640
v 5.248282 -2.785681 0.049065
v 6.123538 -2.786244 -0.022837
v 6.999847 -2.785636 -0.057998
v 7.876156 -2.784718 -0.031316
v 8.751455 -2.784401 0.031346
v 9.625633 -2.784803 0.077097
v 10.500001 -2.785131 0.072721
v -10.497787 -1.855163 -0.038362
v -9.622654 -1.854594 0.037254
v -8.748182 -1.854224 0.125636
v -7.874885 -1.855090 0.166856
v -7.001620 -1.856281 0.132792
v -6.127239 -1.856791 0.049618
v -5.251502 -1.856405 -0.024338
v -4.375206 -1.855836 -0.046388
v -3.499432 -1.855969 -0.021476
v -2.624596 -1.856968 0.009225
v -1.750146 -1.858044 0.010687
v -0.875180 -1.858141 -0.012509
v 0.000635 -1.856905 -0.021852
v 0.876672 -1.855081 0.015613
v 1.751890 -1.853944 0.090550
v 2.625787 -1.854250 0.153006
v 3.498952 -1.855631 0.152774
v 4.372636 -1.856961 0.082707
v 5.247738 -1.857319 -0.012939
v 6.124084 -1.856757 -0.072835
v 7.000599 -1.856145 -0.066935
v 7.876235 -1.856281 -0.017100
v 8.750832 -1.857113 0.027336
v 9.625148 -1.857755 0.035270
v 10.499870 -1.857885 0.019261
v -10.496722 -0.926575 -0.003424
v -9.622326 -0.926831 0.109590
v -8.749022 -0.927683 0.178109
v -7.875948 -0.928611 0.168284
v -7.001919 -0.928705 0.101401
v -6.126643 -0.927914 0.031381
v -5.250817 -0.927089 -0.001916
v -4.375376 -0.927171 -0.002320
v -3.500596 -0.928294 -0.004429
v -2.625880 -0.929602 -0.032670
v -1.750405 -0.929979 -0.072119
v -0.874024 -0.929039 -0.078887
v 0.002438 -0.927482 -0.021903
v 0.877827 -0.926505 0.081912
v 1.751636 -0.926788 0.173402
v 2.624508 -0.927923 0.195147
v 3.497789 -0.928845 0.135989
v 4.372462 -0.928778 0.038601
v 5.248419 -0.927941 -0.035700
v 6.124683 -0.927292 -0.054874
v 7.000305 -0.927616 -0.035504
v 7.875171 -0.928761 -0.018302
v 8.749986 -0.929730 -0.024968
v 9.625473 -0.929579 -0.037022
v 10.500940 -0.929144 -0.015789
v -10.497427 0.000540 0.054250
v -9.623331 -0.000158 0.137666
v -8.749984 -0.001164 0.154114
v -7.875930 -0.001125 0.119409
v -7.000925 -0.000072 0.078556
v -6.125618 0.001045 0.061513
v -5.250782 0.001222 0.057952
v -4.376477 0.000300 0.033789
v -3.501946 -0.000892 -0.027727
v -2.626325 -0.001280 -0.100354
v -1.749547 -0.000515 -0.130218
v -0.872588 0.000710 -0.081067
v 0.003261 0.001295 0.030206
v 0.877413 0.000710 0.141278
v 1.750453 -0.000515 0.190233
v 2.623675 -0.001280 0.160468
v 3.498054 -0.000892 0.087880
v 4.373523 0.000300 0.026287
v 5.249218 0.001222 0.002118
v 6.124382 0.001045 -0.001464
v 6.999075 -0.000072 -0.018528
v 7.874069 -0.001125 -0.059338
v 8.750015 -0.001164 -0.094068
v 9.626670 -0.000158 -0.077572
v 10.502572 0.000540 0.005981
v -10.499059 0.927106 0.075854
v -9.624527 0.926671 0.097100
v -8.750014 0.926520 0.085054
v -7.874829 0.927489 0.078317
v -6.999695 0.928634 0.095516
v -6.125317 0.928958 0.114901
v -5.251581 0.928309 0.095784
v -4.377538 0.927471 0.021628
v -3.502211 0.927405 -0.075808
v -2.625492 0.928326 -0.135138
v -1.748365 0.929462 -0.113253
v -0.872173 0.929745 -0.021558
v 0.002438 0.928768 0.082115
v 0.875976 0.927211 0.138947
v 1.749595 0.926271 0.132239
v 2.624120 0.926648 0.092769
v 3.499404 0.927956 0.064442
v 4.374624 0.929079 0.062355
v 5.249182 0.929161 0.061974
v 6.123356 0.928336 0.028711
v 6.998081 0.927545 -0.041266
v 7.874052 0.927639 -0.108246
v 8.750978 0.928567 -0.118071
v 9.627674 0.929419 -0.049295
v 10.503277 0.929675 0.063864
v -10.500130 1.854614 0.040829
v -9.624852 1.854745 0.024806
v -8.749167 1.855387 0.032712
v -7.873765 1.856219 0.077150
v -6.999401 1.856355 0.126947
v -6.125916 1.855743 0.132872
v -5.252262 1.855181 0.073148
v -4.377364 1.855539 -0.022504
v -3.501048 1.856869 -0.092725
v -2.624213 1.858250 -0.092851
v -1.748111 1.858556 -0.030253
v -0.873329 1.857419 0.044526
v 0.000635 1.855595 0.081880
v 0.874820 1.854359 0.072629
v 1.749854 1.854456 0.049421
v 2.625404 1.855532 0.050798
v 3.500568 1.856531 0.081489
v 4.374794 1.856664 0.106395
v 5.248497 1.856094 0.084414
v 6.122761 1.855709 0.010559
v 6.998380 1.856219 -0.072705
v 7.875115 1.857410 -0.106811
v 8.751818 1.858276 -0.065388
v 9.627347 1.857906 0.023022
v 10.502212 1.857337 0.098565
v -10.499998 2.783619 -0.012702
v -9.624367 2.783947 -0.017078
v -8.748544 2.784349 0.028725
v -7.873844 2.784032 0.091365
v -7.000153 2.783114 0.118052
v -6.126461 2.782506 0.083025
v -5.251718 2.783068 0.011091
v -4.375748 2.784753 -0.042617
v -3.499392 2.786510 -0.039597
v -2.623754 2.787115 0.009815
v -1.749251 2.786168 0.058039
v -0.875268 2.784403 0.064143
v -0.000770 2.783074 0.029753
v 0.874744 2.782917 -0.004418
v 1.750765 2.783606 0.002269
v 2.626252 2.784187 0.050924
v 3.500604 2.784021 0.100080
v 4.374241 2.783402 0.102523
v 5.248276 2.783241 0.048523
v 6.123544 2.784159 -0.023353
v 6.999856 2.785781 -0.057960
v 7.876158 2.786959 -0.030713
v 8.751445 2.786721 0.031948
v 9.625618 2.785110 0.077171
v 10.499988 2.784047 0.072278
v -10.499436 3.713202 -0.026447
v -9.624130 3.713099 -0.001554
v -8.749133 3.712364 0.046581
v -7.875040 3.710997 0.069338
v -7.000930 3.710058 0.043874
v -6.125888 3.710473 -0.005779
v -5.249868 3.712193 -0.030433
v -4.373754 3.714132 -0.001302
v -3.498570 3.715023 0.061973
v -2.624562 3.714430 0.107367
v -1.750941 3.713030 0.096106
v -0.876580 3.711965 0.036737
v -0.000981 3.711857 -0.022127
v 0.875288 3.712328 -0.034026
v 1.751113 3.712479 0.005194
v 2.625832 3.711831 0.055420
v 3.499811 3.710855 0.069871
v 4.374075 3.710571 0.037533
v 5.249364 3.711599 -0.007498
v 6.125439 3.713495 -0.017899
v 7.001296 3.715012 0.022213
v 7.876075 3.715108 0.081033
v 8.749866 3.713785 0.106793
v 9.623652 3.712055 0.074023
v 10.498201 3.711263 0.006859
v -10.499727 4.641898 0.018494
v -9.625023 4.641161 0.038821
v -8.750754 4.639526 0.034120
v -7.876221 4.638255 -0.008907
v -7.000651 4.638346 -0.059526
v -6.124190 4.639787 -0.068165
v -5.247873 4.641549 -0.012223
v -4.372761 4.642431 0.079199
v -3.499035 4.642037 0.145795
v -2.625800 4.641027 0.144379
v -1.751825 4.640427 0.082832
v -0.876550 4.640686 0.011193
v -0.000490 4.641284 -0.021711
v 0.875302 4.641290 -0.008011
v 1.750211 4.640301 0.018148
v 2.624588 4.638926 0.017544
v 3.499358 4.638307 -0.014580
v 4.375089 4.639117 -0.042743
v 5.251368 4.640931 -0.024802
v 6.127123 4.642515 0.045232
v 7.001554 4.642828 0.125533
v 7.874887 4.641858 0.158511
v 8.748256 4.640548 0.118528
v 9.622780 4.639933 0.033589
v 10.497931 4.639903 -0.037413
v -10.501247 5.569164 0.081802
v -9.626741 5.568281 0.047965
v -8.752159 5.566967 -0.027835
v -7.876259 5.566877 -0.103981
v -6.999321 5.568000 -0.123799
v -6.122540 5.569371 -0.063369
v -5.247087 5.569917 0.044989
v -4.373186 5.569379 0.135901
v -3.499970 5.568491 0.160988
v -2.626212 5.568233 0.122836
v -1.751329 5.568915 0.065702
v -0.875768 5.569863 0.033078
v -0.000439 5.570051 0.030602
v 0.874212 5.569068 0.027592
v 1.748651 5.567558 -0.006068
v 2.623786 5.566708 -0.063835
v 3.500050 5.567223 -0.101730
v 4.376838 5.568709 -0.075521
v 5.252921 5.570016 0.016417
v 6.127445 5.570208 0.124528
v 7.000653 5.569352 0.183766
v 7.873726 5.568378 0.163110
v 8.747849 5.568210 0.087028
v 9.623281 5.568914 0.012004
v 10.498777 5.569418 -0.020869
v -10.502943 6.495928 0.103618
v -9.627994 6.495625 0.005304
v -8.752218 6.495694 -0.100483
v -7.875163 6.496759 -0.149030
v -6.998072 6.497847 -0.110253
v -6.122191 6.497984 -0.012336
v -5.247818 6.497073 0.082020
v -4.374179 6.495978 0.125092
v -3.500186 6.495725 0.116486
v -2.625365 6.496578 0.092862
v -1.750177 6.497782 0.087019
v -0.875426 6.498240 0.095018
v -0.001353 6.497514 0.082329
v 0.872708 6.496214 0.022604
v 1.747770 6.495467 -0.068259
v 2.624246 6.495918 -0.135811
v 3.501439 6.497144 -0.128277
v 4.377989 6.498058 -0.040913
v 5.252944 6.497866 0.076438
v 6.126480 6.496784 0.156531
v 6.999697 6.495828 0.164496
v 7.873711 6.495887 0.118632
v 8.748775 6.496920 0.067030
v 9.624219 6.497978 0.042453
v 10.499411 6.498359 0.036481
v -10.503344 7.423626 0.063547
v -9.627724 7.424182 -0.051606
v -8.751000 7.425519 -0.121286
v -7.874050 7.426650 -0.111481
v -6.998061 7.426620 -0.044114
v -6.123321 7.425420 0.026546
v -5.249127 7.424022 0.061069
v -4.374558 7.423522 0.063399
v -3.499349 7.424204 0.067625
v -2.624103 7.425330 0.097325
v -1.749627 7.425835 0.136579
v -0.876049 7.425305 0.141371
v -0.002521 7.424339 0.081691
v 0.872114 7.423968 -0.024486
v 1.748346 7.424694 -0.117324
v 2.625508 7.425976 -0.138862
v 3.502249 7.426703 -0.078344
v 4.377584 7.426167 0.020429
v 5.251629 7.424726 0.095882
v 6.125366 7.423509 0.116403
v 6.999735 7.423451 0.098487
v 7.874843 7.424495 0.082338
v 8.749985 7.425673 0.089008
v 9.624459 7.425982 0.099483
v 10.498973 7.425828 0.075507
v -10.501991 8.352959 0.001023
v -9.626168 8.353879 -0.063441
v -8.749712 8.355227 -0.064817
v -7.874039 8.355318 -0.023627
v -6.999344 8.354150 0.013210
v -6.124876 8.352671 0.017467
v -5.249793 8.351974 0.003439
v -4.374021 8.352354 0.010118
v -3.498349 8.353123 0.058815
v -2.623694 8.353327 0.126237
v -1.750187 8.352680 0.159849
v -0.876930 8.351851 0.122949
v -0.002687 8.351828 0.029294
v 0.873100 8.352976 -0.063739
v 1.749844 8.354596 -0.099132
v 2.626309 8.355477 -0.064402
v 3.501621 8.354909 0.002503
v 4.375942 8.353296 0.049532
v 5.250194 8.351831 0.055006
v 6.125147 8.351488 0.041209
v 7.000695 8.352243 0.046932
v 7.875993 8.353188 0.085219
v 8.750318 8.353409 0.126426
v 9.623845 8.352832 0.123702
v 10.498001 8.352404 0.057813
v -10.499960 9.284190 -0.009835
v -9.624743 9.284617 0.001183
v -8.749749 9.284585 0.033353
v -7.875399 9.283191 0.049057
v -7.000924 9.281590 0.024873
v -6.125619 9.280877 -0.017793
v -5.249518 9.281133 -0.031763
v -4.373441 9.281559 0.008374
v -3.498389 9.281301 0.079656
v -2.624558 9.280245 0.127887
v -1.751110 9.279208 0.113690
v -0.876866 9.279229 0.046620
v -0.001306 9.280620 -0.022395
v 0.875005 9.282578 -0.044109
v 1.750948 9.283790 -0.011995
v 2.625829 9.283494 0.035482
v 3.499978 9.282066 0.052441
v 4.374372 9.280649 0.027637
v 5.249709 9.280177 -0.006690
v 6.125734 9.280617 -0.006411
v 7.001451 9.281127 0.041051
v 7.876043 9.280942 0.101713
v 8.749660 9.280149 0.123347
v 9.623336 9.279627 0.081782
v 10.497858 9.279574 0.003891
v -10.498916 10.215757 0.129283
v -9.624730 10.215391 0.177155
v -8.751384 10.213955 0.169471
v -7.877427 10.211920 0.099841
v -7.002013 10.210573 0.014537
v -6.125517 10.210351 -0.023921
v -5.249192 10.210501 -0.007025
v -4.373927 10.209923 0.043614
v -3.499744 10.208444 0.079092
v -2.625846 10.207011 0.065053
v -1.751188 10.206765 0.013072
v -0.875406 10.208042 -0.029298
v 0.000832 10.210043 -0.021412
v 0.876430 10.211442 0.032890
v 1.750831 10.211458 0.087841
v 2.624533 10.210425 0.096360
v 3.498652 10.209387 0.051623
v 4.373927 10.209134 -0.007155
v 5.250072 10.209528 -0.029543
v 6.126047 10.209727 0.001339
v 7.000992 10.209079 0.054433
v 7.874999 10.207847 0.079766
v 8.749018 10.207052 0.053976
v 9.623986 10.207583 0.001385
v 10.499288 10.208248 -0.027947
v -10.499530 11.145948 0.391359
v -9.626112 11.145129 0.413961
v -8.753489 11.143344 0.331102
v -7.879023 11.141852 0.193006
v -7.002739 11.140977 0.076812
v -6.125852 11.140203 0.034051
v -5.250019 11.138967 0.055359
v -4.375614 11.137177 0.061400
v -3.501428 11.135479 0.022328
v -2.626288 11.134912 -0.041278
v -1.750003 11.135856 -0.077937
v -0.873420 11.137562 -0.049896
v 0.002274 11.138798 0.031255
v 0.876539 11.138863 0.111263
v 1.749948 11.138118 0.137087
v 2.623699 11.137534 0.099201
v 3.498603 11.137739 0.036242
v 4.374434 11.138424 -0.000849
v 5.250224 11.138650 0.006842
v 6.125196 11.137791 0.033116
v 6.999481 11.136211 0.035768
v 7.873969 11.135055 -0.000356
v 8.749444 11.135282 -0.046250
v 9.625783 11.136840 -0.053647
v 10.501579 11.137869 -0.000520
v -10.501176 12.075421 0.718419
v -9.627970 12.074568 0.680748
v -8.755143 12.072991 0.531805
v -7.880043 12.071877 0.361828
v -7.003829 12.070767 0.233353
v -6.127660 12.068864 0.152720
v -5.252222 12.066340 0.095764
v -4.377451 12.064315 0.025616
v -3.502109 12.063632 -0.067935
v -2.625460 12.064334 -0.124927
v -1.748426 12.065654 -0.103338
v -0.872322 12.066474 -0.015089
v 0.002244 12.066249 0.082659
v 0.875803 12.065461 0.133031
v 1.749507 12.065096 0.121799
v 2.624143 12.065683 0.081447
v 3.499521 12.066761 0.055871
v 4.374788 12.067275 0.058668
v 5.249341 12.066552 0.063477
v 6.123479 12.064962 0.034488
v 6.998148 12.063665 -0.032686
v 7.874050 12.063643 -0.098644
v 8.750902 12.064861 -0.109555
v 9.627530 12.066327 -0.044177
v 10.503106 12.066953 0.063620
v -10.503139 13.005133 1.092400
v -9.629950 13.004099 0.999185
v -8.756769 13.002155 0.796748
v -7.881466 13.000417 0.595392
v -7.005906 12.998334 0.420905
v -6.130451 12.995702 0.252783
v -5.254523 12.993375 0.087041
v -4.378173 12.992507 -0.042165
v -3.501384 12.993184 -0.127659
v -2.624212 12.994342 -0.133136
v -1.747784 12.994803 -0.065075
v -0.872765 12.994168 0.024188
v 0.001294 12.993073 0.081320
v 0.875404 12.992584 0.092309
v 1.750202 12.993229 0.084608
v 2.625406 12.994488 0.092171
v 3.500209 12.995248 0.117269
v 4.374171 12.994799 0.125909
v 5.247799 12.993486 0.081753
v 6.122195 12.992400 -0.013382
v 6.998107 12.992441 -0.110648
v 7.875205 12.993510 -0.147637
v 8.752229 12.994631 -0.097694
v 9.627957 12.994823 0.007681
v 10.502884 12.994599 0.103783
v -10.507030 13.933505 1.553387
v -9.633132 13.931584 1.379505
v -8.759147 13.928425 1.081010
v -7.883759 13.925980 0.805189
v -7.008432 13.923578 0.539192
v -6.132597 13.921679 0.272408
v -5.255326 13.921078 0.043107
v -4.377398 13.921878 -0.081427
v -3.500125 13.923120 -0.110571
v -2.623799 13.923541 -0.073972
v -1.748592 13.922702 -0.015885
v -0.874074 13.921332 0.020344
v 0.000640 13.920574 0.028610
v 0.875977 13.920986 0.038138
v 1.751466 13.922074 0.077095
v 2.626213 13.922769 0.136888
v 3.499832 13.922416 0.172562
v 4.372969 13.921372 0.140944
v 5.246875 13.920672 0.042398
v 6.122401 13.921073 -0.071715
v 6.999279 13.922334 -0.134597
v 7.876299 13.923402 -0.114298
v 8.752257 13.923340 -0.035862
v 9.626884 13.922152 0.043357
v 10.501408 13.921359 0.081746
v -10.509561 14.860980 2.087967
v -9.635215 14.858564 1.622850
v -8.760535 14.854453 1.224671
v -7.885026 14.851898 0.866692
v -7.009598 14.849748 0.521254
v -6.133250 14.848721 0.215889
v -5.255196 14.849276 0.010448
v -4.376671 14.850846 -0.051864
v -3.499536 14.852055 -0.032348
v -2.623943 14.851840 -0.005048
v -1.749334 14.850417 -0.003454
v -0.874783 14.849004 -0.021843
v 0.000544 14.848717 -0.022672
v 0.876509 14.849583 0.023955
v 1.752084 14.850597 0.105242
v 2.626327 14.850680 0.168955
v 3.499340 14.849706 0.164851
v 4.372353 14.848621 0.087902
v 5.246754 14.848579 -0.015040
v 6.122947 14.849840 -0.080920
v 7.000069 14.851501 -0.078842
v 7.876647 14.852211 -0.030371
v 8.751845 14.851375 0.015396
v 9.626043 14.849661 0.027903
v 10.500512 14.848745 0.019456
v -4.671769 -18.489889 0.179576
v -3.810906 -18.333239 0.240825
v -2.950043 -18.176586 0.262561
v -2.089180 -18.019938 0.192592
v -1.228316 -17.863285 0.065902
v -0.367453 -17.706635 -0.023597
v 0.493410 -17.549984 -0.018572
v 1.354274 -17.393333 0.047303
v 2.215137 -17.236681 0.096392
v 3.075999 -17.080030 0.097971
v 3.936863 -16.923380 0.095945
v 4.797726 -16.766729 0.143454
v 5.658589 -16.610079 0.225899
v 6.519453 -16.453426 0.267630
v 7.380316 -16.296778 0.217286
v 8.241179 -16.140125 0.111599
v 9.102042 -15.983475 0.040668
v 9.962906 -15.826824 0.052579
v 10.823769 -15.670173 0.106482
v 11.684632 -15.513523 0.126654
v 12.545495 -15.356872 0.092332
v 13.406357 -15.200220 0.057747
v 14.267221 -15.043571 0.080939
v 15.128085 -14.886919 0.148446
v 15.988948 -14.730268 0.187399
v -4.837930 -17.576759 0.218258
v -3.977068 -17.420109 0.284357
v -3.116205 -17.263456 0.261233
v -2.255341 -17.106808 0.154119
v -1.394477 -16.950155 0.046827
v -0.533615 -16.793505 0.015394
v 0.327248 -16.636854 0.052499
v 1.188112 -16.480204 0.087726
v 2.048975 -16.323551 0.076440
v 2.909838 -16.166901 0.050956
v 3.770702 -16.010250 0.074572
v 4.631565 -15.853601 0.155766
v 5.492427 -15.696949 0.227709
v 6.353291 -15.540298 0.220530
v 7.214154 -15.383647 0.142539
v 8.075017 -15.226995 0.074064
v 8.935881 -15.070345 0.079199
v 9.796744 -14.913694 0.136952
v 10.657607 -14.757043 0.170603
v 11.518470 -14.600393 0.139094
v 12.379333 -14.443742 0.082605
v 13.240196 -14.287092 0.070131
v 14.101060 -14.130441 0.113551
v 14.961924 -13.973789 0.152033
v 15.822786 -13.817139 0.126267
v -5.004092 -16.663630 0.244421
v -4.143229 -16.506979 0.272687
v -3.282366 -16.350327 0.206221
v -2.421503 -16.193678 0.108832
v -1.560639 -16.037025 0.064746
v -0.699777 -15.880375 0.089557
v 0.161086 -15.723724 0.122610
v 1.021950 -15.567073 0.106450
v 1.882813 -15.410421 0.057319
v 2.743676 -15.253772 0.043215
v 3.604539 -15.097120 0.097161
v 4.465403 -14.940471 0.171029
v 5.326265 -14.783819 0.187286
v 6.187129 -14.627168 0.129223
v 7.047993 -14.470518 0.063059
v 7.908855 -14.313867 0.064336
v 8.769718 -14.157216 0.133225
v 9.630583 -14.000565 0.196564
v 10.491445 -13.843913 0.192859
v 11.352308 -13.687263 0.139985
v 12.213172 -13.530612 0.107340
v 13.074035 -13.373962 0.128117
v 13.934898 -13.217311 0.158073
v 14.795761 -13.060659 0.131009
v 15.656623 -12.904009 0.044997
v -5.170254 -15.750499 0.232068
v -4.309391 -15.593847 0.203541
v -3.448528 -15.437198 0.125545
v -2.587665 -15.280546 0.082698
v -1.726801 -15.123895 0.110175
v -0.865938 -14.967245 0.159287
v -0.005076 -14.810594 0.160790
v 0.855788 -14.653943 0.109053
v 1.716651 -14.497292 0.067059
v 2.577514 -14.340642 0.087518
v 3.438377 -14.183990 0.145663
v 4.299241 -14.027339 0.165667
v 5.160104 -13.870689 0.111062
v 6.020967 -13.714038 0.032298
v 6.881831 -13.557386 0.013672
v 7.742693 -13.400737 0.079758
v 8.603557 -13.244085 0.169253
v 9.464420 -13.087434 0.205403
v 10.325283 -12.930783 0.179682
v 11.186147 -12.774132 0.151616
v 12.047009 -12.617482 0.168212
v 12.907871 -12.460831 0.201811
v 13.768736 -12.304179 0.182509
v 14.629600 -12.147530 0.087514
v 15.490462 -11.990878 -0.019802
v -5.336416 -14.837369 0.174350
v -4.475554 -14.680717 0.105175
v -3.614689 -14.524068 0.057074
v -2.753827 -14.367416 0.083740
v -1.892963 -14.210767 0.153204
v -1.032100 -14.054115 0.189087
v -0.171237 -13.897464 0.160969
v 0.689626 -13.740814 0.116589
v 1.550489 -13.584163 0.119022
v 2.411352 -13.427512 0.165609
v 3.272216 -13.270861 0.187333
v 4.133079 -13.114209 0.131425
v 4.993942 -12.957560 0.029944
v 5.854805 -12.800908 -0.028277
v 6.715669 -12.644257 0.007831
v 7.576531 -12.487607 0.098758
v 8.437395 -12.330956 0.162871
v 9.298259 -12.174304 0.167663
v 10.159122 -12.017653 0.156973
v 11.019984 -11.861002 0.185124
v 11.880848 -11.704352 0.240103
v 12.741711 -11.547701 0.250622
v 13.602574 -11.391049 0.171141
v 14.463438 -11.234400 0.044355
v 15.324301 -11.077748 -0.035190
v -5.502578 -13.924239 0.091827
v -4.641715 -13.767590 0.020975
v -3.780852 -13.610938 0.025733
v -2.919989 -13.454287 0.097634
v -2.059125 -13.297637 0.162570
v -1.198262 -13.140985 0.168523
v -0.337399 -12.984334 0.141907
v 0.523465 -12.827684 0.146997
v 1.384328 -12.671033 0.199210
v 2.245191 -12.514382 0.238383
v 3.106054 -12.357731 0.196804
v 3.966917 -12.201079 0.083148
v 4.827780 -12.044430 -0.017581
v 5.688643 -11.887778 -0.030796
v 6.549507 -11.731127 0.032713
v 7.410370 -11.574477 0.098097
v 8.271233 -11.417826 0.115977
v 9.132097 -11.261174 0.113744
v 9.992959 -11.104525 0.149891
v 10.853823 -10.947873 0.229283
v 11.714686 -10.791223 0.284215
v 12.575549 -10.634571 0.247554
v 13.436413 -10.477920 0.133451
v 14.297276 -10.321270 0.029596
v 15.158137 -10.164618 0.007272
v -5.668740 -13.011110 0.022605
v -4.807877 -12.854459 -0.015178
v -3.947014 -12.697807 0.030740
v -3.086151 -12.541157 0.099811
v -2.225287 -12.384505 0.127024
v -1.364424 -12.227856 0.117413
v -0.503561 -12.071204 0.131039
v 0.357303 -11.914553 0.198595
v 1.218166 -11.757903 0.271368
v 2.079029 -11.601252 0.269008
v 2.939892 -11.444600 0.171832
v 3.800755 -11.287950 0.049594
v 4.661618 -11.131298 -0.008749
v 5.522482 -10.974648 0.015216
v 6.383345 -10.817997 0.061635
v 7.244208 -10.661345 0.071646
v 8.105072 -10.504696 0.057436
v 8.965935 -10.348044 0.080272
v 9.826797 -10.191393 0.164963
v 10.687661 -10.034743 0.255979
v 11.548524 -9.878092 0.271488
v 12.409387 -9.721441 0.194670
v 13.270250 -9.564790 0.095512
v 14.131114 -9.408138 0.056165
v 14.991977 -9.251489 0.085124
v -5.834901 -12.097980 0.000019
v -4.974038 -11.941329 0.002715
v -4.113175 -11.784678 0.050554
v -3.252312 -11.628027 0.075386
v -2.391448 -11.471375 0.064591
v -1.530586 -11.314726 0.072187
v -0.669723 -11.158074 0.143857
v 0.191141 -11.001423 0.247767
v 1.052004 -10.844773 0.297482
v 1.912867 -10.688122 0.244279
v 2.773731 -10.531470 0.132565
v 3.634593 -10.374821 0.053371
v 4.495456 -10.218169 0.048917
v 5.356320 -10.061519 0.077272
v 6.217183 -9.904867 0.074497
v 7.078046 -9.748216 0.037179
v 7.938910 -9.591566 0.026076
v 8.799772 -9.434915 0.087247
v 9.660636 -9.278263 0.186629
v 10.521499 -9.121614 0.239133
v 11.382363 -8.964962 0.201334
v 12.243225 -8.808311 0.120204
v 13.104089 -8.651660 0.080408
v 13.964952 -8.495008 0.110771
v 14.825815 -8.338359 0.157690
v -6.001063 -11.184851 0.032100
v -5.140200 -11.028199 0.051982
v -4.279337 -10.871548 0.061145
v -3.418474 -10.714897 0.032678
v -2.557610 -10.558246 0.012983
v -1.696747 -10.401596 0.062520
v -0.835885 -10.244945 0.173112
v 0.024979 -10.088293 0.263166
v 0.885842 -9.931643 0.260860
v 1.746705 -9.774992 0.180793
v 2.607569 -9.618340 0.105564
v 3.468431 -9.461691 0.093884
v 4.329295 -9.305039 0.121544
v 5.190158 -9.148389 0.121469
v 6.051022 -8.991737 0.071867
v 6.911884 -8.835086 0.025791
v 7.772748 -8.678436 0.046592
v 8.633612 -8.521785 0.126983
v 9.494473 -8.365133 0.190118
v 10.355337 -8.208484 0.174324
v 11.216201 -8.051832 0.103390
v 12.077064 -7.895182 0.059832
v 12.937927 -7.738531 0.091618
v 13.798790 -7.581879 0.160408
v 14.659652 -7.425229 0.190041
v -6.167225 -10.271721 0.096277
v -5.306362 -10.115069 0.097900
v -4.445499 -9.958418 0.054425
v -3.584636 -9.801767 0.000290
v -2.723772 -9.645117 0.006831
v -1.862909 -9.488466 0.093448
v -1.002046 -9.331815 0.194962
v -0.141183 -9.175163 0.227196
v 0.719680 -9.018514 0.176934
v 1.580543 -8.861862 0.112623
v 2.441407 -8.705211 0.104128
v 3.302270 -8.548561 0.145426
v 4.163133 -8.391910 0.169186
v 5.023996 -8.235259 0.133011
v 5.884860 -8.078608 0.073028
v 6.745722 -7.921957 0.060536
v 7.606586 -7.765306 0.113805
v 8.467449 -7.608655 0.171428
v 9.328312 -7.452004 0.161267
v 10.189176 -7.295354 0.085357
v 11.050038 -7.138702 0.020861
v 11.910901 -6.982052 0.034799
v 12.771765 -6.825401 0.110993
v 13.632628 -6.668749 0.172868
v 14.493491 -6.512099 0.173115
v -6.333387 -9.358589 0.153062
v -5.472524 -9.201940 0.116368
v -4.611660 -9.045288 0.043888
v -3.750797 -8.888638 0.008932
v -2.889934 -8.731987 0.056153
v -2.029071 -8.575336 0.144215
v -1.168208 -8.418685 0.187441
v -0.307345 -8.262033 0.150150
v 0.553519 -8.105383 0.084655
v 1.414381 -7.948732 0.069212
v 2.275245 -7.792081 0.118835
v 3.136108 -7.635430 0.172543
v 3.996971 -7.478780 0.169617
v 4.857834 -7.322128 0.122558
v 5.718698 -7.165478 0.099650
v 6.579561 -7.008827 0.138569
v 7.440424 -6.852176 0.195413
v 8.301288 -6.695525 0.192221
v 9.162150 -6.538874 0.109037
v 10.023013 -6.382223 0.012472
v 10.883878 -6.225572 -0.014088
v 11.744740 -6.068922 0.041210
v 12.605603 -5.912271 0.112779
v 13.466467 -5.755620 0.138009
v 14.327330 -5.598969 0.127331
v -6.499549 -8.445459 0.170107
v -5.638686 -8.288810 0.107678
v -4.777822 -8.132158 0.053630
v -3.916960 -7.975507 0.069798
v -3.056096 -7.818857 0.139871
v -2.195233 -7.662205 0.183812
v -1.334370 -7.505555 0.148013
v -0.473507 -7.348904 0.066830
v 0.387357 -7.192253 0.023862
v 1.248219 -7.035603 0.058278
v 2.109083 -6.878951 0.124988
v 2.969946 -6.722300 0.153016
v 3.830809 -6.565650 0.130575
v 4.691672 -6.408998 0.115059
v 5.552536 -6.252347 0.156808
v 6.413399 -6.095696 0.229239
v 7.274262 -5.939046 0.251407
v 8.135126 -5.782395 0.179593
v 8.995988 -5.625744 0.061549
v 9.856853 -5.469093 -0.010933
v 10.717715 -5.312442 0.002610
v 11.578578 -5.155792 0.056882
v 12.439442 -4.999141 0.083866
v 13.300304 -4.842490 0.075613
v 14.161166 -4.685839 0.087862
v -6.665711 -7.532330 0.141324
v -5.804847 -7.375680 0.092883
v -4.943985 -7.219028 0.098587
v -4.083121 -7.062377 0.164133
v -3.222258 -6.905727 0.218454
v -2.361395 -6.749076 0.192180
v -1.500532 -6.592425 0.097587
v -0.639668 -6.435774 0.016980
v 0.221195 -6.279123 0.012977
v 1.082058 -6.122472 0.064670
v 1.942921 -5.965821 0.101848
v 2.803784 -5.809170 0.093386
v 3.664647 -5.652520 0.082962
v 4.525511 -5.495869 0.129571
v 5.386374 -5.339218 0.225128
v 6.247237 -5.182567 0.290277
v 7.108100 -5.025916 0.257624
v 7.968964 -4.869265 0.147437
v 8.829826 -4.712615 0.047802
v 9.690690 -4.555964 0.021726
v 10.551554 -4.399312 0.047813
v 11.412416 -4.242661 0.060157
v 12.273280 -4.086011 0.035924
v 13.134143 -3.929360 0.024203
v 13.995006 -3.772709 0.081557
v -6.831872 -6.619200 0.089046
v -5.971009 -6.462549 0.096131
v -5.110146 -6.305899 0.170127
v -4.249283 -6.149248 0.251607
v -3.388419 -5.992597 0.257426
v -2.527556 -5.835946 0.172587
v -1.666694 -5.679295 0.067624
v -0.805830 -5.522644 0.021719
v 0.055033 -5.365993 0.040960
v 0.915896 -5.209342 0.065031
v 1.776759 -5.052691 0.050159
v 2.637623 -4.896040 0.026476
v 3.498485 -4.739389 0.059952
v 4.359349 -4.582739 0.164386
v 5.220213 -4.426088 0.270360
v 6.081075 -4.269437 0.292228
v 6.941938 -4.112786 0.218433
v 7.802802 -3.956135 0.121581
v 8.663665 -3.799485 0.077334
v 9.524528 -3.642834 0.086461
v 10.385392 -3.486182 0.088606
v 11.246254 -3.329532 0.047058
v 12.107119 -3.172881 0.000361
v 12.967981 -3.016230 0.017638
v 13.828844 -2.859579 0.110690
v -6.998034 -5.706070 0.048370
v -6.137171 -5.549419 0.125722
v -5.276308 -5.392768 0.237704
v -4.415445 -5.236118 0.292837
v -3.554581 -5.079467 0.246631
v -2.693718 -4.922816 0.147114
v -1.832856 -4.766165 0.078732
v -0.971992 -4.609514 0.071068
v -0.111129 -4.452863 0.077920
v 0.749734 -4.296213 0.047365
v 1.610598 -4.139562 -0.004673
v 2.471461 -3.982911 -0.007953
v 3.332324 -3.826260 0.075944
v 4.193187 -3.669609 0.197828
v 5.054050 -3.512958 0.264696
v 5.914913 -3.356307 0.235721
v 6.775777 -3.199656 0.161022
v 7.636640 -3.043005 0.119907
v 8.497502 -2.886354 0.131893
v 9.358367 -2.729703 0.143715
v 10.219230 -2.573053 0.104192
v 11.080092 -2.416402 0.034622
v 11.940956 -2.259751 0.008636
v 12.801819 -2.103100 0.064353
v 13.662681 -1.946449 0.153739
v -7.164196 -4.792941 0.044341
v -6.303333 -4.636290 0.167233
v -5.442470 -4.479639 0.266418
v -4.581606 -4.322988 0.272005
v -3.720742 -4.166337 0.203262
v -2.859880 -4.009686 0.138894
v -1.999017 -3.853035 0.125281
v -1.138154 -3.696384 0.130669
v -0.277291 -3.539734 0.096592
v 0.583572 -3.383083 0.021454
v 1.444436 -3.226431 -0.026868
v 2.305299 -3.069781 0.012744
v 3.166162 -2.913130 0.118987
v 4.027025 -2.756479 0.204092
v 4.887888 -2.599828 0.205830
v 5.748751 -2.443177 0.150565
v 6.609615 -2.286526 0.115899
v 7.470478 -2.129875 0.138490
v 8.331341 -1.973225 0.175422
v 9.192204 -1.816574 0.162537
v 10.053068 -1.659923 0.097709
v 10.913931 -1.503272 0.047952
v 11.774795 -1.346621 0.070645
v 12.635657 -1.189970 0.142451
v 13.496520 -1.033319 0.181859
v -7.330358 -3.879811 0.077016
v -6.469495 -3.723159 0.193518
v -5.608632 -3.566509 0.239303
v -4.747768 -3.409858 0.205275
v -3.886904 -3.253207 0.157600
v -3.026042 -3.096556 0.153887
v -2.165179 -2.939905 0.176951
v -1.304316 -2.783254 0.163365
v -0.443452 -2.626603 0.090034
v 0.417410 -2.469953 0.012579
v 1.278274 -2.313302 0.006797
v 2.139137 -2.156651 0.080636
v 3.000000 -2.000000 0.160988
v 3.860863 -1.843349 0.172948
v 4.721727 -1.686698 0.120744
v 5.582590 -1.530047 0.077435
v 6.443453 -1.373396 0.097177
v 7.304317 -1.216745 0.153764
v 8.165179 -1.060095 0.176495
v 9.026042 -0.903444 0.138486
v 9.886907 -0.746793 0.090661
v 10.747768 -0.590142 0.100031
v 11.608633 -0.433491 0.165647
v 12.469496 -0.276840 0.213534
v 13.330359 -0.120189 0.179281
v -7.496520 -2.966681 0.123789
v -6.635657 -2.810030 0.184581
v -5.774794 -2.653379 0.169511
v -4.913930 -2.496728 0.129854
v -4.053067 -2.340077 0.131780
v -3.192204 -2.183426 0.175280
v -2.331341 -2.026775 0.196970
v -1.470477 -1.870124 0.151765
v -0.609614 -1.713474 0.073982
v 0.251249 -1.556823 0.042699
v 1.112112 -1.400172 0.090412
v 1.972975 -1.243521 0.162722
v 2.833838 -1.086870 0.178073
v 3.694702 -0.930219 0.119274
v 4.555565 -0.773568 0.050992
v 5.416428 -0.616917 0.044014
v 6.277291 -0.460266 0.095792
v 7.138155 -0.303615 0.139585
v 7.999017 -0.146965 0.128786
v 8.859881 0.009686 0.094132
v 9.720744 0.166337 0.104622
v 10.581607 0.322988 0.178615
v 11.442471 0.479639 0.252296
v 12.303333 0.636290 0.246040
v 13.164195 0.792940 0.153537
v -7.662682 -2.053551 0.156578
v -6.801818 -1.896900 0.143344
v -5.940955 -1.740249 0.093845
v -5.080092 -1.583598 0.081015
v -4.219228 -1.426947 0.126154
v -3.358366 -1.270296 0.174858
v -2.497503 -1.113645 0.165577
v -1.636639 -0.956994 0.107470
v -0.775776 -0.800344 0.072989
v 0.085087 -0.643693 0.112212
v 0.945950 -0.487042 0.189969
v 1.806813 -0.330391 0.221475
v 2.667676 -0.173740 0.166807
v 3.528540 -0.017089 0.075180
v 4.389403 0.139562 0.028444
v 5.250266 0.296213 0.050782
v 6.111129 0.452863 0.089676
v 6.971993 0.609514 0.087587
v 7.832856 0.766165 0.056139
v 8.693719 0.922816 0.062521
v 9.554583 1.079467 0.143466
v 10.415445 1.236118 0.250043
v 11.276309 1.392769 0.291921
v 12.137173 1.549420 0.232952
v 12.998034 1.706070 0.128705
v -7.828844 -1.140421 0.161605
v -6.967980 -0.983770 0.095893
v -6.107117 -0.827119 0.051226
v -5.246254 -0.670468 0.071953
v -4.385390 -0.513817 0.122175
v -3.524527 -0.357166 0.133890
v -2.663665 -0.200515 0.093487
v -1.802801 -0.043865 0.061565
v -0.941938 0.112786 0.100583
v -0.081075 0.269437 0.195389
v 0.779788 0.426088 0.261954
v 1.640651 0.582739 0.236871
v 2.501514 0.739390 0.145219
v 3.362378 0.896041 0.069380
v 4.223242 1.052692 0.056836
v 5.084104 1.209342 0.074942
v 5.944967 1.365993 0.063112
v 6.805831 1.522644 0.016565
v 7.666694 1.679295 -0.001309
v 8.527556 1.835946 0.065039
v 9.388421 1.992597 0.188813
v 10.249283 2.149248 0.278423
v 11.110147 2.305898 0.270477
v 11.971010 2.462550 0.192828
v 12.831873 2.619200 0.126680
v -7.995005 -0.227291 0.148034
v -7.134142 -0.070640 0.075285
v -6.273279 0.086011 0.059633
v -5.412416 0.242662 0.089106
v -4.551552 0.399313 0.099189
v -3.690689 0.555964 0.059169
v -2.829826 0.712615 0.016439
v -1.968963 0.869266 0.043307
v -1.108100 1.025916 0.147637
v -0.247237 1.182567 0.253597
v 0.613627 1.339218 0.277974
v 1.474490 1.495869 0.215811
v 2.335353 1.652520 0.138169
v 3.196216 1.809171 0.107423
v 4.057079 1.965822 0.110815
v 4.917942 2.122473 0.088878
v 5.778806 2.279123 0.021233
v 6.639669 2.435774 -0.036328
v 7.500532 2.592425 -0.011211
v 8.361396 2.749076 0.098425
v 9.222259 2.905727 0.212099
v 10.083121 3.062377 0.248053
v 10.943985 3.219028 0.205386
v 11.804849 3.375680 0.154452
v 12.665711 3.532330 0.149823
v -8.161167 0.685839 0.139657
v -7.300304 0.842490 0.099338
v -6.439441 0.999141 0.106178
v -5.578578 1.155792 0.105061
v -4.717713 1.312443 0.052850
v -3.856851 1.469093 -0.017331
v -2.995988 1.625744 -0.025891
v -2.135125 1.782395 0.061442
v -1.274261 1.939046 0.187351
v -0.413399 2.095697 0.258355
v 0.447465 2.252348 0.239961
v 1.308328 2.408999 0.183582
v 2.169191 2.565650 0.157558
v 3.030054 2.722301 0.166260
v 3.890918 2.878951 0.152882
v 4.751781 3.035602 0.080089
v 5.612644 3.192253 -0.010992
v 6.473508 3.348904 -0.037643
v 7.334370 3.505555 0.032017
v 8.195233 3.662206 0.139119
v 9.056097 3.818856 0.195053
v 9.916960 3.975507 0.174317
v 10.777823 4.132158 0.133305
v 11.638687 4.288809 0.136206
v 12.499549 4.445460 0.177497
v -8.327330 1.598969 0.155678
v -7.466466 1.755620 0.157268
v -6.605603 1.912271 0.156457
v -5.744740 2.068922 0.099500
v -4.883876 2.225573 0.001748
v -4.023013 2.382224 -0.055939
v -3.162150 2.538874 -0.013177
v -2.301286 2.695525 0.100375
v -1.440423 2.852176 0.193673
v -0.579561 3.008827 0.209346
v 0.281303 3.165478 0.176629
v 1.142166 3.322129 0.164059
v 2.003029 3.478780 0.191528
v 2.863893 3.635431 0.207400
v 3.724756 3.792081 0.157047
v 4.585618 3.948732 0.059004
v 5.446482 4.105383 -0.005174
v 6.307345 4.262034 0.021064
v 7.168208 4.418685 0.105225
v 8.029072 4.575336 0.161252
v 8.889935 4.731987 0.144278
v 9.750797 4.888638 0.095508
v 10.611662 5.045289 0.087138
v 11.472525 5.201940 0.134465
v 12.333387 5.358590 0.179493
v -8.493490 2.512099 0.194288
v -7.632627 2.668750 0.214581
v -6.771764 2.825401 0.176861
v -5.910901 2.982052 0.073630
v -5.050037 3.138703 -0.023029
v -4.189175 3.295353 -0.033175
v -3.328311 3.452004 0.044763
v -2.467448 3.608655 0.133080
v -1.606585 3.765306 0.160478
v -0.745722 3.921957 0.135411
v 0.115141 4.078608 0.124056
v 0.976004 4.235259 0.162707
v 1.836867 4.391910 0.210779
v 2.697731 4.548561 0.200639
v 3.558594 4.705212 0.123964
v 4.419457 4.861863 0.049766
v 5.280320 5.018513 0.049678
v 6.141183 5.175164 0.116605
v 7.002046 5.331815 0.172213
v 7.862910 5.488466 0.155400
v 8.723773 5.645117 0.089348
v 9.584637 5.801767 0.050389
v 10.445500 5.958418 0.077316
v 11.306363 6.115069 0.128739
v 12.167226 6.271720 0.137661
v -8.659653 3.425229 0.231014
v -7.798790 3.581880 0.233651
v -6.937926 3.738531 0.155259
v -6.077063 3.895182 0.048386
v -5.216199 4.051833 0.001184
v -4.355337 4.208483 0.043294
v -3.494473 4.365134 0.116068
v -2.633610 4.521785 0.141267
v -1.772747 4.678436 0.107974
v -0.911884 4.835087 0.077465
v -0.051021 4.991738 0.103376
v 0.809842 5.148389 0.164082
v 1.670705 5.305039 0.188340
v 2.531569 5.461690 0.143201
v 3.392433 5.618341 0.078174
v 4.253295 5.774992 0.070870
v 5.114158 5.931643 0.136365
v 5.975022 6.088294 0.206809
v 6.835885 6.244945 0.206337
v 7.696748 6.401596 0.134957
v 8.557611 6.558247 0.064872
v 9.418474 6.714897 0.055644
v 10.279338 6.871548 0.089077
v 11.140202 7.028200 0.099531
v 12.001063 7.184850 0.061034
v -8.825815 4.338359 0.233777
v -7.964952 4.495009 0.197051
v -7.104088 4.651661 0.106869
v -6.243225 4.808311 0.048070
v -5.382361 4.964962 0.071393
v -4.521498 5.121613 0.138433
v -3.660636 5.278264 0.167850
v -2.799772 5.434915 0.128511
v -1.938909 5.591566 0.071221
v -1.078046 5.748217 0.064064
v -0.217182 5.904868 0.110018
v 0.643680 6.061519 0.145287
v 1.504544 6.218169 0.119686
v 2.365407 6.374820 0.061960
v 3.226270 6.531471 0.050111
v 4.087133 6.688122 0.119561
v 4.947997 6.844772 0.216855
v 5.808860 7.001424 0.254584
v 6.669723 7.158075 0.205118
v 7.530586 7.314725 0.125656
v 8.391450 7.471376 0.087968
v 9.252312 7.628026 0.097435
v 10.113176 7.784678 0.096542
v 10.974039 7.941329 0.046014
v 11.834902 8.097980 -0.016318
v -8.991976 5.251489 0.185037
v -8.131113 5.408139 0.118663
v -7.270250 5.564791 0.062222
v -6.409387 5.721441 0.081170
v -5.548522 5.878092 0.157550
v -4.687660 6.034743 0.210117
v -3.826797 6.191393 0.185964
v -2.965934 6.348045 0.117105
v -2.105071 6.504695 0.077727
v -1.244208 6.661346 0.095117
v -0.383344 6.817998 0.120829
v 0.477519 6.974648 0.095665
v 1.338382 7.131299 0.029337
v 2.199245 7.287950 -0.002677
v 3.060109 7.444601 0.055450
v 3.920971 7.601252 0.171331
v 4.781835 7.757902 0.253865
v 5.642698 7.914554 0.248224
v 6.503561 8.071205 0.187759
v 7.364424 8.227855 0.145568
v 8.225288 8.384506 0.146060
v 9.086151 8.541157 0.142085
v 9.947015 8.697807 0.083173
v 10.807878 8.854459 -0.009298
v 11.668740 9.011109 -0.053680
v -9.158138 6.164619 0.096134
v -8.297275 6.321269 0.035489
v -7.436412 6.477921 0.045945
v -6.575549 6.634572 0.132128
v -5.714684 6.791222 0.218846
v -4.853822 6.947874 0.233046
v -3.992959 7.104525 0.180686
v -3.132096 7.261175 0.130768
v -2.271233 7.417826 0.128733
v -1.410370 7.574476 0.143873
v -0.549506 7.731128 0.113283
v 0.311357 7.887779 0.028487
v 1.172220 8.044429 -0.041274
v 2.033083 8.201080 -0.020798
v 2.893947 8.357732 0.085754
v 3.754809 8.514382 0.195400
v 4.615673 8.671034 0.233104
v 5.476537 8.827684 0.205391
v 6.337399 8.984335 0.178238
v 7.198262 9.140986 0.189703
v 8.059126 9.297636 0.203445
v 8.919989 9.454288 0.169358
v 9.780852 9.610939 0.089011
v 10.641716 9.767589 0.022201
v 11.502578 9.924240 0.032346
v -9.324301 7.077749 0.003699
v -8.463436 7.234399 -0.014472
v -7.602574 7.391050 0.060956
v -6.741710 7.547702 0.170297
v -5.880846 7.704352 0.227741
v -5.019984 7.861003 0.211288
v -4.159121 8.017654 0.175356
v -3.298257 8.174305 0.175301
v -2.437394 8.330956 0.196772
v -1.576532 8.487606 0.175398
v -0.715668 8.644258 0.083038
v 0.145195 8.800909 -0.024243
v 1.006058 8.957559 -0.057540
v 1.866922 9.114210 0.010442
v 2.727785 9.270862 0.116347
v 3.588647 9.427511 0.175938
v 4.449512 9.584163 0.171812
v 5.310374 9.740814 0.158990
v 6.171237 9.897465 0.186294
v 7.032101 10.054116 0.231319
v 7.892964 10.210766 0.254122
v 8.753826 10.367417 0.229071
v 9.614691 10.524069 0.192778
v 10.475554 10.680718 0.207224
v 11.336416 10.837370 0.274108
v -9.490461 7.990879 -0.050389
v -8.629599 8.147529 -0.014002
v -7.768735 8.304180 0.088548
v -6.907872 8.460832 0.170447
v -6.047008 8.617481 0.186377
v -5.186145 8.774133 0.172039
v -4.325283 8.930784 0.186651
v -3.464419 9.087435 0.231004
v -2.603556 9.244086 0.241571
v -1.742693 9.400736 0.169092
v -0.881830 9.557387 0.047576
v -0.020967 9.714039 -0.031217
v 0.839896 9.870688 -0.012085
v 1.700760 10.027340 0.067872
v 2.561623 10.183991 0.125424
v 3.422486 10.340641 0.124436
v 4.283349 10.497293 0.107965
v 5.144213 10.653944 0.134875
v 6.005075 10.810595 0.199842
v 6.865939 10.967246 0.265263
v 7.726803 11.123898 0.305112
v 8.587666 11.280547 0.334203
v 9.448529 11.437199 0.409740
v 10.309392 11.593850 0.537697
v 11.170255 11.750500 0.635939
v -9.656623 8.904009 -0.043085
v -8.795760 9.060660 0.025615
v -7.934897 9.217312 0.103768
v -7.074034 9.373961 0.130981
v -6.213170 9.530613 0.124758
v -5.352307 9.687263 0.145575
v -4.491445 9.843914 0.210682
v -3.630581 10.000566 0.262920
v -2.769718 10.157215 0.234412
v -1.908855 10.313867 0.130577
v -1.047991 10.470518 0.033476
v -0.187129 10.627169 0.017157
v 0.673734 10.783820 0.071164
v 1.534598 10.940472 0.119434
v 2.395462 11.097121 0.110734
v 3.256324 11.253773 0.074262
v 4.117188 11.410424 0.076988
v 4.978051 11.567074 0.136325
v 5.838913 11.723725 0.204544
v 6.699778 11.880376 0.272185
v 7.560640 12.037027 0.346775
v 8.421503 12.193678 0.488371
v 9.282367 12.350328 0.725379
v 10.143230 12.506980 0.974593
v 11.004092 12.663631 1.076799
v -9.822786 9.817139 0.016910
v -8.961922 9.973790 0.075134
v -8.101060 10.130442 0.094935
v -7.240196 10.287091 0.077133
v -6.379332 10.443743 0.081822
v -5.518469 10.600394 0.145147
v -4.657607 10.757044 0.224921
v -3.796743 10.913695 0.242868
v -2.935880 11.070347 0.175444
v -2.075017 11.226996 0.085677
v -1.214154 11.383648 0.056328
v -0.353290 11.540298 0.100377
v 0.507572 11.696950 0.151730
v 1.368436 11.853601 0.145339
v 2.229300 12.010251 0.091885
v 3.090162 12.166903 0.060229
v 3.951026 12.323554 0.090868
v 4.811889 12.480204 0.145152
v 5.672751 12.636855 0.181955
v 6.533615 12.793505 0.239924
v 7.394478 12.950156 0.380328
v 8.255341 13.106808 0.666932
v 9.116205 13.263458 1.073452
v 9.977068 13.420110 1.454479
v 10.837931 13.576759 1.573114
v -9.988947 10.730268 0.095481
v -9.128084 10.886919 0.108251
v -8.267220 11.043571 0.073345
v -7.406358 11.200221 0.046234
v -6.545494 11.356873 0.081582
v -5.684630 11.513524 0.160136
v -4.823768 11.670174 0.204793
v -3.962904 11.826825 0.168939
v -3.102041 11.983477 0.093047
v -2.241179 12.140126 0.061364
v -1.380315 12.296778 0.107543
v -0.519452 12.453428 0.178325
v 0.341411 12.610080 0.196579
v 1.202274 12.766731 0.149016
v 2.063138 12.923381 0.096319
v 2.924000 13.080032 0.096174
v 3.784864 13.236684 0.132795
v 4.645728 13.393333 0.137826
v 5.506590 13.549985 0.121413
v 6.367453 13.706635 0.181458
v 7.228317 13.863286 0.400594
v 8.089180 14.019938 0.800377
v 8.950044 14.176588 1.312238
v 9.810906 14.333240 1.838679
v 10.671769 14.489891 2.123400
v -4.669866 -18.488199 0.149684
v -3.810025 -18.332058 0.210862
v -2.951546 -18.176838 0.232599
v -2.092479 -18.021330 0.162806
v -1.231237 -17.864122 0.036057
v -0.368303 -17.705721 -0.053571
v 0.494294 -17.548008 -0.048493
v 1.355253 -17.392073 0.017346
v 2.215321 -17.237030 0.066395
v 3.076176 -17.081110 0.067991
v 3.938240 -16.923765 0.065979
v 4.800098 -16.766258 0.113552
v 5.660224 -16.610037 0.195944
v 6.518907 -16.454897 0.237671
v 7.378119 -16.299089 0.187456
v 8.239322 -16.141375 0.081683
v 9.101895 -15.982485 0.010684
v 9.963835 -15.824434 0.022689
v 10.824085 -15.668270 0.076544
v 11.683657 -15.513049 0.096674
v 12.544325 -15.357039 0.062355
v 13.406452 -15.199812 0.027750
v 14.268557 -15.042661 0.050983
v 15.129119 -14.886907 0.118463
v 15.989336 -14.731142 0.157414
v -4.836204 -17.575651 0.188328
v -3.976570 -17.419724 0.254364
v -3.118068 -17.264467 0.231308
v -2.258393 -17.108280 0.124311
v -1.396649 -16.950438 0.016907
v -0.533945 -16.792063 -0.014570
v 0.327898 -16.634872 0.022571
v 1.188362 -16.479254 0.057742
v 2.048666 -16.323910 0.046444
v 2.910095 -16.167459 0.020962
v 3.772330 -16.010056 0.044617
v 4.633765 -15.853127 0.125850
v 5.493455 -15.697533 0.197732
v 6.352358 -15.542388 0.190617
v 7.212354 -15.385994 0.112685
v 8.074151 -15.227792 0.044087
v 8.936513 -15.069075 0.049233
v 9.797705 -14.911609 0.107040
v 10.657458 -14.755717 0.140633
v 11.517217 -14.600095 0.109122
v 12.378330 -14.443457 0.052623
v 13.240454 -14.286091 0.040149
v 14.101994 -14.129419 0.083583
v 14.962075 -13.974172 0.122036
v 15.822187 -13.818559 0.096307
v -5.003202 -16.664019 0.214437
v -4.143610 -16.508207 0.242715
v -3.284489 -16.352446 0.176371
v -2.423500 -16.194920 0.078924
v -1.561207 -16.036312 0.034760
v -0.699384 -15.878421 0.059623
v 0.161045 -15.722168 0.092650
v 1.021003 -15.566665 0.076468
v 1.882006 -15.410408 0.027330
v 2.744236 -15.253118 0.013227
v 3.606248 -15.096036 0.067230
v 4.466679 -14.940346 0.141056
v 5.325926 -14.785565 0.157339
v 6.185768 -14.629957 0.099384
v 7.047352 -14.472435 0.033128
v 7.909854 -14.313798 0.034353
v 8.771441 -14.155862 0.103305
v 9.631342 -13.999460 0.166594
v 10.490679 -13.843645 0.162870
v 11.351083 -13.686996 0.110011
v 12.212765 -13.529393 0.077367
v 13.074350 -13.372191 0.098171
v 13.934638 -13.216516 0.128085
v 14.794164 -13.061791 0.101073
v 15.654366 -12.906140 0.015158
v -5.170733 -15.752532 0.202140
v -4.310538 -15.596321 0.173665
v -3.449966 -15.439467 0.095666
v -2.587904 -15.281044 0.052703
v -1.725975 -15.122713 0.080210
v -0.865472 -14.965825 0.129324
v -0.005868 -14.809972 0.130807
v 0.854460 -14.653691 0.079083
v 1.716224 -14.496321 0.037078
v 2.578344 -14.338866 0.057583
v 3.439239 -14.182755 0.115700
v 4.298774 -14.028023 0.135678
v 5.158507 -13.873072 0.081199
v 6.019917 -13.716386 0.002408
v 6.882662 -13.558192 -0.016306
v 7.744916 -13.400155 0.049846
v 8.605412 -13.243483 0.139316
v 9.464781 -13.087632 0.175406
v 10.324705 -12.931117 0.149689
v 11.185904 -12.773408 0.121626
v 12.047345 -12.615646 0.138270
v 12.907632 -12.459272 0.171852
v 13.766876 -12.304260 0.152567
v 14.626737 -12.149033 0.057689
v 15.487517 -11.992773 -0.049597
v -5.337943 -14.840282 0.144531
v -4.476827 -14.683422 0.075325
v -3.614787 -14.525589 0.027113
v -2.752493 -14.367247 0.053770
v -1.891548 -14.209980 0.123248
v -1.031946 -14.053874 0.159089
v -0.172157 -13.897592 0.130983
v 0.688982 -13.740155 0.086603
v 1.550868 -13.582237 0.089086
v 2.411897 -13.425426 0.135687
v 3.271480 -13.270294 0.157347
v 4.130888 -13.115599 0.101537
v 4.991854 -12.959586 0.000085
v 5.854594 -12.801912 -0.058259
v 6.717483 -12.643954 -0.022112
v 7.578836 -12.487178 0.068849
v 8.438700 -12.331456 0.132904
v 9.298589 -12.175337 0.137683
v 10.159582 -12.017872 0.126977
v 11.021027 -11.859823 0.155165
v 11.881431 -11.702789 0.210149
v 12.740442 -11.547281 0.220651
v 13.599533 -11.392052 0.141312
v 14.460432 -11.235508 0.014526
v 15.321919 -11.078433 -0.065087
v -5.504273 -13.926773 0.061982
v -4.642425 -13.769431 -0.008960
v -3.779699 -13.611373 -0.004242
v -2.918013 -13.454011 0.067700
v -2.057932 -13.297863 0.132594
v -1.198242 -13.141801 0.138534
v -0.337508 -12.984557 0.111908
v 0.524153 -12.826385 0.117033
v 1.385245 -12.668859 0.169303
v 2.244789 -12.513047 0.208415
v 3.103694 -12.358196 0.166901
v 3.963861 -12.202525 0.053339
v 4.826093 -12.045208 -0.047524
v 5.689196 -11.887259 -0.060787
v 6.551275 -11.730297 0.002777
v 7.411782 -11.574655 0.068130
v 8.271927 -11.419034 0.086009
v 9.133007 -11.262126 0.083773
v 9.994743 -11.104203 0.119946
v 10.855619 -10.946803 0.199356
v 11.714801 -10.790883 0.254217
v 12.573370 -10.635604 0.217651
v 13.433282 -10.479287 0.103647
v 14.295256 -10.321354 -0.000336
v 15.157144 -10.163715 -0.022698
v -5.669791 -13.012203 -0.007357
v -4.807798 -12.854868 -0.045175
v -3.945424 -12.697480 0.000784
v -3.084620 -12.541361 0.069851
v -2.224626 -12.385675 0.097054
v -1.363934 -12.228951 0.087437
v -0.502236 -12.070930 0.101069
v 0.359151 -11.912981 0.168693
v 1.218908 -11.756526 0.241409
v 2.077457 -11.601347 0.239049
v 2.936714 -11.445800 0.142025
v 3.798033 -11.288677 0.019726
v 4.660797 -11.130581 -0.038729
v 5.523160 -10.973195 -0.014741
v 6.384100 -10.817324 0.031652
v 7.244442 -10.662001 0.041654
v 8.105614 -10.505693 0.027457
v 8.967733 -10.348154 0.050326
v 9.829355 -10.190695 0.135081
v 10.689202 -10.034573 0.226019
v 11.547792 -9.879383 0.241525
v 12.407052 -9.723463 0.164829
v 13.268243 -9.565777 0.065596
v 14.130632 -9.407161 0.026185
v 14.992337 -9.249525 0.055191
v -5.835118 -12.097390 -0.029974
v -4.973582 -11.940531 -0.027271
v -4.112204 -11.784251 0.020573
v -3.251833 -11.628834 0.045401
v -2.391022 -11.472734 0.034625
v -1.529097 -11.315201 0.042227
v -0.667134 -11.157221 0.113982
v 0.193273 -11.000378 0.217861
v 1.051957 -10.844965 0.267483
v 1.910597 -10.689569 0.214400
v 2.770972 -10.532692 0.102717
v 3.633087 -10.374466 0.023411
v 4.495332 -10.216506 0.018963
v 5.356367 -10.060062 0.047307
v 6.216621 -9.904638 0.044503
v 7.077580 -9.748679 0.007186
v 7.939808 -9.591489 -0.003911
v 8.802098 -9.434052 0.057350
v 9.662838 -9.277801 0.156713
v 10.521930 -9.122789 0.209160
v 11.381025 -8.967464 0.171469
v 12.241740 -8.810388 0.090312
v 13.103878 -8.651855 0.050410
v 13.965750 -8.493595 0.080815
v 14.826796 -8.336468 0.127765
v -6.000969 -11.183264 0.002142
v -5.140129 -11.026994 0.022006
v -4.279625 -10.871486 0.031147
v -3.418874 -10.715808 0.002694
v -2.556858 -10.558805 -0.017002
v -1.694307 -10.401008 0.032625
v -0.832978 -10.243996 0.143268
v 0.026366 -10.088496 0.233199
v 0.884940 -9.933416 0.230926
v 1.744700 -9.777043 0.150930
v 2.606243 -9.618976 0.075600
v 3.468288 -9.460584 0.063904
v 4.329295 -9.303447 0.091586
v 5.189275 -9.147605 0.091492
v 6.049686 -8.991669 0.041897
v 6.911542 -8.834602 -0.004203
v 7.774070 -8.677037 0.016653
v 8.635526 -8.520492 0.097073
v 9.495236 -8.365489 0.160130
v 10.354452 -8.210744 0.144422
v 11.214960 -8.054510 0.073536
v 12.077069 -7.896495 0.029861
v 12.939288 -7.738128 0.061651
v 13.800081 -7.580946 0.130451
v 14.660438 -7.424451 0.160061
v -6.167608 -10.270270 0.066315
v -5.307220 -10.114271 0.067923
v -4.446860 -9.958640 0.024457
v -3.585172 -9.801954 -0.029705
v -2.722400 -9.644278 -0.023126
v -1.860267 -9.487082 0.063597
v -1.000053 -9.331466 0.165030
v -0.141115 -9.176740 0.197237
v 0.718448 -9.021097 0.147071
v 1.579702 -8.863595 0.082685
v 2.441757 -8.705173 0.074130
v 3.302942 -8.547542 0.115451
v 4.162807 -8.391247 0.139195
v 5.022626 -8.235188 0.103043
v 5.883791 -8.078107 0.043051
v 6.746069 -7.920247 0.030587
v 7.607827 -7.763134 0.083910
v 8.467945 -7.607753 0.141446
v 9.327220 -7.453261 0.131313
v 10.187491 -7.297795 0.055504
v 11.049556 -7.140490 -0.009082
v 11.912241 -6.982357 0.004831
v 12.773755 -6.825034 0.081061
v 13.633689 -6.668911 0.142887
v 14.493778 -6.512746 0.143123
v -6.334639 -9.358131 0.123092
v -5.474176 -9.201859 0.086414
v -4.613191 -9.045248 0.013927
v -3.750729 -8.887514 -0.021047
v -2.888235 -8.729936 0.026271
v -2.027336 -8.573928 0.114298
v -1.167968 -8.419314 0.157448
v -0.308430 -8.264362 0.120260
v 0.552698 -8.107663 0.054753
v 1.414964 -7.949615 0.039231
v 2.276656 -7.791845 0.088869
v 3.136835 -7.635309 0.142552
v 3.996401 -7.479243 0.139626
v 4.856943 -7.322253 0.092571
v 5.718776 -7.164159 0.069679
v 6.580532 -7.006364 0.108686
v 7.440804 -6.850256 0.165477
v 8.299924 -6.695549 0.162252
v 9.159688 -6.540497 0.079183
v 10.021368 -6.383792 -0.017442
v 10.884273 -6.225955 -0.044083
v 11.746530 -6.068601 0.011265
v 12.607171 -5.912517 0.082821
v 13.467090 -5.756765 0.108037
v 14.327518 -5.600432 0.097368
v -6.501266 -8.446061 0.140163
v -5.640303 -8.289121 0.077723
v -4.778470 -8.131288 0.023649
v -3.916062 -7.973186 0.039902
v -3.054832 -7.816468 0.109993
v -2.195244 -7.661517 0.153820
v -1.335873 -7.506912 0.118082
v -0.475028 -7.350931 0.036937
v 0.387349 -7.193405 -0.006116
v 1.249660 -7.035742 0.028313
v 2.110522 -6.879172 0.095024
v 2.970317 -6.723307 0.123036
v 3.830608 -6.566694 0.100594
v 4.692158 -6.408694 0.085064
v 5.553943 -6.250416 0.126903
v 6.414378 -6.093509 0.199335
v 7.273302 -5.938272 0.221433
v 8.132355 -5.783259 0.149734
v 8.993223 -5.626892 0.031699
v 9.855825 -5.469200 -0.040915
v 10.718460 -5.311683 -0.027371
v 11.579730 -5.155488 0.026906
v 12.440036 -5.000052 0.053886
v 13.300845 -4.843828 0.045647
v 14.161997 -4.686997 0.057895
v -6.666860 -7.533298 0.111361
v -5.805366 -7.375723 0.062887
v -4.943184 -7.217233 0.068652
v -4.081816 -7.059696 0.134282
v -3.222170 -6.904050 0.188501
v -2.363184 -6.749339 0.162234
v -1.502971 -6.593757 0.067716
v -0.640902 -6.436626 -0.012982
v 0.221746 -6.279039 -0.017018
v 1.083303 -6.122427 0.034696
v 1.943595 -5.966804 0.071872
v 2.803978 -5.810770 0.063429
v 3.665531 -5.653256 0.052984
v 4.527596 -5.494911 0.099659
v 5.388495 -5.337443 0.195256
v 6.247539 -5.181666 0.260292
v 7.106021 -5.026542 0.227702
v 7.965913 -4.870364 0.117612
v 8.827771 -4.712695 0.017872
v 9.690275 -4.554822 -0.008249
v 10.551809 -4.398201 0.017835
v 11.412299 -4.242753 0.030157
v 12.273102 -4.087007 0.005941
v 13.135136 -3.929904 -0.005776
v 13.996906 -3.772652 0.051617
v -6.831422 -6.619612 0.059052
v -5.969793 -6.461872 0.066163
v -5.108157 -6.303739 0.140271
v -4.248317 -6.147335 0.221683
v -3.389680 -5.992250 0.227454
v -2.530303 -5.836776 0.142724
v -1.668995 -5.679830 0.037717
v -0.806526 -5.522138 -0.008269
v 0.055379 -5.365246 0.010971
v 0.916055 -5.209626 0.035033
v 1.776562 -5.054088 0.020193
v 2.638194 -4.897234 -0.003495
v 3.500693 -4.739183 0.030034
v 4.362378 -4.581497 0.134566
v 5.222053 -4.425375 0.240425
v 6.080461 -4.270229 0.262245
v 6.939618 -4.114335 0.188563
v 7.800663 -3.956799 0.091665
v 8.662750 -3.798573 0.047362
v 9.524228 -3.641311 0.056501
v 10.384611 -3.485466 0.058625
v 11.245074 -3.329837 0.017083
v 12.106874 -3.173090 -0.029637
v 12.969619 -3.015421 -0.012307
v 13.831475 -2.858182 0.080839
v -6.995681 -5.705427 0.018470
v -6.134452 -5.548134 0.095873
v -5.274019 -5.391191 0.207833
v -4.415329 -5.235757 0.262839
v -3.556609 -5.080333 0.216712
v -2.696207 -4.923530 0.117226
v -1.834303 -4.765646 0.048771
v -0.972471 -4.608243 0.041098
v -0.111734 -4.452248 0.047933
v 0.748636 -4.296858 0.017392
v 1.610086 -4.140522 -0.034653
v 2.472825 -3.982851 -0.037922
v 3.335324 -3.825126 0.046116
v 4.195963 -3.668804 0.167968
v 5.054850 -3.513760 0.234717
v 5.913771 -3.358358 0.205813
v 6.774273 -3.201280 0.131103
v 7.636031 -3.042995 0.089913
v 8.497448 -2.885178 0.101916
v 9.357665 -2.728767 0.113737
v 10.217594 -2.572959 0.074237
v 11.078744 -2.416314 0.004652
v 11.941286 -2.258601 -0.021340
v 12.803686 -2.101161 0.034474
v 13.665009 -1.944424 0.123898
v -7.160658 -4.791512 0.014585
v -6.300119 -4.635028 0.137433
v -5.440827 -4.479410 0.236464
v -4.582253 -4.324181 0.242036
v -3.722504 -4.167718 0.173346
v -2.861178 -4.009828 0.108922
v -1.999581 -3.851925 0.095306
v -1.138978 -3.695324 0.100699
v -0.279003 -3.539709 0.066641
v 0.581869 -3.383581 -0.008493
v 1.444360 -3.226131 -0.056867
v 2.307310 -3.068297 -0.017151
v 3.168849 -2.911686 0.089142
v 4.028458 -2.756666 0.174127
v 4.887537 -2.601821 0.175899
v 5.747838 -2.445489 0.120668
v 6.609531 -2.287575 0.085918
v 7.471156 -2.129553 0.108499
v 8.331494 -1.972713 0.145426
v 9.191057 -1.816698 0.132559
v 10.051458 -1.660080 0.067753
v 10.913417 -1.502241 0.017974
v 11.775808 -1.344275 0.040754
v 12.636911 -1.187774 0.112558
v 13.497393 -1.031729 0.151914
v -7.327008 -3.878412 0.047237
v -6.467023 -3.722642 0.163625
v -5.608091 -3.567717 0.209332
v -4.748554 -3.411855 0.175352
v -3.887526 -3.254339 0.127628
v -3.025985 -3.096246 0.123889
v -2.165378 -2.939117 0.146962
v -1.305751 -2.783140 0.133399
v -0.445636 -2.627012 0.060116
v 0.416160 -2.469617 -0.017393
v 1.279018 -2.311507 -0.023140
v 2.141069 -2.154352 0.050787
v 3.001264 -1.999021 0.131031
v 3.860548 -1.844494 0.142972
v 4.720744 -1.688928 0.090843
v 5.582483 -1.531656 0.047478
v 6.444553 -1.373794 0.067200
v 7.305421 -1.216809 0.123784
v 8.165077 -1.060772 0.146503
v 9.025018 -0.904355 0.108517
v 9.886399 -0.746573 0.060666
v 10.748579 -0.588154 0.070108
v 11.609836 -0.430830 0.135789
v 12.469399 -0.275381 0.183569
v 13.329226 -0.119778 0.149306
v -7.494671 -2.966103 0.093852
v -6.634733 -2.810545 0.154600
v -5.775131 -2.655347 0.139578
v -4.914148 -2.498510 0.099908
v -4.052384 -2.340635 0.101793
v -3.191406 -2.183285 0.145291
v -2.331741 -2.027084 0.166975
v -1.472166 -1.871006 0.121826
v -0.611153 -1.713713 0.044022
v 0.251262 -1.555324 0.012736
v 1.113427 -1.397453 0.060565
v 1.973921 -1.241424 0.132810
v 2.833205 -1.086760 0.148080
v 3.693085 -0.931669 0.089353
v 4.554652 -0.775000 0.021040
v 5.417075 -0.617428 0.014026
v 6.278651 -0.460462 0.065824
v 7.138814 -0.304563 0.109607
v 7.998741 -0.148585 0.098831
v 8.859843 0.008779 0.064146
v 9.721951 0.167291 0.074662
v 10.583440 0.325280 0.148759
v 11.443135 0.481486 0.222360
v 12.301792 0.636481 0.216081
v 13.161524 0.792200 0.123666
v -7.662872 -2.054003 0.126582
v -6.802432 -1.898069 0.113373
v -5.941534 -1.741925 0.063898
v -5.079503 -1.584491 0.051034
v -4.217900 -1.427192 0.096184
v -3.357738 -1.270986 0.144872
v -2.498228 -1.115165 0.135624
v -1.637721 -0.958246 0.077516
v -0.775717 -0.799859 0.042993
v 0.086452 -0.641386 0.082332
v 0.947134 -0.484497 0.160101
v 1.806287 -0.329310 0.191499
v 2.665590 -0.174289 0.136885
v 3.526563 -0.017968 0.045258
v 4.388910 0.139443 -0.001551
v 5.250972 0.296485 0.020792
v 6.111711 0.452323 0.059687
v 6.971874 0.607817 0.057635
v 7.832955 0.764493 0.026185
v 8.695226 0.922662 0.032560
v 9.557233 1.080926 0.113619
v 10.417436 1.237714 0.220152
v 11.276029 1.393058 0.261924
v 12.134866 1.548530 0.203054
v 12.995071 1.704877 0.098876
v -7.830562 -1.141361 0.131669
v -6.969417 -0.984765 0.065944
v -6.107430 -0.827702 0.021233
v -5.245321 -0.670483 0.041967
v -4.384482 -0.514315 0.092193
v -3.524655 -0.358859 0.103938
v -2.664279 -0.202586 0.063565
v -1.802432 -0.044630 0.031577
v -0.940075 0.114051 0.070668
v -0.079004 0.271635 0.165542
v 0.780210 0.427440 0.231988
v 1.638950 0.582628 0.206919
v 2.499059 0.738818 0.115325
v 3.360852 0.896249 0.039420
v 4.222938 1.053601 0.026851
v 5.083972 1.209689 0.044944
v 5.944265 1.364953 0.033138
v 6.805288 1.520973 -0.013383
v 7.667724 1.678568 -0.031282
v 8.530400 1.836760 0.035185
v 9.391498 1.993855 0.158998
v 10.250580 2.149392 0.248452
v 11.109146 2.304678 0.240519
v 11.969043 2.461281 0.162920
v 12.829928 2.618377 0.096754
v -7.997094 -0.227822 0.118111
v -7.135521 -0.070726 0.045317
v -6.273345 0.086600 0.029639
v -5.412046 0.242942 0.059110
v -4.551872 0.398202 0.069211
v -3.691483 0.553808 0.029257
v -2.829649 0.711048 -0.013520
v -1.966913 0.869501 0.013378
v -1.105121 1.027424 0.117823
v -0.245383 1.183682 0.223676
v 0.613193 1.338999 0.247978
v 1.472560 1.495041 0.185885
v 2.333614 1.652484 0.108220
v 3.195376 1.810257 0.077455
v 4.056371 1.966899 0.080843
v 4.916502 2.122344 0.058913
v 5.777154 2.278014 -0.008701
v 6.639414 2.435116 -0.066320
v 7.502545 2.593143 -0.041135
v 8.364611 2.750427 0.068628
v 9.224569 2.906072 0.182190
v 10.083394 3.061037 0.218084
v 10.942991 3.217065 0.175467
v 11.804107 3.374727 0.124476
v 12.665433 3.532232 0.119824
v -8.162575 0.686318 0.109694
v -7.301149 0.843437 0.069365
v -6.439784 1.000252 0.076201
v -5.579525 1.155703 0.075076
v -4.719306 1.310926 0.022930
v -3.857666 1.467482 -0.047277
v -2.994651 1.625505 -0.055860
v -2.132016 1.783493 0.031624
v -1.271349 1.940002 0.157508
v -0.412376 2.095292 0.228375
v 0.446701 2.250984 0.210001
v 1.307218 2.408176 0.153614
v 2.168658 2.566189 0.127567
v 3.029538 2.723435 0.136286
v 3.889373 2.879338 0.122924
v 4.749374 3.035002 0.050192
v 5.610986 3.191849 -0.040944
v 6.474047 3.349840 -0.067623
v 7.336752 3.507431 0.002171
v 8.197577 3.663343 0.109233
v 9.056911 3.818079 0.165074
v 9.916526 3.973416 0.144394
v 10.777570 4.130436 0.103356
v 11.639307 4.288395 0.106215
v 12.500572 4.445725 0.147515
v -8.327717 1.600292 0.125710
v -7.466931 1.756995 0.127304
v -6.606821 1.912973 0.126490
v -5.747054 2.068223 0.069598
v -4.886001 2.224371 -0.028153
v -4.023158 2.382046 -0.085938
v -3.159953 2.540079 -0.043072
v -2.298308 2.696831 0.070552
v -1.438595 2.852076 0.163729
v -0.579355 3.007271 0.179387
v 0.280993 3.163882 0.146673
v 1.142386 3.321740 0.134062
v 2.003394 3.479339 0.161536
v 2.863150 3.635678 0.177410
v 3.722552 3.791461 0.127135
v 4.583276 3.948188 0.029101
v 5.445770 4.106259 -0.035153
v 6.308599 4.264344 -0.008821
v 7.169965 4.420848 0.075354
v 8.029688 4.575722 0.131260
v 8.889318 4.730567 0.114318
v 9.750302 4.886870 0.065564
v 10.612336 5.044413 0.057158
v 11.473824 5.201722 0.104494
v 12.334638 5.358429 0.149520
v -8.493333 2.513373 0.164315
v -7.633254 2.669567 0.184598
v -6.773984 2.825093 0.146945
v -5.913798 2.981100 0.043785
v -5.051642 3.138605 -0.052986
v -4.188423 3.296829 -0.063130
v -3.326135 3.454030 0.014911
v -2.465732 3.609479 0.103141
v -1.606185 3.764302 0.130497
v -0.745815 3.920207 0.105462
v 0.115747 4.077577 0.094080
v 0.977211 4.235165 0.132732
v 1.837332 4.391705 0.180784
v 2.696545 4.547483 0.170681
v 3.556550 4.703979 0.094060
v 4.418331 4.862013 0.019788
v 5.280944 5.020593 0.019757
v 6.142527 5.177918 0.086762
v 7.002396 5.333360 0.142254
v 7.861804 5.488139 0.125422
v 8.722441 5.643952 0.059400
v 9.584511 5.801100 0.020397
v 10.446560 5.958320 0.047335
v 11.307278 6.114471 0.098759
v 12.167653 6.270539 0.107687
v -8.659779 3.425386 0.201015
v -7.799985 3.581395 0.203679
v -6.940566 3.737302 0.125400
v -6.079326 3.894663 0.018476
v -5.216555 4.053140 -0.028785
v -4.354086 4.211003 0.013426
v -3.493293 4.367039 0.086152
v -2.633616 4.521885 0.111267
v -1.773362 4.677280 0.078002
v -0.911735 4.834105 0.047481
v -0.049750 4.991489 0.073404
v 0.811065 5.148037 0.134109
v 1.670585 5.303632 0.158374
v 2.530304 5.459649 0.113297
v 3.391589 5.617301 0.048204
v 4.254003 5.776074 0.040898
v 5.115757 5.934150 0.106513
v 5.975730 6.090369 0.176889
v 6.834774 6.245458 0.176362
v 7.694737 6.401115 0.105029
v 8.556374 6.558082 0.034898
v 9.418583 6.715376 0.025648
v 10.279819 6.871647 0.059081
v 11.139962 7.026926 0.069559
v 12.000308 7.182773 0.031115
v -8.826736 4.336873 0.203828
v -7.966586 4.493203 0.167150
v -7.106082 4.650200 0.076971
v -6.243865 4.808725 0.018080
v -5.381452 4.967224 0.041493
v -4.520490 5.124086 0.108552
v -3.660904 5.279373 0.137872
v -2.801069 5.434643 0.098540
v -1.939764 5.591136 0.041237
v -1.077573 5.748395 0.034069
v -0.216119 5.904996 0.080037
v 0.643937 6.060424 0.115308
v 1.503726 6.215842 0.089788
v 2.364811 6.372773 0.032036
v 3.227248 6.531275 0.020128
v 4.089396 6.689743 0.089691
v 4.949751 6.846632 0.186964
v 5.808645 7.002130 0.224593
v 6.667892 7.157804 0.175175
v 7.528770 7.314739 0.095711
v 8.390676 7.472300 0.057992
v 9.252042 7.628996 0.067452
v 10.112315 7.784382 0.066556
v 10.972641 7.939690 0.016091
v 11.833479 8.095892 -0.046212
v -8.993475 5.248773 0.155198
v -8.132513 5.405751 0.088791
v -7.270639 5.563903 0.032237
v -6.408192 5.722701 0.051220
v -5.546977 5.880311 0.127672
v -4.687430 6.036216 0.180154
v -3.828141 6.191652 0.155996
v -2.967525 6.348063 0.087147
v -2.105615 6.505405 0.047740
v -1.243905 6.662306 0.065134
v -0.383461 6.817852 0.090830
v 0.476424 6.972847 0.065740
v 1.337374 7.128982 -0.000556
v 2.199918 7.286880 -0.032651
v 3.062671 7.445328 0.025569
v 3.923805 7.602599 0.141495
v 4.783047 7.758363 0.223893
v 5.641940 7.913969 0.218239
v 6.502116 8.070783 0.157797
v 7.363529 8.228581 0.115591
v 8.224789 8.385921 0.116097
v 9.084993 8.541979 0.112119
v 9.944883 8.697556 0.053250
v 10.806019 8.854095 -0.039238
v 11.667517 9.011089 -0.083655
v -9.159413 6.161817 0.066293
v -8.297646 6.319365 0.005552
v -7.434946 6.477994 0.015980
v -6.573174 6.636015 0.102257
v -5.713290 6.792419 0.188902
v -4.854290 6.948043 0.203050
v -3.994391 7.104421 0.150720
v -3.133062 7.261921 0.100793
v -2.271487 7.419325 0.098772
v -1.410972 7.575359 0.113892
v -0.551229 7.730344 0.083343
v 0.309346 7.885922 -0.001387
v 1.171742 8.043194 -0.071244
v 2.034989 8.201426 -0.050736
v 2.897081 8.358871 0.055940
v 3.757120 8.514750 0.165491
v 4.616189 8.670107 0.203122
v 5.476046 8.826520 0.175418
v 6.337143 8.984262 0.148239
v 7.198384 9.142149 0.159725
v 8.058650 9.299144 0.173487
v 8.918222 9.455570 0.139437
v 9.778514 9.612647 0.059152
v 10.640377 9.770867 -0.007589
v 11.502151 9.928558 0.002662
v -9.324527 7.076101 -0.026255
v -8.462434 7.233748 -0.044448
v -7.599897 7.391840 0.031086
v -6.739236 7.548506 0.140410
v -5.880006 7.704144 0.197753
v -5.020478 7.860304 0.181300
v -4.159644 8.017770 0.145361
v -3.298295 8.175608 0.145330
v -2.437853 8.332313 0.166806
v -1.578438 8.487661 0.145458
v -0.718547 8.643056 0.053201
v 0.143228 8.799914 -0.054162
v 1.006495 8.957995 -0.087534
v 1.869314 9.115652 -0.019428
v 2.730249 9.271706 0.086460
v 3.589825 9.426793 0.145970
v 4.449738 9.582598 0.141854
v 5.310830 9.739894 0.129008
v 6.172295 9.897855 0.156315
v 7.033023 10.055409 0.201361
v 7.892830 10.212560 0.224176
v 8.752729 10.370285 0.199229
v 9.613782 10.529213 0.163237
v 10.475521 10.688412 0.178227
v 11.336819 10.846212 0.245443
v -9.489412 7.991014 -0.080371
v -8.627629 8.148198 -0.043930
v -7.766031 8.305025 0.058682
v -6.906160 8.460572 0.140497
v -6.046536 8.616292 0.156404
v -5.185857 8.773369 0.142050
v -4.324510 8.931305 0.156665
v -3.463945 9.088538 0.201028
v -2.604718 9.244360 0.211595
v -1.745565 9.399800 0.139245
v -0.884748 9.556438 0.017733
v -0.022018 9.714513 -0.061195
v 0.841010 9.872561 -0.042006
v 1.702566 10.029064 0.037976
v 2.562608 10.184154 0.095441
v 3.422650 10.339425 0.094461
v 4.283854 10.496097 0.077993
v 5.145673 10.653709 0.104912
v 6.007009 10.811171 0.169910
v 6.867569 10.968332 0.235327
v 7.727929 11.126086 0.275213
v 8.589009 11.285387 0.304627
v 9.450548 11.445699 0.381040
v 10.310943 11.605019 0.509897
v 11.170999 11.762469 0.608440
v -9.654899 8.905602 -0.072993
v -8.793796 9.062050 -0.004288
v -7.933234 9.217649 0.073816
v -7.073294 9.372928 0.101008
v -6.212516 9.529381 0.094791
v -5.350893 9.687027 0.115609
v -4.489841 9.844458 0.180730
v -3.630355 10.000590 0.232921
v -2.771601 10.156040 0.204494
v -1.911692 10.312435 0.100746
v -1.049771 10.470467 0.003529
v -0.186978 10.628981 -0.012788
v 0.674813 10.786212 0.041279
v 1.535050 10.941722 0.089464
v 2.394999 11.096816 0.080740
v 3.256091 11.252995 0.044273
v 4.118176 11.410242 0.047005
v 4.979905 11.567352 0.106383
v 5.841040 11.723905 0.174620
v 6.702243 11.880852 0.242291
v 7.564162 12.039515 0.317086
v 8.426737 12.200103 0.459538
v 9.288200 12.360994 0.697953
v 10.146437 12.520146 0.947828
v 11.004868 12.677330 1.050120
v -9.821441 9.819194 -0.012989
v -8.960938 9.975089 0.045178
v -8.100815 10.130227 0.064936
v -7.240007 10.286128 0.047150
v -6.378105 10.443323 0.051850
v -5.516372 10.600694 0.115222
v -4.656188 10.756927 0.194955
v -3.797285 10.912226 0.212909
v -2.937885 11.068159 0.145591
v -2.076652 11.225859 0.055743
v -1.214190 11.384625 0.026344
v -0.352332 11.542608 0.070482
v 0.507937 11.698824 0.121791
v 1.367553 11.854139 0.115357
v 2.228153 12.010136 0.061907
v 3.090103 12.167241 0.030231
v 3.952080 12.324300 0.060896
v 4.813163 12.480335 0.115179
v 5.674489 12.636124 0.152015
v 6.537185 12.793294 0.210137
v 7.401102 12.952650 0.351175
v 8.264826 13.113314 0.639224
v 9.126164 13.273769 1.047099
v 9.982952 13.433254 1.428162
v 10.840180 13.590938 1.546772
v -9.988075 10.732257 0.065560
v -9.127792 10.887983 0.078272
v -8.267668 11.043153 0.043351
v -7.406278 11.199549 0.016242
v -6.543940 11.357019 0.051622
v -5.682405 11.514008 0.130222
v -4.822728 11.669549 0.174818
v -3.963899 11.824594 0.139039
v -3.103883 11.980995 0.063207
v -2.241943 12.139335 0.031384
v -1.379432 12.298219 0.077591
v -0.518267 12.455706 0.148435
v 0.341294 12.611464 0.166611
v 1.200844 12.766935 0.119051
v 2.061906 12.923555 0.066344
v 2.924128 13.081026 0.066191
v 3.785767 13.237770 0.102828
v 4.646448 13.393192 0.107834
v 5.508022 13.548716 0.091474
v 6.371638 13.706109 0.151756
v 7.236557 13.865662 0.371846
v 8.100705 14.025945 0.773339
v 8.962046 14.185940 1.286382
v 9.818108 14.345978 1.812490
v 10.675355 14.503972 2.097154
v -14.702217 -9.986229 0.088313
v -13.833509 -10.090979 0.106629
v -12.964802 -10.195726 0.166648
v -12.096094 -10.300474 0.249558
v -11.227386 -10.405223 0.315725
v -10.358679 -10.509971 0.327776
v -9.489971 -10.614718 0.274962
v -8.621264 -10.719466 0.182092
v -7.752556 -10.824215 0.096156
v -6.883849 -10.928963 0.058717
v -6.015141 -11.033710 0.081790
v -5.146433 -11.138460 0.142732
v -4.277726 -11.243208 0.200938
v -3.409018 -11.347956 0.224666
v -2.540310 -11.452704 0.209952
v -1.671604 -11.557452 0.179528
v -0.802896 -11.662200 0.163700
v 0.065812 -11.766950 0.177429
v 0.934519 -11.871697 0.209934
v 1.803227 -11.976444 0.233764
v 2.671934 -12.081194 0.226241
v 3.540642 -12.185942 0.187363
v 4.409350 -12.290689 0.140975
v 5.278058 -12.395438 0.118114
v 6.146764 -12.500186 0.134431
v -14.591108 -9.064778 0.050571
v -13.722402 -9.169528 0.129278
v -12.853694 -9.274276 0.238896
v -11.984986 -9.379024 0.328580
v -11.116278 -9.483772 0.355505
v -10.247570 -9.588520 0.309447
v -9.378863 -9.693268 0.217749
v -8.510156 -9.798016 0.127784
v -7.641448 -9.902765 0.078652
v -6.772741 -10.007513 0.080499
v -5.904033 -10.112260 0.113987
v -5.035326 -10.217010 0.148453
v -4.166618 -10.321757 0.164822
v -3.297910 -10.426505 0.166969
v -2.429203 -10.531254 0.174297
v -1.560496 -10.636002 0.202206
v -0.691788 -10.740749 0.245857
v 0.176920 -10.845499 0.280111
v 1.045627 -10.950247 0.276486
v 1.914335 -11.054995 0.225235
v 2.783043 -11.159743 0.146223
v 3.651750 -11.264491 0.079666
v 4.520458 -11.369239 0.061827
v 5.389166 -11.473987 0.101669
v 6.257872 -11.578735 0.174454
v -14.480000 -8.143328 0.098616
v -13.611295 -8.248075 0.202930
v -12.742586 -8.352825 0.292632
v -11.873878 -8.457573 0.328564
v -11.005170 -8.562321 0.303190
v -10.136463 -8.667069 0.240723
v -9.267756 -8.771817 0.178046
v -8.399048 -8.876565 0.140485
v -7.530340 -8.981315 0.129006
v -6.661633 -9.086062 0.126471
v -5.792925 -9.190809 0.116583
v -4.924218 -9.295559 0.100309
v -4.055511 -9.400307 0.096821
v -3.186803 -9.505054 0.127860
v -2.318095 -9.609803 0.197111
v -1.449388 -9.714551 0.280586
v -0.580680 -9.819299 0.336771
v 0.288028 -9.924048 0.331282
v 1.156734 -10.028796 0.259966
v 2.025442 -10.133544 0.154438
v 2.894150 -10.238293 0.065317
v 3.762858 -10.343040 0.033285
v 4.631566 -10.447788 0.066354
v 5.500273 -10.552538 0.137688
v 6.368980 -10.657285 0.204668
v -14.368894 -7.221878 0.185194
v -13.500185 -7.326625 0.243827
v -12.631477 -7.431375 0.263845
v -11.762771 -7.536122 0.248260
v -10.894062 -7.640870 0.220245
v -10.025354 -7.745619 0.202861
v -9.156648 -7.850367 0.201122
v -8.287939 -7.955114 0.199684
v -7.419232 -8.059864 0.177651
v -6.550525 -8.164612 0.129103
v -5.681817 -8.269360 0.073332
v -4.813110 -8.374107 0.045839
v -3.944402 -8.478856 0.074982
v -3.075695 -8.583604 0.160059
v -2.206987 -8.688352 0.266643
v -1.338280 -8.793100 0.343815
v -0.469572 -8.897848 0.353189
v 0.399136 -9.002598 0.291299
v 1.267843 -9.107346 0.191010
v 2.136551 -9.212093 0.101299
v 3.005259 -9.316842 0.058783
v 3.873966 -9.421590 0.069290
v 4.742674 -9.526338 0.110325
v 5.611382 -9.631085 0.150855
v 6.480088 -9.735834 0.173446
v -14.257786 -6.300427 0.224851
v -13.389078 -6.405175 0.206125
v -12.520370 -6.509924 0.176504
v -11.651663 -6.614672 0.164227
v -10.782954 -6.719419 0.183235
v -9.914247 -6.824169 0.220977
v -9.045540 -6.928916 0.245799
v -8.176832 -7.033664 0.229477
v -7.308124 -7.138413 0.169271
v -6.439417 -7.243161 0.093624
v -5.570709 -7.347908 0.046450
v -4.702002 -7.452656 0.059714
v -3.833295 -7.557405 0.132329
v -2.964587 -7.662153 0.229518
v -2.095879 -7.766901 0.303250
v -1.227172 -7.871650 0.320428
v -0.358464 -7.976398 0.280612
v 0.510244 -8.081145 0.212515
v 1.378950 -8.185895 0.152979
v 2.247658 -8.290643 0.123593
v 3.116366 -8.395391 0.120793
v 3.985073 -8.500139 0.124977
v 4.853781 -8.604887 0.120381
v 5.722489 -8.709635 0.109987
v 6.591196 -8.814384 0.113841
v -14.146677 -5.378978 0.191829
v -13.277970 -5.483725 0.134410
v -12.409262 -5.588474 0.113475
v -11.540554 -5.693222 0.140758
v -10.671845 -5.797970 0.195672
v -9.803139 -5.902719 0.239043
v -8.934431 -6.007466 0.239432
v -8.065724 -6.112215 0.194271
v -7.197017 -6.216963 0.131586
v -6.328310 -6.321711 0.091307
v -5.459601 -6.426459 0.099002
v -4.590894 -6.531207 0.149785
v -3.722187 -6.635955 0.212855
v -2.853479 -6.740704 0.252834
v -1.984771 -6.845452 0.252743
v -1.116064 -6.950200 0.222866
v -0.247356 -7.054949 0.190157
v 0.621351 -7.159697 0.176730
v 1.490058 -7.264444 0.183493
v 2.358766 -7.369192 0.190943
v 3.227474 -7.473941 0.176397
v 4.096182 -7.578689 0.134703
v 4.964890 -7.683436 0.086569
v 5.833598 -7.788186 0.067182
v 6.702304 -7.892933 0.102007
v -14.035569 -4.457527 0.145791
v -13.166862 -4.562275 0.108363
v -12.298154 -4.667023 0.119156
v -11.429447 -4.771771 0.158470
v -10.560739 -4.876519 0.191983
v -9.692031 -4.981268 0.195652
v -8.823324 -5.086016 0.171526
v -7.954616 -5.190764 0.143998
v -7.085909 -5.295513 0.140071
v -6.217202 -5.400260 0.168357
v -5.348494 -5.505009 0.212100
v -4.479786 -5.609756 0.241210
v -3.611079 -5.714505 0.234467
v -2.742371 -5.819253 0.195709
v -1.873663 -5.924001 0.151976
v -1.004956 -6.028749 0.134520
v -0.136249 -6.133498 0.156028
v 0.732459 -6.238245 0.200431
v 1.601166 -6.342994 0.233145
v 2.469874 -6.447742 0.225192
v 3.338582 -6.552491 0.174627
v 4.207289 -6.657238 0.110094
v 5.075997 -6.761986 0.073356
v 5.944705 -6.866735 0.092106
v 6.813411 -6.971483 0.161211
v -13.924461 -3.536077 0.155502
v -13.055754 -3.640824 0.147236
v -12.187046 -3.745573 0.151529
v -11.318338 -3.850320 0.146952
v -10.449630 -3.955069 0.127034
v -9.580923 -4.059817 0.106748
v -8.712216 -4.164565 0.110914
v -7.843509 -4.269313 0.153170
v -6.974801 -4.374062 0.221480
v -6.106093 -4.478810 0.281820
v -5.237386 -4.583558 0.298799
v -4.368679 -4.688306 0.259512
v -3.499971 -4.793054 0.183946
v -2.631263 -4.897803 0.113954
v -1.762555 -5.002551 0.087448
v -0.893849 -5.107299 0.114751
v -0.025141 -5.212047 0.172891
v 0.843567 -5.316795 0.221600
v 1.712274 -5.421544 0.230139
v 2.580982 -5.526291 0.196908
v 3.449690 -5.631040 0.148904
v 4.318398 -5.735788 0.122010
v 5.187105 -5.840536 0.136089
v 6.055813 -5.945284 0.182020
v 6.924520 -6.050032 0.229172
v -13.813354 -2.614625 0.213955
v -12.944646 -2.719374 0.189884
v -12.075938 -2.824122 0.140636
v -11.207232 -2.928870 0.079957
v -10.338523 -3.033618 0.040421
v -9.469815 -3.138367 0.053103
v -8.601109 -3.243114 0.124553
v -7.732400 -3.347863 0.227657
v -6.863693 -3.452611 0.314152
v -5.994986 -3.557359 0.341918
v -5.126278 -3.662107 0.299763
v -4.257570 -3.766855 0.213587
v -3.388863 -3.871604 0.129921
v -2.520155 -3.976352 0.087710
v -1.651447 -4.081100 0.096709
v -0.782741 -4.185848 0.135931
v 0.085967 -4.290597 0.171785
v 0.954675 -4.395344 0.182383
v 1.823382 -4.500093 0.171022
v 2.692090 -4.604841 0.160174
v 3.560798 -4.709589 0.171451
v 4.429505 -4.814338 0.206878
v 5.298213 -4.919086 0.245530
v 6.166921 -5.023834 0.258239
v 7.035627 -5.128582 0.229745
v -13.702245 -1.693175 0.248062
v -12.833539 -1.797923 0.173692
v -11.964830 -1.902672 0.080813
v -11.096123 -2.007420 0.015498
v -10.227414 -2.112168 0.015512
v -9.358707 -2.216916 0.086341
v -8.490001 -2.321664 0.196058
v -7.621293 -2.426412 0.292939
v -6.752585 -2.531160 0.334804
v -5.883878 -2.635909 0.311484
v -5.015170 -2.740657 0.246698
v -4.146462 -2.845405 0.179504
v -3.277755 -2.950153 0.138845
v -2.409047 -3.054902 0.128417
v -1.540339 -3.159649 0.130976
v -0.671633 -3.264398 0.127065
v 0.197075 -3.369146 0.113202
v 1.065783 -3.473894 0.105575
v 1.934490 -3.578642 0.126411
v 2.803198 -3.683390 0.183371
v 3.671906 -3.788139 0.257921
v 4.540613 -3.892887 0.312643
v 5.409321 -3.997635 0.313932
v 6.278029 -4.102383 0.255012
v 7.146736 -4.207131 0.163112
v -13.591138 -0.771724 0.210553
v -12.722431 -0.876473 0.115283
v -11.853723 -0.981221 0.042958
v -10.985015 -1.085969 0.030385
v -10.116306 -1.190717 0.081551
v -9.247600 -1.295465 0.166932
v -8.378892 -1.400213 0.243146
v -7.510184 -1.504962 0.279298
v -6.641478 -1.609710 0.272575
v -5.772770 -1.714458 0.243863
v -4.904062 -1.819206 0.218291
v -4.035355 -1.923954 0.205801
v -3.166647 -2.028702 0.196000
v -2.297939 -2.133451 0.170473
v -1.429232 -2.238199 0.122572
v -0.560525 -2.342947 0.068887
v 0.308183 -2.447695 0.042402
v 1.176891 -2.552443 0.070756
v 2.045598 -2.657192 0.154406
v 2.914306 -2.761940 0.260699
v 3.783014 -2.866688 0.339583
v 4.651721 -2.971437 0.352014
v 5.520429 -3.076184 0.293024
v 6.389137 -3.180933 0.194464
v 7.257843 -3.285680 0.105643
v -13.480030 0.149726 0.141399
v -12.611322 0.044978 0.093613
v -11.742614 -0.059770 0.090524
v -10.873907 -0.164519 0.127535
v -10.005198 -0.269267 0.177100
v -9.136491 -0.374015 0.209599
v -8.267785 -0.478764 0.213736
v -7.399077 -0.583512 0.202004
v -6.530369 -0.688260 0.197878
v -5.661662 -0.793008 0.214823
v -4.792954 -0.897756 0.243193
v -3.924247 -1.002504 0.255458
v -3.055540 -1.107252 0.226756
v -2.186832 -1.212000 0.156267
v -1.318124 -1.316749 0.073437
v -0.449417 -1.421497 0.023124
v 0.419291 -1.526245 0.038351
v 1.287999 -1.630994 0.118415
v 2.156706 -1.735741 0.227159
v 3.025414 -1.840490 0.313108
v 3.894122 -1.945238 0.338768
v 4.762829 -2.049986 0.300471
v 5.631537 -2.154734 0.226742
v 6.500245 -2.259482 0.157596
v 7.368951 -2.364231 0.119532
v -13.368922 1.071176 0.122868
v -12.500215 0.966428 0.154834
v -11.631507 0.861680 0.200475
v -10.762799 0.756932 0.228410
v -9.894091 0.652184 0.219636
v -9.025384 0.547435 0.181975
v -8.156676 0.442687 0.145332
v -7.287969 0.337939 0.140548
v -6.419261 0.233191 0.176505
v -5.550554 0.128443 0.231860
v -4.681847 0.023694 0.267902
v -3.813139 -0.081054 0.254417
v -2.944432 -0.185802 0.191120
v -2.075724 -0.290550 0.109870
v -1.207016 -0.395298 0.055721
v -0.338309 -0.500046 0.059143
v 0.530399 -0.604795 0.117647
v 1.399107 -0.709543 0.198604
v 2.267813 -0.814291 0.260693
v 3.136522 -0.919039 0.279111
v 4.005229 -1.023787 0.257827
v 4.873937 -1.128535 0.221738
v 5.742644 -1.233284 0.195779
v 6.611352 -1.338032 0.186777
v 7.480059 -1.442780 0.181166
v -13.257813 1.992627 0.181596
v -12.389107 1.887879 0.253878
v -11.520398 1.783131 0.285359
v -10.651691 1.678382 0.260601
v -9.782983 1.573634 0.198089
v -8.914275 1.468886 0.138185
v -8.045569 1.364138 0.116903
v -7.176861 1.259390 0.142994
v -6.308153 1.154641 0.193552
v -5.439446 1.049893 0.230708
v -4.570738 0.945145 0.227713
v -3.702031 0.840397 0.186564
v -2.833324 0.735649 0.135495
v -1.964616 0.630900 0.108716
v -1.095908 0.526152 0.122894
v -0.227201 0.421404 0.166723
v 0.641507 0.316656 0.210353
v 1.510215 0.211908 0.227336
v 2.378922 0.107160 0.213094
v 3.247629 0.002411 0.186694
v 4.116338 -0.102337 0.174944
v 4.985045 -0.207085 0.190680
v 5.853753 -0.311833 0.221459
v 6.722461 -0.416581 0.237518
v 7.591167 -0.521329 0.213947
v -13.146706 2.914077 0.255868
v -12.277999 2.809329 0.303930
v -11.409291 2.704581 0.290792
v -10.540584 2.599833 0.235889
v -9.671875 2.495084 0.177806
v -8.803168 2.390336 0.148114
v -7.934461 2.285588 0.152579
v -7.065753 2.180840 0.171716
v -6.197046 2.076092 0.178899
v -5.328339 1.971344 0.162064
v -4.459630 1.866596 0.133111
v -3.590923 1.761847 0.118409
v -2.722216 1.657099 0.137687
v -1.853508 1.552351 0.187099
v -0.984800 1.447603 0.239354
v -0.116093 1.342855 0.261520
v 0.752615 1.238106 0.238216
v 1.621323 1.133358 0.183612
v 2.490029 1.028610 0.133147
v 3.358737 0.923862 0.120009
v 4.227445 0.819113 0.152347
v 5.096152 0.714365 0.207067
v 5.964860 0.609617 0.244920
v 6.833568 0.504869 0.236944
v 7.702275 0.400121 0.184390
v -13.035599 3.835528 0.267832
v -12.166890 3.730779 0.274765
v -11.298182 3.626031 0.251817
v -10.429476 3.521283 0.226135
v -9.560767 3.416535 0.213789
v -8.692060 3.311787 0.209454
v -7.823353 3.207039 0.194370
v -6.954645 3.102290 0.155687
v -6.085938 2.997542 0.101840
v -5.217230 2.892794 0.061388
v -4.348522 2.788046 0.064890
v -3.479815 2.683298 0.122142
v -2.611108 2.578549 0.211310
v -1.742400 2.473801 0.288873
v -0.873692 2.369053 0.315019
v -0.004985 2.264305 0.278127
v 0.863723 2.159557 0.201986
v 1.732430 2.054809 0.130729
v 2.601137 1.950061 0.101280
v 3.469845 1.845312 0.121453
v 4.338553 1.740564 0.167795
v 5.207261 1.635816 0.203810
v 6.075969 1.531068 0.205489
v 6.944676 1.426319 0.176589
v 7.813383 1.321571 0.143717
v -12.924491 4.756978 0.213702
v -12.055783 4.652230 0.222161
v -11.187075 4.547482 0.241793
v -10.318368 4.442734 0.268307
v -9.449659 4.337986 0.279068
v -8.580952 4.233237 0.249916
v -7.712245 4.128489 0.176589
v -6.843537 4.023741 0.084486
v -5.974830 3.918993 0.018012
v -5.106123 3.814245 0.014941
v -4.237415 3.709496 0.082214
v -3.368707 3.604748 0.189534
v -2.500000 3.500000 0.285724
v -1.631292 3.395252 0.327855
v -0.762584 3.290504 0.304675
v 0.106123 3.185755 0.239793
v 0.974830 3.081007 0.173644
v 1.843538 2.976259 0.137135
v 2.712245 2.871511 0.134726
v 3.580953 2.766763 0.147307
v 4.449661 2.662014 0.151111
v 5.318368 2.557266 0.137889
v 6.187076 2.452518 0.121390
v 7.055784 2.347770 0.125612
v 7.924490 2.243022 0.163910
v -12.813383 5.678429 0.163686
v -11.944675 5.573680 0.214451
v -11.075968 5.468932 0.277741
v -10.207260 5.364184 0.315499
v -9.338552 5.259436 0.295997
v -8.469845 5.154688 0.216840
v -7.601138 5.049940 0.110604
v -6.732430 4.945191 0.028146
v -5.863722 4.840443 0.009592
v -4.995015 4.735695 0.061397
v -4.126307 4.630947 0.153995
v -3.257599 4.526199 0.240967
v -2.388892 4.421451 0.286663
v -1.520184 4.316702 0.284267
v -0.651476 4.211954 0.253604
v 0.217230 4.107206 0.222224
v 1.085938 4.002458 0.204433
v 1.954646 3.897709 0.193441
v 2.823353 3.792961 0.171494
v 3.692061 3.688213 0.129343
v 4.560769 3.583465 0.079409
v 5.429476 3.478717 0.051556
v 6.298183 3.373969 0.073213
v 7.166892 3.269221 0.147579
v 8.035598 3.164472 0.246010
v -12.702274 6.599879 0.173140
v -11.833568 6.495131 0.246865
v -10.964859 6.390382 0.298315
v -10.096152 6.285635 0.294129
v -9.227444 6.180886 0.232486
v -8.358736 6.076138 0.144651
v -7.490029 5.971390 0.075635
v -6.621321 5.866642 0.056997
v -5.752614 5.761894 0.089650
v -4.883907 5.657146 0.147248
v -4.015199 5.552397 0.196444
v -3.146492 5.447649 0.219102
v -2.277784 5.342901 0.221017
v -1.409076 5.238153 0.222033
v -0.540368 5.133405 0.236098
v 0.328338 5.028656 0.256997
v 1.197046 4.923908 0.261155
v 2.065754 4.819160 0.226142
v 2.934461 4.714412 0.151472
v 3.803169 4.609664 0.065760
v 4.671877 4.504915 0.013319
v 5.540584 4.400167 0.027648
v 6.409292 4.295419 0.109045
v 7.278000 4.190670 0.221673
v 8.146707 4.085923 0.312862
v -12.591166 7.521330 0.214012
v -11.722460 7.416581 0.248522
v -10.853752 7.311833 0.241494
v -9.985044 7.207085 0.197649
v -9.116336 7.102337 0.145572
v -8.247629 6.997588 0.117067
v -7.378922 6.892840 0.125361
v -6.510214 6.788092 0.157503
v -5.641506 6.683344 0.185849
v -4.772799 6.578596 0.189800
v -3.904091 6.473847 0.171620
v -3.035384 6.369099 0.154555
v -2.166676 6.264351 0.164354
v -1.297968 6.159603 0.207580
v -0.429261 6.054855 0.262886
v 0.439446 5.950107 0.292666
v 1.308154 5.845358 0.268081
v 2.176862 5.740611 0.190575
v 3.045569 5.635862 0.094681
v 3.914277 5.531114 0.029199
v 4.782984 5.426366 0.028436
v 5.651691 5.321618 0.091992
v 6.520400 5.216869 0.186010
v 7.389107 5.112121 0.264539
v 8.257813 5.007373 0.296562
v -12.480059 8.442780 0.210477
v -11.611351 8.338032 0.173579
v -10.742643 8.233283 0.127042
v -9.873937 8.128536 0.101896
v -9.005228 8.023787 0.118058
v -8.136520 7.919039 0.168608
v -7.267813 7.814291 0.222683
v -6.399106 7.709543 0.245731
v -5.530398 7.604794 0.223345
v -4.661691 7.500047 0.171956
v -3.792983 7.395298 0.128425
v -2.924276 7.290550 0.125166
v -2.055568 7.185802 0.167634
v -1.186861 7.081054 0.229697
v -0.318153 6.976305 0.270344
v 0.550554 6.871557 0.260640
v 1.419262 6.766809 0.202856
v 2.287970 6.662060 0.129029
v 3.156677 6.557312 0.080219
v 4.025385 6.452565 0.080673
v 4.894093 6.347816 0.124160
v 5.762800 6.243068 0.180949
v 6.631508 6.138320 0.219534
v 7.500216 6.033572 0.227341
v 8.368922 5.928824 0.216060
v -12.368951 9.364231 0.139261
v -11.500244 9.259482 0.073212
v -10.631536 9.154734 0.049637
v -9.762829 9.049986 0.084172
v -8.894120 8.945238 0.163573
v -8.025413 8.840489 0.243898
v -7.156706 8.735742 0.281491
v -6.287998 8.630993 0.262523
v -5.419290 8.526245 0.207310
v -4.550583 8.421497 0.155142
v -3.681875 8.316749 0.137772
v -2.813168 8.212000 0.159534
v -1.944461 8.107252 0.197061
v -1.075753 8.002504 0.217854
v -0.207045 7.897756 0.204090
v 0.661662 7.793008 0.164871
v 1.530370 7.688260 0.128706
v 2.399078 7.583511 0.122168
v 3.267784 7.478763 0.150349
v 4.136492 7.374015 0.193230
v 5.005200 7.269267 0.220499
v 5.873908 7.164518 0.214024
v 6.742615 7.059771 0.181581
v 7.611323 6.955022 0.151575
v 8.480029 6.850274 0.152127
v -12.257843 10.285680 0.130112
v -11.389135 10.180932 0.112699
v -10.520428 10.076184 0.143347
v -9.651720 9.971437 0.200323
v -8.783011 9.866688 0.250088
v -7.914305 9.761940 0.270495
v -7.045598 9.657192 0.265222
v -6.176890 9.552443 0.236152
v -5.308183 9.447696 0.206696
v -4.439476 9.342948 0.196526
v -3.570767 9.238198 0.202066
v -2.702060 9.133451 0.202651
v -1.833353 9.028703 0.180009
v -0.964645 8.923955 0.135878
v -0.095937 8.819206 0.094095
v 0.772770 8.714458 0.084896
v 1.641478 8.609710 0.122401
v 2.510186 8.504961 0.191720
v 3.378893 8.400213 0.255796
v 4.247601 8.295465 0.278342
v 5.116309 8.190717 0.247618
v 5.985016 8.085969 0.184678
v 6.853724 7.981221 0.129992
v 7.722431 7.876472 0.117091
v 8.591138 7.771725 0.150862
v -12.146735 11.207130 0.287923
v -11.278028 11.102383 0.346271
v -10.409320 10.997635 0.394354
v -9.540613 10.892887 0.399148
v -8.671905 10.788138 0.355154
v -7.803197 10.683391 0.287419
v -6.934490 10.578643 0.237289
v -6.065782 10.473893 0.238314
v -5.197074 10.369146 0.261065
v -4.328367 10.264399 0.272827
v -3.459660 10.159649 0.249956
v -2.590952 10.054901 0.185465
v -1.722245 9.950153 0.100405
v -0.853537 9.845405 0.035677
v 0.015171 9.740657 0.028173
v 0.883878 9.635909 0.086691
v 1.752586 9.531160 0.184136
v 2.621294 9.426412 0.272120
v 3.490000 9.321664 0.309126
v 4.358708 9.216916 0.284210
v 5.227416 9.112167 0.221126
v 6.096123 9.007420 0.160842
v 6.964831 8.902671 0.134683
v 7.833539 8.797923 0.146143
v 8.702246 8.693175 0.172822
v -12.035627 12.128581 0.615156
v -11.166920 12.023833 0.718606
v -10.298212 11.919086 0.721357
v -9.429504 11.814338 0.622802
v -8.560796 11.709589 0.478489
v -7.692089 11.604841 0.355115
v -6.823382 11.500093 0.293112
v -5.954674 11.395344 0.295127
v -5.085967 11.290596 0.325549
v -4.217259 11.185848 0.304564
v -3.348552 11.081100 0.223155
v -2.479844 10.976352 0.113299
v -1.611137 10.871604 0.026245
v -0.742429 10.766855 0.003706
v 0.126279 10.662107 0.053938
v 0.994986 10.557360 0.147959
v 1.863694 10.452610 0.238004
v 2.732402 10.347862 0.285851
v 3.601109 10.243114 0.282687
v 4.469816 10.138367 0.248570
v 5.338524 10.033618 0.213756
v 6.207232 9.928870 0.196205
v 7.075939 9.824122 0.191258
v 7.944647 9.719374 0.179959
v 8.813354 9.614626 0.148630
v -11.924520 13.050032 1.022614
v -11.055812 12.945284 1.151085
v -10.187104 12.840536 1.090058
v -9.318398 12.735788 0.886195
v -8.449689 12.631040 0.664475
v -7.580981 12.526292 0.502547
v -6.712274 12.421544 0.409744
v -5.843566 12.316794 0.358558
v -4.974858 12.212047 0.322134
v -4.106151 12.107299 0.251958
v -3.237444 12.002550 0.149655
v -2.368736 11.897802 0.064615
v -1.500029 11.793055 0.034024
v -0.631321 11.688306 0.063149
v 0.237387 11.583558 0.126490
v 1.106094 11.478810 0.187504
v 1.974802 11.374061 0.222448
v 2.843509 11.269313 0.232019
v 3.712216 11.164565 0.234009
v 4.580924 11.059817 0.244033
v 5.449632 10.955069 0.259794
v 6.318339 10.850321 0.261286
v 7.187047 10.745573 0.227228
v 8.055755 10.640823 0.155547
v 8.924461 10.536077 0.071966
v -11.813411 13.971482 1.390043
v -10.944704 13.866735 1.626972
v -10.075996 13.761987 1.532387
v -9.207289 13.657239 1.203433
v -8.338580 13.552490 0.896176
v -7.469873 13.447742 0.664113
v -6.601166 13.342995 0.487003
v -5.732458 13.238245 0.342931
v -4.863751 13.133497 0.236448
v -3.995044 13.028749 0.165870
v -3.126336 12.924001 0.113539
v -2.257628 12.819253 0.100153
v -1.388921 12.714505 0.120100
v -0.520213 12.609756 0.148975
v 0.348495 12.505009 0.164298
v 1.217202 12.400261 0.162821
v 2.085909 12.295511 0.161576
v 2.954617 12.190763 0.182082
v 3.823324 12.086016 0.229707
v 4.692032 11.981268 0.284194
v 5.560740 11.876519 0.309686
v 6.429447 11.771771 0.278560
v 7.298155 11.667024 0.192916
v 8.166863 11.562274 0.088215
v 9.035569 11.457527 0.015143
v -11.702304 14.892933 1.563131
v -10.833596 14.788185 2.076264
v -9.964889 14.683437 1.932984
v -9.096182 14.578690 1.439290
v -8.227472 14.473941 1.043937
v -7.358766 14.369193 0.717183
v -6.490058 14.264445 0.445912
v -5.621351 14.159696 0.243427
v -4.752643 14.054948 0.139393
v -3.883936 13.950200 0.130985
v -3.015228 13.845451 0.156750
v -2.146520 13.740704 0.191367
v -1.277813 13.635956 0.205426
v -0.409105 13.531206 0.185457
v 0.459603 13.426458 0.145388
v 1.328309 13.321712 0.118040
v 2.197017 13.216962 0.131938
v 3.065725 13.112214 0.189433
v 3.934432 13.007466 0.261805
v 4.803140 12.902719 0.305697
v 5.671848 12.797970 0.290533
v 6.540555 12.693222 0.218823
v 7.409263 12.588474 0.125727
v 8.277970 12.483725 0.058057
v 9.146677 12.378977 0.046528
v -11.591195 15.814384 1.414724
v -10.722488 15.709636 1.755700
v -9.853781 15.604886 1.726974
v -8.985073 15.500138 1.380038
v -8.116364 15.395391 0.977773
v -7.247657 15.290642 0.604566
v -6.378950 15.185894 0.310643
v -5.510242 15.081146 0.138182
v -4.641535 14.976398 0.106173
v -3.772828 14.871650 0.168766
v -2.904120 14.766902 0.230767
v -2.035413 14.662154 0.254166
v -1.166705 14.557405 0.227598
v -0.297998 14.452657 0.172367
v 0.570710 14.347909 0.127895
v 1.439417 14.243160 0.125215
v 2.308125 14.138412 0.166413
v 3.176833 14.033665 0.223771
v 4.045540 13.928916 0.258858
v 4.914248 13.824168 0.248306
v 5.782956 13.719420 0.198702
v 6.651663 13.614671 0.140918
v 7.520371 13.509923 0.108469
v 8.389079 13.405175 0.115369
v 9.257785 13.300426 0.148762
v -11.480088 16.735834 1.145086
v -10.611381 16.631084 1.354980
v -9.742673 16.526337 1.329846
v -8.873965 16.421589 1.077022
v -8.005257 16.316839 0.726206
v -7.136550 16.212091 0.400614
v -6.267843 16.107346 0.180538
v -5.399135 16.002598 0.097986
v -4.530427 15.897848 0.139371
v -3.661720 15.793100 0.216453
v -2.793012 15.688353 0.255935
v -1.924305 15.583605 0.246864
v -1.055598 15.478855 0.209147
v -0.186890 15.374107 0.176450
v 0.681818 15.269360 0.171594
v 1.550525 15.164611 0.191724
v 2.419233 15.059863 0.212993
v 3.287941 14.955115 0.210467
v 4.156648 14.850367 0.178261
v 5.025355 14.745619 0.135066
v 5.894063 14.640871 0.110994
v 6.762771 14.536121 0.125262
v 7.631478 14.431374 0.171046
v 8.500186 14.326626 0.218850
v 9.368893 14.221877 0.236597
v -11.368979 17.657284 0.885868
v -10.500273 17.552536 0.986683
v -9.631564 17.447788 0.913150
v -8.762857 17.343040 0.699699
v -7.894149 17.238291 0.442481
v -7.025442 17.133543 0.234696
v -6.156734 17.028795 0.125020
v -5.288027 16.924047 0.114422
v -4.419319 16.819298 0.168046
v -3.550612 16.714550 0.206354
v -2.681904 16.609802 0.216132
v -1.813197 16.505054 0.214142
v -0.944490 16.400307 0.220654
v -0.075782 16.295559 0.240438
v 0.792926 16.190809 0.257480
v 1.661633 16.086061 0.247527
v 2.530341 15.981314 0.199083
v 3.399049 15.876566 0.126860
v 4.267756 15.771816 0.066639
v 5.136464 15.667068 0.053704
v 6.005172 15.562322 0.099121
v 6.873879 15.457572 0.180429
v 7.742587 15.352824 0.253974
v 8.611295 15.248076 0.281443
v 9.480001 15.143328 0.253257
v -11.257872 18.578735 0.617964
v -10.389165 18.473986 0.624115
v -9.520457 18.369238 0.534097
v -8.651750 18.264490 0.393989
v -7.783041 18.159740 0.259862
v -6.914334 18.054993 0.167921
v -6.045627 17.950245 0.126460
v -5.176919 17.845497 0.129729
v -4.308211 17.740749 0.139893
v -3.439504 17.636002 0.148574
v -2.570796 17.531254 0.174311
v -1.702089 17.426504 0.225055
v -0.833382 17.321756 0.285463
v 0.035326 17.217009 0.322147
v 0.904034 17.112259 0.304741
v 1.772741 17.007511 0.228667
v 2.641449 16.902763 0.123156
v 3.510157 16.798016 0.037507
v 4.378863 16.693268 0.013247
v 5.247571 16.588520 0.059814
v 6.116279 16.483770 0.149529
v 6.984986 16.379023 0.235046
v 7.853694 16.274275 0.277784
v 8.722403 16.169527 0.268879
v 9.591108 16.064777 0.229782
v -11.146764 19.500185 0.349699
v -10.278056 19.395437 0.324267
v -9.409348 19.290689 0.282802
v -8.540642 19.185942 0.241236
v -7.671933 19.081192 0.203137
v -6.803226 18.976444 0.165589
v -5.934519 18.871696 0.133345
v -5.065811 18.766949 0.102015
v -4.197104 18.662199 0.087964
v -3.328396 18.557451 0.116854
v -2.459688 18.452703 0.191093
v -1.590981 18.347954 0.282089
v -0.722274 18.243208 0.343717
v 0.146434 18.138460 0.339450
v 1.015142 18.033710 0.265720
v 1.883849 17.928963 0.155886
v 2.752557 17.824215 0.061701
v 3.621264 17.719465 0.023940
v 4.489972 17.614717 0.050814
v 5.358680 17.509970 0.117304
v 6.227387 17.405220 0.184406
v 7.096095 17.300472 0.224325
v 7.964803 17.195724 0.234593
v 8.833510 17.090977 0.232748
v 9.702217 16.986229 0.237327
v -14.700598 -9.986670 0.058360
v -13.831173 -10.090615 0.076722
v -12.961674 -10.194116 0.136855
v -12.093584 -10.298590 0.219723
v -11.226748 -10.404160 0.285751
v -10.360246 -10.510220 0.297818
v -9.492920 -10.615875 0.245130
v -8.624132 -10.720606 0.152251
v -7.754070 -10.824581 0.066197
v -6.883614 -10.928517 0.028721
v -6.013761 -11.033130 0.051827
v -5.144981 -11.138574 0.112768
v -4.276993 -11.244307 0.170967
v -3.409042 -11.349474 0.194704
v -2.540498 -11.453547 0.179964
v -1.671300 -11.556743 0.149538
v -0.801974 -11.659963 0.133798
v 0.066804 -11.764201 0.147572
v 0.934750 -11.869879 0.179990
v 1.802228 -11.976571 0.203781
v 2.670043 -12.083201 0.196368
v 3.538846 -12.188755 0.157549
v 4.408677 -12.292900 0.111064
v 5.278890 -12.396125 0.088134
v 6.148324 -12.499991 0.104472
v -14.588634 -9.064217 0.020679
v -13.719500 -9.168549 0.099435
v -12.850666 -9.272911 0.209080
v -11.983192 -9.378142 0.298646
v -11.116496 -9.483881 0.325506
v -10.249578 -9.589428 0.279528
v -9.381599 -9.694244 0.187890
v -8.512370 -9.798343 0.097867
v -7.642389 -9.902277 0.048671
v -6.772456 -10.006721 0.050511
v -5.903163 -10.111979 0.084001
v -5.034545 -10.217731 0.118472
v -4.166163 -10.323224 0.134861
v -3.297515 -10.427814 0.137000
v -2.428457 -10.531432 0.144307
v -1.559318 -10.634674 0.172258
v -0.690631 -10.738452 0.215968
v 0.177304 -10.843392 0.250187
v 1.044733 -10.949428 0.246510
v 1.912346 -11.055844 0.195313
v 2.780832 -11.161727 0.116370
v 3.650418 -11.266533 0.049766
v 4.520659 -11.370415 0.031851
v 5.390698 -11.474031 0.071709
v 6.259902 -11.578251 0.144526
v -14.476837 -8.141696 0.068828
v -13.608336 -8.246860 0.173101
v -12.740620 -8.352726 0.262696
v -11.873608 -8.458706 0.298587
v -11.006410 -8.564028 0.273264
v -10.138367 -8.668322 0.210809
v -9.269423 -8.771890 0.148093
v -8.400046 -8.875525 0.110519
v -7.530806 -8.979963 0.099040
v -6.661957 -9.085390 0.096480
v -5.793278 -9.191318 0.086589
v -4.924325 -9.296910 0.070340
v -4.054852 -9.401562 0.066854
v -3.185104 -9.505308 0.097909
v -2.315719 -9.608797 0.167222
v -1.447301 -9.712845 0.250707
v -0.579967 -9.817895 0.306812
v 0.286840 -9.923722 0.301307
v 1.154065 -10.029621 0.230096
v 2.022482 -10.134891 0.124614
v 2.892224 -10.239311 0.035396
v 3.762699 -10.343264 0.003286
v 4.632957 -10.447405 0.036389
v 5.502264 -10.552185 0.107756
v 6.370973 -10.657135 0.174735
v -14.367047 -7.221050 0.155262
v -13.498892 -7.326718 0.213855
v -12.631273 -7.432996 0.233890
v -11.763339 -7.538345 0.218348
v -10.894783 -7.642504 0.190298
v -10.025826 -7.745934 0.172866
v -9.156965 -7.849496 0.171136
v -8.288535 -7.953881 0.169715
v -7.420403 -8.059166 0.147682
v -6.552032 -8.164818 0.099141
v -5.682883 -8.270100 0.043360
v -4.812871 -8.374607 0.015844
v -3.942535 -8.478549 0.045041
v -3.072759 -8.582562 0.130221
v -2.204230 -8.687252 0.236790
v -1.336988 -8.792732 0.313845
v -0.470351 -8.898529 0.323207
v 0.396704 -9.003927 0.261427
v 1.264935 -9.108467 0.161172
v 2.134415 -9.212291 0.071376
v 3.004561 -9.316059 0.028801
v 3.874548 -9.420469 0.039316
v 4.743830 -9.525778 0.080353
v 5.612434 -9.631588 0.120878
v 6.480960 -9.736903 0.143478
v -14.258192 -6.301213 0.194864
v -13.389662 -6.406577 0.176163
v -12.520930 -6.511958 0.146578
v -11.651628 -6.616259 0.134269
v -10.782305 -6.719988 0.153248
v -9.913568 -6.823900 0.190985
v -9.045620 -6.928470 0.215803
v -8.178048 -7.033592 0.199502
v -7.310080 -7.138727 0.139336
v -6.441087 -7.243349 0.063671
v -5.571047 -7.347391 0.016456
v -4.700607 -7.451321 0.029776
v -3.830710 -7.555804 0.102484
v -2.962010 -7.661211 0.199643
v -2.094482 -7.767300 0.273285
v -1.227462 -7.873314 0.290476
v -0.360068 -7.978482 0.250728
v 0.508254 -8.082525 0.182613
v 1.377431 -8.185871 0.123018
v 2.246932 -8.289379 0.093628
v 3.116191 -8.393784 0.090836
v 3.985015 -8.499219 0.094991
v 4.853682 -8.605143 0.090383
v 5.722641 -8.710720 0.080007
v 6.591599 -8.815694 0.083872
v -14.148299 -5.380218 0.161899
v -13.279115 -5.484935 0.104457
v -12.409277 -5.589358 0.083488
v -11.539546 -5.693588 0.110777
v -10.670617 -5.798173 0.165698
v -9.802643 -5.903250 0.209052
v -8.935120 -6.008436 0.209456
v -8.067231 -6.113148 0.164324
v -7.198398 -6.217077 0.101618
v -6.328665 -6.320507 0.061333
v -5.458660 -6.424193 0.069102
v -4.589167 -6.528860 0.119927
v -3.720617 -6.634719 0.182922
v -2.852821 -6.741259 0.222847
v -1.985149 -6.847525 0.222817
v -1.116986 -6.952714 0.192986
v -0.248141 -7.056668 0.160217
v 0.621047 -7.159938 0.146732
v 1.490027 -7.263424 0.153510
v 2.358483 -7.367787 0.160978
v 3.226606 -7.473046 0.146423
v 4.094975 -7.578637 0.104727
v 4.964114 -7.683859 0.056582
v 5.834057 -7.788386 0.037187
v 6.703545 -7.892844 0.072033
v -14.036787 -4.457571 0.115815
v -13.167426 -4.562095 0.078369
v -12.297656 -4.666696 0.089162
v -11.428591 -4.771948 0.128483
v -10.560302 -4.877642 0.162007
v -9.692309 -4.983109 0.165710
v -8.823964 -5.087687 0.141579
v -7.954930 -5.191217 0.114003
v -7.085437 -5.294235 0.110102
v -6.216080 -5.397679 0.138489
v -5.347387 -5.502308 0.182243
v -4.479414 -5.608218 0.211252
v -3.611688 -5.714784 0.204474
v -2.743539 -5.821028 0.165785
v -1.874584 -5.926232 0.122073
v -1.005015 -6.030361 0.104564
v -0.135477 -6.133989 0.126042
v 0.733388 -6.237873 0.170448
v 1.601402 -6.342436 0.203151
v 2.469016 -6.447511 0.195205
v 3.337017 -6.552552 0.144667
v 4.205991 -6.657095 0.080122
v 5.075909 -6.761158 0.043368
v 5.946105 -6.865257 0.062175
v 6.815511 -6.969773 0.131334
v -13.924980 -3.534797 0.125534
v -13.056090 -3.639756 0.117257
v -12.187281 -3.745357 0.121531
v -11.318801 -3.851430 0.116976
v -10.450181 -3.957130 0.097110
v -9.581022 -4.061769 0.076812
v -8.711374 -4.165289 0.080935
v -7.841760 -4.268333 0.123237
v -6.972832 -4.371847 0.191627
v -6.104903 -4.476487 0.251934
v -5.237658 -4.582222 0.268830
v -4.370314 -4.688399 0.229557
v -3.502099 -4.794197 0.154043
v -2.632754 -4.899148 0.084021
v -1.762707 -5.003414 0.057461
v -0.892804 -5.107574 0.084770
v -0.023748 -5.212155 0.142924
v 0.844339 -5.317224 0.191613
v 1.711975 -5.422350 0.200151
v 2.579950 -5.526961 0.166933
v 3.448774 -5.630826 0.118919
v 4.318346 -5.734311 0.092047
v 5.188047 -5.838189 0.106196
v 6.057185 -5.943126 0.152129
v 6.925888 -6.048295 0.199254
v -13.814351 -2.613538 0.183991
v -12.945960 -2.718910 0.159916
v -12.077662 -2.824913 0.110696
v -11.208678 -2.930503 0.050036
v -10.338800 -3.035107 0.010459
v -9.468437 -3.138809 0.023138
v -8.598421 -3.242268 0.094686
v -7.729512 -3.346276 0.197839
v -6.861912 -3.451223 0.284237
v -5.995097 -3.556857 0.311922
v -5.128096 -3.662514 0.269821
v -4.260078 -3.767596 0.183701
v -3.390840 -3.871996 0.099988
v -2.520867 -3.976154 0.057719
v -1.650984 -4.080693 0.066716
v -0.781810 -4.185926 0.105946
v 0.086618 -4.291582 0.141808
v 0.954777 -4.396963 0.152427
v 1.823256 -4.501448 0.141053
v 2.692296 -4.604955 0.130175
v 3.561614 -4.708086 0.141500
v 4.430637 -4.811767 0.177010
v 5.298955 -4.916665 0.215637
v 6.166664 -5.022756 0.228259
v 7.034769 -5.128421 0.199758
v -13.704594 -1.693523 0.218156
v -12.836097 -1.798628 0.143809
v -11.967151 -1.903688 0.050920
v -11.097013 -2.007943 -0.014485
v -10.226278 -2.111713 -0.014463
v -9.355954 -2.215681 0.056493
v -8.486847 -2.320415 0.166250
v -7.619104 -2.425950 0.263023
v -6.752155 -2.531739 0.304813
v -5.885071 -2.637061 0.281530
v -5.017126 -2.741512 0.216774
v -4.148208 -2.845318 0.149555
v -3.278774 -2.949188 0.108877
v -2.409443 -3.053807 0.098440
v -1.540545 -3.159350 0.100979
v -0.671920 -3.265329 0.097081
v 0.196887 -3.370900 0.083254
v 1.066190 -3.475443 0.075617
v 1.935840 -3.578988 0.096443
v 2.805268 -3.682213 0.153466
v 3.673866 -3.786017 0.228060
v 4.541447 -3.890937 0.282718
v 5.408465 -3.996814 0.283955
v 6.275792 -4.102939 0.225101
v 7.144003 -4.208324 0.133261
v -13.593966 -0.772896 0.180710
v -12.724898 -0.877216 0.085394
v -11.854946 -0.980863 0.012985
v -10.984409 -1.084440 0.000430
v -10.114234 -1.188705 0.051690
v -9.245107 -1.294042 0.137070
v -8.377064 -1.400163 0.213202
v -7.509557 -1.506261 0.249332
v -6.641868 -1.611537 0.242633
v -5.773574 -1.715717 0.213901
v -4.904787 -1.819231 0.188300
v -4.035959 -1.922921 0.175825
v -3.167451 -2.027469 0.166036
v -2.299206 -2.132947 0.140504
v -1.430758 -2.238791 0.092617
v -0.561595 -2.344201 0.038932
v 0.308397 -2.448700 0.012420
v 1.178721 -2.552459 0.040812
v 2.048523 -2.656153 0.124567
v 2.917114 -2.760492 0.230865
v 3.784415 -2.865727 0.309631
v 4.651073 -2.971482 0.322021
v 5.518107 -3.077055 0.263126
v 6.386301 -3.181910 0.164614
v 7.255104 -3.286489 0.075779
v -13.481426 0.149503 0.111432
v -12.612065 0.045673 0.063631
v -11.742110 -0.057592 0.060607
v -10.872596 -0.161875 0.097680
v -10.003885 -0.267443 0.147185
v -9.135776 -0.373817 0.179608
v -8.267701 -0.480071 0.183765
v -7.399182 -0.585413 0.172065
v -6.530187 -0.689674 0.167912
v -5.661153 -0.793356 0.184829
v -4.792609 -0.897245 0.213200
v -3.924739 -1.001868 0.225469
v -3.057155 -1.107144 0.196800
v -2.189111 -1.212508 0.126358
v -1.319999 -1.317351 0.043502
v -0.449798 -1.421496 -0.006874
v 0.420826 -1.525344 0.008404
v 1.290885 -1.629572 0.088588
v 2.159669 -1.734648 0.197326
v 3.027161 -1.840456 0.283159
v 3.894027 -1.946344 0.308788
v 4.761206 -2.051574 0.270557
v 5.629349 -2.155818 0.196842
v 6.498460 -2.259415 0.127649
v 7.367567 -2.363513 0.089572
v -13.367981 1.072689 0.092920
v -12.499065 0.968542 0.124930
v -11.630383 0.864311 0.170611
v -10.762410 0.758839 0.198473
v -9.894608 0.652667 0.189644
v -9.026311 0.546658 0.151999
v -8.157197 0.441433 0.115363
v -7.287551 0.336998 0.110566
v -6.418083 0.232838 0.146530
v -5.549433 0.128356 0.201881
v -4.681710 0.023337 0.237904
v -3.814369 -0.081897 0.224454
v -2.946553 -0.186760 0.161210
v -2.077643 -0.290873 0.079933
v -1.207673 -0.394427 0.025741
v -0.337319 -0.498105 0.029222
v 0.532528 -0.602635 0.087800
v 1.401310 -0.708288 0.168712
v 2.269128 -0.814638 0.230724
v 3.136603 -0.920797 0.249163
v 4.004434 -1.025979 0.227917
v 4.872944 -1.129993 0.191790
v 5.741920 -1.233360 0.165788
v 6.610861 -1.336960 0.156800
v 7.479608 -1.441308 0.151205
v -13.255641 1.994651 0.151743
v -12.387499 1.889799 0.223982
v -11.520157 1.784469 0.255389
v -10.652801 1.678774 0.230624
v -9.784646 1.573387 0.168136
v -8.915438 1.468611 0.108208
v -8.045598 1.364189 0.086903
v -7.175930 1.259570 0.113009
v -6.307076 1.154374 0.163573
v -5.439092 1.048746 0.200732
v -4.571431 0.943300 0.197778
v -3.703343 0.838686 0.156641
v -2.834387 0.735105 0.105519
v -1.964731 0.632070 0.078739
v -1.095006 0.528663 0.093013
v -0.225862 0.424114 0.136876
v 0.642487 0.318274 0.180413
v 1.510381 0.211737 0.197337
v 2.378441 0.105475 0.183145
v 3.247109 0.000237 0.156778
v 4.116313 -0.103896 0.144985
v 4.985529 -0.207492 0.160687
v 5.854194 -0.311342 0.191466
v 6.722151 -0.415923 0.207527
v 7.590323 -0.520793 0.183964
v -13.145113 2.914755 0.225918
v -12.277285 2.809625 0.273940
v -11.410087 2.704349 0.260803
v -10.542118 2.599665 0.205929
v -9.673179 2.495519 0.147837
v -8.803697 2.391358 0.118136
v -7.934353 2.286547 0.122594
v -7.065591 2.180866 0.141717
v -6.197319 2.074744 0.148931
v -5.329024 1.969021 0.132162
v -4.460200 1.864395 0.103197
v -3.590757 1.760950 0.088423
v -2.721128 1.658051 0.107722
v -1.851958 1.554709 0.157232
v -0.983645 1.450200 0.209489
v -0.116018 1.344494 0.231565
v 0.751583 1.238224 0.208234
v 1.619863 1.132261 0.153668
v 2.489091 1.027158 0.103196
v 3.358902 0.922829 0.090027
v 4.228520 0.818714 0.122369
v 5.097299 0.714240 0.177089
v 5.965159 0.609257 0.214924
v 6.832659 0.504134 0.206967
v 7.700776 0.399236 0.154441
v -13.035120 3.834462 0.237855
v -12.166882 3.729743 0.244783
v -11.298760 3.625502 0.221827
v -10.430064 3.521831 0.196146
v -9.561197 3.417955 0.183825
v -8.692610 3.313189 0.179492
v -7.824382 3.207419 0.164390
v -6.956141 3.101209 0.125744
v -6.087341 2.995456 0.071945
v -5.217708 2.890799 0.031458
v -4.347537 2.787203 0.034918
v -3.477579 2.683995 0.092233
v -2.608575 2.580302 0.181468
v -1.740773 2.475610 0.258972
v -0.873723 2.370070 0.285037
v -0.006527 2.264319 0.248166
v 0.861610 2.159010 0.172065
v 1.730889 2.054362 0.100772
v 2.600824 1.950034 0.071282
v 3.470588 1.845446 0.091463
v 4.339562 1.740262 0.137814
v 5.207722 1.634691 0.173835
v 6.075606 1.529375 0.175539
v 6.943898 1.424923 0.146632
v 7.812577 1.320598 0.113743
v -12.924015 4.755584 0.183738
v -12.055223 4.651354 0.192179
v -11.186420 4.547731 0.211801
v -10.317996 4.443855 0.238330
v -9.450180 4.339110 0.249094
v -8.582684 4.233503 0.219967
v -7.714812 4.127635 0.146711
v -6.845909 4.022279 0.054615
v -5.975828 3.917848 -0.011949
v -5.105124 3.814109 -0.015042
v -4.234777 3.710379 0.052344
v -3.365612 3.606002 0.159721
v -2.497812 3.500807 0.255814
v -1.630829 3.395214 0.297858
v -0.763730 3.289897 0.274703
v 0.104239 3.185289 0.209856
v 0.973216 3.081251 0.143688
v 1.842735 2.977161 0.107159
v 2.712121 2.872384 0.104739
v 3.580983 2.766750 0.117307
v 4.449446 2.660736 0.121139
v 5.317997 2.555180 0.107964
v 6.187050 2.450711 0.091445
v 7.056574 2.347315 0.095626
v 7.925769 2.243463 0.133941
v -12.811838 5.678113 0.133727
v -11.943025 5.573746 0.184496
v -11.074634 5.469436 0.247775
v -10.207197 5.364427 0.285500
v -9.340182 5.258935 0.266045
v -8.472683 5.153581 0.186995
v -7.603967 5.048926 0.080755
v -6.733939 4.945035 -0.001816
v -5.863234 4.841390 -0.020389
v -4.992850 4.737259 0.031516
v -4.123555 4.632195 0.124147
v -3.255457 4.526377 0.211044
v -2.388023 4.420509 0.256691
v -1.520487 4.315337 0.254299
v -0.652339 4.211141 0.223627
v 0.216388 4.107525 0.192237
v 1.085262 4.003682 0.174465
v 1.953871 3.898950 0.163477
v 2.822190 3.793269 0.141518
v 3.690625 3.687233 0.099393
v 4.559681 3.581698 0.049481
v 5.429526 3.477206 0.021594
v 6.299750 3.373618 0.043256
v 7.169554 3.270228 0.117714
v 8.038594 3.166094 0.216204
v -12.700216 6.600317 0.143214
v -11.831863 6.495259 0.216914
v -10.964319 6.389682 0.268328
v -10.097241 6.284054 0.264190
v -9.229719 6.179060 0.202628
v -8.361097 6.075066 0.114763
v -7.491373 5.971795 0.045668
v -6.621160 5.868446 0.027051
v -5.751277 5.764206 0.059769
v -4.882233 5.658771 0.117339
v -4.013939 5.552557 0.166471
v -3.145884 5.446448 0.189133
v -2.277547 5.341216 0.191066
v -1.408798 5.237036 0.192056
v -0.539967 5.133406 0.206101
v 0.328468 5.029510 0.227009
v 1.196322 4.924788 0.231176
v 2.063939 4.819304 0.196198
v 2.932022 4.713666 0.121580
v 3.801167 4.608574 0.035846
v 4.671412 4.504315 -0.016671
v 5.542105 4.400559 -0.002311
v 6.412253 4.296611 0.079215
v 7.281112 4.191902 0.191860
v 8.149513 4.086936 0.283011
v -12.590302 7.520933 0.184027
v -11.722182 7.415410 0.218546
v -10.854577 7.309470 0.211598
v -9.986498 7.204545 0.167792
v -9.117560 7.100875 0.115633
v -8.247984 6.997959 0.087072
v -7.378380 6.894831 0.095432
v -6.509322 6.790652 0.127625
v -5.640932 6.685224 0.155914
v -4.772814 6.579065 0.159804
v -3.904383 6.473048 0.141632
v -3.035324 6.367835 0.124581
v -2.165862 6.263468 0.134378
v -1.296632 6.159426 0.177610
v -0.428218 6.055054 0.232905
v 0.439302 5.950057 0.262667
v 1.306498 5.844708 0.238134
v 2.174253 5.739613 0.160706
v 3.043208 5.635237 0.064780
v 3.913347 5.531509 -0.000784
v 4.783966 5.427827 -0.001512
v 5.654089 5.323467 0.062145
v 6.523060 5.218086 0.156153
v 7.390906 5.112002 0.234593
v 8.258950 5.006496 0.266596
v -12.481191 8.440889 0.180558
v -11.612618 8.335684 0.143698
v -10.743743 8.230692 0.097175
v -9.874126 8.126934 0.071939
v -9.004302 8.023874 0.088073
v -8.135012 7.920593 0.138686
v -7.266646 7.816357 0.192777
v -6.398973 7.711099 0.215771
v -5.531290 7.605363 0.193364
v -4.662894 7.499859 0.141981
v -3.793559 7.394972 0.098433
v -2.923717 7.290517 0.095171
v -2.054168 7.185961 0.137667
v -1.185542 7.080873 0.199727
v -0.317866 6.975316 0.240361
v 0.549466 6.869849 0.230708
v 1.417303 6.765119 0.172968
v 2.286180 6.661383 0.099090
v 3.155981 6.558238 0.050241
v 4.026049 6.454818 0.050765
v 4.895619 6.350348 0.094306
v 5.764318 6.244634 0.151029
v 6.632369 6.138215 0.189547
v 7.500350 6.032033 0.197381
v 8.368759 5.926753 0.186132
v -12.370670 9.363292 0.109325
v -11.501392 9.258871 0.043240
v -10.631342 9.154993 0.019639
v -9.761284 9.051193 0.054236
v -8.891962 8.946860 0.133695
v -8.023724 8.841820 0.213976
v -7.156281 8.736410 0.251502
v -6.288871 8.631125 0.232536
v -5.420694 8.526340 0.177343
v -4.551546 8.422045 0.125162
v -3.681890 8.317764 0.107789
v -2.812474 8.212896 0.129556
v -1.943800 8.107207 0.167068
v -1.075789 8.001082 0.187887
v -0.207878 7.895335 0.174200
v 0.660564 7.790674 0.134982
v 1.529771 7.687221 0.098730
v 2.399412 7.584365 0.092182
v 3.268843 7.481114 0.120460
v 4.137572 7.376698 0.163370
v 5.005619 7.271034 0.190554
v 5.873501 7.164735 0.184027
v 6.741856 7.058701 0.151610
v 7.610966 6.953541 0.121614
v 8.480061 6.848845 0.122161
v -12.257810 10.289060 0.100303
v -11.388474 10.184996 0.082983
v -10.518823 10.081079 0.113793
v -9.649949 9.975900 0.170710
v -8.781860 9.869547 0.220247
v -7.914063 9.762863 0.240511
v -7.046053 9.656965 0.235226
v -6.177620 9.552373 0.206161
v -5.308733 9.448579 0.176714
v -4.439664 9.344600 0.166572
v -3.570890 9.239709 0.172104
v -2.702598 9.133790 0.172658
v -1.834475 9.027422 0.150057
v -0.965956 8.921532 0.106005
v -0.096671 8.816813 0.064200
v 0.773221 8.713280 0.054922
v 1.643077 8.610255 0.092448
v 2.512186 8.506804 0.161843
v 3.380248 8.402313 0.225901
v 4.247618 8.296848 0.248374
v 5.115096 8.191022 0.217644
v 5.983410 8.085542 0.154724
v 6.852748 7.980719 0.100012
v 7.722628 7.876298 0.087092
v 8.591959 7.771750 0.120873
v -12.144114 11.215244 0.259160
v -11.275631 11.110903 0.317606
v -10.407908 11.005980 0.365573
v -9.540730 10.899445 0.369874
v -8.673213 10.792171 0.325455
v -7.804709 10.685294 0.257517
v -6.935211 10.579538 0.207311
v -6.065564 10.474942 0.208333
v -5.196713 10.370747 0.231110
v -4.328745 10.265890 0.242867
v -3.461157 10.160080 0.219996
v -2.593296 10.053925 0.155573
v -1.724516 9.948283 0.070550
v -0.854615 9.843678 0.005746
v 0.015929 9.739957 -0.001809
v 0.886196 9.636444 0.056786
v 1.755379 9.532397 0.154292
v 2.623266 9.427513 0.242205
v 3.490369 9.322099 0.279132
v 4.357601 9.216780 0.254231
v 5.225706 9.112024 0.191175
v 6.094818 9.007783 0.130872
v 6.964444 8.903519 0.104697
v 7.833860 8.798635 0.116153
v 8.702779 8.693604 0.142830
v -12.031206 12.139524 0.587575
v -11.164039 12.034923 0.690881
v -10.298631 11.929379 0.693181
v -9.432457 11.822391 0.594055
v -8.564426 11.715244 0.449252
v -7.694763 11.608812 0.325500
v -6.824375 11.502960 0.263266
v -5.954440 11.397241 0.265188
v -5.086087 11.291512 0.295563
v -4.218944 11.185727 0.274611
v -3.351496 11.080070 0.193317
v -2.482828 10.975059 0.083475
v -1.612815 10.870893 -0.003700
v -0.742067 10.767163 -0.026290
v 0.128401 10.663168 0.024032
v 0.997774 10.558393 0.118107
v 1.865903 10.452898 0.208087
v 2.733305 10.347277 0.255871
v 3.600783 10.242217 0.252703
v 4.468909 10.138001 0.218586
v 5.337694 10.034278 0.183775
v 6.206695 9.930285 0.166243
v 7.075432 9.825382 0.161289
v 7.943793 9.719521 0.149971
v 8.812249 9.614016 0.118657
v -11.918520 13.061640 0.995609
v -11.052830 12.957500 1.123847
v -10.189841 12.852427 1.062652
v -9.324120 12.745454 0.858377
v -8.455235 12.638359 0.635915
v -7.584964 12.531633 0.473296
v -6.714732 12.424837 0.380027
v -5.845138 12.317800 0.328616
v -4.976602 12.211169 0.292198
v -4.108794 12.105690 0.222117
v -3.240295 12.001393 0.119813
v -2.370543 11.897854 0.034670
v -1.500147 11.794368 0.004053
v -0.629993 11.690153 0.033236
v 0.239296 11.584872 0.096579
v 1.107708 11.478871 0.157547
v 1.975731 11.372966 0.192482
v 2.843925 11.267894 0.202056
v 3.712510 11.163822 0.204020
v 4.581245 11.060243 0.214038
v 5.449682 10.956323 0.229820
v 6.317597 10.851477 0.231317
v 7.185271 10.745766 0.197282
v 8.053353 10.639836 0.125660
v 8.921944 10.534554 0.042111
v -11.803825 13.981058 1.363276
v -10.940434 13.878184 1.599573
v -10.081321 13.774164 1.505492
v -9.216136 13.666821 1.176415
v -8.346573 13.559270 0.868067
v -7.476339 13.451851 0.635108
v -6.606349 13.344322 0.457484
v -5.736410 13.237208 0.313210
v -4.866464 13.131391 0.206645
v -3.996943 13.027288 0.135966
v -3.127423 12.924215 0.083560
v -2.257650 12.821009 0.070204
v -1.388253 12.716825 0.090198
v -0.519491 12.611434 0.119030
v 0.348898 12.505327 0.134303
v 1.217427 12.399377 0.132835
v 2.086424 12.294258 0.131607
v 2.955726 12.190028 0.152112
v 3.824773 12.086144 0.199742
v 4.693032 11.981888 0.254217
v 5.560435 11.876884 0.279690
v 6.427547 11.771372 0.248623
v 7.295251 11.665986 0.163075
v 8.164210 11.561291 0.058348
v 9.033406 11.456794 -0.014770
v -11.689767 14.892596 1.535879
v -10.828996 14.789307 2.046640
v -9.972588 14.686784 1.904182
v -9.108154 14.582464 1.412043
v -8.238262 14.476342 1.016047
v -7.368049 14.369519 0.688657
v -6.497488 14.262913 0.416887
v -5.626154 14.157402 0.213903
v -4.754429 14.053294 0.109492
v -3.883784 13.950152 0.100985
v -3.014443 13.846946 0.126797
v -2.145836 13.742784 0.161447
v -1.277815 13.637548 0.175468
v -0.409795 13.531770 0.155470
v 0.458845 13.426197 0.115399
v 1.328296 13.321279 0.088043
v 2.198131 13.216883 0.101959
v 3.067567 13.112469 0.159490
v 3.935988 13.007540 0.231846
v 4.803395 12.902064 0.275705
v 5.670443 12.796536 0.260600
v 6.538055 12.691615 0.188971
v 7.406852 12.587635 0.095836
v 8.276765 12.484293 0.028086
v 9.146297 12.380328 0.016561
v -11.581657 15.804855 1.387924
v -10.719026 15.699869 1.727546
v -9.861321 15.597185 1.698978
v -8.997224 15.495568 1.352992
v -8.128359 15.391974 0.950489
v -7.258029 15.287262 0.576620
v -6.386387 15.182898 0.281735
v -5.513664 15.079333 0.108433
v -4.641277 14.976123 0.076175
v -3.771071 14.872535 0.138831
v -2.902846 14.768126 0.200819
v -2.035329 14.663013 0.224179
v -1.167699 14.557745 0.197616
v -0.299254 14.452857 0.142394
v 0.570144 14.348454 0.097905
v 1.439986 14.244125 0.095236
v 2.309469 14.139295 0.136456
v 3.178042 14.033680 0.193795
v 4.045772 13.927603 0.228888
v 4.913285 13.821836 0.218412
v 5.781336 13.717090 0.168837
v 6.650300 13.613534 0.110970
v 7.519944 13.510616 0.078480
v 8.389629 13.407368 0.085454
v 9.258742 13.303153 0.118902
v -11.474603 16.725468 1.117474
v -10.609837 16.620012 1.327141
v -9.748740 16.515661 1.302474
v -8.884362 16.412992 1.050226
v -8.016169 16.310322 0.699031
v -7.145474 16.207592 0.372328
v -6.273112 16.104967 0.151100
v -5.400240 16.002041 0.068012
v -4.528834 15.898214 0.109416
v -3.659939 15.793382 0.186507
v -2.792373 15.688145 0.225943
v -1.924746 15.583244 0.216869
v -1.056426 15.479013 0.179159
v -0.187352 15.375215 0.146474
v 0.681994 15.271165 0.141649
v 1.550989 15.166208 0.161770
v 2.419342 15.060219 0.182995
v 3.287308 14.953759 0.180504
v 4.155478 14.847769 0.148396
v 5.024341 14.742983 0.105199
v 5.893894 14.639454 0.081028
v 6.763615 14.536526 0.095277
v 7.632832 14.433226 0.141134
v 8.501190 14.328866 0.188951
v 9.369497 14.223997 0.206679
v -11.366822 17.647385 0.857630
v -10.500867 17.542004 0.958598
v -9.637133 17.437223 0.885629
v -8.771115 17.334261 0.672227
v -7.902257 17.232265 0.414233
v -7.031279 17.130404 0.205437
v -6.159322 17.027872 0.095146
v -5.287774 16.924057 0.084423
v -4.417972 16.818993 0.138078
v -3.549666 16.713554 0.176386
v -2.681506 16.608727 0.186154
v -1.812909 16.504820 0.184144
v -0.944020 16.401373 0.190677
v -0.075305 16.297535 0.210507
v 0.792870 16.192638 0.227536
v 1.660598 16.086664 0.217550
v 2.528436 15.980266 0.169162
v 3.397025 15.874375 0.097009
v 4.266634 15.769609 0.036741
v 5.136901 15.665892 0.023730
v 6.007002 15.562551 0.069178
v 6.876166 15.458776 0.150540
v 7.744164 15.354148 0.224045
v 8.611459 15.248868 0.251454
v 9.479382 15.143754 0.223266
v -11.258272 18.569506 0.589422
v -10.391138 18.464615 0.595685
v -9.524894 18.360626 0.505704
v -8.657035 18.258215 0.365133
v -7.787617 18.156336 0.230409
v -6.917262 18.053869 0.138085
v -6.046763 17.950119 0.096481
v -5.176862 17.845098 0.099732
v -4.307724 17.739626 0.109918
v -3.438706 17.634750 0.118611
v -2.569447 17.530798 0.144345
v -1.700366 17.427244 0.195113
v -0.832003 17.323267 0.255533
v 0.035473 17.218328 0.292176
v 0.902505 17.112545 0.274782
v 1.769944 17.006586 0.198812
v 2.638537 16.901217 0.093338
v 3.508447 16.796768 0.007582
v 4.379105 16.692949 -0.016751
v 5.249526 16.589081 0.029883
v 6.118889 16.484585 0.119654
v 6.987018 16.379400 0.205118
v 7.854425 16.274008 0.247794
v 8.721938 16.169043 0.238886
v 9.590180 16.064363 0.199799
v -11.148129 19.491507 0.321014
v -10.280326 19.386997 0.295568
v -9.412816 19.283623 0.253852
v -8.544178 19.181486 0.211780
v -7.674739 19.079365 0.173325
v -6.805004 18.976215 0.135642
v -5.935400 18.871670 0.103358
v -5.066180 18.766174 0.072028
v -4.196975 18.660856 0.057994
v -3.327323 18.556520 0.086888
v -2.457580 18.452927 0.161168
v -1.588564 18.349197 0.252213
v -0.720781 18.244576 0.313786
v 0.145987 18.138952 0.309457
v 1.012665 18.032927 0.235833
v 1.880357 17.927397 0.126131
v 2.749626 17.822878 0.031875
v 3.620190 17.719181 -0.006040
v 4.491070 17.615553 0.020846
v 5.361147 17.511192 0.087431
v 6.229892 17.405861 0.154517
v 7.097582 17.300051 0.194365
v 7.965034 17.194614 0.204615
v 8.833021 17.090158 0.202764
v 9.701574 16.985842 0.207337
vn -0.0171 0.0418 0.9990
vn -0.0524 -0.0193 0.9984
vn -0.0706 -0.0724 0.9949
vn -0.0391 -0.0749 0.9964
vn 0.0346 -0.0251 0.9991
vn 0.1021 0.0357 0.9941
vn 0.1143 0.0591 0.9917
vn 0.0620 0.0327 0.9975
vn -0.0181 -0.0131 0.9998
vn -0.0704 -0.0323 0.9970
vn -0.0685 -0.0075 0.9976
vn -0.0321 0.0352 0.9989
vn -0.0042 0.0503 0.9987
vn -0.0102 0.0160 0.9998
vn -0.0341 -0.0438 0.9985
vn -0.0363 -0.0789 0.9962
vn 0.0055 -0.0580 0.9983
vn 0.0711 0.0050 0.9975
vn 0.1103 0.0599 0.9921
vn 0.0873 0.0660 0.9940
vn 0.0108 0.0243 0.9996
vn -0.0689 -0.0243 0.9973
vn -0.0999 -0.0365 0.9943
vn -0.0716 -0.0062 0.9974
vn -0.0766 -0.0074 0.9970
vn -0.1048 -0.0522 0.9931
vn -0.0730 -0.0510 0.9960
vn 0.0095 -0.0051 0.9999
vn 0.0909 0.0440 0.9949
vn 0.1186 0.0522 0.9916
vn 0.0814 0.0131 0.9966
vn 0.0132 -0.0379 0.9992
vn -0.0347 -0.0538 0.9980
vn -0.0384 -0.0200 0.9991
vn -0.0179 0.0332 0.9993
vn -0.0117 0.0575 0.9983
vn -0.0373 0.0304 0.9988
vn -0.0715 -0.0244 0.9971
vn -0.0717 -0.0581 0.9957
vn -0.0178 -0.0410 0.9990
vn 0.0652 0.0119 0.9978
vn 0.1210 0.0527 0.9912
vn 0.1110 0.0460 0.9928
vn 0.0424 -0.0018 0.9991
vn -0.0365 -0.0471 0.9982
vn -0.0747 -0.0485 0.9960
vn -0.0612 -0.0050 0.9981
vn -0.0265 0.0440 0.9987
vn -0.1156 -0.0492 0.9921
vn -0.0970 -0.0341 0.9947
vn -0.0223 0.0200 0.9996
vn 0.0585 0.0681 0.9960
vn 0.0933 0.0674 0.9934
vn 0.0708 0.0160 0.9974
vn 0.0225 -0.0460 0.9987
vn -0.0065 -0.0691 0.9976
vn 0.0003 -0.0388 0.9992
vn 0.0187 0.0143 0.9997
vn 0.0108 0.0419 0.9991
vn -0.0351 0.0226 0.9991
vn -0.0882 -0.0204 0.9959
vn -0.1008 -0.0415 0.9940
vn -0.0511 -0.0161 0.9986
vn 0.0356 0.0365 0.9987
vn 0.1015 0.0682 0.9925
vn 0.1060 0.0473 0.9932
vn 0.0548 -0.0136 0.9984
vn -0.0080 -0.0666 0.9977
vn -0.0371 -0.0694 0.9969
vn -0.0258 -0.0224 0.9994
vn -0.0054 0.0328 0.9994
vn -0.0117 0.0504 0.9987
vn -0.0914 -0.0393 0.9950
vn -0.0331 0.0290 0.9990
vn 0.0323 0.0866 0.9957
vn 0.0580 0.0893 0.9943
vn 0.0369 0.0362 0.9987
vn 0.0016 -0.0312 0.9995
vn -0.0071 -0.0624 0.9980
vn 0.0196 -0.0426 0.9989
vn 0.0505 -0.0010 0.9987
vn 0.0447 0.0178 0.9988
vn -0.0084 -0.0035 1.0000
vn -0.0743 -0.0393 0.9965
vn -0.1016 -0.0461 0.9938
vn -0.0663 -0.0050 0.9978
vn 0.0085 0.0586 0.9982
vn 0.0684 0.0930 0.9933
vn 0.0755 0.0676 0.9949
vn 0.0364 -0.0022 0.9993
vn -0.0068 -0.0652 0.9979
vn -0.0158 -0.0774 0.9969
vn 0.0087 -0.0388 0.9992
vn 0.0306 0.0105 0.9995
vn 0.0145 0.0271 0.9995
vn -0.0377 0.0038 0.9993
vn -0.0136 0.0148 0.9998
vn 0.0341 0.0833 0.9959
vn 0.0408 0.0967 0.9945
vn 0.0062 0.0532 0.9986
vn -0.0318 -0.0071 0.9995
vn -0.0326 -0.0367 0.9988
vn 0.0084 -0.0230 0.9997
vn 0.0547 0.0049 0.9985
vn 0.0614 0.0067 0.9981
vn 0.0167 -0.0281 0.9995
vn -0.0460 -0.0686 0.9966
vn -0.0763 -0.0702 0.9946
vn -0.0508 -0.0172 0.9986
vn 0.0081 0.0600 0.9982
vn 0.0503 0.1056 0.9931
vn 0.0442 0.0875 0.9952
vn 0.0021 0.0210 0.9998
vn -0.0324 -0.0431 0.9985
vn -0.0248 -0.0618 0.9978
vn 0.0175 -0.0352 0.9992
vn 0.0526 -0.0011 0.9986
vn 0.0427 0.0025 0.9991
vn -0.0104 -0.0262 0.9996
vn -0.0641 -0.0512 0.9966
vn 0.0610 0.0602 0.9963
vn 0.0536 0.0803 0.9953
vn 0.0024 0.0492 0.9988
vn -0.0491 0.0046 0.9988
vn -0.0574 -0.0114 0.9983
vn -0.0178 0.0081 0.9998
vn 0.0324 0.0310 0.9990
vn 0.0477 0.0192 0.9987
vn 0.0158 -0.0324 0.9994
vn -0.0319 -0.0863 0.9958
vn -0.0494 -0.0947 0.9943
vn -0.0186 -0.0419 0.9989
vn 0.0348 0.0403 0.9986
vn 0.0621 0.0945 0.9936
vn 0.0377 0.0877 0.9954
vn -0.0195 0.0342 0.9992
vn -0.0609 -0.0187 0.9980
vn -0.0518 -0.0322 0.9981
vn -0.0017 -0.0100 0.9999
vn 0.0445 0.0106 0.9990
vn 0.0468 -0.0036 0.9989
vn 0.0060 -0.0473 0.9989
vn -0.0381 -0.0793 0.9961
vn -0.0434 -0.0609 0.9972
vn 0.0818 0.0515 0.9953
vn 0.0253 0.0243 0.9994
vn -0.0359 -0.0072 0.9993
vn -0.0565 -0.0057 0.9984
vn -0.0304 0.0288 0.9991
vn 0.0077 0.0588 0.9982
vn 0.0165 0.0450 0.9989
vn -0.0127 -0.0152 0.9998
vn -0.0478 -0.0804 0.9956
vn -0.0467 -0.1001 0.9939
vn 0.0019 -0.0574 0.9983
vn 0.0654 0.0172 0.9977
vn 0.0923 0.0685 0.9934
vn 0.0592 0.0658 0.9961
vn -0.0111 0.0240 0.9997
vn -0.0660 -0.0121 0.9977
vn -0.0684 -0.0103 0.9976
vn -0.0267 0.0199 0.9994
vn 0.0160 0.0379 0.9992
vn 0.0219 0.0127 0.9997
vn -0.0073 -0.0454 0.9989
vn -0.0339 -0.0901 0.9954
vn -0.0218 -0.0803 0.9965
vn 0.0284 -0.0158 0.9995
vn 0.0513 -0.0035 0.9987
vn -0.0044 -0.0332 0.9994
vn -0.0273 -0.0217 0.9994
vn -0.0127 0.0262 0.9996
vn 0.0069 0.0681 0.9977
vn -0.0038 0.0624 0.9980
vn -0.0462 0.0063 0.9989
vn -0.0829 -0.0590 0.9948
vn -0.0723 -0.0831 0.9939
vn -0.0075 -0.0498 0.9987
vn 0.0730 0.0113 0.9973
vn 0.1129 0.0490 0.9924
vn 0.0873 0.0380 0.9955
vn 0.0184 -0.0026 0.9998
vn -0.0416 -0.0281 0.9987
vn -0.0554 -0.0108 0.9984
vn -0.0302 0.0334 0.9990
vn -0.0051 0.0596 0.9982
vn -0.0117 0.0359 0.9993
vn -0.0428 -0.0260 0.9987
vn -0.0593 -0.0779 0.9952
vn -0.0290 -0.0774 0.9966
vn 0.0405 -0.0240 0.9989
vn 0.1020 0.0397 0.9940
vn 0.0171 -0.0517 0.9985
vn 0.0081 -0.0425 0.9991
vn 0.0257 0.0077 0.9996
vn 0.0354 0.0550 0.9979
vn 0.0057 0.0571 0.9984
vn -0.0575 0.0111 0.9983
vn -0.1095 -0.0433 0.9930
vn -0.1055 -0.0595 0.9926
vn -0.0388 -0.0252 0.9989
vn 0.0508 0.0280 0.9983
vn 0.1042 0.0514 0.9932
vn 0.0944 0.0257 0.9952
vn 0.0414 -0.0246 0.9988
vn -0.0073 -0.0516 0.9986
vn -0.0191 -0.0291 0.9994
vn -0.0035 0.0239 0.9997
vn 0.0025 0.0595 0.9982
vn -0.0259 0.0444 0.9987
vn -0.0735 -0.0097 0.9972
vn -0.0957 -0.0563 0.9938
vn -0.0604 -0.0556 0.9966
vn 0.0221 -0.0090 0.9997
vn 0.0996 0.0416 0.9942
vn 0.1209 0.0518 0.9913
vn 0.0222 -0.0472 0.9986
vn 0.0568 -0.0057 0.9984
vn 0.0727 0.0346 0.9968
vn 0.0380 0.0343 0.9987
vn -0.0385 -0.0069 0.9992
vn -0.1069 -0.0493 0.9930
vn -0.1185 -0.0505 0.9917
vn -0.0647 -0.0043 0.9979
vn 0.0173 0.0530 0.9984
vn 0.0712 0.0719 0.9949
vn 0.0710 0.0362 0.9968
vn 0.0358 -0.0251 0.9990
vn 0.0087 -0.0611 0.9981
vn 0.0141 -0.0448 0.9989
vn 0.0360 0.0046 0.9993
vn 0.0353 0.0401 0.9986
vn -0.0094 0.0298 0.9995
vn -0.0764 -0.0141 0.9970
vn -0.1149 -0.0471 0.9923
vn -0.0900 -0.0346 0.9953
vn -0.0108 0.0170 0.9998
vn 0.0708 0.0631 0.9955
vn 0.1030 0.0617 0.9928
vn 0.0753 0.0113 0.9971
vn 0.0592 0.0027 0.9982
vn 0.0910 0.0285 0.9954
vn 0.0662 0.0145 0.9977
vn -0.0071 -0.0339 0.9994
vn -0.0793 -0.0737 0.9941
vn -0.1010 -0.0644 0.9928
vn -0.0626 -0.0045 0.9980
vn 0.0011 0.0645 0.9979
vn 0.0398 0.0903 0.9951
vn 0.0333 0.0568 0.9978
vn 0.0043 -0.0061 1.0000
vn -0.0061 -0.0473 0.9989
vn 0.0202 -0.0399 0.9990
vn 0.0595 -0.0026 0.9982
vn 0.0677 0.0208 0.9975
vn 0.0226 0.0034 0.9997
vn -0.0524 -0.0387 0.9979
vn -0.1035 -0.0609 0.9928
vn -0.0934 -0.0332 0.9951
vn -0.0296 0.0320 0.9991
vn 0.0400 0.0854 0.9955
vn 0.0677 0.0841 0.9942
vn 0.0460 0.0285 0.9985
vn 0.0077 -0.0390 0.9992
vn 0.0786 0.0455 0.9959
vn 0.0671 0.0155 0.9976
vn 0.0081 -0.0480 0.9988
vn -0.0522 -0.0969 0.9939
vn -0.0683 -0.0890 0.9937
vn -0.0340 -0.0246 0.9991
vn 0.0154 0.0525 0.9985
vn 0.0344 0.0883 0.9955
vn 0.0101 0.0658 0.9978
vn -0.0283 0.0134 0.9995
vn -0.0373 -0.0210 0.9991
vn -0.0010 -0.0142 0.9999
vn 0.0523 0.0135 0.9985
vn 0.0746 0.0209 0.9970
vn 0.0416 -0.0128 0.9991
vn -0.0251 -0.0650 0.9976
vn -0.0737 -0.0880 0.9934
vn -0.0686 -0.0529 0.9962
vn -0.0179 0.0238 0.9996
vn 0.0331 0.0889 0.9955
vn 0.0433 0.0973 0.9943
vn 0.0116 0.0489 0.9987
vn -0.0248 -0.0150 0.9996
vn -0.0258 -0.0459 0.9986
vn 0.0411 0.0369 0.9985
vn -0.0072 -0.0386 0.9992
vn -0.0503 -0.0999 0.9937
vn -0.0488 -0.1027 0.9935
vn -0.0031 -0.0460 0.9989
vn 0.0469 0.0272 0.9985
vn 0.0564 0.0650 0.9963
vn 0.0171 0.0513 0.9985
vn -0.0363 0.0139 0.9992
vn -0.0564 -0.0040 0.9984
vn -0.0262 0.0143 0.9996
vn 0.0263 0.0438 0.9987
vn 0.0532 0.0426 0.9977
vn 0.0304 -0.0057 0.9995
vn -0.0211 -0.0729 0.9971
vn -0.0538 -0.1065 0.9929
vn -0.0377 -0.0766 0.9963
vn 0.0140 0.0001 0.9999
vn 0.0549 0.0699 0.9960
vn 0.0482 0.0874 0.9950
vn -0.0007 0.0518 0.9987
vn -0.0487 0.0022 0.9988
vn -0.0536 -0.0180 0.9984
vn -0.0117 -0.0010 0.9999
vn -0.0404 -0.0151 0.9991
vn -0.0759 -0.0812 0.9938
vn -0.0591 -0.0928 0.9939
vn 0.0040 -0.0488 0.9988
vn 0.0672 0.0103 0.9977
vn 0.0829 0.0374 0.9959
vn 0.0434 0.0214 0.9988
vn -0.0156 -0.0079 0.9998
vn -0.0456 -0.0101 0.9989
vn -0.0286 0.0253 0.9993
vn 0.0094 0.0667 0.9977
vn 0.0248 0.0694 0.9973
vn -0.0017 0.0175 0.9998
vn -0.0462 -0.0581 0.9972
vn -0.0629 -0.1021 0.9928
vn -0.0280 -0.0835 0.9961
vn 0.0384 -0.0178 0.9991
vn 0.0849 0.0440 0.9954
vn 0.0749 0.0600 0.9954
vn 0.0167 0.0317 0.9994
vn -0.0437 -0.0029 0.9990
vn -0.0611 -0.0055 0.9981
vn -0.0307 0.0247 0.9992
vn 0.0116 0.0513 0.9986
vn -0.1070 -0.0573 0.9926
vn -0.0892 -0.0669 0.9938
vn -0.0180 -0.0291 0.9994
vn 0.0576 0.0161 0.9982
vn 0.0872 0.0266 0.9958
vn 0.0611 -0.0023 0.9981
vn 0.0128 -0.0358 0.9993
vn -0.0130 -0.0329 0.9994
vn -0.0014 0.0134 0.9999
vn 0.0217 0.0670 0.9975
vn 0.0171 0.0801 0.9966
vn -0.0272 0.0358 0.9990
vn -0.0803 -0.0354 0.9961
vn -0.0944 -0.0797 0.9923
vn -0.0480 -0.0672 0.9966
vn 0.0339 -0.0137 0.9993
vn 0.0953 0.0327 0.9949
vn 0.0966 0.0358 0.9947
vn 0.0451 0.0025 0.9990
vn -0.0144 -0.0266 0.9995
vn -0.0383 -0.0163 0.9991
vn -0.0215 0.0288 0.9994
vn 0.0024 0.0670 0.9978
vn -0.0030 0.0577 0.9983
vn -0.1115 -0.0460 0.9927
vn -0.0486 -0.0022 0.9988
vn 0.0254 0.0392 0.9989
vn 0.0614 0.0385 0.9974
vn 0.0497 -0.0040 0.9988
vn 0.0210 -0.0484 0.9986
vn 0.0140 -0.0516 0.9986
vn 0.0363 -0.0068 0.9993
vn 0.0575 0.0489 0.9971
vn 0.0395 0.0675 0.9969
vn -0.0242 0.0325 0.9992
vn -0.0956 -0.0267 0.9951
vn -0.1217 -0.0595 0.9908
vn -0.0800 -0.0410 0.9959
vn 0.0046 0.0096 0.9999
vn 0.0751 0.0445 0.9962
vn 0.0904 0.0324 0.9954
vn 0.0561 -0.0138 0.9983
vn 0.0130 -0.0491 0.9987
vn -0.0013 -0.0379 0.9993
vn 0.0135 0.0130 0.9998
vn 0.0236 0.0592 0.9980
vn -0.0025 0.0590 0.9983
vn -0.0597 0.0101 0.9982
vn 0.0305 -0.0288 0.9991
vn -0.0175 -0.0872 0.9960
vn -0.0324 -0.0916 0.9953
vn -0.0332 -0.1668 0.9854
vn -0.0139 -0.1655 0.9861
vn 0.0305 -0.1000 0.9945
vn 0.0623 -0.0216 0.9978
vn 0.0463 0.0089 0.9989
vn -0.0390 -0.2589 0.9651
vn 0.0503 -0.2092 0.9766
vn 0.1166 -0.1347 0.9840
vn 0.1138 -0.0826 0.9901
vn 0.0461 -0.0644 0.9969
vn -0.0218 -0.0646 0.9977
vn 0.0080 -0.3042 0.9526
vn 0.1272 -0.2417 0.9620
vn 0.1699 -0.1919 0.9666
vn 0.1361 -0.1706 0.9759
vn 0.0692 -0.1460 0.9869
vn 0.0201 -0.0853 0.9962
vn 0.0366 -0.0024 0.9993
vn 0.0698 -0.3480 0.9349
vn 0.1880 -0.2938 0.9372
vn 0.2004 -0.2536 0.9463
vn 0.1660 -0.2179 0.9618
vn 0.1387 -0.1514 0.9787
vn 0.1259 -0.0485 0.9909
vn 0.1130 0.0411 0.9927
vn 0.1374 -0.4083 0.9024
vn 0.2598 -0.3252 0.9093
vn 0.2543 -0.2486 0.9346
vn 0.2401 -0.1687 0.9560
vn 0.2402 -0.0715 0.9681
vn 0.2198 0.0131 0.9755
vn 0.1431 0.0443 0.9887
vn 0.3187 -0.3660 0.8743
vn 0.3625 -0.1900 0.9124
vn 0.3382 -0.1033 0.9354
vn 0.3295 -0.0219 0.9439
vn 0.3102 0.0384 0.9499
vn 0.2402 0.0467 0.9696
vn 0.1057 0.0016 0.9944
vn 0.0171 -0.0418 -0.9990
vn 0.0524 0.0193 -0.9984
vn 0.0706 0.0724 -0.9949
vn 0.0391 0.0750 -0.9964
vn -0.0346 0.0251 -0.9991
vn -0.1022 -0.0357 -0.9941
vn -0.1142 -0.0590 -0.9917
vn -0.0619 -0.0327 -0.9975
vn 0.0181 0.0131 -0.9998
vn 0.0704 0.0323 -0.9970
vn 0.0685 0.0075 -0.9976
vn 0.0320 -0.0352 -0.9989
vn 0.0042 -0.0503 -0.9987
vn 0.0102 -0.0160 -0.9998
vn 0.0341 0.0438 -0.9985
vn 0.0364 0.0790 -0.9962
vn -0.0054 0.0580 -0.9983
vn -0.0711 -0.0050 -0.9975
vn -0.1103 -0.0599 -0.9921
vn -0.0872 -0.0659 -0.9940
vn -0.0108 -0.0243 -0.9996
vn 0.0689 0.0243 -0.9973
vn 0.0999 0.0365 -0.9943
vn 0.0716 0.0062 -0.9974
vn 0.0766 0.0074 -0.9970
vn 0.1047 0.0522 -0.9931
vn 0.0731 0.0511 -0.9960
vn -0.0095 0.0051 -0.9999
vn -0.0910 -0.0441 -0.9949
vn -0.1186 -0.0522 -0.9916
vn -0.0813 -0.0131 -0.9966
vn -0.0132 0.0378 -0.9992
vn 0.0346 0.0538 -0.9980
vn 0.0385 0.0200 -0.9991
vn 0.0178 -0.0332 -0.9993
vn 0.0117 -0.0575 -0.9983
vn 0.0374 -0.0304 -0.9988
vn 0.0715 0.0244 -0.9971
vn 0.0718 0.0581 -0.9957
vn 0.0178 0.0411 -0.9990
vn -0.0653 -0.0119 -0.9978
vn -0.1211 -0.0527 -0.9912
vn -0.1110 -0.0459 -0.9928
vn -0.0424 0.0018 -0.9991
vn 0.0364 0.0471 -0.9982
vn 0.0747 0.0485 -0.9960
vn 0.0612 0.0050 -0.9981
vn 0.0265 -0.0441 -0.9987
vn 0.1156 0.0492 -0.9921
vn 0.0970 0.0341 -0.9947
vn 0.0223 -0.0200 -0.9996
vn -0.0586 -0.0681 -0.9960
vn -0.0933 -0.0674 -0.9934
vn -0.0708 -0.0160 -0.9974
vn -0.0225 0.0459 -0.9987
vn 0.0065 0.0691 -0.9976
vn -0.0003 0.0388 -0.9992
vn -0.0188 -0.0143 -0.9997
vn -0.0108 -0.0419 -0.9991
vn 0.0351 -0.0226 -0.9991
vn 0.0882 0.0204 -0.9959
vn 0.1008 0.0415 -0.9940
vn 0.0512 0.0162 -0.9986
vn -0.0356 -0.0365 -0.9987
vn -0.1015 -0.0682 -0.9925
vn -0.1060 -0.0473 -0.9932
vn -0.0548 0.0136 -0.9984
vn 0.0079 0.0666 -0.9977
vn 0.0371 0.0694 -0.9969
vn 0.0258 0.0224 -0.9994
vn 0.0054 -0.0329 -0.9994
vn 0.0117 -0.0504 -0.9987
vn 0.0915 0.0394 -0.9950
vn 0.0331 -0.0290 -0.9990
vn -0.0323 -0.0867 -0.9957
vn -0.0580 -0.0893 -0.9943
vn -0.0369 -0.0361 -0.9987
vn -0.0016 0.0312 -0.9995
vn 0.0071 0.0624 -0.9980
vn -0.0196 0.0426 -0.9989
vn -0.0506 0.0010 -0.9987
vn -0.0446 -0.0178 -0.9988
vn 0.0084 0.0035 -1.0000
vn 0.0743 0.0393 -0.9965
vn 0.1016 0.0461 -0.9938
vn 0.0663 0.0051 -0.9978
vn -0.0086 -0.0586 -0.9982
vn -0.0684 -0.0931 -0.9933
vn -0.0754 -0.0676 -0.9949
vn -0.0364 0.0022 -0.9993
vn 0.0067 0.0651 -0.9979
vn 0.0158 0.0774 -0.9969
vn -0.0087 0.0388 -0.9992
vn -0.0306 -0.0105 -0.9995
vn -0.0145 -0.0271 -0.9995
vn 0.0377 -0.0038 -0.9993
vn 0.0136 -0.0148 -0.9998
vn -0.0341 -0.0833 -0.9959
vn -0.0407 -0.0966 -0.9945
vn -0.0062 -0.0532 -0.9986
vn 0.0318 0.0070 -0.9995
vn 0.0326 0.0367 -0.9988
vn -0.0084 0.0230 -0.9997
vn -0.0547 -0.0049 -0.9985
vn -0.0614 -0.0067 -0.9981
vn -0.0167 0.0281 -0.9995
vn 0.0460 0.0685 -0.9966
vn 0.0763 0.0702 -0.9946
vn 0.0508 0.0173 -0.9986
vn -0.0082 -0.0600 -0.9982
vn -0.0503 -0.1056 -0.9931
vn -0.0442 -0.0875 -0.9952
vn -0.0021 -0.0210 -0.9998
vn 0.0323 0.0431 -0.9985
vn 0.0248 0.0619 -0.9978
vn -0.0175 0.0352 -0.9992
vn -0.0527 0.0011 -0.9986
vn -0.0426 -0.0025 -0.9991
vn 0.0104 0.0262 -0.9996
vn 0.0641 0.0512 -0.9966
vn -0.0611 -0.0602 -0.9963
vn -0.0535 -0.0803 -0.9953
vn -0.0024 -0.0492 -0.9988
vn 0.0490 -0.0046 -0.9988
vn 0.0574 0.0114 -0.9983
vn 0.0178 -0.0081 -0.9998
vn -0.0324 -0.0310 -0.9990
vn -0.0477 -0.0191 -0.9987
vn -0.0158 0.0324 -0.9994
vn 0.0319 0.0862 -0.9958
vn 0.0495 0.0947 -0.9943
vn 0.0186 0.0420 -0.9989
vn -0.0349 -0.0403 -0.9986
vn -0.0621 -0.0945 -0.9936
vn -0.0377 -0.0877 -0.9954
vn 0.0195 -0.0342 -0.9992
vn 0.0608 0.0186 -0.9980
vn 0.0518 0.0323 -0.9981
vn 0.0017 0.0100 -0.9999
vn -0.0445 -0.0106 -0.9990
vn -0.0468 0.0037 -0.9989
vn -0.0060 0.0473 -0.9989
vn 0.0381 0.0793 -0.9961
vn 0.0434 0.0609 -0.9972
vn -0.0818 -0.0514 -0.9953
vn -0.0253 -0.0243 -0.9994
vn 0.0359 0.0072 -0.9993
vn 0.0565 0.0057 -0.9984
vn 0.0304 -0.0288 -0.9991
vn -0.0077 -0.0588 -0.9982
vn -0.0164 -0.0449 -0.9989
vn 0.0128 0.0152 -0.9998
vn 0.0477 0.0804 -0.9956
vn 0.0467 0.1001 -0.9939
vn -0.0019 0.0574 -0.9983
vn -0.0654 -0.0172 -0.9977
vn -0.0923 -0.0685 -0.9934
vn -0.0592 -0.0658 -0.9961
vn 0.0110 -0.0240 -0.9997
vn 0.0659 0.0121 -0.9978
vn 0.0684 0.0103 -0.9976
vn 0.0267 -0.0199 -0.9994
vn -0.0160 -0.0379 -0.9992
vn -0.0219 -0.0127 -0.9997
vn 0.0073 0.0454 -0.9989
vn 0.0339 0.0901 -0.9954
vn 0.0219 0.0804 -0.9965
vn -0.0284 0.0158 -0.9995
vn -0.0513 0.0035 -0.9987
vn 0.0044 0.0332 -0.9994
vn 0.0274 0.0217 -0.9994
vn 0.0127 -0.0262 -0.9996
vn -0.0070 -0.0681 -0.9977
vn 0.0039 -0.0624 -0.9980
vn 0.0462 -0.0063 -0.9989
vn 0.0829 0.0590 -0.9948
vn 0.0724 0.0832 -0.9939
vn 0.0075 0.0498 -0.9987
vn -0.0731 -0.0113 -0.9973
vn -0.1130 -0.0490 -0.9924
vn -0.0873 -0.0380 -0.9955
vn -0.0184 0.0026 -0.9998
vn 0.0416 0.0280 -0.9987
vn 0.0554 0.0108 -0.9984
vn 0.0302 -0.0334 -0.9990
vn 0.0051 -0.0596 -0.9982
vn 0.0117 -0.0358 -0.9993
vn 0.0428 0.0260 -0.9987
vn 0.0593 0.0778 -0.9952
vn 0.0291 0.0775 -0.9966
vn -0.0405 0.0240 -0.9989
vn -0.1020 -0.0398 -0.9940
vn -0.0171 0.0517 -0.9985
vn -0.0080 0.0426 -0.9991
vn -0.0257 -0.0077 -0.9996
vn -0.0354 -0.0550 -0.9979
vn -0.0056 -0.0570 -0.9984
vn 0.0575 -0.0111 -0.9983
vn 0.1094 0.0433 -0.9931
vn 0.1055 0.0595 -0.9926
vn 0.0388 0.0252 -0.9989
vn -0.0508 -0.0280 -0.9983
vn -0.1042 -0.0515 -0.9932
vn -0.0944 -0.0256 -0.9952
vn -0.0414 0.0245 -0.9988
vn 0.0073 0.0516 -0.9986
vn 0.0191 0.0291 -0.9994
vn 0.0035 -0.0239 -0.9997
vn -0.0025 -0.0595 -0.9982
vn 0.0260 -0.0444 -0.9987
vn 0.0735 0.0097 -0.9972
vn 0.0957 0.0562 -0.9938
vn 0.0604 0.0557 -0.9966
vn -0.0221 0.0090 -0.9997
vn -0.0996 -0.0416 -0.9942
vn -0.1209 -0.0518 -0.9913
vn -0.0221 0.0473 -0.9986
vn -0.0568 0.0057 -0.9984
vn -0.0727 -0.0346 -0.9967
vn -0.0379 -0.0343 -0.9987
vn 0.0384 0.0069 -0.9992
vn 0.1068 0.0492 -0.9931
vn 0.1186 0.0505 -0.9917
vn 0.0647 0.0043 -0.9979
vn -0.0174 -0.0530 -0.9984
vn -0.0712 -0.0719 -0.9949
vn -0.0709 -0.0361 -0.9968
vn -0.0359 0.0251 -0.9990
vn -0.0087 0.0611 -0.9981
vn -0.0140 0.0448 -0.9989
vn -0.0360 -0.0047 -0.9993
vn -0.0352 -0.0401 -0.9986
vn 0.0095 -0.0297 -0.9995
vn 0.0764 0.0141 -0.9970
vn 0.1149 0.0471 -0.9923
vn 0.0900 0.0346 -0.9953
vn 0.0108 -0.0170 -0.9998
vn -0.0709 -0.0631 -0.9955
vn -0.1030 -0.0617 -0.9928
vn -0.0753 -0.0113 -0.9971
vn -0.0592 -0.0027 -0.9982
vn -0.0910 -0.0285 -0.9954
vn -0.0662 -0.0144 -0.9977
vn 0.0071 0.0339 -0.9994
vn 0.0793 0.0737 -0.9941
vn 0.1011 0.0644 -0.9928
vn 0.0626 0.0045 -0.9980
vn -0.0012 -0.0645 -0.9979
vn -0.0398 -0.0904 -0.9951
vn -0.0333 -0.0568 -0.9978
vn -0.0043 0.0061 -1.0000
vn 0.0061 0.0473 -0.9989
vn -0.0202 0.0399 -0.9990
vn -0.0595 0.0026 -0.9982
vn -0.0677 -0.0208 -0.9975
vn -0.0226 -0.0034 -0.9997
vn 0.0523 0.0387 -0.9979
vn 0.1035 0.0609 -0.9928
vn 0.0934 0.0332 -0.9951
vn 0.0295 -0.0320 -0.9991
vn -0.0401 -0.0855 -0.9955
vn -0.0677 -0.0841 -0.9942
vn -0.0460 -0.0285 -0.9985
vn -0.0077 0.0389 -0.9992
vn -0.0786 -0.0455 -0.9959
vn -0.0671 -0.0154 -0.9976
vn -0.0081 0.0480 -0.9988
vn 0.0521 0.0968 -0.9939
vn 0.0684 0.0891 -0.9937
vn 0.0340 0.0246 -0.9991
vn -0.0155 -0.0525 -0.9985
vn -0.0344 -0.0884 -0.9955
vn -0.0101 -0.0658 -0.9978
vn 0.0283 -0.0135 -0.9995
vn 0.0373 0.0210 -0.9991
vn 0.0011 0.0143 -0.9999
vn -0.0524 -0.0135 -0.9985
vn -0.0746 -0.0208 -0.9970
vn -0.0415 0.0128 -0.9991
vn 0.0251 0.0650 -0.9976
vn 0.0737 0.0879 -0.9934
vn 0.0686 0.0530 -0.9962
vn 0.0179 -0.0238 -0.9996
vn -0.0332 -0.0889 -0.9955
vn -0.0432 -0.0973 -0.9943
vn -0.0116 -0.0488 -0.9987
vn 0.0248 0.0150 -0.9996
vn 0.0258 0.0459 -0.9986
vn -0.0411 -0.0369 -0.9985
vn 0.0071 0.0386 -0.9992
vn 0.0502 0.0999 -0.9937
vn 0.0489 0.1027 -0.9935
vn 0.0031 0.0461 -0.9989
vn -0.0470 -0.0272 -0.9985
vn -0.0564 -0.0650 -0.9963
vn -0.0171 -0.0512 -0.9985
vn 0.0363 -0.0139 -0.9992
vn 0.0564 0.0040 -0.9984
vn 0.0262 -0.0143 -0.9996
vn -0.0263 -0.0438 -0.9987
vn -0.0531 -0.0426 -0.9977
vn -0.0304 0.0058 -0.9995
vn 0.0211 0.0729 -0.9971
vn 0.0538 0.1065 -0.9929
vn 0.0377 0.0767 -0.9963
vn -0.0141 -0.0001 -0.9999
vn -0.0550 -0.0699 -0.9960
vn -0.0481 -0.0874 -0.9950
vn 0.0007 -0.0518 -0.9987
vn 0.0487 -0.0023 -0.9988
vn 0.0536 0.0180 -0.9984
vn 0.0117 0.0010 -0.9999
vn 0.0404 0.0151 -0.9991
vn 0.0759 0.0811 -0.9938
vn 0.0591 0.0929 -0.9939
vn -0.0039 0.0488 -0.9988
vn -0.0672 -0.0103 -0.9977
vn -0.0829 -0.0374 -0.9959
vn -0.0434 -0.0214 -0.9988
vn 0.0156 0.0079 -0.9998
vn 0.0456 0.0101 -0.9989
vn 0.0286 -0.0253 -0.9993
vn -0.0094 -0.0668 -0.9977
vn -0.0247 -0.0694 -0.9973
vn 0.0017 -0.0174 -0.9998
vn 0.0461 0.0580 -0.9973
vn 0.0629 0.1021 -0.9928
vn 0.0280 0.0836 -0.9961
vn -0.0384 0.0178 -0.9991
vn -0.0850 -0.0441 -0.9954
vn -0.0749 -0.0600 -0.9954
vn -0.0167 -0.0317 -0.9994
vn 0.0436 0.0028 -0.9990
vn 0.0611 0.0055 -0.9981
vn 0.0307 -0.0247 -0.9992
vn -0.0117 -0.0513 -0.9986
vn 0.1070 0.0573 -0.9926
vn 0.0892 0.0669 -0.9938
vn 0.0180 0.0291 -0.9994
vn -0.0577 -0.0162 -0.9982
vn -0.0872 -0.0266 -0.9958
vn -0.0611 0.0023 -0.9981
vn -0.0128 0.0358 -0.9993
vn 0.0130 0.0329 -0.9994
vn 0.0014 -0.0134 -0.9999
vn -0.0217 -0.0671 -0.9975
vn -0.0170 -0.0801 -0.9966
vn 0.0272 -0.0358 -0.9990
vn 0.0803 0.0354 -0.9961
vn 0.0944 0.0797 -0.9923
vn 0.0481 0.0672 -0.9966
vn -0.0340 0.0136 -0.9993
vn -0.0953 -0.0327 -0.9949
vn -0.0965 -0.0358 -0.9947
vn -0.0451 -0.0025 -0.9990
vn 0.0144 0.0266 -0.9995
vn 0.0383 0.0163 -0.9991
vn 0.0215 -0.0288 -0.9994
vn -0.0024 -0.0670 -0.9978
vn 0.0030 -0.0577 -0.9983
vn 0.1115 0.0460 -0.9927
vn 0.0486 0.0023 -0.9988
vn -0.0255 -0.0393 -0.9989
vn -0.0614 -0.0385 -0.9974
vn -0.0497 0.0040 -0.9988
vn -0.0211 0.0484 -0.9986
vn -0.0140 0.0516 -0.9986
vn -0.0363 0.0069 -0.9993
vn -0.0575 -0.0489 -0.9971
vn -0.0394 -0.0675 -0.9969
vn 0.0242 -0.0324 -0.9992
vn 0.0955 0.0266 -0.9951
vn 0.1217 0.0595 -0.9908
vn 0.0801 0.0410 -0.9959
vn -0.0046 -0.0096 -0.9999
vn -0.0751 -0.0445 -0.9962
vn -0.0904 -0.0323 -0.9954
vn -0.0561 0.0138 -0.9983
vn -0.0130 0.0491 -0.9987
vn 0.0013 0.0379 -0.9993
vn -0.0135 -0.0130 -0.9998
vn -0.0236 -0.0592 -0.9980
vn 0.0026 -0.0589 -0.9983
vn 0.0597 -0.0102 -0.9982
vn 0.0597 -0.0101 -0.9982
vn 0.0025 -0.0590 -0.9983
vn -0.0129 0.0491 -0.9987
vn -0.0904 -0.0324 -0.9954
vn -0.0750 -0.0444 -0.9962
vn -0.0045 -0.0096 -0.9999
vn 0.0800 0.0409 -0.9960
vn 0.0956 0.0267 -0.9951
vn 0.0241 -0.0325 -0.9992
vn -0.0395 -0.0676 -0.9969
vn -0.0364 0.0068 -0.9993
vn -0.0210 0.0484 -0.9986
vn -0.0497 0.0039 -0.9988
vn -0.0254 -0.0392 -0.9989
vn 0.0486 0.0022 -0.9988
vn 0.1115 0.0459 -0.9927
vn -0.0023 -0.0670 -0.9978
vn 0.0216 -0.0288 -0.9994
vn 0.0382 0.0163 -0.9991
vn 0.0145 0.0266 -0.9995
vn -0.0966 -0.0358 -0.9947
vn -0.0952 -0.0326 -0.9949
vn -0.0339 0.0137 -0.9993
vn 0.0480 0.0671 -0.9966
vn 0.0804 0.0355 -0.9961
vn 0.0271 -0.0358 -0.9990
vn -0.0171 -0.0801 -0.9966
vn -0.0217 -0.0670 -0.9975
vn -0.0576 -0.0161 -0.9982
vn 0.0891 0.0668 -0.9938
vn -0.0116 -0.0513 -0.9986
vn 0.0437 0.0029 -0.9990
vn -0.0750 -0.0601 -0.9954
vn -0.0849 -0.0439 -0.9954
vn -0.0383 0.0178 -0.9991
vn 0.0279 0.0835 -0.9961
vn 0.0462 0.0581 -0.9972
vn 0.0017 -0.0175 -0.9998
vn -0.0248 -0.0694 -0.9973
vn -0.0094 -0.0667 -0.9977
vn -0.0671 -0.0102 -0.9977
vn -0.0040 0.0488 -0.9988
vn 0.0590 0.0928 -0.9939
vn 0.0760 0.0812 -0.9938
vn 0.0488 -0.0022 -0.9988
vn 0.0006 -0.0518 -0.9987
vn -0.0482 -0.0874 -0.9950
vn -0.0549 -0.0698 -0.9960
vn -0.0140 -0.0001 -0.9999
vn 0.0376 0.0766 -0.9964
vn 0.0212 0.0730 -0.9971
vn -0.0304 0.0057 -0.9995
vn -0.0532 -0.0427 -0.9977
vn 0.0262 -0.0144 -0.9996
vn 0.0363 -0.0138 -0.9992
vn -0.0171 -0.0513 -0.9985
vn -0.0564 -0.0649 -0.9963
vn -0.0469 -0.0271 -0.9985
vn 0.0031 0.0460 -0.9989
vn 0.0488 0.1026 -0.9935
vn 0.0503 0.1000 -0.9937
vn 0.0072 0.0387 -0.9992
vn -0.0412 -0.0370 -0.9985
vn 0.0248 0.0151 -0.9996
vn -0.0117 -0.0489 -0.9987
vn -0.0433 -0.0974 -0.9943
vn -0.0330 -0.0888 -0.9955
vn 0.0685 0.0528 -0.9963
vn 0.0737 0.0880 -0.9934
vn 0.0252 0.0651 -0.9976
vn -0.0416 0.0127 -0.9991
vn -0.0747 -0.0209 -0.9970
vn -0.0523 -0.0135 -0.9985
vn 0.0010 0.0142 -0.9999
vn 0.0283 -0.0134 -0.9995
vn -0.0344 -0.0883 -0.9955
vn -0.0154 -0.0524 -0.9985
vn 0.0683 0.0890 -0.9937
vn 0.0522 0.0969 -0.9939
vn -0.0081 0.0481 -0.9988
vn -0.0672 -0.0155 -0.9976
vn -0.0787 -0.0455 -0.9959
vn -0.0077 0.0390 -0.9992
vn -0.0677 -0.0842 -0.9941
vn -0.0400 -0.0853 -0.9956
vn 0.0296 -0.0320 -0.9991
vn 0.0933 0.0331 -0.9951
vn 0.0524 0.0387 -0.9979
vn -0.0594 0.0026 -0.9982
vn -0.0334 -0.0568 -0.9978
vn -0.0398 -0.0903 -0.9951
vn -0.0010 -0.0644 -0.9979
vn 0.0626 0.0044 -0.9980
vn 0.1010 0.0643 -0.9928
vn 0.0794 0.0738 -0.9941
vn -0.0663 -0.0145 -0.9977
vn -0.0708 -0.0630 -0.9955
vn 0.0108 -0.0169 -0.9998
vn 0.0899 0.0345 -0.9954
vn 0.1150 0.0471 -0.9923
vn 0.0765 0.0142 -0.9970
vn 0.0094 -0.0298 -0.9995
vn -0.0353 -0.0401 -0.9986
vn -0.0360 -0.0046 -0.9993
vn -0.0141 0.0448 -0.9989
vn -0.0086 0.0611 -0.9981
vn -0.0358 0.0251 -0.9990
vn -0.0710 -0.0362 -0.9968
vn -0.0172 -0.0529 -0.9985
vn 0.0646 0.0042 -0.9979
vn 0.1185 0.0505 -0.9917
vn 0.1069 0.0493 -0.9930
vn 0.0385 0.0069 -0.9992
vn -0.0380 -0.0344 -0.9987
vn -0.0727 -0.0346 -0.9968
vn -0.0222 0.0472 -0.9986
vn -0.0995 -0.0415 -0.9942
vn 0.0603 0.0556 -0.9966
vn 0.0957 0.0563 -0.9938
vn 0.0259 -0.0445 -0.9987
vn -0.0413 0.0246 -0.9988
vn -0.0944 -0.0257 -0.9952
vn -0.1042 -0.0514 -0.9932
vn -0.0507 -0.0279 -0.9983
vn 0.0387 0.0251 -0.9989
vn 0.1055 0.0594 -0.9926
vn 0.1095 0.0433 -0.9930
vn -0.0057 -0.0571 -0.9983
vn -0.0353 -0.0550 -0.9979
vn -0.0081 0.0425 -0.9991
vn -0.1019 -0.0396 -0.9940
vn 0.0289 0.0774 -0.9966
vn 0.0593 0.0779 -0.9952
vn 0.0117 -0.0359 -0.9993
vn 0.0416 0.0281 -0.9987
vn -0.0874 -0.0381 -0.9954
vn -0.1129 -0.0489 -0.9924
vn -0.0729 -0.0112 -0.9973
vn 0.0723 0.0831 -0.9939
vn 0.0830 0.0591 -0.9948
vn 0.0038 -0.0624 -0.9980
vn -0.0069 -0.0681 -0.9977
vn 0.0273 0.0217 -0.9994
vn -0.0305 0.0289 -0.9991
vn 0.0174 0.0872 -0.9960
vn 0.0324 0.0916 -0.9953
vn -0.0220 -0.0127 -0.9997
vn 0.0684 0.0102 -0.9976
vn 0.0660 0.0121 -0.9977
vn 0.0111 -0.0240 -0.9997
vn -0.0593 -0.0658 -0.9961
vn -0.0923 -0.0684 -0.9934
vn -0.0653 -0.0171 -0.9977
vn -0.0020 0.0573 -0.9984
vn 0.0466 0.1001 -0.9939
vn 0.0478 0.0805 -0.9956
vn 0.0127 0.0151 -0.9998
vn -0.0165 -0.0450 -0.9988
vn -0.0077 -0.0587 -0.9982
vn -0.0819 -0.0515 -0.9953
vn 0.0332 0.1667 -0.9854
vn 0.0140 0.1655 -0.9861
vn -0.0305 0.1000 -0.9945
vn -0.0624 0.0216 -0.9978
vn -0.0463 -0.0089 -0.9989
vn 0.0517 0.0322 -0.9981
vn 0.0609 0.0187 -0.9980
vn 0.0195 -0.0341 -0.9992
vn -0.0377 -0.0878 -0.9954
vn -0.0621 -0.0944 -0.9936
vn -0.0348 -0.0402 -0.9986
vn 0.0185 0.0419 -0.9990
vn 0.0494 0.0947 -0.9943
vn 0.0320 0.0863 -0.9958
vn -0.0158 0.0323 -0.9994
vn -0.0477 -0.0192 -0.9987
vn -0.0323 -0.0310 -0.9990
vn 0.0573 0.0114 -0.9983
vn 0.0491 -0.0046 -0.9988
vn -0.0536 -0.0804 -0.9953
vn -0.0610 -0.0602 -0.9963
vn 0.0391 0.2589 -0.9651
vn -0.0503 0.2092 -0.9766
vn -0.1166 0.1346 -0.9840
vn -0.1138 0.0826 -0.9901
vn -0.0461 0.0644 -0.9969
vn 0.0218 0.0646 -0.9977
vn 0.0324 0.0432 -0.9985
vn -0.0443 -0.0876 -0.9952
vn -0.0502 -0.1055 -0.9931
vn -0.0081 -0.0599 -0.9982
vn 0.0507 0.0171 -0.9986
vn 0.0461 0.0686 -0.9966
vn -0.0168 0.0281 -0.9995
vn -0.0615 -0.0068 -0.9981
vn 0.0319 0.0071 -0.9995
vn -0.0408 -0.0967 -0.9945
vn -0.0340 -0.0832 -0.9960
vn 0.0136 -0.0149 -0.9998
vn -0.0079 0.3043 -0.9525
vn -0.1273 0.2417 -0.9620
vn -0.1699 0.1918 -0.9666
vn -0.1361 0.1706 -0.9759
vn -0.0692 0.1460 -0.9869
vn -0.0201 0.0853 -0.9961
vn -0.0366 0.0024 -0.9993
vn -0.0755 -0.0677 -0.9948
vn -0.0684 -0.0930 -0.9933
vn -0.0085 -0.0585 -0.9982
vn 0.0662 0.0050 -0.9978
vn 0.1015 0.0461 -0.9938
vn 0.0743 0.0394 -0.9965
vn -0.0447 -0.0178 -0.9988
vn -0.0505 0.0010 -0.9987
vn -0.0015 0.0313 -0.9995
vn -0.0369 -0.0362 -0.9987
vn -0.0580 -0.0894 -0.9943
vn -0.0322 -0.0866 -0.9957
vn 0.0914 0.0392 -0.9950
vn -0.0697 0.3480 -0.9349
vn -0.1880 0.2938 -0.9372
vn -0.2003 0.2536 -0.9463
vn -0.1659 0.2179 -0.9618
vn -0.1386 0.1514 -0.9787
vn -0.1259 0.0485 -0.9909
vn -0.1131 -0.0411 -0.9927
vn -0.1014 -0.0681 -0.9925
vn -0.0355 -0.0364 -0.9987
vn 0.0510 0.0161 -0.9986
vn -0.0108 -0.0420 -0.9991
vn -0.0187 -0.0142 -0.9997
vn -0.0224 0.0460 -0.9987
vn -0.0934 -0.0674 -0.9933
vn -0.0584 -0.0680 -0.9960
vn 0.0969 0.0340 -0.9947
vn 0.1155 0.0492 -0.9921
vn -0.1373 0.4085 -0.9024
vn -0.2597 0.3252 -0.9093
vn -0.2542 0.2487 -0.9346
vn -0.2401 0.1688 -0.9560
vn -0.2402 0.0715 -0.9681
vn -0.2198 -0.0131 -0.9755
vn -0.1430 -0.0443 -0.9887
vn -0.0652 -0.0118 -0.9978
vn 0.0177 0.0410 -0.9990
vn 0.0717 0.0581 -0.9957
vn 0.0716 0.0245 -0.9971
vn 0.0373 -0.0304 -0.9988
vn 0.0179 -0.0332 -0.9993
vn 0.0384 0.0200 -0.9991
vn 0.0347 0.0538 -0.9980
vn -0.0131 0.0379 -0.9992
vn -0.0814 -0.0132 -0.9966
vn -0.0909 -0.0440 -0.9949
vn 0.0729 0.0510 -0.9960
vn 0.1048 0.0522 -0.9931
vn 0.0767 0.0074 -0.9970
vn -0.3187 0.3660 -0.8744
vn -0.3627 0.1899 -0.9124
vn -0.3383 0.1031 -0.9354
vn -0.3296 0.0218 -0.9439
vn -0.3102 -0.0385 -0.9499
vn -0.2401 -0.0467 -0.9696
vn -0.1058 -0.0016 -0.9944
vn -0.0056 0.0579 -0.9983
vn 0.0363 0.0789 -0.9962
vn 0.0321 -0.0352 -0.9989
vn -0.0621 -0.0327 -0.9975
vn -0.1143 -0.0591 -0.9917
vn -0.1021 -0.0357 -0.9941
vn -0.0347 0.0251 -0.9991
vn 0.0390 0.0749 -0.9964
vn 0.0171 -0.0419 -0.9990
vn -0.9995 -0.0017 -0.0320
vn 0.0008 -0.9996 0.0266
vn 0.0012 -0.9999 -0.0173
vn 0.0036 -0.9982 -0.0597
vn 0.0030 -0.9981 -0.0619
vn -0.0009 -0.9997 -0.0224
vn 0.0013 -0.9997 0.0263
vn 0.0055 -0.9989 0.0463
vn 0.0031 -0.9996 0.0278
vn 0.0005 -1.0000 -0.0065
vn 0.0015 -0.9998 -0.0213
vn -0.0003 -1.0000 -0.0030
vn -0.0020 -0.9996 0.0283
vn 0.0002 -0.9993 0.0380
vn 0.0010 -1.0000 0.0097
vn 0.0009 -0.9993 -0.0376
vn 0.0021 -0.9979 -0.0649
vn 0.0003 -0.9989 -0.0475
vn -0.0009 -1.0000 0.0030
vn 0.0038 -0.9989 0.0475
vn 0.0058 -0.9985 0.0538
vn 0.0017 -0.9997 0.0226
vn 0.0013 -0.9999 -0.0152
vn 0.0026 -0.9997 -0.0257
vn 0.0011 -0.9999 -0.0137
vn 0.9982 0.0014 0.0603
vn -0.9974 -0.0009 -0.0716
vn 0.9994 0.0026 0.0340
vn -0.9950 0.0044 -0.0998
vn 0.9998 0.0009 0.0219
vn -0.9969 0.0046 -0.0780
vn 0.9993 -0.0010 0.0378
vn -0.9999 -0.0008 -0.0145
vn 0.9986 -0.0030 0.0523
vn -0.9989 0.0009 0.0476
vn 0.9995 -0.0004 0.0307
vn -0.9976 0.0041 0.0689
vn 0.9996 0.0004 -0.0290
vn -0.9987 0.0015 0.0505
vn 0.9961 -0.0052 -0.0883
vn -0.9996 -0.0009 0.0270
vn 0.9945 -0.0047 -0.1047
vn -0.9995 -0.0022 0.0301
vn 0.9976 0.0007 -0.0699
vn -0.9985 -0.0014 0.0549
vn 0.9999 0.0003 -0.0163
vn -0.9979 0.0032 0.0644
vn 0.9999 -0.0008 0.0139
vn -0.9995 0.0031 0.0301
vn 1.0000 0.0004 0.0094
vn -0.9993 0.0002 -0.0367
vn 1.0000 -0.0001 -0.0021
vn -0.9958 0.0040 -0.0914
vn 0.9999 -0.0001 0.0136
vn -0.9952 0.0057 -0.0974
vn 0.9983 -0.0022 0.0586
vn -0.9983 0.0005 -0.0586
vn 0.9952 -0.0064 0.0974
vn -0.9999 -0.0011 -0.0135
vn 0.9958 -0.0029 0.0915
vn -1.0000 0.0002 0.0021
vn 0.9993 0.0022 0.0368
vn -1.0000 0.0002 -0.0094
vn 0.9995 -0.0012 -0.0302
vn -0.9999 0.0005 -0.0139
vn 0.9979 -0.0029 -0.0644
vn -0.9999 -0.0019 0.0162
vn 0.9985 0.0005 -0.0549
vn -0.9975 -0.0026 0.0699
vn 0.9995 0.0015 -0.0302
vn -0.9945 0.0043 0.1047
vn 0.9996 0.0014 -0.0269
vn -0.9960 0.0067 0.0888
vn 0.9987 -0.0004 -0.0505
vn -0.9995 0.0015 0.0327
vn 0.9976 -0.0039 -0.0689
vn -0.9998 0.0033 -0.0185
vn 0.9989 -0.0024 -0.0475
vn -0.9997 0.0067 -0.0250
vn 0.9999 -0.0017 0.0145
vn -0.9999 -0.0047 0.0109
vn 0.9969 -0.0062 0.0780
vn -0.9974 -0.0278 0.0665
vn 0.9950 -0.0042 0.0998
vn -0.9854 -0.0773 0.1517
vn 0.9974 0.0025 0.0716
vn -0.9604 -0.1401 0.2410
vn 0.1553 0.9444 0.2898
vn 0.0921 0.9759 0.1976
vn 0.0414 0.9944 0.0977
vn 0.0112 0.9996 0.0252
vn -0.0079 0.9997 -0.0243
vn -0.0079 0.9994 -0.0325
vn -0.0007 1.0000 0.0021
vn -0.0018 0.9988 0.0484
vn -0.0019 0.9979 0.0649
vn 0.0007 0.9993 0.0377
vn 0.0006 1.0000 -0.0096
vn 0.0001 0.9993 -0.0380
vn 0.0010 0.9996 -0.0283
vn -0.0009 1.0000 0.0030
vn -0.0016 0.9998 0.0213
vn 0.0006 1.0000 0.0065
vn -0.0018 0.9996 -0.0278
vn -0.0054 0.9989 -0.0463
vn -0.0027 0.9997 -0.0262
vn -0.0010 0.9997 0.0224
vn -0.0038 0.9981 0.0618
vn -0.0026 0.9982 0.0597
vn 0.0007 0.9998 0.0173
vn 0.9995 0.0026 0.0320
vn 0.0003 0.9996 -0.0266
vn -0.0634 -0.0564 0.9964
vn 0.0049 -0.0222 0.9997
vn 0.0952 0.0390 0.9947
vn 0.1248 0.0539 0.9907
vn 0.0697 0.0018 0.9976
vn -0.0130 -0.0625 0.9980
vn -0.0459 -0.0692 0.9965
vn -0.0193 -0.0147 0.9997
vn 0.0070 0.0379 0.9993
vn -0.0187 0.0340 0.9992
vn -0.0730 -0.0083 0.9973
vn -0.0851 -0.0232 0.9961
vn -0.0238 0.0205 0.9995
vn 0.0601 0.0773 0.9952
vn 0.0865 0.0768 0.9933
vn 0.0371 0.0062 0.9993
vn -0.0272 -0.0721 0.9970
vn -0.0347 -0.0873 0.9956
vn 0.0137 -0.0394 0.9991
vn 0.0512 0.0078 0.9987
vn 0.0267 0.0034 0.9996
vn -0.0331 -0.0306 0.9990
vn -0.0560 -0.0300 0.9980
vn -0.0130 0.0291 0.9995
vn -0.0516 -0.0173 0.9985
vn 0.0439 0.0444 0.9981
vn 0.1044 0.0735 0.9918
vn 0.0821 0.0299 0.9962
vn 0.0126 -0.0481 0.9988
vn -0.0254 -0.0833 0.9962
vn -0.0021 -0.0490 0.9988
vn 0.0339 0.0064 0.9994
vn 0.0197 0.0183 0.9996
vn -0.0421 -0.0158 0.9990
vn -0.0832 -0.0358 0.9959
vn -0.0519 0.0043 0.9986
vn 0.0239 0.0762 0.9968
vn 0.0641 0.1045 0.9925
vn 0.0291 0.0541 0.9981
vn -0.0373 -0.0310 0.9988
vn -0.0569 -0.0723 0.9958
vn -0.0089 -0.0464 0.9989
vn 0.0496 -0.0036 0.9988
vn 0.0525 -0.0045 0.9986
vn 0.0033 -0.0446 0.9990
vn -0.0313 -0.0617 0.9976
vn -0.0042 -0.0136 0.9999
vn 0.0528 0.0654 0.9965
vn -0.0077 0.0432 0.9990
vn 0.0663 0.0936 0.9934
vn 0.0682 0.0706 0.9952
vn 0.0112 -0.0085 0.9999
vn -0.0304 -0.0684 0.9972
vn -0.0090 -0.0606 0.9981
vn 0.0421 -0.0147 0.9990
vn 0.0523 0.0028 0.9986
vn 0.0016 -0.0293 0.9996
vn -0.0539 -0.0605 0.9967
vn -0.0485 -0.0324 0.9983
vn 0.0137 0.0471 0.9988
vn 0.0598 0.1050 0.9927
vn 0.0334 0.0859 0.9957
vn -0.0411 0.0111 0.9991
vn -0.0837 -0.0433 0.9956
vn -0.0515 -0.0339 0.9981
vn 0.0161 0.0053 0.9999
vn 0.0453 0.0091 0.9989
vn 0.0160 -0.0368 0.9992
vn -0.0175 -0.0766 0.9969
vn 0.0035 -0.0530 0.9986
vn 0.0666 0.0225 0.9975
vn 0.0975 0.0766 0.9923
vn 0.0397 0.0923 0.9949
vn 0.0544 0.1007 0.9934
vn 0.0026 0.0374 0.9993
vn -0.0502 -0.0332 0.9982
vn -0.0407 -0.0472 0.9981
vn 0.0178 -0.0132 0.9998
vn 0.0547 0.0057 0.9985
vn 0.0280 -0.0275 0.9992
vn -0.0251 -0.0755 0.9968
vn -0.0332 -0.0714 0.9969
vn 0.0209 -0.0003 0.9998
vn 0.0762 0.0767 0.9941
vn 0.0630 0.0886 0.9941
vn -0.0162 0.0334 0.9993
vn -0.0867 -0.0229 0.9960
vn -0.0848 -0.0223 0.9961
vn -0.0273 0.0192 0.9994
vn 0.0146 0.0357 0.9993
vn 0.0010 -0.0057 1.0000
vn -0.0300 -0.0630 0.9976
vn -0.0131 -0.0683 0.9976
vn 0.0590 -0.0097 0.9982
vn 0.1184 0.0512 0.9916
vn 0.0988 0.0498 0.9939
vn 0.0622 0.1020 0.9928
vn 0.0132 0.0655 0.9978
vn -0.0570 -0.0008 0.9984
vn -0.0731 -0.0260 0.9970
vn -0.0246 0.0017 0.9997
vn 0.0269 0.0266 0.9993
vn 0.0232 -0.0020 0.9997
vn -0.0200 -0.0641 0.9977
vn -0.0333 -0.0894 0.9954
vn 0.0191 -0.0415 0.9990
vn 0.0911 0.0377 0.9951
vn 0.1036 0.0709 0.9921
vn 0.0353 0.0338 0.9988
vn -0.0538 -0.0220 0.9983
vn -0.0852 -0.0287 0.9960
vn -0.0506 0.0168 0.9986
vn -0.0111 0.0531 0.9985
vn -0.0202 0.0297 0.9994
vn -0.0568 -0.0306 0.9979
vn -0.0531 -0.0579 0.9969
vn 0.0186 -0.0191 0.9996
vn 0.1042 0.0411 0.9937
vn 0.1235 0.0509 0.9910
vn 0.0598 -0.0043 0.9982
vn 0.0507 0.0667 0.9965
vn -0.0315 0.0113 0.9994
vn -0.0783 -0.0182 0.9968
vn -0.0549 0.0082 0.9985
vn -0.0063 0.0463 0.9989
vn 0.0013 0.0342 0.9994
vn -0.0369 -0.0290 0.9989
vn -0.0581 -0.0780 0.9953
vn -0.0108 -0.0581 0.9983
vn 0.0783 0.0112 0.9969
vn 0.1258 0.0546 0.9906
vn 0.0867 0.0293 0.9958
vn -0.0008 -0.0302 0.9995
vn -0.0544 -0.0508 0.9972
vn -0.0421 -0.0090 0.9991
vn -0.0102 0.0446 0.9990
vn -0.0204 0.0466 0.9987
vn -0.0695 -0.0026 0.9976
vn -0.0913 -0.0394 0.9950
vn -0.0382 -0.0146 0.9992
vn 0.0573 0.0463 0.9973
vn 0.1102 0.0694 0.9915
vn 0.0791 0.0206 0.9966
vn 0.0063 -0.0559 0.9984
vn 0.0193 0.0061 0.9998
vn -0.0490 -0.0295 0.9984
vn -0.0532 -0.0072 0.9986
vn -0.0176 0.0443 0.9989
vn -0.0092 0.0572 0.9983
vn -0.0510 0.0084 0.9987
vn -0.0899 -0.0501 0.9947
vn -0.0614 -0.0523 0.9967
vn 0.0314 0.0049 0.9995
vn 0.1104 0.0549 0.9924
vn 0.1091 0.0392 0.9933
vn 0.0412 -0.0261 0.9988
vn -0.0178 -0.0686 0.9975
vn -0.0173 -0.0441 0.9989
vn 0.0133 0.0142 0.9998
vn 0.0079 0.0375 0.9993
vn -0.0495 0.0043 0.9988
vn -0.1002 -0.0338 0.9944
vn -0.0800 -0.0172 0.9967
vn 0.0041 0.0483 0.9988
vn 0.0743 0.0922 0.9930
vn 0.0692 0.0614 0.9957
vn 0.0089 -0.0200 0.9998
vn -0.0303 -0.0749 0.9967
vn -0.0048 -0.0454 0.9990
vn -0.0262 -0.0375 0.9990
vn -0.0011 0.0174 0.9998
vn 0.0080 0.0530 0.9986
vn -0.0380 0.0266 0.9989
vn -0.1000 -0.0289 0.9946
vn -0.1041 -0.0432 0.9936
vn -0.0287 0.0064 0.9996
vn 0.0650 0.0664 0.9957
vn 0.0957 0.0666 0.9932
vn 0.0523 0.0021 0.9986
vn -0.0021 -0.0622 0.9981
vn -0.0046 -0.0647 0.9979
vn 0.0334 -0.0167 0.9993
vn 0.0455 0.0159 0.9988
vn -0.0046 -0.0058 1.0000
vn -0.0735 -0.0462 0.9962
vn -0.0868 -0.0394 0.9954
vn -0.0265 0.0287 0.9992
vn 0.0452 0.0968 0.9943
vn 0.0545 0.0961 0.9939
vn -0.0002 0.0269 0.9996
vn -0.0498 -0.0423 0.9979
vn -0.0351 -0.0512 0.9981
vn -0.0015 -0.0604 0.9982
vn 0.0231 -0.0173 0.9996
vn 0.0426 0.0291 0.9987
vn 0.0037 0.0218 0.9998
vn -0.0739 -0.0270 0.9969
vn -0.1133 -0.0493 0.9923
vn -0.0699 -0.0050 0.9975
vn 0.0179 0.0688 0.9975
vn 0.0661 0.0947 0.9933
vn 0.0403 0.0454 0.9982
vn -0.0118 -0.0296 0.9995
vn -0.0193 -0.0577 0.9981
vn 0.0261 -0.0276 0.9993
vn 0.0627 0.0045 0.9980
vn 0.0364 -0.0130 0.9993
vn -0.0317 -0.0615 0.9976
vn -0.0665 -0.0729 0.9951
vn -0.0283 -0.0137 0.9995
vn 0.0401 0.0716 0.9966
vn 0.0592 0.1040 0.9928
vn 0.0063 0.0599 0.9982
vn -0.0611 -0.0080 0.9981
vn -0.0702 -0.0302 0.9971
vn -0.0172 -0.0007 0.9999
vn 0.0269 -0.0363 0.9990
vn 0.0658 0.0076 0.9978
vn 0.0498 0.0101 0.9987
vn -0.0246 -0.0362 0.9990
vn -0.0880 -0.0705 0.9936
vn -0.0769 -0.0376 0.9963
vn -0.0053 0.0453 0.9990
vn 0.0484 0.1009 0.9937
vn 0.0316 0.0798 0.9963
vn -0.0259 0.0110 0.9996
vn -0.0493 -0.0318 0.9983
vn -0.0091 -0.0167 0.9998
vn 0.0458 0.0138 0.9989
vn 0.0481 -0.0001 0.9988
vn -0.0048 -0.0581 0.9983
vn -0.0462 -0.0953 0.9944
vn -0.0207 -0.0597 0.9980
vn 0.0494 0.0262 0.9984
vn 0.0843 0.0834 0.9929
vn 0.0407 0.0663 0.9970
vn -0.0416 0.0080 0.9991
vn -0.0820 -0.0194 0.9964
vn -0.0521 0.0086 0.9986
vn -0.0019 0.0438 0.9990
vn 0.0564 0.0057 0.9984
vn 0.0710 0.0124 0.9974
vn 0.0174 -0.0355 0.9992
vn -0.0517 -0.0882 0.9948
vn -0.0620 -0.0785 0.9950
vn -0.0042 -0.0008 1.0000
vn 0.0545 0.0768 0.9956
vn 0.0468 0.0870 0.9951
vn -0.0176 0.0360 0.9992
vn -0.0657 -0.0093 0.9978
vn -0.0472 -0.0013 0.9989
vn 0.0086 0.0336 0.9994
vn 0.0307 0.0310 0.9990
vn -0.0058 -0.0282 0.9996
vn -0.0481 -0.0893 0.9948
vn -0.0302 -0.0855 0.9959
vn 0.0463 -0.0153 0.9988
vn 0.1066 0.0521 0.9929
vn 0.0877 0.0546 0.9946
vn 0.0067 0.0049 1.0000
vn -0.0584 -0.0283 0.9979
vn -0.0566 -0.0031 0.9984
vn -0.0183 0.0466 0.9987
vn -0.0107 0.0537 0.9985
vn 0.0580 0.0344 0.9977
vn 0.0301 -0.0110 0.9995
vn -0.0324 -0.0819 0.9961
vn -0.0529 -0.1037 0.9932
vn -0.0015 -0.0478 0.9989
vn 0.0690 0.0355 0.9970
vn 0.0808 0.0693 0.9943
vn 0.0205 0.0370 0.9991
vn -0.0488 -0.0064 0.9988
vn -0.0599 -0.0017 0.9982
vn -0.0190 0.0418 0.9989
vn 0.0081 0.0601 0.9982
vn -0.0207 0.0144 0.9997
vn -0.0689 -0.0577 0.9960
vn -0.0645 -0.0822 0.9945
vn 0.0124 -0.0345 0.9993
vn 0.0993 0.0322 0.9945
vn 0.1170 0.0462 0.9921
vn 0.0571 0.0001 0.9984
vn -0.0148 -0.0453 0.9989
vn -0.0327 -0.0325 0.9989
vn -0.0059 0.0234 0.9997
vn 0.0016 0.0546 0.9985
vn -0.0446 0.0234 0.9987
vn 0.0185 0.0302 0.9994
vn -0.0375 -0.0477 0.9982
vn -0.0668 -0.0986 0.9929
vn -0.0216 -0.0730 0.9971
vn 0.0642 0.0011 0.9979
vn 0.1067 0.0464 0.9932
vn 0.0685 0.0262 0.9973
vn -0.0054 -0.0189 0.9998
vn -0.0398 -0.0227 0.9989
vn -0.0175 0.0249 0.9995
vn 0.0066 0.0660 0.9978
vn -0.0216 0.0452 0.9987
vn -0.0835 -0.0216 0.9963
vn -0.1048 -0.0626 0.9925
vn -0.0443 -0.0339 0.9984
vn 0.0561 0.0306 0.9980
vn 0.1093 0.0552 0.9925
vn 0.0810 0.0127 0.9966
vn 0.0186 -0.0482 0.9987
vn -0.0057 -0.0587 0.9983
vn 0.0191 -0.0117 0.9997
vn 0.0351 0.0330 0.9988
vn -0.0072 0.0218 0.9997
vn -0.0821 -0.0272 0.9963
vn -0.0485 -0.0028 0.9988
vn -0.0945 -0.0700 0.9931
vn -0.0660 -0.0713 0.9953
vn 0.0256 -0.0120 0.9996
vn 0.0996 0.0379 0.9943
vn 0.0956 0.0252 0.9951
vn 0.0359 -0.0265 0.9990
vn -0.0063 -0.0484 0.9988
vn 0.0055 -0.0096 0.9999
vn 0.0306 0.0452 0.9985
vn 0.0065 0.0500 0.9987
vn -0.0676 -0.0022 0.9977
vn -0.1214 -0.0489 0.9914
vn -0.0940 -0.0322 0.9950
vn -0.0020 0.0337 0.9994
vn 0.0721 0.0752 0.9946
vn 0.0716 0.0453 0.9964
vn 0.0232 -0.0247 0.9994
vn -0.0010 -0.0613 0.9981
vn 0.0280 -0.0347 0.9990
vn 0.0626 0.0097 0.9980
vn 0.0404 0.0096 0.9991
vn -0.0357 -0.0366 0.9987
vn -0.0933 -0.0658 0.9935
vn -0.1082 -0.0401 0.9933
vn -0.1111 -0.0584 0.9921
vn -0.0334 -0.0104 0.9994
vn 0.0583 0.0457 0.9973
vn 0.0867 0.0439 0.9953
vn 0.0497 -0.0119 0.9987
vn 0.0115 -0.0559 0.9984
vn 0.0228 -0.0387 0.9990
vn 0.0586 0.0146 0.9982
vn 0.0517 0.0357 0.9980
vn -0.0206 -0.0029 0.9998
vn -0.1001 -0.0529 0.9936
vn -0.1108 -0.0470 0.9927
vn -0.0436 0.0208 0.9988
vn 0.0333 0.0846 0.9959
vn 0.0487 0.0799 0.9956
vn 0.0079 0.0160 0.9998
vn -0.0215 -0.0379 0.9991
vn 0.0066 -0.0329 0.9994
vn 0.0597 0.0041 0.9982
vn 0.0676 0.0086 0.9977
vn 0.0091 -0.0396 0.9992
vn -0.0579 -0.0868 0.9945
vn -0.0619 -0.0692 0.9957
vn -0.1276 -0.0552 0.9903
vn -0.0813 -0.0143 0.9966
vn 0.0069 0.0526 0.9986
vn 0.0544 0.0712 0.9960
vn 0.0353 0.0232 0.9991
vn 0.0011 -0.0363 0.9993
vn 0.0127 -0.0438 0.9990
vn 0.0628 -0.0029 0.9980
vn 0.0840 0.0237 0.9962
vn 0.0328 -0.0076 0.9994
vn -0.0538 -0.0652 0.9964
vn -0.0936 -0.0768 0.9926
vn -0.0534 -0.0157 0.9984
vn 0.0171 0.0666 0.9976
vn 0.0400 0.0935 0.9948
vn -0.0005 0.0501 0.9987
vn -0.0448 -0.0063 0.9990
vn -0.0319 -0.0148 0.9994
vn 0.0264 0.0174 0.9995
vn 0.0602 0.0279 0.9978
vn 0.0270 -0.0197 0.9994
vn -0.0353 -0.0866 0.9956
vn -0.0510 -0.0996 0.9937
vn 0.0037 -0.0368 0.9993
vn -0.0955 -0.0380 0.9947
vn -0.0248 0.0385 0.9989
vn 0.0273 0.0842 0.9961
vn 0.0159 0.0582 0.9982
vn -0.0228 -0.0017 0.9997
vn -0.0212 -0.0265 0.9994
vn 0.0338 0.0016 0.9994
vn 0.0820 0.0300 0.9962
vn 0.0624 0.0037 0.9980
vn -0.0126 -0.0644 0.9978
vn -0.0657 -0.1020 0.9926
vn -0.0441 -0.0622 0.9971
vn 0.0228 0.0242 0.9994
vn 0.0556 0.0774 0.9955
vn 0.0183 0.0597 0.9980
vn -0.0435 0.0111 0.9990
vn -0.0578 -0.0020 0.9983
vn -0.0127 0.0316 0.9994
vn 0.0319 0.0561 0.9979
vn 0.0181 0.0199 0.9996
vn -0.0379 -0.0574 0.9976
vn -0.0619 -0.1011 0.9929
vn -0.0119 -0.0673 0.9977
vn 0.0717 0.0094 0.9974
vn -0.0275 -0.0004 0.9996
vn 0.0250 0.0684 0.9973
vn 0.0175 0.0712 0.9973
vn -0.0317 0.0240 0.9992
vn -0.0523 -0.0062 0.9986
vn -0.0100 0.0156 0.9998
vn 0.0507 0.0506 0.9974
vn 0.0586 0.0354 0.9977
vn 0.0021 -0.0371 0.9993
vn -0.0539 -0.1018 0.9933
vn -0.0429 -0.0940 0.9946
vn 0.0267 -0.0211 0.9994
vn 0.0789 0.0445 0.9959
vn 0.0581 0.0470 0.9972
vn -0.0102 0.0068 0.9999
vn -0.0508 -0.0096 0.9987
vn -0.0290 0.0265 0.9992
vn 0.0117 0.0702 0.9975
vn 0.0058 0.0581 0.9983
vn -0.0506 -0.0132 0.9986
vn -0.0902 -0.0764 0.9930
vn -0.0540 -0.0704 0.9961
vn 0.0392 -0.0074 0.9992
vn 0.1063 0.0400 0.9935
vn 0.0402 0.0305 0.9987
vn 0.0441 0.0572 0.9974
vn -0.0094 0.0266 0.9996
vn -0.0548 -0.0028 0.9985
vn -0.0383 0.0176 0.9991
vn 0.0170 0.0649 0.9977
vn 0.0391 0.0715 0.9967
vn -0.0043 0.0092 0.9999
vn -0.0644 -0.0721 0.9953
vn -0.0657 -0.0963 0.9932
vn 0.0048 -0.0469 0.9989
vn 0.0814 0.0182 0.9965
vn 0.0911 0.0315 0.9953
vn 0.0355 -0.0059 0.9994
vn -0.0177 -0.0320 0.9993
vn -0.0154 -0.0015 0.9999
vn 0.0179 0.0566 0.9982
vn 0.0153 0.0729 0.9972
vn -0.0461 0.0216 0.9987
vn -0.1097 -0.0460 0.9929
vn -0.1025 -0.0587 0.9930
vn -0.0184 -0.0071 0.9998
vn 0.0706 0.0464 0.9964
vn 0.0913 0.0396 0.9950
vn 0.0743 0.0322 0.9967
vn 0.0327 0.0126 0.9994
vn -0.0257 -0.0187 0.9995
vn -0.0344 -0.0031 0.9994
vn 0.0065 0.0546 0.9985
vn 0.0320 0.0886 0.9956
vn -0.0063 0.0510 0.9987
vn -0.0775 -0.0298 0.9965
vn -0.1019 -0.0757 0.9919
vn -0.0439 -0.0485 0.9979
vn 0.0485 0.0116 0.9988
vn 0.0920 0.0321 0.9952
vn 0.0628 -0.0055 0.9980
vn 0.0140 -0.0478 0.9988
vn 0.0087 -0.0356 0.9993
vn 0.0419 0.0229 0.9989
vn 0.0492 0.0607 0.9969
vn -0.0101 0.0325 0.9994
vn -0.0962 -0.0303 0.9949
vn -0.1268 -0.0538 0.9905
vn -0.0711 -0.0091 0.9974
vn 0.0192 0.0557 0.9983
vn 0.0620 0.0677 0.9958
vn 0.0383 0.0153 0.9991
vn 0.0649 0.0033 0.9979
vn 0.0118 -0.0365 0.9993
vn -0.0099 -0.0360 0.9993
vn 0.0207 0.0204 0.9996
vn 0.0499 0.0761 0.9959
vn 0.0173 0.0681 0.9975
vn -0.0664 0.0011 0.9978
vn -0.1227 -0.0537 0.9910
vn -0.0947 -0.0415 0.9946
vn -0.0066 0.0170 0.9998
vn 0.0597 0.0492 0.9970
vn 0.0569 0.0174 0.9982
vn 0.0199 -0.0392 0.9990
vn 0.0153 -0.0524 0.9985
vn 0.0564 -0.0079 0.9984
vn 0.0849 0.0378 0.9957
vn 0.0441 0.0264 0.9987
vn -0.0492 -0.0319 0.9983
vn -0.1128 -0.0661 0.9914
vn -0.0926 -0.0297 0.9953
vn -0.0173 0.0465 0.9988
vn 0.0328 0.0855 0.9958
vn 0.0183 0.0527 0.9984
vn -0.0197 -0.0087 0.9998
vn 0.0289 -0.0352 0.9990
vn 0.0070 -0.0579 0.9983
vn 0.0369 -0.0177 0.9992
vn 0.0785 0.0452 0.9959
vn 0.0630 0.0604 0.9962
vn -0.0217 0.0102 0.9997
vn -0.1072 -0.0476 0.9931
vn -0.1179 -0.0460 0.9920
vn -0.0528 0.0137 0.9985
vn 0.0179 0.0646 0.9977
vn 0.0307 0.0509 0.9982
vn 0.0006 -0.0078 1.0000
vn -0.0066 -0.0423 0.9991
vn 0.0402 -0.0175 0.9990
vn 0.0940 0.0263 0.9952
vn 0.0855 0.0239 0.9961
vn 0.0065 -0.0341 0.9994
vn -0.0733 -0.0851 0.9937
vn -0.0821 -0.0668 0.9944
vn -0.0247 0.0112 0.9996
vn 0.0265 0.0755 0.9968
vn 0.0157 0.0711 0.9973
vn -0.0328 0.0202 0.9993
vn -0.0484 -0.0090 0.9988
vn -0.0030 -0.0530 0.9986
vn 0.0291 -0.0372 0.9989
vn 0.0892 0.0192 0.9958
vn 0.1037 0.0464 0.9935
vn 0.0379 0.0080 0.9992
vn -0.0599 -0.0549 0.9967
vn -0.1039 -0.0682 0.9922
vn -0.0677 -0.0121 0.9976
vn -0.0050 0.0576 0.9983
vn 0.0125 0.0714 0.9974
vn -0.0199 0.0259 0.9995
vn -0.0407 -0.0172 0.9990
vn -0.0020 -0.0072 1.0000
vn 0.0674 0.0340 0.9971
vn 0.0923 0.0398 0.9949
vn 0.0405 -0.0176 0.9990
vn -0.0377 -0.0888 0.9953
vn -0.0625 -0.0997 0.9931
vn -0.0161 -0.0364 0.9992
vn 0.0407 0.0406 0.9983
vn 0.0396 0.0618 0.9973
vn -0.0157 0.0272 0.9995
vn -0.0569 -0.0019 0.9984
vn -0.0349 0.0197 0.9992
vn -0.0075 -0.0319 0.9995
vn 0.0649 0.0132 0.9978
vn 0.1128 0.0460 0.9926
vn 0.0805 0.0152 0.9966
vn -0.0082 -0.0565 0.9984
vn -0.0700 -0.0931 0.9932
vn -0.0560 -0.0536 0.9970
vn -0.0010 0.0241 0.9997
vn 0.0205 0.0641 0.9977
vn -0.0158 0.0401 0.9991
vn -0.0576 0.0001 0.9983
vn -0.0427 0.0038 0.9991
vn 0.0233 0.0479 0.9986
vn 0.0694 0.0689 0.9952
vn -0.0263 -0.0637 0.9976
vn -0.0597 -0.1070 0.9925
vn -0.0190 -0.0713 0.9973
vn 0.0508 0.0018 0.9987
vn 0.0720 0.0376 0.9967
vn 0.0252 0.0151 0.9996
vn -0.0323 -0.0152 0.9994
vn -0.0364 0.0029 0.9993
vn 0.0064 0.0590 0.9982
vn 0.0159 0.0214 0.9996
vn 0.0861 0.0619 0.9944
vn 0.0880 0.0426 0.9952
vn 0.0201 -0.0346 0.9992
vn -0.0451 -0.0982 0.9941
vn -0.0431 -0.0879 0.9952
vn 0.0117 -0.0192 0.9997
vn 0.0461 0.0354 0.9983
vn 0.0163 0.0304 0.9994
vn -0.0410 -0.0038 0.9992
vn -0.0550 -0.0034 0.9985
vn -0.0077 0.0464 0.9989
vn 0.0432 0.0895 0.9950
vn 0.0326 0.0656 0.9973
vn -0.0329 -0.0173 0.9993
vn -0.0785 -0.0846 0.9933
vn -0.0482 -0.0787 0.9957
vn 0.0325 -0.0196 0.9993
vn 0.0835 0.0209 0.9963
vn 0.0618 0.0037 0.9981
vn 0.0061 -0.0344 0.9994
vn -0.0135 -0.0294 0.9995
vn 0.0181 0.0285 0.9994
vn 0.0439 0.0793 0.9959
vn 0.0455 0.0776 0.9959
vn 0.0702 0.0798 0.9943
vn 0.0213 0.0102 0.9997
vn -0.0444 -0.0731 0.9963
vn -0.0517 -0.0953 0.9941
vn 0.0057 -0.0481 0.9988
vn 0.0614 0.0075 0.9981
vn 0.0538 0.0125 0.9985
vn -0.0021 -0.0209 0.9998
vn -0.0362 -0.0295 0.9989
vn -0.0094 0.0195 0.9998
vn 0.0380 0.0832 0.9958
vn 0.0353 0.0909 0.9952
vn -0.0317 0.0267 0.9991
vn -0.0981 -0.0489 0.9940
vn -0.0919 -0.0650 0.9936
vn -0.0151 -0.0195 0.9997
vn 0.0594 0.0238 0.9980
vn 0.0685 0.0111 0.9976
vn 0.0284 -0.0375 0.9989
vn 0.0068 -0.0549 0.9985
vn 0.0366 -0.0105 0.9993
vn 0.0735 0.0508 0.9960
vn 0.0509 0.0599 0.9969
vn 0.0544 0.1035 0.9931
vn 0.0162 0.0573 0.9982
vn -0.0556 -0.0291 0.9980
vn -0.0804 -0.0757 0.9939
vn -0.0294 -0.0514 0.9982
vn 0.0447 -0.0015 0.9990
vn 0.0674 0.0077 0.9977
vn 0.0295 -0.0300 0.9991
vn -0.0087 -0.0561 0.9984
vn 0.0067 -0.0213 0.9997
vn 0.0545 0.0507 0.9972
vn 0.0629 0.0865 0.9943
vn -0.0021 0.0482 0.9988
vn -0.0910 -0.0232 0.9956
vn -0.1205 -0.0514 0.9914
vn -0.0671 -0.0140 0.9976
vn 0.0126 0.0371 0.9992
vn 0.0441 0.0367 0.9984
vn 0.0206 -0.0152 0.9997
vn 0.0018 -0.0552 0.9985
vn 0.0295 -0.0409 0.9987
vn 0.0812 -0.0033 0.9967
vn 0.0927 -0.0035 0.9957
vn 0.0305 -0.0587 0.9978
vn 0.0305 0.0832 0.9961
vn -0.0516 0.0097 0.9986
vn -0.1041 -0.0479 0.9934
vn -0.0762 -0.0395 0.9963
vn -0.0000 0.0070 1.0000
vn 0.0470 0.0234 0.9986
vn 0.0319 -0.0157 0.9994
vn -0.0001 -0.0615 0.9981
vn 0.0131 -0.0521 0.9986
vn 0.0691 0.0119 0.9975
vn 0.0993 0.0632 0.9931
vn 0.0512 0.0470 0.9976
vn -0.0482 -0.0170 0.9987
vn -0.1126 -0.0541 0.9922
vn -0.0936 -0.0231 0.9953
vn -0.0266 0.0393 0.9989
vn 0.0124 0.0611 0.9981
vn -0.0038 0.0203 0.9998
vn -0.0269 -0.0321 0.9991
vn -0.0116 -0.0526 0.9985
vn 0.0438 -0.0523 0.9977
vn 0.0808 -0.0743 0.9940
vn 0.0566 -0.1459 0.9877
vn -0.0021 -0.2279 0.9737
vn -0.0154 0.0265 0.9995
vn -0.0968 -0.0329 0.9948
vn -0.1042 -0.0341 0.9940
vn -0.0452 0.0143 0.9989
vn 0.0095 0.0458 0.9989
vn 0.0093 0.0170 0.9998
vn -0.0184 -0.0400 0.9990
vn -0.0083 -0.0565 0.9984
vn 0.0564 -0.0108 0.9984
vn 0.1153 0.0437 0.9924
vn 0.0999 0.0413 0.9941
vn 0.0117 -0.0189 0.9998
vn -0.0729 -0.0693 0.9949
vn -0.0851 -0.0517 0.9950
vn -0.0370 0.0165 0.9992
vn 0.0005 0.0631 0.9980
vn -0.0164 0.0451 0.9988
vn -0.0528 -0.0038 0.9986
vn -0.0574 -0.0364 0.9977
vn -0.0270 -0.0513 0.9983
vn 0.0127 -0.0829 0.9965
vn 0.0089 -0.1721 0.9850
vn -0.0261 -0.2914 0.9563
vn -0.0243 -0.3582 0.9333
vn -0.0544 -0.0355 0.9979
vn -0.0958 -0.0473 0.9943
vn -0.0636 0.0017 0.9980
vn -0.0152 0.0525 0.9985
vn -0.0121 0.0460 0.9989
vn -0.0450 -0.0069 0.9990
vn -0.0488 -0.0395 0.9980
vn 0.0125 -0.0113 0.9999
vn 0.0942 0.0420 0.9947
vn 0.1169 0.0498 0.9919
vn 0.0567 -0.0084 0.9984
vn -0.0283 -0.0770 0.9966
vn -0.0588 -0.0841 0.9947
vn -0.0239 -0.0245 0.9994
vn 0.0148 0.0382 0.9992
vn -0.0001 0.0444 0.9990
vn -0.0513 0.0068 0.9987
vn -0.0741 -0.0168 0.9971
vn -0.0735 -0.0197 0.9971
vn -0.0595 -0.0374 0.9975
vn -0.0763 -0.1200 0.9898
vn -0.1246 -0.2684 0.9552
vn -0.1267 -0.3975 0.9088
vn -0.0252 -0.4368 0.8992
vn -0.0605 -0.0707 0.9957
vn -0.0511 -0.0315 0.9982
vn -0.0113 0.0322 0.9994
vn -0.0085 0.0514 0.9986
vn -0.0514 0.0144 0.9986
vn -0.0798 -0.0221 0.9966
vn -0.0400 -0.0041 0.9992
vn 0.0462 0.0516 0.9976
vn 0.0981 0.0743 0.9924
vn 0.0688 0.0246 0.9973
vn -0.0054 -0.0590 0.9982
vn -0.0432 -0.0970 0.9943
vn -0.0133 -0.0606 0.9981
vn 0.0356 0.0026 0.9994
vn 0.0351 0.0244 0.9991
vn -0.0188 -0.0033 0.9998
vn -0.0616 -0.0236 0.9978
vn -0.0603 -0.0034 0.9982
vn -0.0757 0.0162 0.9970
vn -0.1198 -0.0225 0.9925
vn -0.2127 -0.1508 0.9654
vn -0.2821 -0.3129 0.9070
vn -0.2381 -0.4366 0.8676
vn -0.0264 -0.4750 0.8796
vn -0.0291 -0.0663 0.9974
vn 0.0096 -0.0046 0.9999
vn 0.0202 0.0324 0.9993
vn -0.0255 0.0124 0.9996
vn -0.0781 -0.0223 0.9967
vn -0.0703 -0.0100 0.9975
vn 0.0010 0.0516 0.9987
vn 0.0650 0.0969 0.9932
vn 0.0578 0.0687 0.9960
vn -0.0069 -0.0160 0.9998
vn -0.0519 -0.0798 0.9955
vn -0.0272 -0.0720 0.9970
vn 0.0350 -0.0202 0.9992
vn 0.0603 0.0065 0.9982
vn 0.0218 -0.0181 0.9996
vn -0.0303 -0.0481 0.9984
vn -0.0300 -0.0244 0.9993
vn -0.0180 0.0339 0.9993
vn -0.0775 0.0508 0.9957
vn -0.2016 -0.0162 0.9793
vn -0.3444 -0.1408 0.9282
vn -0.4188 -0.2539 0.8718
vn -0.3829 -0.3599 0.8508
vn -0.1195 -0.4694 0.8749
vn 0.0635 0.0564 -0.9964
vn -0.0048 0.0223 -0.9997
vn -0.0952 -0.0390 -0.9947
vn -0.1248 -0.0539 -0.9907
vn -0.0697 -0.0018 -0.9976
vn 0.0130 0.0625 -0.9980
vn 0.0459 0.0692 -0.9965
vn 0.0193 0.0147 -0.9997
vn -0.0070 -0.0379 -0.9993
vn 0.0187 -0.0340 -0.9992
vn 0.0730 0.0083 -0.9973
vn 0.0851 0.0232 -0.9961
vn 0.0238 -0.0204 -0.9995
vn -0.0601 -0.0774 -0.9952
vn -0.0864 -0.0768 -0.9933
vn -0.0370 -0.0062 -0.9993
vn 0.0272 0.0720 -0.9970
vn 0.0348 0.0873 -0.9956
vn -0.0137 0.0394 -0.9991
vn -0.0513 -0.0078 -0.9987
vn -0.0267 -0.0034 -0.9996
vn 0.0331 0.0306 -0.9990
vn 0.0560 0.0300 -0.9980
vn 0.0130 -0.0291 -0.9995
vn 0.0516 0.0174 -0.9985
vn -0.0439 -0.0445 -0.9980
vn -0.1044 -0.0735 -0.9918
vn -0.0821 -0.0298 -0.9962
vn -0.0126 0.0480 -0.9988
vn 0.0254 0.0833 -0.9962
vn 0.0022 0.0490 -0.9988
vn -0.0339 -0.0064 -0.9994
vn -0.0196 -0.0183 -0.9996
vn 0.0421 0.0158 -0.9990
vn 0.0832 0.0358 -0.9959
vn 0.0520 -0.0043 -0.9986
vn -0.0239 -0.0763 -0.9968
vn -0.0641 -0.1045 -0.9925
vn -0.0291 -0.0540 -0.9981
vn 0.0372 0.0310 -0.9988
vn 0.0569 0.0723 -0.9958
vn 0.0089 0.0464 -0.9989
vn -0.0496 0.0036 -0.9988
vn -0.0525 0.0045 -0.9986
vn -0.0033 0.0446 -0.9990
vn 0.0313 0.0617 -0.9976
vn 0.0042 0.0137 -0.9999
vn -0.0528 -0.0655 -0.9965
vn 0.0077 -0.0432 -0.9990
vn -0.0664 -0.0936 -0.9934
vn -0.0682 -0.0706 -0.9952
vn -0.0112 0.0085 -0.9999
vn 0.0303 0.0684 -0.9972
vn 0.0090 0.0606 -0.9981
vn -0.0421 0.0146 -0.9990
vn -0.0523 -0.0028 -0.9986
vn -0.0016 0.0293 -0.9996
vn 0.0539 0.0604 -0.9967
vn 0.0486 0.0325 -0.9983
vn -0.0137 -0.0471 -0.9988
vn -0.0598 -0.1050 -0.9927
vn -0.0334 -0.0858 -0.9958
vn 0.0411 -0.0111 -0.9991
vn 0.0837 0.0432 -0.9956
vn 0.0515 0.0339 -0.9981
vn -0.0162 -0.0053 -0.9999
vn -0.0453 -0.0091 -0.9989
vn -0.0160 0.0368 -0.9992
vn 0.0175 0.0766 -0.9969
vn -0.0034 0.0531 -0.9986
vn -0.0666 -0.0226 -0.9975
vn -0.0975 -0.0766 -0.9923
vn -0.0397 -0.0923 -0.9949
vn -0.0544 -0.1006 -0.9934
vn -0.0026 -0.0374 -0.9993
vn 0.0501 0.0332 -0.9982
vn 0.0407 0.0472 -0.9981
vn -0.0179 0.0131 -0.9998
vn -0.0547 -0.0057 -0.9985
vn -0.0279 0.0275 -0.9992
vn 0.0250 0.0755 -0.9968
vn 0.0333 0.0715 -0.9969
vn -0.0209 0.0003 -0.9998
vn -0.0762 -0.0767 -0.9941
vn -0.0629 -0.0885 -0.9941
vn 0.0162 -0.0334 -0.9993
vn 0.0866 0.0229 -0.9960
vn 0.0848 0.0223 -0.9961
vn 0.0272 -0.0192 -0.9994
vn -0.0146 -0.0357 -0.9993
vn -0.0010 0.0057 -1.0000
vn 0.0300 0.0630 -0.9976
vn 0.0132 0.0684 -0.9976
vn -0.0590 0.0097 -0.9982
vn -0.1185 -0.0512 -0.9916
vn -0.0988 -0.0498 -0.9939
vn -0.0622 -0.1019 -0.9928
vn -0.0132 -0.0655 -0.9978
vn 0.0570 0.0008 -0.9984
vn 0.0731 0.0260 -0.9970
vn 0.0246 -0.0017 -0.9997
vn -0.0269 -0.0266 -0.9993
vn -0.0232 0.0020 -0.9997
vn 0.0200 0.0640 -0.9977
vn 0.0333 0.0895 -0.9954
vn -0.0190 0.0416 -0.9990
vn -0.0912 -0.0378 -0.9951
vn -0.1036 -0.0709 -0.9921
vn -0.0353 -0.0338 -0.9988
vn 0.0537 0.0219 -0.9983
vn 0.0852 0.0287 -0.9959
vn 0.0506 -0.0168 -0.9986
vn 0.0111 -0.0531 -0.9985
vn 0.0202 -0.0297 -0.9994
vn 0.0567 0.0306 -0.9979
vn 0.0531 0.0579 -0.9969
vn -0.0186 0.0191 -0.9996
vn -0.1043 -0.0412 -0.9937
vn -0.1235 -0.0509 -0.9910
vn -0.0598 0.0042 -0.9982
vn -0.0507 -0.0667 -0.9965
vn 0.0314 -0.0114 -0.9994
vn 0.0783 0.0182 -0.9968
vn 0.0550 -0.0082 -0.9985
vn 0.0063 -0.0463 -0.9989
vn -0.0013 -0.0341 -0.9994
vn 0.0369 0.0290 -0.9989
vn 0.0581 0.0780 -0.9953
vn 0.0108 0.0582 -0.9982
vn -0.0784 -0.0112 -0.9969
vn -0.1258 -0.0546 -0.9906
vn -0.0866 -0.0292 -0.9958
vn 0.0007 0.0301 -0.9995
vn 0.0544 0.0508 -0.9972
vn 0.0421 0.0090 -0.9991
vn 0.0102 -0.0446 -0.9990
vn 0.0205 -0.0466 -0.9987
vn 0.0695 0.0026 -0.9976
vn 0.0913 0.0394 -0.9950
vn 0.0383 0.0147 -0.9992
vn -0.0574 -0.0463 -0.9973
vn -0.1102 -0.0694 -0.9915
vn -0.0791 -0.0206 -0.9967
vn -0.0064 0.0559 -0.9984
vn -0.0193 -0.0061 -0.9998
vn 0.0490 0.0295 -0.9984
vn 0.0532 0.0072 -0.9986
vn 0.0176 -0.0443 -0.9989
vn 0.0093 -0.0571 -0.9983
vn 0.0510 -0.0084 -0.9987
vn 0.0899 0.0501 -0.9947
vn 0.0615 0.0523 -0.9967
vn -0.0314 -0.0050 -0.9995
vn -0.1105 -0.0549 -0.9924
vn -0.1090 -0.0391 -0.9933
vn -0.0412 0.0261 -0.9988
vn 0.0178 0.0686 -0.9975
vn 0.0173 0.0441 -0.9989
vn -0.0133 -0.0143 -0.9998
vn -0.0079 -0.0374 -0.9993
vn 0.0495 -0.0043 -0.9988
vn 0.1001 0.0338 -0.9944
vn 0.0800 0.0172 -0.9966
vn -0.0042 -0.0484 -0.9988
vn -0.0744 -0.0922 -0.9930
vn -0.0691 -0.0614 -0.9957
vn -0.0089 0.0200 -0.9998
vn 0.0303 0.0749 -0.9967
vn 0.0048 0.0454 -0.9990
vn 0.0263 0.0375 -0.9990
vn 0.0010 -0.0174 -0.9998
vn -0.0080 -0.0530 -0.9986
vn 0.0380 -0.0266 -0.9989
vn 0.1000 0.0288 -0.9946
vn 0.1041 0.0433 -0.9936
vn 0.0287 -0.0064 -0.9996
vn -0.0650 -0.0665 -0.9957
vn -0.0957 -0.0666 -0.9932
vn -0.0523 -0.0021 -0.9986
vn 0.0021 0.0622 -0.9981
vn 0.0046 0.0647 -0.9979
vn -0.0334 0.0166 -0.9993
vn -0.0455 -0.0159 -0.9988
vn 0.0046 0.0059 -1.0000
vn 0.0735 0.0462 -0.9962
vn 0.0868 0.0394 -0.9954
vn 0.0265 -0.0287 -0.9992
vn -0.0452 -0.0969 -0.9943
vn -0.0545 -0.0960 -0.9939
vn 0.0002 -0.0269 -0.9996
vn 0.0497 0.0423 -0.9979
vn 0.0351 0.0512 -0.9981
vn 0.0015 0.0605 -0.9982
vn -0.0231 0.0173 -0.9996
vn -0.0426 -0.0292 -0.9987
vn -0.0036 -0.0217 -0.9998
vn 0.0739 0.0269 -0.9969
vn 0.1133 0.0493 -0.9923
vn 0.0700 0.0051 -0.9975
vn -0.0180 -0.0688 -0.9975
vn -0.0661 -0.0947 -0.9933
vn -0.0403 -0.0453 -0.9982
vn 0.0118 0.0295 -0.9995
vn 0.0193 0.0577 -0.9981
vn -0.0261 0.0276 -0.9993
vn -0.0627 -0.0045 -0.9980
vn -0.0363 0.0131 -0.9993
vn 0.0317 0.0614 -0.9976
vn 0.0665 0.0730 -0.9951
vn 0.0283 0.0137 -0.9995
vn -0.0401 -0.0717 -0.9966
vn -0.0592 -0.1040 -0.9928
vn -0.0062 -0.0599 -0.9982
vn 0.0611 0.0080 -0.9981
vn 0.0702 0.0302 -0.9971
vn 0.0172 0.0007 -0.9999
vn -0.0269 0.0363 -0.9990
vn -0.0658 -0.0077 -0.9978
vn -0.0498 -0.0101 -0.9987
vn 0.0246 0.0362 -0.9990
vn 0.0880 0.0704 -0.9936
vn 0.0770 0.0377 -0.9963
vn 0.0053 -0.0453 -0.9990
vn -0.0485 -0.1010 -0.9937
vn -0.0316 -0.0797 -0.9963
vn 0.0258 -0.0110 -0.9996
vn 0.0493 0.0318 -0.9983
vn 0.0091 0.0167 -0.9998
vn -0.0458 -0.0138 -0.9989
vn -0.0481 0.0001 -0.9988
vn 0.0047 0.0581 -0.9983
vn 0.0462 0.0953 -0.9944
vn 0.0207 0.0598 -0.9980
vn -0.0494 -0.0262 -0.9984
vn -0.0843 -0.0834 -0.9929
vn -0.0406 -0.0662 -0.9970
vn 0.0416 -0.0081 -0.9991
vn 0.0820 0.0194 -0.9964
vn 0.0521 -0.0086 -0.9986
vn 0.0019 -0.0438 -0.9990
vn -0.0564 -0.0057 -0.9984
vn -0.0710 -0.0123 -0.9974
vn -0.0173 0.0355 -0.9992
vn 0.0517 0.0881 -0.9948
vn 0.0621 0.0785 -0.9950
vn 0.0042 0.0009 -1.0000
vn -0.0546 -0.0769 -0.9955
vn -0.0468 -0.0870 -0.9951
vn 0.0176 -0.0361 -0.9992
vn 0.0657 0.0093 -0.9978
vn 0.0472 0.0013 -0.9989
vn -0.0086 -0.0336 -0.9994
vn -0.0306 -0.0310 -0.9990
vn 0.0058 0.0282 -0.9996
vn 0.0481 0.0892 -0.9948
vn 0.0302 0.0855 -0.9959
vn -0.0463 0.0153 -0.9988
vn -0.1066 -0.0521 -0.9929
vn -0.0877 -0.0545 -0.9947
vn -0.0067 -0.0049 -1.0000
vn 0.0583 0.0283 -0.9979
vn 0.0566 0.0031 -0.9984
vn 0.0183 -0.0466 -0.9987
vn 0.0107 -0.0537 -0.9985
vn -0.0580 -0.0343 -0.9977
vn -0.0300 0.0111 -0.9995
vn 0.0323 0.0818 -0.9961
vn 0.0529 0.1037 -0.9932
vn 0.0016 0.0479 -0.9989
vn -0.0691 -0.0356 -0.9970
vn -0.0808 -0.0693 -0.9943
vn -0.0205 -0.0370 -0.9991
vn 0.0487 0.0064 -0.9988
vn 0.0599 0.0018 -0.9982
vn 0.0190 -0.0418 -0.9989
vn -0.0081 -0.0601 -0.9982
vn 0.0207 -0.0143 -0.9997
vn 0.0689 0.0577 -0.9960
vn 0.0646 0.0822 -0.9945
vn -0.0124 0.0346 -0.9993
vn -0.0993 -0.0323 -0.9945
vn -0.1170 -0.0462 -0.9921
vn -0.0571 -0.0001 -0.9984
vn 0.0147 0.0452 -0.9989
vn 0.0328 0.0325 -0.9989
vn 0.0058 -0.0234 -0.9997
vn -0.0016 -0.0546 -0.9985
vn 0.0446 -0.0234 -0.9987
vn -0.0185 -0.0301 -0.9994
vn 0.0375 0.0477 -0.9982
vn 0.0668 0.0986 -0.9929
vn 0.0216 0.0730 -0.9971
vn -0.0643 -0.0011 -0.9979
vn -0.1067 -0.0464 -0.9932
vn -0.0685 -0.0262 -0.9973
vn 0.0054 0.0189 -0.9998
vn 0.0398 0.0228 -0.9989
vn 0.0175 -0.0249 -0.9995
vn -0.0066 -0.0660 -0.9978
vn 0.0216 -0.0452 -0.9987
vn 0.0834 0.0216 -0.9963
vn 0.1048 0.0626 -0.9925
vn 0.0444 0.0339 -0.9984
vn -0.0562 -0.0306 -0.9979
vn -0.1093 -0.0552 -0.9925
vn -0.0809 -0.0127 -0.9966
vn -0.0186 0.0481 -0.9987
vn 0.0057 0.0587 -0.9983
vn -0.0191 0.0117 -0.9997
vn -0.0351 -0.0330 -0.9988
vn 0.0072 -0.0217 -0.9997
vn 0.0820 0.0272 -0.9963
vn 0.0485 0.0028 -0.9988
vn 0.0945 0.0700 -0.9931
vn 0.0661 0.0714 -0.9953
vn -0.0257 0.0120 -0.9996
vn -0.0996 -0.0379 -0.9943
vn -0.0956 -0.0252 -0.9951
vn -0.0359 0.0265 -0.9990
vn 0.0063 0.0484 -0.9988
vn -0.0055 0.0096 -0.9999
vn -0.0306 -0.0452 -0.9985
vn -0.0065 -0.0500 -0.9987
vn 0.0676 0.0022 -0.9977
vn 0.1214 0.0489 -0.9914
vn 0.0941 0.0323 -0.9950
vn 0.0020 -0.0337 -0.9994
vn -0.0721 -0.0752 -0.9946
vn -0.0716 -0.0452 -0.9964
vn -0.0233 0.0247 -0.9994
vn 0.0010 0.0613 -0.9981
vn -0.0280 0.0348 -0.9990
vn -0.0627 -0.0097 -0.9980
vn -0.0404 -0.0096 -0.9991
vn 0.0357 0.0365 -0.9987
vn 0.0933 0.0658 -0.9935
vn 0.1082 0.0401 -0.9933
vn 0.1111 0.0584 -0.9921
vn 0.0334 0.0104 -0.9994
vn -0.0583 -0.0457 -0.9972
vn -0.0867 -0.0439 -0.9953
vn -0.0497 0.0119 -0.9987
vn -0.0115 0.0559 -0.9984
vn -0.0228 0.0387 -0.9990
vn -0.0586 -0.0147 -0.9982
vn -0.0516 -0.0357 -0.9980
vn 0.0206 0.0029 -0.9998
vn 0.1001 0.0528 -0.9936
vn 0.1109 0.0470 -0.9927
vn 0.0436 -0.0208 -0.9988
vn -0.0334 -0.0847 -0.9959
vn -0.0487 -0.0799 -0.9956
vn -0.0079 -0.0160 -0.9998
vn 0.0215 0.0379 -0.9991
vn -0.0066 0.0329 -0.9994
vn -0.0598 -0.0041 -0.9982
vn -0.0676 -0.0085 -0.9977
vn -0.0091 0.0396 -0.9992
vn 0.0578 0.0868 -0.9945
vn 0.0619 0.0692 -0.9957
vn 0.1277 0.0552 -0.9903
vn 0.0813 0.0144 -0.9966
vn -0.0070 -0.0526 -0.9986
vn -0.0544 -0.0712 -0.9960
vn -0.0353 -0.0232 -0.9991
vn -0.0011 0.0362 -0.9993
vn -0.0127 0.0439 -0.9990
vn -0.0628 0.0028 -0.9980
vn -0.0840 -0.0237 -0.9962
vn -0.0327 0.0076 -0.9994
vn 0.0537 0.0651 -0.9964
vn 0.0936 0.0768 -0.9926
vn 0.0535 0.0157 -0.9984
vn -0.0172 -0.0667 -0.9976
vn -0.0399 -0.0934 -0.9948
vn 0.0005 -0.0501 -0.9987
vn 0.0448 0.0062 -0.9990
vn 0.0320 0.0148 -0.9994
vn -0.0264 -0.0174 -0.9995
vn -0.0602 -0.0279 -0.9978
vn -0.0270 0.0198 -0.9994
vn 0.0353 0.0866 -0.9956
vn 0.0510 0.0997 -0.9937
vn -0.0037 0.0368 -0.9993
vn 0.0956 0.0381 -0.9947
vn 0.0248 -0.0386 -0.9989
vn -0.0273 -0.0842 -0.9961
vn -0.0159 -0.0582 -0.9982
vn 0.0228 0.0017 -0.9997
vn 0.0212 0.0265 -0.9994
vn -0.0338 -0.0016 -0.9994
vn -0.0820 -0.0300 -0.9962
vn -0.0623 -0.0036 -0.9981
vn 0.0125 0.0644 -0.9978
vn 0.0657 0.1020 -0.9926
vn 0.0442 0.0622 -0.9971
vn -0.0228 -0.0242 -0.9994
vn -0.0556 -0.0774 -0.9954
vn -0.0183 -0.0597 -0.9981
vn 0.0435 -0.0112 -0.9990
vn 0.0579 0.0020 -0.9983
vn 0.0127 -0.0316 -0.9994
vn -0.0319 -0.0561 -0.9979
vn -0.0180 -0.0199 -0.9996
vn 0.0378 0.0574 -0.9976
vn 0.0619 0.1011 -0.9929
vn 0.0119 0.0673 -0.9977
vn -0.0718 -0.0094 -0.9974
vn 0.0275 0.0004 -0.9996
vn -0.0250 -0.0684 -0.9973
vn -0.0174 -0.0711 -0.9973
vn 0.0317 -0.0241 -0.9992
vn 0.0524 0.0062 -0.9986
vn 0.0101 -0.0156 -0.9998
vn -0.0507 -0.0506 -0.9974
vn -0.0586 -0.0353 -0.9977
vn -0.0022 0.0371 -0.9993
vn 0.0538 0.1017 -0.9934
vn 0.0429 0.0941 -0.9946
vn -0.0267 0.0211 -0.9994
vn -0.0789 -0.0446 -0.9959
vn -0.0580 -0.0469 -0.9972
vn 0.0101 -0.0068 -0.9999
vn 0.0508 0.0096 -0.9987
vn 0.0290 -0.0265 -0.9992
vn -0.0117 -0.0702 -0.9975
vn -0.0058 -0.0580 -0.9983
vn 0.0506 0.0132 -0.9986
vn 0.0902 0.0763 -0.9930
vn 0.0541 0.0705 -0.9960
vn -0.0392 0.0074 -0.9992
vn -0.1063 -0.0400 -0.9935
vn -0.0402 -0.0305 -0.9987
vn -0.0441 -0.0572 -0.9974
vn 0.0094 -0.0266 -0.9996
vn 0.0548 0.0028 -0.9985
vn 0.0383 -0.0176 -0.9991
vn -0.0170 -0.0649 -0.9977
vn -0.0391 -0.0715 -0.9967
vn 0.0043 -0.0092 -0.9999
vn 0.0643 0.0720 -0.9953
vn 0.0658 0.0964 -0.9932
vn -0.0048 0.0469 -0.9989
vn -0.0814 -0.0182 -0.9965
vn -0.0911 -0.0315 -0.9953
vn -0.0355 0.0059 -0.9994
vn 0.0176 0.0320 -0.9993
vn 0.0155 0.0015 -0.9999
vn -0.0179 -0.0566 -0.9982
vn -0.0153 -0.0729 -0.9972
vn 0.0461 -0.0216 -0.9987
vn 0.1096 0.0459 -0.9929
vn 0.1025 0.0588 -0.9930
vn 0.0184 0.0072 -0.9998
vn -0.0707 -0.0465 -0.9964
vn -0.0913 -0.0396 -0.9950
vn -0.0743 -0.0322 -0.9967
vn -0.0327 -0.0126 -0.9994
vn 0.0257 0.0187 -0.9995
vn 0.0345 0.0031 -0.9994
vn -0.0065 -0.0546 -0.9985
vn -0.0319 -0.0885 -0.9956
vn 0.0064 -0.0509 -0.9987
vn 0.0775 0.0298 -0.9965
vn 0.1019 0.0757 -0.9919
vn 0.0439 0.0486 -0.9979
vn -0.0486 -0.0116 -0.9988
vn -0.0920 -0.0321 -0.9952
vn -0.0628 0.0055 -0.9980
vn -0.0140 0.0478 -0.9988
vn -0.0087 0.0356 -0.9993
vn -0.0420 -0.0229 -0.9989
vn -0.0492 -0.0607 -0.9969
vn 0.0102 -0.0325 -0.9994
vn 0.0961 0.0302 -0.9949
vn 0.1268 0.0538 -0.9905
vn 0.0711 0.0091 -0.9974
vn -0.0193 -0.0557 -0.9983
vn -0.0620 -0.0677 -0.9958
vn -0.0383 -0.0153 -0.9991
vn -0.0649 -0.0032 -0.9979
vn -0.0118 0.0365 -0.9993
vn 0.0099 0.0360 -0.9993
vn -0.0207 -0.0204 -0.9996
vn -0.0499 -0.0761 -0.9959
vn -0.0173 -0.0680 -0.9975
vn 0.0664 -0.0012 -0.9978
vn 0.1227 0.0537 -0.9910
vn 0.0947 0.0415 -0.9946
vn 0.0065 -0.0170 -0.9998
vn -0.0597 -0.0492 -0.9970
vn -0.0569 -0.0174 -0.9982
vn -0.0199 0.0391 -0.9990
vn -0.0153 0.0524 -0.9985
vn -0.0564 0.0079 -0.9984
vn -0.0849 -0.0378 -0.9957
vn -0.0440 -0.0263 -0.9987
vn 0.0491 0.0318 -0.9983
vn 0.1128 0.0661 -0.9914
vn 0.0927 0.0298 -0.9952
vn 0.0172 -0.0466 -0.9988
vn -0.0329 -0.0855 -0.9958
vn -0.0182 -0.0527 -0.9984
vn 0.0197 0.0087 -0.9998
vn -0.0289 0.0352 -0.9990
vn -0.0070 0.0579 -0.9983
vn -0.0369 0.0178 -0.9992
vn -0.0785 -0.0452 -0.9959
vn -0.0629 -0.0603 -0.9962
vn 0.0217 -0.0102 -0.9997
vn 0.1072 0.0475 -0.9931
vn 0.1180 0.0461 -0.9919
vn 0.0528 -0.0137 -0.9985
vn -0.0179 -0.0647 -0.9977
vn -0.0307 -0.0509 -0.9982
vn -0.0006 0.0078 -1.0000
vn 0.0066 0.0423 -0.9991
vn -0.0402 0.0175 -0.9990
vn -0.0940 -0.0263 -0.9952
vn -0.0854 -0.0238 -0.9961
vn -0.0065 0.0341 -0.9994
vn 0.0732 0.0851 -0.9937
vn 0.0821 0.0669 -0.9944
vn 0.0246 -0.0112 -0.9996
vn -0.0265 -0.0756 -0.9968
vn -0.0156 -0.0711 -0.9973
vn 0.0328 -0.0203 -0.9993
vn 0.0484 0.0089 -0.9988
vn 0.0031 0.0530 -0.9986
vn -0.0291 0.0372 -0.9989
vn -0.0892 -0.0192 -0.9958
vn -0.1037 -0.0464 -0.9935
vn -0.0379 -0.0080 -0.9993
vn 0.0598 0.0549 -0.9967
vn 0.1039 0.0682 -0.9922
vn 0.0678 0.0121 -0.9976
vn 0.0050 -0.0577 -0.9983
vn -0.0125 -0.0714 -0.9974
vn 0.0199 -0.0259 -0.9995
vn 0.0407 0.0172 -0.9990
vn 0.0020 0.0072 -1.0000
vn -0.0674 -0.0340 -0.9971
vn -0.0923 -0.0398 -0.9949
vn -0.0405 0.0176 -0.9990
vn 0.0376 0.0888 -0.9953
vn 0.0625 0.0998 -0.9930
vn 0.0162 0.0364 -0.9992
vn -0.0408 -0.0407 -0.9983
vn -0.0395 -0.0618 -0.9973
vn 0.0157 -0.0272 -0.9995
vn 0.0569 0.0019 -0.9984
vn 0.0349 -0.0197 -0.9992
vn 0.0075 0.0319 -0.9995
vn -0.0649 -0.0132 -0.9978
vn -0.1128 -0.0460 -0.9926
vn -0.0804 -0.0151 -0.9966
vn 0.0082 0.0565 -0.9984
vn 0.0700 0.0931 -0.9932
vn 0.0560 0.0536 -0.9970
vn 0.0009 -0.0241 -0.9997
vn -0.0206 -0.0641 -0.9977
vn 0.0158 -0.0401 -0.9991
vn 0.0576 -0.0001 -0.9983
vn 0.0427 -0.0037 -0.9991
vn -0.0234 -0.0479 -0.9986
vn -0.0694 -0.0689 -0.9952
vn -0.0433 -0.0213 -0.9988
vn 0.0263 0.0636 -0.9976
vn 0.0597 0.1070 -0.9925
vn 0.0190 0.0714 -0.9973
vn -0.0509 -0.0018 -0.9987
vn -0.0720 -0.0376 -0.9967
vn -0.0252 -0.0151 -0.9996
vn 0.0323 0.0152 -0.9994
vn 0.0365 -0.0029 -0.9993
vn -0.0064 -0.0590 -0.9982
vn -0.0159 -0.0214 -0.9996
vn -0.0861 -0.0620 -0.9944
vn -0.0880 -0.0425 -0.9952
vn -0.0202 0.0346 -0.9992
vn 0.0451 0.0982 -0.9941
vn 0.0431 0.0879 -0.9952
vn -0.0117 0.0192 -0.9997
vn -0.0461 -0.0355 -0.9983
vn -0.0163 -0.0304 -0.9994
vn 0.0410 0.0037 -0.9992
vn 0.0551 0.0034 -0.9985
vn 0.0077 -0.0464 -0.9989
vn -0.0432 -0.0895 -0.9950
vn -0.0325 -0.0656 -0.9973
vn 0.0329 0.0172 -0.9993
vn 0.0785 0.0845 -0.9933
vn 0.0483 0.0788 -0.9957
vn -0.0326 0.0195 -0.9993
vn -0.0835 -0.0210 -0.9963
vn -0.0618 -0.0037 -0.9981
vn -0.0061 0.0344 -0.9994
vn 0.0136 0.0294 -0.9995
vn -0.0181 -0.0285 -0.9994
vn -0.0439 -0.0794 -0.9959
vn -0.0455 -0.0776 -0.9959
vn -0.0701 -0.0797 -0.9943
vn -0.0213 -0.0102 -0.9997
vn 0.0443 0.0731 -0.9963
vn 0.0517 0.0954 -0.9941
vn -0.0057 0.0481 -0.9988
vn -0.0614 -0.0075 -0.9981
vn -0.0538 -0.0124 -0.9985
vn 0.0021 0.0209 -0.9998
vn 0.0362 0.0295 -0.9989
vn 0.0094 -0.0195 -0.9998
vn -0.0381 -0.0833 -0.9958
vn -0.0353 -0.0908 -0.9952
vn 0.0317 -0.0267 -0.9991
vn 0.0980 0.0489 -0.9940
vn 0.0920 0.0651 -0.9936
vn 0.0151 0.0195 -0.9997
vn -0.0594 -0.0238 -0.9979
vn -0.0685 -0.0110 -0.9976
vn -0.0284 0.0375 -0.9989
vn -0.0068 0.0549 -0.9985
vn -0.0366 0.0105 -0.9993
vn -0.0735 -0.0508 -0.9960
vn -0.0509 -0.0598 -0.9969
vn -0.0544 -0.1035 -0.9931
vn -0.0162 -0.0573 -0.9982
vn 0.0556 0.0290 -0.9980
vn 0.0804 0.0757 -0.9939
vn 0.0294 0.0514 -0.9982
vn -0.0447 0.0015 -0.9990
vn -0.0674 -0.0077 -0.9977
vn -0.0295 0.0300 -0.9991
vn 0.0087 0.0561 -0.9984
vn -0.0067 0.0214 -0.9997
vn -0.0545 -0.0508 -0.9972
vn -0.0628 -0.0864 -0.9943
vn 0.0021 -0.0481 -0.9988
vn 0.0909 0.0231 -0.9956
vn 0.1205 0.0515 -0.9914
vn 0.0671 0.0140 -0.9976
vn -0.0127 -0.0371 -0.9992
vn -0.0441 -0.0366 -0.9984
vn -0.0206 0.0152 -0.9997
vn -0.0018 0.0552 -0.9985
vn -0.0295 0.0409 -0.9987
vn -0.0812 0.0033 -0.9967
vn -0.0927 0.0036 -0.9957
vn -0.0305 0.0587 -0.9978
vn -0.0304 -0.0831 -0.9961
vn 0.0516 -0.0098 -0.9986
vn 0.1041 0.0478 -0.9934
vn 0.0763 0.0396 -0.9963
vn -0.0001 -0.0071 -1.0000
vn -0.0470 -0.0234 -0.9986
vn -0.0319 0.0157 -0.9994
vn 0.0001 0.0615 -0.9981
vn -0.0130 0.0521 -0.9986
vn -0.0691 -0.0119 -0.9975
vn -0.0993 -0.0632 -0.9930
vn -0.0511 -0.0469 -0.9976
vn 0.0482 0.0169 -0.9987
vn 0.1126 0.0541 -0.9922
vn 0.0937 0.0231 -0.9953
vn 0.0266 -0.0394 -0.9989
vn -0.0124 -0.0611 -0.9981
vn 0.0038 -0.0203 -0.9998
vn 0.0269 0.0321 -0.9991
vn 0.0116 0.0526 -0.9985
vn -0.0438 0.0524 -0.9977
vn -0.0808 0.0744 -0.9940
vn -0.0565 0.1460 -0.9877
vn 0.0021 0.2278 -0.9737
vn 0.0154 -0.0265 -0.9995
vn 0.0968 0.0328 -0.9948
vn 0.1042 0.0341 -0.9940
vn 0.0452 -0.0143 -0.9989
vn -0.0095 -0.0458 -0.9989
vn -0.0093 -0.0170 -0.9998
vn 0.0184 0.0400 -0.9990
vn 0.0083 0.0565 -0.9984
vn -0.0564 0.0108 -0.9984
vn -0.1154 -0.0437 -0.9924
vn -0.0999 -0.0412 -0.9941
vn -0.0117 0.0189 -0.9998
vn 0.0728 0.0693 -0.9949
vn 0.0851 0.0518 -0.9950
vn 0.0370 -0.0165 -0.9992
vn -0.0005 -0.0631 -0.9980
vn 0.0164 -0.0451 -0.9988
vn 0.0528 0.0038 -0.9986
vn 0.0574 0.0364 -0.9977
vn 0.0270 0.0513 -0.9983
vn -0.0127 0.0830 -0.9965
vn -0.0088 0.1722 -0.9850
vn 0.0260 0.2913 -0.9563
vn 0.0243 0.3581 -0.9334
vn 0.0544 0.0355 -0.9979
vn 0.0958 0.0473 -0.9943
vn 0.0636 -0.0017 -0.9980
vn 0.0152 -0.0525 -0.9985
vn 0.0121 -0.0459 -0.9989
vn 0.0450 0.0068 -0.9990
vn 0.0488 0.0395 -0.9980
vn -0.0124 0.0113 -0.9999
vn -0.0943 -0.0421 -0.9947
vn -0.1168 -0.0498 -0.9919
vn -0.0567 0.0084 -0.9984
vn 0.0283 0.0769 -0.9966
vn 0.0588 0.0841 -0.9947
vn 0.0239 0.0245 -0.9994
vn -0.0148 -0.0382 -0.9992
vn 0.0001 -0.0443 -0.9990
vn 0.0513 -0.0068 -0.9987
vn 0.0741 0.0168 -0.9971
vn 0.0735 0.0197 -0.9971
vn 0.0595 0.0374 -0.9975
vn 0.0764 0.1202 -0.9898
vn 0.1245 0.2684 -0.9552
vn 0.1266 0.3974 -0.9089
vn 0.0251 0.4368 -0.8992
vn 0.0605 0.0707 -0.9957
vn 0.0511 0.0316 -0.9982
vn 0.0113 -0.0323 -0.9994
vn 0.0085 -0.0514 -0.9986
vn 0.0514 -0.0144 -0.9986
vn 0.0798 0.0221 -0.9966
vn 0.0400 0.0041 -0.9992
vn -0.0462 -0.0516 -0.9976
vn -0.0981 -0.0743 -0.9924
vn -0.0687 -0.0245 -0.9973
vn 0.0053 0.0589 -0.9983
vn 0.0432 0.0970 -0.9943
vn 0.0133 0.0606 -0.9981
vn -0.0356 -0.0027 -0.9994
vn -0.0351 -0.0244 -0.9991
vn 0.0188 0.0033 -0.9998
vn 0.0615 0.0236 -0.9978
vn 0.0603 0.0035 -0.9982
vn 0.0757 -0.0162 -0.9970
vn 0.1200 0.0226 -0.9925
vn 0.2127 0.1508 -0.9654
vn 0.2819 0.3127 -0.9070
vn 0.2381 0.4366 -0.8676
vn 0.0261 0.4751 -0.8796
vn 0.0291 0.0663 -0.9974
vn -0.0096 0.0045 -0.9999
vn -0.0202 -0.0324 -0.9993
vn 0.0255 -0.0124 -0.9996
vn 0.0781 0.0222 -0.9967
vn 0.0703 0.0100 -0.9975
vn -0.0010 -0.0516 -0.9987
vn -0.0651 -0.0969 -0.9932
vn -0.0577 -0.0687 -0.9960
vn 0.0068 0.0159 -0.9998
vn 0.0518 0.0798 -0.9955
vn -0.0350 0.0202 -0.9992
vn -0.0604 -0.0066 -0.9982
vn -0.0218 0.0181 -0.9996
vn 0.0302 0.0481 -0.9984
vn 0.0300 0.0244 -0.9993
vn 0.0180 -0.0339 -0.9993
vn 0.0775 -0.0508 -0.9957
vn 0.2016 0.0162 -0.9793
vn 0.3443 0.1407 -0.9283
vn 0.4189 0.2538 -0.8719
vn 0.3834 0.3598 -0.8506
vn 0.1193 0.4694 -0.8749
vn -0.9821 -0.1760 -0.0678
vn 0.1814 -0.9827 -0.0387
vn 0.1789 -0.9837 -0.0171
vn 0.1796 -0.9837 0.0126
vn 0.1818 -0.9832 0.0178
vn 0.1785 -0.9839 -0.0125
vn 0.1795 -0.9826 -0.0473
vn 0.1819 -0.9822 -0.0474
vn 0.1788 -0.9838 -0.0115
vn 0.1785 -0.9836 0.0245
vn 0.1793 -0.9834 0.0287
vn 0.1789 -0.9838 0.0098
vn 0.1785 -0.9839 0.0035
vn 0.1771 -0.9838 0.0267
vn 0.1815 -0.9819 0.0538
vn 0.1849 -0.9817 0.0460
vn 0.1799 -0.9837 -0.0018
vn 0.1802 -0.9822 -0.0531
vn 0.1825 -0.9810 -0.0666
vn 0.1791 -0.9830 -0.0410
vn 0.1782 -0.9839 -0.0114
vn 0.1789 -0.9838 -0.0071
vn 0.1796 -0.9836 -0.0173
vn 0.1792 -0.9838 -0.0080
vn 0.1778 -0.9839 0.0184
vn 0.9838 0.1789 -0.0103
vn -0.9830 -0.1782 -0.0451
vn 0.9829 0.1747 -0.0573
vn -0.9837 -0.1799 0.0005
vn 0.9803 0.1718 -0.0971
vn -0.9831 -0.1765 0.0476
vn 0.9797 0.1763 -0.0950
vn -0.9826 -0.1726 0.0688
vn 0.9821 0.1803 -0.0547
vn -0.9831 -0.1742 0.0557
vn 0.9840 0.1784 -0.0019
vn -0.9838 -0.1779 0.0223
vn 0.9838 0.1760 0.0334
vn -0.9839 -0.1786 -0.0045
vn 0.9834 0.1779 0.0370
vn -0.9838 -0.1790 -0.0044
vn 0.9836 0.1797 0.0180
vn -0.9833 -0.1808 0.0211
vn 0.9838 0.1792 0.0015
vn -0.9824 -0.1800 0.0491
vn 0.9838 0.1790 0.0089
vn -0.9829 -0.1770 0.0517
vn 0.9831 0.1785 0.0415
vn -0.9840 -0.1773 0.0156
vn 0.9813 0.1755 0.0787
vn -0.9826 -0.1798 -0.0467
vn 0.9805 0.1742 0.0914
vn -0.9787 -0.1778 -0.1028
vn 0.9821 0.1776 0.0633
vn -0.9773 -0.1736 -0.1213
vn 0.9836 0.1802 0.0018
vn -0.9804 -0.1746 -0.0912
vn 0.9820 0.1779 -0.0634
vn -0.9834 -0.1792 -0.0276
vn 0.9795 0.1758 -0.0982
vn -0.9830 -0.1799 0.0355
vn 0.9803 0.1776 -0.0865
vn -0.9818 -0.1778 0.0668
vn 0.9831 0.1789 -0.0392
vn -0.9824 -0.1778 0.0575
vn 0.9840 0.1779 0.0127
vn -0.9836 -0.1788 0.0241
vn 0.9832 0.1787 0.0376
vn -0.9839 -0.1786 -0.0040
vn 0.9833 0.1805 0.0235
vn -0.9838 -0.1791 -0.0048
vn 0.9838 0.1785 -0.0151
vn -0.9835 -0.1796 0.0212
vn 0.9834 0.1752 -0.0480
vn -0.9829 -0.1765 0.0522
vn 0.9830 0.1765 -0.0497
vn -0.9830 -0.1728 0.0616
vn 0.9837 0.1795 -0.0143
vn -0.9839 -0.1746 0.0377
vn 0.9850 0.1684 0.0375
vn -0.9839 -0.1787 -0.0090
vn 0.9860 0.1491 0.0753
vn -0.9827 -0.1779 -0.0506
vn 0.9866 0.1351 0.0917
vn -0.9827 -0.1750 -0.0611
vn 0.9865 0.1152 0.1168
vn -0.9834 -0.1751 -0.0483
vn -0.1791 0.9827 0.0466
vn -0.1778 0.9840 0.0111
vn -0.1793 0.9836 -0.0168
vn -0.1788 0.9838 -0.0135
vn -0.1791 0.9838 -0.0009
vn -0.1779 0.9840 -0.0120
vn -0.1800 0.9825 -0.0470
vn -0.1844 0.9805 -0.0686
vn -0.1813 0.9824 -0.0459
vn -0.1806 0.9835 0.0103
vn -0.1835 0.9815 0.0546
vn -0.1795 0.9821 0.0569
vn -0.1768 0.9838 0.0306
vn -0.1781 0.9839 0.0141
vn -0.1793 0.9835 0.0225
vn -0.1802 0.9831 0.0310
vn -0.1784 0.9839 0.0107
vn -0.1788 0.9834 -0.0296
vn -0.1759 0.9833 -0.0462
vn -0.1786 0.9839 -0.0068
vn -0.2121 0.9746 0.0713
vn -0.2681 0.9506 0.1568
vn -0.3289 0.9068 0.2636
vn 0.9843 0.0850 0.1549
vn -0.2889 0.8751 0.3882
vn -0.0540 0.0147 0.9984
vn -0.1017 -0.0389 0.9940
vn -0.1068 -0.0685 0.9919
vn -0.0603 -0.0570 0.9966
vn 0.0179 -0.0138 0.9997
vn 0.0865 0.0304 0.9958
vn 0.1101 0.0468 0.9928
vn 0.0810 0.0291 0.9963
vn 0.0199 -0.0047 0.9998
vn -0.0355 -0.0250 0.9991
vn -0.0565 -0.0137 0.9983
vn -0.0403 0.0213 0.9990
vn -0.0086 0.0519 0.9986
vn 0.0102 0.0494 0.9987
vn 0.0023 0.0068 1.0000
vn -0.0225 -0.0541 0.9983
vn -0.0389 -0.0951 0.9947
vn -0.0272 -0.0882 0.9957
vn 0.0118 -0.0329 0.9994
vn 0.0547 0.0413 0.9976
vn 0.0714 0.0925 0.9931
vn 0.0482 0.0950 0.9943
vn -0.0035 0.0522 0.9986
vn -0.0520 -0.0065 0.9986
vn -0.1108 -0.0522 0.9925
vn -0.1202 -0.0540 0.9913
vn -0.0745 -0.0201 0.9970
vn 0.0025 0.0281 0.9996
vn 0.0691 0.0571 0.9960
vn 0.0940 0.0472 0.9944
vn 0.0739 0.0057 0.9973
vn 0.0303 -0.0378 0.9988
vn -0.0058 -0.0515 0.9987
vn -0.0165 -0.0244 0.9996
vn -0.0074 0.0256 0.9996
vn 0.0002 0.0629 0.9980
vn -0.0119 0.0594 0.9982
vn -0.0424 0.0139 0.9990
vn -0.0695 -0.0463 0.9965
vn -0.0672 -0.0832 0.9943
vn -0.0254 -0.0738 0.9969
vn 0.0402 -0.0236 0.9989
vn 0.0941 0.0358 0.9949
vn 0.1043 0.0691 0.9921
vn 0.0639 0.0611 0.9961
vn -0.0655 -0.0140 0.9978
vn -0.0832 -0.0258 0.9962
vn -0.1000 -0.0567 0.9934
vn -0.0629 0.0010 0.9980
vn -0.0045 0.0596 0.9982
vn 0.0406 0.0833 0.9957
vn 0.0529 0.0590 0.9969
vn 0.0375 0.0035 0.9993
vn 0.0168 -0.0466 0.9988
vn 0.0120 -0.0599 0.9981
vn 0.0257 -0.0309 0.9992
vn 0.0398 0.0172 0.9991
vn 0.0311 0.0492 0.9983
vn -0.0096 0.0425 0.9990
vn -0.0664 0.0024 0.9978
vn -0.1056 -0.0421 0.9935
vn -0.0990 -0.0596 0.9933
vn -0.0423 -0.0381 0.9984
vn 0.0397 0.0080 0.9992
vn 0.1037 0.0462 0.9935
vn 0.1177 0.0515 0.9917
vn 0.0783 0.0228 0.9967
vn 0.0103 -0.0172 0.9998
vn -0.0471 -0.0376 0.9982
vn -0.0670 -0.0229 0.9975
vn -0.0496 0.0158 0.9986
vn -0.0228 0.0017 0.9997
vn 0.0135 0.0661 0.9977
vn 0.0267 0.0894 0.9956
vn 0.0129 0.0640 0.9979
vn -0.0103 0.0115 0.9999
vn -0.0171 -0.0320 0.9993
vn 0.0053 -0.0410 0.9991
vn 0.0452 -0.0171 0.9988
vn 0.0731 0.0149 0.9972
vn 0.0623 0.0263 0.9977
vn 0.0089 0.0060 0.9999
vn -0.0622 -0.0311 0.9976
vn -0.1107 -0.0549 0.9923
vn -0.1084 -0.0441 0.9931
vn -0.0543 -0.0006 0.9985
vn 0.0234 0.0492 0.9985
vn 0.0830 0.0716 0.9940
vn 0.0976 0.0512 0.9939
vn 0.0684 0.0003 0.9977
vn 0.0202 -0.0481 0.9986
vn -0.0159 -0.0618 0.9980
vn -0.0249 -0.0326 0.9992
vn -0.0151 0.0185 0.9997
vn -0.0085 0.0555 0.9984
vn 0.0498 0.0507 0.9975
vn 0.0373 0.0684 0.9970
vn -0.0029 0.0472 0.9989
vn -0.0412 0.0109 0.9991
vn -0.0479 -0.0108 0.9988
vn -0.0151 -0.0045 0.9999
vn 0.0375 0.0180 0.9991
vn 0.0742 0.0305 0.9968
vn 0.0682 0.0134 0.9976
vn 0.0191 -0.0295 0.9994
vn -0.0454 -0.0716 0.9964
vn -0.0873 -0.0814 0.9928
vn -0.0841 -0.0459 0.9954
vn -0.0400 0.0196 0.9990
vn 0.0167 0.0781 0.9968
vn 0.0530 0.0950 0.9941
vn 0.0542 0.0617 0.9966
vn 0.0303 -0.0008 0.9995
vn 0.0061 -0.0538 0.9985
vn 0.0019 -0.0668 0.9978
vn 0.0171 -0.0375 0.9992
vn 0.0315 0.0093 0.9995
vn 0.0218 0.0389 0.9990
vn -0.0184 0.0318 0.9993
vn 0.0583 0.0320 0.9978
vn 0.0071 0.0102 0.9999
vn -0.0393 -0.0079 0.9992
vn -0.0510 -0.0014 0.9987
vn -0.0236 0.0284 0.9993
vn 0.0206 0.0578 0.9981
vn 0.0487 0.0581 0.9971
vn 0.0404 0.0178 0.9990
vn 0.0013 -0.0465 0.9989
vn -0.0412 -0.0976 0.9944
vn -0.0581 -0.1032 0.9930
vn -0.0392 -0.0565 0.9976
vn 0.0016 0.0191 0.9998
vn 0.0349 0.0811 0.9961
vn 0.0388 0.0974 0.9945
vn 0.0142 0.0646 0.9978
vn -0.0169 0.0077 0.9998
vn -0.0271 -0.0365 0.9990
vn -0.0051 -0.0449 0.9990
vn 0.0348 -0.0218 0.9992
vn 0.0618 0.0068 0.9981
vn 0.0505 0.0144 0.9986
vn -0.0004 -0.0063 1.0000
vn -0.0642 -0.0378 0.9972
vn 0.0228 -0.0291 0.9993
vn -0.0131 -0.0370 0.9992
vn -0.0210 -0.0088 0.9997
vn -0.0028 0.0418 0.9991
vn 0.0193 0.0809 0.9965
vn 0.0209 0.0783 0.9967
vn -0.0050 0.0285 0.9996
vn -0.0423 -0.0440 0.9981
vn -0.0624 -0.0975 0.9933
vn -0.0471 -0.1022 0.9936
vn -0.0010 -0.0568 0.9984
vn 0.0487 0.0116 0.9987
vn 0.0699 0.0630 0.9956
vn 0.0491 0.0731 0.9961
vn -0.0002 0.0457 0.9990
vn -0.0450 0.0070 0.9990
vn -0.0552 -0.0139 0.9984
vn -0.0246 -0.0069 0.9997
vn 0.0254 0.0139 0.9996
vn 0.0593 0.0221 0.9980
vn 0.0527 0.0011 0.9986
vn 0.0080 -0.0414 0.9991
vn -0.0464 -0.0769 0.9960
vn -0.0757 -0.0760 0.9942
vn 0.0118 -0.0562 0.9984
vn 0.0234 -0.0200 0.9995
vn 0.0420 0.0371 0.9984
vn 0.0435 0.0778 0.9960
vn 0.0133 0.0743 0.9971
vn -0.0403 0.0265 0.9988
vn -0.0877 -0.0370 0.9955
vn -0.0978 -0.0782 0.9921
vn -0.0596 -0.0753 0.9954
vn 0.0103 -0.0344 0.9994
vn 0.0739 0.0154 0.9971
vn 0.0962 0.0423 0.9945
vn 0.0686 0.0352 0.9970
vn 0.0110 0.0079 0.9999
vn -0.0397 -0.0117 0.9991
vn -0.0545 -0.0043 0.9985
vn -0.0310 0.0256 0.9992
vn 0.0079 0.0523 0.9986
vn 0.0311 0.0482 0.9984
vn 0.0217 0.0051 0.9998
vn -0.0117 -0.0568 0.9983
vn -0.0422 -0.0997 0.9941
vn -0.0450 -0.0948 0.9945
vn -0.0155 -0.0398 0.9991
vn 0.0546 -0.0163 0.9984
vn 0.0852 0.0308 0.9959
vn 0.0791 0.0576 0.9952
vn 0.0281 0.0450 0.9986
vn -0.0479 0.0013 0.9989
vn -0.1088 -0.0433 0.9931
vn -0.1212 -0.0589 0.9909
vn -0.0781 -0.0370 0.9963
vn -0.0019 0.0055 1.0000
vn 0.0659 0.0372 0.9971
vn 0.0922 0.0359 0.9951
vn 0.0720 0.0049 0.9974
vn 0.0266 -0.0301 0.9992
vn -0.0114 -0.0393 0.9992
vn -0.0217 -0.0112 0.9997
vn -0.0081 0.0376 0.9993
vn 0.0070 0.0724 0.9973
vn 0.0024 0.0654 0.9979
vn -0.0248 0.0146 0.9996
vn -0.0556 -0.0526 0.9971
vn -0.0631 -0.0960 0.9934
vn -0.0337 -0.0900 0.9954
vn 0.0220 -0.0380 0.9990
vn 0.0726 0.0290 0.9969
vn 0.1018 0.0395 0.9940
vn 0.0994 0.0400 0.9942
vn 0.0456 0.0069 0.9989
vn -0.0342 -0.0397 0.9986
vn -0.0974 -0.0673 0.9930
vn -0.1128 -0.0551 0.9921
vn -0.0774 -0.0088 0.9970
vn -0.0150 0.0429 0.9990
vn 0.0378 0.0657 0.9971
vn 0.0573 0.0451 0.9973
vn 0.0453 -0.0043 0.9990
vn 0.0232 -0.0480 0.9986
vn 0.0140 -0.0554 0.9984
vn 0.0235 -0.0211 0.9995
vn 0.0369 0.0316 0.9988
vn 0.0311 0.0660 0.9973
vn -0.0049 0.0578 0.9983
vn -0.0587 0.0108 0.9982
vn -0.0988 -0.0449 0.9941
vn -0.0966 -0.0740 0.9926
vn -0.0458 -0.0600 0.9972
vn 0.0315 -0.0138 0.9994
vn 0.0941 0.0326 0.9950
vn 0.1093 0.0504 0.9927
vn 0.0866 0.0386 0.9955
vn 0.0411 -0.0190 0.9990
vn -0.0231 -0.0755 0.9969
vn -0.0691 -0.0955 0.9930
vn -0.0754 -0.0655 0.9950
vn -0.0464 -0.0016 0.9989
vn -0.0070 0.0586 0.9983
vn 0.0159 0.0803 0.9966
vn 0.0133 0.0546 0.9984
vn -0.0013 0.0024 1.0000
vn -0.0047 -0.0399 0.9992
vn 0.0166 -0.0456 0.9988
vn 0.0533 -0.0154 0.9985
vn 0.0780 0.0249 0.9966
vn 0.0649 0.0435 0.9969
vn 0.0096 0.0259 0.9996
vn -0.0642 -0.0159 0.9978
vn -0.1160 -0.0508 0.9920
vn -0.1162 -0.0534 0.9918
vn -0.0625 -0.0204 0.9978
vn 0.0180 0.0262 0.9995
vn 0.0825 0.0537 0.9951
vn 0.1012 0.0434 0.9939
vn 0.0733 0.0036 0.9973
vn 0.0062 -0.0239 0.9997
vn -0.0350 -0.0882 0.9955
vn -0.0501 -0.1076 0.9929
vn -0.0323 -0.0737 0.9968
vn 0.0020 -0.0083 1.0000
vn 0.0246 0.0491 0.9985
vn 0.0177 0.0682 0.9975
vn -0.0127 0.0464 0.9988
vn -0.0407 0.0073 0.9991
vn -0.0392 -0.0179 0.9991
vn -0.0008 -0.0127 0.9999
vn 0.0545 0.0133 0.9984
vn 0.0909 0.0333 0.9953
vn 0.0815 0.0248 0.9964
vn 0.0254 -0.0130 0.9996
vn -0.0491 -0.0565 0.9972
vn -0.1008 -0.0737 0.9922
vn -0.1036 -0.0488 0.9934
vn -0.0591 0.0074 0.9982
vn 0.0049 0.0617 0.9981
vn 0.0523 0.0799 0.9954
vn 0.0634 0.0517 0.9966
vn 0.0444 -0.0044 0.9990
vn 0.0189 -0.0515 0.9985
vn -0.0689 -0.0768 0.9947
vn -0.0553 -0.0926 0.9942
vn -0.0093 -0.0623 0.9980
vn 0.0397 -0.0106 0.9992
vn 0.0594 0.0282 0.9978
vn 0.0375 0.0346 0.9987
vn -0.0104 0.0154 0.9998
vn -0.0503 -0.0045 0.9987
vn -0.0534 -0.0022 0.9986
vn -0.0161 0.0244 0.9996
vn 0.0379 0.0539 0.9978
vn 0.0725 0.0580 0.9957
vn 0.0648 0.0229 0.9976
vn 0.0184 -0.0380 0.9991
vn -0.0379 -0.0898 0.9952
vn -0.0703 -0.0994 0.9926
vn -0.0632 -0.0580 0.9963
vn -0.0259 0.0134 0.9996
vn 0.0135 0.0741 0.9972
vn 0.0299 0.0911 0.9954
vn 0.0189 0.0594 0.9981
vn -0.0024 0.0032 1.0000
vn -0.0089 -0.0404 0.9991
vn 0.0112 -0.0466 0.9989
vn -0.0759 -0.0580 0.9954
vn -0.0140 -0.0284 0.9995
vn 0.0464 0.0049 0.9989
vn 0.0711 0.0158 0.9973
vn 0.0514 -0.0006 0.9987
vn 0.0066 -0.0255 0.9997
vn -0.0298 -0.0313 0.9991
vn -0.0336 -0.0036 0.9994
vn -0.0061 0.0459 0.9989
vn 0.0285 0.0848 0.9960
vn 0.0420 0.0829 0.9957
vn 0.0223 0.0331 0.9992
vn -0.0180 -0.0415 0.9990
vn -0.0499 -0.0991 0.9938
vn -0.0507 -0.1077 0.9929
vn -0.0194 -0.0641 0.9978
vn 0.0224 0.0059 0.9997
vn 0.0446 0.0615 0.9971
vn 0.0318 0.0755 0.9966
vn -0.0059 0.0491 0.9988
vn -0.0395 0.0081 0.9992
vn -0.0415 -0.0166 0.9990
vn -0.0061 -0.0117 0.9999
vn 0.0451 0.0109 0.9989
vn -0.0301 0.0130 0.9995
vn 0.0248 0.0339 0.9991
vn 0.0488 0.0205 0.9986
vn 0.0382 -0.0188 0.9991
vn 0.0130 -0.0543 0.9984
vn -0.0006 -0.0558 0.9984
vn 0.0094 -0.0151 0.9998
vn 0.0324 0.0465 0.9984
vn 0.0437 0.0907 0.9949
vn 0.0252 0.0882 0.9958
vn -0.0200 0.0374 0.9991
vn -0.0663 -0.0339 0.9972
vn -0.0828 -0.0845 0.9930
vn -0.0556 -0.0890 0.9945
vn 0.0024 -0.0503 0.9987
vn 0.0576 0.0037 0.9983
vn 0.0769 0.0389 0.9963
vn 0.0507 0.0398 0.9979
vn -0.0020 0.0167 0.9999
vn -0.0457 -0.0036 0.9989
vn -0.0522 -0.0003 0.9986
vn -0.0197 0.0255 0.9995
vn 0.0273 0.0508 0.9983
vn 0.0548 0.0481 0.9973
vn -0.0018 0.0580 0.9983
vn 0.0059 0.0333 0.9994
vn -0.0025 -0.0171 0.9998
vn -0.0060 -0.0575 0.9983
vn 0.0122 -0.0587 0.9982
vn 0.0486 -0.0182 0.9987
vn 0.0796 0.0385 0.9961
vn 0.0778 0.0743 0.9942
vn 0.0330 0.0665 0.9972
vn -0.0382 0.0204 0.9991
vn -0.0983 -0.0339 0.9946
vn -0.1133 -0.0626 0.9916
vn -0.0749 -0.0522 0.9958
vn -0.0035 -0.0151 0.9999
vn 0.0608 0.0190 0.9980
vn 0.0847 0.0258 0.9961
vn 0.0624 0.0044 0.9980
vn 0.0155 -0.0235 0.9996
vn -0.0224 -0.0295 0.9993
vn -0.0290 -0.0015 0.9996
vn -0.0076 0.0457 0.9989
vn 0.0180 0.0790 0.9967
vn 0.0226 0.0704 0.9973
vn -0.0011 0.0168 0.9999
vn -0.0298 0.0349 0.9989
vn -0.0488 -0.0094 0.9988
vn -0.0418 -0.0400 0.9983
vn 0.0008 -0.0349 0.9994
vn 0.0624 0.0012 0.9981
vn 0.1075 0.0404 0.9934
vn 0.1062 0.0531 0.9929
vn 0.0523 0.0288 0.9982
vn -0.0301 -0.0170 0.9994
vn -0.0977 -0.0520 0.9939
vn -0.1172 -0.0522 0.9917
vn -0.0836 -0.0182 0.9963
vn -0.0198 0.0255 0.9995
vn 0.0366 0.0469 0.9982
vn 0.0589 0.0301 0.9978
vn 0.0467 -0.0128 0.9988
vn 0.0213 -0.0498 0.9985
vn 0.0078 -0.0514 0.9986
vn 0.0156 -0.0121 0.9998
vn 0.0319 0.0447 0.9985
vn 0.0334 0.0814 0.9961
vn 0.0057 0.0721 0.9974
vn -0.0428 0.0194 0.9989
vn -0.0839 -0.0461 0.9954
vn -0.0731 -0.0138 0.9972
vn -0.0683 -0.0204 0.9975
vn -0.0190 0.0027 0.9998
vn 0.0514 0.0398 0.9979
vn 0.1027 0.0607 0.9929
vn 0.1056 0.0450 0.9934
vn 0.0577 -0.0036 0.9983
vn -0.0150 -0.0572 0.9983
vn -0.0723 -0.0808 0.9941
vn -0.0882 -0.0586 0.9944
vn -0.0634 -0.0035 0.9980
vn -0.0213 0.0500 0.9985
vn 0.0090 0.0681 0.9976
vn 0.0145 0.0415 0.9990
vn 0.0048 -0.0100 0.9999
vn 0.0018 -0.0498 0.9988
vn 0.0203 -0.0509 0.9985
vn 0.0539 -0.0134 0.9985
vn 0.0776 0.0358 0.9963
vn 0.0662 0.0621 0.9959
vn 0.0135 0.0472 0.9988
vn -0.0591 0.0007 0.9983
vn -0.1123 -0.0457 0.9926
vn -0.1157 -0.0619 0.9914
vn -0.0640 -0.0153 0.9978
vn -0.0216 0.0325 0.9992
vn 0.0370 0.0784 0.9962
vn 0.0758 0.0897 0.9931
vn 0.0731 0.0531 0.9959
vn 0.0330 -0.0160 0.9993
vn -0.0173 -0.0792 0.9967
vn -0.0470 -0.1004 0.9938
vn -0.0437 -0.0698 0.9966
vn -0.0187 -0.0074 0.9998
vn 0.0026 0.0481 0.9988
vn 0.0012 0.0655 0.9979
vn -0.0205 0.0410 0.9989
vn -0.0401 -0.0019 0.9992
vn -0.0327 -0.0299 0.9990
vn 0.0088 -0.0242 0.9997
vn 0.0655 0.0076 0.9978
vn 0.1021 0.0375 0.9941
vn 0.0913 0.0394 0.9950
vn 0.0315 0.0078 0.9995
vn -0.0492 -0.0371 0.9981
vn -0.1078 -0.0631 0.9922
vn -0.1153 -0.0506 0.9920
vn -0.0714 -0.0058 0.9974
vn 0.0064 0.0418 0.9991
vn 0.0424 0.0971 0.9944
vn 0.0523 0.1069 0.9929
vn 0.0283 0.0633 0.9976
vn -0.0141 -0.0113 0.9998
vn -0.0448 -0.0751 0.9962
vn -0.0430 -0.0949 0.9946
vn -0.0115 -0.0667 0.9977
vn 0.0256 -0.0137 0.9996
vn 0.0389 0.0284 0.9988
vn 0.0162 0.0374 0.9992
vn -0.0280 0.0175 0.9995
vn -0.0613 -0.0064 0.9981
vn -0.0563 -0.0092 0.9984
vn -0.0098 0.0145 0.9998
vn 0.0529 0.0463 0.9975
vn 0.0935 0.0571 0.9940
vn 0.0866 0.0306 0.9958
vn 0.0345 -0.0242 0.9991
vn -0.0336 -0.0755 0.9966
vn -0.0796 -0.0899 0.9928
vn -0.0827 -0.0562 0.9950
vn -0.0487 0.0079 0.9988
vn -0.0042 0.0642 0.9979
vn 0.0691 0.0842 0.9941
vn 0.0510 0.0898 0.9947
vn 0.0008 0.0515 0.9987
vn -0.0559 -0.0083 0.9984
vn -0.0816 -0.0554 0.9951
vn -0.0604 -0.0652 0.9960
vn -0.0072 -0.0401 0.9992
vn 0.0439 -0.0057 0.9990
vn 0.0608 0.0105 0.9981
vn 0.0350 -0.0002 0.9994
vn -0.0133 -0.0221 0.9997
vn -0.0494 -0.0286 0.9984
vn -0.0481 -0.0037 0.9988
vn -0.0102 0.0436 0.9990
vn 0.0380 0.0830 0.9958
vn 0.0639 0.0840 0.9944
vn 0.0507 0.0378 0.9980
vn 0.0076 -0.0352 0.9994
vn -0.0362 -0.0943 0.9949
vn -0.0532 -0.1061 0.9929
vn -0.0368 -0.0656 0.9972
vn -0.0032 0.0030 1.0000
vn 0.0199 0.0592 0.9980
vn 0.0151 0.0738 0.9972
vn 0.0453 -0.0219 0.9987
vn -0.0126 -0.0706 0.9974
vn -0.0649 -0.1052 0.9923
vn -0.0856 -0.0987 0.9914
vn -0.0642 -0.0534 0.9965
vn -0.0190 -0.0033 0.9998
vn 0.0300 0.0195 0.9994
vn 0.0497 0.0086 0.9987
vn 0.0327 -0.0260 0.9991
vn -0.0001 -0.0572 0.9984
vn -0.0196 -0.0558 0.9982
vn -0.0101 -0.0129 0.9999
vn 0.0196 0.0513 0.9985
vn 0.0436 0.0983 0.9942
vn 0.0395 0.0977 0.9944
vn 0.0048 0.0462 0.9989
vn -0.0396 -0.0295 0.9988
vn -0.0633 -0.0868 0.9942
vn -0.0491 -0.0969 0.9941
vn -0.0053 -0.0602 0.9982
vn 0.0395 -0.0036 0.9992
vn 0.0545 0.0372 0.9978
vn 0.0299 0.0430 0.9986
vn -0.0172 0.0215 0.9996
vn -0.0474 -0.2020 0.9782
vn -0.0734 -0.2453 0.9667
vn -0.0622 -0.2296 0.9713
vn -0.0226 -0.1600 0.9869
vn 0.0189 -0.0683 0.9975
vn 0.0321 0.0021 0.9995
vn 0.0176 0.0119 0.9998
vn 0.0002 -0.0307 0.9995
vn -0.0093 -0.0696 0.9975
vn 0.0018 -0.0675 0.9977
vn 0.0342 -0.0208 0.9992
vn 0.0671 0.0443 0.9968
vn 0.0729 0.0881 0.9934
vn 0.0385 0.0851 0.9956
vn -0.0238 0.0376 0.9990
vn -0.0804 -0.0247 0.9965
vn -0.0977 -0.0648 0.9931
vn -0.0657 -0.0643 0.9958
vn -0.0025 -0.0318 0.9995
vn 0.0545 0.0046 0.9985
vn 0.0729 0.0184 0.9972
vn 0.0470 0.0047 0.9989
vn -0.0014 -0.0181 0.9998
vn -0.0375 -0.0231 0.9990
vn -0.1276 -0.3385 0.9323
vn -0.0692 -0.3466 0.9354
vn 0.0169 -0.2881 0.9574
vn 0.0826 -0.1940 0.9775
vn 0.0950 -0.1140 0.9889
vn 0.0554 -0.0734 0.9958
vn -0.0090 -0.0599 0.9982
vn -0.0379 -0.0611 0.9974
vn -0.0010 -0.0520 0.9986
vn 0.0587 -0.0098 0.9982
vn 0.1046 0.0407 0.9937
vn 0.1062 0.0660 0.9921
vn 0.0562 0.0506 0.9971
vn -0.0238 0.0062 0.9997
vn -0.0917 -0.0359 0.9951
vn -0.1129 -0.0484 0.9924
vn -0.0811 -0.0268 0.9963
vn -0.0184 0.0091 0.9998
vn 0.0375 0.0291 0.9989
vn 0.0582 0.0163 0.9982
vn 0.0423 -0.0203 0.9989
vn 0.0117 -0.0512 0.9986
vn -0.0059 -0.0483 0.9988
vn 0.0020 -0.0055 1.0000
vn -0.1680 -0.3920 0.9045
vn -0.0171 -0.3969 0.9177
vn 0.1222 -0.3352 0.9342
vn 0.1702 -0.2528 0.9524
vn 0.1364 -0.1923 0.9718
vn 0.0698 -0.1497 0.9863
vn 0.0162 -0.0992 0.9949
vn -0.0005 -0.0325 0.9995
vn 0.0552 0.0237 0.9982
vn 0.1115 0.0545 0.9923
vn 0.1175 0.0516 0.9917
vn 0.0692 0.0138 0.9975
vn -0.0081 -0.0355 0.9993
vn -0.0726 -0.0625 0.9954
vn -0.0946 -0.0491 0.9943
vn -0.0723 -0.0043 0.9974
vn -0.0281 0.0410 0.9988
vn 0.0073 0.0547 0.9985
vn 0.0171 0.0268 0.9995
vn 0.0081 -0.0235 0.9997
vn 0.0019 -0.0604 0.9982
vn 0.0156 -0.0566 0.9983
vn 0.0463 -0.0118 0.9989
vn 0.0714 0.0460 0.9964
vn -0.2341 -0.3811 0.8944
vn 0.0260 -0.4483 0.8935
vn 0.2256 -0.3944 0.8908
vn 0.2438 -0.3037 0.9210
vn 0.1893 -0.2267 0.9554
vn 0.1350 -0.1433 0.9804
vn 0.1061 -0.0460 0.9933
vn 0.0872 0.0442 0.9952
vn 0.0903 0.0816 0.9926
vn 0.0950 0.0545 0.9940
vn 0.0558 -0.0064 0.9984
vn -0.0018 -0.0656 0.9978
vn -0.0438 -0.0876 0.9952
vn -0.0524 -0.0605 0.9968
vn -0.0346 -0.0029 0.9994
vn -0.0136 0.0480 0.9988
vn -0.0099 0.0612 0.9981
vn -0.0246 0.0324 0.9992
vn -0.0389 -0.0148 0.9991
vn -0.0292 -0.0453 0.9985
vn 0.0125 -0.0379 0.9992
vn 0.0688 0.0009 0.9976
vn 0.1059 0.0420 0.9935
vn 0.0963 0.0553 0.9938
vn -0.4090 -0.2473 0.8784
vn 0.0723 -0.4249 0.9024
vn 0.3679 -0.3429 0.8643
vn 0.3407 -0.2308 0.9114
vn 0.2881 -0.1380 0.9476
vn 0.2457 -0.0359 0.9687
vn 0.2012 0.0504 0.9783
vn 0.1304 0.0896 0.9874
vn 0.0531 0.0649 0.9965
vn 0.0145 -0.0063 0.9999
vn -0.0207 -0.0703 0.9973
vn -0.0305 -0.0917 0.9953
vn -0.0129 -0.0644 0.9978
vn 0.0129 -0.0111 0.9999
vn 0.0204 0.0321 0.9993
vn -0.0024 0.0406 0.9992
vn -0.0428 0.0172 0.9989
vn -0.0704 -0.0129 0.9974
vn -0.0592 -0.0219 0.9980
vn -0.0060 -0.0006 1.0000
vn 0.0633 0.0351 0.9974
vn 0.1088 0.0552 0.9925
vn 0.1034 0.0400 0.9938
vn 0.0479 -0.0064 0.9988
vn -0.3981 0.2710 0.8764
vn 0.1260 0.2585 0.9578
vn 0.4417 0.0754 0.8940
vn 0.4183 0.0114 0.9082
vn 0.3779 0.0441 0.9248
vn 0.3178 0.0887 0.9440
vn 0.2214 0.0999 0.9701
vn 0.0856 0.0644 0.9942
vn -0.0310 0.0013 0.9995
vn -0.0568 -0.0536 0.9969
vn -0.0416 -0.0690 0.9968
vn 0.0016 -0.0463 0.9989
vn 0.0420 -0.0100 0.9991
vn 0.0499 0.0106 0.9987
vn 0.0177 0.0035 0.9998
vn -0.0339 -0.0185 0.9993
vn -0.0694 -0.0289 0.9972
vn -0.0629 -0.0094 0.9980
vn -0.0150 0.0345 0.9993
vn 0.0462 0.0751 0.9961
vn 0.0838 0.0814 0.9932
vn 0.0771 0.0421 0.9961
vn 0.0319 -0.0256 0.9992
vn -0.0226 -0.0835 0.9962
vn -0.2429 0.3573 0.9019
vn 0.0753 0.3885 0.9184
vn 0.3434 0.2971 0.8910
vn 0.4101 0.2171 0.8858
vn 0.3856 0.1773 0.9055
vn 0.2961 0.1357 0.9455
vn 0.1534 0.0726 0.9855
vn -0.0049 0.0044 1.0000
vn -0.0841 -0.0336 0.9959
vn -0.0621 -0.0319 0.9976
vn -0.0093 -0.0086 0.9999
vn 0.0381 0.0094 0.9992
vn 0.0507 0.0017 0.9987
vn 0.0249 -0.0289 0.9993
vn -0.0170 -0.0576 0.9982
vn -0.0426 -0.0561 0.9975
vn -0.0332 -0.0140 0.9993
vn 0.0044 0.0504 0.9987
vn 0.0427 0.0994 0.9941
vn 0.0544 0.1018 0.9933
vn 0.0313 0.0522 0.9981
vn -0.0106 -0.0242 0.9997
vn -0.0416 -0.0847 0.9955
vn -0.0411 -0.0983 0.9943
vn -0.1269 0.3334 0.9342
vn 0.0981 0.3800 0.9198
vn 0.2820 0.3508 0.8930
vn 0.3470 0.2793 0.8953
vn 0.3090 0.1901 0.9319
vn 0.1965 0.0936 0.9760
vn 0.0553 0.0145 0.9984
vn -0.0567 -0.0176 0.9982
vn -0.0665 -0.0020 0.9978
vn -0.0247 0.0300 0.9992
vn 0.0109 0.0380 0.9992
vn 0.0191 0.0092 0.9998
vn 0.0025 -0.0412 0.9991
vn -0.0165 -0.0791 0.9967
vn -0.0149 -0.0749 0.9971
vn 0.0127 -0.0243 0.9996
vn 0.0486 0.0469 0.9977
vn 0.0646 0.0974 0.9931
vn 0.0440 0.0988 0.9941
vn -0.0061 0.0513 0.9987
vn -0.0569 -0.0166 0.9982
vn -0.0762 -0.0654 0.9949
vn -0.0519 -0.0724 0.9960
vn 0.0008 -0.0431 0.9991
vn -0.0189 0.3257 0.9453
vn 0.1301 0.3566 0.9252
vn 0.2256 0.3153 0.9218
vn 0.2396 0.2216 0.9452
vn 0.1819 0.1103 0.9771
vn 0.0896 0.0245 0.9957
vn 0.0031 -0.0095 1.0000
vn -0.0353 0.0112 0.9993
vn -0.0211 0.0491 0.9986
vn -0.0137 0.0556 0.9984
vn -0.0257 0.0199 0.9995
vn -0.0428 -0.0359 0.9984
vn -0.0413 -0.0742 0.9964
vn -0.0081 -0.0688 0.9976
vn 0.0469 -0.0210 0.9987
vn 0.0930 0.0400 0.9949
vn 0.0994 0.0770 0.9921
vn 0.0569 0.0703 0.9959
vn -0.0160 0.0276 0.9995
vn -0.0800 -0.0209 0.9966
vn -0.1008 -0.0445 0.9939
vn -0.0708 -0.0339 0.9969
vn -0.0113 -0.0047 0.9999
vn 0.0405 0.0147 0.9991
vn 0.0455 0.2893 0.9562
vn 0.1053 0.2733 0.9562
vn 0.1255 0.1980 0.9721
vn 0.1100 0.0992 0.9890
vn 0.0770 0.0227 0.9968
vn 0.0415 -0.0075 0.9991
vn 0.0173 0.0092 0.9998
vn 0.0073 0.0423 0.9991
vn -0.0159 0.0473 0.9988
vn -0.0557 0.0148 0.9983
vn -0.0848 -0.0297 0.9960
vn -0.0763 -0.0531 0.9957
vn -0.0232 -0.0382 0.9990
vn 0.0530 0.0054 0.9986
vn 0.1118 0.0467 0.9926
vn 0.1209 0.0576 0.9910
vn 0.0746 0.0316 0.9967
vn -0.0030 -0.0127 0.9999
vn -0.0700 -0.0430 0.9966
vn -0.0944 -0.0385 0.9948
vn -0.0725 -0.0043 0.9974
vn -0.0266 0.0324 0.9991
vn 0.0112 0.0417 0.9991
vn 0.0214 0.0129 0.9997
vn 0.0540 -0.0147 -0.9984
vn 0.1017 0.0389 -0.9941
vn 0.1068 0.0686 -0.9919
vn 0.0603 0.0570 -0.9965
vn -0.0179 0.0138 -0.9997
vn -0.0865 -0.0304 -0.9958
vn -0.1101 -0.0468 -0.9928
vn -0.0809 -0.0290 -0.9963
vn -0.0199 0.0047 -0.9998
vn 0.0355 0.0250 -0.9991
vn 0.0565 0.0137 -0.9983
vn 0.0403 -0.0213 -0.9990
vn 0.0086 -0.0519 -0.9986
vn -0.0102 -0.0493 -0.9987
vn -0.0022 -0.0067 -1.0000
vn 0.0225 0.0541 -0.9983
vn 0.0389 0.0951 -0.9947
vn 0.0273 0.0882 -0.9957
vn -0.0117 0.0329 -0.9994
vn -0.0547 -0.0414 -0.9976
vn -0.0714 -0.0925 -0.9931
vn -0.0482 -0.0950 -0.9943
vn 0.0035 -0.0522 -0.9986
vn 0.0520 0.0065 -0.9986
vn 0.1108 0.0522 -0.9925
vn 0.1203 0.0541 -0.9913
vn 0.0746 0.0201 -0.9970
vn -0.0025 -0.0281 -0.9996
vn -0.0692 -0.0571 -0.9960
vn -0.0940 -0.0471 -0.9945
vn -0.0739 -0.0057 -0.9973
vn -0.0303 0.0378 -0.9988
vn 0.0058 0.0515 -0.9987
vn 0.0165 0.0244 -0.9996
vn 0.0074 -0.0256 -0.9996
vn -0.0002 -0.0629 -0.9980
vn 0.0119 -0.0594 -0.9982
vn 0.0424 -0.0139 -0.9990
vn 0.0694 0.0463 -0.9965
vn 0.0672 0.0832 -0.9943
vn 0.0255 0.0739 -0.9969
vn -0.0402 0.0236 -0.9989
vn -0.0942 -0.0359 -0.9949
vn -0.1043 -0.0691 -0.9921
vn -0.0638 -0.0610 -0.9961
vn 0.0059 -0.0234 -0.9997
vn 0.0655 0.0140 -0.9978
vn 0.0832 0.0258 -0.9962
vn 0.1000 0.0567 -0.9934
vn 0.0629 -0.0010 -0.9980
vn 0.0044 -0.0597 -0.9982
vn -0.0407 -0.0833 -0.9957
vn -0.0529 -0.0589 -0.9969
vn -0.0375 -0.0035 -0.9993
vn -0.0168 0.0466 -0.9988
vn -0.0120 0.0599 -0.9981
vn -0.0256 0.0309 -0.9992
vn -0.0398 -0.0172 -0.9991
vn -0.0311 -0.0492 -0.9983
vn 0.0097 -0.0425 -0.9991
vn 0.0664 -0.0024 -0.9978
vn 0.1056 0.0421 -0.9935
vn 0.0991 0.0596 -0.9933
vn 0.0423 0.0381 -0.9984
vn -0.0398 -0.0080 -0.9992
vn -0.1038 -0.0463 -0.9935
vn -0.1176 -0.0515 -0.9917
vn -0.0782 -0.0228 -0.9967
vn -0.0103 0.0172 -0.9998
vn 0.0471 0.0376 -0.9982
vn 0.0670 0.0229 -0.9975
vn 0.0496 -0.0158 -0.9986
vn 0.0228 -0.0017 -0.9997
vn -0.0135 -0.0661 -0.9977
vn -0.0267 -0.0894 -0.9956
vn -0.0129 -0.0640 -0.9979
vn 0.0103 -0.0115 -0.9999
vn 0.0171 0.0320 -0.9993
vn -0.0052 0.0410 -0.9991
vn -0.0452 0.0171 -0.9988
vn -0.0731 -0.0149 -0.9972
vn -0.0622 -0.0262 -0.9977
vn -0.0089 -0.0059 -0.9999
vn 0.0621 0.0310 -0.9976
vn 0.1107 0.0549 -0.9923
vn 0.1084 0.0441 -0.9931
vn 0.0543 0.0006 -0.9985
vn -0.0235 -0.0492 -0.9985
vn -0.0830 -0.0717 -0.9940
vn -0.0976 -0.0512 -0.9939
vn -0.0684 -0.0003 -0.9977
vn -0.0203 0.0481 -0.9986
vn 0.0159 0.0618 -0.9980
vn 0.0249 0.0327 -0.9992
vn 0.0151 -0.0185 -0.9997
vn 0.0085 -0.0555 -0.9984
vn -0.0498 -0.0507 -0.9975
vn -0.0372 -0.0684 -0.9970
vn 0.0029 -0.0472 -0.9989
vn 0.0412 -0.0110 -0.9991
vn 0.0479 0.0108 -0.9988
vn 0.0151 0.0046 -0.9999
vn -0.0375 -0.0180 -0.9991
vn -0.0742 -0.0305 -0.9968
vn -0.0681 -0.0134 -0.9976
vn -0.0191 0.0296 -0.9994
vn 0.0453 0.0716 -0.9964
vn 0.0873 0.0814 -0.9928
vn 0.0842 0.0460 -0.9954
vn 0.0400 -0.0196 -0.9990
vn -0.0168 -0.0781 -0.9968
vn -0.0530 -0.0950 -0.9941
vn -0.0542 -0.0617 -0.9966
vn -0.0303 0.0008 -0.9995
vn -0.0062 0.0537 -0.9985
vn -0.0019 0.0668 -0.9978
vn -0.0170 0.0375 -0.9992
vn -0.0315 -0.0093 -0.9995
vn -0.0218 -0.0389 -0.9990
vn 0.0184 -0.0318 -0.9993
vn -0.0583 -0.0320 -0.9978
vn -0.0071 -0.0102 -0.9999
vn 0.0392 0.0079 -0.9992
vn 0.0510 0.0015 -0.9987
vn 0.0236 -0.0284 -0.9993
vn -0.0206 -0.0578 -0.9981
vn -0.0487 -0.0581 -0.9971
vn -0.0404 -0.0177 -0.9990
vn -0.0013 0.0465 -0.9989
vn 0.0412 0.0976 -0.9944
vn 0.0581 0.1032 -0.9930
vn 0.0392 0.0565 -0.9976
vn -0.0016 -0.0191 -0.9998
vn -0.0350 -0.0812 -0.9961
vn -0.0388 -0.0974 -0.9945
vn -0.0142 -0.0646 -0.9978
vn 0.0169 -0.0077 -0.9998
vn 0.0271 0.0365 -0.9990
vn 0.0051 0.0449 -0.9990
vn -0.0348 0.0218 -0.9992
vn -0.0619 -0.0068 -0.9981
vn -0.0505 -0.0144 -0.9986
vn 0.0004 0.0063 -1.0000
vn 0.0642 0.0377 -0.9972
vn -0.0228 0.0291 -0.9993
vn 0.0131 0.0370 -0.9992
vn 0.0211 0.0088 -0.9997
vn 0.0028 -0.0418 -0.9991
vn -0.0193 -0.0809 -0.9965
vn -0.0209 -0.0783 -0.9967
vn 0.0051 -0.0285 -0.9996
vn 0.0422 0.0439 -0.9981
vn 0.0624 0.0975 -0.9933
vn 0.0471 0.1023 -0.9936
vn 0.0010 0.0568 -0.9984
vn -0.0488 -0.0116 -0.9987
vn -0.0700 -0.0631 -0.9956
vn -0.0491 -0.0731 -0.9961
vn 0.0002 -0.0457 -0.9990
vn 0.0449 -0.0070 -0.9990
vn 0.0552 0.0139 -0.9984
vn 0.0246 0.0069 -0.9997
vn -0.0254 -0.0139 -0.9996
vn -0.0593 -0.0221 -0.9980
vn -0.0526 -0.0011 -0.9986
vn -0.0080 0.0414 -0.9991
vn 0.0463 0.0769 -0.9960
vn 0.0757 0.0760 -0.9942
vn -0.0118 0.0562 -0.9983
vn -0.0234 0.0201 -0.9995
vn -0.0420 -0.0372 -0.9984
vn -0.0435 -0.0778 -0.9960
vn -0.0133 -0.0742 -0.9972
vn 0.0403 -0.0265 -0.9988
vn 0.0877 0.0370 -0.9955
vn 0.0978 0.0782 -0.9921
vn 0.0596 0.0754 -0.9954
vn -0.0103 0.0344 -0.9994
vn -0.0739 -0.0155 -0.9971
vn -0.0963 -0.0423 -0.9945
vn -0.0686 -0.0351 -0.9970
vn -0.0110 -0.0079 -0.9999
vn 0.0396 0.0117 -0.9991
vn 0.0546 0.0043 -0.9985
vn 0.0310 -0.0256 -0.9992
vn -0.0080 -0.0523 -0.9986
vn -0.0311 -0.0482 -0.9984
vn -0.0217 -0.0050 -0.9998
vn 0.0117 0.0568 -0.9983
vn 0.0422 0.0997 -0.9941
vn 0.0450 0.0948 -0.9945
vn 0.0155 0.0398 -0.9991
vn -0.0546 0.0163 -0.9984
vn -0.0852 -0.0308 -0.9959
vn -0.0791 -0.0576 -0.9952
vn -0.0281 -0.0450 -0.9986
vn 0.0478 -0.0013 -0.9989
vn 0.1087 0.0433 -0.9931
vn 0.1212 0.0590 -0.9909
vn 0.0781 0.0371 -0.9963
vn 0.0019 -0.0056 -1.0000
vn -0.0659 -0.0373 -0.9971
vn -0.0922 -0.0359 -0.9951
vn -0.0719 -0.0049 -0.9974
vn -0.0267 0.0301 -0.9992
vn 0.0114 0.0393 -0.9992
vn 0.0217 0.0112 -0.9997
vn 0.0081 -0.0376 -0.9993
vn -0.0070 -0.0724 -0.9973
vn -0.0024 -0.0654 -0.9979
vn 0.0248 -0.0146 -0.9996
vn 0.0556 0.0526 -0.9971
vn 0.0631 0.0960 -0.9934
vn 0.0338 0.0901 -0.9954
vn -0.0220 0.0380 -0.9990
vn -0.0726 -0.0291 -0.9969
vn -0.1018 -0.0395 -0.9940
vn -0.0993 -0.0399 -0.9943
vn -0.0456 -0.0069 -0.9989
vn 0.0342 0.0397 -0.9986
vn 0.0973 0.0672 -0.9930
vn 0.1129 0.0552 -0.9921
vn 0.0774 0.0088 -0.9970
vn 0.0150 -0.0430 -0.9990
vn -0.0378 -0.0657 -0.9971
vn -0.0573 -0.0450 -0.9973
vn -0.0453 0.0043 -0.9990
vn -0.0232 0.0480 -0.9986
vn -0.0140 0.0554 -0.9984
vn -0.0235 0.0211 -0.9995
vn -0.0369 -0.0317 -0.9988
vn -0.0311 -0.0660 -0.9973
vn 0.0050 -0.0578 -0.9983
vn 0.0587 -0.0108 -0.9982
vn 0.0988 0.0448 -0.9941
vn 0.0966 0.0740 -0.9926
vn 0.0458 0.0600 -0.9971
vn -0.0315 0.0138 -0.9994
vn -0.0942 -0.0327 -0.9950
vn -0.1093 -0.0504 -0.9927
vn -0.0866 -0.0385 -0.9955
vn -0.0410 0.0190 -0.9990
vn 0.0231 0.0754 -0.9969
vn 0.0691 0.0955 -0.9930
vn 0.0755 0.0656 -0.9950
vn 0.0464 0.0016 -0.9989
vn 0.0069 -0.0587 -0.9983
vn -0.0159 -0.0803 -0.9966
vn -0.0133 -0.0546 -0.9984
vn 0.0013 -0.0024 -1.0000
vn 0.0047 0.0398 -0.9992
vn -0.0166 0.0456 -0.9988
vn -0.0533 0.0154 -0.9985
vn -0.0780 -0.0249 -0.9966
vn -0.0649 -0.0435 -0.9969
vn -0.0095 -0.0258 -0.9996
vn 0.0641 0.0158 -0.9978
vn 0.1159 0.0508 -0.9920
vn 0.1162 0.0534 -0.9918
vn 0.0626 0.0204 -0.9978
vn -0.0181 -0.0263 -0.9995
vn -0.0825 -0.0537 -0.9951
vn -0.1012 -0.0434 -0.9939
vn -0.0733 -0.0036 -0.9973
vn -0.0062 0.0239 -0.9997
vn 0.0349 0.0882 -0.9955
vn 0.0501 0.1076 -0.9929
vn 0.0323 0.0737 -0.9968
vn -0.0020 0.0083 -1.0000
vn -0.0246 -0.0491 -0.9985
vn -0.0177 -0.0681 -0.9975
vn 0.0127 -0.0464 -0.9988
vn 0.0407 -0.0073 -0.9991
vn 0.0392 0.0179 -0.9991
vn 0.0009 0.0128 -0.9999
vn -0.0545 -0.0133 -0.9984
vn -0.0910 -0.0333 -0.9953
vn -0.0815 -0.0248 -0.9964
vn -0.0254 0.0130 -0.9996
vn 0.0491 0.0564 -0.9972
vn 0.1008 0.0737 -0.9922
vn 0.1036 0.0489 -0.9934
vn 0.0591 -0.0074 -0.9982
vn -0.0050 -0.0617 -0.9981
vn -0.0523 -0.0800 -0.9954
vn -0.0634 -0.0516 -0.9967
vn -0.0444 0.0044 -0.9990
vn -0.0189 0.0514 -0.9985
vn 0.0689 0.0768 -0.9947
vn 0.0553 0.0926 -0.9942
vn 0.0094 0.0623 -0.9980
vn -0.0398 0.0105 -0.9992
vn -0.0595 -0.0282 -0.9978
vn -0.0374 -0.0346 -0.9987
vn 0.0104 -0.0154 -0.9998
vn 0.0503 0.0045 -0.9987
vn 0.0535 0.0022 -0.9986
vn 0.0161 -0.0243 -0.9996
vn -0.0379 -0.0540 -0.9978
vn -0.0725 -0.0580 -0.9957
vn -0.0647 -0.0229 -0.9976
vn -0.0184 0.0380 -0.9991
vn 0.0378 0.0897 -0.9952
vn 0.0703 0.0994 -0.9926
vn 0.0632 0.0581 -0.9963
vn 0.0259 -0.0134 -0.9996
vn -0.0136 -0.0742 -0.9972
vn -0.0299 -0.0911 -0.9954
vn -0.0188 -0.0594 -0.9981
vn 0.0024 -0.0032 -1.0000
vn 0.0089 0.0403 -0.9991
vn -0.0112 0.0466 -0.9989
vn 0.0760 0.0580 -0.9954
vn 0.0140 0.0284 -0.9995
vn -0.0464 -0.0049 -0.9989
vn -0.0711 -0.0158 -0.9973
vn -0.0514 0.0006 -0.9987
vn -0.0066 0.0255 -0.9997
vn 0.0298 0.0313 -0.9991
vn 0.0337 0.0036 -0.9994
vn 0.0061 -0.0459 -0.9989
vn -0.0286 -0.0848 -0.9960
vn -0.0420 -0.0828 -0.9957
vn -0.0222 -0.0330 -0.9992
vn 0.0180 0.0415 -0.9990
vn 0.0499 0.0990 -0.9938
vn 0.0507 0.1077 -0.9929
vn 0.0194 0.0641 -0.9978
vn -0.0224 -0.0059 -0.9997
vn -0.0446 -0.0616 -0.9971
vn -0.0318 -0.0754 -0.9966
vn 0.0059 -0.0491 -0.9988
vn 0.0395 -0.0082 -0.9992
vn 0.0415 0.0166 -0.9990
vn 0.0061 0.0117 -0.9999
vn -0.0451 -0.0109 -0.9989
vn 0.0301 -0.0130 -0.9995
vn -0.0249 -0.0340 -0.9991
vn -0.0488 -0.0205 -0.9986
vn -0.0382 0.0188 -0.9991
vn -0.0130 0.0543 -0.9984
vn 0.0006 0.0558 -0.9984
vn -0.0094 0.0151 -0.9998
vn -0.0325 -0.0465 -0.9984
vn -0.0438 -0.0907 -0.9949
vn -0.0252 -0.0882 -0.9958
vn 0.0200 -0.0373 -0.9991
vn 0.0663 0.0338 -0.9972
vn 0.0827 0.0845 -0.9930
vn 0.0557 0.0891 -0.9945
vn -0.0024 0.0503 -0.9987
vn -0.0576 -0.0037 -0.9983
vn -0.0769 -0.0389 -0.9963
vn -0.0507 -0.0398 -0.9979
vn 0.0020 -0.0168 -0.9999
vn 0.0457 0.0036 -0.9990
vn 0.0522 0.0003 -0.9986
vn 0.0197 -0.0255 -0.9995
vn -0.0273 -0.0508 -0.9983
vn -0.0548 -0.0481 -0.9973
vn 0.0019 -0.0580 -0.9983
vn -0.0059 -0.0332 -0.9994
vn 0.0025 0.0171 -0.9999
vn 0.0060 0.0575 -0.9983
vn -0.0121 0.0588 -0.9982
vn -0.0486 0.0182 -0.9987
vn -0.0797 -0.0385 -0.9961
vn -0.0778 -0.0742 -0.9942
vn -0.0329 -0.0665 -0.9972
vn 0.0382 -0.0204 -0.9991
vn 0.0982 0.0338 -0.9946
vn 0.1133 0.0626 -0.9916
vn 0.0750 0.0523 -0.9958
vn 0.0035 0.0151 -0.9999
vn -0.0608 -0.0191 -0.9980
vn -0.0847 -0.0258 -0.9961
vn -0.0624 -0.0043 -0.9980
vn -0.0155 0.0235 -0.9996
vn 0.0224 0.0295 -0.9993
vn 0.0291 0.0015 -0.9996
vn 0.0076 -0.0457 -0.9989
vn -0.0180 -0.0790 -0.9967
vn -0.0226 -0.0703 -0.9973
vn 0.0011 -0.0168 -0.9999
vn 0.0299 -0.0349 -0.9989
vn 0.0488 0.0094 -0.9988
vn 0.0418 0.0400 -0.9983
vn -0.0008 0.0349 -0.9994
vn -0.0624 -0.0012 -0.9981
vn -0.1076 -0.0405 -0.9934
vn -0.1061 -0.0531 -0.9929
vn -0.0523 -0.0287 -0.9982
vn 0.0300 0.0170 -0.9994
vn 0.0977 0.0519 -0.9939
vn 0.1172 0.0522 -0.9917
vn 0.0836 0.0183 -0.9963
vn -0.0366 -0.0469 -0.9982
vn -0.0589 -0.0300 -0.9978
vn -0.0467 0.0128 -0.9988
vn -0.0213 0.0497 -0.9985
vn -0.0078 0.0514 -0.9986
vn -0.0155 0.0121 -0.9998
vn -0.0319 -0.0448 -0.9985
vn -0.0334 -0.0814 -0.9961
vn -0.0057 -0.0721 -0.9974
vn 0.0429 -0.0194 -0.9989
vn 0.0838 0.0460 -0.9954
vn 0.0731 0.0138 -0.9972
vn 0.0684 0.0205 -0.9974
vn 0.0190 -0.0027 -0.9998
vn -0.0514 -0.0398 -0.9979
vn -0.1028 -0.0607 -0.9928
vn -0.1056 -0.0450 -0.9934
vn -0.0576 0.0037 -0.9983
vn 0.0149 0.0571 -0.9983
vn 0.0723 0.0807 -0.9941
vn 0.0883 0.0586 -0.9944
vn 0.0634 0.0035 -0.9980
vn 0.0213 -0.0500 -0.9985
vn -0.0090 -0.0682 -0.9976
vn -0.0145 -0.0415 -0.9990
vn -0.0048 0.0099 -0.9999
vn -0.0018 0.0498 -0.9988
vn -0.0203 0.0509 -0.9985
vn -0.0539 0.0134 -0.9985
vn -0.0777 -0.0359 -0.9963
vn -0.0661 -0.0621 -0.9959
vn -0.0134 -0.0471 -0.9988
vn 0.0591 -0.0007 -0.9983
vn 0.1123 0.0456 -0.9926
vn 0.1157 0.0619 -0.9914
vn 0.0640 0.0154 -0.9978
vn 0.0216 -0.0325 -0.9992
vn -0.0370 -0.0785 -0.9962
vn -0.0758 -0.0897 -0.9931
vn -0.0730 -0.0530 -0.9959
vn -0.0330 0.0160 -0.9993
vn 0.0172 0.0791 -0.9967
vn 0.0470 0.1004 -0.9938
vn 0.0438 0.0698 -0.9966
vn 0.0187 0.0073 -0.9998
vn -0.0026 -0.0482 -0.9988
vn -0.0012 -0.0655 -0.9979
vn 0.0205 -0.0410 -0.9989
vn 0.0401 0.0018 -0.9992
vn 0.0328 0.0299 -0.9990
vn -0.0088 0.0242 -0.9997
vn -0.0656 -0.0076 -0.9978
vn -0.1021 -0.0375 -0.9941
vn -0.0913 -0.0393 -0.9950
vn -0.0315 -0.0078 -0.9995
vn 0.0492 0.0371 -0.9981
vn 0.1077 0.0630 -0.9922
vn 0.1153 0.0507 -0.9920
vn 0.0714 0.0058 -0.9974
vn -0.0064 -0.0418 -0.9991
vn -0.0424 -0.0971 -0.9944
vn -0.0523 -0.1069 -0.9929
vn -0.0282 -0.0633 -0.9976
vn 0.0140 0.0113 -0.9998
vn 0.0447 0.0750 -0.9962
vn 0.0431 0.0950 -0.9945
vn 0.0115 0.0667 -0.9977
vn -0.0257 0.0137 -0.9996
vn -0.0389 -0.0284 -0.9988
vn -0.0162 -0.0374 -0.9992
vn 0.0279 -0.0175 -0.9995
vn 0.0612 0.0064 -0.9981
vn 0.0563 0.0093 -0.9984
vn 0.0098 -0.0145 -0.9998
vn -0.0529 -0.0463 -0.9975
vn -0.0935 -0.0571 -0.9940
vn -0.0866 -0.0306 -0.9958
vn -0.0345 0.0242 -0.9991
vn 0.0335 0.0755 -0.9966
vn 0.0796 0.0899 -0.9928
vn 0.0828 0.0562 -0.9950
vn 0.0487 -0.0079 -0.9988
vn 0.0041 -0.0643 -0.9979
vn -0.0690 -0.0842 -0.9941
vn -0.0509 -0.0897 -0.9947
vn -0.0008 -0.0514 -0.9987
vn 0.0559 0.0083 -0.9984
vn 0.0816 0.0553 -0.9951
vn 0.0604 0.0652 -0.9960
vn 0.0072 0.0401 -0.9992
vn -0.0440 0.0057 -0.9990
vn -0.0608 -0.0105 -0.9981
vn -0.0350 0.0002 -0.9994
vn 0.0133 0.0221 -0.9997
vn 0.0494 0.0286 -0.9984
vn 0.0481 0.0038 -0.9988
vn 0.0102 -0.0436 -0.9990
vn -0.0381 -0.0830 -0.9958
vn -0.0639 -0.0840 -0.9944
vn -0.0506 -0.0377 -0.9980
vn -0.0076 0.0352 -0.9994
vn 0.0361 0.0942 -0.9949
vn 0.0533 0.1061 -0.9929
vn 0.0368 0.0656 -0.9972
vn 0.0031 -0.0031 -1.0000
vn -0.0199 -0.0592 -0.9980
vn -0.0151 -0.0738 -0.9972
vn -0.0453 0.0221 -0.9987
vn 0.0126 0.0706 -0.9974
vn 0.0649 0.1051 -0.9923
vn 0.0856 0.0987 -0.9914
vn 0.0642 0.0535 -0.9965
vn 0.0190 0.0033 -0.9998
vn -0.0300 -0.0195 -0.9994
vn -0.0497 -0.0086 -0.9987
vn -0.0327 0.0261 -0.9991
vn 0.0001 0.0572 -0.9984
vn 0.0196 0.0558 -0.9982
vn 0.0102 0.0130 -0.9999
vn -0.0196 -0.0513 -0.9985
vn -0.0437 -0.0983 -0.9942
vn -0.0394 -0.0977 -0.9944
vn -0.0047 -0.0461 -0.9989
vn 0.0396 0.0295 -0.9988
vn 0.0632 0.0867 -0.9942
vn 0.0492 0.0969 -0.9941
vn 0.0053 0.0602 -0.9982
vn -0.0395 0.0035 -0.9992
vn -0.0546 -0.0373 -0.9978
vn -0.0298 -0.0430 -0.9986
vn 0.0172 -0.0215 -0.9996
vn 0.0474 0.2020 -0.9782
vn 0.0733 0.2452 -0.9667
vn 0.0622 0.2295 -0.9713
vn 0.0226 0.1600 -0.9869
vn -0.0190 0.0683 -0.9975
vn -0.0322 -0.0021 -0.9995
vn -0.0176 -0.0118 -0.9998
vn -0.0002 0.0307 -0.9995
vn 0.0093 0.0696 -0.9975
vn -0.0018 0.0675 -0.9977
vn -0.0342 0.0208 -0.9992
vn -0.0672 -0.0443 -0.9968
vn -0.0729 -0.0881 -0.9934
vn -0.0384 -0.0850 -0.9956
vn 0.0238 -0.0376 -0.9990
vn 0.0803 0.0246 -0.9965
vn 0.0977 0.0648 -0.9931
vn 0.0657 0.0644 -0.9958
vn 0.0025 0.0318 -0.9995
vn -0.0545 -0.0046 -0.9985
vn -0.0729 -0.0184 -0.9972
vn -0.0470 -0.0047 -0.9989
vn 0.0013 0.0181 -0.9998
vn 0.0375 0.0231 -0.9990
vn 0.1276 0.3384 -0.9323
vn 0.0692 0.3466 -0.9354
vn -0.0169 0.2881 -0.9574
vn -0.0826 0.1940 -0.9775
vn -0.0951 0.1140 -0.9889
vn -0.0554 0.0734 -0.9958
vn 0.0089 0.0599 -0.9982
vn 0.0379 0.0611 -0.9974
vn 0.0010 0.0521 -0.9986
vn -0.0587 0.0098 -0.9982
vn -0.1047 -0.0408 -0.9937
vn -0.1062 -0.0660 -0.9922
vn -0.0561 -0.0506 -0.9971
vn 0.0238 -0.0063 -0.9997
vn 0.0916 0.0359 -0.9951
vn 0.1129 0.0484 -0.9924
vn 0.0812 0.0268 -0.9963
vn 0.0183 -0.0091 -0.9998
vn -0.0375 -0.0292 -0.9989
vn -0.0582 -0.0163 -0.9982
vn -0.0423 0.0203 -0.9989
vn -0.0117 0.0512 -0.9986
vn 0.0059 0.0483 -0.9988
vn -0.0020 0.0055 -1.0000
vn 0.1681 0.3920 -0.9045
vn 0.0171 0.3969 -0.9177
vn -0.1223 0.3351 -0.9342
vn -0.1702 0.2527 -0.9524
vn -0.1364 0.1923 -0.9718
vn -0.0698 0.1497 -0.9863
vn -0.0162 0.0992 -0.9949
vn 0.0005 0.0326 -0.9995
vn -0.0553 -0.0237 -0.9982
vn -0.1115 -0.0545 -0.9923
vn -0.1174 -0.0515 -0.9917
vn -0.0692 -0.0138 -0.9975
vn 0.0080 0.0354 -0.9993
vn 0.0726 0.0625 -0.9954
vn 0.0947 0.0491 -0.9943
vn 0.0723 0.0043 -0.9974
vn 0.0280 -0.0410 -0.9988
vn -0.0073 -0.0547 -0.9985
vn -0.0171 -0.0268 -0.9995
vn -0.0081 0.0235 -0.9997
vn -0.0020 0.0604 -0.9982
vn -0.0155 0.0566 -0.9983
vn -0.0463 0.0119 -0.9989
vn -0.0715 -0.0461 -0.9964
vn 0.2342 0.3810 -0.8944
vn -0.0261 0.4485 -0.8934
vn -0.2257 0.3943 -0.8909
vn -0.2437 0.3037 -0.9211
vn -0.1892 0.2268 -0.9554
vn -0.1350 0.1434 -0.9804
vn -0.1061 0.0460 -0.9933
vn -0.0873 -0.0442 -0.9952
vn -0.0903 -0.0817 -0.9926
vn -0.0950 -0.0544 -0.9940
vn -0.0558 0.0064 -0.9984
vn 0.0017 0.0656 -0.9978
vn 0.0438 0.0875 -0.9952
vn 0.0525 0.0606 -0.9968
vn 0.0346 0.0029 -0.9994
vn 0.0135 -0.0480 -0.9988
vn 0.0099 -0.0612 -0.9981
vn 0.0246 -0.0324 -0.9992
vn 0.0389 0.0147 -0.9991
vn 0.0292 0.0453 -0.9985
vn -0.0124 0.0380 -0.9992
vn -0.0689 -0.0009 -0.9976
vn -0.1060 -0.0421 -0.9935
vn -0.0963 -0.0553 -0.9938
vn 0.4100 0.2477 -0.8778
vn -0.0729 0.4268 -0.9014
vn -0.3682 0.3434 -0.8640
vn -0.3407 0.2310 -0.9114
vn -0.2881 0.1381 -0.9476
vn -0.2457 0.0359 -0.9687
vn -0.2012 -0.0504 -0.9782
vn -0.1304 -0.0896 -0.9874
vn -0.0531 -0.0649 -0.9965
vn -0.0145 0.0063 -0.9999
vn 0.0206 0.0702 -0.9973
vn 0.0305 0.0917 -0.9953
vn 0.0129 0.0644 -0.9978
vn -0.0129 0.0111 -0.9999
vn -0.0205 -0.0321 -0.9993
vn 0.0024 -0.0406 -0.9992
vn 0.0428 -0.0172 -0.9989
vn 0.0704 0.0128 -0.9974
vn 0.0592 0.0219 -0.9980
vn 0.0060 0.0006 -1.0000
vn -0.0633 -0.0351 -0.9974
vn -0.1088 -0.0553 -0.9925
vn -0.1034 -0.0400 -0.9938
vn -0.0479 0.0064 -0.9988
vn 0.3992 -0.2721 -0.8756
vn -0.1267 -0.2602 -0.9572
vn -0.4423 -0.0756 -0.8937
vn -0.4184 -0.0114 -0.9082
vn -0.3780 -0.0442 -0.9248
vn -0.3178 -0.0887 -0.9440
vn -0.2213 -0.0999 -0.9701
vn -0.0856 -0.0643 -0.9943
vn 0.0309 -0.0013 -0.9995
vn 0.0568 0.0536 -0.9969
vn 0.0416 0.0690 -0.9967
vn -0.0016 0.0463 -0.9989
vn -0.0421 0.0100 -0.9991
vn -0.0499 -0.0106 -0.9987
vn -0.0177 -0.0034 -0.9998
vn 0.0339 0.0185 -0.9993
vn 0.0694 0.0289 -0.9972
vn 0.0629 0.0095 -0.9980
vn 0.0150 -0.0345 -0.9993
vn -0.0462 -0.0751 -0.9961
vn -0.0838 -0.0814 -0.9932
vn -0.0770 -0.0421 -0.9961
vn -0.0319 0.0256 -0.9992
vn 0.0226 0.0834 -0.9963
vn 0.2432 -0.3572 -0.9018
vn -0.0753 -0.3889 -0.9182
vn -0.3435 -0.2972 -0.8909
vn -0.4101 -0.2171 -0.8858
vn -0.3855 -0.1773 -0.9055
vn -0.2959 -0.1356 -0.9455
vn -0.1533 -0.0725 -0.9855
vn 0.0047 -0.0045 -1.0000
vn 0.0840 0.0335 -0.9959
vn 0.0621 0.0320 -0.9976
vn 0.0093 0.0086 -0.9999
vn -0.0381 -0.0094 -0.9992
vn -0.0507 -0.0016 -0.9987
vn -0.0249 0.0289 -0.9993
vn 0.0170 0.0576 -0.9982
vn 0.0426 0.0561 -0.9975
vn 0.0333 0.0141 -0.9993
vn -0.0044 -0.0504 -0.9987
vn -0.0428 -0.0995 -0.9941
vn -0.0544 -0.1017 -0.9933
vn -0.0312 -0.0522 -0.9982
vn 0.0105 0.0241 -0.9997
vn 0.0415 0.0846 -0.9955
vn 0.0411 0.0983 -0.9943
vn 0.1271 -0.3333 -0.9342
vn -0.0981 -0.3801 -0.9197
vn -0.2820 -0.3508 -0.8930
vn -0.3469 -0.2792 -0.8954
vn -0.3089 -0.1900 -0.9319
vn -0.1965 -0.0936 -0.9760
vn -0.0554 -0.0146 -0.9984
vn 0.0566 0.0176 -0.9982
vn 0.0665 0.0021 -0.9978
vn 0.0247 -0.0301 -0.9992
vn -0.0110 -0.0380 -0.9992
vn -0.0190 -0.0092 -0.9998
vn -0.0025 0.0412 -0.9991
vn 0.0165 0.0790 -0.9967
vn 0.0149 0.0749 -0.9971
vn -0.0127 0.0243 -0.9996
vn -0.0486 -0.0470 -0.9977
vn -0.0646 -0.0974 -0.9931
vn -0.0440 -0.0987 -0.9941
vn 0.0061 -0.0512 -0.9987
vn 0.0569 0.0165 -0.9982
vn 0.0762 0.0653 -0.9950
vn 0.0519 0.0724 -0.9960
vn -0.0008 0.0430 -0.9991
vn 0.0190 -0.3257 -0.9453
vn -0.1302 -0.3566 -0.9251
vn -0.2255 -0.3152 -0.9218
vn -0.2395 -0.2215 -0.9453
vn -0.1819 -0.1103 -0.9771
vn -0.0897 -0.0246 -0.9957
vn -0.0032 0.0094 -1.0000
vn 0.0353 -0.0112 -0.9993
vn 0.0211 -0.0491 -0.9986
vn 0.0137 -0.0556 -0.9984
vn 0.0257 -0.0198 -0.9995
vn 0.0428 0.0358 -0.9984
vn 0.0413 0.0742 -0.9964
vn 0.0082 0.0689 -0.9976
vn -0.0469 0.0211 -0.9987
vn -0.0930 -0.0400 -0.9949
vn -0.0994 -0.0770 -0.9921
vn -0.0568 -0.0702 -0.9959
vn 0.0160 -0.0276 -0.9995
vn 0.0800 0.0209 -0.9966
vn 0.1008 0.0445 -0.9939
vn 0.0708 0.0339 -0.9969
vn 0.0112 0.0047 -0.9999
vn -0.0405 -0.0147 -0.9991
vn -0.0455 -0.2893 -0.9562
vn -0.1053 -0.2733 -0.9562
vn -0.1256 -0.1981 -0.9721
vn -0.1101 -0.0993 -0.9889
vn -0.0772 -0.0227 -0.9968
vn -0.0415 0.0074 -0.9991
vn -0.0173 -0.0092 -0.9998
vn -0.0073 -0.0423 -0.9991
vn 0.0159 -0.0472 -0.9988
vn 0.0557 -0.0148 -0.9983
vn 0.0848 0.0296 -0.9960
vn 0.0763 0.0531 -0.9957
vn 0.0232 0.0382 -0.9990
vn -0.0531 -0.0054 -0.9986
vn -0.1119 -0.0468 -0.9926
vn -0.1209 -0.0576 -0.9910
vn -0.0746 -0.0316 -0.9967
vn 0.0030 0.0126 -0.9999
vn 0.0700 0.0429 -0.9966
vn 0.0944 0.0385 -0.9948
vn 0.0725 0.0043 -0.9974
vn 0.0265 -0.0325 -0.9991
vn -0.0112 -0.0417 -0.9991
vn -0.0214 -0.0129 -0.9997
vn -0.9908 0.1171 -0.0676
vn -0.1191 -0.9929 -0.0066
vn -0.1159 -0.9923 -0.0434
vn -0.1128 -0.9912 -0.0688
vn -0.1160 -0.9917 -0.0550
vn -0.1204 -0.9927 -0.0116
vn -0.1183 -0.9925 0.0323
vn -0.1144 -0.9922 0.0493
vn -0.1159 -0.9927 0.0335
vn -0.1191 -0.9929 0.0012
vn -0.1190 -0.9927 -0.0202
vn -0.1192 -0.9928 -0.0134
vn -0.1213 -0.9925 0.0157
vn -0.1210 -0.9918 0.0419
vn -0.1186 -0.9922 0.0395
vn -0.1187 -0.9929 0.0020
vn -0.1196 -0.9915 -0.0512
vn -0.1176 -0.9893 -0.0863
vn -0.1170 -0.9901 -0.0780
vn -0.1201 -0.9924 -0.0265
vn -0.1204 -0.9919 0.0412
vn -0.1159 -0.9894 0.0871
vn -0.1142 -0.9896 0.0880
vn -0.1174 -0.9919 0.0477
vn -0.1192 -0.9929 0.0034
vn 0.9908 -0.1222 0.0580
vn -0.9883 0.1241 -0.0888
vn 0.9904 -0.1216 0.0653
vn -0.9890 0.1259 -0.0777
vn 0.9919 -0.1174 0.0492
vn -0.9925 0.1196 -0.0238
vn 0.9927 -0.1178 0.0258
vn -0.9923 0.1201 0.0296
vn 0.9924 -0.1196 0.0297
vn -0.9915 0.1219 0.0444
vn 0.9910 -0.1232 0.0516
vn -0.9923 0.1196 0.0312
vn 0.9911 -0.1228 0.0504
vn -0.9926 0.1176 0.0298
vn 0.9929 -0.1186 0.0047
vn -0.9915 0.1168 0.0568
vn 0.9908 -0.1227 -0.0573
vn -0.9890 0.1224 0.0825
vn 0.9884 -0.1245 -0.0864
vn -0.9899 0.1251 0.0670
vn 0.9906 -0.1190 -0.0681
vn -0.9926 0.1210 0.0101
vn 0.9924 -0.1178 -0.0347
vn -0.9914 0.1230 -0.0444
vn 0.9926 -0.1186 -0.0254
vn -0.9907 0.1238 -0.0568
vn 0.9920 -0.1206 -0.0381
vn -0.9922 0.1196 -0.0351
vn 0.9920 -0.1215 -0.0344
vn -0.9927 0.1185 -0.0206
vn 0.9926 -0.1209 0.0089
vn -0.9923 0.1182 -0.0368
vn 0.9898 -0.1261 0.0664
vn -0.9910 0.1203 -0.0594
vn 0.9879 -0.1256 0.0906
vn -0.9915 0.1211 -0.0482
vn 0.9909 -0.1176 0.0651
vn -0.9929 0.1187 -0.0001
vn 0.9929 -0.1172 0.0219
vn -0.9916 0.1224 0.0414
vn 0.9928 -0.1194 0.0048
vn -0.9922 0.1206 0.0329
vn 0.9926 -0.1200 0.0169
vn -0.9920 0.1242 -0.0206
vn 0.9925 -0.1200 0.0215
vn -0.9865 0.1460 -0.0739
vn 0.9928 -0.1191 -0.0091
vn -0.9785 0.1703 -0.1165
vn 0.9908 -0.1234 -0.0556
vn -0.9596 0.1977 -0.2003
vn 0.9896 -0.1240 -0.0728
vn -0.9209 0.1785 -0.3466
vn 0.9920 -0.1190 -0.0434
vn -0.9216 0.0479 -0.3851
vn 0.9927 -0.1205 0.0013
vn -0.9603 0.0325 -0.2770
vn 0.9925 -0.1211 0.0161
vn -0.9844 0.0716 -0.1607
vn 0.9929 -0.1191 -0.0053
vn -0.9929 0.0996 -0.0643
vn 0.9924 -0.1202 -0.0256
vn -0.9931 0.1174 -0.0061
vn 0.1061 0.9510 -0.2904
vn 0.1020 0.9580 -0.2678
vn 0.1060 0.9731 -0.2047
vn 0.1123 0.9868 -0.1166
vn 0.1168 0.9922 -0.0431
vn 0.1192 0.9928 -0.0095
vn 0.1195 0.9927 -0.0157
vn 0.1194 0.9922 -0.0355
vn 0.1205 0.9921 -0.0352
vn 0.1194 0.9928 -0.0054
vn 0.1156 0.9927 0.0331
vn 0.1160 0.9919 0.0509
vn 0.1204 0.9922 0.0329
vn 0.1197 0.9928 -0.0107
vn 0.1138 0.9922 -0.0505
vn 0.1129 0.9918 -0.0605
vn 0.1174 0.9925 -0.0348
vn 0.1186 0.9929 0.0092
vn 0.1162 0.9924 0.0410
vn 0.1168 0.9923 0.0407
vn 0.1198 0.9927 0.0116
vn 0.1204 0.9925 -0.0219
vn 0.1195 0.9923 -0.0324
vn 0.9925 -0.1196 -0.0244
vn 0.1196 0.9926 -0.0222
vt 0.000000 0.000000
vt 0.041667 0.000000
vt 0.041667 0.031250
vt 0.000000 0.031250
vt 0.083333 0.000000
vt 0.083333 0.031250
vt 0.125000 0.000000
vt 0.125000 0.031250
vt 0.166667 0.000000
vt 0.166667 0.031250
vt 0.208333 0.000000
vt 0.208333 0.031250
vt 0.250000 0.000000
vt 0.250000 0.031250
vt 0.291667 0.000000
vt 0.291667 0.031250
vt 0.333333 0.000000
vt 0.333333 0.031250
vt 0.375000 0.000000
vt 0.375000 0.031250
vt 0.416667 0.000000
vt 0.416667 0.031250
vt 0.458333 0.000000
vt 0.458333 0.031250
vt 0.500000 0.000000
vt 0.500000 0.031250
vt 0.541667 0.000000
vt 0.541667 0.031250
vt 0.583333 0.000000
vt 0.583333 0.031250
vt 0.625000 0.000000
vt 0.625000 0.031250
vt 0.666667 0.000000
vt 0.666667 0.031250
vt 0.708333 0.000000
vt 0.708333 0.031250
vt 0.750000 0.000000
vt 0.750000 0.031250
vt 0.791667 0.000000
vt 0.791667 0.031250
vt 0.833333 0.000000
vt 0.833333 0.031250
vt 0.875000 0.000000
vt 0.875000 0.031250
vt 0.916667 0.000000
vt 0.916667 0.031250
vt 0.958333 0.000000
vt 0.958333 0.031250
vt 1.000000 0.000000
vt 1.000000 0.031250
vt 0.041667 0.062500
vt 0.000000 0.062500
vt 0.083333 0.062500
vt 0.125000 0.062500
vt 0.166667 0.062500
vt 0.208333 0.062500
vt 0.250000 0.062500
vt 0.291667 0.062500
vt 0.333333 0.062500
vt 0.375000 0.062500
vt 0.416667 0.062500
vt 0.458333 0.062500
vt 0.500000 0.062500
vt 0.541667 0.062500
vt 0.583333 0.062500
vt 0.625000 0.062500
vt 0.666667 0.062500
vt 0.708333 0.062500
vt 0.750000 0.062500
vt 0.791667 0.062500
vt 0.833333 0.062500
vt 0.875000 0.062500
vt 0.916667 0.062500
vt 0.958333 0.062500
vt 1.000000 0.062500
vt 0.041667 0.093750
vt 0.000000 0.093750
vt 0.083333 0.093750
vt 0.125000 0.093750
vt 0.166667 0.093750
vt 0.208333 0.093750
vt 0.250000 0.093750
vt 0.291667 0.093750
vt 0.333333 0.093750
vt 0.375000 0.093750
vt 0.416667 0.093750
vt 0.458333 0.093750
vt 0.500000 0.093750
vt 0.541667 0.093750
vt 0.583333 0.093750
vt 0.625000 0.093750
vt 0.666667 0.093750
vt 0.708333 0.093750
vt 0.750000 0.093750
vt 0.791667 0.093750
vt 0.833333 0.093750
vt 0.875000 0.093750
vt 0.916667 0.093750
vt 0.958333 0.093750
vt 1.000000 0.093750
vt 0.041667 0.125000
vt 0.000000 0.125000
vt 0.083333 0.125000
vt 0.125000 0.125000
vt 0.166667 0.125000
vt 0.208333 0.125000
vt 0.250000 0.125000
vt 0.291667 0.125000
vt 0.333333 0.125000
vt 0.375000 0.125000
vt 0.416667 0.125000
vt 0.458333 0.125000
vt 0.500000 0.125000
vt 0.541667 0.125000
vt 0.583333 0.125000
vt 0.625000 0.125000
vt 0.666667 0.125000
vt 0.708333 0.125000
vt 0.750000 0.125000
vt 0.791667 0.125000
vt 0.833333 0.125000
vt 0.875000 0.125000
vt 0.916667 0.125000
vt 0.958333 0.125000
vt 1.000000 0.125000
vt 0.041667 0.156250
vt 0.000000 0.156250
vt 0.083333 0.156250
vt 0.125000 0.156250
vt 0.166667 0.156250
vt 0.208333 0.156250
vt 0.250000 0.156250
vt 0.291667 0.156250
vt 0.333333 0.156250
vt 0.375000 0.156250
vt 0.416667 0.156250
vt 0.458333 0.156250
vt 0.500000 0.156250
vt 0.541667 0.156250
vt 0.583333 0.156250
vt 0.625000 0.156250
vt 0.666667 0.156250
vt 0.708333 0.156250
vt 0.750000 0.156250
vt 0.791667 0.156250
vt 0.833333 0.156250
vt 0.875000 0.156250
vt 0.916667 0.156250
vt 0.958333 0.156250
vt 1.000000 0.156250
vt 0.041667 0.187500
vt 0.000000 0.187500
vt 0.083333 0.187500
vt 0.125000 0.187500
vt 0.166667 0.187500
vt 0.208333 0.187500
vt 0.250000 0.187500
vt 0.291667 0.187500
vt 0.333333 0.187500
vt 0.375000 0.187500
vt 0.416667 0.187500
vt 0.458333 0.187500
vt 0.500000 0.187500
vt 0.541667 0.187500
vt 0.583333 0.187500
vt 0.625000 0.187500
vt 0.666667 0.187500
vt 0.708333 0.187500
vt 0.750000 0.187500
vt 0.791667 0.187500
vt 0.833333 0.187500
vt 0.875000 0.187500
vt 0.916667 0.187500
vt 0.958333 0.187500
vt 1.000000 0.187500
vt 0.041667 0.218750
vt 0.000000 0.218750
vt 0.083333 0.218750
vt 0.125000 0.218750
vt 0.166667 0.218750
vt 0.208333 0.218750
vt 0.250000 0.218750
vt 0.291667 0.218750
vt 0.333333 0.218750
vt 0.375000 0.218750
vt 0.416667 0.218750
vt 0.458333 0.218750
vt 0.500000 0.218750
vt 0.541667 0.218750
vt 0.583333 0.218750
vt 0.625000 0.218750
vt 0.666667 0.218750
vt 0.708333 0.218750
vt 0.750000 0.218750
vt 0.791667 0.218750
vt 0.833333 0.218750
vt 0.875000 0.218750
vt 0.916667 0.218750
vt 0.958333 0.218750
vt 1.000000 0.218750
vt 0.041667 0.250000
vt 0.000000 0.250000
vt 0.083333 0.250000
vt 0.125000 0.250000
vt 0.166667 0.250000
vt 0.208333 0.250000
vt 0.250000 0.250000
vt 0.291667 0.250000
vt 0.333333 0.250000
vt 0.375000 0.250000
vt 0.416667 0.250000
vt 0.458333 0.250000
vt 0.500000 0.250000
vt 0.541667 0.250000
vt 0.583333 0.250000
vt 0.625000 0.250000
vt 0.666667 0.250000
vt 0.708333 0.250000
vt 0.750000 0.250000
vt 0.791667 0.250000
vt 0.833333 0.250000
vt 0.875000 0.250000
vt 0.916667 0.250000
vt 0.958333 0.250000
vt 1.000000 0.250000
vt 0.041667 0.281250
vt 0.000000 0.281250
vt 0.083333 0.281250
vt 0.125000 0.281250
vt 0.166667 0.281250
vt 0.208333 0.281250
vt 0.250000 0.281250
vt 0.291667 0.281250
vt 0.333333 0.281250
vt 0.375000 0.281250
vt 0.416667 0.281250
vt 0.458333 0.281250
vt 0.500000 0.281250
vt 0.541667 0.281250
vt 0.583333 0.281250
vt 0.625000 0.281250
vt 0.666667 0.281250
vt 0.708333 0.281250
vt 0.750000 0.281250
vt 0.791667 0.281250
vt 0.833333 0.281250
vt 0.875000 0.281250
vt 0.916667 0.281250
vt 0.958333 0.281250
vt 1.000000 0.281250
vt 0.041667 0.312500
vt 0.000000 0.312500
vt 0.083333 0.312500
vt 0.125000 0.312500
vt 0.166667 0.312500
vt 0.208333 0.312500
vt 0.250000 0.312500
vt 0.291667 0.312500
vt 0.333333 0.312500
vt 0.375000 0.312500
vt 0.416667 0.312500
vt 0.458333 0.312500
vt 0.500000 0.312500
vt 0.541667 0.312500
vt 0.583333 0.312500
vt 0.625000 0.312500
vt 0.666667 0.312500
vt 0.708333 0.312500
vt 0.750000 0.312500
vt 0.791667 0.312500
vt 0.833333 0.312500
vt 0.875000 0.312500
vt 0.916667 0.312500
vt 0.958333 0.312500
vt 1.000000 0.312500
vt 0.041667 0.343750
vt 0.000000 0.343750
vt 0.083333 0.343750
vt 0.125000 0.343750
vt 0.166667 0.343750
vt 0.208333 0.343750
vt 0.250000 0.343750
vt 0.291667 0.343750
vt 0.333333 0.343750
vt 0.375000 0.343750
vt 0.416667 0.343750
vt 0.458333 0.343750
vt 0.500000 0.343750
vt 0.541667 0.343750
vt 0.583333 0.343750
vt 0.625000 0.343750
vt 0.666667 0.343750
vt 0.708333 0.343750
vt 0.750000 0.343750
vt 0.791667 0.343750
vt 0.833333 0.343750
vt 0.875000 0.343750
vt 0.916667 0.343750
vt 0.958333 0.343750
vt 1.000000 0.343750
vt 0.041667 0.375000
vt 0.000000 0.375000
vt 0.083333 0.375000
vt 0.125000 0.375000
vt 0.166667 0.375000
vt 0.208333 0.375000
vt 0.250000 0.375000
vt 0.291667 0.375000
vt 0.333333 0.375000
vt 0.375000 0.375000
vt 0.416667 0.375000
vt 0.458333 0.375000
vt 0.500000 0.375000
vt 0.541667 0.375000
vt 0.583333 0.375000
vt 0.625000 0.375000
vt 0.666667 0.375000
vt 0.708333 0.375000
vt 0.750000 0.375000
vt 0.791667 0.375000
vt 0.833333 0.375000
vt 0.875000 0.375000
vt 0.916667 0.375000
vt 0.958333 0.375000
vt 1.000000 0.375000
vt 0.041667 0.406250
vt 0.000000 0.406250
vt 0.083333 0.406250
vt 0.125000 0.406250
vt 0.166667 0.406250
vt 0.208333 0.406250
vt 0.250000 0.406250
vt 0.291667 0.406250
vt 0.333333 0.406250
vt 0.375000 0.406250
vt 0.416667 0.406250
vt 0.458333 0.406250
vt 0.500000 0.406250
vt 0.541667 0.406250
vt 0.583333 0.406250
vt 0.625000 0.406250
vt 0.666667 0.406250
vt 0.708333 0.406250
vt 0.750000 0.406250
vt 0.791667 0.406250
vt 0.833333 0.406250
vt 0.875000 0.406250
vt 0.916667 0.406250
vt 0.958333 0.406250
vt 1.000000 0.406250
vt 0.041667 0.437500
vt 0.000000 0.437500
vt 0.083333 0.437500
vt 0.125000 0.437500
vt 0.166667 0.437500
vt 0.208333 0.437500
vt 0.250000 0.437500
vt 0.291667 0.437500
vt 0.333333 0.437500
vt 0.375000 0.437500
vt 0.416667 0.437500
vt 0.458333 0.437500
vt 0.500000 0.437500
vt 0.541667 0.437500
vt 0.583333 0.437500
vt 0.625000 0.437500
vt 0.666667 0.437500
vt 0.708333 0.437500
vt 0.750000 0.437500
vt 0.791667 0.437500
vt 0.833333 0.437500
vt 0.875000 0.437500
vt 0.916667 0.437500
vt 0.958333 0.437500
vt 1.000000 0.437500
vt 0.041667 0.468750
vt 0.000000 0.468750
vt 0.083333 0.468750
vt 0.125000 0.468750
vt 0.166667 0.468750
vt 0.208333 0.468750
vt 0.250000 0.468750
vt 0.291667 0.468750
vt 0.333333 0.468750
vt 0.375000 0.468750
vt 0.416667 0.468750
vt 0.458333 0.468750
vt 0.500000 0.468750
vt 0.541667 0.468750
vt 0.583333 0.468750
vt 0.625000 0.468750
vt 0.666667 0.468750
vt 0.708333 0.468750
vt 0.750000 0.468750
vt 0.791667 0.468750
vt 0.833333 0.468750
vt 0.875000 0.468750
vt 0.916667 0.468750
vt 0.958333 0.468750
vt 1.000000 0.468750
vt 0.041667 0.500000
vt 0.000000 0.500000
vt 0.083333 0.500000
vt 0.125000 0.500000
vt 0.166667 0.500000
vt 0.208333 0.500000
vt 0.250000 0.500000
vt 0.291667 0.500000
vt 0.333333 0.500000
vt 0.375000 0.500000
vt 0.416667 0.500000
vt 0.458333 0.500000
vt 0.500000 0.500000
vt 0.541667 0.500000
vt 0.583333 0.500000
vt 0.625000 0.500000
vt 0.666667 0.500000
vt 0.708333 0.500000
vt 0.750000 0.500000
vt 0.791667 0.500000
vt 0.833333 0.500000
vt 0.875000 0.500000
vt 0.916667 0.500000
vt 0.958333 0.500000
vt 1.000000 0.500000
vt 0.041667 0.531250
vt 0.000000 0.531250
vt 0.083333 0.531250
vt 0.125000 0.531250
vt 0.166667 0.531250
vt 0.208333 0.531250
vt 0.250000 0.531250
vt 0.291667 0.531250
vt 0.333333 0.531250
vt 0.375000 0.531250
vt 0.416667 0.531250
vt 0.458333 0.531250
vt 0.500000 0.531250
vt 0.541667 0.531250
vt 0.583333 0.531250
vt 0.625000 0.531250
vt 0.666667 0.531250
vt 0.708333 0.531250
vt 0.750000 0.531250
vt 0.791667 0.531250
vt 0.833333 0.531250
vt 0.875000 0.531250
vt 0.916667 0.531250
vt 0.958333 0.531250
vt 1.000000 0.531250
vt 0.041667 0.562500
vt 0.000000 0.562500
vt 0.083333 0.562500
vt 0.125000 0.562500
vt 0.166667 0.562500
vt 0.208333 0.562500
vt 0.250000 0.562500
vt 0.291667 0.562500
vt 0.333333 0.562500
vt 0.375000 0.562500
vt 0.416667 0.562500
vt 0.458333 0.562500
vt 0.500000 0.562500
vt 0.541667 0.562500
vt 0.583333 0.562500
vt 0.625000 0.562500
vt 0.666667 0.562500
vt 0.708333 0.562500
vt 0.750000 0.562500
vt 0.791667 0.562500
vt 0.833333 0.562500
vt 0.875000 0.562500
vt 0.916667 0.562500
vt 0.958333 0.562500
vt 1.000000 0.562500
vt 0.041667 0.593750
vt 0.000000 0.593750
vt 0.083333 0.593750
vt 0.125000 0.593750
vt 0.166667 0.593750
vt 0.208333 0.593750
vt 0.250000 0.593750
vt 0.291667 0.593750
vt 0.333333 0.593750
vt 0.375000 0.593750
vt 0.416667 0.593750
vt 0.458333 0.593750
vt 0.500000 0.593750
vt 0.541667 0.593750
vt 0.583333 0.593750
vt 0.625000 0.593750
vt 0.666667 0.593750
vt 0.708333 0.593750
vt 0.750000 0.593750
vt 0.791667 0.593750
vt 0.833333 0.593750
vt 0.875000 0.593750
vt 0.916667 0.593750
vt 0.958333 0.593750
vt 1.000000 0.593750
vt 0.041667 0.625000
vt 0.000000 0.625000
vt 0.083333 0.625000
vt 0.125000 0.625000
vt 0.166667 0.625000
vt 0.208333 0.625000
vt 0.250000 0.625000
vt 0.291667 0.625000
vt 0.333333 0.625000
vt 0.375000 0.625000
vt 0.416667 0.625000
vt 0.458333 0.625000
vt 0.500000 0.625000
vt 0.541667 0.625000
vt 0.583333 0.625000
vt 0.625000 0.625000
vt 0.666667 0.625000
vt 0.708333 0.625000
vt 0.750000 0.625000
vt 0.791667 0.625000
vt 0.833333 0.625000
vt 0.875000 0.625000
vt 0.916667 0.625000
vt 0.958333 0.625000
vt 1.000000 0.625000
vt 0.041667 0.656250
vt 0.000000 0.656250
vt 0.083333 0.656250
vt 0.125000 0.656250
vt 0.166667 0.656250
vt 0.208333 0.656250
vt 0.250000 0.656250
vt 0.291667 0.656250
vt 0.333333 0.656250
vt 0.375000 0.656250
vt 0.416667 0.656250
vt 0.458333 0.656250
vt 0.500000 0.656250
vt 0.541667 0.656250
vt 0.583333 0.656250
vt 0.625000 0.656250
vt 0.666667 0.656250
vt 0.708333 0.656250
vt 0.750000 0.656250
vt 0.791667 0.656250
vt 0.833333 0.656250
vt 0.875000 0.656250
vt 0.916667 0.656250
vt 0.958333 0.656250
vt 1.000000 0.656250
vt 0.041667 0.687500
vt 0.000000 0.687500
vt 0.083333 0.687500
vt 0.125000 0.687500
vt 0.166667 0.687500
vt 0.208333 0.687500
vt 0.250000 0.687500
vt 0.291667 0.687500
vt 0.333333 0.687500
vt 0.375000 0.687500
vt 0.416667 0.687500
vt 0.458333 0.687500
vt 0.500000 0.687500
vt 0.541667 0.687500
vt 0.583333 0.687500
vt 0.625000 0.687500
vt 0.666667 0.687500
vt 0.708333 0.687500
vt 0.750000 0.687500
vt 0.791667 0.687500
vt 0.833333 0.687500
vt 0.875000 0.687500
vt 0.916667 0.687500
vt 0.958333 0.687500
vt 1.000000 0.687500
vt 0.041667 0.718750
vt 0.000000 0.718750
vt 0.083333 0.718750
vt 0.125000 0.718750
vt 0.166667 0.718750
vt 0.208333 0.718750
vt 0.250000 0.718750
vt 0.291667 0.718750
vt 0.333333 0.718750
vt 0.375000 0.718750
vt 0.416667 0.718750
vt 0.458333 0.718750
vt 0.500000 0.718750
vt 0.541667 0.718750
vt 0.583333 0.718750
vt 0.625000 0.718750
vt 0.666667 0.718750
vt 0.708333 0.718750
vt 0.750000 0.718750
vt 0.791667 0.718750
vt 0.833333 0.718750
vt 0.875000 0.718750
vt 0.916667 0.718750
vt 0.958333 0.718750
vt 1.000000 0.718750
vt 0.041667 0.750000
vt 0.000000 0.750000
vt 0.083333 0.750000
vt 0.125000 0.750000
vt 0.166667 0.750000
vt 0.208333 0.750000
vt 0.250000 0.750000
vt 0.291667 0.750000
vt 0.333333 0.750000
vt 0.375000 0.750000
vt 0.416667 0.750000
vt 0.458333 0.750000
vt 0.500000 0.750000
vt 0.541667 0.750000
vt 0.583333 0.750000
vt 0.625000 0.750000
vt 0.666667 0.750000
vt 0.708333 0.750000
vt 0.750000 0.750000
vt 0.791667 0.750000
vt 0.833333 0.750000
vt 0.875000 0.750000
vt 0.916667 0.750000
vt 0.958333 0.750000
vt 1.000000 0.750000
vt 0.041667 0.781250
vt 0.000000 0.781250
vt 0.083333 0.781250
vt 0.125000 0.781250
vt 0.166667 0.781250
vt 0.208333 0.781250
vt 0.250000 0.781250
vt 0.291667 0.781250
vt 0.333333 0.781250
vt 0.375000 0.781250
vt 0.416667 0.781250
vt 0.458333 0.781250
vt 0.500000 0.781250
vt 0.541667 0.781250
vt 0.583333 0.781250
vt 0.625000 0.781250
vt 0.666667 0.781250
vt 0.708333 0.781250
vt 0.750000 0.781250
vt 0.791667 0.781250
vt 0.833333 0.781250
vt 0.875000 0.781250
vt 0.916667 0.781250
vt 0.958333 0.781250
vt 1.000000 0.781250
vt 0.041667 0.812500
vt 0.000000 0.812500
vt 0.083333 0.812500
vt 0.125000 0.812500
vt 0.166667 0.812500
vt 0.208333 0.812500
vt 0.250000 0.812500
vt 0.291667 0.812500
vt 0.333333 0.812500
vt 0.375000 0.812500
vt 0.416667 0.812500
vt 0.458333 0.812500
vt 0.500000 0.812500
vt 0.541667 0.812500
vt 0.583333 0.812500
vt 0.625000 0.812500
vt 0.666667 0.812500
vt 0.708333 0.812500
vt 0.750000 0.812500
vt 0.791667 0.812500
vt 0.833333 0.812500
vt 0.875000 0.812500
vt 0.916667 0.812500
vt 0.958333 0.812500
vt 1.000000 0.812500
vt 0.041667 0.843750
vt 0.000000 0.843750
vt 0.083333 0.843750
vt 0.125000 0.843750
vt 0.166667 0.843750
vt 0.208333 0.843750
vt 0.250000 0.843750
vt 0.291667 0.843750
vt 0.333333 0.843750
vt 0.375000 0.843750
vt 0.416667 0.843750
vt 0.458333 0.843750
vt 0.500000 0.843750
vt 0.541667 0.843750
vt 0.583333 0.843750
vt 0.625000 0.843750
vt 0.666667 0.843750
vt 0.708333 0.843750
vt 0.750000 0.843750
vt 0.791667 0.843750
vt 0.833333 0.843750
vt 0.875000 0.843750
vt 0.916667 0.843750
vt 0.958333 0.843750
vt 1.000000 0.843750
vt 0.041667 0.875000
vt 0.000000 0.875000
vt 0.083333 0.875000
vt 0.125000 0.875000
vt 0.166667 0.875000
vt 0.208333 0.875000
vt 0.250000 0.875000
vt 0.291667 0.875000
vt 0.333333 0.875000
vt 0.375000 0.875000
vt 0.416667 0.875000
vt 0.458333 0.875000
vt 0.500000 0.875000
vt 0.541667 0.875000
vt 0.583333 0.875000
vt 0.625000 0.875000
vt 0.666667 0.875000
vt 0.708333 0.875000
vt 0.750000 0.875000
vt 0.791667 0.875000
vt 0.833333 0.875000
vt 0.875000 0.875000
vt 0.916667 0.875000
vt 0.958333 0.875000
vt 1.000000 0.875000
vt 0.041667 0.906250
vt 0.000000 0.906250
vt 0.083333 0.906250
vt 0.125000 0.906250
vt 0.166667 0.906250
vt 0.208333 0.906250
vt 0.250000 0.906250
vt 0.291667 0.906250
vt 0.333333 0.906250
vt 0.375000 0.906250
vt 0.416667 0.906250
vt 0.458333 0.906250
vt 0.500000 0.906250
vt 0.541667 0.906250
vt 0.583333 0.906250
vt 0.625000 0.906250
vt 0.666667 0.906250
vt 0.708333 0.906250
vt 0.750000 0.906250
vt 0.791667 0.906250
vt 0.833333 0.906250
vt 0.875000 0.906250
vt 0.916667 0.906250
vt 0.958333 0.906250
vt 1.000000 0.906250
vt 0.041667 0.937500
vt 0.000000 0.937500
vt 0.083333 0.937500
vt 0.125000 0.937500
vt 0.166667 0.937500
vt 0.208333 0.937500
vt 0.250000 0.937500
vt 0.291667 0.937500
vt 0.333333 0.937500
vt 0.375000 0.937500
vt 0.416667 0.937500
vt 0.458333 0.937500
vt 0.500000 0.937500
vt 0.541667 0.937500
vt 0.583333 0.937500
vt 0.625000 0.937500
vt 0.666667 0.937500
vt 0.708333 0.937500
vt 0.750000 0.937500
vt 0.791667 0.937500
vt 0.833333 0.937500
vt 0.875000 0.937500
vt 0.916667 0.937500
vt 0.958333 0.937500
vt 1.000000 0.937500
vt 0.041667 0.968750
vt 0.000000 0.968750
vt 0.083333 0.968750
vt 0.125000 0.968750
vt 0.166667 0.968750
vt 0.208333 0.968750
vt 0.250000 0.968750
vt 0.291667 0.968750
vt 0.333333 0.968750
vt 0.375000 0.968750
vt 0.416667 0.968750
vt 0.458333 0.968750
vt 0.500000 0.968750
vt 0.541667 0.968750
vt 0.583333 0.968750
vt 0.625000 0.968750
vt 0.666667 0.968750
vt 0.708333 0.968750
vt 0.750000 0.968750
vt 0.791667 0.968750
vt 0.833333 0.968750
vt 0.875000 0.968750
vt 0.916667 0.968750
vt 0.958333 0.968750
vt 1.000000 0.968750
vt 0.041667 1.000000
vt 0.000000 1.000000
vt 0.083333 1.000000
vt 0.125000 1.000000
vt 0.166667 1.000000
vt 0.208333 1.000000
vt 0.250000 1.000000
vt 0.291667 1.000000
vt 0.333333 1.000000
vt 0.375000 1.000000
vt 0.416667 1.000000
vt 0.458333 1.000000
vt 0.500000 1.000000
vt 0.541667 1.000000
vt 0.583333 1.000000
vt 0.625000 1.000000
vt 0.666667 1.000000
vt 0.708333 1.000000
vt 0.750000 1.000000
vt 0.791667 1.000000
vt 0.833333 1.000000
vt 0.875000 1.000000
vt 0.916667 1.000000
vt 0.958333 1.000000
vt 1.000000 1.000000
s 0
usemtl M_PaperForm
f 1/1/1 2/2/1 27/3/1 26/4/1
f 2/2/2 3/5/2 28/6/2 27/3/2
f 3/5/3 4/7/3 29/8/3 28/6/3
f 4/7/4 5/9/4 30/10/4 29/8/4
f 5/9/5 6/11/5 31/12/5 30/10/5
f 6/11/6 7/13/6 32/14/6 31/12/6
f 7/13/7 8/15/7 33/16/7 32/14/7
f 8/15/8 9/17/8 34/18/8 33/16/8
f 9/17/9 10/19/9 35/20/9 34/18/9
f 10/19/10 11/21/10 36/22/10 35/20/10
f 11/21/11 12/23/11 37/24/11 36/22/11
f 12/23/12 13/25/12 38/26/12 37/24/12
f 13/25/13 14/27/13 39/28/13 38/26/13
f 14/27/14 15/29/14 40/30/14 39/28/14
f 15/29/15 16/31/15 41/32/15 40/30/15
f 16/31/16 17/33/16 42/34/16 41/32/16
f 17/33/17 18/35/17 43/36/17 42/34/17
f 18/35/18 19/37/18 44/38/18 43/36/18
f 19/37/19 20/39/19 45/40/19 44/38/19
f 20/39/20 21/41/20 46/42/20 45/40/20
f 21/41/21 22/43/21 47/44/21 46/42/21
f 22/43/22 23/45/22 48/46/22 47/44/22
f 23/45/23 24/47/23 49/48/23 48/46/23
f 24/47/24 25/49/24 50/50/24 49/48/24
f 26/4/25 27/3/25 52/51/25 51/52/25
f 27/3/26 28/6/26 53/53/26 52/51/26
f 28/6/27 29/8/27 54/54/27 53/53/27
f 29/8/28 30/10/28 55/55/28 54/54/28
f 30/10/29 31/12/29 56/56/29 55/55/29
f 31/12/30 32/14/30 57/57/30 56/56/30
f 32/14/31 33/16/31 58/58/31 57/57/31
f 33/16/32 34/18/32 59/59/32 58/58/32
f 34/18/33 35/20/33 60/60/33 59/59/33
f 35/20/34 36/22/34 61/61/34 60/60/34
f 36/22/35 37/24/35 62/62/35 61/61/35
f 37/24/36 38/26/36 63/63/36 62/62/36
f 38/26/37 39/28/37 64/64/37 63/63/37
f 39/28/38 40/30/38 65/65/38 64/64/38
f 40/30/39 41/32/39 66/66/39 65/65/39
f 41/32/40 42/34/40 67/67/40 66/66/40
f 42/34/41 43/36/41 68/68/41 67/67/41
f 43/36/42 44/38/42 69/69/42 68/68/42
f 44/38/43 45/40/43 70/70/43 69/69/43
f 45/40/44 46/42/44 71/71/44 70/70/44
f 46/42/45 47/44/45 72/72/45 71/71/45
f 47/44/46 48/46/46 73/73/46 72/72/46
f 48/46/47 49/48/47 74/74/47 73/73/47
f 49/48/48 50/50/48 75/75/48 74/74/48
f 51/52/49 52/51/49 77/76/49 76/77/49
f 52/51/50 53/53/50 78/78/50 77/76/50
f 53/53/51 54/54/51 79/79/51 78/78/51
f 54/54/52 55/55/52 80/80/52 79/79/52
f 55/55/53 56/56/53 81/81/53 80/80/53
f 56/56/54 57/57/54 82/82/54 81/81/54
f 57/57/55 58/58/55 83/83/55 82/82/55
f 58/58/56 59/59/56 84/84/56 83/83/56
f 59/59/57 60/60/57 85/85/57 84/84/57
f 60/60/58 61/61/58 86/86/58 85/85/58
f 61/61/59 62/62/59 87/87/59 86/86/59
f 62/62/60 63/63/60 88/88/60 87/87/60
f 63/63/61 64/64/61 89/89/61 88/88/61
f 64/64/62 65/65/62 90/90/62 89/89/62
f 65/65/63 66/66/63 91/91/63 90/90/63
f 66/66/64 67/67/64 92/92/64 91/91/64
f 67/67/65 68/68/65 93/93/65 92/92/65
f 68/68/66 69/69/66 94/94/66 93/93/66
f 69/69/67 70/70/67 95/95/67 94/94/67
f 70/70/68 71/71/68 96/96/68 95/95/68
f 71/71/69 72/72/69 97/97/69 96/96/69
f 72/72/70 73/73/70 98/98/70 97/97/70
f 73/73/71 74/74/71 99/99/71 98/98/71
f 74/74/72 75/75/72 100/100/72 99/99/72
f 76/77/73 77/76/73 102/101/73 101/102/73
f 77/76/74 78/78/74 103/103/74 102/101/74
f 78/78/75 79/79/75 104/104/75 103/103/75
f 79/79/76 80/80/76 105/105/76 104/104/76
f 80/80/77 81/81/77 106/106/77 105/105/77
f 81/81/78 82/82/78 107/107/78 106/106/78
f 82/82/79 83/83/79 108/108/79 107/107/79
f 83/83/80 84/84/80 109/109/80 108/108/80
f 84/84/81 85/85/81 110/110/81 109/109/81
f 85/85/82 86/86/82 111/111/82 110/110/82
f 86/86/83 87/87/83 112/112/83 111/111/83
f 87/87/84 88/88/84 113/113/84 112/112/84
f 88/88/85 89/89/85 114/114/85 113/113/85
f 89/89/86 90/90/86 115/115/86 114/114/86
f 90/90/87 91/91/87 116/116/87 115/115/87
f 91/91/88 92/92/88 117/117/88 116/116/88
f 92/92/89 93/93/89 118/118/89 117/117/89
f 93/93/90 94/94/90 119/119/90 118/118/90
f 94/94/91 95/95/91 120/120/91 119/119/91
f 95/95/92 96/96/92 121/121/92 120/120/92
f 96/96/93 97/97/93 122/122/93 121/121/93
f 97/97/94 98/98/94 123/123/94 122/122/94
f 98/98/95 99/99/95 124/124/95 123/123/95
f 99/99/96 100/100/96 125/125/96 124/124/96
f 101/102/97 102/101/97 127/126/97 126/127/97
f 102/101/98 103/103/98 128/128/98 127/126/98
f 103/103/99 104/104/99 129/129/99 128/128/99
f 104/104/100 105/105/100 130/130/100 129/129/100
f 105/105/101 106/106/101 131/131/101 130/130/101
f 106/106/102 107/107/102 132/132/102 131/131/102
f 107/107/103 108/108/103 133/133/103 132/132/103
f 108/108/104 109/109/104 134/134/104 133/133/104
f 109/109/105 110/110/105 135/135/105 134/134/105
f 110/110/106 111/111/106 136/136/106 135/135/106
f 111/111/107 112/112/107 137/137/107 136/136/107
f 112/112/108 113/113/108 138/138/108 137/137/108
f 113/113/109 114/114/109 139/139/109 138/138/109
f 114/114/110 115/115/110 140/140/110 139/139/110
f 115/115/111 116/116/111 141/141/111 140/140/111
f 116/116/112 117/117/112 142/142/112 141/141/112
f 117/117/113 118/118/113 143/143/113 142/142/113
f 118/118/114 119/119/114 144/144/114 143/143/114
f 119/119/115 120/120/115 145/145/115 144/144/115
f 120/120/116 121/121/116 146/146/116 145/145/116
f 121/121/117 122/122/117 147/147/117 146/146/117
f 122/122/118 123/123/118 148/148/118 147/147/118
f 123/123/119 124/124/119 149/149/119 148/148/119
f 124/124/120 125/125/120 150/150/120 149/149/120
f 126/127/121 127/126/121 152/151/121 151/152/121
f 127/126/122 128/128/122 153/153/122 152/151/122
f 128/128/123 129/129/123 154/154/123 153/153/123
f 129/129/124 130/130/124 155/155/124 154/154/124
f 130/130/125 131/131/125 156/156/125 155/155/125
f 131/131/126 132/132/126 157/157/126 156/156/126
f 132/132/127 133/133/127 158/158/127 157/157/127
f 133/133/128 134/134/128 159/159/128 158/158/128
f 134/134/129 135/135/129 160/160/129 159/159/129
f 135/135/130 136/136/130 161/161/130 160/160/130
f 136/136/131 137/137/131 162/162/131 161/161/131
f 137/137/132 138/138/132 163/163/132 162/162/132
f 138/138/133 139/139/133 164/164/133 163/163/133
f 139/139/134 140/140/134 165/165/134 164/164/134
f 140/140/135 141/141/135 166/166/135 165/165/135
f 141/141/136 142/142/136 167/167/136 166/166/136
f 142/142/137 143/143/137 168/168/137 167/167/137
f 143/143/138 144/144/138 169/169/138 168/168/138
f 144/144/139 145/145/139 170/170/139 169/169/139
f 145/145/140 146/146/140 171/171/140 170/170/140
f 146/146/141 147/147/141 172/172/141 171/171/141
f 147/147/142 148/148/142 173/173/142 172/172/142
f 148/148/143 149/149/143 174/174/143 173/173/143
f 149/149/144 150/150/144 175/175/144 174/174/144
f 151/152/145 152/151/145 177/176/145 176/177/145
f 152/151/146 153/153/146 178/178/146 177/176/146
f 153/153/147 154/154/147 179/179/147 178/178/147
f 154/154/148 155/155/148 180/180/148 179/179/148
f 155/155/149 156/156/149 181/181/149 180/180/149
f 156/156/150 157/157/150 182/182/150 181/181/150
f 157/157/151 158/158/151 183/183/151 182/182/151
f 158/158/152 159/159/152 184/184/152 183/183/152
f 159/159/153 160/160/153 185/185/153 184/184/153
f 160/160/154 161/161/154 186/186/154 185/185/154
f 161/161/155 162/162/155 187/187/155 186/186/155
f 162/162/156 163/163/156 188/188/156 187/187/156
f 163/163/157 164/164/157 189/189/157 188/188/157
f 164/164/158 165/165/158 190/190/158 189/189/158
f 165/165/159 166/166/159 191/191/159 190/190/159
f 166/166/160 167/167/160 192/192/160 191/191/160
f 167/167/161 168/168/161 193/193/161 192/192/161
f 168/168/162 169/169/162 194/194/162 193/193/162
f 169/169/163 170/170/163 195/195/163 194/194/163
f 170/170/164 171/171/164 196/196/164 195/195/164
f 171/171/165 172/172/165 197/197/165 196/196/165
f 172/172/166 173/173/166 198/198/166 197/197/166
f 173/173/167 174/174/167 199/199/167 198/198/167
f 174/174/168 175/175/168 200/200/168 199/199/168
f 176/177/169 177/176/169 202/201/169 201/202/169
f 177/176/170 178/178/170 203/203/170 202/201/170
f 178/178/171 179/179/171 204/204/171 203/203/171
f 179/179/172 180/180/172 205/205/172 204/204/172
f 180/180/173 181/181/173 206/206/173 205/205/173
f 181/181/174 182/182/174 207/207/174 206/206/174
f 182/182/175 183/183/175 208/208/175 207/207/175
f 183/183/176 184/184/176 209/209/176 208/208/176
f 184/184/177 185/185/177 210/210/177 209/209/177
f 185/185/178 186/186/178 211/211/178 210/210/178
f 186/186/179 187/187/179 212/212/179 211/211/179
f 187/187/180 188/188/180 213/213/180 212/212/180
f 188/188/181 189/189/181 214/214/181 213/213/181
f 189/189/182 190/190/182 215/215/182 214/214/182
f 190/190/183 191/191/183 216/216/183 215/215/183
f 191/191/184 192/192/184 217/217/184 216/216/184
f 192/192/185 193/193/185 218/218/185 217/217/185
f 193/193/186 194/194/186 219/219/186 218/218/186
f 194/194/187 195/195/187 220/220/187 219/219/187
f 195/195/188 196/196/188 221/221/188 220/220/188
f 196/196/189 197/197/189 222/222/189 221/221/189
f 197/197/190 198/198/190 223/223/190 222/222/190
f 198/198/191 199/199/191 224/224/191 223/223/191
f 199/199/192 200/200/192 225/225/192 224/224/192
f 201/202/193 202/201/193 227/226/193 226/227/193
f 202/201/194 203/203/194 228/228/194 227/226/194
f 203/203/195 204/204/195 229/229/195 228/228/195
f 204/204/196 205/205/196 230/230/196 229/229/196
f 205/205/197 206/206/197 231/231/197 230/230/197
f 206/206/198 207/207/198 232/232/198 231/231/198
f 207/207/199 208/208/199 233/233/199 232/232/199
f 208/208/200 209/209/200 234/234/200 233/233/200
f 209/209/201 210/210/201 235/235/201 234/234/201
f 210/210/202 211/211/202 236/236/202 235/235/202
f 211/211/203 212/212/203 237/237/203 236/236/203
f 212/212/204 213/213/204 238/238/204 237/237/204
f 213/213/205 214/214/205 239/239/205 238/238/205
f 214/214/206 215/215/206 240/240/206 239/239/206
f 215/215/207 216/216/207 241/241/207 240/240/207
f 216/216/208 217/217/208 242/242/208 241/241/208
f 217/217/209 218/218/209 243/243/209 242/242/209
f 218/218/210 219/219/210 244/244/210 243/243/210
f 219/219/211 220/220/211 245/245/211 244/244/211
f 220/220/212 221/221/212 246/246/212 245/245/212
f 221/221/213 222/222/213 247/247/213 246/246/213
f 222/222/214 223/223/214 248/248/214 247/247/214
f 223/223/215 224/224/215 249/249/215 248/248/215
f 224/224/216 225/225/216 250/250/216 249/249/216
f 226/227/217 227/226/217 252/251/217 251/252/217
f 227/226/218 228/228/218 253/253/218 252/251/218
f 228/228/219 229/229/219 254/254/219 253/253/219
f 229/229/220 230/230/220 255/255/220 254/254/220
f 230/230/221 231/231/221 256/256/221 255/255/221
f 231/231/222 232/232/222 257/257/222 256/256/222
f 232/232/223 233/233/223 258/258/223 257/257/223
f 233/233/224 234/234/224 259/259/224 258/258/224
f 234/234/225 235/235/225 260/260/225 259/259/225
f 235/235/226 236/236/226 261/261/226 260/260/226
f 236/236/227 237/237/227 262/262/227 261/261/227
f 237/237/228 238/238/228 263/263/228 262/262/228
f 238/238/229 239/239/229 264/264/229 263/263/229
f 239/239/230 240/240/230 265/265/230 264/264/230
f 240/240/231 241/241/231 266/266/231 265/265/231
f 241/241/232 242/242/232 267/267/232 266/266/232
f 242/242/233 243/243/233 268/268/233 267/267/233
f 243/243/234 244/244/234 269/269/234 268/268/234
f 244/244/235 245/245/235 270/270/235 269/269/235
f 245/245/236 246/246/236 271/271/236 270/270/236
f 246/246/237 247/247/237 272/272/237 271/271/237
f 247/247/238 248/248/238 273/273/238 272/272/238
f 248/248/239 249/249/239 274/274/239 273/273/239
f 249/249/240 250/250/240 275/275/240 274/274/240
f 251/252/241 252/251/241 277/276/241 276/277/241
f 252/251/242 253/253/242 278/278/242 277/276/242
f 253/253/243 254/254/243 279/279/243 278/278/243
f 254/254/244 255/255/244 280/280/244 279/279/244
f 255/255/245 256/256/245 281/281/245 280/280/245
f 256/256/246 257/257/246 282/282/246 281/281/246
f 257/257/247 258/258/247 283/283/247 282/282/247
f 258/258/248 259/259/248 284/284/248 283/283/248
f 259/259/249 260/260/249 285/285/249 284/284/249
f 260/260/250 261/261/250 286/286/250 285/285/250
f 261/261/251 262/262/251 287/287/251 286/286/251
f 262/262/252 263/263/252 288/288/252 287/287/252
f 263/263/253 264/264/253 289/289/253 288/288/253
f 264/264/254 265/265/254 290/290/254 289/289/254
f 265/265/255 266/266/255 291/291/255 290/290/255
f 266/266/256 267/267/256 292/292/256 291/291/256
f 267/267/257 268/268/257 293/293/257 292/292/257
f 268/268/258 269/269/258 294/294/258 293/293/258
f 269/269/259 270/270/259 295/295/259 294/294/259
f 270/270/260 271/271/260 296/296/260 295/295/260
f 271/271/261 272/272/261 297/297/261 296/296/261
f 272/272/262 273/273/262 298/298/262 297/297/262
f 273/273/263 274/274/263 299/299/263 298/298/263
f 274/274/264 275/275/264 300/300/264 299/299/264
f 276/277/265 277/276/265 302/301/265 301/302/265
f 277/276/266 278/278/266 303/303/266 302/301/266
f 278/278/267 279/279/267 304/304/267 303/303/267
f 279/279/268 280/280/268 305/305/268 304/304/268
f 280/280/269 281/281/269 306/306/269 305/305/269
f 281/281/270 282/282/270 307/307/270 306/306/270
f 282/282/271 283/283/271 308/308/271 307/307/271
f 283/283/272 284/284/272 309/309/272 308/308/272
f 284/284/273 285/285/273 310/310/273 309/309/273
f 285/285/274 286/286/274 311/311/274 310/310/274
f 286/286/275 287/287/275 312/312/275 311/311/275
f 287/287/276 288/288/276 313/313/276 312/312/276
f 288/288/277 289/289/277 314/314/277 313/313/277
f 289/289/278 290/290/278 315/315/278 314/314/278
f 290/290/279 291/291/279 316/316/279 315/315/279
f 291/291/280 292/292/280 317/317/280 316/316/280
f 292/292/281 293/293/281 318/318/281 317/317/281
f 293/293/282 294/294/282 319/319/282 318/318/282
f 294/294/283 295/295/283 320/320/283 319/319/283
f 295/295/284 296/296/284 321/321/284 320/320/284
f 296/296/285 297/297/285 322/322/285 321/321/285
f 297/297/286 298/298/286 323/323/286 322/322/286
f 298/298/287 299/299/287 324/324/287 323/323/287
f 299/299/288 300/300/288 325/325/288 324/324/288
f 301/302/289 302/301/289 327/326/289 326/327/289
f 302/301/290 303/303/290 328/328/290 327/326/290
f 303/303/291 304/304/291 329/329/291 328/328/291
f 304/304/292 305/305/292 330/330/292 329/329/292
f 305/305/293 306/306/293 331/331/293 330/330/293
f 306/306/294 307/307/294 332/332/294 331/331/294
f 307/307/295 308/308/295 333/333/295 332/332/295
f 308/308/296 309/309/296 334/334/296 333/333/296
f 309/309/297 310/310/297 335/335/297 334/334/297
f 310/310/298 311/311/298 336/336/298 335/335/298
f 311/311/299 312/312/299 337/337/299 336/336/299
f 312/312/300 313/313/300 338/338/300 337/337/300
f 313/313/301 314/314/301 339/339/301 338/338/301
f 314/314/302 315/315/302 340/340/302 339/339/302
f 315/315/303 316/316/303 341/341/303 340/340/303
f 316/316/304 317/317/304 342/342/304 341/341/304
f 317/317/305 318/318/305 343/343/305 342/342/305
f 318/318/306 319/319/306 344/344/306 343/343/306
f 319/319/307 320/320/307 345/345/307 344/344/307
f 320/320/308 321/321/308 346/346/308 345/345/308
f 321/321/309 322/322/309 347/347/309 346/346/309
f 322/322/310 323/323/310 348/348/310 347/347/310
f 323/323/311 324/324/311 349/349/311 348/348/311
f 324/324/312 325/325/312 350/350/312 349/349/312
f 326/327/313 327/326/313 352/351/313 351/352/313
f 327/326/314 328/328/314 353/353/314 352/351/314
f 328/328/315 329/329/315 354/354/315 353/353/315
f 329/329/316 330/330/316 355/355/316 354/354/316
f 330/330/317 331/331/317 356/356/317 355/355/317
f 331/331/318 332/332/318 357/357/318 356/356/318
f 332/332/319 333/333/319 358/358/319 357/357/319
f 333/333/320 334/334/320 359/359/320 358/358/320
f 334/334/321 335/335/321 360/360/321 359/359/321
f 335/335/322 336/336/322 361/361/322 360/360/322
f 336/336/323 337/337/323 362/362/323 361/361/323
f 337/337/324 338/338/324 363/363/324 362/362/324
f 338/338/325 339/339/325 364/364/325 363/363/325
f 339/339/326 340/340/326 365/365/326 364/364/326
f 340/340/327 341/341/327 366/366/327 365/365/327
f 341/341/328 342/342/328 367/367/328 366/366/328
f 342/342/329 343/343/329 368/368/329 367/367/329
f 343/343/330 344/344/330 369/369/330 368/368/330
f 344/344/331 345/345/331 370/370/331 369/369/331
f 345/345/332 346/346/332 371/371/332 370/370/332
f 346/346/333 347/347/333 372/372/333 371/371/333
f 347/347/334 348/348/334 373/373/334 372/372/334
f 348/348/335 349/349/335 374/374/335 373/373/335
f 349/349/336 350/350/336 375/375/336 374/374/336
f 351/352/337 352/351/337 377/376/337 376/377/337
f 352/351/338 353/353/338 378/378/338 377/376/338
f 353/353/339 354/354/339 379/379/339 378/378/339
f 354/354/340 355/355/340 380/380/340 379/379/340
f 355/355/341 356/356/341 381/381/341 380/380/341
f 356/356/342 357/357/342 382/382/342 381/381/342
f 357/357/343 358/358/343 383/383/343 382/382/343
f 358/358/344 359/359/344 384/384/344 383/383/344
f 359/359/345 360/360/345 385/385/345 384/384/345
f 360/360/346 361/361/346 386/386/346 385/385/346
f 361/361/347 362/362/347 387/387/347 386/386/347
f 362/362/348 363/363/348 388/388/348 387/387/348
f 363/363/349 364/364/349 389/389/349 388/388/349
f 364/364/350 365/365/350 390/390/350 389/389/350
f 365/365/351 366/366/351 391/391/351 390/390/351
f 366/366/352 367/367/352 392/392/352 391/391/352
f 367/367/353 368/368/353 393/393/353 392/392/353
f 368/368/354 369/369/354 394/394/354 393/393/354
f 369/369/355 370/370/355 395/395/355 394/394/355
f 370/370/356 371/371/356 396/396/356 395/395/356
f 371/371/357 372/372/357 397/397/357 396/396/357
f 372/372/358 373/373/358 398/398/358 397/397/358
f 373/373/359 374/374/359 399/399/359 398/398/359
f 374/374/360 375/375/360 400/400/360 399/399/360
f 376/377/361 377/376/361 402/401/361 401/402/361
f 377/376/362 378/378/362 403/403/362 402/401/362
f 378/378/363 379/379/363 404/404/363 403/403/363
f 379/379/364 380/380/364 405/405/364 404/404/364
f 380/380/365 381/381/365 406/406/365 405/405/365
f 381/381/366 382/382/366 407/407/366 406/406/366
f 382/382/367 383/383/367 408/408/367 407/407/367
f 383/383/368 384/384/368 409/409/368 408/408/368
f 384/384/369 385/385/369 410/410/369 409/409/369
f 385/385/370 386/386/370 411/411/370 410/410/370
f 386/386/371 387/387/371 412/412/371 411/411/371
f 387/387/372 388/388/372 413/413/372 412/412/372
f 388/388/373 389/389/373 414/414/373 413/413/373
f 389/389/374 390/390/374 415/415/374 414/414/374
f 390/390/375 391/391/375 416/416/375 415/415/375
f 391/391/376 392/392/376 417/417/376 416/416/376
f 392/392/377 393/393/377 418/418/377 417/417/377
f 393/393/378 394/394/378 419/419/378 418/418/378
f 394/394/379 395/395/379 420/420/379 419/419/379
f 395/395/380 396/396/380 421/421/380 420/420/380
f 396/396/381 397/397/381 422/422/381 421/421/381
f 397/397/382 398/398/382 423/423/382 422/422/382
f 398/398/383 399/399/383 424/424/383 423/423/383
f 399/399/384 400/400/384 425/425/384 424/424/384
f 401/402/384 402/401/384 427/426/384 426/427/384
f 402/401/383 403/403/383 428/428/383 427/426/383
f 403/403/382 404/404/382 429/429/382 428/428/382
f 404/404/381 405/405/381 430/430/381 429/429/381
f 405/405/380 406/406/380 431/431/380 430/430/380
f 406/406/379 407/407/379 432/432/379 431/431/379
f 407/407/378 408/408/378 433/433/378 432/432/378
f 408/408/377 409/409/377 434/434/377 433/433/377
f 409/409/376 410/410/376 435/435/376 434/434/376
f 410/410/375 411/411/375 436/436/375 435/435/375
f 411/411/374 412/412/374 437/437/374 436/436/374
f 412/412/373 413/413/373 438/438/373 437/437/373
f 413/413/372 414/414/372 439/439/372 438/438/372
f 414/414/371 415/415/371 440/440/371 439/439/371
f 415/415/370 416/416/370 441/441/370 440/440/370
f 416/416/369 417/417/369 442/442/369 441/441/369
f 417/417/368 418/418/368 443/443/368 442/442/368
f 418/418/367 419/419/367 444/444/367 443/443/367
f 419/419/366 420/420/366 445/445/366 444/444/366
f 420/420/365 421/421/365 446/446/365 445/445/365
f 421/421/364 422/422/364 447/447/364 446/446/364
f 422/422/363 423/423/363 448/448/363 447/447/363
f 423/423/362 424/424/362 449/449/362 448/448/362
f 424/424/361 425/425/361 450/450/361 449/449/361
f 426/427/360 427/426/360 452/451/360 451/452/360
f 427/426/359 428/428/359 453/453/359 452/451/359
f 428/428/358 429/429/358 454/454/358 453/453/358
f 429/429/357 430/430/357 455/455/357 454/454/357
f 430/430/356 431/431/356 456/456/356 455/455/356
f 431/431/355 432/432/355 457/457/355 456/456/355
f 432/432/354 433/433/354 458/458/354 457/457/354
f 433/433/353 434/434/353 459/459/353 458/458/353
f 434/434/352 435/435/352 460/460/352 459/459/352
f 435/435/351 436/436/351 461/461/351 460/460/351
f 436/436/350 437/437/350 462/462/350 461/461/350
f 437/437/349 438/438/349 463/463/349 462/462/349
f 438/438/348 439/439/348 464/464/348 463/463/348
f 439/439/347 440/440/347 465/465/347 464/464/347
f 440/440/346 441/441/346 466/466/346 465/465/346
f 441/441/345 442/442/345 467/467/345 466/466/345
f 442/442/344 443/443/344 468/468/344 467/467/344
f 443/443/343 444/444/343 469/469/343 468/468/343
f 444/444/342 445/445/342 470/470/342 469/469/342
f 445/445/341 446/446/341 471/471/341 470/470/341
f 446/446/340 447/447/340 472/472/340 471/471/340
f 447/447/339 448/448/339 473/473/339 472/472/339
f 448/448/338 449/449/338 474/474/338 473/473/338
f 449/449/337 450/450/337 475/475/337 474/474/337
f 451/452/336 452/451/336 477/476/336 476/477/336
f 452/451/335 453/453/335 478/478/335 477/476/335
f 453/453/334 454/454/334 479/479/334 478/478/334
f 454/454/333 455/455/333 480/480/333 479/479/333
f 455/455/332 456/456/332 481/481/332 480/480/332
f 456/456/331 457/457/331 482/482/331 481/481/331
f 457/457/330 458/458/330 483/483/330 482/482/330
f 458/458/329 459/459/329 484/484/329 483/483/329
f 459/459/328 460/460/328 485/485/328 484/484/328
f 460/460/327 461/461/327 486/486/327 485/485/327
f 461/461/326 462/462/326 487/487/326 486/486/326
f 462/462/325 463/463/325 488/488/325 487/487/325
f 463/463/324 464/464/324 489/489/324 488/488/324
f 464/464/323 465/465/323 490/490/323 489/489/323
f 465/465/322 466/466/322 491/491/322 490/490/322
f 466/466/321 467/467/321 492/492/321 491/491/321
f 467/467/320 468/468/320 493/493/320 492/492/320
f 468/468/319 469/469/319 494/494/319 493/493/319
f 469/469/318 470/470/318 495/495/318 494/494/318
f 470/470/317 471/471/317 496/496/317 495/495/317
f 471/471/316 472/472/316 497/497/316 496/496/316
f 472/472/315 473/473/315 498/498/315 497/497/315
f 473/473/314 474/474/314 499/499/314 498/498/314
f 474/474/313 475/475/313 500/500/313 499/499/313
f 476/477/312 477/476/312 502/501/312 501/502/312
f 477/476/311 478/478/311 503/503/311 502/501/311
f 478/478/310 479/479/310 504/504/310 503/503/310
f 479/479/309 480/480/309 505/505/309 504/504/309
f 480/480/308 481/481/308 506/506/308 505/505/308
f 481/481/307 482/482/307 507/507/307 506/506/307
f 482/482/306 483/483/306 508/508/306 507/507/306
f 483/483/305 484/484/305 509/509/305 508/508/305
f 484/484/304 485/485/304 510/510/304 509/509/304
f 485/485/303 486/486/303 511/511/303 510/510/303
f 486/486/302 487/487/302 512/512/302 511/511/302
f 487/487/301 488/488/301 513/513/301 512/512/301
f 488/488/300 489/489/300 514/514/300 513/513/300
f 489/489/299 490/490/299 515/515/299 514/514/299
f 490/490/298 491/491/298 516/516/298 515/515/298
f 491/491/297 492/492/297 517/517/297 516/516/297
f 492/492/296 493/493/296 518/518/296 517/517/296
f 493/493/295 494/494/295 519/519/295 518/518/295
f 494/494/294 495/495/294 520/520/294 519/519/294
f 495/495/293 496/496/293 521/521/293 520/520/293
f 496/496/292 497/497/292 522/522/292 521/521/292
f 497/497/291 498/498/291 523/523/291 522/522/291
f 498/498/290 499/499/290 524/524/290 523/523/290
f 499/499/289 500/500/289 525/525/289 524/524/289
f 501/502/288 502/501/288 527/526/288 526/527/288
f 502/501/287 503/503/287 528/528/287 527/526/287
f 503/503/286 504/504/286 529/529/286 528/528/286
f 504/504/285 505/505/285 530/530/285 529/529/285
f 505/505/284 506/506/284 531/531/284 530/530/284
f 506/506/283 507/507/283 532/532/283 531/531/283
f 507/507/282 508/508/282 533/533/282 532/532/282
f 508/508/281 509/509/281 534/534/281 533/533/281
f 509/509/280 510/510/280 535/535/280 534/534/280
f 510/510/279 511/511/279 536/536/279 535/535/279
f 511/511/278 512/512/278 537/537/278 536/536/278
f 512/512/277 513/513/277 538/538/277 537/537/277
f 513/513/276 514/514/276 539/539/276 538/538/276
f 514/514/275 515/515/275 540/540/275 539/539/275
f 515/515/274 516/516/274 541/541/274 540/540/274
f 516/516/273 517/517/273 542/542/273 541/541/273
f 517/517/272 518/518/272 543/543/272 542/542/272
f 518/518/271 519/519/271 544/544/271 543/543/271
f 519/519/270 520/520/270 545/545/270 544/544/270
f 520/520/269 521/521/269 546/546/269 545/545/269
f 521/521/268 522/522/268 547/547/268 546/546/268
f 522/522/267 523/523/267 548/548/267 547/547/267
f 523/523/266 524/524/266 549/549/266 548/548/266
f 524/524/265 525/525/265 550/550/265 549/549/265
f 526/527/264 527/526/264 552/551/264 551/552/264
f 527/526/263 528/528/263 553/553/263 552/551/263
f 528/528/262 529/529/262 554/554/262 553/553/262
f 529/529/261 530/530/261 555/555/261 554/554/261
f 530/530/260 531/531/260 556/556/260 555/555/260
f 531/531/259 532/532/259 557/557/259 556/556/259
f 532/532/258 533/533/258 558/558/258 557/557/258
f 533/533/257 534/534/257 559/559/257 558/558/257
f 534/534/256 535/535/256 560/560/256 559/559/256
f 535/535/255 536/536/255 561/561/255 560/560/255
f 536/536/254 537/537/254 562/562/254 561/561/254
f 537/537/253 538/538/253 563/563/253 562/562/253
f 538/538/252 539/539/252 564/564/252 563/563/252
f 539/539/251 540/540/251 565/565/251 564/564/251
f 540/540/250 541/541/250 566/566/250 565/565/250
f 541/541/249 542/542/249 567/567/249 566/566/249
f 542/542/248 543/543/248 568/568/248 567/567/248
f 543/543/247 544/544/247 569/569/247 568/568/247
f 544/544/246 545/545/246 570/570/246 569/569/246
f 545/545/245 546/546/245 571/571/245 570/570/245
f 546/546/244 547/547/244 572/572/244 571/571/244
f 547/547/243 548/548/243 573/573/243 572/572/243
f 548/548/242 549/549/242 574/574/242 573/573/242
f 549/549/241 550/550/241 575/575/241 574/574/241
f 551/552/240 552/551/240 577/576/240 576/577/240
f 552/551/239 553/553/239 578/578/239 577/576/239
f 553/553/238 554/554/238 579/579/238 578/578/238
f 554/554/237 555/555/237 580/580/237 579/579/237
f 555/555/236 556/556/236 581/581/236 580/580/236
f 556/556/235 557/557/235 582/582/235 581/581/235
f 557/557/234 558/558/234 583/583/234 582/582/234
f 558/558/233 559/559/233 584/584/233 583/583/233
f 559/559/232 560/560/232 585/585/232 584/584/232
f 560/560/231 561/561/231 586/586/231 585/585/231
f 561/561/230 562/562/230 587/587/230 586/586/230
f 562/562/229 563/563/229 588/588/229 587/587/229
f 563/563/228 564/564/228 589/589/228 588/588/228
f 564/564/227 565/565/227 590/590/227 589/589/227
f 565/565/226 566/566/226 591/591/226 590/590/226
f 566/566/225 567/567/225 592/592/225 591/591/225
f 567/567/224 568/568/224 593/593/224 592/592/224
f 568/568/223 569/569/223 594/594/223 593/593/223
f 569/569/222 570/570/222 595/595/222 594/594/222
f 570/570/221 571/571/221 596/596/221 595/595/221
f 571/571/220 572/572/220 597/597/220 596/596/220
f 572/572/219 573/573/219 598/598/219 597/597/219
f 573/573/218 574/574/218 599/599/218 598/598/218
f 574/574/217 575/575/217 600/600/217 599/599/217
f 576/577/216 577/576/216 602/601/216 601/602/216
f 577/576/215 578/578/215 603/603/215 602/601/215
f 578/578/214 579/579/214 604/604/214 603/603/214
f 579/579/213 580/580/213 605/605/213 604/604/213
f 580/580/212 581/581/212 606/606/212 605/605/212
f 581/581/211 582/582/211 607/607/211 606/606/211
f 582/582/210 583/583/210 608/608/210 607/607/210
f 583/583/209 584/584/209 609/609/209 608/608/209
f 584/584/208 585/585/208 610/610/208 609/609/208
f 585/585/207 586/586/207 611/611/207 610/610/207
f 586/586/206 587/587/206 612/612/206 611/611/206
f 587/587/205 588/588/205 613/613/205 612/612/205
f 588/588/204 589/589/204 614/614/204 613/613/204
f 589/589/203 590/590/203 615/615/203 614/614/203
f 590/590/202 591/591/202 616/616/202 615/615/202
f 591/591/201 592/592/201 617/617/201 616/616/201
f 592/592/200 593/593/200 618/618/200 617/617/200
f 593/593/199 594/594/199 619/619/199 618/618/199
f 594/594/198 595/595/198 620/620/198 619/619/198
f 595/595/197 596/596/197 621/621/197 620/620/197
f 596/596/196 597/597/196 622/622/196 621/621/196
f 597/597/195 598/598/195 623/623/195 622/622/195
f 598/598/194 599/599/194 624/624/194 623/623/194
f 599/599/193 600/600/193 625/625/193 624/624/193
f 601/602/192 602/601/192 627/626/192 626/627/192
f 602/601/191 603/603/191 628/628/191 627/626/191
f 603/603/190 604/604/190 629/629/190 628/628/190
f 604/604/189 605/605/189 630/630/189 629/629/189
f 605/605/188 606/606/188 631/631/188 630/630/188
f 606/606/187 607/607/187 632/632/187 631/631/187
f 607/607/186 608/608/186 633/633/186 632/632/186
f 608/608/185 609/609/185 634/634/185 633/633/185
f 609/609/184 610/610/184 635/635/184 634/634/184
f 610/610/183 611/611/183 636/636/183 635/635/183
f 611/611/182 612/612/182 637/637/182 636/636/182
f 612/612/181 613/613/181 638/638/181 637/637/181
f 613/613/180 614/614/180 639/639/180 638/638/180
f 614/614/179 615/615/179 640/640/179 639/639/179
f 615/615/178 616/616/178 641/641/178 640/640/178
f 616/616/177 617/617/177 642/642/177 641/641/177
f 617/617/176 618/618/176 643/643/176 642/642/176
f 618/618/175 619/619/175 644/644/175 643/643/175
f 619/619/174 620/620/174 645/645/174 644/644/174
f 620/620/173 621/621/173 646/646/173 645/645/173
f 621/621/172 622/622/172 647/647/172 646/646/172
f 622/622/171 623/623/171 648/648/171 647/647/171
f 623/623/170 624/624/170 649/649/170 648/648/170
f 624/624/169 625/625/169 650/650/169 649/649/169
f 626/627/385 627/626/385 652/651/385 651/652/385
f 627/626/386 628/628/386 653/653/386 652/651/386
f 628/628/387 629/629/387 654/654/387 653/653/387
f 629/629/165 630/630/165 655/655/165 654/654/165
f 630/630/164 631/631/164 656/656/164 655/655/164
f 631/631/163 632/632/163 657/657/163 656/656/163
f 632/632/162 633/633/162 658/658/162 657/657/162
f 633/633/161 634/634/161 659/659/161 658/658/161
f 634/634/160 635/635/160 660/660/160 659/659/160
f 635/635/159 636/636/159 661/661/159 660/660/159
f 636/636/158 637/637/158 662/662/158 661/661/158
f 637/637/157 638/638/157 663/663/157 662/662/157
f 638/638/156 639/639/156 664/664/156 663/663/156
f 639/639/155 640/640/155 665/665/155 664/664/155
f 640/640/154 641/641/154 666/666/154 665/665/154
f 641/641/153 642/642/153 667/667/153 666/666/153
f 642/642/152 643/643/152 668/668/152 667/667/152
f 643/643/151 644/644/151 669/669/151 668/668/151
f 644/644/150 645/645/150 670/670/150 669/669/150
f 645/645/149 646/646/149 671/671/149 670/670/149
f 646/646/148 647/647/148 672/672/148 671/671/148
f 647/647/147 648/648/147 673/673/147 672/672/147
f 648/648/146 649/649/146 674/674/146 673/673/146
f 649/649/145 650/650/145 675/675/145 674/674/145
f 651/652/388 652/651/388 677/676/388 676/677/388
f 652/651/389 653/653/389 678/678/389 677/676/389
f 653/653/390 654/654/390 679/679/390 678/678/390
f 654/654/391 655/655/391 680/680/391 679/679/391
f 655/655/392 656/656/392 681/681/392 680/680/392
f 656/656/139 657/657/139 682/682/139 681/681/139
f 657/657/138 658/658/138 683/683/138 682/682/138
f 658/658/137 659/659/137 684/684/137 683/683/137
f 659/659/136 660/660/136 685/685/136 684/684/136
f 660/660/135 661/661/135 686/686/135 685/685/135
f 661/661/134 662/662/134 687/687/134 686/686/134
f 662/662/133 663/663/133 688/688/133 687/687/133
f 663/663/132 664/664/132 689/689/132 688/688/132
f 664/664/131 665/665/131 690/690/131 689/689/131
f 665/665/130 666/666/130 691/691/130 690/690/130
f 666/666/129 667/667/129 692/692/129 691/691/129
f 667/667/128 668/668/128 693/693/128 692/692/128
f 668/668/127 669/669/127 694/694/127 693/693/127
f 669/669/126 670/670/126 695/695/126 694/694/126
f 670/670/125 671/671/125 696/696/125 695/695/125
f 671/671/124 672/672/124 697/697/124 696/696/124
f 672/672/123 673/673/123 698/698/123 697/697/123
f 673/673/122 674/674/122 699/699/122 698/698/122
f 674/674/121 675/675/121 700/700/121 699/699/121
f 676/677/393 677/676/393 702/701/393 701/702/393
f 677/676/394 678/678/394 703/703/394 702/701/394
f 678/678/395 679/679/395 704/704/395 703/703/395
f 679/679/396 680/680/396 705/705/396 704/704/396
f 680/680/397 681/681/397 706/706/397 705/705/397
f 681/681/398 682/682/398 707/707/398 706/706/398
f 682/682/114 683/683/114 708/708/114 707/707/114
f 683/683/113 684/684/113 709/709/113 708/708/113
f 684/684/112 685/685/112 710/710/112 709/709/112
f 685/685/111 686/686/111 711/711/111 710/710/111
f 686/686/110 687/687/110 712/712/110 711/711/110
f 687/687/109 688/688/109 713/713/109 712/712/109
f 688/688/108 689/689/108 714/714/108 713/713/108
f 689/689/107 690/690/107 715/715/107 714/714/107
f 690/690/106 691/691/106 716/716/106 715/715/106
f 691/691/105 692/692/105 717/717/105 716/716/105
f 692/692/104 693/693/104 718/718/104 717/717/104
f 693/693/103 694/694/103 719/719/103 718/718/103
f 694/694/102 695/695/102 720/720/102 719/719/102
f 695/695/101 696/696/101 721/721/101 720/720/101
f 696/696/100 697/697/100 722/722/100 721/721/100
f 697/697/99 698/698/99 723/723/99 722/722/99
f 698/698/98 699/699/98 724/724/98 723/723/98
f 699/699/97 700/700/97 725/725/97 724/724/97
f 701/702/399 702/701/399 727/726/399 726/727/399
f 702/701/400 703/703/400 728/728/400 727/726/400
f 703/703/401 704/704/401 729/729/401 728/728/401
f 704/704/402 705/705/402 730/730/402 729/729/402
f 705/705/403 706/706/403 731/731/403 730/730/403
f 706/706/404 707/707/404 732/732/404 731/731/404
f 707/707/405 708/708/405 733/733/405 732/732/405
f 708/708/89 709/709/89 734/734/89 733/733/89
f 709/709/88 710/710/88 735/735/88 734/734/88
f 710/710/87 711/711/87 736/736/87 735/735/87
f 711/711/86 712/712/86 737/737/86 736/736/86
f 712/712/85 713/713/85 738/738/85 737/737/85
f 713/713/84 714/714/84 739/739/84 738/738/84
f 714/714/83 715/715/83 740/740/83 739/739/83
f 715/715/82 716/716/82 741/741/82 740/740/82
f 716/716/81 717/717/81 742/742/81 741/741/81
f 717/717/80 718/718/80 743/743/80 742/742/80
f 718/718/79 719/719/79 744/744/79 743/743/79
f 719/719/78 720/720/78 745/745/78 744/744/78
f 720/720/77 721/721/77 746/746/77 745/745/77
f 721/721/76 722/722/76 747/747/76 746/746/76
f 722/722/75 723/723/75 748/748/75 747/747/75
f 723/723/74 724/724/74 749/749/74 748/748/74
f 724/724/73 725/725/73 750/750/73 749/749/73
f 726/727/406 727/726/406 752/751/406 751/752/406
f 727/726/407 728/728/407 753/753/407 752/751/407
f 728/728/408 729/729/408 754/754/408 753/753/408
f 729/729/409 730/730/409 755/755/409 754/754/409
f 730/730/410 731/731/410 756/756/410 755/755/410
f 731/731/411 732/732/411 757/757/411 756/756/411
f 732/732/412 733/733/412 758/758/412 757/757/412
f 733/733/65 734/734/65 759/759/65 758/758/65
f 734/734/64 735/735/64 760/760/64 759/759/64
f 735/735/63 736/736/63 761/761/63 760/760/63
f 736/736/62 737/737/62 762/762/62 761/761/62
f 737/737/61 738/738/61 763/763/61 762/762/61
f 738/738/60 739/739/60 764/764/60 763/763/60
f 739/739/59 740/740/59 765/765/59 764/764/59
f 740/740/58 741/741/58 766/766/58 765/765/58
f 741/741/57 742/742/57 767/767/57 766/766/57
f 742/742/56 743/743/56 768/768/56 767/767/56
f 743/743/55 744/744/55 769/769/55 768/768/55
f 744/744/54 745/745/54 770/770/54 769/769/54
f 745/745/53 746/746/53 771/771/53 770/770/53
f 746/746/52 747/747/52 772/772/52 771/771/52
f 747/747/51 748/748/51 773/773/51 772/772/51
f 748/748/50 749/749/50 774/774/50 773/773/50
f 749/749/49 750/750/49 775/775/49 774/774/49
f 751/752/413 752/751/413 777/776/413 776/777/413
f 752/751/414 753/753/414 778/778/414 777/776/414
f 753/753/415 754/754/415 779/779/415 778/778/415
f 754/754/416 755/755/416 780/780/416 779/779/416
f 755/755/417 756/756/417 781/781/417 780/780/417
f 756/756/418 757/757/418 782/782/418 781/781/418
f 757/757/419 758/758/419 783/783/419 782/782/419
f 758/758/41 759/759/41 784/784/41 783/783/41
f 759/759/40 760/760/40 785/785/40 784/784/40
f 760/760/39 761/761/39 786/786/39 785/785/39
f 761/761/38 762/762/38 787/787/38 786/786/38
f 762/762/37 763/763/37 788/788/37 787/787/37
f 763/763/36 764/764/36 789/789/36 788/788/36
f 764/764/35 765/765/35 790/790/35 789/789/35
f 765/765/34 766/766/34 791/791/34 790/790/34
f 766/766/33 767/767/33 792/792/33 791/791/33
f 767/767/32 768/768/32 793/793/32 792/792/32
f 768/768/31 769/769/31 794/794/31 793/793/31
f 769/769/30 770/770/30 795/795/30 794/794/30
f 770/770/29 771/771/29 796/796/29 795/795/29
f 771/771/28 772/772/28 797/797/28 796/796/28
f 772/772/27 773/773/27 798/798/27 797/797/27
f 773/773/26 774/774/26 799/799/26 798/798/26
f 774/774/25 775/775/25 800/800/25 799/799/25
f 776/777/420 777/776/420 802/801/420 801/802/420
f 777/776/421 778/778/421 803/803/421 802/801/421
f 778/778/422 779/779/422 804/804/422 803/803/422
f 779/779/423 780/780/423 805/805/423 804/804/423
f 780/780/424 781/781/424 806/806/424 805/805/424
f 781/781/425 782/782/425 807/807/425 806/806/425
f 782/782/426 783/783/426 808/808/426 807/807/426
f 783/783/17 784/784/17 809/809/17 808/808/17
f 784/784/16 785/785/16 810/810/16 809/809/16
f 785/785/15 786/786/15 811/811/15 810/810/15
f 786/786/14 787/787/14 812/812/14 811/811/14
f 787/787/13 788/788/13 813/813/13 812/812/13
f 788/788/12 789/789/12 814/814/12 813/813/12
f 789/789/11 790/790/11 815/815/11 814/814/11
f 790/790/10 791/791/10 816/816/10 815/815/10
f 791/791/9 792/792/9 817/817/9 816/816/9
f 792/792/8 793/793/8 818/818/8 817/817/8
f 793/793/7 794/794/7 819/819/7 818/818/7
f 794/794/6 795/795/6 820/820/6 819/819/6
f 795/795/5 796/796/5 821/821/5 820/820/5
f 796/796/4 797/797/4 822/822/4 821/821/4
f 797/797/3 798/798/3 823/823/3 822/822/3
f 798/798/2 799/799/2 824/824/2 823/823/2
f 799/799/1 800/800/1 825/825/1 824/824/1
f 826/1/427 851/4/427 852/3/427 827/2/427
f 827/2/428 852/3/428 853/6/428 828/5/428
f 828/5/429 853/6/429 854/8/429 829/7/429
f 829/7/430 854/8/430 855/10/430 830/9/430
f 830/9/431 855/10/431 856/12/431 831/11/431
f 831/11/432 856/12/432 857/14/432 832/13/432
f 832/13/433 857/14/433 858/16/433 833/15/433
f 833/15/434 858/16/434 859/18/434 834/17/434
f 834/17/435 859/18/435 860/20/435 835/19/435
f 835/19/436 860/20/436 861/22/436 836/21/436
f 836/21/437 861/22/437 862/24/437 837/23/437
f 837/23/438 862/24/438 863/26/438 838/25/438
f 838/25/439 863/26/439 864/28/439 839/27/439
f 839/27/440 864/28/440 865/30/440 840/29/440
f 840/29/441 865/30/441 866/32/441 841/31/441
f 841/31/442 866/32/442 867/34/442 842/33/442
f 842/33/443 867/34/443 868/36/443 843/35/443
f 843/35/444 868/36/444 869/38/444 844/37/444
f 844/37/445 869/38/445 870/40/445 845/39/445
f 845/39/446 870/40/446 871/42/446 846/41/446
f 846/41/447 871/42/447 872/44/447 847/43/447
f 847/43/448 872/44/448 873/46/448 848/45/448
f 848/45/449 873/46/449 874/48/449 849/47/449
f 849/47/450 874/48/450 875/50/450 850/49/450
f 851/4/451 876/52/451 877/51/451 852/3/451
f 852/3/452 877/51/452 878/53/452 853/6/452
f 853/6/453 878/53/453 879/54/453 854/8/453
f 854/8/454 879/54/454 880/55/454 855/10/454
f 855/10/455 880/55/455 881/56/455 856/12/455
f 856/12/456 881/56/456 882/57/456 857/14/456
f 857/14/457 882/57/457 883/58/457 858/16/457
f 858/16/458 883/58/458 884/59/458 859/18/458
f 859/18/459 884/59/459 885/60/459 860/20/459
f 860/20/460 885/60/460 886/61/460 861/22/460
f 861/22/461 886/61/461 887/62/461 862/24/461
f 862/24/462 887/62/462 888/63/462 863/26/462
f 863/26/463 888/63/463 889/64/463 864/28/463
f 864/28/464 889/64/464 890/65/464 865/30/464
f 865/30/465 890/65/465 891/66/465 866/32/465
f 866/32/466 891/66/466 892/67/466 867/34/466
f 867/34/467 892/67/467 893/68/467 868/36/467
f 868/36/468 893/68/468 894/69/468 869/38/468
f 869/38/469 894/69/469 895/70/469 870/40/469
f 870/40/470 895/70/470 896/71/470 871/42/470
f 871/42/471 896/71/471 897/72/471 872/44/471
f 872/44/472 897/72/472 898/73/472 873/46/472
f 873/46/473 898/73/473 899/74/473 874/48/473
f 874/48/474 899/74/474 900/75/474 875/50/474
f 876/52/475 901/77/475 902/76/475 877/51/475
f 877/51/476 902/76/476 903/78/476 878/53/476
f 878/53/477 903/78/477 904/79/477 879/54/477
f 879/54/478 904/79/478 905/80/478 880/55/478
f 880/55/479 905/80/479 906/81/479 881/56/479
f 881/56/480 906/81/480 907/82/480 882/57/480
f 882/57/481 907/82/481 908/83/481 883/58/481
f 883/58/482 908/83/482 909/84/482 884/59/482
f 884/59/483 909/84/483 910/85/483 885/60/483
f 885/60/484 910/85/484 911/86/484 886/61/484
f 886/61/485 911/86/485 912/87/485 887/62/485
f 887/62/486 912/87/486 913/88/486 888/63/486
f 888/63/487 913/88/487 914/89/487 889/64/487
f 889/64/488 914/89/488 915/90/488 890/65/488
f 890/65/489 915/90/489 916/91/489 891/66/489
f 891/66/490 916/91/490 917/92/490 892/67/490
f 892/67/491 917/92/491 918/93/491 893/68/491
f 893/68/492 918/93/492 919/94/492 894/69/492
f 894/69/493 919/94/493 920/95/493 895/70/493
f 895/70/494 920/95/494 921/96/494 896/71/494
f 896/71/495 921/96/495 922/97/495 897/72/495
f 897/72/496 922/97/496 923/98/496 898/73/496
f 898/73/497 923/98/497 924/99/497 899/74/497
f 899/74/498 924/99/498 925/100/498 900/75/498
f 901/77/499 926/102/499 927/101/499 902/76/499
f 902/76/500 927/101/500 928/103/500 903/78/500
f 903/78/501 928/103/501 929/104/501 904/79/501
f 904/79/502 929/104/502 930/105/502 905/80/502
f 905/80/503 930/105/503 931/106/503 906/81/503
f 906/81/504 931/106/504 932/107/504 907/82/504
f 907/82/505 932/107/505 933/108/505 908/83/505
f 908/83/506 933/108/506 934/109/506 909/84/506
f 909/84/507 934/109/507 935/110/507 910/85/507
f 910/85/508 935/110/508 936/111/508 911/86/508
f 911/86/509 936/111/509 937/112/509 912/87/509
f 912/87/510 937/112/510 938/113/510 913/88/510
f 913/88/511 938/113/511 939/114/511 914/89/511
f 914/89/512 939/114/512 940/115/512 915/90/512
f 915/90/513 940/115/513 941/116/513 916/91/513
f 916/91/514 941/116/514 942/117/514 917/92/514
f 917/92/515 942/117/515 943/118/515 918/93/515
f 918/93/516 943/118/516 944/119/516 919/94/516
f 919/94/517 944/119/517 945/120/517 920/95/517
f 920/95/518 945/120/518 946/121/518 921/96/518
f 921/96/519 946/121/519 947/122/519 922/97/519
f 922/97/520 947/122/520 948/123/520 923/98/520
f 923/98/521 948/123/521 949/124/521 924/99/521
f 924/99/522 949/124/522 950/125/522 925/100/522
f 926/102/523 951/127/523 952/126/523 927/101/523
f 927/101/524 952/126/524 953/128/524 928/103/524
f 928/103/525 953/128/525 954/129/525 929/104/525
f 929/104/526 954/129/526 955/130/526 930/105/526
f 930/105/527 955/130/527 956/131/527 931/106/527
f 931/106/528 956/131/528 957/132/528 932/107/528
f 932/107/529 957/132/529 958/133/529 933/108/529
f 933/108/530 958/133/530 959/134/530 934/109/530
f 934/109/531 959/134/531 960/135/531 935/110/531
f 935/110/532 960/135/532 961/136/532 936/111/532
f 936/111/533 961/136/533 962/137/533 937/112/533
f 937/112/534 962/137/534 963/138/534 938/113/534
f 938/113/535 963/138/535 964/139/535 939/114/535
f 939/114/536 964/139/536 965/140/536 940/115/536
f 940/115/537 965/140/537 966/141/537 941/116/537
f 941/116/538 966/141/538 967/142/538 942/117/538
f 942/117/539 967/142/539 968/143/539 943/118/539
f 943/118/540 968/143/540 969/144/540 944/119/540
f 944/119/541 969/144/541 970/145/541 945/120/541
f 945/120/542 970/145/542 971/146/542 946/121/542
f 946/121/543 971/146/543 972/147/543 947/122/543
f 947/122/544 972/147/544 973/148/544 948/123/544
f 948/123/545 973/148/545 974/149/545 949/124/545
f 949/124/546 974/149/546 975/150/546 950/125/546
f 951/127/547 976/152/547 977/151/547 952/126/547
f 952/126/548 977/151/548 978/153/548 953/128/548
f 953/128/549 978/153/549 979/154/549 954/129/549
f 954/129/550 979/154/550 980/155/550 955/130/550
f 955/130/551 980/155/551 981/156/551 956/131/551
f 956/131/552 981/156/552 982/157/552 957/132/552
f 957/132/553 982/157/553 983/158/553 958/133/553
f 958/133/554 983/158/554 984/159/554 959/134/554
f 959/134/555 984/159/555 985/160/555 960/135/555
f 960/135/556 985/160/556 986/161/556 961/136/556
f 961/136/557 986/161/557 987/162/557 962/137/557
f 962/137/558 987/162/558 988/163/558 963/138/558
f 963/138/559 988/163/559 989/164/559 964/139/559
f 964/139/560 989/164/560 990/165/560 965/140/560
f 965/140/561 990/165/561 991/166/561 966/141/561
f 966/141/562 991/166/562 992/167/562 967/142/562
f 967/142/563 992/167/563 993/168/563 968/143/563
f 968/143/564 993/168/564 994/169/564 969/144/564
f 969/144/565 994/169/565 995/170/565 970/145/565
f 970/145/566 995/170/566 996/171/566 971/146/566
f 971/146/567 996/171/567 997/172/567 972/147/567
f 972/147/568 997/172/568 998/173/568 973/148/568
f 973/148/569 998/173/569 999/174/569 974/149/569
f 974/149/570 999/174/570 1000/175/570 975/150/570
f 976/152/571 1001/177/571 1002/176/571 977/151/571
f 977/151/572 1002/176/572 1003/178/572 978/153/572
f 978/153/573 1003/178/573 1004/179/573 979/154/573
f 979/154/574 1004/179/574 1005/180/574 980/155/574
f 980/155/575 1005/180/575 1006/181/575 981/156/575
f 981/156/576 1006/181/576 1007/182/576 982/157/576
f 982/157/577 1007/182/577 1008/183/577 983/158/577
f 983/158/578 1008/183/578 1009/184/578 984/159/578
f 984/159/579 1009/184/579 1010/185/579 985/160/579
f 985/160/580 1010/185/580 1011/186/580 986/161/580
f 986/161/581 1011/186/581 1012/187/581 987/162/581
f 987/162/582 1012/187/582 1013/188/582 988/163/582
f 988/163/583 1013/188/583 1014/189/583 989/164/583
f 989/164/584 1014/189/584 1015/190/584 990/165/584
f 990/165/585 1015/190/585 1016/191/585 991/166/585
f 991/166/586 1016/191/586 1017/192/586 992/167/586
f 992/167/587 1017/192/587 1018/193/587 993/168/587
f 993/168/588 1018/193/588 1019/194/588 994/169/588
f 994/169/589 1019/194/589 1020/195/589 995/170/589
f 995/170/590 1020/195/590 1021/196/590 996/171/590
f 996/171/591 1021/196/591 1022/197/591 997/172/591
f 997/172/592 1022/197/592 1023/198/592 998/173/592
f 998/173/593 1023/198/593 1024/199/593 999/174/593
f 999/174/594 1024/199/594 1025/200/594 1000/175/594
f 1001/177/595 1026/202/595 1027/201/595 1002/176/595
f 1002/176/596 1027/201/596 1028/203/596 1003/178/596
f 1003/178/597 1028/203/597 1029/204/597 1004/179/597
f 1004/179/598 1029/204/598 1030/205/598 1005/180/598
f 1005/180/599 1030/205/599 1031/206/599 1006/181/599
f 1006/181/600 1031/206/600 1032/207/600 1007/182/600
f 1007/182/601 1032/207/601 1033/208/601 1008/183/601
f 1008/183/602 1033/208/602 1034/209/602 1009/184/602
f 1009/184/603 1034/209/603 1035/210/603 1010/185/603
f 1010/185/604 1035/210/604 1036/211/604 1011/186/604
f 1011/186/605 1036/211/605 1037/212/605 1012/187/605
f 1012/187/606 1037/212/606 1038/213/606 1013/188/606
f 1013/188/607 1038/213/607 1039/214/607 1014/189/607
f 1014/189/608 1039/214/608 1040/215/608 1015/190/608
f 1015/190/609 1040/215/609 1041/216/609 1016/191/609
f 1016/191/610 1041/216/610 1042/217/610 1017/192/610
f 1017/192/611 1042/217/611 1043/218/611 1018/193/611
f 1018/193/612 1043/218/612 1044/219/612 1019/194/612
f 1019/194/613 1044/219/613 1045/220/613 1020/195/613
f 1020/195/614 1045/220/614 1046/221/614 1021/196/614
f 1021/196/615 1046/221/615 1047/222/615 1022/197/615
f 1022/197/616 1047/222/616 1048/223/616 1023/198/616
f 1023/198/617 1048/223/617 1049/224/617 1024/199/617
f 1024/199/618 1049/224/618 1050/225/618 1025/200/618
f 1026/202/619 1051/227/619 1052/226/619 1027/201/619
f 1027/201/620 1052/226/620 1053/228/620 1028/203/620
f 1028/203/621 1053/228/621 1054/229/621 1029/204/621
f 1029/204/622 1054/229/622 1055/230/622 1030/205/622
f 1030/205/623 1055/230/623 1056/231/623 1031/206/623
f 1031/206/624 1056/231/624 1057/232/624 1032/207/624
f 1032/207/625 1057/232/625 1058/233/625 1033/208/625
f 1033/208/626 1058/233/626 1059/234/626 1034/209/626
f 1034/209/627 1059/234/627 1060/235/627 1035/210/627
f 1035/210/628 1060/235/628 1061/236/628 1036/211/628
f 1036/211/629 1061/236/629 1062/237/629 1037/212/629
f 1037/212/630 1062/237/630 1063/238/630 1038/213/630
f 1038/213/631 1063/238/631 1064/239/631 1039/214/631
f 1039/214/632 1064/239/632 1065/240/632 1040/215/632
f 1040/215/633 1065/240/633 1066/241/633 1041/216/633
f 1041/216/634 1066/241/634 1067/242/634 1042/217/634
f 1042/217/635 1067/242/635 1068/243/635 1043/218/635
f 1043/218/636 1068/243/636 1069/244/636 1044/219/636
f 1044/219/637 1069/244/637 1070/245/637 1045/220/637
f 1045/220/638 1070/245/638 1071/246/638 1046/221/638
f 1046/221/639 1071/246/639 1072/247/639 1047/222/639
f 1047/222/640 1072/247/640 1073/248/640 1048/223/640
f 1048/223/641 1073/248/641 1074/249/641 1049/224/641
f 1049/224/642 1074/249/642 1075/250/642 1050/225/642
f 1051/227/643 1076/252/643 1077/251/643 1052/226/643
f 1052/226/644 1077/251/644 1078/253/644 1053/228/644
f 1053/228/645 1078/253/645 1079/254/645 1054/229/645
f 1054/229/646 1079/254/646 1080/255/646 1055/230/646
f 1055/230/647 1080/255/647 1081/256/647 1056/231/647
f 1056/231/648 1081/256/648 1082/257/648 1057/232/648
f 1057/232/649 1082/257/649 1083/258/649 1058/233/649
f 1058/233/650 1083/258/650 1084/259/650 1059/234/650
f 1059/234/651 1084/259/651 1085/260/651 1060/235/651
f 1060/235/652 1085/260/652 1086/261/652 1061/236/652
f 1061/236/653 1086/261/653 1087/262/653 1062/237/653
f 1062/237/654 1087/262/654 1088/263/654 1063/238/654
f 1063/238/655 1088/263/655 1089/264/655 1064/239/655
f 1064/239/656 1089/264/656 1090/265/656 1065/240/656
f 1065/240/657 1090/265/657 1091/266/657 1066/241/657
f 1066/241/658 1091/266/658 1092/267/658 1067/242/658
f 1067/242/659 1092/267/659 1093/268/659 1068/243/659
f 1068/243/660 1093/268/660 1094/269/660 1069/244/660
f 1069/244/661 1094/269/661 1095/270/661 1070/245/661
f 1070/245/662 1095/270/662 1096/271/662 1071/246/662
f 1071/246/663 1096/271/663 1097/272/663 1072/247/663
f 1072/247/664 1097/272/664 1098/273/664 1073/248/664
f 1073/248/665 1098/273/665 1099/274/665 1074/249/665
f 1074/249/666 1099/274/666 1100/275/666 1075/250/666
f 1076/252/667 1101/277/667 1102/276/667 1077/251/667
f 1077/251/668 1102/276/668 1103/278/668 1078/253/668
f 1078/253/669 1103/278/669 1104/279/669 1079/254/669
f 1079/254/670 1104/279/670 1105/280/670 1080/255/670
f 1080/255/671 1105/280/671 1106/281/671 1081/256/671
f 1081/256/672 1106/281/672 1107/282/672 1082/257/672
f 1082/257/673 1107/282/673 1108/283/673 1083/258/673
f 1083/258/674 1108/283/674 1109/284/674 1084/259/674
f 1084/259/675 1109/284/675 1110/285/675 1085/260/675
f 1085/260/676 1110/285/676 1111/286/676 1086/261/676
f 1086/261/677 1111/286/677 1112/287/677 1087/262/677
f 1087/262/678 1112/287/678 1113/288/678 1088/263/678
f 1088/263/679 1113/288/679 1114/289/679 1089/264/679
f 1089/264/680 1114/289/680 1115/290/680 1090/265/680
f 1090/265/681 1115/290/681 1116/291/681 1091/266/681
f 1091/266/682 1116/291/682 1117/292/682 1092/267/682
f 1092/267/683 1117/292/683 1118/293/683 1093/268/683
f 1093/268/684 1118/293/684 1119/294/684 1094/269/684
f 1094/269/685 1119/294/685 1120/295/685 1095/270/685
f 1095/270/686 1120/295/686 1121/296/686 1096/271/686
f 1096/271/687 1121/296/687 1122/297/687 1097/272/687
f 1097/272/688 1122/297/688 1123/298/688 1098/273/688
f 1098/273/689 1123/298/689 1124/299/689 1099/274/689
f 1099/274/690 1124/299/690 1125/300/690 1100/275/690
f 1101/277/691 1126/302/691 1127/301/691 1102/276/691
f 1102/276/692 1127/301/692 1128/303/692 1103/278/692
f 1103/278/693 1128/303/693 1129/304/693 1104/279/693
f 1104/279/694 1129/304/694 1130/305/694 1105/280/694
f 1105/280/695 1130/305/695 1131/306/695 1106/281/695
f 1106/281/696 1131/306/696 1132/307/696 1107/282/696
f 1107/282/697 1132/307/697 1133/308/697 1108/283/697
f 1108/283/698 1133/308/698 1134/309/698 1109/284/698
f 1109/284/699 1134/309/699 1135/310/699 1110/285/699
f 1110/285/700 1135/310/700 1136/311/700 1111/286/700
f 1111/286/701 1136/311/701 1137/312/701 1112/287/701
f 1112/287/702 1137/312/702 1138/313/702 1113/288/702
f 1113/288/703 1138/313/703 1139/314/703 1114/289/703
f 1114/289/704 1139/314/704 1140/315/704 1115/290/704
f 1115/290/705 1140/315/705 1141/316/705 1116/291/705
f 1116/291/706 1141/316/706 1142/317/706 1117/292/706
f 1117/292/707 1142/317/707 1143/318/707 1118/293/707
f 1118/293/708 1143/318/708 1144/319/708 1119/294/708
f 1119/294/709 1144/319/709 1145/320/709 1120/295/709
f 1120/295/710 1145/320/710 1146/321/710 1121/296/710
f 1121/296/711 1146/321/711 1147/322/711 1122/297/711
f 1122/297/712 1147/322/712 1148/323/712 1123/298/712
f 1123/298/713 1148/323/713 1149/324/713 1124/299/713
f 1124/299/714 1149/324/714 1150/325/714 1125/300/714
f 1126/302/715 1151/327/715 1152/326/715 1127/301/715
f 1127/301/716 1152/326/716 1153/328/716 1128/303/716
f 1128/303/717 1153/328/717 1154/329/717 1129/304/717
f 1129/304/718 1154/329/718 1155/330/718 1130/305/718
f 1130/305/719 1155/330/719 1156/331/719 1131/306/719
f 1131/306/720 1156/331/720 1157/332/720 1132/307/720
f 1132/307/721 1157/332/721 1158/333/721 1133/308/721
f 1133/308/722 1158/333/722 1159/334/722 1134/309/722
f 1134/309/723 1159/334/723 1160/335/723 1135/310/723
f 1135/310/724 1160/335/724 1161/336/724 1136/311/724
f 1136/311/725 1161/336/725 1162/337/725 1137/312/725
f 1137/312/726 1162/337/726 1163/338/726 1138/313/726
f 1138/313/727 1163/338/727 1164/339/727 1139/314/727
f 1139/314/728 1164/339/728 1165/340/728 1140/315/728
f 1140/315/729 1165/340/729 1166/341/729 1141/316/729
f 1141/316/730 1166/341/730 1167/342/730 1142/317/730
f 1142/317/731 1167/342/731 1168/343/731 1143/318/731
f 1143/318/732 1168/343/732 1169/344/732 1144/319/732
f 1144/319/733 1169/344/733 1170/345/733 1145/320/733
f 1145/320/734 1170/345/734 1171/346/734 1146/321/734
f 1146/321/735 1171/346/735 1172/347/735 1147/322/735
f 1147/322/736 1172/347/736 1173/348/736 1148/323/736
f 1148/323/737 1173/348/737 1174/349/737 1149/324/737
f 1149/324/738 1174/349/738 1175/350/738 1150/325/738
f 1151/327/739 1176/352/739 1177/351/739 1152/326/739
f 1152/326/740 1177/351/740 1178/353/740 1153/328/740
f 1153/328/741 1178/353/741 1179/354/741 1154/329/741
f 1154/329/742 1179/354/742 1180/355/742 1155/330/742
f 1155/330/743 1180/355/743 1181/356/743 1156/331/743
f 1156/331/744 1181/356/744 1182/357/744 1157/332/744
f 1157/332/745 1182/357/745 1183/358/745 1158/333/745
f 1158/333/746 1183/358/746 1184/359/746 1159/334/746
f 1159/334/747 1184/359/747 1185/360/747 1160/335/747
f 1160/335/748 1185/360/748 1186/361/748 1161/336/748
f 1161/336/749 1186/361/749 1187/362/749 1162/337/749
f 1162/337/750 1187/362/750 1188/363/750 1163/338/750
f 1163/338/751 1188/363/751 1189/364/751 1164/339/751
f 1164/339/752 1189/364/752 1190/365/752 1165/340/752
f 1165/340/753 1190/365/753 1191/366/753 1166/341/753
f 1166/341/754 1191/366/754 1192/367/754 1167/342/754
f 1167/342/755 1192/367/755 1193/368/755 1168/343/755
f 1168/343/756 1193/368/756 1194/369/756 1169/344/756
f 1169/344/757 1194/369/757 1195/370/757 1170/345/757
f 1170/345/758 1195/370/758 1196/371/758 1171/346/758
f 1171/346/759 1196/371/759 1197/372/759 1172/347/759
f 1172/347/760 1197/372/760 1198/373/760 1173/348/760
f 1173/348/761 1198/373/761 1199/374/761 1174/349/761
f 1174/349/762 1199/374/762 1200/375/762 1175/350/762
f 1176/352/763 1201/377/763 1202/376/763 1177/351/763
f 1177/351/764 1202/376/764 1203/378/764 1178/353/764
f 1178/353/765 1203/378/765 1204/379/765 1179/354/765
f 1179/354/766 1204/379/766 1205/380/766 1180/355/766
f 1180/355/767 1205/380/767 1206/381/767 1181/356/767
f 1181/356/768 1206/381/768 1207/382/768 1182/357/768
f 1182/357/769 1207/382/769 1208/383/769 1183/358/769
f 1183/358/770 1208/383/770 1209/384/770 1184/359/770
f 1184/359/771 1209/384/771 1210/385/771 1185/360/771
f 1185/360/772 1210/385/772 1211/386/772 1186/361/772
f 1186/361/773 1211/386/773 1212/387/773 1187/362/773
f 1187/362/774 1212/387/774 1213/388/774 1188/363/774
f 1188/363/775 1213/388/775 1214/389/775 1189/364/775
f 1189/364/776 1214/389/776 1215/390/776 1190/365/776
f 1190/365/777 1215/390/777 1216/391/777 1191/366/777
f 1191/366/778 1216/391/778 1217/392/778 1192/367/778
f 1192/367/779 1217/392/779 1218/393/779 1193/368/779
f 1193/368/780 1218/393/780 1219/394/780 1194/369/780
f 1194/369/781 1219/394/781 1220/395/781 1195/370/781
f 1195/370/782 1220/395/782 1221/396/782 1196/371/782
f 1196/371/783 1221/396/783 1222/397/783 1197/372/783
f 1197/372/784 1222/397/784 1223/398/784 1198/373/784
f 1198/373/785 1223/398/785 1224/399/785 1199/374/785
f 1199/374/786 1224/399/786 1225/400/786 1200/375/786
f 1201/377/787 1226/402/787 1227/401/787 1202/376/787
f 1202/376/788 1227/401/788 1228/403/788 1203/378/788
f 1203/378/789 1228/403/789 1229/404/789 1204/379/789
f 1204/379/790 1229/404/790 1230/405/790 1205/380/790
f 1205/380/791 1230/405/791 1231/406/791 1206/381/791
f 1206/381/792 1231/406/792 1232/407/792 1207/382/792
f 1207/382/793 1232/407/793 1233/408/793 1208/383/793
f 1208/383/794 1233/408/794 1234/409/794 1209/384/794
f 1209/384/795 1234/409/795 1235/410/795 1210/385/795
f 1210/385/796 1235/410/796 1236/411/796 1211/386/796
f 1211/386/797 1236/411/797 1237/412/797 1212/387/797
f 1212/387/798 1237/412/798 1238/413/798 1213/388/798
f 1213/388/799 1238/413/799 1239/414/799 1214/389/799
f 1214/389/800 1239/414/800 1240/415/800 1215/390/800
f 1215/390/801 1240/415/801 1241/416/801 1216/391/801
f 1216/391/802 1241/416/802 1242/417/802 1217/392/802
f 1217/392/803 1242/417/803 1243/418/803 1218/393/803
f 1218/393/804 1243/418/804 1244/419/804 1219/394/804
f 1219/394/805 1244/419/805 1245/420/805 1220/395/805
f 1220/395/806 1245/420/806 1246/421/806 1221/396/806
f 1221/396/807 1246/421/807 1247/422/807 1222/397/807
f 1222/397/808 1247/422/808 1248/423/808 1223/398/808
f 1223/398/809 1248/423/809 1249/424/809 1224/399/809
f 1224/399/810 1249/424/810 1250/425/810 1225/400/810
f 1226/402/811 1251/427/811 1252/426/811 1227/401/811
f 1227/401/812 1252/426/812 1253/428/812 1228/403/812
f 1228/403/808 1253/428/808 1254/429/808 1229/404/808
f 1229/404/807 1254/429/807 1255/430/807 1230/405/807
f 1230/405/806 1255/430/806 1256/431/806 1231/406/806
f 1231/406/813 1256/431/813 1257/432/813 1232/407/813
f 1232/407/804 1257/432/804 1258/433/804 1233/408/804
f 1233/408/814 1258/433/814 1259/434/814 1234/409/814
f 1234/409/815 1259/434/815 1260/435/815 1235/410/815
f 1235/410/816 1260/435/816 1261/436/816 1236/411/816
f 1236/411/817 1261/436/817 1262/437/817 1237/412/817
f 1237/412/799 1262/437/799 1263/438/799 1238/413/799
f 1238/413/818 1263/438/818 1264/439/818 1239/414/818
f 1239/414/819 1264/439/819 1265/440/819 1240/415/819
f 1240/415/820 1265/440/820 1266/441/820 1241/416/820
f 1241/416/795 1266/441/795 1267/442/795 1242/417/795
f 1242/417/821 1267/442/821 1268/443/821 1243/418/821
f 1243/418/793 1268/443/793 1269/444/793 1244/419/793
f 1244/419/822 1269/444/822 1270/445/822 1245/420/822
f 1245/420/823 1270/445/823 1271/446/823 1246/421/823
f 1246/421/790 1271/446/790 1272/447/790 1247/422/790
f 1247/422/824 1272/447/824 1273/448/824 1248/423/824
f 1248/423/825 1273/448/825 1274/449/825 1249/424/825
f 1249/424/826 1274/449/826 1275/450/826 1250/425/826
f 1251/427/786 1276/452/786 1277/451/786 1252/426/786
f 1252/426/827 1277/451/827 1278/453/827 1253/428/827
f 1253/428/828 1278/453/828 1279/454/828 1254/429/828
f 1254/429/829 1279/454/829 1280/455/829 1255/430/829
f 1255/430/830 1280/455/830 1281/456/830 1256/431/830
f 1256/431/781 1281/456/781 1282/457/781 1257/432/781
f 1257/432/831 1282/457/831 1283/458/831 1258/433/831
f 1258/433/832 1283/458/832 1284/459/832 1259/434/832
f 1259/434/833 1284/459/833 1285/460/833 1260/435/833
f 1260/435/834 1285/460/834 1286/461/834 1261/436/834
f 1261/436/776 1286/461/776 1287/462/776 1262/437/776
f 1262/437/835 1287/462/835 1288/463/835 1263/438/835
f 1263/438/836 1288/463/836 1289/464/836 1264/439/836
f 1264/439/837 1289/464/837 1290/465/837 1265/440/837
f 1265/440/838 1290/465/838 1291/466/838 1266/441/838
f 1266/441/771 1291/466/771 1292/467/771 1267/442/771
f 1267/442/770 1292/467/770 1293/468/770 1268/443/770
f 1268/443/769 1293/468/769 1294/469/769 1269/444/769
f 1269/444/768 1294/469/768 1295/470/768 1270/445/768
f 1270/445/767 1295/470/767 1296/471/767 1271/446/767
f 1271/446/839 1296/471/839 1297/472/839 1272/447/839
f 1272/447/765 1297/472/765 1298/473/765 1273/448/765
f 1273/448/840 1298/473/840 1299/474/840 1274/449/840
f 1274/449/763 1299/474/763 1300/475/763 1275/450/763
f 1276/452/841 1301/477/841 1302/476/841 1277/451/841
f 1277/451/761 1302/476/761 1303/478/761 1278/453/761
f 1278/453/760 1303/478/760 1304/479/760 1279/454/760
f 1279/454/842 1304/479/842 1305/480/842 1280/455/842
f 1280/455/758 1305/480/758 1306/481/758 1281/456/758
f 1281/456/843 1306/481/843 1307/482/843 1282/457/843
f 1282/457/844 1307/482/844 1308/483/844 1283/458/844
f 1283/458/845 1308/483/845 1309/484/845 1284/459/845
f 1284/459/846 1309/484/846 1310/485/846 1285/460/846
f 1285/460/753 1310/485/753 1311/486/753 1286/461/753
f 1286/461/847 1311/486/847 1312/487/847 1287/462/847
f 1287/462/848 1312/487/848 1313/488/848 1288/463/848
f 1288/463/849 1313/488/849 1314/489/849 1289/464/849
f 1289/464/850 1314/489/850 1315/490/850 1290/465/850
f 1290/465/748 1315/490/748 1316/491/748 1291/466/748
f 1291/466/747 1316/491/747 1317/492/747 1292/467/747
f 1292/467/746 1317/492/746 1318/493/746 1293/468/746
f 1293/468/745 1318/493/745 1319/494/745 1294/469/745
f 1294/469/744 1319/494/744 1320/495/744 1295/470/744
f 1295/470/851 1320/495/851 1321/496/851 1296/471/851
f 1296/471/852 1321/496/852 1322/497/852 1297/472/852
f 1297/472/853 1322/497/853 1323/498/853 1298/473/853
f 1298/473/854 1323/498/854 1324/499/854 1299/474/854
f 1299/474/739 1324/499/739 1325/500/739 1300/475/739
f 1301/477/738 1326/502/738 1327/501/738 1302/476/738
f 1302/476/737 1327/501/737 1328/503/737 1303/478/737
f 1303/478/855 1328/503/855 1329/504/855 1304/479/855
f 1304/479/856 1329/504/856 1330/505/856 1305/480/856
f 1305/480/857 1330/505/857 1331/506/857 1306/481/857
f 1306/481/858 1331/506/858 1332/507/858 1307/482/858
f 1307/482/859 1332/507/859 1333/508/859 1308/483/859
f 1308/483/860 1333/508/860 1334/509/860 1309/484/860
f 1309/484/730 1334/509/730 1335/510/730 1310/485/730
f 1310/485/861 1335/510/861 1336/511/861 1311/486/861
f 1311/486/862 1336/511/862 1337/512/862 1312/487/862
f 1312/487/863 1337/512/863 1338/513/863 1313/488/863
f 1313/488/726 1338/513/726 1339/514/726 1314/489/726
f 1314/489/864 1339/514/864 1340/515/864 1315/490/864
f 1315/490/724 1340/515/724 1341/516/724 1316/491/724
f 1316/491/865 1341/516/865 1342/517/865 1317/492/865
f 1317/492/866 1342/517/866 1343/518/866 1318/493/866
f 1318/493/867 1343/518/867 1344/519/867 1319/494/867
f 1319/494/868 1344/519/868 1345/520/868 1320/495/868
f 1320/495/869 1345/520/869 1346/521/869 1321/496/869
f 1321/496/870 1346/521/870 1347/522/870 1322/497/870
f 1322/497/871 1347/522/871 1348/523/871 1323/498/871
f 1323/498/872 1348/523/872 1349/524/872 1324/499/872
f 1324/499/873 1349/524/873 1350/525/873 1325/500/873
f 1326/502/714 1351/527/714 1352/526/714 1327/501/714
f 1327/501/874 1352/526/874 1353/528/874 1328/503/874
f 1328/503/875 1353/528/875 1354/529/875 1329/504/875
f 1329/504/876 1354/529/876 1355/530/876 1330/505/876
f 1330/505/877 1355/530/877 1356/531/877 1331/506/877
f 1331/506/709 1356/531/709 1357/532/709 1332/507/709
f 1332/507/878 1357/532/878 1358/533/878 1333/508/878
f 1333/508/879 1358/533/879 1359/534/879 1334/509/879
f 1334/509/880 1359/534/880 1360/535/880 1335/510/880
f 1335/510/881 1360/535/881 1361/536/881 1336/511/881
f 1336/511/882 1361/536/882 1362/537/882 1337/512/882
f 1337/512/883 1362/537/883 1363/538/883 1338/513/883
f 1338/513/884 1363/538/884 1364/539/884 1339/514/884
f 1339/514/701 1364/539/701 1365/540/701 1340/515/701
f 1340/515/885 1365/540/885 1366/541/885 1341/516/885
f 1341/516/699 1366/541/699 1367/542/699 1342/517/699
f 1342/517/886 1367/542/886 1368/543/886 1343/518/886
f 1343/518/887 1368/543/887 1369/544/887 1344/519/887
f 1344/519/696 1369/544/696 1370/545/696 1345/520/696
f 1345/520/888 1370/545/888 1371/546/888 1346/521/888
f 1346/521/889 1371/546/889 1372/547/889 1347/522/889
f 1347/522/890 1372/547/890 1373/548/890 1348/523/890
f 1348/523/891 1373/548/891 1374/549/891 1349/524/891
f 1349/524/892 1374/549/892 1375/550/892 1350/525/892
f 1351/527/893 1376/552/893 1377/551/893 1352/526/893
f 1352/526/689 1377/551/689 1378/553/689 1353/528/689
f 1353/528/894 1378/553/894 1379/554/894 1354/529/894
f 1354/529/895 1379/554/895 1380/555/895 1355/530/895
f 1355/530/896 1380/555/896 1381/556/896 1356/531/896
f 1356/531/897 1381/556/897 1382/557/897 1357/532/897
f 1357/532/684 1382/557/684 1383/558/684 1358/533/684
f 1358/533/898 1383/558/898 1384/559/898 1359/534/898
f 1359/534/682 1384/559/682 1385/560/682 1360/535/682
f 1360/535/681 1385/560/681 1386/561/681 1361/536/681
f 1361/536/899 1386/561/899 1387/562/899 1362/537/899
f 1362/537/679 1387/562/679 1388/563/679 1363/538/679
f 1363/538/678 1388/563/678 1389/564/678 1364/539/678
f 1364/539/677 1389/564/677 1390/565/677 1365/540/677
f 1365/540/900 1390/565/900 1391/566/900 1366/541/900
f 1366/541/901 1391/566/901 1392/567/901 1367/542/901
f 1367/542/902 1392/567/902 1393/568/902 1368/543/902
f 1368/543/903 1393/568/903 1394/569/903 1369/544/903
f 1369/544/904 1394/569/904 1395/570/904 1370/545/904
f 1370/545/905 1395/570/905 1396/571/905 1371/546/905
f 1371/546/670 1396/571/670 1397/572/670 1372/547/670
f 1372/547/906 1397/572/906 1398/573/906 1373/548/906
f 1373/548/668 1398/573/668 1399/574/668 1374/549/668
f 1374/549/667 1399/574/667 1400/575/667 1375/550/667
f 1376/552/666 1401/577/666 1402/576/666 1377/551/666
f 1377/551/665 1402/576/665 1403/578/665 1378/553/665
f 1378/553/907 1403/578/907 1404/579/907 1379/554/907
f 1379/554/908 1404/579/908 1405/580/908 1380/555/908
f 1380/555/909 1405/580/909 1406/581/909 1381/556/909
f 1381/556/910 1406/581/910 1407/582/910 1382/557/910
f 1382/557/911 1407/582/911 1408/583/911 1383/558/911
f 1383/558/912 1408/583/912 1409/584/912 1384/559/912
f 1384/559/913 1409/584/913 1410/585/913 1385/560/913
f 1385/560/914 1410/585/914 1411/586/914 1386/561/914
f 1386/561/915 1411/586/915 1412/587/915 1387/562/915
f 1387/562/916 1412/587/916 1413/588/916 1388/563/916
f 1388/563/917 1413/588/917 1414/589/917 1389/564/917
f 1389/564/918 1414/589/918 1415/590/918 1390/565/918
f 1390/565/652 1415/590/652 1416/591/652 1391/566/652
f 1391/566/919 1416/591/919 1417/592/919 1392/567/919
f 1392/567/920 1417/592/920 1418/593/920 1393/568/920
f 1393/568/921 1418/593/921 1419/594/921 1394/569/921
f 1394/569/922 1419/594/922 1420/595/922 1395/570/922
f 1395/570/923 1420/595/923 1421/596/923 1396/571/923
f 1396/571/924 1421/596/924 1422/597/924 1397/572/924
f 1397/572/925 1422/597/925 1423/598/925 1398/573/925
f 1398/573/644 1423/598/644 1424/599/644 1399/574/644
f 1399/574/926 1424/599/926 1425/600/926 1400/575/926
f 1401/577/642 1426/602/642 1427/601/642 1402/576/642
f 1402/576/927 1427/601/927 1428/603/927 1403/578/927
f 1403/578/640 1428/603/640 1429/604/640 1404/579/640
f 1404/579/928 1429/604/928 1430/605/928 1405/580/928
f 1405/580/929 1430/605/929 1431/606/929 1406/581/929
f 1406/581/637 1431/606/637 1432/607/637 1407/582/637
f 1407/582/930 1432/607/930 1433/608/930 1408/583/930
f 1408/583/635 1433/608/635 1434/609/635 1409/584/635
f 1409/584/634 1434/609/634 1435/610/634 1410/585/634
f 1410/585/633 1435/610/633 1436/611/633 1411/586/633
f 1411/586/632 1436/611/632 1437/612/632 1412/587/632
f 1412/587/931 1437/612/931 1438/613/931 1413/588/931
f 1413/588/932 1438/613/932 1439/614/932 1414/589/932
f 1414/589/933 1439/614/933 1440/615/933 1415/590/933
f 1415/590/934 1440/615/934 1441/616/934 1416/591/934
f 1416/591/935 1441/616/935 1442/617/935 1417/592/935
f 1417/592/936 1442/617/936 1443/618/936 1418/593/936
f 1418/593/937 1443/618/937 1444/619/937 1419/594/937
f 1419/594/624 1444/619/624 1445/620/624 1420/595/624
f 1420/595/938 1445/620/938 1446/621/938 1421/596/938
f 1421/596/939 1446/621/939 1447/622/939 1422/597/939
f 1422/597/621 1447/622/621 1448/623/621 1423/598/621
f 1423/598/940 1448/623/940 1449/624/940 1424/599/940
f 1424/599/619 1449/624/619 1450/625/619 1425/600/619
f 1426/602/941 1451/627/941 1452/626/941 1427/601/941
f 1427/601/617 1452/626/617 1453/628/617 1428/603/617
f 1428/603/942 1453/628/942 1454/629/942 1429/604/942
f 1429/604/943 1454/629/943 1455/630/943 1430/605/943
f 1430/605/614 1455/630/614 1456/631/614 1431/606/614
f 1431/606/944 1456/631/944 1457/632/944 1432/607/944
f 1432/607/612 1457/632/612 1458/633/612 1433/608/612
f 1433/608/611 1458/633/611 1459/634/611 1434/609/611
f 1434/609/610 1459/634/610 1460/635/610 1435/610/610
f 1435/610/945 1460/635/945 1461/636/945 1436/611/945
f 1436/611/608 1461/636/608 1462/637/608 1437/612/608
f 1437/612/946 1462/637/946 1463/638/946 1438/613/946
f 1438/613/947 1463/638/947 1464/639/947 1439/614/947
f 1439/614/948 1464/639/948 1465/640/948 1440/615/948
f 1440/615/604 1465/640/604 1466/641/604 1441/616/604
f 1441/616/949 1466/641/949 1467/642/949 1442/617/949
f 1442/617/950 1467/642/950 1468/643/950 1443/618/950
f 1443/618/601 1468/643/601 1469/644/601 1444/619/601
f 1444/619/951 1469/644/951 1470/645/951 1445/620/951
f 1445/620/952 1470/645/952 1471/646/952 1446/621/952
f 1446/621/598 1471/646/598 1472/647/598 1447/622/598
f 1447/622/953 1472/647/953 1473/648/953 1448/623/953
f 1448/623/596 1473/648/596 1474/649/596 1449/624/596
f 1449/624/595 1474/649/595 1475/650/595 1450/625/595
f 1451/627/954 1476/652/954 1477/651/954 1452/626/954
f 1452/626/955 1477/651/955 1478/653/955 1453/628/955
f 1453/628/956 1478/653/956 1479/654/956 1454/629/956
f 1454/629/591 1479/654/591 1480/655/591 1455/630/591
f 1455/630/957 1480/655/957 1481/656/957 1456/631/957
f 1456/631/589 1481/656/589 1482/657/589 1457/632/589
f 1457/632/588 1482/657/588 1483/658/588 1458/633/588
f 1458/633/958 1483/658/958 1484/659/958 1459/634/958
f 1459/634/959 1484/659/959 1485/660/959 1460/635/959
f 1460/635/960 1485/660/960 1486/661/960 1461/636/960
f 1461/636/961 1486/661/961 1487/662/961 1462/637/961
f 1462/637/962 1487/662/962 1488/663/962 1463/638/962
f 1463/638/963 1488/663/963 1489/664/963 1464/639/963
f 1464/639/964 1489/664/964 1490/665/964 1465/640/964
f 1465/640/965 1490/665/965 1491/666/965 1466/641/965
f 1466/641/966 1491/666/966 1492/667/966 1467/642/966
f 1467/642/967 1492/667/967 1493/668/967 1468/643/967
f 1468/643/968 1493/668/968 1494/669/968 1469/644/968
f 1469/644/969 1494/669/969 1495/670/969 1470/645/969
f 1470/645/575 1495/670/575 1496/671/575 1471/646/575
f 1471/646/574 1496/671/574 1497/672/574 1472/647/574
f 1472/647/573 1497/672/573 1498/673/573 1473/648/573
f 1473/648/572 1498/673/572 1499/674/572 1474/649/572
f 1474/649/970 1499/674/970 1500/675/970 1475/650/970
f 1476/652/971 1501/677/971 1502/676/971 1477/651/971
f 1477/651/972 1502/676/972 1503/678/972 1478/653/972
f 1478/653/973 1503/678/973 1504/679/973 1479/654/973
f 1479/654/974 1504/679/974 1505/680/974 1480/655/974
f 1480/655/975 1505/680/975 1506/681/975 1481/656/975
f 1481/656/565 1506/681/565 1507/682/565 1482/657/565
f 1482/657/976 1507/682/976 1508/683/976 1483/658/976
f 1483/658/977 1508/683/977 1509/684/977 1484/659/977
f 1484/659/978 1509/684/978 1510/685/978 1485/660/978
f 1485/660/979 1510/685/979 1511/686/979 1486/661/979
f 1486/661/980 1511/686/980 1512/687/980 1487/662/980
f 1487/662/981 1512/687/981 1513/688/981 1488/663/981
f 1488/663/982 1513/688/982 1514/689/982 1489/664/982
f 1489/664/983 1514/689/983 1515/690/983 1490/665/983
f 1490/665/984 1515/690/984 1516/691/984 1491/666/984
f 1491/666/985 1516/691/985 1517/692/985 1492/667/985
f 1492/667/986 1517/692/986 1518/693/986 1493/668/986
f 1493/668/987 1518/693/987 1519/694/987 1494/669/987
f 1494/669/552 1519/694/552 1520/695/552 1495/670/552
f 1495/670/988 1520/695/988 1521/696/988 1496/671/988
f 1496/671/989 1521/696/989 1522/697/989 1497/672/989
f 1497/672/549 1522/697/549 1523/698/549 1498/673/549
f 1498/673/990 1523/698/990 1524/699/990 1499/674/990
f 1499/674/991 1524/699/991 1525/700/991 1500/675/991
f 1501/677/992 1526/702/992 1527/701/992 1502/676/992
f 1502/676/993 1527/701/993 1528/703/993 1503/678/993
f 1503/678/994 1528/703/994 1529/704/994 1504/679/994
f 1504/679/995 1529/704/995 1530/705/995 1505/680/995
f 1505/680/996 1530/705/996 1531/706/996 1506/681/996
f 1506/681/997 1531/706/997 1532/707/997 1507/682/997
f 1507/682/998 1532/707/998 1533/708/998 1508/683/998
f 1508/683/539 1533/708/539 1534/709/539 1509/684/539
f 1509/684/999 1534/709/999 1535/710/999 1510/685/999
f 1510/685/1000 1535/710/1000 1536/711/1000 1511/686/1000
f 1511/686/1001 1536/711/1001 1537/712/1001 1512/687/1001
f 1512/687/1002 1537/712/1002 1538/713/1002 1513/688/1002
f 1513/688/534 1538/713/534 1539/714/534 1514/689/534
f 1514/689/1003 1539/714/1003 1540/715/1003 1515/690/1003
f 1515/690/1004 1540/715/1004 1541/716/1004 1516/691/1004
f 1516/691/1005 1541/716/1005 1542/717/1005 1517/692/1005
f 1517/692/530 1542/717/530 1543/718/530 1518/693/530
f 1518/693/529 1543/718/529 1544/719/529 1519/694/529
f 1519/694/528 1544/719/528 1545/720/528 1520/695/528
f 1520/695/1006 1545/720/1006 1546/721/1006 1521/696/1006
f 1521/696/526 1546/721/526 1547/722/526 1522/697/526
f 1522/697/1007 1547/722/1007 1548/723/1007 1523/698/1007
f 1523/698/1008 1548/723/1008 1549/724/1008 1524/699/1008
f 1524/699/1009 1549/724/1009 1550/725/1009 1525/700/1009
f 1526/702/1010 1551/727/1010 1552/726/1010 1527/701/1010
f 1527/701/1011 1552/726/1011 1553/728/1011 1528/703/1011
f 1528/703/1012 1553/728/1012 1554/729/1012 1529/704/1012
f 1529/704/1013 1554/729/1013 1555/730/1013 1530/705/1013
f 1530/705/1014 1555/730/1014 1556/731/1014 1531/706/1014
f 1531/706/1015 1556/731/1015 1557/732/1015 1532/707/1015
f 1532/707/1016 1557/732/1016 1558/733/1016 1533/708/1016
f 1533/708/1017 1558/733/1017 1559/734/1017 1534/709/1017
f 1534/709/1018 1559/734/1018 1560/735/1018 1535/710/1018
f 1535/710/1019 1560/735/1019 1561/736/1019 1536/711/1019
f 1536/711/1020 1561/736/1020 1562/737/1020 1537/712/1020
f 1537/712/1021 1562/737/1021 1563/738/1021 1538/713/1021
f 1538/713/1022 1563/738/1022 1564/739/1022 1539/714/1022
f 1539/714/509 1564/739/509 1565/740/509 1540/715/509
f 1540/715/1023 1565/740/1023 1566/741/1023 1541/716/1023
f 1541/716/1024 1566/741/1024 1567/742/1024 1542/717/1024
f 1542/717/506 1567/742/506 1568/743/506 1543/718/506
f 1543/718/505 1568/743/505 1569/744/505 1544/719/505
f 1544/719/1025 1569/744/1025 1570/745/1025 1545/720/1025
f 1545/720/1026 1570/745/1026 1571/746/1026 1546/721/1026
f 1546/721/1027 1571/746/1027 1572/747/1027 1547/722/1027
f 1547/722/1028 1572/747/1028 1573/748/1028 1548/723/1028
f 1548/723/500 1573/748/500 1574/749/500 1549/724/500
f 1549/724/1029 1574/749/1029 1575/750/1029 1550/725/1029
f 1551/727/1030 1576/752/1030 1577/751/1030 1552/726/1030
f 1552/726/1031 1577/751/1031 1578/753/1031 1553/728/1031
f 1553/728/1032 1578/753/1032 1579/754/1032 1554/729/1032
f 1554/729/1033 1579/754/1033 1580/755/1033 1555/730/1033
f 1555/730/1034 1580/755/1034 1581/756/1034 1556/731/1034
f 1556/731/1035 1581/756/1035 1582/757/1035 1557/732/1035
f 1557/732/1036 1582/757/1036 1583/758/1036 1558/733/1036
f 1558/733/1037 1583/758/1037 1584/759/1037 1559/734/1037
f 1559/734/1038 1584/759/1038 1585/760/1038 1560/735/1038
f 1560/735/1039 1585/760/1039 1586/761/1039 1561/736/1039
f 1561/736/488 1586/761/488 1587/762/488 1562/737/488
f 1562/737/487 1587/762/487 1588/763/487 1563/738/487
f 1563/738/486 1588/763/486 1589/764/486 1564/739/486
f 1564/739/1040 1589/764/1040 1590/765/1040 1565/740/1040
f 1565/740/1041 1590/765/1041 1591/766/1041 1566/741/1041
f 1566/741/483 1591/766/483 1592/767/483 1567/742/483
f 1567/742/482 1592/767/482 1593/768/482 1568/743/482
f 1568/743/1042 1593/768/1042 1594/769/1042 1569/744/1042
f 1569/744/480 1594/769/480 1595/770/480 1570/745/480
f 1570/745/1043 1595/770/1043 1596/771/1043 1571/746/1043
f 1571/746/1044 1596/771/1044 1597/772/1044 1572/747/1044
f 1572/747/477 1597/772/477 1598/773/477 1573/748/477
f 1573/748/1045 1598/773/1045 1599/774/1045 1574/749/1045
f 1574/749/1046 1599/774/1046 1600/775/1046 1575/750/1046
f 1576/752/1047 1601/777/1047 1602/776/1047 1577/751/1047
f 1577/751/1048 1602/776/1048 1603/778/1048 1578/753/1048
f 1578/753/1049 1603/778/1049 1604/779/1049 1579/754/1049
f 1579/754/1050 1604/779/1050 1605/780/1050 1580/755/1050
f 1580/755/1051 1605/780/1051 1606/781/1051 1581/756/1051
f 1581/756/1052 1606/781/1052 1607/782/1052 1582/757/1052
f 1582/757/1053 1607/782/1053 1608/783/1053 1583/758/1053
f 1583/758/1054 1608/783/1054 1609/784/1054 1584/759/1054
f 1584/759/1055 1609/784/1055 1610/785/1055 1585/760/1055
f 1585/760/1056 1610/785/1056 1611/786/1056 1586/761/1056
f 1586/761/1057 1611/786/1057 1612/787/1057 1587/762/1057
f 1587/762/1058 1612/787/1058 1613/788/1058 1588/763/1058
f 1588/763/462 1613/788/462 1614/789/462 1589/764/462
f 1589/764/1059 1614/789/1059 1615/790/1059 1590/765/1059
f 1590/765/1060 1615/790/1060 1616/791/1060 1591/766/1060
f 1591/766/1061 1616/791/1061 1617/792/1061 1592/767/1061
f 1592/767/1062 1617/792/1062 1618/793/1062 1593/768/1062
f 1593/768/1063 1618/793/1063 1619/794/1063 1594/769/1063
f 1594/769/456 1619/794/456 1620/795/456 1595/770/456
f 1595/770/1064 1620/795/1064 1621/796/1064 1596/771/1064
f 1596/771/454 1621/796/454 1622/797/454 1597/772/454
f 1597/772/1065 1622/797/1065 1623/798/1065 1598/773/1065
f 1598/773/1066 1623/798/1066 1624/799/1066 1599/774/1066
f 1599/774/1067 1624/799/1067 1625/800/1067 1600/775/1067
f 1601/777/1068 1626/802/1068 1627/801/1068 1602/776/1068
f 1602/776/1069 1627/801/1069 1628/803/1069 1603/778/1069
f 1603/778/1070 1628/803/1070 1629/804/1070 1604/779/1070
f 1604/779/1071 1629/804/1071 1630/805/1071 1605/780/1071
f 1605/780/1072 1630/805/1072 1631/806/1072 1606/781/1072
f 1606/781/1073 1631/806/1073 1632/807/1073 1607/782/1073
f 1607/782/1074 1632/807/1074 1633/808/1074 1608/783/1074
f 1608/783/1075 1633/808/1075 1634/809/1075 1609/784/1075
f 1609/784/1076 1634/809/1076 1635/810/1076 1610/785/1076
f 1610/785/441 1635/810/441 1636/811/441 1611/786/441
f 1611/786/440 1636/811/440 1637/812/440 1612/787/440
f 1612/787/439 1637/812/439 1638/813/439 1613/788/439
f 1613/788/1077 1638/813/1077 1639/814/1077 1614/789/1077
f 1614/789/437 1639/814/437 1640/815/437 1615/790/437
f 1615/790/436 1640/815/436 1641/816/436 1616/791/436
f 1616/791/435 1641/816/435 1642/817/435 1617/792/435
f 1617/792/1078 1642/817/1078 1643/818/1078 1618/793/1078
f 1618/793/1079 1643/818/1079 1644/819/1079 1619/794/1079
f 1619/794/1080 1644/819/1080 1645/820/1080 1620/795/1080
f 1620/795/1081 1645/820/1081 1646/821/1081 1621/796/1081
f 1621/796/1082 1646/821/1082 1647/822/1082 1622/797/1082
f 1622/797/429 1647/822/429 1648/823/429 1623/798/429
f 1623/798/428 1648/823/428 1649/824/428 1624/799/428
f 1624/799/1083 1649/824/1083 1650/825/1083 1625/800/1083
f 1/1/1084 26/4/1084 851/4/1084 826/1/1084
f 2/2/1085 1/1/1085 826/1/1085 827/2/1085
f 3/5/1086 2/2/1086 827/2/1086 828/5/1086
f 4/7/1087 3/5/1087 828/5/1087 829/7/1087
f 5/9/1088 4/7/1088 829/7/1088 830/9/1088
f 6/11/1089 5/9/1089 830/9/1089 831/11/1089
f 7/13/1090 6/11/1090 831/11/1090 832/13/1090
f 8/15/1091 7/13/1091 832/13/1091 833/15/1091
f 9/17/1092 8/15/1092 833/15/1092 834/17/1092
f 10/19/1093 9/17/1093 834/17/1093 835/19/1093
f 11/21/1094 10/19/1094 835/19/1094 836/21/1094
f 12/23/1095 11/21/1095 836/21/1095 837/23/1095
f 13/25/1096 12/23/1096 837/23/1096 838/25/1096
f 14/27/1097 13/25/1097 838/25/1097 839/27/1097
f 15/29/1098 14/27/1098 839/27/1098 840/29/1098
f 16/31/1099 15/29/1099 840/29/1099 841/31/1099
f 17/33/1100 16/31/1100 841/31/1100 842/33/1100
f 18/35/1101 17/33/1101 842/33/1101 843/35/1101
f 19/37/1102 18/35/1102 843/35/1102 844/37/1102
f 20/39/1103 19/37/1103 844/37/1103 845/39/1103
f 21/41/1104 20/39/1104 845/39/1104 846/41/1104
f 22/43/1105 21/41/1105 846/41/1105 847/43/1105
f 23/45/1106 22/43/1106 847/43/1106 848/45/1106
f 24/47/1107 23/45/1107 848/45/1107 849/47/1107
f 25/49/1108 24/47/1108 849/47/1108 850/49/1108
f 50/50/1109 25/49/1109 850/49/1109 875/50/1109
f 26/4/1110 51/52/1110 876/52/1110 851/4/1110
f 75/75/1111 50/50/1111 875/50/1111 900/75/1111
f 51/52/1112 76/77/1112 901/77/1112 876/52/1112
f 100/100/1113 75/75/1113 900/75/1113 925/100/1113
f 76/77/1114 101/102/1114 926/102/1114 901/77/1114
f 125/125/1115 100/100/1115 925/100/1115 950/125/1115
f 101/102/1116 126/127/1116 951/127/1116 926/102/1116
f 150/150/1117 125/125/1117 950/125/1117 975/150/1117
f 126/127/1118 151/152/1118 976/152/1118 951/127/1118
f 175/175/1119 150/150/1119 975/150/1119 1000/175/1119
f 151/152/1120 176/177/1120 1001/177/1120 976/152/1120
f 200/200/1121 175/175/1121 1000/175/1121 1025/200/1121
f 176/177/1122 201/202/1122 1026/202/1122 1001/177/1122
f 225/225/1123 200/200/1123 1025/200/1123 1050/225/1123
f 201/202/1124 226/227/1124 1051/227/1124 1026/202/1124
f 250/250/1125 225/225/1125 1050/225/1125 1075/250/1125
f 226/227/1126 251/252/1126 1076/252/1126 1051/227/1126
f 275/275/1127 250/250/1127 1075/250/1127 1100/275/1127
f 251/252/1128 276/277/1128 1101/277/1128 1076/252/1128
f 300/300/1129 275/275/1129 1100/275/1129 1125/300/1129
f 276/277/1130 301/302/1130 1126/302/1130 1101/277/1130
f 325/325/1131 300/300/1131 1125/300/1131 1150/325/1131
f 301/302/1132 326/327/1132 1151/327/1132 1126/302/1132
f 350/350/1133 325/325/1133 1150/325/1133 1175/350/1133
f 326/327/1134 351/352/1134 1176/352/1134 1151/327/1134
f 375/375/1135 350/350/1135 1175/350/1135 1200/375/1135
f 351/352/1136 376/377/1136 1201/377/1136 1176/352/1136
f 400/400/1137 375/375/1137 1200/375/1137 1225/400/1137
f 376/377/1138 401/402/1138 1226/402/1138 1201/377/1138
f 425/425/1139 400/400/1139 1225/400/1139 1250/425/1139
f 401/402/1140 426/427/1140 1251/427/1140 1226/402/1140
f 450/450/1141 425/425/1141 1250/425/1141 1275/450/1141
f 426/427/1142 451/452/1142 1276/452/1142 1251/427/1142
f 475/475/1143 450/450/1143 1275/450/1143 1300/475/1143
f 451/452/1144 476/477/1144 1301/477/1144 1276/452/1144
f 500/500/1145 475/475/1145 1300/475/1145 1325/500/1145
f 476/477/1146 501/502/1146 1326/502/1146 1301/477/1146
f 525/525/1147 500/500/1147 1325/500/1147 1350/525/1147
f 501/502/1148 526/527/1148 1351/527/1148 1326/502/1148
f 550/550/1149 525/525/1149 1350/525/1149 1375/550/1149
f 526/527/1150 551/552/1150 1376/552/1150 1351/527/1150
f 575/575/1151 550/550/1151 1375/550/1151 1400/575/1151
f 551/552/1152 576/577/1152 1401/577/1152 1376/552/1152
f 600/600/1153 575/575/1153 1400/575/1153 1425/600/1153
f 576/577/1154 601/602/1154 1426/602/1154 1401/577/1154
f 625/625/1155 600/600/1155 1425/600/1155 1450/625/1155
f 601/602/1156 626/627/1156 1451/627/1156 1426/602/1156
f 650/650/1157 625/625/1157 1450/625/1157 1475/650/1157
f 626/627/1158 651/652/1158 1476/652/1158 1451/627/1158
f 675/675/1159 650/650/1159 1475/650/1159 1500/675/1159
f 651/652/1160 676/677/1160 1501/677/1160 1476/652/1160
f 700/700/1161 675/675/1161 1500/675/1161 1525/700/1161
f 676/677/1162 701/702/1162 1526/702/1162 1501/677/1162
f 725/725/1163 700/700/1163 1525/700/1163 1550/725/1163
f 701/702/1164 726/727/1164 1551/727/1164 1526/702/1164
f 750/750/1165 725/725/1165 1550/725/1165 1575/750/1165
f 726/727/1166 751/752/1166 1576/752/1166 1551/727/1166
f 775/775/1167 750/750/1167 1575/750/1167 1600/775/1167
f 751/752/1168 776/777/1168 1601/777/1168 1576/752/1168
f 800/800/1169 775/775/1169 1600/775/1169 1625/800/1169
f 776/777/1170 801/802/1170 1626/802/1170 1601/777/1170
f 801/802/1171 802/801/1171 1627/801/1171 1626/802/1171
f 802/801/1172 803/803/1172 1628/803/1172 1627/801/1172
f 803/803/1173 804/804/1173 1629/804/1173 1628/803/1173
f 804/804/1174 805/805/1174 1630/805/1174 1629/804/1174
f 805/805/1175 806/806/1175 1631/806/1175 1630/805/1175
f 806/806/1176 807/807/1176 1632/807/1176 1631/806/1176
f 807/807/1177 808/808/1177 1633/808/1177 1632/807/1177
f 808/808/1178 809/809/1178 1634/809/1178 1633/808/1178
f 809/809/1179 810/810/1179 1635/810/1179 1634/809/1179
f 810/810/1180 811/811/1180 1636/811/1180 1635/810/1180
f 811/811/1181 812/812/1181 1637/812/1181 1636/811/1181
f 812/812/1182 813/813/1182 1638/813/1182 1637/812/1182
f 813/813/1183 814/814/1183 1639/814/1183 1638/813/1183
f 814/814/1184 815/815/1184 1640/815/1184 1639/814/1184
f 815/815/1185 816/816/1185 1641/816/1185 1640/815/1185
f 816/816/1186 817/817/1186 1642/817/1186 1641/816/1186
f 817/817/1187 818/818/1187 1643/818/1187 1642/817/1187
f 818/818/1188 819/819/1188 1644/819/1188 1643/818/1188
f 819/819/1189 820/820/1189 1645/820/1189 1644/819/1189
f 820/820/1190 821/821/1190 1646/821/1190 1645/820/1190
f 821/821/1191 822/822/1191 1647/822/1191 1646/821/1191
f 822/822/1192 823/823/1192 1648/823/1192 1647/822/1192
f 823/823/1193 824/824/1193 1649/824/1193 1648/823/1193
f 825/825/1194 800/800/1194 1625/800/1194 1650/825/1194
f 824/824/1195 825/825/1195 1650/825/1195 1649/824/1195
f 1651/1/1196 1652/2/1196 1677/3/1196 1676/4/1196
f 1652/2/1197 1653/5/1197 1678/6/1197 1677/3/1197
f 1653/5/1198 1654/7/1198 1679/8/1198 1678/6/1198
f 1654/7/1199 1655/9/1199 1680/10/1199 1679/8/1199
f 1655/9/1200 1656/11/1200 1681/12/1200 1680/10/1200
f 1656/11/1201 1657/13/1201 1682/14/1201 1681/12/1201
f 1657/13/1202 1658/15/1202 1683/16/1202 1682/14/1202
f 1658/15/1203 1659/17/1203 1684/18/1203 1683/16/1203
f 1659/17/1204 1660/19/1204 1685/20/1204 1684/18/1204
f 1660/19/1205 1661/21/1205 1686/22/1205 1685/20/1205
f 1661/21/1206 1662/23/1206 1687/24/1206 1686/22/1206
f 1662/23/1207 1663/25/1207 1688/26/1207 1687/24/1207
f 1663/25/1208 1664/27/1208 1689/28/1208 1688/26/1208
f 1664/27/1209 1665/29/1209 1690/30/1209 1689/28/1209
f 1665/29/1210 1666/31/1210 1691/32/1210 1690/30/1210
f 1666/31/1211 1667/33/1211 1692/34/1211 1691/32/1211
f 1667/33/1212 1668/35/1212 1693/36/1212 1692/34/1212
f 1668/35/1213 1669/37/1213 1694/38/1213 1693/36/1213
f 1669/37/1214 1670/39/1214 1695/40/1214 1694/38/1214
f 1670/39/1215 1671/41/1215 1696/42/1215 1695/40/1215
f 1671/41/1216 1672/43/1216 1697/44/1216 1696/42/1216
f 1672/43/1217 1673/45/1217 1698/46/1217 1697/44/1217
f 1673/45/1218 1674/47/1218 1699/48/1218 1698/46/1218
f 1674/47/1219 1675/49/1219 1700/50/1219 1699/48/1219
f 1676/4/1220 1677/3/1220 1702/51/1220 1701/52/1220
f 1677/3/1221 1678/6/1221 1703/53/1221 1702/51/1221
f 1678/6/1222 1679/8/1222 1704/54/1222 1703/53/1222
f 1679/8/1223 1680/10/1223 1705/55/1223 1704/54/1223
f 1680/10/1224 1681/12/1224 1706/56/1224 1705/55/1224
f 1681/12/1225 1682/14/1225 1707/57/1225 1706/56/1225
f 1682/14/1226 1683/16/1226 1708/58/1226 1707/57/1226
f 1683/16/1227 1684/18/1227 1709/59/1227 1708/58/1227
f 1684/18/1228 1685/20/1228 1710/60/1228 1709/59/1228
f 1685/20/1229 1686/22/1229 1711/61/1229 1710/60/1229
f 1686/22/1230 1687/24/1230 1712/62/1230 1711/61/1230
f 1687/24/1231 1688/26/1231 1713/63/1231 1712/62/1231
f 1688/26/1232 1689/28/1232 1714/64/1232 1713/63/1232
f 1689/28/1233 1690/30/1233 1715/65/1233 1714/64/1233
f 1690/30/1234 1691/32/1234 1716/66/1234 1715/65/1234
f 1691/32/1235 1692/34/1235 1717/67/1235 1716/66/1235
f 1692/34/1236 1693/36/1236 1718/68/1236 1717/67/1236
f 1693/36/1237 1694/38/1237 1719/69/1237 1718/68/1237
f 1694/38/1238 1695/40/1238 1720/70/1238 1719/69/1238
f 1695/40/1239 1696/42/1239 1721/71/1239 1720/70/1239
f 1696/42/1240 1697/44/1240 1722/72/1240 1721/71/1240
f 1697/44/1241 1698/46/1241 1723/73/1241 1722/72/1241
f 1698/46/1242 1699/48/1242 1724/74/1242 1723/73/1242
f 1699/48/1243 1700/50/1243 1725/75/1243 1724/74/1243
f 1701/52/1244 1702/51/1244 1727/76/1244 1726/77/1244
f 1702/51/1245 1703/53/1245 1728/78/1245 1727/76/1245
f 1703/53/1246 1704/54/1246 1729/79/1246 1728/78/1246
f 1704/54/1247 1705/55/1247 1730/80/1247 1729/79/1247
f 1705/55/1248 1706/56/1248 1731/81/1248 1730/80/1248
f 1706/56/1249 1707/57/1249 1732/82/1249 1731/81/1249
f 1707/57/1250 1708/58/1250 1733/83/1250 1732/82/1250
f 1708/58/1251 1709/59/1251 1734/84/1251 1733/83/1251
f 1709/59/1252 1710/60/1252 1735/85/1252 1734/84/1252
f 1710/60/1253 1711/61/1253 1736/86/1253 1735/85/1253
f 1711/61/1254 1712/62/1254 1737/87/1254 1736/86/1254
f 1712/62/1255 1713/63/1255 1738/88/1255 1737/87/1255
f 1713/63/1256 1714/64/1256 1739/89/1256 1738/88/1256
f 1714/64/1257 1715/65/1257 1740/90/1257 1739/89/1257
f 1715/65/1258 1716/66/1258 1741/91/1258 1740/90/1258
f 1716/66/1259 1717/67/1259 1742/92/1259 1741/91/1259
f 1717/67/1260 1718/68/1260 1743/93/1260 1742/92/1260
f 1718/68/1261 1719/69/1261 1744/94/1261 1743/93/1261
f 1719/69/1262 1720/70/1262 1745/95/1262 1744/94/1262
f 1720/70/1263 1721/71/1263 1746/96/1263 1745/95/1263
f 1721/71/1264 1722/72/1264 1747/97/1264 1746/96/1264
f 1722/72/1265 1723/73/1265 1748/98/1265 1747/97/1265
f 1723/73/1266 1724/74/1266 1749/99/1266 1748/98/1266
f 1724/74/1267 1725/75/1267 1750/100/1267 1749/99/1267
f 1726/77/1268 1727/76/1268 1752/101/1268 1751/102/1268
f 1727/76/1269 1728/78/1269 1753/103/1269 1752/101/1269
f 1728/78/1270 1729/79/1270 1754/104/1270 1753/103/1270
f 1729/79/1271 1730/80/1271 1755/105/1271 1754/104/1271
f 1730/80/1272 1731/81/1272 1756/106/1272 1755/105/1272
f 1731/81/1273 1732/82/1273 1757/107/1273 1756/106/1273
f 1732/82/1274 1733/83/1274 1758/108/1274 1757/107/1274
f 1733/83/1275 1734/84/1275 1759/109/1275 1758/108/1275
f 1734/84/1276 1735/85/1276 1760/110/1276 1759/109/1276
f 1735/85/1277 1736/86/1277 1761/111/1277 1760/110/1277
f 1736/86/1278 1737/87/1278 1762/112/1278 1761/111/1278
f 1737/87/1279 1738/88/1279 1763/113/1279 1762/112/1279
f 1738/88/1280 1739/89/1280 1764/114/1280 1763/113/1280
f 1739/89/1281 1740/90/1281 1765/115/1281 1764/114/1281
f 1740/90/1282 1741/91/1282 1766/116/1282 1765/115/1282
f 1741/91/1283 1742/92/1283 1767/117/1283 1766/116/1283
f 1742/92/1284 1743/93/1284 1768/118/1284 1767/117/1284
f 1743/93/1285 1744/94/1285 1769/119/1285 1768/118/1285
f 1744/94/1286 1745/95/1286 1770/120/1286 1769/119/1286
f 1745/95/1287 1746/96/1287 1771/121/1287 1770/120/1287
f 1746/96/1288 1747/97/1288 1772/122/1288 1771/121/1288
f 1747/97/1289 1748/98/1289 1773/123/1289 1772/122/1289
f 1748/98/1290 1749/99/1290 1774/124/1290 1773/123/1290
f 1749/99/1291 1750/100/1291 1775/125/1291 1774/124/1291
f 1751/102/1292 1752/101/1292 1777/126/1292 1776/127/1292
f 1752/101/1293 1753/103/1293 1778/128/1293 1777/126/1293
f 1753/103/1294 1754/104/1294 1779/129/1294 1778/128/1294
f 1754/104/1295 1755/105/1295 1780/130/1295 1779/129/1295
f 1755/105/1296 1756/106/1296 1781/131/1296 1780/130/1296
f 1756/106/1297 1757/107/1297 1782/132/1297 1781/131/1297
f 1757/107/1298 1758/108/1298 1783/133/1298 1782/132/1298
f 1758/108/1299 1759/109/1299 1784/134/1299 1783/133/1299
f 1759/109/1300 1760/110/1300 1785/135/1300 1784/134/1300
f 1760/110/1301 1761/111/1301 1786/136/1301 1785/135/1301
f 1761/111/1302 1762/112/1302 1787/137/1302 1786/136/1302
f 1762/112/1303 1763/113/1303 1788/138/1303 1787/137/1303
f 1763/113/1304 1764/114/1304 1789/139/1304 1788/138/1304
f 1764/114/1305 1765/115/1305 1790/140/1305 1789/139/1305
f 1765/115/1306 1766/116/1306 1791/141/1306 1790/140/1306
f 1766/116/1307 1767/117/1307 1792/142/1307 1791/141/1307
f 1767/117/1308 1768/118/1308 1793/143/1308 1792/142/1308
f 1768/118/1309 1769/119/1309 1794/144/1309 1793/143/1309
f 1769/119/1310 1770/120/1310 1795/145/1310 1794/144/1310
f 1770/120/1311 1771/121/1311 1796/146/1311 1795/145/1311
f 1771/121/1312 1772/122/1312 1797/147/1312 1796/146/1312
f 1772/122/1313 1773/123/1313 1798/148/1313 1797/147/1313
f 1773/123/1314 1774/124/1314 1799/149/1314 1798/148/1314
f 1774/124/1315 1775/125/1315 1800/150/1315 1799/149/1315
f 1776/127/1316 1777/126/1316 1802/151/1316 1801/152/1316
f 1777/126/1317 1778/128/1317 1803/153/1317 1802/151/1317
f 1778/128/1318 1779/129/1318 1804/154/1318 1803/153/1318
f 1779/129/1319 1780/130/1319 1805/155/1319 1804/154/1319
f 1780/130/1320 1781/131/1320 1806/156/1320 1805/155/1320
f 1781/131/1321 1782/132/1321 1807/157/1321 1806/156/1321
f 1782/132/1322 1783/133/1322 1808/158/1322 1807/157/1322
f 1783/133/1323 1784/134/1323 1809/159/1323 1808/158/1323
f 1784/134/1324 1785/135/1324 1810/160/1324 1809/159/1324
f 1785/135/1325 1786/136/1325 1811/161/1325 1810/160/1325
f 1786/136/1326 1787/137/1326 1812/162/1326 1811/161/1326
f 1787/137/1327 1788/138/1327 1813/163/1327 1812/162/1327
f 1788/138/1328 1789/139/1328 1814/164/1328 1813/163/1328
f 1789/139/1329 1790/140/1329 1815/165/1329 1814/164/1329
f 1790/140/1330 1791/141/1330 1816/166/1330 1815/165/1330
f 1791/141/1331 1792/142/1331 1817/167/1331 1816/166/1331
f 1792/142/1332 1793/143/1332 1818/168/1332 1817/167/1332
f 1793/143/1333 1794/144/1333 1819/169/1333 1818/168/1333
f 1794/144/1334 1795/145/1334 1820/170/1334 1819/169/1334
f 1795/145/1335 1796/146/1335 1821/171/1335 1820/170/1335
f 1796/146/1336 1797/147/1336 1822/172/1336 1821/171/1336
f 1797/147/1337 1798/148/1337 1823/173/1337 1822/172/1337
f 1798/148/1338 1799/149/1338 1824/174/1338 1823/173/1338
f 1799/149/1339 1800/150/1339 1825/175/1339 1824/174/1339
f 1801/152/1340 1802/151/1340 1827/176/1340 1826/177/1340
f 1802/151/1341 1803/153/1341 1828/178/1341 1827/176/1341
f 1803/153/1342 1804/154/1342 1829/179/1342 1828/178/1342
f 1804/154/1343 1805/155/1343 1830/180/1343 1829/179/1343
f 1805/155/1344 1806/156/1344 1831/181/1344 1830/180/1344
f 1806/156/1345 1807/157/1345 1832/182/1345 1831/181/1345
f 1807/157/1346 1808/158/1346 1833/183/1346 1832/182/1346
f 1808/158/1347 1809/159/1347 1834/184/1347 1833/183/1347
f 1809/159/1348 1810/160/1348 1835/185/1348 1834/184/1348
f 1810/160/1349 1811/161/1349 1836/186/1349 1835/185/1349
f 1811/161/1350 1812/162/1350 1837/187/1350 1836/186/1350
f 1812/162/1351 1813/163/1351 1838/188/1351 1837/187/1351
f 1813/163/1352 1814/164/1352 1839/189/1352 1838/188/1352
f 1814/164/1353 1815/165/1353 1840/190/1353 1839/189/1353
f 1815/165/1354 1816/166/1354 1841/191/1354 1840/190/1354
f 1816/166/1355 1817/167/1355 1842/192/1355 1841/191/1355
f 1817/167/1356 1818/168/1356 1843/193/1356 1842/192/1356
f 1818/168/1357 1819/169/1357 1844/194/1357 1843/193/1357
f 1819/169/1358 1820/170/1358 1845/195/1358 1844/194/1358
f 1820/170/1359 1821/171/1359 1846/196/1359 1845/195/1359
f 1821/171/1360 1822/172/1360 1847/197/1360 1846/196/1360
f 1822/172/1361 1823/173/1361 1848/198/1361 1847/197/1361
f 1823/173/1362 1824/174/1362 1849/199/1362 1848/198/1362
f 1824/174/1363 1825/175/1363 1850/200/1363 1849/199/1363
f 1826/177/1364 1827/176/1364 1852/201/1364 1851/202/1364
f 1827/176/1365 1828/178/1365 1853/203/1365 1852/201/1365
f 1828/178/1366 1829/179/1366 1854/204/1366 1853/203/1366
f 1829/179/1367 1830/180/1367 1855/205/1367 1854/204/1367
f 1830/180/1368 1831/181/1368 1856/206/1368 1855/205/1368
f 1831/181/1369 1832/182/1369 1857/207/1369 1856/206/1369
f 1832/182/1370 1833/183/1370 1858/208/1370 1857/207/1370
f 1833/183/1371 1834/184/1371 1859/209/1371 1858/208/1371
f 1834/184/1372 1835/185/1372 1860/210/1372 1859/209/1372
f 1835/185/1373 1836/186/1373 1861/211/1373 1860/210/1373
f 1836/186/1374 1837/187/1374 1862/212/1374 1861/211/1374
f 1837/187/1375 1838/188/1375 1863/213/1375 1862/212/1375
f 1838/188/1376 1839/189/1376 1864/214/1376 1863/213/1376
f 1839/189/1377 1840/190/1377 1865/215/1377 1864/214/1377
f 1840/190/1378 1841/191/1378 1866/216/1378 1865/215/1378
f 1841/191/1379 1842/192/1379 1867/217/1379 1866/216/1379
f 1842/192/1380 1843/193/1380 1868/218/1380 1867/217/1380
f 1843/193/1381 1844/194/1381 1869/219/1381 1868/218/1381
f 1844/194/1382 1845/195/1382 1870/220/1382 1869/219/1382
f 1845/195/1383 1846/196/1383 1871/221/1383 1870/220/1383
f 1846/196/1384 1847/197/1384 1872/222/1384 1871/221/1384
f 1847/197/1385 1848/198/1385 1873/223/1385 1872/222/1385
f 1848/198/1386 1849/199/1386 1874/224/1386 1873/223/1386
f 1849/199/1387 1850/200/1387 1875/225/1387 1874/224/1387
f 1851/202/1388 1852/201/1388 1877/226/1388 1876/227/1388
f 1852/201/1389 1853/203/1389 1878/228/1389 1877/226/1389
f 1853/203/1390 1854/204/1390 1879/229/1390 1878/228/1390
f 1854/204/1391 1855/205/1391 1880/230/1391 1879/229/1391
f 1855/205/1392 1856/206/1392 1881/231/1392 1880/230/1392
f 1856/206/1393 1857/207/1393 1882/232/1393 1881/231/1393
f 1857/207/1394 1858/208/1394 1883/233/1394 1882/232/1394
f 1858/208/1395 1859/209/1395 1884/234/1395 1883/233/1395
f 1859/209/1396 1860/210/1396 1885/235/1396 1884/234/1396
f 1860/210/1397 1861/211/1397 1886/236/1397 1885/235/1397
f 1861/211/1398 1862/212/1398 1887/237/1398 1886/236/1398
f 1862/212/1399 1863/213/1399 1888/238/1399 1887/237/1399
f 1863/213/1400 1864/214/1400 1889/239/1400 1888/238/1400
f 1864/214/1401 1865/215/1401 1890/240/1401 1889/239/1401
f 1865/215/1402 1866/216/1402 1891/241/1402 1890/240/1402
f 1866/216/1403 1867/217/1403 1892/242/1403 1891/241/1403
f 1867/217/1404 1868/218/1404 1893/243/1404 1892/242/1404
f 1868/218/1405 1869/219/1405 1894/244/1405 1893/243/1405
f 1869/219/1406 1870/220/1406 1895/245/1406 1894/244/1406
f 1870/220/1407 1871/221/1407 1896/246/1407 1895/245/1407
f 1871/221/1408 1872/222/1408 1897/247/1408 1896/246/1408
f 1872/222/1409 1873/223/1409 1898/248/1409 1897/247/1409
f 1873/223/1410 1874/224/1410 1899/249/1410 1898/248/1410
f 1874/224/1411 1875/225/1411 1900/250/1411 1899/249/1411
f 1876/227/1412 1877/226/1412 1902/251/1412 1901/252/1412
f 1877/226/1413 1878/228/1413 1903/253/1413 1902/251/1413
f 1878/228/1414 1879/229/1414 1904/254/1414 1903/253/1414
f 1879/229/1415 1880/230/1415 1905/255/1415 1904/254/1415
f 1880/230/1416 1881/231/1416 1906/256/1416 1905/255/1416
f 1881/231/1417 1882/232/1417 1907/257/1417 1906/256/1417
f 1882/232/1418 1883/233/1418 1908/258/1418 1907/257/1418
f 1883/233/1419 1884/234/1419 1909/259/1419 1908/258/1419
f 1884/234/1420 1885/235/1420 1910/260/1420 1909/259/1420
f 1885/235/1421 1886/236/1421 1911/261/1421 1910/260/1421
f 1886/236/1422 1887/237/1422 1912/262/1422 1911/261/1422
f 1887/237/1423 1888/238/1423 1913/263/1423 1912/262/1423
f 1888/238/1424 1889/239/1424 1914/264/1424 1913/263/1424
f 1889/239/1425 1890/240/1425 1915/265/1425 1914/264/1425
f 1890/240/1426 1891/241/1426 1916/266/1426 1915/265/1426
f 1891/241/1427 1892/242/1427 1917/267/1427 1916/266/1427
f 1892/242/1428 1893/243/1428 1918/268/1428 1917/267/1428
f 1893/243/1429 1894/244/1429 1919/269/1429 1918/268/1429
f 1894/244/1430 1895/245/1430 1920/270/1430 1919/269/1430
f 1895/245/1431 1896/246/1431 1921/271/1431 1920/270/1431
f 1896/246/1432 1897/247/1432 1922/272/1432 1921/271/1432
f 1897/247/1433 1898/248/1433 1923/273/1433 1922/272/1433
f 1898/248/1434 1899/249/1434 1924/274/1434 1923/273/1434
f 1899/249/1435 1900/250/1435 1925/275/1435 1924/274/1435
f 1901/252/1436 1902/251/1436 1927/276/1436 1926/277/1436
f 1902/251/1437 1903/253/1437 1928/278/1437 1927/276/1437
f 1903/253/1438 1904/254/1438 1929/279/1438 1928/278/1438
f 1904/254/1439 1905/255/1439 1930/280/1439 1929/279/1439
f 1905/255/1440 1906/256/1440 1931/281/1440 1930/280/1440
f 1906/256/1441 1907/257/1441 1932/282/1441 1931/281/1441
f 1907/257/1442 1908/258/1442 1933/283/1442 1932/282/1442
f 1908/258/1443 1909/259/1443 1934/284/1443 1933/283/1443
f 1909/259/1444 1910/260/1444 1935/285/1444 1934/284/1444
f 1910/260/1445 1911/261/1445 1936/286/1445 1935/285/1445
f 1911/261/1446 1912/262/1446 1937/287/1446 1936/286/1446
f 1912/262/1447 1913/263/1447 1938/288/1447 1937/287/1447
f 1913/263/1448 1914/264/1448 1939/289/1448 1938/288/1448
f 1914/264/1449 1915/265/1449 1940/290/1449 1939/289/1449
f 1915/265/1450 1916/266/1450 1941/291/1450 1940/290/1450
f 1916/266/1451 1917/267/1451 1942/292/1451 1941/291/1451
f 1917/267/1452 1918/268/1452 1943/293/1452 1942/292/1452
f 1918/268/1453 1919/269/1453 1944/294/1453 1943/293/1453
f 1919/269/1454 1920/270/1454 1945/295/1454 1944/294/1454
f 1920/270/1455 1921/271/1455 1946/296/1455 1945/295/1455
f 1921/271/1456 1922/272/1456 1947/297/1456 1946/296/1456
f 1922/272/1457 1923/273/1457 1948/298/1457 1947/297/1457
f 1923/273/1458 1924/274/1458 1949/299/1458 1948/298/1458
f 1924/274/1459 1925/275/1459 1950/300/1459 1949/299/1459
f 1926/277/1460 1927/276/1460 1952/301/1460 1951/302/1460
f 1927/276/1461 1928/278/1461 1953/303/1461 1952/301/1461
f 1928/278/1462 1929/279/1462 1954/304/1462 1953/303/1462
f 1929/279/1463 1930/280/1463 1955/305/1463 1954/304/1463
f 1930/280/1464 1931/281/1464 1956/306/1464 1955/305/1464
f 1931/281/1465 1932/282/1465 1957/307/1465 1956/306/1465
f 1932/282/1466 1933/283/1466 1958/308/1466 1957/307/1466
f 1933/283/1467 1934/284/1467 1959/309/1467 1958/308/1467
f 1934/284/1468 1935/285/1468 1960/310/1468 1959/309/1468
f 1935/285/1469 1936/286/1469 1961/311/1469 1960/310/1469
f 1936/286/1470 1937/287/1470 1962/312/1470 1961/311/1470
f 1937/287/1471 1938/288/1471 1963/313/1471 1962/312/1471
f 1938/288/1472 1939/289/1472 1964/314/1472 1963/313/1472
f 1939/289/1473 1940/290/1473 1965/315/1473 1964/314/1473
f 1940/290/1474 1941/291/1474 1966/316/1474 1965/315/1474
f 1941/291/1475 1942/292/1475 1967/317/1475 1966/316/1475
f 1942/292/1476 1943/293/1476 1968/318/1476 1967/317/1476
f 1943/293/1477 1944/294/1477 1969/319/1477 1968/318/1477
f 1944/294/1478 1945/295/1478 1970/320/1478 1969/319/1478
f 1945/295/1479 1946/296/1479 1971/321/1479 1970/320/1479
f 1946/296/1480 1947/297/1480 1972/322/1480 1971/321/1480
f 1947/297/1481 1948/298/1481 1973/323/1481 1972/322/1481
f 1948/298/1482 1949/299/1482 1974/324/1482 1973/323/1482
f 1949/299/1483 1950/300/1483 1975/325/1483 1974/324/1483
f 1951/302/1484 1952/301/1484 1977/326/1484 1976/327/1484
f 1952/301/1485 1953/303/1485 1978/328/1485 1977/326/1485
f 1953/303/1486 1954/304/1486 1979/329/1486 1978/328/1486
f 1954/304/1487 1955/305/1487 1980/330/1487 1979/329/1487
f 1955/305/1488 1956/306/1488 1981/331/1488 1980/330/1488
f 1956/306/1489 1957/307/1489 1982/332/1489 1981/331/1489
f 1957/307/1490 1958/308/1490 1983/333/1490 1982/332/1490
f 1958/308/1491 1959/309/1491 1984/334/1491 1983/333/1491
f 1959/309/1492 1960/310/1492 1985/335/1492 1984/334/1492
f 1960/310/1493 1961/311/1493 1986/336/1493 1985/335/1493
f 1961/311/1494 1962/312/1494 1987/337/1494 1986/336/1494
f 1962/312/1495 1963/313/1495 1988/338/1495 1987/337/1495
f 1963/313/1496 1964/314/1496 1989/339/1496 1988/338/1496
f 1964/314/1497 1965/315/1497 1990/340/1497 1989/339/1497
f 1965/315/1498 1966/316/1498 1991/341/1498 1990/340/1498
f 1966/316/1499 1967/317/1499 1992/342/1499 1991/341/1499
f 1967/317/1500 1968/318/1500 1993/343/1500 1992/342/1500
f 1968/318/1501 1969/319/1501 1994/344/1501 1993/343/1501
f 1969/319/1502 1970/320/1502 1995/345/1502 1994/344/1502
f 1970/320/1503 1971/321/1503 1996/346/1503 1995/345/1503
f 1971/321/1504 1972/322/1504 1997/347/1504 1996/346/1504
f 1972/322/1505 1973/323/1505 1998/348/1505 1997/347/1505
f 1973/323/1506 1974/324/1506 1999/349/1506 1998/348/1506
f 1974/324/1507 1975/325/1507 2000/350/1507 1999/349/1507
f 1976/327/1508 1977/326/1508 2002/351/1508 2001/352/1508
f 1977/326/1509 1978/328/1509 2003/353/1509 2002/351/1509
f 1978/328/1510 1979/329/1510 2004/354/1510 2003/353/1510
f 1979/329/1511 1980/330/1511 2005/355/1511 2004/354/1511
f 1980/330/1512 1981/331/1512 2006/356/1512 2005/355/1512
f 1981/331/1513 1982/332/1513 2007/357/1513 2006/356/1513
f 1982/332/1514 1983/333/1514 2008/358/1514 2007/357/1514
f 1983/333/1515 1984/334/1515 2009/359/1515 2008/358/1515
f 1984/334/1516 1985/335/1516 2010/360/1516 2009/359/1516
f 1985/335/1517 1986/336/1517 2011/361/1517 2010/360/1517
f 1986/336/1518 1987/337/1518 2012/362/1518 2011/361/1518
f 1987/337/1519 1988/338/1519 2013/363/1519 2012/362/1519
f 1988/338/1520 1989/339/1520 2014/364/1520 2013/363/1520
f 1989/339/1521 1990/340/1521 2015/365/1521 2014/364/1521
f 1990/340/1522 1991/341/1522 2016/366/1522 2015/365/1522
f 1991/341/1523 1992/342/1523 2017/367/1523 2016/366/1523
f 1992/342/1524 1993/343/1524 2018/368/1524 2017/367/1524
f 1993/343/1525 1994/344/1525 2019/369/1525 2018/368/1525
f 1994/344/1526 1995/345/1526 2020/370/1526 2019/369/1526
f 1995/345/1527 1996/346/1527 2021/371/1527 2020/370/1527
f 1996/346/1528 1997/347/1528 2022/372/1528 2021/371/1528
f 1997/347/1529 1998/348/1529 2023/373/1529 2022/372/1529
f 1998/348/1530 1999/349/1530 2024/374/1530 2023/373/1530
f 1999/349/1531 2000/350/1531 2025/375/1531 2024/374/1531
f 2001/352/1532 2002/351/1532 2027/376/1532 2026/377/1532
f 2002/351/1533 2003/353/1533 2028/378/1533 2027/376/1533
f 2003/353/1534 2004/354/1534 2029/379/1534 2028/378/1534
f 2004/354/1535 2005/355/1535 2030/380/1535 2029/379/1535
f 2005/355/1536 2006/356/1536 2031/381/1536 2030/380/1536
f 2006/356/1537 2007/357/1537 2032/382/1537 2031/381/1537
f 2007/357/1538 2008/358/1538 2033/383/1538 2032/382/1538
f 2008/358/1539 2009/359/1539 2034/384/1539 2033/383/1539
f 2009/359/1540 2010/360/1540 2035/385/1540 2034/384/1540
f 2010/360/1541 2011/361/1541 2036/386/1541 2035/385/1541
f 2011/361/1542 2012/362/1542 2037/387/1542 2036/386/1542
f 2012/362/1543 2013/363/1543 2038/388/1543 2037/387/1543
f 2013/363/1544 2014/364/1544 2039/389/1544 2038/388/1544
f 2014/364/1545 2015/365/1545 2040/390/1545 2039/389/1545
f 2015/365/1546 2016/366/1546 2041/391/1546 2040/390/1546
f 2016/366/1547 2017/367/1547 2042/392/1547 2041/391/1547
f 2017/367/1548 2018/368/1548 2043/393/1548 2042/392/1548
f 2018/368/1549 2019/369/1549 2044/394/1549 2043/393/1549
f 2019/369/1550 2020/370/1550 2045/395/1550 2044/394/1550
f 2020/370/1551 2021/371/1551 2046/396/1551 2045/395/1551
f 2021/371/1552 2022/372/1552 2047/397/1552 2046/396/1552
f 2022/372/1553 2023/373/1553 2048/398/1553 2047/397/1553
f 2023/373/1554 2024/374/1554 2049/399/1554 2048/398/1554
f 2024/374/1555 2025/375/1555 2050/400/1555 2049/399/1555
f 2026/377/1556 2027/376/1556 2052/401/1556 2051/402/1556
f 2027/376/1557 2028/378/1557 2053/403/1557 2052/401/1557
f 2028/378/1558 2029/379/1558 2054/404/1558 2053/403/1558
f 2029/379/1559 2030/380/1559 2055/405/1559 2054/404/1559
f 2030/380/1560 2031/381/1560 2056/406/1560 2055/405/1560
f 2031/381/1561 2032/382/1561 2057/407/1561 2056/406/1561
f 2032/382/1562 2033/383/1562 2058/408/1562 2057/407/1562
f 2033/383/1563 2034/384/1563 2059/409/1563 2058/408/1563
f 2034/384/1564 2035/385/1564 2060/410/1564 2059/409/1564
f 2035/385/1565 2036/386/1565 2061/411/1565 2060/410/1565
f 2036/386/1566 2037/387/1566 2062/412/1566 2061/411/1566
f 2037/387/1567 2038/388/1567 2063/413/1567 2062/412/1567
f 2038/388/1568 2039/389/1568 2064/414/1568 2063/413/1568
f 2039/389/1569 2040/390/1569 2065/415/1569 2064/414/1569
f 2040/390/1570 2041/391/1570 2066/416/1570 2065/415/1570
f 2041/391/1571 2042/392/1571 2067/417/1571 2066/416/1571
f 2042/392/1572 2043/393/1572 2068/418/1572 2067/417/1572
f 2043/393/1573 2044/394/1573 2069/419/1573 2068/418/1573
f 2044/394/1574 2045/395/1574 2070/420/1574 2069/419/1574
f 2045/395/1575 2046/396/1575 2071/421/1575 2070/420/1575
f 2046/396/1576 2047/397/1576 2072/422/1576 2071/421/1576
f 2047/397/1577 2048/398/1577 2073/423/1577 2072/422/1577
f 2048/398/1578 2049/399/1578 2074/424/1578 2073/423/1578
f 2049/399/1579 2050/400/1579 2075/425/1579 2074/424/1579
f 2051/402/1580 2052/401/1580 2077/426/1580 2076/427/1580
f 2052/401/1581 2053/403/1581 2078/428/1581 2077/426/1581
f 2053/403/1582 2054/404/1582 2079/429/1582 2078/428/1582
f 2054/404/1583 2055/405/1583 2080/430/1583 2079/429/1583
f 2055/405/1584 2056/406/1584 2081/431/1584 2080/430/1584
f 2056/406/1585 2057/407/1585 2082/432/1585 2081/431/1585
f 2057/407/1586 2058/408/1586 2083/433/1586 2082/432/1586
f 2058/408/1587 2059/409/1587 2084/434/1587 2083/433/1587
f 2059/409/1588 2060/410/1588 2085/435/1588 2084/434/1588
f 2060/410/1589 2061/411/1589 2086/436/1589 2085/435/1589
f 2061/411/1590 2062/412/1590 2087/437/1590 2086/436/1590
f 2062/412/1591 2063/413/1591 2088/438/1591 2087/437/1591
f 2063/413/1592 2064/414/1592 2089/439/1592 2088/438/1592
f 2064/414/1593 2065/415/1593 2090/440/1593 2089/439/1593
f 2065/415/1594 2066/416/1594 2091/441/1594 2090/440/1594
f 2066/416/1595 2067/417/1595 2092/442/1595 2091/441/1595
f 2067/417/1596 2068/418/1596 2093/443/1596 2092/442/1596
f 2068/418/1597 2069/419/1597 2094/444/1597 2093/443/1597
f 2069/419/1598 2070/420/1598 2095/445/1598 2094/444/1598
f 2070/420/1599 2071/421/1599 2096/446/1599 2095/445/1599
f 2071/421/1600 2072/422/1600 2097/447/1600 2096/446/1600
f 2072/422/1601 2073/423/1601 2098/448/1601 2097/447/1601
f 2073/423/1602 2074/424/1602 2099/449/1602 2098/448/1602
f 2074/424/1603 2075/425/1603 2100/450/1603 2099/449/1603
f 2076/427/1604 2077/426/1604 2102/451/1604 2101/452/1604
f 2077/426/1605 2078/428/1605 2103/453/1605 2102/451/1605
f 2078/428/1606 2079/429/1606 2104/454/1606 2103/453/1606
f 2079/429/1607 2080/430/1607 2105/455/1607 2104/454/1607
f 2080/430/1608 2081/431/1608 2106/456/1608 2105/455/1608
f 2081/431/1609 2082/432/1609 2107/457/1609 2106/456/1609
f 2082/432/1610 2083/433/1610 2108/458/1610 2107/457/1610
f 2083/433/1611 2084/434/1611 2109/459/1611 2108/458/1611
f 2084/434/1612 2085/435/1612 2110/460/1612 2109/459/1612
f 2085/435/1613 2086/436/1613 2111/461/1613 2110/460/1613
f 2086/436/1614 2087/437/1614 2112/462/1614 2111/461/1614
f 2087/437/1615 2088/438/1615 2113/463/1615 2112/462/1615
f 2088/438/1616 2089/439/1616 2114/464/1616 2113/463/1616
f 2089/439/1617 2090/440/1617 2115/465/1617 2114/464/1617
f 2090/440/1618 2091/441/1618 2116/466/1618 2115/465/1618
f 2091/441/1619 2092/442/1619 2117/467/1619 2116/466/1619
f 2092/442/1620 2093/443/1620 2118/468/1620 2117/467/1620
f 2093/443/1621 2094/444/1621 2119/469/1621 2118/468/1621
f 2094/444/1622 2095/445/1622 2120/470/1622 2119/469/1622
f 2095/445/1623 2096/446/1623 2121/471/1623 2120/470/1623
f 2096/446/1624 2097/447/1624 2122/472/1624 2121/471/1624
f 2097/447/1625 2098/448/1625 2123/473/1625 2122/472/1625
f 2098/448/1626 2099/449/1626 2124/474/1626 2123/473/1626
f 2099/449/1627 2100/450/1627 2125/475/1627 2124/474/1627
f 2101/452/1628 2102/451/1628 2127/476/1628 2126/477/1628
f 2102/451/1629 2103/453/1629 2128/478/1629 2127/476/1629
f 2103/453/1630 2104/454/1630 2129/479/1630 2128/478/1630
f 2104/454/1631 2105/455/1631 2130/480/1631 2129/479/1631
f 2105/455/1632 2106/456/1632 2131/481/1632 2130/480/1632
f 2106/456/1633 2107/457/1633 2132/482/1633 2131/481/1633
f 2107/457/1634 2108/458/1634 2133/483/1634 2132/482/1634
f 2108/458/1635 2109/459/1635 2134/484/1635 2133/483/1635
f 2109/459/1636 2110/460/1636 2135/485/1636 2134/484/1636
f 2110/460/1637 2111/461/1637 2136/486/1637 2135/485/1637
f 2111/461/1638 2112/462/1638 2137/487/1638 2136/486/1638
f 2112/462/1639 2113/463/1639 2138/488/1639 2137/487/1639
f 2113/463/1640 2114/464/1640 2139/489/1640 2138/488/1640
f 2114/464/1641 2115/465/1641 2140/490/1641 2139/489/1641
f 2115/465/1642 2116/466/1642 2141/491/1642 2140/490/1642
f 2116/466/1643 2117/467/1643 2142/492/1643 2141/491/1643
f 2117/467/1644 2118/468/1644 2143/493/1644 2142/492/1644
f 2118/468/1645 2119/469/1645 2144/494/1645 2143/493/1645
f 2119/469/1646 2120/470/1646 2145/495/1646 2144/494/1646
f 2120/470/1647 2121/471/1647 2146/496/1647 2145/495/1647
f 2121/471/1648 2122/472/1648 2147/497/1648 2146/496/1648
f 2122/472/1649 2123/473/1649 2148/498/1649 2147/497/1649
f 2123/473/1650 2124/474/1650 2149/499/1650 2148/498/1650
f 2124/474/1651 2125/475/1651 2150/500/1651 2149/499/1651
f 2126/477/1652 2127/476/1652 2152/501/1652 2151/502/1652
f 2127/476/1653 2128/478/1653 2153/503/1653 2152/501/1653
f 2128/478/1654 2129/479/1654 2154/504/1654 2153/503/1654
f 2129/479/1655 2130/480/1655 2155/505/1655 2154/504/1655
f 2130/480/1656 2131/481/1656 2156/506/1656 2155/505/1656
f 2131/481/1657 2132/482/1657 2157/507/1657 2156/506/1657
f 2132/482/1658 2133/483/1658 2158/508/1658 2157/507/1658
f 2133/483/1659 2134/484/1659 2159/509/1659 2158/508/1659
f 2134/484/1660 2135/485/1660 2160/510/1660 2159/509/1660
f 2135/485/1661 2136/486/1661 2161/511/1661 2160/510/1661
f 2136/486/1662 2137/487/1662 2162/512/1662 2161/511/1662
f 2137/487/1663 2138/488/1663 2163/513/1663 2162/512/1663
f 2138/488/1664 2139/489/1664 2164/514/1664 2163/513/1664
f 2139/489/1665 2140/490/1665 2165/515/1665 2164/514/1665
f 2140/490/1666 2141/491/1666 2166/516/1666 2165/515/1666
f 2141/491/1667 2142/492/1667 2167/517/1667 2166/516/1667
f 2142/492/1668 2143/493/1668 2168/518/1668 2167/517/1668
f 2143/493/1669 2144/494/1669 2169/519/1669 2168/518/1669
f 2144/494/1670 2145/495/1670 2170/520/1670 2169/519/1670
f 2145/495/1671 2146/496/1671 2171/521/1671 2170/520/1671
f 2146/496/1672 2147/497/1672 2172/522/1672 2171/521/1672
f 2147/497/1673 2148/498/1673 2173/523/1673 2172/522/1673
f 2148/498/1674 2149/499/1674 2174/524/1674 2173/523/1674
f 2149/499/1675 2150/500/1675 2175/525/1675 2174/524/1675
f 2151/502/1676 2152/501/1676 2177/526/1676 2176/527/1676
f 2152/501/1677 2153/503/1677 2178/528/1677 2177/526/1677
f 2153/503/1678 2154/504/1678 2179/529/1678 2178/528/1678
f 2154/504/1679 2155/505/1679 2180/530/1679 2179/529/1679
f 2155/505/1680 2156/506/1680 2181/531/1680 2180/530/1680
f 2156/506/1681 2157/507/1681 2182/532/1681 2181/531/1681
f 2157/507/1682 2158/508/1682 2183/533/1682 2182/532/1682
f 2158/508/1683 2159/509/1683 2184/534/1683 2183/533/1683
f 2159/509/1684 2160/510/1684 2185/535/1684 2184/534/1684
f 2160/510/1685 2161/511/1685 2186/536/1685 2185/535/1685
f 2161/511/1686 2162/512/1686 2187/537/1686 2186/536/1686
f 2162/512/1687 2163/513/1687 2188/538/1687 2187/537/1687
f 2163/513/1688 2164/514/1688 2189/539/1688 2188/538/1688
f 2164/514/1689 2165/515/1689 2190/540/1689 2189/539/1689
f 2165/515/1690 2166/516/1690 2191/541/1690 2190/540/1690
f 2166/516/1691 2167/517/1691 2192/542/1691 2191/541/1691
f 2167/517/1692 2168/518/1692 2193/543/1692 2192/542/1692
f 2168/518/1693 2169/519/1693 2194/544/1693 2193/543/1693
f 2169/519/1694 2170/520/1694 2195/545/1694 2194/544/1694
f 2170/520/1695 2171/521/1695 2196/546/1695 2195/545/1695
f 2171/521/1696 2172/522/1696 2197/547/1696 2196/546/1696
f 2172/522/1697 2173/523/1697 2198/548/1697 2197/547/1697
f 2173/523/1698 2174/524/1698 2199/549/1698 2198/548/1698
f 2174/524/1699 2175/525/1699 2200/550/1699 2199/549/1699
f 2176/527/1700 2177/526/1700 2202/551/1700 2201/552/1700
f 2177/526/1701 2178/528/1701 2203/553/1701 2202/551/1701
f 2178/528/1702 2179/529/1702 2204/554/1702 2203/553/1702
f 2179/529/1703 2180/530/1703 2205/555/1703 2204/554/1703
f 2180/530/1704 2181/531/1704 2206/556/1704 2205/555/1704
f 2181/531/1705 2182/532/1705 2207/557/1705 2206/556/1705
f 2182/532/1706 2183/533/1706 2208/558/1706 2207/557/1706
f 2183/533/1707 2184/534/1707 2209/559/1707 2208/558/1707
f 2184/534/1708 2185/535/1708 2210/560/1708 2209/559/1708
f 2185/535/1709 2186/536/1709 2211/561/1709 2210/560/1709
f 2186/536/1710 2187/537/1710 2212/562/1710 2211/561/1710
f 2187/537/1711 2188/538/1711 2213/563/1711 2212/562/1711
f 2188/538/1712 2189/539/1712 2214/564/1712 2213/563/1712
f 2189/539/1713 2190/540/1713 2215/565/1713 2214/564/1713
f 2190/540/1714 2191/541/1714 2216/566/1714 2215/565/1714
f 2191/541/1715 2192/542/1715 2217/567/1715 2216/566/1715
f 2192/542/1716 2193/543/1716 2218/568/1716 2217/567/1716
f 2193/543/1717 2194/544/1717 2219/569/1717 2218/568/1717
f 2194/544/1718 2195/545/1718 2220/570/1718 2219/569/1718
f 2195/545/1719 2196/546/1719 2221/571/1719 2220/570/1719
f 2196/546/1720 2197/547/1720 2222/572/1720 2221/571/1720
f 2197/547/1721 2198/548/1721 2223/573/1721 2222/572/1721
f 2198/548/1722 2199/549/1722 2224/574/1722 2223/573/1722
f 2199/549/1723 2200/550/1723 2225/575/1723 2224/574/1723
f 2201/552/1724 2202/551/1724 2227/576/1724 2226/577/1724
f 2202/551/1725 2203/553/1725 2228/578/1725 2227/576/1725
f 2203/553/1726 2204/554/1726 2229/579/1726 2228/578/1726
f 2204/554/1727 2205/555/1727 2230/580/1727 2229/579/1727
f 2205/555/1728 2206/556/1728 2231/581/1728 2230/580/1728
f 2206/556/1729 2207/557/1729 2232/582/1729 2231/581/1729
f 2207/557/1730 2208/558/1730 2233/583/1730 2232/582/1730
f 2208/558/1731 2209/559/1731 2234/584/1731 2233/583/1731
f 2209/559/1732 2210/560/1732 2235/585/1732 2234/584/1732
f 2210/560/1733 2211/561/1733 2236/586/1733 2235/585/1733
f 2211/561/1734 2212/562/1734 2237/587/1734 2236/586/1734
f 2212/562/1735 2213/563/1735 2238/588/1735 2237/587/1735
f 2213/563/1736 2214/564/1736 2239/589/1736 2238/588/1736
f 2214/564/1737 2215/565/1737 2240/590/1737 2239/589/1737
f 2215/565/1738 2216/566/1738 2241/591/1738 2240/590/1738
f 2216/566/1739 2217/567/1739 2242/592/1739 2241/591/1739
f 2217/567/1740 2218/568/1740 2243/593/1740 2242/592/1740
f 2218/568/1741 2219/569/1741 2244/594/1741 2243/593/1741
f 2219/569/1742 2220/570/1742 2245/595/1742 2244/594/1742
f 2220/570/1743 2221/571/1743 2246/596/1743 2245/595/1743
f 2221/571/1744 2222/572/1744 2247/597/1744 2246/596/1744
f 2222/572/1745 2223/573/1745 2248/598/1745 2247/597/1745
f 2223/573/1746 2224/574/1746 2249/599/1746 2248/598/1746
f 2224/574/1747 2225/575/1747 2250/600/1747 2249/599/1747
f 2226/577/1748 2227/576/1748 2252/601/1748 2251/602/1748
f 2227/576/1749 2228/578/1749 2253/603/1749 2252/601/1749
f 2228/578/1750 2229/579/1750 2254/604/1750 2253/603/1750
f 2229/579/1751 2230/580/1751 2255/605/1751 2254/604/1751
f 2230/580/1752 2231/581/1752 2256/606/1752 2255/605/1752
f 2231/581/1753 2232/582/1753 2257/607/1753 2256/606/1753
f 2232/582/1754 2233/583/1754 2258/608/1754 2257/607/1754
f 2233/583/1755 2234/584/1755 2259/609/1755 2258/608/1755
f 2234/584/1756 2235/585/1756 2260/610/1756 2259/609/1756
f 2235/585/1757 2236/586/1757 2261/611/1757 2260/610/1757
f 2236/586/1758 2237/587/1758 2262/612/1758 2261/611/1758
f 2237/587/1759 2238/588/1759 2263/613/1759 2262/612/1759
f 2238/588/1760 2239/589/1760 2264/614/1760 2263/613/1760
f 2239/589/1761 2240/590/1761 2265/615/1761 2264/614/1761
f 2240/590/319 2241/591/319 2266/616/319 2265/615/319
f 2241/591/1762 2242/592/1762 2267/617/1762 2266/616/1762
f 2242/592/1763 2243/593/1763 2268/618/1763 2267/617/1763
f 2243/593/1764 2244/594/1764 2269/619/1764 2268/618/1764
f 2244/594/1765 2245/595/1765 2270/620/1765 2269/619/1765
f 2245/595/1766 2246/596/1766 2271/621/1766 2270/620/1766
f 2246/596/1767 2247/597/1767 2272/622/1767 2271/621/1767
f 2247/597/1768 2248/598/1768 2273/623/1768 2272/622/1768
f 2248/598/1769 2249/599/1769 2274/624/1769 2273/623/1769
f 2249/599/1770 2250/600/1770 2275/625/1770 2274/624/1770
f 2251/602/1771 2252/601/1771 2277/626/1771 2276/627/1771
f 2252/601/1772 2253/603/1772 2278/628/1772 2277/626/1772
f 2253/603/1773 2254/604/1773 2279/629/1773 2278/628/1773
f 2254/604/1774 2255/605/1774 2280/630/1774 2279/629/1774
f 2255/605/1775 2256/606/1775 2281/631/1775 2280/630/1775
f 2256/606/1776 2257/607/1776 2282/632/1776 2281/631/1776
f 2257/607/1777 2258/608/1777 2283/633/1777 2282/632/1777
f 2258/608/1778 2259/609/1778 2284/634/1778 2283/633/1778
f 2259/609/1779 2260/610/1779 2285/635/1779 2284/634/1779
f 2260/610/1780 2261/611/1780 2286/636/1780 2285/635/1780
f 2261/611/1781 2262/612/1781 2287/637/1781 2286/636/1781
f 2262/612/1782 2263/613/1782 2288/638/1782 2287/637/1782
f 2263/613/1783 2264/614/1783 2289/639/1783 2288/638/1783
f 2264/614/1784 2265/615/1784 2290/640/1784 2289/639/1784
f 2265/615/1785 2266/616/1785 2291/641/1785 2290/640/1785
f 2266/616/1786 2267/617/1786 2292/642/1786 2291/641/1786
f 2267/617/1787 2268/618/1787 2293/643/1787 2292/642/1787
f 2268/618/1788 2269/619/1788 2294/644/1788 2293/643/1788
f 2269/619/1789 2270/620/1789 2295/645/1789 2294/644/1789
f 2270/620/1790 2271/621/1790 2296/646/1790 2295/645/1790
f 2271/621/1791 2272/622/1791 2297/647/1791 2296/646/1791
f 2272/622/1792 2273/623/1792 2298/648/1792 2297/647/1792
f 2273/623/1793 2274/624/1793 2299/649/1793 2298/648/1793
f 2274/624/1794 2275/625/1794 2300/650/1794 2299/649/1794
f 2276/627/1795 2277/626/1795 2302/651/1795 2301/652/1795
f 2277/626/1796 2278/628/1796 2303/653/1796 2302/651/1796
f 2278/628/1797 2279/629/1797 2304/654/1797 2303/653/1797
f 2279/629/1798 2280/630/1798 2305/655/1798 2304/654/1798
f 2280/630/1799 2281/631/1799 2306/656/1799 2305/655/1799
f 2281/631/1800 2282/632/1800 2307/657/1800 2306/656/1800
f 2282/632/1801 2283/633/1801 2308/658/1801 2307/657/1801
f 2283/633/1802 2284/634/1802 2309/659/1802 2308/658/1802
f 2284/634/1803 2285/635/1803 2310/660/1803 2309/659/1803
f 2285/635/1804 2286/636/1804 2311/661/1804 2310/660/1804
f 2286/636/1805 2287/637/1805 2312/662/1805 2311/661/1805
f 2287/637/1806 2288/638/1806 2313/663/1806 2312/662/1806
f 2288/638/1807 2289/639/1807 2314/664/1807 2313/663/1807
f 2289/639/1808 2290/640/1808 2315/665/1808 2314/664/1808
f 2290/640/1809 2291/641/1809 2316/666/1809 2315/665/1809
f 2291/641/1810 2292/642/1810 2317/667/1810 2316/666/1810
f 2292/642/1811 2293/643/1811 2318/668/1811 2317/667/1811
f 2293/643/1812 2294/644/1812 2319/669/1812 2318/668/1812
f 2294/644/1813 2295/645/1813 2320/670/1813 2319/669/1813
f 2295/645/1814 2296/646/1814 2321/671/1814 2320/670/1814
f 2296/646/1815 2297/647/1815 2322/672/1815 2321/671/1815
f 2297/647/1816 2298/648/1816 2323/673/1816 2322/672/1816
f 2298/648/1817 2299/649/1817 2324/674/1817 2323/673/1817
f 2299/649/1818 2300/650/1818 2325/675/1818 2324/674/1818
f 2301/652/1819 2302/651/1819 2327/676/1819 2326/677/1819
f 2302/651/1820 2303/653/1820 2328/678/1820 2327/676/1820
f 2303/653/1821 2304/654/1821 2329/679/1821 2328/678/1821
f 2304/654/1822 2305/655/1822 2330/680/1822 2329/679/1822
f 2305/655/1823 2306/656/1823 2331/681/1823 2330/680/1823
f 2306/656/1824 2307/657/1824 2332/682/1824 2331/681/1824
f 2307/657/1825 2308/658/1825 2333/683/1825 2332/682/1825
f 2308/658/1826 2309/659/1826 2334/684/1826 2333/683/1826
f 2309/659/1827 2310/660/1827 2335/685/1827 2334/684/1827
f 2310/660/1828 2311/661/1828 2336/686/1828 2335/685/1828
f 2311/661/1829 2312/662/1829 2337/687/1829 2336/686/1829
f 2312/662/1830 2313/663/1830 2338/688/1830 2337/687/1830
f 2313/663/1831 2314/664/1831 2339/689/1831 2338/688/1831
f 2314/664/1832 2315/665/1832 2340/690/1832 2339/689/1832
f 2315/665/1833 2316/666/1833 2341/691/1833 2340/690/1833
f 2316/666/1834 2317/667/1834 2342/692/1834 2341/691/1834
f 2317/667/1835 2318/668/1835 2343/693/1835 2342/692/1835
f 2318/668/1836 2319/669/1836 2344/694/1836 2343/693/1836
f 2319/669/1837 2320/670/1837 2345/695/1837 2344/694/1837
f 2320/670/1838 2321/671/1838 2346/696/1838 2345/695/1838
f 2321/671/1839 2322/672/1839 2347/697/1839 2346/696/1839
f 2322/672/1840 2323/673/1840 2348/698/1840 2347/697/1840
f 2323/673/1841 2324/674/1841 2349/699/1841 2348/698/1841
f 2324/674/1842 2325/675/1842 2350/700/1842 2349/699/1842
f 2326/677/1843 2327/676/1843 2352/701/1843 2351/702/1843
f 2327/676/1844 2328/678/1844 2353/703/1844 2352/701/1844
f 2328/678/1845 2329/679/1845 2354/704/1845 2353/703/1845
f 2329/679/1846 2330/680/1846 2355/705/1846 2354/704/1846
f 2330/680/1847 2331/681/1847 2356/706/1847 2355/705/1847
f 2331/681/1848 2332/682/1848 2357/707/1848 2356/706/1848
f 2332/682/1849 2333/683/1849 2358/708/1849 2357/707/1849
f 2333/683/1850 2334/684/1850 2359/709/1850 2358/708/1850
f 2334/684/1851 2335/685/1851 2360/710/1851 2359/709/1851
f 2335/685/1852 2336/686/1852 2361/711/1852 2360/710/1852
f 2336/686/1853 2337/687/1853 2362/712/1853 2361/711/1853
f 2337/687/1854 2338/688/1854 2363/713/1854 2362/712/1854
f 2338/688/1855 2339/689/1855 2364/714/1855 2363/713/1855
f 2339/689/1856 2340/690/1856 2365/715/1856 2364/714/1856
f 2340/690/1857 2341/691/1857 2366/716/1857 2365/715/1857
f 2341/691/1858 2342/692/1858 2367/717/1858 2366/716/1858
f 2342/692/1859 2343/693/1859 2368/718/1859 2367/717/1859
f 2343/693/1860 2344/694/1860 2369/719/1860 2368/718/1860
f 2344/694/1861 2345/695/1861 2370/720/1861 2369/719/1861
f 2345/695/1862 2346/696/1862 2371/721/1862 2370/720/1862
f 2346/696/1863 2347/697/1863 2372/722/1863 2371/721/1863
f 2347/697/1864 2348/698/1864 2373/723/1864 2372/722/1864
f 2348/698/1865 2349/699/1865 2374/724/1865 2373/723/1865
f 2349/699/1866 2350/700/1866 2375/725/1866 2374/724/1866
f 2351/702/1867 2352/701/1867 2377/726/1867 2376/727/1867
f 2352/701/1868 2353/703/1868 2378/728/1868 2377/726/1868
f 2353/703/1869 2354/704/1869 2379/729/1869 2378/728/1869
f 2354/704/1870 2355/705/1870 2380/730/1870 2379/729/1870
f 2355/705/1871 2356/706/1871 2381/731/1871 2380/730/1871
f 2356/706/1872 2357/707/1872 2382/732/1872 2381/731/1872
f 2357/707/1873 2358/708/1873 2383/733/1873 2382/732/1873
f 2358/708/1874 2359/709/1874 2384/734/1874 2383/733/1874
f 2359/709/1875 2360/710/1875 2385/735/1875 2384/734/1875
f 2360/710/1876 2361/711/1876 2386/736/1876 2385/735/1876
f 2361/711/1877 2362/712/1877 2387/737/1877 2386/736/1877
f 2362/712/1878 2363/713/1878 2388/738/1878 2387/737/1878
f 2363/713/1879 2364/714/1879 2389/739/1879 2388/738/1879
f 2364/714/1880 2365/715/1880 2390/740/1880 2389/739/1880
f 2365/715/1881 2366/716/1881 2391/741/1881 2390/740/1881
f 2366/716/1882 2367/717/1882 2392/742/1882 2391/741/1882
f 2367/717/1883 2368/718/1883 2393/743/1883 2392/742/1883
f 2368/718/1884 2369/719/1884 2394/744/1884 2393/743/1884
f 2369/719/1885 2370/720/1885 2395/745/1885 2394/744/1885
f 2370/720/1886 2371/721/1886 2396/746/1886 2395/745/1886
f 2371/721/1887 2372/722/1887 2397/747/1887 2396/746/1887
f 2372/722/1888 2373/723/1888 2398/748/1888 2397/747/1888
f 2373/723/1889 2374/724/1889 2399/749/1889 2398/748/1889
f 2374/724/1890 2375/725/1890 2400/750/1890 2399/749/1890
f 2376/727/1891 2377/726/1891 2402/751/1891 2401/752/1891
f 2377/726/1892 2378/728/1892 2403/753/1892 2402/751/1892
f 2378/728/1893 2379/729/1893 2404/754/1893 2403/753/1893
f 2379/729/1894 2380/730/1894 2405/755/1894 2404/754/1894
f 2380/730/1895 2381/731/1895 2406/756/1895 2405/755/1895
f 2381/731/1896 2382/732/1896 2407/757/1896 2406/756/1896
f 2382/732/1897 2383/733/1897 2408/758/1897 2407/757/1897
f 2383/733/1898 2384/734/1898 2409/759/1898 2408/758/1898
f 2384/734/1899 2385/735/1899 2410/760/1899 2409/759/1899
f 2385/735/1900 2386/736/1900 2411/761/1900 2410/760/1900
f 2386/736/1901 2387/737/1901 2412/762/1901 2411/761/1901
f 2387/737/1902 2388/738/1902 2413/763/1902 2412/762/1902
f 2388/738/1903 2389/739/1903 2414/764/1903 2413/763/1903
f 2389/739/1904 2390/740/1904 2415/765/1904 2414/764/1904
f 2390/740/1905 2391/741/1905 2416/766/1905 2415/765/1905
f 2391/741/1906 2392/742/1906 2417/767/1906 2416/766/1906
f 2392/742/1907 2393/743/1907 2418/768/1907 2417/767/1907
f 2393/743/1908 2394/744/1908 2419/769/1908 2418/768/1908
f 2394/744/1909 2395/745/1909 2420/770/1909 2419/769/1909
f 2395/745/1910 2396/746/1910 2421/771/1910 2420/770/1910
f 2396/746/1911 2397/747/1911 2422/772/1911 2421/771/1911
f 2397/747/1912 2398/748/1912 2423/773/1912 2422/772/1912
f 2398/748/1913 2399/749/1913 2424/774/1913 2423/773/1913
f 2399/749/1914 2400/750/1914 2425/775/1914 2424/774/1914
f 2401/752/1915 2402/751/1915 2427/776/1915 2426/777/1915
f 2402/751/1916 2403/753/1916 2428/778/1916 2427/776/1916
f 2403/753/1917 2404/754/1917 2429/779/1917 2428/778/1917
f 2404/754/1918 2405/755/1918 2430/780/1918 2429/779/1918
f 2405/755/1919 2406/756/1919 2431/781/1919 2430/780/1919
f 2406/756/1920 2407/757/1920 2432/782/1920 2431/781/1920
f 2407/757/1921 2408/758/1921 2433/783/1921 2432/782/1921
f 2408/758/1922 2409/759/1922 2434/784/1922 2433/783/1922
f 2409/759/1923 2410/760/1923 2435/785/1923 2434/784/1923
f 2410/760/1924 2411/761/1924 2436/786/1924 2435/785/1924
f 2411/761/1925 2412/762/1925 2437/787/1925 2436/786/1925
f 2412/762/1926 2413/763/1926 2438/788/1926 2437/787/1926
f 2413/763/1927 2414/764/1927 2439/789/1927 2438/788/1927
f 2414/764/1928 2415/765/1928 2440/790/1928 2439/789/1928
f 2415/765/1929 2416/766/1929 2441/791/1929 2440/790/1929
f 2416/766/1930 2417/767/1930 2442/792/1930 2441/791/1930
f 2417/767/1931 2418/768/1931 2443/793/1931 2442/792/1931
f 2418/768/1932 2419/769/1932 2444/794/1932 2443/793/1932
f 2419/769/1933 2420/770/1933 2445/795/1933 2444/794/1933
f 2420/770/1934 2421/771/1934 2446/796/1934 2445/795/1934
f 2421/771/1935 2422/772/1935 2447/797/1935 2446/796/1935
f 2422/772/1936 2423/773/1936 2448/798/1936 2447/797/1936
f 2423/773/1937 2424/774/1937 2449/799/1937 2448/798/1937
f 2424/774/1938 2425/775/1938 2450/800/1938 2449/799/1938
f 2426/777/1939 2427/776/1939 2452/801/1939 2451/802/1939
f 2427/776/1940 2428/778/1940 2453/803/1940 2452/801/1940
f 2428/778/1941 2429/779/1941 2454/804/1941 2453/803/1941
f 2429/779/1942 2430/780/1942 2455/805/1942 2454/804/1942
f 2430/780/1943 2431/781/1943 2456/806/1943 2455/805/1943
f 2431/781/1944 2432/782/1944 2457/807/1944 2456/806/1944
f 2432/782/1945 2433/783/1945 2458/808/1945 2457/807/1945
f 2433/783/1946 2434/784/1946 2459/809/1946 2458/808/1946
f 2434/784/1947 2435/785/1947 2460/810/1947 2459/809/1947
f 2435/785/1948 2436/786/1948 2461/811/1948 2460/810/1948
f 2436/786/1949 2437/787/1949 2462/812/1949 2461/811/1949
f 2437/787/1950 2438/788/1950 2463/813/1950 2462/812/1950
f 2438/788/1951 2439/789/1951 2464/814/1951 2463/813/1951
f 2439/789/1952 2440/790/1952 2465/815/1952 2464/814/1952
f 2440/790/1953 2441/791/1953 2466/816/1953 2465/815/1953
f 2441/791/1954 2442/792/1954 2467/817/1954 2466/816/1954
f 2442/792/1955 2443/793/1955 2468/818/1955 2467/817/1955
f 2443/793/1956 2444/794/1956 2469/819/1956 2468/818/1956
f 2444/794/1957 2445/795/1957 2470/820/1957 2469/819/1957
f 2445/795/1958 2446/796/1958 2471/821/1958 2470/820/1958
f 2446/796/1959 2447/797/1959 2472/822/1959 2471/821/1959
f 2447/797/1960 2448/798/1960 2473/823/1960 2472/822/1960
f 2448/798/1961 2449/799/1961 2474/824/1961 2473/823/1961
f 2449/799/1962 2450/800/1962 2475/825/1962 2474/824/1962
f 2476/1/1963 2501/4/1963 2502/3/1963 2477/2/1963
f 2477/2/1964 2502/3/1964 2503/6/1964 2478/5/1964
f 2478/5/1965 2503/6/1965 2504/8/1965 2479/7/1965
f 2479/7/1966 2504/8/1966 2505/10/1966 2480/9/1966
f 2480/9/1967 2505/10/1967 2506/12/1967 2481/11/1967
f 2481/11/1968 2506/12/1968 2507/14/1968 2482/13/1968
f 2482/13/1969 2507/14/1969 2508/16/1969 2483/15/1969
f 2483/15/1970 2508/16/1970 2509/18/1970 2484/17/1970
f 2484/17/1971 2509/18/1971 2510/20/1971 2485/19/1971
f 2485/19/1972 2510/20/1972 2511/22/1972 2486/21/1972
f 2486/21/1973 2511/22/1973 2512/24/1973 2487/23/1973
f 2487/23/1974 2512/24/1974 2513/26/1974 2488/25/1974
f 2488/25/1975 2513/26/1975 2514/28/1975 2489/27/1975
f 2489/27/1976 2514/28/1976 2515/30/1976 2490/29/1976
f 2490/29/1977 2515/30/1977 2516/32/1977 2491/31/1977
f 2491/31/1978 2516/32/1978 2517/34/1978 2492/33/1978
f 2492/33/1979 2517/34/1979 2518/36/1979 2493/35/1979
f 2493/35/1980 2518/36/1980 2519/38/1980 2494/37/1980
f 2494/37/1981 2519/38/1981 2520/40/1981 2495/39/1981
f 2495/39/1982 2520/40/1982 2521/42/1982 2496/41/1982
f 2496/41/1983 2521/42/1983 2522/44/1983 2497/43/1983
f 2497/43/1984 2522/44/1984 2523/46/1984 2498/45/1984
f 2498/45/1985 2523/46/1985 2524/48/1985 2499/47/1985
f 2499/47/1986 2524/48/1986 2525/50/1986 2500/49/1986
f 2501/4/1987 2526/52/1987 2527/51/1987 2502/3/1987
f 2502/3/1988 2527/51/1988 2528/53/1988 2503/6/1988
f 2503/6/1989 2528/53/1989 2529/54/1989 2504/8/1989
f 2504/8/1990 2529/54/1990 2530/55/1990 2505/10/1990
f 2505/10/1991 2530/55/1991 2531/56/1991 2506/12/1991
f 2506/12/1992 2531/56/1992 2532/57/1992 2507/14/1992
f 2507/14/1993 2532/57/1993 2533/58/1993 2508/16/1993
f 2508/16/1994 2533/58/1994 2534/59/1994 2509/18/1994
f 2509/18/1995 2534/59/1995 2535/60/1995 2510/20/1995
f 2510/20/1996 2535/60/1996 2536/61/1996 2511/22/1996
f 2511/22/1997 2536/61/1997 2537/62/1997 2512/24/1997
f 2512/24/1998 2537/62/1998 2538/63/1998 2513/26/1998
f 2513/26/1999 2538/63/1999 2539/64/1999 2514/28/1999
f 2514/28/2000 2539/64/2000 2540/65/2000 2515/30/2000
f 2515/30/2001 2540/65/2001 2541/66/2001 2516/32/2001
f 2516/32/2002 2541/66/2002 2542/67/2002 2517/34/2002
f 2517/34/2003 2542/67/2003 2543/68/2003 2518/36/2003
f 2518/36/2004 2543/68/2004 2544/69/2004 2519/38/2004
f 2519/38/2005 2544/69/2005 2545/70/2005 2520/40/2005
f 2520/40/2006 2545/70/2006 2546/71/2006 2521/42/2006
f 2521/42/2007 2546/71/2007 2547/72/2007 2522/44/2007
f 2522/44/2008 2547/72/2008 2548/73/2008 2523/46/2008
f 2523/46/2009 2548/73/2009 2549/74/2009 2524/48/2009
f 2524/48/2010 2549/74/2010 2550/75/2010 2525/50/2010
f 2526/52/2011 2551/77/2011 2552/76/2011 2527/51/2011
f 2527/51/2012 2552/76/2012 2553/78/2012 2528/53/2012
f 2528/53/2013 2553/78/2013 2554/79/2013 2529/54/2013
f 2529/54/2014 2554/79/2014 2555/80/2014 2530/55/2014
f 2530/55/2015 2555/80/2015 2556/81/2015 2531/56/2015
f 2531/56/2016 2556/81/2016 2557/82/2016 2532/57/2016
f 2532/57/2017 2557/82/2017 2558/83/2017 2533/58/2017
f 2533/58/2018 2558/83/2018 2559/84/2018 2534/59/2018
f 2534/59/2019 2559/84/2019 2560/85/2019 2535/60/2019
f 2535/60/2020 2560/85/2020 2561/86/2020 2536/61/2020
f 2536/61/2021 2561/86/2021 2562/87/2021 2537/62/2021
f 2537/62/2022 2562/87/2022 2563/88/2022 2538/63/2022
f 2538/63/2023 2563/88/2023 2564/89/2023 2539/64/2023
f 2539/64/2024 2564/89/2024 2565/90/2024 2540/65/2024
f 2540/65/2025 2565/90/2025 2566/91/2025 2541/66/2025
f 2541/66/2026 2566/91/2026 2567/92/2026 2542/67/2026
f 2542/67/2027 2567/92/2027 2568/93/2027 2543/68/2027
f 2543/68/2028 2568/93/2028 2569/94/2028 2544/69/2028
f 2544/69/2029 2569/94/2029 2570/95/2029 2545/70/2029
f 2545/70/2030 2570/95/2030 2571/96/2030 2546/71/2030
f 2546/71/2031 2571/96/2031 2572/97/2031 2547/72/2031
f 2547/72/2032 2572/97/2032 2573/98/2032 2548/73/2032
f 2548/73/2033 2573/98/2033 2574/99/2033 2549/74/2033
f 2549/74/2034 2574/99/2034 2575/100/2034 2550/75/2034
f 2551/77/2035 2576/102/2035 2577/101/2035 2552/76/2035
f 2552/76/2036 2577/101/2036 2578/103/2036 2553/78/2036
f 2553/78/2037 2578/103/2037 2579/104/2037 2554/79/2037
f 2554/79/2038 2579/104/2038 2580/105/2038 2555/80/2038
f 2555/80/2039 2580/105/2039 2581/106/2039 2556/81/2039
f 2556/81/2040 2581/106/2040 2582/107/2040 2557/82/2040
f 2557/82/2041 2582/107/2041 2583/108/2041 2558/83/2041
f 2558/83/2042 2583/108/2042 2584/109/2042 2559/84/2042
f 2559/84/2043 2584/109/2043 2585/110/2043 2560/85/2043
f 2560/85/2044 2585/110/2044 2586/111/2044 2561/86/2044
f 2561/86/2045 2586/111/2045 2587/112/2045 2562/87/2045
f 2562/87/2046 2587/112/2046 2588/113/2046 2563/88/2046
f 2563/88/2047 2588/113/2047 2589/114/2047 2564/89/2047
f 2564/89/2048 2589/114/2048 2590/115/2048 2565/90/2048
f 2565/90/2049 2590/115/2049 2591/116/2049 2566/91/2049
f 2566/91/2050 2591/116/2050 2592/117/2050 2567/92/2050
f 2567/92/2051 2592/117/2051 2593/118/2051 2568/93/2051
f 2568/93/2052 2593/118/2052 2594/119/2052 2569/94/2052
f 2569/94/2053 2594/119/2053 2595/120/2053 2570/95/2053
f 2570/95/2054 2595/120/2054 2596/121/2054 2571/96/2054
f 2571/96/2055 2596/121/2055 2597/122/2055 2572/97/2055
f 2572/97/2056 2597/122/2056 2598/123/2056 2573/98/2056
f 2573/98/2057 2598/123/2057 2599/124/2057 2574/99/2057
f 2574/99/2058 2599/124/2058 2600/125/2058 2575/100/2058
f 2576/102/2059 2601/127/2059 2602/126/2059 2577/101/2059
f 2577/101/2060 2602/126/2060 2603/128/2060 2578/103/2060
f 2578/103/2061 2603/128/2061 2604/129/2061 2579/104/2061
f 2579/104/2062 2604/129/2062 2605/130/2062 2580/105/2062
f 2580/105/2063 2605/130/2063 2606/131/2063 2581/106/2063
f 2581/106/2064 2606/131/2064 2607/132/2064 2582/107/2064
f 2582/107/2065 2607/132/2065 2608/133/2065 2583/108/2065
f 2583/108/2066 2608/133/2066 2609/134/2066 2584/109/2066
f 2584/109/2067 2609/134/2067 2610/135/2067 2585/110/2067
f 2585/110/2068 2610/135/2068 2611/136/2068 2586/111/2068
f 2586/111/2069 2611/136/2069 2612/137/2069 2587/112/2069
f 2587/112/2070 2612/137/2070 2613/138/2070 2588/113/2070
f 2588/113/2071 2613/138/2071 2614/139/2071 2589/114/2071
f 2589/114/2072 2614/139/2072 2615/140/2072 2590/115/2072
f 2590/115/2073 2615/140/2073 2616/141/2073 2591/116/2073
f 2591/116/2074 2616/141/2074 2617/142/2074 2592/117/2074
f 2592/117/2075 2617/142/2075 2618/143/2075 2593/118/2075
f 2593/118/2076 2618/143/2076 2619/144/2076 2594/119/2076
f 2594/119/2077 2619/144/2077 2620/145/2077 2595/120/2077
f 2595/120/2078 2620/145/2078 2621/146/2078 2596/121/2078
f 2596/121/2079 2621/146/2079 2622/147/2079 2597/122/2079
f 2597/122/2080 2622/147/2080 2623/148/2080 2598/123/2080
f 2598/123/2081 2623/148/2081 2624/149/2081 2599/124/2081
f 2599/124/2082 2624/149/2082 2625/150/2082 2600/125/2082
f 2601/127/2083 2626/152/2083 2627/151/2083 2602/126/2083
f 2602/126/2084 2627/151/2084 2628/153/2084 2603/128/2084
f 2603/128/2085 2628/153/2085 2629/154/2085 2604/129/2085
f 2604/129/2086 2629/154/2086 2630/155/2086 2605/130/2086
f 2605/130/2087 2630/155/2087 2631/156/2087 2606/131/2087
f 2606/131/2088 2631/156/2088 2632/157/2088 2607/132/2088
f 2607/132/2089 2632/157/2089 2633/158/2089 2608/133/2089
f 2608/133/2090 2633/158/2090 2634/159/2090 2609/134/2090
f 2609/134/2091 2634/159/2091 2635/160/2091 2610/135/2091
f 2610/135/2092 2635/160/2092 2636/161/2092 2611/136/2092
f 2611/136/2093 2636/161/2093 2637/162/2093 2612/137/2093
f 2612/137/2094 2637/162/2094 2638/163/2094 2613/138/2094
f 2613/138/2095 2638/163/2095 2639/164/2095 2614/139/2095
f 2614/139/2096 2639/164/2096 2640/165/2096 2615/140/2096
f 2615/140/2097 2640/165/2097 2641/166/2097 2616/141/2097
f 2616/141/2098 2641/166/2098 2642/167/2098 2617/142/2098
f 2617/142/2099 2642/167/2099 2643/168/2099 2618/143/2099
f 2618/143/2100 2643/168/2100 2644/169/2100 2619/144/2100
f 2619/144/2101 2644/169/2101 2645/170/2101 2620/145/2101
f 2620/145/2102 2645/170/2102 2646/171/2102 2621/146/2102
f 2621/146/2103 2646/171/2103 2647/172/2103 2622/147/2103
f 2622/147/2104 2647/172/2104 2648/173/2104 2623/148/2104
f 2623/148/2105 2648/173/2105 2649/174/2105 2624/149/2105
f 2624/149/2106 2649/174/2106 2650/175/2106 2625/150/2106
f 2626/152/2107 2651/177/2107 2652/176/2107 2627/151/2107
f 2627/151/2108 2652/176/2108 2653/178/2108 2628/153/2108
f 2628/153/2109 2653/178/2109 2654/179/2109 2629/154/2109
f 2629/154/2110 2654/179/2110 2655/180/2110 2630/155/2110
f 2630/155/2111 2655/180/2111 2656/181/2111 2631/156/2111
f 2631/156/2112 2656/181/2112 2657/182/2112 2632/157/2112
f 2632/157/2113 2657/182/2113 2658/183/2113 2633/158/2113
f 2633/158/2114 2658/183/2114 2659/184/2114 2634/159/2114
f 2634/159/2115 2659/184/2115 2660/185/2115 2635/160/2115
f 2635/160/2116 2660/185/2116 2661/186/2116 2636/161/2116
f 2636/161/2117 2661/186/2117 2662/187/2117 2637/162/2117
f 2637/162/2118 2662/187/2118 2663/188/2118 2638/163/2118
f 2638/163/2119 2663/188/2119 2664/189/2119 2639/164/2119
f 2639/164/2120 2664/189/2120 2665/190/2120 2640/165/2120
f 2640/165/2121 2665/190/2121 2666/191/2121 2641/166/2121
f 2641/166/2122 2666/191/2122 2667/192/2122 2642/167/2122
f 2642/167/2123 2667/192/2123 2668/193/2123 2643/168/2123
f 2643/168/2124 2668/193/2124 2669/194/2124 2644/169/2124
f 2644/169/2125 2669/194/2125 2670/195/2125 2645/170/2125
f 2645/170/2126 2670/195/2126 2671/196/2126 2646/171/2126
f 2646/171/2127 2671/196/2127 2672/197/2127 2647/172/2127
f 2647/172/2128 2672/197/2128 2673/198/2128 2648/173/2128
f 2648/173/2129 2673/198/2129 2674/199/2129 2649/174/2129
f 2649/174/2130 2674/199/2130 2675/200/2130 2650/175/2130
f 2651/177/2131 2676/202/2131 2677/201/2131 2652/176/2131
f 2652/176/2132 2677/201/2132 2678/203/2132 2653/178/2132
f 2653/178/2133 2678/203/2133 2679/204/2133 2654/179/2133
f 2654/179/2134 2679/204/2134 2680/205/2134 2655/180/2134
f 2655/180/2135 2680/205/2135 2681/206/2135 2656/181/2135
f 2656/181/2136 2681/206/2136 2682/207/2136 2657/182/2136
f 2657/182/2137 2682/207/2137 2683/208/2137 2658/183/2137
f 2658/183/2138 2683/208/2138 2684/209/2138 2659/184/2138
f 2659/184/2139 2684/209/2139 2685/210/2139 2660/185/2139
f 2660/185/2140 2685/210/2140 2686/211/2140 2661/186/2140
f 2661/186/2141 2686/211/2141 2687/212/2141 2662/187/2141
f 2662/187/2142 2687/212/2142 2688/213/2142 2663/188/2142
f 2663/188/2143 2688/213/2143 2689/214/2143 2664/189/2143
f 2664/189/2144 2689/214/2144 2690/215/2144 2665/190/2144
f 2665/190/2145 2690/215/2145 2691/216/2145 2666/191/2145
f 2666/191/2146 2691/216/2146 2692/217/2146 2667/192/2146
f 2667/192/2147 2692/217/2147 2693/218/2147 2668/193/2147
f 2668/193/2148 2693/218/2148 2694/219/2148 2669/194/2148
f 2669/194/2149 2694/219/2149 2695/220/2149 2670/195/2149
f 2670/195/2150 2695/220/2150 2696/221/2150 2671/196/2150
f 2671/196/2151 2696/221/2151 2697/222/2151 2672/197/2151
f 2672/197/2152 2697/222/2152 2698/223/2152 2673/198/2152
f 2673/198/2153 2698/223/2153 2699/224/2153 2674/199/2153
f 2674/199/2154 2699/224/2154 2700/225/2154 2675/200/2154
f 2676/202/2155 2701/227/2155 2702/226/2155 2677/201/2155
f 2677/201/2156 2702/226/2156 2703/228/2156 2678/203/2156
f 2678/203/2157 2703/228/2157 2704/229/2157 2679/204/2157
f 2679/204/2158 2704/229/2158 2705/230/2158 2680/205/2158
f 2680/205/2159 2705/230/2159 2706/231/2159 2681/206/2159
f 2681/206/2160 2706/231/2160 2707/232/2160 2682/207/2160
f 2682/207/2161 2707/232/2161 2708/233/2161 2683/208/2161
f 2683/208/2162 2708/233/2162 2709/234/2162 2684/209/2162
f 2684/209/2163 2709/234/2163 2710/235/2163 2685/210/2163
f 2685/210/2164 2710/235/2164 2711/236/2164 2686/211/2164
f 2686/211/2165 2711/236/2165 2712/237/2165 2687/212/2165
f 2687/212/2166 2712/237/2166 2713/238/2166 2688/213/2166
f 2688/213/2167 2713/238/2167 2714/239/2167 2689/214/2167
f 2689/214/2168 2714/239/2168 2715/240/2168 2690/215/2168
f 2690/215/2169 2715/240/2169 2716/241/2169 2691/216/2169
f 2691/216/2170 2716/241/2170 2717/242/2170 2692/217/2170
f 2692/217/2171 2717/242/2171 2718/243/2171 2693/218/2171
f 2693/218/2172 2718/243/2172 2719/244/2172 2694/219/2172
f 2694/219/2173 2719/244/2173 2720/245/2173 2695/220/2173
f 2695/220/2174 2720/245/2174 2721/246/2174 2696/221/2174
f 2696/221/2175 2721/246/2175 2722/247/2175 2697/222/2175
f 2697/222/2176 2722/247/2176 2723/248/2176 2698/223/2176
f 2698/223/2177 2723/248/2177 2724/249/2177 2699/224/2177
f 2699/224/2178 2724/249/2178 2725/250/2178 2700/225/2178
f 2701/227/2179 2726/252/2179 2727/251/2179 2702/226/2179
f 2702/226/2180 2727/251/2180 2728/253/2180 2703/228/2180
f 2703/228/2181 2728/253/2181 2729/254/2181 2704/229/2181
f 2704/229/2182 2729/254/2182 2730/255/2182 2705/230/2182
f 2705/230/2183 2730/255/2183 2731/256/2183 2706/231/2183
f 2706/231/2184 2731/256/2184 2732/257/2184 2707/232/2184
f 2707/232/2185 2732/257/2185 2733/258/2185 2708/233/2185
f 2708/233/2186 2733/258/2186 2734/259/2186 2709/234/2186
f 2709/234/2187 2734/259/2187 2735/260/2187 2710/235/2187
f 2710/235/2188 2735/260/2188 2736/261/2188 2711/236/2188
f 2711/236/2189 2736/261/2189 2737/262/2189 2712/237/2189
f 2712/237/2190 2737/262/2190 2738/263/2190 2713/238/2190
f 2713/238/2191 2738/263/2191 2739/264/2191 2714/239/2191
f 2714/239/2192 2739/264/2192 2740/265/2192 2715/240/2192
f 2715/240/2193 2740/265/2193 2741/266/2193 2716/241/2193
f 2716/241/2194 2741/266/2194 2742/267/2194 2717/242/2194
f 2717/242/2195 2742/267/2195 2743/268/2195 2718/243/2195
f 2718/243/2196 2743/268/2196 2744/269/2196 2719/244/2196
f 2719/244/2197 2744/269/2197 2745/270/2197 2720/245/2197
f 2720/245/2198 2745/270/2198 2746/271/2198 2721/246/2198
f 2721/246/2199 2746/271/2199 2747/272/2199 2722/247/2199
f 2722/247/2200 2747/272/2200 2748/273/2200 2723/248/2200
f 2723/248/2201 2748/273/2201 2749/274/2201 2724/249/2201
f 2724/249/2202 2749/274/2202 2750/275/2202 2725/250/2202
f 2726/252/2203 2751/277/2203 2752/276/2203 2727/251/2203
f 2727/251/2204 2752/276/2204 2753/278/2204 2728/253/2204
f 2728/253/2205 2753/278/2205 2754/279/2205 2729/254/2205
f 2729/254/2206 2754/279/2206 2755/280/2206 2730/255/2206
f 2730/255/2207 2755/280/2207 2756/281/2207 2731/256/2207
f 2731/256/2208 2756/281/2208 2757/282/2208 2732/257/2208
f 2732/257/2209 2757/282/2209 2758/283/2209 2733/258/2209
f 2733/258/2210 2758/283/2210 2759/284/2210 2734/259/2210
f 2734/259/2211 2759/284/2211 2760/285/2211 2735/260/2211
f 2735/260/2212 2760/285/2212 2761/286/2212 2736/261/2212
f 2736/261/2213 2761/286/2213 2762/287/2213 2737/262/2213
f 2737/262/2214 2762/287/2214 2763/288/2214 2738/263/2214
f 2738/263/2215 2763/288/2215 2764/289/2215 2739/264/2215
f 2739/264/2216 2764/289/2216 2765/290/2216 2740/265/2216
f 2740/265/2217 2765/290/2217 2766/291/2217 2741/266/2217
f 2741/266/2218 2766/291/2218 2767/292/2218 2742/267/2218
f 2742/267/2219 2767/292/2219 2768/293/2219 2743/268/2219
f 2743/268/2220 2768/293/2220 2769/294/2220 2744/269/2220
f 2744/269/2221 2769/294/2221 2770/295/2221 2745/270/2221
f 2745/270/2222 2770/295/2222 2771/296/2222 2746/271/2222
f 2746/271/2223 2771/296/2223 2772/297/2223 2747/272/2223
f 2747/272/2224 2772/297/2224 2773/298/2224 2748/273/2224
f 2748/273/2225 2773/298/2225 2774/299/2225 2749/274/2225
f 2749/274/2226 2774/299/2226 2775/300/2226 2750/275/2226
f 2751/277/2227 2776/302/2227 2777/301/2227 2752/276/2227
f 2752/276/2228 2777/301/2228 2778/303/2228 2753/278/2228
f 2753/278/2229 2778/303/2229 2779/304/2229 2754/279/2229
f 2754/279/2230 2779/304/2230 2780/305/2230 2755/280/2230
f 2755/280/2231 2780/305/2231 2781/306/2231 2756/281/2231
f 2756/281/2232 2781/306/2232 2782/307/2232 2757/282/2232
f 2757/282/2233 2782/307/2233 2783/308/2233 2758/283/2233
f 2758/283/2234 2783/308/2234 2784/309/2234 2759/284/2234
f 2759/284/2235 2784/309/2235 2785/310/2235 2760/285/2235
f 2760/285/2236 2785/310/2236 2786/311/2236 2761/286/2236
f 2761/286/2237 2786/311/2237 2787/312/2237 2762/287/2237
f 2762/287/2238 2787/312/2238 2788/313/2238 2763/288/2238
f 2763/288/2239 2788/313/2239 2789/314/2239 2764/289/2239
f 2764/289/2240 2789/314/2240 2790/315/2240 2765/290/2240
f 2765/290/2241 2790/315/2241 2791/316/2241 2766/291/2241
f 2766/291/2242 2791/316/2242 2792/317/2242 2767/292/2242
f 2767/292/2243 2792/317/2243 2793/318/2243 2768/293/2243
f 2768/293/2244 2793/318/2244 2794/319/2244 2769/294/2244
f 2769/294/2245 2794/319/2245 2795/320/2245 2770/295/2245
f 2770/295/2246 2795/320/2246 2796/321/2246 2771/296/2246
f 2771/296/2247 2796/321/2247 2797/322/2247 2772/297/2247
f 2772/297/2248 2797/322/2248 2798/323/2248 2773/298/2248
f 2773/298/2249 2798/323/2249 2799/324/2249 2774/299/2249
f 2774/299/2250 2799/324/2250 2800/325/2250 2775/300/2250
f 2776/302/2251 2801/327/2251 2802/326/2251 2777/301/2251
f 2777/301/2252 2802/326/2252 2803/328/2252 2778/303/2252
f 2778/303/2253 2803/328/2253 2804/329/2253 2779/304/2253
f 2779/304/2254 2804/329/2254 2805/330/2254 2780/305/2254
f 2780/305/2255 2805/330/2255 2806/331/2255 2781/306/2255
f 2781/306/2256 2806/331/2256 2807/332/2256 2782/307/2256
f 2782/307/2257 2807/332/2257 2808/333/2257 2783/308/2257
f 2783/308/2258 2808/333/2258 2809/334/2258 2784/309/2258
f 2784/309/2259 2809/334/2259 2810/335/2259 2785/310/2259
f 2785/310/2260 2810/335/2260 2811/336/2260 2786/311/2260
f 2786/311/2261 2811/336/2261 2812/337/2261 2787/312/2261
f 2787/312/2262 2812/337/2262 2813/338/2262 2788/313/2262
f 2788/313/2263 2813/338/2263 2814/339/2263 2789/314/2263
f 2789/314/2264 2814/339/2264 2815/340/2264 2790/315/2264
f 2790/315/2265 2815/340/2265 2816/341/2265 2791/316/2265
f 2791/316/2266 2816/341/2266 2817/342/2266 2792/317/2266
f 2792/317/2267 2817/342/2267 2818/343/2267 2793/318/2267
f 2793/318/2268 2818/343/2268 2819/344/2268 2794/319/2268
f 2794/319/2269 2819/344/2269 2820/345/2269 2795/320/2269
f 2795/320/2270 2820/345/2270 2821/346/2270 2796/321/2270
f 2796/321/2271 2821/346/2271 2822/347/2271 2797/322/2271
f 2797/322/2272 2822/347/2272 2823/348/2272 2798/323/2272
f 2798/323/2273 2823/348/2273 2824/349/2273 2799/324/2273
f 2799/324/2274 2824/349/2274 2825/350/2274 2800/325/2274
f 2801/327/2275 2826/352/2275 2827/351/2275 2802/326/2275
f 2802/326/2276 2827/351/2276 2828/353/2276 2803/328/2276
f 2803/328/2277 2828/353/2277 2829/354/2277 2804/329/2277
f 2804/329/2278 2829/354/2278 2830/355/2278 2805/330/2278
f 2805/330/2279 2830/355/2279 2831/356/2279 2806/331/2279
f 2806/331/2280 2831/356/2280 2832/357/2280 2807/332/2280
f 2807/332/2281 2832/357/2281 2833/358/2281 2808/333/2281
f 2808/333/2282 2833/358/2282 2834/359/2282 2809/334/2282
f 2809/334/2283 2834/359/2283 2835/360/2283 2810/335/2283
f 2810/335/2284 2835/360/2284 2836/361/2284 2811/336/2284
f 2811/336/2285 2836/361/2285 2837/362/2285 2812/337/2285
f 2812/337/2286 2837/362/2286 2838/363/2286 2813/338/2286
f 2813/338/2287 2838/363/2287 2839/364/2287 2814/339/2287
f 2814/339/2288 2839/364/2288 2840/365/2288 2815/340/2288
f 2815/340/2289 2840/365/2289 2841/366/2289 2816/341/2289
f 2816/341/2290 2841/366/2290 2842/367/2290 2817/342/2290
f 2817/342/2291 2842/367/2291 2843/368/2291 2818/343/2291
f 2818/343/2292 2843/368/2292 2844/369/2292 2819/344/2292
f 2819/344/2293 2844/369/2293 2845/370/2293 2820/345/2293
f 2820/345/2294 2845/370/2294 2846/371/2294 2821/346/2294
f 2821/346/2295 2846/371/2295 2847/372/2295 2822/347/2295
f 2822/347/2296 2847/372/2296 2848/373/2296 2823/348/2296
f 2823/348/2297 2848/373/2297 2849/374/2297 2824/349/2297
f 2824/349/2298 2849/374/2298 2850/375/2298 2825/350/2298
f 2826/352/2299 2851/377/2299 2852/376/2299 2827/351/2299
f 2827/351/2300 2852/376/2300 2853/378/2300 2828/353/2300
f 2828/353/2301 2853/378/2301 2854/379/2301 2829/354/2301
f 2829/354/2302 2854/379/2302 2855/380/2302 2830/355/2302
f 2830/355/2303 2855/380/2303 2856/381/2303 2831/356/2303
f 2831/356/2304 2856/381/2304 2857/382/2304 2832/357/2304
f 2832/357/2305 2857/382/2305 2858/383/2305 2833/358/2305
f 2833/358/2306 2858/383/2306 2859/384/2306 2834/359/2306
f 2834/359/2307 2859/384/2307 2860/385/2307 2835/360/2307
f 2835/360/2308 2860/385/2308 2861/386/2308 2836/361/2308
f 2836/361/2309 2861/386/2309 2862/387/2309 2837/362/2309
f 2837/362/2310 2862/387/2310 2863/388/2310 2838/363/2310
f 2838/363/2311 2863/388/2311 2864/389/2311 2839/364/2311
f 2839/364/2312 2864/389/2312 2865/390/2312 2840/365/2312
f 2840/365/2313 2865/390/2313 2866/391/2313 2841/366/2313
f 2841/366/2314 2866/391/2314 2867/392/2314 2842/367/2314
f 2842/367/2315 2867/392/2315 2868/393/2315 2843/368/2315
f 2843/368/2316 2868/393/2316 2869/394/2316 2844/369/2316
f 2844/369/2317 2869/394/2317 2870/395/2317 2845/370/2317
f 2845/370/2318 2870/395/2318 2871/396/2318 2846/371/2318
f 2846/371/2319 2871/396/2319 2872/397/2319 2847/372/2319
f 2847/372/2320 2872/397/2320 2873/398/2320 2848/373/2320
f 2848/373/2321 2873/398/2321 2874/399/2321 2849/374/2321
f 2849/374/2322 2874/399/2322 2875/400/2322 2850/375/2322
f 2851/377/2323 2876/402/2323 2877/401/2323 2852/376/2323
f 2852/376/2324 2877/401/2324 2878/403/2324 2853/378/2324
f 2853/378/2325 2878/403/2325 2879/404/2325 2854/379/2325
f 2854/379/2326 2879/404/2326 2880/405/2326 2855/380/2326
f 2855/380/2327 2880/405/2327 2881/406/2327 2856/381/2327
f 2856/381/2328 2881/406/2328 2882/407/2328 2857/382/2328
f 2857/382/2329 2882/407/2329 2883/408/2329 2858/383/2329
f 2858/383/2330 2883/408/2330 2884/409/2330 2859/384/2330
f 2859/384/2331 2884/409/2331 2885/410/2331 2860/385/2331
f 2860/385/2332 2885/410/2332 2886/411/2332 2861/386/2332
f 2861/386/2333 2886/411/2333 2887/412/2333 2862/387/2333
f 2862/387/2334 2887/412/2334 2888/413/2334 2863/388/2334
f 2863/388/2335 2888/413/2335 2889/414/2335 2864/389/2335
f 2864/389/2336 2889/414/2336 2890/415/2336 2865/390/2336
f 2865/390/2337 2890/415/2337 2891/416/2337 2866/391/2337
f 2866/391/2338 2891/416/2338 2892/417/2338 2867/392/2338
f 2867/392/2339 2892/417/2339 2893/418/2339 2868/393/2339
f 2868/393/2340 2893/418/2340 2894/419/2340 2869/394/2340
f 2869/394/2341 2894/419/2341 2895/420/2341 2870/395/2341
f 2870/395/2342 2895/420/2342 2896/421/2342 2871/396/2342
f 2871/396/2343 2896/421/2343 2897/422/2343 2872/397/2343
f 2872/397/2344 2897/422/2344 2898/423/2344 2873/398/2344
f 2873/398/2345 2898/423/2345 2899/424/2345 2874/399/2345
f 2874/399/2346 2899/424/2346 2900/425/2346 2875/400/2346
f 2876/402/2347 2901/427/2347 2902/426/2347 2877/401/2347
f 2877/401/2348 2902/426/2348 2903/428/2348 2878/403/2348
f 2878/403/2349 2903/428/2349 2904/429/2349 2879/404/2349
f 2879/404/2350 2904/429/2350 2905/430/2350 2880/405/2350
f 2880/405/2351 2905/430/2351 2906/431/2351 2881/406/2351
f 2881/406/2352 2906/431/2352 2907/432/2352 2882/407/2352
f 2882/407/2353 2907/432/2353 2908/433/2353 2883/408/2353
f 2883/408/2354 2908/433/2354 2909/434/2354 2884/409/2354
f 2884/409/2355 2909/434/2355 2910/435/2355 2885/410/2355
f 2885/410/2356 2910/435/2356 2911/436/2356 2886/411/2356
f 2886/411/2357 2911/436/2357 2912/437/2357 2887/412/2357
f 2887/412/2358 2912/437/2358 2913/438/2358 2888/413/2358
f 2888/413/2359 2913/438/2359 2914/439/2359 2889/414/2359
f 2889/414/2360 2914/439/2360 2915/440/2360 2890/415/2360
f 2890/415/2361 2915/440/2361 2916/441/2361 2891/416/2361
f 2891/416/2362 2916/441/2362 2917/442/2362 2892/417/2362
f 2892/417/2363 2917/442/2363 2918/443/2363 2893/418/2363
f 2893/418/2364 2918/443/2364 2919/444/2364 2894/419/2364
f 2894/419/2365 2919/444/2365 2920/445/2365 2895/420/2365
f 2895/420/2366 2920/445/2366 2921/446/2366 2896/421/2366
f 2896/421/2367 2921/446/2367 2922/447/2367 2897/422/2367
f 2897/422/2368 2922/447/2368 2923/448/2368 2898/423/2368
f 2898/423/2369 2923/448/2369 2924/449/2369 2899/424/2369
f 2899/424/2370 2924/449/2370 2925/450/2370 2900/425/2370
f 2901/427/2371 2926/452/2371 2927/451/2371 2902/426/2371
f 2902/426/2372 2927/451/2372 2928/453/2372 2903/428/2372
f 2903/428/2373 2928/453/2373 2929/454/2373 2904/429/2373
f 2904/429/2374 2929/454/2374 2930/455/2374 2905/430/2374
f 2905/430/2375 2930/455/2375 2931/456/2375 2906/431/2375
f 2906/431/2376 2931/456/2376 2932/457/2376 2907/432/2376
f 2907/432/2377 2932/457/2377 2933/458/2377 2908/433/2377
f 2908/433/2378 2933/458/2378 2934/459/2378 2909/434/2378
f 2909/434/2379 2934/459/2379 2935/460/2379 2910/435/2379
f 2910/435/2380 2935/460/2380 2936/461/2380 2911/436/2380
f 2911/436/2381 2936/461/2381 2937/462/2381 2912/437/2381
f 2912/437/2382 2937/462/2382 2938/463/2382 2913/438/2382
f 2913/438/2383 2938/463/2383 2939/464/2383 2914/439/2383
f 2914/439/2384 2939/464/2384 2940/465/2384 2915/440/2384
f 2915/440/2385 2940/465/2385 2941/466/2385 2916/441/2385
f 2916/441/2386 2941/466/2386 2942/467/2386 2917/442/2386
f 2917/442/2387 2942/467/2387 2943/468/2387 2918/443/2387
f 2918/443/2388 2943/468/2388 2944/469/2388 2919/444/2388
f 2919/444/2389 2944/469/2389 2945/470/2389 2920/445/2389
f 2920/445/2390 2945/470/2390 2946/471/2390 2921/446/2390
f 2921/446/2391 2946/471/2391 2947/472/2391 2922/447/2391
f 2922/447/2392 2947/472/2392 2948/473/2392 2923/448/2392
f 2923/448/2393 2948/473/2393 2949/474/2393 2924/449/2393
f 2924/449/2394 2949/474/2394 2950/475/2394 2925/450/2394
f 2926/452/2395 2951/477/2395 2952/476/2395 2927/451/2395
f 2927/451/2396 2952/476/2396 2953/478/2396 2928/453/2396
f 2928/453/2397 2953/478/2397 2954/479/2397 2929/454/2397
f 2929/454/2398 2954/479/2398 2955/480/2398 2930/455/2398
f 2930/455/2399 2955/480/2399 2956/481/2399 2931/456/2399
f 2931/456/2400 2956/481/2400 2957/482/2400 2932/457/2400
f 2932/457/2401 2957/482/2401 2958/483/2401 2933/458/2401
f 2933/458/2402 2958/483/2402 2959/484/2402 2934/459/2402
f 2934/459/2403 2959/484/2403 2960/485/2403 2935/460/2403
f 2935/460/2404 2960/485/2404 2961/486/2404 2936/461/2404
f 2936/461/2405 2961/486/2405 2962/487/2405 2937/462/2405
f 2937/462/2406 2962/487/2406 2963/488/2406 2938/463/2406
f 2938/463/2407 2963/488/2407 2964/489/2407 2939/464/2407
f 2939/464/2408 2964/489/2408 2965/490/2408 2940/465/2408
f 2940/465/2409 2965/490/2409 2966/491/2409 2941/466/2409
f 2941/466/2410 2966/491/2410 2967/492/2410 2942/467/2410
f 2942/467/2411 2967/492/2411 2968/493/2411 2943/468/2411
f 2943/468/2412 2968/493/2412 2969/494/2412 2944/469/2412
f 2944/469/2413 2969/494/2413 2970/495/2413 2945/470/2413
f 2945/470/2414 2970/495/2414 2971/496/2414 2946/471/2414
f 2946/471/2415 2971/496/2415 2972/497/2415 2947/472/2415
f 2947/472/2416 2972/497/2416 2973/498/2416 2948/473/2416
f 2948/473/2417 2973/498/2417 2974/499/2417 2949/474/2417
f 2949/474/2418 2974/499/2418 2975/500/2418 2950/475/2418
f 2951/477/2419 2976/502/2419 2977/501/2419 2952/476/2419
f 2952/476/2420 2977/501/2420 2978/503/2420 2953/478/2420
f 2953/478/2421 2978/503/2421 2979/504/2421 2954/479/2421
f 2954/479/2422 2979/504/2422 2980/505/2422 2955/480/2422
f 2955/480/2423 2980/505/2423 2981/506/2423 2956/481/2423
f 2956/481/2424 2981/506/2424 2982/507/2424 2957/482/2424
f 2957/482/2425 2982/507/2425 2983/508/2425 2958/483/2425
f 2958/483/2426 2983/508/2426 2984/509/2426 2959/484/2426
f 2959/484/2427 2984/509/2427 2985/510/2427 2960/485/2427
f 2960/485/2428 2985/510/2428 2986/511/2428 2961/486/2428
f 2961/486/2429 2986/511/2429 2987/512/2429 2962/487/2429
f 2962/487/2430 2987/512/2430 2988/513/2430 2963/488/2430
f 2963/488/2431 2988/513/2431 2989/514/2431 2964/489/2431
f 2964/489/2432 2989/514/2432 2990/515/2432 2965/490/2432
f 2965/490/2433 2990/515/2433 2991/516/2433 2966/491/2433
f 2966/491/2434 2991/516/2434 2992/517/2434 2967/492/2434
f 2967/492/2435 2992/517/2435 2993/518/2435 2968/493/2435
f 2968/493/2436 2993/518/2436 2994/519/2436 2969/494/2436
f 2969/494/2437 2994/519/2437 2995/520/2437 2970/495/2437
f 2970/495/2438 2995/520/2438 2996/521/2438 2971/496/2438
f 2971/496/2439 2996/521/2439 2997/522/2439 2972/497/2439
f 2972/497/2440 2997/522/2440 2998/523/2440 2973/498/2440
f 2973/498/2441 2998/523/2441 2999/524/2441 2974/499/2441
f 2974/499/2442 2999/524/2442 3000/525/2442 2975/500/2442
f 2976/502/2443 3001/527/2443 3002/526/2443 2977/501/2443
f 2977/501/2444 3002/526/2444 3003/528/2444 2978/503/2444
f 2978/503/2445 3003/528/2445 3004/529/2445 2979/504/2445
f 2979/504/2446 3004/529/2446 3005/530/2446 2980/505/2446
f 2980/505/2447 3005/530/2447 3006/531/2447 2981/506/2447
f 2981/506/2448 3006/531/2448 3007/532/2448 2982/507/2448
f 2982/507/2449 3007/532/2449 3008/533/2449 2983/508/2449
f 2983/508/2450 3008/533/2450 3009/534/2450 2984/509/2450
f 2984/509/2451 3009/534/2451 3010/535/2451 2985/510/2451
f 2985/510/2452 3010/535/2452 3011/536/2452 2986/511/2452
f 2986/511/2453 3011/536/2453 3012/537/2453 2987/512/2453
f 2987/512/2454 3012/537/2454 3013/538/2454 2988/513/2454
f 2988/513/2455 3013/538/2455 3014/539/2455 2989/514/2455
f 2989/514/2456 3014/539/2456 3015/540/2456 2990/515/2456
f 2990/515/2457 3015/540/2457 3016/541/2457 2991/516/2457
f 2991/516/2458 3016/541/2458 3017/542/2458 2992/517/2458
f 2992/517/2459 3017/542/2459 3018/543/2459 2993/518/2459
f 2993/518/2460 3018/543/2460 3019/544/2460 2994/519/2460
f 2994/519/2461 3019/544/2461 3020/545/2461 2995/520/2461
f 2995/520/2462 3020/545/2462 3021/546/2462 2996/521/2462
f 2996/521/2463 3021/546/2463 3022/547/2463 2997/522/2463
f 2997/522/2464 3022/547/2464 3023/548/2464 2998/523/2464
f 2998/523/2465 3023/548/2465 3024/549/2465 2999/524/2465
f 2999/524/2466 3024/549/2466 3025/550/2466 3000/525/2466
f 3001/527/2467 3026/552/2467 3027/551/2467 3002/526/2467
f 3002/526/2468 3027/551/2468 3028/553/2468 3003/528/2468
f 3003/528/2469 3028/553/2469 3029/554/2469 3004/529/2469
f 3004/529/2470 3029/554/2470 3030/555/2470 3005/530/2470
f 3005/530/2471 3030/555/2471 3031/556/2471 3006/531/2471
f 3006/531/2472 3031/556/2472 3032/557/2472 3007/532/2472
f 3007/532/2473 3032/557/2473 3033/558/2473 3008/533/2473
f 3008/533/2474 3033/558/2474 3034/559/2474 3009/534/2474
f 3009/534/2475 3034/559/2475 3035/560/2475 3010/535/2475
f 3010/535/2476 3035/560/2476 3036/561/2476 3011/536/2476
f 3011/536/2477 3036/561/2477 3037/562/2477 3012/537/2477
f 3012/537/2478 3037/562/2478 3038/563/2478 3013/538/2478
f 3013/538/2479 3038/563/2479 3039/564/2479 3014/539/2479
f 3014/539/2480 3039/564/2480 3040/565/2480 3015/540/2480
f 3015/540/2481 3040/565/2481 3041/566/2481 3016/541/2481
f 3016/541/2482 3041/566/2482 3042/567/2482 3017/542/2482
f 3017/542/2483 3042/567/2483 3043/568/2483 3018/543/2483
f 3018/543/2484 3043/568/2484 3044/569/2484 3019/544/2484
f 3019/544/2485 3044/569/2485 3045/570/2485 3020/545/2485
f 3020/545/2486 3045/570/2486 3046/571/2486 3021/546/2486
f 3021/546/2487 3046/571/2487 3047/572/2487 3022/547/2487
f 3022/547/2488 3047/572/2488 3048/573/2488 3023/548/2488
f 3023/548/2489 3048/573/2489 3049/574/2489 3024/549/2489
f 3024/549/2490 3049/574/2490 3050/575/2490 3025/550/2490
f 3026/552/2491 3051/577/2491 3052/576/2491 3027/551/2491
f 3027/551/2492 3052/576/2492 3053/578/2492 3028/553/2492
f 3028/553/2493 3053/578/2493 3054/579/2493 3029/554/2493
f 3029/554/2494 3054/579/2494 3055/580/2494 3030/555/2494
f 3030/555/2495 3055/580/2495 3056/581/2495 3031/556/2495
f 3031/556/2496 3056/581/2496 3057/582/2496 3032/557/2496
f 3032/557/2497 3057/582/2497 3058/583/2497 3033/558/2497
f 3033/558/2498 3058/583/2498 3059/584/2498 3034/559/2498
f 3034/559/2499 3059/584/2499 3060/585/2499 3035/560/2499
f 3035/560/2500 3060/585/2500 3061/586/2500 3036/561/2500
f 3036/561/2501 3061/586/2501 3062/587/2501 3037/562/2501
f 3037/562/2502 3062/587/2502 3063/588/2502 3038/563/2502
f 3038/563/2503 3063/588/2503 3064/589/2503 3039/564/2503
f 3039/564/2504 3064/589/2504 3065/590/2504 3040/565/2504
f 3040/565/2505 3065/590/2505 3066/591/2505 3041/566/2505
f 3041/566/2506 3066/591/2506 3067/592/2506 3042/567/2506
f 3042/567/2507 3067/592/2507 3068/593/2507 3043/568/2507
f 3043/568/2508 3068/593/2508 3069/594/2508 3044/569/2508
f 3044/569/2509 3069/594/2509 3070/595/2509 3045/570/2509
f 3045/570/2510 3070/595/2510 3071/596/2510 3046/571/2510
f 3046/571/2511 3071/596/2511 3072/597/2511 3047/572/2511
f 3047/572/2512 3072/597/2512 3073/598/2512 3048/573/2512
f 3048/573/2513 3073/598/2513 3074/599/2513 3049/574/2513
f 3049/574/2514 3074/599/2514 3075/600/2514 3050/575/2514
f 3051/577/2515 3076/602/2515 3077/601/2515 3052/576/2515
f 3052/576/2516 3077/601/2516 3078/603/2516 3053/578/2516
f 3053/578/2517 3078/603/2517 3079/604/2517 3054/579/2517
f 3054/579/2518 3079/604/2518 3080/605/2518 3055/580/2518
f 3055/580/2519 3080/605/2519 3081/606/2519 3056/581/2519
f 3056/581/2520 3081/606/2520 3082/607/2520 3057/582/2520
f 3057/582/2521 3082/607/2521 3083/608/2521 3058/583/2521
f 3058/583/2522 3083/608/2522 3084/609/2522 3059/584/2522
f 3059/584/2523 3084/609/2523 3085/610/2523 3060/585/2523
f 3060/585/2524 3085/610/2524 3086/611/2524 3061/586/2524
f 3061/586/2525 3086/611/2525 3087/612/2525 3062/587/2525
f 3062/587/2526 3087/612/2526 3088/613/2526 3063/588/2526
f 3063/588/2527 3088/613/2527 3089/614/2527 3064/589/2527
f 3064/589/2528 3089/614/2528 3090/615/2528 3065/590/2528
f 3065/590/2529 3090/615/2529 3091/616/2529 3066/591/2529
f 3066/591/2530 3091/616/2530 3092/617/2530 3067/592/2530
f 3067/592/2531 3092/617/2531 3093/618/2531 3068/593/2531
f 3068/593/2532 3093/618/2532 3094/619/2532 3069/594/2532
f 3069/594/2533 3094/619/2533 3095/620/2533 3070/595/2533
f 3070/595/2534 3095/620/2534 3096/621/2534 3071/596/2534
f 3071/596/2535 3096/621/2535 3097/622/2535 3072/597/2535
f 3072/597/2536 3097/622/2536 3098/623/2536 3073/598/2536
f 3073/598/2537 3098/623/2537 3099/624/2537 3074/599/2537
f 3074/599/2538 3099/624/2538 3100/625/2538 3075/600/2538
f 3076/602/2539 3101/627/2539 3102/626/2539 3077/601/2539
f 3077/601/2540 3102/626/2540 3103/628/2540 3078/603/2540
f 3078/603/2541 3103/628/2541 3104/629/2541 3079/604/2541
f 3079/604/2542 3104/629/2542 3105/630/2542 3080/605/2542
f 3080/605/2543 3105/630/2543 3106/631/2543 3081/606/2543
f 3081/606/2544 3106/631/2544 3107/632/2544 3082/607/2544
f 3082/607/2545 3107/632/2545 3108/633/2545 3083/608/2545
f 3083/608/2546 3108/633/2546 3109/634/2546 3084/609/2546
f 3084/609/2547 3109/634/2547 3110/635/2547 3085/610/2547
f 3085/610/2548 3110/635/2548 3111/636/2548 3086/611/2548
f 3086/611/2549 3111/636/2549 3112/637/2549 3087/612/2549
f 3087/612/2550 3112/637/2550 3113/638/2550 3088/613/2550
f 3088/613/2551 3113/638/2551 3114/639/2551 3089/614/2551
f 3089/614/2552 3114/639/2552 3115/640/2552 3090/615/2552
f 3090/615/2553 3115/640/2553 3116/641/2553 3091/616/2553
f 3091/616/2554 3116/641/2554 3117/642/2554 3092/617/2554
f 3092/617/2555 3117/642/2555 3118/643/2555 3093/618/2555
f 3093/618/2556 3118/643/2556 3119/644/2556 3094/619/2556
f 3094/619/2557 3119/644/2557 3120/645/2557 3095/620/2557
f 3095/620/2558 3120/645/2558 3121/646/2558 3096/621/2558
f 3096/621/2559 3121/646/2559 3122/647/2559 3097/622/2559
f 3097/622/2560 3122/647/2560 3123/648/2560 3098/623/2560
f 3098/623/2561 3123/648/2561 3124/649/2561 3099/624/2561
f 3099/624/2562 3124/649/2562 3125/650/2562 3100/625/2562
f 3101/627/2563 3126/652/2563 3127/651/2563 3102/626/2563
f 3102/626/2564 3127/651/2564 3128/653/2564 3103/628/2564
f 3103/628/2565 3128/653/2565 3129/654/2565 3104/629/2565
f 3104/629/2566 3129/654/2566 3130/655/2566 3105/630/2566
f 3105/630/2567 3130/655/2567 3131/656/2567 3106/631/2567
f 3106/631/2568 3131/656/2568 3132/657/2568 3107/632/2568
f 3107/632/2569 3132/657/2569 3133/658/2569 3108/633/2569
f 3108/633/2570 3133/658/2570 3134/659/2570 3109/634/2570
f 3109/634/2571 3134/659/2571 3135/660/2571 3110/635/2571
f 3110/635/2572 3135/660/2572 3136/661/2572 3111/636/2572
f 3111/636/2573 3136/661/2573 3137/662/2573 3112/637/2573
f 3112/637/2574 3137/662/2574 3138/663/2574 3113/638/2574
f 3113/638/2575 3138/663/2575 3139/664/2575 3114/639/2575
f 3114/639/2576 3139/664/2576 3140/665/2576 3115/640/2576
f 3115/640/2577 3140/665/2577 3141/666/2577 3116/641/2577
f 3116/641/2578 3141/666/2578 3142/667/2578 3117/642/2578
f 3117/642/2579 3142/667/2579 3143/668/2579 3118/643/2579
f 3118/643/2580 3143/668/2580 3144/669/2580 3119/644/2580
f 3119/644/2581 3144/669/2581 3145/670/2581 3120/645/2581
f 3120/645/2582 3145/670/2582 3146/671/2582 3121/646/2582
f 3121/646/2583 3146/671/2583 3147/672/2583 3122/647/2583
f 3122/647/2584 3147/672/2584 3148/673/2584 3123/648/2584
f 3123/648/2585 3148/673/2585 3149/674/2585 3124/649/2585
f 3124/649/2586 3149/674/2586 3150/675/2586 3125/650/2586
f 3126/652/2587 3151/677/2587 3152/676/2587 3127/651/2587
f 3127/651/2588 3152/676/2588 3153/678/2588 3128/653/2588
f 3128/653/2589 3153/678/2589 3154/679/2589 3129/654/2589
f 3129/654/2590 3154/679/2590 3155/680/2590 3130/655/2590
f 3130/655/2591 3155/680/2591 3156/681/2591 3131/656/2591
f 3131/656/2592 3156/681/2592 3157/682/2592 3132/657/2592
f 3132/657/2593 3157/682/2593 3158/683/2593 3133/658/2593
f 3133/658/2594 3158/683/2594 3159/684/2594 3134/659/2594
f 3134/659/2595 3159/684/2595 3160/685/2595 3135/660/2595
f 3135/660/2596 3160/685/2596 3161/686/2596 3136/661/2596
f 3136/661/2597 3161/686/2597 3162/687/2597 3137/662/2597
f 3137/662/2598 3162/687/2598 3163/688/2598 3138/663/2598
f 3138/663/2599 3163/688/2599 3164/689/2599 3139/664/2599
f 3139/664/2600 3164/689/2600 3165/690/2600 3140/665/2600
f 3140/665/2601 3165/690/2601 3166/691/2601 3141/666/2601
f 3141/666/2602 3166/691/2602 3167/692/2602 3142/667/2602
f 3142/667/2603 3167/692/2603 3168/693/2603 3143/668/2603
f 3143/668/2604 3168/693/2604 3169/694/2604 3144/669/2604
f 3144/669/2605 3169/694/2605 3170/695/2605 3145/670/2605
f 3145/670/2606 3170/695/2606 3171/696/2606 3146/671/2606
f 3146/671/2607 3171/696/2607 3172/697/2607 3147/672/2607
f 3147/672/2608 3172/697/2608 3173/698/2608 3148/673/2608
f 3148/673/2609 3173/698/2609 3174/699/2609 3149/674/2609
f 3149/674/2610 3174/699/2610 3175/700/2610 3150/675/2610
f 3151/677/2611 3176/702/2611 3177/701/2611 3152/676/2611
f 3152/676/2612 3177/701/2612 3178/703/2612 3153/678/2612
f 3153/678/2613 3178/703/2613 3179/704/2613 3154/679/2613
f 3154/679/2614 3179/704/2614 3180/705/2614 3155/680/2614
f 3155/680/2615 3180/705/2615 3181/706/2615 3156/681/2615
f 3156/681/2616 3181/706/2616 3182/707/2616 3157/682/2616
f 3157/682/2617 3182/707/2617 3183/708/2617 3158/683/2617
f 3158/683/2618 3183/708/2618 3184/709/2618 3159/684/2618
f 3159/684/2619 3184/709/2619 3185/710/2619 3160/685/2619
f 3160/685/2620 3185/710/2620 3186/711/2620 3161/686/2620
f 3161/686/2621 3186/711/2621 3187/712/2621 3162/687/2621
f 3162/687/2622 3187/712/2622 3188/713/2622 3163/688/2622
f 3163/688/2623 3188/713/2623 3189/714/2623 3164/689/2623
f 3164/689/2624 3189/714/2624 3190/715/2624 3165/690/2624
f 3165/690/2625 3190/715/2625 3191/716/2625 3166/691/2625
f 3166/691/2626 3191/716/2626 3192/717/2626 3167/692/2626
f 3167/692/2627 3192/717/2627 3193/718/2627 3168/693/2627
f 3168/693/2628 3193/718/2628 3194/719/2628 3169/694/2628
f 3169/694/2629 3194/719/2629 3195/720/2629 3170/695/2629
f 3170/695/2630 3195/720/2630 3196/721/2630 3171/696/2630
f 3171/696/2631 3196/721/2631 3197/722/2631 3172/697/2631
f 3172/697/2632 3197/722/2632 3198/723/2632 3173/698/2632
f 3173/698/2633 3198/723/2633 3199/724/2633 3174/699/2633
f 3174/699/2634 3199/724/2634 3200/725/2634 3175/700/2634
f 3176/702/2635 3201/727/2635 3202/726/2635 3177/701/2635
f 3177/701/2636 3202/726/2636 3203/728/2636 3178/703/2636
f 3178/703/2637 3203/728/2637 3204/729/2637 3179/704/2637
f 3179/704/2638 3204/729/2638 3205/730/2638 3180/705/2638
f 3180/705/2639 3205/730/2639 3206/731/2639 3181/706/2639
f 3181/706/2640 3206/731/2640 3207/732/2640 3182/707/2640
f 3182/707/2641 3207/732/2641 3208/733/2641 3183/708/2641
f 3183/708/2642 3208/733/2642 3209/734/2642 3184/709/2642
f 3184/709/2643 3209/734/2643 3210/735/2643 3185/710/2643
f 3185/710/2644 3210/735/2644 3211/736/2644 3186/711/2644
f 3186/711/2645 3211/736/2645 3212/737/2645 3187/712/2645
f 3187/712/2646 3212/737/2646 3213/738/2646 3188/713/2646
f 3188/713/2647 3213/738/2647 3214/739/2647 3189/714/2647
f 3189/714/2648 3214/739/2648 3215/740/2648 3190/715/2648
f 3190/715/2649 3215/740/2649 3216/741/2649 3191/716/2649
f 3191/716/2650 3216/741/2650 3217/742/2650 3192/717/2650
f 3192/717/2651 3217/742/2651 3218/743/2651 3193/718/2651
f 3193/718/2652 3218/743/2652 3219/744/2652 3194/719/2652
f 3194/719/2653 3219/744/2653 3220/745/2653 3195/720/2653
f 3195/720/2654 3220/745/2654 3221/746/2654 3196/721/2654
f 3196/721/2655 3221/746/2655 3222/747/2655 3197/722/2655
f 3197/722/2656 3222/747/2656 3223/748/2656 3198/723/2656
f 3198/723/2657 3223/748/2657 3224/749/2657 3199/724/2657
f 3199/724/2658 3224/749/2658 3225/750/2658 3200/725/2658
f 3201/727/2659 3226/752/2659 3227/751/2659 3202/726/2659
f 3202/726/2660 3227/751/2660 3228/753/2660 3203/728/2660
f 3203/728/2661 3228/753/2661 3229/754/2661 3204/729/2661
f 3204/729/2662 3229/754/2662 3230/755/2662 3205/730/2662
f 3205/730/2663 3230/755/2663 3231/756/2663 3206/731/2663
f 3206/731/2664 3231/756/2664 3232/757/2664 3207/732/2664
f 3207/732/2665 3232/757/2665 3233/758/2665 3208/733/2665
f 3208/733/2666 3233/758/2666 3234/759/2666 3209/734/2666
f 3209/734/2667 3234/759/2667 3235/760/2667 3210/735/2667
f 3210/735/2668 3235/760/2668 3236/761/2668 3211/736/2668
f 3211/736/2669 3236/761/2669 3237/762/2669 3212/737/2669
f 3212/737/2670 3237/762/2670 3238/763/2670 3213/738/2670
f 3213/738/2671 3238/763/2671 3239/764/2671 3214/739/2671
f 3214/739/2672 3239/764/2672 3240/765/2672 3215/740/2672
f 3215/740/2673 3240/765/2673 3241/766/2673 3216/741/2673
f 3216/741/2674 3241/766/2674 3242/767/2674 3217/742/2674
f 3217/742/2675 3242/767/2675 3243/768/2675 3218/743/2675
f 3218/743/2676 3243/768/2676 3244/769/2676 3219/744/2676
f 3219/744/2677 3244/769/2677 3245/770/2677 3220/745/2677
f 3220/745/2678 3245/770/2678 3246/771/2678 3221/746/2678
f 3221/746/2679 3246/771/2679 3247/772/2679 3222/747/2679
f 3222/747/2680 3247/772/2680 3248/773/2680 3223/748/2680
f 3223/748/2681 3248/773/2681 3249/774/2681 3224/749/2681
f 3224/749/2682 3249/774/2682 3250/775/2682 3225/750/2682
f 3226/752/2683 3251/777/2683 3252/776/2683 3227/751/2683
f 3227/751/2684 3252/776/2684 3253/778/2684 3228/753/2684
f 3228/753/2685 3253/778/2685 3254/779/2685 3229/754/2685
f 3229/754/2686 3254/779/2686 3255/780/2686 3230/755/2686
f 3230/755/2687 3255/780/2687 3256/781/2687 3231/756/2687
f 3231/756/2688 3256/781/2688 3257/782/2688 3232/757/2688
f 3232/757/2689 3257/782/2689 3258/783/2689 3233/758/2689
f 3233/758/2690 3258/783/2690 3259/784/2690 3234/759/2690
f 3234/759/2691 3259/784/2691 3260/785/2691 3235/760/2691
f 3235/760/2692 3260/785/2692 3261/786/2692 3236/761/2692
f 3236/761/2693 3261/786/2693 3262/787/2693 3237/762/2693
f 3237/762/2694 3262/787/2694 3263/788/2694 3238/763/2694
f 3238/763/2695 3263/788/2695 3264/789/2695 3239/764/2695
f 3239/764/2696 3264/789/2696 3265/790/2696 3240/765/2696
f 3240/765/2697 3265/790/2697 3266/791/2697 3241/766/2697
f 3241/766/2698 3266/791/2698 3267/792/2698 3242/767/2698
f 3242/767/2699 3267/792/2699 3268/793/2699 3243/768/2699
f 3243/768/2700 3268/793/2700 3269/794/2700 3244/769/2700
f 3244/769/2701 3269/794/2701 3270/795/2701 3245/770/2701
f 3245/770/2702 3270/795/2702 3271/796/2702 3246/771/2702
f 3246/771/2703 3271/796/2703 3272/797/2703 3247/772/2703
f 3247/772/2704 3272/797/2704 3273/798/2704 3248/773/2704
f 3248/773/2705 3273/798/2705 3274/799/2705 3249/774/2705
f 3249/774/2706 3274/799/2706 3275/800/2706 3250/775/2706
f 3251/777/2707 3276/802/2707 3277/801/2707 3252/776/2707
f 3252/776/2708 3277/801/2708 3278/803/2708 3253/778/2708
f 3253/778/2709 3278/803/2709 3279/804/2709 3254/779/2709
f 3254/779/2710 3279/804/2710 3280/805/2710 3255/780/2710
f 3255/780/2711 3280/805/2711 3281/806/2711 3256/781/2711
f 3256/781/2712 3281/806/2712 3282/807/2712 3257/782/2712
f 3257/782/2713 3282/807/2713 3283/808/2713 3258/783/2713
f 3258/783/2714 3283/808/2714 3284/809/2714 3259/784/2714
f 3259/784/2715 3284/809/2715 3285/810/2715 3260/785/2715
f 3260/785/2716 3285/810/2716 3286/811/2716 3261/786/2716
f 3261/786/2717 3286/811/2717 3287/812/2717 3262/787/2717
f 3262/787/1979 3287/812/1979 3288/813/1979 3263/788/1979
f 3263/788/2718 3288/813/2718 3289/814/2718 3264/789/2718
f 3264/789/2719 3289/814/2719 3290/815/2719 3265/790/2719
f 3265/790/2720 3290/815/2720 3291/816/2720 3266/791/2720
f 3266/791/2721 3291/816/2721 3292/817/2721 3267/792/2721
f 3267/792/2722 3292/817/2722 3293/818/2722 3268/793/2722
f 3268/793/2723 3293/818/2723 3294/819/2723 3269/794/2723
f 3269/794/2724 3294/819/2724 3295/820/2724 3270/795/2724
f 3270/795/2725 3295/820/2725 3296/821/2725 3271/796/2725
f 3271/796/2726 3296/821/2726 3297/822/2726 3272/797/2726
f 3272/797/2727 3297/822/2727 3298/823/2727 3273/798/2727
f 3273/798/2728 3298/823/2728 3299/824/2728 3274/799/2728
f 3274/799/2729 3299/824/2729 3300/825/2729 3275/800/2729
f 1651/1/2730 1676/4/2730 2501/4/2730 2476/1/2730
f 1652/2/2731 1651/1/2731 2476/1/2731 2477/2/2731
f 1653/5/2732 1652/2/2732 2477/2/2732 2478/5/2732
f 1654/7/2733 1653/5/2733 2478/5/2733 2479/7/2733
f 1655/9/2734 1654/7/2734 2479/7/2734 2480/9/2734
f 1656/11/2735 1655/9/2735 2480/9/2735 2481/11/2735
f 1657/13/2736 1656/11/2736 2481/11/2736 2482/13/2736
f 1658/15/2737 1657/13/2737 2482/13/2737 2483/15/2737
f 1659/17/2738 1658/15/2738 2483/15/2738 2484/17/2738
f 1660/19/2739 1659/17/2739 2484/17/2739 2485/19/2739
f 1661/21/2740 1660/19/2740 2485/19/2740 2486/21/2740
f 1662/23/2741 1661/21/2741 2486/21/2741 2487/23/2741
f 1663/25/2742 1662/23/2742 2487/23/2742 2488/25/2742
f 1664/27/2743 1663/25/2743 2488/25/2743 2489/27/2743
f 1665/29/2744 1664/27/2744 2489/27/2744 2490/29/2744
f 1666/31/2745 1665/29/2745 2490/29/2745 2491/31/2745
f 1667/33/2746 1666/31/2746 2491/31/2746 2492/33/2746
f 1668/35/2747 1667/33/2747 2492/33/2747 2493/35/2747
f 1669/37/2748 1668/35/2748 2493/35/2748 2494/37/2748
f 1670/39/2749 1669/37/2749 2494/37/2749 2495/39/2749
f 1671/41/2750 1670/39/2750 2495/39/2750 2496/41/2750
f 1672/43/2751 1671/41/2751 2496/41/2751 2497/43/2751
f 1673/45/2752 1672/43/2752 2497/43/2752 2498/45/2752
f 1674/47/2753 1673/45/2753 2498/45/2753 2499/47/2753
f 1675/49/2754 1674/47/2754 2499/47/2754 2500/49/2754
f 1700/50/2755 1675/49/2755 2500/49/2755 2525/50/2755
f 1676/4/2756 1701/52/2756 2526/52/2756 2501/4/2756
f 1725/75/2757 1700/50/2757 2525/50/2757 2550/75/2757
f 1701/52/2758 1726/77/2758 2551/77/2758 2526/52/2758
f 1750/100/2759 1725/75/2759 2550/75/2759 2575/100/2759
f 1726/77/2760 1751/102/2760 2576/102/2760 2551/77/2760
f 1775/125/2761 1750/100/2761 2575/100/2761 2600/125/2761
f 1751/102/2762 1776/127/2762 2601/127/2762 2576/102/2762
f 1800/150/2763 1775/125/2763 2600/125/2763 2625/150/2763
f 1776/127/2764 1801/152/2764 2626/152/2764 2601/127/2764
f 1825/175/2765 1800/150/2765 2625/150/2765 2650/175/2765
f 1801/152/2766 1826/177/2766 2651/177/2766 2626/152/2766
f 1850/200/2767 1825/175/2767 2650/175/2767 2675/200/2767
f 1826/177/2768 1851/202/2768 2676/202/2768 2651/177/2768
f 1875/225/2769 1850/200/2769 2675/200/2769 2700/225/2769
f 1851/202/2770 1876/227/2770 2701/227/2770 2676/202/2770
f 1900/250/2771 1875/225/2771 2700/225/2771 2725/250/2771
f 1876/227/2772 1901/252/2772 2726/252/2772 2701/227/2772
f 1925/275/2773 1900/250/2773 2725/250/2773 2750/275/2773
f 1901/252/2774 1926/277/2774 2751/277/2774 2726/252/2774
f 1950/300/2775 1925/275/2775 2750/275/2775 2775/300/2775
f 1926/277/2776 1951/302/2776 2776/302/2776 2751/277/2776
f 1975/325/2777 1950/300/2777 2775/300/2777 2800/325/2777
f 1951/302/2778 1976/327/2778 2801/327/2778 2776/302/2778
f 2000/350/2779 1975/325/2779 2800/325/2779 2825/350/2779
f 1976/327/2780 2001/352/2780 2826/352/2780 2801/327/2780
f 2025/375/2781 2000/350/2781 2825/350/2781 2850/375/2781
f 2001/352/2782 2026/377/2782 2851/377/2782 2826/352/2782
f 2050/400/2783 2025/375/2783 2850/375/2783 2875/400/2783
f 2026/377/2784 2051/402/2784 2876/402/2784 2851/377/2784
f 2075/425/2785 2050/400/2785 2875/400/2785 2900/425/2785
f 2051/402/2786 2076/427/2786 2901/427/2786 2876/402/2786
f 2100/450/2787 2075/425/2787 2900/425/2787 2925/450/2787
f 2076/427/2788 2101/452/2788 2926/452/2788 2901/427/2788
f 2125/475/2789 2100/450/2789 2925/450/2789 2950/475/2789
f 2101/452/2790 2126/477/2790 2951/477/2790 2926/452/2790
f 2150/500/2791 2125/475/2791 2950/475/2791 2975/500/2791
f 2126/477/2792 2151/502/2792 2976/502/2792 2951/477/2792
f 2175/525/2793 2150/500/2793 2975/500/2793 3000/525/2793
f 2151/502/2794 2176/527/2794 3001/527/2794 2976/502/2794
f 2200/550/2795 2175/525/2795 3000/525/2795 3025/550/2795
f 2176/527/2796 2201/552/2796 3026/552/2796 3001/527/2796
f 2225/575/2797 2200/550/2797 3025/550/2797 3050/575/2797
f 2201/552/2798 2226/577/2798 3051/577/2798 3026/552/2798
f 2250/600/2799 2225/575/2799 3050/575/2799 3075/600/2799
f 2226/577/2800 2251/602/2800 3076/602/2800 3051/577/2800
f 2275/625/2801 2250/600/2801 3075/600/2801 3100/625/2801
f 2251/602/2802 2276/627/2802 3101/627/2802 3076/602/2802
f 2300/650/2803 2275/625/2803 3100/625/2803 3125/650/2803
f 2276/627/2804 2301/652/2804 3126/652/2804 3101/627/2804
f 2325/675/2805 2300/650/2805 3125/650/2805 3150/675/2805
f 2301/652/2806 2326/677/2806 3151/677/2806 3126/652/2806
f 2350/700/2807 2325/675/2807 3150/675/2807 3175/700/2807
f 2326/677/2808 2351/702/2808 3176/702/2808 3151/677/2808
f 2375/725/2809 2350/700/2809 3175/700/2809 3200/725/2809
f 2351/702/2810 2376/727/2810 3201/727/2810 3176/702/2810
f 2400/750/2811 2375/725/2811 3200/725/2811 3225/750/2811
f 2376/727/2812 2401/752/2812 3226/752/2812 3201/727/2812
f 2425/775/2813 2400/750/2813 3225/750/2813 3250/775/2813
f 2401/752/2814 2426/777/2814 3251/777/2814 3226/752/2814
f 2450/800/2815 2425/775/2815 3250/775/2815 3275/800/2815
f 2426/777/2816 2451/802/2816 3276/802/2816 3251/777/2816
f 2451/802/2817 2452/801/2817 3277/801/2817 3276/802/2817
f 2452/801/2818 2453/803/2818 3278/803/2818 3277/801/2818
f 2453/803/2819 2454/804/2819 3279/804/2819 3278/803/2819
f 2454/804/2820 2455/805/2820 3280/805/2820 3279/804/2820
f 2455/805/2821 2456/806/2821 3281/806/2821 3280/805/2821
f 2456/806/2822 2457/807/2822 3282/807/2822 3281/806/2822
f 2457/807/2823 2458/808/2823 3283/808/2823 3282/807/2823
f 2458/808/2824 2459/809/2824 3284/809/2824 3283/808/2824
f 2459/809/2825 2460/810/2825 3285/810/2825 3284/809/2825
f 2460/810/2826 2461/811/2826 3286/811/2826 3285/810/2826
f 2461/811/2827 2462/812/2827 3287/812/2827 3286/811/2827
f 2462/812/2828 2463/813/2828 3288/813/2828 3287/812/2828
f 2463/813/2829 2464/814/2829 3289/814/2829 3288/813/2829
f 2464/814/2830 2465/815/2830 3290/815/2830 3289/814/2830
f 2465/815/2831 2466/816/2831 3291/816/2831 3290/815/2831
f 2466/816/2832 2467/817/2832 3292/817/2832 3291/816/2832
f 2467/817/2833 2468/818/2833 3293/818/2833 3292/817/2833
f 2468/818/2834 2469/819/2834 3294/819/2834 3293/818/2834
f 2469/819/2835 2470/820/2835 3295/820/2835 3294/819/2835
f 2470/820/2836 2471/821/2836 3296/821/2836 3295/820/2836
f 2471/821/2837 2472/822/2837 3297/822/2837 3296/821/2837
f 2472/822/2838 2473/823/2838 3298/823/2838 3297/822/2838
f 2473/823/2839 2474/824/2839 3299/824/2839 3298/823/2839
f 2475/825/2840 2450/800/2840 3275/800/2840 3300/825/2840
f 2474/824/2841 2475/825/2841 3300/825/2841 3299/824/2841
f 3301/1/2842 3302/2/2842 3327/3/2842 3326/4/2842
f 3302/2/2843 3303/5/2843 3328/6/2843 3327/3/2843
f 3303/5/2844 3304/7/2844 3329/8/2844 3328/6/2844
f 3304/7/2845 3305/9/2845 3330/10/2845 3329/8/2845
f 3305/9/2846 3306/11/2846 3331/12/2846 3330/10/2846
f 3306/11/2847 3307/13/2847 3332/14/2847 3331/12/2847
f 3307/13/2848 3308/15/2848 3333/16/2848 3332/14/2848
f 3308/15/2849 3309/17/2849 3334/18/2849 3333/16/2849
f 3309/17/2850 3310/19/2850 3335/20/2850 3334/18/2850
f 3310/19/2851 3311/21/2851 3336/22/2851 3335/20/2851
f 3311/21/2852 3312/23/2852 3337/24/2852 3336/22/2852
f 3312/23/2853 3313/25/2853 3338/26/2853 3337/24/2853
f 3313/25/2854 3314/27/2854 3339/28/2854 3338/26/2854
f 3314/27/2855 3315/29/2855 3340/30/2855 3339/28/2855
f 3315/29/2856 3316/31/2856 3341/32/2856 3340/30/2856
f 3316/31/2857 3317/33/2857 3342/34/2857 3341/32/2857
f 3317/33/2858 3318/35/2858 3343/36/2858 3342/34/2858
f 3318/35/2859 3319/37/2859 3344/38/2859 3343/36/2859
f 3319/37/2860 3320/39/2860 3345/40/2860 3344/38/2860
f 3320/39/2861 3321/41/2861 3346/42/2861 3345/40/2861
f 3321/41/2862 3322/43/2862 3347/44/2862 3346/42/2862
f 3322/43/2863 3323/45/2863 3348/46/2863 3347/44/2863
f 3323/45/2864 3324/47/2864 3349/48/2864 3348/46/2864
f 3324/47/2865 3325/49/2865 3350/50/2865 3349/48/2865
f 3326/4/2866 3327/3/2866 3352/51/2866 3351/52/2866
f 3327/3/2867 3328/6/2867 3353/53/2867 3352/51/2867
f 3328/6/2868 3329/8/2868 3354/54/2868 3353/53/2868
f 3329/8/2869 3330/10/2869 3355/55/2869 3354/54/2869
f 3330/10/2870 3331/12/2870 3356/56/2870 3355/55/2870
f 3331/12/2871 3332/14/2871 3357/57/2871 3356/56/2871
f 3332/14/2872 3333/16/2872 3358/58/2872 3357/57/2872
f 3333/16/2873 3334/18/2873 3359/59/2873 3358/58/2873
f 3334/18/2874 3335/20/2874 3360/60/2874 3359/59/2874
f 3335/20/2875 3336/22/2875 3361/61/2875 3360/60/2875
f 3336/22/2876 3337/24/2876 3362/62/2876 3361/61/2876
f 3337/24/2877 3338/26/2877 3363/63/2877 3362/62/2877
f 3338/26/2878 3339/28/2878 3364/64/2878 3363/63/2878
f 3339/28/2879 3340/30/2879 3365/65/2879 3364/64/2879
f 3340/30/2880 3341/32/2880 3366/66/2880 3365/65/2880
f 3341/32/2881 3342/34/2881 3367/67/2881 3366/66/2881
f 3342/34/2882 3343/36/2882 3368/68/2882 3367/67/2882
f 3343/36/2883 3344/38/2883 3369/69/2883 3368/68/2883
f 3344/38/2884 3345/40/2884 3370/70/2884 3369/69/2884
f 3345/40/2885 3346/42/2885 3371/71/2885 3370/70/2885
f 3346/42/2886 3347/44/2886 3372/72/2886 3371/71/2886
f 3347/44/1481 3348/46/1481 3373/73/1481 3372/72/1481
f 3348/46/2887 3349/48/2887 3374/74/2887 3373/73/2887
f 3349/48/2888 3350/50/2888 3375/75/2888 3374/74/2888
f 3351/52/2889 3352/51/2889 3377/76/2889 3376/77/2889
f 3352/51/2890 3353/53/2890 3378/78/2890 3377/76/2890
f 3353/53/2891 3354/54/2891 3379/79/2891 3378/78/2891
f 3354/54/2892 3355/55/2892 3380/80/2892 3379/79/2892
f 3355/55/2893 3356/56/2893 3381/81/2893 3380/80/2893
f 3356/56/2894 3357/57/2894 3382/82/2894 3381/81/2894
f 3357/57/2895 3358/58/2895 3383/83/2895 3382/82/2895
f 3358/58/2896 3359/59/2896 3384/84/2896 3383/83/2896
f 3359/59/2897 3360/60/2897 3385/85/2897 3384/84/2897
f 3360/60/2898 3361/61/2898 3386/86/2898 3385/85/2898
f 3361/61/2899 3362/62/2899 3387/87/2899 3386/86/2899
f 3362/62/2900 3363/63/2900 3388/88/2900 3387/87/2900
f 3363/63/2901 3364/64/2901 3389/89/2901 3388/88/2901
f 3364/64/2902 3365/65/2902 3390/90/2902 3389/89/2902
f 3365/65/2903 3366/66/2903 3391/91/2903 3390/90/2903
f 3366/66/2904 3367/67/2904 3392/92/2904 3391/91/2904
f 3367/67/2905 3368/68/2905 3393/93/2905 3392/92/2905
f 3368/68/2906 3369/69/2906 3394/94/2906 3393/93/2906
f 3369/69/2907 3370/70/2907 3395/95/2907 3394/94/2907
f 3370/70/2908 3371/71/2908 3396/96/2908 3395/95/2908
f 3371/71/2909 3372/72/2909 3397/97/2909 3396/96/2909
f 3372/72/2910 3373/73/2910 3398/98/2910 3397/97/2910
f 3373/73/2911 3374/74/2911 3399/99/2911 3398/98/2911
f 3374/74/2912 3375/75/2912 3400/100/2912 3399/99/2912
f 3376/77/2913 3377/76/2913 3402/101/2913 3401/102/2913
f 3377/76/2914 3378/78/2914 3403/103/2914 3402/101/2914
f 3378/78/2915 3379/79/2915 3404/104/2915 3403/103/2915
f 3379/79/2916 3380/80/2916 3405/105/2916 3404/104/2916
f 3380/80/2917 3381/81/2917 3406/106/2917 3405/105/2917
f 3381/81/2918 3382/82/2918 3407/107/2918 3406/106/2918
f 3382/82/2919 3383/83/2919 3408/108/2919 3407/107/2919
f 3383/83/2920 3384/84/2920 3409/109/2920 3408/108/2920
f 3384/84/2921 3385/85/2921 3410/110/2921 3409/109/2921
f 3385/85/2922 3386/86/2922 3411/111/2922 3410/110/2922
f 3386/86/2923 3387/87/2923 3412/112/2923 3411/111/2923
f 3387/87/2924 3388/88/2924 3413/113/2924 3412/112/2924
f 3388/88/2925 3389/89/2925 3414/114/2925 3413/113/2925
f 3389/89/2926 3390/90/2926 3415/115/2926 3414/114/2926
f 3390/90/2927 3391/91/2927 3416/116/2927 3415/115/2927
f 3391/91/2928 3392/92/2928 3417/117/2928 3416/116/2928
f 3392/92/2929 3393/93/2929 3418/118/2929 3417/117/2929
f 3393/93/2930 3394/94/2930 3419/119/2930 3418/118/2930
f 3394/94/2931 3395/95/2931 3420/120/2931 3419/119/2931
f 3395/95/2932 3396/96/2932 3421/121/2932 3420/120/2932
f 3396/96/2933 3397/97/2933 3422/122/2933 3421/121/2933
f 3397/97/2934 3398/98/2934 3423/123/2934 3422/122/2934
f 3398/98/2935 3399/99/2935 3424/124/2935 3423/123/2935
f 3399/99/2936 3400/100/2936 3425/125/2936 3424/124/2936
f 3401/102/2937 3402/101/2937 3427/126/2937 3426/127/2937
f 3402/101/2938 3403/103/2938 3428/128/2938 3427/126/2938
f 3403/103/2939 3404/104/2939 3429/129/2939 3428/128/2939
f 3404/104/2940 3405/105/2940 3430/130/2940 3429/129/2940
f 3405/105/2941 3406/106/2941 3431/131/2941 3430/130/2941
f 3406/106/2942 3407/107/2942 3432/132/2942 3431/131/2942
f 3407/107/2943 3408/108/2943 3433/133/2943 3432/132/2943
f 3408/108/2944 3409/109/2944 3434/134/2944 3433/133/2944
f 3409/109/2945 3410/110/2945 3435/135/2945 3434/134/2945
f 3410/110/2946 3411/111/2946 3436/136/2946 3435/135/2946
f 3411/111/2947 3412/112/2947 3437/137/2947 3436/136/2947
f 3412/112/2948 3413/113/2948 3438/138/2948 3437/137/2948
f 3413/113/2949 3414/114/2949 3439/139/2949 3438/138/2949
f 3414/114/2950 3415/115/2950 3440/140/2950 3439/139/2950
f 3415/115/2951 3416/116/2951 3441/141/2951 3440/140/2951
f 3416/116/2952 3417/117/2952 3442/142/2952 3441/141/2952
f 3417/117/2953 3418/118/2953 3443/143/2953 3442/142/2953
f 3418/118/2954 3419/119/2954 3444/144/2954 3443/143/2954
f 3419/119/2955 3420/120/2955 3445/145/2955 3444/144/2955
f 3420/120/2956 3421/121/2956 3446/146/2956 3445/145/2956
f 3421/121/2957 3422/122/2957 3447/147/2957 3446/146/2957
f 3422/122/2958 3423/123/2958 3448/148/2958 3447/147/2958
f 3423/123/2959 3424/124/2959 3449/149/2959 3448/148/2959
f 3424/124/2960 3425/125/2960 3450/150/2960 3449/149/2960
f 3426/127/2961 3427/126/2961 3452/151/2961 3451/152/2961
f 3427/126/2962 3428/128/2962 3453/153/2962 3452/151/2962
f 3428/128/2963 3429/129/2963 3454/154/2963 3453/153/2963
f 3429/129/2964 3430/130/2964 3455/155/2964 3454/154/2964
f 3430/130/2965 3431/131/2965 3456/156/2965 3455/155/2965
f 3431/131/2966 3432/132/2966 3457/157/2966 3456/156/2966
f 3432/132/2967 3433/133/2967 3458/158/2967 3457/157/2967
f 3433/133/2968 3434/134/2968 3459/159/2968 3458/158/2968
f 3434/134/2969 3435/135/2969 3460/160/2969 3459/159/2969
f 3435/135/2970 3436/136/2970 3461/161/2970 3460/160/2970
f 3436/136/2971 3437/137/2971 3462/162/2971 3461/161/2971
f 3437/137/2972 3438/138/2972 3463/163/2972 3462/162/2972
f 3438/138/2973 3439/139/2973 3464/164/2973 3463/163/2973
f 3439/139/2974 3440/140/2974 3465/165/2974 3464/164/2974
f 3440/140/2975 3441/141/2975 3466/166/2975 3465/165/2975
f 3441/141/2976 3442/142/2976 3467/167/2976 3466/166/2976
f 3442/142/2977 3443/143/2977 3468/168/2977 3467/167/2977
f 3443/143/2978 3444/144/2978 3469/169/2978 3468/168/2978
f 3444/144/2979 3445/145/2979 3470/170/2979 3469/169/2979
f 3445/145/2980 3446/146/2980 3471/171/2980 3470/170/2980
f 3446/146/2981 3447/147/2981 3472/172/2981 3471/171/2981
f 3447/147/2982 3448/148/2982 3473/173/2982 3472/172/2982
f 3448/148/2983 3449/149/2983 3474/174/2983 3473/173/2983
f 3449/149/2984 3450/150/2984 3475/175/2984 3474/174/2984
f 3451/152/2985 3452/151/2985 3477/176/2985 3476/177/2985
f 3452/151/2986 3453/153/2986 3478/178/2986 3477/176/2986
f 3453/153/2987 3454/154/2987 3479/179/2987 3478/178/2987
f 3454/154/2988 3455/155/2988 3480/180/2988 3479/179/2988
f 3455/155/2989 3456/156/2989 3481/181/2989 3480/180/2989
f 3456/156/2990 3457/157/2990 3482/182/2990 3481/181/2990
f 3457/157/2991 3458/158/2991 3483/183/2991 3482/182/2991
f 3458/158/2992 3459/159/2992 3484/184/2992 3483/183/2992
f 3459/159/2993 3460/160/2993 3485/185/2993 3484/184/2993
f 3460/160/2994 3461/161/2994 3486/186/2994 3485/185/2994
f 3461/161/2995 3462/162/2995 3487/187/2995 3486/186/2995
f 3462/162/2996 3463/163/2996 3488/188/2996 3487/187/2996
f 3463/163/2997 3464/164/2997 3489/189/2997 3488/188/2997
f 3464/164/2998 3465/165/2998 3490/190/2998 3489/189/2998
f 3465/165/2999 3466/166/2999 3491/191/2999 3490/190/2999
f 3466/166/3000 3467/167/3000 3492/192/3000 3491/191/3000
f 3467/167/3001 3468/168/3001 3493/193/3001 3492/192/3001
f 3468/168/3002 3469/169/3002 3494/194/3002 3493/193/3002
f 3469/169/3003 3470/170/3003 3495/195/3003 3494/194/3003
f 3470/170/3004 3471/171/3004 3496/196/3004 3495/195/3004
f 3471/171/3005 3472/172/3005 3497/197/3005 3496/196/3005
f 3472/172/3006 3473/173/3006 3498/198/3006 3497/197/3006
f 3473/173/3007 3474/174/3007 3499/199/3007 3498/198/3007
f 3474/174/3008 3475/175/3008 3500/200/3008 3499/199/3008
f 3476/177/3009 3477/176/3009 3502/201/3009 3501/202/3009
f 3477/176/3010 3478/178/3010 3503/203/3010 3502/201/3010
f 3478/178/3011 3479/179/3011 3504/204/3011 3503/203/3011
f 3479/179/3012 3480/180/3012 3505/205/3012 3504/204/3012
f 3480/180/3013 3481/181/3013 3506/206/3013 3505/205/3013
f 3481/181/3014 3482/182/3014 3507/207/3014 3506/206/3014
f 3482/182/3015 3483/183/3015 3508/208/3015 3507/207/3015
f 3483/183/3016 3484/184/3016 3509/209/3016 3508/208/3016
f 3484/184/3017 3485/185/3017 3510/210/3017 3509/209/3017
f 3485/185/3018 3486/186/3018 3511/211/3018 3510/210/3018
f 3486/186/3019 3487/187/3019 3512/212/3019 3511/211/3019
f 3487/187/3020 3488/188/3020 3513/213/3020 3512/212/3020
f 3488/188/3021 3489/189/3021 3514/214/3021 3513/213/3021
f 3489/189/3022 3490/190/3022 3515/215/3022 3514/214/3022
f 3490/190/3023 3491/191/3023 3516/216/3023 3515/215/3023
f 3491/191/3024 3492/192/3024 3517/217/3024 3516/216/3024
f 3492/192/3025 3493/193/3025 3518/218/3025 3517/217/3025
f 3493/193/3026 3494/194/3026 3519/219/3026 3518/218/3026
f 3494/194/3027 3495/195/3027 3520/220/3027 3519/219/3027
f 3495/195/3028 3496/196/3028 3521/221/3028 3520/220/3028
f 3496/196/3029 3497/197/3029 3522/222/3029 3521/221/3029
f 3497/197/3030 3498/198/3030 3523/223/3030 3522/222/3030
f 3498/198/3031 3499/199/3031 3524/224/3031 3523/223/3031
f 3499/199/3032 3500/200/3032 3525/225/3032 3524/224/3032
f 3501/202/3033 3502/201/3033 3527/226/3033 3526/227/3033
f 3502/201/3034 3503/203/3034 3528/228/3034 3527/226/3034
f 3503/203/3035 3504/204/3035 3529/229/3035 3528/228/3035
f 3504/204/3036 3505/205/3036 3530/230/3036 3529/229/3036
f 3505/205/3037 3506/206/3037 3531/231/3037 3530/230/3037
f 3506/206/3038 3507/207/3038 3532/232/3038 3531/231/3038
f 3507/207/3039 3508/208/3039 3533/233/3039 3532/232/3039
f 3508/208/3040 3509/209/3040 3534/234/3040 3533/233/3040
f 3509/209/3041 3510/210/3041 3535/235/3041 3534/234/3041
f 3510/210/3042 3511/211/3042 3536/236/3042 3535/235/3042
f 3511/211/3043 3512/212/3043 3537/237/3043 3536/236/3043
f 3512/212/3044 3513/213/3044 3538/238/3044 3537/237/3044
f 3513/213/3045 3514/214/3045 3539/239/3045 3538/238/3045
f 3514/214/3046 3515/215/3046 3540/240/3046 3539/239/3046
f 3515/215/3047 3516/216/3047 3541/241/3047 3540/240/3047
f 3516/216/3048 3517/217/3048 3542/242/3048 3541/241/3048
f 3517/217/3049 3518/218/3049 3543/243/3049 3542/242/3049
f 3518/218/3050 3519/219/3050 3544/244/3050 3543/243/3050
f 3519/219/3051 3520/220/3051 3545/245/3051 3544/244/3051
f 3520/220/3052 3521/221/3052 3546/246/3052 3545/245/3052
f 3521/221/3053 3522/222/3053 3547/247/3053 3546/246/3053
f 3522/222/3054 3523/223/3054 3548/248/3054 3547/247/3054
f 3523/223/3055 3524/224/3055 3549/249/3055 3548/248/3055
f 3524/224/3056 3525/225/3056 3550/250/3056 3549/249/3056
f 3526/227/3057 3527/226/3057 3552/251/3057 3551/252/3057
f 3527/226/3058 3528/228/3058 3553/253/3058 3552/251/3058
f 3528/228/3059 3529/229/3059 3554/254/3059 3553/253/3059
f 3529/229/3060 3530/230/3060 3555/255/3060 3554/254/3060
f 3530/230/3061 3531/231/3061 3556/256/3061 3555/255/3061
f 3531/231/3062 3532/232/3062 3557/257/3062 3556/256/3062
f 3532/232/3063 3533/233/3063 3558/258/3063 3557/257/3063
f 3533/233/3064 3534/234/3064 3559/259/3064 3558/258/3064
f 3534/234/3065 3535/235/3065 3560/260/3065 3559/259/3065
f 3535/235/3066 3536/236/3066 3561/261/3066 3560/260/3066
f 3536/236/3067 3537/237/3067 3562/262/3067 3561/261/3067
f 3537/237/3068 3538/238/3068 3563/263/3068 3562/262/3068
f 3538/238/3069 3539/239/3069 3564/264/3069 3563/263/3069
f 3539/239/3070 3540/240/3070 3565/265/3070 3564/264/3070
f 3540/240/3071 3541/241/3071 3566/266/3071 3565/265/3071
f 3541/241/3072 3542/242/3072 3567/267/3072 3566/266/3072
f 3542/242/3073 3543/243/3073 3568/268/3073 3567/267/3073
f 3543/243/3074 3544/244/3074 3569/269/3074 3568/268/3074
f 3544/244/3075 3545/245/3075 3570/270/3075 3569/269/3075
f 3545/245/3076 3546/246/3076 3571/271/3076 3570/270/3076
f 3546/246/3077 3547/247/3077 3572/272/3077 3571/271/3077
f 3547/247/3078 3548/248/3078 3573/273/3078 3572/272/3078
f 3548/248/3079 3549/249/3079 3574/274/3079 3573/273/3079
f 3549/249/3080 3550/250/3080 3575/275/3080 3574/274/3080
f 3551/252/3081 3552/251/3081 3577/276/3081 3576/277/3081
f 3552/251/3082 3553/253/3082 3578/278/3082 3577/276/3082
f 3553/253/3083 3554/254/3083 3579/279/3083 3578/278/3083
f 3554/254/3084 3555/255/3084 3580/280/3084 3579/279/3084
f 3555/255/3085 3556/256/3085 3581/281/3085 3580/280/3085
f 3556/256/3086 3557/257/3086 3582/282/3086 3581/281/3086
f 3557/257/3087 3558/258/3087 3583/283/3087 3582/282/3087
f 3558/258/3088 3559/259/3088 3584/284/3088 3583/283/3088
f 3559/259/3089 3560/260/3089 3585/285/3089 3584/284/3089
f 3560/260/3090 3561/261/3090 3586/286/3090 3585/285/3090
f 3561/261/3091 3562/262/3091 3587/287/3091 3586/286/3091
f 3562/262/3092 3563/263/3092 3588/288/3092 3587/287/3092
f 3563/263/3093 3564/264/3093 3589/289/3093 3588/288/3093
f 3564/264/3094 3565/265/3094 3590/290/3094 3589/289/3094
f 3565/265/3095 3566/266/3095 3591/291/3095 3590/290/3095
f 3566/266/3096 3567/267/3096 3592/292/3096 3591/291/3096
f 3567/267/3097 3568/268/3097 3593/293/3097 3592/292/3097
f 3568/268/3098 3569/269/3098 3594/294/3098 3593/293/3098
f 3569/269/3099 3570/270/3099 3595/295/3099 3594/294/3099
f 3570/270/3100 3571/271/3100 3596/296/3100 3595/295/3100
f 3571/271/3101 3572/272/3101 3597/297/3101 3596/296/3101
f 3572/272/3102 3573/273/3102 3598/298/3102 3597/297/3102
f 3573/273/3103 3574/274/3103 3599/299/3103 3598/298/3103
f 3574/274/3104 3575/275/3104 3600/300/3104 3599/299/3104
f 3576/277/3105 3577/276/3105 3602/301/3105 3601/302/3105
f 3577/276/3106 3578/278/3106 3603/303/3106 3602/301/3106
f 3578/278/3107 3579/279/3107 3604/304/3107 3603/303/3107
f 3579/279/3108 3580/280/3108 3605/305/3108 3604/304/3108
f 3580/280/3109 3581/281/3109 3606/306/3109 3605/305/3109
f 3581/281/3110 3582/282/3110 3607/307/3110 3606/306/3110
f 3582/282/3111 3583/283/3111 3608/308/3111 3607/307/3111
f 3583/283/3112 3584/284/3112 3609/309/3112 3608/308/3112
f 3584/284/3113 3585/285/3113 3610/310/3113 3609/309/3113
f 3585/285/3114 3586/286/3114 3611/311/3114 3610/310/3114
f 3586/286/3115 3587/287/3115 3612/312/3115 3611/311/3115
f 3587/287/3116 3588/288/3116 3613/313/3116 3612/312/3116
f 3588/288/3117 3589/289/3117 3614/314/3117 3613/313/3117
f 3589/289/3118 3590/290/3118 3615/315/3118 3614/314/3118
f 3590/290/3119 3591/291/3119 3616/316/3119 3615/315/3119
f 3591/291/3120 3592/292/3120 3617/317/3120 3616/316/3120
f 3592/292/3121 3593/293/3121 3618/318/3121 3617/317/3121
f 3593/293/3122 3594/294/3122 3619/319/3122 3618/318/3122
f 3594/294/3123 3595/295/3123 3620/320/3123 3619/319/3123
f 3595/295/3124 3596/296/3124 3621/321/3124 3620/320/3124
f 3596/296/3125 3597/297/3125 3622/322/3125 3621/321/3125
f 3597/297/3126 3598/298/3126 3623/323/3126 3622/322/3126
f 3598/298/3127 3599/299/3127 3624/324/3127 3623/323/3127
f 3599/299/3128 3600/300/3128 3625/325/3128 3624/324/3128
f 3601/302/3129 3602/301/3129 3627/326/3129 3626/327/3129
f 3602/301/3130 3603/303/3130 3628/328/3130 3627/326/3130
f 3603/303/3131 3604/304/3131 3629/329/3131 3628/328/3131
f 3604/304/3132 3605/305/3132 3630/330/3132 3629/329/3132
f 3605/305/3133 3606/306/3133 3631/331/3133 3630/330/3133
f 3606/306/3134 3607/307/3134 3632/332/3134 3631/331/3134
f 3607/307/3135 3608/308/3135 3633/333/3135 3632/332/3135
f 3608/308/3136 3609/309/3136 3634/334/3136 3633/333/3136
f 3609/309/3137 3610/310/3137 3635/335/3137 3634/334/3137
f 3610/310/3138 3611/311/3138 3636/336/3138 3635/335/3138
f 3611/311/3139 3612/312/3139 3637/337/3139 3636/336/3139
f 3612/312/3140 3613/313/3140 3638/338/3140 3637/337/3140
f 3613/313/3141 3614/314/3141 3639/339/3141 3638/338/3141
f 3614/314/3142 3615/315/3142 3640/340/3142 3639/339/3142
f 3615/315/3143 3616/316/3143 3641/341/3143 3640/340/3143
f 3616/316/3144 3617/317/3144 3642/342/3144 3641/341/3144
f 3617/317/3145 3618/318/3145 3643/343/3145 3642/342/3145
f 3618/318/3146 3619/319/3146 3644/344/3146 3643/343/3146
f 3619/319/3147 3620/320/3147 3645/345/3147 3644/344/3147
f 3620/320/3148 3621/321/3148 3646/346/3148 3645/345/3148
f 3621/321/3149 3622/322/3149 3647/347/3149 3646/346/3149
f 3622/322/3150 3623/323/3150 3648/348/3150 3647/347/3150
f 3623/323/3151 3624/324/3151 3649/349/3151 3648/348/3151
f 3624/324/3152 3625/325/3152 3650/350/3152 3649/349/3152
f 3626/327/3153 3627/326/3153 3652/351/3153 3651/352/3153
f 3627/326/3154 3628/328/3154 3653/353/3154 3652/351/3154
f 3628/328/3155 3629/329/3155 3654/354/3155 3653/353/3155
f 3629/329/3156 3630/330/3156 3655/355/3156 3654/354/3156
f 3630/330/3157 3631/331/3157 3656/356/3157 3655/355/3157
f 3631/331/3158 3632/332/3158 3657/357/3158 3656/356/3158
f 3632/332/3159 3633/333/3159 3658/358/3159 3657/357/3159
f 3633/333/3160 3634/334/3160 3659/359/3160 3658/358/3160
f 3634/334/3161 3635/335/3161 3660/360/3161 3659/359/3161
f 3635/335/3162 3636/336/3162 3661/361/3162 3660/360/3162
f 3636/336/3163 3637/337/3163 3662/362/3163 3661/361/3163
f 3637/337/3164 3638/338/3164 3663/363/3164 3662/362/3164
f 3638/338/3165 3639/339/3165 3664/364/3165 3663/363/3165
f 3639/339/3166 3640/340/3166 3665/365/3166 3664/364/3166
f 3640/340/3167 3641/341/3167 3666/366/3167 3665/365/3167
f 3641/341/3168 3642/342/3168 3667/367/3168 3666/366/3168
f 3642/342/3169 3643/343/3169 3668/368/3169 3667/367/3169
f 3643/343/3170 3644/344/3170 3669/369/3170 3668/368/3170
f 3644/344/3171 3645/345/3171 3670/370/3171 3669/369/3171
f 3645/345/3172 3646/346/3172 3671/371/3172 3670/370/3172
f 3646/346/3173 3647/347/3173 3672/372/3173 3671/371/3173
f 3647/347/3174 3648/348/3174 3673/373/3174 3672/372/3174
f 3648/348/3175 3649/349/3175 3674/374/3175 3673/373/3175
f 3649/349/3176 3650/350/3176 3675/375/3176 3674/374/3176
f 3651/352/3177 3652/351/3177 3677/376/3177 3676/377/3177
f 3652/351/3178 3653/353/3178 3678/378/3178 3677/376/3178
f 3653/353/3179 3654/354/3179 3679/379/3179 3678/378/3179
f 3654/354/3180 3655/355/3180 3680/380/3180 3679/379/3180
f 3655/355/3181 3656/356/3181 3681/381/3181 3680/380/3181
f 3656/356/3182 3657/357/3182 3682/382/3182 3681/381/3182
f 3657/357/3183 3658/358/3183 3683/383/3183 3682/382/3183
f 3658/358/3184 3659/359/3184 3684/384/3184 3683/383/3184
f 3659/359/3185 3660/360/3185 3685/385/3185 3684/384/3185
f 3660/360/3186 3661/361/3186 3686/386/3186 3685/385/3186
f 3661/361/3187 3662/362/3187 3687/387/3187 3686/386/3187
f 3662/362/3188 3663/363/3188 3688/388/3188 3687/387/3188
f 3663/363/3189 3664/364/3189 3689/389/3189 3688/388/3189
f 3664/364/3190 3665/365/3190 3690/390/3190 3689/389/3190
f 3665/365/3191 3666/366/3191 3691/391/3191 3690/390/3191
f 3666/366/3192 3667/367/3192 3692/392/3192 3691/391/3192
f 3667/367/3193 3668/368/3193 3693/393/3193 3692/392/3193
f 3668/368/3194 3669/369/3194 3694/394/3194 3693/393/3194
f 3669/369/3195 3670/370/3195 3695/395/3195 3694/394/3195
f 3670/370/3196 3671/371/3196 3696/396/3196 3695/395/3196
f 3671/371/3197 3672/372/3197 3697/397/3197 3696/396/3197
f 3672/372/3198 3673/373/3198 3698/398/3198 3697/397/3198
f 3673/373/3199 3674/374/3199 3699/399/3199 3698/398/3199
f 3674/374/3200 3675/375/3200 3700/400/3200 3699/399/3200
f 3676/377/3201 3677/376/3201 3702/401/3201 3701/402/3201
f 3677/376/3202 3678/378/3202 3703/403/3202 3702/401/3202
f 3678/378/3203 3679/379/3203 3704/404/3203 3703/403/3203
f 3679/379/3204 3680/380/3204 3705/405/3204 3704/404/3204
f 3680/380/3205 3681/381/3205 3706/406/3205 3705/405/3205
f 3681/381/3206 3682/382/3206 3707/407/3206 3706/406/3206
f 3682/382/3207 3683/383/3207 3708/408/3207 3707/407/3207
f 3683/383/3208 3684/384/3208 3709/409/3208 3708/408/3208
f 3684/384/3209 3685/385/3209 3710/410/3209 3709/409/3209
f 3685/385/3210 3686/386/3210 3711/411/3210 3710/410/3210
f 3686/386/3211 3687/387/3211 3712/412/3211 3711/411/3211
f 3687/387/3212 3688/388/3212 3713/413/3212 3712/412/3212
f 3688/388/3213 3689/389/3213 3714/414/3213 3713/413/3213
f 3689/389/3214 3690/390/3214 3715/415/3214 3714/414/3214
f 3690/390/3215 3691/391/3215 3716/416/3215 3715/415/3215
f 3691/391/3216 3692/392/3216 3717/417/3216 3716/416/3216
f 3692/392/3217 3693/393/3217 3718/418/3217 3717/417/3217
f 3693/393/3218 3694/394/3218 3719/419/3218 3718/418/3218
f 3694/394/3219 3695/395/3219 3720/420/3219 3719/419/3219
f 3695/395/3220 3696/396/3220 3721/421/3220 3720/420/3220
f 3696/396/3221 3697/397/3221 3722/422/3221 3721/421/3221
f 3697/397/3222 3698/398/3222 3723/423/3222 3722/422/3222
f 3698/398/3223 3699/399/3223 3724/424/3223 3723/423/3223
f 3699/399/3224 3700/400/3224 3725/425/3224 3724/424/3224
f 3701/402/3225 3702/401/3225 3727/426/3225 3726/427/3225
f 3702/401/3226 3703/403/3226 3728/428/3226 3727/426/3226
f 3703/403/3227 3704/404/3227 3729/429/3227 3728/428/3227
f 3704/404/3228 3705/405/3228 3730/430/3228 3729/429/3228
f 3705/405/3229 3706/406/3229 3731/431/3229 3730/430/3229
f 3706/406/3230 3707/407/3230 3732/432/3230 3731/431/3230
f 3707/407/3231 3708/408/3231 3733/433/3231 3732/432/3231
f 3708/408/3232 3709/409/3232 3734/434/3232 3733/433/3232
f 3709/409/3233 3710/410/3233 3735/435/3233 3734/434/3233
f 3710/410/3234 3711/411/3234 3736/436/3234 3735/435/3234
f 3711/411/3235 3712/412/3235 3737/437/3235 3736/436/3235
f 3712/412/3236 3713/413/3236 3738/438/3236 3737/437/3236
f 3713/413/3237 3714/414/3237 3739/439/3237 3738/438/3237
f 3714/414/3238 3715/415/3238 3740/440/3238 3739/439/3238
f 3715/415/3239 3716/416/3239 3741/441/3239 3740/440/3239
f 3716/416/3240 3717/417/3240 3742/442/3240 3741/441/3240
f 3717/417/3241 3718/418/3241 3743/443/3241 3742/442/3241
f 3718/418/3242 3719/419/3242 3744/444/3242 3743/443/3242
f 3719/419/3243 3720/420/3243 3745/445/3243 3744/444/3243
f 3720/420/3244 3721/421/3244 3746/446/3244 3745/445/3244
f 3721/421/3245 3722/422/3245 3747/447/3245 3746/446/3245
f 3722/422/3246 3723/423/3246 3748/448/3246 3747/447/3246
f 3723/423/3247 3724/424/3247 3749/449/3247 3748/448/3247
f 3724/424/3248 3725/425/3248 3750/450/3248 3749/449/3248
f 3726/427/3249 3727/426/3249 3752/451/3249 3751/452/3249
f 3727/426/3250 3728/428/3250 3753/453/3250 3752/451/3250
f 3728/428/3251 3729/429/3251 3754/454/3251 3753/453/3251
f 3729/429/3252 3730/430/3252 3755/455/3252 3754/454/3252
f 3730/430/3253 3731/431/3253 3756/456/3253 3755/455/3253
f 3731/431/3254 3732/432/3254 3757/457/3254 3756/456/3254
f 3732/432/3255 3733/433/3255 3758/458/3255 3757/457/3255
f 3733/433/3256 3734/434/3256 3759/459/3256 3758/458/3256
f 3734/434/3257 3735/435/3257 3760/460/3257 3759/459/3257
f 3735/435/3258 3736/436/3258 3761/461/3258 3760/460/3258
f 3736/436/3259 3737/437/3259 3762/462/3259 3761/461/3259
f 3737/437/3260 3738/438/3260 3763/463/3260 3762/462/3260
f 3738/438/3261 3739/439/3261 3764/464/3261 3763/463/3261
f 3739/439/3262 3740/440/3262 3765/465/3262 3764/464/3262
f 3740/440/3263 3741/441/3263 3766/466/3263 3765/465/3263
f 3741/441/3264 3742/442/3264 3767/467/3264 3766/466/3264
f 3742/442/3265 3743/443/3265 3768/468/3265 3767/467/3265
f 3743/443/3266 3744/444/3266 3769/469/3266 3768/468/3266
f 3744/444/3267 3745/445/3267 3770/470/3267 3769/469/3267
f 3745/445/3268 3746/446/3268 3771/471/3268 3770/470/3268
f 3746/446/3269 3747/447/3269 3772/472/3269 3771/471/3269
f 3747/447/3270 3748/448/3270 3773/473/3270 3772/472/3270
f 3748/448/3271 3749/449/3271 3774/474/3271 3773/473/3271
f 3749/449/3272 3750/450/3272 3775/475/3272 3774/474/3272
f 3751/452/3273 3752/451/3273 3777/476/3273 3776/477/3273
f 3752/451/3274 3753/453/3274 3778/478/3274 3777/476/3274
f 3753/453/3275 3754/454/3275 3779/479/3275 3778/478/3275
f 3754/454/3276 3755/455/3276 3780/480/3276 3779/479/3276
f 3755/455/3277 3756/456/3277 3781/481/3277 3780/480/3277
f 3756/456/3278 3757/457/3278 3782/482/3278 3781/481/3278
f 3757/457/3279 3758/458/3279 3783/483/3279 3782/482/3279
f 3758/458/3280 3759/459/3280 3784/484/3280 3783/483/3280
f 3759/459/3281 3760/460/3281 3785/485/3281 3784/484/3281
f 3760/460/3282 3761/461/3282 3786/486/3282 3785/485/3282
f 3761/461/3283 3762/462/3283 3787/487/3283 3786/486/3283
f 3762/462/3284 3763/463/3284 3788/488/3284 3787/487/3284
f 3763/463/3285 3764/464/3285 3789/489/3285 3788/488/3285
f 3764/464/3286 3765/465/3286 3790/490/3286 3789/489/3286
f 3765/465/3287 3766/466/3287 3791/491/3287 3790/490/3287
f 3766/466/3288 3767/467/3288 3792/492/3288 3791/491/3288
f 3767/467/3289 3768/468/3289 3793/493/3289 3792/492/3289
f 3768/468/3290 3769/469/3290 3794/494/3290 3793/493/3290
f 3769/469/3291 3770/470/3291 3795/495/3291 3794/494/3291
f 3770/470/3292 3771/471/3292 3796/496/3292 3795/495/3292
f 3771/471/3293 3772/472/3293 3797/497/3293 3796/496/3293
f 3772/472/3294 3773/473/3294 3798/498/3294 3797/497/3294
f 3773/473/3295 3774/474/3295 3799/499/3295 3798/498/3295
f 3774/474/3296 3775/475/3296 3800/500/3296 3799/499/3296
f 3776/477/3297 3777/476/3297 3802/501/3297 3801/502/3297
f 3777/476/3298 3778/478/3298 3803/503/3298 3802/501/3298
f 3778/478/3299 3779/479/3299 3804/504/3299 3803/503/3299
f 3779/479/3300 3780/480/3300 3805/505/3300 3804/504/3300
f 3780/480/3301 3781/481/3301 3806/506/3301 3805/505/3301
f 3781/481/3302 3782/482/3302 3807/507/3302 3806/506/3302
f 3782/482/3303 3783/483/3303 3808/508/3303 3807/507/3303
f 3783/483/3304 3784/484/3304 3809/509/3304 3808/508/3304
f 3784/484/3305 3785/485/3305 3810/510/3305 3809/509/3305
f 3785/485/3306 3786/486/3306 3811/511/3306 3810/510/3306
f 3786/486/3307 3787/487/3307 3812/512/3307 3811/511/3307
f 3787/487/3308 3788/488/3308 3813/513/3308 3812/512/3308
f 3788/488/3309 3789/489/3309 3814/514/3309 3813/513/3309
f 3789/489/3310 3790/490/3310 3815/515/3310 3814/514/3310
f 3790/490/3311 3791/491/3311 3816/516/3311 3815/515/3311
f 3791/491/3312 3792/492/3312 3817/517/3312 3816/516/3312
f 3792/492/3313 3793/493/3313 3818/518/3313 3817/517/3313
f 3793/493/3314 3794/494/3314 3819/519/3314 3818/518/3314
f 3794/494/3315 3795/495/3315 3820/520/3315 3819/519/3315
f 3795/495/3316 3796/496/3316 3821/521/3316 3820/520/3316
f 3796/496/3317 3797/497/3317 3822/522/3317 3821/521/3317
f 3797/497/3318 3798/498/3318 3823/523/3318 3822/522/3318
f 3798/498/3319 3799/499/3319 3824/524/3319 3823/523/3319
f 3799/499/3320 3800/500/3320 3825/525/3320 3824/524/3320
f 3801/502/3321 3802/501/3321 3827/526/3321 3826/527/3321
f 3802/501/3322 3803/503/3322 3828/528/3322 3827/526/3322
f 3803/503/3323 3804/504/3323 3829/529/3323 3828/528/3323
f 3804/504/3324 3805/505/3324 3830/530/3324 3829/529/3324
f 3805/505/3325 3806/506/3325 3831/531/3325 3830/530/3325
f 3806/506/3326 3807/507/3326 3832/532/3326 3831/531/3326
f 3807/507/3327 3808/508/3327 3833/533/3327 3832/532/3327
f 3808/508/3328 3809/509/3328 3834/534/3328 3833/533/3328
f 3809/509/3329 3810/510/3329 3835/535/3329 3834/534/3329
f 3810/510/3330 3811/511/3330 3836/536/3330 3835/535/3330
f 3811/511/3331 3812/512/3331 3837/537/3331 3836/536/3331
f 3812/512/3332 3813/513/3332 3838/538/3332 3837/537/3332
f 3813/513/3333 3814/514/3333 3839/539/3333 3838/538/3333
f 3814/514/3334 3815/515/3334 3840/540/3334 3839/539/3334
f 3815/515/3335 3816/516/3335 3841/541/3335 3840/540/3335
f 3816/516/3336 3817/517/3336 3842/542/3336 3841/541/3336
f 3817/517/3337 3818/518/3337 3843/543/3337 3842/542/3337
f 3818/518/3338 3819/519/3338 3844/544/3338 3843/543/3338
f 3819/519/3339 3820/520/3339 3845/545/3339 3844/544/3339
f 3820/520/3340 3821/521/3340 3846/546/3340 3845/545/3340
f 3821/521/3341 3822/522/3341 3847/547/3341 3846/546/3341
f 3822/522/3342 3823/523/3342 3848/548/3342 3847/547/3342
f 3823/523/3343 3824/524/3343 3849/549/3343 3848/548/3343
f 3824/524/3344 3825/525/3344 3850/550/3344 3849/549/3344
f 3826/527/3345 3827/526/3345 3852/551/3345 3851/552/3345
f 3827/526/3346 3828/528/3346 3853/553/3346 3852/551/3346
f 3828/528/3347 3829/529/3347 3854/554/3347 3853/553/3347
f 3829/529/3348 3830/530/3348 3855/555/3348 3854/554/3348
f 3830/530/3349 3831/531/3349 3856/556/3349 3855/555/3349
f 3831/531/3350 3832/532/3350 3857/557/3350 3856/556/3350
f 3832/532/3351 3833/533/3351 3858/558/3351 3857/557/3351
f 3833/533/3352 3834/534/3352 3859/559/3352 3858/558/3352
f 3834/534/3353 3835/535/3353 3860/560/3353 3859/559/3353
f 3835/535/3354 3836/536/3354 3861/561/3354 3860/560/3354
f 3836/536/3355 3837/537/3355 3862/562/3355 3861/561/3355
f 3837/537/3356 3838/538/3356 3863/563/3356 3862/562/3356
f 3838/538/3357 3839/539/3357 3864/564/3357 3863/563/3357
f 3839/539/3358 3840/540/3358 3865/565/3358 3864/564/3358
f 3840/540/3359 3841/541/3359 3866/566/3359 3865/565/3359
f 3841/541/3360 3842/542/3360 3867/567/3360 3866/566/3360
f 3842/542/3361 3843/543/3361 3868/568/3361 3867/567/3361
f 3843/543/3362 3844/544/3362 3869/569/3362 3868/568/3362
f 3844/544/3363 3845/545/3363 3870/570/3363 3869/569/3363
f 3845/545/3364 3846/546/3364 3871/571/3364 3870/570/3364
f 3846/546/3365 3847/547/3365 3872/572/3365 3871/571/3365
f 3847/547/3366 3848/548/3366 3873/573/3366 3872/572/3366
f 3848/548/3367 3849/549/3367 3874/574/3367 3873/573/3367
f 3849/549/3368 3850/550/3368 3875/575/3368 3874/574/3368
f 3851/552/3369 3852/551/3369 3877/576/3369 3876/577/3369
f 3852/551/3370 3853/553/3370 3878/578/3370 3877/576/3370
f 3853/553/3371 3854/554/3371 3879/579/3371 3878/578/3371
f 3854/554/3372 3855/555/3372 3880/580/3372 3879/579/3372
f 3855/555/3373 3856/556/3373 3881/581/3373 3880/580/3373
f 3856/556/3374 3857/557/3374 3882/582/3374 3881/581/3374
f 3857/557/3375 3858/558/3375 3883/583/3375 3882/582/3375
f 3858/558/3376 3859/559/3376 3884/584/3376 3883/583/3376
f 3859/559/3377 3860/560/3377 3885/585/3377 3884/584/3377
f 3860/560/3378 3861/561/3378 3886/586/3378 3885/585/3378
f 3861/561/3379 3862/562/3379 3887/587/3379 3886/586/3379
f 3862/562/3380 3863/563/3380 3888/588/3380 3887/587/3380
f 3863/563/3381 3864/564/3381 3889/589/3381 3888/588/3381
f 3864/564/3382 3865/565/3382 3890/590/3382 3889/589/3382
f 3865/565/3383 3866/566/3383 3891/591/3383 3890/590/3383
f 3866/566/3384 3867/567/3384 3892/592/3384 3891/591/3384
f 3867/567/3385 3868/568/3385 3893/593/3385 3892/592/3385
f 3868/568/3386 3869/569/3386 3894/594/3386 3893/593/3386
f 3869/569/3387 3870/570/3387 3895/595/3387 3894/594/3387
f 3870/570/3388 3871/571/3388 3896/596/3388 3895/595/3388
f 3871/571/3389 3872/572/3389 3897/597/3389 3896/596/3389
f 3872/572/3390 3873/573/3390 3898/598/3390 3897/597/3390
f 3873/573/3391 3874/574/3391 3899/599/3391 3898/598/3391
f 3874/574/3392 3875/575/3392 3900/600/3392 3899/599/3392
f 3876/577/3393 3877/576/3393 3902/601/3393 3901/602/3393
f 3877/576/3394 3878/578/3394 3903/603/3394 3902/601/3394
f 3878/578/3395 3879/579/3395 3904/604/3395 3903/603/3395
f 3879/579/3396 3880/580/3396 3905/605/3396 3904/604/3396
f 3880/580/3397 3881/581/3397 3906/606/3397 3905/605/3397
f 3881/581/3398 3882/582/3398 3907/607/3398 3906/606/3398
f 3882/582/3399 3883/583/3399 3908/608/3399 3907/607/3399
f 3883/583/3400 3884/584/3400 3909/609/3400 3908/608/3400
f 3884/584/3401 3885/585/3401 3910/610/3401 3909/609/3401
f 3885/585/3402 3886/586/3402 3911/611/3402 3910/610/3402
f 3886/586/3403 3887/587/3403 3912/612/3403 3911/611/3403
f 3887/587/3404 3888/588/3404 3913/613/3404 3912/612/3404
f 3888/588/3405 3889/589/3405 3914/614/3405 3913/613/3405
f 3889/589/3406 3890/590/3406 3915/615/3406 3914/614/3406
f 3890/590/3407 3891/591/3407 3916/616/3407 3915/615/3407
f 3891/591/3408 3892/592/3408 3917/617/3408 3916/616/3408
f 3892/592/3409 3893/593/3409 3918/618/3409 3917/617/3409
f 3893/593/3410 3894/594/3410 3919/619/3410 3918/618/3410
f 3894/594/3411 3895/595/3411 3920/620/3411 3919/619/3411
f 3895/595/3412 3896/596/3412 3921/621/3412 3920/620/3412
f 3896/596/3413 3897/597/3413 3922/622/3413 3921/621/3413
f 3897/597/3414 3898/598/3414 3923/623/3414 3922/622/3414
f 3898/598/3415 3899/599/3415 3924/624/3415 3923/623/3415
f 3899/599/3416 3900/600/3416 3925/625/3416 3924/624/3416
f 3901/602/3417 3902/601/3417 3927/626/3417 3926/627/3417
f 3902/601/3418 3903/603/3418 3928/628/3418 3927/626/3418
f 3903/603/3419 3904/604/3419 3929/629/3419 3928/628/3419
f 3904/604/3420 3905/605/3420 3930/630/3420 3929/629/3420
f 3905/605/3421 3906/606/3421 3931/631/3421 3930/630/3421
f 3906/606/3422 3907/607/3422 3932/632/3422 3931/631/3422
f 3907/607/3423 3908/608/3423 3933/633/3423 3932/632/3423
f 3908/608/3424 3909/609/3424 3934/634/3424 3933/633/3424
f 3909/609/3425 3910/610/3425 3935/635/3425 3934/634/3425
f 3910/610/3426 3911/611/3426 3936/636/3426 3935/635/3426
f 3911/611/3427 3912/612/3427 3937/637/3427 3936/636/3427
f 3912/612/3428 3913/613/3428 3938/638/3428 3937/637/3428
f 3913/613/3429 3914/614/3429 3939/639/3429 3938/638/3429
f 3914/614/3430 3915/615/3430 3940/640/3430 3939/639/3430
f 3915/615/3431 3916/616/3431 3941/641/3431 3940/640/3431
f 3916/616/3432 3917/617/3432 3942/642/3432 3941/641/3432
f 3917/617/3433 3918/618/3433 3943/643/3433 3942/642/3433
f 3918/618/3434 3919/619/3434 3944/644/3434 3943/643/3434
f 3919/619/3435 3920/620/3435 3945/645/3435 3944/644/3435
f 3920/620/3436 3921/621/3436 3946/646/3436 3945/645/3436
f 3921/621/3437 3922/622/3437 3947/647/3437 3946/646/3437
f 3922/622/3438 3923/623/3438 3948/648/3438 3947/647/3438
f 3923/623/3439 3924/624/3439 3949/649/3439 3948/648/3439
f 3924/624/3440 3925/625/3440 3950/650/3440 3949/649/3440
f 3926/627/3441 3927/626/3441 3952/651/3441 3951/652/3441
f 3927/626/3442 3928/628/3442 3953/653/3442 3952/651/3442
f 3928/628/3443 3929/629/3443 3954/654/3443 3953/653/3443
f 3929/629/3444 3930/630/3444 3955/655/3444 3954/654/3444
f 3930/630/3445 3931/631/3445 3956/656/3445 3955/655/3445
f 3931/631/3446 3932/632/3446 3957/657/3446 3956/656/3446
f 3932/632/3447 3933/633/3447 3958/658/3447 3957/657/3447
f 3933/633/3448 3934/634/3448 3959/659/3448 3958/658/3448
f 3934/634/3449 3935/635/3449 3960/660/3449 3959/659/3449
f 3935/635/3450 3936/636/3450 3961/661/3450 3960/660/3450
f 3936/636/3451 3937/637/3451 3962/662/3451 3961/661/3451
f 3937/637/3452 3938/638/3452 3963/663/3452 3962/662/3452
f 3938/638/3453 3939/639/3453 3964/664/3453 3963/663/3453
f 3939/639/3454 3940/640/3454 3965/665/3454 3964/664/3454
f 3940/640/3455 3941/641/3455 3966/666/3455 3965/665/3455
f 3941/641/3456 3942/642/3456 3967/667/3456 3966/666/3456
f 3942/642/3457 3943/643/3457 3968/668/3457 3967/667/3457
f 3943/643/3458 3944/644/3458 3969/669/3458 3968/668/3458
f 3944/644/3459 3945/645/3459 3970/670/3459 3969/669/3459
f 3945/645/3460 3946/646/3460 3971/671/3460 3970/670/3460
f 3946/646/3461 3947/647/3461 3972/672/3461 3971/671/3461
f 3947/647/3462 3948/648/3462 3973/673/3462 3972/672/3462
f 3948/648/3463 3949/649/3463 3974/674/3463 3973/673/3463
f 3949/649/3464 3950/650/3464 3975/675/3464 3974/674/3464
f 3951/652/3465 3952/651/3465 3977/676/3465 3976/677/3465
f 3952/651/3466 3953/653/3466 3978/678/3466 3977/676/3466
f 3953/653/3467 3954/654/3467 3979/679/3467 3978/678/3467
f 3954/654/3468 3955/655/3468 3980/680/3468 3979/679/3468
f 3955/655/3469 3956/656/3469 3981/681/3469 3980/680/3469
f 3956/656/3470 3957/657/3470 3982/682/3470 3981/681/3470
f 3957/657/3471 3958/658/3471 3983/683/3471 3982/682/3471
f 3958/658/3472 3959/659/3472 3984/684/3472 3983/683/3472
f 3959/659/3473 3960/660/3473 3985/685/3473 3984/684/3473
f 3960/660/3474 3961/661/3474 3986/686/3474 3985/685/3474
f 3961/661/3475 3962/662/3475 3987/687/3475 3986/686/3475
f 3962/662/3476 3963/663/3476 3988/688/3476 3987/687/3476
f 3963/663/3477 3964/664/3477 3989/689/3477 3988/688/3477
f 3964/664/3478 3965/665/3478 3990/690/3478 3989/689/3478
f 3965/665/3479 3966/666/3479 3991/691/3479 3990/690/3479
f 3966/666/3480 3967/667/3480 3992/692/3480 3991/691/3480
f 3967/667/3481 3968/668/3481 3993/693/3481 3992/692/3481
f 3968/668/3482 3969/669/3482 3994/694/3482 3993/693/3482
f 3969/669/3483 3970/670/3483 3995/695/3483 3994/694/3483
f 3970/670/3484 3971/671/3484 3996/696/3484 3995/695/3484
f 3971/671/3485 3972/672/3485 3997/697/3485 3996/696/3485
f 3972/672/3486 3973/673/3486 3998/698/3486 3997/697/3486
f 3973/673/3487 3974/674/3487 3999/699/3487 3998/698/3487
f 3974/674/3488 3975/675/3488 4000/700/3488 3999/699/3488
f 3976/677/3489 3977/676/3489 4002/701/3489 4001/702/3489
f 3977/676/3490 3978/678/3490 4003/703/3490 4002/701/3490
f 3978/678/3491 3979/679/3491 4004/704/3491 4003/703/3491
f 3979/679/3492 3980/680/3492 4005/705/3492 4004/704/3492
f 3980/680/3493 3981/681/3493 4006/706/3493 4005/705/3493
f 3981/681/3494 3982/682/3494 4007/707/3494 4006/706/3494
f 3982/682/3495 3983/683/3495 4008/708/3495 4007/707/3495
f 3983/683/3496 3984/684/3496 4009/709/3496 4008/708/3496
f 3984/684/3497 3985/685/3497 4010/710/3497 4009/709/3497
f 3985/685/3498 3986/686/3498 4011/711/3498 4010/710/3498
f 3986/686/3499 3987/687/3499 4012/712/3499 4011/711/3499
f 3987/687/3500 3988/688/3500 4013/713/3500 4012/712/3500
f 3988/688/3501 3989/689/3501 4014/714/3501 4013/713/3501
f 3989/689/3502 3990/690/3502 4015/715/3502 4014/714/3502
f 3990/690/3503 3991/691/3503 4016/716/3503 4015/715/3503
f 3991/691/3504 3992/692/3504 4017/717/3504 4016/716/3504
f 3992/692/3505 3993/693/3505 4018/718/3505 4017/717/3505
f 3993/693/3506 3994/694/3506 4019/719/3506 4018/718/3506
f 3994/694/3507 3995/695/3507 4020/720/3507 4019/719/3507
f 3995/695/3508 3996/696/3508 4021/721/3508 4020/720/3508
f 3996/696/3509 3997/697/3509 4022/722/3509 4021/721/3509
f 3997/697/3510 3998/698/3510 4023/723/3510 4022/722/3510
f 3998/698/3511 3999/699/3511 4024/724/3511 4023/723/3511
f 3999/699/3512 4000/700/3512 4025/725/3512 4024/724/3512
f 4001/702/3513 4002/701/3513 4027/726/3513 4026/727/3513
f 4002/701/3514 4003/703/3514 4028/728/3514 4027/726/3514
f 4003/703/3515 4004/704/3515 4029/729/3515 4028/728/3515
f 4004/704/3516 4005/705/3516 4030/730/3516 4029/729/3516
f 4005/705/3517 4006/706/3517 4031/731/3517 4030/730/3517
f 4006/706/3518 4007/707/3518 4032/732/3518 4031/731/3518
f 4007/707/3519 4008/708/3519 4033/733/3519 4032/732/3519
f 4008/708/3520 4009/709/3520 4034/734/3520 4033/733/3520
f 4009/709/3521 4010/710/3521 4035/735/3521 4034/734/3521
f 4010/710/3522 4011/711/3522 4036/736/3522 4035/735/3522
f 4011/711/3523 4012/712/3523 4037/737/3523 4036/736/3523
f 4012/712/3524 4013/713/3524 4038/738/3524 4037/737/3524
f 4013/713/3525 4014/714/3525 4039/739/3525 4038/738/3525
f 4014/714/3526 4015/715/3526 4040/740/3526 4039/739/3526
f 4015/715/3527 4016/716/3527 4041/741/3527 4040/740/3527
f 4016/716/3528 4017/717/3528 4042/742/3528 4041/741/3528
f 4017/717/3529 4018/718/3529 4043/743/3529 4042/742/3529
f 4018/718/3530 4019/719/3530 4044/744/3530 4043/743/3530
f 4019/719/3531 4020/720/3531 4045/745/3531 4044/744/3531
f 4020/720/3532 4021/721/3532 4046/746/3532 4045/745/3532
f 4021/721/3533 4022/722/3533 4047/747/3533 4046/746/3533
f 4022/722/3534 4023/723/3534 4048/748/3534 4047/747/3534
f 4023/723/3535 4024/724/3535 4049/749/3535 4048/748/3535
f 4024/724/3536 4025/725/3536 4050/750/3536 4049/749/3536
f 4026/727/3537 4027/726/3537 4052/751/3537 4051/752/3537
f 4027/726/3538 4028/728/3538 4053/753/3538 4052/751/3538
f 4028/728/3539 4029/729/3539 4054/754/3539 4053/753/3539
f 4029/729/3540 4030/730/3540 4055/755/3540 4054/754/3540
f 4030/730/3541 4031/731/3541 4056/756/3541 4055/755/3541
f 4031/731/3542 4032/732/3542 4057/757/3542 4056/756/3542
f 4032/732/3543 4033/733/3543 4058/758/3543 4057/757/3543
f 4033/733/3544 4034/734/3544 4059/759/3544 4058/758/3544
f 4034/734/3545 4035/735/3545 4060/760/3545 4059/759/3545
f 4035/735/3546 4036/736/3546 4061/761/3546 4060/760/3546
f 4036/736/3547 4037/737/3547 4062/762/3547 4061/761/3547
f 4037/737/3548 4038/738/3548 4063/763/3548 4062/762/3548
f 4038/738/3549 4039/739/3549 4064/764/3549 4063/763/3549
f 4039/739/3550 4040/740/3550 4065/765/3550 4064/764/3550
f 4040/740/3551 4041/741/3551 4066/766/3551 4065/765/3551
f 4041/741/3552 4042/742/3552 4067/767/3552 4066/766/3552
f 4042/742/3553 4043/743/3553 4068/768/3553 4067/767/3553
f 4043/743/3554 4044/744/3554 4069/769/3554 4068/768/3554
f 4044/744/3555 4045/745/3555 4070/770/3555 4069/769/3555
f 4045/745/3556 4046/746/3556 4071/771/3556 4070/770/3556
f 4046/746/3557 4047/747/3557 4072/772/3557 4071/771/3557
f 4047/747/3558 4048/748/3558 4073/773/3558 4072/772/3558
f 4048/748/3559 4049/749/3559 4074/774/3559 4073/773/3559
f 4049/749/3560 4050/750/3560 4075/775/3560 4074/774/3560
f 4051/752/3561 4052/751/3561 4077/776/3561 4076/777/3561
f 4052/751/3562 4053/753/3562 4078/778/3562 4077/776/3562
f 4053/753/3563 4054/754/3563 4079/779/3563 4078/778/3563
f 4054/754/3564 4055/755/3564 4080/780/3564 4079/779/3564
f 4055/755/3565 4056/756/3565 4081/781/3565 4080/780/3565
f 4056/756/3566 4057/757/3566 4082/782/3566 4081/781/3566
f 4057/757/3567 4058/758/3567 4083/783/3567 4082/782/3567
f 4058/758/3568 4059/759/3568 4084/784/3568 4083/783/3568
f 4059/759/3569 4060/760/3569 4085/785/3569 4084/784/3569
f 4060/760/3570 4061/761/3570 4086/786/3570 4085/785/3570
f 4061/761/3571 4062/762/3571 4087/787/3571 4086/786/3571
f 4062/762/3572 4063/763/3572 4088/788/3572 4087/787/3572
f 4063/763/3573 4064/764/3573 4089/789/3573 4088/788/3573
f 4064/764/3574 4065/765/3574 4090/790/3574 4089/789/3574
f 4065/765/3575 4066/766/3575 4091/791/3575 4090/790/3575
f 4066/766/3576 4067/767/3576 4092/792/3576 4091/791/3576
f 4067/767/3577 4068/768/3577 4093/793/3577 4092/792/3577
f 4068/768/3578 4069/769/3578 4094/794/3578 4093/793/3578
f 4069/769/3579 4070/770/3579 4095/795/3579 4094/794/3579
f 4070/770/3580 4071/771/3580 4096/796/3580 4095/795/3580
f 4071/771/3581 4072/772/3581 4097/797/3581 4096/796/3581
f 4072/772/3582 4073/773/3582 4098/798/3582 4097/797/3582
f 4073/773/3583 4074/774/3583 4099/799/3583 4098/798/3583
f 4074/774/3584 4075/775/3584 4100/800/3584 4099/799/3584
f 4076/777/3585 4077/776/3585 4102/801/3585 4101/802/3585
f 4077/776/3586 4078/778/3586 4103/803/3586 4102/801/3586
f 4078/778/3587 4079/779/3587 4104/804/3587 4103/803/3587
f 4079/779/3588 4080/780/3588 4105/805/3588 4104/804/3588
f 4080/780/3589 4081/781/3589 4106/806/3589 4105/805/3589
f 4081/781/3590 4082/782/3590 4107/807/3590 4106/806/3590
f 4082/782/3591 4083/783/3591 4108/808/3591 4107/807/3591
f 4083/783/3592 4084/784/3592 4109/809/3592 4108/808/3592
f 4084/784/3593 4085/785/3593 4110/810/3593 4109/809/3593
f 4085/785/3594 4086/786/3594 4111/811/3594 4110/810/3594
f 4086/786/3595 4087/787/3595 4112/812/3595 4111/811/3595
f 4087/787/3596 4088/788/3596 4113/813/3596 4112/812/3596
f 4088/788/3597 4089/789/3597 4114/814/3597 4113/813/3597
f 4089/789/3598 4090/790/3598 4115/815/3598 4114/814/3598
f 4090/790/3599 4091/791/3599 4116/816/3599 4115/815/3599
f 4091/791/3600 4092/792/3600 4117/817/3600 4116/816/3600
f 4092/792/3601 4093/793/3601 4118/818/3601 4117/817/3601
f 4093/793/3602 4094/794/3602 4119/819/3602 4118/818/3602
f 4094/794/3603 4095/795/3603 4120/820/3603 4119/819/3603
f 4095/795/3604 4096/796/3604 4121/821/3604 4120/820/3604
f 4096/796/3605 4097/797/3605 4122/822/3605 4121/821/3605
f 4097/797/3606 4098/798/3606 4123/823/3606 4122/822/3606
f 4098/798/3607 4099/799/3607 4124/824/3607 4123/823/3607
f 4099/799/3608 4100/800/3608 4125/825/3608 4124/824/3608
f 4126/1/3609 4151/4/3609 4152/3/3609 4127/2/3609
f 4127/2/3610 4152/3/3610 4153/6/3610 4128/5/3610
f 4128/5/3611 4153/6/3611 4154/8/3611 4129/7/3611
f 4129/7/3612 4154/8/3612 4155/10/3612 4130/9/3612
f 4130/9/3613 4155/10/3613 4156/12/3613 4131/11/3613
f 4131/11/3614 4156/12/3614 4157/14/3614 4132/13/3614
f 4132/13/3615 4157/14/3615 4158/16/3615 4133/15/3615
f 4133/15/3616 4158/16/3616 4159/18/3616 4134/17/3616
f 4134/17/3617 4159/18/3617 4160/20/3617 4135/19/3617
f 4135/19/3618 4160/20/3618 4161/22/3618 4136/21/3618
f 4136/21/3619 4161/22/3619 4162/24/3619 4137/23/3619
f 4137/23/3620 4162/24/3620 4163/26/3620 4138/25/3620
f 4138/25/3621 4163/26/3621 4164/28/3621 4139/27/3621
f 4139/27/3622 4164/28/3622 4165/30/3622 4140/29/3622
f 4140/29/3623 4165/30/3623 4166/32/3623 4141/31/3623
f 4141/31/3624 4166/32/3624 4167/34/3624 4142/33/3624
f 4142/33/3625 4167/34/3625 4168/36/3625 4143/35/3625
f 4143/35/3626 4168/36/3626 4169/38/3626 4144/37/3626
f 4144/37/3627 4169/38/3627 4170/40/3627 4145/39/3627
f 4145/39/3628 4170/40/3628 4171/42/3628 4146/41/3628
f 4146/41/3629 4171/42/3629 4172/44/3629 4147/43/3629
f 4147/43/3630 4172/44/3630 4173/46/3630 4148/45/3630
f 4148/45/3631 4173/46/3631 4174/48/3631 4149/47/3631
f 4149/47/3632 4174/48/3632 4175/50/3632 4150/49/3632
f 4151/4/3633 4176/52/3633 4177/51/3633 4152/3/3633
f 4152/3/3634 4177/51/3634 4178/53/3634 4153/6/3634
f 4153/6/3635 4178/53/3635 4179/54/3635 4154/8/3635
f 4154/8/3636 4179/54/3636 4180/55/3636 4155/10/3636
f 4155/10/3637 4180/55/3637 4181/56/3637 4156/12/3637
f 4156/12/3638 4181/56/3638 4182/57/3638 4157/14/3638
f 4157/14/3639 4182/57/3639 4183/58/3639 4158/16/3639
f 4158/16/3640 4183/58/3640 4184/59/3640 4159/18/3640
f 4159/18/3641 4184/59/3641 4185/60/3641 4160/20/3641
f 4160/20/3642 4185/60/3642 4186/61/3642 4161/22/3642
f 4161/22/3643 4186/61/3643 4187/62/3643 4162/24/3643
f 4162/24/3644 4187/62/3644 4188/63/3644 4163/26/3644
f 4163/26/3645 4188/63/3645 4189/64/3645 4164/28/3645
f 4164/28/3646 4189/64/3646 4190/65/3646 4165/30/3646
f 4165/30/3647 4190/65/3647 4191/66/3647 4166/32/3647
f 4166/32/3648 4191/66/3648 4192/67/3648 4167/34/3648
f 4167/34/3649 4192/67/3649 4193/68/3649 4168/36/3649
f 4168/36/3650 4193/68/3650 4194/69/3650 4169/38/3650
f 4169/38/3651 4194/69/3651 4195/70/3651 4170/40/3651
f 4170/40/3652 4195/70/3652 4196/71/3652 4171/42/3652
f 4171/42/3653 4196/71/3653 4197/72/3653 4172/44/3653
f 4172/44/3654 4197/72/3654 4198/73/3654 4173/46/3654
f 4173/46/3655 4198/73/3655 4199/74/3655 4174/48/3655
f 4174/48/3656 4199/74/3656 4200/75/3656 4175/50/3656
f 4176/52/3657 4201/77/3657 4202/76/3657 4177/51/3657
f 4177/51/3658 4202/76/3658 4203/78/3658 4178/53/3658
f 4178/53/3659 4203/78/3659 4204/79/3659 4179/54/3659
f 4179/54/3660 4204/79/3660 4205/80/3660 4180/55/3660
f 4180/55/3661 4205/80/3661 4206/81/3661 4181/56/3661
f 4181/56/3662 4206/81/3662 4207/82/3662 4182/57/3662
f 4182/57/3663 4207/82/3663 4208/83/3663 4183/58/3663
f 4183/58/3664 4208/83/3664 4209/84/3664 4184/59/3664
f 4184/59/3665 4209/84/3665 4210/85/3665 4185/60/3665
f 4185/60/3666 4210/85/3666 4211/86/3666 4186/61/3666
f 4186/61/3667 4211/86/3667 4212/87/3667 4187/62/3667
f 4187/62/3668 4212/87/3668 4213/88/3668 4188/63/3668
f 4188/63/3669 4213/88/3669 4214/89/3669 4189/64/3669
f 4189/64/3670 4214/89/3670 4215/90/3670 4190/65/3670
f 4190/65/3671 4215/90/3671 4216/91/3671 4191/66/3671
f 4191/66/3672 4216/91/3672 4217/92/3672 4192/67/3672
f 4192/67/3673 4217/92/3673 4218/93/3673 4193/68/3673
f 4193/68/3674 4218/93/3674 4219/94/3674 4194/69/3674
f 4194/69/3675 4219/94/3675 4220/95/3675 4195/70/3675
f 4195/70/3676 4220/95/3676 4221/96/3676 4196/71/3676
f 4196/71/3677 4221/96/3677 4222/97/3677 4197/72/3677
f 4197/72/3678 4222/97/3678 4223/98/3678 4198/73/3678
f 4198/73/3679 4223/98/3679 4224/99/3679 4199/74/3679
f 4199/74/3680 4224/99/3680 4225/100/3680 4200/75/3680
f 4201/77/3681 4226/102/3681 4227/101/3681 4202/76/3681
f 4202/76/3682 4227/101/3682 4228/103/3682 4203/78/3682
f 4203/78/3683 4228/103/3683 4229/104/3683 4204/79/3683
f 4204/79/3684 4229/104/3684 4230/105/3684 4205/80/3684
f 4205/80/3685 4230/105/3685 4231/106/3685 4206/81/3685
f 4206/81/3686 4231/106/3686 4232/107/3686 4207/82/3686
f 4207/82/3687 4232/107/3687 4233/108/3687 4208/83/3687
f 4208/83/3688 4233/108/3688 4234/109/3688 4209/84/3688
f 4209/84/3689 4234/109/3689 4235/110/3689 4210/85/3689
f 4210/85/3690 4235/110/3690 4236/111/3690 4211/86/3690
f 4211/86/3691 4236/111/3691 4237/112/3691 4212/87/3691
f 4212/87/3692 4237/112/3692 4238/113/3692 4213/88/3692
f 4213/88/3693 4238/113/3693 4239/114/3693 4214/89/3693
f 4214/89/3694 4239/114/3694 4240/115/3694 4215/90/3694
f 4215/90/3695 4240/115/3695 4241/116/3695 4216/91/3695
f 4216/91/3696 4241/116/3696 4242/117/3696 4217/92/3696
f 4217/92/3697 4242/117/3697 4243/118/3697 4218/93/3697
f 4218/93/3698 4243/118/3698 4244/119/3698 4219/94/3698
f 4219/94/3699 4244/119/3699 4245/120/3699 4220/95/3699
f 4220/95/3700 4245/120/3700 4246/121/3700 4221/96/3700
f 4221/96/3701 4246/121/3701 4247/122/3701 4222/97/3701
f 4222/97/3702 4247/122/3702 4248/123/3702 4223/98/3702
f 4223/98/3703 4248/123/3703 4249/124/3703 4224/99/3703
f 4224/99/3704 4249/124/3704 4250/125/3704 4225/100/3704
f 4226/102/3705 4251/127/3705 4252/126/3705 4227/101/3705
f 4227/101/3706 4252/126/3706 4253/128/3706 4228/103/3706
f 4228/103/3707 4253/128/3707 4254/129/3707 4229/104/3707
f 4229/104/3708 4254/129/3708 4255/130/3708 4230/105/3708
f 4230/105/3709 4255/130/3709 4256/131/3709 4231/106/3709
f 4231/106/3710 4256/131/3710 4257/132/3710 4232/107/3710
f 4232/107/3711 4257/132/3711 4258/133/3711 4233/108/3711
f 4233/108/3712 4258/133/3712 4259/134/3712 4234/109/3712
f 4234/109/3713 4259/134/3713 4260/135/3713 4235/110/3713
f 4235/110/3714 4260/135/3714 4261/136/3714 4236/111/3714
f 4236/111/3715 4261/136/3715 4262/137/3715 4237/112/3715
f 4237/112/3716 4262/137/3716 4263/138/3716 4238/113/3716
f 4238/113/3717 4263/138/3717 4264/139/3717 4239/114/3717
f 4239/114/3718 4264/139/3718 4265/140/3718 4240/115/3718
f 4240/115/3719 4265/140/3719 4266/141/3719 4241/116/3719
f 4241/116/3720 4266/141/3720 4267/142/3720 4242/117/3720
f 4242/117/3721 4267/142/3721 4268/143/3721 4243/118/3721
f 4243/118/3722 4268/143/3722 4269/144/3722 4244/119/3722
f 4244/119/3723 4269/144/3723 4270/145/3723 4245/120/3723
f 4245/120/3724 4270/145/3724 4271/146/3724 4246/121/3724
f 4246/121/3725 4271/146/3725 4272/147/3725 4247/122/3725
f 4247/122/3726 4272/147/3726 4273/148/3726 4248/123/3726
f 4248/123/3727 4273/148/3727 4274/149/3727 4249/124/3727
f 4249/124/3728 4274/149/3728 4275/150/3728 4250/125/3728
f 4251/127/3729 4276/152/3729 4277/151/3729 4252/126/3729
f 4252/126/3730 4277/151/3730 4278/153/3730 4253/128/3730
f 4253/128/3731 4278/153/3731 4279/154/3731 4254/129/3731
f 4254/129/3732 4279/154/3732 4280/155/3732 4255/130/3732
f 4255/130/3733 4280/155/3733 4281/156/3733 4256/131/3733
f 4256/131/3734 4281/156/3734 4282/157/3734 4257/132/3734
f 4257/132/3735 4282/157/3735 4283/158/3735 4258/133/3735
f 4258/133/3736 4283/158/3736 4284/159/3736 4259/134/3736
f 4259/134/3737 4284/159/3737 4285/160/3737 4260/135/3737
f 4260/135/3738 4285/160/3738 4286/161/3738 4261/136/3738
f 4261/136/3739 4286/161/3739 4287/162/3739 4262/137/3739
f 4262/137/3740 4287/162/3740 4288/163/3740 4263/138/3740
f 4263/138/3741 4288/163/3741 4289/164/3741 4264/139/3741
f 4264/139/3742 4289/164/3742 4290/165/3742 4265/140/3742
f 4265/140/3743 4290/165/3743 4291/166/3743 4266/141/3743
f 4266/141/3744 4291/166/3744 4292/167/3744 4267/142/3744
f 4267/142/3745 4292/167/3745 4293/168/3745 4268/143/3745
f 4268/143/3746 4293/168/3746 4294/169/3746 4269/144/3746
f 4269/144/3747 4294/169/3747 4295/170/3747 4270/145/3747
f 4270/145/3748 4295/170/3748 4296/171/3748 4271/146/3748
f 4271/146/3749 4296/171/3749 4297/172/3749 4272/147/3749
f 4272/147/3750 4297/172/3750 4298/173/3750 4273/148/3750
f 4273/148/3751 4298/173/3751 4299/174/3751 4274/149/3751
f 4274/149/3752 4299/174/3752 4300/175/3752 4275/150/3752
f 4276/152/3753 4301/177/3753 4302/176/3753 4277/151/3753
f 4277/151/3754 4302/176/3754 4303/178/3754 4278/153/3754
f 4278/153/3755 4303/178/3755 4304/179/3755 4279/154/3755
f 4279/154/3756 4304/179/3756 4305/180/3756 4280/155/3756
f 4280/155/3757 4305/180/3757 4306/181/3757 4281/156/3757
f 4281/156/3758 4306/181/3758 4307/182/3758 4282/157/3758
f 4282/157/3759 4307/182/3759 4308/183/3759 4283/158/3759
f 4283/158/3760 4308/183/3760 4309/184/3760 4284/159/3760
f 4284/159/3761 4309/184/3761 4310/185/3761 4285/160/3761
f 4285/160/3762 4310/185/3762 4311/186/3762 4286/161/3762
f 4286/161/3763 4311/186/3763 4312/187/3763 4287/162/3763
f 4287/162/3764 4312/187/3764 4313/188/3764 4288/163/3764
f 4288/163/3765 4313/188/3765 4314/189/3765 4289/164/3765
f 4289/164/3766 4314/189/3766 4315/190/3766 4290/165/3766
f 4290/165/3767 4315/190/3767 4316/191/3767 4291/166/3767
f 4291/166/3768 4316/191/3768 4317/192/3768 4292/167/3768
f 4292/167/3769 4317/192/3769 4318/193/3769 4293/168/3769
f 4293/168/3770 4318/193/3770 4319/194/3770 4294/169/3770
f 4294/169/3771 4319/194/3771 4320/195/3771 4295/170/3771
f 4295/170/3772 4320/195/3772 4321/196/3772 4296/171/3772
f 4296/171/3773 4321/196/3773 4322/197/3773 4297/172/3773
f 4297/172/3774 4322/197/3774 4323/198/3774 4298/173/3774
f 4298/173/3775 4323/198/3775 4324/199/3775 4299/174/3775
f 4299/174/3776 4324/199/3776 4325/200/3776 4300/175/3776
f 4301/177/3777 4326/202/3777 4327/201/3777 4302/176/3777
f 4302/176/3778 4327/201/3778 4328/203/3778 4303/178/3778
f 4303/178/3779 4328/203/3779 4329/204/3779 4304/179/3779
f 4304/179/3780 4329/204/3780 4330/205/3780 4305/180/3780
f 4305/180/3781 4330/205/3781 4331/206/3781 4306/181/3781
f 4306/181/3782 4331/206/3782 4332/207/3782 4307/182/3782
f 4307/182/3783 4332/207/3783 4333/208/3783 4308/183/3783
f 4308/183/3784 4333/208/3784 4334/209/3784 4309/184/3784
f 4309/184/3785 4334/209/3785 4335/210/3785 4310/185/3785
f 4310/185/3786 4335/210/3786 4336/211/3786 4311/186/3786
f 4311/186/3787 4336/211/3787 4337/212/3787 4312/187/3787
f 4312/187/3788 4337/212/3788 4338/213/3788 4313/188/3788
f 4313/188/3789 4338/213/3789 4339/214/3789 4314/189/3789
f 4314/189/3790 4339/214/3790 4340/215/3790 4315/190/3790
f 4315/190/3791 4340/215/3791 4341/216/3791 4316/191/3791
f 4316/191/3792 4341/216/3792 4342/217/3792 4317/192/3792
f 4317/192/3793 4342/217/3793 4343/218/3793 4318/193/3793
f 4318/193/3794 4343/218/3794 4344/219/3794 4319/194/3794
f 4319/194/3795 4344/219/3795 4345/220/3795 4320/195/3795
f 4320/195/3796 4345/220/3796 4346/221/3796 4321/196/3796
f 4321/196/3797 4346/221/3797 4347/222/3797 4322/197/3797
f 4322/197/3798 4347/222/3798 4348/223/3798 4323/198/3798
f 4323/198/3799 4348/223/3799 4349/224/3799 4324/199/3799
f 4324/199/3800 4349/224/3800 4350/225/3800 4325/200/3800
f 4326/202/3801 4351/227/3801 4352/226/3801 4327/201/3801
f 4327/201/3802 4352/226/3802 4353/228/3802 4328/203/3802
f 4328/203/3803 4353/228/3803 4354/229/3803 4329/204/3803
f 4329/204/3804 4354/229/3804 4355/230/3804 4330/205/3804
f 4330/205/3805 4355/230/3805 4356/231/3805 4331/206/3805
f 4331/206/3806 4356/231/3806 4357/232/3806 4332/207/3806
f 4332/207/3807 4357/232/3807 4358/233/3807 4333/208/3807
f 4333/208/3808 4358/233/3808 4359/234/3808 4334/209/3808
f 4334/209/3809 4359/234/3809 4360/235/3809 4335/210/3809
f 4335/210/3810 4360/235/3810 4361/236/3810 4336/211/3810
f 4336/211/3811 4361/236/3811 4362/237/3811 4337/212/3811
f 4337/212/3812 4362/237/3812 4363/238/3812 4338/213/3812
f 4338/213/3813 4363/238/3813 4364/239/3813 4339/214/3813
f 4339/214/3814 4364/239/3814 4365/240/3814 4340/215/3814
f 4340/215/3815 4365/240/3815 4366/241/3815 4341/216/3815
f 4341/216/3816 4366/241/3816 4367/242/3816 4342/217/3816
f 4342/217/3817 4367/242/3817 4368/243/3817 4343/218/3817
f 4343/218/3818 4368/243/3818 4369/244/3818 4344/219/3818
f 4344/219/3819 4369/244/3819 4370/245/3819 4345/220/3819
f 4345/220/3820 4370/245/3820 4371/246/3820 4346/221/3820
f 4346/221/3821 4371/246/3821 4372/247/3821 4347/222/3821
f 4347/222/3822 4372/247/3822 4373/248/3822 4348/223/3822
f 4348/223/3823 4373/248/3823 4374/249/3823 4349/224/3823
f 4349/224/3824 4374/249/3824 4375/250/3824 4350/225/3824
f 4351/227/3825 4376/252/3825 4377/251/3825 4352/226/3825
f 4352/226/3826 4377/251/3826 4378/253/3826 4353/228/3826
f 4353/228/3827 4378/253/3827 4379/254/3827 4354/229/3827
f 4354/229/3828 4379/254/3828 4380/255/3828 4355/230/3828
f 4355/230/3829 4380/255/3829 4381/256/3829 4356/231/3829
f 4356/231/3830 4381/256/3830 4382/257/3830 4357/232/3830
f 4357/232/3831 4382/257/3831 4383/258/3831 4358/233/3831
f 4358/233/3832 4383/258/3832 4384/259/3832 4359/234/3832
f 4359/234/3833 4384/259/3833 4385/260/3833 4360/235/3833
f 4360/235/3834 4385/260/3834 4386/261/3834 4361/236/3834
f 4361/236/3835 4386/261/3835 4387/262/3835 4362/237/3835
f 4362/237/3836 4387/262/3836 4388/263/3836 4363/238/3836
f 4363/238/3837 4388/263/3837 4389/264/3837 4364/239/3837
f 4364/239/3838 4389/264/3838 4390/265/3838 4365/240/3838
f 4365/240/3839 4390/265/3839 4391/266/3839 4366/241/3839
f 4366/241/3840 4391/266/3840 4392/267/3840 4367/242/3840
f 4367/242/3841 4392/267/3841 4393/268/3841 4368/243/3841
f 4368/243/3842 4393/268/3842 4394/269/3842 4369/244/3842
f 4369/244/3843 4394/269/3843 4395/270/3843 4370/245/3843
f 4370/245/3844 4395/270/3844 4396/271/3844 4371/246/3844
f 4371/246/3845 4396/271/3845 4397/272/3845 4372/247/3845
f 4372/247/3846 4397/272/3846 4398/273/3846 4373/248/3846
f 4373/248/3847 4398/273/3847 4399/274/3847 4374/249/3847
f 4374/249/3848 4399/274/3848 4400/275/3848 4375/250/3848
f 4376/252/3849 4401/277/3849 4402/276/3849 4377/251/3849
f 4377/251/3850 4402/276/3850 4403/278/3850 4378/253/3850
f 4378/253/3851 4403/278/3851 4404/279/3851 4379/254/3851
f 4379/254/3852 4404/279/3852 4405/280/3852 4380/255/3852
f 4380/255/3853 4405/280/3853 4406/281/3853 4381/256/3853
f 4381/256/3854 4406/281/3854 4407/282/3854 4382/257/3854
f 4382/257/3855 4407/282/3855 4408/283/3855 4383/258/3855
f 4383/258/3856 4408/283/3856 4409/284/3856 4384/259/3856
f 4384/259/3857 4409/284/3857 4410/285/3857 4385/260/3857
f 4385/260/3858 4410/285/3858 4411/286/3858 4386/261/3858
f 4386/261/3859 4411/286/3859 4412/287/3859 4387/262/3859
f 4387/262/3860 4412/287/3860 4413/288/3860 4388/263/3860
f 4388/263/3861 4413/288/3861 4414/289/3861 4389/264/3861
f 4389/264/3862 4414/289/3862 4415/290/3862 4390/265/3862
f 4390/265/3863 4415/290/3863 4416/291/3863 4391/266/3863
f 4391/266/3864 4416/291/3864 4417/292/3864 4392/267/3864
f 4392/267/3865 4417/292/3865 4418/293/3865 4393/268/3865
f 4393/268/3866 4418/293/3866 4419/294/3866 4394/269/3866
f 4394/269/3867 4419/294/3867 4420/295/3867 4395/270/3867
f 4395/270/3868 4420/295/3868 4421/296/3868 4396/271/3868
f 4396/271/3869 4421/296/3869 4422/297/3869 4397/272/3869
f 4397/272/3870 4422/297/3870 4423/298/3870 4398/273/3870
f 4398/273/3871 4423/298/3871 4424/299/3871 4399/274/3871
f 4399/274/3872 4424/299/3872 4425/300/3872 4400/275/3872
f 4401/277/3873 4426/302/3873 4427/301/3873 4402/276/3873
f 4402/276/3874 4427/301/3874 4428/303/3874 4403/278/3874
f 4403/278/3875 4428/303/3875 4429/304/3875 4404/279/3875
f 4404/279/3876 4429/304/3876 4430/305/3876 4405/280/3876
f 4405/280/3877 4430/305/3877 4431/306/3877 4406/281/3877
f 4406/281/3878 4431/306/3878 4432/307/3878 4407/282/3878
f 4407/282/3879 4432/307/3879 4433/308/3879 4408/283/3879
f 4408/283/3880 4433/308/3880 4434/309/3880 4409/284/3880
f 4409/284/3881 4434/309/3881 4435/310/3881 4410/285/3881
f 4410/285/3882 4435/310/3882 4436/311/3882 4411/286/3882
f 4411/286/3883 4436/311/3883 4437/312/3883 4412/287/3883
f 4412/287/3884 4437/312/3884 4438/313/3884 4413/288/3884
f 4413/288/3885 4438/313/3885 4439/314/3885 4414/289/3885
f 4414/289/3886 4439/314/3886 4440/315/3886 4415/290/3886
f 4415/290/3887 4440/315/3887 4441/316/3887 4416/291/3887
f 4416/291/3888 4441/316/3888 4442/317/3888 4417/292/3888
f 4417/292/3889 4442/317/3889 4443/318/3889 4418/293/3889
f 4418/293/3890 4443/318/3890 4444/319/3890 4419/294/3890
f 4419/294/3891 4444/319/3891 4445/320/3891 4420/295/3891
f 4420/295/3892 4445/320/3892 4446/321/3892 4421/296/3892
f 4421/296/3893 4446/321/3893 4447/322/3893 4422/297/3893
f 4422/297/3894 4447/322/3894 4448/323/3894 4423/298/3894
f 4423/298/3895 4448/323/3895 4449/324/3895 4424/299/3895
f 4424/299/3896 4449/324/3896 4450/325/3896 4425/300/3896
f 4426/302/3897 4451/327/3897 4452/326/3897 4427/301/3897
f 4427/301/3898 4452/326/3898 4453/328/3898 4428/303/3898
f 4428/303/3899 4453/328/3899 4454/329/3899 4429/304/3899
f 4429/304/3900 4454/329/3900 4455/330/3900 4430/305/3900
f 4430/305/3901 4455/330/3901 4456/331/3901 4431/306/3901
f 4431/306/3902 4456/331/3902 4457/332/3902 4432/307/3902
f 4432/307/3903 4457/332/3903 4458/333/3903 4433/308/3903
f 4433/308/3904 4458/333/3904 4459/334/3904 4434/309/3904
f 4434/309/3905 4459/334/3905 4460/335/3905 4435/310/3905
f 4435/310/3906 4460/335/3906 4461/336/3906 4436/311/3906
f 4436/311/3907 4461/336/3907 4462/337/3907 4437/312/3907
f 4437/312/3908 4462/337/3908 4463/338/3908 4438/313/3908
f 4438/313/3909 4463/338/3909 4464/339/3909 4439/314/3909
f 4439/314/3910 4464/339/3910 4465/340/3910 4440/315/3910
f 4440/315/3911 4465/340/3911 4466/341/3911 4441/316/3911
f 4441/316/3912 4466/341/3912 4467/342/3912 4442/317/3912
f 4442/317/3913 4467/342/3913 4468/343/3913 4443/318/3913
f 4443/318/3914 4468/343/3914 4469/344/3914 4444/319/3914
f 4444/319/3915 4469/344/3915 4470/345/3915 4445/320/3915
f 4445/320/3916 4470/345/3916 4471/346/3916 4446/321/3916
f 4446/321/3917 4471/346/3917 4472/347/3917 4447/322/3917
f 4447/322/3918 4472/347/3918 4473/348/3918 4448/323/3918
f 4448/323/3919 4473/348/3919 4474/349/3919 4449/324/3919
f 4449/324/3920 4474/349/3920 4475/350/3920 4450/325/3920
f 4451/327/3921 4476/352/3921 4477/351/3921 4452/326/3921
f 4452/326/3922 4477/351/3922 4478/353/3922 4453/328/3922
f 4453/328/3923 4478/353/3923 4479/354/3923 4454/329/3923
f 4454/329/3924 4479/354/3924 4480/355/3924 4455/330/3924
f 4455/330/3925 4480/355/3925 4481/356/3925 4456/331/3925
f 4456/331/3926 4481/356/3926 4482/357/3926 4457/332/3926
f 4457/332/3927 4482/357/3927 4483/358/3927 4458/333/3927
f 4458/333/3928 4483/358/3928 4484/359/3928 4459/334/3928
f 4459/334/3929 4484/359/3929 4485/360/3929 4460/335/3929
f 4460/335/3930 4485/360/3930 4486/361/3930 4461/336/3930
f 4461/336/3931 4486/361/3931 4487/362/3931 4462/337/3931
f 4462/337/3932 4487/362/3932 4488/363/3932 4463/338/3932
f 4463/338/3933 4488/363/3933 4489/364/3933 4464/339/3933
f 4464/339/3934 4489/364/3934 4490/365/3934 4465/340/3934
f 4465/340/3935 4490/365/3935 4491/366/3935 4466/341/3935
f 4466/341/3936 4491/366/3936 4492/367/3936 4467/342/3936
f 4467/342/3937 4492/367/3937 4493/368/3937 4468/343/3937
f 4468/343/3938 4493/368/3938 4494/369/3938 4469/344/3938
f 4469/344/3939 4494/369/3939 4495/370/3939 4470/345/3939
f 4470/345/3940 4495/370/3940 4496/371/3940 4471/346/3940
f 4471/346/3941 4496/371/3941 4497/372/3941 4472/347/3941
f 4472/347/3942 4497/372/3942 4498/373/3942 4473/348/3942
f 4473/348/3943 4498/373/3943 4499/374/3943 4474/349/3943
f 4474/349/3944 4499/374/3944 4500/375/3944 4475/350/3944
f 4476/352/3945 4501/377/3945 4502/376/3945 4477/351/3945
f 4477/351/3946 4502/376/3946 4503/378/3946 4478/353/3946
f 4478/353/3947 4503/378/3947 4504/379/3947 4479/354/3947
f 4479/354/3948 4504/379/3948 4505/380/3948 4480/355/3948
f 4480/355/3949 4505/380/3949 4506/381/3949 4481/356/3949
f 4481/356/3950 4506/381/3950 4507/382/3950 4482/357/3950
f 4482/357/3951 4507/382/3951 4508/383/3951 4483/358/3951
f 4483/358/3952 4508/383/3952 4509/384/3952 4484/359/3952
f 4484/359/3953 4509/384/3953 4510/385/3953 4485/360/3953
f 4485/360/3954 4510/385/3954 4511/386/3954 4486/361/3954
f 4486/361/3955 4511/386/3955 4512/387/3955 4487/362/3955
f 4487/362/3956 4512/387/3956 4513/388/3956 4488/363/3956
f 4488/363/3957 4513/388/3957 4514/389/3957 4489/364/3957
f 4489/364/3958 4514/389/3958 4515/390/3958 4490/365/3958
f 4490/365/3959 4515/390/3959 4516/391/3959 4491/366/3959
f 4491/366/3960 4516/391/3960 4517/392/3960 4492/367/3960
f 4492/367/3961 4517/392/3961 4518/393/3961 4493/368/3961
f 4493/368/3962 4518/393/3962 4519/394/3962 4494/369/3962
f 4494/369/3963 4519/394/3963 4520/395/3963 4495/370/3963
f 4495/370/3964 4520/395/3964 4521/396/3964 4496/371/3964
f 4496/371/3965 4521/396/3965 4522/397/3965 4497/372/3965
f 4497/372/3966 4522/397/3966 4523/398/3966 4498/373/3966
f 4498/373/3967 4523/398/3967 4524/399/3967 4499/374/3967
f 4499/374/3968 4524/399/3968 4525/400/3968 4500/375/3968
f 4501/377/3969 4526/402/3969 4527/401/3969 4502/376/3969
f 4502/376/3970 4527/401/3970 4528/403/3970 4503/378/3970
f 4503/378/3971 4528/403/3971 4529/404/3971 4504/379/3971
f 4504/379/3972 4529/404/3972 4530/405/3972 4505/380/3972
f 4505/380/3973 4530/405/3973 4531/406/3973 4506/381/3973
f 4506/381/3974 4531/406/3974 4532/407/3974 4507/382/3974
f 4507/382/3975 4532/407/3975 4533/408/3975 4508/383/3975
f 4508/383/3976 4533/408/3976 4534/409/3976 4509/384/3976
f 4509/384/3977 4534/409/3977 4535/410/3977 4510/385/3977
f 4510/385/3978 4535/410/3978 4536/411/3978 4511/386/3978
f 4511/386/3979 4536/411/3979 4537/412/3979 4512/387/3979
f 4512/387/3980 4537/412/3980 4538/413/3980 4513/388/3980
f 4513/388/3981 4538/413/3981 4539/414/3981 4514/389/3981
f 4514/389/3982 4539/414/3982 4540/415/3982 4515/390/3982
f 4515/390/3983 4540/415/3983 4541/416/3983 4516/391/3983
f 4516/391/3984 4541/416/3984 4542/417/3984 4517/392/3984
f 4517/392/3985 4542/417/3985 4543/418/3985 4518/393/3985
f 4518/393/3986 4543/418/3986 4544/419/3986 4519/394/3986
f 4519/394/3987 4544/419/3987 4545/420/3987 4520/395/3987
f 4520/395/3988 4545/420/3988 4546/421/3988 4521/396/3988
f 4521/396/3989 4546/421/3989 4547/422/3989 4522/397/3989
f 4522/397/3990 4547/422/3990 4548/423/3990 4523/398/3990
f 4523/398/3991 4548/423/3991 4549/424/3991 4524/399/3991
f 4524/399/3992 4549/424/3992 4550/425/3992 4525/400/3992
f 4526/402/3993 4551/427/3993 4552/426/3993 4527/401/3993
f 4527/401/3994 4552/426/3994 4553/428/3994 4528/403/3994
f 4528/403/3995 4553/428/3995 4554/429/3995 4529/404/3995
f 4529/404/3996 4554/429/3996 4555/430/3996 4530/405/3996
f 4530/405/3997 4555/430/3997 4556/431/3997 4531/406/3997
f 4531/406/3998 4556/431/3998 4557/432/3998 4532/407/3998
f 4532/407/3999 4557/432/3999 4558/433/3999 4533/408/3999
f 4533/408/4000 4558/433/4000 4559/434/4000 4534/409/4000
f 4534/409/4001 4559/434/4001 4560/435/4001 4535/410/4001
f 4535/410/4002 4560/435/4002 4561/436/4002 4536/411/4002
f 4536/411/4003 4561/436/4003 4562/437/4003 4537/412/4003
f 4537/412/4004 4562/437/4004 4563/438/4004 4538/413/4004
f 4538/413/3966 4563/438/3966 4564/439/3966 4539/414/3966
f 4539/414/4005 4564/439/4005 4565/440/4005 4540/415/4005
f 4540/415/4006 4565/440/4006 4566/441/4006 4541/416/4006
f 4541/416/4007 4566/441/4007 4567/442/4007 4542/417/4007
f 4542/417/4008 4567/442/4008 4568/443/4008 4543/418/4008
f 4543/418/4009 4568/443/4009 4569/444/4009 4544/419/4009
f 4544/419/4010 4569/444/4010 4570/445/4010 4545/420/4010
f 4545/420/4011 4570/445/4011 4571/446/4011 4546/421/4011
f 4546/421/4012 4571/446/4012 4572/447/4012 4547/422/4012
f 4547/422/4013 4572/447/4013 4573/448/4013 4548/423/4013
f 4548/423/4014 4573/448/4014 4574/449/4014 4549/424/4014
f 4549/424/4015 4574/449/4015 4575/450/4015 4550/425/4015
f 4551/427/4016 4576/452/4016 4577/451/4016 4552/426/4016
f 4552/426/4017 4577/451/4017 4578/453/4017 4553/428/4017
f 4553/428/4018 4578/453/4018 4579/454/4018 4554/429/4018
f 4554/429/4019 4579/454/4019 4580/455/4019 4555/430/4019
f 4555/430/4020 4580/455/4020 4581/456/4020 4556/431/4020
f 4556/431/4021 4581/456/4021 4582/457/4021 4557/432/4021
f 4557/432/4022 4582/457/4022 4583/458/4022 4558/433/4022
f 4558/433/4023 4583/458/4023 4584/459/4023 4559/434/4023
f 4559/434/4024 4584/459/4024 4585/460/4024 4560/435/4024
f 4560/435/4025 4585/460/4025 4586/461/4025 4561/436/4025
f 4561/436/4026 4586/461/4026 4587/462/4026 4562/437/4026
f 4562/437/4027 4587/462/4027 4588/463/4027 4563/438/4027
f 4563/438/4028 4588/463/4028 4589/464/4028 4564/439/4028
f 4564/439/4029 4589/464/4029 4590/465/4029 4565/440/4029
f 4565/440/4030 4590/465/4030 4591/466/4030 4566/441/4030
f 4566/441/4031 4591/466/4031 4592/467/4031 4567/442/4031
f 4567/442/4032 4592/467/4032 4593/468/4032 4568/443/4032
f 4568/443/4033 4593/468/4033 4594/469/4033 4569/444/4033
f 4569/444/4034 4594/469/4034 4595/470/4034 4570/445/4034
f 4570/445/4035 4595/470/4035 4596/471/4035 4571/446/4035
f 4571/446/4036 4596/471/4036 4597/472/4036 4572/447/4036
f 4572/447/4037 4597/472/4037 4598/473/4037 4573/448/4037
f 4573/448/4038 4598/473/4038 4599/474/4038 4574/449/4038
f 4574/449/4039 4599/474/4039 4600/475/4039 4575/450/4039
f 4576/452/4040 4601/477/4040 4602/476/4040 4577/451/4040
f 4577/451/4041 4602/476/4041 4603/478/4041 4578/453/4041
f 4578/453/4042 4603/478/4042 4604/479/4042 4579/454/4042
f 4579/454/4043 4604/479/4043 4605/480/4043 4580/455/4043
f 4580/455/4044 4605/480/4044 4606/481/4044 4581/456/4044
f 4581/456/4045 4606/481/4045 4607/482/4045 4582/457/4045
f 4582/457/4046 4607/482/4046 4608/483/4046 4583/458/4046
f 4583/458/4047 4608/483/4047 4609/484/4047 4584/459/4047
f 4584/459/4048 4609/484/4048 4610/485/4048 4585/460/4048
f 4585/460/4049 4610/485/4049 4611/486/4049 4586/461/4049
f 4586/461/4050 4611/486/4050 4612/487/4050 4587/462/4050
f 4587/462/4051 4612/487/4051 4613/488/4051 4588/463/4051
f 4588/463/4052 4613/488/4052 4614/489/4052 4589/464/4052
f 4589/464/4053 4614/489/4053 4615/490/4053 4590/465/4053
f 4590/465/4054 4615/490/4054 4616/491/4054 4591/466/4054
f 4591/466/4055 4616/491/4055 4617/492/4055 4592/467/4055
f 4592/467/4056 4617/492/4056 4618/493/4056 4593/468/4056
f 4593/468/4057 4618/493/4057 4619/494/4057 4594/469/4057
f 4594/469/4058 4619/494/4058 4620/495/4058 4595/470/4058
f 4595/470/4059 4620/495/4059 4621/496/4059 4596/471/4059
f 4596/471/4060 4621/496/4060 4622/497/4060 4597/472/4060
f 4597/472/4061 4622/497/4061 4623/498/4061 4598/473/4061
f 4598/473/4062 4623/498/4062 4624/499/4062 4599/474/4062
f 4599/474/4063 4624/499/4063 4625/500/4063 4600/475/4063
f 4601/477/4064 4626/502/4064 4627/501/4064 4602/476/4064
f 4602/476/4065 4627/501/4065 4628/503/4065 4603/478/4065
f 4603/478/4066 4628/503/4066 4629/504/4066 4604/479/4066
f 4604/479/4067 4629/504/4067 4630/505/4067 4605/480/4067
f 4605/480/4068 4630/505/4068 4631/506/4068 4606/481/4068
f 4606/481/4069 4631/506/4069 4632/507/4069 4607/482/4069
f 4607/482/4070 4632/507/4070 4633/508/4070 4608/483/4070
f 4608/483/4071 4633/508/4071 4634/509/4071 4609/484/4071
f 4609/484/4072 4634/509/4072 4635/510/4072 4610/485/4072
f 4610/485/4073 4635/510/4073 4636/511/4073 4611/486/4073
f 4611/486/4074 4636/511/4074 4637/512/4074 4612/487/4074
f 4612/487/4075 4637/512/4075 4638/513/4075 4613/488/4075
f 4613/488/4076 4638/513/4076 4639/514/4076 4614/489/4076
f 4614/489/4077 4639/514/4077 4640/515/4077 4615/490/4077
f 4615/490/4078 4640/515/4078 4641/516/4078 4616/491/4078
f 4616/491/4079 4641/516/4079 4642/517/4079 4617/492/4079
f 4617/492/4080 4642/517/4080 4643/518/4080 4618/493/4080
f 4618/493/4081 4643/518/4081 4644/519/4081 4619/494/4081
f 4619/494/4082 4644/519/4082 4645/520/4082 4620/495/4082
f 4620/495/4083 4645/520/4083 4646/521/4083 4621/496/4083
f 4621/496/4084 4646/521/4084 4647/522/4084 4622/497/4084
f 4622/497/4085 4647/522/4085 4648/523/4085 4623/498/4085
f 4623/498/4086 4648/523/4086 4649/524/4086 4624/499/4086
f 4624/499/4087 4649/524/4087 4650/525/4087 4625/500/4087
f 4626/502/4088 4651/527/4088 4652/526/4088 4627/501/4088
f 4627/501/4089 4652/526/4089 4653/528/4089 4628/503/4089
f 4628/503/4090 4653/528/4090 4654/529/4090 4629/504/4090
f 4629/504/4091 4654/529/4091 4655/530/4091 4630/505/4091
f 4630/505/4092 4655/530/4092 4656/531/4092 4631/506/4092
f 4631/506/4093 4656/531/4093 4657/532/4093 4632/507/4093
f 4632/507/4094 4657/532/4094 4658/533/4094 4633/508/4094
f 4633/508/4095 4658/533/4095 4659/534/4095 4634/509/4095
f 4634/509/4096 4659/534/4096 4660/535/4096 4635/510/4096
f 4635/510/4097 4660/535/4097 4661/536/4097 4636/511/4097
f 4636/511/4098 4661/536/4098 4662/537/4098 4637/512/4098
f 4637/512/4099 4662/537/4099 4663/538/4099 4638/513/4099
f 4638/513/4100 4663/538/4100 4664/539/4100 4639/514/4100
f 4639/514/4101 4664/539/4101 4665/540/4101 4640/515/4101
f 4640/515/4102 4665/540/4102 4666/541/4102 4641/516/4102
f 4641/516/4103 4666/541/4103 4667/542/4103 4642/517/4103
f 4642/517/4104 4667/542/4104 4668/543/4104 4643/518/4104
f 4643/518/4105 4668/543/4105 4669/544/4105 4644/519/4105
f 4644/519/4106 4669/544/4106 4670/545/4106 4645/520/4106
f 4645/520/4107 4670/545/4107 4671/546/4107 4646/521/4107
f 4646/521/4108 4671/546/4108 4672/547/4108 4647/522/4108
f 4647/522/4109 4672/547/4109 4673/548/4109 4648/523/4109
f 4648/523/4110 4673/548/4110 4674/549/4110 4649/524/4110
f 4649/524/4111 4674/549/4111 4675/550/4111 4650/525/4111
f 4651/527/4112 4676/552/4112 4677/551/4112 4652/526/4112
f 4652/526/4113 4677/551/4113 4678/553/4113 4653/528/4113
f 4653/528/4114 4678/553/4114 4679/554/4114 4654/529/4114
f 4654/529/4115 4679/554/4115 4680/555/4115 4655/530/4115
f 4655/530/4116 4680/555/4116 4681/556/4116 4656/531/4116
f 4656/531/4117 4681/556/4117 4682/557/4117 4657/532/4117
f 4657/532/4118 4682/557/4118 4683/558/4118 4658/533/4118
f 4658/533/4119 4683/558/4119 4684/559/4119 4659/534/4119
f 4659/534/4120 4684/559/4120 4685/560/4120 4660/535/4120
f 4660/535/4121 4685/560/4121 4686/561/4121 4661/536/4121
f 4661/536/4122 4686/561/4122 4687/562/4122 4662/537/4122
f 4662/537/4123 4687/562/4123 4688/563/4123 4663/538/4123
f 4663/538/4124 4688/563/4124 4689/564/4124 4664/539/4124
f 4664/539/4125 4689/564/4125 4690/565/4125 4665/540/4125
f 4665/540/4126 4690/565/4126 4691/566/4126 4666/541/4126
f 4666/541/4127 4691/566/4127 4692/567/4127 4667/542/4127
f 4667/542/4128 4692/567/4128 4693/568/4128 4668/543/4128
f 4668/543/4129 4693/568/4129 4694/569/4129 4669/544/4129
f 4669/544/4130 4694/569/4130 4695/570/4130 4670/545/4130
f 4670/545/4131 4695/570/4131 4696/571/4131 4671/546/4131
f 4671/546/4132 4696/571/4132 4697/572/4132 4672/547/4132
f 4672/547/4133 4697/572/4133 4698/573/4133 4673/548/4133
f 4673/548/4134 4698/573/4134 4699/574/4134 4674/549/4134
f 4674/549/4135 4699/574/4135 4700/575/4135 4675/550/4135
f 4676/552/4136 4701/577/4136 4702/576/4136 4677/551/4136
f 4677/551/4137 4702/576/4137 4703/578/4137 4678/553/4137
f 4678/553/4138 4703/578/4138 4704/579/4138 4679/554/4138
f 4679/554/4139 4704/579/4139 4705/580/4139 4680/555/4139
f 4680/555/4140 4705/580/4140 4706/581/4140 4681/556/4140
f 4681/556/4141 4706/581/4141 4707/582/4141 4682/557/4141
f 4682/557/4142 4707/582/4142 4708/583/4142 4683/558/4142
f 4683/558/4143 4708/583/4143 4709/584/4143 4684/559/4143
f 4684/559/4144 4709/584/4144 4710/585/4144 4685/560/4144
f 4685/560/4145 4710/585/4145 4711/586/4145 4686/561/4145
f 4686/561/4146 4711/586/4146 4712/587/4146 4687/562/4146
f 4687/562/4147 4712/587/4147 4713/588/4147 4688/563/4147
f 4688/563/4148 4713/588/4148 4714/589/4148 4689/564/4148
f 4689/564/4149 4714/589/4149 4715/590/4149 4690/565/4149
f 4690/565/4150 4715/590/4150 4716/591/4150 4691/566/4150
f 4691/566/4151 4716/591/4151 4717/592/4151 4692/567/4151
f 4692/567/4152 4717/592/4152 4718/593/4152 4693/568/4152
f 4693/568/4153 4718/593/4153 4719/594/4153 4694/569/4153
f 4694/569/4154 4719/594/4154 4720/595/4154 4695/570/4154
f 4695/570/4155 4720/595/4155 4721/596/4155 4696/571/4155
f 4696/571/4156 4721/596/4156 4722/597/4156 4697/572/4156
f 4697/572/4157 4722/597/4157 4723/598/4157 4698/573/4157
f 4698/573/4158 4723/598/4158 4724/599/4158 4699/574/4158
f 4699/574/4159 4724/599/4159 4725/600/4159 4700/575/4159
f 4701/577/4160 4726/602/4160 4727/601/4160 4702/576/4160
f 4702/576/4161 4727/601/4161 4728/603/4161 4703/578/4161
f 4703/578/4162 4728/603/4162 4729/604/4162 4704/579/4162
f 4704/579/4163 4729/604/4163 4730/605/4163 4705/580/4163
f 4705/580/4164 4730/605/4164 4731/606/4164 4706/581/4164
f 4706/581/4165 4731/606/4165 4732/607/4165 4707/582/4165
f 4707/582/4166 4732/607/4166 4733/608/4166 4708/583/4166
f 4708/583/4167 4733/608/4167 4734/609/4167 4709/584/4167
f 4709/584/4168 4734/609/4168 4735/610/4168 4710/585/4168
f 4710/585/4169 4735/610/4169 4736/611/4169 4711/586/4169
f 4711/586/4170 4736/611/4170 4737/612/4170 4712/587/4170
f 4712/587/4171 4737/612/4171 4738/613/4171 4713/588/4171
f 4713/588/4172 4738/613/4172 4739/614/4172 4714/589/4172
f 4714/589/4173 4739/614/4173 4740/615/4173 4715/590/4173
f 4715/590/4174 4740/615/4174 4741/616/4174 4716/591/4174
f 4716/591/4175 4741/616/4175 4742/617/4175 4717/592/4175
f 4717/592/4176 4742/617/4176 4743/618/4176 4718/593/4176
f 4718/593/4177 4743/618/4177 4744/619/4177 4719/594/4177
f 4719/594/4178 4744/619/4178 4745/620/4178 4720/595/4178
f 4720/595/4179 4745/620/4179 4746/621/4179 4721/596/4179
f 4721/596/4180 4746/621/4180 4747/622/4180 4722/597/4180
f 4722/597/4181 4747/622/4181 4748/623/4181 4723/598/4181
f 4723/598/4182 4748/623/4182 4749/624/4182 4724/599/4182
f 4724/599/4183 4749/624/4183 4750/625/4183 4725/600/4183
f 4726/602/4184 4751/627/4184 4752/626/4184 4727/601/4184
f 4727/601/4185 4752/626/4185 4753/628/4185 4728/603/4185
f 4728/603/4186 4753/628/4186 4754/629/4186 4729/604/4186
f 4729/604/4187 4754/629/4187 4755/630/4187 4730/605/4187
f 4730/605/4188 4755/630/4188 4756/631/4188 4731/606/4188
f 4731/606/4189 4756/631/4189 4757/632/4189 4732/607/4189
f 4732/607/4190 4757/632/4190 4758/633/4190 4733/608/4190
f 4733/608/4191 4758/633/4191 4759/634/4191 4734/609/4191
f 4734/609/4192 4759/634/4192 4760/635/4192 4735/610/4192
f 4735/610/4193 4760/635/4193 4761/636/4193 4736/611/4193
f 4736/611/4194 4761/636/4194 4762/637/4194 4737/612/4194
f 4737/612/4195 4762/637/4195 4763/638/4195 4738/613/4195
f 4738/613/4196 4763/638/4196 4764/639/4196 4739/614/4196
f 4739/614/4197 4764/639/4197 4765/640/4197 4740/615/4197
f 4740/615/4198 4765/640/4198 4766/641/4198 4741/616/4198
f 4741/616/4199 4766/641/4199 4767/642/4199 4742/617/4199
f 4742/617/4200 4767/642/4200 4768/643/4200 4743/618/4200
f 4743/618/4201 4768/643/4201 4769/644/4201 4744/619/4201
f 4744/619/4202 4769/644/4202 4770/645/4202 4745/620/4202
f 4745/620/4203 4770/645/4203 4771/646/4203 4746/621/4203
f 4746/621/4204 4771/646/4204 4772/647/4204 4747/622/4204
f 4747/622/4205 4772/647/4205 4773/648/4205 4748/623/4205
f 4748/623/4206 4773/648/4206 4774/649/4206 4749/624/4206
f 4749/624/4207 4774/649/4207 4775/650/4207 4750/625/4207
f 4751/627/4208 4776/652/4208 4777/651/4208 4752/626/4208
f 4752/626/4209 4777/651/4209 4778/653/4209 4753/628/4209
f 4753/628/4210 4778/653/4210 4779/654/4210 4754/629/4210
f 4754/629/4211 4779/654/4211 4780/655/4211 4755/630/4211
f 4755/630/4212 4780/655/4212 4781/656/4212 4756/631/4212
f 4756/631/4213 4781/656/4213 4782/657/4213 4757/632/4213
f 4757/632/4214 4782/657/4214 4783/658/4214 4758/633/4214
f 4758/633/4215 4783/658/4215 4784/659/4215 4759/634/4215
f 4759/634/4216 4784/659/4216 4785/660/4216 4760/635/4216
f 4760/635/4217 4785/660/4217 4786/661/4217 4761/636/4217
f 4761/636/4218 4786/661/4218 4787/662/4218 4762/637/4218
f 4762/637/4219 4787/662/4219 4788/663/4219 4763/638/4219
f 4763/638/4220 4788/663/4220 4789/664/4220 4764/639/4220
f 4764/639/4221 4789/664/4221 4790/665/4221 4765/640/4221
f 4765/640/4222 4790/665/4222 4791/666/4222 4766/641/4222
f 4766/641/4223 4791/666/4223 4792/667/4223 4767/642/4223
f 4767/642/4224 4792/667/4224 4793/668/4224 4768/643/4224
f 4768/643/4225 4793/668/4225 4794/669/4225 4769/644/4225
f 4769/644/4226 4794/669/4226 4795/670/4226 4770/645/4226
f 4770/645/4227 4795/670/4227 4796/671/4227 4771/646/4227
f 4771/646/4228 4796/671/4228 4797/672/4228 4772/647/4228
f 4772/647/4229 4797/672/4229 4798/673/4229 4773/648/4229
f 4773/648/4230 4798/673/4230 4799/674/4230 4774/649/4230
f 4774/649/4231 4799/674/4231 4800/675/4231 4775/650/4231
f 4776/652/4232 4801/677/4232 4802/676/4232 4777/651/4232
f 4777/651/4233 4802/676/4233 4803/678/4233 4778/653/4233
f 4778/653/4234 4803/678/4234 4804/679/4234 4779/654/4234
f 4779/654/4235 4804/679/4235 4805/680/4235 4780/655/4235
f 4780/655/4236 4805/680/4236 4806/681/4236 4781/656/4236
f 4781/656/4237 4806/681/4237 4807/682/4237 4782/657/4237
f 4782/657/4238 4807/682/4238 4808/683/4238 4783/658/4238
f 4783/658/4239 4808/683/4239 4809/684/4239 4784/659/4239
f 4784/659/4240 4809/684/4240 4810/685/4240 4785/660/4240
f 4785/660/4241 4810/685/4241 4811/686/4241 4786/661/4241
f 4786/661/4242 4811/686/4242 4812/687/4242 4787/662/4242
f 4787/662/4243 4812/687/4243 4813/688/4243 4788/663/4243
f 4788/663/4244 4813/688/4244 4814/689/4244 4789/664/4244
f 4789/664/4245 4814/689/4245 4815/690/4245 4790/665/4245
f 4790/665/4246 4815/690/4246 4816/691/4246 4791/666/4246
f 4791/666/4247 4816/691/4247 4817/692/4247 4792/667/4247
f 4792/667/4248 4817/692/4248 4818/693/4248 4793/668/4248
f 4793/668/4249 4818/693/4249 4819/694/4249 4794/669/4249
f 4794/669/4250 4819/694/4250 4820/695/4250 4795/670/4250
f 4795/670/4251 4820/695/4251 4821/696/4251 4796/671/4251
f 4796/671/4252 4821/696/4252 4822/697/4252 4797/672/4252
f 4797/672/4253 4822/697/4253 4823/698/4253 4798/673/4253
f 4798/673/4254 4823/698/4254 4824/699/4254 4799/674/4254
f 4799/674/4255 4824/699/4255 4825/700/4255 4800/675/4255
f 4801/677/4256 4826/702/4256 4827/701/4256 4802/676/4256
f 4802/676/4257 4827/701/4257 4828/703/4257 4803/678/4257
f 4803/678/4258 4828/703/4258 4829/704/4258 4804/679/4258
f 4804/679/4259 4829/704/4259 4830/705/4259 4805/680/4259
f 4805/680/4260 4830/705/4260 4831/706/4260 4806/681/4260
f 4806/681/4261 4831/706/4261 4832/707/4261 4807/682/4261
f 4807/682/4262 4832/707/4262 4833/708/4262 4808/683/4262
f 4808/683/4263 4833/708/4263 4834/709/4263 4809/684/4263
f 4809/684/4264 4834/709/4264 4835/710/4264 4810/685/4264
f 4810/685/4265 4835/710/4265 4836/711/4265 4811/686/4265
f 4811/686/4266 4836/711/4266 4837/712/4266 4812/687/4266
f 4812/687/4267 4837/712/4267 4838/713/4267 4813/688/4267
f 4813/688/4268 4838/713/4268 4839/714/4268 4814/689/4268
f 4814/689/4269 4839/714/4269 4840/715/4269 4815/690/4269
f 4815/690/4270 4840/715/4270 4841/716/4270 4816/691/4270
f 4816/691/4271 4841/716/4271 4842/717/4271 4817/692/4271
f 4817/692/4272 4842/717/4272 4843/718/4272 4818/693/4272
f 4818/693/4273 4843/718/4273 4844/719/4273 4819/694/4273
f 4819/694/4274 4844/719/4274 4845/720/4274 4820/695/4274
f 4820/695/4275 4845/720/4275 4846/721/4275 4821/696/4275
f 4821/696/4276 4846/721/4276 4847/722/4276 4822/697/4276
f 4822/697/4277 4847/722/4277 4848/723/4277 4823/698/4277
f 4823/698/4278 4848/723/4278 4849/724/4278 4824/699/4278
f 4824/699/4279 4849/724/4279 4850/725/4279 4825/700/4279
f 4826/702/4280 4851/727/4280 4852/726/4280 4827/701/4280
f 4827/701/4281 4852/726/4281 4853/728/4281 4828/703/4281
f 4828/703/4282 4853/728/4282 4854/729/4282 4829/704/4282
f 4829/704/4283 4854/729/4283 4855/730/4283 4830/705/4283
f 4830/705/4284 4855/730/4284 4856/731/4284 4831/706/4284
f 4831/706/4285 4856/731/4285 4857/732/4285 4832/707/4285
f 4832/707/4286 4857/732/4286 4858/733/4286 4833/708/4286
f 4833/708/4287 4858/733/4287 4859/734/4287 4834/709/4287
f 4834/709/4288 4859/734/4288 4860/735/4288 4835/710/4288
f 4835/710/4289 4860/735/4289 4861/736/4289 4836/711/4289
f 4836/711/4290 4861/736/4290 4862/737/4290 4837/712/4290
f 4837/712/4291 4862/737/4291 4863/738/4291 4838/713/4291
f 4838/713/4292 4863/738/4292 4864/739/4292 4839/714/4292
f 4839/714/4293 4864/739/4293 4865/740/4293 4840/715/4293
f 4840/715/4294 4865/740/4294 4866/741/4294 4841/716/4294
f 4841/716/4295 4866/741/4295 4867/742/4295 4842/717/4295
f 4842/717/4296 4867/742/4296 4868/743/4296 4843/718/4296
f 4843/718/4297 4868/743/4297 4869/744/4297 4844/719/4297
f 4844/719/4298 4869/744/4298 4870/745/4298 4845/720/4298
f 4845/720/4299 4870/745/4299 4871/746/4299 4846/721/4299
f 4846/721/4300 4871/746/4300 4872/747/4300 4847/722/4300
f 4847/722/4301 4872/747/4301 4873/748/4301 4848/723/4301
f 4848/723/4302 4873/748/4302 4874/749/4302 4849/724/4302
f 4849/724/4303 4874/749/4303 4875/750/4303 4850/725/4303
f 4851/727/4304 4876/752/4304 4877/751/4304 4852/726/4304
f 4852/726/4305 4877/751/4305 4878/753/4305 4853/728/4305
f 4853/728/4306 4878/753/4306 4879/754/4306 4854/729/4306
f 4854/729/4307 4879/754/4307 4880/755/4307 4855/730/4307
f 4855/730/4308 4880/755/4308 4881/756/4308 4856/731/4308
f 4856/731/4309 4881/756/4309 4882/757/4309 4857/732/4309
f 4857/732/4310 4882/757/4310 4883/758/4310 4858/733/4310
f 4858/733/4311 4883/758/4311 4884/759/4311 4859/734/4311
f 4859/734/4312 4884/759/4312 4885/760/4312 4860/735/4312
f 4860/735/4313 4885/760/4313 4886/761/4313 4861/736/4313
f 4861/736/4314 4886/761/4314 4887/762/4314 4862/737/4314
f 4862/737/4315 4887/762/4315 4888/763/4315 4863/738/4315
f 4863/738/4316 4888/763/4316 4889/764/4316 4864/739/4316
f 4864/739/4317 4889/764/4317 4890/765/4317 4865/740/4317
f 4865/740/4318 4890/765/4318 4891/766/4318 4866/741/4318
f 4866/741/4319 4891/766/4319 4892/767/4319 4867/742/4319
f 4867/742/4320 4892/767/4320 4893/768/4320 4868/743/4320
f 4868/743/4321 4893/768/4321 4894/769/4321 4869/744/4321
f 4869/744/4322 4894/769/4322 4895/770/4322 4870/745/4322
f 4870/745/4323 4895/770/4323 4896/771/4323 4871/746/4323
f 4871/746/4324 4896/771/4324 4897/772/4324 4872/747/4324
f 4872/747/4325 4897/772/4325 4898/773/4325 4873/748/4325
f 4873/748/4326 4898/773/4326 4899/774/4326 4874/749/4326
f 4874/749/4327 4899/774/4327 4900/775/4327 4875/750/4327
f 4876/752/4328 4901/777/4328 4902/776/4328 4877/751/4328
f 4877/751/4329 4902/776/4329 4903/778/4329 4878/753/4329
f 4878/753/4330 4903/778/4330 4904/779/4330 4879/754/4330
f 4879/754/4331 4904/779/4331 4905/780/4331 4880/755/4331
f 4880/755/4332 4905/780/4332 4906/781/4332 4881/756/4332
f 4881/756/4333 4906/781/4333 4907/782/4333 4882/757/4333
f 4882/757/4334 4907/782/4334 4908/783/4334 4883/758/4334
f 4883/758/4335 4908/783/4335 4909/784/4335 4884/759/4335
f 4884/759/4336 4909/784/4336 4910/785/4336 4885/760/4336
f 4885/760/4337 4910/785/4337 4911/786/4337 4886/761/4337
f 4886/761/4338 4911/786/4338 4912/787/4338 4887/762/4338
f 4887/762/4339 4912/787/4339 4913/788/4339 4888/763/4339
f 4888/763/4340 4913/788/4340 4914/789/4340 4889/764/4340
f 4889/764/4341 4914/789/4341 4915/790/4341 4890/765/4341
f 4890/765/4342 4915/790/4342 4916/791/4342 4891/766/4342
f 4891/766/4343 4916/791/4343 4917/792/4343 4892/767/4343
f 4892/767/4344 4917/792/4344 4918/793/4344 4893/768/4344
f 4893/768/4345 4918/793/4345 4919/794/4345 4894/769/4345
f 4894/769/4346 4919/794/4346 4920/795/4346 4895/770/4346
f 4895/770/4347 4920/795/4347 4921/796/4347 4896/771/4347
f 4896/771/4348 4921/796/4348 4922/797/4348 4897/772/4348
f 4897/772/4349 4922/797/4349 4923/798/4349 4898/773/4349
f 4898/773/4350 4923/798/4350 4924/799/4350 4899/774/4350
f 4899/774/4351 4924/799/4351 4925/800/4351 4900/775/4351
f 4901/777/4352 4926/802/4352 4927/801/4352 4902/776/4352
f 4902/776/4353 4927/801/4353 4928/803/4353 4903/778/4353
f 4903/778/4354 4928/803/4354 4929/804/4354 4904/779/4354
f 4904/779/4355 4929/804/4355 4930/805/4355 4905/780/4355
f 4905/780/4356 4930/805/4356 4931/806/4356 4906/781/4356
f 4906/781/4357 4931/806/4357 4932/807/4357 4907/782/4357
f 4907/782/4358 4932/807/4358 4933/808/4358 4908/783/4358
f 4908/783/4359 4933/808/4359 4934/809/4359 4909/784/4359
f 4909/784/4360 4934/809/4360 4935/810/4360 4910/785/4360
f 4910/785/4361 4935/810/4361 4936/811/4361 4911/786/4361
f 4911/786/4362 4936/811/4362 4937/812/4362 4912/787/4362
f 4912/787/4363 4937/812/4363 4938/813/4363 4913/788/4363
f 4913/788/4364 4938/813/4364 4939/814/4364 4914/789/4364
f 4914/789/4365 4939/814/4365 4940/815/4365 4915/790/4365
f 4915/790/4366 4940/815/4366 4941/816/4366 4916/791/4366
f 4916/791/4367 4941/816/4367 4942/817/4367 4917/792/4367
f 4917/792/4368 4942/817/4368 4943/818/4368 4918/793/4368
f 4918/793/4369 4943/818/4369 4944/819/4369 4919/794/4369
f 4919/794/4370 4944/819/4370 4945/820/4370 4920/795/4370
f 4920/795/4371 4945/820/4371 4946/821/4371 4921/796/4371
f 4921/796/4372 4946/821/4372 4947/822/4372 4922/797/4372
f 4922/797/4373 4947/822/4373 4948/823/4373 4923/798/4373
f 4923/798/4374 4948/823/4374 4949/824/4374 4924/799/4374
f 4924/799/4375 4949/824/4375 4950/825/4375 4925/800/4375
f 3301/1/4376 3326/4/4376 4151/4/4376 4126/1/4376
f 3302/2/4377 3301/1/4377 4126/1/4377 4127/2/4377
f 3303/5/4378 3302/2/4378 4127/2/4378 4128/5/4378
f 3304/7/4379 3303/5/4379 4128/5/4379 4129/7/4379
f 3305/9/4380 3304/7/4380 4129/7/4380 4130/9/4380
f 3306/11/4381 3305/9/4381 4130/9/4381 4131/11/4381
f 3307/13/4382 3306/11/4382 4131/11/4382 4132/13/4382
f 3308/15/4383 3307/13/4383 4132/13/4383 4133/15/4383
f 3309/17/4384 3308/15/4384 4133/15/4384 4134/17/4384
f 3310/19/4385 3309/17/4385 4134/17/4385 4135/19/4385
f 3311/21/4386 3310/19/4386 4135/19/4386 4136/21/4386
f 3312/23/4387 3311/21/4387 4136/21/4387 4137/23/4387
f 3313/25/4388 3312/23/4388 4137/23/4388 4138/25/4388
f 3314/27/4389 3313/25/4389 4138/25/4389 4139/27/4389
f 3315/29/4390 3314/27/4390 4139/27/4390 4140/29/4390
f 3316/31/4391 3315/29/4391 4140/29/4391 4141/31/4391
f 3317/33/4392 3316/31/4392 4141/31/4392 4142/33/4392
f 3318/35/4393 3317/33/4393 4142/33/4393 4143/35/4393
f 3319/37/4394 3318/35/4394 4143/35/4394 4144/37/4394
f 3320/39/4395 3319/37/4395 4144/37/4395 4145/39/4395
f 3321/41/4396 3320/39/4396 4145/39/4396 4146/41/4396
f 3322/43/4397 3321/41/4397 4146/41/4397 4147/43/4397
f 3323/45/4398 3322/43/4398 4147/43/4398 4148/45/4398
f 3324/47/4399 3323/45/4399 4148/45/4399 4149/47/4399
f 3325/49/4400 3324/47/4400 4149/47/4400 4150/49/4400
f 3350/50/4401 3325/49/4401 4150/49/4401 4175/50/4401
f 3326/4/4402 3351/52/4402 4176/52/4402 4151/4/4402
f 3375/75/4403 3350/50/4403 4175/50/4403 4200/75/4403
f 3351/52/4404 3376/77/4404 4201/77/4404 4176/52/4404
f 3400/100/4405 3375/75/4405 4200/75/4405 4225/100/4405
f 3376/77/4406 3401/102/4406 4226/102/4406 4201/77/4406
f 3425/125/4407 3400/100/4407 4225/100/4407 4250/125/4407
f 3401/102/4408 3426/127/4408 4251/127/4408 4226/102/4408
f 3450/150/4409 3425/125/4409 4250/125/4409 4275/150/4409
f 3426/127/4410 3451/152/4410 4276/152/4410 4251/127/4410
f 3475/175/4411 3450/150/4411 4275/150/4411 4300/175/4411
f 3451/152/4412 3476/177/4412 4301/177/4412 4276/152/4412
f 3500/200/4413 3475/175/4413 4300/175/4413 4325/200/4413
f 3476/177/4414 3501/202/4414 4326/202/4414 4301/177/4414
f 3525/225/4415 3500/200/4415 4325/200/4415 4350/225/4415
f 3501/202/4416 3526/227/4416 4351/227/4416 4326/202/4416
f 3550/250/4417 3525/225/4417 4350/225/4417 4375/250/4417
f 3526/227/4418 3551/252/4418 4376/252/4418 4351/227/4418
f 3575/275/4419 3550/250/4419 4375/250/4419 4400/275/4419
f 3551/252/4420 3576/277/4420 4401/277/4420 4376/252/4420
f 3600/300/4421 3575/275/4421 4400/275/4421 4425/300/4421
f 3576/277/4422 3601/302/4422 4426/302/4422 4401/277/4422
f 3625/325/4423 3600/300/4423 4425/300/4423 4450/325/4423
f 3601/302/4424 3626/327/4424 4451/327/4424 4426/302/4424
f 3650/350/4425 3625/325/4425 4450/325/4425 4475/350/4425
f 3626/327/4426 3651/352/4426 4476/352/4426 4451/327/4426
f 3675/375/4427 3650/350/4427 4475/350/4427 4500/375/4427
f 3651/352/4428 3676/377/4428 4501/377/4428 4476/352/4428
f 3700/400/4429 3675/375/4429 4500/375/4429 4525/400/4429
f 3676/377/4430 3701/402/4430 4526/402/4430 4501/377/4430
f 3725/425/4431 3700/400/4431 4525/400/4431 4550/425/4431
f 3701/402/4432 3726/427/4432 4551/427/4432 4526/402/4432
f 3750/450/4433 3725/425/4433 4550/425/4433 4575/450/4433
f 3726/427/4434 3751/452/4434 4576/452/4434 4551/427/4434
f 3775/475/4435 3750/450/4435 4575/450/4435 4600/475/4435
f 3751/452/4436 3776/477/4436 4601/477/4436 4576/452/4436
f 3800/500/4437 3775/475/4437 4600/475/4437 4625/500/4437
f 3776/477/4438 3801/502/4438 4626/502/4438 4601/477/4438
f 3825/525/4439 3800/500/4439 4625/500/4439 4650/525/4439
f 3801/502/4440 3826/527/4440 4651/527/4440 4626/502/4440
f 3850/550/4441 3825/525/4441 4650/525/4441 4675/550/4441
f 3826/527/4442 3851/552/4442 4676/552/4442 4651/527/4442
f 3875/575/4443 3850/550/4443 4675/550/4443 4700/575/4443
f 3851/552/4444 3876/577/4444 4701/577/4444 4676/552/4444
f 3900/600/4445 3875/575/4445 4700/575/4445 4725/600/4445
f 3876/577/4446 3901/602/4446 4726/602/4446 4701/577/4446
f 3925/625/4447 3900/600/4447 4725/600/4447 4750/625/4447
f 3901/602/4448 3926/627/4448 4751/627/4448 4726/602/4448
f 3950/650/4449 3925/625/4449 4750/625/4449 4775/650/4449
f 3926/627/4450 3951/652/4450 4776/652/4450 4751/627/4450
f 3975/675/4451 3950/650/4451 4775/650/4451 4800/675/4451
f 3951/652/4452 3976/677/4452 4801/677/4452 4776/652/4452
f 4000/700/4453 3975/675/4453 4800/675/4453 4825/700/4453
f 3976/677/4454 4001/702/4454 4826/702/4454 4801/677/4454
f 4025/725/4455 4000/700/4455 4825/700/4455 4850/725/4455
f 4001/702/4456 4026/727/4456 4851/727/4456 4826/702/4456
f 4050/750/4457 4025/725/4457 4850/725/4457 4875/750/4457
f 4026/727/4458 4051/752/4458 4876/752/4458 4851/727/4458
f 4075/775/4459 4050/750/4459 4875/750/4459 4900/775/4459
f 4051/752/4460 4076/777/4460 4901/777/4460 4876/752/4460
f 4100/800/4461 4075/775/4461 4900/775/4461 4925/800/4461
f 4076/777/4462 4101/802/4462 4926/802/4462 4901/777/4462
f 4101/802/4463 4102/801/4463 4927/801/4463 4926/802/4463
f 4102/801/4464 4103/803/4464 4928/803/4464 4927/801/4464
f 4103/803/4465 4104/804/4465 4929/804/4465 4928/803/4465
f 4104/804/4466 4105/805/4466 4930/805/4466 4929/804/4466
f 4105/805/4467 4106/806/4467 4931/806/4467 4930/805/4467
f 4106/806/4468 4107/807/4468 4932/807/4468 4931/806/4468
f 4107/807/4469 4108/808/4469 4933/808/4469 4932/807/4469
f 4108/808/4470 4109/809/4470 4934/809/4470 4933/808/4470
f 4109/809/4471 4110/810/4471 4935/810/4471 4934/809/4471
f 4110/810/4472 4111/811/4472 4936/811/4472 4935/810/4472
f 4111/811/4473 4112/812/4473 4937/812/4473 4936/811/4473
f 4112/812/4474 4113/813/4474 4938/813/4474 4937/812/4474
f 4113/813/4475 4114/814/4475 4939/814/4475 4938/813/4475
f 4114/814/4476 4115/815/4476 4940/815/4476 4939/814/4476
f 4115/815/4477 4116/816/4477 4941/816/4477 4940/815/4477
f 4116/816/4478 4117/817/4478 4942/817/4478 4941/816/4478
f 4117/817/4479 4118/818/4479 4943/818/4479 4942/817/4479
f 4118/818/4480 4119/819/4480 4944/819/4480 4943/818/4480
f 4119/819/4481 4120/820/4481 4945/820/4481 4944/819/4481
f 4120/820/4482 4121/821/4482 4946/821/4482 4945/820/4482
f 4121/821/4483 4122/822/4483 4947/822/4483 4946/821/4483
f 4122/822/4484 4123/823/4484 4948/823/4484 4947/822/4484
f 4123/823/4485 4124/824/4485 4949/824/4485 4948/823/4485
f 4125/825/4486 4100/800/4486 4925/800/4486 4950/825/4486
f 4124/824/4487 4125/825/4487 4950/825/4487 4949/824/4487
