# Blender 5.0.1
# www.blender.org
mtllib restraint_straps.mtl
o SM_RestraintStraps
v 17.800001 0.000000 -2.400000
v 17.699814 0.000000 -2.500000
v 17.770657 0.000000 -2.470711
v 17.699814 -0.000000 2.500000
v 17.800001 -0.000000 2.400000
v 17.770657 -0.000000 2.470711
v 17.631748 1.113696 -2.500000
v 17.731192 1.125854 -2.400000
v 17.702066 1.122293 -2.470711
v 17.731192 1.125854 2.400000
v 17.631748 1.113696 2.500000
v 17.702066 1.122293 2.470711
v 17.428156 2.218413 -2.500000
v 17.525423 2.242382 -2.400000
v 17.496935 2.235361 -2.470711
v 17.525423 2.242381 2.400000
v 17.428156 2.218413 2.500000
v 17.496935 2.235361 2.470711
v 17.090845 3.305321 -2.500000
v 17.184649 3.340448 -2.400000
v 17.157173 3.330160 -2.470711
v 17.184649 3.340448 2.400000
v 17.090845 3.305321 2.500000
v 17.157173 3.330160 2.470711
v 16.622746 4.365868 -2.500000
v 16.712009 4.411279 -2.400000
v 16.685863 4.397978 -2.470711
v 16.712009 4.411279 2.400000
v 16.622746 4.365868 2.500000
v 16.685863 4.397979 2.470711
v 16.027822 5.391866 -2.500000
v 16.111712 5.446546 -2.400000
v 16.087141 5.430531 -2.470711
v 16.111712 5.446546 2.400000
v 16.027822 5.391866 2.500000
v 16.087141 5.430531 2.470711
v 15.310985 6.375535 -2.500000
v 15.388896 6.438418 -2.400000
v 15.366075 6.419998 -2.470711
v 15.388896 6.438418 2.400000
v 15.310985 6.375535 2.500000
v 15.366075 6.419998 2.470711
v 14.478004 7.309538 -2.500000
v 14.549540 7.379568 -2.400000
v 14.528589 7.359057 -2.470711
v 14.549540 7.379568 2.400000
v 14.478004 7.309538 2.500000
v 14.528589 7.359057 2.470711
v 13.535454 8.186982 -2.500000
v 13.600386 8.263161 -2.400000
v 13.581367 8.240848 -2.470711
v 13.600386 8.263161 2.400000
v 13.535454 8.186982 2.500000
v 13.581367 8.240848 2.470711
v 12.490661 9.001444 -2.500000
v 12.548882 9.082853 -2.400000
v 12.531829 9.059009 -2.470711
v 12.548882 9.082853 2.400000
v 12.490661 9.001444 2.500000
v 12.531829 9.059009 2.470711
v 11.351650 9.746984 -2.500000
v 11.403143 9.832796 -2.400000
v 11.388062 9.807663 -2.470711
v 11.403143 9.832796 2.400000
v 11.351650 9.746984 2.500000
v 11.388062 9.807663 2.470711
v 10.127100 10.418174 -2.500000
v 10.171903 10.507653 -2.400000
v 10.158780 10.481444 -2.470711
v 10.171903 10.507653 2.400000
v 10.127100 10.418174 2.500000
v 10.158780 10.481444 2.470711
v 8.826295 11.010125 -2.500000
v 8.864478 11.102617 -2.399999
v 8.853294 11.075526 -2.470710
v 8.864478 11.102617 2.400001
v 8.826295 11.010125 2.500000
v 8.853294 11.075526 2.470711
v 7.459061 11.518524 -2.500000
v 7.490709 11.613445 -2.399999
v 7.481440 11.585644 -2.470710
v 7.490709 11.613445 2.400001
v 7.459061 11.518524 2.500000
v 7.481440 11.585644 2.470711
v 6.035708 11.939657 -2.500000
v 6.060906 12.036488 -2.399999
v 6.053526 12.008126 -2.470710
v 6.060906 12.036488 2.400001
v 6.035708 11.939657 2.500000
v 6.053526 12.008126 2.470711
v 4.566954 12.270450 -2.500000
v 4.585780 12.368715 -2.399999
v 4.580266 12.339934 -2.470710
v 4.585780 12.368715 2.400001
v 4.566954 12.270450 2.500000
v 4.580266 12.339934 2.470711
v 3.063852 12.508477 -2.500000
v 3.076366 12.607741 -2.399999
v 3.072701 12.578667 -2.470710
v 3.076366 12.607741 2.400001
v 3.063852 12.508477 2.500000
v 3.072701 12.578667 2.470711
v 1.537708 12.651995 -2.500000
v 1.543954 12.751849 -2.399999
v 1.542125 12.722604 -2.470710
v 1.543954 12.751849 2.400001
v 1.537708 12.651995 2.500000
v 1.542125 12.722604 2.470711
v 0.000000 12.699951 -2.500000
v 0.000000 12.800000 -2.399999
v 0.000000 12.770698 -2.470710
v 0.000000 12.800000 2.400001
v 0.000000 12.699951 2.500000
v 0.000000 12.770698 2.470711
v -1.537708 12.651995 -2.500000
v -1.543954 12.751849 -2.399999
v -1.542125 12.722604 -2.470710
v -1.543954 12.751849 2.400001
v -1.537708 12.651995 2.500000
v -1.542125 12.722604 2.470711
v -3.063852 12.508477 -2.500000
v -3.076366 12.607741 -2.399999
v -3.072701 12.578667 -2.470710
v -3.076366 12.607741 2.400001
v -3.063852 12.508477 2.500000
v -3.072701 12.578667 2.470711
v -4.566954 12.270450 -2.500000
v -4.585780 12.368715 -2.399999
v -4.580266 12.339934 -2.470710
v -4.585780 12.368715 2.400001
v -4.566954 12.270450 2.500000
v -4.580266 12.339934 2.470711
v -6.035708 11.939657 -2.500000
v -6.060906 12.036488 -2.399999
v -6.053526 12.008126 -2.470710
v -6.060906 12.036488 2.400001
v -6.035708 11.939657 2.500000
v -6.053526 12.008126 2.470711
v -7.459061 11.518524 -2.500000
v -7.490709 11.613445 -2.399999
v -7.481440 11.585644 -2.470710
v -7.490709 11.613445 2.400001
v -7.459061 11.518524 2.500000
v -7.481440 11.585644 2.470711
v -8.826295 11.010125 -2.500000
v -8.864478 11.102617 -2.399999
v -8.853294 11.075526 -2.470710
v -8.864478 11.102617 2.400001
v -8.826295 11.010125 2.500000
v -8.853294 11.075526 2.470711
v -10.127100 10.418174 -2.500000
v -10.171903 10.507653 -2.400000
v -10.158780 10.481444 -2.470711
v -10.171903 10.507653 2.400000
v -10.127100 10.418174 2.500000
v -10.158780 10.481444 2.470711
v -11.351650 9.746984 -2.500000
v -11.403143 9.832796 -2.400000
v -11.388062 9.807663 -2.470711
v -11.403143 9.832796 2.400000
v -11.351650 9.746984 2.500000
v -11.388062 9.807663 2.470711
v -12.490661 9.001444 -2.500000
v -12.548882 9.082853 -2.400000
v -12.531829 9.059009 -2.470711
v -12.548882 9.082853 2.400000
v -12.490661 9.001444 2.500000
v -12.531829 9.059009 2.470711
v -13.535454 8.186982 -2.500000
v -13.600386 8.263161 -2.400000
v -13.581367 8.240848 -2.470711
v -13.600386 8.263161 2.400000
v -13.535454 8.186982 2.500000
v -13.581367 8.240848 2.470711
v -14.478004 7.309538 -2.500000
v -14.549540 7.379568 -2.400000
v -14.528589 7.359057 -2.470711
v -14.549540 7.379568 2.400000
v -14.478004 7.309538 2.500000
v -14.528589 7.359057 2.470711
v -15.310985 6.375535 -2.500000
v -15.388896 6.438418 -2.400000
v -15.366075 6.419998 -2.470711
v -15.388896 6.438418 2.400000
v -15.310985 6.375535 2.500000
v -15.366075 6.419998 2.470711
v -16.027822 5.391866 -2.500000
v -16.111712 5.446546 -2.400000
v -16.087141 5.430531 -2.470711
v -16.111712 5.446546 2.400000
v -16.027822 5.391866 2.500000
v -16.087141 5.430531 2.470711
v -16.622746 4.365868 -2.500000
v -16.712009 4.411279 -2.400000
v -16.685863 4.397979 -2.470711
v -16.712009 4.411279 2.400000
v -16.622746 4.365868 2.500000
v -16.685863 4.397978 2.470711
v -17.090845 3.305321 -2.500000
v -17.184649 3.340448 -2.400000
v -17.157173 3.330160 -2.470711
v -17.184649 3.340448 2.400000
v -17.090845 3.305321 2.500000
v -17.157173 3.330160 2.470711
v -17.428156 2.218413 -2.500000
v -17.525423 2.242382 -2.400000
v -17.496935 2.235361 -2.470711
v -17.525423 2.242381 2.400000
v -17.428156 2.218413 2.500000
v -17.496935 2.235361 2.470711
v -17.631748 1.113696 -2.500000
v -17.731192 1.125854 -2.400000
v -17.702066 1.122293 -2.470711
v -17.731192 1.125854 2.400000
v -17.631748 1.113696 2.500000
v -17.702066 1.122293 2.470711
v -17.699814 0.000000 -2.500000
v -17.800001 0.000000 -2.400000
v -17.770657 0.000000 -2.470711
v -17.800001 -0.000000 2.400000
v -17.699814 -0.000000 2.500000
v -17.770657 -0.000000 2.470711
v -17.631748 -1.113696 -2.500000
v -17.731192 -1.125854 -2.400000
v -17.702066 -1.122293 -2.470711
v -17.731192 -1.125854 2.400000
v -17.631748 -1.113696 2.500000
v -17.702066 -1.122293 2.470711
v -17.428156 -2.218413 -2.500000
v -17.525423 -2.242381 -2.400000
v -17.496935 -2.235361 -2.470711
v -17.525423 -2.242382 2.400000
v -17.428156 -2.218413 2.500000
v -17.496935 -2.235361 2.470711
v -17.090845 -3.305321 -2.500000
v -17.184649 -3.340448 -2.400000
v -17.157173 -3.330160 -2.470711
v -17.184649 -3.340448 2.400000
v -17.090845 -3.305321 2.500000
v -17.157173 -3.330160 2.470711
v -16.622746 -4.365868 -2.500000
v -16.712009 -4.411279 -2.400000
v -16.685863 -4.397978 -2.470711
v -16.712009 -4.411279 2.400000
v -16.622746 -4.365868 2.500000
v -16.685863 -4.397979 2.470711
v -16.027822 -5.391866 -2.500000
v -16.111712 -5.446546 -2.400000
v -16.087141 -5.430531 -2.470711
v -16.111712 -5.446546 2.400000
v -16.027822 -5.391866 2.500000
v -16.087141 -5.430531 2.470711
v -15.310985 -6.375535 -2.500000
v -15.388896 -6.438418 -2.400000
v -15.366075 -6.419998 -2.470711
v -15.388896 -6.438418 2.400000
v -15.310985 -6.375535 2.500000
v -15.366075 -6.419998 2.470711
v -14.478004 -7.309538 -2.500000
v -14.549540 -7.379568 -2.400000
v -14.528589 -7.359057 -2.470711
v -14.549540 -7.379568 2.400000
v -14.478004 -7.309538 2.500000
v -14.528589 -7.359057 2.470711
v -13.535454 -8.186982 -2.500000
v -13.600386 -8.263161 -2.400000
v -13.581367 -8.240848 -2.470711
v -13.600386 -8.263161 2.400000
v -13.535454 -8.186982 2.500000
v -13.581367 -8.240848 2.470711
v -12.490661 -9.001444 -2.500000
v -12.548882 -9.082853 -2.400000
v -12.531829 -9.059009 -2.470711
v -12.548882 -9.082853 2.400000
v -12.490661 -9.001444 2.500000
v -12.531829 -9.059009 2.470711
v -11.351650 -9.746984 -2.500000
v -11.403143 -9.832796 -2.400000
v -11.388062 -9.807663 -2.470711
v -11.403143 -9.832796 2.400000
v -11.351650 -9.746984 2.500000
v -11.388062 -9.807663 2.470711
v -10.127100 -10.418174 -2.500000
v -10.171903 -10.507653 -2.400000
v -10.158780 -10.481444 -2.470711
v -10.171903 -10.507653 2.400000
v -10.127100 -10.418174 2.500000
v -10.158780 -10.481444 2.470711
v -8.826295 -11.010125 -2.500000
v -8.864478 -11.102617 -2.400001
v -8.853294 -11.075526 -2.470711
v -8.864478 -11.102617 2.399999
v -8.826295 -11.010125 2.500000
v -8.853294 -11.075526 2.470710
v -7.459061 -11.518524 -2.500000
v -7.490709 -11.613445 -2.400001
v -7.481440 -11.585644 -2.470711
v -7.490709 -11.613445 2.399999
v -7.459061 -11.518524 2.500000
v -7.481440 -11.585644 2.470710
v -6.035708 -11.939657 -2.500000
v -6.060906 -12.036488 -2.400001
v -6.053526 -12.008126 -2.470711
v -6.060906 -12.036488 2.399999
v -6.035708 -11.939657 2.500000
v -6.053526 -12.008126 2.470710
v -4.566954 -12.270450 -2.500000
v -4.585780 -12.368715 -2.400001
v -4.580266 -12.339934 -2.470711
v -4.585780 -12.368715 2.399999
v -4.566954 -12.270450 2.500000
v -4.580266 -12.339934 2.470710
v -3.063852 -12.508477 -2.500000
v -3.076366 -12.607741 -2.400001
v -3.072701 -12.578667 -2.470711
v -3.076366 -12.607741 2.399999
v -3.063852 -12.508477 2.500000
v -3.072701 -12.578667 2.470710
v -1.537708 -12.651995 -2.500000
v -1.543954 -12.751849 -2.400001
v -1.542125 -12.722604 -2.470711
v -1.543954 -12.751849 2.399999
v -1.537708 -12.651995 2.500000
v -1.542125 -12.722604 2.470710
v -0.000000 -12.699951 -2.500000
v -0.000000 -12.800000 -2.400001
v 0.000000 -12.770698 -2.470711
v -0.000000 -12.800000 2.399999
v -0.000000 -12.699951 2.500000
v 0.000000 -12.770698 2.470710
v 1.537708 -12.651995 -2.500000
v 1.543954 -12.751849 -2.400001
v 1.542125 -12.722604 -2.470711
v 1.543954 -12.751849 2.399999
v 1.537708 -12.651995 2.500000
v 1.542125 -12.722604 2.470710
v 3.063852 -12.508477 -2.500000
v 3.076366 -12.607741 -2.400001
v 3.072701 -12.578667 -2.470711
v 3.076366 -12.607741 2.399999
v 3.063852 -12.508477 2.500000
v 3.072701 -12.578667 2.470710
v 4.566954 -12.270450 -2.500000
v 4.585780 -12.368715 -2.400001
v 4.580266 -12.339934 -2.470711
v 4.585780 -12.368715 2.399999
v 4.566954 -12.270450 2.500000
v 4.580266 -12.339934 2.470710
v 6.035708 -11.939657 -2.500000
v 6.060906 -12.036488 -2.400001
v 6.053526 -12.008126 -2.470711
v 6.060906 -12.036488 2.399999
v 6.035708 -11.939657 2.500000
v 6.053526 -12.008126 2.470710
v 7.459061 -11.518524 -2.500000
v 7.490709 -11.613445 -2.400001
v 7.481440 -11.585644 -2.470711
v 7.490709 -11.613445 2.399999
v 7.459061 -11.518524 2.500000
v 7.481440 -11.585644 2.470710
v 8.826295 -11.010125 -2.500000
v 8.864478 -11.102617 -2.400001
v 8.853294 -11.075526 -2.470711
v 8.864478 -11.102617 2.399999
v 8.826295 -11.010125 2.500000
v 8.853294 -11.075526 2.470710
v 10.127100 -10.418174 -2.500000
v 10.171903 -10.507653 -2.400000
v 10.158780 -10.481444 -2.470711
v 10.171903 -10.507653 2.400000
v 10.127100 -10.418174 2.500000
v 10.158780 -10.481444 2.470711
v 11.351650 -9.746984 -2.500000
v 11.403143 -9.832796 -2.400000
v 11.388062 -9.807663 -2.470711
v 11.403143 -9.832796 2.400000
v 11.351650 -9.746984 2.500000
v 11.388062 -9.807663 2.470711
v 12.490661 -9.001444 -2.500000
v 12.548882 -9.082853 -2.400000
v 12.531829 -9.059009 -2.470711
v 12.548882 -9.082853 2.400000
v 12.490661 -9.001444 2.500000
v 12.531829 -9.059009 2.470711
v 13.535454 -8.186982 -2.500000
v 13.600386 -8.263161 -2.400000
v 13.581367 -8.240848 -2.470711
v 13.600386 -8.263161 2.400000
v 13.535454 -8.186982 2.500000
v 13.581367 -8.240848 2.470711
v 14.478004 -7.309538 -2.500000
v 14.549540 -7.379568 -2.400000
v 14.528589 -7.359057 -2.470711
v 14.549540 -7.379568 2.400000
v 14.478004 -7.309538 2.500000
v 14.528589 -7.359057 2.470711
v 15.310985 -6.375535 -2.500000
v 15.388896 -6.438418 -2.400000
v 15.366075 -6.419998 -2.470711
v 15.388896 -6.438418 2.400000
v 15.310985 -6.375535 2.500000
v 15.366075 -6.419998 2.470711
v 16.027822 -5.391866 -2.500000
v 16.111712 -5.446546 -2.400000
v 16.087141 -5.430531 -2.470711
v 16.111712 -5.446546 2.400000
v 16.027822 -5.391866 2.500000
v 16.087141 -5.430531 2.470711
v 16.622746 -4.365868 -2.500000
v 16.712009 -4.411279 -2.400000
v 16.685863 -4.397979 -2.470711
v 16.712009 -4.411279 2.400000
v 16.622746 -4.365868 2.500000
v 16.685863 -4.397978 2.470711
v 17.090845 -3.305321 -2.500000
v 17.184649 -3.340448 -2.400000
v 17.157173 -3.330160 -2.470711
v 17.184649 -3.340448 2.400000
v 17.090845 -3.305321 2.500000
v 17.157173 -3.330160 2.470711
v 17.428156 -2.218413 -2.500000
v 17.525423 -2.242381 -2.400000
v 17.496935 -2.235361 -2.470711
v 17.525423 -2.242382 2.400000
v 17.428156 -2.218413 2.500000
v 17.496935 -2.235361 2.470711
v 17.631748 -1.113696 -2.500000
v 17.731192 -1.125854 -2.400000
v 17.702066 -1.122293 -2.470711
v 17.731192 -1.125854 2.400000
v 17.631748 -1.113696 2.500000
v 17.702066 -1.122293 2.470711
v 17.600185 0.000000 -2.500000
v 17.500000 0.000000 -2.400000
v 17.529343 0.000000 -2.470711
v 17.500000 -0.000000 2.400000
v 17.600185 -0.000000 2.500000
v 17.529343 -0.000000 2.470711
v 17.433409 1.089447 -2.400000
v 17.532850 1.101605 -2.500000
v 17.462536 1.093008 -2.470711
v 17.532850 1.101605 2.500000
v 17.433409 1.089447 2.400000
v 17.462536 1.093008 2.470711
v 17.234137 2.170602 -2.400000
v 17.331404 2.194571 -2.500000
v 17.262623 2.177622 -2.470711
v 17.331404 2.194571 2.500000
v 17.234137 2.170602 2.400000
v 17.262623 2.177622 2.470711
v 16.903702 3.235238 -2.400000
v 16.997505 3.270366 -2.500000
v 16.931175 3.245527 -2.470711
v 16.997505 3.270366 2.500000
v 16.903702 3.235238 2.400000
v 16.931175 3.245527 2.470711
v 16.444620 4.275252 -2.400000
v 16.533884 4.320662 -2.500000
v 16.470766 4.288553 -2.470711
v 16.533884 4.320662 2.500000
v 16.444620 4.275252 2.400000
v 16.470766 4.288553 2.470711
v 15.860386 5.282728 -2.400000
v 15.944275 5.337408 -2.500000
v 15.884958 5.298744 -2.470711
v 15.944275 5.337408 2.500000
v 15.860386 5.282728 2.400000
v 15.884958 5.298744 2.470711
v 15.155445 6.250000 -2.400000
v 15.233356 6.312882 -2.500000
v 15.178267 6.268419 -2.470711
v 15.233356 6.312882 2.500000
v 15.155445 6.250000 2.400000
v 15.178267 6.268419 2.470711
v 14.335161 7.169705 -2.400000
v 14.406697 7.239735 -2.500000
v 14.356115 7.190217 -2.470711
v 14.406697 7.239735 2.500000
v 14.335161 7.169705 2.400000
v 14.356115 7.190217 2.470711
v 13.405778 8.034845 -2.400000
v 13.470709 8.111023 -2.500000
v 13.424796 8.057157 -2.470711
v 13.470709 8.111023 2.500000
v 13.405778 8.034845 2.400000
v 13.424796 8.057157 2.470711
v 12.374369 8.838835 -2.400000
v 12.432590 8.920243 -2.500000
v 12.391421 8.862679 -2.470711
v 12.432590 8.920243 2.500000
v 12.374369 8.838835 2.400000
v 12.391421 8.862679 2.470711
v 11.248783 9.575556 -2.400000
v 11.300276 9.661368 -2.500000
v 11.263865 9.600690 -2.470711
v 11.300276 9.661368 2.500000
v 11.248783 9.575556 2.400000
v 11.263865 9.600690 2.470711
v 10.037587 10.239401 -2.400000
v 10.082390 10.328880 -2.500000
v 10.050711 10.265609 -2.470711
v 10.082390 10.328880 2.500000
v 10.037587 10.239401 2.400000
v 10.050711 10.265609 2.470711
v 8.750000 10.825317 -2.399999
v 8.788183 10.917809 -2.500000
v 8.761184 10.852408 -2.470710
v 8.788183 10.917809 2.500000
v 8.750000 10.825317 2.400001
v 8.761184 10.852408 2.470711
v 7.395820 11.328848 -2.399999
v 7.427468 11.423769 -2.500000
v 7.405089 11.356648 -2.470710
v 7.427468 11.423769 2.500000
v 7.395820 11.328848 2.400001
v 7.405089 11.356648 2.470711
v 5.985353 11.746158 -2.399999
v 6.010551 11.842988 -2.500000
v 5.992733 11.774519 -2.470710
v 6.010551 11.842988 2.500000
v 5.985353 11.746158 2.400001
v 5.992733 11.774519 2.470711
v 4.529333 12.074073 -2.399999
v 4.548159 12.172338 -2.500000
v 4.534847 12.102853 -2.470710
v 4.548159 12.172338 2.500000
v 4.529333 12.074073 2.400001
v 4.534847 12.102853 2.470711
v 3.038843 12.310097 -2.399999
v 3.051357 12.409361 -2.500000
v 3.042508 12.339170 -2.470710
v 3.051357 12.409361 2.500000
v 3.038843 12.310097 2.400001
v 3.042508 12.339170 2.470711
v 1.525226 12.452434 -2.399999
v 1.531471 12.552288 -2.500000
v 1.527055 12.481679 -2.470710
v 1.531471 12.552288 2.500000
v 1.525226 12.452434 2.400001
v 1.527055 12.481679 2.470711
v 0.000000 12.500000 -2.399999
v 0.000000 12.600048 -2.500000
v 0.000000 12.529302 -2.470710
v 0.000000 12.600048 2.500000
v 0.000000 12.500000 2.400001
v 0.000000 12.529302 2.470711
v -1.525226 12.452434 -2.399999
v -1.531471 12.552288 -2.500000
v -1.527055 12.481679 -2.470710
v -1.531471 12.552288 2.500000
v -1.525226 12.452434 2.400001
v -1.527055 12.481679 2.470711
v -3.038843 12.310097 -2.399999
v -3.051357 12.409361 -2.500000
v -3.042508 12.339170 -2.470710
v -3.051357 12.409361 2.500000
v -3.038843 12.310097 2.400001
v -3.042508 12.339170 2.470711
v -4.529333 12.074073 -2.399999
v -4.548159 12.172338 -2.500000
v -4.534847 12.102853 -2.470710
v -4.548159 12.172338 2.500000
v -4.529333 12.074073 2.400001
v -4.534847 12.102853 2.470711
v -5.985353 11.746158 -2.399999
v -6.010551 11.842988 -2.500000
v -5.992733 11.774519 -2.470710
v -6.010551 11.842988 2.500000
v -5.985353 11.746158 2.400001
v -5.992733 11.774519 2.470711
v -7.395820 11.328848 -2.399999
v -7.427468 11.423769 -2.500000
v -7.405089 11.356648 -2.470710
v -7.427468 11.423769 2.500000
v -7.395820 11.328848 2.400001
v -7.405089 11.356648 2.470711
v -8.750000 10.825317 -2.399999
v -8.788183 10.917809 -2.500000
v -8.761184 10.852408 -2.470710
v -8.788183 10.917809 2.500000
v -8.750000 10.825317 2.400001
v -8.761184 10.852408 2.470711
v -10.037587 10.239401 -2.400000
v -10.082390 10.328880 -2.500000
v -10.050711 10.265609 -2.470711
v -10.082390 10.328880 2.500000
v -10.037587 10.239401 2.400000
v -10.050711 10.265609 2.470711
v -11.248783 9.575556 -2.400000
v -11.300276 9.661368 -2.500000
v -11.263865 9.600690 -2.470711
v -11.300276 9.661368 2.500000
v -11.248783 9.575556 2.400000
v -11.263865 9.600690 2.470711
v -12.374369 8.838835 -2.400000
v -12.432590 8.920243 -2.500000
v -12.391421 8.862679 -2.470711
v -12.432590 8.920243 2.500000
v -12.374369 8.838835 2.400000
v -12.391421 8.862679 2.470711
v -13.405778 8.034845 -2.400000
v -13.470709 8.111023 -2.500000
v -13.424796 8.057157 -2.470711
v -13.470709 8.111023 2.500000
v -13.405778 8.034845 2.400000
v -13.424796 8.057157 2.470711
v -14.335161 7.169705 -2.400000
v -14.406697 7.239735 -2.500000
v -14.356115 7.190217 -2.470711
v -14.406697 7.239735 2.500000
v -14.335161 7.169705 2.400000
v -14.356115 7.190217 2.470711
v -15.155445 6.250000 -2.400000
v -15.233356 6.312882 -2.500000
v -15.178267 6.268419 -2.470711
v -15.233356 6.312882 2.500000
v -15.155445 6.250000 2.400000
v -15.178267 6.268419 2.470711
v -15.860386 5.282728 -2.400000
v -15.944275 5.337408 -2.500000
v -15.884958 5.298744 -2.470711
v -15.944275 5.337408 2.500000
v -15.860386 5.282728 2.400000
v -15.884958 5.298744 2.470711
v -16.444620 4.275252 -2.400000
v -16.533884 4.320662 -2.500000
v -16.470766 4.288553 -2.470711
v -16.533884 4.320662 2.500000
v -16.444620 4.275252 2.400000
v -16.470766 4.288553 2.470711
v -16.903702 3.235238 -2.400000
v -16.997505 3.270366 -2.500000
v -16.931175 3.245527 -2.470711
v -16.997505 3.270366 2.500000
v -16.903702 3.235238 2.400000
v -16.931175 3.245527 2.470711
v -17.234137 2.170602 -2.400000
v -17.331404 2.194571 -2.500000
v -17.262623 2.177622 -2.470711
v -17.331404 2.194571 2.500000
v -17.234137 2.170602 2.400000
v -17.262623 2.177622 2.470711
v -17.433409 1.089447 -2.400000
v -17.532850 1.101605 -2.500000
v -17.462536 1.093008 -2.470711
v -17.532850 1.101605 2.500000
v -17.433409 1.089447 2.400000
v -17.462536 1.093008 2.470711
v -17.500000 0.000000 -2.400000
v -17.600185 0.000000 -2.500000
v -17.529343 0.000000 -2.470711
v -17.600185 -0.000000 2.500000
v -17.500000 -0.000000 2.400000
v -17.529343 -0.000000 2.470711
v -17.433409 -1.089447 -2.400000
v -17.532850 -1.101605 -2.500000
v -17.462536 -1.093008 -2.470711
v -17.532850 -1.101605 2.500000
v -17.433409 -1.089447 2.400000
v -17.462536 -1.093008 2.470711
v -17.234137 -2.170602 -2.400000
v -17.331404 -2.194571 -2.500000
v -17.262623 -2.177622 -2.470711
v -17.331404 -2.194571 2.500000
v -17.234137 -2.170602 2.400000
v -17.262623 -2.177622 2.470711
v -16.903702 -3.235238 -2.400000
v -16.997505 -3.270366 -2.500000
v -16.931175 -3.245527 -2.470711
v -16.997505 -3.270366 2.500000
v -16.903702 -3.235238 2.400000
v -16.931175 -3.245527 2.470711
v -16.444620 -4.275252 -2.400000
v -16.533884 -4.320662 -2.500000
v -16.470766 -4.288553 -2.470711
v -16.533884 -4.320662 2.500000
v -16.444620 -4.275252 2.400000
v -16.470766 -4.288553 2.470711
v -15.860386 -5.282728 -2.400000
v -15.944275 -5.337408 -2.500000
v -15.884958 -5.298744 -2.470711
v -15.944275 -5.337408 2.500000
v -15.860386 -5.282728 2.400000
v -15.884958 -5.298744 2.470711
v -15.155445 -6.250000 -2.400000
v -15.233356 -6.312882 -2.500000
v -15.178267 -6.268419 -2.470711
v -15.233356 -6.312882 2.500000
v -15.155445 -6.250000 2.400000
v -15.178267 -6.268419 2.470711
v -14.335161 -7.169705 -2.400000
v -14.406697 -7.239735 -2.500000
v -14.356115 -7.190217 -2.470711
v -14.406697 -7.239735 2.500000
v -14.335161 -7.169705 2.400000
v -14.356115 -7.190217 2.470711
v -13.405778 -8.034845 -2.400000
v -13.470709 -8.111023 -2.500000
v -13.424796 -8.057157 -2.470711
v -13.470709 -8.111023 2.500000
v -13.405778 -8.034845 2.400000
v -13.424796 -8.057157 2.470711
v -12.374369 -8.838835 -2.400000
v -12.432590 -8.920243 -2.500000
v -12.391421 -8.862679 -2.470711
v -12.432590 -8.920243 2.500000
v -12.374369 -8.838835 2.400000
v -12.391421 -8.862679 2.470711
v -11.248783 -9.575556 -2.400000
v -11.300276 -9.661368 -2.500000
v -11.263865 -9.600690 -2.470711
v -11.300276 -9.661368 2.500000
v -11.248783 -9.575556 2.400000
v -11.263865 -9.600690 2.470711
v -10.037587 -10.239401 -2.400000
v -10.082390 -10.328880 -2.500000
v -10.050711 -10.265609 -2.470711
v -10.082390 -10.328880 2.500000
v -10.037587 -10.239401 2.400000
v -10.050711 -10.265609 2.470711
v -8.750000 -10.825317 -2.400001
v -8.788183 -10.917809 -2.500000
v -8.761184 -10.852408 -2.470711
v -8.788183 -10.917809 2.500000
v -8.750000 -10.825317 2.399999
v -8.761184 -10.852408 2.470710
v -7.395820 -11.328848 -2.400001
v -7.427468 -11.423769 -2.500000
v -7.405089 -11.356648 -2.470711
v -7.427468 -11.423769 2.500000
v -7.395820 -11.328848 2.399999
v -7.405089 -11.356648 2.470710
v -5.985353 -11.746158 -2.400001
v -6.010551 -11.842988 -2.500000
v -5.992733 -11.774519 -2.470711
v -6.010551 -11.842988 2.500000
v -5.985353 -11.746158 2.399999
v -5.992733 -11.774519 2.470710
v -4.529333 -12.074073 -2.400001
v -4.548159 -12.172338 -2.500000
v -4.534847 -12.102853 -2.470711
v -4.548159 -12.172338 2.500000
v -4.529333 -12.074073 2.399999
v -4.534847 -12.102853 2.470710
v -3.038843 -12.310097 -2.400001
v -3.051357 -12.409361 -2.500000
v -3.042508 -12.339170 -2.470711
v -3.051357 -12.409361 2.500000
v -3.038843 -12.310097 2.399999
v -3.042508 -12.339170 2.470710
v -1.525226 -12.452434 -2.400001
v -1.531471 -12.552288 -2.500000
v -1.527055 -12.481679 -2.470711
v -1.531471 -12.552288 2.500000
v -1.525226 -12.452434 2.399999
v -1.527055 -12.481679 2.470710
v -0.000000 -12.500000 -2.400001
v -0.000000 -12.600048 -2.500000
v 0.000000 -12.529302 -2.470711
v -0.000000 -12.600048 2.500000
v -0.000000 -12.500000 2.399999
v 0.000000 -12.529302 2.470710
v 1.525226 -12.452434 -2.400001
v 1.531471 -12.552288 -2.500000
v 1.527055 -12.481679 -2.470711
v 1.531471 -12.552288 2.500000
v 1.525226 -12.452434 2.399999
v 1.527055 -12.481679 2.470710
v 3.038843 -12.310097 -2.400001
v 3.051357 -12.409361 -2.500000
v 3.042508 -12.339170 -2.470711
v 3.051357 -12.409361 2.500000
v 3.038843 -12.310097 2.399999
v 3.042508 -12.339170 2.470710
v 4.529333 -12.074073 -2.400001
v 4.548159 -12.172338 -2.500000
v 4.534847 -12.102853 -2.470711
v 4.548159 -12.172338 2.500000
v 4.529333 -12.074073 2.399999
v 4.534847 -12.102853 2.470710
v 5.985353 -11.746158 -2.400001
v 6.010551 -11.842988 -2.500000
v 5.992733 -11.774519 -2.470711
v 6.010551 -11.842988 2.500000
v 5.985353 -11.746158 2.399999
v 5.992733 -11.774519 2.470710
v 7.395820 -11.328848 -2.400001
v 7.427468 -11.423769 -2.500000
v 7.405089 -11.356648 -2.470711
v 7.427468 -11.423769 2.500000
v 7.395820 -11.328848 2.399999
v 7.405089 -11.356648 2.470710
v 8.750000 -10.825317 -2.400001
v 8.788183 -10.917809 -2.500000
v 8.761184 -10.852408 -2.470711
v 8.788183 -10.917809 2.500000
v 8.750000 -10.825317 2.399999
v 8.761184 -10.852408 2.470710
v 10.037587 -10.239401 -2.400000
v 10.082390 -10.328880 -2.500000
v 10.050711 -10.265609 -2.470711
v 10.082390 -10.328880 2.500000
v 10.037587 -10.239401 2.400000
v 10.050711 -10.265609 2.470711
v 11.248783 -9.575556 -2.400000
v 11.300276 -9.661368 -2.500000
v 11.263865 -9.600690 -2.470711
v 11.300276 -9.661368 2.500000
v 11.248783 -9.575556 2.400000
v 11.263865 -9.600690 2.470711
v 12.374369 -8.838835 -2.400000
v 12.432590 -8.920243 -2.500000
v 12.391421 -8.862679 -2.470711
v 12.432590 -8.920243 2.500000
v 12.374369 -8.838835 2.400000
v 12.391421 -8.862679 2.470711
v 13.405778 -8.034845 -2.400000
v 13.470709 -8.111023 -2.500000
v 13.424796 -8.057157 -2.470711
v 13.470709 -8.111023 2.500000
v 13.405778 -8.034845 2.400000
v 13.424796 -8.057157 2.470711
v 14.335161 -7.169705 -2.400000
v 14.406697 -7.239735 -2.500000
v 14.356115 -7.190217 -2.470711
v 14.406697 -7.239735 2.500000
v 14.335161 -7.169705 2.400000
v 14.356115 -7.190217 2.470711
v 15.155445 -6.250000 -2.400000
v 15.233356 -6.312882 -2.500000
v 15.178267 -6.268419 -2.470711
v 15.233356 -6.312882 2.500000
v 15.155445 -6.250000 2.400000
v 15.178267 -6.268419 2.470711
v 15.860386 -5.282728 -2.400000
v 15.944275 -5.337408 -2.500000
v 15.884958 -5.298744 -2.470711
v 15.944275 -5.337408 2.500000
v 15.860386 -5.282728 2.400000
v 15.884958 -5.298744 2.470711
v 16.444620 -4.275252 -2.400000
v 16.533884 -4.320662 -2.500000
v 16.470766 -4.288553 -2.470711
v 16.533884 -4.320662 2.500000
v 16.444620 -4.275252 2.400000
v 16.470766 -4.288553 2.470711
v 16.903702 -3.235238 -2.400000
v 16.997505 -3.270366 -2.500000
v 16.931175 -3.245527 -2.470711
v 16.997505 -3.270366 2.500000
v 16.903702 -3.235238 2.400000
v 16.931175 -3.245527 2.470711
v 17.234137 -2.170602 -2.400000
v 17.331404 -2.194571 -2.500000
v 17.262623 -2.177622 -2.470711
v 17.331404 -2.194571 2.500000
v 17.234137 -2.170602 2.400000
v 17.262623 -2.177622 2.470711
v 17.433409 -1.089447 -2.400000
v 17.532850 -1.101605 -2.500000
v 17.462536 -1.093008 -2.470711
v 17.532850 -1.101605 2.500000
v 17.433409 -1.089447 2.400000
v 17.462536 -1.093008 2.470711
v 16.800001 0.000001 -24.400000
v 16.699821 0.000001 -24.500000
v 16.770660 0.000001 -24.470713
v 16.699821 0.000001 -19.500000
v 16.800001 0.000001 -19.600000
v 16.770660 0.000001 -19.529287
v 16.635611 1.069697 -24.500000
v 16.735073 1.081642 -24.400000
v 16.705942 1.078143 -24.470713
v 16.735073 1.081641 -19.600000
v 16.635611 1.069696 -19.500000
v 16.705942 1.078143 -19.529287
v 16.443548 2.130791 -24.500000
v 16.540907 2.154356 -24.400000
v 16.512392 2.147454 -24.470713
v 16.540907 2.154356 -19.600000
v 16.443548 2.130790 -19.500000
v 16.512392 2.147454 -19.529287
v 16.125330 3.174820 -24.500000
v 16.219334 3.209398 -24.400000
v 16.191799 3.199270 -24.470713
v 16.219334 3.209397 -19.600000
v 16.125330 3.174819 -19.500000
v 16.191799 3.199270 -19.529287
v 15.683703 4.193576 -24.500000
v 15.773289 4.238341 -24.400000
v 15.747049 4.225230 -24.470713
v 15.773289 4.238341 -19.600000
v 15.683703 4.193575 -19.500000
v 15.747049 4.225229 -19.529287
v 15.122400 5.179187 -24.500000
v 15.206732 5.233179 -24.400000
v 15.182032 5.217365 -24.470713
v 15.206732 5.233178 -19.600000
v 15.122400 5.179186 -19.500000
v 15.182032 5.217364 -19.529287
v 14.446050 6.124172 -24.500000
v 14.524508 6.186369 -24.400000
v 14.501529 6.168152 -24.470713
v 14.524508 6.186369 -19.600000
v 14.446050 6.124171 -19.500000
v 14.501529 6.168152 -19.529287
v 13.660099 7.021464 -24.500000
v 13.732261 7.090849 -24.400000
v 13.711124 7.070526 -24.470713
v 13.732261 7.090849 -19.600000
v 13.660099 7.021464 -19.500000
v 13.711124 7.070526 -19.529287
v 12.770754 7.864432 -24.500000
v 12.836359 7.940031 -24.400000
v 12.817144 7.917889 -24.470713
v 12.836359 7.940031 -19.600000
v 12.770754 7.864432 -19.500000
v 12.817144 7.917889 -19.529287
v 11.784936 8.646894 -24.500000
v 11.843849 8.727804 -24.400000
v 11.826594 8.704107 -24.470713
v 11.843849 8.727804 -19.600000
v 11.784936 8.646894 -19.500000
v 11.826594 8.704107 -19.529287
v 10.710222 9.363137 -24.500000
v 10.762397 9.448539 -24.400000
v 10.747115 9.423525 -24.470713
v 10.762397 9.448539 -19.600000
v 10.710222 9.363137 -19.500000
v 10.747115 9.423525 -19.529287
v 9.554813 10.007945 -24.500000
v 9.600263 10.097099 -24.400000
v 9.586951 10.070987 -24.470713
v 9.600263 10.097099 -19.600000
v 9.554813 10.007945 -19.500000
v 9.586951 10.070987 -19.529287
v 8.327472 10.576621 -24.500000
v 8.366245 10.668869 -24.400000
v 8.354889 10.641850 -24.470713
v 8.366245 10.668869 -19.600000
v 8.327472 10.576621 -19.500000
v 8.354889 10.641850 -19.529287
v 7.037471 11.065022 -24.500000
v 7.069635 11.159773 -24.400000
v 7.060215 11.132021 -24.470713
v 7.069635 11.159773 -19.600000
v 7.037471 11.065022 -19.500000
v 7.060215 11.132021 -19.529287
v 5.694542 11.469587 -24.500000
v 5.720168 11.566306 -24.400000
v 5.712662 11.537977 -24.470713
v 5.720168 11.566306 -19.600000
v 5.694542 11.469587 -19.500000
v 5.712662 11.537977 -19.529287
v 4.308793 11.787358 -24.500000
v 4.327948 11.885561 -24.400000
v 4.322337 11.856798 -24.470713
v 4.327948 11.885561 -19.600000
v 4.308793 11.787358 -19.500000
v 4.322337 11.856798 -19.529287
v 2.890650 12.016015 -24.500000
v 2.903388 12.115252 -24.400000
v 2.899657 12.086186 -24.470713
v 2.903388 12.115252 -19.600000
v 2.890650 12.016015 -19.500000
v 2.899657 12.086186 -19.529287
v 1.450778 12.153882 -24.500000
v 1.457137 12.253731 -24.400000
v 1.455274 12.224484 -24.470713
v 1.457137 12.253731 -19.600000
v 1.450778 12.153882 -19.500000
v 1.455274 12.224484 -19.529287
v 0.000000 12.199949 -24.500000
v 0.000000 12.300000 -24.400000
v 0.000000 12.270696 -24.470713
v 0.000000 12.300000 -19.600000
v 0.000000 12.199949 -19.500000
v 0.000000 12.270696 -19.529287
v -1.450778 12.153882 -24.500000
v -1.457137 12.253731 -24.400000
v -1.455274 12.224484 -24.470713
v -1.457137 12.253731 -19.600000
v -1.450778 12.153882 -19.500000
v -1.455274 12.224484 -19.529287
v -2.890650 12.016015 -24.500000
v -2.903388 12.115252 -24.400000
v -2.899657 12.086186 -24.470713
v -2.903388 12.115252 -19.600000
v -2.890650 12.016015 -19.500000
v -2.899657 12.086186 -19.529287
v -4.308793 11.787358 -24.500000
v -4.327948 11.885561 -24.400000
v -4.322337 11.856798 -24.470713
v -4.327948 11.885561 -19.600000
v -4.308793 11.787358 -19.500000
v -4.322337 11.856798 -19.529287
v -5.694542 11.469587 -24.500000
v -5.720168 11.566306 -24.400000
v -5.712662 11.537977 -24.470713
v -5.720168 11.566306 -19.600000
v -5.694542 11.469587 -19.500000
v -5.712662 11.537977 -19.529287
v -7.037471 11.065022 -24.500000
v -7.069635 11.159773 -24.400000
v -7.060215 11.132021 -24.470713
v -7.069635 11.159773 -19.600000
v -7.037471 11.065022 -19.500000
v -7.060215 11.132021 -19.529287
v -8.327472 10.576621 -24.500000
v -8.366245 10.668869 -24.400000
v -8.354889 10.641850 -24.470713
v -8.366245 10.668869 -19.600000
v -8.327472 10.576621 -19.500000
v -8.354889 10.641850 -19.529287
v -9.554813 10.007945 -24.500000
v -9.600263 10.097099 -24.400000
v -9.586951 10.070987 -24.470713
v -9.600263 10.097099 -19.600000
v -9.554813 10.007945 -19.500000
v -9.586951 10.070987 -19.529287
v -10.710222 9.363137 -24.500000
v -10.762397 9.448539 -24.400000
v -10.747115 9.423525 -24.470713
v -10.762397 9.448539 -19.600000
v -10.710222 9.363137 -19.500000
v -10.747115 9.423525 -19.529287
v -11.784936 8.646894 -24.500000
v -11.843849 8.727804 -24.400000
v -11.826594 8.704107 -24.470713
v -11.843849 8.727804 -19.600000
v -11.784936 8.646894 -19.500000
v -11.826594 8.704107 -19.529287
v -12.770754 7.864432 -24.500000
v -12.836359 7.940031 -24.400000
v -12.817144 7.917889 -24.470713
v -12.836359 7.940031 -19.600000
v -12.770754 7.864432 -19.500000
v -12.817144 7.917889 -19.529287
v -13.660099 7.021464 -24.500000
v -13.732261 7.090849 -24.400000
v -13.711124 7.070526 -24.470713
v -13.732261 7.090849 -19.600000
v -13.660099 7.021464 -19.500000
v -13.711124 7.070526 -19.529287
v -14.446050 6.124172 -24.500000
v -14.524508 6.186369 -24.400000
v -14.501529 6.168152 -24.470713
v -14.524508 6.186369 -19.600000
v -14.446050 6.124171 -19.500000
v -14.501529 6.168152 -19.529287
v -15.122400 5.179187 -24.500000
v -15.206732 5.233179 -24.400000
v -15.182032 5.217365 -24.470713
v -15.206732 5.233178 -19.600000
v -15.122400 5.179186 -19.500000
v -15.182032 5.217364 -19.529287
v -15.683703 4.193576 -24.500000
v -15.773289 4.238341 -24.400000
v -15.747049 4.225230 -24.470713
v -15.773289 4.238341 -19.600000
v -15.683703 4.193575 -19.500000
v -15.747049 4.225229 -19.529287
v -16.125330 3.174820 -24.500000
v -16.219334 3.209398 -24.400000
v -16.191799 3.199270 -24.470713
v -16.219334 3.209397 -19.600000
v -16.125330 3.174819 -19.500000
v -16.191799 3.199270 -19.529287
v -16.443548 2.130791 -24.500000
v -16.540907 2.154356 -24.400000
v -16.512392 2.147454 -24.470713
v -16.540907 2.154356 -19.600000
v -16.443548 2.130790 -19.500000
v -16.512392 2.147454 -19.529287
v -16.635611 1.069697 -24.500000
v -16.735073 1.081642 -24.400000
v -16.705942 1.078143 -24.470713
v -16.735073 1.081641 -19.600000
v -16.635611 1.069696 -19.500000
v -16.705942 1.078143 -19.529287
v -16.699821 0.000001 -24.500000
v -16.800001 0.000001 -24.400000
v -16.770660 0.000001 -24.470713
v -16.800001 0.000001 -19.600000
v -16.699821 0.000001 -19.500000
v -16.770660 0.000001 -19.529287
v -16.635611 -1.069695 -24.500000
v -16.735073 -1.081640 -24.400000
v -16.705942 -1.078141 -24.470713
v -16.735073 -1.081640 -19.600000
v -16.635611 -1.069695 -19.500000
v -16.705942 -1.078141 -19.529287
v -16.443548 -2.130788 -24.500000
v -16.540907 -2.154354 -24.400000
v -16.512392 -2.147452 -24.470713
v -16.540907 -2.154354 -19.600000
v -16.443548 -2.130789 -19.500000
v -16.512392 -2.147452 -19.529287
v -16.125330 -3.174818 -24.500000
v -16.219334 -3.209395 -24.400000
v -16.191799 -3.199268 -24.470713
v -16.219334 -3.209396 -19.600000
v -16.125330 -3.174818 -19.500000
v -16.191799 -3.199268 -19.529287
v -15.683703 -4.193573 -24.500000
v -15.773289 -4.238339 -24.400000
v -15.747049 -4.225228 -24.470713
v -15.773289 -4.238339 -19.600000
v -15.683703 -4.193574 -19.500000
v -15.747049 -4.225228 -19.529287
v -15.122400 -5.179185 -24.500000
v -15.206732 -5.233176 -24.400000
v -15.182032 -5.217362 -24.470713
v -15.206732 -5.233177 -19.600000
v -15.122400 -5.179185 -19.500000
v -15.182032 -5.217363 -19.529287
v -14.446050 -6.124169 -24.500000
v -14.524508 -6.186367 -24.400000
v -14.501529 -6.168150 -24.470713
v -14.524508 -6.186368 -19.600000
v -14.446050 -6.124170 -19.500000
v -14.501529 -6.168150 -19.529287
v -13.660099 -7.021462 -24.500000
v -13.732261 -7.090847 -24.400000
v -13.711124 -7.070524 -24.470713
v -13.732261 -7.090847 -19.600000
v -13.660099 -7.021462 -19.500000
v -13.711124 -7.070524 -19.529287
v -12.770754 -7.864430 -24.500000
v -12.836359 -7.940029 -24.400000
v -12.817144 -7.917888 -24.470713
v -12.836359 -7.940029 -19.600000
v -12.770754 -7.864430 -19.500000
v -12.817144 -7.917888 -19.529287
v -11.784936 -8.646892 -24.500000
v -11.843849 -8.727803 -24.400000
v -11.826594 -8.704105 -24.470713
v -11.843849 -8.727803 -19.600000
v -11.784936 -8.646892 -19.500000
v -11.826594 -8.704105 -19.529287
v -10.710222 -9.363135 -24.500000
v -10.762397 -9.448537 -24.400000
v -10.747115 -9.423523 -24.470713
v -10.762397 -9.448537 -19.600000
v -10.710222 -9.363135 -19.500000
v -10.747115 -9.423523 -19.529287
v -9.554813 -10.007943 -24.500000
v -9.600263 -10.097097 -24.400000
v -9.586951 -10.070986 -24.470713
v -9.600263 -10.097097 -19.600000
v -9.554813 -10.007943 -19.500000
v -9.586951 -10.070986 -19.529287
v -8.327472 -10.576619 -24.500000
v -8.366245 -10.668867 -24.400000
v -8.354889 -10.641850 -24.470713
v -8.366245 -10.668867 -19.600000
v -8.327472 -10.576619 -19.500000
v -8.354889 -10.641850 -19.529287
v -7.037471 -11.065022 -24.500000
v -7.069635 -11.159771 -24.400000
v -7.060215 -11.132019 -24.470713
v -7.069635 -11.159771 -19.600000
v -7.037471 -11.065022 -19.500000
v -7.060215 -11.132019 -19.529287
v -5.694542 -11.469585 -24.500000
v -5.720168 -11.566304 -24.400000
v -5.712662 -11.537976 -24.470713
v -5.720168 -11.566304 -19.600000
v -5.694542 -11.469585 -19.500000
v -5.712662 -11.537976 -19.529287
v -4.308793 -11.787356 -24.500000
v -4.327948 -11.885559 -24.400000
v -4.322337 -11.856796 -24.470713
v -4.327948 -11.885559 -19.600000
v -4.308793 -11.787356 -19.500000
v -4.322337 -11.856796 -19.529287
v -2.890650 -12.016013 -24.500000
v -2.903388 -12.115252 -24.400000
v -2.899657 -12.086185 -24.470713
v -2.903388 -12.115252 -19.600000
v -2.890650 -12.016013 -19.500000
v -2.899657 -12.086185 -19.529287
v -1.450778 -12.153880 -24.500000
v -1.457137 -12.253729 -24.400000
v -1.455274 -12.224483 -24.470713
v -1.457137 -12.253729 -19.600000
v -1.450778 -12.153880 -19.500000
v -1.455274 -12.224483 -19.529287
v -0.000000 -12.199948 -24.500000
v -0.000000 -12.299999 -24.400000
v 0.000000 -12.270694 -24.470713
v -0.000000 -12.299999 -19.600000
v -0.000000 -12.199948 -19.500000
v 0.000000 -12.270694 -19.529287
v 1.450778 -12.153880 -24.500000
v 1.457137 -12.253729 -24.400000
v 1.455274 -12.224483 -24.470713
v 1.457137 -12.253729 -19.600000
v 1.450778 -12.153880 -19.500000
v 1.455274 -12.224483 -19.529287
v 2.890650 -12.016013 -24.500000
v 2.903388 -12.115252 -24.400000
v 2.899657 -12.086185 -24.470713
v 2.903388 -12.115252 -19.600000
v 2.890650 -12.016013 -19.500000
v 2.899657 -12.086185 -19.529287
v 4.308793 -11.787356 -24.500000
v 4.327948 -11.885559 -24.400000
v 4.322337 -11.856796 -24.470713
v 4.327948 -11.885559 -19.600000
v 4.308793 -11.787356 -19.500000
v 4.322337 -11.856796 -19.529287
v 5.694542 -11.469585 -24.500000
v 5.720168 -11.566304 -24.400000
v 5.712662 -11.537976 -24.470713
v 5.720168 -11.566304 -19.600000
v 5.694542 -11.469585 -19.500000
v 5.712662 -11.537976 -19.529287
v 7.037471 -11.065022 -24.500000
v 7.069635 -11.159771 -24.400000
v 7.060215 -11.132019 -24.470713
v 7.069635 -11.159771 -19.600000
v 7.037471 -11.065022 -19.500000
v 7.060215 -11.132019 -19.529287
v 8.327472 -10.576619 -24.500000
v 8.366245 -10.668867 -24.400000
v 8.354889 -10.641850 -24.470713
v 8.366245 -10.668867 -19.600000
v 8.327472 -10.576619 -19.500000
v 8.354889 -10.641850 -19.529287
v 9.554813 -10.007943 -24.500000
v 9.600263 -10.097097 -24.400000
v 9.586951 -10.070986 -24.470713
v 9.600263 -10.097097 -19.600000
v 9.554813 -10.007943 -19.500000
v 9.586951 -10.070986 -19.529287
v 10.710222 -9.363135 -24.500000
v 10.762397 -9.448537 -24.400000
v 10.747115 -9.423523 -24.470713
v 10.762397 -9.448537 -19.600000
v 10.710222 -9.363135 -19.500000
v 10.747115 -9.423523 -19.529287
v 11.784936 -8.646892 -24.500000
v 11.843849 -8.727803 -24.400000
v 11.826594 -8.704105 -24.470713
v 11.843849 -8.727803 -19.600000
v 11.784936 -8.646892 -19.500000
v 11.826594 -8.704105 -19.529287
v 12.770754 -7.864430 -24.500000
v 12.836359 -7.940029 -24.400000
v 12.817144 -7.917888 -24.470713
v 12.836359 -7.940029 -19.600000
v 12.770754 -7.864430 -19.500000
v 12.817144 -7.917888 -19.529287
v 13.660099 -7.021462 -24.500000
v 13.732261 -7.090847 -24.400000
v 13.711124 -7.070524 -24.470713
v 13.732261 -7.090847 -19.600000
v 13.660099 -7.021462 -19.500000
v 13.711124 -7.070524 -19.529287
v 14.446050 -6.124169 -24.500000
v 14.524508 -6.186367 -24.400000
v 14.501529 -6.168150 -24.470713
v 14.524508 -6.186368 -19.600000
v 14.446050 -6.124170 -19.500000
v 14.501529 -6.168150 -19.529287
v 15.122400 -5.179185 -24.500000
v 15.206732 -5.233176 -24.400000
v 15.182032 -5.217362 -24.470713
v 15.206732 -5.233177 -19.600000
v 15.122400 -5.179185 -19.500000
v 15.182032 -5.217363 -19.529287
v 15.683703 -4.193573 -24.500000
v 15.773289 -4.238339 -24.400000
v 15.747049 -4.225228 -24.470713
v 15.773289 -4.238339 -19.600000
v 15.683703 -4.193574 -19.500000
v 15.747049 -4.225228 -19.529287
v 16.125330 -3.174818 -24.500000
v 16.219334 -3.209395 -24.400000
v 16.191799 -3.199268 -24.470713
v 16.219334 -3.209396 -19.600000
v 16.125330 -3.174818 -19.500000
v 16.191799 -3.199268 -19.529287
v 16.443548 -2.130788 -24.500000
v 16.540907 -2.154354 -24.400000
v 16.512392 -2.147452 -24.470713
v 16.540907 -2.154354 -19.600000
v 16.443548 -2.130789 -19.500000
v 16.512392 -2.147452 -19.529287
v 16.635611 -1.069695 -24.500000
v 16.735073 -1.081640 -24.400000
v 16.705942 -1.078141 -24.470713
v 16.735073 -1.081640 -19.600000
v 16.635611 -1.069695 -19.500000
v 16.705942 -1.078141 -19.529287
v 16.600182 0.000001 -24.500000
v 16.500000 0.000001 -24.400000
v 16.529343 0.000001 -24.470713
v 16.500000 0.000001 -19.600000
v 16.600182 0.000001 -19.500000
v 16.529343 0.000001 -19.529287
v 16.437214 1.045870 -24.400000
v 16.536674 1.057815 -24.500000
v 16.466343 1.049369 -24.470713
v 16.536674 1.057815 -19.500000
v 16.437214 1.045870 -19.600000
v 16.466343 1.049368 -19.529287
v 16.249327 2.083779 -24.400000
v 16.346687 2.107345 -24.500000
v 16.277845 2.090682 -24.470713
v 16.346687 2.107345 -19.500000
v 16.249327 2.083779 -19.600000
v 16.277845 2.090682 -19.529287
v 15.937777 3.105830 -24.400000
v 16.031780 3.140408 -24.500000
v 15.965310 3.115957 -24.470713
v 16.031780 3.140407 -19.500000
v 15.937777 3.105829 -19.600000
v 15.965310 3.115957 -19.529287
v 15.504928 4.104243 -24.400000
v 15.594514 4.149008 -24.500000
v 15.531167 4.117354 -24.470713
v 15.594514 4.149008 -19.500000
v 15.504928 4.104242 -19.600000
v 15.531167 4.117354 -19.529287
v 14.954079 5.071420 -24.400000
v 15.038410 5.125412 -24.500000
v 14.978779 5.087234 -24.470713
v 15.038410 5.125412 -19.500000
v 14.954079 5.071420 -19.600000
v 14.978779 5.087234 -19.529287
v 14.289419 6.000001 -24.400000
v 14.367877 6.062199 -24.500000
v 14.312399 6.018219 -24.470713
v 14.367877 6.062199 -19.500000
v 14.289419 6.000000 -19.600000
v 14.312399 6.018218 -19.529287
v 13.516008 6.882918 -24.400000
v 13.588171 6.952303 -24.500000
v 13.537145 6.903241 -24.470713
v 13.588171 6.952303 -19.500000
v 13.516008 6.882918 -19.600000
v 13.537145 6.903241 -19.529287
v 12.639732 7.713452 -24.400000
v 12.705338 7.789051 -24.500000
v 12.658948 7.735593 -24.470713
v 12.705338 7.789051 -19.500000
v 12.639732 7.713452 -19.600000
v 12.658948 7.735593 -19.529287
v 11.667262 8.485282 -24.400000
v 11.726175 8.566193 -24.500000
v 11.684518 8.508980 -24.470713
v 11.726175 8.566193 -19.500000
v 11.667262 8.485282 -19.600000
v 11.684518 8.508980 -19.529287
v 10.605995 9.192533 -24.400000
v 10.658170 9.277935 -24.500000
v 10.621277 9.217547 -24.470713
v 10.658170 9.277935 -19.500000
v 10.605995 9.192533 -19.600000
v 10.621277 9.217547 -19.529287
v 9.464011 9.829825 -24.400000
v 9.509460 9.918980 -24.500000
v 9.477324 9.855939 -24.470713
v 9.509460 9.918980 -19.500000
v 9.464011 9.829825 -19.600000
v 9.477324 9.855939 -19.529287
v 8.250000 10.392305 -24.400000
v 8.288774 10.484552 -24.500000
v 8.261357 10.419324 -24.470713
v 8.288774 10.484552 -19.500000
v 8.250000 10.392305 -19.600000
v 8.261357 10.419324 -19.529287
v 6.973201 10.875694 -24.400000
v 7.005365 10.970445 -24.500000
v 6.982622 10.903445 -24.470713
v 7.005365 10.970445 -19.500000
v 6.973201 10.875694 -19.600000
v 6.982622 10.903445 -19.529287
v 5.643332 11.276312 -24.400000
v 5.668959 11.373032 -24.500000
v 5.650838 11.304641 -24.470713
v 5.668959 11.373032 -19.500000
v 5.643332 11.276312 -19.600000
v 5.650838 11.304641 -19.529287
v 4.270514 11.591110 -24.400000
v 4.289669 11.689314 -24.500000
v 4.276124 11.619873 -24.470713
v 4.289669 11.689314 -19.500000
v 4.270514 11.591110 -19.600000
v 4.276124 11.619873 -19.529287
v 2.865195 11.817694 -24.400000
v 2.877933 11.916932 -24.500000
v 2.868926 11.846759 -24.470713
v 2.877933 11.916932 -19.500000
v 2.865195 11.817694 -19.600000
v 2.868926 11.846759 -19.529287
v 1.438070 11.954337 -24.400000
v 1.444429 12.054186 -24.500000
v 1.439932 11.983582 -24.470713
v 1.444429 12.054186 -19.500000
v 1.438070 11.954337 -19.600000
v 1.439932 11.983582 -19.529287
v 0.000000 12.000000 -24.400000
v 0.000000 12.100051 -24.500000
v 0.000000 12.029305 -24.470713
v 0.000000 12.100051 -19.500000
v 0.000000 12.000000 -19.600000
v 0.000000 12.029305 -19.529287
v -1.438070 11.954337 -24.400000
v -1.444429 12.054186 -24.500000
v -1.439932 11.983582 -24.470713
v -1.444429 12.054186 -19.500000
v -1.438070 11.954337 -19.600000
v -1.439932 11.983582 -19.529287
v -2.865195 11.817694 -24.400000
v -2.877933 11.916932 -24.500000
v -2.868926 11.846759 -24.470713
v -2.877933 11.916932 -19.500000
v -2.865195 11.817694 -19.600000
v -2.868926 11.846759 -19.529287
v -4.270514 11.591110 -24.400000
v -4.289669 11.689314 -24.500000
v -4.276124 11.619873 -24.470713
v -4.289669 11.689314 -19.500000
v -4.270514 11.591110 -19.600000
v -4.276124 11.619873 -19.529287
v -5.643332 11.276312 -24.400000
v -5.668959 11.373032 -24.500000
v -5.650838 11.304641 -24.470713
v -5.668959 11.373032 -19.500000
v -5.643332 11.276312 -19.600000
v -5.650838 11.304641 -19.529287
v -6.973201 10.875694 -24.400000
v -7.005365 10.970445 -24.500000
v -6.982622 10.903445 -24.470713
v -7.005365 10.970445 -19.500000
v -6.973201 10.875694 -19.600000
v -6.982622 10.903445 -19.529287
v -8.250000 10.392305 -24.400000
v -8.288774 10.484552 -24.500000
v -8.261357 10.419324 -24.470713
v -8.288774 10.484552 -19.500000
v -8.250000 10.392305 -19.600000
v -8.261357 10.419324 -19.529287
v -9.464011 9.829825 -24.400000
v -9.509460 9.918980 -24.500000
v -9.477324 9.855939 -24.470713
v -9.509460 9.918980 -19.500000
v -9.464011 9.829825 -19.600000
v -9.477324 9.855939 -19.529287
v -10.605995 9.192533 -24.400000
v -10.658170 9.277935 -24.500000
v -10.621277 9.217547 -24.470713
v -10.658170 9.277935 -19.500000
v -10.605995 9.192533 -19.600000
v -10.621277 9.217547 -19.529287
v -11.667262 8.485282 -24.400000
v -11.726175 8.566193 -24.500000
v -11.684518 8.508980 -24.470713
v -11.726175 8.566193 -19.500000
v -11.667262 8.485282 -19.600000
v -11.684518 8.508980 -19.529287
v -12.639732 7.713452 -24.400000
v -12.705338 7.789051 -24.500000
v -12.658948 7.735593 -24.470713
v -12.705338 7.789051 -19.500000
v -12.639732 7.713452 -19.600000
v -12.658948 7.735593 -19.529287
v -13.516008 6.882918 -24.400000
v -13.588171 6.952303 -24.500000
v -13.537145 6.903241 -24.470713
v -13.588171 6.952303 -19.500000
v -13.516008 6.882918 -19.600000
v -13.537145 6.903241 -19.529287
v -14.289419 6.000001 -24.400000
v -14.367877 6.062199 -24.500000
v -14.312399 6.018219 -24.470713
v -14.367877 6.062199 -19.500000
v -14.289419 6.000000 -19.600000
v -14.312399 6.018218 -19.529287
v -14.954079 5.071420 -24.400000
v -15.038410 5.125412 -24.500000
v -14.978779 5.087234 -24.470713
v -15.038410 5.125412 -19.500000
v -14.954079 5.071420 -19.600000
v -14.978779 5.087234 -19.529287
v -15.504928 4.104243 -24.400000
v -15.594514 4.149008 -24.500000
v -15.531167 4.117354 -24.470713
v -15.594514 4.149008 -19.500000
v -15.504928 4.104242 -19.600000
v -15.531167 4.117354 -19.529287
v -15.937777 3.105830 -24.400000
v -16.031780 3.140408 -24.500000
v -15.965310 3.115957 -24.470713
v -16.031780 3.140407 -19.500000
v -15.937777 3.105829 -19.600000
v -15.965310 3.115957 -19.529287
v -16.249327 2.083779 -24.400000
v -16.346687 2.107345 -24.500000
v -16.277845 2.090682 -24.470713
v -16.346687 2.107345 -19.500000
v -16.249327 2.083779 -19.600000
v -16.277845 2.090682 -19.529287
v -16.437214 1.045870 -24.400000
v -16.536674 1.057815 -24.500000
v -16.466343 1.049369 -24.470713
v -16.536674 1.057815 -19.500000
v -16.437214 1.045870 -19.600000
v -16.466343 1.049368 -19.529287
v -16.500000 0.000001 -24.400000
v -16.600182 0.000001 -24.500000
v -16.529343 0.000001 -24.470713
v -16.600182 0.000001 -19.500000
v -16.500000 0.000001 -19.600000
v -16.529343 0.000001 -19.529287
v -16.437214 -1.045868 -24.400000
v -16.536674 -1.057813 -24.500000
v -16.466343 -1.049366 -24.470713
v -16.536674 -1.057813 -19.500000
v -16.437214 -1.045868 -19.600000
v -16.466343 -1.049367 -19.529287
v -16.249327 -2.083777 -24.400000
v -16.346687 -2.107343 -24.500000
v -16.277845 -2.090680 -24.470713
v -16.346687 -2.107343 -19.500000
v -16.249327 -2.083777 -19.600000
v -16.277845 -2.090680 -19.529287
v -15.937777 -3.105827 -24.400000
v -16.031780 -3.140406 -24.500000
v -15.965310 -3.115955 -24.470713
v -16.031780 -3.140406 -19.500000
v -15.937777 -3.105828 -19.600000
v -15.965310 -3.115955 -19.529287
v -15.504928 -4.104240 -24.400000
v -15.594514 -4.149006 -24.500000
v -15.531167 -4.117352 -24.470713
v -15.594514 -4.149006 -19.500000
v -15.504928 -4.104241 -19.600000
v -15.531167 -4.117352 -19.529287
v -14.954079 -5.071418 -24.400000
v -15.038410 -5.125410 -24.500000
v -14.978779 -5.087232 -24.470713
v -15.038410 -5.125410 -19.500000
v -14.954079 -5.071418 -19.600000
v -14.978779 -5.087233 -19.529287
v -14.289419 -5.999999 -24.400000
v -14.367877 -6.062197 -24.500000
v -14.312399 -6.018216 -24.470713
v -14.367877 -6.062197 -19.500000
v -14.289419 -5.999999 -19.600000
v -14.312399 -6.018217 -19.529287
v -13.516008 -6.882916 -24.400000
v -13.588171 -6.952302 -24.500000
v -13.537145 -6.903239 -24.470713
v -13.588171 -6.952302 -19.500000
v -13.516008 -6.882916 -19.600000
v -13.537145 -6.903239 -19.529287
v -12.639732 -7.713450 -24.400000
v -12.705338 -7.789049 -24.500000
v -12.658948 -7.735591 -24.470713
v -12.705338 -7.789049 -19.500000
v -12.639732 -7.713450 -19.600000
v -12.658948 -7.735591 -19.529287
v -11.667262 -8.485281 -24.400000
v -11.726175 -8.566191 -24.500000
v -11.684518 -8.508979 -24.470713
v -11.726175 -8.566191 -19.500000
v -11.667262 -8.485281 -19.600000
v -11.684518 -8.508979 -19.529287
v -10.605995 -9.192533 -24.400000
v -10.658170 -9.277934 -24.500000
v -10.621277 -9.217546 -24.470713
v -10.658170 -9.277934 -19.500000
v -10.605995 -9.192533 -19.600000
v -10.621277 -9.217546 -19.529287
v -9.464011 -9.829823 -24.400000
v -9.509460 -9.918978 -24.500000
v -9.477324 -9.855937 -24.470713
v -9.509460 -9.918978 -19.500000
v -9.464011 -9.829823 -19.600000
v -9.477324 -9.855937 -19.529287
v -8.250000 -10.392303 -24.400000
v -8.288774 -10.484550 -24.500000
v -8.261357 -10.419323 -24.470713
v -8.288774 -10.484550 -19.500000
v -8.250000 -10.392303 -19.600000
v -8.261357 -10.419323 -19.529287
v -6.973201 -10.875693 -24.400000
v -7.005365 -10.970443 -24.500000
v -6.982622 -10.903444 -24.470713
v -7.005365 -10.970443 -19.500000
v -6.973201 -10.875693 -19.600000
v -6.982622 -10.903444 -19.529287
v -5.643332 -11.276311 -24.400000
v -5.668959 -11.373030 -24.500000
v -5.650838 -11.304639 -24.470713
v -5.668959 -11.373030 -19.500000
v -5.643332 -11.276311 -19.600000
v -5.650838 -11.304639 -19.529287
v -4.270514 -11.591109 -24.400000
v -4.289669 -11.689312 -24.500000
v -4.276124 -11.619872 -24.470713
v -4.289669 -11.689312 -19.500000
v -4.270514 -11.591109 -19.600000
v -4.276124 -11.619872 -19.529287
v -2.865195 -11.817692 -24.400000
v -2.877933 -11.916930 -24.500000
v -2.868926 -11.846758 -24.470713
v -2.877933 -11.916930 -19.500000
v -2.865195 -11.817692 -19.600000
v -2.868926 -11.846758 -19.529287
v -1.438070 -11.954336 -24.400000
v -1.444429 -12.054184 -24.500000
v -1.439932 -11.983581 -24.470713
v -1.444429 -12.054184 -19.500000
v -1.438070 -11.954336 -19.600000
v -1.439932 -11.983581 -19.529287
v -0.000000 -11.999999 -24.400000
v -0.000000 -12.100049 -24.500000
v 0.000000 -12.029304 -24.470713
v -0.000000 -12.100049 -19.500000
v -0.000000 -11.999999 -19.600000
v 0.000000 -12.029304 -19.529287
v 1.438070 -11.954336 -24.400000
v 1.444429 -12.054184 -24.500000
v 1.439932 -11.983581 -24.470713
v 1.444429 -12.054184 -19.500000
v 1.438070 -11.954336 -19.600000
v 1.439932 -11.983581 -19.529287
v 2.865195 -11.817692 -24.400000
v 2.877933 -11.916930 -24.500000
v 2.868926 -11.846758 -24.470713
v 2.877933 -11.916930 -19.500000
v 2.865195 -11.817692 -19.600000
v 2.868926 -11.846758 -19.529287
v 4.270514 -11.591109 -24.400000
v 4.289669 -11.689312 -24.500000
v 4.276124 -11.619872 -24.470713
v 4.289669 -11.689312 -19.500000
v 4.270514 -11.591109 -19.600000
v 4.276124 -11.619872 -19.529287
v 5.643332 -11.276311 -24.400000
v 5.668959 -11.373030 -24.500000
v 5.650838 -11.304639 -24.470713
v 5.668959 -11.373030 -19.500000
v 5.643332 -11.276311 -19.600000
v 5.650838 -11.304639 -19.529287
v 6.973201 -10.875693 -24.400000
v 7.005365 -10.970443 -24.500000
v 6.982622 -10.903444 -24.470713
v 7.005365 -10.970443 -19.500000
v 6.973201 -10.875693 -19.600000
v 6.982622 -10.903444 -19.529287
v 8.250000 -10.392303 -24.400000
v 8.288774 -10.484550 -24.500000
v 8.261357 -10.419323 -24.470713
v 8.288774 -10.484550 -19.500000
v 8.250000 -10.392303 -19.600000
v 8.261357 -10.419323 -19.529287
v 9.464011 -9.829823 -24.400000
v 9.509460 -9.918978 -24.500000
v 9.477324 -9.855937 -24.470713
v 9.509460 -9.918978 -19.500000
v 9.464011 -9.829823 -19.600000
v 9.477324 -9.855937 -19.529287
v 10.605995 -9.192533 -24.400000
v 10.658170 -9.277934 -24.500000
v 10.621277 -9.217546 -24.470713
v 10.658170 -9.277934 -19.500000
v 10.605995 -9.192533 -19.600000
v 10.621277 -9.217546 -19.529287
v 11.667262 -8.485281 -24.400000
v 11.726175 -8.566191 -24.500000
v 11.684518 -8.508979 -24.470713
v 11.726175 -8.566191 -19.500000
v 11.667262 -8.485281 -19.600000
v 11.684518 -8.508979 -19.529287
v 12.639732 -7.713450 -24.400000
v 12.705338 -7.789049 -24.500000
v 12.658948 -7.735591 -24.470713
v 12.705338 -7.789049 -19.500000
v 12.639732 -7.713450 -19.600000
v 12.658948 -7.735591 -19.529287
v 13.516008 -6.882916 -24.400000
v 13.588171 -6.952302 -24.500000
v 13.537145 -6.903239 -24.470713
v 13.588171 -6.952302 -19.500000
v 13.516008 -6.882916 -19.600000
v 13.537145 -6.903239 -19.529287
v 14.289419 -5.999999 -24.400000
v 14.367877 -6.062197 -24.500000
v 14.312399 -6.018216 -24.470713
v 14.367877 -6.062197 -19.500000
v 14.289419 -5.999999 -19.600000
v 14.312399 -6.018217 -19.529287
v 14.954079 -5.071418 -24.400000
v 15.038410 -5.125410 -24.500000
v 14.978779 -5.087232 -24.470713
v 15.038410 -5.125410 -19.500000
v 14.954079 -5.071418 -19.600000
v 14.978779 -5.087233 -19.529287
v 15.504928 -4.104240 -24.400000
v 15.594514 -4.149006 -24.500000
v 15.531167 -4.117352 -24.470713
v 15.594514 -4.149006 -19.500000
v 15.504928 -4.104241 -19.600000
v 15.531167 -4.117352 -19.529287
v 15.937777 -3.105827 -24.400000
v 16.031780 -3.140406 -24.500000
v 15.965310 -3.115955 -24.470713
v 16.031780 -3.140406 -19.500000
v 15.937777 -3.105828 -19.600000
v 15.965310 -3.115955 -19.529287
v 16.249327 -2.083777 -24.400000
v 16.346687 -2.107343 -24.500000
v 16.277845 -2.090680 -24.470713
v 16.346687 -2.107343 -19.500000
v 16.249327 -2.083777 -19.600000
v 16.277845 -2.090680 -19.529287
v 16.437214 -1.045868 -24.400000
v 16.536674 -1.057813 -24.500000
v 16.466343 -1.049366 -24.470713
v 16.536674 -1.057813 -19.500000
v 16.437214 -1.045868 -19.600000
v 16.466343 -1.049367 -19.529287
v -2.250000 -12.900000 -22.000000
v -2.250000 -12.900001 -0.000001
v -2.250000 -12.499999 -22.000000
v -2.250000 -12.500000 -0.000001
v 2.250000 -12.900000 -22.000000
v 2.250000 -12.900001 -0.000001
v 2.250000 -12.499999 -22.000000
v 2.250000 -12.500000 -0.000001
v 8.520000 -13.000000 -0.000001
v 8.426274 -13.226274 -0.000001
v 8.200000 -13.319999 -0.000001
v 7.973726 -13.226274 -0.000001
v 7.880000 -13.000000 -0.000001
v 7.973726 -12.773726 -0.000001
v 8.200000 -12.680000 -0.000001
v 8.426274 -12.773726 -0.000001
v 8.434134 -13.000000 0.847890
v 8.343600 -13.226274 0.816355
v 8.125037 -13.319999 0.740222
v 7.906473 -13.226274 0.664088
v 7.815941 -13.000000 0.632553
v 7.906473 -12.773726 0.664088
v 8.125037 -12.680000 0.740222
v 8.343600 -12.773726 0.816355
v 8.182384 -13.000000 1.638000
v 8.101214 -13.226274 1.577078
v 7.905255 -13.319999 1.430000
v 7.709296 -13.226274 1.282922
v 7.628127 -13.000000 1.222000
v 7.709296 -12.773726 1.282922
v 7.905255 -12.680000 1.430000
v 8.101214 -12.773726 1.577078
v 7.781909 -13.000000 2.316481
v 7.715635 -13.226274 2.230325
v 7.555634 -13.319999 2.022325
v 7.395635 -13.226274 1.814325
v 7.329360 -13.000000 1.728168
v 7.395635 -12.773726 1.814325
v 7.555634 -12.680000 2.022325
v 7.715635 -12.773726 2.230325
v 7.260000 -13.000000 2.837099
v 7.213137 -13.226274 2.731579
v 7.099999 -13.319999 2.476832
v 6.986862 -13.226274 2.222085
v 6.940000 -13.000000 2.116566
v 6.986862 -12.773726 2.222085
v 7.099999 -12.680000 2.476832
v 7.213137 -12.773726 2.731579
v 6.652224 -13.000000 3.164372
v 6.627966 -13.226274 3.046680
v 6.569402 -13.319999 2.762547
v 6.510838 -13.226274 2.478414
v 6.486580 -13.000000 2.360722
v 6.510838 -12.773726 2.478414
v 6.569402 -12.680000 2.762547
v 6.627966 -12.773726 3.046680
v 6.000000 -13.000000 3.275999
v 6.000000 -13.226274 3.154156
v 6.000000 -13.319999 2.859999
v 6.000000 -13.226274 2.565843
v 6.000000 -13.000000 2.443999
v 6.000000 -12.773726 2.565843
v 6.000000 -12.680000 2.859999
v 6.000000 -12.773726 3.154156
v 5.347776 -13.000000 3.164372
v 5.372034 -13.226274 3.046681
v 5.430598 -13.319999 2.762547
v 5.489162 -13.226274 2.478414
v 5.513420 -13.000000 2.360722
v 5.489162 -12.773726 2.478414
v 5.430598 -12.680000 2.762547
v 5.372034 -12.773726 3.046681
v 4.740000 -13.000000 2.837099
v 4.786863 -13.226274 2.731579
v 4.900000 -13.319999 2.476832
v 5.013137 -13.226274 2.222085
v 5.060000 -13.000000 2.116566
v 5.013137 -12.773726 2.222085
v 4.900000 -12.680000 2.476832
v 4.786863 -12.773726 2.731579
v 4.218091 -13.000000 2.316480
v 4.284365 -13.226274 2.230324
v 4.444365 -13.319999 2.022324
v 4.604364 -13.226274 1.814324
v 4.670639 -13.000000 1.728168
v 4.604364 -12.773726 1.814324
v 4.444365 -12.680000 2.022324
v 4.284365 -12.773726 2.230324
v 3.817616 -13.000000 1.638000
v 3.898785 -13.226274 1.577078
v 4.094745 -13.319999 1.430000
v 4.290703 -13.226274 1.282922
v 4.371872 -13.000000 1.222000
v 4.290703 -12.773726 1.282922
v 4.094745 -12.680000 1.430000
v 3.898785 -12.773726 1.577078
v 3.565866 -13.000000 0.847890
v 3.656399 -13.226274 0.816355
v 3.874963 -13.319999 0.740222
v 4.093527 -13.226274 0.664088
v 4.184059 -13.000000 0.632553
v 4.093527 -12.773726 0.664088
v 3.874963 -12.680000 0.740222
v 3.656399 -12.773726 0.816355
v 3.480000 -13.000000 -0.000000
v 3.573726 -13.226274 -0.000000
v 3.800000 -13.319999 -0.000000
v 4.026274 -13.226274 -0.000000
v 4.120000 -13.000000 -0.000000
v 4.026274 -12.773726 -0.000000
v 3.800000 -12.680000 -0.000000
v 3.573726 -12.773726 -0.000000
v 3.565866 -13.000000 -0.847891
v 3.656399 -13.226274 -0.816356
v 3.874963 -13.319999 -0.740223
v 4.093527 -13.226274 -0.664089
v 4.184059 -13.000000 -0.632554
v 4.093527 -12.773726 -0.664089
v 3.874963 -12.680000 -0.740223
v 3.656399 -12.773726 -0.816356
v 3.817616 -13.000000 -1.638000
v 3.898785 -13.226274 -1.577078
v 4.094744 -13.319999 -1.430000
v 4.290703 -13.226274 -1.282922
v 4.371872 -13.000000 -1.222000
v 4.290703 -12.773726 -1.282922
v 4.094744 -12.680000 -1.430000
v 3.898785 -12.773726 -1.577078
v 4.218091 -13.000000 -2.316482
v 4.284365 -13.226274 -2.230325
v 4.444365 -13.319999 -2.022325
v 4.604364 -13.226274 -1.814325
v 4.670639 -13.000000 -1.728169
v 4.604364 -12.773726 -1.814325
v 4.444365 -12.680000 -2.022325
v 4.284365 -12.773726 -2.230325
v 4.740000 -13.000000 -2.837100
v 4.786863 -13.226274 -2.731580
v 4.900000 -13.319999 -2.476833
v 5.013137 -13.226274 -2.222086
v 5.060000 -13.000000 -2.116567
v 5.013137 -12.773726 -2.222086
v 4.900000 -12.680000 -2.476833
v 4.786863 -12.773726 -2.731580
v 5.347775 -13.000000 -3.164373
v 5.372033 -13.226274 -3.046681
v 5.430597 -13.319999 -2.762548
v 5.489161 -13.226274 -2.478415
v 5.513420 -13.000000 -2.360723
v 5.489161 -12.773726 -2.478415
v 5.430597 -12.680000 -2.762548
v 5.372033 -12.773726 -3.046681
v 6.000000 -13.000000 -3.276000
v 6.000000 -13.226274 -3.154157
v 6.000000 -13.319999 -2.860000
v 6.000000 -13.226274 -2.565844
v 6.000000 -13.000000 -2.444000
v 6.000000 -12.773726 -2.565844
v 6.000000 -12.680000 -2.860000
v 6.000000 -12.773726 -3.154157
v 6.652223 -13.000000 -3.164374
v 6.627965 -13.226274 -3.046682
v 6.569400 -13.319999 -2.762549
v 6.510837 -13.226274 -2.478415
v 6.486579 -13.000000 -2.360723
v 6.510837 -12.773726 -2.478415
v 6.569400 -12.680000 -2.762549
v 6.627965 -12.773726 -3.046682
v 7.260000 -13.000000 -2.837100
v 7.213137 -13.226274 -2.731580
v 7.099999 -13.319999 -2.476833
v 6.986862 -13.226274 -2.222086
v 6.940000 -13.000000 -2.116567
v 6.986862 -12.773726 -2.222086
v 7.099999 -12.680000 -2.476833
v 7.213137 -12.773726 -2.731580
v 7.781908 -13.000000 -2.316484
v 7.715633 -13.226274 -2.230327
v 7.555634 -13.319999 -2.022327
v 7.395634 -13.226274 -1.814327
v 7.329360 -13.000000 -1.728170
v 7.395634 -12.773726 -1.814327
v 7.555634 -12.680000 -2.022327
v 7.715633 -12.773726 -2.230327
v 8.182384 -13.000000 -1.638001
v 8.101214 -13.226274 -1.577079
v 7.905255 -13.319999 -1.430001
v 7.709296 -13.226274 -1.282923
v 7.628127 -13.000000 -1.222001
v 7.709296 -12.773726 -1.282923
v 7.905255 -12.680000 -1.430001
v 8.101214 -12.773726 -1.577079
v 8.434134 -13.000000 -0.847891
v 8.343601 -13.226274 -0.816355
v 8.125037 -13.319999 -0.740222
v 7.906473 -13.226274 -0.664089
v 7.815941 -13.000000 -0.632554
v 7.906473 -12.773726 -0.664089
v 8.125037 -12.680000 -0.740222
v 8.343601 -12.773726 -0.816355
v 6.000000 -13.050000 -2.500000
v 6.000000 -13.050000 2.500000
v 6.125000 -13.083494 -2.500000
v 6.125000 -13.083494 2.500000
v 6.216506 -13.175000 -2.500000
v 6.216506 -13.175000 2.500000
v 6.250000 -13.300000 -2.500000
v 6.250000 -13.300000 2.500000
v 6.216506 -13.425000 -2.500000
v 6.216506 -13.425000 2.500000
v 6.125000 -13.516506 -2.500000
v 6.125000 -13.516506 2.500000
v 6.000000 -13.550000 -2.500000
v 6.000000 -13.550000 2.500000
v 5.875000 -13.516506 -2.500000
v 5.875000 -13.516506 2.500000
v 5.783494 -13.425000 -2.500000
v 5.783494 -13.425000 2.500000
v 5.750000 -13.300000 -2.500000
v 5.750000 -13.300000 2.500000
v 5.783494 -13.175000 -2.500000
v 5.783494 -13.175000 2.500000
v 5.875000 -13.083494 -2.500000
v 5.875000 -13.083494 2.500000
v 8.520000 -12.999998 -22.000000
v 8.426274 -13.226273 -22.000000
v 8.200000 -13.319998 -22.000000
v 7.973726 -13.226273 -22.000000
v 7.880000 -12.999998 -22.000000
v 7.973726 -12.773724 -22.000000
v 8.200000 -12.679998 -22.000000
v 8.426274 -12.773724 -22.000000
v 8.434134 -12.999998 -21.152109
v 8.343600 -13.226273 -21.183643
v 8.125037 -13.319998 -21.259777
v 7.906473 -13.226273 -21.335911
v 7.815941 -12.999998 -21.367445
v 7.906473 -12.773724 -21.335911
v 8.125037 -12.679998 -21.259777
v 8.343600 -12.773724 -21.183643
v 8.182384 -12.999998 -20.362000
v 8.101214 -13.226273 -20.422920
v 7.905255 -13.319998 -20.570000
v 7.709296 -13.226273 -20.717079
v 7.628127 -12.999998 -20.778000
v 7.709296 -12.773724 -20.717079
v 7.905255 -12.679998 -20.570000
v 8.101214 -12.773724 -20.422920
v 7.781909 -12.999998 -19.683517
v 7.715635 -13.226273 -19.769674
v 7.555634 -13.319998 -19.977674
v 7.395635 -13.226273 -20.185675
v 7.329360 -12.999998 -20.271830
v 7.395635 -12.773724 -20.185675
v 7.555634 -12.679998 -19.977674
v 7.715635 -12.773724 -19.769674
v 7.260000 -12.999998 -19.162901
v 7.213137 -13.226273 -19.268421
v 7.099999 -13.319998 -19.523167
v 6.986862 -13.226273 -19.777914
v 6.940000 -12.999998 -19.883432
v 6.986862 -12.773724 -19.777914
v 7.099999 -12.679998 -19.523167
v 7.213137 -12.773724 -19.268421
v 6.652224 -12.999998 -18.835629
v 6.627966 -13.226273 -18.953320
v 6.569402 -13.319998 -19.237453
v 6.510838 -13.226273 -19.521585
v 6.486580 -12.999998 -19.639278
v 6.510838 -12.773724 -19.521585
v 6.569402 -12.679998 -19.237453
v 6.627966 -12.773724 -18.953320
v 6.000000 -12.999998 -18.724001
v 6.000000 -13.226273 -18.845844
v 6.000000 -13.319998 -19.140001
v 6.000000 -13.226273 -19.434156
v 6.000000 -12.999998 -19.556002
v 6.000000 -12.773724 -19.434156
v 6.000000 -12.679998 -19.140001
v 6.000000 -12.773724 -18.845844
v 5.347776 -12.999998 -18.835627
v 5.372034 -13.226273 -18.953320
v 5.430598 -13.319998 -19.237453
v 5.489162 -13.226273 -19.521585
v 5.513420 -12.999998 -19.639278
v 5.489162 -12.773724 -19.521585
v 5.430598 -12.679998 -19.237453
v 5.372034 -12.773724 -18.953320
v 4.740000 -12.999998 -19.162901
v 4.786863 -13.226273 -19.268421
v 4.900000 -13.319998 -19.523167
v 5.013137 -13.226273 -19.777914
v 5.060000 -12.999998 -19.883432
v 5.013137 -12.773724 -19.777914
v 4.900000 -12.679998 -19.523167
v 4.786863 -12.773724 -19.268421
v 4.218091 -12.999998 -19.683519
v 4.284365 -13.226273 -19.769674
v 4.444365 -13.319998 -19.977674
v 4.604364 -13.226273 -20.185675
v 4.670639 -12.999998 -20.271832
v 4.604364 -12.773724 -20.185675
v 4.444365 -12.679998 -19.977674
v 4.284365 -12.773724 -19.769674
v 3.817616 -12.999998 -20.362000
v 3.898785 -13.226273 -20.422920
v 4.094745 -13.319998 -20.570000
v 4.290703 -13.226273 -20.717077
v 4.371872 -12.999998 -20.777998
v 4.290703 -12.773724 -20.717077
v 4.094745 -12.679998 -20.570000
v 3.898785 -12.773724 -20.422920
v 3.565866 -12.999998 -21.152109
v 3.656399 -13.226273 -21.183643
v 3.874963 -13.319998 -21.259777
v 4.093527 -13.226273 -21.335911
v 4.184059 -12.999998 -21.367447
v 4.093527 -12.773724 -21.335911
v 3.874963 -12.679998 -21.259777
v 3.656399 -12.773724 -21.183643
v 3.480000 -12.999998 -22.000000
v 3.573726 -13.226273 -22.000000
v 3.800000 -13.319998 -22.000000
v 4.026274 -13.226273 -22.000000
v 4.120000 -12.999998 -22.000000
v 4.026274 -12.773724 -22.000000
v 3.800000 -12.679998 -22.000000
v 3.573726 -12.773724 -22.000000
v 3.565866 -12.999998 -22.847891
v 3.656399 -13.226273 -22.816355
v 3.874963 -13.319998 -22.740223
v 4.093527 -13.226273 -22.664087
v 4.184059 -12.999998 -22.632553
v 4.093527 -12.773724 -22.664087
v 3.874963 -12.679998 -22.740223
v 3.656399 -12.773724 -22.816355
v 3.817616 -12.999998 -23.638000
v 3.898785 -13.226273 -23.577078
v 4.094744 -13.319998 -23.429998
v 4.290703 -13.226273 -23.282921
v 4.371872 -12.999998 -23.222000
v 4.290703 -12.773724 -23.282921
v 4.094744 -12.679998 -23.429998
v 3.898785 -12.773724 -23.577078
v 4.218091 -12.999998 -24.316481
v 4.284365 -13.226273 -24.230326
v 4.444365 -13.319998 -24.022324
v 4.604364 -13.226273 -23.814325
v 4.670639 -12.999998 -23.728168
v 4.604364 -12.773724 -23.814325
v 4.444365 -12.679998 -24.022324
v 4.284365 -12.773724 -24.230326
v 4.740000 -12.999998 -24.837099
v 4.786863 -13.226273 -24.731579
v 4.900000 -13.319998 -24.476831
v 5.013137 -13.226273 -24.222086
v 5.060000 -12.999998 -24.116568
v 5.013137 -12.773724 -24.222086
v 4.900000 -12.679998 -24.476831
v 4.786863 -12.773724 -24.731579
v 5.347775 -12.999998 -25.164371
v 5.372033 -13.226273 -25.046679
v 5.430597 -13.319998 -24.762547
v 5.489161 -13.226273 -24.478415
v 5.513420 -12.999998 -24.360722
v 5.489161 -12.773724 -24.478415
v 5.430597 -12.679998 -24.762547
v 5.372033 -12.773724 -25.046679
v 6.000000 -12.999998 -25.275999
v 6.000000 -13.226273 -25.154156
v 6.000000 -13.319998 -24.859999
v 6.000000 -13.226273 -24.565844
v 6.000000 -12.999998 -24.443998
v 6.000000 -12.773724 -24.565844
v 6.000000 -12.679998 -24.859999
v 6.000000 -12.773724 -25.154156
v 6.652223 -12.999998 -25.164371
v 6.627965 -13.226273 -25.046682
v 6.569400 -13.319998 -24.762548
v 6.510837 -13.226273 -24.478415
v 6.486579 -12.999998 -24.360722
v 6.510837 -12.773724 -24.478415
v 6.569400 -12.679998 -24.762548
v 6.627965 -12.773724 -25.046682
v 7.260000 -12.999998 -24.837099
v 7.213137 -13.226273 -24.731579
v 7.099999 -13.319998 -24.476831
v 6.986862 -13.226273 -24.222084
v 6.940000 -12.999998 -24.116568
v 6.986862 -12.773724 -24.222084
v 7.099999 -12.679998 -24.476831
v 7.213137 -12.773724 -24.731579
v 7.781908 -12.999998 -24.316484
v 7.715633 -13.226273 -24.230328
v 7.555634 -13.319998 -24.022326
v 7.395634 -13.226273 -23.814327
v 7.329360 -12.999998 -23.728170
v 7.395634 -12.773724 -23.814327
v 7.555634 -12.679998 -24.022326
v 7.715633 -12.773724 -24.230328
v 8.182384 -12.999998 -23.638000
v 8.101214 -13.226273 -23.577080
v 7.905255 -13.319998 -23.430000
v 7.709296 -13.226273 -23.282921
v 7.628127 -12.999998 -23.222000
v 7.709296 -12.773724 -23.282921
v 7.905255 -12.679998 -23.430000
v 8.101214 -12.773724 -23.577080
v 8.434134 -12.999998 -22.847891
v 8.343601 -13.226273 -22.816355
v 8.125037 -13.319998 -22.740221
v 7.906473 -13.226273 -22.664087
v 7.815941 -12.999998 -22.632553
v 7.906473 -12.773724 -22.664087
v 8.125037 -12.679998 -22.740221
v 8.343601 -12.773724 -22.816355
v 6.000000 -13.049999 -24.500000
v 6.000000 -13.049999 -19.500000
v 6.125000 -13.083492 -24.500000
v 6.125000 -13.083492 -19.500000
v 6.216506 -13.174999 -24.500000
v 6.216506 -13.174999 -19.500000
v 6.250000 -13.299998 -24.500000
v 6.250000 -13.299998 -19.500000
v 6.216506 -13.424998 -24.500000
v 6.216506 -13.424998 -19.500000
v 6.125000 -13.516505 -24.500000
v 6.125000 -13.516505 -19.500000
v 6.000000 -13.549998 -24.500000
v 6.000000 -13.549998 -19.500000
v 5.875000 -13.516505 -24.500000
v 5.875000 -13.516505 -19.500000
v 5.783494 -13.424998 -24.500000
v 5.783494 -13.424998 -19.500000
v 5.750000 -13.299998 -24.500000
v 5.750000 -13.299998 -19.500000
v 5.783494 -13.174999 -24.500000
v 5.783494 -13.174999 -19.500000
v 5.875000 -13.083492 -24.500000
v 5.875000 -13.083492 -19.500000
vn 0.3820 0.0233 -0.9239
vn 0.9222 0.0564 -0.3827
vn 0.3820 0.0233 0.9239
vn 0.9222 0.0564 0.3827
vn 0.3763 0.0694 -0.9239
vn 0.9086 0.1674 -0.3827
vn 0.3763 0.0694 0.9239
vn 0.9086 0.1674 0.3827
vn 0.3655 0.1134 -0.9239
vn 0.8824 0.2738 -0.3827
vn 0.3655 0.1134 0.9239
vn 0.8824 0.2738 0.3827
vn 0.3501 0.1545 -0.9239
vn 0.8452 0.3731 -0.3827
vn 0.3501 0.1545 0.9239
vn 0.8452 0.3731 0.3827
vn 0.3310 0.1920 -0.9239
vn 0.7992 0.4634 -0.3827
vn 0.3310 0.1920 0.9239
vn 0.7992 0.4634 0.3827
vn 0.3093 0.2254 -0.9239
vn 0.7467 0.5441 -0.3827
vn 0.3093 0.2254 0.9239
vn 0.7467 0.5441 0.3827
vn 0.2856 0.2547 -0.9239
vn 0.6895 0.6149 -0.3827
vn 0.2856 0.2547 0.9239
vn 0.6895 0.6149 0.3827
vn 0.2607 0.2801 -0.9239
vn 0.6295 0.6762 -0.3827
vn 0.2607 0.2801 0.9239
vn 0.6295 0.6762 0.3827
vn 0.2353 0.3018 -0.9239
vn 0.5680 0.7286 -0.3827
vn 0.2353 0.3018 0.9239
vn 0.5680 0.7286 0.3827
vn 0.2096 0.3202 -0.9239
vn 0.5060 0.7730 -0.3827
vn 0.2096 0.3202 0.9239
vn 0.5060 0.7730 0.3827
vn 0.1839 0.3356 -0.9239
vn 0.4441 0.8102 -0.3827
vn 0.1839 0.3356 0.9239
vn 0.4441 0.8102 0.3827
vn 0.1585 0.3483 -0.9239
vn 0.3827 0.8409 -0.3827
vn 0.1585 0.3483 0.9239
vn 0.3827 0.8409 0.3827
vn 0.1334 0.3587 -0.9239
vn 0.3220 0.8659 -0.3827
vn 0.1334 0.3587 0.9239
vn 0.3220 0.8660 0.3827
vn 0.1086 0.3670 -0.9239
vn 0.2621 0.8859 -0.3827
vn 0.1086 0.3670 0.9239
vn 0.2621 0.8859 0.3827
vn 0.0841 0.3733 -0.9239
vn 0.2030 0.9013 -0.3827
vn 0.0841 0.3733 0.9239
vn 0.2030 0.9013 0.3827
vn 0.0599 0.3780 -0.9239
vn 0.1445 0.9125 -0.3827
vn 0.0599 0.3780 0.9239
vn 0.1445 0.9125 0.3827
vn 0.0358 0.3810 -0.9239
vn 0.0865 0.9198 -0.3827
vn 0.0358 0.3810 0.9239
vn 0.0865 0.9198 0.3827
vn 0.0119 0.3825 -0.9239
vn 0.0288 0.9234 -0.3827
vn 0.0119 0.3825 0.9239
vn 0.0288 0.9234 0.3827
vn -0.0119 0.3825 -0.9239
vn -0.0288 0.9234 -0.3827
vn -0.0119 0.3825 0.9239
vn -0.0288 0.9234 0.3827
vn -0.0358 0.3810 -0.9239
vn -0.0865 0.9198 -0.3827
vn -0.0358 0.3810 0.9239
vn -0.0865 0.9198 0.3827
vn -0.0599 0.3780 -0.9239
vn -0.1445 0.9125 -0.3827
vn -0.0599 0.3780 0.9239
vn -0.1445 0.9125 0.3827
vn -0.0841 0.3733 -0.9239
vn -0.2030 0.9013 -0.3827
vn -0.0841 0.3733 0.9239
vn -0.2030 0.9013 0.3827
vn -0.1086 0.3670 -0.9239
vn -0.2621 0.8859 -0.3827
vn -0.1086 0.3670 0.9239
vn -0.2621 0.8859 0.3827
vn -0.1334 0.3587 -0.9239
vn -0.3220 0.8659 -0.3827
vn -0.1334 0.3587 0.9239
vn -0.3220 0.8660 0.3827
vn -0.1585 0.3483 -0.9239
vn -0.3827 0.8409 -0.3827
vn -0.1585 0.3483 0.9239
vn -0.3827 0.8409 0.3827
vn -0.1839 0.3356 -0.9239
vn -0.4441 0.8102 -0.3827
vn -0.1839 0.3356 0.9239
vn -0.4441 0.8102 0.3827
vn -0.2096 0.3202 -0.9239
vn -0.5060 0.7730 -0.3827
vn -0.2096 0.3202 0.9239
vn -0.5060 0.7730 0.3827
vn -0.2353 0.3018 -0.9239
vn -0.5680 0.7286 -0.3827
vn -0.2353 0.3018 0.9239
vn -0.5680 0.7286 0.3827
vn -0.2607 0.2801 -0.9239
vn -0.6295 0.6762 -0.3827
vn -0.2607 0.2801 0.9239
vn -0.6295 0.6762 0.3827
vn -0.2856 0.2547 -0.9239
vn -0.6895 0.6149 -0.3827
vn -0.2856 0.2547 0.9239
vn -0.6895 0.6149 0.3827
vn -0.3093 0.2254 -0.9239
vn -0.7467 0.5441 -0.3827
vn -0.3093 0.2254 0.9239
vn -0.7467 0.5441 0.3827
vn -0.3310 0.1920 -0.9239
vn -0.7992 0.4634 -0.3827
vn -0.3310 0.1920 0.9239
vn -0.7992 0.4634 0.3827
vn -0.3501 0.1545 -0.9239
vn -0.8452 0.3731 -0.3827
vn -0.3501 0.1545 0.9239
vn -0.8452 0.3731 0.3827
vn -0.3655 0.1134 -0.9239
vn -0.8824 0.2738 -0.3827
vn -0.3655 0.1134 0.9239
vn -0.8824 0.2738 0.3827
vn -0.3763 0.0694 -0.9239
vn -0.9086 0.1674 -0.3827
vn -0.3763 0.0694 0.9239
vn -0.9086 0.1674 0.3827
vn -0.3820 0.0233 -0.9239
vn -0.9222 0.0564 -0.3827
vn -0.3820 0.0233 0.9239
vn -0.9222 0.0564 0.3827
vn -0.3820 -0.0233 -0.9239
vn -0.9222 -0.0564 -0.3827
vn -0.3820 -0.0233 0.9239
vn -0.9222 -0.0564 0.3827
vn -0.3763 -0.0694 -0.9239
vn -0.9086 -0.1674 -0.3827
vn -0.3763 -0.0694 0.9239
vn -0.9086 -0.1674 0.3827
vn -0.3655 -0.1134 -0.9239
vn -0.8824 -0.2738 -0.3827
vn -0.3655 -0.1134 0.9239
vn -0.8824 -0.2738 0.3827
vn -0.3501 -0.1545 -0.9239
vn -0.8452 -0.3731 -0.3827
vn -0.3501 -0.1545 0.9239
vn -0.8452 -0.3731 0.3827
vn -0.3310 -0.1920 -0.9239
vn -0.7992 -0.4634 -0.3827
vn -0.3310 -0.1920 0.9239
vn -0.7992 -0.4634 0.3827
vn -0.3093 -0.2254 -0.9239
vn -0.7467 -0.5441 -0.3827
vn -0.3093 -0.2254 0.9239
vn -0.7467 -0.5441 0.3827
vn -0.2856 -0.2547 -0.9239
vn -0.6895 -0.6149 -0.3827
vn -0.2856 -0.2547 0.9239
vn -0.6895 -0.6149 0.3827
vn -0.2607 -0.2801 -0.9239
vn -0.6295 -0.6762 -0.3827
vn -0.2607 -0.2801 0.9239
vn -0.6295 -0.6762 0.3827
vn -0.2353 -0.3018 -0.9239
vn -0.5680 -0.7286 -0.3827
vn -0.2353 -0.3018 0.9239
vn -0.5680 -0.7286 0.3827
vn -0.2096 -0.3202 -0.9239
vn -0.5060 -0.7730 -0.3827
vn -0.2096 -0.3202 0.9239
vn -0.5060 -0.7730 0.3827
vn -0.1839 -0.3356 -0.9239
vn -0.4441 -0.8102 -0.3827
vn -0.1839 -0.3356 0.9239
vn -0.4441 -0.8102 0.3827
vn -0.1585 -0.3483 -0.9239
vn -0.3827 -0.8409 -0.3827
vn -0.1585 -0.3483 0.9239
vn -0.3827 -0.8409 0.3827
vn -0.1334 -0.3587 -0.9239
vn -0.3220 -0.8660 -0.3827
vn -0.1334 -0.3587 0.9239
vn -0.3220 -0.8660 0.3827
vn -0.1086 -0.3670 -0.9239
vn -0.2621 -0.8859 -0.3827
vn -0.1086 -0.3670 0.9239
vn -0.2621 -0.8859 0.3827
vn -0.0841 -0.3733 -0.9239
vn -0.2030 -0.9013 -0.3827
vn -0.0841 -0.3733 0.9239
vn -0.2030 -0.9013 0.3827
vn -0.0599 -0.3780 -0.9239
vn -0.1445 -0.9125 -0.3827
vn -0.0599 -0.3780 0.9239
vn -0.1445 -0.9125 0.3827
vn -0.0358 -0.3810 -0.9239
vn -0.0865 -0.9198 -0.3827
vn -0.0358 -0.3810 0.9239
vn -0.0865 -0.9198 0.3827
vn -0.0119 -0.3825 -0.9239
vn -0.0288 -0.9234 -0.3827
vn -0.0119 -0.3825 0.9239
vn -0.0288 -0.9234 0.3827
vn 0.0119 -0.3825 -0.9239
vn 0.0288 -0.9234 -0.3827
vn 0.0119 -0.3825 0.9239
vn 0.0288 -0.9234 0.3827
vn 0.0358 -0.3810 -0.9239
vn 0.0865 -0.9198 -0.3827
vn 0.0358 -0.3810 0.9239
vn 0.0865 -0.9198 0.3827
vn 0.0599 -0.3780 -0.9239
vn 0.1445 -0.9125 -0.3827
vn 0.0599 -0.3780 0.9239
vn 0.1445 -0.9125 0.3827
vn 0.0841 -0.3733 -0.9239
vn 0.2030 -0.9013 -0.3827
vn 0.0841 -0.3733 0.9239
vn 0.2030 -0.9013 0.3827
vn 0.1086 -0.3670 -0.9239
vn 0.2621 -0.8859 -0.3827
vn 0.1086 -0.3670 0.9239
vn 0.2621 -0.8859 0.3827
vn 0.1334 -0.3587 -0.9239
vn 0.3220 -0.8660 -0.3827
vn 0.1334 -0.3587 0.9239
vn 0.3220 -0.8660 0.3827
vn 0.1585 -0.3483 -0.9239
vn 0.3827 -0.8409 -0.3827
vn 0.1585 -0.3483 0.9239
vn 0.3827 -0.8409 0.3827
vn 0.1839 -0.3356 -0.9239
vn 0.4441 -0.8102 -0.3827
vn 0.1839 -0.3356 0.9239
vn 0.4441 -0.8102 0.3827
vn 0.2096 -0.3202 -0.9239
vn 0.5060 -0.7730 -0.3827
vn 0.2096 -0.3202 0.9239
vn 0.5060 -0.7730 0.3827
vn 0.2353 -0.3018 -0.9239
vn 0.5680 -0.7286 -0.3827
vn 0.2353 -0.3018 0.9239
vn 0.5680 -0.7286 0.3827
vn 0.2607 -0.2801 -0.9239
vn 0.6295 -0.6762 -0.3827
vn 0.2607 -0.2801 0.9239
vn 0.6295 -0.6762 0.3827
vn 0.2856 -0.2547 -0.9239
vn 0.6895 -0.6149 -0.3827
vn 0.2856 -0.2547 0.9239
vn 0.6895 -0.6149 0.3827
vn 0.3093 -0.2254 -0.9239
vn 0.7467 -0.5441 -0.3827
vn 0.3093 -0.2254 0.9239
vn 0.7467 -0.5441 0.3827
vn 0.3310 -0.1920 -0.9239
vn 0.7992 -0.4634 -0.3827
vn 0.3310 -0.1920 0.9239
vn 0.7992 -0.4634 0.3827
vn 0.3501 -0.1545 -0.9239
vn 0.8452 -0.3731 -0.3827
vn 0.3501 -0.1545 0.9239
vn 0.8452 -0.3731 0.3827
vn 0.3655 -0.1134 -0.9239
vn 0.8824 -0.2738 -0.3827
vn 0.3655 -0.1134 0.9239
vn 0.8824 -0.2738 0.3827
vn 0.3763 -0.0694 -0.9239
vn 0.9086 -0.1674 -0.3827
vn 0.3763 -0.0694 0.9239
vn 0.9086 -0.1674 0.3827
vn 0.3820 -0.0233 -0.9239
vn 0.9222 -0.0564 -0.3827
vn 0.3820 -0.0233 0.9239
vn 0.9222 -0.0564 0.3827
vn -0.9086 -0.1675 -0.3827
vn -0.9086 -0.1675 0.3827
vn -0.8824 -0.2739 -0.3827
vn -0.8824 -0.2739 0.3827
vn -0.7992 -0.4635 -0.3827
vn -0.3311 -0.1920 -0.9239
vn -0.7992 -0.4635 0.3827
vn -0.3311 -0.1920 0.9239
vn -0.7466 -0.5441 -0.3827
vn -0.7466 -0.5441 0.3827
vn -0.6895 -0.6150 -0.3827
vn -0.6895 -0.6150 0.3827
vn -0.5680 -0.7287 -0.3827
vn -0.5680 -0.7287 0.3827
vn -0.4440 -0.8102 -0.3827
vn -0.4440 -0.8102 0.3827
vn 0.4440 -0.8102 -0.3827
vn 0.4440 -0.8102 0.3827
vn 0.5680 -0.7287 -0.3827
vn 0.5680 -0.7287 0.3827
vn 0.6895 -0.6150 -0.3827
vn 0.6895 -0.6150 0.3827
vn 0.7466 -0.5441 -0.3827
vn 0.7466 -0.5441 0.3827
vn 0.7992 -0.4635 -0.3827
vn 0.3311 -0.1920 -0.9239
vn 0.7992 -0.4635 0.3827
vn 0.3311 -0.1920 0.9239
vn 0.8824 -0.2739 -0.3827
vn 0.8824 -0.2739 0.3827
vn 0.9086 -0.1675 -0.3827
vn 0.9086 -0.1675 0.3827
vn 0.9086 0.1675 -0.3827
vn 0.9086 0.1675 0.3827
vn 0.8824 0.2739 -0.3827
vn 0.8824 0.2739 0.3827
vn 0.7992 0.4635 -0.3827
vn 0.3311 0.1920 -0.9239
vn 0.7992 0.4635 0.3827
vn 0.3311 0.1920 0.9239
vn 0.7466 0.5441 -0.3827
vn 0.7466 0.5441 0.3827
vn 0.6895 0.6150 -0.3827
vn 0.6895 0.6150 0.3827
vn 0.5680 0.7287 -0.3827
vn 0.5680 0.7287 0.3827
vn 0.4440 0.8102 -0.3827
vn 0.4440 0.8102 0.3827
vn 0.3220 0.8660 -0.3827
vn -0.3220 0.8660 -0.3827
vn -0.4440 0.8102 -0.3827
vn -0.4440 0.8102 0.3827
vn -0.5680 0.7287 -0.3827
vn -0.5680 0.7287 0.3827
vn -0.6895 0.6150 -0.3827
vn -0.6895 0.6150 0.3827
vn -0.7466 0.5441 -0.3827
vn -0.7466 0.5441 0.3827
vn -0.7992 0.4635 -0.3827
vn -0.3311 0.1920 -0.9239
vn -0.7992 0.4635 0.3827
vn -0.3311 0.1920 0.9239
vn -0.8824 0.2739 -0.3827
vn -0.8824 0.2739 0.3827
vn -0.9086 0.1675 -0.3827
vn -0.9086 0.1675 0.3827
vn 0.9981 -0.0610 -0.0000
vn 0.9981 0.0610 -0.0000
vn -0.0000 -0.0000 -1.0000
vn -0.0000 -0.0000 1.0000
vn 0.9834 0.1812 -0.0000
vn 0.9551 0.2964 -0.0000
vn 0.9149 0.4038 -0.0000
vn 0.8651 0.5016 -0.0000
vn 0.8082 0.5889 -0.0000
vn 0.7463 0.6656 -0.0000
vn 0.6814 0.7319 -0.0000
vn 0.6148 0.7887 -0.0000
vn 0.5477 0.8367 -0.0000
vn 0.4806 0.8769 -0.0000
vn 0.4142 0.9102 -0.0000
vn 0.3485 0.9373 -0.0000
vn 0.2837 0.9589 -0.0000
vn 0.2197 0.9756 -0.0000
vn 0.1564 0.9877 -0.0000
vn 0.0936 0.9956 -0.0000
vn 0.0312 0.9995 -0.0000
vn -0.0312 0.9995 -0.0000
vn -0.0936 0.9956 -0.0000
vn -0.1564 0.9877 -0.0000
vn -0.2197 0.9756 -0.0000
vn -0.2837 0.9589 -0.0000
vn -0.3485 0.9373 -0.0000
vn -0.4142 0.9102 -0.0000
vn -0.4806 0.8769 -0.0000
vn -0.5477 0.8367 -0.0000
vn -0.6148 0.7887 -0.0000
vn -0.6814 0.7319 -0.0000
vn -0.7463 0.6656 -0.0000
vn -0.8082 0.5889 -0.0000
vn -0.8651 0.5016 -0.0000
vn -0.9149 0.4038 -0.0000
vn -0.9551 0.2964 -0.0000
vn -0.9834 0.1812 -0.0000
vn -0.9981 0.0610 -0.0000
vn -0.9981 -0.0610 -0.0000
vn -0.9834 -0.1812 -0.0000
vn -0.9551 -0.2964 -0.0000
vn -0.9149 -0.4038 -0.0000
vn -0.8651 -0.5016 -0.0000
vn -0.8082 -0.5889 -0.0000
vn -0.7463 -0.6656 -0.0000
vn -0.6814 -0.7319 -0.0000
vn -0.6148 -0.7887 -0.0000
vn -0.5477 -0.8367 -0.0000
vn -0.4806 -0.8769 -0.0000
vn -0.4142 -0.9102 -0.0000
vn -0.3485 -0.9373 -0.0000
vn -0.2837 -0.9589 -0.0000
vn -0.2197 -0.9756 -0.0000
vn -0.1564 -0.9877 -0.0000
vn -0.0936 -0.9956 -0.0000
vn -0.0312 -0.9995 -0.0000
vn 0.0312 -0.9995 -0.0000
vn 0.0936 -0.9956 -0.0000
vn 0.1564 -0.9877 -0.0000
vn 0.2197 -0.9756 -0.0000
vn 0.2837 -0.9589 -0.0000
vn 0.3485 -0.9373 -0.0000
vn 0.4142 -0.9102 -0.0000
vn 0.4806 -0.8769 -0.0000
vn 0.5477 -0.8367 -0.0000
vn 0.6148 -0.7887 -0.0000
vn 0.6814 -0.7319 -0.0000
vn 0.7463 -0.6656 -0.0000
vn 0.8082 -0.5889 -0.0000
vn 0.8651 -0.5016 -0.0000
vn 0.9149 -0.4038 -0.0000
vn 0.9551 -0.2964 -0.0000
vn 0.9834 -0.1812 -0.0000
vn -0.9834 -0.1813 -0.0000
vn -0.9148 -0.4038 -0.0000
vn -0.8651 -0.5017 -0.0000
vn -0.8082 -0.5890 -0.0000
vn -0.6814 -0.7320 -0.0000
vn -0.5476 -0.8367 -0.0000
vn 0.5476 -0.8367 -0.0000
vn 0.6814 -0.7320 -0.0000
vn 0.8082 -0.5890 -0.0000
vn 0.8651 -0.5017 -0.0000
vn 0.9148 -0.4038 -0.0000
vn 0.9834 -0.1813 -0.0000
vn 0.9834 0.1813 -0.0000
vn 0.9148 0.4038 -0.0000
vn 0.8651 0.5017 -0.0000
vn 0.8082 0.5890 -0.0000
vn 0.6814 0.7320 -0.0000
vn 0.5476 0.8367 -0.0000
vn -0.5476 0.8367 -0.0000
vn -0.6814 0.7320 -0.0000
vn -0.8082 0.5890 -0.0000
vn -0.8651 0.5017 -0.0000
vn -0.9148 0.4038 -0.0000
vn -0.9834 0.1813 -0.0000
vn 0.3820 0.0229 -0.9239
vn 0.9222 0.0554 -0.3827
vn 0.3820 0.0229 0.9239
vn 0.9222 0.0554 0.3827
vn 0.3765 0.0682 -0.9239
vn 0.9091 0.1646 -0.3827
vn 0.3765 0.0682 0.9239
vn 0.9091 0.1646 0.3827
vn 0.3660 0.1116 -0.9239
vn 0.8838 0.2694 -0.3827
vn 0.3660 0.1116 0.9239
vn 0.8837 0.2694 0.3827
vn 0.3511 0.1522 -0.9239
vn 0.8477 0.3675 -0.3827
vn 0.3511 0.1522 0.9239
vn 0.8477 0.3675 0.3827
vn 0.3325 0.1894 -0.9239
vn 0.8028 0.4572 -0.3827
vn 0.3325 0.1894 0.9239
vn 0.8028 0.4572 0.3827
vn 0.3112 0.2227 -0.9239
vn 0.7513 0.5377 -0.3827
vn 0.3112 0.2227 0.9239
vn 0.7513 0.5377 0.3827
vn 0.2879 0.2521 -0.9239
vn 0.6950 0.6087 -0.3827
vn 0.2879 0.2521 0.9239
vn 0.6950 0.6087 0.3827
vn 0.2633 0.2777 -0.9239
vn 0.6356 0.6705 -0.3827
vn 0.2633 0.2777 0.9239
vn 0.6356 0.6705 0.3827
vn 0.2379 0.2997 -0.9239
vn 0.5744 0.7237 -0.3827
vn 0.2379 0.2997 0.9239
vn 0.5744 0.7236 0.3827
vn 0.2122 0.3184 -0.9239
vn 0.5124 0.7688 -0.3827
vn 0.2122 0.3184 0.9239
vn 0.5124 0.7688 0.3827
vn 0.1865 0.3342 -0.9239
vn 0.4502 0.8068 -0.3827
vn 0.1865 0.3342 0.9239
vn 0.4502 0.8068 0.3827
vn 0.1609 0.3472 -0.9239
vn 0.3884 0.8383 -0.3827
vn 0.1609 0.3472 0.9239
vn 0.3884 0.8383 0.3827
vn 0.1355 0.3579 -0.9239
vn 0.3271 0.8640 -0.3827
vn 0.1355 0.3579 0.9239
vn 0.3271 0.8640 0.3827
vn 0.1104 0.3664 -0.9239
vn 0.2665 0.8846 -0.3827
vn 0.1104 0.3664 0.9239
vn 0.2665 0.8846 0.3827
vn 0.0855 0.3730 -0.9239
vn 0.2065 0.9005 -0.3827
vn 0.0855 0.3730 0.9239
vn 0.2065 0.9005 0.3827
vn 0.0609 0.3778 -0.9239
vn 0.1471 0.9121 -0.3827
vn 0.0609 0.3778 0.9239
vn 0.1471 0.9121 0.3827
vn 0.0365 0.3809 -0.9239
vn 0.0881 0.9197 -0.3827
vn 0.0365 0.3810 0.9239
vn 0.0881 0.9197 0.3827
vn 0.0121 0.3825 -0.9239
vn 0.0293 0.9234 -0.3827
vn 0.0121 0.3825 0.9239
vn 0.0293 0.9234 0.3827
vn -0.0121 0.3825 -0.9239
vn -0.0293 0.9234 -0.3827
vn -0.0121 0.3825 0.9239
vn -0.0293 0.9234 0.3827
vn -0.0365 0.3809 -0.9239
vn -0.0881 0.9197 -0.3827
vn -0.0365 0.3810 0.9239
vn -0.0881 0.9197 0.3827
vn -0.0609 0.3778 -0.9239
vn -0.1471 0.9121 -0.3827
vn -0.0609 0.3778 0.9239
vn -0.1471 0.9121 0.3827
vn -0.0855 0.3730 -0.9239
vn -0.2065 0.9005 -0.3827
vn -0.0855 0.3730 0.9239
vn -0.2065 0.9005 0.3827
vn -0.1104 0.3664 -0.9239
vn -0.2665 0.8846 -0.3827
vn -0.1104 0.3664 0.9239
vn -0.2665 0.8846 0.3827
vn -0.1355 0.3579 -0.9239
vn -0.3271 0.8640 -0.3827
vn -0.1355 0.3579 0.9239
vn -0.3271 0.8640 0.3827
vn -0.1609 0.3472 -0.9239
vn -0.3884 0.8383 -0.3827
vn -0.1609 0.3472 0.9239
vn -0.3884 0.8383 0.3827
vn -0.1865 0.3342 -0.9239
vn -0.4502 0.8068 -0.3827
vn -0.1865 0.3342 0.9239
vn -0.4502 0.8068 0.3827
vn -0.2122 0.3184 -0.9239
vn -0.5124 0.7688 -0.3827
vn -0.2122 0.3184 0.9239
vn -0.5124 0.7688 0.3827
vn -0.2379 0.2997 -0.9239
vn -0.5744 0.7237 -0.3827
vn -0.2379 0.2997 0.9239
vn -0.5744 0.7236 0.3827
vn -0.2633 0.2777 -0.9239
vn -0.6356 0.6705 -0.3827
vn -0.2633 0.2777 0.9239
vn -0.6356 0.6705 0.3827
vn -0.2879 0.2521 -0.9239
vn -0.6950 0.6087 -0.3827
vn -0.2879 0.2521 0.9239
vn -0.6950 0.6087 0.3827
vn -0.3112 0.2227 -0.9239
vn -0.7513 0.5377 -0.3827
vn -0.3112 0.2227 0.9239
vn -0.7513 0.5377 0.3827
vn -0.3325 0.1894 -0.9239
vn -0.8028 0.4572 -0.3827
vn -0.3325 0.1894 0.9239
vn -0.8028 0.4572 0.3827
vn -0.3511 0.1522 -0.9239
vn -0.8477 0.3675 -0.3827
vn -0.3511 0.1522 0.9239
vn -0.8477 0.3675 0.3827
vn -0.3660 0.1116 -0.9239
vn -0.8838 0.2694 -0.3827
vn -0.3660 0.1116 0.9239
vn -0.8837 0.2694 0.3827
vn -0.3765 0.0682 -0.9239
vn -0.9091 0.1646 -0.3827
vn -0.3765 0.0682 0.9239
vn -0.9091 0.1646 0.3827
vn -0.3820 0.0229 -0.9239
vn -0.9222 0.0554 -0.3827
vn -0.3820 0.0229 0.9239
vn -0.9222 0.0554 0.3827
vn -0.3820 -0.0229 -0.9239
vn -0.9222 -0.0554 -0.3827
vn -0.3820 -0.0229 0.9239
vn -0.9222 -0.0554 0.3827
vn -0.3765 -0.0682 -0.9239
vn -0.9091 -0.1646 -0.3827
vn -0.3765 -0.0682 0.9239
vn -0.9091 -0.1646 0.3827
vn -0.3660 -0.1116 -0.9239
vn -0.8838 -0.2694 -0.3827
vn -0.3660 -0.1116 0.9239
vn -0.8838 -0.2694 0.3826
vn -0.3511 -0.1522 -0.9239
vn -0.8477 -0.3675 -0.3827
vn -0.3511 -0.1522 0.9239
vn -0.8477 -0.3675 0.3827
vn -0.3325 -0.1894 -0.9239
vn -0.8028 -0.4572 -0.3827
vn -0.3325 -0.1894 0.9239
vn -0.8028 -0.4572 0.3827
vn -0.3112 -0.2227 -0.9239
vn -0.7513 -0.5377 -0.3827
vn -0.3112 -0.2227 0.9239
vn -0.7513 -0.5377 0.3827
vn -0.2878 -0.2521 -0.9239
vn -0.6950 -0.6087 -0.3827
vn -0.2879 -0.2521 0.9239
vn -0.6950 -0.6087 0.3827
vn -0.2633 -0.2777 -0.9239
vn -0.6356 -0.6705 -0.3827
vn -0.2633 -0.2777 0.9239
vn -0.6356 -0.6705 0.3827
vn -0.2379 -0.2997 -0.9239
vn -0.5744 -0.7237 -0.3827
vn -0.2379 -0.2997 0.9239
vn -0.5744 -0.7236 0.3827
vn -0.2122 -0.3184 -0.9239
vn -0.5124 -0.7688 -0.3827
vn -0.2122 -0.3184 0.9239
vn -0.5124 -0.7688 0.3827
vn -0.1865 -0.3342 -0.9239
vn -0.4502 -0.8068 -0.3827
vn -0.1865 -0.3342 0.9239
vn -0.4502 -0.8068 0.3827
vn -0.1609 -0.3472 -0.9239
vn -0.3884 -0.8383 -0.3827
vn -0.1609 -0.3472 0.9239
vn -0.3884 -0.8383 0.3827
vn -0.1355 -0.3579 -0.9239
vn -0.3271 -0.8640 -0.3827
vn -0.1355 -0.3579 0.9239
vn -0.3271 -0.8640 0.3827
vn -0.1104 -0.3664 -0.9239
vn -0.2665 -0.8846 -0.3827
vn -0.1104 -0.3664 0.9239
vn -0.2665 -0.8846 0.3827
vn -0.0855 -0.3730 -0.9239
vn -0.2065 -0.9005 -0.3827
vn -0.0855 -0.3730 0.9239
vn -0.2065 -0.9005 0.3827
vn -0.0609 -0.3778 -0.9239
vn -0.1471 -0.9121 -0.3827
vn -0.0609 -0.3778 0.9239
vn -0.1471 -0.9121 0.3827
vn -0.0365 -0.3809 -0.9239
vn -0.0881 -0.9197 -0.3827
vn -0.0365 -0.3810 0.9239
vn -0.0881 -0.9197 0.3827
vn -0.0121 -0.3825 -0.9239
vn -0.0293 -0.9234 -0.3827
vn -0.0121 -0.3825 0.9239
vn -0.0293 -0.9234 0.3827
vn 0.0121 -0.3825 -0.9239
vn 0.0293 -0.9234 -0.3827
vn 0.0121 -0.3825 0.9239
vn 0.0293 -0.9234 0.3827
vn 0.0365 -0.3809 -0.9239
vn 0.0881 -0.9197 -0.3827
vn 0.0365 -0.3810 0.9239
vn 0.0881 -0.9197 0.3827
vn 0.0609 -0.3778 -0.9239
vn 0.1471 -0.9121 -0.3827
vn 0.0609 -0.3778 0.9239
vn 0.1471 -0.9121 0.3827
vn 0.0855 -0.3730 -0.9239
vn 0.2065 -0.9005 -0.3827
vn 0.0855 -0.3730 0.9239
vn 0.2065 -0.9005 0.3827
vn 0.1104 -0.3664 -0.9239
vn 0.2665 -0.8846 -0.3827
vn 0.1104 -0.3664 0.9239
vn 0.2665 -0.8846 0.3827
vn 0.1355 -0.3579 -0.9239
vn 0.3271 -0.8640 -0.3827
vn 0.1355 -0.3579 0.9239
vn 0.3271 -0.8640 0.3827
vn 0.1609 -0.3472 -0.9239
vn 0.3884 -0.8383 -0.3827
vn 0.1609 -0.3472 0.9239
vn 0.3884 -0.8383 0.3827
vn 0.1865 -0.3342 -0.9239
vn 0.4502 -0.8068 -0.3827
vn 0.1865 -0.3342 0.9239
vn 0.4502 -0.8068 0.3827
vn 0.2122 -0.3184 -0.9239
vn 0.5124 -0.7688 -0.3827
vn 0.2122 -0.3184 0.9239
vn 0.5124 -0.7688 0.3827
vn 0.2379 -0.2997 -0.9239
vn 0.5744 -0.7237 -0.3827
vn 0.2379 -0.2997 0.9239
vn 0.5744 -0.7236 0.3827
vn 0.2633 -0.2777 -0.9239
vn 0.6356 -0.6705 -0.3827
vn 0.2633 -0.2777 0.9239
vn 0.6356 -0.6705 0.3827
vn 0.2878 -0.2521 -0.9239
vn 0.6950 -0.6087 -0.3827
vn 0.2879 -0.2521 0.9239
vn 0.6950 -0.6087 0.3827
vn 0.3112 -0.2227 -0.9239
vn 0.7513 -0.5377 -0.3827
vn 0.3112 -0.2227 0.9239
vn 0.7513 -0.5377 0.3827
vn 0.3325 -0.1894 -0.9239
vn 0.8028 -0.4572 -0.3827
vn 0.3325 -0.1894 0.9239
vn 0.8028 -0.4572 0.3827
vn 0.3511 -0.1522 -0.9239
vn 0.8477 -0.3675 -0.3827
vn 0.3511 -0.1522 0.9239
vn 0.8477 -0.3675 0.3827
vn 0.3660 -0.1116 -0.9239
vn 0.8838 -0.2694 -0.3827
vn 0.3660 -0.1116 0.9239
vn 0.8838 -0.2694 0.3826
vn 0.3765 -0.0682 -0.9239
vn 0.9091 -0.1646 -0.3827
vn 0.3765 -0.0682 0.9239
vn 0.9091 -0.1646 0.3827
vn 0.3820 -0.0229 -0.9239
vn 0.9222 -0.0554 -0.3827
vn 0.3820 -0.0229 0.9239
vn 0.9222 -0.0554 0.3827
vn -0.8837 -0.2694 -0.3827
vn -0.3661 -0.1116 -0.9239
vn -0.8837 -0.2694 0.3827
vn -0.3661 -0.1116 0.9239
vn -0.8476 -0.3675 -0.3827
vn -0.8476 -0.3675 0.3827
vn -0.6950 -0.6088 -0.3827
vn -0.2879 -0.2521 -0.9239
vn -0.6950 -0.6088 0.3827
vn -0.2879 -0.2522 0.9239
vn -0.6355 -0.6706 -0.3827
vn -0.2632 -0.2777 -0.9239
vn -0.6355 -0.6705 0.3827
vn -0.2632 -0.2777 0.9239
vn -0.2379 -0.2998 -0.9239
vn -0.5743 -0.7237 0.3827
vn -0.5123 -0.7688 -0.3827
vn -0.5123 -0.7688 0.3827
vn -0.0365 -0.3809 0.9239
vn 0.0365 -0.3809 0.9239
vn 0.5123 -0.7688 -0.3827
vn 0.5123 -0.7688 0.3827
vn 0.2379 -0.2998 -0.9239
vn 0.5743 -0.7237 0.3827
vn 0.6355 -0.6706 -0.3827
vn 0.2632 -0.2777 -0.9239
vn 0.6355 -0.6705 0.3827
vn 0.2632 -0.2777 0.9239
vn 0.6950 -0.6088 -0.3827
vn 0.2879 -0.2522 -0.9239
vn 0.6950 -0.6088 0.3827
vn 0.2879 -0.2522 0.9239
vn 0.8476 -0.3675 -0.3827
vn 0.8476 -0.3675 0.3827
vn 0.8837 -0.2694 -0.3827
vn 0.3661 -0.1116 -0.9239
vn 0.8837 -0.2694 0.3827
vn 0.3661 -0.1116 0.9239
vn 0.3766 0.0682 -0.9239
vn 0.3766 0.0682 0.9239
vn 0.8837 0.2694 -0.3827
vn 0.3661 0.1116 -0.9239
vn 0.3661 0.1116 0.9239
vn 0.8476 0.3675 -0.3827
vn 0.8476 0.3675 0.3827
vn 0.6950 0.6088 -0.3827
vn 0.6950 0.6088 0.3827
vn 0.2879 0.2522 0.9239
vn 0.6355 0.6706 -0.3827
vn 0.2632 0.2777 -0.9239
vn 0.6355 0.6705 0.3827
vn 0.2632 0.2777 0.9239
vn 0.5743 0.7237 0.3827
vn 0.5123 0.7688 -0.3827
vn 0.5123 0.7688 0.3827
vn 0.0365 0.3809 0.9239
vn -0.0365 0.3809 0.9239
vn -0.5123 0.7688 -0.3827
vn -0.5123 0.7688 0.3827
vn -0.5743 0.7237 0.3827
vn -0.6355 0.6706 -0.3827
vn -0.2632 0.2777 -0.9239
vn -0.6355 0.6705 0.3827
vn -0.2632 0.2777 0.9239
vn -0.6950 0.6088 -0.3827
vn -0.2879 0.2522 -0.9239
vn -0.6950 0.6088 0.3827
vn -0.2879 0.2522 0.9239
vn -0.8476 0.3675 -0.3827
vn -0.8476 0.3675 0.3827
vn -0.8837 0.2694 -0.3827
vn -0.3661 0.1116 -0.9239
vn -0.3661 0.1116 0.9239
vn -0.3766 0.0682 -0.9239
vn -0.3766 0.0682 0.9239
vn 0.9982 -0.0599 -0.0000
vn 0.9982 0.0599 -0.0000
vn 0.9840 0.1781 -0.0000
vn 0.9566 0.2916 -0.0000
vn 0.9175 0.3977 -0.0000
vn 0.8690 0.4949 -0.0000
vn 0.8132 0.5820 -0.0000
vn 0.7522 0.6589 -0.0000
vn 0.6879 0.7258 -0.0000
vn 0.6217 0.7833 -0.0000
vn 0.5546 0.8321 -0.0000
vn 0.4873 0.8732 -0.0000
vn 0.4204 0.9073 -0.0000
vn 0.3541 0.9352 -0.0000
vn 0.2884 0.9575 -0.0000
vn 0.2235 0.9747 -0.0000
vn 0.1592 0.9872 -0.0000
vn 0.0953 0.9954 -0.0000
vn 0.0317 0.9995 -0.0000
vn -0.0317 0.9995 -0.0000
vn -0.0953 0.9954 -0.0000
vn -0.1592 0.9872 -0.0000
vn -0.2235 0.9747 -0.0000
vn -0.2884 0.9575 -0.0000
vn -0.3541 0.9352 -0.0000
vn -0.4204 0.9073 -0.0000
vn -0.4873 0.8732 -0.0000
vn -0.5546 0.8321 -0.0000
vn -0.6217 0.7833 -0.0000
vn -0.6879 0.7258 -0.0000
vn -0.7522 0.6589 -0.0000
vn -0.8132 0.5820 -0.0000
vn -0.8690 0.4949 -0.0000
vn -0.9175 0.3977 -0.0000
vn -0.9566 0.2916 -0.0000
vn -0.9840 0.1781 -0.0000
vn -0.9982 0.0599 -0.0000
vn -0.9982 -0.0599 -0.0000
vn -0.9840 -0.1781 -0.0000
vn -0.9566 -0.2916 -0.0000
vn -0.9175 -0.3977 -0.0000
vn -0.8690 -0.4949 -0.0000
vn -0.8132 -0.5820 -0.0000
vn -0.7522 -0.6589 -0.0000
vn -0.6879 -0.7258 -0.0000
vn -0.6217 -0.7833 -0.0000
vn -0.5546 -0.8321 -0.0000
vn -0.4873 -0.8732 -0.0000
vn -0.4204 -0.9073 -0.0000
vn -0.3541 -0.9352 -0.0000
vn -0.2885 -0.9575 -0.0000
vn -0.2235 -0.9747 -0.0000
vn -0.1592 -0.9872 -0.0000
vn -0.0953 -0.9954 -0.0000
vn -0.0317 -0.9995 -0.0000
vn 0.0317 -0.9995 -0.0000
vn 0.0953 -0.9954 -0.0000
vn 0.1592 -0.9872 -0.0000
vn 0.2235 -0.9747 -0.0000
vn 0.2885 -0.9575 -0.0000
vn 0.3541 -0.9352 -0.0000
vn 0.4204 -0.9073 -0.0000
vn 0.4873 -0.8732 -0.0000
vn 0.5546 -0.8321 -0.0000
vn 0.6217 -0.7833 -0.0000
vn 0.6879 -0.7258 -0.0000
vn 0.7522 -0.6589 -0.0000
vn 0.8132 -0.5820 -0.0000
vn 0.8690 -0.4949 -0.0000
vn 0.9175 -0.3977 -0.0000
vn 0.9566 -0.2916 -0.0000
vn 0.9840 -0.1781 -0.0000
vn -0.9565 -0.2916 -0.0000
vn -0.9175 -0.3978 -0.0000
vn -0.8689 -0.4949 -0.0000
vn -0.2884 -0.9575 -0.0000
vn -0.1592 -0.9873 -0.0000
vn 0.1592 -0.9873 -0.0000
vn 0.2884 -0.9575 -0.0000
vn 0.8689 -0.4949 -0.0000
vn 0.9175 -0.3978 -0.0000
vn 0.9565 -0.2916 -0.0000
vn 0.9565 0.2916 -0.0000
vn 0.9175 0.3978 -0.0000
vn 0.8689 0.4949 -0.0000
vn 0.1592 0.9873 -0.0000
vn -0.1592 0.9873 -0.0000
vn -0.8689 0.4949 -0.0000
vn -0.9175 0.3978 -0.0000
vn -0.9565 0.2916 -0.0000
vn -1.0000 -0.0000 -0.0000
vn -0.0000 1.0000 -0.0000
vn 1.0000 -0.0000 -0.0000
vn -0.0000 -1.0000 -0.0000
vn 0.9199 -0.3810 0.0932
vn 0.3824 -0.9232 0.0387
vn -0.3824 -0.9232 -0.0387
vn -0.9199 -0.3810 -0.0932
vn -0.9199 0.3810 -0.0932
vn -0.3824 0.9232 -0.0387
vn 0.3824 0.9232 0.0387
vn 0.9199 0.3810 0.0932
vn 0.8774 -0.3900 0.2795
vn 0.3577 -0.9268 0.1140
vn -0.3577 -0.9268 -0.1140
vn -0.8774 -0.3900 -0.2795
vn -0.8774 0.3900 -0.2795
vn -0.3577 0.9268 -0.1140
vn 0.3577 0.9268 0.1140
vn 0.8774 0.3900 0.2795
vn 0.7866 -0.4072 0.4643
vn 0.3093 -0.9333 0.1826
vn -0.3093 -0.9333 -0.1826
vn -0.7866 -0.4072 -0.4643
vn -0.7866 0.4072 -0.4643
vn -0.3093 0.9333 -0.1826
vn 0.3093 0.9333 0.1826
vn 0.7866 0.4072 0.4643
vn 0.6376 -0.4301 0.6392
vn 0.2393 -0.9408 0.2399
vn -0.2393 -0.9408 -0.2399
vn -0.6376 -0.4301 -0.6392
vn -0.6376 0.4301 -0.6392
vn -0.2393 0.9408 -0.2399
vn 0.2393 0.9408 0.2399
vn 0.6376 0.4301 0.6392
vn 0.4226 -0.4535 0.7847
vn 0.1515 -0.9476 0.2813
vn -0.1515 -0.9476 -0.2813
vn -0.4226 -0.4535 -0.7847
vn -0.4226 0.4535 -0.7847
vn -0.1515 0.9476 -0.2813
vn 0.1515 0.9476 0.2813
vn 0.4226 0.4535 0.7847
vn 0.1490 -0.4688 0.8706
vn 0.0519 -0.9515 0.3032
vn -0.0519 -0.9515 -0.3032
vn -0.1490 -0.4688 -0.8706
vn -0.1490 0.4688 -0.8706
vn -0.0519 0.9515 -0.3032
vn 0.0519 0.9515 0.3032
vn 0.1490 0.4688 0.8706
vn -0.1490 -0.4688 0.8706
vn -0.0519 -0.9515 0.3032
vn 0.0519 -0.9515 -0.3032
vn 0.1490 -0.4688 -0.8706
vn 0.1490 0.4688 -0.8706
vn 0.0519 0.9515 -0.3032
vn -0.0519 0.9515 0.3032
vn -0.1490 0.4688 0.8706
vn -0.4226 -0.4535 0.7847
vn -0.1515 -0.9476 0.2813
vn 0.1515 -0.9476 -0.2813
vn 0.4226 -0.4535 -0.7847
vn 0.4226 0.4535 -0.7847
vn 0.1515 0.9476 -0.2813
vn -0.1515 0.9476 0.2813
vn -0.4226 0.4535 0.7847
vn -0.6376 -0.4301 0.6392
vn -0.2393 -0.9409 0.2399
vn 0.2393 -0.9408 -0.2399
vn 0.6376 -0.4301 -0.6392
vn 0.6376 0.4301 -0.6392
vn 0.2393 0.9408 -0.2399
vn -0.2393 0.9408 0.2399
vn -0.6376 0.4301 0.6392
vn -0.7866 -0.4072 0.4643
vn -0.3093 -0.9333 0.1826
vn 0.3093 -0.9333 -0.1826
vn 0.7866 -0.4072 -0.4643
vn 0.7866 0.4072 -0.4643
vn 0.3093 0.9333 -0.1826
vn -0.3093 0.9333 0.1826
vn -0.7866 0.4072 0.4643
vn -0.8774 -0.3900 0.2795
vn -0.3577 -0.9268 0.1140
vn 0.3577 -0.9268 -0.1140
vn 0.8774 -0.3900 -0.2796
vn 0.8774 0.3900 -0.2795
vn 0.3577 0.9268 -0.1140
vn -0.3577 0.9268 0.1140
vn -0.8774 0.3900 0.2795
vn -0.9199 -0.3810 0.0932
vn -0.3824 -0.9232 0.0387
vn 0.3824 -0.9232 -0.0387
vn 0.9199 -0.3810 -0.0932
vn 0.9199 0.3810 -0.0932
vn 0.3824 0.9232 -0.0387
vn -0.3824 0.9232 0.0387
vn -0.9199 0.3810 0.0932
vn -0.8774 -0.3900 -0.2796
vn 0.6376 -0.4301 -0.6391
vn 0.2393 -0.9409 -0.2399
vn -0.2393 -0.9408 0.2399
vn 0.8774 -0.3900 -0.2795
vn -0.8774 -0.3900 0.2796
vn 0.2588 0.9659 -0.0000
vn 0.7071 0.7071 -0.0000
vn 0.9659 0.2588 -0.0000
vn 0.9659 -0.2588 -0.0000
vn 0.7071 -0.7071 -0.0000
vn 0.2588 -0.9659 -0.0000
vn -0.2588 -0.9659 -0.0000
vn -0.7071 -0.7071 -0.0000
vn -0.9659 -0.2588 -0.0000
vn -0.9659 0.2588 -0.0000
vn -0.7071 0.7071 -0.0000
vn -0.2588 0.9659 -0.0000
vn 0.8774 -0.3900 0.2796
vn -0.2393 -0.9409 -0.2399
vn -0.2393 0.9409 -0.2399
vn 0.6376 0.4301 -0.6391
vn 0.6376 0.4301 0.6391
vt 0.147892 0.005094
vt 0.134825 0.006302
vt 0.134699 0.005479
vt 0.147866 0.004261
vt 0.813173 0.768773
vt 0.813173 0.781972
vt 0.812342 0.782014
vt 0.812342 0.768773
vt 0.456514 0.420824
vt 0.469631 0.421216
vt 0.469657 0.422049
vt 0.456439 0.421654
vt 0.755059 0.781972
vt 0.755059 0.768773
vt 0.755890 0.768773
vt 0.755890 0.782014
vt 0.121914 0.009101
vt 0.121690 0.008298
vt 0.813173 0.795063
vt 0.812342 0.795145
vt 0.443454 0.418836
vt 0.443280 0.419651
vt 0.755059 0.795063
vt 0.755890 0.795145
vt 0.109261 0.013464
vt 0.108945 0.012694
vt 0.813173 0.807938
vt 0.812342 0.808059
vt 0.430553 0.415269
vt 0.430286 0.416058
vt 0.755059 0.807938
vt 0.755890 0.808059
vt 0.096966 0.019356
vt 0.096566 0.018625
vt 0.813173 0.820497
vt 0.812342 0.820653
vt 0.417915 0.410156
vt 0.417561 0.410909
vt 0.755059 0.820497
vt 0.755890 0.820653
vt 0.085124 0.026725
vt 0.084647 0.026042
vt 0.813173 0.832640
vt 0.812342 0.832828
vt 0.405636 0.403538
vt 0.405204 0.404250
vt 0.755059 0.832640
vt 0.755890 0.832828
vt 0.073823 0.035512
vt 0.073281 0.034881
vt 0.813173 0.844277
vt 0.812342 0.844494
vt 0.393811 0.395473
vt 0.393308 0.396137
vt 0.755059 0.844277
vt 0.755890 0.844494
vt 0.063150 0.045646
vt 0.062549 0.045070
vt 0.813173 0.855321
vt 0.812342 0.855562
vt 0.382526 0.386023
vt 0.381963 0.386636
vt 0.755059 0.855321
vt 0.755890 0.855562
vt 0.053181 0.057047
vt 0.052531 0.056527
vt 0.679899 0.004508
vt 0.679899 0.015648
vt 0.679067 0.015424
vt 0.679067 0.004261
vt 0.371866 0.375265
vt 0.371250 0.375825
vt 0.621784 0.015648
vt 0.621784 0.004508
vt 0.622616 0.004261
vt 0.622616 0.015424
vt 0.043990 0.069628
vt 0.043298 0.069165
vt 0.679899 0.027991
vt 0.679067 0.027790
vt 0.361909 0.363282
vt 0.361248 0.363788
vt 0.621784 0.027991
vt 0.622616 0.027790
vt 0.035644 0.083290
vt 0.034917 0.082884
vt 0.679899 0.041443
vt 0.679067 0.041265
vt 0.352728 0.350167
vt 0.352028 0.350617
vt 0.621784 0.041443
vt 0.622616 0.041265
vt 0.028203 0.097930
vt 0.027447 0.097581
vt 0.679899 0.055900
vt 0.679067 0.055745
vt 0.344389 0.336018
vt 0.343657 0.336414
vt 0.621784 0.055900
vt 0.622616 0.055745
vt 0.021721 0.113438
vt 0.020942 0.113145
vt 0.679899 0.071253
vt 0.679067 0.071122
vt 0.336954 0.320944
vt 0.336195 0.321286
vt 0.621784 0.071253
vt 0.622616 0.071122
vt 0.016246 0.129697
vt 0.015449 0.129458
vt 0.679899 0.087387
vt 0.679067 0.087278
vt 0.330476 0.305059
vt 0.329696 0.305347
vt 0.621784 0.087387
vt 0.622616 0.087278
vt 0.011818 0.146582
vt 0.011006 0.146398
vt 0.679899 0.104180
vt 0.679067 0.104094
vt 0.325004 0.288482
vt 0.324206 0.288716
vt 0.621784 0.104180
vt 0.622616 0.104094
vt 0.008468 0.163969
vt 0.007646 0.163838
vt 0.679899 0.121507
vt 0.679067 0.121442
vt 0.320577 0.271338
vt 0.319765 0.271520
vt 0.621784 0.121507
vt 0.622616 0.121442
vt 0.006221 0.181725
vt 0.005392 0.181647
vt 0.679899 0.139237
vt 0.679067 0.139194
vt 0.317228 0.253756
vt 0.316406 0.253886
vt 0.621784 0.139237
vt 0.622616 0.139194
vt 0.005093 0.199718
vt 0.004261 0.199692
vt 0.679899 0.157238
vt 0.679067 0.157216
vt 0.314982 0.235869
vt 0.314153 0.235947
vt 0.621784 0.157238
vt 0.622616 0.157216
vt 0.005093 0.217811
vt 0.004261 0.217837
vt 0.679899 0.175374
vt 0.679067 0.175374
vt 0.313854 0.217811
vt 0.313023 0.217837
vt 0.621784 0.175374
vt 0.622616 0.175374
vt 0.006220 0.235869
vt 0.005392 0.235947
vt 0.679899 0.193511
vt 0.679067 0.193532
vt 0.313854 0.199718
vt 0.313023 0.199692
vt 0.621784 0.193511
vt 0.622616 0.193532
vt 0.008467 0.253756
vt 0.007645 0.253886
vt 0.679899 0.211511
vt 0.679067 0.211554
vt 0.314982 0.181725
vt 0.314154 0.181647
vt 0.621784 0.211511
vt 0.622616 0.211554
vt 0.011816 0.271338
vt 0.011004 0.271520
vt 0.679899 0.229241
vt 0.679067 0.229306
vt 0.317229 0.163969
vt 0.316407 0.163838
vt 0.621784 0.229241
vt 0.622616 0.229306
vt 0.016243 0.288482
vt 0.015445 0.288716
vt 0.679899 0.246568
vt 0.679067 0.246655
vt 0.320579 0.146582
vt 0.319767 0.146398
vt 0.621784 0.246568
vt 0.622616 0.246655
vt 0.021715 0.305059
vt 0.020934 0.305347
vt 0.679899 0.263361
vt 0.679067 0.263470
vt 0.325007 0.129697
vt 0.324210 0.129458
vt 0.621784 0.263361
vt 0.622616 0.263470
vt 0.028193 0.320944
vt 0.027434 0.321286
vt 0.679899 0.279495
vt 0.679067 0.279626
vt 0.330482 0.113438
vt 0.329704 0.113145
vt 0.621784 0.279495
vt 0.622616 0.279626
vt 0.035628 0.336018
vt 0.034896 0.336414
vt 0.679899 0.294848
vt 0.679067 0.295003
vt 0.336964 0.097930
vt 0.336209 0.097581
vt 0.621784 0.294848
vt 0.622616 0.295003
vt 0.043967 0.350167
vt 0.043267 0.350617
vt 0.679899 0.309306
vt 0.679067 0.309483
vt 0.344405 0.083290
vt 0.343678 0.082884
vt 0.621784 0.309306
vt 0.622616 0.309483
vt 0.053148 0.363282
vt 0.052486 0.363788
vt 0.679899 0.322757
vt 0.679067 0.322958
vt 0.352751 0.069628
vt 0.352059 0.069165
vt 0.621784 0.322757
vt 0.622616 0.322958
vt 0.063105 0.375265
vt 0.062489 0.375825
vt 0.679899 0.335100
vt 0.679067 0.335324
vt 0.361942 0.057047
vt 0.361292 0.056527
vt 0.621784 0.335100
vt 0.622616 0.335324
vt 0.073765 0.386023
vt 0.073201 0.386636
vt 0.679899 0.346240
vt 0.679067 0.346487
vt 0.371911 0.045646
vt 0.371310 0.045070
vt 0.621784 0.346240
vt 0.622616 0.346487
vt 0.085049 0.395473
vt 0.084547 0.396137
vt 0.746536 0.701449
vt 0.746536 0.712493
vt 0.745704 0.712277
vt 0.745704 0.701208
vt 0.382585 0.035512
vt 0.382042 0.034881
vt 0.688421 0.712493
vt 0.688421 0.701449
vt 0.689253 0.701208
vt 0.689253 0.712277
vt 0.096875 0.403538
vt 0.096442 0.404250
vt 0.746536 0.724130
vt 0.745704 0.723942
vt 0.393885 0.026725
vt 0.393409 0.026042
vt 0.688421 0.724130
vt 0.689253 0.723942
vt 0.109154 0.410156
vt 0.108799 0.410909
vt 0.746536 0.736274
vt 0.745704 0.736117
vt 0.405727 0.019356
vt 0.405327 0.018625
vt 0.688421 0.736274
vt 0.689253 0.736117
vt 0.121792 0.415269
vt 0.121524 0.416058
vt 0.746536 0.748832
vt 0.745704 0.748711
vt 0.418023 0.013464
vt 0.417706 0.012694
vt 0.688421 0.748832
vt 0.689253 0.748711
vt 0.134692 0.418836
vt 0.134518 0.419651
vt 0.746536 0.761707
vt 0.745704 0.761625
vt 0.430675 0.009101
vt 0.430451 0.008298
vt 0.688421 0.761707
vt 0.689253 0.761625
vt 0.147753 0.420824
vt 0.147678 0.421654
vt 0.746536 0.774798
vt 0.745704 0.774756
vt 0.443587 0.006302
vt 0.443460 0.005479
vt 0.688421 0.774798
vt 0.689253 0.774756
vt 0.160869 0.421216
vt 0.160895 0.422049
vt 0.746536 0.787997
vt 0.745704 0.787997
vt 0.456653 0.005094
vt 0.456627 0.004261
vt 0.688421 0.787997
vt 0.689253 0.787997
vt 0.173936 0.420008
vt 0.174063 0.420831
vt 0.746536 0.801196
vt 0.745704 0.801238
vt 0.469770 0.005486
vt 0.469845 0.004656
vt 0.688421 0.801196
vt 0.689253 0.801238
vt 0.186847 0.417209
vt 0.187072 0.418012
vt 0.746536 0.814286
vt 0.745704 0.814369
vt 0.482830 0.007474
vt 0.483004 0.006659
vt 0.688421 0.814286
vt 0.689253 0.814369
vt 0.199500 0.412846
vt 0.199816 0.413617
vt 0.746536 0.827162
vt 0.745704 0.827283
vt 0.495731 0.011041
vt 0.495998 0.010252
vt 0.688421 0.827162
vt 0.689253 0.827283
vt 0.211795 0.406955
vt 0.212196 0.407685
vt 0.746536 0.839720
vt 0.745704 0.839877
vt 0.508369 0.016154
vt 0.508723 0.015401
vt 0.688421 0.839720
vt 0.689253 0.839877
vt 0.223638 0.399585
vt 0.224114 0.400268
vt 0.746536 0.851864
vt 0.745704 0.852052
vt 0.520648 0.022772
vt 0.521080 0.022060
vt 0.688421 0.851864
vt 0.689253 0.852052
vt 0.234938 0.390798
vt 0.235481 0.391429
vt 0.746536 0.863501
vt 0.745704 0.863717
vt 0.532473 0.030837
vt 0.532976 0.030174
vt 0.688421 0.863501
vt 0.689253 0.863717
vt 0.245612 0.380664
vt 0.246212 0.381241
vt 0.746536 0.874545
vt 0.745704 0.874786
vt 0.543758 0.040287
vt 0.544321 0.039674
vt 0.688421 0.874545
vt 0.689253 0.874786
vt 0.255581 0.369263
vt 0.256231 0.369783
vt 0.679899 0.355256
vt 0.679899 0.366396
vt 0.679067 0.366172
vt 0.679067 0.355009
vt 0.554418 0.051045
vt 0.555034 0.050485
vt 0.621784 0.366396
vt 0.621784 0.355256
vt 0.622616 0.355009
vt 0.622616 0.366172
vt 0.264771 0.356683
vt 0.265463 0.357145
vt 0.679899 0.378739
vt 0.679067 0.378539
vt 0.564375 0.063028
vt 0.565036 0.062523
vt 0.621784 0.378739
vt 0.622616 0.378539
vt 0.273118 0.343020
vt 0.273844 0.343426
vt 0.679899 0.392191
vt 0.679067 0.392013
vt 0.573556 0.076143
vt 0.574256 0.075693
vt 0.621784 0.392191
vt 0.622616 0.392013
vt 0.280559 0.328380
vt 0.281314 0.328729
vt 0.679899 0.406648
vt 0.679067 0.406494
vt 0.581895 0.090292
vt 0.582627 0.089896
vt 0.621784 0.406648
vt 0.622616 0.406494
vt 0.287040 0.312872
vt 0.287819 0.313165
vt 0.679899 0.422001
vt 0.679067 0.421870
vt 0.589330 0.105366
vt 0.590089 0.105025
vt 0.621784 0.422001
vt 0.622616 0.421870
vt 0.292515 0.296614
vt 0.293312 0.296852
vt 0.679899 0.438135
vt 0.679067 0.438026
vt 0.595808 0.121251
vt 0.596588 0.120964
vt 0.621784 0.438135
vt 0.622616 0.438026
vt 0.296944 0.279728
vt 0.297755 0.279912
vt 0.679899 0.454929
vt 0.679067 0.454842
vt 0.601280 0.137828
vt 0.602078 0.137594
vt 0.621784 0.454929
vt 0.622616 0.454842
vt 0.300294 0.262341
vt 0.301115 0.262472
vt 0.679899 0.472255
vt 0.679067 0.472190
vt 0.605707 0.154972
vt 0.606519 0.154790
vt 0.621784 0.472255
vt 0.622616 0.472190
vt 0.302541 0.244585
vt 0.303369 0.244663
vt 0.679899 0.489985
vt 0.679067 0.489942
vt 0.609056 0.172554
vt 0.609878 0.172424
vt 0.621784 0.489985
vt 0.622616 0.489942
vt 0.303668 0.226593
vt 0.304500 0.226619
vt 0.679899 0.507986
vt 0.679067 0.507964
vt 0.611302 0.190441
vt 0.612131 0.190363
vt 0.621784 0.507986
vt 0.622616 0.507964
vt 0.303668 0.208499
vt 0.304500 0.208473
vt 0.679899 0.526122
vt 0.679067 0.526122
vt 0.612430 0.208499
vt 0.613261 0.208473
vt 0.621784 0.526122
vt 0.622616 0.526122
vt 0.302541 0.190441
vt 0.303369 0.190363
vt 0.679899 0.544259
vt 0.679067 0.544280
vt 0.612430 0.226593
vt 0.613261 0.226619
vt 0.621784 0.544259
vt 0.622616 0.544280
vt 0.300294 0.172554
vt 0.301116 0.172424
vt 0.679899 0.562259
vt 0.679067 0.562302
vt 0.611302 0.244585
vt 0.612130 0.244663
vt 0.621784 0.562259
vt 0.622616 0.562302
vt 0.296945 0.154972
vt 0.297757 0.154790
vt 0.679899 0.579989
vt 0.679067 0.580054
vt 0.609055 0.262341
vt 0.609877 0.262472
vt 0.621784 0.579989
vt 0.622616 0.580054
vt 0.292518 0.137828
vt 0.293317 0.137594
vt 0.679899 0.597316
vt 0.679067 0.597403
vt 0.605705 0.279728
vt 0.606516 0.279912
vt 0.621784 0.597316
vt 0.622616 0.597403
vt 0.287046 0.121251
vt 0.287827 0.120964
vt 0.679899 0.614109
vt 0.679067 0.614218
vt 0.601276 0.296614
vt 0.602074 0.296852
vt 0.621784 0.614109
vt 0.622616 0.614218
vt 0.280569 0.105366
vt 0.281328 0.105025
vt 0.679899 0.630243
vt 0.679067 0.630375
vt 0.595801 0.312872
vt 0.596580 0.313165
vt 0.621784 0.630243
vt 0.622616 0.630375
vt 0.273134 0.090292
vt 0.273866 0.089896
vt 0.679899 0.645597
vt 0.679067 0.645751
vt 0.589320 0.328380
vt 0.590075 0.328729
vt 0.621784 0.645597
vt 0.622616 0.645751
vt 0.264795 0.076143
vt 0.265495 0.075693
vt 0.679899 0.660054
vt 0.679067 0.660231
vt 0.581879 0.343020
vt 0.582606 0.343426
vt 0.621784 0.660054
vt 0.622616 0.660231
vt 0.255613 0.063028
vt 0.256275 0.062523
vt 0.679899 0.673505
vt 0.679067 0.673706
vt 0.573533 0.356683
vt 0.574225 0.357145
vt 0.621784 0.673505
vt 0.622616 0.673706
vt 0.245656 0.051045
vt 0.246273 0.050485
vt 0.679899 0.685849
vt 0.679067 0.686072
vt 0.564342 0.369263
vt 0.564992 0.369783
vt 0.621784 0.685849
vt 0.622616 0.686072
vt 0.234997 0.040287
vt 0.235560 0.039674
vt 0.679899 0.696989
vt 0.679067 0.697235
vt 0.554373 0.380664
vt 0.554974 0.381241
vt 0.621784 0.696989
vt 0.622616 0.697235
vt 0.223712 0.030837
vt 0.224214 0.030174
vt 0.813173 0.682226
vt 0.813173 0.693270
vt 0.812342 0.693053
vt 0.812342 0.681984
vt 0.543699 0.390798
vt 0.544242 0.391429
vt 0.755059 0.693270
vt 0.755059 0.682226
vt 0.755890 0.681984
vt 0.755890 0.693053
vt 0.211886 0.022772
vt 0.212319 0.022060
vt 0.813173 0.704906
vt 0.812342 0.704718
vt 0.532399 0.399585
vt 0.532875 0.400268
vt 0.755059 0.704906
vt 0.755890 0.704718
vt 0.199607 0.016155
vt 0.199962 0.015401
vt 0.813173 0.717050
vt 0.812342 0.716894
vt 0.520557 0.406955
vt 0.520957 0.407685
vt 0.755059 0.717050
vt 0.755890 0.716894
vt 0.186969 0.011041
vt 0.187237 0.010252
vt 0.813173 0.729608
vt 0.812342 0.729487
vt 0.508261 0.412846
vt 0.508578 0.413617
vt 0.755059 0.729608
vt 0.755890 0.729487
vt 0.174069 0.007474
vt 0.174243 0.006659
vt 0.813173 0.742484
vt 0.812342 0.742401
vt 0.495608 0.417209
vt 0.495833 0.418012
vt 0.755059 0.742484
vt 0.755890 0.742401
vt 0.161008 0.005486
vt 0.161084 0.004656
vt 0.813173 0.755574
vt 0.812342 0.755532
vt 0.482697 0.420008
vt 0.482824 0.420831
vt 0.755059 0.755574
vt 0.755890 0.755532
vt 0.679067 0.790320
vt 0.679067 0.777507
vt 0.679899 0.777465
vt 0.679899 0.790320
vt 0.147954 0.007098
vt 0.135131 0.008284
vt 0.135004 0.007461
vt 0.147928 0.006265
vt 0.622616 0.777507
vt 0.622616 0.790320
vt 0.621784 0.790320
vt 0.621784 0.777465
vt 0.456695 0.418828
vt 0.469568 0.419212
vt 0.469594 0.420045
vt 0.456620 0.419657
vt 0.679067 0.764792
vt 0.679899 0.764709
vt 0.122454 0.011032
vt 0.122230 0.010229
vt 0.622616 0.764792
vt 0.621784 0.764709
vt 0.443872 0.416875
vt 0.443698 0.417690
vt 0.679067 0.752271
vt 0.679899 0.752150
vt 0.110023 0.015319
vt 0.109706 0.014549
vt 0.622616 0.752271
vt 0.621784 0.752150
vt 0.431198 0.413371
vt 0.430930 0.414159
vt 0.679067 0.740040
vt 0.679899 0.739883
vt 0.097931 0.021114
vt 0.097530 0.020384
vt 0.622616 0.740040
vt 0.621784 0.739883
vt 0.418768 0.408341
vt 0.418414 0.409095
vt 0.679067 0.728191
vt 0.679899 0.728003
vt 0.086271 0.028370
vt 0.085794 0.027687
vt 0.622616 0.728191
vt 0.621784 0.728003
vt 0.406679 0.401825
vt 0.406246 0.402536
vt 0.679067 0.716815
vt 0.679899 0.716599
vt 0.075131 0.037033
vt 0.074588 0.036402
vt 0.622616 0.716815
vt 0.621784 0.716599
vt 0.395021 0.393873
vt 0.394519 0.394537
vt 0.679067 0.705999
vt 0.679899 0.705758
vt 0.064597 0.047035
vt 0.063996 0.046459
vt 0.622616 0.705999
vt 0.621784 0.705758
vt 0.383884 0.384547
vt 0.383320 0.385160
vt 0.745704 0.341691
vt 0.745704 0.330761
vt 0.746536 0.330984
vt 0.746536 0.341937
vt 0.054747 0.058301
vt 0.054097 0.057781
vt 0.689253 0.330761
vt 0.689253 0.341691
vt 0.688421 0.341937
vt 0.688421 0.330984
vt 0.373352 0.373917
vt 0.372735 0.374476
vt 0.745704 0.318630
vt 0.746536 0.318831
vt 0.045657 0.070743
vt 0.044966 0.070280
vt 0.689253 0.318630
vt 0.688421 0.318831
vt 0.363504 0.362065
vt 0.362842 0.362570
vt 0.745704 0.305393
vt 0.746536 0.305570
vt 0.037395 0.084268
vt 0.036669 0.083862
vt 0.689253 0.305393
vt 0.688421 0.305570
vt 0.354415 0.349081
vt 0.353715 0.349531
vt 0.745704 0.291148
vt 0.746536 0.291303
vt 0.030024 0.098773
vt 0.029269 0.098423
vt 0.689253 0.291148
vt 0.688421 0.291303
vt 0.346155 0.335064
vt 0.345422 0.335460
vt 0.745704 0.276005
vt 0.746536 0.276137
vt 0.023599 0.114146
vt 0.022820 0.113853
vt 0.689253 0.276005
vt 0.688421 0.276137
vt 0.338784 0.320121
vt 0.338025 0.320462
vt 0.745704 0.260079
vt 0.746536 0.260188
vt 0.018169 0.130272
vt 0.017372 0.130033
vt 0.689253 0.260079
vt 0.688421 0.260188
vt 0.332359 0.304365
vt 0.331579 0.304653
vt 0.745704 0.243491
vt 0.746536 0.243578
vt 0.013774 0.147027
vt 0.012963 0.146843
vt 0.689253 0.243491
vt 0.688421 0.243578
vt 0.326930 0.287916
vt 0.326131 0.288151
vt 0.745704 0.226367
vt 0.746536 0.226432
vt 0.010449 0.164285
vt 0.009628 0.164154
vt 0.689253 0.226367
vt 0.688421 0.226432
vt 0.322536 0.270899
vt 0.321724 0.271081
vt 0.745704 0.208838
vt 0.746536 0.208881
vt 0.008219 0.181914
vt 0.007390 0.181836
vt 0.689253 0.208838
vt 0.688421 0.208881
vt 0.319211 0.253443
vt 0.318389 0.253573
vt 0.745704 0.191037
vt 0.746536 0.191058
vt 0.007099 0.199780
vt 0.006267 0.199754
vt 0.689253 0.191037
vt 0.688421 0.191058
vt 0.316980 0.235681
vt 0.316151 0.235759
vt 0.745704 0.173099
vt 0.746536 0.173099
vt 0.007099 0.217748
vt 0.006267 0.217774
vt 0.689253 0.173099
vt 0.688421 0.173099
vt 0.315860 0.217748
vt 0.315029 0.217774
vt 0.745704 0.155162
vt 0.746536 0.155140
vt 0.008219 0.235681
vt 0.007390 0.235759
vt 0.689253 0.155162
vt 0.688421 0.155140
vt 0.315860 0.199780
vt 0.315029 0.199754
vt 0.745704 0.137360
vt 0.746536 0.137317
vt 0.010449 0.253443
vt 0.009627 0.253573
vt 0.689253 0.137360
vt 0.688421 0.137317
vt 0.316980 0.181914
vt 0.316152 0.181836
vt 0.745704 0.119831
vt 0.746536 0.119766
vt 0.013774 0.270899
vt 0.012962 0.271081
vt 0.689253 0.119831
vt 0.688421 0.119766
vt 0.319211 0.164285
vt 0.318389 0.164154
vt 0.745704 0.102707
vt 0.746536 0.102621
vt 0.018168 0.287916
vt 0.017370 0.288151
vt 0.689253 0.102707
vt 0.688421 0.102621
vt 0.322536 0.147027
vt 0.321724 0.146843
vt 0.745704 0.086119
vt 0.746536 0.086010
vt 0.023598 0.304365
vt 0.022817 0.304653
vt 0.689253 0.086119
vt 0.688421 0.086010
vt 0.326930 0.130272
vt 0.326133 0.130033
vt 0.745704 0.070193
vt 0.746536 0.070062
vt 0.030023 0.320121
vt 0.029264 0.320462
vt 0.689253 0.070193
vt 0.688421 0.070062
vt 0.332360 0.114146
vt 0.331582 0.113853
vt 0.745704 0.055050
vt 0.746536 0.054896
vt 0.037393 0.335064
vt 0.036661 0.335460
vt 0.689253 0.055050
vt 0.688421 0.054896
vt 0.338785 0.098773
vt 0.338030 0.098423
vt 0.745704 0.040806
vt 0.746536 0.040628
vt 0.045654 0.349081
vt 0.044954 0.349531
vt 0.689253 0.040806
vt 0.688421 0.040628
vt 0.346157 0.084268
vt 0.345430 0.083862
vt 0.745704 0.027568
vt 0.746536 0.027368
vt 0.054743 0.362065
vt 0.054081 0.362570
vt 0.689253 0.027568
vt 0.688421 0.027368
vt 0.354419 0.070743
vt 0.353727 0.070280
vt 0.745704 0.015438
vt 0.746536 0.015214
vt 0.064590 0.373917
vt 0.063974 0.374476
vt 0.689253 0.015438
vt 0.688421 0.015214
vt 0.363509 0.058301
vt 0.362859 0.057781
vt 0.745704 0.004508
vt 0.746536 0.004261
vt 0.075123 0.384547
vt 0.074559 0.385160
vt 0.689253 0.004508
vt 0.688421 0.004261
vt 0.373358 0.047035
vt 0.372758 0.046459
vt 0.945616 0.173144
vt 0.945616 0.162328
vt 0.946448 0.162544
vt 0.946448 0.173385
vt 0.086260 0.393873
vt 0.085757 0.394537
vt 0.889165 0.162328
vt 0.889165 0.173144
vt 0.888333 0.173385
vt 0.888333 0.162544
vt 0.383893 0.037033
vt 0.383350 0.036402
vt 0.945616 0.150952
vt 0.946448 0.151140
vt 0.097917 0.401825
vt 0.097485 0.402536
vt 0.889165 0.150952
vt 0.888333 0.151140
vt 0.395032 0.028370
vt 0.394556 0.027687
vt 0.945616 0.139103
vt 0.946448 0.139260
vt 0.110007 0.408341
vt 0.109653 0.409095
vt 0.889165 0.139103
vt 0.888333 0.139260
vt 0.406692 0.021114
vt 0.406291 0.020384
vt 0.945616 0.126872
vt 0.946448 0.126993
vt 0.122436 0.413371
vt 0.122169 0.414159
vt 0.889165 0.126872
vt 0.888333 0.126993
vt 0.418784 0.015319
vt 0.418468 0.014549
vt 0.945616 0.114351
vt 0.946448 0.114434
vt 0.135111 0.416875
vt 0.134937 0.417690
vt 0.889165 0.114351
vt 0.888333 0.114434
vt 0.431216 0.011032
vt 0.430991 0.010229
vt 0.945616 0.101636
vt 0.946448 0.101678
vt 0.147934 0.418828
vt 0.147859 0.419657
vt 0.889165 0.101636
vt 0.888333 0.101678
vt 0.443892 0.008284
vt 0.443765 0.007461
vt 0.945616 0.088823
vt 0.946448 0.088823
vt 0.160807 0.419212
vt 0.160833 0.420045
vt 0.889165 0.088823
vt 0.888333 0.088823
vt 0.456716 0.007098
vt 0.456690 0.006265
vt 0.945616 0.076011
vt 0.946448 0.075969
vt 0.173631 0.418026
vt 0.173757 0.418850
vt 0.889165 0.076011
vt 0.888333 0.075969
vt 0.469589 0.007483
vt 0.469664 0.006653
vt 0.945616 0.063296
vt 0.946448 0.063213
vt 0.186307 0.415279
vt 0.186531 0.416081
vt 0.889165 0.063296
vt 0.888333 0.063213
vt 0.482411 0.009435
vt 0.482585 0.008620
vt 0.945616 0.050775
vt 0.946448 0.050654
vt 0.198739 0.410991
vt 0.199055 0.411762
vt 0.889165 0.050775
vt 0.888333 0.050654
vt 0.495086 0.012940
vt 0.495354 0.012151
vt 0.945616 0.038543
vt 0.946448 0.038387
vt 0.210831 0.405196
vt 0.211231 0.405927
vt 0.889165 0.038543
vt 0.888333 0.038387
vt 0.507516 0.017969
vt 0.507870 0.017216
vt 0.945616 0.026695
vt 0.946448 0.026506
vt 0.222491 0.397940
vt 0.222967 0.398623
vt 0.889165 0.026695
vt 0.888333 0.026506
vt 0.519605 0.024485
vt 0.520038 0.023774
vt 0.945616 0.015319
vt 0.946448 0.015102
vt 0.233630 0.389277
vt 0.234173 0.389909
vt 0.889165 0.015319
vt 0.888333 0.015102
vt 0.531263 0.032437
vt 0.531765 0.031773
vt 0.945616 0.004503
vt 0.946448 0.004261
vt 0.244164 0.379275
vt 0.244765 0.379851
vt 0.889165 0.004503
vt 0.888333 0.004261
vt 0.542400 0.041763
vt 0.542964 0.041151
vt 0.745704 0.692439
vt 0.745704 0.681509
vt 0.746536 0.681732
vt 0.746536 0.692685
vt 0.254014 0.368010
vt 0.254664 0.368530
vt 0.689253 0.681509
vt 0.689253 0.692439
vt 0.688421 0.692685
vt 0.688421 0.681732
vt 0.552932 0.052393
vt 0.553549 0.051834
vt 0.745704 0.669379
vt 0.746536 0.669579
vt 0.263104 0.355567
vt 0.263796 0.356030
vt 0.689253 0.669379
vt 0.688421 0.669579
vt 0.562780 0.064245
vt 0.563442 0.063740
vt 0.745704 0.656141
vt 0.746536 0.656318
vt 0.271366 0.342042
vt 0.272092 0.342448
vt 0.689253 0.656141
vt 0.688421 0.656318
vt 0.571869 0.077229
vt 0.572569 0.076779
vt 0.745704 0.641896
vt 0.746536 0.642051
vt 0.278737 0.327538
vt 0.279493 0.327887
vt 0.689253 0.641896
vt 0.688421 0.642051
vt 0.580129 0.091246
vt 0.580862 0.090850
vt 0.745704 0.626754
vt 0.746536 0.626885
vt 0.285162 0.312164
vt 0.285941 0.312458
vt 0.689253 0.626754
vt 0.688421 0.626885
vt 0.587500 0.106189
vt 0.588259 0.105848
vt 0.745704 0.610827
vt 0.746536 0.610936
vt 0.290593 0.296038
vt 0.291390 0.296277
vt 0.689253 0.610827
vt 0.688421 0.610936
vt 0.593924 0.121945
vt 0.594705 0.121657
vt 0.745704 0.594239
vt 0.746536 0.594326
vt 0.294987 0.279283
vt 0.295798 0.279467
vt 0.689253 0.594239
vt 0.688421 0.594326
vt 0.599354 0.138394
vt 0.600153 0.138160
vt 0.745704 0.577116
vt 0.746536 0.577180
vt 0.298312 0.262025
vt 0.299134 0.262156
vt 0.689253 0.577116
vt 0.688421 0.577180
vt 0.603748 0.155411
vt 0.604560 0.155229
vt 0.745704 0.559586
vt 0.746536 0.559629
vt 0.300543 0.244396
vt 0.301371 0.244475
vt 0.689253 0.559586
vt 0.688421 0.559629
vt 0.607073 0.172867
vt 0.607895 0.172737
vt 0.745704 0.541785
vt 0.746536 0.541807
vt 0.301662 0.226530
vt 0.302494 0.226556
vt 0.689253 0.541785
vt 0.688421 0.541807
vt 0.609304 0.190629
vt 0.610132 0.190551
vt 0.745704 0.523847
vt 0.746536 0.523847
vt 0.301662 0.208562
vt 0.302494 0.208536
vt 0.689253 0.523847
vt 0.688421 0.523847
vt 0.610424 0.208562
vt 0.611255 0.208536
vt 0.745704 0.505910
vt 0.746536 0.505888
vt 0.300543 0.190629
vt 0.301371 0.190551
vt 0.689253 0.505910
vt 0.688421 0.505888
vt 0.610424 0.226530
vt 0.611255 0.226556
vt 0.745704 0.488108
vt 0.746536 0.488065
vt 0.298312 0.172867
vt 0.299134 0.172737
vt 0.689253 0.488108
vt 0.688421 0.488065
vt 0.609304 0.244396
vt 0.610132 0.244475
vt 0.745704 0.470579
vt 0.746536 0.470514
vt 0.294987 0.155411
vt 0.295799 0.155229
vt 0.689253 0.470579
vt 0.688421 0.470514
vt 0.607073 0.262025
vt 0.607895 0.262156
vt 0.745704 0.453455
vt 0.746536 0.453369
vt 0.290593 0.138394
vt 0.291391 0.138160
vt 0.689253 0.453455
vt 0.688421 0.453369
vt 0.603748 0.279283
vt 0.604560 0.279467
vt 0.745704 0.436867
vt 0.746536 0.436758
vt 0.285163 0.121945
vt 0.285944 0.121657
vt 0.689253 0.436867
vt 0.688421 0.436758
vt 0.599354 0.296038
vt 0.600151 0.296277
vt 0.745704 0.420941
vt 0.746536 0.420810
vt 0.278739 0.106189
vt 0.279498 0.105848
vt 0.689253 0.420941
vt 0.688421 0.420810
vt 0.593924 0.312164
vt 0.594702 0.312458
vt 0.745704 0.405798
vt 0.746536 0.405644
vt 0.271368 0.091246
vt 0.272100 0.090850
vt 0.689253 0.405798
vt 0.688421 0.405644
vt 0.587499 0.327538
vt 0.588254 0.327887
vt 0.745704 0.391554
vt 0.746536 0.391376
vt 0.263107 0.077229
vt 0.263807 0.076779
vt 0.689253 0.391554
vt 0.688421 0.391376
vt 0.580127 0.342042
vt 0.580854 0.342448
vt 0.745704 0.378316
vt 0.746536 0.378116
vt 0.254019 0.064245
vt 0.254680 0.063740
vt 0.689253 0.378316
vt 0.688421 0.378116
vt 0.571865 0.355567
vt 0.572557 0.356030
vt 0.745704 0.366186
vt 0.746536 0.365962
vt 0.244171 0.052393
vt 0.244787 0.051834
vt 0.689253 0.366186
vt 0.688421 0.365962
vt 0.562775 0.368010
vt 0.563425 0.368530
vt 0.745704 0.355256
vt 0.746536 0.355009
vt 0.233639 0.041763
vt 0.234202 0.041151
vt 0.689253 0.355256
vt 0.688421 0.355009
vt 0.552926 0.379275
vt 0.553526 0.379851
vt 0.679067 0.874640
vt 0.679067 0.863824
vt 0.679899 0.864040
vt 0.679899 0.874882
vt 0.222501 0.032437
vt 0.223004 0.031773
vt 0.622616 0.863824
vt 0.622616 0.874640
vt 0.621784 0.874882
vt 0.621784 0.864040
vt 0.542391 0.389277
vt 0.542934 0.389909
vt 0.679067 0.852448
vt 0.679899 0.852636
vt 0.210844 0.024485
vt 0.211277 0.023774
vt 0.622616 0.852448
vt 0.621784 0.852636
vt 0.531252 0.397940
vt 0.531728 0.398623
vt 0.679067 0.840599
vt 0.679899 0.840756
vt 0.198754 0.017969
vt 0.199109 0.017216
vt 0.622616 0.840599
vt 0.621784 0.840756
vt 0.519592 0.405196
vt 0.519993 0.405927
vt 0.679067 0.828368
vt 0.679899 0.828489
vt 0.186325 0.012940
vt 0.186593 0.012151
vt 0.622616 0.828368
vt 0.621784 0.828489
vt 0.507500 0.410991
vt 0.507816 0.411762
vt 0.679067 0.815847
vt 0.679899 0.815930
vt 0.173650 0.009435
vt 0.173824 0.008620
vt 0.622616 0.815847
vt 0.621784 0.815930
vt 0.495068 0.415279
vt 0.495293 0.416081
vt 0.679067 0.803132
vt 0.679899 0.803174
vt 0.160827 0.007483
vt 0.160903 0.006653
vt 0.622616 0.803132
vt 0.621784 0.803174
vt 0.482392 0.418026
vt 0.482519 0.418850
vt 0.142267 0.431404
vt 0.129717 0.432558
vt 0.129591 0.431735
vt 0.142241 0.430572
vt 0.946448 0.265301
vt 0.946448 0.277981
vt 0.945616 0.278022
vt 0.945616 0.265301
vt 0.439137 0.823654
vt 0.451735 0.824009
vt 0.451762 0.824842
vt 0.439064 0.824484
vt 0.888333 0.277981
vt 0.888333 0.265301
vt 0.889165 0.265301
vt 0.889165 0.278022
vt 0.117316 0.435212
vt 0.117094 0.434409
vt 0.946448 0.290557
vt 0.945616 0.290638
vt 0.426593 0.821792
vt 0.426422 0.822608
vt 0.888333 0.290557
vt 0.889165 0.290638
vt 0.105162 0.439342
vt 0.104850 0.438570
vt 0.946448 0.302927
vt 0.945616 0.303046
vt 0.414201 0.818442
vt 0.413939 0.819232
vt 0.888333 0.302927
vt 0.889165 0.303046
vt 0.093352 0.444914
vt 0.092956 0.444181
vt 0.946448 0.314993
vt 0.945616 0.315147
vt 0.402061 0.813631
vt 0.401713 0.814387
vt 0.888333 0.314993
vt 0.889165 0.315147
vt 0.081976 0.451880
vt 0.081505 0.451193
vt 0.946448 0.326661
vt 0.945616 0.326847
vt 0.390266 0.807400
vt 0.389840 0.808116
vt 0.888333 0.326661
vt 0.889165 0.326847
vt 0.071120 0.460183
vt 0.070582 0.459547
vt 0.946448 0.337843
vt 0.945616 0.338057
vt 0.378906 0.799803
vt 0.378409 0.800471
vt 0.888333 0.337843
vt 0.889165 0.338057
vt 0.060866 0.469756
vt 0.060270 0.469175
vt 0.946448 0.348456
vt 0.945616 0.348695
vt 0.368065 0.790899
vt 0.367507 0.791517
vt 0.888333 0.348456
vt 0.889165 0.348695
vt 0.051289 0.480525
vt 0.050643 0.480000
vt 0.813173 0.004510
vt 0.813173 0.015024
vt 0.812342 0.014798
vt 0.812342 0.004261
vt 0.357824 0.780760
vt 0.357213 0.781325
vt 0.755059 0.015024
vt 0.755059 0.004510
vt 0.755890 0.004261
vt 0.755890 0.014798
vt 0.042459 0.492405
vt 0.041771 0.491937
vt 0.813173 0.026673
vt 0.812342 0.026470
vt 0.348258 0.769464
vt 0.347601 0.769975
vt 0.755059 0.026673
vt 0.755890 0.026470
vt 0.034441 0.505306
vt 0.033718 0.504894
vt 0.813173 0.039369
vt 0.812342 0.039189
vt 0.339438 0.757098
vt 0.338742 0.757554
vt 0.755059 0.039369
vt 0.755890 0.039189
vt 0.027293 0.519128
vt 0.026540 0.518774
vt 0.813173 0.053013
vt 0.812342 0.052857
vt 0.331427 0.743757
vt 0.330698 0.744158
vt 0.755059 0.053013
vt 0.755890 0.052857
vt 0.021066 0.533767
vt 0.020289 0.533469
vt 0.813173 0.067503
vt 0.812342 0.067369
vt 0.324284 0.729542
vt 0.323528 0.729889
vt 0.755059 0.067503
vt 0.755890 0.067369
vt 0.015807 0.549113
vt 0.015011 0.548871
vt 0.813173 0.082729
vt 0.812342 0.082618
vt 0.318062 0.714561
vt 0.317283 0.714853
vt 0.755059 0.082729
vt 0.755890 0.082618
vt 0.011553 0.565050
vt 0.010742 0.564863
vt 0.813173 0.098577
vt 0.812342 0.098489
vt 0.312805 0.698926
vt 0.312008 0.699165
vt 0.755059 0.098577
vt 0.755890 0.098489
vt 0.008335 0.581458
vt 0.007513 0.581325
vt 0.813173 0.114929
vt 0.812342 0.114863
vt 0.308552 0.682756
vt 0.307741 0.682941
vt 0.755059 0.114929
vt 0.755890 0.114863
vt 0.006176 0.598213
vt 0.005348 0.598133
vt 0.813173 0.131660
vt 0.812342 0.131616
vt 0.305335 0.666171
vt 0.304514 0.666303
vt 0.755059 0.131660
vt 0.755890 0.131616
vt 0.005093 0.615190
vt 0.004261 0.615163
vt 0.813173 0.148647
vt 0.812342 0.148625
vt 0.303177 0.649297
vt 0.302349 0.649376
vt 0.755059 0.148647
vt 0.755890 0.148625
vt 0.005093 0.632261
vt 0.004261 0.632287
vt 0.813173 0.165762
vt 0.812342 0.165762
vt 0.302094 0.632261
vt 0.301262 0.632287
vt 0.755059 0.165762
vt 0.755890 0.165762
vt 0.006176 0.649297
vt 0.005348 0.649376
vt 0.813173 0.182877
vt 0.812342 0.182899
vt 0.302094 0.615190
vt 0.301262 0.615163
vt 0.755059 0.182877
vt 0.755890 0.182899
vt 0.008334 0.666171
vt 0.007513 0.666303
vt 0.813173 0.199864
vt 0.812342 0.199908
vt 0.303177 0.598213
vt 0.302349 0.598133
vt 0.755059 0.199864
vt 0.755890 0.199908
vt 0.011551 0.682756
vt 0.010740 0.682941
vt 0.813173 0.216596
vt 0.812342 0.216662
vt 0.305336 0.581458
vt 0.304514 0.581325
vt 0.755059 0.216596
vt 0.755890 0.216662
vt 0.015804 0.698926
vt 0.015007 0.699165
vt 0.813173 0.232947
vt 0.812342 0.233035
vt 0.308554 0.565050
vt 0.307743 0.564863
vt 0.755059 0.232947
vt 0.755890 0.233035
vt 0.021061 0.714561
vt 0.020282 0.714853
vt 0.813173 0.248795
vt 0.812342 0.248906
vt 0.312808 0.549113
vt 0.312012 0.548871
vt 0.755059 0.248795
vt 0.755890 0.248906
vt 0.027283 0.729542
vt 0.026527 0.729889
vt 0.813173 0.264022
vt 0.812342 0.264155
vt 0.318068 0.533767
vt 0.317291 0.533469
vt 0.755059 0.264022
vt 0.755890 0.264155
vt 0.034426 0.743757
vt 0.033697 0.744158
vt 0.813173 0.278512
vt 0.812342 0.278668
vt 0.324294 0.519128
vt 0.323541 0.518774
vt 0.755059 0.278512
vt 0.755890 0.278668
vt 0.042437 0.757098
vt 0.041741 0.757554
vt 0.813173 0.292156
vt 0.812342 0.292336
vt 0.331442 0.505306
vt 0.330719 0.504894
vt 0.755059 0.292156
vt 0.755890 0.292336
vt 0.051257 0.769464
vt 0.050600 0.769975
vt 0.813173 0.304851
vt 0.812342 0.305054
vt 0.339461 0.492405
vt 0.338772 0.491937
vt 0.755059 0.304851
vt 0.755890 0.305054
vt 0.060823 0.780760
vt 0.060212 0.781325
vt 0.813173 0.316501
vt 0.812342 0.316727
vt 0.348290 0.480525
vt 0.347645 0.480000
vt 0.755059 0.316501
vt 0.755890 0.316727
vt 0.071064 0.790899
vt 0.070506 0.791517
vt 0.813173 0.327015
vt 0.812342 0.327263
vt 0.357867 0.469756
vt 0.357271 0.469175
vt 0.755059 0.327015
vt 0.755890 0.327263
vt 0.081905 0.799803
vt 0.081408 0.800471
vt 0.946448 0.357456
vt 0.946448 0.368069
vt 0.945616 0.367855
vt 0.945616 0.357217
vt 0.368121 0.460183
vt 0.367584 0.459547
vt 0.888333 0.368069
vt 0.888333 0.357456
vt 0.889165 0.357217
vt 0.889165 0.367855
vt 0.093265 0.807400
vt 0.092839 0.808116
vt 0.946448 0.379251
vt 0.945616 0.379065
vt 0.378977 0.451880
vt 0.378506 0.451193
vt 0.888333 0.379251
vt 0.889165 0.379065
vt 0.105060 0.813631
vt 0.104712 0.814387
vt 0.946448 0.390919
vt 0.945616 0.390765
vt 0.390353 0.444914
vt 0.389957 0.444181
vt 0.888333 0.390919
vt 0.889165 0.390765
vt 0.117200 0.818442
vt 0.116938 0.819232
vt 0.946448 0.402985
vt 0.945616 0.402866
vt 0.402163 0.439342
vt 0.401851 0.438570
vt 0.888333 0.402985
vt 0.889165 0.402866
vt 0.129591 0.821792
vt 0.129421 0.822608
vt 0.946448 0.415355
vt 0.945616 0.415274
vt 0.414317 0.435212
vt 0.414095 0.434409
vt 0.888333 0.415355
vt 0.889165 0.415274
vt 0.142136 0.823654
vt 0.142063 0.824484
vt 0.946448 0.427931
vt 0.945616 0.427890
vt 0.426718 0.432558
vt 0.426593 0.431735
vt 0.888333 0.427931
vt 0.889165 0.427890
vt 0.154734 0.824009
vt 0.154760 0.824842
vt 0.946448 0.440611
vt 0.945616 0.440611
vt 0.439268 0.431404
vt 0.439242 0.430572
vt 0.888333 0.440611
vt 0.889165 0.440611
vt 0.167284 0.822855
vt 0.167410 0.823679
vt 0.946448 0.453290
vt 0.945616 0.453331
vt 0.451866 0.431760
vt 0.451939 0.430930
vt 0.888333 0.453290
vt 0.889165 0.453331
vt 0.179685 0.820202
vt 0.179907 0.821005
vt 0.946448 0.465866
vt 0.945616 0.465947
vt 0.464411 0.433621
vt 0.464581 0.432806
vt 0.888333 0.465866
vt 0.889165 0.465947
vt 0.191839 0.816071
vt 0.192151 0.816844
vt 0.946448 0.478236
vt 0.945616 0.478355
vt 0.476802 0.436972
vt 0.477064 0.436182
vt 0.888333 0.478236
vt 0.889165 0.478355
vt 0.203649 0.810500
vt 0.204045 0.811233
vt 0.946448 0.490302
vt 0.945616 0.490456
vt 0.488942 0.441783
vt 0.489290 0.441027
vt 0.888333 0.490302
vt 0.889165 0.490456
vt 0.215025 0.803534
vt 0.215496 0.804221
vt 0.946448 0.501970
vt 0.945616 0.502156
vt 0.500737 0.448013
vt 0.501164 0.447298
vt 0.888333 0.501970
vt 0.889165 0.502156
vt 0.225881 0.795231
vt 0.226419 0.795867
vt 0.946448 0.513152
vt 0.945616 0.513367
vt 0.512098 0.455611
vt 0.512594 0.454942
vt 0.888333 0.513152
vt 0.889165 0.513367
vt 0.236135 0.785657
vt 0.236731 0.786239
vt 0.946448 0.523765
vt 0.945616 0.524004
vt 0.522939 0.464515
vt 0.523496 0.463897
vt 0.888333 0.523765
vt 0.889165 0.524004
vt 0.245712 0.774889
vt 0.246358 0.775414
vt 0.813173 0.350708
vt 0.813173 0.361222
vt 0.812342 0.360996
vt 0.812342 0.350460
vt 0.533179 0.474654
vt 0.533790 0.474089
vt 0.755059 0.361222
vt 0.755059 0.350708
vt 0.755890 0.350460
vt 0.755890 0.360996
vt 0.254542 0.763008
vt 0.255230 0.763477
vt 0.813173 0.372872
vt 0.812342 0.372669
vt 0.542745 0.485950
vt 0.543402 0.485439
vt 0.755059 0.372872
vt 0.755890 0.372669
vt 0.262560 0.750108
vt 0.263283 0.750519
vt 0.813173 0.385567
vt 0.812342 0.385388
vt 0.551565 0.498316
vt 0.552262 0.497860
vt 0.755059 0.385567
vt 0.755890 0.385388
vt 0.269708 0.736286
vt 0.270461 0.736640
vt 0.813173 0.399212
vt 0.812342 0.399055
vt 0.559576 0.511657
vt 0.560305 0.511255
vt 0.755059 0.399212
vt 0.755890 0.399055
vt 0.275935 0.721646
vt 0.276712 0.721944
vt 0.813173 0.413702
vt 0.812342 0.413568
vt 0.566719 0.525871
vt 0.567476 0.525525
vt 0.755059 0.413702
vt 0.755890 0.413568
vt 0.281194 0.706300
vt 0.281990 0.706543
vt 0.813173 0.428928
vt 0.812342 0.428817
vt 0.572942 0.540853
vt 0.573721 0.540560
vt 0.755059 0.428928
vt 0.755890 0.428817
vt 0.285449 0.690364
vt 0.286259 0.690551
vt 0.813173 0.444776
vt 0.812342 0.444688
vt 0.578198 0.556488
vt 0.578996 0.556249
vt 0.755059 0.444776
vt 0.755890 0.444688
vt 0.288667 0.673956
vt 0.289488 0.674089
vt 0.813173 0.461127
vt 0.812342 0.461061
vt 0.582451 0.572658
vt 0.583262 0.572473
vt 0.755059 0.461127
vt 0.755890 0.461061
vt 0.290825 0.657201
vt 0.291653 0.657280
vt 0.813173 0.477859
vt 0.812342 0.477815
vt 0.585668 0.589243
vt 0.586490 0.589111
vt 0.755059 0.477859
vt 0.755890 0.477815
vt 0.291908 0.640224
vt 0.292740 0.640250
vt 0.813173 0.494846
vt 0.812342 0.494824
vt 0.587826 0.606117
vt 0.588655 0.606037
vt 0.755059 0.494846
vt 0.755890 0.494824
vt 0.291908 0.623153
vt 0.292740 0.623127
vt 0.813173 0.511961
vt 0.812342 0.511961
vt 0.588909 0.623153
vt 0.589741 0.623127
vt 0.755059 0.511961
vt 0.755890 0.511961
vt 0.290825 0.606117
vt 0.291653 0.606037
vt 0.813173 0.529076
vt 0.812342 0.529098
vt 0.588909 0.640224
vt 0.589741 0.640250
vt 0.755059 0.529076
vt 0.755890 0.529098
vt 0.288667 0.589243
vt 0.289489 0.589111
vt 0.813173 0.546063
vt 0.812342 0.546107
vt 0.587826 0.657201
vt 0.588654 0.657280
vt 0.755059 0.546063
vt 0.755890 0.546107
vt 0.285450 0.572658
vt 0.286261 0.572473
vt 0.813173 0.562795
vt 0.812342 0.562861
vt 0.585668 0.673956
vt 0.586489 0.674089
vt 0.755059 0.562795
vt 0.755890 0.562861
vt 0.281197 0.556488
vt 0.281994 0.556249
vt 0.813173 0.579146
vt 0.812342 0.579234
vt 0.582450 0.690364
vt 0.583260 0.690551
vt 0.755059 0.579146
vt 0.755890 0.579234
vt 0.275941 0.540853
vt 0.276720 0.540560
vt 0.813173 0.594994
vt 0.812342 0.595105
vt 0.578195 0.706301
vt 0.578991 0.706543
vt 0.755059 0.594994
vt 0.755890 0.595105
vt 0.269718 0.525871
vt 0.270474 0.525525
vt 0.813173 0.610220
vt 0.812342 0.610354
vt 0.572936 0.721646
vt 0.573713 0.721944
vt 0.755059 0.610220
vt 0.755890 0.610354
vt 0.262575 0.511657
vt 0.263304 0.511255
vt 0.813173 0.624710
vt 0.812342 0.624867
vt 0.566709 0.736286
vt 0.567462 0.736640
vt 0.755059 0.624710
vt 0.755890 0.624867
vt 0.254564 0.498316
vt 0.255260 0.497859
vt 0.813173 0.638354
vt 0.812342 0.638534
vt 0.559561 0.750108
vt 0.560285 0.750519
vt 0.755059 0.638354
vt 0.755890 0.638534
vt 0.245744 0.485950
vt 0.246401 0.485439
vt 0.813173 0.651050
vt 0.812342 0.651253
vt 0.551543 0.763008
vt 0.552231 0.763477
vt 0.755059 0.651050
vt 0.755890 0.651253
vt 0.236178 0.474654
vt 0.236789 0.474089
vt 0.813173 0.662699
vt 0.812342 0.662925
vt 0.542713 0.774889
vt 0.543359 0.775414
vt 0.755059 0.662699
vt 0.755890 0.662925
vt 0.225937 0.464515
vt 0.226495 0.463897
vt 0.813173 0.673213
vt 0.812342 0.673462
vt 0.533136 0.785657
vt 0.533732 0.786239
vt 0.755059 0.673213
vt 0.755890 0.673462
vt 0.215097 0.455611
vt 0.215593 0.454942
vt 0.946448 0.182147
vt 0.946448 0.192760
vt 0.945616 0.192545
vt 0.945616 0.181908
vt 0.522882 0.795231
vt 0.523420 0.795867
vt 0.888333 0.192760
vt 0.888333 0.182147
vt 0.889165 0.181908
vt 0.889165 0.192545
vt 0.203736 0.448013
vt 0.204163 0.447298
vt 0.946448 0.203941
vt 0.945616 0.203755
vt 0.512027 0.803534
vt 0.512498 0.804221
vt 0.888333 0.203941
vt 0.889165 0.203755
vt 0.191941 0.441783
vt 0.192289 0.441027
vt 0.946448 0.215610
vt 0.945616 0.215455
vt 0.500650 0.810500
vt 0.501046 0.811233
vt 0.888333 0.215610
vt 0.889165 0.215455
vt 0.179801 0.436972
vt 0.180063 0.436182
vt 0.946448 0.227676
vt 0.945616 0.227557
vt 0.488840 0.816071
vt 0.489152 0.816844
vt 0.888333 0.227676
vt 0.889165 0.227557
vt 0.167410 0.433621
vt 0.167580 0.432806
vt 0.946448 0.240046
vt 0.945616 0.239965
vt 0.476686 0.820202
vt 0.476908 0.821005
vt 0.888333 0.240046
vt 0.889165 0.239965
vt 0.154865 0.431760
vt 0.154938 0.430930
vt 0.946448 0.252622
vt 0.945616 0.252580
vt 0.464285 0.822855
vt 0.464411 0.823679
vt 0.888333 0.252622
vt 0.889165 0.252580
vt 0.061544 0.914552
vt 0.061544 0.902252
vt 0.062376 0.902210
vt 0.062376 0.914552
vt 0.142331 0.433408
vt 0.130019 0.434540
vt 0.129894 0.433717
vt 0.142304 0.432576
vt 0.005093 0.902252
vt 0.005093 0.914552
vt 0.004261 0.914552
vt 0.004261 0.902210
vt 0.439313 0.821657
vt 0.451672 0.822006
vt 0.451698 0.822838
vt 0.439240 0.822487
vt 0.061544 0.890045
vt 0.062376 0.889964
vt 0.117849 0.437145
vt 0.117628 0.436342
vt 0.005093 0.890045
vt 0.004261 0.889964
vt 0.427002 0.819830
vt 0.426832 0.820645
vt 0.061544 0.878025
vt 0.062376 0.877906
vt 0.105914 0.441201
vt 0.105602 0.440429
vt 0.005093 0.878025
vt 0.004261 0.877906
vt 0.414834 0.816539
vt 0.414571 0.817329
vt 0.061544 0.866283
vt 0.062376 0.866129
vt 0.094305 0.446678
vt 0.093909 0.445946
vt 0.005093 0.866283
vt 0.004261 0.866129
vt 0.402900 0.811809
vt 0.402552 0.812566
vt 0.061544 0.854908
vt 0.062376 0.854722
vt 0.083110 0.453534
vt 0.082639 0.452847
vt 0.005093 0.854908
vt 0.004261 0.854722
vt 0.391293 0.805678
vt 0.390867 0.806393
vt 0.061544 0.843988
vt 0.062376 0.843773
vt 0.072415 0.461714
vt 0.071878 0.461079
vt 0.005093 0.843988
vt 0.004261 0.843773
vt 0.380101 0.798192
vt 0.379605 0.798861
vt 0.061544 0.833604
vt 0.062376 0.833365
vt 0.062302 0.471158
vt 0.061706 0.470576
vt 0.005093 0.833604
vt 0.004261 0.833365
vt 0.369409 0.789410
vt 0.368851 0.790028
vt 0.878979 0.322425
vt 0.878979 0.312120
vt 0.879810 0.312346
vt 0.879810 0.322674
vt 0.052845 0.481791
vt 0.052200 0.481266
vt 0.822527 0.312120
vt 0.822527 0.322425
vt 0.821696 0.322674
vt 0.821696 0.312346
vt 0.359297 0.779397
vt 0.358686 0.779963
vt 0.878979 0.300683
vt 0.879810 0.300886
vt 0.044118 0.493534
vt 0.043430 0.493066
vt 0.822527 0.300683
vt 0.821696 0.300886
vt 0.349842 0.768232
vt 0.349185 0.768743
vt 0.878979 0.288201
vt 0.879810 0.288381
vt 0.036186 0.506297
vt 0.035462 0.505886
vt 0.822527 0.288201
vt 0.821696 0.288381
vt 0.341116 0.755998
vt 0.340420 0.756454
vt 0.878979 0.274771
vt 0.879810 0.274927
vt 0.029109 0.519982
vt 0.028356 0.519628
vt 0.822527 0.274771
vt 0.821696 0.274927
vt 0.333185 0.742790
vt 0.332456 0.743191
vt 0.878979 0.260493
vt 0.879810 0.260627
vt 0.022940 0.534486
vt 0.022163 0.534188
vt 0.822527 0.260493
vt 0.821696 0.260627
vt 0.326109 0.728706
vt 0.325352 0.729053
vt 0.878979 0.245477
vt 0.879810 0.245588
vt 0.017727 0.549698
vt 0.016931 0.549455
vt 0.822527 0.245477
vt 0.821696 0.245588
vt 0.319941 0.713856
vt 0.319162 0.714148
vt 0.878979 0.229837
vt 0.879810 0.229925
vt 0.013508 0.565502
vt 0.012697 0.565315
vt 0.822527 0.229837
vt 0.821696 0.229925
vt 0.314728 0.698351
vt 0.313930 0.698589
vt 0.878979 0.213692
vt 0.879810 0.213758
vt 0.010315 0.581779
vt 0.009494 0.581646
vt 0.822527 0.213692
vt 0.821696 0.213758
vt 0.310509 0.682309
vt 0.309698 0.682494
vt 0.878979 0.197164
vt 0.879810 0.197208
vt 0.008174 0.598405
vt 0.007346 0.598326
vt 0.822527 0.197164
vt 0.821696 0.197208
vt 0.307317 0.665852
vt 0.306495 0.665985
vt 0.878979 0.180380
vt 0.879810 0.180402
vt 0.007099 0.615254
vt 0.006267 0.615227
vt 0.822527 0.180380
vt 0.821696 0.180402
vt 0.305175 0.649106
vt 0.304347 0.649185
vt 0.878979 0.163468
vt 0.879810 0.163468
vt 0.007099 0.632197
vt 0.006267 0.632223
vt 0.822527 0.163468
vt 0.821696 0.163468
vt 0.304100 0.632197
vt 0.303268 0.632223
vt 0.878979 0.146555
vt 0.879810 0.146533
vt 0.008174 0.649106
vt 0.007346 0.649185
vt 0.822527 0.146555
vt 0.821696 0.146533
vt 0.304100 0.615254
vt 0.303268 0.615227
vt 0.878979 0.129771
vt 0.879810 0.129727
vt 0.010315 0.665852
vt 0.009494 0.665985
vt 0.822527 0.129771
vt 0.821696 0.129727
vt 0.305175 0.598405
vt 0.304347 0.598326
vt 0.878979 0.113243
vt 0.879810 0.113177
vt 0.013508 0.682309
vt 0.012697 0.682494
vt 0.822527 0.113243
vt 0.821696 0.113177
vt 0.307317 0.581779
vt 0.306495 0.581646
vt 0.878979 0.097098
vt 0.879810 0.097010
vt 0.017726 0.698351
vt 0.016929 0.698589
vt 0.822527 0.097098
vt 0.821696 0.097010
vt 0.310509 0.565502
vt 0.309698 0.565315
vt 0.878979 0.081458
vt 0.879810 0.081347
vt 0.022939 0.713856
vt 0.022160 0.714148
vt 0.822527 0.081458
vt 0.821696 0.081347
vt 0.314728 0.549698
vt 0.313932 0.549455
vt 0.878979 0.066442
vt 0.879810 0.066308
vt 0.029107 0.728706
vt 0.028351 0.729053
vt 0.822527 0.066442
vt 0.821696 0.066308
vt 0.319941 0.534486
vt 0.319164 0.534188
vt 0.878979 0.052164
vt 0.879810 0.052008
vt 0.036184 0.742790
vt 0.035455 0.743191
vt 0.822527 0.052164
vt 0.821696 0.052008
vt 0.326110 0.519982
vt 0.325357 0.519628
vt 0.878979 0.038734
vt 0.879810 0.038554
vt 0.044115 0.755998
vt 0.043419 0.756454
vt 0.822527 0.038734
vt 0.821696 0.038554
vt 0.333187 0.506297
vt 0.332463 0.505886
vt 0.878979 0.026252
vt 0.879810 0.026050
vt 0.052841 0.768232
vt 0.052184 0.768743
vt 0.822527 0.026252
vt 0.821696 0.026050
vt 0.341119 0.493534
vt 0.340431 0.493066
vt 0.878979 0.014816
vt 0.879810 0.014590
vt 0.062296 0.779397
vt 0.061685 0.779963
vt 0.822527 0.014816
vt 0.821696 0.014590
vt 0.349846 0.481791
vt 0.349201 0.481266
vt 0.878979 0.004510
vt 0.879810 0.004261
vt 0.072408 0.789410
vt 0.071850 0.790028
vt 0.822527 0.004510
vt 0.821696 0.004261
vt 0.359303 0.471158
vt 0.358707 0.470576
vt 0.128182 0.995500
vt 0.128182 0.985116
vt 0.129013 0.985330
vt 0.129013 0.995739
vt 0.083100 0.798192
vt 0.082604 0.798861
vt 0.071730 0.985116
vt 0.071730 0.995500
vt 0.070899 0.995739
vt 0.070899 0.985330
vt 0.369417 0.461714
vt 0.368879 0.461079
vt 0.128182 0.974195
vt 0.129013 0.974381
vt 0.094292 0.805678
vt 0.093866 0.806393
vt 0.071730 0.974195
vt 0.070899 0.974381
vt 0.380111 0.453534
vt 0.379640 0.452847
vt 0.128182 0.962820
vt 0.129013 0.962975
vt 0.105899 0.811809
vt 0.105551 0.812566
vt 0.071730 0.962820
vt 0.070899 0.962975
vt 0.391306 0.446678
vt 0.390910 0.445946
vt 0.128182 0.951078
vt 0.129013 0.951198
vt 0.117833 0.816539
vt 0.117570 0.817329
vt 0.071730 0.951078
vt 0.070899 0.951198
vt 0.402915 0.441201
vt 0.402603 0.440429
vt 0.128182 0.939058
vt 0.129013 0.939140
vt 0.130001 0.819830
vt 0.129831 0.820645
vt 0.071730 0.939058
vt 0.070899 0.939140
vt 0.414850 0.437145
vt 0.414629 0.436342
vt 0.128182 0.926852
vt 0.129013 0.926893
vt 0.142312 0.821657
vt 0.142239 0.822487
vt 0.071730 0.926852
vt 0.070899 0.926893
vt 0.427020 0.434540
vt 0.426895 0.433717
vt 0.128182 0.914552
vt 0.129013 0.914552
vt 0.154670 0.822006
vt 0.154697 0.822838
vt 0.071730 0.914552
vt 0.070899 0.914552
vt 0.439332 0.433408
vt 0.439305 0.432576
vt 0.128182 0.902252
vt 0.129013 0.902210
vt 0.166982 0.820873
vt 0.167108 0.821697
vt 0.071730 0.902252
vt 0.070899 0.902210
vt 0.451690 0.433757
vt 0.451763 0.432927
vt 0.128182 0.890045
vt 0.129013 0.889964
vt 0.179152 0.818269
vt 0.179374 0.819072
vt 0.071730 0.890045
vt 0.070899 0.889964
vt 0.464001 0.435584
vt 0.464171 0.434769
vt 0.128182 0.878025
vt 0.129013 0.877906
vt 0.191087 0.814212
vt 0.191399 0.814985
vt 0.071730 0.878025
vt 0.070899 0.877906
vt 0.476170 0.438875
vt 0.476432 0.438085
vt 0.128182 0.866283
vt 0.129013 0.866129
vt 0.202696 0.808735
vt 0.203092 0.809468
vt 0.071730 0.866283
vt 0.070899 0.866129
vt 0.488103 0.443605
vt 0.488451 0.442848
vt 0.128182 0.854908
vt 0.129013 0.854722
vt 0.213891 0.801880
vt 0.214362 0.802567
vt 0.071730 0.854908
vt 0.070899 0.854722
vt 0.499710 0.449736
vt 0.500136 0.449021
vt 0.128182 0.843988
vt 0.129013 0.843773
vt 0.224586 0.793699
vt 0.225123 0.794335
vt 0.071730 0.843988
vt 0.070899 0.843773
vt 0.510902 0.457222
vt 0.511398 0.456553
vt 0.128182 0.833604
vt 0.129013 0.833365
vt 0.234700 0.784256
vt 0.235295 0.784838
vt 0.071730 0.833604
vt 0.070899 0.833365
vt 0.521595 0.466004
vt 0.522152 0.465386
vt 0.878979 0.653950
vt 0.878979 0.643644
vt 0.879810 0.643870
vt 0.879810 0.654198
vt 0.244156 0.773622
vt 0.244802 0.774148
vt 0.822528 0.643644
vt 0.822528 0.653950
vt 0.821696 0.654198
vt 0.821696 0.643870
vt 0.531707 0.476016
vt 0.532318 0.475451
vt 0.878979 0.632207
vt 0.879810 0.632410
vt 0.252883 0.761880
vt 0.253571 0.762348
vt 0.822528 0.632207
vt 0.821696 0.632410
vt 0.541161 0.487182
vt 0.541818 0.486671
vt 0.878979 0.619726
vt 0.879810 0.619906
vt 0.260815 0.749117
vt 0.261539 0.749528
vt 0.822528 0.619726
vt 0.821696 0.619906
vt 0.549887 0.499416
vt 0.550583 0.498959
vt 0.878979 0.606296
vt 0.879810 0.606452
vt 0.267892 0.735432
vt 0.268645 0.735786
vt 0.822528 0.606296
vt 0.821696 0.606452
vt 0.557818 0.512624
vt 0.558547 0.512223
vt 0.878979 0.592018
vt 0.879811 0.592152
vt 0.274061 0.720928
vt 0.274838 0.721226
vt 0.822528 0.592018
vt 0.821696 0.592152
vt 0.564895 0.526707
vt 0.565651 0.526361
vt 0.878979 0.577002
vt 0.879811 0.577113
vt 0.279274 0.705716
vt 0.280070 0.705958
vt 0.822528 0.577002
vt 0.821696 0.577113
vt 0.571063 0.541558
vt 0.571842 0.541265
vt 0.878979 0.561362
vt 0.879811 0.561450
vt 0.283493 0.689912
vt 0.284304 0.690099
vt 0.822528 0.561362
vt 0.821696 0.561450
vt 0.576276 0.557063
vt 0.577073 0.556824
vt 0.878979 0.545216
vt 0.879811 0.545282
vt 0.286686 0.673634
vt 0.287507 0.673768
vt 0.822528 0.545216
vt 0.821696 0.545282
vt 0.580495 0.573105
vt 0.581306 0.572920
vt 0.878979 0.528689
vt 0.879811 0.528733
vt 0.288827 0.657008
vt 0.289656 0.657088
vt 0.822528 0.528689
vt 0.821696 0.528733
vt 0.583687 0.589561
vt 0.584508 0.589429
vt 0.878979 0.511905
vt 0.879811 0.511927
vt 0.289902 0.640160
vt 0.290734 0.640186
vt 0.822528 0.511905
vt 0.821696 0.511927
vt 0.585828 0.606308
vt 0.586657 0.606229
vt 0.878979 0.494992
vt 0.879811 0.494992
vt 0.289902 0.623217
vt 0.290734 0.623190
vt 0.822528 0.494992
vt 0.821696 0.494992
vt 0.586903 0.623217
vt 0.587735 0.623190
vt 0.878979 0.478080
vt 0.879811 0.478058
vt 0.288827 0.606308
vt 0.289656 0.606229
vt 0.822528 0.478080
vt 0.821696 0.478058
vt 0.586903 0.640160
vt 0.587735 0.640186
vt 0.878979 0.461296
vt 0.879811 0.461252
vt 0.286686 0.589561
vt 0.287507 0.589429
vt 0.822528 0.461296
vt 0.821696 0.461252
vt 0.585828 0.657008
vt 0.586657 0.657088
vt 0.878979 0.444768
vt 0.879811 0.444702
vt 0.283493 0.573105
vt 0.284305 0.572920
vt 0.822528 0.444768
vt 0.821696 0.444702
vt 0.583687 0.673634
vt 0.584508 0.673768
vt 0.878979 0.428623
vt 0.879811 0.428534
vt 0.279275 0.557063
vt 0.280072 0.556824
vt 0.822528 0.428623
vt 0.821696 0.428534
vt 0.580494 0.689912
vt 0.581305 0.690099
vt 0.878979 0.412983
vt 0.879811 0.412872
vt 0.274062 0.541558
vt 0.274841 0.541265
vt 0.822528 0.412983
vt 0.821696 0.412872
vt 0.576276 0.705716
vt 0.577072 0.705958
vt 0.878979 0.397966
vt 0.879811 0.397833
vt 0.267894 0.526707
vt 0.268650 0.526361
vt 0.822528 0.397966
vt 0.821696 0.397833
vt 0.571062 0.720928
vt 0.571839 0.721226
vt 0.878979 0.383689
vt 0.879811 0.383532
vt 0.260817 0.512624
vt 0.261546 0.512223
vt 0.822528 0.383689
vt 0.821696 0.383532
vt 0.564894 0.735432
vt 0.565647 0.735786
vt 0.878979 0.370258
vt 0.879811 0.370079
vt 0.252886 0.499416
vt 0.253582 0.498959
vt 0.822528 0.370258
vt 0.821696 0.370079
vt 0.557816 0.749117
vt 0.558540 0.749528
vt 0.878979 0.357777
vt 0.879811 0.357574
vt 0.244160 0.487182
vt 0.244817 0.486671
vt 0.822528 0.357777
vt 0.821696 0.357574
vt 0.549884 0.761880
vt 0.550572 0.762348
vt 0.878979 0.346340
vt 0.879811 0.346114
vt 0.234706 0.476016
vt 0.235317 0.475451
vt 0.822528 0.346340
vt 0.821696 0.346114
vt 0.541157 0.773622
vt 0.541803 0.774148
vt 0.878979 0.336035
vt 0.879811 0.335786
vt 0.224594 0.466004
vt 0.225151 0.465386
vt 0.822528 0.336035
vt 0.821696 0.335786
vt 0.531701 0.784256
vt 0.532296 0.784838
vt 0.061544 0.995500
vt 0.061544 0.985116
vt 0.062376 0.985330
vt 0.062376 0.995739
vt 0.213901 0.457221
vt 0.214397 0.456553
vt 0.005093 0.985116
vt 0.005093 0.995500
vt 0.004261 0.995739
vt 0.004261 0.985330
vt 0.521587 0.793699
vt 0.522124 0.794335
vt 0.061544 0.974195
vt 0.062376 0.974381
vt 0.202709 0.449736
vt 0.203135 0.449021
vt 0.005093 0.974195
vt 0.004261 0.974381
vt 0.510892 0.801880
vt 0.511363 0.802567
vt 0.061544 0.962820
vt 0.062376 0.962975
vt 0.191102 0.443605
vt 0.191450 0.442848
vt 0.005093 0.962820
vt 0.004261 0.962975
vt 0.499698 0.808735
vt 0.500093 0.809468
vt 0.061544 0.951078
vt 0.062376 0.951198
vt 0.179169 0.438875
vt 0.179431 0.438085
vt 0.005093 0.951078
vt 0.004261 0.951198
vt 0.488088 0.814212
vt 0.488401 0.814985
vt 0.061544 0.939058
vt 0.062376 0.939140
vt 0.167000 0.435584
vt 0.167170 0.434769
vt 0.005093 0.939058
vt 0.004261 0.939140
vt 0.476153 0.818269
vt 0.476375 0.819072
vt 0.061544 0.926852
vt 0.062376 0.926893
vt 0.154689 0.433757
vt 0.154762 0.432927
vt 0.005093 0.926852
vt 0.004261 0.926893
vt 0.463983 0.820873
vt 0.464109 0.821697
vt 0.598264 0.689307
vt 0.598264 0.430571
vt 0.602968 0.430571
vt 0.602968 0.689307
vt 0.821696 0.921456
vt 0.821696 0.662721
vt 0.874619 0.662721
vt 0.874619 0.921456
vt 0.944587 0.921456
vt 0.944587 0.662721
vt 0.949292 0.662721
vt 0.949292 0.921456
vt 0.883142 0.921456
vt 0.883142 0.662721
vt 0.936065 0.662721
vt 0.936065 0.921456
vt 0.472442 0.833365
vt 0.472442 0.886288
vt 0.467738 0.886288
vt 0.467738 0.833365
vt 0.485669 0.833365
vt 0.485669 0.886288
vt 0.480965 0.886288
vt 0.480965 0.833365
vt 0.428864 0.860608
vt 0.428864 0.850636
vt 0.431525 0.851007
vt 0.431525 0.860608
vt 0.202838 0.873146
vt 0.202838 0.863496
vt 0.205485 0.864128
vt 0.205485 0.872878
vt 0.208133 0.864760
vt 0.208133 0.872610
vt 0.528580 0.854703
vt 0.528580 0.846892
vt 0.531241 0.847263
vt 0.531241 0.854703
vt 0.533902 0.846892
vt 0.533902 0.854703
vt 0.189020 0.872610
vt 0.189020 0.864760
vt 0.191667 0.864128
vt 0.191667 0.872878
vt 0.194315 0.863496
vt 0.194315 0.873146
vt 0.426203 0.860608
vt 0.426203 0.851007
vt 0.428864 0.841344
vt 0.431525 0.842061
vt 0.204772 0.854308
vt 0.207239 0.855797
vt 0.209707 0.857285
vt 0.528580 0.839615
vt 0.531241 0.840331
vt 0.533902 0.839615
vt 0.187446 0.857285
vt 0.189913 0.855797
vt 0.192380 0.854308
vt 0.426203 0.842061
vt 0.428864 0.833365
vt 0.431525 0.834378
vt 0.208510 0.846207
vt 0.210628 0.848452
vt 0.212747 0.850696
vt 0.528580 0.833365
vt 0.531241 0.834378
vt 0.533902 0.833365
vt 0.184405 0.850696
vt 0.186524 0.848452
vt 0.188643 0.846207
vt 0.426203 0.834378
vt 0.573235 0.833365
vt 0.573235 0.839503
vt 0.570574 0.840054
vt 0.570574 0.834144
vt 0.213795 0.839747
vt 0.215421 0.842594
vt 0.217047 0.845440
vt 0.768903 0.896912
vt 0.768903 0.892105
vt 0.771565 0.891554
vt 0.771565 0.896133
vt 0.774226 0.892105
vt 0.774226 0.896912
vt 0.180106 0.845440
vt 0.181731 0.842594
vt 0.183357 0.839747
vt 0.575896 0.834144
vt 0.575896 0.840054
vt 0.573235 0.846651
vt 0.570574 0.846936
vt 0.220269 0.835367
vt 0.221291 0.838622
vt 0.222313 0.841877
vt 0.768903 0.886506
vt 0.771565 0.886221
vt 0.774226 0.886506
vt 0.174839 0.841877
vt 0.175861 0.838622
vt 0.176883 0.835366
vt 0.575896 0.846936
vt 0.573235 0.854321
vt 0.570574 0.854321
vt 0.227489 0.833365
vt 0.227838 0.836807
vt 0.228187 0.840249
vt 0.768903 0.880498
vt 0.771565 0.880498
vt 0.774226 0.880498
vt 0.168966 0.840249
vt 0.169314 0.836807
vt 0.169663 0.833365
vt 0.575896 0.854321
vt 0.573235 0.861992
vt 0.570574 0.861707
vt 0.234965 0.833878
vt 0.234616 0.837272
vt 0.234267 0.840666
vt 0.768903 0.874491
vt 0.771565 0.874776
vt 0.774226 0.874491
vt 0.162885 0.840666
vt 0.162536 0.837272
vt 0.162188 0.833878
vt 0.575896 0.861707
vt 0.573235 0.869140
vt 0.570574 0.868589
vt 0.242185 0.836872
vt 0.241163 0.839987
vt 0.240141 0.843101
vt 0.768903 0.868892
vt 0.771565 0.869443
vt 0.774226 0.868892
vt 0.157011 0.843101
vt 0.155989 0.839987
vt 0.154968 0.836872
vt 0.575896 0.868589
vt 0.573235 0.875278
vt 0.570574 0.874498
vt 0.248659 0.842142
vt 0.247033 0.844765
vt 0.245407 0.847388
vt 0.768903 0.864085
vt 0.771565 0.864864
vt 0.774226 0.864085
vt 0.151745 0.847388
vt 0.150120 0.844765
vt 0.148494 0.842142
vt 0.575896 0.874498
vt 0.442709 0.833365
vt 0.442709 0.841344
vt 0.440048 0.842061
vt 0.440048 0.834378
vt 0.253944 0.849328
vt 0.251826 0.851281
vt 0.249707 0.853234
vt 0.561592 0.833365
vt 0.561592 0.839614
vt 0.558931 0.840331
vt 0.558931 0.834378
vt 0.556270 0.839614
vt 0.556270 0.833365
vt 0.147445 0.853234
vt 0.145327 0.851281
vt 0.143208 0.849328
vt 0.445370 0.834378
vt 0.445370 0.842061
vt 0.442709 0.850636
vt 0.440048 0.851007
vt 0.257682 0.857942
vt 0.255215 0.859092
vt 0.252747 0.860242
vt 0.561592 0.846892
vt 0.558931 0.847263
vt 0.556270 0.846892
vt 0.144405 0.860242
vt 0.141938 0.859092
vt 0.139471 0.857942
vt 0.445370 0.851007
vt 0.442709 0.860608
vt 0.440048 0.860608
vt 0.259616 0.867396
vt 0.256969 0.867664
vt 0.254321 0.867932
vt 0.561592 0.854703
vt 0.558931 0.854703
vt 0.556270 0.854703
vt 0.142831 0.867932
vt 0.140184 0.867664
vt 0.137536 0.867396
vt 0.445370 0.860608
vt 0.442709 0.870580
vt 0.440048 0.870209
vt 0.259616 0.877046
vt 0.256969 0.876414
vt 0.254321 0.875782
vt 0.561592 0.862513
vt 0.558931 0.862142
vt 0.556270 0.862513
vt 0.142831 0.875782
vt 0.140184 0.876414
vt 0.137536 0.877046
vt 0.445370 0.870209
vt 0.442709 0.879872
vt 0.440048 0.879156
vt 0.257682 0.886234
vt 0.255215 0.884746
vt 0.252747 0.883257
vt 0.561592 0.869791
vt 0.558931 0.869074
vt 0.556270 0.869791
vt 0.144405 0.883257
vt 0.141938 0.884746
vt 0.139471 0.886234
vt 0.445370 0.879156
vt 0.442709 0.887852
vt 0.440048 0.886838
vt 0.253944 0.894335
vt 0.251826 0.892091
vt 0.249707 0.889847
vt 0.561592 0.876040
vt 0.558931 0.875027
vt 0.556270 0.876040
vt 0.147445 0.889847
vt 0.145327 0.892091
vt 0.143208 0.894335
vt 0.445370 0.886838
vt 0.890994 0.599853
vt 0.890994 0.605991
vt 0.888333 0.606542
vt 0.888333 0.600632
vt 0.248659 0.900795
vt 0.247033 0.897949
vt 0.245407 0.895102
vt 0.796593 0.896912
vt 0.796593 0.892105
vt 0.799255 0.891554
vt 0.799255 0.896133
vt 0.801916 0.892105
vt 0.801916 0.896912
vt 0.151745 0.895102
vt 0.150120 0.897949
vt 0.148494 0.900795
vt 0.893655 0.600632
vt 0.893655 0.606542
vt 0.890994 0.613139
vt 0.888333 0.613424
vt 0.242185 0.905176
vt 0.241163 0.901921
vt 0.240141 0.898665
vt 0.796593 0.886506
vt 0.799255 0.886221
vt 0.801916 0.886506
vt 0.157011 0.898665
vt 0.155989 0.901921
vt 0.154967 0.905176
vt 0.893655 0.613424
vt 0.890994 0.620809
vt 0.888333 0.620809
vt 0.234965 0.907177
vt 0.234616 0.903736
vt 0.234267 0.900294
vt 0.796593 0.880498
vt 0.799255 0.880498
vt 0.801916 0.880498
vt 0.162885 0.900294
vt 0.162536 0.903736
vt 0.162188 0.907177
vt 0.893655 0.620809
vt 0.890994 0.628480
vt 0.888333 0.628195
vt 0.227490 0.906664
vt 0.227838 0.903270
vt 0.228187 0.899876
vt 0.796593 0.874491
vt 0.799255 0.874776
vt 0.801916 0.874491
vt 0.168966 0.899876
vt 0.169314 0.903270
vt 0.169663 0.906664
vt 0.893655 0.628195
vt 0.890994 0.635628
vt 0.888333 0.635077
vt 0.220269 0.903670
vt 0.221291 0.900556
vt 0.222313 0.897441
vt 0.796593 0.868892
vt 0.799255 0.869443
vt 0.801916 0.868892
vt 0.174839 0.897441
vt 0.175861 0.900556
vt 0.176883 0.903670
vt 0.893655 0.635077
vt 0.890994 0.641766
vt 0.888333 0.640986
vt 0.213795 0.898401
vt 0.215421 0.895777
vt 0.217047 0.893154
vt 0.796593 0.864085
vt 0.799255 0.864864
vt 0.801916 0.864085
vt 0.180106 0.893154
vt 0.181731 0.895777
vt 0.183357 0.898401
vt 0.893655 0.640986
vt 0.428864 0.887852
vt 0.428864 0.879872
vt 0.431525 0.879156
vt 0.431525 0.886838
vt 0.208510 0.891214
vt 0.210628 0.889261
vt 0.212747 0.887308
vt 0.528580 0.876040
vt 0.528580 0.869791
vt 0.531241 0.869074
vt 0.531241 0.875027
vt 0.533902 0.869791
vt 0.533902 0.876040
vt 0.184405 0.887308
vt 0.186524 0.889261
vt 0.188643 0.891214
vt 0.426203 0.886838
vt 0.426203 0.879156
vt 0.428864 0.870580
vt 0.431525 0.870209
vt 0.204772 0.882600
vt 0.207239 0.881450
vt 0.209707 0.880301
vt 0.528580 0.862513
vt 0.531241 0.862142
vt 0.533902 0.862513
vt 0.187446 0.880301
vt 0.189913 0.881450
vt 0.192380 0.882600
vt 0.426203 0.870209
vt 0.600810 0.891285
vt 0.600810 0.832482
vt 0.602280 0.832482
vt 0.602280 0.891285
vt 0.603356 0.832482
vt 0.603356 0.891285
vt 0.505654 0.892168
vt 0.505654 0.833365
vt 0.507124 0.833365
vt 0.507124 0.892168
vt 0.508595 0.833365
vt 0.508595 0.892168
vt 0.398742 0.892168
vt 0.398742 0.833365
vt 0.399819 0.833365
vt 0.399819 0.892168
vt 0.401289 0.833365
vt 0.401289 0.892168
vt 0.402759 0.833365
vt 0.402759 0.892168
vt 0.403835 0.833365
vt 0.403835 0.892168
vt 0.517117 0.892168
vt 0.517117 0.833365
vt 0.518587 0.833365
vt 0.518587 0.892168
vt 0.520057 0.833365
vt 0.520057 0.892168
vt 0.755819 0.340705
vt 0.755059 0.339387
vt 0.755059 0.337865
vt 0.755819 0.336547
vt 0.757138 0.335786
vt 0.758659 0.335786
vt 0.759978 0.336547
vt 0.760738 0.337865
vt 0.760738 0.339387
vt 0.759978 0.340705
vt 0.758659 0.341466
vt 0.757138 0.341466
vt 0.598264 0.891285
vt 0.598264 0.832482
vt 0.599340 0.832482
vt 0.599340 0.891285
vt 0.789144 0.339387
vt 0.788383 0.340705
vt 0.787065 0.341466
vt 0.785543 0.341466
vt 0.784225 0.340705
vt 0.783464 0.339387
vt 0.783464 0.337865
vt 0.784225 0.336547
vt 0.785543 0.335786
vt 0.787065 0.335786
vt 0.788383 0.336547
vt 0.789144 0.337865
vt 0.415019 0.860608
vt 0.415019 0.850636
vt 0.417680 0.851007
vt 0.417680 0.860608
vt 0.333441 0.867396
vt 0.335376 0.857942
vt 0.337843 0.859092
vt 0.336088 0.867664
vt 0.340310 0.860242
vt 0.338736 0.867932
vt 0.542425 0.854703
vt 0.542425 0.846892
vt 0.545086 0.847263
vt 0.545086 0.854703
vt 0.547747 0.846892
vt 0.547747 0.854703
vt 0.319623 0.867932
vt 0.318049 0.860242
vt 0.320516 0.859092
vt 0.322270 0.867664
vt 0.322983 0.857942
vt 0.324918 0.867396
vt 0.412358 0.860608
vt 0.412358 0.851007
vt 0.415019 0.841344
vt 0.417680 0.842061
vt 0.339113 0.849328
vt 0.341232 0.851281
vt 0.343350 0.853234
vt 0.542425 0.839615
vt 0.545086 0.840331
vt 0.547747 0.839615
vt 0.315009 0.853234
vt 0.317127 0.851281
vt 0.319246 0.849328
vt 0.412358 0.842061
vt 0.415019 0.833365
vt 0.417680 0.834378
vt 0.344399 0.842141
vt 0.346024 0.844765
vt 0.347650 0.847388
vt 0.542425 0.833365
vt 0.545086 0.834378
vt 0.547747 0.833365
vt 0.310709 0.847388
vt 0.312335 0.844765
vt 0.313960 0.842141
vt 0.412358 0.834378
vt 0.902457 0.549417
vt 0.902457 0.555555
vt 0.899796 0.556106
vt 0.899796 0.550196
vt 0.350872 0.836872
vt 0.351894 0.839987
vt 0.352916 0.843101
vt 0.782748 0.896912
vt 0.782748 0.892105
vt 0.785410 0.891554
vt 0.785410 0.896133
vt 0.788071 0.892105
vt 0.788071 0.896912
vt 0.305443 0.843101
vt 0.306465 0.839987
vt 0.307487 0.836872
vt 0.905118 0.550196
vt 0.905118 0.556106
vt 0.902457 0.562703
vt 0.899796 0.562988
vt 0.358093 0.833878
vt 0.358441 0.837272
vt 0.358790 0.840666
vt 0.782748 0.886506
vt 0.785410 0.886221
vt 0.788071 0.886506
vt 0.299569 0.840666
vt 0.299918 0.837272
vt 0.300266 0.833878
vt 0.905118 0.562988
vt 0.902457 0.570374
vt 0.899796 0.570374
vt 0.365568 0.833365
vt 0.365219 0.836807
vt 0.364871 0.840249
vt 0.782748 0.880498
vt 0.785410 0.880498
vt 0.788071 0.880498
vt 0.293488 0.840249
vt 0.293140 0.836807
vt 0.292791 0.833365
vt 0.905118 0.570374
vt 0.902457 0.578044
vt 0.899796 0.577759
vt 0.372788 0.835366
vt 0.371766 0.838622
vt 0.370744 0.841877
vt 0.782748 0.874491
vt 0.785410 0.874776
vt 0.788071 0.874491
vt 0.287615 0.841877
vt 0.286593 0.838622
vt 0.285571 0.835366
vt 0.905118 0.577759
vt 0.902457 0.585192
vt 0.899796 0.584641
vt 0.379262 0.839747
vt 0.377636 0.842594
vt 0.376011 0.845440
vt 0.782748 0.868892
vt 0.785410 0.869443
vt 0.788071 0.868892
vt 0.282348 0.845440
vt 0.280723 0.842593
vt 0.279097 0.839747
vt 0.905118 0.584641
vt 0.902457 0.591330
vt 0.899796 0.590551
vt 0.384548 0.846207
vt 0.382429 0.848452
vt 0.380310 0.850696
vt 0.782748 0.864085
vt 0.785410 0.864864
vt 0.788071 0.864085
vt 0.278049 0.850696
vt 0.275930 0.848452
vt 0.273811 0.846207
vt 0.905118 0.590551
vt 0.456554 0.833365
vt 0.456554 0.841344
vt 0.453893 0.842061
vt 0.453893 0.834378
vt 0.388285 0.854308
vt 0.385818 0.855797
vt 0.383351 0.857285
vt 0.589741 0.833365
vt 0.589741 0.839615
vt 0.587080 0.840331
vt 0.587080 0.834378
vt 0.584419 0.839615
vt 0.584419 0.833365
vt 0.275008 0.857285
vt 0.272541 0.855797
vt 0.270074 0.854308
vt 0.459215 0.834378
vt 0.459215 0.842061
vt 0.456554 0.850636
vt 0.453893 0.851007
vt 0.390220 0.863496
vt 0.387572 0.864128
vt 0.384925 0.864760
vt 0.589741 0.846892
vt 0.587080 0.847263
vt 0.584419 0.846892
vt 0.273434 0.864760
vt 0.270787 0.864128
vt 0.268139 0.863496
vt 0.459215 0.851007
vt 0.456554 0.860608
vt 0.453893 0.860608
vt 0.390220 0.873146
vt 0.387572 0.872878
vt 0.384925 0.872610
vt 0.589741 0.854703
vt 0.587080 0.854703
vt 0.584419 0.854703
vt 0.273434 0.872610
vt 0.270787 0.872878
vt 0.268139 0.873146
vt 0.459215 0.860608
vt 0.456554 0.870580
vt 0.453893 0.870209
vt 0.388285 0.882600
vt 0.385818 0.881450
vt 0.383351 0.880301
vt 0.589741 0.862513
vt 0.587080 0.862142
vt 0.584419 0.862513
vt 0.275008 0.880301
vt 0.272541 0.881450
vt 0.270074 0.882600
vt 0.459215 0.870209
vt 0.456554 0.879872
vt 0.453893 0.879156
vt 0.384548 0.891214
vt 0.382429 0.889261
vt 0.380310 0.887308
vt 0.589741 0.869791
vt 0.587080 0.869074
vt 0.584419 0.869791
vt 0.278049 0.887308
vt 0.275930 0.889261
vt 0.273811 0.891214
vt 0.459215 0.879156
vt 0.456554 0.887852
vt 0.453893 0.886838
vt 0.379262 0.898401
vt 0.377636 0.895777
vt 0.376011 0.893154
vt 0.589741 0.876040
vt 0.587080 0.875027
vt 0.584419 0.876040
vt 0.282348 0.893154
vt 0.280723 0.895777
vt 0.279097 0.898401
vt 0.459215 0.886838
vt 0.757720 0.864085
vt 0.757720 0.870223
vt 0.755059 0.870774
vt 0.755059 0.864864
vt 0.372788 0.903670
vt 0.371766 0.900556
vt 0.370744 0.897441
vt 0.902178 0.632680
vt 0.902178 0.627873
vt 0.904839 0.627321
vt 0.904839 0.631901
vt 0.907500 0.627873
vt 0.907500 0.632680
vt 0.287615 0.897441
vt 0.286593 0.900556
vt 0.285571 0.903670
vt 0.760381 0.864864
vt 0.760381 0.870774
vt 0.757720 0.877371
vt 0.755059 0.877656
vt 0.365568 0.906664
vt 0.365219 0.903270
vt 0.364871 0.899876
vt 0.902178 0.622274
vt 0.904839 0.621989
vt 0.907500 0.622274
vt 0.293488 0.899876
vt 0.293140 0.903270
vt 0.292791 0.906664
vt 0.760381 0.877656
vt 0.757720 0.885041
vt 0.755059 0.885041
vt 0.358093 0.907177
vt 0.358441 0.903736
vt 0.358790 0.900294
vt 0.902178 0.616266
vt 0.904839 0.616266
vt 0.907500 0.616266
vt 0.299569 0.900294
vt 0.299918 0.903736
vt 0.300266 0.907177
vt 0.760381 0.885041
vt 0.757720 0.892712
vt 0.755059 0.892427
vt 0.350872 0.905176
vt 0.351894 0.901921
vt 0.352916 0.898665
vt 0.902178 0.610259
vt 0.904839 0.610544
vt 0.907500 0.610259
vt 0.305443 0.898665
vt 0.306465 0.901921
vt 0.307487 0.905176
vt 0.760381 0.892427
vt 0.757720 0.899860
vt 0.755059 0.899309
vt 0.344399 0.900795
vt 0.346024 0.897949
vt 0.347650 0.895102
vt 0.902178 0.604660
vt 0.904839 0.605211
vt 0.907500 0.604660
vt 0.310709 0.895102
vt 0.312335 0.897949
vt 0.313960 0.900795
vt 0.760381 0.899309
vt 0.757720 0.905998
vt 0.755059 0.905218
vt 0.339113 0.894335
vt 0.341232 0.892091
vt 0.343350 0.889847
vt 0.902178 0.599853
vt 0.904839 0.600632
vt 0.907500 0.599853
vt 0.315009 0.889847
vt 0.317127 0.892091
vt 0.319246 0.894335
vt 0.760381 0.905218
vt 0.415019 0.887852
vt 0.415019 0.879872
vt 0.417680 0.879156
vt 0.417680 0.886838
vt 0.335376 0.886234
vt 0.337843 0.884746
vt 0.340310 0.883257
vt 0.542425 0.876040
vt 0.542425 0.869791
vt 0.545086 0.869074
vt 0.545086 0.875027
vt 0.547747 0.869791
vt 0.547747 0.876040
vt 0.318049 0.883257
vt 0.320516 0.884746
vt 0.322983 0.886234
vt 0.412358 0.886838
vt 0.412358 0.879156
vt 0.415019 0.870580
vt 0.417680 0.870209
vt 0.333441 0.877046
vt 0.336088 0.876414
vt 0.338736 0.875782
vt 0.542425 0.862513
vt 0.545086 0.862142
vt 0.547747 0.862513
vt 0.319623 0.875782
vt 0.322270 0.876414
vt 0.324918 0.877046
vt 0.412358 0.870209
vt 0.600810 0.756633
vt 0.600810 0.697830
vt 0.602280 0.697830
vt 0.602280 0.756633
vt 0.603356 0.697830
vt 0.603356 0.756633
vt 0.888333 0.591330
vt 0.888333 0.532527
vt 0.889803 0.532527
vt 0.889803 0.591330
vt 0.891273 0.532527
vt 0.891273 0.591330
vt 0.598264 0.823959
vt 0.598264 0.765156
vt 0.599340 0.765156
vt 0.599340 0.823959
vt 0.600810 0.765156
vt 0.600810 0.823959
vt 0.602280 0.765156
vt 0.602280 0.823959
vt 0.603356 0.765156
vt 0.603356 0.823959
vt 0.494191 0.892168
vt 0.494191 0.833365
vt 0.495662 0.833365
vt 0.495662 0.892168
vt 0.497132 0.833365
vt 0.497132 0.892168
vt 0.770022 0.340705
vt 0.769261 0.339387
vt 0.769261 0.337865
vt 0.770022 0.336547
vt 0.771340 0.335786
vt 0.772862 0.335786
vt 0.774180 0.336547
vt 0.774941 0.337865
vt 0.774941 0.339387
vt 0.774180 0.340705
vt 0.772862 0.341466
vt 0.771340 0.341466
vt 0.598264 0.756633
vt 0.598264 0.697830
vt 0.599340 0.697830
vt 0.599340 0.756633
vt 0.803346 0.339387
vt 0.802585 0.340705
vt 0.801267 0.341466
vt 0.799746 0.341466
vt 0.798427 0.340705
vt 0.797666 0.339387
vt 0.797666 0.337865
vt 0.798427 0.336547
vt 0.799746 0.335786
vt 0.801267 0.335786
vt 0.802585 0.336547
vt 0.803346 0.337865
s 0
usemtl M_Webbing
f 2/1/1 7/2/1 9/3/1 3/4/1
f 3/5/2 9/6/2 8/7/2 1/8/2
f 11/9/3 4/10/3 6/11/3 12/12/3
f 12/13/4 6/14/4 5/15/4 10/16/4
f 7/2/5 13/17/5 15/18/5 9/3/5
f 9/6/6 15/19/6 14/20/6 8/7/6
f 17/21/7 11/9/7 12/12/7 18/22/7
f 18/23/8 12/13/8 10/16/8 16/24/8
f 13/17/9 19/25/9 21/26/9 15/18/9
f 15/19/10 21/27/10 20/28/10 14/20/10
f 23/29/11 17/21/11 18/22/11 24/30/11
f 24/31/12 18/23/12 16/24/12 22/32/12
f 19/25/13 25/33/13 27/34/13 21/26/13
f 21/27/14 27/35/14 26/36/14 20/28/14
f 29/37/15 23/29/15 24/30/15 30/38/15
f 30/39/16 24/31/16 22/32/16 28/40/16
f 25/33/17 31/41/17 33/42/17 27/34/17
f 27/35/18 33/43/18 32/44/18 26/36/18
f 35/45/19 29/37/19 30/38/19 36/46/19
f 36/47/20 30/39/20 28/40/20 34/48/20
f 31/41/21 37/49/21 39/50/21 33/42/21
f 33/43/22 39/51/22 38/52/22 32/44/22
f 41/53/23 35/45/23 36/46/23 42/54/23
f 42/55/24 36/47/24 34/48/24 40/56/24
f 37/49/25 43/57/25 45/58/25 39/50/25
f 39/51/26 45/59/26 44/60/26 38/52/26
f 47/61/27 41/53/27 42/54/27 48/62/27
f 48/63/28 42/55/28 40/56/28 46/64/28
f 43/57/29 49/65/29 51/66/29 45/58/29
f 45/67/30 51/68/30 50/69/30 44/70/30
f 53/71/31 47/61/31 48/62/31 54/72/31
f 54/73/32 48/74/32 46/75/32 52/76/32
f 49/65/33 55/77/33 57/78/33 51/66/33
f 51/68/34 57/79/34 56/80/34 50/69/34
f 59/81/35 53/71/35 54/72/35 60/82/35
f 60/83/36 54/73/36 52/76/36 58/84/36
f 55/77/37 61/85/37 63/86/37 57/78/37
f 57/79/38 63/87/38 62/88/38 56/80/38
f 65/89/39 59/81/39 60/82/39 66/90/39
f 66/91/40 60/83/40 58/84/40 64/92/40
f 61/85/41 67/93/41 69/94/41 63/86/41
f 63/87/42 69/95/42 68/96/42 62/88/42
f 71/97/43 65/89/43 66/90/43 72/98/43
f 72/99/44 66/91/44 64/92/44 70/100/44
f 67/93/45 73/101/45 75/102/45 69/94/45
f 69/95/46 75/103/46 74/104/46 68/96/46
f 77/105/47 71/97/47 72/98/47 78/106/47
f 78/107/48 72/99/48 70/100/48 76/108/48
f 73/101/49 79/109/49 81/110/49 75/102/49
f 75/103/50 81/111/50 80/112/50 74/104/50
f 83/113/51 77/105/51 78/106/51 84/114/51
f 84/115/52 78/107/52 76/108/52 82/116/52
f 79/109/53 85/117/53 87/118/53 81/110/53
f 81/111/54 87/119/54 86/120/54 80/112/54
f 89/121/55 83/113/55 84/114/55 90/122/55
f 90/123/56 84/115/56 82/116/56 88/124/56
f 85/117/57 91/125/57 93/126/57 87/118/57
f 87/119/58 93/127/58 92/128/58 86/120/58
f 95/129/59 89/121/59 90/122/59 96/130/59
f 96/131/60 90/123/60 88/124/60 94/132/60
f 91/125/61 97/133/61 99/134/61 93/126/61
f 93/127/62 99/135/62 98/136/62 92/128/62
f 101/137/63 95/129/63 96/130/63 102/138/63
f 102/139/64 96/131/64 94/132/64 100/140/64
f 97/133/65 103/141/65 105/142/65 99/134/65
f 99/135/66 105/143/66 104/144/66 98/136/66
f 107/145/67 101/137/67 102/138/67 108/146/67
f 108/147/68 102/139/68 100/140/68 106/148/68
f 103/141/69 109/149/69 111/150/69 105/142/69
f 105/143/70 111/151/70 110/152/70 104/144/70
f 113/153/71 107/145/71 108/146/71 114/154/71
f 114/155/72 108/147/72 106/148/72 112/156/72
f 109/149/73 115/157/73 117/158/73 111/150/73
f 111/151/74 117/159/74 116/160/74 110/152/74
f 119/161/75 113/153/75 114/154/75 120/162/75
f 120/163/76 114/155/76 112/156/76 118/164/76
f 115/157/77 121/165/77 123/166/77 117/158/77
f 117/159/78 123/167/78 122/168/78 116/160/78
f 125/169/79 119/161/79 120/162/79 126/170/79
f 126/171/80 120/163/80 118/164/80 124/172/80
f 121/165/81 127/173/81 129/174/81 123/166/81
f 123/167/82 129/175/82 128/176/82 122/168/82
f 131/177/83 125/169/83 126/170/83 132/178/83
f 132/179/84 126/171/84 124/172/84 130/180/84
f 127/173/85 133/181/85 135/182/85 129/174/85
f 129/175/86 135/183/86 134/184/86 128/176/86
f 137/185/87 131/177/87 132/178/87 138/186/87
f 138/187/88 132/179/88 130/180/88 136/188/88
f 133/181/89 139/189/89 141/190/89 135/182/89
f 135/183/90 141/191/90 140/192/90 134/184/90
f 143/193/91 137/185/91 138/186/91 144/194/91
f 144/195/92 138/187/92 136/188/92 142/196/92
f 139/189/93 145/197/93 147/198/93 141/190/93
f 141/191/94 147/199/94 146/200/94 140/192/94
f 149/201/95 143/193/95 144/194/95 150/202/95
f 150/203/96 144/195/96 142/196/96 148/204/96
f 145/197/97 151/205/97 153/206/97 147/198/97
f 147/199/98 153/207/98 152/208/98 146/200/98
f 155/209/99 149/201/99 150/202/99 156/210/99
f 156/211/100 150/203/100 148/204/100 154/212/100
f 151/205/101 157/213/101 159/214/101 153/206/101
f 153/207/102 159/215/102 158/216/102 152/208/102
f 161/217/103 155/209/103 156/210/103 162/218/103
f 162/219/104 156/211/104 154/212/104 160/220/104
f 157/213/105 163/221/105 165/222/105 159/214/105
f 159/215/106 165/223/106 164/224/106 158/216/106
f 167/225/107 161/217/107 162/218/107 168/226/107
f 168/227/108 162/219/108 160/220/108 166/228/108
f 163/221/109 169/229/109 171/230/109 165/222/109
f 165/223/110 171/231/110 170/232/110 164/224/110
f 173/233/111 167/225/111 168/226/111 174/234/111
f 174/235/112 168/227/112 166/228/112 172/236/112
f 169/229/113 175/237/113 177/238/113 171/230/113
f 171/231/114 177/239/114 176/240/114 170/232/114
f 179/241/115 173/233/115 174/234/115 180/242/115
f 180/243/116 174/235/116 172/236/116 178/244/116
f 175/237/117 181/245/117 183/246/117 177/238/117
f 177/247/118 183/248/118 182/249/118 176/250/118
f 185/251/119 179/241/119 180/242/119 186/252/119
f 186/253/120 180/254/120 178/255/120 184/256/120
f 181/245/121 187/257/121 189/258/121 183/246/121
f 183/248/122 189/259/122 188/260/122 182/249/122
f 191/261/123 185/251/123 186/252/123 192/262/123
f 192/263/124 186/253/124 184/256/124 190/264/124
f 187/257/125 193/265/125 195/266/125 189/258/125
f 189/259/126 195/267/126 194/268/126 188/260/126
f 197/269/127 191/261/127 192/262/127 198/270/127
f 198/271/128 192/263/128 190/264/128 196/272/128
f 193/265/129 199/273/129 201/274/129 195/266/129
f 195/267/130 201/275/130 200/276/130 194/268/130
f 203/277/131 197/269/131 198/270/131 204/278/131
f 204/279/132 198/271/132 196/272/132 202/280/132
f 199/273/133 205/281/133 207/282/133 201/274/133
f 201/275/134 207/283/134 206/284/134 200/276/134
f 209/285/135 203/277/135 204/278/135 210/286/135
f 210/287/136 204/279/136 202/280/136 208/288/136
f 205/281/137 211/289/137 213/290/137 207/282/137
f 207/283/138 213/291/138 212/292/138 206/284/138
f 215/293/139 209/285/139 210/286/139 216/294/139
f 216/295/140 210/287/140 208/288/140 214/296/140
f 211/289/141 217/297/141 219/298/141 213/290/141
f 213/291/142 219/299/142 218/300/142 212/292/142
f 221/301/143 215/293/143 216/294/143 222/302/143
f 222/303/144 216/295/144 214/296/144 220/304/144
f 217/297/145 223/305/145 225/306/145 219/298/145
f 219/299/146 225/307/146 224/308/146 218/300/146
f 227/309/147 221/301/147 222/302/147 228/310/147
f 228/311/148 222/303/148 220/304/148 226/312/148
f 223/305/149 229/313/149 231/314/149 225/306/149
f 225/307/150 231/315/150 230/316/150 224/308/150
f 233/317/151 227/309/151 228/310/151 234/318/151
f 234/319/152 228/311/152 226/312/152 232/320/152
f 229/313/153 235/321/153 237/322/153 231/314/153
f 231/315/154 237/323/154 236/324/154 230/316/154
f 239/325/155 233/317/155 234/318/155 240/326/155
f 240/327/156 234/319/156 232/320/156 238/328/156
f 235/321/157 241/329/157 243/330/157 237/322/157
f 237/323/158 243/331/158 242/332/158 236/324/158
f 245/333/159 239/325/159 240/326/159 246/334/159
f 246/335/160 240/327/160 238/328/160 244/336/160
f 241/329/161 247/337/161 249/338/161 243/330/161
f 243/331/162 249/339/162 248/340/162 242/332/162
f 251/341/163 245/333/163 246/334/163 252/342/163
f 252/343/164 246/335/164 244/336/164 250/344/164
f 247/337/165 253/345/165 255/346/165 249/338/165
f 249/339/166 255/347/166 254/348/166 248/340/166
f 257/349/167 251/341/167 252/342/167 258/350/167
f 258/351/168 252/343/168 250/344/168 256/352/168
f 253/345/169 259/353/169 261/354/169 255/346/169
f 255/347/170 261/355/170 260/356/170 254/348/170
f 263/357/171 257/349/171 258/350/171 264/358/171
f 264/359/172 258/351/172 256/352/172 262/360/172
f 259/353/173 265/361/173 267/362/173 261/354/173
f 261/363/174 267/364/174 266/365/174 260/366/174
f 269/367/175 263/357/175 264/358/175 270/368/175
f 270/369/176 264/370/176 262/371/176 268/372/176
f 265/361/177 271/373/177 273/374/177 267/362/177
f 267/364/178 273/375/178 272/376/178 266/365/178
f 275/377/179 269/367/179 270/368/179 276/378/179
f 276/379/180 270/369/180 268/372/180 274/380/180
f 271/373/181 277/381/181 279/382/181 273/374/181
f 273/375/182 279/383/182 278/384/182 272/376/182
f 281/385/183 275/377/183 276/378/183 282/386/183
f 282/387/184 276/379/184 274/380/184 280/388/184
f 277/381/185 283/389/185 285/390/185 279/382/185
f 279/383/186 285/391/186 284/392/186 278/384/186
f 287/393/187 281/385/187 282/386/187 288/394/187
f 288/395/188 282/387/188 280/388/188 286/396/188
f 283/389/189 289/397/189 291/398/189 285/390/189
f 285/391/190 291/399/190 290/400/190 284/392/190
f 293/401/191 287/393/191 288/394/191 294/402/191
f 294/403/192 288/395/192 286/396/192 292/404/192
f 289/397/193 295/405/193 297/406/193 291/398/193
f 291/399/194 297/407/194 296/408/194 290/400/194
f 299/409/195 293/401/195 294/402/195 300/410/195
f 300/411/196 294/403/196 292/404/196 298/412/196
f 295/405/197 301/413/197 303/414/197 297/406/197
f 297/407/198 303/415/198 302/416/198 296/408/198
f 305/417/199 299/409/199 300/410/199 306/418/199
f 306/419/200 300/411/200 298/412/200 304/420/200
f 301/413/201 307/421/201 309/422/201 303/414/201
f 303/415/202 309/423/202 308/424/202 302/416/202
f 311/425/203 305/417/203 306/418/203 312/426/203
f 312/427/204 306/419/204 304/420/204 310/428/204
f 307/421/205 313/429/205 315/430/205 309/422/205
f 309/423/206 315/431/206 314/432/206 308/424/206
f 317/433/207 311/425/207 312/426/207 318/434/207
f 318/435/208 312/427/208 310/428/208 316/436/208
f 313/429/209 319/437/209 321/438/209 315/430/209
f 315/431/210 321/439/210 320/440/210 314/432/210
f 323/441/211 317/433/211 318/434/211 324/442/211
f 324/443/212 318/435/212 316/436/212 322/444/212
f 319/437/213 325/445/213 327/446/213 321/438/213
f 321/439/214 327/447/214 326/448/214 320/440/214
f 329/449/215 323/441/215 324/442/215 330/450/215
f 330/451/216 324/443/216 322/444/216 328/452/216
f 325/445/217 331/453/217 333/454/217 327/446/217
f 327/447/218 333/455/218 332/456/218 326/448/218
f 335/457/219 329/449/219 330/450/219 336/458/219
f 336/459/220 330/451/220 328/452/220 334/460/220
f 331/453/221 337/461/221 339/462/221 333/454/221
f 333/455/222 339/463/222 338/464/222 332/456/222
f 341/465/223 335/457/223 336/458/223 342/466/223
f 342/467/224 336/459/224 334/460/224 340/468/224
f 337/461/225 343/469/225 345/470/225 339/462/225
f 339/463/226 345/471/226 344/472/226 338/464/226
f 347/473/227 341/465/227 342/466/227 348/474/227
f 348/475/228 342/467/228 340/468/228 346/476/228
f 343/469/229 349/477/229 351/478/229 345/470/229
f 345/471/230 351/479/230 350/480/230 344/472/230
f 353/481/231 347/473/231 348/474/231 354/482/231
f 354/483/232 348/475/232 346/476/232 352/484/232
f 349/477/233 355/485/233 357/486/233 351/478/233
f 351/479/234 357/487/234 356/488/234 350/480/234
f 359/489/235 353/481/235 354/482/235 360/490/235
f 360/491/236 354/483/236 352/484/236 358/492/236
f 355/485/237 361/493/237 363/494/237 357/486/237
f 357/487/238 363/495/238 362/496/238 356/488/238
f 365/497/239 359/489/239 360/490/239 366/498/239
f 366/499/240 360/491/240 358/492/240 364/500/240
f 361/493/241 367/501/241 369/502/241 363/494/241
f 363/495/242 369/503/242 368/504/242 362/496/242
f 371/505/243 365/497/243 366/498/243 372/506/243
f 372/507/244 366/499/244 364/500/244 370/508/244
f 367/501/245 373/509/245 375/510/245 369/502/245
f 369/503/246 375/511/246 374/512/246 368/504/246
f 377/513/247 371/505/247 372/506/247 378/514/247
f 378/515/248 372/507/248 370/508/248 376/516/248
f 373/509/249 379/517/249 381/518/249 375/510/249
f 375/511/250 381/519/250 380/520/250 374/512/250
f 383/521/251 377/513/251 378/514/251 384/522/251
f 384/523/252 378/515/252 376/516/252 382/524/252
f 379/517/253 385/525/253 387/526/253 381/518/253
f 381/519/254 387/527/254 386/528/254 380/520/254
f 389/529/255 383/521/255 384/522/255 390/530/255
f 390/531/256 384/523/256 382/524/256 388/532/256
f 385/525/257 391/533/257 393/534/257 387/526/257
f 387/527/258 393/535/258 392/536/258 386/528/258
f 395/537/259 389/529/259 390/530/259 396/538/259
f 396/539/260 390/531/260 388/532/260 394/540/260
f 391/533/261 397/541/261 399/542/261 393/534/261
f 393/543/262 399/544/262 398/545/262 392/546/262
f 401/547/263 395/537/263 396/538/263 402/548/263
f 402/549/264 396/550/264 394/551/264 400/552/264
f 397/541/265 403/553/265 405/554/265 399/542/265
f 399/544/266 405/555/266 404/556/266 398/545/266
f 407/557/267 401/547/267 402/548/267 408/558/267
f 408/559/268 402/549/268 400/552/268 406/560/268
f 403/553/269 409/561/269 411/562/269 405/554/269
f 405/555/270 411/563/270 410/564/270 404/556/270
f 413/565/271 407/557/271 408/558/271 414/566/271
f 414/567/272 408/559/272 406/560/272 412/568/272
f 409/561/273 415/569/273 417/570/273 411/562/273
f 411/563/274 417/571/274 416/572/274 410/564/274
f 419/573/275 413/565/275 414/566/275 420/574/275
f 420/575/276 414/567/276 412/568/276 418/576/276
f 415/569/277 421/577/277 423/578/277 417/570/277
f 417/571/278 423/579/278 422/580/278 416/572/278
f 425/581/279 419/573/279 420/574/279 426/582/279
f 426/583/280 420/575/280 418/576/280 424/584/280
f 421/577/281 427/585/281 429/586/281 423/578/281
f 423/579/282 429/587/282 428/588/282 422/580/282
f 431/589/283 425/581/283 426/582/283 432/590/283
f 432/591/284 426/583/284 424/584/284 430/592/284
f 427/585/285 2/1/285 3/4/285 429/586/285
f 429/587/286 3/5/286 1/8/286 428/588/286
f 4/10/287 431/589/287 432/590/287 6/11/287
f 6/14/288 432/591/288 430/592/288 5/15/288
f 434/593/146 439/594/146 441/595/146 435/596/146
f 435/597/145 441/598/145 440/599/145 433/600/145
f 443/601/148 436/602/148 438/603/148 444/604/148
f 444/605/147 438/606/147 437/607/147 442/608/147
f 439/594/289 445/609/289 447/610/289 441/595/289
f 441/598/149 447/611/149 446/612/149 440/599/149
f 449/613/290 443/601/290 444/604/290 450/614/290
f 450/615/151 444/605/151 442/608/151 448/616/151
f 445/609/291 451/617/291 453/618/291 447/610/291
f 447/611/153 453/619/153 452/620/153 446/612/153
f 455/621/292 449/613/292 450/614/292 456/622/292
f 456/623/155 450/615/155 448/616/155 454/624/155
f 451/617/158 457/625/158 459/626/158 453/618/158
f 453/619/157 459/627/157 458/628/157 452/620/157
f 461/629/160 455/621/160 456/622/160 462/630/160
f 462/631/159 456/623/159 454/624/159 460/632/159
f 457/625/293 463/633/293 465/634/293 459/626/293
f 459/627/294 465/635/294 464/636/294 458/628/294
f 467/637/295 461/629/295 462/630/295 468/638/295
f 468/639/296 462/631/296 460/632/296 466/640/296
f 463/633/297 469/641/297 471/642/297 465/634/297
f 465/635/165 471/643/165 470/644/165 464/636/165
f 473/645/298 467/637/298 468/638/298 474/646/298
f 474/647/167 468/639/167 466/640/167 472/648/167
f 469/641/299 475/649/299 477/650/299 471/642/299
f 471/643/169 477/651/169 476/652/169 470/644/169
f 479/653/300 473/645/300 474/646/300 480/654/300
f 480/655/171 474/647/171 472/648/171 478/656/171
f 475/657/174 481/658/174 483/659/174 477/660/174
f 477/651/173 483/661/173 482/662/173 476/652/173
f 485/663/176 479/664/176 480/665/176 486/666/176
f 486/667/175 480/655/175 478/656/175 484/668/175
f 481/658/301 487/669/301 489/670/301 483/659/301
f 483/661/177 489/671/177 488/672/177 482/662/177
f 491/673/302 485/663/302 486/666/302 492/674/302
f 492/675/179 486/667/179 484/668/179 490/676/179
f 487/669/182 493/677/182 495/678/182 489/670/182
f 489/671/181 495/679/181 494/680/181 488/672/181
f 497/681/184 491/673/184 492/674/184 498/682/184
f 498/683/183 492/675/183 490/676/183 496/684/183
f 493/677/303 499/685/303 501/686/303 495/678/303
f 495/679/185 501/687/185 500/688/185 494/680/185
f 503/689/304 497/681/304 498/682/304 504/690/304
f 504/691/187 498/683/187 496/684/187 502/692/187
f 499/685/190 505/693/190 507/694/190 501/686/190
f 501/687/189 507/695/189 506/696/189 500/688/189
f 509/697/192 503/689/192 504/690/192 510/698/192
f 510/699/191 504/691/191 502/692/191 508/700/191
f 505/693/194 511/701/194 513/702/194 507/694/194
f 507/695/193 513/703/193 512/704/193 506/696/193
f 515/705/196 509/697/196 510/698/196 516/706/196
f 516/707/195 510/699/195 508/700/195 514/708/195
f 511/701/198 517/709/198 519/710/198 513/702/198
f 513/703/197 519/711/197 518/712/197 512/704/197
f 521/713/200 515/705/200 516/706/200 522/714/200
f 522/715/199 516/707/199 514/708/199 520/716/199
f 517/709/202 523/717/202 525/718/202 519/710/202
f 519/711/201 525/719/201 524/720/201 518/712/201
f 527/721/204 521/713/204 522/714/204 528/722/204
f 528/723/203 522/715/203 520/716/203 526/724/203
f 523/717/206 529/725/206 531/726/206 525/718/206
f 525/719/205 531/727/205 530/728/205 524/720/205
f 533/729/208 527/721/208 528/722/208 534/730/208
f 534/731/207 528/723/207 526/724/207 532/732/207
f 529/725/210 535/733/210 537/734/210 531/726/210
f 531/727/209 537/735/209 536/736/209 530/728/209
f 539/737/212 533/729/212 534/730/212 540/738/212
f 540/739/211 534/731/211 532/732/211 538/740/211
f 535/733/214 541/741/214 543/742/214 537/734/214
f 537/735/213 543/743/213 542/744/213 536/736/213
f 545/745/216 539/737/216 540/738/216 546/746/216
f 546/747/215 540/739/215 538/740/215 544/748/215
f 541/741/218 547/749/218 549/750/218 543/742/218
f 543/743/217 549/751/217 548/752/217 542/744/217
f 551/753/220 545/745/220 546/746/220 552/754/220
f 552/755/219 546/747/219 544/748/219 550/756/219
f 547/749/222 553/757/222 555/758/222 549/750/222
f 549/751/221 555/759/221 554/760/221 548/752/221
f 557/761/224 551/753/224 552/754/224 558/762/224
f 558/763/223 552/755/223 550/756/223 556/764/223
f 553/757/226 559/765/226 561/766/226 555/758/226
f 555/759/225 561/767/225 560/768/225 554/760/225
f 563/769/228 557/761/228 558/762/228 564/770/228
f 564/771/227 558/763/227 556/764/227 562/772/227
f 559/765/230 565/773/230 567/774/230 561/766/230
f 561/767/229 567/775/229 566/776/229 560/768/229
f 569/777/232 563/769/232 564/770/232 570/778/232
f 570/779/231 564/771/231 562/772/231 568/780/231
f 565/773/234 571/781/234 573/782/234 567/774/234
f 567/775/233 573/783/233 572/784/233 566/776/233
f 575/785/236 569/777/236 570/778/236 576/786/236
f 576/787/235 570/779/235 568/780/235 574/788/235
f 571/781/238 577/789/238 579/790/238 573/782/238
f 573/783/237 579/791/237 578/792/237 572/784/237
f 581/793/240 575/785/240 576/786/240 582/794/240
f 582/795/239 576/787/239 574/788/239 580/796/239
f 577/789/242 583/797/242 585/798/242 579/790/242
f 579/791/241 585/799/241 584/800/241 578/792/241
f 587/801/244 581/793/244 582/794/244 588/802/244
f 588/803/243 582/795/243 580/796/243 586/804/243
f 583/797/305 589/805/305 591/806/305 585/798/305
f 585/799/245 591/807/245 590/808/245 584/800/245
f 593/809/306 587/801/306 588/802/306 594/810/306
f 594/811/247 588/803/247 586/804/247 592/812/247
f 589/805/250 595/813/250 597/814/250 591/806/250
f 591/807/249 597/815/249 596/816/249 590/808/249
f 599/817/252 593/809/252 594/810/252 600/818/252
f 600/819/251 594/811/251 592/812/251 598/820/251
f 595/813/307 601/821/307 603/822/307 597/814/307
f 597/815/253 603/823/253 602/824/253 596/816/253
f 605/825/308 599/817/308 600/818/308 606/826/308
f 606/827/255 600/819/255 598/820/255 604/828/255
f 601/821/258 607/829/258 609/830/258 603/822/258
f 603/823/257 609/831/257 608/832/257 602/824/257
f 611/833/260 605/825/260 606/826/260 612/834/260
f 612/835/259 606/827/259 604/828/259 610/836/259
f 607/837/309 613/838/309 615/839/309 609/840/309
f 609/831/261 615/841/261 614/842/261 608/832/261
f 617/843/310 611/844/310 612/845/310 618/846/310
f 618/847/263 612/835/263 610/836/263 616/848/263
f 613/838/311 619/849/311 621/850/311 615/839/311
f 615/841/265 621/851/265 620/852/265 614/842/265
f 623/853/312 617/843/312 618/846/312 624/854/312
f 624/855/267 618/847/267 616/848/267 622/856/267
f 619/849/313 625/857/313 627/858/313 621/850/313
f 621/851/314 627/859/314 626/860/314 620/852/314
f 629/861/315 623/853/315 624/854/315 630/862/315
f 630/863/316 624/855/316 622/856/316 628/864/316
f 625/857/274 631/865/274 633/866/274 627/858/274
f 627/859/273 633/867/273 632/868/273 626/860/273
f 635/869/276 629/861/276 630/862/276 636/870/276
f 636/871/275 630/863/275 628/864/275 634/872/275
f 631/865/317 637/873/317 639/874/317 633/866/317
f 633/867/277 639/875/277 638/876/277 632/868/277
f 641/877/318 635/869/318 636/870/318 642/878/318
f 642/879/279 636/871/279 634/872/279 640/880/279
f 637/873/319 643/881/319 645/882/319 639/874/319
f 639/875/281 645/883/281 644/884/281 638/876/281
f 647/885/320 641/877/320 642/878/320 648/886/320
f 648/887/283 642/879/283 640/880/283 646/888/283
f 643/881/286 649/889/286 651/890/286 645/882/286
f 645/883/285 651/891/285 650/892/285 644/884/285
f 653/893/288 647/885/288 648/886/288 654/894/288
f 654/895/287 648/887/287 646/888/287 652/896/287
f 649/889/2 655/897/2 657/898/2 651/890/2
f 651/891/1 657/899/1 656/900/1 650/892/1
f 659/901/4 653/893/4 654/894/4 660/902/4
f 660/903/3 654/895/3 652/896/3 658/904/3
f 655/897/321 661/905/321 663/906/321 657/898/321
f 657/899/5 663/907/5 662/908/5 656/900/5
f 665/909/322 659/901/322 660/902/322 666/910/322
f 666/911/7 660/903/7 658/904/7 664/912/7
f 661/905/323 667/913/323 669/914/323 663/906/323
f 663/907/9 669/915/9 668/916/9 662/908/9
f 671/917/324 665/909/324 666/910/324 672/918/324
f 672/919/11 666/911/11 664/912/11 670/920/11
f 667/913/14 673/921/14 675/922/14 669/914/14
f 669/915/13 675/923/13 674/924/13 668/916/13
f 677/925/16 671/917/16 672/918/16 678/926/16
f 678/927/15 672/919/15 670/920/15 676/928/15
f 673/921/325 679/929/325 681/930/325 675/922/325
f 675/923/326 681/931/326 680/932/326 674/924/326
f 683/933/327 677/925/327 678/926/327 684/934/327
f 684/935/328 678/927/328 676/928/328 682/936/328
f 679/929/329 685/937/329 687/938/329 681/930/329
f 681/931/21 687/939/21 686/940/21 680/932/21
f 689/941/330 683/933/330 684/934/330 690/942/330
f 690/943/23 684/935/23 682/936/23 688/944/23
f 685/937/331 691/945/331 693/946/331 687/938/331
f 687/939/25 693/947/25 692/948/25 686/940/25
f 695/949/332 689/941/332 690/942/332 696/950/332
f 696/951/27 690/943/27 688/944/27 694/952/27
f 691/953/30 697/954/30 699/955/30 693/956/30
f 693/947/29 699/957/29 698/958/29 692/948/29
f 701/959/32 695/960/32 696/961/32 702/962/32
f 702/963/31 696/951/31 694/952/31 700/964/31
f 697/954/333 703/965/333 705/966/333 699/955/333
f 699/957/33 705/967/33 704/968/33 698/958/33
f 707/969/334 701/959/334 702/962/334 708/970/334
f 708/971/35 702/963/35 700/964/35 706/972/35
f 703/965/38 709/973/38 711/974/38 705/966/38
f 705/967/37 711/975/37 710/976/37 704/968/37
f 713/977/40 707/969/40 708/970/40 714/978/40
f 714/979/39 708/971/39 706/972/39 712/980/39
f 709/973/335 715/981/335 717/982/335 711/974/335
f 711/975/41 717/983/41 716/984/41 710/976/41
f 719/985/336 713/977/336 714/978/336 720/986/336
f 720/987/43 714/979/43 712/980/43 718/988/43
f 715/981/46 721/989/46 723/990/46 717/982/46
f 717/983/45 723/991/45 722/992/45 716/984/45
f 725/993/48 719/985/48 720/986/48 726/994/48
f 726/995/47 720/987/47 718/988/47 724/996/47
f 721/989/337 727/997/337 729/998/337 723/990/337
f 723/991/49 729/999/49 728/1000/49 722/992/49
f 731/1001/52 725/993/52 726/994/52 732/1002/52
f 732/1003/51 726/995/51 724/996/51 730/1004/51
f 727/997/54 733/1005/54 735/1006/54 729/998/54
f 729/999/53 735/1007/53 734/1008/53 728/1000/53
f 737/1009/56 731/1001/56 732/1002/56 738/1010/56
f 738/1011/55 732/1003/55 730/1004/55 736/1012/55
f 733/1005/58 739/1013/58 741/1014/58 735/1006/58
f 735/1007/57 741/1015/57 740/1016/57 734/1008/57
f 743/1017/60 737/1009/60 738/1010/60 744/1018/60
f 744/1019/59 738/1011/59 736/1012/59 742/1020/59
f 739/1013/62 745/1021/62 747/1022/62 741/1014/62
f 741/1015/61 747/1023/61 746/1024/61 740/1016/61
f 749/1025/64 743/1017/64 744/1018/64 750/1026/64
f 750/1027/63 744/1019/63 742/1020/63 748/1028/63
f 745/1021/66 751/1029/66 753/1030/66 747/1022/66
f 747/1023/65 753/1031/65 752/1032/65 746/1024/65
f 755/1033/68 749/1025/68 750/1026/68 756/1034/68
f 756/1035/67 750/1027/67 748/1028/67 754/1036/67
f 751/1029/70 757/1037/70 759/1038/70 753/1030/70
f 753/1031/69 759/1039/69 758/1040/69 752/1032/69
f 761/1041/72 755/1033/72 756/1034/72 762/1042/72
f 762/1043/71 756/1035/71 754/1036/71 760/1044/71
f 757/1037/74 763/1045/74 765/1046/74 759/1038/74
f 759/1039/73 765/1047/73 764/1048/73 758/1040/73
f 767/1049/76 761/1041/76 762/1042/76 768/1050/76
f 768/1051/75 762/1043/75 760/1044/75 766/1052/75
f 763/1045/78 769/1053/78 771/1054/78 765/1046/78
f 765/1047/77 771/1055/77 770/1056/77 764/1048/77
f 773/1057/80 767/1049/80 768/1050/80 774/1058/80
f 774/1059/79 768/1051/79 766/1052/79 772/1060/79
f 769/1053/82 775/1061/82 777/1062/82 771/1054/82
f 771/1055/81 777/1063/81 776/1064/81 770/1056/81
f 779/1065/84 773/1057/84 774/1058/84 780/1066/84
f 780/1067/83 774/1059/83 772/1060/83 778/1068/83
f 775/1061/86 781/1069/86 783/1070/86 777/1062/86
f 777/1063/85 783/1071/85 782/1072/85 776/1064/85
f 785/1073/88 779/1065/88 780/1066/88 786/1074/88
f 786/1075/87 780/1067/87 778/1068/87 784/1076/87
f 781/1069/90 787/1077/90 789/1078/90 783/1070/90
f 783/1071/89 789/1079/89 788/1080/89 782/1072/89
f 791/1081/92 785/1073/92 786/1074/92 792/1082/92
f 792/1083/91 786/1075/91 784/1076/91 790/1084/91
f 787/1077/338 793/1085/338 795/1086/338 789/1078/338
f 789/1079/93 795/1087/93 794/1088/93 788/1080/93
f 797/1089/96 791/1081/96 792/1082/96 798/1090/96
f 798/1091/95 792/1083/95 790/1084/95 796/1092/95
f 793/1085/98 799/1093/98 801/1094/98 795/1086/98
f 795/1087/97 801/1095/97 800/1096/97 794/1088/97
f 803/1097/100 797/1089/100 798/1090/100 804/1098/100
f 804/1099/99 798/1091/99 796/1092/99 802/1100/99
f 799/1093/339 805/1101/339 807/1102/339 801/1094/339
f 801/1095/101 807/1103/101 806/1104/101 800/1096/101
f 809/1105/340 803/1097/340 804/1098/340 810/1106/340
f 810/1107/103 804/1099/103 802/1100/103 808/1108/103
f 805/1101/106 811/1109/106 813/1110/106 807/1102/106
f 807/1103/105 813/1111/105 812/1112/105 806/1104/105
f 815/1113/108 809/1105/108 810/1106/108 816/1114/108
f 816/1115/107 810/1107/107 808/1108/107 814/1116/107
f 811/1109/341 817/1117/341 819/1118/341 813/1110/341
f 813/1111/109 819/1119/109 818/1120/109 812/1112/109
f 821/1121/342 815/1113/342 816/1114/342 822/1122/342
f 822/1123/111 816/1115/111 814/1116/111 820/1124/111
f 817/1117/114 823/1125/114 825/1126/114 819/1118/114
f 819/1119/113 825/1127/113 824/1128/113 818/1120/113
f 827/1129/116 821/1121/116 822/1122/116 828/1130/116
f 828/1131/115 822/1123/115 820/1124/115 826/1132/115
f 823/1133/343 829/1134/343 831/1135/343 825/1136/343
f 825/1127/117 831/1137/117 830/1138/117 824/1128/117
f 833/1139/344 827/1140/344 828/1141/344 834/1142/344
f 834/1143/119 828/1131/119 826/1132/119 832/1144/119
f 829/1134/345 835/1145/345 837/1146/345 831/1135/345
f 831/1137/121 837/1147/121 836/1148/121 830/1138/121
f 839/1149/346 833/1139/346 834/1142/346 840/1150/346
f 840/1151/123 834/1143/123 832/1144/123 838/1152/123
f 835/1145/347 841/1153/347 843/1154/347 837/1146/347
f 837/1147/348 843/1155/348 842/1156/348 836/1148/348
f 845/1157/349 839/1149/349 840/1150/349 846/1158/349
f 846/1159/350 840/1151/350 838/1152/350 844/1160/350
f 841/1153/130 847/1161/130 849/1162/130 843/1154/130
f 843/1155/129 849/1163/129 848/1164/129 842/1156/129
f 851/1165/132 845/1157/132 846/1158/132 852/1166/132
f 852/1167/131 846/1159/131 844/1160/131 850/1168/131
f 847/1161/351 853/1169/351 855/1170/351 849/1162/351
f 849/1163/133 855/1171/133 854/1172/133 848/1164/133
f 857/1173/352 851/1165/352 852/1166/352 858/1174/352
f 858/1175/135 852/1167/135 850/1168/135 856/1176/135
f 853/1169/353 859/1177/353 861/1178/353 855/1170/353
f 855/1171/137 861/1179/137 860/1180/137 854/1172/137
f 863/1181/354 857/1173/354 858/1174/354 864/1182/354
f 864/1183/139 858/1175/139 856/1176/139 862/1184/139
f 859/1177/142 434/593/142 435/596/142 861/1178/142
f 861/1179/141 435/597/141 433/600/141 860/1180/141
f 436/602/144 863/1181/144 864/1182/144 438/603/144
f 438/606/143 864/1183/143 862/1184/143 437/607/143
f 428/588/355 1/8/355 5/15/355 430/592/355
f 1/8/356 8/7/356 10/16/356 5/15/356
f 2/1/357 427/585/357 860/1180/357 433/600/357
f 7/2/357 2/1/357 433/600/357 440/599/357
f 431/589/358 4/10/358 437/607/358 862/1184/358
f 4/10/358 11/9/358 442/608/358 437/607/358
f 8/7/359 14/20/359 16/24/359 10/16/359
f 13/17/357 7/2/357 440/599/357 446/612/357
f 11/9/358 17/21/358 448/616/358 442/608/358
f 14/20/360 20/28/360 22/32/360 16/24/360
f 19/25/357 13/17/357 446/612/357 452/620/357
f 17/21/358 23/29/358 454/624/358 448/616/358
f 20/28/361 26/36/361 28/40/361 22/32/361
f 25/33/357 19/25/357 452/620/357 458/628/357
f 23/29/358 29/37/358 460/632/358 454/624/358
f 26/36/362 32/44/362 34/48/362 28/40/362
f 31/41/357 25/33/357 458/628/357 464/636/357
f 29/37/358 35/45/358 466/640/358 460/632/358
f 32/44/363 38/52/363 40/56/363 34/48/363
f 37/49/357 31/41/357 464/636/357 470/644/357
f 35/45/358 41/53/358 472/648/358 466/640/358
f 38/52/364 44/60/364 46/64/364 40/56/364
f 43/57/357 37/49/357 470/644/357 476/652/357
f 41/53/358 47/61/358 478/656/358 472/648/358
f 44/70/365 50/69/365 52/76/365 46/75/365
f 49/65/357 43/57/357 476/652/357 482/662/357
f 47/61/358 53/71/358 484/668/358 478/656/358
f 50/69/366 56/80/366 58/84/366 52/76/366
f 55/77/357 49/65/357 482/662/357 488/672/357
f 53/71/358 59/81/358 490/676/358 484/668/358
f 56/80/367 62/88/367 64/92/367 58/84/367
f 61/85/357 55/77/357 488/672/357 494/680/357
f 59/81/358 65/89/358 496/684/358 490/676/358
f 62/88/368 68/96/368 70/100/368 64/92/368
f 67/93/357 61/85/357 494/680/357 500/688/357
f 65/89/358 71/97/358 502/692/358 496/684/358
f 68/96/369 74/104/369 76/108/369 70/100/369
f 73/101/357 67/93/357 500/688/357 506/696/357
f 71/97/358 77/105/358 508/700/358 502/692/358
f 74/104/370 80/112/370 82/116/370 76/108/370
f 79/109/357 73/101/357 506/696/357 512/704/357
f 77/105/358 83/113/358 514/708/358 508/700/358
f 80/112/371 86/120/371 88/124/371 82/116/371
f 85/117/357 79/109/357 512/704/357 518/712/357
f 83/113/358 89/121/358 520/716/358 514/708/358
f 86/120/372 92/128/372 94/132/372 88/124/372
f 91/125/357 85/117/357 518/712/357 524/720/357
f 89/121/358 95/129/358 526/724/358 520/716/358
f 92/128/373 98/136/373 100/140/373 94/132/373
f 97/133/357 91/125/357 524/720/357 530/728/357
f 95/129/358 101/137/358 532/732/358 526/724/358
f 98/136/374 104/144/374 106/148/374 100/140/374
f 103/141/357 97/133/357 530/728/357 536/736/357
f 101/137/358 107/145/358 538/740/358 532/732/358
f 104/144/375 110/152/375 112/156/375 106/148/375
f 109/149/357 103/141/357 536/736/357 542/744/357
f 107/145/358 113/153/358 544/748/358 538/740/358
f 110/152/376 116/160/376 118/164/376 112/156/376
f 115/157/357 109/149/357 542/744/357 548/752/357
f 113/153/358 119/161/358 550/756/358 544/748/358
f 116/160/377 122/168/377 124/172/377 118/164/377
f 121/165/357 115/157/357 548/752/357 554/760/357
f 119/161/358 125/169/358 556/764/358 550/756/358
f 122/168/378 128/176/378 130/180/378 124/172/378
f 127/173/357 121/165/357 554/760/357 560/768/357
f 125/169/358 131/177/358 562/772/358 556/764/358
f 128/176/379 134/184/379 136/188/379 130/180/379
f 133/181/357 127/173/357 560/768/357 566/776/357
f 131/177/358 137/185/358 568/780/358 562/772/358
f 134/184/380 140/192/380 142/196/380 136/188/380
f 139/189/357 133/181/357 566/776/357 572/784/357
f 137/185/358 143/193/358 574/788/358 568/780/358
f 140/192/381 146/200/381 148/204/381 142/196/381
f 145/197/357 139/189/357 572/784/357 578/792/357
f 143/193/358 149/201/358 580/796/358 574/788/358
f 146/200/382 152/208/382 154/212/382 148/204/382
f 151/205/357 145/197/357 578/792/357 584/800/357
f 149/201/358 155/209/358 586/804/358 580/796/358
f 152/208/383 158/216/383 160/220/383 154/212/383
f 157/213/357 151/205/357 584/800/357 590/808/357
f 155/209/358 161/217/358 592/812/358 586/804/358
f 158/216/384 164/224/384 166/228/384 160/220/384
f 163/221/357 157/213/357 590/808/357 596/816/357
f 161/217/358 167/225/358 598/820/358 592/812/358
f 164/224/385 170/232/385 172/236/385 166/228/385
f 169/229/357 163/221/357 596/816/357 602/824/357
f 167/225/358 173/233/358 604/828/358 598/820/358
f 170/232/386 176/240/386 178/244/386 172/236/386
f 175/237/357 169/229/357 602/824/357 608/832/357
f 173/233/358 179/241/358 610/836/358 604/828/358
f 176/250/387 182/249/387 184/256/387 178/255/387
f 181/245/357 175/237/357 608/832/357 614/842/357
f 179/241/358 185/251/358 616/848/358 610/836/358
f 182/249/388 188/260/388 190/264/388 184/256/388
f 187/257/357 181/245/357 614/842/357 620/852/357
f 185/251/358 191/261/358 622/856/358 616/848/358
f 188/260/389 194/268/389 196/272/389 190/264/389
f 193/265/357 187/257/357 620/852/357 626/860/357
f 191/261/358 197/269/358 628/864/358 622/856/358
f 194/268/390 200/276/390 202/280/390 196/272/390
f 199/273/357 193/265/357 626/860/357 632/868/357
f 197/269/358 203/277/358 634/872/358 628/864/358
f 200/276/391 206/284/391 208/288/391 202/280/391
f 205/281/357 199/273/357 632/868/357 638/876/357
f 203/277/358 209/285/358 640/880/358 634/872/358
f 206/284/392 212/292/392 214/296/392 208/288/392
f 211/289/357 205/281/357 638/876/357 644/884/357
f 209/285/358 215/293/358 646/888/358 640/880/358
f 212/292/393 218/300/393 220/304/393 214/296/393
f 217/297/357 211/289/357 644/884/357 650/892/357
f 215/293/358 221/301/358 652/896/358 646/888/358
f 218/300/394 224/308/394 226/312/394 220/304/394
f 223/305/357 217/297/357 650/892/357 656/900/357
f 221/301/358 227/309/358 658/904/358 652/896/358
f 224/308/395 230/316/395 232/320/395 226/312/395
f 229/313/357 223/305/357 656/900/357 662/908/357
f 227/309/358 233/317/358 664/912/358 658/904/358
f 230/316/396 236/324/396 238/328/396 232/320/396
f 235/321/357 229/313/357 662/908/357 668/916/357
f 233/317/358 239/325/358 670/920/358 664/912/358
f 236/324/397 242/332/397 244/336/397 238/328/397
f 241/329/357 235/321/357 668/916/357 674/924/357
f 239/325/358 245/333/358 676/928/358 670/920/358
f 242/332/398 248/340/398 250/344/398 244/336/398
f 247/337/357 241/329/357 674/924/357 680/932/357
f 245/333/358 251/341/358 682/936/358 676/928/358
f 248/340/399 254/348/399 256/352/399 250/344/399
f 253/345/357 247/337/357 680/932/357 686/940/357
f 251/341/358 257/349/358 688/944/358 682/936/358
f 254/348/400 260/356/400 262/360/400 256/352/400
f 259/353/357 253/345/357 686/940/357 692/948/357
f 257/349/358 263/357/358 694/952/358 688/944/358
f 260/366/401 266/365/401 268/372/401 262/371/401
f 265/361/357 259/353/357 692/948/357 698/958/357
f 263/357/358 269/367/358 700/964/358 694/952/358
f 266/365/402 272/376/402 274/380/402 268/372/402
f 271/373/357 265/361/357 698/958/357 704/968/357
f 269/367/358 275/377/358 706/972/358 700/964/358
f 272/376/403 278/384/403 280/388/403 274/380/403
f 277/381/357 271/373/357 704/968/357 710/976/357
f 275/377/358 281/385/358 712/980/358 706/972/358
f 278/384/404 284/392/404 286/396/404 280/388/404
f 283/389/357 277/381/357 710/976/357 716/984/357
f 281/385/358 287/393/358 718/988/358 712/980/358
f 284/392/405 290/400/405 292/404/405 286/396/405
f 289/397/357 283/389/357 716/984/357 722/992/357
f 287/393/358 293/401/358 724/996/358 718/988/358
f 290/400/406 296/408/406 298/412/406 292/404/406
f 295/405/357 289/397/357 722/992/357 728/1000/357
f 293/401/358 299/409/358 730/1004/358 724/996/358
f 296/408/407 302/416/407 304/420/407 298/412/407
f 301/413/357 295/405/357 728/1000/357 734/1008/357
f 299/409/358 305/417/358 736/1012/358 730/1004/358
f 302/416/408 308/424/408 310/428/408 304/420/408
f 307/421/357 301/413/357 734/1008/357 740/1016/357
f 305/417/358 311/425/358 742/1020/358 736/1012/358
f 308/424/409 314/432/409 316/436/409 310/428/409
f 313/429/357 307/421/357 740/1016/357 746/1024/357
f 311/425/358 317/433/358 748/1028/358 742/1020/358
f 314/432/410 320/440/410 322/444/410 316/436/410
f 319/437/357 313/429/357 746/1024/357 752/1032/357
f 317/433/358 323/441/358 754/1036/358 748/1028/358
f 320/440/411 326/448/411 328/452/411 322/444/411
f 325/445/357 319/437/357 752/1032/357 758/1040/357
f 323/441/358 329/449/358 760/1044/358 754/1036/358
f 326/448/412 332/456/412 334/460/412 328/452/412
f 331/453/357 325/445/357 758/1040/357 764/1048/357
f 329/449/358 335/457/358 766/1052/358 760/1044/358
f 332/456/413 338/464/413 340/468/413 334/460/413
f 337/461/357 331/453/357 764/1048/357 770/1056/357
f 335/457/358 341/465/358 772/1060/358 766/1052/358
f 338/464/414 344/472/414 346/476/414 340/468/414
f 343/469/357 337/461/357 770/1056/357 776/1064/357
f 341/465/358 347/473/358 778/1068/358 772/1060/358
f 344/472/415 350/480/415 352/484/415 346/476/415
f 349/477/357 343/469/357 776/1064/357 782/1072/357
f 347/473/358 353/481/358 784/1076/358 778/1068/358
f 350/480/416 356/488/416 358/492/416 352/484/416
f 355/485/357 349/477/357 782/1072/357 788/1080/357
f 353/481/358 359/489/358 790/1084/358 784/1076/358
f 356/488/417 362/496/417 364/500/417 358/492/417
f 361/493/357 355/485/357 788/1080/357 794/1088/357
f 359/489/358 365/497/358 796/1092/358 790/1084/358
f 362/496/418 368/504/418 370/508/418 364/500/418
f 367/501/357 361/493/357 794/1088/357 800/1096/357
f 365/497/358 371/505/358 802/1100/358 796/1092/358
f 368/504/419 374/512/419 376/516/419 370/508/419
f 373/509/357 367/501/357 800/1096/357 806/1104/357
f 371/505/358 377/513/358 808/1108/358 802/1100/358
f 374/512/420 380/520/420 382/524/420 376/516/420
f 379/517/357 373/509/357 806/1104/357 812/1112/357
f 377/513/358 383/521/358 814/1116/358 808/1108/358
f 380/520/421 386/528/421 388/532/421 382/524/421
f 385/525/357 379/517/357 812/1112/357 818/1120/357
f 383/521/358 389/529/358 820/1124/358 814/1116/358
f 386/528/422 392/536/422 394/540/422 388/532/422
f 391/533/357 385/525/357 818/1120/357 824/1128/357
f 389/529/358 395/537/358 826/1132/358 820/1124/358
f 392/546/423 398/545/423 400/552/423 394/551/423
f 397/541/357 391/533/357 824/1128/357 830/1138/357
f 395/537/358 401/547/358 832/1144/358 826/1132/358
f 398/545/424 404/556/424 406/560/424 400/552/424
f 403/553/357 397/541/357 830/1138/357 836/1148/357
f 401/547/358 407/557/358 838/1152/358 832/1144/358
f 404/556/425 410/564/425 412/568/425 406/560/425
f 409/561/357 403/553/357 836/1148/357 842/1156/357
f 407/557/358 413/565/358 844/1160/358 838/1152/358
f 410/564/426 416/572/426 418/576/426 412/568/426
f 415/569/357 409/561/357 842/1156/357 848/1164/357
f 413/565/358 419/573/358 850/1168/358 844/1160/358
f 416/572/427 422/580/427 424/584/427 418/576/427
f 421/577/357 415/569/357 848/1164/357 854/1172/357
f 419/573/358 425/581/358 856/1176/358 850/1168/358
f 422/580/428 428/588/428 430/592/428 424/584/428
f 427/585/357 421/577/357 854/1172/357 860/1180/357
f 425/581/358 431/589/358 862/1184/358 856/1176/358
f 859/1177/393 863/1181/393 436/602/393 434/593/393
f 434/593/394 436/602/394 443/601/394 439/594/394
f 439/594/429 443/601/429 449/613/429 445/609/429
f 445/609/396 449/613/396 455/621/396 451/617/396
f 451/617/430 455/621/430 461/629/430 457/625/430
f 457/625/431 461/629/431 467/637/431 463/633/431
f 463/633/432 467/637/432 473/645/432 469/641/432
f 469/641/400 473/645/400 479/653/400 475/649/400
f 475/657/433 479/664/433 485/663/433 481/658/433
f 481/658/402 485/663/402 491/673/402 487/669/402
f 487/669/434 491/673/434 497/681/434 493/677/434
f 493/677/404 497/681/404 503/689/404 499/685/404
f 499/685/405 503/689/405 509/697/405 505/693/405
f 505/693/406 509/697/406 515/705/406 511/701/406
f 511/701/407 515/705/407 521/713/407 517/709/407
f 517/709/408 521/713/408 527/721/408 523/717/408
f 523/717/409 527/721/409 533/729/409 529/725/409
f 529/725/410 533/729/410 539/737/410 535/733/410
f 535/733/411 539/737/411 545/745/411 541/741/411
f 541/741/412 545/745/412 551/753/412 547/749/412
f 547/749/413 551/753/413 557/761/413 553/757/413
f 553/757/414 557/761/414 563/769/414 559/765/414
f 559/765/415 563/769/415 569/777/415 565/773/415
f 565/773/416 569/777/416 575/785/416 571/781/416
f 571/781/417 575/785/417 581/793/417 577/789/417
f 577/789/418 581/793/418 587/801/418 583/797/418
f 583/797/419 587/801/419 593/809/419 589/805/419
f 589/805/435 593/809/435 599/817/435 595/813/435
f 595/813/421 599/817/421 605/825/421 601/821/421
f 601/821/436 605/825/436 611/833/436 607/829/436
f 607/837/423 611/844/423 617/843/423 613/838/423
f 613/838/437 617/843/437 623/853/437 619/849/437
f 619/849/438 623/853/438 629/861/438 625/857/438
f 625/857/439 629/861/439 635/869/439 631/865/439
f 631/865/427 635/869/427 641/877/427 637/873/427
f 637/873/440 641/877/440 647/885/440 643/881/440
f 643/881/355 647/885/355 653/893/355 649/889/355
f 649/889/356 653/893/356 659/901/356 655/897/356
f 655/897/441 659/901/441 665/909/441 661/905/441
f 661/905/360 665/909/360 671/917/360 667/913/360
f 667/913/442 671/917/442 677/925/442 673/921/442
f 673/921/443 677/925/443 683/933/443 679/929/443
f 679/929/444 683/933/444 689/941/444 685/937/444
f 685/937/364 689/941/364 695/949/364 691/945/364
f 691/953/445 695/960/445 701/959/445 697/954/445
f 697/954/366 701/959/366 707/969/366 703/965/366
f 703/965/446 707/969/446 713/977/446 709/973/446
f 709/973/368 713/977/368 719/985/368 715/981/368
f 715/981/369 719/985/369 725/993/369 721/989/369
f 721/989/370 725/993/370 731/1001/370 727/997/370
f 727/997/371 731/1001/371 737/1009/371 733/1005/371
f 733/1005/372 737/1009/372 743/1017/372 739/1013/372
f 739/1013/373 743/1017/373 749/1025/373 745/1021/373
f 745/1021/374 749/1025/374 755/1033/374 751/1029/374
f 751/1029/375 755/1033/375 761/1041/375 757/1037/375
f 757/1037/376 761/1041/376 767/1049/376 763/1045/376
f 763/1045/377 767/1049/377 773/1057/377 769/1053/377
f 769/1053/378 773/1057/378 779/1065/378 775/1061/378
f 775/1061/379 779/1065/379 785/1073/379 781/1069/379
f 781/1069/380 785/1073/380 791/1081/380 787/1077/380
f 787/1077/381 791/1081/381 797/1089/381 793/1085/381
f 793/1085/382 797/1089/382 803/1097/382 799/1093/382
f 799/1093/383 803/1097/383 809/1105/383 805/1101/383
f 805/1101/447 809/1105/447 815/1113/447 811/1109/447
f 811/1109/385 815/1113/385 821/1121/385 817/1117/385
f 817/1117/448 821/1121/448 827/1129/448 823/1125/448
f 823/1133/387 827/1140/387 833/1139/387 829/1134/387
f 829/1134/449 833/1139/449 839/1149/449 835/1145/449
f 835/1145/450 839/1149/450 845/1157/450 841/1153/450
f 841/1153/451 845/1157/451 851/1165/451 847/1161/451
f 847/1161/391 851/1165/391 857/1173/391 853/1169/391
f 853/1169/452 857/1173/452 863/1181/452 859/1177/452
f 866/1185/453 871/1186/453 873/1187/453 867/1188/453
f 867/1189/454 873/1190/454 872/1191/454 865/1192/454
f 875/1193/455 868/1194/455 870/1195/455 876/1196/455
f 876/1197/456 870/1198/456 869/1199/456 874/1200/456
f 871/1186/457 877/1201/457 879/1202/457 873/1187/457
f 873/1190/458 879/1203/458 878/1204/458 872/1191/458
f 881/1205/459 875/1193/459 876/1196/459 882/1206/459
f 882/1207/460 876/1197/460 874/1200/460 880/1208/460
f 877/1201/461 883/1209/461 885/1210/461 879/1202/461
f 879/1203/462 885/1211/462 884/1212/462 878/1204/462
f 887/1213/463 881/1205/463 882/1206/463 888/1214/463
f 888/1215/464 882/1207/464 880/1208/464 886/1216/464
f 883/1209/465 889/1217/465 891/1218/465 885/1210/465
f 885/1211/466 891/1219/466 890/1220/466 884/1212/466
f 893/1221/467 887/1213/467 888/1214/467 894/1222/467
f 894/1223/468 888/1215/468 886/1216/468 892/1224/468
f 889/1217/469 895/1225/469 897/1226/469 891/1218/469
f 891/1219/470 897/1227/470 896/1228/470 890/1220/470
f 899/1229/471 893/1221/471 894/1222/471 900/1230/471
f 900/1231/472 894/1223/472 892/1224/472 898/1232/472
f 895/1225/473 901/1233/473 903/1234/473 897/1226/473
f 897/1227/474 903/1235/474 902/1236/474 896/1228/474
f 905/1237/475 899/1229/475 900/1230/475 906/1238/475
f 906/1239/476 900/1231/476 898/1232/476 904/1240/476
f 901/1233/477 907/1241/477 909/1242/477 903/1234/477
f 903/1235/478 909/1243/478 908/1244/478 902/1236/478
f 911/1245/479 905/1237/479 906/1238/479 912/1246/479
f 912/1247/480 906/1239/480 904/1240/480 910/1248/480
f 907/1241/481 913/1249/481 915/1250/481 909/1242/481
f 909/1251/482 915/1252/482 914/1253/482 908/1254/482
f 917/1255/483 911/1245/483 912/1246/483 918/1256/483
f 918/1257/484 912/1258/484 910/1259/484 916/1260/484
f 913/1249/485 919/1261/485 921/1262/485 915/1250/485
f 915/1252/486 921/1263/486 920/1264/486 914/1253/486
f 923/1265/487 917/1255/487 918/1256/487 924/1266/487
f 924/1267/488 918/1257/488 916/1260/488 922/1268/488
f 919/1261/489 925/1269/489 927/1270/489 921/1262/489
f 921/1263/490 927/1271/490 926/1272/490 920/1264/490
f 929/1273/491 923/1265/491 924/1266/491 930/1274/491
f 930/1275/492 924/1267/492 922/1268/492 928/1276/492
f 925/1269/493 931/1277/493 933/1278/493 927/1270/493
f 927/1271/494 933/1279/494 932/1280/494 926/1272/494
f 935/1281/495 929/1273/495 930/1274/495 936/1282/495
f 936/1283/496 930/1275/496 928/1276/496 934/1284/496
f 931/1277/497 937/1285/497 939/1286/497 933/1278/497
f 933/1279/498 939/1287/498 938/1288/498 932/1280/498
f 941/1289/499 935/1281/499 936/1282/499 942/1290/499
f 942/1291/500 936/1283/500 934/1284/500 940/1292/500
f 937/1285/501 943/1293/501 945/1294/501 939/1286/501
f 939/1287/502 945/1295/502 944/1296/502 938/1288/502
f 947/1297/503 941/1289/503 942/1290/503 948/1298/503
f 948/1299/504 942/1291/504 940/1292/504 946/1300/504
f 943/1293/505 949/1301/505 951/1302/505 945/1294/505
f 945/1295/506 951/1303/506 950/1304/506 944/1296/506
f 953/1305/507 947/1297/507 948/1298/507 954/1306/507
f 954/1307/508 948/1299/508 946/1300/508 952/1308/508
f 949/1301/509 955/1309/509 957/1310/509 951/1302/509
f 951/1303/510 957/1311/510 956/1312/510 950/1304/510
f 959/1313/511 953/1305/511 954/1306/511 960/1314/511
f 960/1315/512 954/1307/512 952/1308/512 958/1316/512
f 955/1309/513 961/1317/513 963/1318/513 957/1310/513
f 957/1311/514 963/1319/514 962/1320/514 956/1312/514
f 965/1321/515 959/1313/515 960/1314/515 966/1322/515
f 966/1323/516 960/1315/516 958/1316/516 964/1324/516
f 961/1317/517 967/1325/517 969/1326/517 963/1318/517
f 963/1319/518 969/1327/518 968/1328/518 962/1320/518
f 971/1329/519 965/1321/519 966/1322/519 972/1330/519
f 972/1331/520 966/1323/520 964/1324/520 970/1332/520
f 967/1325/521 973/1333/521 975/1334/521 969/1326/521
f 969/1327/522 975/1335/522 974/1336/522 968/1328/522
f 977/1337/523 971/1329/523 972/1330/523 978/1338/523
f 978/1339/524 972/1331/524 970/1332/524 976/1340/524
f 973/1333/525 979/1341/525 981/1342/525 975/1334/525
f 975/1335/526 981/1343/526 980/1344/526 974/1336/526
f 983/1345/527 977/1337/527 978/1338/527 984/1346/527
f 984/1347/528 978/1339/528 976/1340/528 982/1348/528
f 979/1341/529 985/1349/529 987/1350/529 981/1342/529
f 981/1343/530 987/1351/530 986/1352/530 980/1344/530
f 989/1353/531 983/1345/531 984/1346/531 990/1354/531
f 990/1355/532 984/1347/532 982/1348/532 988/1356/532
f 985/1349/533 991/1357/533 993/1358/533 987/1350/533
f 987/1351/534 993/1359/534 992/1360/534 986/1352/534
f 995/1361/535 989/1353/535 990/1354/535 996/1362/535
f 996/1363/536 990/1355/536 988/1356/536 994/1364/536
f 991/1357/537 997/1365/537 999/1366/537 993/1358/537
f 993/1359/538 999/1367/538 998/1368/538 992/1360/538
f 1001/1369/539 995/1361/539 996/1362/539 1002/1370/539
f 1002/1371/540 996/1363/540 994/1364/540 1000/1372/540
f 997/1365/541 1003/1373/541 1005/1374/541 999/1366/541
f 999/1367/542 1005/1375/542 1004/1376/542 998/1368/542
f 1007/1377/543 1001/1369/543 1002/1370/543 1008/1378/543
f 1008/1379/544 1002/1371/544 1000/1372/544 1006/1380/544
f 1003/1373/545 1009/1381/545 1011/1382/545 1005/1374/545
f 1005/1375/546 1011/1383/546 1010/1384/546 1004/1376/546
f 1013/1385/547 1007/1377/547 1008/1378/547 1014/1386/547
f 1014/1387/548 1008/1379/548 1006/1380/548 1012/1388/548
f 1009/1381/549 1015/1389/549 1017/1390/549 1011/1382/549
f 1011/1383/550 1017/1391/550 1016/1392/550 1010/1384/550
f 1019/1393/551 1013/1385/551 1014/1386/551 1020/1394/551
f 1020/1395/552 1014/1387/552 1012/1388/552 1018/1396/552
f 1015/1389/553 1021/1397/553 1023/1398/553 1017/1390/553
f 1017/1391/554 1023/1399/554 1022/1400/554 1016/1392/554
f 1025/1401/555 1019/1393/555 1020/1394/555 1026/1402/555
f 1026/1403/556 1020/1395/556 1018/1396/556 1024/1404/556
f 1021/1397/557 1027/1405/557 1029/1406/557 1023/1398/557
f 1023/1399/558 1029/1407/558 1028/1408/558 1022/1400/558
f 1031/1409/559 1025/1401/559 1026/1402/559 1032/1410/559
f 1032/1411/560 1026/1403/560 1024/1404/560 1030/1412/560
f 1027/1405/561 1033/1413/561 1035/1414/561 1029/1406/561
f 1029/1407/562 1035/1415/562 1034/1416/562 1028/1408/562
f 1037/1417/563 1031/1409/563 1032/1410/563 1038/1418/563
f 1038/1419/564 1032/1411/564 1030/1412/564 1036/1420/564
f 1033/1413/565 1039/1421/565 1041/1422/565 1035/1414/565
f 1035/1415/566 1041/1423/566 1040/1424/566 1034/1416/566
f 1043/1425/567 1037/1417/567 1038/1418/567 1044/1426/567
f 1044/1427/568 1038/1419/568 1036/1420/568 1042/1428/568
f 1039/1421/569 1045/1429/569 1047/1430/569 1041/1422/569
f 1041/1431/570 1047/1432/570 1046/1433/570 1040/1434/570
f 1049/1435/571 1043/1425/571 1044/1426/571 1050/1436/571
f 1050/1437/572 1044/1438/572 1042/1439/572 1048/1440/572
f 1045/1429/573 1051/1441/573 1053/1442/573 1047/1430/573
f 1047/1432/574 1053/1443/574 1052/1444/574 1046/1433/574
f 1055/1445/575 1049/1435/575 1050/1436/575 1056/1446/575
f 1056/1447/576 1050/1437/576 1048/1440/576 1054/1448/576
f 1051/1441/577 1057/1449/577 1059/1450/577 1053/1442/577
f 1053/1443/578 1059/1451/578 1058/1452/578 1052/1444/578
f 1061/1453/579 1055/1445/579 1056/1446/579 1062/1454/579
f 1062/1455/580 1056/1447/580 1054/1448/580 1060/1456/580
f 1057/1449/581 1063/1457/581 1065/1458/581 1059/1450/581
f 1059/1451/582 1065/1459/582 1064/1460/582 1058/1452/582
f 1067/1461/583 1061/1453/583 1062/1454/583 1068/1462/583
f 1068/1463/584 1062/1455/584 1060/1456/584 1066/1464/584
f 1063/1457/585 1069/1465/585 1071/1466/585 1065/1458/585
f 1065/1459/586 1071/1467/586 1070/1468/586 1064/1460/586
f 1073/1469/587 1067/1461/587 1068/1462/587 1074/1470/587
f 1074/1471/588 1068/1463/588 1066/1464/588 1072/1472/588
f 1069/1465/589 1075/1473/589 1077/1474/589 1071/1466/589
f 1071/1467/590 1077/1475/590 1076/1476/590 1070/1468/590
f 1079/1477/591 1073/1469/591 1074/1470/591 1080/1478/591
f 1080/1479/592 1074/1471/592 1072/1472/592 1078/1480/592
f 1075/1473/593 1081/1481/593 1083/1482/593 1077/1474/593
f 1077/1475/594 1083/1483/594 1082/1484/594 1076/1476/594
f 1085/1485/595 1079/1477/595 1080/1478/595 1086/1486/595
f 1086/1487/596 1080/1479/596 1078/1480/596 1084/1488/596
f 1081/1481/597 1087/1489/597 1089/1490/597 1083/1482/597
f 1083/1483/598 1089/1491/598 1088/1492/598 1082/1484/598
f 1091/1493/599 1085/1485/599 1086/1486/599 1092/1494/599
f 1092/1495/600 1086/1487/600 1084/1488/600 1090/1496/600
f 1087/1489/601 1093/1497/601 1095/1498/601 1089/1490/601
f 1089/1491/602 1095/1499/602 1094/1500/602 1088/1492/602
f 1097/1501/603 1091/1493/603 1092/1494/603 1098/1502/603
f 1098/1503/604 1092/1495/604 1090/1496/604 1096/1504/604
f 1093/1497/605 1099/1505/605 1101/1506/605 1095/1498/605
f 1095/1499/606 1101/1507/606 1100/1508/606 1094/1500/606
f 1103/1509/607 1097/1501/607 1098/1502/607 1104/1510/607
f 1104/1511/608 1098/1503/608 1096/1504/608 1102/1512/608
f 1099/1505/609 1105/1513/609 1107/1514/609 1101/1506/609
f 1101/1507/610 1107/1515/610 1106/1516/610 1100/1508/610
f 1109/1517/611 1103/1509/611 1104/1510/611 1110/1518/611
f 1110/1519/612 1104/1511/612 1102/1512/612 1108/1520/612
f 1105/1513/613 1111/1521/613 1113/1522/613 1107/1514/613
f 1107/1515/614 1113/1523/614 1112/1524/614 1106/1516/614
f 1115/1525/615 1109/1517/615 1110/1518/615 1116/1526/615
f 1116/1527/616 1110/1519/616 1108/1520/616 1114/1528/616
f 1111/1521/617 1117/1529/617 1119/1530/617 1113/1522/617
f 1113/1523/618 1119/1531/618 1118/1532/618 1112/1524/618
f 1121/1533/619 1115/1525/619 1116/1526/619 1122/1534/619
f 1122/1535/620 1116/1527/620 1114/1528/620 1120/1536/620
f 1117/1529/621 1123/1537/621 1125/1538/621 1119/1530/621
f 1119/1531/622 1125/1539/622 1124/1540/622 1118/1532/622
f 1127/1541/623 1121/1533/623 1122/1534/623 1128/1542/623
f 1128/1543/624 1122/1535/624 1120/1536/624 1126/1544/624
f 1123/1537/625 1129/1545/625 1131/1546/625 1125/1538/625
f 1125/1547/626 1131/1548/626 1130/1549/626 1124/1550/626
f 1133/1551/627 1127/1541/627 1128/1542/627 1134/1552/627
f 1134/1553/628 1128/1554/628 1126/1555/628 1132/1556/628
f 1129/1545/629 1135/1557/629 1137/1558/629 1131/1546/629
f 1131/1548/630 1137/1559/630 1136/1560/630 1130/1549/630
f 1139/1561/631 1133/1551/631 1134/1552/631 1140/1562/631
f 1140/1563/632 1134/1553/632 1132/1556/632 1138/1564/632
f 1135/1557/633 1141/1565/633 1143/1566/633 1137/1558/633
f 1137/1559/634 1143/1567/634 1142/1568/634 1136/1560/634
f 1145/1569/635 1139/1561/635 1140/1562/635 1146/1570/635
f 1146/1571/636 1140/1563/636 1138/1564/636 1144/1572/636
f 1141/1565/637 1147/1573/637 1149/1574/637 1143/1566/637
f 1143/1567/638 1149/1575/638 1148/1576/638 1142/1568/638
f 1151/1577/639 1145/1569/639 1146/1570/639 1152/1578/639
f 1152/1579/640 1146/1571/640 1144/1572/640 1150/1580/640
f 1147/1573/641 1153/1581/641 1155/1582/641 1149/1574/641
f 1149/1575/642 1155/1583/642 1154/1584/642 1148/1576/642
f 1157/1585/643 1151/1577/643 1152/1578/643 1158/1586/643
f 1158/1587/644 1152/1579/644 1150/1580/644 1156/1588/644
f 1153/1581/645 1159/1589/645 1161/1590/645 1155/1582/645
f 1155/1583/646 1161/1591/646 1160/1592/646 1154/1584/646
f 1163/1593/647 1157/1585/647 1158/1586/647 1164/1594/647
f 1164/1595/648 1158/1587/648 1156/1588/648 1162/1596/648
f 1159/1589/649 1165/1597/649 1167/1598/649 1161/1590/649
f 1161/1591/650 1167/1599/650 1166/1600/650 1160/1592/650
f 1169/1601/651 1163/1593/651 1164/1594/651 1170/1602/651
f 1170/1603/652 1164/1595/652 1162/1596/652 1168/1604/652
f 1165/1597/653 1171/1605/653 1173/1606/653 1167/1598/653
f 1167/1599/654 1173/1607/654 1172/1608/654 1166/1600/654
f 1175/1609/655 1169/1601/655 1170/1602/655 1176/1610/655
f 1176/1611/656 1170/1603/656 1168/1604/656 1174/1612/656
f 1171/1605/657 1177/1613/657 1179/1614/657 1173/1606/657
f 1173/1607/658 1179/1615/658 1178/1616/658 1172/1608/658
f 1181/1617/659 1175/1609/659 1176/1610/659 1182/1618/659
f 1182/1619/660 1176/1611/660 1174/1612/660 1180/1620/660
f 1177/1613/661 1183/1621/661 1185/1622/661 1179/1614/661
f 1179/1615/662 1185/1623/662 1184/1624/662 1178/1616/662
f 1187/1625/663 1181/1617/663 1182/1618/663 1188/1626/663
f 1188/1627/664 1182/1619/664 1180/1620/664 1186/1628/664
f 1183/1621/665 1189/1629/665 1191/1630/665 1185/1622/665
f 1185/1623/666 1191/1631/666 1190/1632/666 1184/1624/666
f 1193/1633/667 1187/1625/667 1188/1626/667 1194/1634/667
f 1194/1635/668 1188/1627/668 1186/1628/668 1192/1636/668
f 1189/1629/669 1195/1637/669 1197/1638/669 1191/1630/669
f 1191/1631/670 1197/1639/670 1196/1640/670 1190/1632/670
f 1199/1641/671 1193/1633/671 1194/1634/671 1200/1642/671
f 1200/1643/672 1194/1635/672 1192/1636/672 1198/1644/672
f 1195/1637/673 1201/1645/673 1203/1646/673 1197/1638/673
f 1197/1639/674 1203/1647/674 1202/1648/674 1196/1640/674
f 1205/1649/675 1199/1641/675 1200/1642/675 1206/1650/675
f 1206/1651/676 1200/1643/676 1198/1644/676 1204/1652/676
f 1201/1645/677 1207/1653/677 1209/1654/677 1203/1646/677
f 1203/1647/678 1209/1655/678 1208/1656/678 1202/1648/678
f 1211/1657/679 1205/1649/679 1206/1650/679 1212/1658/679
f 1212/1659/680 1206/1651/680 1204/1652/680 1210/1660/680
f 1207/1653/681 1213/1661/681 1215/1662/681 1209/1654/681
f 1209/1655/682 1215/1663/682 1214/1664/682 1208/1656/682
f 1217/1665/683 1211/1657/683 1212/1658/683 1218/1666/683
f 1218/1667/684 1212/1659/684 1210/1660/684 1216/1668/684
f 1213/1661/685 1219/1669/685 1221/1670/685 1215/1662/685
f 1215/1663/686 1221/1671/686 1220/1672/686 1214/1664/686
f 1223/1673/687 1217/1665/687 1218/1666/687 1224/1674/687
f 1224/1675/688 1218/1667/688 1216/1668/688 1222/1676/688
f 1219/1669/689 1225/1677/689 1227/1678/689 1221/1670/689
f 1221/1671/690 1227/1679/690 1226/1680/690 1220/1672/690
f 1229/1681/691 1223/1673/691 1224/1674/691 1230/1682/691
f 1230/1683/692 1224/1675/692 1222/1676/692 1228/1684/692
f 1225/1677/693 1231/1685/693 1233/1686/693 1227/1678/693
f 1227/1679/694 1233/1687/694 1232/1688/694 1226/1680/694
f 1235/1689/695 1229/1681/695 1230/1682/695 1236/1690/695
f 1236/1691/696 1230/1683/696 1228/1684/696 1234/1692/696
f 1231/1685/697 1237/1693/697 1239/1694/697 1233/1686/697
f 1233/1687/698 1239/1695/698 1238/1696/698 1232/1688/698
f 1241/1697/699 1235/1689/699 1236/1690/699 1242/1698/699
f 1242/1699/700 1236/1691/700 1234/1692/700 1240/1700/700
f 1237/1693/701 1243/1701/701 1245/1702/701 1239/1694/701
f 1239/1695/702 1245/1703/702 1244/1704/702 1238/1696/702
f 1247/1705/703 1241/1697/703 1242/1698/703 1248/1706/703
f 1248/1707/704 1242/1699/704 1240/1700/704 1246/1708/704
f 1243/1701/705 1249/1709/705 1251/1710/705 1245/1702/705
f 1245/1703/706 1251/1711/706 1250/1712/706 1244/1704/706
f 1253/1713/707 1247/1705/707 1248/1706/707 1254/1714/707
f 1254/1715/708 1248/1707/708 1246/1708/708 1252/1716/708
f 1249/1709/709 1255/1717/709 1257/1718/709 1251/1710/709
f 1251/1711/710 1257/1719/710 1256/1720/710 1250/1712/710
f 1259/1721/711 1253/1713/711 1254/1714/711 1260/1722/711
f 1260/1723/712 1254/1715/712 1252/1716/712 1258/1724/712
f 1255/1717/713 1261/1725/713 1263/1726/713 1257/1718/713
f 1257/1727/714 1263/1728/714 1262/1729/714 1256/1730/714
f 1265/1731/715 1259/1721/715 1260/1722/715 1266/1732/715
f 1266/1733/716 1260/1734/716 1258/1735/716 1264/1736/716
f 1261/1725/717 1267/1737/717 1269/1738/717 1263/1726/717
f 1263/1728/718 1269/1739/718 1268/1740/718 1262/1729/718
f 1271/1741/719 1265/1731/719 1266/1732/719 1272/1742/719
f 1272/1743/720 1266/1733/720 1264/1736/720 1270/1744/720
f 1267/1737/721 1273/1745/721 1275/1746/721 1269/1738/721
f 1269/1739/722 1275/1747/722 1274/1748/722 1268/1740/722
f 1277/1749/723 1271/1741/723 1272/1742/723 1278/1750/723
f 1278/1751/724 1272/1743/724 1270/1744/724 1276/1752/724
f 1273/1745/725 1279/1753/725 1281/1754/725 1275/1746/725
f 1275/1747/726 1281/1755/726 1280/1756/726 1274/1748/726
f 1283/1757/727 1277/1749/727 1278/1750/727 1284/1758/727
f 1284/1759/728 1278/1751/728 1276/1752/728 1282/1760/728
f 1279/1753/729 1285/1761/729 1287/1762/729 1281/1754/729
f 1281/1755/730 1287/1763/730 1286/1764/730 1280/1756/730
f 1289/1765/731 1283/1757/731 1284/1758/731 1290/1766/731
f 1290/1767/732 1284/1759/732 1282/1760/732 1288/1768/732
f 1285/1761/733 1291/1769/733 1293/1770/733 1287/1762/733
f 1287/1763/734 1293/1771/734 1292/1772/734 1286/1764/734
f 1295/1773/735 1289/1765/735 1290/1766/735 1296/1774/735
f 1296/1775/736 1290/1767/736 1288/1768/736 1294/1776/736
f 1291/1769/737 866/1185/737 867/1188/737 1293/1770/737
f 1293/1771/738 867/1189/738 865/1192/738 1292/1772/738
f 868/1194/739 1295/1773/739 1296/1774/739 870/1195/739
f 870/1198/740 1296/1775/740 1294/1776/740 869/1199/740
f 1298/1777/598 1303/1778/598 1305/1779/598 1299/1780/598
f 1299/1781/597 1305/1782/597 1304/1783/597 1297/1784/597
f 1307/1785/600 1300/1786/600 1302/1787/600 1308/1788/600
f 1308/1789/599 1302/1790/599 1301/1791/599 1306/1792/599
f 1303/1778/602 1309/1793/602 1311/1794/602 1305/1779/602
f 1305/1782/601 1311/1795/601 1310/1796/601 1304/1783/601
f 1313/1797/604 1307/1785/604 1308/1788/604 1314/1798/604
f 1314/1799/603 1308/1789/603 1306/1792/603 1312/1800/603
f 1309/1793/741 1315/1801/741 1317/1802/741 1311/1794/741
f 1311/1795/742 1317/1803/742 1316/1804/742 1310/1796/742
f 1319/1805/743 1313/1797/743 1314/1798/743 1320/1806/743
f 1320/1807/744 1314/1799/744 1312/1800/744 1318/1808/744
f 1315/1801/745 1321/1809/745 1323/1810/745 1317/1802/745
f 1317/1803/609 1323/1811/609 1322/1812/609 1316/1804/609
f 1325/1813/746 1319/1805/746 1320/1806/746 1326/1814/746
f 1326/1815/611 1320/1807/611 1318/1808/611 1324/1816/611
f 1321/1809/614 1327/1817/614 1329/1818/614 1323/1810/614
f 1323/1811/613 1329/1819/613 1328/1820/613 1322/1812/613
f 1331/1821/616 1325/1813/616 1326/1814/616 1332/1822/616
f 1332/1823/615 1326/1815/615 1324/1816/615 1330/1824/615
f 1327/1817/618 1333/1825/618 1335/1826/618 1329/1818/618
f 1329/1819/617 1335/1827/617 1334/1828/617 1328/1820/617
f 1337/1829/620 1331/1821/620 1332/1822/620 1338/1830/620
f 1338/1831/619 1332/1823/619 1330/1824/619 1336/1832/619
f 1333/1825/747 1339/1833/747 1341/1834/747 1335/1826/747
f 1335/1827/748 1341/1835/748 1340/1836/748 1334/1828/748
f 1343/1837/749 1337/1829/749 1338/1830/749 1344/1838/749
f 1344/1839/750 1338/1831/750 1336/1832/750 1342/1840/750
f 1339/1841/751 1345/1842/751 1347/1843/751 1341/1844/751
f 1341/1835/752 1347/1845/752 1346/1846/752 1340/1836/752
f 1349/1847/753 1343/1848/753 1344/1849/753 1350/1850/753
f 1350/1851/754 1344/1839/754 1342/1840/754 1348/1852/754
f 1345/1842/630 1351/1853/630 1353/1854/630 1347/1843/630
f 1347/1845/755 1353/1855/755 1352/1856/755 1346/1846/755
f 1355/1857/756 1349/1847/756 1350/1850/756 1356/1858/756
f 1356/1859/631 1350/1851/631 1348/1852/631 1354/1860/631
f 1351/1853/757 1357/1861/757 1359/1862/757 1353/1854/757
f 1353/1855/633 1359/1863/633 1358/1864/633 1352/1856/633
f 1361/1865/758 1355/1857/758 1356/1858/758 1362/1866/758
f 1362/1867/635 1356/1859/635 1354/1860/635 1360/1868/635
f 1357/1861/638 1363/1869/638 1365/1870/638 1359/1862/638
f 1359/1863/637 1365/1871/637 1364/1872/637 1358/1864/637
f 1367/1873/640 1361/1865/640 1362/1866/640 1368/1874/640
f 1368/1875/639 1362/1867/639 1360/1868/639 1366/1876/639
f 1363/1869/642 1369/1877/642 1371/1878/642 1365/1870/642
f 1365/1871/641 1371/1879/641 1370/1880/641 1364/1872/641
f 1373/1881/644 1367/1873/644 1368/1874/644 1374/1882/644
f 1374/1883/643 1368/1875/643 1366/1876/643 1372/1884/643
f 1369/1877/646 1375/1885/646 1377/1886/646 1371/1878/646
f 1371/1879/645 1377/1887/645 1376/1888/645 1370/1880/645
f 1379/1889/648 1373/1881/648 1374/1882/648 1380/1890/648
f 1380/1891/647 1374/1883/647 1372/1884/647 1378/1892/647
f 1375/1885/650 1381/1893/650 1383/1894/650 1377/1886/650
f 1377/1887/649 1383/1895/649 1382/1896/649 1376/1888/649
f 1385/1897/652 1379/1889/652 1380/1890/652 1386/1898/652
f 1386/1899/651 1380/1891/651 1378/1892/651 1384/1900/651
f 1381/1893/654 1387/1901/654 1389/1902/654 1383/1894/654
f 1383/1895/653 1389/1903/653 1388/1904/653 1382/1896/653
f 1391/1905/656 1385/1897/656 1386/1898/656 1392/1906/656
f 1392/1907/655 1386/1899/655 1384/1900/655 1390/1908/655
f 1387/1901/658 1393/1909/658 1395/1910/658 1389/1902/658
f 1389/1903/657 1395/1911/657 1394/1912/657 1388/1904/657
f 1397/1913/660 1391/1905/660 1392/1906/660 1398/1914/660
f 1398/1915/659 1392/1907/659 1390/1908/659 1396/1916/659
f 1393/1909/662 1399/1917/662 1401/1918/662 1395/1910/662
f 1395/1911/661 1401/1919/661 1400/1920/661 1394/1912/661
f 1403/1921/664 1397/1913/664 1398/1914/664 1404/1922/664
f 1404/1923/759 1398/1915/759 1396/1916/759 1402/1924/759
f 1399/1917/666 1405/1925/666 1407/1926/666 1401/1918/666
f 1401/1919/665 1407/1927/665 1406/1928/665 1400/1920/665
f 1409/1929/668 1403/1921/668 1404/1922/668 1410/1930/668
f 1410/1931/667 1404/1923/667 1402/1924/667 1408/1932/667
f 1405/1925/670 1411/1933/670 1413/1934/670 1407/1926/670
f 1407/1927/669 1413/1935/669 1412/1936/669 1406/1928/669
f 1415/1937/672 1409/1929/672 1410/1930/672 1416/1938/672
f 1416/1939/671 1410/1931/671 1408/1932/671 1414/1940/671
f 1411/1933/674 1417/1941/674 1419/1942/674 1413/1934/674
f 1413/1935/673 1419/1943/673 1418/1944/673 1412/1936/673
f 1421/1945/676 1415/1937/676 1416/1938/676 1422/1946/676
f 1422/1947/760 1416/1939/760 1414/1940/760 1420/1948/760
f 1417/1941/678 1423/1949/678 1425/1950/678 1419/1942/678
f 1419/1943/677 1425/1951/677 1424/1952/677 1418/1944/677
f 1427/1953/680 1421/1945/680 1422/1946/680 1428/1954/680
f 1428/1955/679 1422/1947/679 1420/1948/679 1426/1956/679
f 1423/1949/682 1429/1957/682 1431/1958/682 1425/1950/682
f 1425/1951/681 1431/1959/681 1430/1960/681 1424/1952/681
f 1433/1961/684 1427/1953/684 1428/1954/684 1434/1962/684
f 1434/1963/683 1428/1955/683 1426/1956/683 1432/1964/683
f 1429/1957/686 1435/1965/686 1437/1966/686 1431/1958/686
f 1431/1959/685 1437/1967/685 1436/1968/685 1430/1960/685
f 1439/1969/688 1433/1961/688 1434/1962/688 1440/1970/688
f 1440/1971/687 1434/1963/687 1432/1964/687 1438/1972/687
f 1435/1965/690 1441/1973/690 1443/1974/690 1437/1966/690
f 1437/1967/689 1443/1975/689 1442/1976/689 1436/1968/689
f 1445/1977/692 1439/1969/692 1440/1970/692 1446/1978/692
f 1446/1979/691 1440/1971/691 1438/1972/691 1444/1980/691
f 1441/1973/694 1447/1981/694 1449/1982/694 1443/1974/694
f 1443/1975/693 1449/1983/693 1448/1984/693 1442/1976/693
f 1451/1985/696 1445/1977/696 1446/1978/696 1452/1986/696
f 1452/1987/695 1446/1979/695 1444/1980/695 1450/1988/695
f 1447/1981/698 1453/1989/698 1455/1990/698 1449/1982/698
f 1449/1983/697 1455/1991/697 1454/1992/697 1448/1984/697
f 1457/1993/700 1451/1985/700 1452/1986/700 1458/1994/700
f 1458/1995/699 1452/1987/699 1450/1988/699 1456/1996/699
f 1453/1989/761 1459/1997/761 1461/1998/761 1455/1990/761
f 1455/1991/701 1461/1999/701 1460/2000/701 1454/1992/701
f 1463/2001/762 1457/1993/762 1458/1994/762 1464/2002/762
f 1464/2003/703 1458/1995/703 1456/1996/703 1462/2004/703
f 1459/1997/706 1465/2005/706 1467/2006/706 1461/1998/706
f 1461/1999/763 1467/2007/763 1466/2008/763 1460/2000/763
f 1469/2009/764 1463/2001/764 1464/2002/764 1470/2010/764
f 1470/2011/707 1464/2003/707 1462/2004/707 1468/2012/707
f 1465/2005/765 1471/2013/765 1473/2014/765 1467/2006/765
f 1467/2007/766 1473/2015/766 1472/2016/766 1466/2008/766
f 1475/2017/767 1469/2009/767 1470/2010/767 1476/2018/767
f 1476/2019/768 1470/2011/768 1468/2012/768 1474/2020/768
f 1471/2021/769 1477/2022/769 1479/2023/769 1473/2024/769
f 1473/2015/770 1479/2025/770 1478/2026/770 1472/2016/770
f 1481/2027/771 1475/2028/771 1476/2029/771 1482/2030/771
f 1482/2031/772 1476/2019/772 1474/2020/772 1480/2032/772
f 1477/2022/718 1483/2033/718 1485/2034/718 1479/2023/718
f 1479/2025/717 1485/2035/717 1484/2036/717 1478/2026/717
f 1487/2037/720 1481/2027/720 1482/2030/720 1488/2038/720
f 1488/2039/719 1482/2031/719 1480/2032/719 1486/2040/719
f 1483/2033/722 1489/2041/722 1491/2042/722 1485/2034/722
f 1485/2035/721 1491/2043/721 1490/2044/721 1484/2036/721
f 1493/2045/724 1487/2037/724 1488/2038/724 1494/2046/724
f 1494/2047/723 1488/2039/723 1486/2040/723 1492/2048/723
f 1489/2041/773 1495/2049/773 1497/2050/773 1491/2042/773
f 1491/2043/725 1497/2051/725 1496/2052/725 1490/2044/725
f 1499/2053/774 1493/2045/774 1494/2046/774 1500/2054/774
f 1500/2055/727 1494/2047/727 1492/2048/727 1498/2056/727
f 1495/2049/775 1501/2057/775 1503/2058/775 1497/2050/775
f 1497/2051/776 1503/2059/776 1502/2060/776 1496/2052/776
f 1505/2061/777 1499/2053/777 1500/2054/777 1506/2062/777
f 1506/2063/778 1500/2055/778 1498/2056/778 1504/2064/778
f 1501/2057/734 1507/2065/734 1509/2066/734 1503/2058/734
f 1503/2059/733 1509/2067/733 1508/2068/733 1502/2060/733
f 1511/2069/736 1505/2061/736 1506/2062/736 1512/2070/736
f 1512/2071/735 1506/2063/735 1504/2064/735 1510/2072/735
f 1507/2065/738 1513/2073/738 1515/2074/738 1509/2066/738
f 1509/2067/737 1515/2075/737 1514/2076/737 1508/2068/737
f 1517/2077/740 1511/2069/740 1512/2070/740 1518/2078/740
f 1518/2079/739 1512/2071/739 1510/2072/739 1516/2080/739
f 1513/2073/454 1519/2081/454 1521/2082/454 1515/2074/454
f 1515/2075/453 1521/2083/453 1520/2084/453 1514/2076/453
f 1523/2085/456 1517/2077/456 1518/2078/456 1524/2086/456
f 1524/2087/455 1518/2079/455 1516/2080/455 1522/2088/455
f 1519/2081/458 1525/2089/458 1527/2090/458 1521/2082/458
f 1521/2083/779 1527/2091/779 1526/2092/779 1520/2084/779
f 1529/2093/460 1523/2085/460 1524/2086/460 1530/2094/460
f 1530/2095/780 1524/2087/780 1522/2088/780 1528/2096/780
f 1525/2089/781 1531/2097/781 1533/2098/781 1527/2090/781
f 1527/2091/782 1533/2099/782 1532/2100/782 1526/2092/782
f 1535/2101/464 1529/2093/464 1530/2094/464 1536/2102/464
f 1536/2103/783 1530/2095/783 1528/2096/783 1534/2104/783
f 1531/2097/784 1537/2105/784 1539/2106/784 1533/2098/784
f 1533/2099/465 1539/2107/465 1538/2108/465 1532/2100/465
f 1541/2109/785 1535/2101/785 1536/2102/785 1542/2110/785
f 1542/2111/467 1536/2103/467 1534/2104/467 1540/2112/467
f 1537/2105/470 1543/2113/470 1545/2114/470 1539/2106/470
f 1539/2107/469 1545/2115/469 1544/2116/469 1538/2108/469
f 1547/2117/472 1541/2109/472 1542/2110/472 1548/2118/472
f 1548/2119/471 1542/2111/471 1540/2112/471 1546/2120/471
f 1543/2113/474 1549/2121/474 1551/2122/474 1545/2114/474
f 1545/2115/473 1551/2123/473 1550/2124/473 1544/2116/473
f 1553/2125/476 1547/2117/476 1548/2118/476 1554/2126/476
f 1554/2127/475 1548/2119/475 1546/2120/475 1552/2128/475
f 1549/2121/786 1555/2129/786 1557/2130/786 1551/2122/786
f 1551/2123/477 1557/2131/477 1556/2132/477 1550/2124/477
f 1559/2133/787 1553/2125/787 1554/2126/787 1560/2134/787
f 1560/2135/788 1554/2127/788 1552/2128/788 1558/2136/788
f 1555/2137/789 1561/2138/789 1563/2139/789 1557/2140/789
f 1557/2131/790 1563/2141/790 1562/2142/790 1556/2132/790
f 1565/2143/791 1559/2144/791 1560/2145/791 1566/2146/791
f 1566/2147/792 1560/2135/792 1558/2136/792 1564/2148/792
f 1561/2138/486 1567/2149/486 1569/2150/486 1563/2139/486
f 1563/2141/485 1569/2151/485 1568/2152/485 1562/2142/485
f 1571/2153/793 1565/2143/793 1566/2146/793 1572/2154/793
f 1572/2155/487 1566/2147/487 1564/2148/487 1570/2156/487
f 1567/2149/794 1573/2157/794 1575/2158/794 1569/2150/794
f 1569/2151/489 1575/2159/489 1574/2160/489 1568/2152/489
f 1577/2161/795 1571/2153/795 1572/2154/795 1578/2162/795
f 1578/2163/491 1572/2155/491 1570/2156/491 1576/2164/491
f 1573/2157/494 1579/2165/494 1581/2166/494 1575/2158/494
f 1575/2159/493 1581/2167/493 1580/2168/493 1574/2160/493
f 1583/2169/496 1577/2161/496 1578/2162/496 1584/2170/496
f 1584/2171/495 1578/2163/495 1576/2164/495 1582/2172/495
f 1579/2165/498 1585/2173/498 1587/2174/498 1581/2166/498
f 1581/2167/497 1587/2175/497 1586/2176/497 1580/2168/497
f 1589/2177/500 1583/2169/500 1584/2170/500 1590/2178/500
f 1590/2179/499 1584/2171/499 1582/2172/499 1588/2180/499
f 1585/2173/502 1591/2181/502 1593/2182/502 1587/2174/502
f 1587/2175/501 1593/2183/501 1592/2184/501 1586/2176/501
f 1595/2185/504 1589/2177/504 1590/2178/504 1596/2186/504
f 1596/2187/503 1590/2179/503 1588/2180/503 1594/2188/503
f 1591/2181/506 1597/2189/506 1599/2190/506 1593/2182/506
f 1593/2183/505 1599/2191/505 1598/2192/505 1592/2184/505
f 1601/2193/508 1595/2185/508 1596/2186/508 1602/2194/508
f 1602/2195/507 1596/2187/507 1594/2188/507 1600/2196/507
f 1597/2189/510 1603/2197/510 1605/2198/510 1599/2190/510
f 1599/2191/509 1605/2199/509 1604/2200/509 1598/2192/509
f 1607/2201/512 1601/2193/512 1602/2194/512 1608/2202/512
f 1608/2203/511 1602/2195/511 1600/2196/511 1606/2204/511
f 1603/2197/514 1609/2205/514 1611/2206/514 1605/2198/514
f 1605/2199/513 1611/2207/513 1610/2208/513 1604/2200/513
f 1613/2209/516 1607/2201/516 1608/2202/516 1614/2210/516
f 1614/2211/515 1608/2203/515 1606/2204/515 1612/2212/515
f 1609/2205/518 1615/2213/518 1617/2214/518 1611/2206/518
f 1611/2207/517 1617/2215/517 1616/2216/517 1610/2208/517
f 1619/2217/520 1613/2209/520 1614/2210/520 1620/2218/520
f 1620/2219/796 1614/2211/796 1612/2212/796 1618/2220/796
f 1615/2213/522 1621/2221/522 1623/2222/522 1617/2214/522
f 1617/2215/521 1623/2223/521 1622/2224/521 1616/2216/521
f 1625/2225/524 1619/2217/524 1620/2218/524 1626/2226/524
f 1626/2227/523 1620/2219/523 1618/2220/523 1624/2228/523
f 1621/2221/526 1627/2229/526 1629/2230/526 1623/2222/526
f 1623/2223/525 1629/2231/525 1628/2232/525 1622/2224/525
f 1631/2233/528 1625/2225/528 1626/2226/528 1632/2234/528
f 1632/2235/527 1626/2227/527 1624/2228/527 1630/2236/527
f 1627/2229/530 1633/2237/530 1635/2238/530 1629/2230/530
f 1629/2231/529 1635/2239/529 1634/2240/529 1628/2232/529
f 1637/2241/532 1631/2233/532 1632/2234/532 1638/2242/532
f 1638/2243/797 1632/2235/797 1630/2236/797 1636/2244/797
f 1633/2237/534 1639/2245/534 1641/2246/534 1635/2238/534
f 1635/2239/533 1641/2247/533 1640/2248/533 1634/2240/533
f 1643/2249/536 1637/2241/536 1638/2242/536 1644/2250/536
f 1644/2251/535 1638/2243/535 1636/2244/535 1642/2252/535
f 1639/2245/538 1645/2253/538 1647/2254/538 1641/2246/538
f 1641/2247/537 1647/2255/537 1646/2256/537 1640/2248/537
f 1649/2257/540 1643/2249/540 1644/2250/540 1650/2258/540
f 1650/2259/539 1644/2251/539 1642/2252/539 1648/2260/539
f 1645/2253/542 1651/2261/542 1653/2262/542 1647/2254/542
f 1647/2255/541 1653/2263/541 1652/2264/541 1646/2256/541
f 1655/2265/544 1649/2257/544 1650/2258/544 1656/2266/544
f 1656/2267/543 1650/2259/543 1648/2260/543 1654/2268/543
f 1651/2261/546 1657/2269/546 1659/2270/546 1653/2262/546
f 1653/2263/545 1659/2271/545 1658/2272/545 1652/2264/545
f 1661/2273/548 1655/2265/548 1656/2266/548 1662/2274/548
f 1662/2275/547 1656/2267/547 1654/2268/547 1660/2276/547
f 1657/2269/550 1663/2277/550 1665/2278/550 1659/2270/550
f 1659/2271/549 1665/2279/549 1664/2280/549 1658/2272/549
f 1667/2281/552 1661/2273/552 1662/2274/552 1668/2282/552
f 1668/2283/551 1662/2275/551 1660/2276/551 1666/2284/551
f 1663/2277/554 1669/2285/554 1671/2286/554 1665/2278/554
f 1665/2279/553 1671/2287/553 1670/2288/553 1664/2280/553
f 1673/2289/556 1667/2281/556 1668/2282/556 1674/2290/556
f 1674/2291/555 1668/2283/555 1666/2284/555 1672/2292/555
f 1669/2285/798 1675/2293/798 1677/2294/798 1671/2286/798
f 1671/2287/557 1677/2295/557 1676/2296/557 1670/2288/557
f 1679/2297/799 1673/2289/799 1674/2290/799 1680/2298/799
f 1680/2299/559 1674/2291/559 1672/2292/559 1678/2300/559
f 1675/2293/562 1681/2301/562 1683/2302/562 1677/2294/562
f 1677/2295/561 1683/2303/561 1682/2304/561 1676/2296/561
f 1685/2305/800 1679/2297/800 1680/2298/800 1686/2306/800
f 1686/2307/563 1680/2299/563 1678/2300/563 1684/2308/563
f 1681/2301/801 1687/2309/801 1689/2310/801 1683/2302/801
f 1683/2303/802 1689/2311/802 1688/2312/802 1682/2304/802
f 1691/2313/803 1685/2305/803 1686/2306/803 1692/2314/803
f 1692/2315/804 1686/2307/804 1684/2308/804 1690/2316/804
f 1687/2317/805 1693/2318/805 1695/2319/805 1689/2320/805
f 1689/2311/806 1695/2321/806 1694/2322/806 1688/2312/806
f 1697/2323/807 1691/2324/807 1692/2325/807 1698/2326/807
f 1698/2327/808 1692/2315/808 1690/2316/808 1696/2328/808
f 1693/2318/574 1699/2329/574 1701/2330/574 1695/2319/574
f 1695/2321/573 1701/2331/573 1700/2332/573 1694/2322/573
f 1703/2333/576 1697/2323/576 1698/2326/576 1704/2334/576
f 1704/2335/575 1698/2327/575 1696/2328/575 1702/2336/575
f 1699/2329/578 1705/2337/578 1707/2338/578 1701/2330/578
f 1701/2331/577 1707/2339/577 1706/2340/577 1700/2332/577
f 1709/2341/580 1703/2333/580 1704/2334/580 1710/2342/580
f 1710/2343/579 1704/2335/579 1702/2336/579 1708/2344/579
f 1705/2337/809 1711/2345/809 1713/2346/809 1707/2338/809
f 1707/2339/581 1713/2347/581 1712/2348/581 1706/2340/581
f 1715/2349/810 1709/2341/810 1710/2342/810 1716/2350/810
f 1716/2351/583 1710/2343/583 1708/2344/583 1714/2352/583
f 1711/2345/811 1717/2353/811 1719/2354/811 1713/2346/811
f 1713/2347/812 1719/2355/812 1718/2356/812 1712/2348/812
f 1721/2357/588 1715/2349/588 1716/2350/588 1722/2358/588
f 1722/2359/813 1716/2351/813 1714/2352/813 1720/2360/813
f 1717/2353/590 1723/2361/590 1725/2362/590 1719/2354/590
f 1719/2355/814 1725/2363/814 1724/2364/814 1718/2356/814
f 1727/2365/592 1721/2357/592 1722/2358/592 1728/2366/592
f 1728/2367/815 1722/2359/815 1720/2360/815 1726/2368/815
f 1723/2361/594 1298/1777/594 1299/1780/594 1725/2362/594
f 1725/2363/593 1299/1781/593 1297/1784/593 1724/2364/593
f 1300/1786/596 1727/2365/596 1728/2366/596 1302/1787/596
f 1302/1790/595 1728/2367/595 1726/2368/595 1301/1791/595
f 1292/1772/816 865/1192/816 869/1199/816 1294/1776/816
f 865/1192/817 872/1191/817 874/1200/817 869/1199/817
f 866/1185/357 1291/1769/357 1724/2364/357 1297/1784/357
f 871/1186/357 866/1185/357 1297/1784/357 1304/1783/357
f 1295/1773/358 868/1194/358 1301/1791/358 1726/2368/358
f 868/1194/358 875/1193/358 1306/1792/358 1301/1791/358
f 872/1191/818 878/1204/818 880/1208/818 874/1200/818
f 877/1201/357 871/1186/357 1304/1783/357 1310/1796/357
f 875/1193/358 881/1205/358 1312/1800/358 1306/1792/358
f 878/1204/819 884/1212/819 886/1216/819 880/1208/819
f 883/1209/357 877/1201/357 1310/1796/357 1316/1804/357
f 881/1205/358 887/1213/358 1318/1808/358 1312/1800/358
f 884/1212/820 890/1220/820 892/1224/820 886/1216/820
f 889/1217/357 883/1209/357 1316/1804/357 1322/1812/357
f 887/1213/358 893/1221/358 1324/1816/358 1318/1808/358
f 890/1220/821 896/1228/821 898/1232/821 892/1224/821
f 895/1225/357 889/1217/357 1322/1812/357 1328/1820/357
f 893/1221/358 899/1229/358 1330/1824/358 1324/1816/358
f 896/1228/822 902/1236/822 904/1240/822 898/1232/822
f 901/1233/357 895/1225/357 1328/1820/357 1334/1828/357
f 899/1229/358 905/1237/358 1336/1832/358 1330/1824/358
f 902/1236/823 908/1244/823 910/1248/823 904/1240/823
f 907/1241/357 901/1233/357 1334/1828/357 1340/1836/357
f 905/1237/358 911/1245/358 1342/1840/358 1336/1832/358
f 908/1254/824 914/1253/824 916/1260/824 910/1259/824
f 913/1249/357 907/1241/357 1340/1836/357 1346/1846/357
f 911/1245/358 917/1255/358 1348/1852/358 1342/1840/358
f 914/1253/825 920/1264/825 922/1268/825 916/1260/825
f 919/1261/357 913/1249/357 1346/1846/357 1352/1856/357
f 917/1255/358 923/1265/358 1354/1860/358 1348/1852/358
f 920/1264/826 926/1272/826 928/1276/826 922/1268/826
f 925/1269/357 919/1261/357 1352/1856/357 1358/1864/357
f 923/1265/358 929/1273/358 1360/1868/358 1354/1860/358
f 926/1272/827 932/1280/827 934/1284/827 928/1276/827
f 931/1277/357 925/1269/357 1358/1864/357 1364/1872/357
f 929/1273/358 935/1281/358 1366/1876/358 1360/1868/358
f 932/1280/828 938/1288/828 940/1292/828 934/1284/828
f 937/1285/357 931/1277/357 1364/1872/357 1370/1880/357
f 935/1281/358 941/1289/358 1372/1884/358 1366/1876/358
f 938/1288/829 944/1296/829 946/1300/829 940/1292/829
f 943/1293/357 937/1285/357 1370/1880/357 1376/1888/357
f 941/1289/358 947/1297/358 1378/1892/358 1372/1884/358
f 944/1296/830 950/1304/830 952/1308/830 946/1300/830
f 949/1301/357 943/1293/357 1376/1888/357 1382/1896/357
f 947/1297/358 953/1305/358 1384/1900/358 1378/1892/358
f 950/1304/831 956/1312/831 958/1316/831 952/1308/831
f 955/1309/357 949/1301/357 1382/1896/357 1388/1904/357
f 953/1305/358 959/1313/358 1390/1908/358 1384/1900/358
f 956/1312/832 962/1320/832 964/1324/832 958/1316/832
f 961/1317/357 955/1309/357 1388/1904/357 1394/1912/357
f 959/1313/358 965/1321/358 1396/1916/358 1390/1908/358
f 962/1320/833 968/1328/833 970/1332/833 964/1324/833
f 967/1325/357 961/1317/357 1394/1912/357 1400/1920/357
f 965/1321/358 971/1329/358 1402/1924/358 1396/1916/358
f 968/1328/834 974/1336/834 976/1340/834 970/1332/834
f 973/1333/357 967/1325/357 1400/1920/357 1406/1928/357
f 971/1329/358 977/1337/358 1408/1932/358 1402/1924/358
f 974/1336/835 980/1344/835 982/1348/835 976/1340/835
f 979/1341/357 973/1333/357 1406/1928/357 1412/1936/357
f 977/1337/358 983/1345/358 1414/1940/358 1408/1932/358
f 980/1344/836 986/1352/836 988/1356/836 982/1348/836
f 985/1349/357 979/1341/357 1412/1936/357 1418/1944/357
f 983/1345/358 989/1353/358 1420/1948/358 1414/1940/358
f 986/1352/837 992/1360/837 994/1364/837 988/1356/837
f 991/1357/357 985/1349/357 1418/1944/357 1424/1952/357
f 989/1353/358 995/1361/358 1426/1956/358 1420/1948/358
f 992/1360/838 998/1368/838 1000/1372/838 994/1364/838
f 997/1365/357 991/1357/357 1424/1952/357 1430/1960/357
f 995/1361/358 1001/1369/358 1432/1964/358 1426/1956/358
f 998/1368/839 1004/1376/839 1006/1380/839 1000/1372/839
f 1003/1373/357 997/1365/357 1430/1960/357 1436/1968/357
f 1001/1369/358 1007/1377/358 1438/1972/358 1432/1964/358
f 1004/1376/840 1010/1384/840 1012/1388/840 1006/1380/840
f 1009/1381/357 1003/1373/357 1436/1968/357 1442/1976/357
f 1007/1377/358 1013/1385/358 1444/1980/358 1438/1972/358
f 1010/1384/841 1016/1392/841 1018/1396/841 1012/1388/841
f 1015/1389/357 1009/1381/357 1442/1976/357 1448/1984/357
f 1013/1385/358 1019/1393/358 1450/1988/358 1444/1980/358
f 1016/1392/842 1022/1400/842 1024/1404/842 1018/1396/842
f 1021/1397/357 1015/1389/357 1448/1984/357 1454/1992/357
f 1019/1393/358 1025/1401/358 1456/1996/358 1450/1988/358
f 1022/1400/843 1028/1408/843 1030/1412/843 1024/1404/843
f 1027/1405/357 1021/1397/357 1454/1992/357 1460/2000/357
f 1025/1401/358 1031/1409/358 1462/2004/358 1456/1996/358
f 1028/1408/844 1034/1416/844 1036/1420/844 1030/1412/844
f 1033/1413/357 1027/1405/357 1460/2000/357 1466/2008/357
f 1031/1409/358 1037/1417/358 1468/2012/358 1462/2004/358
f 1034/1416/845 1040/1424/845 1042/1428/845 1036/1420/845
f 1039/1421/357 1033/1413/357 1466/2008/357 1472/2016/357
f 1037/1417/358 1043/1425/358 1474/2020/358 1468/2012/358
f 1040/1434/846 1046/1433/846 1048/1440/846 1042/1439/846
f 1045/1429/357 1039/1421/357 1472/2016/357 1478/2026/357
f 1043/1425/358 1049/1435/358 1480/2032/358 1474/2020/358
f 1046/1433/847 1052/1444/847 1054/1448/847 1048/1440/847
f 1051/1441/357 1045/1429/357 1478/2026/357 1484/2036/357
f 1049/1435/358 1055/1445/358 1486/2040/358 1480/2032/358
f 1052/1444/848 1058/1452/848 1060/1456/848 1054/1448/848
f 1057/1449/357 1051/1441/357 1484/2036/357 1490/2044/357
f 1055/1445/358 1061/1453/358 1492/2048/358 1486/2040/358
f 1058/1452/849 1064/1460/849 1066/1464/849 1060/1456/849
f 1063/1457/357 1057/1449/357 1490/2044/357 1496/2052/357
f 1061/1453/358 1067/1461/358 1498/2056/358 1492/2048/358
f 1064/1460/850 1070/1468/850 1072/1472/850 1066/1464/850
f 1069/1465/357 1063/1457/357 1496/2052/357 1502/2060/357
f 1067/1461/358 1073/1469/358 1504/2064/358 1498/2056/358
f 1070/1468/851 1076/1476/851 1078/1480/851 1072/1472/851
f 1075/1473/357 1069/1465/357 1502/2060/357 1508/2068/357
f 1073/1469/358 1079/1477/358 1510/2072/358 1504/2064/358
f 1076/1476/852 1082/1484/852 1084/1488/852 1078/1480/852
f 1081/1481/357 1075/1473/357 1508/2068/357 1514/2076/357
f 1079/1477/358 1085/1485/358 1516/2080/358 1510/2072/358
f 1082/1484/853 1088/1492/853 1090/1496/853 1084/1488/853
f 1087/1489/357 1081/1481/357 1514/2076/357 1520/2084/357
f 1085/1485/358 1091/1493/358 1522/2088/358 1516/2080/358
f 1088/1492/854 1094/1500/854 1096/1504/854 1090/1496/854
f 1093/1497/357 1087/1489/357 1520/2084/357 1526/2092/357
f 1091/1493/358 1097/1501/358 1528/2096/358 1522/2088/358
f 1094/1500/855 1100/1508/855 1102/1512/855 1096/1504/855
f 1099/1505/357 1093/1497/357 1526/2092/357 1532/2100/357
f 1097/1501/358 1103/1509/358 1534/2104/358 1528/2096/358
f 1100/1508/856 1106/1516/856 1108/1520/856 1102/1512/856
f 1105/1513/357 1099/1505/357 1532/2100/357 1538/2108/357
f 1103/1509/358 1109/1517/358 1540/2112/358 1534/2104/358
f 1106/1516/857 1112/1524/857 1114/1528/857 1108/1520/857
f 1111/1521/357 1105/1513/357 1538/2108/357 1544/2116/357
f 1109/1517/358 1115/1525/358 1546/2120/358 1540/2112/358
f 1112/1524/858 1118/1532/858 1120/1536/858 1114/1528/858
f 1117/1529/357 1111/1521/357 1544/2116/357 1550/2124/357
f 1115/1525/358 1121/1533/358 1552/2128/358 1546/2120/358
f 1118/1532/859 1124/1540/859 1126/1544/859 1120/1536/859
f 1123/1537/357 1117/1529/357 1550/2124/357 1556/2132/357
f 1121/1533/358 1127/1541/358 1558/2136/358 1552/2128/358
f 1124/1550/860 1130/1549/860 1132/1556/860 1126/1555/860
f 1129/1545/357 1123/1537/357 1556/2132/357 1562/2142/357
f 1127/1541/358 1133/1551/358 1564/2148/358 1558/2136/358
f 1130/1549/861 1136/1560/861 1138/1564/861 1132/1556/861
f 1135/1557/357 1129/1545/357 1562/2142/357 1568/2152/357
f 1133/1551/358 1139/1561/358 1570/2156/358 1564/2148/358
f 1136/1560/862 1142/1568/862 1144/1572/862 1138/1564/862
f 1141/1565/357 1135/1557/357 1568/2152/357 1574/2160/357
f 1139/1561/358 1145/1569/358 1576/2164/358 1570/2156/358
f 1142/1568/863 1148/1576/863 1150/1580/863 1144/1572/863
f 1147/1573/357 1141/1565/357 1574/2160/357 1580/2168/357
f 1145/1569/358 1151/1577/358 1582/2172/358 1576/2164/358
f 1148/1576/864 1154/1584/864 1156/1588/864 1150/1580/864
f 1153/1581/357 1147/1573/357 1580/2168/357 1586/2176/357
f 1151/1577/358 1157/1585/358 1588/2180/358 1582/2172/358
f 1154/1584/865 1160/1592/865 1162/1596/865 1156/1588/865
f 1159/1589/357 1153/1581/357 1586/2176/357 1592/2184/357
f 1157/1585/358 1163/1593/358 1594/2188/358 1588/2180/358
f 1160/1592/866 1166/1600/866 1168/1604/866 1162/1596/866
f 1165/1597/357 1159/1589/357 1592/2184/357 1598/2192/357
f 1163/1593/358 1169/1601/358 1600/2196/358 1594/2188/358
f 1166/1600/867 1172/1608/867 1174/1612/867 1168/1604/867
f 1171/1605/357 1165/1597/357 1598/2192/357 1604/2200/357
f 1169/1601/358 1175/1609/358 1606/2204/358 1600/2196/358
f 1172/1608/868 1178/1616/868 1180/1620/868 1174/1612/868
f 1177/1613/357 1171/1605/357 1604/2200/357 1610/2208/357
f 1175/1609/358 1181/1617/358 1612/2212/358 1606/2204/358
f 1178/1616/869 1184/1624/869 1186/1628/869 1180/1620/869
f 1183/1621/357 1177/1613/357 1610/2208/357 1616/2216/357
f 1181/1617/358 1187/1625/358 1618/2220/358 1612/2212/358
f 1184/1624/870 1190/1632/870 1192/1636/870 1186/1628/870
f 1189/1629/357 1183/1621/357 1616/2216/357 1622/2224/357
f 1187/1625/358 1193/1633/358 1624/2228/358 1618/2220/358
f 1190/1632/871 1196/1640/871 1198/1644/871 1192/1636/871
f 1195/1637/357 1189/1629/357 1622/2224/357 1628/2232/357
f 1193/1633/358 1199/1641/358 1630/2236/358 1624/2228/358
f 1196/1640/872 1202/1648/872 1204/1652/872 1198/1644/872
f 1201/1645/357 1195/1637/357 1628/2232/357 1634/2240/357
f 1199/1641/358 1205/1649/358 1636/2244/358 1630/2236/358
f 1202/1648/873 1208/1656/873 1210/1660/873 1204/1652/873
f 1207/1653/357 1201/1645/357 1634/2240/357 1640/2248/357
f 1205/1649/358 1211/1657/358 1642/2252/358 1636/2244/358
f 1208/1656/874 1214/1664/874 1216/1668/874 1210/1660/874
f 1213/1661/357 1207/1653/357 1640/2248/357 1646/2256/357
f 1211/1657/358 1217/1665/358 1648/2260/358 1642/2252/358
f 1214/1664/875 1220/1672/875 1222/1676/875 1216/1668/875
f 1219/1669/357 1213/1661/357 1646/2256/357 1652/2264/357
f 1217/1665/358 1223/1673/358 1654/2268/358 1648/2260/358
f 1220/1672/876 1226/1680/876 1228/1684/876 1222/1676/876
f 1225/1677/357 1219/1669/357 1652/2264/357 1658/2272/357
f 1223/1673/358 1229/1681/358 1660/2276/358 1654/2268/358
f 1226/1680/877 1232/1688/877 1234/1692/877 1228/1684/877
f 1231/1685/357 1225/1677/357 1658/2272/357 1664/2280/357
f 1229/1681/358 1235/1689/358 1666/2284/358 1660/2276/358
f 1232/1688/878 1238/1696/878 1240/1700/878 1234/1692/878
f 1237/1693/357 1231/1685/357 1664/2280/357 1670/2288/357
f 1235/1689/358 1241/1697/358 1672/2292/358 1666/2284/358
f 1238/1696/879 1244/1704/879 1246/1708/879 1240/1700/879
f 1243/1701/357 1237/1693/357 1670/2288/357 1676/2296/357
f 1241/1697/358 1247/1705/358 1678/2300/358 1672/2292/358
f 1244/1704/880 1250/1712/880 1252/1716/880 1246/1708/880
f 1249/1709/357 1243/1701/357 1676/2296/357 1682/2304/357
f 1247/1705/358 1253/1713/358 1684/2308/358 1678/2300/358
f 1250/1712/881 1256/1720/881 1258/1724/881 1252/1716/881
f 1255/1717/357 1249/1709/357 1682/2304/357 1688/2312/357
f 1253/1713/358 1259/1721/358 1690/2316/358 1684/2308/358
f 1256/1730/882 1262/1729/882 1264/1736/882 1258/1735/882
f 1261/1725/357 1255/1717/357 1688/2312/357 1694/2322/357
f 1259/1721/358 1265/1731/358 1696/2328/358 1690/2316/358
f 1262/1729/883 1268/1740/883 1270/1744/883 1264/1736/883
f 1267/1737/357 1261/1725/357 1694/2322/357 1700/2332/357
f 1265/1731/358 1271/1741/358 1702/2336/358 1696/2328/358
f 1268/1740/884 1274/1748/884 1276/1752/884 1270/1744/884
f 1273/1745/357 1267/1737/357 1700/2332/357 1706/2340/357
f 1271/1741/358 1277/1749/358 1708/2344/358 1702/2336/358
f 1274/1748/885 1280/1756/885 1282/1760/885 1276/1752/885
f 1279/1753/357 1273/1745/357 1706/2340/357 1712/2348/357
f 1277/1749/358 1283/1757/358 1714/2352/358 1708/2344/358
f 1280/1756/886 1286/1764/886 1288/1768/886 1282/1760/886
f 1285/1761/357 1279/1753/357 1712/2348/357 1718/2356/357
f 1283/1757/358 1289/1765/358 1720/2360/358 1714/2352/358
f 1286/1764/887 1292/1772/887 1294/1776/887 1288/1768/887
f 1291/1769/357 1285/1761/357 1718/2356/357 1724/2364/357
f 1289/1765/358 1295/1773/358 1726/2368/358 1720/2360/358
f 1723/2361/852 1727/2365/852 1300/1786/852 1298/1777/852
f 1298/1777/853 1300/1786/853 1307/1785/853 1303/1778/853
f 1303/1778/854 1307/1785/854 1313/1797/854 1309/1793/854
f 1309/1793/888 1313/1797/888 1319/1805/888 1315/1801/888
f 1315/1801/889 1319/1805/889 1325/1813/889 1321/1809/889
f 1321/1809/890 1325/1813/890 1331/1821/890 1327/1817/890
f 1327/1817/858 1331/1821/858 1337/1829/858 1333/1825/858
f 1333/1825/859 1337/1829/859 1343/1837/859 1339/1833/859
f 1339/1841/860 1343/1848/860 1349/1847/860 1345/1842/860
f 1345/1842/861 1349/1847/861 1355/1857/861 1351/1853/861
f 1351/1853/862 1355/1857/862 1361/1865/862 1357/1861/862
f 1357/1861/863 1361/1865/863 1367/1873/863 1363/1869/863
f 1363/1869/864 1367/1873/864 1373/1881/864 1369/1877/864
f 1369/1877/865 1373/1881/865 1379/1889/865 1375/1885/865
f 1375/1885/891 1379/1889/891 1385/1897/891 1381/1893/891
f 1381/1893/867 1385/1897/867 1391/1905/867 1387/1901/867
f 1387/1901/892 1391/1905/892 1397/1913/892 1393/1909/892
f 1393/1909/869 1397/1913/869 1403/1921/869 1399/1917/869
f 1399/1917/870 1403/1921/870 1409/1929/870 1405/1925/870
f 1405/1925/871 1409/1929/871 1415/1937/871 1411/1933/871
f 1411/1933/872 1415/1937/872 1421/1945/872 1417/1941/872
f 1417/1941/893 1421/1945/893 1427/1953/893 1423/1949/893
f 1423/1949/874 1427/1953/874 1433/1961/874 1429/1957/874
f 1429/1957/894 1433/1961/894 1439/1969/894 1435/1965/894
f 1435/1965/876 1439/1969/876 1445/1977/876 1441/1973/876
f 1441/1973/877 1445/1977/877 1451/1985/877 1447/1981/877
f 1447/1981/878 1451/1985/878 1457/1993/878 1453/1989/878
f 1453/1989/879 1457/1993/879 1463/2001/879 1459/1997/879
f 1459/1997/880 1463/2001/880 1469/2009/880 1465/2005/880
f 1465/2005/881 1469/2009/881 1475/2017/881 1471/2013/881
f 1471/2021/882 1475/2028/882 1481/2027/882 1477/2022/882
f 1477/2022/883 1481/2027/883 1487/2037/883 1483/2033/883
f 1483/2033/895 1487/2037/895 1493/2045/895 1489/2041/895
f 1489/2041/896 1493/2045/896 1499/2053/896 1495/2049/896
f 1495/2049/897 1499/2053/897 1505/2061/897 1501/2057/897
f 1501/2057/887 1505/2061/887 1511/2069/887 1507/2065/887
f 1507/2065/816 1511/2069/816 1517/2077/816 1513/2073/816
f 1513/2073/817 1517/2077/817 1523/2085/817 1519/2081/817
f 1519/2081/818 1523/2085/818 1529/2093/818 1525/2089/818
f 1525/2089/898 1529/2093/898 1535/2101/898 1531/2097/898
f 1531/2097/899 1535/2101/899 1541/2109/899 1537/2105/899
f 1537/2105/900 1541/2109/900 1547/2117/900 1543/2113/900
f 1543/2113/822 1547/2117/822 1553/2125/822 1549/2121/822
f 1549/2121/823 1553/2125/823 1559/2133/823 1555/2129/823
f 1555/2137/824 1559/2144/824 1565/2143/824 1561/2138/824
f 1561/2138/825 1565/2143/825 1571/2153/825 1567/2149/825
f 1567/2149/826 1571/2153/826 1577/2161/826 1573/2157/826
f 1573/2157/827 1577/2161/827 1583/2169/827 1579/2165/827
f 1579/2165/828 1583/2169/828 1589/2177/828 1585/2173/828
f 1585/2173/829 1589/2177/829 1595/2185/829 1591/2181/829
f 1591/2181/830 1595/2185/830 1601/2193/830 1597/2189/830
f 1597/2189/831 1601/2193/831 1607/2201/831 1603/2197/831
f 1603/2197/901 1607/2201/901 1613/2209/901 1609/2205/901
f 1609/2205/833 1613/2209/833 1619/2217/833 1615/2213/833
f 1615/2213/834 1619/2217/834 1625/2225/834 1621/2221/834
f 1621/2221/835 1625/2225/835 1631/2233/835 1627/2229/835
f 1627/2229/836 1631/2233/836 1637/2241/836 1633/2237/836
f 1633/2237/902 1637/2241/902 1643/2249/902 1639/2245/902
f 1639/2245/838 1643/2249/838 1649/2257/838 1645/2253/838
f 1645/2253/839 1649/2257/839 1655/2265/839 1651/2261/839
f 1651/2261/840 1655/2265/840 1661/2273/840 1657/2269/840
f 1657/2269/841 1661/2273/841 1667/2281/841 1663/2277/841
f 1663/2277/842 1667/2281/842 1673/2289/842 1669/2285/842
f 1669/2285/843 1673/2289/843 1679/2297/843 1675/2293/843
f 1675/2293/844 1679/2297/844 1685/2305/844 1681/2301/844
f 1681/2301/845 1685/2305/845 1691/2313/845 1687/2309/845
f 1687/2317/846 1691/2324/846 1697/2323/846 1693/2318/846
f 1693/2318/847 1697/2323/847 1703/2333/847 1699/2329/847
f 1699/2329/903 1703/2333/903 1709/2341/903 1705/2337/903
f 1705/2337/904 1709/2341/904 1715/2349/904 1711/2345/904
f 1711/2345/905 1715/2349/905 1721/2357/905 1717/2353/905
f 1717/2353/851 1721/2357/851 1727/2365/851 1723/2361/851
f 1729/2369/906 1730/2370/906 1732/2371/906 1731/2372/906
f 1731/2373/907 1732/2374/907 1736/2375/907 1735/2376/907
f 1735/2377/908 1736/2378/908 1734/2379/908 1733/2380/908
f 1733/2381/909 1734/2382/909 1730/2383/909 1729/2384/909
f 1731/2385/357 1735/2386/357 1733/2387/357 1729/2388/357
f 1736/2389/358 1732/2390/358 1730/2391/358 1734/2392/358
usemtl M_Buckle
f 1737/2393/910 1745/2394/910 1746/2395/910 1738/2396/910
f 1738/2397/911 1746/2398/911 1747/2399/911 1739/2400/911
f 1739/2400/912 1747/2399/912 1748/2401/912 1740/2402/912
f 1740/2403/913 1748/2404/913 1749/2405/913 1741/2406/913
f 1741/2406/914 1749/2405/914 1750/2407/914 1742/2408/914
f 1742/2409/915 1750/2410/915 1751/2411/915 1743/2412/915
f 1743/2412/916 1751/2411/916 1752/2413/916 1744/2414/916
f 1744/2415/917 1752/2416/917 1745/2394/917 1737/2393/917
f 1745/2394/918 1753/2417/918 1754/2418/918 1746/2395/918
f 1746/2398/919 1754/2419/919 1755/2420/919 1747/2399/919
f 1747/2399/920 1755/2420/920 1756/2421/920 1748/2401/920
f 1748/2404/921 1756/2422/921 1757/2423/921 1749/2405/921
f 1749/2405/922 1757/2423/922 1758/2424/922 1750/2407/922
f 1750/2410/923 1758/2425/923 1759/2426/923 1751/2411/923
f 1751/2411/924 1759/2426/924 1760/2427/924 1752/2413/924
f 1752/2416/925 1760/2428/925 1753/2417/925 1745/2394/925
f 1753/2417/926 1761/2429/926 1762/2430/926 1754/2418/926
f 1754/2419/927 1762/2431/927 1763/2432/927 1755/2420/927
f 1755/2420/928 1763/2432/928 1764/2433/928 1756/2421/928
f 1756/2422/929 1764/2434/929 1765/2435/929 1757/2423/929
f 1757/2423/930 1765/2435/930 1766/2436/930 1758/2424/930
f 1758/2425/931 1766/2437/931 1767/2438/931 1759/2426/931
f 1759/2426/932 1767/2438/932 1768/2439/932 1760/2427/932
f 1760/2428/933 1768/2440/933 1761/2429/933 1753/2417/933
f 1761/2441/934 1769/2442/934 1770/2443/934 1762/2444/934
f 1762/2431/935 1770/2445/935 1771/2446/935 1763/2432/935
f 1763/2432/936 1771/2446/936 1772/2447/936 1764/2433/936
f 1764/2448/937 1772/2449/937 1773/2450/937 1765/2451/937
f 1765/2451/938 1773/2450/938 1774/2452/938 1766/2453/938
f 1766/2437/939 1774/2454/939 1775/2455/939 1767/2438/939
f 1767/2438/940 1775/2455/940 1776/2456/940 1768/2439/940
f 1768/2457/941 1776/2458/941 1769/2442/941 1761/2441/941
f 1769/2442/942 1777/2459/942 1778/2460/942 1770/2443/942
f 1770/2445/943 1778/2461/943 1779/2462/943 1771/2446/943
f 1771/2446/944 1779/2462/944 1780/2463/944 1772/2447/944
f 1772/2449/945 1780/2464/945 1781/2465/945 1773/2450/945
f 1773/2450/946 1781/2465/946 1782/2466/946 1774/2452/946
f 1774/2454/947 1782/2467/947 1783/2468/947 1775/2455/947
f 1775/2455/948 1783/2468/948 1784/2469/948 1776/2456/948
f 1776/2458/949 1784/2470/949 1777/2459/949 1769/2442/949
f 1777/2459/950 1785/2471/950 1786/2472/950 1778/2460/950
f 1778/2461/951 1786/2473/951 1787/2474/951 1779/2462/951
f 1779/2462/952 1787/2474/952 1788/2475/952 1780/2463/952
f 1780/2464/953 1788/2476/953 1789/2477/953 1781/2465/953
f 1781/2465/954 1789/2477/954 1790/2478/954 1782/2466/954
f 1782/2467/955 1790/2479/955 1791/2480/955 1783/2468/955
f 1783/2468/956 1791/2480/956 1792/2481/956 1784/2469/956
f 1784/2470/957 1792/2482/957 1785/2471/957 1777/2459/957
f 1785/2471/958 1793/2483/958 1794/2484/958 1786/2472/958
f 1786/2473/959 1794/2485/959 1795/2486/959 1787/2474/959
f 1787/2474/960 1795/2486/960 1796/2487/960 1788/2475/960
f 1788/2476/961 1796/2488/961 1797/2489/961 1789/2477/961
f 1789/2477/962 1797/2489/962 1798/2490/962 1790/2478/962
f 1790/2479/963 1798/2491/963 1799/2492/963 1791/2480/963
f 1791/2480/964 1799/2492/964 1800/2493/964 1792/2481/964
f 1792/2482/965 1800/2494/965 1793/2483/965 1785/2471/965
f 1793/2483/966 1801/2495/966 1802/2496/966 1794/2484/966
f 1794/2485/967 1802/2497/967 1803/2498/967 1795/2486/967
f 1795/2486/968 1803/2498/968 1804/2499/968 1796/2487/968
f 1796/2488/969 1804/2500/969 1805/2501/969 1797/2489/969
f 1797/2489/970 1805/2501/970 1806/2502/970 1798/2490/970
f 1798/2491/971 1806/2503/971 1807/2504/971 1799/2492/971
f 1799/2492/972 1807/2504/972 1808/2505/972 1800/2493/972
f 1800/2494/973 1808/2506/973 1801/2495/973 1793/2483/973
f 1801/2495/974 1809/2507/974 1810/2508/974 1802/2496/974
f 1802/2497/975 1810/2509/975 1811/2510/975 1803/2498/975
f 1803/2498/976 1811/2510/976 1812/2511/976 1804/2499/976
f 1804/2500/977 1812/2512/977 1813/2513/977 1805/2501/977
f 1805/2501/978 1813/2513/978 1814/2514/978 1806/2502/978
f 1806/2503/979 1814/2515/979 1815/2516/979 1807/2504/979
f 1807/2504/980 1815/2516/980 1816/2517/980 1808/2505/980
f 1808/2506/981 1816/2518/981 1809/2507/981 1801/2495/981
f 1809/2519/982 1817/2520/982 1818/2521/982 1810/2522/982
f 1810/2509/983 1818/2523/983 1819/2524/983 1811/2510/983
f 1811/2510/984 1819/2524/984 1820/2525/984 1812/2511/984
f 1812/2526/985 1820/2527/985 1821/2528/985 1813/2529/985
f 1813/2529/986 1821/2528/986 1822/2530/986 1814/2531/986
f 1814/2515/987 1822/2532/987 1823/2533/987 1815/2516/987
f 1815/2516/988 1823/2533/988 1824/2534/988 1816/2517/988
f 1816/2535/989 1824/2536/989 1817/2520/989 1809/2519/989
f 1817/2520/990 1825/2537/990 1826/2538/990 1818/2521/990
f 1818/2523/991 1826/2539/991 1827/2540/991 1819/2524/991
f 1819/2524/992 1827/2540/992 1828/2541/992 1820/2525/992
f 1820/2527/993 1828/2542/993 1829/2543/993 1821/2528/993
f 1821/2528/994 1829/2543/994 1830/2544/994 1822/2530/994
f 1822/2532/995 1830/2545/995 1831/2546/995 1823/2533/995
f 1823/2533/996 1831/2546/996 1832/2547/996 1824/2534/996
f 1824/2536/997 1832/2548/997 1825/2537/997 1817/2520/997
f 1825/2537/998 1833/2549/998 1834/2550/998 1826/2538/998
f 1826/2539/999 1834/2551/999 1835/2552/999 1827/2540/999
f 1827/2540/1000 1835/2552/1000 1836/2553/1000 1828/2541/1000
f 1828/2542/1001 1836/2554/1001 1837/2555/1001 1829/2543/1001
f 1829/2543/1002 1837/2555/1002 1838/2556/1002 1830/2544/1002
f 1830/2545/1003 1838/2557/1003 1839/2558/1003 1831/2546/1003
f 1831/2546/1004 1839/2558/1004 1840/2559/1004 1832/2547/1004
f 1832/2548/1005 1840/2560/1005 1833/2549/1005 1825/2537/1005
f 1833/2549/913 1841/2561/913 1842/2562/913 1834/2550/913
f 1834/2551/912 1842/2563/912 1843/2564/912 1835/2552/912
f 1835/2552/911 1843/2564/911 1844/2565/911 1836/2553/911
f 1836/2554/910 1844/2566/910 1845/2567/910 1837/2555/910
f 1837/2555/917 1845/2567/917 1846/2568/917 1838/2556/917
f 1838/2557/916 1846/2569/916 1847/2570/916 1839/2558/916
f 1839/2558/915 1847/2570/915 1848/2571/915 1840/2559/915
f 1840/2560/914 1848/2572/914 1841/2561/914 1833/2549/914
f 1841/2561/1006 1849/2573/1006 1850/2574/1006 1842/2562/1006
f 1842/2563/920 1850/2575/920 1851/2576/920 1843/2564/920
f 1843/2564/919 1851/2576/919 1852/2577/919 1844/2565/919
f 1844/2566/918 1852/2578/918 1853/2579/918 1845/2567/918
f 1845/2567/925 1853/2579/925 1854/2580/925 1846/2568/925
f 1846/2569/924 1854/2581/924 1855/2582/924 1847/2570/924
f 1847/2570/923 1855/2582/923 1856/2583/923 1848/2571/923
f 1848/2572/922 1856/2584/922 1849/2573/922 1841/2561/922
f 1849/2573/929 1857/2585/929 1858/2586/929 1850/2574/929
f 1850/2575/928 1858/2587/928 1859/2588/928 1851/2576/928
f 1851/2576/927 1859/2588/927 1860/2589/927 1852/2577/927
f 1852/2578/926 1860/2590/926 1861/2591/926 1853/2579/926
f 1853/2579/933 1861/2591/933 1862/2592/933 1854/2580/933
f 1854/2581/932 1862/2593/932 1863/2594/932 1855/2582/932
f 1855/2582/931 1863/2594/931 1864/2595/931 1856/2583/931
f 1856/2584/930 1864/2596/930 1857/2585/930 1849/2573/930
f 1857/2597/937 1865/2598/937 1866/2599/937 1858/2600/937
f 1858/2587/936 1866/2601/936 1867/2602/936 1859/2588/936
f 1859/2588/935 1867/2602/935 1868/2603/935 1860/2589/935
f 1860/2604/934 1868/2605/934 1869/2606/934 1861/2607/934
f 1861/2607/941 1869/2606/941 1870/2608/941 1862/2609/941
f 1862/2593/940 1870/2610/940 1871/2611/940 1863/2594/940
f 1863/2594/939 1871/2611/939 1872/2612/939 1864/2595/939
f 1864/2613/938 1872/2614/938 1865/2598/938 1857/2597/938
f 1865/2598/945 1873/2615/945 1874/2616/945 1866/2599/945
f 1866/2601/944 1874/2617/944 1875/2618/944 1867/2602/944
f 1867/2602/943 1875/2618/943 1876/2619/943 1868/2603/943
f 1868/2605/942 1876/2620/942 1877/2621/942 1869/2606/942
f 1869/2606/949 1877/2621/949 1878/2622/949 1870/2608/949
f 1870/2610/948 1878/2623/948 1879/2624/948 1871/2611/948
f 1871/2611/947 1879/2624/947 1880/2625/947 1872/2612/947
f 1872/2614/946 1880/2626/946 1873/2615/946 1865/2598/946
f 1873/2615/953 1881/2627/953 1882/2628/953 1874/2616/953
f 1874/2617/952 1882/2629/952 1883/2630/952 1875/2618/952
f 1875/2618/951 1883/2630/951 1884/2631/951 1876/2619/951
f 1876/2620/950 1884/2632/950 1885/2633/950 1877/2621/950
f 1877/2621/957 1885/2633/957 1886/2634/957 1878/2622/957
f 1878/2623/956 1886/2635/956 1887/2636/956 1879/2624/956
f 1879/2624/955 1887/2636/955 1888/2637/955 1880/2625/955
f 1880/2626/954 1888/2638/954 1881/2627/954 1873/2615/954
f 1881/2627/961 1889/2639/961 1890/2640/961 1882/2628/961
f 1882/2629/960 1890/2641/960 1891/2642/960 1883/2630/960
f 1883/2630/959 1891/2642/959 1892/2643/959 1884/2631/959
f 1884/2632/958 1892/2644/958 1893/2645/958 1885/2633/958
f 1885/2633/965 1893/2645/965 1894/2646/965 1886/2634/965
f 1886/2635/964 1894/2647/964 1895/2648/964 1887/2636/964
f 1887/2636/963 1895/2648/963 1896/2649/963 1888/2637/963
f 1888/2638/962 1896/2650/962 1889/2639/962 1881/2627/962
f 1889/2639/969 1897/2651/969 1898/2652/969 1890/2640/969
f 1890/2641/968 1898/2653/968 1899/2654/968 1891/2642/968
f 1891/2642/967 1899/2654/967 1900/2655/967 1892/2643/967
f 1892/2644/966 1900/2656/966 1901/2657/966 1893/2645/966
f 1893/2645/973 1901/2657/973 1902/2658/973 1894/2646/973
f 1894/2647/972 1902/2659/972 1903/2660/972 1895/2648/972
f 1895/2648/971 1903/2660/971 1904/2661/971 1896/2649/971
f 1896/2650/970 1904/2662/970 1897/2651/970 1889/2639/970
f 1897/2651/1007 1905/2663/1007 1906/2664/1007 1898/2652/1007
f 1898/2653/1008 1906/2665/1008 1907/2666/1008 1899/2654/1008
f 1899/2654/1009 1907/2666/1009 1908/2667/1009 1900/2655/1009
f 1900/2656/974 1908/2668/974 1909/2669/974 1901/2657/974
f 1901/2657/981 1909/2669/981 1910/2670/981 1902/2658/981
f 1902/2659/980 1910/2671/980 1911/2672/980 1903/2660/980
f 1903/2660/979 1911/2672/979 1912/2673/979 1904/2661/979
f 1904/2662/978 1912/2674/978 1905/2663/978 1897/2651/978
f 1905/2675/985 1913/2676/985 1914/2677/985 1906/2678/985
f 1906/2665/984 1914/2679/984 1915/2680/984 1907/2666/984
f 1907/2666/983 1915/2680/983 1916/2681/983 1908/2667/983
f 1908/2682/982 1916/2683/982 1917/2684/982 1909/2685/982
f 1909/2685/989 1917/2684/989 1918/2686/989 1910/2687/989
f 1910/2671/988 1918/2688/988 1919/2689/988 1911/2672/988
f 1911/2672/987 1919/2689/987 1920/2690/987 1912/2673/987
f 1912/2691/986 1920/2692/986 1913/2676/986 1905/2675/986
f 1913/2676/1010 1921/2693/1010 1922/2694/1010 1914/2677/1010
f 1914/2679/992 1922/2695/992 1923/2696/992 1915/2680/992
f 1915/2680/991 1923/2696/991 1924/2697/991 1916/2681/991
f 1916/2683/1011 1924/2698/1011 1925/2699/1011 1917/2684/1011
f 1917/2684/997 1925/2699/997 1926/2700/997 1918/2686/997
f 1918/2688/996 1926/2701/996 1927/2702/996 1919/2689/996
f 1919/2689/995 1927/2702/995 1928/2703/995 1920/2690/995
f 1920/2692/994 1928/2704/994 1921/2693/994 1913/2676/994
f 1921/2693/1001 1737/2393/1001 1738/2396/1001 1922/2694/1001
f 1922/2695/1000 1738/2397/1000 1739/2400/1000 1923/2696/1000
f 1923/2696/999 1739/2400/999 1740/2402/999 1924/2697/999
f 1924/2698/998 1740/2403/998 1741/2406/998 1925/2699/998
f 1925/2699/1005 1741/2406/1005 1742/2408/1005 1926/2700/1005
f 1926/2701/1004 1742/2409/1004 1743/2412/1004 1927/2702/1004
f 1927/2702/1003 1743/2412/1003 1744/2414/1003 1928/2703/1003
f 1928/2704/1002 1744/2415/1002 1737/2393/1002 1921/2693/1002
f 1929/2705/1012 1930/2706/1012 1932/2707/1012 1931/2708/1012
f 1931/2708/1013 1932/2707/1013 1934/2709/1013 1933/2710/1013
f 1933/2711/1014 1934/2712/1014 1936/2713/1014 1935/2714/1014
f 1935/2714/1015 1936/2713/1015 1938/2715/1015 1937/2716/1015
f 1937/2717/1016 1938/2718/1016 1940/2719/1016 1939/2720/1016
f 1939/2720/1017 1940/2719/1017 1942/2721/1017 1941/2722/1017
f 1941/2722/1018 1942/2721/1018 1944/2723/1018 1943/2724/1018
f 1943/2724/1019 1944/2723/1019 1946/2725/1019 1945/2726/1019
f 1945/2727/1020 1946/2728/1020 1948/2729/1020 1947/2730/1020
f 1947/2730/1021 1948/2729/1021 1950/2731/1021 1949/2732/1021
f 1932/2733/358 1930/2734/358 1952/2735/358 1950/2736/358 1948/2737/358 1946/2738/358 1944/2739/358 1942/2740/358 1940/2741/358 1938/2742/358 1936/2743/358 1934/2744/358
f 1949/2745/1022 1950/2746/1022 1952/2747/1022 1951/2748/1022
f 1951/2748/1023 1952/2747/1023 1930/2706/1023 1929/2705/1023
f 1929/2749/357 1931/2750/357 1933/2751/357 1935/2752/357 1937/2753/357 1939/2754/357 1941/2755/357 1943/2756/357 1945/2757/357 1947/2758/357 1949/2759/357 1951/2760/357
f 1953/2761/910 1961/2762/910 1962/2763/910 1954/2764/910
f 1954/2765/911 1962/2766/911 1963/2767/911 1955/2768/911
f 1955/2768/912 1963/2767/912 1964/2769/912 1956/2770/912
f 1956/2771/913 1964/2772/913 1965/2773/913 1957/2774/913
f 1957/2774/914 1965/2773/914 1966/2775/914 1958/2776/914
f 1958/2777/915 1966/2778/915 1967/2779/915 1959/2780/915
f 1959/2780/916 1967/2779/916 1968/2781/916 1960/2782/916
f 1960/2783/917 1968/2784/917 1961/2762/917 1953/2761/917
f 1961/2762/1024 1969/2785/1024 1970/2786/1024 1962/2763/1024
f 1962/2766/919 1970/2787/919 1971/2788/919 1963/2767/919
f 1963/2767/920 1971/2788/920 1972/2789/920 1964/2769/920
f 1964/2772/1006 1972/2790/1006 1973/2791/1006 1965/2773/1006
f 1965/2773/922 1973/2791/922 1974/2792/922 1966/2775/922
f 1966/2778/923 1974/2793/923 1975/2794/923 1967/2779/923
f 1967/2779/924 1975/2794/924 1976/2795/924 1968/2781/924
f 1968/2784/925 1976/2796/925 1969/2785/925 1961/2762/925
f 1969/2785/926 1977/2797/926 1978/2798/926 1970/2786/926
f 1970/2787/927 1978/2799/927 1979/2800/927 1971/2788/927
f 1971/2788/928 1979/2800/928 1980/2801/928 1972/2789/928
f 1972/2790/929 1980/2802/929 1981/2803/929 1973/2791/929
f 1973/2791/930 1981/2803/930 1982/2804/930 1974/2792/930
f 1974/2793/931 1982/2805/931 1983/2806/931 1975/2794/931
f 1975/2794/932 1983/2806/932 1984/2807/932 1976/2795/932
f 1976/2796/933 1984/2808/933 1977/2797/933 1969/2785/933
f 1977/2809/934 1985/2810/934 1986/2811/934 1978/2812/934
f 1978/2799/935 1986/2813/935 1987/2814/935 1979/2800/935
f 1979/2800/1025 1987/2814/1025 1988/2815/1025 1980/2801/1025
f 1980/2816/937 1988/2817/937 1989/2818/937 1981/2819/937
f 1981/2819/938 1989/2818/938 1990/2820/938 1982/2821/938
f 1982/2805/1026 1990/2822/1026 1991/2823/1026 1983/2806/1026
f 1983/2806/940 1991/2823/940 1992/2824/940 1984/2807/940
f 1984/2825/941 1992/2826/941 1985/2810/941 1977/2809/941
f 1985/2810/942 1993/2827/942 1994/2828/942 1986/2811/942
f 1986/2813/943 1994/2829/943 1995/2830/943 1987/2814/943
f 1987/2814/944 1995/2830/944 1996/2831/944 1988/2815/944
f 1988/2817/945 1996/2832/945 1997/2833/945 1989/2818/945
f 1989/2818/946 1997/2833/946 1998/2834/946 1990/2820/946
f 1990/2822/947 1998/2835/947 1999/2836/947 1991/2823/947
f 1991/2823/948 1999/2836/948 2000/2837/948 1992/2824/948
f 1992/2826/949 2000/2838/949 1993/2827/949 1985/2810/949
f 1993/2827/950 2001/2839/950 2002/2840/950 1994/2828/950
f 1994/2829/951 2002/2841/951 2003/2842/951 1995/2830/951
f 1995/2830/952 2003/2842/952 2004/2843/952 1996/2831/952
f 1996/2832/953 2004/2844/953 2005/2845/953 1997/2833/953
f 1997/2833/954 2005/2845/954 2006/2846/954 1998/2834/954
f 1998/2835/955 2006/2847/955 2007/2848/955 1999/2836/955
f 1999/2836/956 2007/2848/956 2008/2849/956 2000/2837/956
f 2000/2838/957 2008/2850/957 2001/2839/957 1993/2827/957
f 2001/2839/958 2009/2851/958 2010/2852/958 2002/2840/958
f 2002/2841/959 2010/2853/959 2011/2854/959 2003/2842/959
f 2003/2842/960 2011/2854/960 2012/2855/960 2004/2843/960
f 2004/2844/961 2012/2856/961 2013/2857/961 2005/2845/961
f 2005/2845/962 2013/2857/962 2014/2858/962 2006/2846/962
f 2006/2847/963 2014/2859/963 2015/2860/963 2007/2848/963
f 2007/2848/964 2015/2860/964 2016/2861/964 2008/2849/964
f 2008/2850/965 2016/2862/965 2009/2851/965 2001/2839/965
f 2009/2851/966 2017/2863/966 2018/2864/966 2010/2852/966
f 2010/2853/967 2018/2865/967 2019/2866/967 2011/2854/967
f 2011/2854/968 2019/2866/968 2020/2867/968 2012/2855/968
f 2012/2856/969 2020/2868/969 2021/2869/969 2013/2857/969
f 2013/2857/970 2021/2869/970 2022/2870/970 2014/2858/970
f 2014/2859/971 2022/2871/971 2023/2872/971 2015/2860/971
f 2015/2860/972 2023/2872/972 2024/2873/972 2016/2861/972
f 2016/2862/973 2024/2874/973 2017/2863/973 2009/2851/973
f 2017/2863/974 2025/2875/974 2026/2876/974 2018/2864/974
f 2018/2865/1009 2026/2877/1009 2027/2878/1009 2019/2866/1009
f 2019/2866/976 2027/2878/976 2028/2879/976 2020/2867/976
f 2020/2868/977 2028/2880/977 2029/2881/977 2021/2869/977
f 2021/2869/1027 2029/2881/1027 2030/2882/1027 2022/2870/1027
f 2022/2871/979 2030/2883/979 2031/2884/979 2023/2872/979
f 2023/2872/980 2031/2884/980 2032/2885/980 2024/2873/980
f 2024/2874/981 2032/2886/981 2025/2875/981 2017/2863/981
f 2025/2887/982 2033/2888/982 2034/2889/982 2026/2890/982
f 2026/2877/983 2034/2891/983 2035/2892/983 2027/2878/983
f 2027/2878/984 2035/2892/984 2036/2893/984 2028/2879/984
f 2028/2894/985 2036/2895/985 2037/2896/985 2029/2897/985
f 2029/2897/986 2037/2896/986 2038/2898/986 2030/2899/986
f 2030/2883/987 2038/2900/987 2039/2901/987 2031/2884/987
f 2031/2884/988 2039/2901/988 2040/2902/988 2032/2885/988
f 2032/2903/989 2040/2904/989 2033/2888/989 2025/2887/989
f 2033/2888/990 2041/2905/990 2042/2906/990 2034/2889/990
f 2034/2891/991 2042/2907/991 2043/2908/991 2035/2892/991
f 2035/2892/992 2043/2908/992 2044/2909/992 2036/2893/992
f 2036/2895/1010 2044/2910/1010 2045/2911/1010 2037/2896/1010
f 2037/2896/994 2045/2911/994 2046/2912/994 2038/2898/994
f 2038/2900/995 2046/2913/995 2047/2914/995 2039/2901/995
f 2039/2901/996 2047/2914/996 2048/2915/996 2040/2902/996
f 2040/2904/997 2048/2916/997 2041/2905/997 2033/2888/997
f 2041/2905/998 2049/2917/998 2050/2918/998 2042/2906/998
f 2042/2907/999 2050/2919/999 2051/2920/999 2043/2908/999
f 2043/2908/1000 2051/2920/1000 2052/2921/1000 2044/2909/1000
f 2044/2910/1001 2052/2922/1001 2053/2923/1001 2045/2911/1001
f 2045/2911/1002 2053/2923/1002 2054/2924/1002 2046/2912/1002
f 2046/2913/1003 2054/2925/1003 2055/2926/1003 2047/2914/1003
f 2047/2914/1004 2055/2926/1004 2056/2927/1004 2048/2915/1004
f 2048/2916/1005 2056/2928/1005 2049/2917/1005 2041/2905/1005
f 2049/2917/913 2057/2929/913 2058/2930/913 2050/2918/913
f 2050/2919/912 2058/2931/912 2059/2932/912 2051/2920/912
f 2051/2920/911 2059/2932/911 2060/2933/911 2052/2921/911
f 2052/2922/910 2060/2934/910 2061/2935/910 2053/2923/910
f 2053/2923/917 2061/2935/917 2062/2936/917 2054/2924/917
f 2054/2925/916 2062/2937/916 2063/2938/916 2055/2926/916
f 2055/2926/915 2063/2938/915 2064/2939/915 2056/2927/915
f 2056/2928/914 2064/2940/914 2057/2929/914 2049/2917/914
f 2057/2929/1006 2065/2941/1006 2066/2942/1006 2058/2930/1006
f 2058/2931/920 2066/2943/920 2067/2944/920 2059/2932/920
f 2059/2932/919 2067/2944/919 2068/2945/919 2060/2933/919
f 2060/2934/918 2068/2946/918 2069/2947/918 2061/2935/918
f 2061/2935/925 2069/2947/925 2070/2948/925 2062/2936/925
f 2062/2937/924 2070/2949/924 2071/2950/924 2063/2938/924
f 2063/2938/923 2071/2950/923 2072/2951/923 2064/2939/923
f 2064/2940/922 2072/2952/922 2065/2941/922 2057/2929/922
f 2065/2941/929 2073/2953/929 2074/2954/929 2066/2942/929
f 2066/2943/928 2074/2955/928 2075/2956/928 2067/2944/928
f 2067/2944/927 2075/2956/927 2076/2957/927 2068/2945/927
f 2068/2946/926 2076/2958/926 2077/2959/926 2069/2947/926
f 2069/2947/933 2077/2959/933 2078/2960/933 2070/2948/933
f 2070/2949/932 2078/2961/932 2079/2962/932 2071/2950/932
f 2071/2950/931 2079/2962/931 2080/2963/931 2072/2951/931
f 2072/2952/930 2080/2964/930 2073/2953/930 2065/2941/930
f 2073/2965/937 2081/2966/937 2082/2967/937 2074/2968/937
f 2074/2955/936 2082/2969/936 2083/2970/936 2075/2956/936
f 2075/2956/935 2083/2970/935 2084/2971/935 2076/2957/935
f 2076/2972/934 2084/2973/934 2085/2974/934 2077/2975/934
f 2077/2975/1028 2085/2974/1028 2086/2976/1028 2078/2977/1028
f 2078/2961/940 2086/2978/940 2087/2979/940 2079/2962/940
f 2079/2962/1026 2087/2979/1026 2088/2980/1026 2080/2963/1026
f 2080/2981/938 2088/2982/938 2081/2966/938 2073/2965/938
f 2081/2966/945 2089/2983/945 2090/2984/945 2082/2967/945
f 2082/2969/944 2090/2985/944 2091/2986/944 2083/2970/944
f 2083/2970/943 2091/2986/943 2092/2987/943 2084/2971/943
f 2084/2973/942 2092/2988/942 2093/2989/942 2085/2974/942
f 2085/2974/949 2093/2989/949 2094/2990/949 2086/2976/949
f 2086/2978/948 2094/2991/948 2095/2992/948 2087/2979/948
f 2087/2979/947 2095/2992/947 2096/2993/947 2088/2980/947
f 2088/2982/946 2096/2994/946 2089/2983/946 2081/2966/946
f 2089/2983/953 2097/2995/953 2098/2996/953 2090/2984/953
f 2090/2985/952 2098/2997/952 2099/2998/952 2091/2986/952
f 2091/2986/951 2099/2998/951 2100/2999/951 2092/2987/951
f 2092/2988/950 2100/3000/950 2101/3001/950 2093/2989/950
f 2093/2989/957 2101/3001/957 2102/3002/957 2094/2990/957
f 2094/2991/956 2102/3003/956 2103/3004/956 2095/2992/956
f 2095/2992/955 2103/3004/955 2104/3005/955 2096/2993/955
f 2096/2994/954 2104/3006/954 2097/2995/954 2089/2983/954
f 2097/2995/961 2105/3007/961 2106/3008/961 2098/2996/961
f 2098/2997/960 2106/3009/960 2107/3010/960 2099/2998/960
f 2099/2998/959 2107/3010/959 2108/3011/959 2100/2999/959
f 2100/3000/958 2108/3012/958 2109/3013/958 2101/3001/958
f 2101/3001/965 2109/3013/965 2110/3014/965 2102/3002/965
f 2102/3003/964 2110/3015/964 2111/3016/964 2103/3004/964
f 2103/3004/963 2111/3016/963 2112/3017/963 2104/3005/963
f 2104/3006/962 2112/3018/962 2105/3007/962 2097/2995/962
f 2105/3007/969 2113/3019/969 2114/3020/969 2106/3008/969
f 2106/3009/968 2114/3021/968 2115/3022/968 2107/3010/968
f 2107/3010/967 2115/3022/967 2116/3023/967 2108/3011/967
f 2108/3012/966 2116/3024/966 2117/3025/966 2109/3013/966
f 2109/3013/973 2117/3025/973 2118/3026/973 2110/3014/973
f 2110/3015/972 2118/3027/972 2119/3028/972 2111/3016/972
f 2111/3016/971 2119/3028/971 2120/3029/971 2112/3017/971
f 2112/3018/970 2120/3030/970 2113/3019/970 2105/3007/970
f 2113/3019/977 2121/3031/977 2122/3032/977 2114/3020/977
f 2114/3021/1008 2122/3033/1008 2123/3034/1008 2115/3022/1008
f 2115/3022/975 2123/3034/975 2124/3035/975 2116/3023/975
f 2116/3024/974 2124/3036/974 2125/3037/974 2117/3025/974
f 2117/3025/981 2125/3037/981 2126/3038/981 2118/3026/981
f 2118/3027/980 2126/3039/980 2127/3040/980 2119/3028/980
f 2119/3028/979 2127/3040/979 2128/3041/979 2120/3029/979
f 2120/3030/978 2128/3042/978 2121/3031/978 2113/3019/978
f 2121/3043/985 2129/3044/985 2130/3045/985 2122/3046/985
f 2122/3033/984 2130/3047/984 2131/3048/984 2123/3034/984
f 2123/3034/983 2131/3048/983 2132/3049/983 2124/3035/983
f 2124/3050/982 2132/3051/982 2133/3052/982 2125/3053/982
f 2125/3053/989 2133/3052/989 2134/3054/989 2126/3055/989
f 2126/3039/988 2134/3056/988 2135/3057/988 2127/3040/988
f 2127/3040/987 2135/3057/987 2136/3058/987 2128/3041/987
f 2128/3059/986 2136/3060/986 2129/3044/986 2121/3043/986
f 2129/3044/1010 2137/3061/1010 2138/3062/1010 2130/3045/1010
f 2130/3047/992 2138/3063/992 2139/3064/992 2131/3048/992
f 2131/3048/991 2139/3064/991 2140/3065/991 2132/3049/991
f 2132/3051/1011 2140/3066/1011 2141/3067/1011 2133/3052/1011
f 2133/3052/997 2141/3067/997 2142/3068/997 2134/3054/997
f 2134/3056/996 2142/3069/996 2143/3070/996 2135/3057/996
f 2135/3057/995 2143/3070/995 2144/3071/995 2136/3058/995
f 2136/3060/994 2144/3072/994 2137/3061/994 2129/3044/994
f 2137/3061/1001 1953/2761/1001 1954/2764/1001 2138/3062/1001
f 2138/3063/1000 1954/2765/1000 1955/2768/1000 2139/3064/1000
f 2139/3064/999 1955/2768/999 1956/2770/999 2140/3065/999
f 2140/3066/998 1956/2771/998 1957/2774/998 2141/3067/998
f 2141/3067/1005 1957/2774/1005 1958/2776/1005 2142/3068/1005
f 2142/3069/1004 1958/2777/1004 1959/2780/1004 2143/3070/1004
f 2143/3070/1003 1959/2780/1003 1960/2782/1003 2144/3071/1003
f 2144/3072/1002 1960/2783/1002 1953/2761/1002 2137/3061/1002
f 2145/3073/1012 2146/3074/1012 2148/3075/1012 2147/3076/1012
f 2147/3076/1013 2148/3075/1013 2150/3077/1013 2149/3078/1013
f 2149/3079/1014 2150/3080/1014 2152/3081/1014 2151/3082/1014
f 2151/3082/1015 2152/3081/1015 2154/3083/1015 2153/3084/1015
f 2153/3085/1016 2154/3086/1016 2156/3087/1016 2155/3088/1016
f 2155/3088/1017 2156/3087/1017 2158/3089/1017 2157/3090/1017
f 2157/3090/1018 2158/3089/1018 2160/3091/1018 2159/3092/1018
f 2159/3092/1019 2160/3091/1019 2162/3093/1019 2161/3094/1019
f 2161/3095/1020 2162/3096/1020 2164/3097/1020 2163/3098/1020
f 2163/3098/1021 2164/3097/1021 2166/3099/1021 2165/3100/1021
f 2148/3101/358 2146/3102/358 2168/3103/358 2166/3104/358 2164/3105/358 2162/3106/358 2160/3107/358 2158/3108/358 2156/3109/358 2154/3110/358 2152/3111/358 2150/3112/358
f 2165/3113/1022 2166/3114/1022 2168/3115/1022 2167/3116/1022
f 2167/3116/1023 2168/3115/1023 2146/3074/1023 2145/3073/1023
f 2145/3117/357 2147/3118/357 2149/3119/357 2151/3120/357 2153/3121/357 2155/3122/357 2157/3123/357 2159/3124/357 2161/3125/357 2163/3126/357 2165/3127/357 2167/3128/357
