# Blender 5.0.1
# www.blender.org
mtllib tin_mug.mtl
o SM_TinMug
v 0.000000 8.238022 -2.374998
v -0.000000 8.913094 3.166667
v 0.455278 8.208182 -2.374996
v 0.543393 8.877479 3.166667
v 0.902767 8.119172 -2.374996
v 1.077488 8.771240 3.166667
v 1.334809 7.972513 -2.374997
v 1.593147 8.596198 3.166667
v 1.744012 7.770716 -2.374997
v 2.081546 8.355347 3.166667
v 2.123347 7.517208 -2.374997
v 2.534229 8.052731 3.166666
v 2.466071 7.216124 -2.374997
v 2.942595 7.692863 3.166661
v 2.766075 6.872520 -2.374997
v 3.298912 7.281513 3.166655
v 3.019598 6.493324 -2.374997
v 3.601642 6.829210 3.166656
v 3.222254 6.084665 -2.374997
v 3.845356 6.342615 3.166662
v 3.369162 5.652762 -2.374997
v 4.021213 5.827462 3.166666
v 3.458183 5.205278 -2.374998
v 4.127479 5.293392 3.166667
v 3.488023 4.750000 -2.374998
v 4.163095 4.750000 3.166667
v 3.458182 4.294722 -2.374998
v 4.127479 4.206607 3.166667
v 3.369172 3.847233 -2.374998
v 4.021240 3.672512 3.166667
v 3.222513 3.415192 -2.374998
v 3.846198 3.156852 3.166667
v 3.020716 3.005989 -2.374998
v 3.605346 2.668453 3.166667
v 2.767234 2.626626 -2.374998
v 3.302804 2.215668 3.166667
v 2.466405 2.283596 -2.374998
v 2.943753 1.806247 3.166667
v 2.123374 1.982766 -2.374999
v 2.534331 1.447195 3.166667
v 1.744011 1.729284 -2.374999
v 2.081547 1.144654 3.166667
v 1.334808 1.527487 -2.374999
v 1.593148 0.903802 3.166667
v 0.902767 1.380829 -2.374999
v 1.077488 0.728760 3.166667
v 0.455278 1.291818 -2.374999
v 0.543393 0.622521 3.166667
v -0.000000 1.261977 -2.374999
v 0.000000 0.586905 3.166667
v -0.455278 1.291818 -2.374999
v -0.543362 0.622516 3.166665
v -0.902506 1.381458 -2.374999
v -1.076422 0.730792 3.166651
v -1.332825 1.531631 -2.374999
v -1.586125 0.917434 3.166613
v -1.738561 1.738297 -2.374999
v -2.063058 1.174526 3.166566
v -2.115770 1.992772 -2.374999
v -2.509052 1.480624 3.166551
v -2.460687 2.289688 -2.374999
v -2.925014 1.826876 3.166583
v -2.765299 2.628349 -2.374998
v -3.296586 2.221694 3.166631
v -3.020487 3.006165 -2.374998
v -3.604649 2.669136 3.166659
v -3.222513 3.415192 -2.374998
v -3.846204 3.156864 3.166666
v -3.369171 3.847233 -2.374998
v -4.021240 3.672512 3.166667
v -3.458182 4.294722 -2.374998
v -4.127479 4.206607 3.166667
v -3.488023 4.750000 -2.374998
v -4.163095 4.750000 3.166667
v -3.458182 5.205278 -2.374998
v -4.127479 5.293393 3.166667
v -3.369171 5.652767 -2.374998
v -4.021240 5.827488 3.166667
v -3.222513 6.084809 -2.374998
v -3.846198 6.343147 3.166667
v -3.020716 6.494012 -2.374998
v -3.605346 6.831547 3.166667
v -2.767234 6.873374 -2.374998
v -3.302804 7.284331 3.166667
v -2.466405 7.216404 -2.374998
v -2.943753 7.693752 3.166667
v -2.123374 7.517234 -2.374998
v -2.534331 8.052805 3.166667
v -1.744011 7.770716 -2.374998
v -2.081547 8.355346 3.166667
v -1.334808 7.972513 -2.374998
v -1.593148 8.596198 3.166667
v -0.902767 8.119172 -2.374998
v -1.077488 8.771240 3.166667
v -0.455278 8.208182 -2.374996
v -0.543393 8.877479 3.166667
v 0.000005 8.137759 -2.297079
v 0.000000 8.820329 3.183984
v 0.442195 8.108778 -2.297078
v 0.531285 8.785506 3.183984
v 0.876820 8.022325 -2.297078
v 1.053479 8.681636 3.183984
v 1.296442 7.879882 -2.297078
v 1.557647 8.510492 3.183984
v 1.693875 7.683892 -2.297078
v 2.035158 8.275013 3.183983
v 2.062248 7.437725 -2.297080
v 2.477702 7.979184 3.183978
v 2.394999 7.145403 -2.297093
v 2.876834 7.627437 3.183958
v 2.686414 6.811583 -2.297115
v 3.225212 7.225148 3.183930
v 2.932838 6.443015 -2.297112
v 3.521389 6.782651 3.183933
v 3.129712 6.046089 -2.297090
v 3.759741 6.306913 3.183963
v 3.272335 5.626761 -2.297079
v 3.931626 5.803405 3.183981
v 3.358775 5.192195 -2.297078
v 4.035507 5.281282 3.183984
v 3.387757 4.750008 -2.297078
v 4.070329 4.750000 3.183984
v 3.358775 4.307817 -2.297078
v 4.035506 4.218716 3.183984
v 3.272322 3.873193 -2.297078
v 3.931636 3.696521 3.183984
v 3.129880 3.453571 -2.297078
v 3.760493 3.192353 3.183984
v 2.933884 3.056132 -2.297078
v 3.525008 2.714835 3.183984
v 2.687689 2.687675 -2.297078
v 3.229209 2.272141 3.183984
v 2.395507 2.354505 -2.297078
v 2.878157 1.871843 3.183984
v 2.062338 2.062323 -2.297078
v 2.477859 1.520791 3.183984
v 1.693881 1.816128 -2.297078
v 2.035164 1.224992 3.183984
v 1.296442 1.620132 -2.297078
v 1.557647 0.989507 3.183984
v 0.876820 1.477690 -2.297078
v 1.053479 0.818364 3.183984
v 0.442195 1.391237 -2.297078
v 0.531285 0.714494 3.183984
v 0.000005 1.362255 -2.297078
v 0.000000 0.679671 3.183984
v -0.442044 1.391200 -2.297081
v -0.531143 0.714458 3.183977
v -0.875734 1.478050 -2.297112
v -1.051675 0.820153 3.183919
v -1.292814 1.623616 -2.297221
v -1.549090 1.002479 3.183752
v -1.687110 1.824595 -2.297367
v -2.015463 1.254251 3.183541
v -2.054878 2.072761 -2.297415
v -2.452801 1.554540 3.183472
v -2.390947 2.361926 -2.297314
v -2.860593 1.893694 3.183616
v -2.686656 2.690540 -2.297169
v -3.223854 2.279224 3.183829
v -2.933931 3.056721 -2.297094
v -3.524559 2.715880 3.183950
v -3.129902 3.453625 -2.297079
v -3.760525 3.192406 3.183981
v -3.272313 3.873193 -2.297078
v -3.931636 3.696521 3.183984
v -3.358765 4.307817 -2.297078
v -4.035506 4.218716 3.183984
v -3.387748 4.750008 -2.297078
v -4.070329 4.750000 3.183984
v -3.358765 5.192198 -2.297078
v -4.035506 5.281284 3.183984
v -3.272312 5.626822 -2.297078
v -3.931636 5.803479 3.183984
v -3.129870 6.046444 -2.297079
v -3.760493 6.307647 3.183984
v -2.933875 6.443883 -2.297079
v -3.525008 6.785164 3.183984
v -2.687680 6.812341 -2.297079
v -3.229209 7.227859 3.183984
v -2.395498 7.145511 -2.297079
v -2.878157 7.628156 3.183984
v -2.062329 7.437693 -2.297079
v -2.477859 7.979208 3.183984
v -1.693872 7.683887 -2.297079
v -2.035164 8.275008 3.183984
v -1.296432 7.879882 -2.297079
v -1.557647 8.510492 3.183984
v -0.876810 8.022325 -2.297079
v -1.053479 8.681636 3.183984
v -0.442185 8.108778 -2.297079
v -0.531285 8.785506 3.183984
v 0.202314 7.836712 -2.895446
v 0.272279 8.904178 3.166667
v -0.000000 8.824638 0.102624
v 0.531847 8.789780 0.102623
v 0.603480 7.783897 -2.895446
v 0.812179 8.833098 3.166667
v 1.054594 8.685799 0.102623
v 0.994320 7.679172 -2.895446
v 1.338182 8.692156 3.166667
v 1.559297 8.514475 0.102623
v 1.368147 7.524328 -2.895446
v 1.841288 8.483763 3.166667
v 2.037319 8.278741 0.102623
v 1.718561 7.322010 -2.895446
v 2.312874 8.211477 3.166667
v 2.480428 7.982576 0.102623
v 2.039484 7.075607 -2.895446
v 2.744538 7.879683 3.166664
v 2.880519 7.630638 0.102623
v 2.325101 6.789116 -2.895446
v 3.127402 7.492980 3.166657
v 3.230253 7.228739 0.102622
v 2.571029 6.467900 -2.895446
v 3.457173 7.059971 3.166654
v 3.526457 6.785908 0.102622
v 2.773789 6.117833 -2.895446
v 3.731495 6.589898 3.166658
v 3.763951 6.308998 0.102623
v 2.929116 5.744291 -2.895446
v 3.941984 6.088056 3.166664
v 3.935779 5.804584 0.102623
v 3.033895 5.353479 -2.895446
v 4.083096 5.562174 3.166667
v 4.039779 5.281847 0.102623
v 3.086712 4.952314 -2.895446
v 4.154177 5.022279 3.166667
v 4.074639 4.750000 0.102623
v 3.086712 4.547686 -2.895446
v 4.154178 4.477721 3.166667
v 4.039780 4.218153 0.102623
v 3.033897 4.146521 -2.895446
v 4.083099 3.937821 3.166667
v 3.935799 3.695406 0.102623
v 2.929172 3.755680 -2.895446
v 3.942156 3.411818 3.166667
v 3.764475 3.190703 0.102623
v 2.774328 3.381853 -2.895446
v 3.733763 2.908712 3.166667
v 3.528741 2.712681 0.102623
v 2.572014 3.031435 -2.895446
v 3.461484 2.437110 3.166667
v 3.232628 2.269517 0.102623
v 2.325692 2.710423 -2.895446
v 3.129978 2.005083 3.166667
v 2.881205 1.868795 0.102623
v 2.039577 2.424308 -2.895446
v 2.744917 1.620022 3.166667
v 2.480483 1.517371 0.102623
v 1.718565 2.177986 -2.895446
v 2.312890 1.288516 3.166667
v 2.037320 1.221259 0.102623
v 1.368147 1.975672 -2.895446
v 1.841288 1.016237 3.166667
v 1.559297 0.985524 0.102623
v 0.994320 1.820828 -2.895446
v 1.338182 0.807843 3.166667
v 1.054594 0.814201 0.102623
v 0.603480 1.716103 -2.895446
v 0.812179 0.666901 3.166667
v 0.531847 0.710221 0.102623
v 0.202314 1.663288 -2.895446
v 0.272279 0.595823 3.166667
v 0.000000 0.675361 0.102623
v -0.202314 1.663288 -2.895446
v -0.272275 0.595821 3.166667
v -0.531843 0.710221 0.102623
v -0.603438 1.716203 -2.895446
v -0.811973 0.667143 3.166661
v -1.054040 0.815472 0.102621
v -0.993604 1.822456 -2.895446
v -1.334978 0.814411 3.166635
v -1.555197 0.993964 0.102616
v -1.365292 1.980909 -2.895446
v -1.828740 1.038492 3.166588
v -2.026140 1.239663 0.102610
v -1.713217 2.185838 -2.895446
v -2.289647 1.322431 3.166552
v -2.464946 1.537836 0.102609
v -2.034084 2.430836 -2.895446
v -2.721379 1.648379 3.166562
v -2.869558 1.881283 0.102613
v -2.322741 2.713324 -2.895446
v -3.117732 2.017642 3.166607
v -3.228708 2.273065 0.102619
v -2.571353 3.031980 -2.895446
v -3.459008 2.439408 3.166648
v -3.528284 2.713050 0.102622
v -2.774292 3.381880 -2.895446
v -3.733692 2.908824 3.166664
v -3.764476 3.190704 0.102623
v -2.929172 3.755680 -2.895446
v -3.942157 3.411819 3.166667
v -3.935799 3.695406 0.102623
v -3.033897 4.146521 -2.895446
v -4.083099 3.937821 3.166667
v -4.039779 4.218153 0.102623
v -3.086712 4.547686 -2.895446
v -4.154177 4.477721 3.166667
v -4.074638 4.750000 0.102623
v -3.086712 4.952314 -2.895446
v -4.154178 5.022279 3.166667
v -4.039780 5.281847 0.102623
v -3.033897 5.353480 -2.895446
v -4.083099 5.562179 3.166667
v -3.935799 5.804594 0.102623
v -2.929172 5.744320 -2.895446
v -3.942156 6.088182 3.166667
v -3.764475 6.309297 0.102623
v -2.774328 6.118147 -2.895446
v -3.733763 6.591288 3.166667
v -3.528741 6.787320 0.102623
v -2.572014 6.468565 -2.895446
v -3.461484 7.062890 3.166667
v -3.232628 7.230483 0.102623
v -2.325692 6.789577 -2.895446
v -3.129978 7.494917 3.166667
v -2.881205 7.631205 0.102623
v -2.039577 7.075693 -2.895446
v -2.744917 7.879978 3.166667
v -2.480483 7.982628 0.102623
v -1.718565 7.322014 -2.895446
v -2.312890 8.211484 3.166667
v -2.037320 8.278741 0.102623
v -1.368147 7.524328 -2.895446
v -1.841288 8.483763 3.166667
v -1.559297 8.514476 0.102623
v -0.994320 7.679172 -2.895446
v -1.338182 8.692157 3.166667
v -1.054594 8.685799 0.102623
v -0.603480 7.783897 -2.895446
v -0.812179 8.833098 3.166667
v -0.531847 8.789780 0.102623
v -0.202314 7.836712 -2.895446
v -0.272279 8.904178 3.166667
v 0.196578 7.749095 -2.811834
v 0.266212 8.811611 3.183984
v 0.000001 8.704535 0.153452
v 0.516171 8.670705 0.153452
v 0.586355 7.697780 -2.811834
v 0.794081 8.742116 3.183984
v 1.023510 8.569789 0.153452
v 0.966100 7.596028 -2.811834
v 1.308363 8.604314 3.183984
v 1.513336 8.403515 0.153452
v 1.329314 7.445580 -2.811834
v 1.800258 8.400564 3.183984
v 1.977262 8.174735 0.153452
v 1.669759 7.249023 -2.811835
v 2.261317 8.134360 3.183983
v 2.407242 7.887358 0.153448
v 1.981481 7.009700 -2.811840
v 2.683257 7.810051 3.183970
v 2.795379 7.545930 0.153429
v 2.258934 6.731377 -2.811857
v 3.057494 7.431991 3.183942
v 3.134830 7.155757 0.153401
v 2.498004 6.419082 -2.811867
v 3.380038 7.008397 3.183927
v 3.422546 6.725630 0.153404
v 2.695127 6.078798 -2.811854
v 3.648406 6.548640 3.183947
v 3.653103 6.262778 0.153434
v 2.846017 5.715957 -2.811838
v 3.854193 6.058113 3.183974
v 3.819793 5.773438 0.153449
v 2.947780 5.336344 -2.811834
v 3.992115 5.544066 3.183983
v 3.920705 5.266169 0.153452
v 2.999092 4.946581 -2.811834
v 4.061611 5.016212 3.183984
v 3.954536 4.750001 0.153452
v 2.999091 4.553442 -2.811834
v 4.061611 4.483788 3.183984
v 3.920705 4.233831 0.153452
v 2.947776 4.163664 -2.811834
v 3.992116 3.955919 3.183984
v 3.819789 3.726492 0.153452
v 2.846024 3.783919 -2.811834
v 3.854314 3.441636 3.183984
v 3.653515 3.236666 0.153452
v 2.695575 3.420705 -2.811834
v 3.650564 2.949741 3.183984
v 3.424729 2.772733 0.153452
v 2.499005 3.080235 -2.811834
v 3.384352 2.488648 3.183984
v 3.137345 2.342632 0.153452
v 2.259676 2.768335 -2.811834
v 3.060233 2.066248 3.183984
v 2.796279 1.953722 0.153452
v 1.981684 2.490343 -2.811835
v 2.683752 1.689767 3.183984
v 2.407369 1.612657 0.153452
v 1.669784 2.251014 -2.811835
v 2.261351 1.365648 3.183984
v 1.977268 1.325273 0.153452
v 1.329315 2.054444 -2.811834
v 1.800259 1.099436 3.183984
v 1.513336 1.096487 0.153452
v 0.966100 1.903995 -2.811835
v 1.308363 0.895686 3.183984
v 1.023510 0.930213 0.153452
v 0.586355 1.802243 -2.811835
v 0.794081 0.757884 3.183984
v 0.516171 0.829298 0.153452
v 0.196578 1.750928 -2.811834
v 0.266212 0.688389 3.183984
v 0.000001 0.795466 0.153452
v -0.196535 1.750921 -2.811835
v -0.266194 0.688385 3.183983
v -0.516018 0.829257 0.153447
v -0.585938 1.802236 -2.811844
v -0.793520 0.758024 3.183959
v -1.021994 0.931169 0.153399
v -0.964246 1.905209 -2.811901
v -1.303962 0.901796 3.183848
v -1.507245 1.104098 0.153245
v -1.325000 2.059069 -2.812020
v -1.786156 1.120951 3.183640
v -1.964498 1.342940 0.153045
v -1.663864 2.258764 -2.812116
v -2.237564 1.399340 3.183480
v -2.392073 1.633590 0.152979
v -1.976868 2.497727 -2.812089
v -2.661059 1.718985 3.183524
v -2.786111 1.967817 0.153117
v -2.257716 2.772428 -2.811969
v -3.049123 2.080076 3.183727
v -3.134531 2.347557 0.153318
v -2.498833 3.081456 -2.811871
v -3.382406 2.491653 3.183903
v -3.424593 2.773576 0.153425
v -2.695624 3.420889 -2.811838
v -3.650581 2.949999 3.183972
v -3.653547 3.236723 0.153450
v -2.846014 3.783929 -2.811834
v -3.854318 3.441643 3.183984
v -3.819788 3.726492 0.153452
v -2.947760 4.163664 -2.811834
v -3.992116 3.955919 3.183984
v -3.920703 4.233830 0.153452
v -2.999075 4.553442 -2.811834
v -4.061611 4.483788 3.183984
v -3.954535 4.750001 0.153452
v -2.999075 4.946582 -2.811834
v -4.061611 5.016212 3.183984
v -3.920703 5.266171 0.153452
v -2.947760 5.336359 -2.811834
v -3.992116 5.544081 3.183984
v -3.819788 5.773510 0.153452
v -2.846008 5.716104 -2.811834
v -3.854314 6.058363 3.183984
v -3.653513 6.263337 0.153452
v -2.695560 6.079319 -2.811834
v -3.650564 6.550259 3.183984
v -3.424727 6.727269 0.153452
v -2.498990 6.419788 -2.811834
v -3.384352 7.011351 3.183984
v -3.137343 7.157369 0.153452
v -2.259661 6.731688 -2.811834
v -3.060233 7.433751 3.183984
v -2.796278 7.546279 0.153452
v -1.981668 7.009681 -2.811834
v -2.683752 7.810232 3.183984
v -2.407368 7.887345 0.153452
v -1.669769 7.249009 -2.811834
v -2.261351 8.134352 3.183984
v -1.977267 8.174729 0.153452
v -1.329299 7.445580 -2.811834
v -1.800259 8.400564 3.183984
v -1.513335 8.403515 0.153452
v -0.966084 7.596028 -2.811834
v -1.308363 8.604314 3.183984
v -1.023508 8.569789 0.153452
v -0.586340 7.697780 -2.811834
v -0.794081 8.742116 3.183984
v -0.516170 8.670705 0.153452
v -0.196563 7.749095 -2.811834
v -0.266212 8.811610 3.183984
v 0.000000 8.864105 4.356332
v 0.536999 8.828909 4.356332
v 1.064809 8.723921 4.356332
v 1.574400 8.550938 4.356332
v 2.057049 8.312922 4.356332
v 2.504364 8.013877 4.356328
v 2.907701 7.658172 4.356314
v 3.259413 7.251321 4.356296
v 3.558704 6.804280 4.356298
v 3.800014 6.323690 4.356318
v 3.973898 5.814756 4.356329
v 4.078910 5.286997 4.356332
v 4.114105 4.750000 4.356332
v 4.078909 4.213001 4.356332
v 3.973921 3.685191 4.356332
v 3.800938 3.175600 4.356332
v 3.562920 2.692947 4.356332
v 3.263940 2.245491 4.356332
v 2.909111 1.840888 4.356332
v 2.504508 1.486060 4.356332
v 2.057053 1.187079 4.356332
v 1.574400 0.949062 4.356332
v 1.064809 0.776079 4.356332
v 0.536999 0.671090 4.356332
v 0.000000 0.635894 4.356332
v -0.536909 0.671070 4.356327
v -1.063224 0.778297 4.356287
v -1.565578 0.964411 4.356175
v -2.035207 1.221122 4.356037
v -2.475555 1.524646 4.355992
v -2.888143 1.865199 4.356086
v -3.257212 2.252934 4.356225
v -3.562240 2.693909 4.356307
v -3.800957 3.175633 4.356329
v -3.973921 3.685191 4.356332
v -4.078909 4.213001 4.356332
v -4.114105 4.750000 4.356332
v -4.078909 5.286998 4.356332
v -3.973921 5.814809 4.356332
v -3.800938 6.324400 4.356332
v -3.562920 6.807052 4.356332
v -3.263940 7.254508 4.356332
v -2.909111 7.659111 4.356332
v -2.504508 8.013939 4.356332
v -2.057053 8.312920 4.356332
v -1.574400 8.550938 4.356332
v -1.064809 8.723921 4.356332
v -0.536999 8.828909 4.356332
v 0.264389 8.783795 0.051312
v 0.788643 8.714776 0.051312
v 1.299403 8.577918 0.051312
v 1.787930 8.375565 0.051312
v 2.245858 8.111169 0.051311
v 2.665157 7.789081 0.051311
v 3.037734 7.414176 0.051310
v 3.358562 6.994102 0.051310
v 3.624174 6.537116 0.051310
v 3.827806 6.049343 0.051311
v 3.964774 5.538641 0.051311
v 4.033795 5.014389 0.051311
v 4.033796 4.485611 0.051311
v 3.964776 3.961357 0.051311
v 3.827918 3.450597 0.051311
v 3.625564 2.962070 0.051311
v 3.361175 2.504135 0.051311
v 3.039275 2.084627 0.051311
v 2.665373 1.710725 0.051311
v 2.245865 1.388825 0.051311
v 1.787930 1.124436 0.051311
v 1.299403 0.922082 0.051311
v 0.788643 0.785223 0.051311
v 0.264389 0.716205 0.051311
v -0.264388 0.716205 0.051311
v -0.788563 0.785387 0.051310
v -1.297611 0.926131 0.051307
v -1.780518 1.138030 0.051301
v -2.231842 1.409418 0.051297
v -2.650992 1.727810 0.051298
v -3.031699 2.092085 0.051304
v -3.359600 2.505442 0.051309
v -3.625508 2.962120 0.051311
v -3.827918 3.450597 0.051311
v -3.964777 3.961357 0.051311
v -4.033795 4.485611 0.051311
v -4.033796 5.014389 0.051311
v -3.964776 5.538643 0.051311
v -3.827918 6.049403 0.051311
v -3.625564 6.537930 0.051311
v -3.361175 6.995865 0.051311
v -3.039275 7.415373 0.051311
v -2.665373 7.789275 0.051311
v -2.245865 8.111175 0.051311
v -1.787930 8.375565 0.051312
v -1.299403 8.577917 0.051312
v -0.788643 8.714776 0.051312
v -0.264389 8.783795 0.051312
v 0.000023 4.750034 -4.620552
v 0.256604 8.665005 0.102701
v 0.765419 8.598017 0.102701
v 1.261137 8.465189 0.102701
v 1.735277 8.268794 0.102701
v 2.179695 8.012205 0.102700
v 2.586514 7.699722 0.102690
v 2.948018 7.335904 0.102663
v 3.259567 6.927911 0.102647
v 3.517540 6.484169 0.102668
v 3.715142 6.010917 0.102693
v 3.848018 5.515404 0.102700
v 3.915003 5.006604 0.102701
v 3.915003 4.493399 0.102701
v 3.848016 3.984584 0.102701
v 3.715189 3.488865 0.102701
v 3.518794 3.014725 0.102701
v 3.262191 2.570276 0.102701
v 2.949771 2.163122 0.102701
v 2.586880 1.800232 0.102701
v 2.179727 1.487812 0.102701
v 1.735277 1.231209 0.102701
v 1.261137 1.034814 0.102701
v 0.765419 0.901986 0.102701
v 0.256604 0.834999 0.102701
v -0.256581 0.834994 0.102700
v -0.764878 0.902017 0.102682
v -1.257803 1.038285 0.102585
v -1.725854 1.243892 0.102392
v -2.164966 1.508176 0.102239
v -2.573537 1.818464 0.102281
v -2.943626 2.172224 0.102473
v -3.261291 2.572494 0.102635
v -3.518851 3.014964 0.102692
v -3.715191 3.488873 0.102700
v -3.848014 3.984584 0.102701
v -3.915001 4.493399 0.102701
v -3.915001 5.006604 0.102701
v -3.848014 5.515419 0.102701
v -3.715187 6.011138 0.102701
v -3.518792 6.485277 0.102701
v -3.262189 6.929727 0.102701
v -2.949769 7.336880 0.102701
v -2.586878 7.699771 0.102701
v -2.179725 8.012191 0.102701
v -1.735275 8.268794 0.102701
v -1.261135 8.465190 0.102701
v -0.765417 8.598017 0.102701
v -0.256602 8.665003 0.102701
v 0.000053 4.750078 -4.518085
v 0.269075 8.855293 4.356332
v 0.802622 8.785051 4.356332
v 1.322435 8.645767 4.356332
v 1.819621 8.439826 4.356332
v 2.285645 8.170751 4.356330
v 2.712124 7.842862 4.356322
v 3.090105 7.460475 4.356303
v 3.415794 7.032300 4.356294
v 3.687273 6.567911 4.356307
v 3.895594 6.072230 4.356325
v 4.035049 5.552611 4.356331
v 4.105294 5.019074 4.356332
v 4.105294 4.480925 4.356332
v 4.035051 3.947378 4.356332
v 3.895768 3.427565 4.356332
v 3.689826 2.930379 4.356332
v 3.420752 2.464327 4.356332
v 3.093146 2.037384 4.356332
v 2.712616 1.656854 4.356332
v 2.285673 1.329248 4.356332
v 1.819621 1.060173 4.356332
v 1.322435 0.854232 4.356332
v 0.802622 0.714948 4.356332
v 0.269075 0.644705 4.356332
v -0.269064 0.644703 4.356331
v -0.802212 0.715176 4.356314
v -1.318168 0.861558 4.356239
v -1.804437 1.085397 4.356102
v -2.258687 1.368129 4.355998
v -2.685969 1.689873 4.356026
v -3.079622 2.052441 4.356158
v -3.418163 2.467314 4.356276
v -3.689788 2.930579 4.356323
v -3.895770 3.427569 4.356331
v -4.035051 3.947378 4.356332
v -4.105294 4.480925 4.356332
v -4.105294 5.019075 4.356332
v -4.035051 5.552621 4.356332
v -3.895768 6.072435 4.356332
v -3.689826 6.569621 4.356332
v -3.420752 7.035673 4.356332
v -3.093146 7.462615 4.356332
v -2.712616 7.843146 4.356332
v -2.285673 8.170751 4.356332
v -1.819621 8.439825 4.356332
v -1.322435 8.645767 4.356332
v -0.802622 8.785051 4.356332
v -0.269075 8.855293 4.356332
v 7.880000 4.750000 0.475000
v 7.803607 4.382634 0.475000
v 7.603607 4.155590 0.475000
v 7.356393 4.155590 0.475000
v 7.156394 4.382634 0.475000
v 7.080001 4.750000 0.475000
v 7.156394 5.117366 0.475000
v 7.356393 5.344410 0.475000
v 7.603607 5.344410 0.475000
v 7.803607 5.117366 0.475000
v 7.832347 4.750000 1.079780
v 7.757422 4.382634 1.061151
v 7.561265 4.155590 1.012378
v 7.318802 4.155590 0.952092
v 7.122645 4.382634 0.903320
v 7.047719 4.750000 0.884690
v 7.122645 5.117366 0.903320
v 7.318802 5.344410 0.952092
v 7.561265 5.344410 1.012378
v 7.757422 5.117366 1.061151
v 7.691222 4.750000 1.661319
v 7.620643 4.382634 1.624776
v 7.435867 4.155590 1.529105
v 7.207472 4.155590 1.410849
v 7.022696 4.382634 1.315178
v 6.952118 4.750000 1.278635
v 7.022696 5.117366 1.315178
v 7.207472 5.344410 1.410849
v 7.435867 5.344410 1.529105
v 7.620643 5.117366 1.624776
v 7.462045 4.750000 2.197268
v 7.398526 4.382634 2.144216
v 7.232233 4.155590 2.005323
v 7.026681 4.155590 1.833643
v 6.860388 4.382634 1.694750
v 6.796869 4.750000 1.641698
v 6.860388 5.117366 1.694750
v 7.026681 5.344410 1.833643
v 7.232233 5.344410 2.005323
v 7.398526 5.117366 2.144216
v 7.153625 4.750000 2.667032
v 7.099607 4.382634 2.599509
v 6.958185 4.155590 2.422732
v 6.783379 4.155590 2.204224
v 6.641958 4.382634 2.027447
v 6.587940 4.750000 1.959925
v 6.641958 5.117366 2.027447
v 6.783379 5.344410 2.204224
v 6.958185 5.344410 2.422732
v 7.099607 5.117366 2.599509
v 6.777814 4.750000 3.052556
v 6.735373 4.382634 2.973158
v 6.624259 4.155590 2.765291
v 6.486914 4.155590 2.508352
v 6.375800 4.382634 2.300485
v 6.333358 4.750000 2.221087
v 6.375800 5.117366 2.300485
v 6.486914 5.344410 2.508352
v 6.624259 5.344410 2.765291
v 6.735373 5.117366 2.973158
v 6.349055 4.750000 3.339026
v 6.319821 4.382634 3.250804
v 6.243284 4.155590 3.019834
v 6.148680 4.155590 2.734340
v 6.072143 4.382634 2.503370
v 6.042909 4.750000 2.415147
v 6.072143 5.117366 2.503370
v 6.148680 5.344410 2.734340
v 6.243284 5.344410 3.019834
v 6.319821 5.117366 3.250804
v 5.883824 4.750000 3.515434
v 5.868921 4.382634 3.421778
v 5.829903 4.155590 3.176581
v 5.781673 4.155590 2.873502
v 5.742656 4.382634 2.628306
v 5.727752 4.750000 2.534649
v 5.742656 5.117366 2.628306
v 5.781673 5.344410 2.873502
v 5.829903 5.344410 3.176581
v 5.868921 5.117366 3.421778
v 5.400001 4.750000 3.575000
v 5.400000 4.382634 3.479509
v 5.400000 4.155590 3.229509
v 5.400000 4.155590 2.920492
v 5.400000 4.382634 2.670492
v 5.400000 4.750000 2.575000
v 5.400000 5.117366 2.670492
v 5.400000 5.344410 2.920492
v 5.400000 5.344410 3.229509
v 5.400000 5.117366 3.479509
v 4.916176 4.750000 3.515434
v 4.931079 4.382634 3.421778
v 4.970098 4.155590 3.176581
v 5.018327 4.155590 2.873502
v 5.057345 4.382634 2.628306
v 5.072248 4.750000 2.534649
v 5.057345 5.117366 2.628306
v 5.018327 5.344410 2.873502
v 4.970098 5.344410 3.176581
v 4.931079 5.117366 3.421778
v 4.450945 4.750000 3.339027
v 4.480179 4.382634 3.250804
v 4.556716 4.155590 3.019834
v 4.651321 4.155590 2.734340
v 4.727857 4.382634 2.503370
v 4.757092 4.750000 2.415147
v 4.727857 5.117366 2.503370
v 4.651321 5.344410 2.734340
v 4.556716 5.344410 3.019834
v 4.480179 5.117366 3.250804
v 4.313087 4.155590 2.508353
v 4.424201 4.382634 2.300485
v 4.466642 4.750000 2.221087
v 4.424201 5.117366 2.300485
v 4.313087 5.344410 2.508353
v 4.212060 4.750000 1.959924
v 4.212060 4.750000 -1.009924
v 4.313085 4.155590 -1.558351
v 4.424200 4.382634 -1.350484
v 4.466641 4.750000 -1.271085
v 4.424200 5.117366 -1.350484
v 4.313085 5.344410 -1.558351
v 4.450945 4.750000 -2.389026
v 4.480179 4.382634 -2.300804
v 4.556716 4.155590 -2.069834
v 4.651321 4.155590 -1.784339
v 4.727857 4.382634 -1.553370
v 4.757092 4.750000 -1.465147
v 4.727857 5.117366 -1.553370
v 4.651321 5.344410 -1.784339
v 4.556716 5.344410 -2.069834
v 4.480179 5.117366 -2.300804
v 4.916175 4.750000 -2.565434
v 4.931078 4.382634 -2.471777
v 4.970097 4.155590 -2.226581
v 5.018326 4.155590 -1.923502
v 5.057344 4.382634 -1.678306
v 5.072248 4.750000 -1.584649
v 5.057344 5.117366 -1.678306
v 5.018326 5.344410 -1.923502
v 4.970097 5.344410 -2.226581
v 4.931078 5.117366 -2.471777
v 5.400001 4.750000 -2.625000
v 5.400000 4.382634 -2.529508
v 5.400000 4.155590 -2.279508
v 5.400000 4.155590 -1.970491
v 5.400000 4.382634 -1.720491
v 5.400000 4.750000 -1.625000
v 5.400000 5.117366 -1.720491
v 5.400000 5.344410 -1.970491
v 5.400000 5.344410 -2.279508
v 5.400000 5.117366 -2.529508
v 5.883823 4.750000 -2.565434
v 5.868920 4.382634 -2.471778
v 5.829902 4.155590 -2.226581
v 5.781673 4.155590 -1.923502
v 5.742655 4.382634 -1.678306
v 5.727752 4.750000 -1.584649
v 5.742655 5.117366 -1.678306
v 5.781673 5.344410 -1.923502
v 5.829902 5.344410 -2.226581
v 5.868920 5.117366 -2.471778
v 6.349055 4.750000 -2.389026
v 6.319821 4.382634 -2.300803
v 6.243284 4.155590 -2.069834
v 6.148680 4.155590 -1.784339
v 6.072143 4.382634 -1.553369
v 6.042909 4.750000 -1.465147
v 6.072143 5.117366 -1.553369
v 6.148680 5.344410 -1.784339
v 6.243284 5.344410 -2.069834
v 6.319821 5.117366 -2.300803
v 6.777814 4.750000 -2.102556
v 6.735373 4.382634 -2.023158
v 6.624259 4.155590 -1.815290
v 6.486914 4.155590 -1.558352
v 6.375800 4.382634 -1.350485
v 6.333358 4.750000 -1.271086
v 6.375800 5.117366 -1.350485
v 6.486914 5.344410 -1.558352
v 6.624259 5.344410 -1.815290
v 6.735373 5.117366 -2.023158
v 7.153625 4.750000 -1.717032
v 7.099606 4.382634 -1.649509
v 6.958184 4.155590 -1.472733
v 6.783378 4.155590 -1.254224
v 6.641957 4.382634 -1.077448
v 6.587939 4.750000 -1.009925
v 6.641957 5.117366 -1.077448
v 6.783378 5.344410 -1.254224
v 6.958184 5.344410 -1.472733
v 7.099606 5.117366 -1.649509
v 7.462045 4.750000 -1.247267
v 7.398526 4.382634 -1.194215
v 7.232233 4.155590 -1.055323
v 7.026681 4.155590 -0.883642
v 6.860388 4.382634 -0.744750
v 6.796869 4.750000 -0.691697
v 6.860388 5.117366 -0.744750
v 7.026681 5.344410 -0.883642
v 7.232233 5.344410 -1.055323
v 7.398526 5.117366 -1.194215
v 7.691221 4.750000 -0.711320
v 7.620643 4.382634 -0.674777
v 7.435867 4.155590 -0.579106
v 7.207471 4.155590 -0.460850
v 7.022696 4.382634 -0.365179
v 6.952117 4.750000 -0.328636
v 7.022696 5.117366 -0.365179
v 7.207471 5.344410 -0.460850
v 7.435867 5.344410 -0.579106
v 7.620643 5.117366 -0.674777
v 7.832347 4.750000 -0.129779
v 7.757422 4.382634 -0.111150
v 7.561265 4.155590 -0.062377
v 7.318802 4.155590 -0.002091
v 7.122645 4.382634 0.046681
v 7.047719 4.750000 0.065311
v 7.122645 5.117366 0.046681
v 7.318802 5.344410 -0.002091
v 7.561265 5.344410 -0.062377
v 7.757422 5.117366 -0.111150
vn -0.0000 0.9359 -0.3522
vn -0.0000 1.0000 0.0037
vn 0.1222 0.9279 -0.3522
vn 0.1305 0.9914 0.0037
vn 0.2422 0.9040 -0.3522
vn 0.2588 0.9659 0.0037
vn 0.3582 0.8647 -0.3522
vn 0.3827 0.9239 0.0037
vn 0.4680 0.8105 -0.3522
vn 0.5000 0.8660 0.0037
vn 0.5700 0.7423 -0.3521
vn 0.6094 0.7929 0.0037
vn 0.6631 0.6606 -0.3520
vn 0.7104 0.7038 0.0039
vn 0.7434 0.5689 -0.3517
vn 0.7954 0.6060 0.0043
vn 0.8099 0.4695 -0.3517
vn 0.8638 0.5038 0.0042
vn 0.8641 0.3596 -0.3521
vn 0.9223 0.3866 0.0038
vn 0.9040 0.2424 -0.3522
vn 0.9658 0.2591 0.0037
vn 0.9279 0.1222 -0.3522
vn 0.9914 0.1305 0.0037
vn 0.9359 -0.0000 -0.3522
vn 1.0000 -0.0000 0.0037
vn 0.9279 -0.1222 -0.3522
vn 0.9914 -0.1305 0.0037
vn 0.9040 -0.2422 -0.3522
vn 0.9659 -0.2588 0.0037
vn 0.8647 -0.3582 -0.3522
vn 0.9239 -0.3827 0.0037
vn 0.8105 -0.4680 -0.3522
vn 0.8660 -0.5000 0.0037
vn 0.7425 -0.5698 -0.3522
vn 0.7933 -0.6088 0.0037
vn 0.6618 -0.6618 -0.3522
vn 0.7071 -0.7071 0.0037
vn 0.5698 -0.7425 -0.3522
vn 0.6088 -0.7933 0.0037
vn 0.4680 -0.8105 -0.3522
vn 0.5000 -0.8660 0.0037
vn 0.3582 -0.8647 -0.3522
vn 0.3827 -0.9239 0.0037
vn 0.2422 -0.9040 -0.3522
vn 0.2588 -0.9659 0.0037
vn 0.1222 -0.9279 -0.3522
vn 0.1305 -0.9914 0.0037
vn -0.0000 -0.9359 -0.3522
vn -0.0000 -1.0000 0.0037
vn -0.1224 -0.9279 -0.3522
vn -0.1310 -0.9914 0.0037
vn -0.2467 -0.9029 -0.3519
vn -0.2704 -0.9627 0.0041
vn -0.3693 -0.8606 -0.3506
vn -0.4116 -0.9113 0.0057
vn -0.4774 -0.8066 -0.3486
vn -0.5232 -0.8522 0.0080
vn -0.5685 -0.7455 -0.3479
vn -0.6029 -0.7978 0.0088
vn -0.6536 -0.6714 -0.3493
vn -0.6830 -0.7304 0.0072
vn -0.7372 -0.5772 -0.3513
vn -0.7782 -0.6279 0.0049
vn -0.8095 -0.4699 -0.3521
vn -0.8632 -0.5048 0.0039
vn -0.8647 -0.3583 -0.3522
vn -0.9238 -0.3829 0.0037
vn -0.9040 -0.2422 -0.3522
vn -0.9659 -0.2588 0.0037
vn -0.9279 -0.1222 -0.3522
vn -0.9914 -0.1305 0.0037
vn -0.9359 -0.0000 -0.3522
vn -1.0000 -0.0000 0.0037
vn -0.9279 0.1222 -0.3522
vn -0.9914 0.1305 0.0037
vn -0.9040 0.2422 -0.3522
vn -0.9659 0.2588 0.0037
vn -0.8647 0.3582 -0.3522
vn -0.9239 0.3827 0.0037
vn -0.8105 0.4680 -0.3522
vn -0.8660 0.5000 0.0037
vn -0.7425 0.5698 -0.3522
vn -0.7933 0.6088 0.0037
vn -0.6618 0.6618 -0.3522
vn -0.7071 0.7071 0.0037
vn -0.5698 0.7425 -0.3522
vn -0.6088 0.7933 0.0037
vn -0.4680 0.8105 -0.3522
vn -0.5000 0.8660 0.0037
vn -0.3582 0.8647 -0.3522
vn -0.3827 0.9239 0.0037
vn -0.2422 0.9040 -0.3522
vn -0.2588 0.9659 0.0037
vn -0.1222 0.9279 -0.3522
vn -0.1305 0.9914 0.0037
vn -0.0000 -0.9384 0.3455
vn -0.0000 -0.9992 0.0402
vn -0.1225 -0.9304 0.3455
vn -0.1304 -0.9906 0.0402
vn -0.2429 -0.9064 0.3455
vn -0.2586 -0.9651 0.0402
vn -0.3591 -0.8670 0.3455
vn -0.3824 -0.9231 0.0402
vn -0.4692 -0.8127 0.3455
vn -0.4996 -0.8653 0.0402
vn -0.5715 -0.7443 0.3455
vn -0.6089 -0.7922 0.0401
vn -0.6648 -0.6624 0.3454
vn -0.7099 -0.7032 0.0400
vn -0.7454 -0.5704 0.3451
vn -0.7948 -0.6055 0.0396
vn -0.8120 -0.4706 0.3451
vn -0.8631 -0.5035 0.0396
vn -0.8664 -0.3605 0.3454
vn -0.9215 -0.3863 0.0400
vn -0.9064 -0.2430 0.3455
vn -0.9651 -0.2589 0.0402
vn -0.9304 -0.1225 0.3455
vn -0.9906 -0.1304 0.0402
vn -0.9384 -0.0000 0.3455
vn -0.9992 -0.0000 0.0402
vn -0.9304 0.1225 0.3455
vn -0.9906 0.1304 0.0402
vn -0.9064 0.2429 0.3455
vn -0.9651 0.2586 0.0402
vn -0.8670 0.3591 0.3455
vn -0.9231 0.3824 0.0402
vn -0.8127 0.4692 0.3455
vn -0.8653 0.4996 0.0402
vn -0.7445 0.5713 0.3455
vn -0.7927 0.6083 0.0402
vn -0.6636 0.6636 0.3455
vn -0.7065 0.7065 0.0402
vn -0.5713 0.7445 0.3455
vn -0.6083 0.7927 0.0402
vn -0.4692 0.8127 0.3455
vn -0.4996 0.8653 0.0402
vn -0.3591 0.8670 0.3455
vn -0.3824 0.9231 0.0402
vn -0.2429 0.9064 0.3455
vn -0.2586 0.9651 0.0402
vn -0.1225 0.9304 0.3455
vn -0.1304 0.9906 0.0402
vn -0.0000 0.9384 0.3455
vn -0.0000 0.9992 0.0402
vn 0.1228 0.9304 0.3455
vn 0.1308 0.9906 0.0402
vn 0.2473 0.9054 0.3452
vn 0.2702 0.9620 0.0398
vn 0.3700 0.8631 0.3439
vn 0.4117 0.9105 0.0381
vn 0.4783 0.8088 0.3421
vn 0.5231 0.8515 0.0358
vn 0.5700 0.7473 0.3414
vn 0.6024 0.7974 0.0350
vn 0.6556 0.6728 0.3427
vn 0.6823 0.7302 0.0367
vn 0.7393 0.5786 0.3445
vn 0.7775 0.6277 0.0389
vn 0.8116 0.4711 0.3454
vn 0.8626 0.5043 0.0400
vn 0.8669 0.3592 0.3455
vn 0.9231 0.3825 0.0402
vn 0.9064 0.2429 0.3455
vn 0.9651 0.2586 0.0402
vn 0.9304 0.1225 0.3455
vn 0.9906 0.1304 0.0402
vn 0.9384 -0.0000 0.3455
vn 0.9992 -0.0000 0.0402
vn 0.9304 -0.1225 0.3455
vn 0.9906 -0.1304 0.0402
vn 0.9064 -0.2429 0.3455
vn 0.9651 -0.2586 0.0402
vn 0.8670 -0.3591 0.3455
vn 0.9231 -0.3824 0.0402
vn 0.8127 -0.4692 0.3455
vn 0.8653 -0.4996 0.0402
vn 0.7445 -0.5713 0.3455
vn 0.7927 -0.6083 0.0402
vn 0.6636 -0.6636 0.3455
vn 0.7065 -0.7065 0.0402
vn 0.5713 -0.7445 0.3455
vn 0.6083 -0.7927 0.0402
vn 0.4692 -0.8127 0.3455
vn 0.4996 -0.8653 0.0402
vn 0.3591 -0.8670 0.3455
vn 0.3824 -0.9231 0.0402
vn 0.2429 -0.9064 0.3455
vn 0.2586 -0.9651 0.0402
vn 0.1225 -0.9304 0.3455
vn 0.1304 -0.9906 0.0402
vn 0.0404 0.6167 -0.7861
vn 0.0654 0.9979 0.0037
vn -0.0000 0.9912 -0.1327
vn 0.1294 0.9827 -0.1327
vn 0.1206 0.6062 -0.7861
vn 0.1951 0.9808 0.0037
vn 0.2565 0.9574 -0.1327
vn 0.1987 0.5853 -0.7861
vn 0.3214 0.9469 0.0037
vn 0.3793 0.9157 -0.1327
vn 0.2734 0.5543 -0.7861
vn 0.4423 0.8969 0.0037
vn 0.4956 0.8584 -0.1327
vn 0.3434 0.5138 -0.7861
vn 0.5557 0.8313 0.0037
vn 0.6038 0.7860 -0.1326
vn 0.4080 0.4643 -0.7861
vn 0.6610 0.7503 0.0038
vn 0.7031 0.6987 -0.1324
vn 0.4654 0.4068 -0.7860
vn 0.7556 0.6550 0.0041
vn 0.7878 0.6016 -0.1321
vn 0.5140 0.3436 -0.7860
vn 0.8311 0.5562 0.0043
vn 0.8570 0.4981 -0.1322
vn 0.5540 0.2743 -0.7861
vn 0.8943 0.4475 0.0040
vn 0.9147 0.3819 -0.1325
vn 0.5851 0.1991 -0.7861
vn 0.9464 0.3230 0.0037
vn 0.9573 0.2568 -0.1327
vn 0.6062 0.1206 -0.7861
vn 0.9808 0.1951 0.0037
vn 0.9827 0.1294 -0.1327
vn 0.6167 0.0404 -0.7861
vn 0.9979 0.0654 0.0037
vn 0.9912 -0.0000 -0.1327
vn 0.6167 -0.0404 -0.7861
vn 0.9979 -0.0654 0.0037
vn 0.9827 -0.1294 -0.1327
vn 0.6062 -0.1206 -0.7861
vn 0.9808 -0.1951 0.0037
vn 0.9574 -0.2565 -0.1327
vn 0.5853 -0.1987 -0.7861
vn 0.9469 -0.3214 0.0037
vn 0.9157 -0.3793 -0.1327
vn 0.5543 -0.2734 -0.7861
vn 0.8969 -0.4423 0.0037
vn 0.8584 -0.4956 -0.1327
vn 0.5139 -0.3434 -0.7861
vn 0.8315 -0.5556 0.0037
vn 0.7863 -0.6034 -0.1327
vn 0.4647 -0.4075 -0.7861
vn 0.7518 -0.6593 0.0037
vn 0.7009 -0.7009 -0.1327
vn 0.4075 -0.4647 -0.7861
vn 0.6593 -0.7518 0.0037
vn 0.6034 -0.7863 -0.1327
vn 0.3434 -0.5139 -0.7861
vn 0.5556 -0.8315 0.0037
vn 0.4956 -0.8584 -0.1327
vn 0.2734 -0.5543 -0.7861
vn 0.4423 -0.8969 0.0037
vn 0.3793 -0.9157 -0.1327
vn 0.1987 -0.5853 -0.7861
vn 0.3214 -0.9469 0.0037
vn 0.2565 -0.9574 -0.1327
vn 0.1206 -0.6062 -0.7861
vn 0.1951 -0.9808 0.0037
vn 0.1294 -0.9827 -0.1327
vn 0.0404 -0.6167 -0.7861
vn 0.0654 -0.9979 0.0037
vn -0.0000 -0.9912 -0.1327
vn -0.0405 -0.6167 -0.7861
vn -0.0654 -0.9979 0.0037
vn -0.1297 -0.9826 -0.1327
vn -0.1218 -0.6059 -0.7861
vn -0.1988 -0.9800 0.0038
vn -0.2642 -0.9554 -0.1322
vn -0.2034 -0.5839 -0.7859
vn -0.3427 -0.9395 0.0047
vn -0.3985 -0.9078 -0.1306
vn -0.2799 -0.5522 -0.7853
vn -0.4728 -0.8812 0.0069
vn -0.5111 -0.8498 -0.1285
vn -0.3462 -0.5140 -0.7849
vn -0.5653 -0.8248 0.0087
vn -0.5999 -0.7898 -0.1278
vn -0.4049 -0.4689 -0.7850
vn -0.6408 -0.7677 0.0082
vn -0.6855 -0.7165 -0.1293
vn -0.4608 -0.4130 -0.7856
vn -0.7295 -0.6840 0.0059
vn -0.7766 -0.6162 -0.1314
vn -0.5122 -0.3461 -0.7860
vn -0.8241 -0.5665 0.0042
vn -0.8565 -0.4988 -0.1325
vn -0.5540 -0.2739 -0.7861
vn -0.8962 -0.4437 0.0037
vn -0.9157 -0.3794 -0.1327
vn -0.5852 -0.1987 -0.7861
vn -0.9469 -0.3214 0.0037
vn -0.9574 -0.2565 -0.1327
vn -0.6062 -0.1206 -0.7861
vn -0.9808 -0.1951 0.0037
vn -0.9827 -0.1294 -0.1327
vn -0.6167 -0.0404 -0.7861
vn -0.9979 -0.0654 0.0037
vn -0.9912 -0.0000 -0.1327
vn -0.6167 0.0404 -0.7861
vn -0.9979 0.0654 0.0037
vn -0.9827 0.1294 -0.1327
vn -0.6062 0.1206 -0.7861
vn -0.9808 0.1951 0.0037
vn -0.9574 0.2565 -0.1327
vn -0.5853 0.1987 -0.7861
vn -0.9469 0.3214 0.0037
vn -0.9157 0.3793 -0.1327
vn -0.5543 0.2734 -0.7861
vn -0.8969 0.4423 0.0037
vn -0.8584 0.4956 -0.1327
vn -0.5139 0.3434 -0.7861
vn -0.8315 0.5556 0.0037
vn -0.7863 0.6034 -0.1327
vn -0.4647 0.4075 -0.7861
vn -0.7518 0.6593 0.0037
vn -0.7009 0.7009 -0.1327
vn -0.4075 0.4647 -0.7861
vn -0.6593 0.7518 0.0037
vn -0.6034 0.7863 -0.1327
vn -0.3434 0.5139 -0.7861
vn -0.5556 0.8315 0.0037
vn -0.4956 0.8584 -0.1327
vn -0.2734 0.5543 -0.7861
vn -0.4423 0.8969 0.0037
vn -0.3793 0.9157 -0.1327
vn -0.1987 0.5853 -0.7861
vn -0.3214 0.9469 0.0037
vn -0.2565 0.9574 -0.1327
vn -0.1206 0.6062 -0.7861
vn -0.1951 0.9808 0.0037
vn -0.1294 0.9827 -0.1327
vn -0.0404 0.6167 -0.7861
vn -0.0654 0.9979 0.0037
vn -0.0408 -0.6223 0.7817
vn -0.0653 -0.9971 0.0401
vn -0.0000 -0.9908 0.1355
vn -0.1293 -0.9823 0.1355
vn -0.1217 -0.6117 0.7817
vn -0.1949 -0.9800 0.0401
vn -0.2564 -0.9570 0.1355
vn -0.2005 -0.5906 0.7817
vn -0.3212 -0.9462 0.0401
vn -0.3792 -0.9154 0.1355
vn -0.2758 -0.5594 0.7817
vn -0.4419 -0.8962 0.0401
vn -0.4954 -0.8580 0.1355
vn -0.3465 -0.5185 0.7817
vn -0.5553 -0.8307 0.0401
vn -0.6036 -0.7857 0.1354
vn -0.4116 -0.4685 0.7817
vn -0.6605 -0.7497 0.0400
vn -0.7028 -0.6984 0.1352
vn -0.4697 -0.4105 0.7816
vn -0.7551 -0.6544 0.0397
vn -0.7875 -0.6014 0.1349
vn -0.5187 -0.3467 0.7815
vn -0.8304 -0.5558 0.0395
vn -0.8566 -0.4979 0.1350
vn -0.5590 -0.2768 0.7816
vn -0.8935 -0.4473 0.0398
vn -0.9143 -0.3817 0.1353
vn -0.5904 -0.2009 0.7817
vn -0.9456 -0.3227 0.0400
vn -0.9570 -0.2566 0.1354
vn -0.6117 -0.1217 0.7817
vn -0.9800 -0.1950 0.0401
vn -0.9823 -0.1293 0.1355
vn -0.6223 -0.0408 0.7817
vn -0.9971 -0.0653 0.0401
vn -0.9908 -0.0000 0.1355
vn -0.6223 0.0408 0.7817
vn -0.9971 0.0654 0.0401
vn -0.9823 0.1293 0.1355
vn -0.6117 0.1217 0.7817
vn -0.9800 0.1949 0.0401
vn -0.9570 0.2564 0.1355
vn -0.5906 0.2005 0.7817
vn -0.9462 0.3212 0.0401
vn -0.9154 0.3792 0.1355
vn -0.5593 0.2758 0.7817
vn -0.8962 0.4419 0.0401
vn -0.8580 0.4954 0.1355
vn -0.5186 0.3465 0.7817
vn -0.8308 0.5551 0.0401
vn -0.7860 0.6032 0.1355
vn -0.4689 0.4112 0.7817
vn -0.7512 0.6588 0.0401
vn -0.7006 0.7006 0.1355
vn -0.4112 0.4689 0.7817
vn -0.6588 0.7512 0.0401
vn -0.6031 0.7860 0.1355
vn -0.3465 0.5186 0.7817
vn -0.5551 0.8308 0.0401
vn -0.4954 0.8580 0.1355
vn -0.2758 0.5593 0.7817
vn -0.4419 0.8962 0.0401
vn -0.3792 0.9154 0.1355
vn -0.2005 0.5906 0.7817
vn -0.3212 0.9462 0.0401
vn -0.2564 0.9570 0.1355
vn -0.1217 0.6117 0.7817
vn -0.1949 0.9800 0.0401
vn -0.1293 0.9823 0.1355
vn -0.0408 0.6223 0.7817
vn -0.0654 0.9971 0.0401
vn -0.0000 0.9908 0.1355
vn 0.0408 0.6223 0.7817
vn 0.0653 0.9971 0.0401
vn 0.1296 0.9823 0.1354
vn 0.1228 0.6114 0.7818
vn 0.1986 0.9793 0.0400
vn 0.2641 0.9550 0.1349
vn 0.2050 0.5892 0.7816
vn 0.3426 0.9387 0.0391
vn 0.3984 0.9075 0.1334
vn 0.2823 0.5573 0.7809
vn 0.4729 0.8803 0.0369
vn 0.5110 0.8495 0.1313
vn 0.3494 0.5188 0.7803
vn 0.5651 0.8243 0.0351
vn 0.5997 0.7895 0.1307
vn 0.4087 0.4732 0.7804
vn 0.6402 0.7674 0.0355
vn 0.6851 0.7164 0.1321
vn 0.4650 0.4166 0.7812
vn 0.7287 0.6838 0.0378
vn 0.7763 0.6160 0.1341
vn 0.5168 0.3491 0.7817
vn 0.8234 0.5661 0.0396
vn 0.8562 0.4986 0.1352
vn 0.5591 0.2763 0.7817
vn 0.8955 0.4433 0.0401
vn 0.9153 0.3793 0.1354
vn 0.5906 0.2005 0.7817
vn 0.9462 0.3212 0.0401
vn 0.9570 0.2564 0.1355
vn 0.6117 0.1217 0.7817
vn 0.9800 0.1949 0.0401
vn 0.9823 0.1293 0.1355
vn 0.6223 0.0408 0.7817
vn 0.9971 0.0654 0.0401
vn 0.9908 -0.0000 0.1355
vn 0.6223 -0.0408 0.7817
vn 0.9971 -0.0654 0.0401
vn 0.9823 -0.1293 0.1355
vn 0.6117 -0.1217 0.7817
vn 0.9800 -0.1949 0.0401
vn 0.9570 -0.2564 0.1355
vn 0.5906 -0.2005 0.7817
vn 0.9462 -0.3212 0.0401
vn 0.9154 -0.3792 0.1355
vn 0.5593 -0.2758 0.7817
vn 0.8962 -0.4419 0.0401
vn 0.8580 -0.4954 0.1355
vn 0.5186 -0.3465 0.7817
vn 0.8308 -0.5551 0.0401
vn 0.7860 -0.6032 0.1355
vn 0.4689 -0.4112 0.7817
vn 0.7512 -0.6588 0.0401
vn 0.7006 -0.7006 0.1355
vn 0.4112 -0.4689 0.7817
vn 0.6588 -0.7512 0.0401
vn 0.6032 -0.7860 0.1355
vn 0.3465 -0.5186 0.7817
vn 0.5551 -0.8308 0.0401
vn 0.4954 -0.8580 0.1355
vn 0.2758 -0.5593 0.7817
vn 0.4419 -0.8962 0.0401
vn 0.3792 -0.9154 0.1355
vn 0.2005 -0.5906 0.7817
vn 0.3212 -0.9462 0.0401
vn 0.2564 -0.9570 0.1355
vn 0.1217 -0.6117 0.7817
vn 0.1949 -0.9800 0.0401
vn 0.1293 -0.9823 0.1355
vn 0.0408 -0.6223 0.7817
vn 0.0653 -0.9971 0.0401
vn -0.0000 0.0189 0.9998
vn 0.0025 0.0187 0.9998
vn 0.0049 0.0182 0.9998
vn 0.0072 0.0174 0.9998
vn 0.0095 0.0163 0.9998
vn 0.0117 0.0152 0.9998
vn 0.0137 0.0143 0.9998
vn 0.0130 0.0105 0.9999
vn 0.0151 0.0081 0.9999
vn 0.0185 0.0073 0.9998
vn 0.0184 0.0051 0.9998
vn 0.0187 0.0025 0.9998
vn 0.0189 -0.0000 0.9998
vn 0.0187 -0.0025 0.9998
vn 0.0182 -0.0049 0.9998
vn 0.0174 -0.0072 0.9998
vn 0.0163 -0.0094 0.9998
vn 0.0150 -0.0115 0.9998
vn 0.0133 -0.0133 0.9998
vn 0.0115 -0.0150 0.9998
vn 0.0094 -0.0163 0.9998
vn 0.0072 -0.0174 0.9998
vn 0.0049 -0.0182 0.9998
vn 0.0025 -0.0187 0.9998
vn -0.0000 -0.0189 0.9998
vn -0.0030 -0.0190 0.9998
vn -0.0058 -0.0219 0.9997
vn -0.0055 -0.0193 0.9998
vn -0.0027 -0.0097 0.9999
vn -0.0041 -0.0042 1.0000
vn -0.0118 -0.0076 0.9999
vn -0.0188 -0.0127 0.9997
vn -0.0178 -0.0108 0.9998
vn -0.0175 -0.0075 0.9998
vn -0.0182 -0.0049 0.9998
vn -0.0187 -0.0025 0.9998
vn -0.0189 -0.0000 0.9998
vn -0.0187 0.0025 0.9998
vn -0.0182 0.0049 0.9998
vn -0.0174 0.0072 0.9998
vn -0.0163 0.0094 0.9998
vn -0.0150 0.0115 0.9998
vn -0.0133 0.0134 0.9998
vn -0.0115 0.0150 0.9998
vn -0.0094 0.0163 0.9998
vn -0.0072 0.0174 0.9998
vn -0.0049 0.0182 0.9998
vn -0.0025 0.0187 0.9998
vn 0.0645 0.9848 -0.1612
vn 0.1925 0.9680 -0.1612
vn 0.3172 0.9345 -0.1612
vn 0.4365 0.8851 -0.1612
vn 0.5484 0.8205 -0.1612
vn 0.6518 0.7411 -0.1611
vn 0.7445 0.6480 -0.1608
vn 0.8204 0.5488 -0.1606
vn 0.8835 0.4399 -0.1609
vn 0.9342 0.3182 -0.1612
vn 0.9679 0.1926 -0.1612
vn 0.9848 0.0645 -0.1612
vn 0.9848 -0.0645 -0.1612
vn 0.9680 -0.1925 -0.1612
vn 0.9345 -0.3172 -0.1612
vn 0.8851 -0.4365 -0.1612
vn 0.8206 -0.5483 -0.1612
vn 0.7420 -0.6507 -0.1612
vn 0.6507 -0.7420 -0.1612
vn 0.5483 -0.8206 -0.1612
vn 0.4365 -0.8851 -0.1612
vn 0.3172 -0.9345 -0.1612
vn 0.1925 -0.9680 -0.1612
vn 0.0645 -0.9848 -0.1612
vn -0.0645 -0.9848 -0.1612
vn -0.1949 -0.9675 -0.1612
vn -0.3308 -0.9300 -0.1603
vn -0.4563 -0.8757 -0.1582
vn -0.5550 -0.8170 -0.1564
vn -0.6394 -0.7527 -0.1569
vn -0.7281 -0.6668 -0.1591
vn -0.8160 -0.5553 -0.1608
vn -0.8847 -0.4374 -0.1612
vn -0.9345 -0.3172 -0.1612
vn -0.9680 -0.1925 -0.1612
vn -0.9848 -0.0645 -0.1612
vn -0.9848 0.0645 -0.1612
vn -0.9680 0.1925 -0.1612
vn -0.9345 0.3172 -0.1612
vn -0.8851 0.4365 -0.1612
vn -0.8206 0.5483 -0.1612
vn -0.7420 0.6507 -0.1612
vn -0.6507 0.7420 -0.1612
vn -0.5483 0.8206 -0.1612
vn -0.4365 0.8851 -0.1612
vn -0.3172 0.9345 -0.1612
vn -0.1925 0.9680 -0.1612
vn -0.0645 0.9848 -0.1612
vn -0.0001 -0.0002 -1.0000
vn -0.0645 -0.9846 0.1625
vn -0.1925 -0.9677 0.1625
vn -0.3172 -0.9343 0.1625
vn -0.4364 -0.8850 0.1625
vn -0.5483 -0.8204 0.1625
vn -0.6517 -0.7409 0.1625
vn -0.7444 -0.6477 0.1621
vn -0.8202 -0.5486 0.1619
vn -0.8833 -0.4399 0.1622
vn -0.9340 -0.3181 0.1625
vn -0.9677 -0.1925 0.1625
vn -0.9846 -0.0645 0.1625
vn -0.9846 0.0645 0.1625
vn -0.9677 0.1925 0.1625
vn -0.9343 0.3172 0.1625
vn -0.8849 0.4364 0.1625
vn -0.8204 0.5482 0.1625
vn -0.7418 0.6506 0.1625
vn -0.6506 0.7418 0.1625
vn -0.5482 0.8204 0.1625
vn -0.4364 0.8849 0.1625
vn -0.3172 0.9343 0.1625
vn -0.1925 0.9677 0.1625
vn -0.0645 0.9846 0.1625
vn 0.0644 0.9846 0.1625
vn 0.1946 0.9673 0.1625
vn 0.3309 0.9297 0.1616
vn 0.4567 0.8752 0.1595
vn 0.5551 0.8167 0.1577
vn 0.6389 0.7529 0.1581
vn 0.7276 0.6670 0.1604
vn 0.8158 0.5551 0.1621
vn 0.8846 0.4371 0.1625
vn 0.9344 0.3171 0.1625
vn 0.9677 0.1925 0.1625
vn 0.9846 0.0645 0.1625
vn 0.9846 -0.0645 0.1625
vn 0.9677 -0.1925 0.1625
vn 0.9343 -0.3172 0.1625
vn 0.8849 -0.4364 0.1625
vn 0.8204 -0.5482 0.1625
vn 0.7418 -0.6506 0.1625
vn 0.6506 -0.7418 0.1625
vn 0.5482 -0.8204 0.1625
vn 0.4364 -0.8849 0.1625
vn 0.3172 -0.9343 0.1625
vn 0.1925 -0.9677 0.1625
vn 0.0645 -0.9846 0.1625
vn 0.0001 0.0001 1.0000
vn 0.0012 0.0188 0.9998
vn 0.0037 0.0185 0.9998
vn 0.0061 0.0179 0.9998
vn 0.0083 0.0169 0.9998
vn 0.0106 0.0157 0.9998
vn 0.0129 0.0148 0.9998
vn 0.0133 0.0125 0.9998
vn 0.0138 0.0091 0.9999
vn 0.0170 0.0077 0.9998
vn 0.0186 0.0063 0.9998
vn 0.0185 0.0038 0.9998
vn 0.0188 0.0012 0.9998
vn 0.0188 -0.0012 0.9998
vn 0.0185 -0.0037 0.9998
vn 0.0179 -0.0061 0.9998
vn 0.0169 -0.0083 0.9998
vn 0.0157 -0.0105 0.9998
vn 0.0142 -0.0124 0.9998
vn 0.0124 -0.0142 0.9998
vn 0.0105 -0.0157 0.9998
vn 0.0083 -0.0169 0.9998
vn 0.0061 -0.0179 0.9998
vn 0.0037 -0.0185 0.9998
vn 0.0012 -0.0188 0.9998
vn -0.0015 -0.0188 0.9998
vn -0.0046 -0.0205 0.9998
vn -0.0059 -0.0212 0.9998
vn -0.0040 -0.0147 0.9999
vn -0.0029 -0.0063 1.0000
vn -0.0076 -0.0053 1.0000
vn -0.0158 -0.0104 0.9998
vn -0.0186 -0.0122 0.9998
vn -0.0175 -0.0091 0.9998
vn -0.0178 -0.0062 0.9998
vn -0.0185 -0.0037 0.9998
vn -0.0188 -0.0012 0.9998
vn -0.0188 0.0012 0.9998
vn -0.0185 0.0037 0.9998
vn -0.0179 0.0061 0.9998
vn -0.0169 0.0083 0.9998
vn -0.0157 0.0105 0.9998
vn -0.0142 0.0124 0.9998
vn -0.0124 0.0142 0.9998
vn -0.0105 0.0157 0.9998
vn -0.0083 0.0169 0.9998
vn -0.0060 0.0179 0.9998
vn -0.0037 0.0185 0.9998
vn -0.0012 0.0188 0.9998
vn 1.0000 -0.0000 -0.0000
vn 0.8970 -0.4421 -0.0000
vn 0.4285 -0.9035 -0.0000
vn -0.3943 -0.9190 -0.0000
vn -0.8918 -0.4524 -0.0000
vn -1.0000 -0.0000 -0.0000
vn -0.8918 0.4524 -0.0000
vn -0.3943 0.9190 -0.0000
vn 0.4285 0.9035 -0.0000
vn 0.8970 0.4421 -0.0000
vn 0.9874 -0.0000 0.1586
vn 0.8846 -0.4442 0.1418
vn 0.4221 -0.9042 0.0661
vn -0.3874 -0.9198 -0.0630
vn -0.8797 -0.4546 -0.1397
vn -0.9876 -0.0000 -0.1568
vn -0.8797 0.4546 -0.1397
vn -0.3874 0.9198 -0.0630
vn 0.4221 0.9042 0.0661
vn 0.8846 0.4442 0.1418
vn 0.9484 -0.0000 0.3172
vn 0.8469 -0.4503 0.2828
vn 0.4025 -0.9060 0.1312
vn -0.3667 -0.9220 -0.1241
vn -0.8425 -0.4611 -0.2786
vn -0.9495 -0.0000 -0.3139
vn -0.8425 0.4611 -0.2786
vn -0.3667 0.9220 -0.1241
vn 0.4025 0.9060 0.1312
vn 0.8469 0.4503 0.2828
vn 0.8800 -0.0000 0.4750
vn 0.7817 -0.4599 0.4211
vn 0.3692 -0.9088 0.1942
vn -0.3323 -0.9255 -0.1815
vn -0.7780 -0.4716 -0.4152
vn -0.8823 -0.0000 -0.4706
vn -0.7780 0.4716 -0.4152
vn -0.3323 0.9255 -0.1815
vn 0.3692 0.9088 0.1942
vn 0.7817 0.4599 0.4211
vn 0.7777 -0.0000 0.6286
vn 0.6863 -0.4720 0.5534
vn 0.3216 -0.9124 0.2531
vn -0.2848 -0.9298 -0.2330
vn -0.6832 -0.4850 -0.5459
vn -0.7815 -0.0000 -0.6239
vn -0.6832 0.4850 -0.5459
vn -0.2848 0.9298 -0.2330
vn 0.3216 0.9124 0.2531
vn 0.6863 0.4720 0.5534
vn 0.6369 -0.0000 0.7709
vn 0.5580 -0.4849 0.6735
vn 0.2592 -0.9163 0.3053
vn -0.2254 -0.9343 -0.2761
vn -0.5555 -0.4998 -0.6645
vn -0.6418 -0.0000 -0.7669
vn -0.5555 0.4998 -0.6645
vn -0.2254 0.9343 -0.2761
vn 0.2592 0.9163 0.3053
vn 0.5580 0.4849 0.6735
vn 0.4556 -0.0000 0.8902
vn 0.3965 -0.4966 0.7721
vn 0.1828 -0.9198 0.3472
vn -0.1560 -0.9383 -0.3086
vn -0.3947 -0.5138 -0.7618
vn -0.4605 -0.0000 -0.8877
vn -0.3947 0.5138 -0.7618
vn -0.1560 0.9383 -0.3086
vn 0.1828 0.9198 0.3472
vn 0.3965 0.4966 0.7721
vn 0.2386 -0.0000 0.9711
vn 0.2066 -0.5049 0.8381
vn 0.0947 -0.9223 0.3747
vn -0.0798 -0.9411 -0.3287
vn -0.2056 -0.5238 -0.8266
vn -0.2417 -0.0000 -0.9704
vn -0.2056 0.5238 -0.8266
vn -0.0798 0.9411 -0.3287
vn 0.0947 0.9223 0.3747
vn 0.2066 0.5049 0.8381
vn -0.0000 -0.0000 1.0000
vn -0.0000 -0.5079 0.8614
vn -0.0000 -0.9232 0.3843
vn -0.0000 -0.9421 -0.3354
vn -0.0000 -0.5276 -0.8495
vn -0.0000 -0.0000 -1.0000
vn -0.0000 0.5276 -0.8495
vn -0.0000 0.9421 -0.3354
vn -0.0000 0.9232 0.3843
vn -0.0000 0.5079 0.8614
vn -0.2386 -0.0000 0.9711
vn -0.2066 -0.5049 0.8381
vn -0.0947 -0.9223 0.3747
vn 0.0798 -0.9411 -0.3287
vn 0.2056 -0.5238 -0.8266
vn 0.2417 -0.0000 -0.9704
vn 0.2056 0.5238 -0.8266
vn 0.0798 0.9411 -0.3287
vn -0.0947 0.9223 0.3747
vn -0.2066 0.5049 0.8381
vn -0.3546 -0.0000 0.9350
vn -0.3046 -0.5119 0.8032
vn -0.1270 -0.9336 0.3350
vn 0.2182 -0.8753 -0.4315
vn 0.3947 -0.5138 -0.7618
vn 0.4605 -0.0000 -0.8877
vn 0.3947 0.5138 -0.7618
vn 0.2182 0.8753 -0.4315
vn -0.1270 0.9336 0.3350
vn -0.3046 0.5119 0.8032
vn 0.3864 -0.7185 -0.5783
vn 0.4844 -0.4897 -0.7250
vn 0.5555 -0.0000 -0.8315
vn 0.4844 0.4897 -0.7250
vn 0.3864 0.7185 -0.5783
vn 0.3864 -0.7185 0.5783
vn 0.4844 -0.4897 0.7250
vn 0.5555 -0.0000 0.8315
vn 0.4844 0.4897 0.7250
vn 0.3864 0.7185 0.5783
vn -0.3546 -0.0000 -0.9350
vn -0.3046 -0.5119 -0.8032
vn -0.1270 -0.9336 -0.3350
vn 0.2182 -0.8753 0.4315
vn 0.3947 -0.5138 0.7618
vn 0.4605 -0.0000 0.8877
vn 0.3947 0.5138 0.7618
vn 0.2182 0.8753 0.4315
vn -0.1270 0.9336 -0.3350
vn -0.3046 0.5119 -0.8032
vn -0.2386 -0.0000 -0.9711
vn -0.2066 -0.5049 -0.8381
vn -0.0947 -0.9223 -0.3747
vn 0.0798 -0.9411 0.3287
vn 0.2056 -0.5238 0.8266
vn 0.2417 -0.0000 0.9704
vn 0.2056 0.5238 0.8266
vn 0.0798 0.9411 0.3287
vn -0.0947 0.9223 -0.3747
vn -0.2066 0.5049 -0.8381
vn -0.0000 -0.5079 -0.8614
vn -0.0000 -0.9232 -0.3843
vn -0.0000 -0.9421 0.3354
vn -0.0000 -0.5276 0.8495
vn -0.0000 0.5276 0.8495
vn -0.0000 0.9421 0.3354
vn -0.0000 0.9232 -0.3843
vn -0.0000 0.5079 -0.8614
vn 0.2386 -0.0000 -0.9711
vn 0.2066 -0.5049 -0.8381
vn 0.0947 -0.9223 -0.3747
vn -0.0798 -0.9411 0.3287
vn -0.2056 -0.5238 0.8266
vn -0.2417 -0.0000 0.9704
vn -0.2056 0.5238 0.8266
vn -0.0798 0.9411 0.3287
vn 0.0947 0.9223 -0.3747
vn 0.2066 0.5049 -0.8381
vn 0.4556 -0.0000 -0.8902
vn 0.3965 -0.4966 -0.7721
vn 0.1828 -0.9198 -0.3472
vn -0.1560 -0.9383 0.3086
vn -0.3947 -0.5138 0.7618
vn -0.4605 -0.0000 0.8877
vn -0.3947 0.5138 0.7618
vn -0.1560 0.9383 0.3086
vn 0.1828 0.9198 -0.3472
vn 0.3965 0.4966 -0.7721
vn 0.6369 -0.0000 -0.7709
vn 0.5580 -0.4849 -0.6735
vn 0.2592 -0.9163 -0.3053
vn -0.2254 -0.9343 0.2761
vn -0.5555 -0.4998 0.6645
vn -0.6418 -0.0000 0.7669
vn -0.5555 0.4998 0.6645
vn -0.2254 0.9343 0.2761
vn 0.2592 0.9163 -0.3053
vn 0.5580 0.4849 -0.6735
vn 0.7777 -0.0000 -0.6286
vn 0.6863 -0.4720 -0.5534
vn 0.3216 -0.9124 -0.2531
vn -0.2848 -0.9298 0.2330
vn -0.6832 -0.4850 0.5459
vn -0.7815 -0.0000 0.6239
vn -0.6832 0.4850 0.5459
vn -0.2848 0.9298 0.2330
vn 0.3216 0.9124 -0.2531
vn 0.6863 0.4720 -0.5534
vn 0.8800 -0.0000 -0.4750
vn 0.7817 -0.4599 -0.4211
vn 0.3692 -0.9088 -0.1942
vn -0.3323 -0.9255 0.1815
vn -0.7780 -0.4716 0.4152
vn -0.8823 -0.0000 0.4706
vn -0.7780 0.4716 0.4152
vn -0.3323 0.9255 0.1815
vn 0.3692 0.9088 -0.1942
vn 0.7817 0.4599 -0.4211
vn 0.9484 -0.0000 -0.3172
vn 0.8469 -0.4503 -0.2828
vn 0.4025 -0.9060 -0.1312
vn -0.3667 -0.9220 0.1241
vn -0.8425 -0.4611 0.2786
vn -0.9495 -0.0000 0.3139
vn -0.8425 0.4611 0.2786
vn -0.3667 0.9220 0.1241
vn 0.4025 0.9060 -0.1312
vn 0.8469 0.4503 -0.2828
vn 0.9874 -0.0000 -0.1586
vn 0.8846 -0.4442 -0.1418
vn 0.4221 -0.9042 -0.0661
vn -0.3874 -0.9198 0.0630
vn -0.8797 -0.4546 0.1397
vn -0.9876 -0.0000 0.1568
vn -0.8797 0.4546 0.1397
vn -0.3874 0.9198 0.0630
vn 0.4221 0.9042 -0.0661
vn 0.8846 0.4442 -0.1418
vt 0.048755 0.870782
vt 0.034602 0.782095
vt 0.042628 0.783997
vt 0.063802 0.889372
vt 0.032411 0.672192
vt 0.039879 0.672267
vt 0.047743 0.672336
vt 0.049609 0.782236
vt 0.154701 0.271511
vt 0.209042 0.180964
vt 0.216799 0.184862
vt 0.175120 0.258234
vt 0.061601 0.870903
vt 0.058254 0.784124
vt 0.075759 0.889470
vt 0.055970 0.672398
vt 0.064525 0.672453
vt 0.066034 0.782350
vt 0.164157 0.280147
vt 0.221399 0.192249
vt 0.228359 0.196487
vt 0.185016 0.268185
vt 0.075662 0.871001
vt 0.075150 0.784223
vt 0.088688 0.889545
vt 0.073371 0.672500
vt 0.082470 0.672540
vt 0.083598 0.782435
vt 0.172215 0.289123
vt 0.231929 0.203980
vt 0.237982 0.208459
vt 0.193253 0.278434
vt 0.090697 0.871074
vt 0.093029 0.784293
vt 0.102369 0.889599
vt 0.091783 0.672572
vt 0.101271 0.672596
vt 0.101999 0.782490
vt 0.178736 0.298287
vt 0.240452 0.215955
vt 0.245503 0.220576
vt 0.199692 0.288806
vt 0.106449 0.871121
vt 0.111584 0.784332
vt 0.116567 0.889629
vt 0.110892 0.672612
vt 0.120604 0.672620
vt 0.120922 0.782514
vt 0.183610 0.307481
vt 0.246821 0.227970
vt 0.250792 0.232628
vt 0.204220 0.299123
vt 0.122648 0.871141
vt 0.130496 0.784340
vt 0.131040 0.889635
vt 0.130367 0.672620
vt 0.140133 0.672612
vt 0.140041 0.782506
vt 0.139016 0.871134
vt 0.149433 0.784316
vt 0.145535 0.889616
vt 0.149861 0.672595
vt 0.159513 0.672570
vt 0.159018 0.782465
vt 0.155267 0.871100
vt 0.954475 0.932414
vt 0.960064 0.842542
vt 0.965073 0.846301
vt 0.965073 0.954630
vt 0.169055 0.672538
vt 0.168077 0.784261
vt 0.178450 0.672499
vt 0.177553 0.782395
vt 0.159808 0.889574
vt 0.171136 0.871040
vt 0.911451 0.933090
vt 0.916385 0.843606
vt 0.922372 0.847425
vt 0.922372 0.954885
vt 0.187662 0.672452
vt 0.186138 0.784177
vt 0.196639 0.672398
vt 0.195343 0.782296
vt 0.173624 0.889510
vt 0.186357 0.870955
vt 0.932880 0.931627
vt 0.937036 0.842543
vt 0.943966 0.846325
vt 0.943966 0.952895
vt 0.205332 0.672336
vt 0.203287 0.784064
vt 0.213706 0.672267
vt 0.212045 0.782168
vt 0.186740 0.889424
vt 0.200652 0.870845
vt 0.937068 0.812385
vt 0.932880 0.723736
vt 0.940918 0.726702
vt 0.949823 0.832034
vt 0.942101 0.614512
vt 0.949823 0.615661
vt 0.931653 0.454796
vt 0.922488 0.343411
vt 0.930080 0.342532
vt 0.939578 0.452043
vt 0.922487 0.561730
vt 0.935317 0.541678
vt 0.050349 0.598968
vt 0.040641 0.511158
vt 0.049468 0.513346
vt 0.063790 0.617295
vt 0.040573 0.401564
vt 0.049070 0.401977
vt 0.057865 0.402361
vt 0.057565 0.511937
vt 0.887359 0.325948
vt 0.887359 0.217892
vt 0.894199 0.214386
vt 0.898442 0.304367
vt 0.064837 0.599635
vt 0.066800 0.514060
vt 0.077053 0.617841
vt 0.066919 0.402713
vt 0.076195 0.403032
vt 0.075506 0.512594
vt 0.005254 0.927340
vt 0.005254 0.818549
vt 0.011167 0.815060
vt 0.016161 0.905342
vt 0.080195 0.600198
vt 0.084991 0.514646
vt 0.090973 0.618290
vt 0.085653 0.403317
vt 0.095252 0.403566
vt 0.094157 0.513117
vt 0.948996 0.302418
vt 0.948996 0.192934
vt 0.953894 0.189564
vt 0.959547 0.280117
vt 0.096161 0.600645
vt 0.103729 0.515095
vt 0.105311 0.618633
vt 0.104950 0.403779
vt 0.114707 0.403954
vt 0.113200 0.513497
vt 0.112462 0.600971
vt 0.122694 0.515399
vt 0.119824 0.618866
vt 0.124481 0.404092
vt 0.134230 0.404190
vt 0.132307 0.513728
vt 0.128819 0.601168
vt 0.141561 0.515552
vt 0.134261 0.618983
vt 0.143911 0.404249
vt 0.153485 0.404269
vt 0.151153 0.513805
vt 0.144952 0.601234
vt 0.160008 0.515552
vt 0.148377 0.618983
vt 0.162909 0.404249
vt 0.172143 0.404190
vt 0.169415 0.513728
vt 0.160584 0.601168
vt 0.589661 0.204668
vt 0.528773 0.203336
vt 0.527202 0.194765
vt 0.607416 0.193709
vt 0.181148 0.404092
vt 0.177718 0.515399
vt 0.189885 0.403954
vt 0.186780 0.513497
vt 0.161929 0.618866
vt 0.175449 0.600971
vt 0.584239 0.190218
vt 0.522439 0.186456
vt 0.521924 0.177496
vt 0.603377 0.180494
vt 0.198316 0.403779
vt 0.194389 0.515095
vt 0.206407 0.403566
vt 0.202951 0.513117
vt 0.174686 0.618633
vt 0.189292 0.600645
vt 0.580571 0.174930
vt 0.518155 0.168597
vt 0.518720 0.159405
vt 0.600925 0.166650
vt 0.214121 0.403317
vt 0.209736 0.514646
vt 0.221427 0.403032
vt 0.217652 0.512594
vt 0.186430 0.618290
vt 0.201877 0.600198
vt 0.578722 0.159065
vt 0.515994 0.150064
vt 0.517645 0.140802
vt 0.600103 0.152415
vt 0.228292 0.402713
vt 0.223496 0.514060
vt 0.234687 0.402361
vt 0.230630 0.511937
vt 0.196959 0.617841
vt 0.212987 0.599635
vt 0.578721 0.142895
vt 0.515994 0.131174
vt 0.518718 0.122004
vt 0.600924 0.138030
vt 0.240585 0.401977
vt 0.235434 0.513346
vt 0.245961 0.401564
vt 0.241665 0.511158
vt 0.206094 0.617295
vt 0.222433 0.598968
vt 0.971047 0.554596
vt 0.977503 0.464180
vt 0.980750 0.467639
vt 0.980750 0.577218
vt 0.817118 0.295677
vt 0.816290 0.235923
vt 0.826032 0.235208
vt 0.826718 0.296917
vt 0.835805 0.235038
vt 0.836218 0.294810
vt 0.571859 0.980261
vt 0.571859 0.871410
vt 0.576202 0.867740
vt 0.582158 0.957843
vt 0.551041 0.957829
vt 0.556986 0.867740
vt 0.561351 0.871417
vt 0.561351 0.980242
vt 0.845569 0.235414
vt 0.845689 0.297118
vt 0.855280 0.236336
vt 0.855280 0.296081
vt 0.971377 0.453672
vt 0.971377 0.344071
vt 0.974602 0.340621
vt 0.981066 0.431048
vt 0.514303 0.583260
vt 0.495825 0.495304
vt 0.502062 0.497545
vt 0.530489 0.601717
vt 0.492435 0.385683
vt 0.497836 0.386142
vt 0.503798 0.386573
vt 0.506929 0.496176
vt 0.612972 0.096437
vt 0.534463 0.067649
vt 0.537075 0.058514
vt 0.596755 0.080685
vt 0.523796 0.584008
vt 0.514136 0.498354
vt 0.539690 0.602338
vt 0.510328 0.386971
vt 0.517385 0.387334
vt 0.520124 0.496929
vt 0.619990 0.083918
vt 0.543682 0.051335
vt 0.547324 0.042802
vt 0.605465 0.067166
vt 0.535025 0.584658
vt 0.528157 0.499036
vt 0.550330 0.602868
vt 0.524907 0.387662
vt 0.532798 0.387957
vt 0.535076 0.497552
vt 0.628358 0.072493
vt 0.554732 0.036543
vt 0.559249 0.028717
vt 0.615591 0.054988
vt 0.547742 0.585199
vt 0.543663 0.499593
vt 0.562143 0.603302
vt 0.540964 0.388225
vt 0.549362 0.388467
vt 0.551275 0.498056
vt 0.637856 0.062292
vt 0.567215 0.023359
vt 0.572395 0.016199
vt 0.626838 0.044211
vt 0.561607 0.585635
vt 0.560236 0.500038
vt 0.574871 0.603642
vt 0.557970 0.388685
vt 0.566801 0.388874
vt 0.568456 0.498446
vt 0.648262 0.053374
vt 0.580760 0.011695
vt 0.586531 0.005254
vt 0.639010 0.034917
vt 0.576389 0.585963
vt 0.577748 0.500360
vt 0.588355 0.603879
vt 0.575874 0.389030
vt 0.585179 0.389144
vt 0.586552 0.498697
vt 0.591946 0.586169
vt 0.596093 0.500529
vt 0.602436 0.604001
vt 0.594691 0.389213
vt 0.604349 0.389237
vt 0.605354 0.498783
vt 0.608061 0.586239
vt 0.614947 0.500533
vt 0.616870 0.604003
vt 0.614091 0.389219
vt 0.623863 0.389161
vt 0.624459 0.498708
vt 0.624418 0.586175
vt 0.633912 0.500382
vt 0.631382 0.603888
vt 0.633619 0.389064
vt 0.643316 0.388929
vt 0.643499 0.498481
vt 0.640716 0.585980
vt 0.652645 0.500084
vt 0.645717 0.603659
vt 0.652911 0.388757
vt 0.662364 0.388547
vt 0.662142 0.498107
vt 0.656676 0.585660
vt 0.842561 0.964612
vt 0.847962 0.884497
vt 0.853276 0.882906
vt 0.853276 0.983276
vt 0.671634 0.388302
vt 0.670825 0.499642
vt 0.680681 0.388021
vt 0.680070 0.497593
vt 0.659629 0.603321
vt 0.672022 0.585219
vt 0.863784 0.965234
vt 0.868576 0.883972
vt 0.874759 0.882906
vt 0.874759 0.984775
vt 0.689467 0.387707
vt 0.688141 0.499064
vt 0.697953 0.387361
vt 0.696975 0.496946
vt 0.672879 0.602879
vt 0.686494 0.584666
vt 0.006604 0.211168
vt 0.019941 0.129880
vt 0.026930 0.130101
vt 0.015347 0.232590
vt 0.706105 0.386983
vt 0.704296 0.498362
vt 0.713885 0.386577
vt 0.712569 0.496179
vt 0.685242 0.602342
vt 0.699843 0.584009
vt 0.018657 0.208231
vt 0.034022 0.126450
vt 0.041620 0.127459
vt 0.026588 0.230569
vt 0.721263 0.386142
vt 0.719015 0.497545
vt 0.728205 0.385683
vt 0.726584 0.495304
vt 0.696505 0.601717
vt 0.711840 0.583260
vt 0.031899 0.206619
vt 0.049491 0.124566
vt 0.057558 0.126371
vt 0.038784 0.229736
vt 0.081514 0.037519
vt 0.089865 0.037160
vt 0.098467 0.037207
vt 0.066084 0.124261
vt 0.448651 0.951648
vt 0.448651 0.844175
vt 0.454647 0.840345
vt 0.459580 0.929837
vt 0.046103 0.206358
vt 0.074473 0.126855
vt 0.051727 0.230107
vt 0.107284 0.037659
vt 0.116278 0.038514
vt 0.083516 0.125540
vt 0.240207 0.970698
vt 0.240207 0.862347
vt 0.245186 0.858586
vt 0.250792 0.948467
vt 0.061026 0.207453
vt 0.092074 0.128904
vt 0.065196 0.231674
vt 0.125410 0.039769
vt 0.134642 0.041417
vt 0.101490 0.128382
vt 0.970055 0.302318
vt 0.970055 0.193158
vt 0.973949 0.189564
vt 0.980125 0.279799
vt 0.076412 0.209885
vt 0.110061 0.132481
vt 0.078959 0.234412
vt 0.143934 0.043453
vt 0.153245 0.045867
vt 0.119698 0.132737
vt 0.091999 0.213613
vt 0.128125 0.137527
vt 0.092782 0.238272
vt 0.162537 0.048649
vt 0.171769 0.051787
vt 0.137829 0.138531
vt 0.107519 0.218573
vt 0.145958 0.143953
vt 0.106428 0.243190
vt 0.180902 0.055267
vt 0.189897 0.059076
vt 0.155571 0.145665
vt 0.122707 0.224680
vt 0.950087 0.554787
vt 0.955869 0.464180
vt 0.960539 0.467513
vt 0.960539 0.577137
vt 0.198715 0.063196
vt 0.163254 0.151652
vt 0.207318 0.067609
vt 0.172623 0.154017
vt 0.119664 0.249081
vt 0.137304 0.231830
vt 0.427297 0.930689
vt 0.432442 0.840345
vt 0.438142 0.843817
vt 0.438142 0.952763
vt 0.215670 0.072297
vt 0.179719 0.160490
vt 0.223735 0.077241
vt 0.188691 0.163444
vt 0.132262 0.255844
vt 0.151058 0.239899
vt 0.865789 0.304433
vt 0.870202 0.214386
vt 0.876850 0.217897
vt 0.876850 0.326113
vt 0.231479 0.082418
vt 0.195069 0.170317
vt 0.238867 0.087806
vt 0.203501 0.173785
vt 0.144008 0.263364
vt 0.163736 0.248751
vt 0.063605 0.347938
vt 0.186749 0.316547
vt 0.206749 0.309206
vt 0.188085 0.325325
vt 0.721599 0.255075
vt 0.721007 0.247341
vt 0.727174 0.152090
vt 0.732906 0.241671
vt 0.707920 0.260500
vt 0.708691 0.251271
vt 0.693881 0.263915
vt 0.696157 0.253362
vt 0.679716 0.265206
vt 0.683620 0.253559
vt 0.665670 0.264366
vt 0.671298 0.251876
vt 0.651986 0.261418
vt 0.659400 0.248342
vt 0.638897 0.256413
vt 0.648132 0.243018
vt 0.626627 0.249437
vt 0.637685 0.235995
vt 0.615388 0.240609
vt 0.628238 0.227394
vt 0.605370 0.230081
vt 0.619954 0.217361
vt 0.596745 0.218031
vt 0.612973 0.206068
vt 0.580570 0.126695
vt 0.603375 0.123744
vt 0.584236 0.110744
vt 0.607413 0.109799
vt 0.589657 0.095315
vt 0.659449 0.045893
vt 0.652008 0.027377
vt 0.671299 0.040108
vt 0.665664 0.021882
vt 0.683613 0.036170
vt 0.679707 0.018492
vt 0.696149 0.034097
vt 0.693874 0.017211
vt 0.708686 0.033901
vt 0.707920 0.018052
vt 0.721009 0.035585
vt 0.721604 0.021000
vt 0.732906 0.039119
vt 0.005254 0.235766
vt 0.246101 0.827493
vt 0.233522 0.848077
vt 0.246006 0.739524
vt 0.250792 0.737414
vt 0.991182 0.709978
vt 0.981590 0.688115
vt 0.987746 0.598076
vt 0.991182 0.600454
vt 0.525473 0.332023
vt 0.516166 0.330998
vt 0.515994 0.278068
vt 0.525473 0.279128
vt 0.233522 0.629625
vt 0.237739 0.629491
vt 0.478678 0.248543
vt 0.463118 0.267069
vt 0.489900 0.161510
vt 0.495932 0.160117
vt 0.735833 0.994601
vt 0.726931 0.972891
vt 0.733501 0.882906
vt 0.735833 0.884964
vt 0.485192 0.159209
vt 0.488334 0.050507
vt 0.494117 0.050964
vt 0.499389 0.051442
vt 0.469478 0.247765
vt 0.454221 0.266414
vt 0.478286 0.160653
vt 0.754416 0.994200
vt 0.746341 0.972767
vt 0.753220 0.882906
vt 0.754416 0.884609
vt 0.472569 0.158395
vt 0.475341 0.049669
vt 0.482067 0.050075
vt 0.458663 0.247067
vt 0.443971 0.265835
vt 0.464905 0.159898
vt 0.795308 0.993615
vt 0.788186 0.972570
vt 0.795268 0.882906
vt 0.795308 0.884238
vt 0.458277 0.157689
vt 0.460631 0.048943
vt 0.468185 0.049291
vt 0.446420 0.246462
vt 0.432544 0.265343
vt 0.449989 0.159256
vt 0.432959 0.245961
vt 0.442564 0.157103
vt 0.444457 0.048340
vt 0.452710 0.048625
vt 0.420137 0.264946
vt 0.433792 0.158739
vt 0.418508 0.245571
vt 0.425693 0.156650
vt 0.427087 0.047875
vt 0.435905 0.048089
vt 0.406956 0.264654
vt 0.416579 0.158359
vt 0.403304 0.245302
vt 0.407940 0.156337
vt 0.408806 0.047555
vt 0.418038 0.047697
vt 0.393224 0.264468
vt 0.398651 0.158117
vt 0.387622 0.245152
vt 0.389636 0.156162
vt 0.389973 0.047375
vt 0.399438 0.047448
vt 0.379190 0.264389
vt 0.380336 0.158012
vt 0.371736 0.245125
vt 0.371097 0.156129
vt 0.370898 0.047338
vt 0.380447 0.047337
vt 0.365095 0.264421
vt 0.361941 0.158053
vt 0.355912 0.245226
vt 0.352627 0.156245
vt 0.351888 0.047457
vt 0.361365 0.047378
vt 0.351170 0.264567
vt 0.343764 0.158243
vt 0.340412 0.245452
vt 0.334534 0.156509
vt 0.333265 0.047728
vt 0.342508 0.047574
vt 0.337653 0.264821
vt 0.326118 0.158575
vt 0.325505 0.245798
vt 0.317133 0.156913
vt 0.315354 0.048144
vt 0.324201 0.047918
vt 0.324776 0.265179
vt 0.309309 0.159042
vt 0.311447 0.246258
vt 0.300722 0.157450
vt 0.298463 0.048697
vt 0.306762 0.048404
vt 0.892669 0.574699
vt 0.882608 0.593135
vt 0.882608 0.513254
vt 0.886942 0.506187
vt 0.312762 0.265636
vt 0.298478 0.246825
vt 0.285585 0.158112
vt 0.293626 0.159638
vt 0.282882 0.049378
vt 0.290492 0.049022
vt 0.919466 0.308983
vt 0.908951 0.325948
vt 0.908951 0.248653
vt 0.914420 0.241937
vt 0.301815 0.266183
vt 0.286822 0.247488
vt 0.271978 0.158886
vt 0.279336 0.160352
vt 0.268877 0.050175
vt 0.275667 0.049763
vt 0.961594 0.165158
vt 0.948996 0.179055
vt 0.958393 0.104763
vt 0.965648 0.099461
vt 0.938487 0.229873
vt 0.925701 0.209377
vt 0.921306 0.119475
vt 0.927603 0.121761
vt 0.932625 0.011325
vt 0.938487 0.011661
vt 0.948996 0.015651
vt 0.955929 0.011325
vt 0.390636 0.868608
vt 0.376898 0.879298
vt 0.394487 0.808712
vt 0.403059 0.805257
vt 0.603050 0.979573
vt 0.592667 0.957730
vt 0.597960 0.867740
vt 0.603050 0.870501
vt 0.386756 0.809947
vt 0.390430 0.721705
vt 0.398969 0.719446
vt 0.407210 0.716878
vt 0.376669 0.872625
vt 0.364093 0.882398
vt 0.377772 0.812758
vt 0.685807 0.979671
vt 0.675874 0.957779
vt 0.681737 0.867740
vt 0.685807 0.870278
vt 0.369436 0.813396
vt 0.372602 0.725255
vt 0.381628 0.723644
vt 0.583781 0.645442
vt 0.596739 0.660883
vt 0.522308 0.635865
vt 0.526466 0.628624
vt 0.894597 0.994746
vt 0.885268 0.972931
vt 0.891604 0.882906
vt 0.894597 0.885156
vt 0.360192 0.815542
vt 0.351394 0.815546
vt 0.354032 0.727467
vt 0.363390 0.726531
vt 0.574190 0.656814
vt 0.588804 0.671595
vt 0.511950 0.649849
vt 0.515269 0.641899
vt 0.832052 0.994458
vt 0.823470 0.972848
vt 0.830178 0.882906
vt 0.832052 0.884819
vt 0.342048 0.817014
vt 0.332939 0.816359
vt 0.335036 0.728304
vt 0.344567 0.728059
vt 0.985230 0.932438
vt 0.975581 0.954467
vt 0.975581 0.845363
vt 0.979118 0.842543
vt 0.322634 0.885763
vt 0.314672 0.877658
vt 0.314387 0.815821
vt 0.323651 0.817151
vt 0.315941 0.727751
vt 0.325481 0.728201
vt 0.665365 0.957493
vt 0.655185 0.979434
vt 0.655185 0.870788
vt 0.659778 0.867740
vt 0.308588 0.884843
vt 0.298968 0.876048
vt 0.296056 0.813943
vt 0.305316 0.815950
vt 0.297073 0.725818
vt 0.306459 0.726955
vt 0.540532 0.957302
vt 0.529981 0.979028
vt 0.529981 0.870934
vt 0.535567 0.867740
vt 0.294830 0.882914
vt 0.283722 0.873318
vt 0.278259 0.810755
vt 0.287355 0.813432
vt 0.278755 0.722537
vt 0.287826 0.724343
vt 0.971082 0.688578
vt 0.960332 0.709978
vt 0.960332 0.602492
vt 0.966828 0.599241
vt 0.281594 0.880008
vt 0.269194 0.869512
vt 0.261300 0.806313
vt 0.270077 0.809639
vt 0.261300 0.717965
vt 0.269901 0.720408
vt 0.877375 0.853843
vt 0.862815 0.872397
vt 0.883128 0.767481
vt 0.890911 0.765717
vt 0.775691 0.961664
vt 0.764924 0.947619
vt 0.768398 0.882906
vt 0.775691 0.888500
vt 0.876352 0.765586
vt 0.878601 0.656809
vt 0.886286 0.656873
vt 0.893587 0.656944
vt 0.864903 0.853731
vt 0.851208 0.872308
vt 0.867975 0.767365
vt 0.570578 0.751537
vt 0.550459 0.760940
vt 0.487586 0.763437
vt 0.488160 0.754205
vt 0.860423 0.765484
vt 0.862193 0.656705
vt 0.870564 0.656753
vt 0.851261 0.853643
vt 0.838654 0.872242
vt 0.851568 0.767280
vt 0.572967 0.765288
vt 0.554072 0.776161
vt 0.491899 0.781153
vt 0.491337 0.772126
vt 0.843339 0.765417
vt 0.844559 0.656639
vt 0.853509 0.656667
vt 0.836651 0.853584
vt 0.825345 0.872202
vt 0.834157 0.767232
vt 0.821316 0.853552
vt 0.825416 0.765384
vt 0.826083 0.656608
vt 0.835396 0.656620
vt 0.811518 0.872183
vt 0.816106 0.767211
vt 0.805553 0.853541
vt 0.807039 0.765372
vt 0.807214 0.656597
vt 0.816678 0.656601
vt 0.797435 0.872182
vt 0.797763 0.767208
vt 0.789650 0.853548
vt 0.788508 0.765379
vt 0.788198 0.656601
vt 0.797713 0.656597
vt 0.783350 0.872199
vt 0.779400 0.767226
vt 0.773873 0.853580
vt 0.770098 0.765412
vt 0.769253 0.656632
vt 0.778695 0.656612
vt 0.623894 0.957701
vt 0.613559 0.979519
vt 0.613559 0.870473
vt 0.618558 0.867740
vt 0.769499 0.872240
vt 0.758484 0.853640
vt 0.752131 0.765481
vt 0.761317 0.767276
vt 0.750747 0.656701
vt 0.759923 0.656662
vt 0.970992 0.810369
vt 0.960332 0.832034
vt 0.960332 0.723391
vt 0.966364 0.720487
vt 0.756098 0.872306
vt 0.743723 0.853729
vt 0.734899 0.765584
vt 0.743820 0.767362
vt 0.733007 0.656807
vt 0.741762 0.656750
vt 0.960868 0.432278
vt 0.950087 0.453672
vt 0.950087 0.345497
vt 0.956995 0.342532
vt 0.743365 0.872395
vt 0.729844 0.853840
vt 0.718698 0.765714
vt 0.727198 0.767478
vt 0.716331 0.656941
vt 0.724517 0.656870
vt 0.017529 0.784384
vt 0.005254 0.804552
vt 0.013419 0.697169
vt 0.021275 0.694826
vt 0.021471 0.575873
vt 0.009091 0.555913
vt 0.005254 0.466896
vt 0.012952 0.469481
vt 0.014032 0.358446
vt 0.021471 0.359159
vt 0.005254 0.586809
vt 0.012876 0.586382
vt 0.456243 0.583261
vt 0.443017 0.602238
vt 0.457953 0.496044
vt 0.466543 0.494412
vt 0.498355 0.978342
vt 0.487586 0.957025
vt 0.491675 0.867740
vt 0.498355 0.870990
vt 0.450107 0.493951
vt 0.451414 0.385174
vt 0.460018 0.385395
vt 0.468331 0.385649
vt 0.442163 0.582866
vt 0.430123 0.601939
vt 0.441122 0.495654
vt 0.519473 0.978921
vt 0.508864 0.957256
vt 0.513683 0.867740
vt 0.519473 0.870954
vt 0.432686 0.493627
vt 0.433483 0.384841
vt 0.442556 0.384990
vt 0.427239 0.582588
vt 0.416593 0.601746
vt 0.423460 0.495402
vt 0.644676 0.979360
vt 0.634402 0.957456
vt 0.639863 0.867740
vt 0.644676 0.870826
vt 0.414578 0.493445
vt 0.414845 0.384653
vt 0.424232 0.384728
vt 0.411726 0.582433
vt 0.402658 0.601663
vt 0.405268 0.495293
vt 0.395891 0.582401
vt 0.396093 0.493408
vt 0.395819 0.384616
vt 0.405360 0.384616
vt 0.388556 0.601691
vt 0.386860 0.495330
vt 0.380004 0.582495
vt 0.377548 0.493518
vt 0.376730 0.384728
vt 0.386262 0.384653
vt 0.374528 0.601829
vt 0.368549 0.495510
vt 0.364336 0.582712
vt 0.359259 0.493772
vt 0.357906 0.384990
vt 0.367265 0.384841
vt 0.360816 0.602076
vt 0.350648 0.495832
vt 0.349156 0.583050
vt 0.341540 0.494165
vt 0.339668 0.385395
vt 0.348694 0.385175
vt 0.347652 0.602426
vt 0.333465 0.496290
vt 0.334725 0.583501
vt 0.324694 0.494692
vt 0.322328 0.385937
vt 0.330867 0.385649
vt 0.335263 0.602875
vt 0.317292 0.496875
vt 0.321287 0.584059
vt 0.309008 0.495343
vt 0.306184 0.386607
vt 0.314089 0.386257
vt 0.812961 0.972572
vt 0.805817 0.993622
vt 0.805817 0.884242
vt 0.805883 0.882906
vt 0.323861 0.603414
vt 0.309075 0.584713
vt 0.294752 0.496107
vt 0.302407 0.497578
vt 0.291510 0.387393
vt 0.298647 0.386986
vt 0.989595 0.810349
vt 0.981501 0.831786
vt 0.981501 0.722193
vt 0.982721 0.720487
vt 0.313640 0.604034
vt 0.298295 0.585453
vt 0.282170 0.496971
vt 0.289065 0.498388
vt 0.278559 0.388282
vt 0.284805 0.387826
vt 0.716423 0.972892
vt 0.707504 0.994605
vt 0.707504 0.884968
vt 0.709861 0.882906
vt 0.304776 0.604724
vt 0.289134 0.586266
vt 0.271476 0.497920
vt 0.277494 0.499289
vt 0.267552 0.389259
vt 0.272800 0.388761
vt 0.985762 0.101364
vt 0.976157 0.123228
vt 0.976157 0.013705
vt 0.979616 0.011325
vt 0.922372 0.833098
vt 0.909800 0.812513
vt 0.905106 0.722434
vt 0.909870 0.724543
vt 0.918179 0.614512
vt 0.922372 0.614645
vt 0.545286 0.331386
vt 0.535982 0.332023
vt 0.535982 0.279142
vt 0.545508 0.278478
vt 0.785477 0.260069
vt 0.779035 0.263166
vt 0.743415 0.214386
vt 0.789172 0.253358
vt 0.773463 0.270459
vt 0.767900 0.271754
vt 0.760430 0.279387
vt 0.755959 0.278974
vt 0.746600 0.286701
vt 0.743415 0.284703
vt 0.393128 0.669264
vt 0.685485 0.850491
vt 0.685600 0.840040
vt 0.693736 0.737400
vt 0.696996 0.835351
vt 0.672383 0.854785
vt 0.673797 0.842954
vt 0.658934 0.857045
vt 0.661789 0.844041
vt 0.645369 0.857231
vt 0.649780 0.843284
vt 0.631921 0.855341
vt 0.637977 0.840695
vt 0.618818 0.851407
vt 0.626582 0.836318
vt 0.606288 0.845497
vt 0.615794 0.830231
vt 0.594557 0.837712
vt 0.605821 0.822528
vt 0.583869 0.828148
vt 0.596867 0.813295
vt 0.574426 0.816922
vt 0.589041 0.802705
vt 0.566269 0.804326
vt 0.582369 0.791032
vt 0.559424 0.790673
vt 0.576946 0.778508
vt 0.548674 0.745236
vt 0.569790 0.737489
vt 0.548676 0.729345
vt 0.570578 0.723406
vt 0.550446 0.713560
vt 0.572926 0.709542
vt 0.553958 0.698157
vt 0.576795 0.696135
vt 0.559149 0.683399
vt 0.582118 0.683413
vt 0.565932 0.669539
vt 0.605787 0.651460
vt 0.594543 0.635617
vt 0.615793 0.643487
vt 0.606291 0.627507
vt 0.626586 0.637102
vt 0.618823 0.621252
vt 0.637982 0.632412
vt 0.631926 0.616958
vt 0.649785 0.629498
vt 0.645375 0.614698
vt 0.661793 0.628411
vt 0.658939 0.614512
vt 0.673802 0.629168
vt 0.672388 0.616402
vt 0.685604 0.631757
vt 0.685488 0.620335
vt 0.696996 0.636134
vt 0.375211 0.332023
vt 0.805649 0.235638
vt 0.798139 0.242498
vt 0.805782 0.230771
vt 0.796268 0.248395
vt 0.040943 0.629566
vt 0.048715 0.629634
vt 0.033563 0.629491
vt 0.589632 0.278478
vt 0.599279 0.278896
vt 0.599382 0.299386
vt 0.589837 0.298972
vt 0.500695 0.009403
vt 0.505485 0.009907
vt 0.504128 0.051941
vt 0.056845 0.629695
vt 0.065300 0.629749
vt 0.495366 0.008919
vt 0.489522 0.008458
vt 0.074041 0.629796
vt 0.083033 0.629835
vt 0.483187 0.008021
vt 0.476388 0.007611
vt 0.092237 0.629867
vt 0.101612 0.629891
vt 0.469156 0.007229
vt 0.461520 0.006876
vt 0.111120 0.629907
vt 0.120717 0.629915
vt 0.453514 0.006555
vt 0.445170 0.006267
vt 0.130363 0.629915
vt 0.140012 0.629907
vt 0.436525 0.006014
vt 0.427610 0.005797
vt 0.149624 0.629890
vt 0.159161 0.629866
vt 0.418462 0.005618
vt 0.409130 0.005475
vt 0.168592 0.629834
vt 0.177880 0.629795
vt 0.399665 0.005367
vt 0.390102 0.005293
vt 0.186987 0.629749
vt 0.195860 0.629695
vt 0.380477 0.005254
vt 0.370826 0.005254
vt 0.204451 0.629634
vt 0.212726 0.629566
vt 0.361189 0.005295
vt 0.351609 0.005375
vt 0.032411 0.401123
vt 0.034042 0.358446
vt 0.042109 0.358882
vt 0.221731 0.672192
vt 0.220656 0.629491
vt 0.342127 0.005493
vt 0.332784 0.005649
vt 0.050506 0.359290
vt 0.059197 0.359669
vt 0.323622 0.005841
vt 0.314680 0.006069
vt 0.068145 0.360017
vt 0.077312 0.360332
vt 0.305997 0.006332
vt 0.297608 0.006628
vt 0.086658 0.360614
vt 0.096144 0.360860
vt 0.289551 0.006957
vt 0.281859 0.007316
vt 0.105728 0.361071
vt 0.115371 0.361244
vt 0.274567 0.007705
vt 0.267704 0.008122
vt 0.125029 0.361380
vt 0.134663 0.361477
vt 0.261300 0.008565
vt 0.262542 0.050613
vt 0.408797 0.682671
vt 0.416788 0.679773
vt 0.415117 0.714010
vt 0.144231 0.361536
vt 0.153692 0.361555
vt 0.400467 0.685267
vt 0.391836 0.687550
vt 0.163005 0.361536
vt 0.172130 0.361477
vt 0.382939 0.689510
vt 0.373816 0.691138
vt 0.181029 0.361380
vt 0.189663 0.361244
vt 0.364505 0.692428
vt 0.355046 0.693375
vt 0.197996 0.361071
vt 0.205991 0.360860
vt 0.345479 0.693973
vt 0.335846 0.694220
vt 0.213615 0.360614
vt 0.220834 0.360332
vt 0.326188 0.694116
vt 0.316546 0.693661
vt 0.227618 0.360017
vt 0.233939 0.359669
vt 0.306961 0.692857
vt 0.297475 0.691707
vt 0.239767 0.359290
vt 0.245080 0.358882
vt 0.288128 0.690216
vt 0.278960 0.688391
vt 0.825942 0.214554
vt 0.835600 0.214386
vt 0.250792 0.401123
vt 0.249854 0.358446
vt 0.270010 0.686239
vt 0.261317 0.683770
vt 0.487586 0.385199
vt 0.488873 0.342532
vt 0.493664 0.343010
vt 0.845249 0.214758
vt 0.887218 0.614795
vt 0.894597 0.614866
vt 0.879448 0.614730
vt 0.498999 0.343464
vt 0.504894 0.343889
vt 0.871320 0.614673
vt 0.862850 0.614624
vt 0.511359 0.344282
vt 0.518356 0.344640
vt 0.854056 0.614585
vt 0.844993 0.614556
vt 0.525820 0.344962
vt 0.533649 0.345253
vt 0.835721 0.614536
vt 0.826311 0.614523
vt 0.541740 0.345516
vt 0.550046 0.345756
vt 0.816824 0.614515
vt 0.807284 0.614512
vt 0.558543 0.345972
vt 0.567249 0.346161
vt 0.797707 0.614512
vt 0.788107 0.614517
vt 0.576189 0.346316
vt 0.585358 0.346430
vt 0.778505 0.614528
vt 0.768955 0.614549
vt 0.594739 0.346499
vt 0.604272 0.346523
vt 0.759514 0.614580
vt 0.750229 0.614621
vt 0.613893 0.346505
vt 0.623548 0.346448
vt 0.741143 0.614670
vt 0.732291 0.614727
vt 0.633189 0.346352
vt 0.642771 0.346218
vt 0.723709 0.614792
vt 0.715435 0.614863
vt 0.652253 0.346048
vt 0.661595 0.345840
vt 0.707504 0.614941
vt 0.708485 0.657018
vt 0.469004 0.343576
vt 0.477077 0.343867
vt 0.476319 0.385937
vt 0.670756 0.345598
vt 0.679696 0.345321
vt 0.460601 0.343319
vt 0.451905 0.343097
vt 0.688378 0.345010
vt 0.696765 0.344668
vt 0.442952 0.342910
vt 0.433781 0.342759
vt 0.704821 0.344295
vt 0.712510 0.343893
vt 0.424431 0.342646
vt 0.414942 0.342570
vt 0.719800 0.343464
vt 0.726661 0.343010
vt 0.405355 0.342532
vt 0.395712 0.342532
vt 0.103543 0.005254
vt 0.112044 0.005300
vt 0.734682 0.385199
vt 0.733062 0.342532
vt 0.386052 0.342570
vt 0.376418 0.342646
vt 0.120757 0.005747
vt 0.129645 0.006592
vt 0.366851 0.342759
vt 0.357391 0.342910
vt 0.138670 0.007832
vt 0.147793 0.009461
vt 0.348080 0.343097
vt 0.338957 0.343319
vt 0.156976 0.011473
vt 0.166178 0.013858
vt 0.330061 0.343577
vt 0.321431 0.343867
vt 0.175360 0.016608
vt 0.184484 0.019709
vt 0.313103 0.344190
vt 0.305113 0.344545
vt 0.193509 0.023148
vt 0.202398 0.026912
vt 0.297495 0.344928
vt 0.290281 0.345339
vt 0.211112 0.030983
vt 0.219615 0.035345
vt 0.283504 0.345777
vt 0.277191 0.346238
vt 0.227868 0.039978
vt 0.235838 0.044863
vt 0.271370 0.346722
vt 0.266065 0.347225
vt 0.243490 0.049979
vt 0.250792 0.055304
vt 0.261300 0.347747
vt 0.262838 0.389775
vt 0.608938 0.278774
vt 0.608938 0.299265
vt 0.869185 0.128851
vt 0.867020 0.107193
vt 0.880155 0.106304
vt 0.882254 0.127295
vt 0.890572 0.106498
vt 0.892497 0.125742
vt 0.745190 0.396200
vt 0.746214 0.386158
vt 0.754965 0.387011
vt 0.754056 0.395927
vt 0.871833 0.403029
vt 0.872929 0.386042
vt 0.883172 0.388306
vt 0.882188 0.403556
vt 0.896280 0.389217
vt 0.895339 0.403804
vt 0.907246 0.388427
vt 0.906262 0.403677
vt 0.452505 0.799602
vt 0.458192 0.787774
vt 0.468671 0.789618
vt 0.462336 0.802794
vt 0.818000 0.104677
vt 0.816998 0.087548
vt 0.823457 0.085459
vt 0.824585 0.104752
vt 0.834141 0.083692
vt 0.835371 0.104736
vt 0.858283 0.129818
vt 0.856184 0.108827
vt 0.866288 0.085999
vt 0.879446 0.085762
vt 0.889923 0.087666
vt 0.750236 0.376408
vt 0.758535 0.378355
vt 0.875079 0.369893
vt 0.885103 0.373808
vt 0.898127 0.375349
vt 0.909176 0.373928
vt 0.462110 0.774780
vt 0.473035 0.775145
vt 0.814032 0.071055
vt 0.820117 0.066881
vt 0.830497 0.063428
vt 0.855475 0.088285
vt 0.867020 0.066083
vt 0.880155 0.066460
vt 0.890572 0.069970
vt 0.757100 0.367326
vt 0.764630 0.370292
vt 0.878201 0.355201
vt 0.887906 0.360618
vt 0.900808 0.362733
vt 0.911979 0.360739
vt 0.464107 0.761121
vt 0.475259 0.759930
vt 0.809216 0.055831
vt 0.814692 0.049733
vt 0.824579 0.044724
vt 0.835102 0.042716
vt 0.841207 0.062015
vt 0.869185 0.048212
vt 0.882254 0.049139
vt 0.892497 0.054090
vt 0.766544 0.359259
vt 0.773014 0.363130
vt 0.882175 0.342532
vt 0.891473 0.349244
vt 0.904220 0.351854
vt 0.453377 0.763562
vt 0.453377 0.750363
vt 0.464107 0.747322
vt 0.475259 0.744560
vt 0.802734 0.042461
vt 0.807391 0.034674
vt 0.816616 0.028298
vt 0.826885 0.025768
vt 0.872702 0.033071
vt 0.885662 0.034464
vt 0.895622 0.040636
vt 0.778204 0.352519
vt 0.783366 0.357146
vt 0.787708 0.367852
vt 0.778415 0.373224
vt 0.789573 0.380547
vt 0.780684 0.385685
vt 0.451466 0.737537
vt 0.462110 0.733912
vt 0.473035 0.729623
vt 0.794836 0.031459
vt 0.798495 0.022282
vt 0.806913 0.014781
vt 0.750126 0.602814
vt 0.756264 0.589191
vt 0.769069 0.589947
vt 0.762736 0.604003
vt 0.877435 0.021242
vt 0.890250 0.023000
vt 0.899827 0.030126
vt 0.791632 0.347363
vt 0.795288 0.352569
vt 0.798411 0.363743
vt 0.799811 0.376616
vt 0.447719 0.725576
vt 0.458192 0.721408
vt 0.468671 0.715695
vt 0.785826 0.023248
vt 0.788346 0.013033
vt 0.745191 0.585932
vt 0.749067 0.571895
vt 0.760492 0.573880
vt 0.773432 0.574149
vt 0.775656 0.557217
vt 0.785098 0.556189
vt 0.782943 0.572600
vt 0.895839 0.015187
vt 0.904952 0.022963
vt 0.806313 0.343991
vt 0.808321 0.349575
vt 0.810113 0.361055
vt 0.811003 0.374045
vt 0.442279 0.714941
vt 0.452505 0.710289
vt 0.462336 0.703310
vt 0.776048 0.018143
vt 0.777333 0.007284
vt 0.751043 0.556850
vt 0.762648 0.557469
vt 0.775656 0.539801
vt 0.785098 0.539310
vt 0.902216 0.011325
vt 0.910798 0.019422
vt 0.821681 0.342532
vt 0.821966 0.348280
vt 0.822362 0.359892
vt 0.822719 0.372933
vt 0.435355 0.706040
vt 0.445266 0.700983
vt 0.454273 0.692945
vt 0.765880 0.016341
vt 0.765880 0.005254
vt 0.751043 0.541374
vt 0.762648 0.540590
vt 0.773432 0.522570
vt 0.782943 0.522609
vt 0.567812 0.314195
vt 0.569817 0.321418
vt 0.557855 0.320817
vt 0.556017 0.314195
vt 0.837147 0.343041
vt 0.835696 0.348732
vt 0.834689 0.360298
vt 0.834511 0.373321
vt 0.835228 0.382828
vt 0.822901 0.382422
vt 0.436755 0.693848
vt 0.444793 0.684997
vt 0.755712 0.017911
vt 0.754428 0.007023
vt 0.749067 0.526064
vt 0.760492 0.523890
vt 0.769069 0.506187
vt 0.778715 0.506731
vt 0.568536 0.330971
vt 0.556681 0.329575
vt 0.852116 0.345500
vt 0.848986 0.350915
vt 0.846621 0.362258
vt 0.845923 0.375196
vt 0.847159 0.384788
vt 0.427297 0.689158
vt 0.434258 0.679773
vt 0.745935 0.022793
vt 0.743415 0.012521
vt 0.745191 0.511507
vt 0.756264 0.508011
vt 0.861324 0.354745
vt 0.857697 0.365696
vt 0.856517 0.378485
vt 0.858236 0.388226
vt 0.591460 0.314195
vt 0.591460 0.325016
vt 0.580326 0.326384
vt 0.580326 0.314331
vt 0.579123 0.301945
vt 0.569225 0.303687
vt 0.570237 0.291792
vt 0.579123 0.290228
vt 0.564981 0.279973
vt 0.573481 0.278478
vt 0.826899 0.511724
vt 0.823264 0.522214
vt 0.810368 0.521116
vt 0.814169 0.510149
vt 0.799094 0.518403
vt 0.803326 0.506187
vt 0.861324 0.464216
vt 0.844802 0.468011
vt 0.843912 0.455020
vt 0.859925 0.451342
vt 0.842121 0.443541
vt 0.856801 0.440169
vt 0.840112 0.437957
vt 0.853145 0.434963
vt 0.561423 0.303169
vt 0.563232 0.291328
vt 0.832855 0.521277
vt 0.830515 0.533143
vt 0.821026 0.533564
vt 0.808028 0.532983
vt 0.796487 0.531621
vt 0.745935 0.184916
vt 0.755712 0.190021
vt 0.754427 0.200880
vt 0.743415 0.195131
vt 0.872099 0.513546
vt 0.867602 0.528555
vt 0.855675 0.526794
vt 0.860580 0.510422
vt 0.845072 0.523079
vt 0.850134 0.506187
vt 0.827506 0.469653
vt 0.827149 0.456612
vt 0.826752 0.445000
vt 0.826468 0.439252
vt 0.556017 0.300413
vt 0.558379 0.288853
vt 0.829724 0.545452
vt 0.820270 0.545338
vt 0.807238 0.545292
vt 0.795607 0.545332
vt 0.765880 0.191823
vt 0.765880 0.202910
vt 0.866083 0.543269
vt 0.854018 0.542843
vt 0.843363 0.539638
vt 0.810100 0.469080
vt 0.810279 0.456056
vt 0.811286 0.444490
vt 0.812737 0.438800
vt 0.897550 0.495367
vt 0.892039 0.492749
vt 0.900328 0.484104
vt 0.905276 0.486455
vt 0.830515 0.557732
vt 0.821026 0.557083
vt 0.808028 0.557571
vt 0.796487 0.559009
vt 0.776048 0.190253
vt 0.777333 0.201142
vt 0.867602 0.557121
vt 0.855675 0.557951
vt 0.827688 0.479142
vt 0.810818 0.478586
vt 0.793254 0.466312
vt 0.793951 0.453374
vt 0.796317 0.442032
vt 0.799447 0.436617
vt 0.886847 0.486867
vt 0.895668 0.478824
vt 0.832855 0.569509
vt 0.823264 0.568348
vt 0.810368 0.569348
vt 0.799094 0.572127
vt 0.785826 0.185372
vt 0.788346 0.195644
vt 0.872099 0.569578
vt 0.860580 0.571540
vt 0.794490 0.475904
vt 0.777614 0.461458
vt 0.778793 0.448669
vt 0.782420 0.437718
vt 0.787109 0.432787
vt 0.882175 0.477949
vt 0.891473 0.470817
vt 0.904220 0.468139
vt 0.908232 0.475798
vt 0.826899 0.578700
vt 0.814169 0.580171
vt 0.803326 0.584182
vt 0.794836 0.177366
vt 0.798495 0.186627
vt 0.806913 0.194042
vt 0.795842 0.203877
vt 0.779332 0.471199
vt 0.763781 0.454702
vt 0.765387 0.442121
vt 0.770130 0.431715
vt 0.776197 0.427458
vt 0.878201 0.466335
vt 0.887906 0.460391
vt 0.900808 0.458166
vt 0.831790 0.587741
vt 0.819283 0.589623
vt 0.809023 0.594710
vt 0.802734 0.166545
vt 0.807391 0.174438
vt 0.816616 0.180747
vt 0.826885 0.183062
vt 0.816874 0.196780
vt 0.889782 0.203877
vt 0.883202 0.188389
vt 0.895839 0.184998
vt 0.902216 0.200010
vt 0.904952 0.178644
vt 0.910798 0.192407
vt 0.759917 0.424254
vt 0.767131 0.420834
vt 0.875079 0.452472
vt 0.885103 0.447946
vt 0.898127 0.446262
vt 0.909176 0.448066
vt 0.911979 0.460511
vt 0.825514 0.597341
vt 0.815964 0.603307
vt 0.809216 0.153323
vt 0.814692 0.159545
vt 0.824579 0.164502
vt 0.835102 0.166301
vt 0.877435 0.170245
vt 0.890250 0.167413
vt 0.899827 0.162522
vt 0.752176 0.415621
vt 0.760258 0.413169
vt 0.872929 0.436894
vt 0.883172 0.433960
vt 0.896280 0.432885
vt 0.907246 0.434081
vt 0.427297 0.823881
vt 0.436755 0.818010
vt 0.444792 0.823297
vt 0.434258 0.829837
vt 0.814032 0.138209
vt 0.820117 0.142521
vt 0.830497 0.145933
vt 0.841207 0.147142
vt 0.872702 0.150141
vt 0.885662 0.147929
vt 0.895622 0.144659
vt 0.747204 0.406148
vt 0.755843 0.404759
vt 0.871833 0.420199
vt 0.882188 0.418971
vt 0.895339 0.418549
vt 0.906262 0.419092
vt 0.445266 0.809812
vt 0.454273 0.814166
vt 0.816998 0.121783
vt 0.823457 0.124020
vt 0.834141 0.125753
vt 0.844967 0.126320
vt 0.861692 0.150452
s 1
usemtl M_TinMug
f 1/1/1 195/2/195 529/3/529 193/4/193
f 195/2/195 2/5/2 194/6/194 529/3/529
f 529/3/529 194/6/194 4/7/4 196/8/196
f 193/9/193 529/10/529 196/11/196 3/12/3
f 3/13/3 196/8/196 530/14/530 197/15/197
f 196/8/196 4/7/4 198/16/198 530/14/530
f 530/14/530 198/16/198 6/17/6 199/18/199
f 197/19/197 530/20/530 199/21/199 5/22/5
f 5/23/5 199/18/199 531/24/531 200/25/200
f 199/18/199 6/17/6 201/26/201 531/24/531
f 531/24/531 201/26/201 8/27/8 202/28/202
f 200/29/200 531/30/531 202/31/202 7/32/7
f 7/33/7 202/28/202 532/34/532 203/35/203
f 202/28/202 8/27/8 204/36/204 532/34/532
f 532/34/532 204/36/204 10/37/10 205/38/205
f 203/39/203 532/40/532 205/41/205 9/42/9
f 9/43/9 205/38/205 533/44/533 206/45/206
f 205/38/205 10/37/10 207/46/207 533/44/533
f 533/44/533 207/46/207 12/47/12 208/48/208
f 206/49/206 533/50/533 208/51/208 11/52/11
f 11/53/11 208/48/208 534/54/534 209/55/209
f 208/48/208 12/47/12 210/56/210 534/54/534
f 534/54/534 210/56/210 14/57/14 211/58/211
f 209/55/209 534/54/534 211/58/211 13/59/13
f 13/59/13 211/58/211 535/60/535 212/61/212
f 211/58/211 14/57/14 213/62/213 535/60/535
f 535/60/535 213/62/213 16/63/16 214/64/214
f 212/61/212 535/60/535 214/64/214 15/65/15
f 15/66/15 214/67/214 536/68/536 215/69/215
f 214/64/214 16/63/16 216/70/216 536/71/536
f 536/71/536 216/70/216 18/72/18 217/73/217
f 215/74/215 536/71/536 217/73/217 17/75/17
f 17/76/17 217/77/217 537/78/537 218/79/218
f 217/73/217 18/72/18 219/80/219 537/81/537
f 537/81/537 219/80/219 20/82/20 220/83/220
f 218/84/218 537/81/537 220/83/220 19/85/19
f 19/86/19 220/87/220 538/88/538 221/89/221
f 220/83/220 20/82/20 222/90/222 538/91/538
f 538/91/538 222/90/222 22/92/22 223/93/223
f 221/94/221 538/91/538 223/93/223 21/95/21
f 21/96/21 223/97/223 539/98/539 224/99/224
f 223/97/223 22/100/22 225/101/225 539/98/539
f 539/102/539 225/103/225 24/104/24 226/105/226
f 224/106/224 539/102/539 226/105/226 23/107/23
f 23/108/23 226/109/226 540/110/540 227/111/227
f 226/109/226 24/112/24 228/113/228 540/110/540
f 540/110/540 228/113/228 26/114/26 229/115/229
f 227/116/227 540/117/540 229/118/229 25/119/25
f 25/120/25 229/115/229 541/121/541 230/122/230
f 229/115/229 26/114/26 231/123/231 541/121/541
f 541/121/541 231/123/231 28/124/28 232/125/232
f 230/126/230 541/127/541 232/128/232 27/129/27
f 27/130/27 232/125/232 542/131/542 233/132/233
f 232/125/232 28/124/28 234/133/234 542/131/542
f 542/131/542 234/133/234 30/134/30 235/135/235
f 233/136/233 542/137/542 235/138/235 29/139/29
f 29/140/29 235/135/235 543/141/543 236/142/236
f 235/135/235 30/134/30 237/143/237 543/141/543
f 543/141/543 237/143/237 32/144/32 238/145/238
f 236/142/236 543/141/543 238/145/238 31/146/31
f 31/146/31 238/145/238 544/147/544 239/148/239
f 238/145/238 32/144/32 240/149/240 544/147/544
f 544/147/544 240/149/240 34/150/34 241/151/241
f 239/148/239 544/147/544 241/151/241 33/152/33
f 33/152/33 241/151/241 545/153/545 242/154/242
f 241/151/241 34/150/34 243/155/243 545/153/545
f 545/153/545 243/155/243 36/156/36 244/157/244
f 242/154/242 545/153/545 244/157/244 35/158/35
f 35/158/35 244/157/244 546/159/546 245/160/245
f 244/157/244 36/156/36 246/161/246 546/159/546
f 546/159/546 246/161/246 38/162/38 247/163/247
f 245/160/245 546/159/546 247/163/247 37/164/37
f 37/165/37 247/166/247 547/167/547 248/168/248
f 247/163/247 38/162/38 249/169/249 547/170/547
f 547/170/547 249/169/249 40/171/40 250/172/250
f 248/173/248 547/170/547 250/172/250 39/174/39
f 39/175/39 250/176/250 548/177/548 251/178/251
f 250/172/250 40/171/40 252/179/252 548/180/548
f 548/180/548 252/179/252 42/181/42 253/182/253
f 251/183/251 548/180/548 253/182/253 41/184/41
f 41/185/41 253/186/253 549/187/549 254/188/254
f 253/182/253 42/181/42 255/189/255 549/190/549
f 549/190/549 255/189/255 44/191/44 256/192/256
f 254/193/254 549/190/549 256/192/256 43/194/43
f 43/195/43 256/196/256 550/197/550 257/198/257
f 256/192/256 44/191/44 258/199/258 550/200/550
f 550/200/550 258/199/258 46/201/46 259/202/259
f 257/203/257 550/200/550 259/202/259 45/204/45
f 45/205/45 259/206/259 551/207/551 260/208/260
f 259/202/259 46/201/46 261/209/261 551/210/551
f 551/210/551 261/209/261 48/211/48 262/212/262
f 260/213/260 551/210/551 262/212/262 47/214/47
f 47/215/47 262/216/262 552/217/552 263/218/263
f 262/219/262 48/220/48 264/221/264 552/222/552
f 552/222/552 264/221/264 50/223/50 265/224/265
f 263/225/263 552/226/552 265/227/265 49/228/49
f 49/229/49 265/230/265 553/231/553 266/232/266
f 265/224/265 50/223/50 267/233/267 553/234/553
f 553/234/553 267/233/267 52/235/52 268/236/268
f 266/237/266 553/238/553 268/239/268 51/240/51
f 51/241/51 268/242/268 554/243/554 269/244/269
f 268/242/268 52/245/52 270/246/270 554/243/554
f 554/243/554 270/246/270 54/247/54 271/248/271
f 269/249/269 554/250/554 271/251/271 53/252/53
f 53/253/53 271/248/271 555/254/555 272/255/272
f 271/248/271 54/247/54 273/256/273 555/254/555
f 555/254/555 273/256/273 56/257/56 274/258/274
f 272/259/272 555/260/555 274/261/274 55/262/55
f 55/263/55 274/258/274 556/264/556 275/265/275
f 274/258/274 56/257/56 276/266/276 556/264/556
f 556/264/556 276/266/276 58/267/58 277/268/277
f 275/269/275 556/270/556 277/271/277 57/272/57
f 57/273/57 277/268/277 557/274/557 278/275/278
f 277/268/277 58/267/58 279/276/279 557/274/557
f 557/274/557 279/276/279 60/277/60 280/278/280
f 278/279/278 557/280/557 280/281/280 59/282/59
f 59/283/59 280/278/280 558/284/558 281/285/281
f 280/278/280 60/277/60 282/286/282 558/284/558
f 558/284/558 282/286/282 62/287/62 283/288/283
f 281/289/281 558/290/558 283/291/283 61/292/61
f 61/293/61 283/288/283 559/294/559 284/295/284
f 283/288/283 62/287/62 285/296/285 559/294/559
f 559/294/559 285/296/285 64/297/64 286/298/286
f 284/295/284 559/294/559 286/298/286 63/299/63
f 63/299/63 286/298/286 560/300/560 287/301/287
f 286/298/286 64/297/64 288/302/288 560/300/560
f 560/300/560 288/302/288 66/303/66 289/304/289
f 287/301/287 560/300/560 289/304/289 65/305/65
f 65/305/65 289/304/289 561/306/561 290/307/290
f 289/304/289 66/303/66 291/308/291 561/306/561
f 561/306/561 291/308/291 68/309/68 292/310/292
f 290/307/290 561/306/561 292/310/292 67/311/67
f 67/311/67 292/310/292 562/312/562 293/313/293
f 292/310/292 68/309/68 294/314/294 562/312/562
f 562/312/562 294/314/294 70/315/70 295/316/295
f 293/313/293 562/312/562 295/316/295 69/317/69
f 69/317/69 295/316/295 563/318/563 296/319/296
f 295/316/295 70/315/70 297/320/297 563/318/563
f 563/318/563 297/320/297 72/321/72 298/322/298
f 296/319/296 563/318/563 298/322/298 71/323/71
f 71/324/71 298/325/298 564/326/564 299/327/299
f 298/322/298 72/321/72 300/328/300 564/329/564
f 564/329/564 300/328/300 74/330/74 301/331/301
f 299/332/299 564/329/564 301/331/301 73/333/73
f 73/334/73 301/335/301 565/336/565 302/337/302
f 301/331/301 74/330/74 303/338/303 565/339/565
f 565/339/565 303/338/303 76/340/76 304/341/304
f 302/342/302 565/339/565 304/341/304 75/343/75
f 75/344/75 304/345/304 566/346/566 305/347/305
f 304/341/304 76/340/76 306/348/306 566/349/566
f 566/349/566 306/348/306 78/350/78 307/351/307
f 305/352/305 566/349/566 307/351/307 77/353/77
f 77/354/77 307/355/307 567/356/567 308/357/308
f 307/351/307 78/350/78 309/358/309 567/359/567
f 567/359/567 309/358/309 80/360/80 310/361/310
f 308/362/308 567/359/567 310/361/310 79/363/79
f 79/364/79 310/365/310 568/366/568 311/367/311
f 310/365/310 80/368/80 312/369/312 568/366/568
f 568/366/568 312/369/312 82/370/82 313/371/313
f 311/372/311 568/373/568 313/374/313 81/375/81
f 81/376/81 313/371/313 569/377/569 314/378/314
f 313/371/313 82/370/82 315/379/315 569/377/569
f 569/377/569 315/379/315 84/380/84 316/381/316
f 314/382/314 569/383/569 316/384/316 83/385/83
f 83/386/83 316/381/316 570/387/570 317/388/317
f 316/381/316 84/380/84 318/389/318 570/387/570
f 570/387/570 318/389/318 86/390/86 319/391/319
f 317/392/317 570/393/570 319/394/319 85/395/85
f 85/396/85 319/391/319 571/397/571 320/398/320
f 319/391/319 86/390/86 321/399/321 571/397/571
f 571/397/571 321/399/321 88/400/88 322/401/322
f 320/398/320 571/397/571 322/401/322 87/402/87
f 87/402/87 322/401/322 572/403/572 323/404/323
f 322/401/322 88/400/88 324/405/324 572/403/572
f 572/403/572 324/405/324 90/406/90 325/407/325
f 323/404/323 572/403/572 325/407/325 89/408/89
f 89/408/89 325/407/325 573/409/573 326/410/326
f 325/407/325 90/406/90 327/411/327 573/409/573
f 573/409/573 327/411/327 92/412/92 328/413/328
f 326/410/326 573/409/573 328/413/328 91/414/91
f 91/415/91 328/416/328 574/417/574 329/418/329
f 328/413/328 92/412/92 330/419/330 574/420/574
f 574/420/574 330/419/330 94/421/94 331/422/331
f 329/423/329 574/420/574 331/422/331 93/424/93
f 93/425/93 331/426/331 575/427/575 332/428/332
f 331/422/331 94/421/94 333/429/333 575/430/575
f 575/430/575 333/429/333 96/431/96 334/432/334
f 332/433/332 575/430/575 334/432/334 95/434/95
f 95/435/95 334/436/334 576/437/576 335/438/335
f 334/432/334 96/431/96 336/439/336 576/440/576
f 576/440/576 336/439/336 2/441/2 195/442/195
f 335/443/335 576/440/576 195/442/195 1/444/1
f 1/444/1 193/9/193 577/445/577 335/443/335
f 3/12/3 197/19/197 577/445/577 193/9/193
f 5/22/5 200/29/200 577/445/577 197/19/197
f 7/32/7 203/39/203 577/445/577 200/29/200
f 9/42/9 206/49/206 577/445/577 203/39/203
f 11/52/11 209/446/209 577/445/577 206/49/206
f 13/447/13 212/448/212 577/445/577 209/446/209
f 15/449/15 215/450/215 577/451/577 212/452/212
f 17/453/17 218/454/218 577/451/577 215/450/215
f 19/455/19 221/456/221 577/451/577 218/454/218
f 21/457/21 224/458/224 577/451/577 221/456/221
f 23/459/23 227/460/227 577/451/577 224/458/224
f 25/461/25 230/462/230 577/451/577 227/460/227
f 27/463/27 233/464/233 577/451/577 230/462/230
f 29/465/29 236/466/236 577/451/577 233/464/233
f 31/467/31 239/468/239 577/451/577 236/466/236
f 33/469/33 242/470/242 577/451/577 239/468/239
f 35/471/35 245/472/245 577/451/577 242/470/242
f 37/165/37 248/168/248 577/451/577 245/472/245
f 39/175/39 251/178/251 577/451/577 248/168/248
f 41/185/41 254/188/254 577/451/577 251/178/251
f 43/195/43 257/198/257 577/451/577 254/188/254
f 45/205/45 260/208/260 577/451/577 257/198/257
f 47/473/47 263/474/263 577/451/577 260/208/260
f 49/475/49 266/476/266 577/451/577 263/474/263
f 51/477/51 269/249/269 577/451/577 266/476/266
f 53/252/53 272/259/272 577/451/577 269/249/269
f 55/262/55 275/269/275 577/451/577 272/259/272
f 57/272/57 278/279/278 577/451/577 275/269/275
f 59/282/59 281/289/281 577/451/577 278/279/278
f 61/292/61 284/478/284 577/451/577 281/289/281
f 63/479/63 287/480/287 577/451/577 284/478/284
f 65/481/65 290/482/290 577/451/577 287/480/287
f 67/483/67 293/484/293 577/451/577 290/482/290
f 69/485/69 296/486/296 577/451/577 293/484/293
f 71/487/71 299/488/299 577/451/577 296/486/296
f 73/489/73 302/490/302 577/451/577 299/488/299
f 75/344/75 305/347/305 577/445/577 302/491/302
f 77/354/77 308/357/308 577/445/577 305/347/305
f 79/364/79 311/367/311 577/445/577 308/357/308
f 81/376/81 314/378/314 577/445/577 311/367/311
f 83/386/83 317/388/317 577/445/577 314/378/314
f 85/396/85 320/398/320 577/445/577 317/388/317
f 87/402/87 323/404/323 577/445/577 320/398/320
f 89/408/89 326/410/326 577/445/577 323/404/323
f 91/414/91 329/423/329 577/445/577 326/410/326
f 93/424/93 332/433/332 577/445/577 329/423/329
f 95/434/95 335/443/335 577/445/577 332/433/332
f 97/492/97 337/493/337 578/494/578 339/495/339
f 337/496/337 99/497/99 340/498/340 578/499/578
f 578/500/578 340/501/340 100/502/100 338/503/338
f 339/495/339 578/494/578 338/504/338 98/505/98
f 99/506/99 341/507/341 579/508/579 340/509/340
f 341/510/341 101/511/101 343/512/343 579/513/579
f 579/508/579 343/514/343 102/515/102 342/516/342
f 340/509/340 579/508/579 342/516/342 100/517/100
f 101/518/101 344/519/344 580/520/580 343/514/343
f 344/521/344 103/522/103 346/523/346 580/524/580
f 580/520/580 346/525/346 104/526/104 345/527/345
f 343/514/343 580/520/580 345/527/345 102/515/102
f 103/528/103 347/529/347 581/530/581 346/525/346
f 347/531/347 105/532/105 349/533/349 581/534/581
f 581/530/581 349/535/349 106/536/106 348/537/348
f 346/525/346 581/530/581 348/537/348 104/526/104
f 105/538/105 350/539/350 582/540/582 349/535/349
f 350/539/350 107/541/107 352/542/352 582/540/582
f 582/540/582 352/542/352 108/543/108 351/544/351
f 349/535/349 582/540/582 351/544/351 106/536/106
f 107/541/107 353/545/353 583/546/583 352/542/352
f 353/545/353 109/547/109 355/548/355 583/546/583
f 583/546/583 355/548/355 110/549/110 354/550/354
f 352/542/352 583/546/583 354/550/354 108/543/108
f 109/547/109 356/551/356 584/552/584 355/548/355
f 356/551/356 111/553/111 358/554/358 584/552/584
f 584/552/584 358/554/358 112/555/112 357/556/357
f 355/548/355 584/552/584 357/556/357 110/549/110
f 111/553/111 359/557/359 585/558/585 358/554/358
f 359/557/359 113/559/113 361/560/361 585/558/585
f 585/558/585 361/560/361 114/561/114 360/562/360
f 358/554/358 585/558/585 360/562/360 112/555/112
f 113/559/113 362/563/362 586/564/586 361/560/361
f 362/563/362 115/565/115 364/566/364 586/564/586
f 586/564/586 364/566/364 116/567/116 363/568/363
f 361/560/361 586/564/586 363/568/363 114/561/114
f 115/565/115 365/569/365 587/570/587 364/566/364
f 365/569/365 117/571/117 367/572/367 587/570/587
f 587/570/587 367/572/367 118/573/118 366/574/366
f 364/566/364 587/570/587 366/574/366 116/567/116
f 117/571/117 368/575/368 588/576/588 367/572/367
f 368/575/368 119/577/119 370/578/370 588/576/588
f 588/576/588 370/578/370 120/579/120 369/580/369
f 367/572/367 588/576/588 369/580/369 118/573/118
f 119/577/119 371/581/371 589/582/589 370/578/370
f 371/581/371 121/583/121 373/584/373 589/582/589
f 589/582/589 373/584/373 122/585/122 372/586/372
f 370/578/370 589/582/589 372/586/372 120/579/120
f 121/583/121 374/587/374 590/588/590 373/584/373
f 374/587/374 123/589/123 376/590/376 590/588/590
f 590/588/590 376/590/376 124/591/124 375/592/375
f 373/584/373 590/588/590 375/592/375 122/585/122
f 123/593/123 377/594/377 591/595/591 376/596/376
f 377/597/377 125/598/125 379/599/379 591/600/591
f 591/600/591 379/599/379 126/601/126 378/602/378
f 376/590/376 591/600/591 378/602/378 124/591/124
f 125/603/125 380/604/380 592/605/592 379/606/379
f 380/607/380 127/608/127 382/609/382 592/610/592
f 592/610/592 382/609/382 128/611/128 381/612/381
f 379/599/379 592/610/592 381/612/381 126/601/126
f 127/613/127 383/614/383 593/615/593 382/616/382
f 383/617/383 129/618/129 385/619/385 593/620/593
f 593/620/593 385/619/385 130/621/130 384/622/384
f 382/616/382 593/615/593 384/623/384 128/624/128
f 129/625/129 386/626/386 594/627/594 385/628/385
f 386/629/386 131/630/131 388/631/388 594/632/594
f 594/627/594 388/633/388 132/634/132 387/635/387
f 385/628/385 594/627/594 387/635/387 130/636/130
f 131/637/131 389/638/389 595/639/595 388/633/388
f 389/640/389 133/641/133 391/642/391 595/643/595
f 595/639/595 391/644/391 134/645/134 390/646/390
f 388/633/388 595/639/595 390/646/390 132/634/132
f 133/647/133 392/648/392 596/649/596 391/650/391
f 392/651/392 135/652/135 394/653/394 596/654/596
f 596/655/596 394/656/394 136/657/136 393/658/393
f 391/644/391 596/655/596 393/658/393 134/645/134
f 135/659/135 395/660/395 597/661/597 394/662/394
f 395/663/395 137/664/137 397/665/397 597/666/597
f 597/667/597 397/668/397 138/669/138 396/670/396
f 394/656/394 597/667/597 396/670/396 136/657/136
f 137/671/137 398/672/398 598/673/598 397/674/397
f 398/675/398 139/676/139 400/677/400 598/678/598
f 598/678/598 400/677/400 140/679/140 399/680/399
f 397/668/397 598/678/598 399/680/399 138/669/138
f 139/681/139 401/682/401 599/683/599 400/684/400
f 401/685/401 141/686/141 403/687/403 599/688/599
f 599/688/599 403/687/403 142/689/142 402/690/402
f 400/677/400 599/688/599 402/690/402 140/679/140
f 141/691/141 404/692/404 600/693/600 403/694/403
f 404/695/404 143/696/143 406/697/406 600/698/600
f 600/698/600 406/697/406 144/699/144 405/700/405
f 403/687/403 600/698/600 405/700/405 142/689/142
f 143/701/143 407/702/407 601/703/601 406/704/406
f 407/705/407 145/706/145 409/707/409 601/708/601
f 601/708/601 409/707/409 146/709/146 408/710/408
f 406/697/406 601/708/601 408/710/408 144/699/144
f 145/711/145 410/712/410 602/713/602 409/714/409
f 410/715/410 147/716/147 412/717/412 602/718/602
f 602/713/602 412/719/412 148/720/148 411/721/411
f 409/714/409 602/713/602 411/721/411 146/722/146
f 147/723/147 413/724/413 603/725/603 412/719/412
f 413/726/413 149/727/149 415/728/415 603/729/603
f 603/725/603 415/730/415 150/731/150 414/732/414
f 412/719/412 603/725/603 414/732/414 148/720/148
f 149/733/149 416/734/416 604/735/604 415/730/415
f 416/736/416 151/737/151 418/738/418 604/739/604
f 604/735/604 418/740/418 152/741/152 417/742/417
f 415/730/415 604/735/604 417/742/417 150/731/150
f 151/743/151 419/744/419 605/745/605 418/740/418
f 419/744/419 153/746/153 421/747/421 605/745/605
f 605/745/605 421/747/421 154/748/154 420/749/420
f 418/740/418 605/745/605 420/749/420 152/741/152
f 153/746/153 422/750/422 606/751/606 421/747/421
f 422/750/422 155/752/155 424/753/424 606/751/606
f 606/751/606 424/753/424 156/754/156 423/755/423
f 421/747/421 606/751/606 423/755/423 154/748/154
f 155/752/155 425/756/425 607/757/607 424/753/424
f 425/756/425 157/758/157 427/759/427 607/757/607
f 607/757/607 427/759/427 158/760/158 426/761/426
f 424/753/424 607/757/607 426/761/426 156/754/156
f 157/758/157 428/762/428 608/763/608 427/759/427
f 428/762/428 159/764/159 430/765/430 608/763/608
f 608/763/608 430/765/430 160/766/160 429/767/429
f 427/759/427 608/763/608 429/767/429 158/760/158
f 159/768/159 431/769/431 609/770/609 430/771/430
f 431/772/431 161/773/161 433/774/433 609/775/609
f 609/775/609 433/774/433 162/776/162 432/777/432
f 430/765/430 609/775/609 432/777/432 160/766/160
f 161/778/161 434/779/434 610/780/610 433/781/433
f 434/782/434 163/783/163 436/784/436 610/785/610
f 610/785/610 436/784/436 164/786/164 435/787/435
f 433/774/433 610/785/610 435/787/435 162/776/162
f 163/788/163 437/789/437 611/790/611 436/791/436
f 437/792/437 165/793/165 439/794/439 611/795/611
f 611/795/611 439/794/439 166/796/166 438/797/438
f 436/784/436 611/795/611 438/797/438 164/786/164
f 165/798/165 440/799/440 612/800/612 439/801/439
f 440/802/440 167/803/167 442/804/442 612/805/612
f 612/805/612 442/804/442 168/806/168 441/807/441
f 439/801/439 612/800/612 441/808/441 166/809/166
f 167/810/167 443/811/443 613/812/613 442/813/442
f 443/814/443 169/815/169 445/816/445 613/817/613
f 613/812/613 445/818/445 170/819/170 444/820/444
f 442/813/442 613/812/613 444/820/444 168/821/168
f 169/822/169 446/823/446 614/824/614 445/818/445
f 446/825/446 171/826/171 448/827/448 614/828/614
f 614/824/614 448/829/448 172/830/172 447/831/447
f 445/818/445 614/824/614 447/831/447 170/819/170
f 171/832/171 449/833/449 615/834/615 448/829/448
f 449/835/449 173/836/173 451/837/451 615/838/615
f 615/834/615 451/839/451 174/840/174 450/841/450
f 448/829/448 615/834/615 450/841/450 172/830/172
f 173/842/173 452/843/452 616/844/616 451/839/451
f 452/843/452 175/845/175 454/846/454 616/844/616
f 616/844/616 454/846/454 176/847/176 453/848/453
f 451/839/451 616/844/616 453/848/453 174/840/174
f 175/845/175 455/849/455 617/850/617 454/846/454
f 455/849/455 177/851/177 457/852/457 617/850/617
f 617/850/617 457/852/457 178/853/178 456/854/456
f 454/846/454 617/850/617 456/854/456 176/847/176
f 177/851/177 458/855/458 618/856/618 457/852/457
f 458/855/458 179/857/179 460/858/460 618/856/618
f 618/856/618 460/858/460 180/859/180 459/860/459
f 457/852/457 618/856/618 459/860/459 178/853/178
f 179/857/179 461/861/461 619/862/619 460/858/460
f 461/861/461 181/863/181 463/864/463 619/862/619
f 619/862/619 463/864/463 182/865/182 462/866/462
f 460/858/460 619/862/619 462/866/462 180/859/180
f 181/863/181 464/867/464 620/868/620 463/864/463
f 464/867/464 183/869/183 466/870/466 620/868/620
f 620/868/620 466/870/466 184/871/184 465/872/465
f 463/864/463 620/868/620 465/872/465 182/865/182
f 183/869/183 467/873/467 621/874/621 466/870/466
f 467/873/467 185/875/185 469/876/469 621/874/621
f 621/874/621 469/876/469 186/877/186 468/878/468
f 466/870/466 621/874/621 468/878/468 184/871/184
f 185/879/185 470/880/470 622/881/622 469/882/469
f 470/883/470 187/884/187 472/885/472 622/886/622
f 622/886/622 472/885/472 188/887/188 471/888/471
f 469/876/469 622/886/622 471/888/471 186/877/186
f 187/889/187 473/890/473 623/891/623 472/892/472
f 473/893/473 189/894/189 475/895/475 623/896/623
f 623/896/623 475/895/475 190/897/190 474/898/474
f 472/885/472 623/896/623 474/898/474 188/887/188
f 189/899/189 476/900/476 624/901/624 475/902/475
f 476/903/476 191/904/191 478/905/478 624/906/624
f 624/906/624 478/905/478 192/907/192 477/908/477
f 475/895/475 624/906/624 477/908/477 190/897/190
f 191/909/191 479/910/479 625/911/625 478/912/478
f 479/913/479 97/914/97 339/915/339 625/916/625
f 625/916/625 339/915/339 98/917/98 480/918/480
f 478/919/478 625/920/625 480/921/480 192/922/192
f 97/923/97 479/924/479 626/925/626 337/926/337
f 191/927/191 476/928/476 626/925/626 479/924/479
f 189/929/189 473/930/473 626/925/626 476/928/476
f 187/931/187 470/932/470 626/925/626 473/930/473
f 185/875/185 467/873/467 626/933/626 470/883/470
f 183/869/183 464/867/464 626/933/626 467/873/467
f 181/863/181 461/861/461 626/933/626 464/867/464
f 179/857/179 458/855/458 626/933/626 461/861/461
f 177/851/177 455/849/455 626/933/626 458/855/458
f 175/934/175 452/935/452 626/936/626 455/937/455
f 173/938/173 449/939/449 626/936/626 452/935/452
f 171/940/171 446/941/446 626/936/626 449/939/449
f 169/942/169 443/943/443 626/936/626 446/941/446
f 167/944/167 440/945/440 626/936/626 443/943/443
f 165/946/165 437/947/437 626/936/626 440/945/440
f 163/948/163 434/949/434 626/936/626 437/947/437
f 161/950/161 431/951/431 626/936/626 434/949/434
f 159/952/159 428/953/428 626/936/626 431/951/431
f 157/954/157 425/955/425 626/936/626 428/953/428
f 155/956/155 422/957/422 626/936/626 425/955/425
f 153/958/153 419/959/419 626/936/626 422/957/422
f 151/737/151 416/736/416 626/936/626 419/959/419
f 149/727/149 413/726/413 626/936/626 416/736/416
f 147/960/147 410/961/410 626/936/626 413/726/413
f 145/962/145 407/963/407 626/936/626 410/961/410
f 143/964/143 404/965/404 626/936/626 407/963/407
f 141/966/141 401/967/401 626/936/626 404/965/404
f 139/968/139 398/969/398 626/936/626 401/967/401
f 137/970/137 395/660/395 626/936/626 398/969/398
f 135/659/135 392/648/392 626/936/626 395/660/395
f 133/647/133 389/971/389 626/936/626 392/648/392
f 131/972/131 386/973/386 626/936/626 389/971/389
f 129/974/129 383/975/383 626/936/626 386/973/386
f 127/976/127 380/977/380 626/936/626 383/975/383
f 125/978/125 377/979/377 626/936/626 380/977/380
f 123/980/123 374/981/374 626/936/626 377/979/377
f 121/982/121 371/983/371 626/936/626 374/981/374
f 119/984/119 368/985/368 626/936/626 371/983/371
f 117/986/117 365/987/365 626/936/626 368/985/368
f 115/565/115 362/563/362 626/988/626 365/569/365
f 113/559/113 359/557/359 626/988/626 362/563/362
f 111/553/111 356/551/356 626/988/626 359/557/359
f 109/547/109 353/545/353 626/988/626 356/551/356
f 107/541/107 350/539/350 626/988/626 353/545/353
f 105/538/105 347/529/347 626/988/626 350/539/350
f 103/528/103 344/519/344 626/988/626 347/529/347
f 101/989/101 341/990/341 626/925/626 344/991/344
f 99/992/99 337/926/337 626/925/626 341/990/341
f 4/7/4 194/6/194 627/993/627 482/994/482
f 194/6/194 2/5/2 481/995/481 627/993/627
f 627/996/627 481/997/481 98/998/98 338/999/338
f 482/1000/482 627/1001/627 338/1002/338 100/517/100
f 6/17/6 198/16/198 628/1003/628 483/1004/483
f 198/16/198 4/7/4 482/994/482 628/1003/628
f 628/1005/628 482/1000/482 100/517/100 342/516/342
f 483/1006/483 628/1005/628 342/516/342 102/515/102
f 8/27/8 201/26/201 629/1007/629 484/1008/484
f 201/26/201 6/17/6 483/1004/483 629/1007/629
f 629/1009/629 483/1006/483 102/515/102 345/527/345
f 484/1010/484 629/1009/629 345/527/345 104/526/104
f 10/37/10 204/36/204 630/1011/630 485/1012/485
f 204/36/204 8/27/8 484/1008/484 630/1011/630
f 630/1013/630 484/1010/484 104/526/104 348/537/348
f 485/1014/485 630/1013/630 348/537/348 106/536/106
f 12/47/12 207/46/207 631/1015/631 486/1016/486
f 207/46/207 10/37/10 485/1012/485 631/1015/631
f 631/1017/631 485/1014/485 106/536/106 351/544/351
f 486/1018/486 631/1017/631 351/544/351 108/543/108
f 14/57/14 210/56/210 632/1019/632 487/1020/487
f 210/56/210 12/47/12 486/1016/486 632/1019/632
f 632/1021/632 486/1018/486 108/543/108 354/550/354
f 487/1022/487 632/1021/632 354/550/354 110/549/110
f 16/63/16 213/62/213 633/1023/633 488/1024/488
f 213/62/213 14/57/14 487/1020/487 633/1023/633
f 633/1025/633 487/1022/487 110/549/110 357/556/357
f 488/1026/488 633/1025/633 357/556/357 112/555/112
f 18/72/18 216/70/216 634/1027/634 489/1028/489
f 216/70/216 16/63/16 488/1024/488 634/1027/634
f 634/1029/634 488/1026/488 112/555/112 360/562/360
f 489/1030/489 634/1029/634 360/562/360 114/561/114
f 20/82/20 219/80/219 635/1031/635 490/1032/490
f 219/80/219 18/72/18 489/1028/489 635/1031/635
f 635/1033/635 489/1030/489 114/561/114 363/568/363
f 490/1034/490 635/1033/635 363/568/363 116/567/116
f 22/92/22 222/90/222 636/1035/636 491/1036/491
f 222/90/222 20/82/20 490/1032/490 636/1035/636
f 636/1037/636 490/1034/490 116/567/116 366/574/366
f 491/1038/491 636/1037/636 366/574/366 118/573/118
f 24/112/24 225/1039/225 637/1040/637 492/1041/492
f 225/1042/225 22/92/22 491/1036/491 637/1043/637
f 637/1044/637 491/1038/491 118/573/118 369/580/369
f 492/1045/492 637/1044/637 369/580/369 120/579/120
f 26/114/26 228/113/228 638/1046/638 493/1047/493
f 228/113/228 24/112/24 492/1041/492 638/1046/638
f 638/1048/638 492/1045/492 120/579/120 372/586/372
f 493/1049/493 638/1048/638 372/586/372 122/585/122
f 28/124/28 231/123/231 639/1050/639 494/1051/494
f 231/123/231 26/114/26 493/1047/493 639/1050/639
f 639/1052/639 493/1049/493 122/585/122 375/592/375
f 494/1053/494 639/1052/639 375/592/375 124/591/124
f 30/134/30 234/133/234 640/1054/640 495/1055/495
f 234/133/234 28/124/28 494/1051/494 640/1054/640
f 640/1056/640 494/1053/494 124/591/124 378/602/378
f 495/1057/495 640/1056/640 378/602/378 126/601/126
f 32/144/32 237/143/237 641/1058/641 496/1059/496
f 237/143/237 30/134/30 495/1055/495 641/1058/641
f 641/1060/641 495/1057/495 126/601/126 381/612/381
f 496/1061/496 641/1060/641 381/612/381 128/611/128
f 34/150/34 240/149/240 642/1062/642 497/1063/497
f 240/149/240 32/144/32 496/1059/496 642/1062/642
f 642/1064/642 496/1061/496 128/611/128 384/1065/384
f 497/1066/497 642/1067/642 384/1068/384 130/636/130
f 36/156/36 243/155/243 643/1069/643 498/1070/498
f 243/155/243 34/150/34 497/1063/497 643/1069/643
f 643/1071/643 497/1066/497 130/636/130 387/635/387
f 498/1072/498 643/1071/643 387/635/387 132/634/132
f 38/162/38 246/161/246 644/1073/644 499/1074/499
f 246/161/246 36/156/36 498/1070/498 644/1073/644
f 644/1075/644 498/1072/498 132/634/132 390/646/390
f 499/1076/499 644/1075/644 390/646/390 134/645/134
f 40/171/40 249/169/249 645/1077/645 500/1078/500
f 249/169/249 38/162/38 499/1074/499 645/1077/645
f 645/1079/645 499/1076/499 134/645/134 393/658/393
f 500/1080/500 645/1079/645 393/658/393 136/657/136
f 42/181/42 252/179/252 646/1081/646 501/1082/501
f 252/179/252 40/171/40 500/1078/500 646/1081/646
f 646/1083/646 500/1080/500 136/657/136 396/670/396
f 501/1084/501 646/1083/646 396/670/396 138/669/138
f 44/191/44 255/189/255 647/1085/647 502/1086/502
f 255/189/255 42/181/42 501/1082/501 647/1085/647
f 647/1087/647 501/1084/501 138/669/138 399/680/399
f 502/1088/502 647/1087/647 399/680/399 140/679/140
f 46/201/46 258/199/258 648/1089/648 503/1090/503
f 258/199/258 44/191/44 502/1086/502 648/1089/648
f 648/1091/648 502/1088/502 140/679/140 402/690/402
f 503/1092/503 648/1091/648 402/690/402 142/689/142
f 48/211/48 261/209/261 649/1093/649 504/1094/504
f 261/209/261 46/201/46 503/1090/503 649/1093/649
f 649/1095/649 503/1092/503 142/689/142 405/700/405
f 504/1096/504 649/1095/649 405/700/405 144/699/144
f 50/223/50 264/221/264 650/1097/650 505/1098/505
f 264/1099/264 48/211/48 504/1094/504 650/1100/650
f 650/1101/650 504/1096/504 144/699/144 408/710/408
f 505/1102/505 650/1101/650 408/710/408 146/709/146
f 52/245/52 267/1103/267 651/1104/651 506/1105/506
f 267/233/267 50/223/50 505/1098/505 651/1106/651
f 651/1107/651 505/1108/505 146/722/146 411/721/411
f 506/1109/506 651/1107/651 411/721/411 148/720/148
f 54/247/54 270/246/270 652/1110/652 507/1111/507
f 270/246/270 52/245/52 506/1105/506 652/1110/652
f 652/1112/652 506/1109/506 148/720/148 414/732/414
f 507/1113/507 652/1112/652 414/732/414 150/731/150
f 56/257/56 273/256/273 653/1114/653 508/1115/508
f 273/256/273 54/247/54 507/1111/507 653/1114/653
f 653/1116/653 507/1113/507 150/731/150 417/742/417
f 508/1117/508 653/1116/653 417/742/417 152/741/152
f 58/267/58 276/266/276 654/1118/654 509/1119/509
f 276/266/276 56/257/56 508/1115/508 654/1118/654
f 654/1120/654 508/1117/508 152/741/152 420/749/420
f 509/1121/509 654/1120/654 420/749/420 154/748/154
f 60/277/60 279/276/279 655/1122/655 510/1123/510
f 279/276/279 58/267/58 509/1119/509 655/1122/655
f 655/1124/655 509/1121/509 154/748/154 423/755/423
f 510/1125/510 655/1124/655 423/755/423 156/754/156
f 62/287/62 282/286/282 656/1126/656 511/1127/511
f 282/286/282 60/277/60 510/1123/510 656/1126/656
f 656/1128/656 510/1125/510 156/754/156 426/761/426
f 511/1129/511 656/1128/656 426/761/426 158/760/158
f 64/297/64 285/296/285 657/1130/657 512/1131/512
f 285/296/285 62/287/62 511/1127/511 657/1130/657
f 657/1132/657 511/1129/511 158/760/158 429/767/429
f 512/1133/512 657/1132/657 429/767/429 160/766/160
f 66/303/66 288/302/288 658/1134/658 513/1135/513
f 288/302/288 64/297/64 512/1131/512 658/1134/658
f 658/1136/658 512/1133/512 160/766/160 432/777/432
f 513/1137/513 658/1136/658 432/777/432 162/776/162
f 68/309/68 291/308/291 659/1138/659 514/1139/514
f 291/308/291 66/303/66 513/1135/513 659/1138/659
f 659/1140/659 513/1137/513 162/776/162 435/787/435
f 514/1141/514 659/1140/659 435/787/435 164/786/164
f 70/315/70 294/314/294 660/1142/660 515/1143/515
f 294/314/294 68/309/68 514/1139/514 660/1142/660
f 660/1144/660 514/1141/514 164/786/164 438/797/438
f 515/1145/515 660/1144/660 438/797/438 166/796/166
f 72/321/72 297/320/297 661/1146/661 516/1147/516
f 297/320/297 70/315/70 515/1143/515 661/1146/661
f 661/1148/661 515/1145/515 166/796/166 441/1149/441
f 516/1150/516 661/1151/661 441/1152/441 168/821/168
f 74/330/74 300/328/300 662/1153/662 517/1154/517
f 300/328/300 72/321/72 516/1147/516 662/1153/662
f 662/1155/662 516/1150/516 168/821/168 444/820/444
f 517/1156/517 662/1155/662 444/820/444 170/819/170
f 76/340/76 303/338/303 663/1157/663 518/1158/518
f 303/338/303 74/330/74 517/1154/517 663/1157/663
f 663/1159/663 517/1156/517 170/819/170 447/831/447
f 518/1160/518 663/1159/663 447/831/447 172/830/172
f 78/350/78 306/348/306 664/1161/664 519/1162/519
f 306/348/306 76/340/76 518/1158/518 664/1161/664
f 664/1163/664 518/1160/518 172/830/172 450/841/450
f 519/1164/519 664/1163/664 450/841/450 174/840/174
f 80/360/80 309/358/309 665/1165/665 520/1166/520
f 309/358/309 78/350/78 519/1162/519 665/1165/665
f 665/1167/665 519/1164/519 174/840/174 453/848/453
f 520/1168/520 665/1167/665 453/848/453 176/847/176
f 82/370/82 312/369/312 666/1169/666 521/1170/521
f 312/1171/312 80/360/80 520/1166/520 666/1172/666
f 666/1173/666 520/1168/520 176/847/176 456/854/456
f 521/1174/521 666/1173/666 456/854/456 178/853/178
f 84/380/84 315/379/315 667/1175/667 522/1176/522
f 315/379/315 82/370/82 521/1170/521 667/1175/667
f 667/1177/667 521/1174/521 178/853/178 459/860/459
f 522/1178/522 667/1177/667 459/860/459 180/859/180
f 86/390/86 318/389/318 668/1179/668 523/1180/523
f 318/389/318 84/380/84 522/1176/522 668/1179/668
f 668/1181/668 522/1178/522 180/859/180 462/866/462
f 523/1182/523 668/1181/668 462/866/462 182/865/182
f 88/400/88 321/399/321 669/1183/669 524/1184/524
f 321/399/321 86/390/86 523/1180/523 669/1183/669
f 669/1185/669 523/1182/523 182/865/182 465/872/465
f 524/1186/524 669/1185/669 465/872/465 184/871/184
f 90/406/90 324/405/324 670/1187/670 525/1188/525
f 324/405/324 88/400/88 524/1184/524 670/1187/670
f 670/1189/670 524/1186/524 184/871/184 468/878/468
f 525/1190/525 670/1189/670 468/878/468 186/877/186
f 92/412/92 327/411/327 671/1191/671 526/1192/526
f 327/411/327 90/406/90 525/1188/525 671/1191/671
f 671/1193/671 525/1190/525 186/877/186 471/888/471
f 526/1194/526 671/1193/671 471/888/471 188/887/188
f 94/421/94 330/419/330 672/1195/672 527/1196/527
f 330/419/330 92/412/92 526/1192/526 672/1195/672
f 672/1197/672 526/1194/526 188/887/188 474/898/474
f 527/1198/527 672/1197/672 474/898/474 190/897/190
f 96/431/96 333/429/333 673/1199/673 528/1200/528
f 333/429/333 94/421/94 527/1196/527 673/1199/673
f 673/1201/673 527/1198/527 190/897/190 477/908/477
f 528/1202/528 673/1201/673 477/908/477 192/907/192
f 2/441/2 336/439/336 674/1203/674 481/1204/481
f 336/439/336 96/431/96 528/1200/528 674/1203/674
f 674/1205/674 528/1202/528 192/907/192 480/1206/480
f 481/997/481 674/1207/674 480/1208/480 98/998/98
f 675/1209/675 685/1210/685 686/1211/686 676/1212/676
f 676/1212/676 686/1211/686 687/1213/687 677/1214/677
f 677/1215/677 687/1216/687 688/1217/688 678/1218/678
f 678/1219/678 688/1220/688 689/1221/689 679/1222/679
f 679/1222/679 689/1221/689 690/1223/690 680/1224/680
f 680/1224/680 690/1223/690 691/1225/691 681/1226/681
f 681/1227/681 691/1228/691 692/1229/692 682/1230/682
f 682/1231/682 692/1232/692 693/1233/693 683/1234/683
f 683/1234/683 693/1233/693 694/1235/694 684/1236/684
f 684/1237/684 694/1238/694 685/1210/685 675/1209/675
f 685/1210/685 695/1239/695 696/1240/696 686/1211/686
f 686/1211/686 696/1240/696 697/1241/697 687/1213/687
f 687/1216/687 697/1242/697 698/1243/698 688/1217/688
f 688/1220/688 698/1244/698 699/1245/699 689/1221/689
f 689/1221/689 699/1245/699 700/1246/700 690/1223/690
f 690/1223/690 700/1246/700 701/1247/701 691/1225/691
f 691/1228/691 701/1248/701 702/1249/702 692/1229/692
f 692/1232/692 702/1250/702 703/1251/703 693/1233/693
f 693/1233/693 703/1251/703 704/1252/704 694/1235/694
f 694/1238/694 704/1253/704 695/1239/695 685/1210/685
f 695/1239/695 705/1254/705 706/1255/706 696/1240/696
f 696/1240/696 706/1255/706 707/1256/707 697/1241/697
f 697/1242/697 707/1257/707 708/1258/708 698/1243/698
f 698/1244/698 708/1259/708 709/1260/709 699/1245/699
f 699/1245/699 709/1260/709 710/1261/710 700/1246/700
f 700/1246/700 710/1261/710 711/1262/711 701/1247/701
f 701/1248/701 711/1263/711 712/1264/712 702/1249/702
f 702/1250/702 712/1265/712 713/1266/713 703/1251/703
f 703/1251/703 713/1266/713 714/1267/714 704/1252/704
f 704/1252/704 714/1267/714 705/1268/705 695/1269/695
f 705/1254/705 715/1270/715 716/1271/716 706/1255/706
f 706/1255/706 716/1271/716 717/1272/717 707/1256/707
f 707/1257/707 717/1273/717 718/1274/718 708/1258/708
f 708/1259/708 718/1275/718 719/1276/719 709/1260/709
f 709/1260/709 719/1276/719 720/1277/720 710/1261/710
f 710/1278/710 720/1279/720 721/1280/721 711/1263/711
f 711/1263/711 721/1280/721 722/1281/722 712/1264/712
f 712/1265/712 722/1282/722 723/1283/723 713/1266/713
f 713/1266/713 723/1283/723 724/1284/724 714/1267/714
f 714/1267/714 724/1284/724 715/1285/715 705/1268/705
f 715/1270/715 725/1286/725 726/1287/726 716/1271/716
f 716/1271/716 726/1287/726 727/1288/727 717/1272/717
f 717/1273/717 727/1289/727 728/1290/728 718/1274/718
f 718/1274/718 728/1290/728 729/1291/729 719/1292/719
f 719/1292/719 729/1291/729 730/1293/730 720/1294/720
f 720/1279/720 730/1295/730 731/1296/731 721/1280/721
f 721/1280/721 731/1296/731 732/1297/732 722/1281/722
f 722/1282/722 732/1298/732 733/1299/733 723/1283/723
f 723/1283/723 733/1299/733 734/1300/734 724/1284/724
f 724/1301/724 734/1302/734 725/1303/725 715/1304/715
f 725/1286/725 735/1305/735 736/1306/736 726/1287/726
f 726/1287/726 736/1306/736 737/1307/737 727/1288/727
f 727/1289/727 737/1308/737 738/1309/738 728/1290/728
f 728/1290/728 738/1309/738 739/1310/739 729/1291/729
f 729/1291/729 739/1310/739 740/1311/740 730/1293/730
f 730/1295/730 740/1312/740 741/1313/741 731/1296/731
f 731/1296/731 741/1313/741 742/1314/742 732/1297/732
f 732/1298/732 742/1315/742 743/1316/743 733/1299/733
f 733/1317/733 743/1318/743 744/1319/744 734/1302/734
f 734/1302/734 744/1319/744 735/1320/735 725/1303/725
f 735/1320/735 745/1321/745 746/1322/746 736/1323/736
f 736/1306/736 746/1324/746 747/1325/747 737/1307/737
f 737/1308/737 747/1326/747 748/1327/748 738/1309/738
f 738/1309/738 748/1327/748 749/1328/749 739/1310/739
f 739/1310/739 749/1328/749 750/1329/750 740/1311/740
f 740/1312/740 750/1330/750 751/1331/751 741/1313/741
f 741/1313/741 751/1331/751 752/1332/752 742/1314/742
f 742/1315/742 752/1333/752 753/1334/753 743/1316/743
f 743/1318/743 753/1335/753 754/1336/754 744/1319/744
f 744/1319/744 754/1336/754 745/1321/745 735/1320/735
f 745/1321/745 755/1337/755 756/1338/756 746/1322/746
f 746/1324/746 756/1339/756 757/1340/757 747/1325/747
f 747/1326/747 757/1341/757 758/1342/758 748/1327/748
f 748/1327/748 758/1342/758 759/1343/759 749/1328/749
f 749/1328/749 759/1343/759 760/1344/760 750/1329/750
f 750/1330/750 760/1345/760 761/1346/761 751/1331/751
f 751/1331/751 761/1346/761 762/1347/762 752/1332/752
f 752/1333/752 762/1348/762 763/1349/763 753/1334/753
f 753/1335/753 763/1350/763 764/1351/764 754/1336/754
f 754/1336/754 764/1351/764 755/1337/755 745/1321/745
f 755/1337/755 765/1352/765 766/1353/766 756/1338/756
f 756/1354/756 766/1355/766 767/1356/767 757/1357/757
f 757/1341/757 767/1358/767 768/1359/768 758/1342/758
f 758/1342/758 768/1359/768 769/1360/769 759/1343/759
f 759/1343/759 769/1360/769 770/1361/770 760/1344/760
f 760/1344/760 770/1361/770 771/1362/771 761/1363/761
f 761/1346/761 771/1364/771 772/1365/772 762/1347/762
f 762/1348/762 772/1366/772 773/1367/773 763/1349/763
f 763/1350/763 773/1368/773 774/1369/774 764/1351/764
f 764/1351/764 774/1369/774 765/1352/765 755/1337/755
f 765/1352/765 775/1370/775 776/1371/776 766/1353/766
f 766/1355/766 776/1372/776 777/1373/777 767/1356/767
f 767/1358/767 777/1374/777 778/1375/778 768/1359/768
f 768/1359/768 778/1375/778 779/1376/779 769/1360/769
f 769/1360/769 779/1376/779 780/1377/780 770/1361/770
f 770/1361/770 780/1377/780 781/1378/781 771/1362/771
f 771/1364/771 781/1379/781 782/1380/782 772/1365/772
f 772/1366/772 782/1381/782 783/1382/783 773/1367/773
f 773/1368/773 783/1383/783 784/1384/784 774/1369/774
f 774/1369/774 784/1384/784 775/1370/775 765/1352/765
f 778/1375/778 785/1385/785 786/1386/786 779/1376/779
f 779/1376/779 786/1386/786 787/1387/787 780/1377/780
f 780/1377/780 787/1387/787 788/1388/788 781/1378/781
f 781/1389/781 788/1390/788 789/1391/789 782/1392/782
f 792/1393/790 800/1394/798 801/1395/799 793/1396/791
f 793/1396/791 801/1395/799 802/1397/800 794/1398/792
f 794/1399/792 802/1400/800 803/1401/801 795/1402/793
f 795/1402/793 803/1401/801 804/1403/802 796/1404/794
f 797/1405/795 807/1406/805 808/1407/806 798/1408/796
f 798/1408/796 808/1407/806 809/1409/807 799/1410/797
f 799/1410/797 809/1409/807 810/1411/808 800/1412/798
f 800/1394/798 810/1413/808 811/1414/809 801/1395/799
f 801/1415/799 811/1416/809 812/1417/810 802/1400/800
f 802/1400/800 812/1417/810 813/1418/811 803/1401/801
f 803/1401/801 813/1418/811 814/1419/812 804/1403/802
f 804/1420/802 814/1421/812 815/1422/813 805/1423/803
f 805/1424/803 815/1425/813 816/1426/814 806/1427/804
f 806/1427/804 816/1426/814 807/1428/805 797/1429/795
f 807/1406/805 817/1430/760 818/1431/815 808/1407/806
f 808/1407/806 818/1431/815 819/1432/816 809/1409/807
f 809/1409/807 819/1432/816 820/1433/817 810/1411/808
f 810/1413/808 820/1434/817 821/1435/818 811/1414/809
f 811/1416/809 821/1436/818 822/1437/755 812/1417/810
f 812/1417/810 822/1437/755 823/1438/819 813/1418/811
f 813/1418/811 823/1438/819 824/1439/820 814/1419/812
f 814/1421/812 824/1440/820 825/1441/821 815/1422/813
f 815/1425/813 825/1442/821 826/1443/822 816/1426/814
f 816/1426/814 826/1443/822 817/1444/760 807/1428/805
f 817/1430/760 827/1445/823 828/1446/824 818/1431/815
f 818/1431/815 828/1446/824 829/1447/825 819/1432/816
f 819/1432/816 829/1447/825 830/1448/826 820/1433/817
f 820/1449/817 830/1450/826 831/1451/827 821/1452/818
f 821/1436/818 831/1453/827 832/1454/828 822/1437/755
f 822/1437/755 832/1454/828 833/1455/829 823/1438/819
f 823/1438/819 833/1455/829 834/1456/830 824/1439/820
f 824/1440/820 834/1457/830 835/1458/831 825/1441/821
f 825/1442/821 835/1459/831 836/1460/832 826/1443/822
f 826/1461/822 836/1462/832 827/1445/823 817/1430/760
f 827/1445/823 837/1463/833 838/1464/834 828/1446/824
f 828/1446/824 838/1464/834 839/1465/835 829/1447/825
f 829/1447/825 839/1465/835 840/1466/836 830/1448/826
f 830/1450/826 840/1467/836 841/1468/837 831/1451/827
f 831/1453/827 841/1469/837 842/1470/838 832/1454/828
f 832/1454/828 842/1470/838 843/1471/839 833/1455/829
f 833/1455/829 843/1471/839 844/1472/840 834/1456/830
f 834/1457/830 844/1473/840 845/1474/841 835/1458/831
f 835/1459/831 845/1475/841 846/1476/842 836/1460/832
f 836/1462/832 846/1477/842 837/1463/833 827/1445/823
f 837/1463/833 847/1478/843 848/1479/844 838/1464/834
f 838/1464/834 848/1479/844 849/1480/845 839/1465/835
f 839/1465/835 849/1480/845 850/1481/846 840/1466/836
f 840/1467/836 850/1482/846 851/1483/847 841/1468/837
f 841/1468/837 851/1483/847 852/1484/848 842/1485/838
f 842/1470/838 852/1486/848 853/1487/849 843/1471/839
f 843/1471/839 853/1487/849 854/1488/850 844/1472/840
f 844/1473/840 854/1489/850 855/1490/851 845/1474/841
f 845/1474/841 855/1490/851 856/1491/852 846/1492/842
f 846/1477/842 856/1493/852 847/1478/843 837/1463/833
f 847/1478/843 857/1494/853 858/1495/854 848/1479/844
f 848/1479/844 858/1495/854 859/1496/855 849/1480/845
f 849/1480/845 859/1496/855 860/1497/856 850/1481/846
f 850/1482/846 860/1498/856 861/1499/857 851/1483/847
f 851/1483/847 861/1499/857 862/1500/858 852/1484/848
f 852/1486/848 862/1501/858 863/1502/859 853/1487/849
f 853/1487/849 863/1502/859 864/1503/860 854/1488/850
f 854/1489/850 864/1504/860 865/1505/861 855/1490/851
f 855/1490/851 865/1505/861 866/1506/862 856/1491/852
f 856/1491/852 866/1506/862 857/1507/853 847/1508/843
f 857/1509/853 867/1510/863 868/1511/864 858/1512/854
f 858/1512/854 868/1511/864 869/1513/865 859/1514/855
f 859/1496/855 869/1515/865 870/1516/866 860/1497/856
f 860/1498/856 870/1517/866 871/1518/867 861/1499/857
f 861/1499/857 871/1518/867 872/1519/868 862/1500/858
f 862/1500/858 872/1519/868 873/1520/869 863/1521/859
f 863/1502/859 873/1522/869 874/1523/870 864/1503/860
f 864/1504/860 874/1524/870 875/1525/871 865/1505/861
f 865/1505/861 875/1525/871 876/1526/872 866/1506/862
f 866/1506/862 876/1526/872 867/1527/863 857/1507/853
f 867/1510/863 877/1528/873 878/1529/874 868/1511/864
f 868/1511/864 878/1529/874 879/1530/875 869/1513/865
f 869/1515/865 879/1531/875 880/1532/876 870/1516/866
f 870/1517/866 880/1533/876 881/1534/877 871/1518/867
f 871/1518/867 881/1534/877 882/1535/878 872/1519/868
f 872/1519/868 882/1535/878 883/1536/879 873/1520/869
f 873/1537/869 883/1538/879 884/1539/880 874/1540/870
f 874/1524/870 884/1541/880 885/1542/881 875/1525/871
f 875/1525/871 885/1542/881 886/1543/882 876/1526/872
f 876/1526/872 886/1543/882 877/1544/873 867/1527/863
f 877/1528/873 887/1545/883 888/1546/884 878/1529/874
f 878/1529/874 888/1546/884 889/1547/885 879/1530/875
f 879/1531/875 889/1548/885 890/1549/886 880/1532/876
f 880/1533/876 890/1550/886 891/1551/887 881/1534/877
f 881/1534/877 891/1551/887 892/1552/888 882/1535/878
f 882/1535/878 892/1552/888 893/1553/889 883/1536/879
f 883/1538/879 893/1554/889 894/1555/890 884/1539/880
f 884/1541/880 894/1556/890 895/1557/891 885/1542/881
f 885/1542/881 895/1557/891 896/1558/892 886/1543/882
f 886/1543/882 896/1558/892 887/1559/883 877/1544/873
f 887/1545/883 675/1209/675 676/1212/676 888/1546/884
f 888/1546/884 676/1212/676 677/1214/677 889/1547/885
f 889/1548/885 677/1215/677 678/1218/678 890/1549/886
f 890/1550/886 678/1219/678 679/1222/679 891/1551/887
f 891/1551/887 679/1222/679 680/1224/680 892/1552/888
f 892/1552/888 680/1224/680 681/1226/681 893/1553/889
f 893/1554/889 681/1227/681 682/1230/682 894/1555/890
f 894/1556/890 682/1231/682 683/1234/683 895/1557/891
f 895/1557/891 683/1234/683 684/1236/684 896/1558/892
f 896/1560/892 684/1237/684 675/1209/675 887/1545/883
l 787 790
l 791 794
