# Blender 5.0.1
# www.blender.org
mtllib wristwatch.mtl
o SM_Wristwatch
v 0.000000 0.000000 -3.060000
v 0.593970 0.000000 -2.985312
v 0.840000 0.000000 -2.805000
v 0.593970 0.000000 -2.624688
v 0.000000 0.000000 -2.550000
v -0.593970 0.000000 -2.624688
v -0.840000 0.000000 -2.805000
v -0.593970 0.000000 -2.985312
v 0.000000 0.546270 -3.022326
v 0.593970 0.532936 -2.948558
v 0.840000 0.500747 -2.770466
v 0.593970 0.468558 -2.592373
v 0.000000 0.455225 -2.518605
v -0.593970 0.468558 -2.592373
v -0.840000 0.500747 -2.770466
v -0.593970 0.532936 -2.948558
v 0.000000 1.079087 -2.910233
v 0.593970 1.052749 -2.839201
v 0.840000 0.989163 -2.667714
v 0.593970 0.925577 -2.496227
v 0.000000 0.899239 -2.425194
v -0.593970 0.925577 -2.496227
v -0.840000 0.989163 -2.667714
v -0.593970 1.052749 -2.839201
v 0.000000 1.585335 -2.726480
v 0.593970 1.546640 -2.659933
v 0.840000 1.453224 -2.499273
v 0.593970 1.359807 -2.338614
v 0.000000 1.321112 -2.272067
v -0.593970 1.359807 -2.338614
v -0.840000 1.453224 -2.499273
v -0.593970 1.546640 -2.659933
v 0.000000 2.052546 -2.475592
v 0.593970 2.002448 -2.415169
v 0.840000 1.881501 -2.269293
v 0.593970 1.760553 -2.123417
v 0.000000 1.710455 -2.062994
v -0.593970 1.760553 -2.123417
v -0.840000 1.881501 -2.269293
v -0.593970 2.002448 -2.415169
v 0.000000 2.469217 -2.163746
v 0.593970 2.408949 -2.110934
v 0.840000 2.263449 -1.983434
v 0.593970 2.117949 -1.855934
v 0.000000 2.057681 -1.803122
v -0.593970 2.117949 -1.855934
v -0.840000 2.263449 -1.983434
v -0.593970 2.408949 -2.110934
v 0.000000 2.825088 -1.798622
v 0.593970 2.756134 -1.754722
v 0.840000 2.589664 -1.648737
v 0.593970 2.423194 -1.542752
v 0.000000 2.354240 -1.498852
v -0.593970 2.423194 -1.542752
v -0.840000 2.589664 -1.648737
v -0.593970 2.756134 -1.754722
v 0.000000 3.111394 -1.389212
v 0.593970 3.035452 -1.355304
v 0.840000 2.852112 -1.273444
v 0.593970 2.668771 -1.191584
v 0.000000 2.592829 -1.157676
v -0.593970 2.668771 -1.191584
v -0.840000 2.852112 -1.273444
v -0.593970 3.035452 -1.355304
v 0.000000 3.321089 -0.945592
v 0.593970 3.240029 -0.922513
v 0.840000 3.044332 -0.866793
v 0.593970 2.848635 -0.811074
v 0.000000 2.767574 -0.787994
v -0.593970 2.848635 -0.811074
v -0.840000 3.044332 -0.866793
v -0.593970 3.240029 -0.922513
v 0.000000 3.449008 -0.478690
v 0.593970 3.364825 -0.467006
v 0.840000 3.161590 -0.438799
v 0.593970 2.958356 -0.410592
v 0.000000 2.874173 -0.398908
v -0.593970 2.958356 -0.410592
v -0.840000 3.161590 -0.438799
v -0.593970 3.364825 -0.467006
v 0.000000 3.492000 -0.000000
v 0.593970 3.406768 -0.000000
v 0.840000 3.201000 -0.000000
v 0.593970 2.995232 -0.000000
v 0.000000 2.910000 -0.000000
v -0.593970 2.995232 -0.000000
v -0.840000 3.201000 -0.000000
v -0.593970 3.406768 -0.000000
v -0.000000 3.449008 0.478690
v 0.593970 3.364825 0.467006
v 0.840000 3.161591 0.438799
v 0.593970 2.958356 0.410592
v -0.000000 2.874173 0.398908
v -0.593970 2.958356 0.410592
v -0.840000 3.161591 0.438799
v -0.593970 3.364825 0.467006
v -0.000000 3.321089 0.945592
v 0.593970 3.240029 0.922513
v 0.840000 3.044332 0.866793
v 0.593970 2.848635 0.811073
v -0.000000 2.767574 0.787994
v -0.593970 2.848635 0.811073
v -0.840000 3.044332 0.866793
v -0.593970 3.240029 0.922513
v -0.000000 3.111395 1.389211
v 0.593970 3.035453 1.355304
v 0.840000 2.852112 1.273444
v 0.593970 2.668771 1.191584
v -0.000000 2.592829 1.157676
v -0.593970 2.668771 1.191584
v -0.840000 2.852112 1.273444
v -0.593970 3.035453 1.355304
v -0.000000 2.825087 1.798624
v 0.593970 2.756133 1.754723
v 0.840000 2.589663 1.648738
v 0.593970 2.423193 1.542753
v -0.000000 2.354239 1.498853
v -0.593970 2.423193 1.542753
v -0.840000 2.589663 1.648738
v -0.593970 2.756133 1.754723
v -0.000000 2.469216 2.163748
v 0.593970 2.408948 2.110935
v 0.840000 2.263448 1.983435
v 0.593970 2.117949 1.855935
v -0.000000 2.057680 1.803123
v -0.593970 2.117949 1.855935
v -0.840000 2.263448 1.983435
v -0.593970 2.408948 2.110935
v -0.000000 2.052545 2.475593
v 0.593970 2.002447 2.415169
v 0.840000 1.881500 2.269293
v 0.593970 1.760552 2.123418
v -0.000000 1.710454 2.062994
v -0.593970 1.760552 2.123418
v -0.840000 1.881500 2.269293
v -0.593970 2.002447 2.415169
v -0.000000 1.585335 2.726480
v 0.593970 1.546641 2.659933
v 0.840000 1.453224 2.499273
v 0.593970 1.359807 2.338614
v -0.000000 1.321113 2.272067
v -0.593970 1.359807 2.338614
v -0.840000 1.453224 2.499273
v -0.593970 1.546641 2.659933
v -0.000000 1.079087 2.910233
v 0.593970 1.052749 2.839201
v 0.840000 0.989163 2.667713
v 0.593970 0.925578 2.496226
v -0.000000 0.899239 2.425194
v -0.593970 0.925578 2.496226
v -0.840000 0.989163 2.667713
v -0.593970 1.052749 2.839201
v -0.000000 0.546269 3.022326
v 0.593970 0.532936 2.948558
v 0.840000 0.500747 2.770466
v 0.593970 0.468557 2.592374
v -0.000000 0.455224 2.518605
v -0.593970 0.468557 2.592374
v -0.840000 0.500747 2.770466
v -0.593970 0.532936 2.948558
v -0.000000 0.000000 3.060000
v 0.593970 0.000000 2.985312
v 0.840000 0.000000 2.805000
v 0.593970 0.000000 2.624688
v -0.000000 0.000000 2.550000
v -0.593970 0.000000 2.624688
v -0.840000 0.000000 2.805000
v -0.593970 0.000000 2.985312
v -0.000000 -0.546268 3.022326
v 0.593970 -0.532934 2.948559
v 0.840000 -0.500745 2.770466
v 0.593970 -0.468556 2.592374
v -0.000000 -0.455223 2.518605
v -0.593970 -0.468556 2.592374
v -0.840000 -0.500745 2.770466
v -0.593970 -0.532934 2.948559
v -0.000000 -1.079086 2.910233
v 0.593970 -1.052748 2.839201
v 0.840000 -0.989162 2.667714
v 0.593970 -0.925576 2.496227
v -0.000000 -0.899238 2.425195
v -0.593970 -0.925576 2.496227
v -0.840000 -0.989162 2.667714
v -0.593970 -1.052748 2.839201
v -0.000000 -1.585334 2.726480
v 0.593970 -1.546639 2.659933
v 0.840000 -1.453223 2.499274
v 0.593970 -1.359806 2.338614
v -0.000000 -1.321111 2.272067
v -0.593970 -1.359806 2.338614
v -0.840000 -1.453223 2.499274
v -0.593970 -1.546639 2.659933
v -0.000000 -2.052545 2.475593
v 0.593970 -2.002447 2.415169
v 0.840000 -1.881500 2.269293
v 0.593970 -1.760552 2.123418
v -0.000000 -1.710454 2.062994
v -0.593970 -1.760552 2.123418
v -0.840000 -1.881500 2.269293
v -0.593970 -2.002447 2.415169
v -0.000000 -2.469216 2.163747
v 0.593970 -2.408948 2.110935
v 0.840000 -2.263448 1.983435
v 0.593970 -2.117949 1.855935
v -0.000000 -2.057680 1.803123
v -0.593970 -2.117949 1.855935
v -0.840000 -2.263448 1.983435
v -0.593970 -2.408948 2.110935
v -0.000000 -2.825087 1.798623
v 0.593970 -2.756133 1.754723
v 0.840000 -2.589663 1.648738
v 0.593970 -2.423193 1.542753
v -0.000000 -2.354239 1.498853
v -0.593970 -2.423193 1.542753
v -0.840000 -2.589663 1.648738
v -0.593970 -2.756133 1.754723
v -0.000000 -3.111395 1.389211
v 0.593970 -3.035453 1.355304
v 0.840000 -2.852112 1.273444
v 0.593970 -2.668771 1.191584
v -0.000000 -2.592829 1.157676
v -0.593970 -2.668771 1.191584
v -0.840000 -2.852112 1.273443
v -0.593970 -3.035453 1.355304
v -0.000000 -3.321089 0.945592
v 0.593970 -3.240029 0.922512
v 0.840000 -3.044332 0.866793
v 0.593970 -2.848635 0.811073
v -0.000000 -2.767574 0.787993
v -0.593970 -2.848635 0.811073
v -0.840000 -3.044332 0.866793
v -0.593970 -3.240029 0.922512
v -0.000000 -3.449008 0.478689
v 0.593970 -3.364825 0.467006
v 0.840000 -3.161591 0.438799
v 0.593970 -2.958356 0.410592
v -0.000000 -2.874173 0.398908
v -0.593970 -2.958356 0.410591
v -0.840000 -3.161591 0.438798
v -0.593970 -3.364825 0.467006
v 0.000000 -3.492000 -0.000000
v 0.593970 -3.406768 -0.000000
v 0.840000 -3.201000 -0.000000
v 0.593970 -2.995232 -0.000000
v 0.000000 -2.910000 -0.000000
v -0.593970 -2.995232 -0.000000
v -0.840000 -3.201000 -0.000000
v -0.593970 -3.406768 -0.000000
v 0.000000 -3.449008 -0.478690
v 0.593970 -3.364825 -0.467006
v 0.840000 -3.161590 -0.438799
v 0.593970 -2.958356 -0.410592
v 0.000000 -2.874173 -0.398908
v -0.593970 -2.958356 -0.410592
v -0.840000 -3.161590 -0.438799
v -0.593970 -3.364825 -0.467006
v 0.000000 -3.321089 -0.945593
v 0.593970 -3.240029 -0.922513
v 0.840000 -3.044332 -0.866793
v 0.593970 -2.848635 -0.811074
v 0.000000 -2.767574 -0.787994
v -0.593970 -2.848635 -0.811074
v -0.840000 -3.044332 -0.866793
v -0.593970 -3.240029 -0.922513
v 0.000000 -3.111394 -1.389212
v 0.593970 -3.035452 -1.355304
v 0.840000 -2.852112 -1.273444
v 0.593970 -2.668771 -1.191584
v 0.000000 -2.592829 -1.157677
v -0.593970 -2.668771 -1.191584
v -0.840000 -2.852112 -1.273444
v -0.593970 -3.035452 -1.355304
v 0.000000 -2.825089 -1.798622
v 0.593970 -2.756135 -1.754721
v 0.840000 -2.589665 -1.648737
v 0.593970 -2.423195 -1.542752
v 0.000000 -2.354240 -1.498851
v -0.593970 -2.423195 -1.542752
v -0.840000 -2.589665 -1.648737
v -0.593970 -2.756135 -1.754721
v 0.000000 -2.469218 -2.163746
v 0.593970 -2.408950 -2.110934
v 0.840000 -2.263450 -1.983434
v 0.593970 -2.117950 -1.855934
v 0.000000 -2.057682 -1.803121
v -0.593970 -2.117950 -1.855934
v -0.840000 -2.263450 -1.983434
v -0.593970 -2.408950 -2.110934
v 0.000000 -2.052547 -2.475591
v 0.593970 -2.002449 -2.415168
v 0.840000 -1.881502 -2.269292
v 0.593970 -1.760554 -2.123416
v 0.000000 -1.710456 -2.062993
v -0.593970 -1.760554 -2.123416
v -0.840000 -1.881502 -2.269292
v -0.593970 -2.002449 -2.415168
v 0.000000 -1.585336 -2.726480
v 0.593970 -1.546642 -2.659932
v 0.840000 -1.453225 -2.499273
v 0.593970 -1.359808 -2.338614
v 0.000000 -1.321113 -2.272066
v -0.593970 -1.359808 -2.338614
v -0.840000 -1.453225 -2.499273
v -0.593970 -1.546642 -2.659932
v 0.000000 -1.079088 -2.910233
v 0.593970 -1.052750 -2.839200
v 0.840000 -0.989164 -2.667713
v 0.593970 -0.925578 -2.496226
v 0.000000 -0.899240 -2.425194
v -0.593970 -0.925578 -2.496226
v -0.840000 -0.989164 -2.667713
v -0.593970 -1.052750 -2.839200
v 0.000000 -0.546270 -3.022326
v 0.593970 -0.532937 -2.948558
v 0.840000 -0.500748 -2.770466
v 0.593970 -0.468558 -2.592373
v 0.000000 -0.455225 -2.518605
v -0.593970 -0.468558 -2.592373
v -0.840000 -0.500748 -2.770466
v -0.593970 -0.532937 -2.948558
v 0.000000 1.549274 2.800000
v 0.000000 1.700000 2.950000
v 0.000000 1.624637 2.820096
v 0.000000 1.679806 2.875000
v -0.000000 1.549274 3.600000
v 0.000000 1.700000 3.450000
v -0.000000 1.624637 3.579904
v -0.000000 1.679806 3.525000
v 0.302248 1.519505 2.800000
v 0.331654 1.667335 2.950000
v 0.316951 1.593420 2.820096
v 0.327714 1.647530 2.875000
v 0.302248 1.519505 3.600000
v 0.331654 1.667335 3.450000
v 0.316951 1.593420 3.579904
v 0.327714 1.647530 3.525000
v 0.592881 1.431343 2.800000
v 0.650562 1.570595 2.950000
v 0.621722 1.500969 2.820096
v 0.642834 1.551939 2.875000
v 0.592881 1.431343 3.600000
v 0.650562 1.570595 3.450000
v 0.621722 1.500969 3.579904
v 0.642834 1.551939 3.525000
v 0.860730 1.288175 2.800000
v 0.944470 1.413498 2.950000
v 0.902600 1.350836 2.820096
v 0.933251 1.396708 2.875000
v 0.860730 1.288175 3.600000
v 0.944470 1.413498 3.450000
v 0.902600 1.350836 3.579904
v 0.933251 1.396708 3.525000
v 1.095502 1.095502 2.800000
v 1.202082 1.202082 2.950000
v 1.148792 1.148792 2.820096
v 1.187803 1.187803 2.875000
v 1.095502 1.095502 3.600000
v 1.202082 1.202081 3.450000
v 1.148792 1.148792 3.579904
v 1.187803 1.187803 3.525000
v 1.288175 0.860730 2.800000
v 1.413498 0.944469 2.950000
v 1.350837 0.902600 2.820096
v 1.396708 0.933250 2.875000
v 1.288175 0.860730 3.600000
v 1.413498 0.944469 3.450000
v 1.350837 0.902600 3.579904
v 1.396708 0.933250 3.525000
v 1.431343 0.592881 2.800000
v 1.570595 0.650562 2.950000
v 1.500969 0.621722 2.820096
v 1.551939 0.642834 2.875000
v 1.431343 0.592881 3.600000
v 1.570595 0.650562 3.450000
v 1.500969 0.621722 3.579904
v 1.551939 0.642834 3.525000
v 1.519506 0.302248 2.800000
v 1.667335 0.331653 2.950000
v 1.593420 0.316951 2.820096
v 1.647530 0.327714 2.875000
v 1.519506 0.302248 3.600000
v 1.667335 0.331653 3.450000
v 1.593420 0.316951 3.579904
v 1.647530 0.327714 3.525000
v 1.549274 -0.000000 2.800000
v 1.700000 -0.000000 2.950000
v 1.624637 -0.000000 2.820096
v 1.679807 -0.000000 2.875000
v 1.549274 -0.000000 3.600000
v 1.700000 -0.000000 3.450000
v 1.624637 -0.000000 3.579904
v 1.679807 -0.000000 3.525000
v 1.519506 -0.302249 2.800000
v 1.667335 -0.331654 2.950000
v 1.593420 -0.316951 2.820096
v 1.647530 -0.327714 2.875000
v 1.519506 -0.302249 3.600000
v 1.667335 -0.331654 3.450000
v 1.593420 -0.316951 3.579904
v 1.647530 -0.327714 3.525000
v 1.431343 -0.592882 2.800000
v 1.570595 -0.650562 2.950000
v 1.500969 -0.621722 2.820096
v 1.551939 -0.642834 2.875000
v 1.431343 -0.592882 3.600000
v 1.570595 -0.650562 3.450000
v 1.500969 -0.621722 3.579904
v 1.551939 -0.642834 3.525000
v 1.288175 -0.860730 2.800000
v 1.413498 -0.944470 2.950000
v 1.350837 -0.902600 2.820096
v 1.396708 -0.933251 2.875000
v 1.288175 -0.860731 3.600000
v 1.413498 -0.944470 3.450000
v 1.350837 -0.902600 3.579904
v 1.396708 -0.933251 3.525000
v 1.095502 -1.095502 2.800000
v 1.202082 -1.202082 2.950000
v 1.148792 -1.148792 2.820096
v 1.187803 -1.187803 2.875000
v 1.095502 -1.095502 3.600000
v 1.202082 -1.202082 3.450000
v 1.148792 -1.148792 3.579904
v 1.187803 -1.187803 3.525000
v 0.860730 -1.288175 2.800000
v 0.944470 -1.413498 2.950000
v 0.902600 -1.350837 2.820096
v 0.933251 -1.396708 2.875000
v 0.860730 -1.288175 3.600000
v 0.944470 -1.413499 3.450000
v 0.902600 -1.350837 3.579904
v 0.933251 -1.396708 3.525000
v 0.592881 -1.431343 2.800000
v 0.650562 -1.570595 2.950000
v 0.621722 -1.500969 2.820096
v 0.642834 -1.551939 2.875000
v 0.592881 -1.431343 3.600000
v 0.650562 -1.570595 3.450000
v 0.621722 -1.500969 3.579904
v 0.642834 -1.551939 3.525000
v 0.302248 -1.519506 2.800000
v 0.331654 -1.667335 2.950000
v 0.316951 -1.593421 2.820096
v 0.327714 -1.647530 2.875000
v 0.302248 -1.519506 3.600000
v 0.331654 -1.667335 3.450000
v 0.316951 -1.593421 3.579904
v 0.327714 -1.647530 3.525000
v -0.000000 -1.549274 2.800000
v 0.000000 -1.700000 2.950000
v -0.000000 -1.624637 2.820096
v -0.000000 -1.679807 2.875000
v 0.000000 -1.549274 3.600000
v 0.000000 -1.700000 3.450000
v 0.000000 -1.624637 3.579904
v 0.000000 -1.679807 3.525000
v -0.302248 -1.519506 2.800000
v -0.331654 -1.667335 2.950000
v -0.316951 -1.593421 2.820096
v -0.327714 -1.647530 2.875000
v -0.302248 -1.519506 3.600000
v -0.331654 -1.667335 3.450000
v -0.316951 -1.593421 3.579904
v -0.327714 -1.647530 3.525000
v -0.592881 -1.431343 2.800000
v -0.650562 -1.570595 2.950000
v -0.621722 -1.500969 2.820096
v -0.642834 -1.551939 2.875000
v -0.592881 -1.431343 3.600000
v -0.650562 -1.570595 3.450000
v -0.621722 -1.500969 3.579904
v -0.642834 -1.551939 3.525000
v -0.860730 -1.288175 2.800000
v -0.944470 -1.413498 2.950000
v -0.902600 -1.350837 2.820096
v -0.933251 -1.396708 2.875000
v -0.860730 -1.288175 3.600000
v -0.944470 -1.413499 3.450000
v -0.902600 -1.350837 3.579904
v -0.933251 -1.396708 3.525000
v -1.095502 -1.095502 2.800000
v -1.202082 -1.202082 2.950000
v -1.148792 -1.148792 2.820096
v -1.187803 -1.187803 2.875000
v -1.095502 -1.095502 3.600000
v -1.202082 -1.202082 3.450000
v -1.148792 -1.148792 3.579904
v -1.187803 -1.187803 3.525000
v -1.288175 -0.860730 2.800000
v -1.413498 -0.944470 2.950000
v -1.350837 -0.902600 2.820096
v -1.396708 -0.933251 2.875000
v -1.288175 -0.860731 3.600000
v -1.413498 -0.944470 3.450000
v -1.350837 -0.902600 3.579904
v -1.396708 -0.933251 3.525000
v -1.431343 -0.592882 2.800000
v -1.570595 -0.650562 2.950000
v -1.500969 -0.621722 2.820096
v -1.551939 -0.642834 2.875000
v -1.431343 -0.592882 3.600000
v -1.570595 -0.650562 3.450000
v -1.500969 -0.621722 3.579904
v -1.551939 -0.642834 3.525000
v -1.519506 -0.302249 2.800000
v -1.667335 -0.331654 2.950000
v -1.593420 -0.316951 2.820096
v -1.647530 -0.327714 2.875000
v -1.519506 -0.302249 3.600000
v -1.667335 -0.331654 3.450000
v -1.593420 -0.316951 3.579904
v -1.647530 -0.327714 3.525000
v -1.549274 -0.000000 2.800000
v -1.700000 -0.000000 2.950000
v -1.624637 -0.000000 2.820096
v -1.679807 -0.000000 2.875000
v -1.549274 -0.000000 3.600000
v -1.700000 -0.000000 3.450000
v -1.624637 -0.000000 3.579904
v -1.679807 -0.000000 3.525000
v -1.519506 0.302248 2.800000
v -1.667335 0.331653 2.950000
v -1.593420 0.316951 2.820096
v -1.647530 0.327714 2.875000
v -1.519506 0.302248 3.600000
v -1.667335 0.331653 3.450000
v -1.593420 0.316951 3.579904
v -1.647530 0.327714 3.525000
v -1.431343 0.592881 2.800000
v -1.570595 0.650562 2.950000
v -1.500969 0.621722 2.820096
v -1.551939 0.642834 2.875000
v -1.431343 0.592881 3.600000
v -1.570595 0.650562 3.450000
v -1.500969 0.621722 3.579904
v -1.551939 0.642834 3.525000
v -1.288175 0.860730 2.800000
v -1.413498 0.944469 2.950000
v -1.350837 0.902600 2.820096
v -1.396708 0.933250 2.875000
v -1.288175 0.860730 3.600000
v -1.413498 0.944469 3.450000
v -1.350837 0.902600 3.579904
v -1.396708 0.933250 3.525000
v -1.095502 1.095502 2.800000
v -1.202082 1.202082 2.950000
v -1.148792 1.148792 2.820096
v -1.187803 1.187803 2.875000
v -1.095502 1.095502 3.600000
v -1.202082 1.202081 3.450000
v -1.148792 1.148792 3.579904
v -1.187803 1.187803 3.525000
v -0.860730 1.288175 2.800000
v -0.944470 1.413498 2.950000
v -0.902600 1.350836 2.820096
v -0.933251 1.396708 2.875000
v -0.860730 1.288175 3.600000
v -0.944470 1.413498 3.450000
v -0.902600 1.350836 3.579904
v -0.933251 1.396708 3.525000
v -0.592881 1.431343 2.800000
v -0.650562 1.570595 2.950000
v -0.621722 1.500969 2.820096
v -0.642834 1.551939 2.875000
v -0.592881 1.431343 3.600000
v -0.650562 1.570595 3.450000
v -0.621722 1.500969 3.579904
v -0.642834 1.551939 3.525000
v -0.302248 1.519505 2.800000
v -0.331654 1.667335 2.950000
v -0.316951 1.593420 2.820096
v -0.327714 1.647530 2.875000
v -0.302248 1.519505 3.600000
v -0.331654 1.667335 3.450000
v -0.316951 1.593420 3.579904
v -0.327714 1.647530 3.525000
v 0.000000 -0.000000 3.830000
v 0.000000 1.385819 3.373714
v 0.000000 -0.000000 3.170000
v 0.111987 0.562995 3.804880
v 0.206925 1.040280 3.733345
v 0.270360 1.359191 3.626286
v 0.292635 1.471178 3.500000
v 0.270360 1.359191 3.373714
v 0.206925 1.040280 3.266655
v 0.111987 0.562995 3.195120
v 0.219670 0.530330 3.804880
v 0.405897 0.979922 3.733345
v 0.530330 1.280330 3.626286
v 0.574025 1.385819 3.500000
v 0.530330 1.280330 3.373714
v 0.405897 0.979922 3.266655
v 0.219670 0.530330 3.195120
v 0.318911 0.477284 3.804880
v 0.589271 0.881907 3.733345
v 0.769920 1.152266 3.626286
v 0.833355 1.247204 3.500000
v 0.769920 1.152266 3.373714
v 0.589271 0.881907 3.266655
v 0.318911 0.477284 3.195120
v 0.405897 0.405897 3.804880
v 0.750000 0.750000 3.733345
v 0.979922 0.979922 3.626286
v 1.060660 1.060660 3.500000
v 0.979922 0.979922 3.373714
v 0.750000 0.750000 3.266655
v 0.405897 0.405897 3.195120
v 0.477284 0.318911 3.804880
v 0.881907 0.589271 3.733345
v 1.152267 0.769920 3.626286
v 1.247204 0.833355 3.500000
v 1.152267 0.769920 3.373714
v 0.881907 0.589271 3.266655
v 0.477284 0.318911 3.195120
v 0.530330 0.219670 3.804880
v 0.979922 0.405897 3.733345
v 1.280330 0.530330 3.626286
v 1.385819 0.574025 3.500000
v 1.280330 0.530330 3.373714
v 0.979922 0.405897 3.266655
v 0.530330 0.219670 3.195120
v 0.562995 0.111987 3.804880
v 1.040280 0.206924 3.733345
v 1.359191 0.270359 3.626286
v 1.471177 0.292635 3.500000
v 1.359191 0.270360 3.373714
v 1.040280 0.206924 3.266655
v 0.562995 0.111987 3.195120
v 0.574025 -0.000000 3.804880
v 1.060660 -0.000000 3.733345
v 1.385819 -0.000000 3.626286
v 1.500000 -0.000000 3.500000
v 1.385819 -0.000000 3.373714
v 1.060660 -0.000000 3.266655
v 0.574025 -0.000000 3.195120
v 0.562995 -0.111987 3.804880
v 1.040280 -0.206925 3.733345
v 1.359191 -0.270360 3.626286
v 1.471177 -0.292636 3.500000
v 1.359191 -0.270360 3.373714
v 1.040280 -0.206925 3.266655
v 0.562995 -0.111987 3.195120
v 0.530330 -0.219670 3.804880
v 0.979922 -0.405897 3.733345
v 1.280330 -0.530330 3.626286
v 1.385819 -0.574025 3.500000
v 1.280330 -0.530330 3.373714
v 0.979922 -0.405897 3.266655
v 0.530330 -0.219670 3.195120
v 0.477284 -0.318911 3.804880
v 0.881907 -0.589271 3.733345
v 1.152266 -0.769920 3.626286
v 1.247204 -0.833355 3.500000
v 1.152266 -0.769920 3.373714
v 0.881907 -0.589271 3.266655
v 0.477284 -0.318911 3.195120
v 0.405897 -0.405897 3.804880
v 0.750000 -0.750000 3.733345
v 0.979922 -0.979922 3.626286
v 1.060660 -1.060660 3.500000
v 0.979922 -0.979922 3.373714
v 0.750000 -0.750000 3.266655
v 0.405897 -0.405897 3.195120
v 0.318911 -0.477285 3.804880
v 0.589271 -0.881907 3.733345
v 0.769919 -1.152267 3.626286
v 0.833355 -1.247204 3.500000
v 0.769919 -1.152267 3.373714
v 0.589271 -0.881907 3.266655
v 0.318911 -0.477285 3.195120
v 0.219670 -0.530330 3.804880
v 0.405897 -0.979922 3.733345
v 0.530330 -1.280330 3.626286
v 0.574025 -1.385819 3.500000
v 0.530330 -1.280330 3.373714
v 0.405897 -0.979922 3.266655
v 0.219670 -0.530330 3.195120
v 0.111987 -0.562995 3.804880
v 0.206925 -1.040280 3.733345
v 0.270359 -1.359191 3.626286
v 0.292635 -1.471177 3.500000
v 0.270359 -1.359191 3.373714
v 0.206925 -1.040280 3.266655
v 0.111987 -0.562995 3.195120
v -0.000000 -0.574025 3.804880
v 0.000000 -1.060660 3.733345
v -0.000000 -1.385819 3.626286
v -0.000000 -1.499999 3.500000
v -0.000000 -1.385819 3.373714
v 0.000000 -1.060660 3.266655
v -0.000000 -0.574025 3.195120
v -0.111987 -0.562995 3.804880
v -0.206925 -1.040280 3.733345
v -0.270360 -1.359190 3.626286
v -0.292635 -1.471177 3.500000
v -0.270360 -1.359190 3.373714
v -0.206925 -1.040280 3.266655
v -0.111987 -0.562995 3.195120
v -0.219670 -0.530330 3.804880
v -0.405897 -0.979922 3.733345
v -0.530330 -1.280329 3.626286
v -0.574025 -1.385818 3.500000
v -0.530330 -1.280329 3.373714
v -0.405897 -0.979922 3.266655
v -0.219670 -0.530330 3.195120
v -0.318911 -0.477284 3.804880
v -0.589271 -0.881907 3.733345
v -0.769920 -1.152266 3.626286
v -0.833355 -1.247204 3.500000
v -0.769920 -1.152266 3.373714
v -0.589271 -0.881907 3.266655
v -0.318911 -0.477284 3.195120
v -0.405897 -0.405897 3.804880
v -0.750000 -0.750000 3.733345
v -0.979922 -0.979922 3.626286
v -1.060660 -1.060659 3.500000
v -0.979922 -0.979922 3.373714
v -0.750000 -0.750000 3.266655
v -0.405897 -0.405897 3.195120
v -0.477284 -0.318911 3.804880
v -0.881907 -0.589271 3.733345
v -1.152266 -0.769919 3.626286
v -1.247204 -0.833355 3.500000
v -1.152266 -0.769919 3.373714
v -0.881907 -0.589271 3.266655
v -0.477284 -0.318911 3.195120
v -0.530330 -0.219670 3.804880
v -0.979922 -0.405897 3.733345
v -1.280329 -0.530330 3.626286
v -1.385818 -0.574025 3.500000
v -1.280329 -0.530330 3.373714
v -0.979922 -0.405897 3.266655
v -0.530330 -0.219670 3.195120
v -0.562995 -0.111987 3.804880
v -1.040280 -0.206925 3.733345
v -1.359190 -0.270360 3.626286
v -1.471177 -0.292635 3.500000
v -1.359190 -0.270360 3.373714
v -1.040280 -0.206925 3.266655
v -0.562995 -0.111987 3.195120
v -0.574025 -0.000000 3.804880
v -1.060660 -0.000000 3.733345
v -1.385818 0.000000 3.626286
v -1.499999 0.000000 3.500000
v -1.385818 0.000000 3.373714
v -1.060660 -0.000000 3.266655
v -0.574025 0.000000 3.195120
v -0.562995 0.111987 3.804880
v -1.040280 0.206924 3.733345
v -1.359190 0.270360 3.626286
v -1.471177 0.292635 3.500000
v -1.359190 0.270360 3.373714
v -1.040280 0.206924 3.266655
v -0.562995 0.111987 3.195120
v -0.530330 0.219670 3.804880
v -0.979922 0.405897 3.733345
v -1.280329 0.530330 3.626286
v -1.385818 0.574025 3.500000
v -1.280329 0.530330 3.373714
v -0.979922 0.405897 3.266655
v -0.530330 0.219670 3.195120
v -0.477284 0.318911 3.804880
v -0.881907 0.589271 3.733345
v -1.152265 0.769919 3.626286
v -1.247203 0.833355 3.500000
v -1.152265 0.769919 3.373714
v -0.881907 0.589271 3.266655
v -0.477284 0.318911 3.195120
v -0.405897 0.405897 3.804880
v -0.750000 0.750000 3.733345
v -0.979921 0.979921 3.626286
v -1.060659 1.060659 3.500000
v -0.979921 0.979921 3.373714
v -0.750000 0.750000 3.266655
v -0.405897 0.405897 3.195120
v -0.318911 0.477284 3.804880
v -0.589271 0.881906 3.733345
v -0.769919 1.152266 3.626286
v -0.833354 1.247203 3.500000
v -0.769919 1.152266 3.373714
v -0.589271 0.881906 3.266655
v -0.318911 0.477284 3.195120
v -0.219670 0.530329 3.804880
v -0.405897 0.979922 3.733345
v -0.530329 1.280329 3.626286
v -0.574024 1.385818 3.500000
v -0.530329 1.280329 3.373714
v -0.405897 0.979922 3.266655
v -0.219670 0.530330 3.195120
v -0.111986 0.562995 3.804880
v -0.206925 1.040280 3.733345
v -0.270359 1.359190 3.626286
v -0.292635 1.471176 3.500000
v -0.270359 1.359190 3.373714
v -0.206925 1.040280 3.266655
v -0.111986 0.562995 3.195120
v 0.000000 0.574024 3.804880
v -0.000000 1.060660 3.733345
v 0.000001 1.385818 3.626286
v 0.000000 1.499998 3.500000
v -0.000000 1.060660 3.266655
v 0.000000 0.574024 3.195120
v 0.000000 2.100000 3.420000
v 0.000000 1.700000 3.420000
v 0.110000 2.100000 3.390526
v 0.110000 1.700000 3.390526
v 0.190526 2.100000 3.310000
v 0.190526 1.700000 3.310000
v 0.220000 2.100000 3.200000
v 0.220000 1.700000 3.200000
v 0.190526 2.100000 3.090000
v 0.190526 1.700000 3.090000
v 0.110000 2.100000 3.009475
v 0.110000 1.700000 3.009475
v 0.000000 2.100000 2.980000
v 0.000000 1.700000 2.980000
v -0.110000 2.100000 3.009475
v -0.110000 1.700000 3.009475
v -0.190526 2.100000 3.090000
v -0.190526 1.700000 3.090000
v -0.220000 2.100000 3.200000
v -0.220000 1.700000 3.200000
v -0.190526 2.100000 3.310000
v -0.190526 1.700000 3.310000
v -0.110000 2.100000 3.390526
v -0.110000 1.700000 3.390526
vn 0.1245 0.0683 -0.9899
vn 0.5902 0.0555 -0.8053
vn 0.5902 -0.0555 0.8053
vn 0.1245 -0.0683 0.9899
vn -0.1245 -0.0683 0.9899
vn -0.5902 -0.0555 0.8053
vn -0.5902 0.0555 -0.8053
vn -0.1245 0.0683 -0.9899
vn 0.1252 0.2043 -0.9709
vn 0.5924 0.1659 -0.7884
vn 0.5924 -0.1659 0.7884
vn 0.1252 -0.2043 0.9709
vn -0.1252 -0.2043 0.9709
vn -0.5924 -0.1659 0.7884
vn -0.5924 0.1659 -0.7884
vn -0.1252 0.2043 -0.9709
vn 0.1265 0.3384 -0.9324
vn 0.5966 0.2738 -0.7544
vn 0.5966 -0.2738 0.7544
vn 0.1265 -0.3384 0.9324
vn -0.1265 -0.3384 0.9324
vn -0.5966 -0.2738 0.7544
vn -0.5966 0.2738 -0.7544
vn -0.1265 0.3384 -0.9324
vn 0.1285 0.4692 -0.8737
vn 0.6025 0.3776 -0.7031
vn 0.6025 -0.3776 0.7031
vn 0.1285 -0.4692 0.8737
vn -0.1285 -0.4692 0.8737
vn -0.6025 -0.3776 0.7031
vn -0.6025 0.3776 -0.7031
vn -0.1285 0.4692 -0.8737
vn 0.1308 0.5940 -0.7937
vn 0.6097 0.4749 -0.6346
vn 0.6097 -0.4749 0.6346
vn 0.1308 -0.5940 0.7937
vn -0.1308 -0.5940 0.7937
vn -0.6097 -0.4749 0.6346
vn -0.6097 0.4749 -0.6346
vn -0.1308 0.5940 -0.7937
vn 0.1335 0.7097 -0.6917
vn 0.6176 0.5632 -0.5490
vn 0.6176 -0.5632 0.5490
vn 0.1335 -0.7097 0.6917
vn -0.1335 -0.7097 0.6917
vn -0.6176 -0.5632 0.5490
vn -0.6176 0.5632 -0.5490
vn -0.1335 0.7097 -0.6917
vn 0.1362 0.8119 -0.5677
vn 0.6253 0.6395 -0.4472
vn 0.6253 -0.6395 0.4472
vn 0.1362 -0.8119 0.5677
vn -0.1362 -0.8119 0.5677
vn -0.6253 -0.6395 0.4472
vn -0.6253 0.6395 -0.4472
vn -0.1362 0.8119 -0.5677
vn 0.1386 0.8954 -0.4232
vn 0.6322 0.7005 -0.3311
vn 0.6322 -0.7005 0.3311
vn 0.1386 -0.8954 0.4232
vn -0.1386 -0.8954 0.4232
vn -0.6322 -0.7005 0.3311
vn -0.6322 0.7005 -0.3311
vn -0.1386 0.8954 -0.4232
vn 0.1405 0.9549 -0.2616
vn 0.6373 0.7432 -0.2036
vn 0.6373 -0.7432 0.2036
vn 0.1405 -0.9549 0.2616
vn -0.1405 -0.9549 0.2616
vn -0.6373 -0.7432 0.2036
vn -0.6373 0.7432 -0.2036
vn -0.1405 0.9549 -0.2616
vn 0.1415 0.9860 -0.0886
vn 0.6400 0.7653 -0.0687
vn 0.6400 -0.7653 0.0687
vn 0.1415 -0.9860 0.0886
vn -0.1415 -0.9860 0.0886
vn -0.6400 -0.7653 0.0687
vn -0.6400 0.7653 -0.0687
vn -0.1415 0.9860 -0.0886
vn 0.1415 0.9860 0.0886
vn 0.6400 0.7653 0.0687
vn 0.6400 -0.7653 -0.0687
vn 0.1415 -0.9860 -0.0886
vn -0.1415 -0.9860 -0.0886
vn -0.6400 -0.7653 -0.0687
vn -0.6400 0.7653 0.0687
vn -0.1415 0.9860 0.0886
vn 0.1405 0.9549 0.2616
vn 0.6373 0.7432 0.2036
vn 0.6373 -0.7432 -0.2036
vn 0.1405 -0.9549 -0.2616
vn -0.1405 -0.9549 -0.2616
vn -0.6373 -0.7432 -0.2036
vn -0.6373 0.7432 0.2036
vn -0.1405 0.9549 0.2616
vn 0.1386 0.8954 0.4232
vn 0.6322 0.7005 0.3311
vn 0.6322 -0.7005 -0.3311
vn 0.1386 -0.8954 -0.4232
vn -0.1386 -0.8954 -0.4232
vn -0.6322 -0.7005 -0.3311
vn -0.6322 0.7005 0.3311
vn -0.1386 0.8954 0.4232
vn 0.1362 0.8119 0.5677
vn 0.6253 0.6395 0.4472
vn 0.6253 -0.6395 -0.4472
vn 0.1362 -0.8119 -0.5677
vn -0.1362 -0.8119 -0.5677
vn -0.6253 -0.6395 -0.4472
vn -0.6253 0.6395 0.4472
vn -0.1362 0.8119 0.5677
vn 0.1335 0.7097 0.6917
vn 0.6176 0.5632 0.5490
vn 0.6176 -0.5632 -0.5490
vn 0.1335 -0.7097 -0.6917
vn -0.1335 -0.7097 -0.6917
vn -0.6176 -0.5632 -0.5490
vn -0.6176 0.5632 0.5490
vn -0.1335 0.7097 0.6917
vn 0.1308 0.5940 0.7937
vn 0.6097 0.4749 0.6346
vn 0.6097 -0.4749 -0.6346
vn 0.1308 -0.5940 -0.7937
vn -0.1308 -0.5940 -0.7937
vn -0.6097 -0.4749 -0.6346
vn -0.6097 0.4749 0.6346
vn -0.1308 0.5940 0.7937
vn 0.1285 0.4692 0.8737
vn 0.6025 0.3776 0.7031
vn 0.6025 -0.3776 -0.7031
vn 0.1285 -0.4692 -0.8737
vn -0.1285 -0.4692 -0.8737
vn -0.6025 -0.3776 -0.7031
vn -0.6025 0.3776 0.7031
vn -0.1285 0.4692 0.8737
vn 0.1265 0.3384 0.9324
vn 0.5966 0.2738 0.7544
vn 0.5966 -0.2738 -0.7544
vn 0.1265 -0.3384 -0.9324
vn -0.1265 -0.3384 -0.9324
vn -0.5966 -0.2738 -0.7544
vn -0.5966 0.2738 0.7544
vn -0.1265 0.3384 0.9324
vn 0.1252 0.2043 0.9709
vn 0.5924 0.1659 0.7884
vn 0.5924 -0.1659 -0.7884
vn 0.1252 -0.2043 -0.9709
vn -0.1252 -0.2043 -0.9709
vn -0.5924 -0.1659 -0.7884
vn -0.5924 0.1659 0.7884
vn -0.1252 0.2043 0.9709
vn 0.1245 0.0683 0.9899
vn 0.5902 0.0555 0.8053
vn 0.5902 -0.0555 -0.8053
vn 0.1245 -0.0683 -0.9899
vn -0.1245 -0.0683 -0.9899
vn -0.5902 -0.0555 -0.8053
vn -0.5902 0.0555 0.8053
vn -0.1245 0.0683 0.9899
vn 0.0947 0.9613 -0.2588
vn 0.0693 0.7037 -0.7071
vn 0.0254 0.2576 -0.9659
vn 0.0947 0.9613 0.2588
vn 0.0693 0.7037 0.7071
vn 0.0254 0.2576 0.9659
vn 0.2804 0.9243 -0.2588
vn 0.2053 0.6767 -0.7071
vn 0.0751 0.2477 -0.9659
vn 0.2804 0.9243 0.2588
vn 0.2053 0.6767 0.7071
vn 0.0751 0.2477 0.9659
vn 0.4553 0.8519 -0.2588
vn 0.3333 0.6236 -0.7071
vn 0.1220 0.2283 -0.9659
vn 0.4553 0.8519 0.2588
vn 0.3333 0.6236 0.7071
vn 0.1220 0.2283 0.9659
vn 0.6128 0.7467 -0.2588
vn 0.4486 0.5466 -0.7071
vn 0.1642 0.2001 -0.9659
vn 0.6128 0.7467 0.2588
vn 0.4486 0.5466 0.7071
vn 0.1642 0.2001 0.9659
vn 0.7467 0.6128 -0.2588
vn 0.5466 0.4486 -0.7071
vn 0.2001 0.1642 -0.9659
vn 0.7467 0.6128 0.2588
vn 0.5466 0.4486 0.7071
vn 0.2001 0.1642 0.9659
vn 0.8519 0.4553 -0.2588
vn 0.6236 0.3333 -0.7071
vn 0.2283 0.1220 -0.9659
vn 0.8519 0.4553 0.2588
vn 0.6236 0.3333 0.7071
vn 0.2283 0.1220 0.9659
vn 0.9243 0.2804 -0.2588
vn 0.6767 0.2053 -0.7071
vn 0.2477 0.0751 -0.9659
vn 0.9243 0.2804 0.2588
vn 0.6767 0.2053 0.7071
vn 0.2477 0.0751 0.9659
vn 0.9613 0.0947 -0.2588
vn 0.7037 0.0693 -0.7071
vn 0.2576 0.0254 -0.9659
vn 0.9613 0.0947 0.2588
vn 0.7037 0.0693 0.7071
vn 0.2576 0.0254 0.9659
vn 0.9613 -0.0947 -0.2588
vn 0.7037 -0.0693 -0.7071
vn 0.2576 -0.0254 -0.9659
vn 0.9613 -0.0947 0.2588
vn 0.7037 -0.0693 0.7071
vn 0.2576 -0.0254 0.9659
vn 0.9243 -0.2804 -0.2588
vn 0.6767 -0.2053 -0.7071
vn 0.2477 -0.0751 -0.9659
vn 0.9243 -0.2804 0.2588
vn 0.6767 -0.2053 0.7071
vn 0.2477 -0.0751 0.9659
vn 0.8519 -0.4553 -0.2588
vn 0.6236 -0.3333 -0.7071
vn 0.2283 -0.1220 -0.9659
vn 0.8519 -0.4553 0.2588
vn 0.6236 -0.3333 0.7071
vn 0.2283 -0.1220 0.9659
vn 0.7467 -0.6128 -0.2588
vn 0.5466 -0.4486 -0.7071
vn 0.2001 -0.1642 -0.9659
vn 0.7467 -0.6128 0.2588
vn 0.5466 -0.4486 0.7071
vn 0.2001 -0.1642 0.9659
vn 0.6128 -0.7467 -0.2588
vn 0.4486 -0.5466 -0.7071
vn 0.1642 -0.2001 -0.9659
vn 0.6128 -0.7467 0.2588
vn 0.4486 -0.5466 0.7071
vn 0.1642 -0.2001 0.9659
vn 0.4553 -0.8519 -0.2588
vn 0.3333 -0.6236 -0.7071
vn 0.1220 -0.2283 -0.9659
vn 0.4553 -0.8519 0.2588
vn 0.3333 -0.6236 0.7071
vn 0.1220 -0.2283 0.9659
vn 0.2804 -0.9243 -0.2588
vn 0.2053 -0.6767 -0.7071
vn 0.0751 -0.2477 -0.9659
vn 0.2804 -0.9243 0.2588
vn 0.2053 -0.6767 0.7071
vn 0.0751 -0.2477 0.9659
vn 0.0947 -0.9613 -0.2588
vn 0.0693 -0.7037 -0.7071
vn 0.0254 -0.2576 -0.9659
vn 0.0947 -0.9613 0.2588
vn 0.0693 -0.7037 0.7071
vn 0.0254 -0.2576 0.9659
vn -0.0947 -0.9613 -0.2588
vn -0.0693 -0.7037 -0.7071
vn -0.0254 -0.2576 -0.9659
vn -0.0947 -0.9613 0.2588
vn -0.0693 -0.7037 0.7071
vn -0.0254 -0.2576 0.9659
vn -0.2804 -0.9243 -0.2588
vn -0.2053 -0.6767 -0.7071
vn -0.0751 -0.2477 -0.9659
vn -0.2804 -0.9243 0.2588
vn -0.2053 -0.6767 0.7071
vn -0.0751 -0.2477 0.9659
vn -0.4553 -0.8519 -0.2588
vn -0.3333 -0.6236 -0.7071
vn -0.1220 -0.2283 -0.9659
vn -0.4553 -0.8519 0.2588
vn -0.3333 -0.6236 0.7071
vn -0.1220 -0.2283 0.9659
vn -0.6128 -0.7467 -0.2588
vn -0.4486 -0.5466 -0.7071
vn -0.1642 -0.2001 -0.9659
vn -0.6128 -0.7467 0.2588
vn -0.4486 -0.5466 0.7071
vn -0.1642 -0.2001 0.9659
vn -0.7467 -0.6128 -0.2588
vn -0.5466 -0.4486 -0.7071
vn -0.2001 -0.1642 -0.9659
vn -0.7467 -0.6128 0.2588
vn -0.5466 -0.4486 0.7071
vn -0.2001 -0.1642 0.9659
vn -0.8519 -0.4553 -0.2588
vn -0.6236 -0.3333 -0.7071
vn -0.2283 -0.1220 -0.9659
vn -0.8519 -0.4553 0.2588
vn -0.6236 -0.3333 0.7071
vn -0.2283 -0.1220 0.9659
vn -0.9243 -0.2804 -0.2588
vn -0.6767 -0.2053 -0.7071
vn -0.2477 -0.0751 -0.9659
vn -0.9243 -0.2804 0.2588
vn -0.6767 -0.2053 0.7071
vn -0.2477 -0.0751 0.9659
vn -0.9613 -0.0947 -0.2588
vn -0.7037 -0.0693 -0.7071
vn -0.2576 -0.0254 -0.9659
vn -0.9613 -0.0947 0.2588
vn -0.7037 -0.0693 0.7071
vn -0.2576 -0.0254 0.9659
vn -0.9613 0.0947 -0.2588
vn -0.7037 0.0693 -0.7071
vn -0.2576 0.0254 -0.9659
vn -0.9613 0.0947 0.2588
vn -0.7037 0.0693 0.7071
vn -0.2576 0.0254 0.9659
vn -0.9243 0.2804 -0.2588
vn -0.6767 0.2053 -0.7071
vn -0.2477 0.0751 -0.9659
vn -0.9243 0.2804 0.2588
vn -0.6767 0.2053 0.7071
vn -0.2477 0.0751 0.9659
vn -0.8519 0.4553 -0.2588
vn -0.6236 0.3333 -0.7071
vn -0.2283 0.1220 -0.9659
vn -0.8519 0.4553 0.2588
vn -0.6236 0.3333 0.7071
vn -0.2283 0.1220 0.9659
vn -0.7467 0.6128 -0.2588
vn -0.5466 0.4486 -0.7071
vn -0.2001 0.1642 -0.9659
vn -0.7467 0.6128 0.2588
vn -0.5466 0.4486 0.7071
vn -0.2001 0.1642 0.9659
vn -0.6128 0.7467 -0.2588
vn -0.4486 0.5466 -0.7071
vn -0.1642 0.2001 -0.9659
vn -0.6128 0.7467 0.2588
vn -0.4486 0.5466 0.7071
vn -0.1642 0.2001 0.9659
vn -0.4553 0.8519 -0.2588
vn -0.3333 0.6236 -0.7071
vn -0.1220 0.2283 -0.9659
vn -0.4553 0.8519 0.2588
vn -0.3333 0.6236 0.7071
vn -0.1220 0.2283 0.9659
vn -0.2804 0.9243 -0.2588
vn -0.2053 0.6767 -0.7071
vn -0.0751 0.2477 -0.9659
vn -0.2804 0.9243 0.2588
vn -0.2053 0.6767 0.7071
vn -0.0751 0.2477 0.9659
vn -0.0947 0.9613 -0.2588
vn -0.0693 0.7037 -0.7071
vn -0.0254 0.2576 -0.9659
vn -0.0947 0.9613 0.2588
vn -0.0693 0.7037 0.7071
vn -0.0254 0.2576 0.9659
vn -0.0000 -0.0000 -1.0000
vn 0.0980 0.9952 -0.0000
vn -0.0980 0.9952 -0.0000
vn -0.0000 -0.0000 1.0000
vn 0.2903 0.9569 -0.0000
vn 0.4714 0.8819 -0.0000
vn 0.6344 0.7730 -0.0000
vn 0.7730 0.6344 -0.0000
vn 0.8819 0.4714 -0.0000
vn 0.9569 0.2903 -0.0000
vn 0.9952 0.0980 -0.0000
vn 0.9952 -0.0980 -0.0000
vn 0.9569 -0.2903 -0.0000
vn 0.8819 -0.4714 -0.0000
vn 0.7730 -0.6344 -0.0000
vn 0.6344 -0.7730 -0.0000
vn 0.4714 -0.8819 -0.0000
vn 0.2903 -0.9569 -0.0000
vn 0.0980 -0.9952 -0.0000
vn -0.0980 -0.9952 -0.0000
vn -0.2903 -0.9569 -0.0000
vn -0.4714 -0.8819 -0.0000
vn -0.6344 -0.7730 -0.0000
vn -0.7730 -0.6344 -0.0000
vn -0.8819 -0.4714 -0.0000
vn -0.9569 -0.2903 -0.0000
vn -0.9952 -0.0980 -0.0000
vn -0.9952 0.0980 -0.0000
vn -0.9569 0.2903 -0.0000
vn -0.8819 0.4714 -0.0000
vn -0.7730 0.6344 -0.0000
vn -0.6344 0.7730 -0.0000
vn -0.4714 0.8819 -0.0000
vn -0.2903 0.9569 -0.0000
vn 0.0729 0.7398 0.6689
vn 0.0143 0.1454 0.9893
vn 0.0143 0.1454 -0.9893
vn 0.0729 0.7398 -0.6689
vn 0.0308 0.3126 0.9494
vn 0.0043 0.0437 0.9990
vn 0.0043 0.0437 -0.9990
vn 0.0308 0.3126 -0.9494
vn 0.0424 0.1398 -0.9893
vn 0.2158 0.7114 -0.6689
vn 0.0912 0.3006 0.9494
vn 0.0128 0.0420 0.9990
vn 0.0128 0.0420 -0.9990
vn 0.0912 0.3006 -0.9494
vn 0.2158 0.7114 0.6689
vn 0.0424 0.1398 0.9893
vn 0.0207 0.0387 0.9990
vn 0.0207 0.0387 -0.9990
vn 0.1481 0.2770 -0.9494
vn 0.3504 0.6556 0.6689
vn 0.0689 0.1289 0.9893
vn 0.0689 0.1289 -0.9893
vn 0.3504 0.6556 -0.6689
vn 0.1481 0.2770 0.9494
vn 0.1993 0.2428 -0.9494
vn 0.4716 0.5746 0.6689
vn 0.0927 0.1130 0.9893
vn 0.0927 0.1130 -0.9893
vn 0.4716 0.5746 -0.6689
vn 0.1993 0.2428 0.9494
vn 0.0279 0.0340 0.9990
vn 0.0279 0.0340 -0.9990
vn 0.1130 0.0927 -0.9893
vn 0.5746 0.4716 -0.6689
vn 0.2428 0.1993 0.9494
vn 0.0340 0.0279 0.9990
vn 0.0340 0.0279 -0.9990
vn 0.2428 0.1993 -0.9494
vn 0.5746 0.4716 0.6689
vn 0.1130 0.0927 0.9893
vn 0.6556 0.3504 -0.6689
vn 0.2770 0.1481 0.9494
vn 0.0387 0.0207 0.9990
vn 0.0387 0.0207 -0.9990
vn 0.2770 0.1481 -0.9494
vn 0.6556 0.3504 0.6689
vn 0.1289 0.0689 0.9893
vn 0.1289 0.0689 -0.9893
vn 0.0420 0.0128 -0.9990
vn 0.3006 0.0912 -0.9494
vn 0.7114 0.2158 0.6689
vn 0.1398 0.0424 0.9893
vn 0.1398 0.0424 -0.9893
vn 0.7114 0.2158 -0.6689
vn 0.3006 0.0912 0.9494
vn 0.0420 0.0128 0.9990
vn 0.7398 0.0729 0.6689
vn 0.1454 0.0143 0.9893
vn 0.1454 0.0143 -0.9893
vn 0.7398 0.0729 -0.6689
vn 0.3126 0.0308 0.9494
vn 0.0437 0.0043 0.9990
vn 0.0437 0.0043 -0.9990
vn 0.3126 0.0308 -0.9494
vn 0.1454 -0.0143 -0.9893
vn 0.7398 -0.0729 -0.6689
vn 0.3126 -0.0308 0.9494
vn 0.0437 -0.0043 0.9990
vn 0.0437 -0.0043 -0.9990
vn 0.3126 -0.0308 -0.9494
vn 0.7398 -0.0729 0.6689
vn 0.1454 -0.0143 0.9893
vn 0.3006 -0.0912 0.9494
vn 0.0420 -0.0128 0.9990
vn 0.0420 -0.0128 -0.9990
vn 0.3006 -0.0912 -0.9494
vn 0.7114 -0.2158 0.6689
vn 0.1398 -0.0424 0.9893
vn 0.1398 -0.0424 -0.9893
vn 0.7114 -0.2158 -0.6689
vn 0.0387 -0.0207 -0.9990
vn 0.2770 -0.1481 -0.9494
vn 0.6556 -0.3504 0.6689
vn 0.1289 -0.0689 0.9893
vn 0.1289 -0.0689 -0.9893
vn 0.6556 -0.3504 -0.6689
vn 0.2770 -0.1481 0.9494
vn 0.0387 -0.0207 0.9990
vn 0.1130 -0.0927 0.9893
vn 0.1130 -0.0927 -0.9893
vn 0.5746 -0.4716 -0.6689
vn 0.2428 -0.1993 0.9494
vn 0.0340 -0.0279 0.9990
vn 0.0340 -0.0279 -0.9990
vn 0.2428 -0.1993 -0.9494
vn 0.5746 -0.4716 0.6689
vn 0.0927 -0.1130 -0.9893
vn 0.4716 -0.5746 -0.6689
vn 0.1993 -0.2428 0.9494
vn 0.0279 -0.0340 0.9990
vn 0.0279 -0.0340 -0.9990
vn 0.1993 -0.2428 -0.9494
vn 0.4716 -0.5746 0.6689
vn 0.0927 -0.1130 0.9893
vn 0.0207 -0.0387 0.9990
vn 0.0207 -0.0387 -0.9990
vn 0.1481 -0.2770 -0.9494
vn 0.3504 -0.6556 0.6689
vn 0.0689 -0.1289 0.9893
vn 0.0689 -0.1289 -0.9893
vn 0.3504 -0.6556 -0.6689
vn 0.1481 -0.2770 0.9494
vn 0.0912 -0.3006 -0.9494
vn 0.2158 -0.7114 0.6689
vn 0.0424 -0.1398 0.9893
vn 0.0424 -0.1398 -0.9893
vn 0.2158 -0.7114 -0.6689
vn 0.0912 -0.3006 0.9494
vn 0.0128 -0.0420 0.9990
vn 0.0128 -0.0420 -0.9990
vn 0.0143 -0.1454 -0.9893
vn 0.0729 -0.7398 -0.6689
vn 0.0308 -0.3126 0.9494
vn 0.0043 -0.0437 0.9990
vn 0.0043 -0.0437 -0.9990
vn 0.0308 -0.3126 -0.9494
vn 0.0729 -0.7398 0.6689
vn 0.0143 -0.1454 0.9893
vn -0.0729 -0.7398 -0.6689
vn -0.0308 -0.3126 0.9494
vn -0.0043 -0.0437 0.9990
vn -0.0043 -0.0437 -0.9990
vn -0.0308 -0.3126 -0.9494
vn -0.0729 -0.7398 0.6689
vn -0.0143 -0.1454 0.9893
vn -0.0143 -0.1454 -0.9893
vn -0.0128 -0.0420 -0.9990
vn -0.0912 -0.3006 -0.9494
vn -0.2158 -0.7114 0.6689
vn -0.0424 -0.1398 0.9893
vn -0.0424 -0.1398 -0.9893
vn -0.2158 -0.7114 -0.6689
vn -0.0912 -0.3006 0.9494
vn -0.0128 -0.0420 0.9990
vn -0.3504 -0.6556 0.6689
vn -0.0689 -0.1289 0.9893
vn -0.0689 -0.1289 -0.9893
vn -0.3504 -0.6556 -0.6689
vn -0.1481 -0.2770 0.9494
vn -0.0207 -0.0387 0.9990
vn -0.0207 -0.0387 -0.9990
vn -0.1481 -0.2770 -0.9494
vn -0.0927 -0.1130 -0.9893
vn -0.4716 -0.5746 -0.6689
vn -0.1993 -0.2428 0.9494
vn -0.0279 -0.0340 0.9990
vn -0.0279 -0.0340 -0.9990
vn -0.1993 -0.2428 -0.9494
vn -0.4716 -0.5746 0.6689
vn -0.0927 -0.1130 0.9893
vn -0.2428 -0.1993 0.9494
vn -0.0340 -0.0279 0.9990
vn -0.0340 -0.0279 -0.9990
vn -0.2428 -0.1993 -0.9494
vn -0.5746 -0.4716 0.6689
vn -0.1130 -0.0927 0.9893
vn -0.1130 -0.0927 -0.9893
vn -0.5746 -0.4716 -0.6689
vn -0.0387 -0.0207 -0.9990
vn -0.2770 -0.1481 -0.9494
vn -0.6556 -0.3504 0.6689
vn -0.1289 -0.0689 0.9893
vn -0.1289 -0.0689 -0.9893
vn -0.6556 -0.3504 -0.6689
vn -0.2770 -0.1481 0.9494
vn -0.0387 -0.0207 0.9990
vn -0.1398 -0.0424 0.9893
vn -0.1398 -0.0424 -0.9893
vn -0.7114 -0.2158 -0.6689
vn -0.3006 -0.0912 0.9494
vn -0.0420 -0.0128 0.9990
vn -0.0420 -0.0128 -0.9990
vn -0.3006 -0.0912 -0.9494
vn -0.7114 -0.2158 0.6689
vn -0.1454 -0.0143 -0.9893
vn -0.7398 -0.0729 -0.6689
vn -0.3126 -0.0308 0.9494
vn -0.0437 -0.0043 0.9990
vn -0.0437 -0.0043 -0.9990
vn -0.3126 -0.0308 -0.9494
vn -0.7398 -0.0729 0.6689
vn -0.1454 -0.0143 0.9893
vn -0.0437 0.0043 0.9990
vn -0.0437 0.0043 -0.9990
vn -0.3126 0.0308 -0.9494
vn -0.7398 0.0729 0.6689
vn -0.1454 0.0143 0.9893
vn -0.1454 0.0143 -0.9893
vn -0.7398 0.0729 -0.6689
vn -0.3126 0.0308 0.9494
vn -0.3006 0.0912 -0.9494
vn -0.7114 0.2158 0.6689
vn -0.1398 0.0424 0.9893
vn -0.1398 0.0424 -0.9893
vn -0.7114 0.2158 -0.6689
vn -0.3006 0.0912 0.9494
vn -0.0420 0.0128 0.9990
vn -0.0420 0.0128 -0.9990
vn -0.1289 0.0689 -0.9893
vn -0.6556 0.3504 -0.6689
vn -0.2770 0.1481 0.9494
vn -0.0387 0.0207 0.9990
vn -0.0387 0.0207 -0.9990
vn -0.2770 0.1481 -0.9494
vn -0.6556 0.3504 0.6689
vn -0.1289 0.0689 0.9893
vn -0.5746 0.4716 -0.6689
vn -0.2428 0.1993 0.9494
vn -0.0340 0.0279 0.9990
vn -0.0340 0.0279 -0.9990
vn -0.2428 0.1993 -0.9494
vn -0.5746 0.4716 0.6689
vn -0.1130 0.0927 0.9893
vn -0.1130 0.0927 -0.9893
vn -0.0279 0.0340 -0.9990
vn -0.1993 0.2428 -0.9494
vn -0.4716 0.5746 0.6689
vn -0.0927 0.1130 0.9893
vn -0.0927 0.1130 -0.9893
vn -0.4716 0.5746 -0.6689
vn -0.1993 0.2428 0.9494
vn -0.0279 0.0340 0.9990
vn -0.3504 0.6556 0.6689
vn -0.0689 0.1289 0.9893
vn -0.0689 0.1289 -0.9893
vn -0.3504 0.6556 -0.6689
vn -0.1481 0.2770 0.9494
vn -0.0207 0.0387 0.9990
vn -0.0207 0.0387 -0.9990
vn -0.1481 0.2770 -0.9494
vn -0.0424 0.1398 -0.9893
vn -0.2158 0.7114 -0.6689
vn -0.0912 0.3006 0.9494
vn -0.0128 0.0420 0.9990
vn -0.0128 0.0420 -0.9990
vn -0.0912 0.3006 -0.9494
vn -0.2158 0.7114 0.6689
vn -0.0424 0.1398 0.9893
vn -0.0308 0.3126 0.9494
vn -0.0043 0.0437 0.9990
vn -0.0043 0.0437 -0.9990
vn -0.0308 0.3126 -0.9494
vn -0.0729 0.7398 0.6689
vn -0.0143 0.1454 0.9893
vn -0.0143 0.1454 -0.9893
vn -0.0729 0.7398 -0.6689
vn 0.2588 -0.0000 0.9659
vn 0.7071 -0.0000 0.7071
vn 0.9659 -0.0000 0.2588
vn 0.9659 -0.0000 -0.2588
vn 0.7071 -0.0000 -0.7071
vn 0.2588 -0.0000 -0.9659
vn -0.2588 -0.0000 -0.9659
vn -0.7071 -0.0000 -0.7071
vn -0.9659 -0.0000 -0.2588
vn -0.9659 -0.0000 0.2588
vn -0.0000 -1.0000 -0.0000
vn -0.7071 -0.0000 0.7071
vn -0.2588 -0.0000 0.9659
vn -0.0000 1.0000 -0.0000
vt 0.203485 0.475157
vt 0.203485 0.518694
vt 0.156147 0.517631
vt 0.156147 0.475157
vt 0.136539 0.515065
vt 0.136539 0.475157
vt 0.828484 0.458758
vt 0.828484 0.498666
vt 0.808876 0.496101
vt 0.808876 0.458758
vt 0.761538 0.495038
vt 0.761538 0.458758
vt 0.714200 0.496101
vt 0.714200 0.458758
vt 0.694592 0.498666
vt 0.694592 0.458758
vt 0.270431 0.475157
vt 0.270431 0.515065
vt 0.250823 0.517631
vt 0.250823 0.475157
vt 0.203485 0.561158
vt 0.156147 0.559059
vt 0.136539 0.553991
vt 0.828484 0.537592
vt 0.808876 0.532524
vt 0.761538 0.530425
vt 0.714200 0.532524
vt 0.694592 0.537592
vt 0.270431 0.553991
vt 0.250823 0.559059
vt 0.203485 0.601505
vt 0.156147 0.598421
vt 0.136539 0.590976
vt 0.828484 0.574576
vt 0.808876 0.567131
vt 0.761538 0.564047
vt 0.714200 0.567131
vt 0.694592 0.574576
vt 0.270431 0.590976
vt 0.250823 0.598421
vt 0.203485 0.638740
vt 0.156147 0.634747
vt 0.136539 0.625108
vt 0.828484 0.608709
vt 0.808876 0.599070
vt 0.761538 0.595077
vt 0.714200 0.599070
vt 0.694592 0.608709
vt 0.270431 0.625108
vt 0.250823 0.634747
vt 0.203485 0.671948
vt 0.156147 0.667145
vt 0.136539 0.655549
vt 0.496482 0.697743
vt 0.487609 0.660864
vt 0.504292 0.661465
vt 0.512594 0.695973
vt 0.808876 0.627553
vt 0.761538 0.622750
vt 0.714200 0.627553
vt 0.694592 0.639149
vt 0.734540 0.764351
vt 0.740427 0.726879
vt 0.757007 0.724943
vt 0.750742 0.764823
vt 0.250823 0.667145
vt 0.902203 0.976083
vt 0.903241 0.946984
vt 0.950346 0.943485
vt 0.949333 0.971874
vt 0.473535 0.662418
vt 0.470361 0.622975
vt 0.484627 0.623803
vt 0.501501 0.626786
vt 0.569289 0.985871
vt 0.570180 0.960911
vt 0.617285 0.957413
vt 0.616420 0.981662
vt 0.664793 0.960911
vt 0.663902 0.985871
vt 0.684873 0.969358
vt 0.683921 0.996033
vt 0.740427 0.689698
vt 0.757007 0.685372
vt 0.854721 0.971874
vt 0.855734 0.943485
vt 0.904077 0.914354
vt 0.951161 0.911652
vt 0.970221 0.905128
vt 0.969455 0.935038
vt 0.487609 0.587472
vt 0.504292 0.592790
vt 0.570897 0.932924
vt 0.617981 0.930222
vt 0.665509 0.932924
vt 0.685639 0.939448
vt 0.734540 0.653723
vt 0.750742 0.647084
vt 0.856549 0.911652
vt 0.904689 0.878999
vt 0.951758 0.877160
vt 0.970782 0.872719
vt 0.496482 0.552765
vt 0.512594 0.560314
vt 0.571422 0.902598
vt 0.618491 0.900759
vt 0.666034 0.902598
vt 0.686200 0.907039
vt 0.836419 0.905128
vt 0.836980 0.872719
vt 0.857146 0.877160
vt 0.905062 0.841788
vt 0.952123 0.840857
vt 0.971124 0.838609
vt 0.552398 0.907039
vt 0.552740 0.872929
vt 0.571742 0.870681
vt 0.618802 0.869750
vt 0.666354 0.870681
vt 0.686542 0.872929
vt 0.837322 0.838609
vt 0.857510 0.840857
vt 0.905187 0.803638
vt 0.952245 0.803638
vt 0.971239 0.803638
vt 0.552855 0.837958
vt 0.571849 0.837958
vt 0.618907 0.837958
vt 0.666462 0.837958
vt 0.686657 0.837958
vt 0.837437 0.803638
vt 0.857633 0.803638
vt 0.905062 0.765487
vt 0.952123 0.766418
vt 0.971124 0.768666
vt 0.552740 0.802986
vt 0.571742 0.805234
vt 0.618802 0.806166
vt 0.666354 0.805234
vt 0.686542 0.802986
vt 0.837322 0.768666
vt 0.857510 0.766418
vt 0.904689 0.728276
vt 0.951758 0.730116
vt 0.970782 0.734556
vt 0.552398 0.768876
vt 0.571422 0.773317
vt 0.618491 0.775156
vt 0.666034 0.773317
vt 0.686200 0.768876
vt 0.836980 0.734556
vt 0.857146 0.730116
vt 0.904077 0.692921
vt 0.951161 0.695623
vt 0.970221 0.702147
vt 0.446314 0.697743
vt 0.437441 0.663036
vt 0.454124 0.657718
vt 0.462426 0.690194
vt 0.570897 0.742991
vt 0.617981 0.745694
vt 0.665509 0.742991
vt 0.685639 0.736467
vt 0.836419 0.702147
vt 0.856549 0.695623
vt 0.903241 0.660292
vt 0.950346 0.663790
vt 0.969456 0.672237
vt 0.434459 0.626705
vt 0.451333 0.623722
vt 0.570180 0.715004
vt 0.617285 0.718503
vt 0.664793 0.715004
vt 0.684873 0.706557
vt 0.520529 0.663865
vt 0.526415 0.627890
vt 0.542996 0.632216
vt 0.536731 0.670504
vt 0.855734 0.663790
vt 0.902203 0.631192
vt 0.949333 0.635401
vt 0.420193 0.627533
vt 0.423367 0.588090
vt 0.437441 0.589644
vt 0.454124 0.589044
vt 0.569289 0.690044
vt 0.616420 0.694253
vt 0.663902 0.690044
vt 0.683921 0.679883
vt 0.526415 0.590709
vt 0.542996 0.592645
vt 0.854721 0.635401
vt 0.619711 0.671948
vt 0.619711 0.638740
vt 0.667049 0.634747
vt 0.667049 0.667144
vt 0.686657 0.625108
vt 0.686657 0.655548
vt 0.446314 0.552765
vt 0.462426 0.554536
vt 0.297974 0.901952
vt 0.297974 0.873468
vt 0.345312 0.869476
vt 0.345312 0.897149
vt 0.392650 0.873468
vt 0.392650 0.901952
vt 0.412258 0.883108
vt 0.412258 0.913548
vt 0.520529 0.553238
vt 0.536731 0.552765
vt 0.572373 0.667144
vt 0.572373 0.634747
vt 0.619711 0.601504
vt 0.667049 0.598421
vt 0.686657 0.590975
vt 0.278366 0.883108
vt 0.278366 0.848975
vt 0.297974 0.841530
vt 0.345312 0.838446
vt 0.392650 0.841530
vt 0.412258 0.848975
vt 0.552765 0.625108
vt 0.552765 0.590975
vt 0.572373 0.598421
vt 0.619711 0.561158
vt 0.667049 0.559059
vt 0.686657 0.553991
vt 0.278366 0.811990
vt 0.297974 0.806923
vt 0.345312 0.804824
vt 0.392650 0.806923
vt 0.412258 0.811990
vt 0.552765 0.553991
vt 0.572373 0.559059
vt 0.619711 0.518693
vt 0.667049 0.517631
vt 0.686657 0.515065
vt 0.278366 0.773065
vt 0.297974 0.770499
vt 0.345312 0.769437
vt 0.392650 0.770499
vt 0.412258 0.773065
vt 0.552765 0.515065
vt 0.572373 0.517631
vt 0.619711 0.475157
vt 0.667049 0.475157
vt 0.686657 0.475157
vt 0.278366 0.733157
vt 0.297974 0.733157
vt 0.345312 0.733157
vt 0.392650 0.733157
vt 0.412258 0.733157
vt 0.552765 0.475157
vt 0.572373 0.475157
vt 0.619711 0.431621
vt 0.667049 0.432683
vt 0.686657 0.435249
vt 0.278366 0.693248
vt 0.297974 0.695814
vt 0.345312 0.696876
vt 0.392650 0.695814
vt 0.412258 0.693248
vt 0.552765 0.435249
vt 0.572373 0.432683
vt 0.619711 0.389156
vt 0.667049 0.391255
vt 0.686657 0.396323
vt 0.278366 0.654323
vt 0.297974 0.659390
vt 0.345312 0.661489
vt 0.392650 0.659390
vt 0.412258 0.654323
vt 0.552765 0.396323
vt 0.572373 0.391255
vt 0.619711 0.348810
vt 0.667049 0.351893
vt 0.686657 0.359339
vt 0.278366 0.617338
vt 0.297974 0.624783
vt 0.345312 0.627867
vt 0.392650 0.624783
vt 0.412258 0.617338
vt 0.552765 0.359339
vt 0.572373 0.351893
vt 0.619711 0.311574
vt 0.667049 0.315567
vt 0.686657 0.325206
vt 0.278366 0.583206
vt 0.297974 0.592845
vt 0.345312 0.596837
vt 0.392650 0.592845
vt 0.412258 0.583206
vt 0.552765 0.325206
vt 0.572373 0.315567
vt 0.619711 0.278366
vt 0.667049 0.283170
vt 0.759271 0.070746
vt 0.766789 0.110409
vt 0.750155 0.108996
vt 0.743092 0.071729
vt 0.278366 0.552765
vt 0.297974 0.564361
vt 0.345312 0.569164
vt 0.392650 0.564361
vt 0.787030 0.647557
vt 0.781522 0.682619
vt 0.764942 0.684556
vt 0.770828 0.647084
vt 0.552765 0.294766
vt 0.572373 0.283170
vt 0.905456 0.278366
vt 0.904417 0.307466
vt 0.857312 0.310965
vt 0.858325 0.282575
vt 0.768035 0.149961
vt 0.751327 0.146159
vt 0.737118 0.144636
vt 0.736022 0.109862
vt 0.252213 0.679883
vt 0.251322 0.704843
vt 0.204217 0.708341
vt 0.205083 0.684092
vt 0.156710 0.704843
vt 0.157600 0.679883
vt 0.781522 0.717410
vt 0.764942 0.721737
vt 0.972957 0.292737
vt 0.972005 0.319411
vt 0.951925 0.310965
vt 0.952938 0.282575
vt 0.903582 0.340095
vt 0.856497 0.342797
vt 0.762980 0.188427
vt 0.746576 0.182302
vt 0.270431 0.696396
vt 0.269666 0.726306
vt 0.250606 0.732830
vt 0.203521 0.735532
vt 0.155993 0.732830
vt 0.787030 0.751073
vt 0.770828 0.757712
vt 0.971239 0.349321
vt 0.951109 0.342797
vt 0.902970 0.375450
vt 0.855900 0.377290
vt 0.751746 0.224860
vt 0.736022 0.216535
vt 0.269105 0.758715
vt 0.250081 0.763156
vt 0.203011 0.764995
vt 0.155468 0.763156
vt 0.135302 0.758715
vt 0.135863 0.726306
vt 0.970678 0.381730
vt 0.950513 0.377290
vt 0.902596 0.412661
vt 0.855536 0.413593
vt 0.836534 0.415841
vt 0.836876 0.381730
vt 0.268762 0.792825
vt 0.249761 0.795073
vt 0.202700 0.796004
vt 0.155148 0.795073
vt 0.134960 0.792825
vt 0.970336 0.415841
vt 0.950148 0.413593
vt 0.902471 0.450812
vt 0.855413 0.450812
vt 0.836419 0.450812
vt 0.268647 0.827796
vt 0.249653 0.827796
vt 0.202595 0.827796
vt 0.155041 0.827796
vt 0.134845 0.827796
vt 0.970221 0.450812
vt 0.950026 0.450812
vt 0.902596 0.488962
vt 0.855536 0.488031
vt 0.836534 0.485783
vt 0.268762 0.862768
vt 0.249761 0.860520
vt 0.202700 0.859588
vt 0.155148 0.860520
vt 0.134960 0.862768
vt 0.970336 0.485783
vt 0.950148 0.488031
vt 0.902970 0.526173
vt 0.855900 0.524334
vt 0.836876 0.519893
vt 0.269105 0.896878
vt 0.250081 0.892437
vt 0.203011 0.890598
vt 0.155468 0.892437
vt 0.135302 0.896878
vt 0.970678 0.519893
vt 0.950513 0.524334
vt 0.903582 0.561529
vt 0.856497 0.558826
vt 0.710317 0.647084
vt 0.721550 0.683518
vt 0.705147 0.689643
vt 0.694592 0.655410
vt 0.269666 0.929287
vt 0.250606 0.922763
vt 0.203521 0.920060
vt 0.155993 0.922763
vt 0.135863 0.929287
vt 0.971239 0.552302
vt 0.951109 0.558826
vt 0.904417 0.594158
vt 0.857312 0.590659
vt 0.726605 0.721984
vt 0.709897 0.725785
vt 0.270431 0.959197
vt 0.251322 0.950750
vt 0.204217 0.947251
vt 0.156710 0.950750
vt 0.098889 0.683245
vt 0.093381 0.716907
vt 0.076801 0.712581
vt 0.082687 0.676606
vt 0.972005 0.582212
vt 0.951925 0.590659
vt 0.905456 0.623257
vt 0.858325 0.619048
vt 0.725359 0.761535
vt 0.708726 0.762948
vt 0.694592 0.762082
vt 0.695688 0.727309
vt 0.252213 0.975710
vt 0.205083 0.971501
vt 0.157600 0.975710
vt 0.093381 0.751698
vt 0.076801 0.749762
vt 0.972957 0.608887
vt 0.952938 0.619048
vt 0.203485 0.278366
vt 0.203485 0.311574
vt 0.156147 0.315567
vt 0.156147 0.283170
vt 0.717841 0.801198
vt 0.701662 0.800215
vt 0.828484 0.278366
vt 0.828484 0.308807
vt 0.808876 0.318446
vt 0.808876 0.289962
vt 0.761538 0.322439
vt 0.761538 0.294766
vt 0.714200 0.318446
vt 0.714200 0.289962
vt 0.098889 0.786761
vt 0.082687 0.787233
vt 0.270431 0.294766
vt 0.270431 0.325206
vt 0.250823 0.315567
vt 0.250823 0.283170
vt 0.203485 0.348810
vt 0.156147 0.351893
vt 0.136539 0.359339
vt 0.136539 0.325206
vt 0.828484 0.342939
vt 0.808876 0.350384
vt 0.761538 0.353468
vt 0.714200 0.350384
vt 0.694592 0.342939
vt 0.694592 0.308807
vt 0.270431 0.359339
vt 0.250823 0.351893
vt 0.203485 0.389156
vt 0.156147 0.391255
vt 0.136539 0.396323
vt 0.828484 0.379924
vt 0.808876 0.384991
vt 0.761538 0.387091
vt 0.714200 0.384991
vt 0.694592 0.379924
vt 0.270431 0.396323
vt 0.250823 0.391255
vt 0.203485 0.431621
vt 0.156147 0.432683
vt 0.136539 0.435249
vt 0.828484 0.418849
vt 0.808876 0.421415
vt 0.761538 0.422478
vt 0.714200 0.421415
vt 0.694592 0.418849
vt 0.270431 0.435249
vt 0.250823 0.432683
vt 0.062889 0.372652
vt 0.062889 0.346333
vt 0.068866 0.346705
vt 0.068866 0.372711
vt 0.003968 0.150322
vt 0.003968 0.124077
vt 0.008343 0.124508
vt 0.008343 0.149891
vt 0.014321 0.125097
vt 0.014321 0.149302
vt 0.023040 0.346333
vt 0.023040 0.372652
vt 0.017063 0.372711
vt 0.017063 0.346705
vt 0.283486 0.450460
vt 0.278366 0.424720
vt 0.282742 0.424289
vt 0.287694 0.449184
vt 0.288719 0.423701
vt 0.293442 0.447441
vt 0.062889 0.321216
vt 0.068866 0.321886
vt 0.009088 0.098337
vt 0.013295 0.099613
vt 0.019043 0.101357
vt 0.023040 0.321216
vt 0.017063 0.321886
vt 0.293530 0.474707
vt 0.297407 0.472634
vt 0.302704 0.469803
vt 0.062889 0.298267
vt 0.068866 0.299209
vt 0.019131 0.074090
vt 0.023009 0.076163
vt 0.028306 0.078994
vt 0.023040 0.298267
vt 0.017063 0.299209
vt 0.308110 0.496529
vt 0.311509 0.493739
vt 0.316152 0.489929
vt 0.062889 0.278366
vt 0.068866 0.279545
vt 0.033711 0.052269
vt 0.037110 0.055058
vt 0.041753 0.058869
vt 0.023040 0.278366
vt 0.017063 0.279545
vt 0.326668 0.515086
vt 0.329457 0.511687
vt 0.333267 0.507044
vt 0.062889 0.668671
vt 0.062889 0.649670
vt 0.068866 0.648663
vt 0.068866 0.667439
vt 0.052269 0.033711
vt 0.055058 0.037110
vt 0.058869 0.041753
vt 0.023040 0.649670
vt 0.023040 0.668671
vt 0.017063 0.667439
vt 0.017063 0.648663
vt 0.348489 0.529667
vt 0.350562 0.525789
vt 0.353393 0.520492
vt 0.062889 0.627413
vt 0.068866 0.626671
vt 0.074090 0.019131
vt 0.076163 0.023009
vt 0.078994 0.028306
vt 0.023040 0.627413
vt 0.017063 0.626671
vt 0.372736 0.539710
vt 0.374012 0.535503
vt 0.375756 0.529755
vt 0.062889 0.602757
vt 0.068866 0.602308
vt 0.098337 0.009088
vt 0.099614 0.013295
vt 0.101357 0.019043
vt 0.023040 0.602757
vt 0.017063 0.602308
vt 0.398476 0.544830
vt 0.398907 0.540454
vt 0.399496 0.534477
vt 0.062889 0.576648
vt 0.068866 0.576509
vt 0.124077 0.003968
vt 0.124508 0.008343
vt 0.125097 0.014321
vt 0.023040 0.576648
vt 0.017063 0.576509
vt 0.424720 0.544830
vt 0.424289 0.540454
vt 0.423701 0.534477
vt 0.062889 0.550090
vt 0.068866 0.550266
vt 0.150322 0.003968
vt 0.149891 0.008343
vt 0.149302 0.014321
vt 0.023040 0.550090
vt 0.017063 0.550266
vt 0.450460 0.539710
vt 0.449184 0.535503
vt 0.447441 0.529755
vt 0.062889 0.524103
vt 0.068866 0.524588
vt 0.176062 0.009088
vt 0.174785 0.013295
vt 0.173042 0.019043
vt 0.023040 0.524103
vt 0.017063 0.524588
vt 0.474707 0.529667
vt 0.472634 0.525789
vt 0.469803 0.520492
vt 0.062889 0.499687
vt 0.068866 0.500462
vt 0.200308 0.019131
vt 0.198236 0.023009
vt 0.195404 0.028306
vt 0.023040 0.499687
vt 0.017063 0.500462
vt 0.496529 0.515086
vt 0.493739 0.511687
vt 0.489929 0.507045
vt 0.062889 0.477779
vt 0.068866 0.478815
vt 0.222130 0.033711
vt 0.219341 0.037110
vt 0.215530 0.041753
vt 0.023040 0.477779
vt 0.017063 0.478815
vt 0.515086 0.496529
vt 0.511687 0.493739
vt 0.507044 0.489929
vt 0.122627 0.469844
vt 0.122627 0.449944
vt 0.128604 0.449001
vt 0.128604 0.468665
vt 0.240687 0.052269
vt 0.237289 0.055058
vt 0.232646 0.058869
vt 0.082778 0.449944
vt 0.082778 0.469844
vt 0.076801 0.468665
vt 0.076801 0.449001
vt 0.529667 0.474707
vt 0.525789 0.472635
vt 0.520492 0.469803
vt 0.122627 0.426994
vt 0.128604 0.426324
vt 0.255268 0.074091
vt 0.251390 0.076163
vt 0.246093 0.078995
vt 0.082778 0.426994
vt 0.076801 0.426324
vt 0.539710 0.450461
vt 0.535503 0.449184
vt 0.529755 0.447441
vt 0.122627 0.401877
vt 0.128604 0.401505
vt 0.265311 0.098337
vt 0.261104 0.099614
vt 0.255356 0.101357
vt 0.082778 0.401877
vt 0.076801 0.401505
vt 0.544830 0.424720
vt 0.540454 0.424290
vt 0.534477 0.423701
vt 0.122627 0.375558
vt 0.128604 0.375499
vt 0.270431 0.124077
vt 0.266056 0.124508
vt 0.260078 0.125097
vt 0.082778 0.375558
vt 0.076801 0.375499
vt 0.544830 0.398476
vt 0.540454 0.398907
vt 0.534477 0.399496
vt 0.122627 0.349048
vt 0.128604 0.349304
vt 0.270431 0.150322
vt 0.266056 0.149891
vt 0.260078 0.149302
vt 0.082778 0.349048
vt 0.076801 0.349304
vt 0.539710 0.372736
vt 0.535503 0.374012
vt 0.529755 0.375756
vt 0.122627 0.323367
vt 0.128604 0.323928
vt 0.265311 0.176062
vt 0.261104 0.174785
vt 0.255356 0.173042
vt 0.082778 0.323367
vt 0.076801 0.323928
vt 0.529667 0.348489
vt 0.525789 0.350562
vt 0.520492 0.353393
vt 0.122627 0.299501
vt 0.128604 0.300345
vt 0.255268 0.200308
vt 0.251390 0.198236
vt 0.246093 0.195404
vt 0.082778 0.299501
vt 0.076801 0.300345
vt 0.515086 0.326668
vt 0.511687 0.329457
vt 0.507045 0.333268
vt 0.122627 0.278366
vt 0.128604 0.279462
vt 0.240687 0.222130
vt 0.237289 0.219341
vt 0.232646 0.215530
vt 0.082778 0.278366
vt 0.076801 0.279462
vt 0.496529 0.308110
vt 0.493739 0.311509
vt 0.489929 0.316152
vt 0.122627 0.668671
vt 0.122627 0.649670
vt 0.128604 0.648663
vt 0.128604 0.667439
vt 0.222130 0.240687
vt 0.219340 0.237289
vt 0.215530 0.232646
vt 0.082778 0.649670
vt 0.082778 0.668671
vt 0.076801 0.667439
vt 0.076801 0.648663
vt 0.474707 0.293530
vt 0.472635 0.297407
vt 0.469803 0.302704
vt 0.122627 0.627413
vt 0.128604 0.626671
vt 0.200308 0.255268
vt 0.198236 0.251390
vt 0.195404 0.246093
vt 0.082778 0.627413
vt 0.076801 0.626671
vt 0.450461 0.283486
vt 0.449184 0.287694
vt 0.447441 0.293442
vt 0.122627 0.602757
vt 0.128604 0.602308
vt 0.176062 0.265311
vt 0.174785 0.261104
vt 0.173042 0.255356
vt 0.082778 0.602757
vt 0.076801 0.602308
vt 0.424720 0.278366
vt 0.424290 0.282742
vt 0.423701 0.288719
vt 0.122627 0.576648
vt 0.128604 0.576509
vt 0.150322 0.270431
vt 0.149891 0.266056
vt 0.149302 0.260078
vt 0.082778 0.576648
vt 0.076801 0.576509
vt 0.398476 0.278366
vt 0.398907 0.282742
vt 0.399496 0.288719
vt 0.122627 0.550090
vt 0.128604 0.550266
vt 0.124077 0.270431
vt 0.124508 0.266056
vt 0.125097 0.260078
vt 0.082778 0.550090
vt 0.076801 0.550266
vt 0.372736 0.283486
vt 0.374012 0.287694
vt 0.375756 0.293442
vt 0.122627 0.524103
vt 0.128604 0.524588
vt 0.098337 0.265311
vt 0.099613 0.261104
vt 0.101357 0.255356
vt 0.082778 0.524103
vt 0.076801 0.524588
vt 0.348489 0.293530
vt 0.350562 0.297407
vt 0.353393 0.302704
vt 0.122627 0.499687
vt 0.128604 0.500462
vt 0.074090 0.255268
vt 0.076163 0.251390
vt 0.078994 0.246093
vt 0.082778 0.499687
vt 0.076801 0.500462
vt 0.326668 0.308110
vt 0.329457 0.311509
vt 0.333268 0.316152
vt 0.122627 0.477779
vt 0.128604 0.478815
vt 0.052269 0.240687
vt 0.055058 0.237289
vt 0.058869 0.232646
vt 0.082778 0.477779
vt 0.076801 0.478815
vt 0.308110 0.326668
vt 0.311509 0.329457
vt 0.316152 0.333267
vt 0.062889 0.469844
vt 0.062889 0.448710
vt 0.068866 0.447865
vt 0.068866 0.468748
vt 0.033711 0.222130
vt 0.037110 0.219340
vt 0.041753 0.215530
vt 0.023040 0.448710
vt 0.023040 0.469844
vt 0.017063 0.468748
vt 0.017063 0.447865
vt 0.293530 0.348489
vt 0.297407 0.350562
vt 0.302704 0.353393
vt 0.062889 0.424843
vt 0.068866 0.424282
vt 0.019131 0.200308
vt 0.023008 0.198236
vt 0.028306 0.195404
vt 0.023040 0.424843
vt 0.017063 0.424282
vt 0.283486 0.372736
vt 0.287694 0.374012
vt 0.293442 0.375756
vt 0.062889 0.399162
vt 0.068866 0.398906
vt 0.009088 0.176062
vt 0.013295 0.174785
vt 0.019043 0.173042
vt 0.023040 0.399162
vt 0.017063 0.398906
vt 0.278366 0.398476
vt 0.282742 0.398907
vt 0.288719 0.399496
vt 0.786035 0.178810
vt 0.775970 0.179143
vt 0.775970 0.157688
vt 0.786035 0.155587
vt 0.388813 0.198946
vt 0.388813 0.160162
vt 0.397738 0.159283
vt 0.405304 0.197322
vt 0.617641 0.160162
vt 0.617641 0.198946
vt 0.601149 0.197322
vt 0.608715 0.159283
vt 0.796099 0.179143
vt 0.796099 0.157688
vt 0.388813 0.224860
vt 0.410360 0.222738
vt 0.388813 0.114414
vt 0.617641 0.114414
vt 0.617641 0.224860
vt 0.596094 0.222738
vt 0.585292 0.192511
vt 0.600133 0.156680
vt 0.786035 0.133425
vt 0.796099 0.137213
vt 0.421162 0.192511
vt 0.431079 0.216453
vt 0.406320 0.156680
vt 0.575375 0.216453
vt 0.775970 0.137213
vt 0.414229 0.152452
vt 0.592224 0.152452
vt 0.556280 0.206247
vt 0.570677 0.184700
vt 0.434561 0.224860
vt 0.450173 0.206247
vt 0.455229 0.213813
vt 0.435776 0.184700
vt 0.571892 0.224860
vt 0.551224 0.213813
vt 0.539543 0.192511
vt 0.557867 0.174187
vt 0.466910 0.192511
vt 0.473345 0.198946
vt 0.421162 0.146763
vt 0.448586 0.174187
vt 0.585292 0.146763
vt 0.533109 0.198946
vt 0.547355 0.161377
vt 0.579602 0.139830
vt 0.518241 0.180830
vt 0.525808 0.175775
vt 0.459099 0.161377
vt 0.480646 0.175775
vt 0.426851 0.139830
vt 0.488212 0.180830
vt 0.507194 0.160162
vt 0.515601 0.156680
vt 0.466910 0.146763
vt 0.490852 0.156680
vt 0.431079 0.131921
vt 0.575375 0.131921
vt 0.539543 0.146763
vt 0.499259 0.160162
vt 0.572771 0.123339
vt 0.509316 0.135961
vt 0.534733 0.130905
vt 0.058801 0.789306
vt 0.048737 0.785111
vt 0.048737 0.765011
vt 0.058801 0.767550
vt 0.433682 0.123339
vt 0.471721 0.130905
vt 0.068866 0.785111
vt 0.068866 0.765011
vt 0.497137 0.135961
vt 0.048737 0.743728
vt 0.058801 0.744512
vt 0.434561 0.114414
vt 0.473345 0.114414
vt 0.533108 0.114414
vt 0.571892 0.114414
vt 0.068866 0.743728
vt 0.499259 0.114414
vt 0.507194 0.114414
vt 0.534733 0.097923
vt 0.572771 0.105489
vt 0.058801 0.721079
vt 0.068866 0.722078
vt 0.471721 0.097923
vt 0.497137 0.092867
vt 0.433682 0.105489
vt 0.509316 0.092867
vt 0.048737 0.722078
vt 0.466910 0.082065
vt 0.490852 0.072148
vt 0.431079 0.096907
vt 0.575375 0.096907
vt 0.515601 0.072148
vt 0.539543 0.082065
vt 0.048737 0.700894
vt 0.058801 0.698150
vt 0.068866 0.700894
vt 0.579602 0.088997
vt 0.525808 0.053053
vt 0.547355 0.067450
vt 0.048737 0.680990
vt 0.058801 0.676606
vt 0.426851 0.088997
vt 0.459099 0.067450
vt 0.068866 0.680990
vt 0.480646 0.053053
vt 0.421162 0.082065
vt 0.448586 0.054641
vt 0.557867 0.054641
vt 0.585292 0.082065
vt 0.518241 0.047998
vt 0.533108 0.029882
vt 0.539543 0.036316
vt 0.466910 0.036316
vt 0.488212 0.047998
vt 0.473345 0.029882
vt 0.570677 0.044128
vt 0.592224 0.076375
vt 0.551224 0.015015
vt 0.556280 0.022581
vt 0.435776 0.044128
vt 0.450173 0.022581
vt 0.414229 0.076375
vt 0.455229 0.015015
vt 0.406320 0.072148
vt 0.600133 0.072148
vt 0.575375 0.012375
vt 0.585292 0.036316
vt 0.431079 0.012375
vt 0.434561 0.003967
vt 0.421162 0.036316
vt 0.571892 0.003967
vt 0.596094 0.006090
vt 0.601149 0.031506
vt 0.532931 0.769874
vt 0.522866 0.766087
vt 0.522866 0.745612
vt 0.532931 0.747712
vt 0.397738 0.069545
vt 0.405304 0.031506
vt 0.608715 0.069545
vt 0.542996 0.766087
vt 0.542996 0.745612
vt 0.410360 0.006090
vt 0.617641 0.029882
vt 0.617641 0.068666
vt 0.532931 0.724490
vt 0.542996 0.724157
vt 0.388813 0.029882
vt 0.388813 0.003967
vt 0.388813 0.068666
vt 0.617641 0.003967
vt 0.522866 0.724157
vt 0.532931 0.701099
vt 0.542996 0.702546
vt 0.372321 0.031506
vt 0.367266 0.006090
vt 0.379888 0.069545
vt 0.626566 0.069545
vt 0.639188 0.006090
vt 0.634132 0.031506
vt 0.522866 0.702546
vt 0.635148 0.072148
vt 0.659907 0.012375
vt 0.649990 0.036316
vt 0.522866 0.681611
vt 0.532931 0.678439
vt 0.371306 0.072148
vt 0.356464 0.036316
vt 0.542996 0.681611
vt 0.346547 0.012375
vt 0.343064 0.003968
vt 0.327452 0.022581
vt 0.322396 0.015015
vt 0.363396 0.076375
vt 0.341849 0.044128
vt 0.664604 0.044128
vt 0.643057 0.076375
vt 0.663389 0.003968
vt 0.684057 0.015015
vt 0.679001 0.022581
vt 0.677414 0.054641
vt 0.649990 0.082065
vt 0.702173 0.029882
vt 0.695738 0.036317
vt 0.329040 0.054641
vt 0.310715 0.036317
vt 0.356464 0.082065
vt 0.304281 0.029882
vt 0.318527 0.067450
vt 0.296980 0.053053
vt 0.350774 0.088997
vt 0.655679 0.088997
vt 0.709473 0.053053
vt 0.687926 0.067450
vt 0.289414 0.047998
vt 0.717040 0.047998
vt 0.659907 0.096907
vt 0.719680 0.072148
vt 0.695738 0.082065
vt 0.286774 0.072148
vt 0.278366 0.068666
vt 0.346547 0.096907
vt 0.310715 0.082065
vt 0.728087 0.068666
vt 0.343943 0.105489
vt 0.305905 0.097923
vt 0.700548 0.097923
vt 0.662510 0.105489
vt 0.040802 0.785111
vt 0.030737 0.789306
vt 0.030737 0.767550
vt 0.040802 0.765011
vt 0.280489 0.092867
vt 0.725965 0.092867
vt 0.020672 0.785111
vt 0.020672 0.765011
vt 0.702173 0.114414
vt 0.663389 0.114414
vt 0.030737 0.744512
vt 0.040802 0.743728
vt 0.304281 0.114414
vt 0.278366 0.114414
vt 0.343064 0.114414
vt 0.728087 0.114414
vt 0.020672 0.743728
vt 0.343943 0.123339
vt 0.662510 0.123339
vt 0.725965 0.135961
vt 0.700548 0.130905
vt 0.020672 0.722078
vt 0.030737 0.721079
vt 0.305905 0.130905
vt 0.040802 0.722078
vt 0.280489 0.135961
vt 0.719680 0.156680
vt 0.695738 0.146763
vt 0.020672 0.700894
vt 0.030737 0.698150
vt 0.346547 0.131921
vt 0.310715 0.146763
vt 0.659907 0.131921
vt 0.040802 0.700894
vt 0.286774 0.156680
vt 0.687926 0.161377
vt 0.655679 0.139830
vt 0.030737 0.676606
vt 0.040802 0.680990
vt 0.318527 0.161377
vt 0.296980 0.175775
vt 0.350774 0.139830
vt 0.709473 0.175775
vt 0.020672 0.680990
vt 0.717040 0.180830
vt 0.702173 0.198946
vt 0.695738 0.192511
vt 0.329039 0.174187
vt 0.310715 0.192511
vt 0.356464 0.146763
vt 0.649990 0.146763
vt 0.677414 0.174187
vt 0.289414 0.180830
vt 0.304281 0.198946
vt 0.643057 0.152452
vt 0.679001 0.206247
vt 0.664604 0.184700
vt 0.327452 0.206247
vt 0.322396 0.213813
vt 0.363396 0.152452
vt 0.341849 0.184700
vt 0.684057 0.213813
vt 0.346547 0.216453
vt 0.343064 0.224860
vt 0.371306 0.156680
vt 0.356464 0.192511
vt 0.649990 0.192511
vt 0.635148 0.156680
vt 0.663389 0.224860
vt 0.659907 0.216453
vt 0.634132 0.197322
vt 0.626566 0.159283
vt 0.796099 0.221688
vt 0.786035 0.224860
vt 0.786035 0.202200
vt 0.796099 0.200753
vt 0.372321 0.197322
vt 0.367266 0.222738
vt 0.379888 0.159283
vt 0.639188 0.222738
vt 0.775970 0.221688
vt 0.775970 0.200753
vt 0.377122 0.264674
vt 0.377122 0.232795
vt 0.385889 0.232795
vt 0.385889 0.264674
vt 0.392307 0.232795
vt 0.392307 0.264674
vt 0.464014 0.264556
vt 0.464014 0.232795
vt 0.472781 0.232998
vt 0.472781 0.264758
vt 0.481548 0.232795
vt 0.481548 0.264556
vt 0.400242 0.264674
vt 0.400242 0.232795
vt 0.406660 0.232795
vt 0.406660 0.264674
vt 0.415426 0.232795
vt 0.415426 0.264674
vt 0.424193 0.232795
vt 0.424193 0.264674
vt 0.430611 0.232795
vt 0.430611 0.264674
vt 0.456079 0.232795
vt 0.456079 0.264556
vt 0.447312 0.264758
vt 0.447312 0.232998
vt 0.438546 0.264556
vt 0.438546 0.232795
vt 0.324687 0.237331
vt 0.332542 0.232795
vt 0.341613 0.232798
vt 0.349468 0.237339
vt 0.354003 0.245200
vt 0.354003 0.254276
vt 0.349468 0.262134
vt 0.341613 0.266669
vt 0.332542 0.266666
vt 0.324687 0.262125
vt 0.320152 0.254264
vt 0.320152 0.245189
vt 0.361938 0.264674
vt 0.361938 0.232795
vt 0.368356 0.232795
vt 0.368356 0.264674
vt 0.299827 0.232795
vt 0.307682 0.237330
vt 0.312217 0.245189
vt 0.312217 0.254264
vt 0.307682 0.262125
vt 0.299827 0.266666
vt 0.290757 0.266669
vt 0.282901 0.262134
vt 0.278366 0.254276
vt 0.278366 0.245200
vt 0.282901 0.237339
vt 0.290757 0.232798
s 0
usemtl M_Strap
f 1/1/1 9/2/1 10/3/1 2/4/1
f 2/4/2 10/3/2 11/5/2 3/6/2
f 3/7/3 11/8/3 12/9/3 4/10/3
f 4/10/4 12/9/4 13/11/4 5/12/4
f 5/12/5 13/11/5 14/13/5 6/14/5
f 6/14/6 14/13/6 15/15/6 7/16/6
f 7/17/7 15/18/7 16/19/7 8/20/7
f 8/20/8 16/19/8 9/2/8 1/1/8
f 9/2/9 17/21/9 18/22/9 10/3/9
f 10/3/10 18/22/10 19/23/10 11/5/10
f 11/8/11 19/24/11 20/25/11 12/9/11
f 12/9/12 20/25/12 21/26/12 13/11/12
f 13/11/13 21/26/13 22/27/13 14/13/13
f 14/13/14 22/27/14 23/28/14 15/15/14
f 15/18/15 23/29/15 24/30/15 16/19/15
f 16/19/16 24/30/16 17/21/16 9/2/16
f 17/21/17 25/31/17 26/32/17 18/22/17
f 18/22/18 26/32/18 27/33/18 19/23/18
f 19/24/19 27/34/19 28/35/19 20/25/19
f 20/25/20 28/35/20 29/36/20 21/26/20
f 21/26/21 29/36/21 30/37/21 22/27/21
f 22/27/22 30/37/22 31/38/22 23/28/22
f 23/29/23 31/39/23 32/40/23 24/30/23
f 24/30/24 32/40/24 25/31/24 17/21/24
f 25/31/25 33/41/25 34/42/25 26/32/25
f 26/32/26 34/42/26 35/43/26 27/33/26
f 27/34/27 35/44/27 36/45/27 28/35/27
f 28/35/28 36/45/28 37/46/28 29/36/28
f 29/36/29 37/46/29 38/47/29 30/37/29
f 30/37/30 38/47/30 39/48/30 31/38/30
f 31/39/31 39/49/31 40/50/31 32/40/31
f 32/40/32 40/50/32 33/41/32 25/31/32
f 33/41/33 41/51/33 42/52/33 34/42/33
f 34/42/34 42/52/34 43/53/34 35/43/34
f 35/54/35 43/55/35 44/56/35 36/57/35
f 36/45/36 44/58/36 45/59/36 37/46/36
f 37/46/37 45/59/37 46/60/37 38/47/37
f 38/47/38 46/60/38 47/61/38 39/48/38
f 39/62/39 47/63/39 48/64/39 40/65/39
f 40/50/40 48/66/40 41/51/40 33/41/40
f 41/67/41 49/68/41 50/69/41 42/70/41
f 42/71/42 50/72/42 51/73/42 43/55/42
f 43/55/43 51/73/43 52/74/43 44/56/43
f 44/75/44 52/76/44 53/77/44 45/78/44
f 45/78/45 53/77/45 54/79/45 46/80/45
f 46/80/46 54/79/46 55/81/46 47/82/46
f 47/63/47 55/83/47 56/84/47 48/64/47
f 48/85/48 56/86/48 49/68/48 41/67/48
f 49/68/49 57/87/49 58/88/49 50/69/49
f 50/69/50 58/88/50 59/89/50 51/90/50
f 51/73/51 59/91/51 60/92/51 52/74/51
f 52/76/52 60/93/52 61/94/52 53/77/52
f 53/77/53 61/94/53 62/95/53 54/79/53
f 54/79/54 62/95/54 63/96/54 55/81/54
f 55/83/55 63/97/55 64/98/55 56/84/55
f 56/86/56 64/99/56 57/87/56 49/68/56
f 57/87/57 65/100/57 66/101/57 58/88/57
f 58/88/58 66/101/58 67/102/58 59/89/58
f 59/91/59 67/103/59 68/104/59 60/92/59
f 60/93/60 68/105/60 69/106/60 61/94/60
f 61/94/61 69/106/61 70/107/61 62/95/61
f 62/95/62 70/107/62 71/108/62 63/96/62
f 63/109/63 71/110/63 72/111/63 64/99/63
f 64/99/64 72/111/64 65/100/64 57/87/64
f 65/100/65 73/112/65 74/113/65 66/101/65
f 66/101/66 74/113/66 75/114/66 67/102/66
f 67/115/67 75/116/67 76/117/67 68/105/67
f 68/105/68 76/117/68 77/118/68 69/106/68
f 69/106/69 77/118/69 78/119/69 70/107/69
f 70/107/70 78/119/70 79/120/70 71/108/70
f 71/110/71 79/121/71 80/122/71 72/111/71
f 72/111/72 80/122/72 73/112/72 65/100/72
f 73/112/73 81/123/73 82/124/73 74/113/73
f 74/113/74 82/124/74 83/125/74 75/114/74
f 75/116/75 83/126/75 84/127/75 76/117/75
f 76/117/76 84/127/76 85/128/76 77/118/76
f 77/118/77 85/128/77 86/129/77 78/119/77
f 78/119/78 86/129/78 87/130/78 79/120/78
f 79/121/79 87/131/79 88/132/79 80/122/79
f 80/122/80 88/132/80 81/123/80 73/112/80
f 81/123/81 89/133/81 90/134/81 82/124/81
f 82/124/82 90/134/82 91/135/82 83/125/82
f 83/126/83 91/136/83 92/137/83 84/127/83
f 84/127/84 92/137/84 93/138/84 85/128/84
f 85/128/85 93/138/85 94/139/85 86/129/85
f 86/129/86 94/139/86 95/140/86 87/130/86
f 87/131/87 95/141/87 96/142/87 88/132/87
f 88/132/88 96/142/88 89/133/88 81/123/88
f 89/133/89 97/143/89 98/144/89 90/134/89
f 90/134/90 98/144/90 99/145/90 91/135/90
f 91/136/91 99/146/91 100/147/91 92/137/91
f 92/137/92 100/147/92 101/148/92 93/138/92
f 93/138/93 101/148/93 102/149/93 94/139/93
f 94/139/94 102/149/94 103/150/94 95/140/94
f 95/141/95 103/151/95 104/152/95 96/142/95
f 96/142/96 104/152/96 97/143/96 89/133/96
f 97/143/97 105/153/97 106/154/97 98/144/97
f 98/144/98 106/154/98 107/155/98 99/145/98
f 99/156/99 107/157/99 108/158/99 100/159/99
f 100/147/100 108/160/100 109/161/100 101/148/100
f 101/148/101 109/161/101 110/162/101 102/149/101
f 102/149/102 110/162/102 111/163/102 103/150/102
f 103/151/103 111/164/103 112/165/103 104/152/103
f 104/152/104 112/165/104 105/153/104 97/143/104
f 105/153/105 113/166/105 114/167/105 106/154/105
f 106/154/106 114/167/106 115/168/106 107/155/106
f 107/157/107 115/169/107 116/170/107 108/158/107
f 108/160/108 116/171/108 117/172/108 109/161/108
f 109/161/109 117/172/109 118/173/109 110/162/109
f 110/162/110 118/173/110 119/174/110 111/163/110
f 111/175/111 119/176/111 120/177/111 112/178/111
f 112/165/112 120/179/112 113/166/112 105/153/112
f 113/166/113 121/180/113 122/181/113 114/167/113
f 114/182/114 122/183/114 123/184/114 115/169/114
f 115/169/115 123/184/115 124/185/115 116/170/115
f 116/171/116 124/186/116 125/187/116 117/172/116
f 117/172/117 125/187/117 126/188/117 118/173/117
f 118/173/118 126/188/118 127/189/118 119/174/118
f 119/176/119 127/190/119 128/191/119 120/177/119
f 120/179/120 128/192/120 121/180/120 113/166/120
f 121/193/121 129/194/121 130/195/121 122/196/121
f 122/196/122 130/195/122 131/197/122 123/198/122
f 123/184/123 131/199/123 132/200/123 124/185/123
f 124/201/124 132/202/124 133/203/124 125/204/124
f 125/204/125 133/203/125 134/205/125 126/206/125
f 126/206/126 134/205/126 135/207/126 127/208/126
f 127/190/127 135/209/127 136/210/127 128/191/127
f 128/211/128 136/212/128 129/194/128 121/193/128
f 129/194/129 137/213/129 138/214/129 130/195/129
f 130/195/130 138/214/130 139/215/130 131/197/130
f 131/216/131 139/217/131 140/218/131 132/202/131
f 132/202/132 140/218/132 141/219/132 133/203/132
f 133/203/133 141/219/133 142/220/133 134/205/133
f 134/205/134 142/220/134 143/221/134 135/207/134
f 135/222/135 143/223/135 144/224/135 136/212/135
f 136/212/136 144/224/136 137/213/136 129/194/136
f 137/213/137 145/225/137 146/226/137 138/214/137
f 138/214/138 146/226/138 147/227/138 139/215/138
f 139/217/139 147/228/139 148/229/139 140/218/139
f 140/218/140 148/229/140 149/230/140 141/219/140
f 141/219/141 149/230/141 150/231/141 142/220/141
f 142/220/142 150/231/142 151/232/142 143/221/142
f 143/223/143 151/233/143 152/234/143 144/224/143
f 144/224/144 152/234/144 145/225/144 137/213/144
f 145/225/145 153/235/145 154/236/145 146/226/145
f 146/226/146 154/236/146 155/237/146 147/227/146
f 147/228/147 155/238/147 156/239/147 148/229/147
f 148/229/148 156/239/148 157/240/148 149/230/148
f 149/230/149 157/240/149 158/241/149 150/231/149
f 150/231/150 158/241/150 159/242/150 151/232/150
f 151/233/151 159/243/151 160/244/151 152/234/151
f 152/234/152 160/244/152 153/235/152 145/225/152
f 153/235/153 161/245/153 162/246/153 154/236/153
f 154/236/154 162/246/154 163/247/154 155/237/154
f 155/238/155 163/248/155 164/249/155 156/239/155
f 156/239/156 164/249/156 165/250/156 157/240/156
f 157/240/157 165/250/157 166/251/157 158/241/157
f 158/241/158 166/251/158 167/252/158 159/242/158
f 159/243/159 167/253/159 168/254/159 160/244/159
f 160/244/160 168/254/160 161/245/160 153/235/160
f 161/245/4 169/255/4 170/256/4 162/246/4
f 162/246/3 170/256/3 171/257/3 163/247/3
f 163/248/2 171/258/2 172/259/2 164/249/2
f 164/249/1 172/259/1 173/260/1 165/250/1
f 165/250/8 173/260/8 174/261/8 166/251/8
f 166/251/7 174/261/7 175/262/7 167/252/7
f 167/253/6 175/263/6 176/264/6 168/254/6
f 168/254/5 176/264/5 169/255/5 161/245/5
f 169/255/12 177/265/12 178/266/12 170/256/12
f 170/256/11 178/266/11 179/267/11 171/257/11
f 171/258/10 179/268/10 180/269/10 172/259/10
f 172/259/9 180/269/9 181/270/9 173/260/9
f 173/260/16 181/270/16 182/271/16 174/261/16
f 174/261/15 182/271/15 183/272/15 175/262/15
f 175/263/14 183/273/14 184/274/14 176/264/14
f 176/264/13 184/274/13 177/265/13 169/255/13
f 177/265/20 185/275/20 186/276/20 178/266/20
f 178/266/19 186/276/19 187/277/19 179/267/19
f 179/268/18 187/278/18 188/279/18 180/269/18
f 180/269/17 188/279/17 189/280/17 181/270/17
f 181/270/24 189/280/24 190/281/24 182/271/24
f 182/271/23 190/281/23 191/282/23 183/272/23
f 183/273/22 191/283/22 192/284/22 184/274/22
f 184/274/21 192/284/21 185/275/21 177/265/21
f 185/275/28 193/285/28 194/286/28 186/276/28
f 186/276/27 194/286/27 195/287/27 187/277/27
f 187/278/26 195/288/26 196/289/26 188/279/26
f 188/279/25 196/289/25 197/290/25 189/280/25
f 189/280/32 197/290/32 198/291/32 190/281/32
f 190/281/31 198/291/31 199/292/31 191/282/31
f 191/283/30 199/293/30 200/294/30 192/284/30
f 192/284/29 200/294/29 193/285/29 185/275/29
f 193/285/36 201/295/36 202/296/36 194/286/36
f 194/297/35 202/298/35 203/299/35 195/300/35
f 195/288/34 203/301/34 204/302/34 196/289/34
f 196/289/33 204/302/33 205/303/33 197/290/33
f 197/290/40 205/303/40 206/304/40 198/291/40
f 198/305/39 206/306/39 207/307/39 199/308/39
f 199/293/38 207/309/38 208/310/38 200/294/38
f 200/294/37 208/310/37 201/295/37 193/285/37
f 201/311/44 209/312/44 210/313/44 202/314/44
f 202/298/43 210/315/43 211/316/43 203/299/43
f 203/299/42 211/316/42 212/317/42 204/318/42
f 204/319/41 212/320/41 213/321/41 205/322/41
f 205/322/48 213/321/48 214/323/48 206/324/48
f 206/306/47 214/325/47 215/326/47 207/307/47
f 207/327/46 215/328/46 216/329/46 208/330/46
f 208/330/45 216/329/45 209/312/45 201/311/45
f 209/312/52 217/331/52 218/332/52 210/313/52
f 210/315/51 218/333/51 219/334/51 211/316/51
f 211/335/50 219/336/50 220/337/50 212/320/50
f 212/320/49 220/337/49 221/338/49 213/321/49
f 213/321/56 221/338/56 222/339/56 214/323/56
f 214/325/55 222/340/55 223/341/55 215/326/55
f 215/328/54 223/342/54 224/343/54 216/329/54
f 216/329/53 224/343/53 217/331/53 209/312/53
f 217/331/60 225/344/60 226/345/60 218/332/60
f 218/333/59 226/346/59 227/347/59 219/334/59
f 219/336/58 227/348/58 228/349/58 220/337/58
f 220/337/57 228/349/57 229/350/57 221/338/57
f 221/338/64 229/350/64 230/351/64 222/339/64
f 222/339/63 230/351/63 231/352/63 223/353/63
f 223/342/62 231/354/62 232/355/62 224/343/62
f 224/343/61 232/355/61 225/344/61 217/331/61
f 225/344/68 233/356/68 234/357/68 226/345/68
f 226/345/67 234/357/67 235/358/67 227/359/67
f 227/348/66 235/360/66 236/361/66 228/349/66
f 228/349/65 236/361/65 237/362/65 229/350/65
f 229/350/72 237/362/72 238/363/72 230/351/72
f 230/351/71 238/363/71 239/364/71 231/352/71
f 231/354/70 239/365/70 240/366/70 232/355/70
f 232/355/69 240/366/69 233/356/69 225/344/69
f 233/356/76 241/367/76 242/368/76 234/357/76
f 234/357/75 242/368/75 243/369/75 235/358/75
f 235/360/74 243/370/74 244/371/74 236/361/74
f 236/361/73 244/371/73 245/372/73 237/362/73
f 237/362/80 245/372/80 246/373/80 238/363/80
f 238/363/79 246/373/79 247/374/79 239/364/79
f 239/365/78 247/375/78 248/376/78 240/366/78
f 240/366/77 248/376/77 241/367/77 233/356/77
f 241/367/84 249/377/84 250/378/84 242/368/84
f 242/368/83 250/378/83 251/379/83 243/369/83
f 243/370/82 251/380/82 252/381/82 244/371/82
f 244/371/81 252/381/81 253/382/81 245/372/81
f 245/372/88 253/382/88 254/383/88 246/373/88
f 246/373/87 254/383/87 255/384/87 247/374/87
f 247/375/86 255/385/86 256/386/86 248/376/86
f 248/376/85 256/386/85 249/377/85 241/367/85
f 249/377/92 257/387/92 258/388/92 250/378/92
f 250/378/91 258/388/91 259/389/91 251/379/91
f 251/380/90 259/390/90 260/391/90 252/381/90
f 252/381/89 260/391/89 261/392/89 253/382/89
f 253/382/96 261/392/96 262/393/96 254/383/96
f 254/383/95 262/393/95 263/394/95 255/384/95
f 255/385/94 263/395/94 264/396/94 256/386/94
f 256/386/93 264/396/93 257/387/93 249/377/93
f 257/387/100 265/397/100 266/398/100 258/388/100
f 258/399/99 266/400/99 267/401/99 259/402/99
f 259/390/98 267/403/98 268/404/98 260/391/98
f 260/391/97 268/404/97 269/405/97 261/392/97
f 261/392/104 269/405/104 270/406/104 262/393/104
f 262/393/103 270/406/103 271/407/103 263/394/103
f 263/395/102 271/408/102 272/409/102 264/396/102
f 264/396/101 272/409/101 265/397/101 257/387/101
f 265/397/108 273/410/108 274/411/108 266/398/108
f 266/400/107 274/412/107 275/413/107 267/401/107
f 267/403/106 275/414/106 276/415/106 268/404/106
f 268/404/105 276/415/105 277/416/105 269/405/105
f 269/405/112 277/416/112 278/417/112 270/406/112
f 270/418/111 278/419/111 279/420/111 271/421/111
f 271/408/110 279/422/110 280/423/110 272/409/110
f 272/409/109 280/423/109 273/410/109 265/397/109
f 273/410/116 281/424/116 282/425/116 274/411/116
f 274/412/115 282/426/115 283/427/115 275/413/115
f 275/413/114 283/427/114 284/428/114 276/429/114
f 276/415/113 284/430/113 285/431/113 277/416/113
f 277/416/120 285/431/120 286/432/120 278/417/120
f 278/419/119 286/433/119 287/434/119 279/420/119
f 279/422/118 287/435/118 288/436/118 280/423/118
f 280/423/117 288/436/117 281/424/117 273/410/117
f 281/437/124 289/438/124 290/439/124 282/440/124
f 282/426/123 290/441/123 291/442/123 283/427/123
f 283/443/122 291/444/122 292/445/122 284/446/122
f 284/446/121 292/445/121 293/447/121 285/448/121
f 285/448/128 293/447/128 294/449/128 286/450/128
f 286/433/127 294/451/127 295/452/127 287/434/127
f 287/453/126 295/454/126 296/455/126 288/456/126
f 288/456/125 296/455/125 289/438/125 281/437/125
f 289/438/132 297/457/132 298/458/132 290/439/132
f 290/439/131 298/458/131 299/459/131 291/460/131
f 291/444/130 299/461/130 300/462/130 292/445/130
f 292/445/129 300/462/129 301/463/129 293/447/129
f 293/447/136 301/463/136 302/464/136 294/449/136
f 294/449/135 302/464/135 303/465/135 295/466/135
f 295/454/134 303/467/134 304/468/134 296/455/134
f 296/455/133 304/468/133 297/457/133 289/438/133
f 297/457/140 305/469/140 306/470/140 298/458/140
f 298/458/139 306/470/139 307/471/139 299/459/139
f 299/461/138 307/472/138 308/473/138 300/462/138
f 300/462/137 308/473/137 309/474/137 301/463/137
f 301/463/144 309/474/144 310/475/144 302/464/144
f 302/464/143 310/475/143 311/476/143 303/465/143
f 303/467/142 311/477/142 312/478/142 304/468/142
f 304/468/141 312/478/141 305/469/141 297/457/141
f 305/469/148 313/479/148 314/480/148 306/470/148
f 306/470/147 314/480/147 315/481/147 307/471/147
f 307/472/146 315/482/146 316/483/146 308/473/146
f 308/473/145 316/483/145 317/484/145 309/474/145
f 309/474/152 317/484/152 318/485/152 310/475/152
f 310/475/151 318/485/151 319/486/151 311/476/151
f 311/477/150 319/487/150 320/488/150 312/478/150
f 312/478/149 320/488/149 313/479/149 305/469/149
f 313/479/156 1/1/156 2/4/156 314/480/156
f 314/480/155 2/4/155 3/6/155 315/481/155
f 315/482/154 3/7/154 4/10/154 316/483/154
f 316/483/153 4/10/153 5/12/153 317/484/153
f 317/484/160 5/12/160 6/14/160 318/485/160
f 318/485/159 6/14/159 7/16/159 319/486/159
f 319/487/158 7/17/158 8/20/158 320/488/158
f 320/488/157 8/20/157 1/1/157 313/479/157
usemtl M_Steel
f 322/489/161 330/490/161 332/491/161 324/492/161
f 324/493/162 332/494/162 331/495/162 323/496/162
f 323/496/163 331/495/163 329/497/163 321/498/163
f 334/499/164 326/500/164 328/501/164 336/502/164
f 336/503/165 328/504/165 327/505/165 335/506/165
f 335/506/166 327/505/166 325/507/166 333/508/166
f 330/490/167 338/509/167 340/510/167 332/491/167
f 332/494/168 340/511/168 339/512/168 331/495/168
f 331/495/169 339/512/169 337/513/169 329/497/169
f 342/514/170 334/499/170 336/502/170 344/515/170
f 344/516/171 336/503/171 335/506/171 343/517/171
f 343/517/172 335/506/172 333/508/172 341/518/172
f 338/509/173 346/519/173 348/520/173 340/510/173
f 340/511/174 348/521/174 347/522/174 339/512/174
f 339/512/175 347/522/175 345/523/175 337/513/175
f 350/524/176 342/514/176 344/515/176 352/525/176
f 352/526/177 344/516/177 343/517/177 351/527/177
f 351/527/178 343/517/178 341/518/178 349/528/178
f 346/519/179 354/529/179 356/530/179 348/520/179
f 348/521/180 356/531/180 355/532/180 347/522/180
f 347/522/181 355/532/181 353/533/181 345/523/181
f 358/534/182 350/524/182 352/525/182 360/535/182
f 360/536/183 352/526/183 351/527/183 359/537/183
f 359/537/184 351/527/184 349/528/184 357/538/184
f 354/539/185 362/540/185 364/541/185 356/542/185
f 356/531/186 364/543/186 363/544/186 355/532/186
f 355/532/187 363/544/187 361/545/187 353/533/187
f 366/546/188 358/547/188 360/548/188 368/549/188
f 368/550/189 360/536/189 359/537/189 367/551/189
f 367/551/190 359/537/190 357/538/190 365/552/190
f 362/540/191 370/553/191 372/554/191 364/541/191
f 364/543/192 372/555/192 371/556/192 363/544/192
f 363/544/193 371/556/193 369/557/193 361/545/193
f 374/558/194 366/546/194 368/549/194 376/559/194
f 376/560/195 368/550/195 367/551/195 375/561/195
f 375/561/196 367/551/196 365/552/196 373/562/196
f 370/553/197 378/563/197 380/564/197 372/554/197
f 372/555/198 380/565/198 379/566/198 371/556/198
f 371/556/199 379/566/199 377/567/199 369/557/199
f 382/568/200 374/558/200 376/559/200 384/569/200
f 384/570/201 376/560/201 375/561/201 383/571/201
f 383/571/202 375/561/202 373/562/202 381/572/202
f 378/563/203 386/573/203 388/574/203 380/564/203
f 380/565/204 388/575/204 387/576/204 379/566/204
f 379/566/205 387/576/205 385/577/205 377/567/205
f 390/578/206 382/568/206 384/569/206 392/579/206
f 392/580/207 384/570/207 383/571/207 391/581/207
f 391/581/208 383/571/208 381/572/208 389/582/208
f 386/573/209 394/583/209 396/584/209 388/574/209
f 388/575/210 396/585/210 395/586/210 387/576/210
f 387/576/211 395/586/211 393/587/211 385/577/211
f 398/588/212 390/578/212 392/579/212 400/589/212
f 400/590/213 392/580/213 391/581/213 399/591/213
f 399/591/214 391/581/214 389/582/214 397/592/214
f 394/583/215 402/593/215 404/594/215 396/584/215
f 396/585/216 404/595/216 403/596/216 395/586/216
f 395/586/217 403/596/217 401/597/217 393/587/217
f 406/598/218 398/588/218 400/589/218 408/599/218
f 408/600/219 400/590/219 399/591/219 407/601/219
f 407/601/220 399/591/220 397/592/220 405/602/220
f 402/593/221 410/603/221 412/604/221 404/594/221
f 404/595/222 412/605/222 411/606/222 403/596/222
f 403/596/223 411/606/223 409/607/223 401/597/223
f 414/608/224 406/598/224 408/599/224 416/609/224
f 416/610/225 408/600/225 407/601/225 415/611/225
f 415/611/226 407/601/226 405/602/226 413/612/226
f 410/603/227 418/613/227 420/614/227 412/604/227
f 412/605/228 420/615/228 419/616/228 411/606/228
f 411/606/229 419/616/229 417/617/229 409/607/229
f 422/618/230 414/608/230 416/609/230 424/619/230
f 424/620/231 416/610/231 415/611/231 423/621/231
f 423/621/232 415/611/232 413/612/232 421/622/232
f 418/623/233 426/624/233 428/625/233 420/626/233
f 420/615/234 428/627/234 427/628/234 419/616/234
f 419/616/235 427/628/235 425/629/235 417/617/235
f 430/630/236 422/631/236 424/632/236 432/633/236
f 432/634/237 424/620/237 423/621/237 431/635/237
f 431/635/238 423/621/238 421/622/238 429/636/238
f 426/624/239 434/637/239 436/638/239 428/625/239
f 428/627/240 436/639/240 435/640/240 427/628/240
f 427/628/241 435/640/241 433/641/241 425/629/241
f 438/642/242 430/630/242 432/633/242 440/643/242
f 440/644/243 432/634/243 431/635/243 439/645/243
f 439/645/244 431/635/244 429/636/244 437/646/244
f 434/637/245 442/647/245 444/648/245 436/638/245
f 436/639/246 444/649/246 443/650/246 435/640/246
f 435/640/247 443/650/247 441/651/247 433/641/247
f 446/652/248 438/642/248 440/643/248 448/653/248
f 448/654/249 440/644/249 439/645/249 447/655/249
f 447/655/250 439/645/250 437/646/250 445/656/250
f 442/647/251 450/657/251 452/658/251 444/648/251
f 444/649/252 452/659/252 451/660/252 443/650/252
f 443/650/253 451/660/253 449/661/253 441/651/253
f 454/662/254 446/652/254 448/653/254 456/663/254
f 456/664/255 448/654/255 447/655/255 455/665/255
f 455/665/256 447/655/256 445/656/256 453/666/256
f 450/657/257 458/667/257 460/668/257 452/658/257
f 452/659/258 460/669/258 459/670/258 451/660/258
f 451/660/259 459/670/259 457/671/259 449/661/259
f 462/672/260 454/662/260 456/663/260 464/673/260
f 464/674/261 456/664/261 455/665/261 463/675/261
f 463/675/262 455/665/262 453/666/262 461/676/262
f 458/667/263 466/677/263 468/678/263 460/668/263
f 460/669/264 468/679/264 467/680/264 459/670/264
f 459/670/265 467/680/265 465/681/265 457/671/265
f 470/682/266 462/672/266 464/673/266 472/683/266
f 472/684/267 464/674/267 463/675/267 471/685/267
f 471/685/268 463/675/268 461/676/268 469/686/268
f 466/677/269 474/687/269 476/688/269 468/678/269
f 468/679/270 476/689/270 475/690/270 467/680/270
f 467/680/271 475/690/271 473/691/271 465/681/271
f 478/692/272 470/682/272 472/683/272 480/693/272
f 480/694/273 472/684/273 471/685/273 479/695/273
f 479/695/274 471/685/274 469/686/274 477/696/274
f 474/687/275 482/697/275 484/698/275 476/688/275
f 476/689/276 484/699/276 483/700/276 475/690/276
f 475/690/277 483/700/277 481/701/277 473/691/277
f 486/702/278 478/692/278 480/693/278 488/703/278
f 488/704/279 480/694/279 479/695/279 487/705/279
f 487/705/280 479/695/280 477/696/280 485/706/280
f 482/707/281 490/708/281 492/709/281 484/710/281
f 484/699/282 492/711/282 491/712/282 483/700/282
f 483/700/283 491/712/283 489/713/283 481/701/283
f 494/714/284 486/715/284 488/716/284 496/717/284
f 496/718/285 488/704/285 487/705/285 495/719/285
f 495/719/286 487/705/286 485/706/286 493/720/286
f 490/708/287 498/721/287 500/722/287 492/709/287
f 492/711/288 500/723/288 499/724/288 491/712/288
f 491/712/289 499/724/289 497/725/289 489/713/289
f 502/726/290 494/714/290 496/717/290 504/727/290
f 504/728/291 496/718/291 495/719/291 503/729/291
f 503/729/292 495/719/292 493/720/292 501/730/292
f 498/721/293 506/731/293 508/732/293 500/722/293
f 500/723/294 508/733/294 507/734/294 499/724/294
f 499/724/295 507/734/295 505/735/295 497/725/295
f 510/736/296 502/726/296 504/727/296 512/737/296
f 512/738/297 504/728/297 503/729/297 511/739/297
f 511/739/298 503/729/298 501/730/298 509/740/298
f 506/731/299 514/741/299 516/742/299 508/732/299
f 508/733/300 516/743/300 515/744/300 507/734/300
f 507/734/301 515/744/301 513/745/301 505/735/301
f 518/746/302 510/736/302 512/737/302 520/747/302
f 520/748/303 512/738/303 511/739/303 519/749/303
f 519/749/304 511/739/304 509/740/304 517/750/304
f 514/741/305 522/751/305 524/752/305 516/742/305
f 516/743/306 524/753/306 523/754/306 515/744/306
f 515/744/307 523/754/307 521/755/307 513/745/307
f 526/756/308 518/746/308 520/747/308 528/757/308
f 528/758/309 520/748/309 519/749/309 527/759/309
f 527/759/310 519/749/310 517/750/310 525/760/310
f 522/751/311 530/761/311 532/762/311 524/752/311
f 524/753/312 532/763/312 531/764/312 523/754/312
f 523/754/313 531/764/313 529/765/313 521/755/313
f 534/766/314 526/756/314 528/757/314 536/767/314
f 536/768/315 528/758/315 527/759/315 535/769/315
f 535/769/316 527/759/316 525/760/316 533/770/316
f 530/761/317 538/771/317 540/772/317 532/762/317
f 532/763/318 540/773/318 539/774/318 531/764/318
f 531/764/319 539/774/319 537/775/319 529/765/319
f 542/776/320 534/766/320 536/767/320 544/777/320
f 544/778/321 536/768/321 535/769/321 543/779/321
f 543/779/322 535/769/322 533/770/322 541/780/322
f 538/771/323 546/781/323 548/782/323 540/772/323
f 540/773/324 548/783/324 547/784/324 539/774/324
f 539/774/325 547/784/325 545/785/325 537/775/325
f 550/786/326 542/776/326 544/777/326 552/787/326
f 552/788/327 544/778/327 543/779/327 551/789/327
f 551/789/328 543/779/328 541/780/328 549/790/328
f 546/791/329 554/792/329 556/793/329 548/794/329
f 548/783/330 556/795/330 555/796/330 547/784/330
f 547/784/331 555/796/331 553/797/331 545/785/331
f 558/798/332 550/799/332 552/800/332 560/801/332
f 560/802/333 552/788/333 551/789/333 559/803/333
f 559/803/334 551/789/334 549/790/334 557/804/334
f 554/792/335 562/805/335 564/806/335 556/793/335
f 556/795/336 564/807/336 563/808/336 555/796/336
f 555/796/337 563/808/337 561/809/337 553/797/337
f 566/810/338 558/798/338 560/801/338 568/811/338
f 568/812/339 560/802/339 559/803/339 567/813/339
f 567/813/340 559/803/340 557/804/340 565/814/340
f 562/805/341 570/815/341 572/816/341 564/806/341
f 564/807/342 572/817/342 571/818/342 563/808/342
f 563/808/343 571/818/343 569/819/343 561/809/343
f 574/820/344 566/810/344 568/811/344 576/821/344
f 576/822/345 568/812/345 567/813/345 575/823/345
f 575/823/346 567/813/346 565/814/346 573/824/346
f 570/815/347 322/489/347 324/492/347 572/816/347
f 572/817/348 324/493/348 323/496/348 571/818/348
f 571/818/349 323/496/349 321/498/349 569/819/349
f 326/500/350 574/820/350 576/821/350 328/501/350
f 328/504/351 576/822/351 575/823/351 327/505/351
f 327/505/352 575/823/352 573/824/352 325/507/352
f 321/498/353 329/497/353 337/513/353 345/523/353 353/533/353 361/545/353 369/557/353 377/567/353 385/577/353 393/587/353 401/597/353 409/607/353 417/617/353 425/629/353 433/641/353 441/651/353 449/661/353 457/671/353 465/681/353 473/691/353 481/701/353 489/713/353 497/725/353 505/735/353 513/745/353 521/755/353 529/765/353 537/775/353 545/785/353 553/797/353 561/809/353 569/819/353
f 322/489/354 326/500/354 334/499/354 330/490/354
f 570/815/355 574/820/355 326/500/355 322/489/355
f 333/508/356 325/507/356 573/824/356 565/814/356 557/804/356 549/790/356 541/780/356 533/770/356 525/760/356 517/750/356 509/740/356 501/730/356 493/720/356 485/706/356 477/696/356 469/686/356 461/676/356 453/666/356 445/656/356 437/646/356 429/636/356 421/622/356 413/612/356 405/602/356 397/592/356 389/582/356 381/572/356 373/562/356 365/552/356 357/538/356 349/528/356 341/518/356
f 330/490/357 334/499/357 342/514/357 338/509/357
f 338/509/358 342/514/358 350/524/358 346/519/358
f 346/519/359 350/524/359 358/534/359 354/529/359
f 354/539/360 358/547/360 366/546/360 362/540/360
f 362/540/361 366/546/361 374/558/361 370/553/361
f 370/553/362 374/558/362 382/568/362 378/563/362
f 378/563/363 382/568/363 390/578/363 386/573/363
f 386/573/364 390/578/364 398/588/364 394/583/364
f 394/583/365 398/588/365 406/598/365 402/593/365
f 402/593/366 406/598/366 414/608/366 410/603/366
f 410/603/367 414/608/367 422/618/367 418/613/367
f 418/623/368 422/631/368 430/630/368 426/624/368
f 426/624/369 430/630/369 438/642/369 434/637/369
f 434/637/370 438/642/370 446/652/370 442/647/370
f 442/647/371 446/652/371 454/662/371 450/657/371
f 450/657/372 454/662/372 462/672/372 458/667/372
f 458/667/373 462/672/373 470/682/373 466/677/373
f 466/677/374 470/682/374 478/692/374 474/687/374
f 474/687/375 478/692/375 486/702/375 482/697/375
f 482/707/376 486/715/376 494/714/376 490/708/376
f 490/708/377 494/714/377 502/726/377 498/721/377
f 498/721/378 502/726/378 510/736/378 506/731/378
f 506/731/379 510/736/379 518/746/379 514/741/379
f 514/741/380 518/746/380 526/756/380 522/751/380
f 522/751/381 526/756/381 534/766/381 530/761/381
f 530/761/382 534/766/382 542/776/382 538/771/382
f 538/771/383 542/776/383 550/786/383 546/781/383
f 546/791/384 550/799/384 558/798/384 554/792/384
f 554/792/385 558/798/385 566/810/385 562/805/385
f 562/805/386 566/810/386 574/820/386 570/815/386
f 803/1121/643 804/1122/643 806/1123/643 805/1124/643
f 805/1124/644 806/1123/644 808/1125/644 807/1126/644
f 807/1127/645 808/1128/645 810/1129/645 809/1130/645
f 809/1130/646 810/1129/646 812/1131/646 811/1132/646
f 811/1133/647 812/1134/647 814/1135/647 813/1136/647
f 813/1136/648 814/1135/648 816/1137/648 815/1138/648
f 815/1138/649 816/1137/649 818/1139/649 817/1140/649
f 817/1140/650 818/1139/650 820/1141/650 819/1142/650
f 819/1143/651 820/1144/651 822/1145/651 821/1146/651
f 821/1146/652 822/1145/652 824/1147/652 823/1148/652
f 806/1149/653 804/1150/653 826/1151/653 824/1152/653 822/1153/653 820/1154/653 818/1155/653 816/1156/653 814/1157/653 812/1158/653 810/1159/653 808/1160/653
f 823/1161/654 824/1162/654 826/1163/654 825/1164/654
f 825/1164/655 826/1163/655 804/1122/655 803/1121/655
f 803/1165/656 805/1166/656 807/1167/656 809/1168/656 811/1169/656 813/1170/656 815/1171/656 817/1172/656 819/1173/656 821/1174/656 823/1175/656 825/1176/656
usemtl M_Dial
f 800/825/387 799/826/387 582/827/387 583/828/387
f 798/829/388 797/830/388 580/831/388 581/832/388
f 802/833/389 801/834/389 585/835/389 586/836/389
f 578/837/390 800/825/390 583/828/390 584/838/390
f 799/839/391 798/829/391 581/832/391 582/840/391
f 797/830/392 577/841/392 580/831/392
f 579/842/393 802/833/393 586/836/393
f 801/834/394 578/843/394 584/844/394 585/835/394
f 586/836/395 585/835/395 592/845/395 593/846/395
f 584/838/396 583/828/396 590/847/396 591/848/396
f 582/840/397 581/832/397 588/849/397 589/850/397
f 580/831/398 577/841/398 587/851/398
f 579/842/399 586/836/399 593/846/399
f 585/835/400 584/844/400 591/852/400 592/845/400
f 583/828/401 582/827/401 589/853/401 590/847/401
f 581/832/402 580/831/402 587/851/402 588/849/402
f 587/851/403 577/841/403 594/854/403
f 579/842/404 593/846/404 600/855/404
f 592/845/405 591/852/405 598/856/405 599/857/405
f 590/858/406 589/850/406 596/859/406 597/860/406
f 588/849/407 587/851/407 594/854/407 595/861/407
f 593/846/408 592/845/408 599/857/408 600/855/408
f 591/852/409 590/862/409 597/863/409 598/856/409
f 589/850/410 588/849/410 595/861/410 596/859/410
f 599/857/411 598/856/411 605/864/411 606/865/411
f 597/860/412 596/859/412 603/866/412 604/867/412
f 595/861/413 594/854/413 601/868/413 602/869/413
f 600/855/414 599/857/414 606/865/414 607/870/414
f 598/856/415 597/863/415 604/871/415 605/864/415
f 596/859/416 595/861/416 602/869/416 603/866/416
f 594/854/417 577/841/417 601/868/417
f 579/842/418 600/855/418 607/870/418
f 607/870/419 606/865/419 613/872/419 614/873/419
f 605/864/420 604/871/420 611/874/420 612/875/420
f 603/866/421 602/869/421 609/876/421 610/877/421
f 601/868/422 577/841/422 608/878/422
f 579/842/423 607/870/423 614/873/423
f 606/865/424 605/864/424 612/875/424 613/872/424
f 604/867/425 603/866/425 610/877/425 611/879/425
f 602/869/426 601/868/426 608/878/426 609/876/426
f 612/875/427 611/874/427 618/880/427 619/881/427
f 610/877/428 609/876/428 616/882/428 617/883/428
f 608/878/429 577/841/429 615/884/429
f 579/842/430 614/873/430 621/885/430
f 613/872/431 612/875/431 619/881/431 620/886/431
f 611/879/432 610/877/432 617/883/432 618/887/432
f 609/876/433 608/878/433 615/884/433 616/882/433
f 614/873/434 613/872/434 620/886/434 621/885/434
f 579/842/435 621/885/435 628/888/435
f 620/886/436 619/881/436 626/889/436 627/890/436
f 618/891/437 617/892/437 624/893/437 625/894/437
f 616/882/438 615/884/438 622/895/438 623/896/438
f 621/885/439 620/886/439 627/890/439 628/888/439
f 619/897/440 618/891/440 625/894/440 626/898/440
f 617/883/441 616/882/441 623/896/441 624/899/441
f 615/884/442 577/841/442 622/895/442
f 625/894/443 624/893/443 631/900/443 632/901/443
f 623/896/444 622/895/444 629/902/444 630/903/444
f 628/888/445 627/890/445 634/904/445 635/905/445
f 626/898/446 625/894/446 632/901/446 633/906/446
f 624/899/447 623/896/447 630/903/447 631/907/447
f 622/895/448 577/841/448 629/902/448
f 579/842/449 628/888/449 635/905/449
f 627/890/450 626/889/450 633/908/450 634/904/450
f 635/905/451 634/904/451 641/909/451 642/910/451
f 633/906/452 632/901/452 639/911/452 640/912/452
f 631/907/453 630/903/453 637/913/453 638/914/453
f 629/902/454 577/841/454 636/915/454
f 579/842/455 635/905/455 642/910/455
f 634/904/456 633/908/456 640/916/456 641/909/456
f 632/901/457 631/900/457 638/917/457 639/911/457
f 630/903/458 629/902/458 636/915/458 637/913/458
f 638/914/459 637/913/459 644/918/459 645/919/459
f 636/915/460 577/841/460 643/920/460
f 579/842/461 642/910/461 649/921/461
f 641/909/462 640/916/462 647/922/462 648/923/462
f 639/911/463 638/917/463 645/924/463 646/925/463
f 637/913/464 636/915/464 643/920/464 644/918/464
f 642/910/465 641/909/465 648/923/465 649/921/465
f 640/912/466 639/911/466 646/925/466 647/926/466
f 579/842/467 649/921/467 656/927/467
f 648/923/468 647/922/468 654/928/468 655/929/468
f 646/925/469 645/924/469 652/930/469 653/931/469
f 644/918/470 643/920/470 650/932/470 651/933/470
f 649/921/471 648/923/471 655/929/471 656/927/471
f 647/926/472 646/925/472 653/931/472 654/934/472
f 645/919/473 644/918/473 651/933/473 652/935/473
f 643/920/474 577/841/474 650/932/474
f 651/933/475 650/932/475 657/936/475 658/937/475
f 656/927/476 655/929/476 662/938/476 663/939/476
f 654/928/477 653/940/477 660/941/477 661/942/477
f 652/935/478 651/933/478 658/937/478 659/943/478
f 650/932/479 577/841/479 657/936/479
f 579/842/480 656/927/480 663/939/480
f 655/929/481 654/928/481 661/942/481 662/938/481
f 653/944/482 652/935/482 659/943/482 660/945/482
f 663/939/483 662/938/483 669/946/483 670/947/483
f 661/942/484 660/941/484 667/948/484 668/949/484
f 659/943/485 658/937/485 665/950/485 666/951/485
f 657/936/486 577/841/486 664/952/486
f 579/842/487 663/939/487 670/947/487
f 662/938/488 661/942/488 668/949/488 669/946/488
f 660/945/489 659/943/489 666/951/489 667/953/489
f 658/937/490 657/936/490 664/952/490 665/950/490
f 664/952/491 577/841/491 671/954/491
f 579/842/492 670/947/492 677/955/492
f 669/946/493 668/949/493 675/956/493 676/957/493
f 667/953/494 666/951/494 673/958/494 674/959/494
f 665/950/495 664/952/495 671/954/495 672/960/495
f 670/947/496 669/946/496 676/957/496 677/955/496
f 668/949/497 667/948/497 674/961/497 675/956/497
f 666/951/498 665/950/498 672/960/498 673/958/498
f 676/957/499 675/956/499 682/962/499 683/963/499
f 674/964/500 673/965/500 680/966/500 681/967/500
f 672/960/501 671/954/501 678/968/501 679/969/501
f 677/955/502 676/957/502 683/963/502 684/970/502
f 675/971/503 674/964/503 681/967/503 682/972/503
f 673/958/504 672/960/504 679/969/504 680/973/504
f 671/954/505 577/841/505 678/968/505
f 579/842/506 677/955/506 684/970/506
f 684/970/507 683/963/507 690/974/507 691/975/507
f 682/972/508 681/967/508 688/976/508 689/977/508
f 680/973/509 679/969/509 686/978/509 687/979/509
f 678/968/510 577/841/510 685/980/510
f 579/842/511 684/970/511 691/975/511
f 683/963/512 682/962/512 689/981/512 690/974/512
f 681/967/513 680/966/513 687/982/513 688/976/513
f 679/969/514 678/968/514 685/980/514 686/978/514
f 689/977/515 688/976/515 695/983/515 696/984/515
f 687/979/516 686/978/516 693/985/516 694/986/516
f 685/980/517 577/841/517 692/987/517
f 579/842/518 691/975/518 698/988/518
f 690/974/519 689/981/519 696/989/519 697/990/519
f 688/976/520 687/982/520 694/991/520 695/983/520
f 686/978/521 685/980/521 692/987/521 693/985/521
f 691/975/522 690/974/522 697/990/522 698/988/522
f 579/842/523 698/988/523 705/992/523
f 697/990/524 696/989/524 703/993/524 704/994/524
f 695/983/525 694/991/525 701/995/525 702/996/525
f 693/985/526 692/987/526 699/997/526 700/998/526
f 698/988/527 697/990/527 704/994/527 705/992/527
f 696/984/528 695/983/528 702/996/528 703/999/528
f 694/986/529 693/985/529 700/998/529 701/1000/529
f 692/987/530 577/841/530 699/997/530
f 702/1001/531 701/1000/531 708/1002/531 709/1003/531
f 700/998/532 699/997/532 706/1004/532 707/1005/532
f 705/992/533 704/994/533 711/1006/533 712/1007/533
f 703/993/534 702/1008/534 709/1009/534 710/1010/534
f 701/1000/535 700/998/535 707/1005/535 708/1002/535
f 699/997/536 577/841/536 706/1004/536
f 579/842/537 705/992/537 712/1007/537
f 704/994/538 703/993/538 710/1010/538 711/1006/538
f 712/1007/539 711/1006/539 718/1011/539 719/1012/539
f 710/1010/540 709/1009/540 716/1013/540 717/1014/540
f 708/1002/541 707/1005/541 714/1015/541 715/1016/541
f 706/1004/542 577/841/542 713/1017/542
f 579/842/543 712/1007/543 719/1012/543
f 711/1006/544 710/1010/544 717/1014/544 718/1011/544
f 709/1003/545 708/1002/545 715/1016/545 716/1018/545
f 707/1005/546 706/1004/546 713/1017/546 714/1015/546
f 715/1016/547 714/1015/547 721/1019/547 722/1020/547
f 713/1017/548 577/841/548 720/1021/548
f 579/842/549 719/1012/549 726/1022/549
f 718/1011/550 717/1014/550 724/1023/550 725/1024/550
f 716/1018/551 715/1016/551 722/1020/551 723/1025/551
f 714/1015/552 713/1017/552 720/1021/552 721/1019/552
f 719/1012/553 718/1011/553 725/1024/553 726/1022/553
f 717/1014/554 716/1013/554 723/1026/554 724/1023/554
f 579/842/555 726/1022/555 733/1027/555
f 725/1024/556 724/1023/556 731/1028/556 732/1029/556
f 723/1025/557 722/1020/557 729/1030/557 730/1031/557
f 721/1019/558 720/1021/558 727/1032/558 728/1033/558
f 726/1022/559 725/1024/559 732/1029/559 733/1027/559
f 724/1023/560 723/1026/560 730/1034/560 731/1028/560
f 722/1020/561 721/1019/561 728/1033/561 729/1030/561
f 720/1021/562 577/841/562 727/1032/562
f 728/1033/563 727/1032/563 734/1035/563 735/1036/563
f 733/1027/564 732/1029/564 739/1037/564 740/1038/564
f 731/1039/565 730/1040/565 737/1041/565 738/1042/565
f 729/1030/566 728/1033/566 735/1036/566 736/1043/566
f 727/1032/567 577/841/567 734/1035/567
f 579/842/568 733/1027/568 740/1038/568
f 732/1029/569 731/1028/569 738/1044/569 739/1037/569
f 730/1040/570 729/1045/570 736/1046/570 737/1041/570
f 740/1038/571 739/1037/571 746/1047/571 747/1048/571
f 738/1042/572 737/1041/572 744/1049/572 745/1050/572
f 736/1043/573 735/1036/573 742/1051/573 743/1052/573
f 734/1035/574 577/841/574 741/1053/574
f 579/842/575 740/1038/575 747/1048/575
f 739/1037/576 738/1044/576 745/1054/576 746/1047/576
f 737/1041/577 736/1046/577 743/1055/577 744/1049/577
f 735/1036/578 734/1035/578 741/1053/578 742/1051/578
f 741/1053/579 577/841/579 748/1056/579
f 579/842/580 747/1048/580 754/1057/580
f 746/1047/581 745/1054/581 752/1058/581 753/1059/581
f 744/1049/582 743/1055/582 750/1060/582 751/1061/582
f 742/1051/583 741/1053/583 748/1056/583 749/1062/583
f 747/1048/584 746/1047/584 753/1059/584 754/1057/584
f 745/1050/585 744/1049/585 751/1061/585 752/1063/585
f 743/1052/586 742/1051/586 749/1062/586 750/1064/586
f 753/1059/587 752/1058/587 759/1065/587 760/1066/587
f 751/1061/588 750/1060/588 757/1067/588 758/1068/588
f 749/1062/589 748/1056/589 755/1069/589 756/1070/589
f 754/1057/590 753/1059/590 760/1066/590 761/1071/590
f 752/1063/591 751/1061/591 758/1068/591 759/1072/591
f 750/1064/592 749/1062/592 756/1070/592 757/1073/592
f 748/1056/593 577/841/593 755/1069/593
f 579/842/594 754/1057/594 761/1071/594
f 761/1071/595 760/1066/595 767/1074/595 768/1075/595
f 759/1072/596 758/1068/596 765/1076/596 766/1077/596
f 757/1073/597 756/1070/597 763/1078/597 764/1079/597
f 755/1069/598 577/841/598 762/1080/598
f 579/842/599 761/1071/599 768/1075/599
f 760/1066/600 759/1065/600 766/1081/600 767/1074/600
f 758/1068/601 757/1067/601 764/1082/601 765/1076/601
f 756/1070/602 755/1069/602 762/1080/602 763/1078/602
f 766/1081/603 765/1083/603 772/1084/603 773/1085/603
f 764/1079/604 763/1078/604 770/1086/604 771/1087/604
f 762/1080/605 577/841/605 769/1088/605
f 579/842/606 768/1075/606 775/1089/606
f 767/1074/607 766/1081/607 773/1085/607 774/1090/607
f 765/1091/608 764/1079/608 771/1087/608 772/1092/608
f 763/1078/609 762/1080/609 769/1088/609 770/1086/609
f 768/1075/610 767/1074/610 774/1090/610 775/1089/610
f 579/842/611 775/1089/611 782/1093/611
f 774/1090/612 773/1085/612 780/1094/612 781/1095/612
f 772/1092/613 771/1087/613 778/1096/613 779/1097/613
f 770/1086/614 769/1088/614 776/1098/614 777/1099/614
f 775/1089/615 774/1090/615 781/1095/615 782/1093/615
f 773/1085/616 772/1084/616 779/1100/616 780/1094/616
f 771/1087/617 770/1086/617 777/1099/617 778/1096/617
f 769/1088/618 577/841/618 776/1098/618
f 779/1097/619 778/1096/619 785/1101/619 786/1102/619
f 777/1099/620 776/1098/620 783/1103/620 784/1104/620
f 782/1093/621 781/1095/621 788/1105/621 789/1106/621
f 780/1094/622 779/1100/622 786/1107/622 787/1108/622
f 778/1096/623 777/1099/623 784/1104/623 785/1101/623
f 776/1098/624 577/841/624 783/1103/624
f 579/842/625 782/1093/625 789/1106/625
f 781/1095/626 780/1094/626 787/1108/626 788/1105/626
f 789/1106/627 788/1105/627 795/1109/627 796/1110/627
f 787/1111/628 786/1112/628 793/1113/628 794/1114/628
f 785/1101/629 784/1104/629 791/1115/629 792/1116/629
f 783/1103/630 577/841/630 790/1117/630
f 579/842/631 789/1106/631 796/1110/631
f 788/1105/632 787/1108/632 794/1118/632 795/1109/632
f 786/1112/633 785/1119/633 792/1120/633 793/1113/633
f 784/1104/634 783/1103/634 790/1117/634 791/1115/634
f 792/1116/635 791/1115/635 798/829/635 799/839/635
f 790/1117/636 577/841/636 797/830/636
f 579/842/637 796/1110/637 802/833/637
f 795/1109/638 794/1118/638 578/843/638 801/834/638
f 793/1113/639 792/1120/639 799/826/639 800/825/639
f 791/1115/640 790/1117/640 797/830/640 798/829/640
f 796/1110/641 795/1109/641 801/834/641 802/833/641
f 794/1114/642 793/1113/642 800/825/642 578/837/642
